ticker,end_period_ts,yes_bid_open,yes_bid_high,yes_bid_low,yes_bid_close,yes_ask_open,yes_ask_high,yes_ask_low,yes_ask_close,volume,open_interest
KXNHL-26-DET,1758769200,0.0000,0.0000,0.0000,0.0000,0.9900,0.9900,0.9900,0.9900,0.00,0.00
KXNHL-26-DET,1758772800,0.0000,0.0000,0.0000,0.0000,0.9900,1.0000,0.9900,0.9900,0.00,0.00
KXNHL-26-DET,1758776400,0.0000,0.0000,0.0000,0.0000,0.9900,1.0000,0.9900,0.9900,0.00,0.00
KXNHL-26-DET,1758780000,0.0000,0.0000,0.0000,0.0000,0.9900,1.0000,0.9900,0.9900,0.00,0.00
KXNHL-26-DET,1758783600,0.0000,0.0000,0.0000,0.0000,0.9900,1.0000,0.9900,0.9900,0.00,0.00
KXNHL-26-DET,1758787200,0.0000,0.0000,0.0000,0.0000,0.9900,1.0000,0.9900,1.0000,0.00,0.00
KXNHL-26-DET,1758801600,0.0000,0.0000,0.0000,0.0000,1.0000,1.0000,0.2000,0.2000,0.00,0.00
KXNHL-26-DET,1758805200,0.0000,0.0000,0.0000,0.0000,0.2000,0.2000,0.2000,0.2000,0.00,0.00
KXNHL-26-DET,1758808800,0.0000,0.0000,0.0000,0.0000,0.2000,0.2000,0.2000,0.2000,0.00,0.00
KXNHL-26-DET,1758812400,0.0000,0.0000,0.0000,0.0000,0.2000,0.2000,0.2000,0.2000,0.00,0.00
KXNHL-26-DET,1758816000,0.0000,0.0000,0.0000,0.0000,0.2000,0.2000,0.2000,0.2000,0.00,0.00
KXNHL-26-DET,1758819600,0.0000,0.0000,0.0000,0.0000,0.2000,0.2000,0.1900,0.1900,0.00,0.00
KXNHL-26-DET,1758823200,0.0000,0.0000,0.0000,0.0000,0.1900,0.1900,0.0100,0.0300,0.00,0.00
KXNHL-26-DET,1758826800,0.0000,0.0000,0.0000,0.0000,0.0300,0.0300,0.0300,0.0300,0.00,0.00
KXNHL-26-DET,1758830400,0.0000,0.0000,0.0000,0.0000,0.0300,0.0300,0.0300,0.0300,0.00,0.00
KXNHL-26-DET,1758837600,0.0000,0.0000,0.0000,0.0000,0.0300,0.0300,0.0300,0.0300,0.00,0.00
KXNHL-26-DET,1758841200,0.0000,0.0000,0.0000,0.0000,0.0300,0.0300,0.0300,0.0300,0.00,0.00
KXNHL-26-DET,1758844800,0.0000,0.0000,0.0000,0.0000,0.0300,0.0300,0.0300,0.0300,0.00,0.00
KXNHL-26-DET,1758848400,0.0000,0.0000,0.0000,0.0000,0.0300,0.0300,0.0300,0.0300,0.00,0.00
KXNHL-26-DET,1758852000,0.0000,0.0000,0.0000,0.0000,0.0300,0.0300,0.0300,0.0300,0.00,0.00
KXNHL-26-DET,1758855600,0.0000,0.0000,0.0000,0.0000,0.0300,0.0300,0.0300,0.0300,0.00,0.00
KXNHL-26-DET,1758859200,0.0000,0.0000,0.0000,0.0000,0.0300,0.0300,0.0300,0.0300,0.00,0.00
KXNHL-26-DET,1758862800,0.0000,0.0000,0.0000,0.0000,0.0300,0.0300,0.0300,0.0300,0.00,0.00
KXNHL-26-DET,1758866400,0.0000,0.0000,0.0000,0.0000,0.0300,0.0300,0.0300,0.0300,0.00,0.00
KXNHL-26-DET,1758870000,0.0000,0.0000,0.0000,0.0000,0.0300,0.0300,0.0300,0.0300,0.00,0.00
KXNHL-26-DET,1758873600,0.0000,0.0000,0.0000,0.0000,0.0300,0.0300,0.0300,0.0300,0.00,0.00
KXNHL-26-DET,1758877200,0.0000,0.0000,0.0000,0.0000,0.0300,0.0300,0.0300,0.0300,0.00,0.00
KXNHL-26-DET,1758880800,0.0000,0.0000,0.0000,0.0000,0.0300,0.0300,0.0300,0.0300,0.00,0.00
KXNHL-26-DET,1758888000,0.0000,0.0000,0.0000,0.0000,0.0300,0.0300,0.0300,0.0300,0.00,0.00
KXNHL-26-DET,1758891600,0.0000,0.0000,0.0000,0.0000,0.0300,0.0300,0.0300,0.0300,0.00,0.00
KXNHL-26-DET,1758895200,0.0000,0.0000,0.0000,0.0000,0.0300,0.0300,0.0300,0.0300,0.00,0.00
KXNHL-26-DET,1758898800,0.0000,0.0000,0.0000,0.0000,0.0300,0.0300,0.0300,0.0300,0.00,0.00
KXNHL-26-DET,1758902400,0.0000,0.0000,0.0000,0.0000,0.0300,0.0300,0.0300,0.0300,0.00,0.00
KXNHL-26-DET,1758906000,0.0000,0.0000,0.0000,0.0000,0.0300,0.0300,0.0300,0.0300,0.00,0.00
KXNHL-26-DET,1758909600,0.0000,0.0000,0.0000,0.0000,0.0300,0.0300,0.0300,0.0300,0.00,0.00
KXNHL-26-DET,1758913200,0.0000,0.0000,0.0000,0.0000,0.0300,0.0300,0.0300,0.0300,0.00,0.00
KXNHL-26-DET,1758916800,0.0000,0.0000,0.0000,0.0000,0.0300,0.0300,0.0300,0.0300,0.00,0.00
KXNHL-26-DET,1758920400,0.0000,0.0000,0.0000,0.0000,0.0300,0.0300,0.0300,0.0300,0.00,0.00
KXNHL-26-DET,1758924000,0.0000,0.0000,0.0000,0.0000,0.0300,0.0300,0.0300,0.0300,0.00,0.00
KXNHL-26-DET,1758927600,0.0000,0.0000,0.0000,0.0000,0.0300,0.0300,0.0300,0.0300,0.00,0.00
KXNHL-26-DET,1758931200,0.0000,0.0000,0.0000,0.0000,0.0300,0.0300,0.0300,0.0300,0.00,0.00
KXNHL-26-DET,1758934800,0.0000,0.0000,0.0000,0.0000,0.0300,0.0300,0.0300,0.0300,0.00,0.00
KXNHL-26-DET,1758938400,0.0000,0.0000,0.0000,0.0000,0.0300,0.0300,0.0300,0.0300,0.00,0.00
KXNHL-26-DET,1758942000,0.0000,0.0000,0.0000,0.0000,0.0300,0.0300,0.0300,0.0300,0.00,0.00
KXNHL-26-DET,1758945600,0.0000,0.0000,0.0000,0.0000,0.0300,0.0300,0.0300,0.0300,0.00,0.00
KXNHL-26-DET,1758949200,0.0000,0.0000,0.0000,0.0000,0.0300,0.0300,0.0300,0.0300,0.00,0.00
KXNHL-26-DET,1758952800,0.0000,0.0000,0.0000,0.0000,0.0300,0.0300,0.0300,0.0300,0.00,0.00
KXNHL-26-DET,1758956400,0.0000,0.0000,0.0000,0.0000,0.0300,0.0300,0.0300,0.0300,0.00,0.00
KXNHL-26-DET,1758960000,0.0000,0.0000,0.0000,0.0000,0.0300,0.0300,0.0300,0.0300,0.00,0.00
KXNHL-26-DET,1758963600,0.0000,0.0000,0.0000,0.0000,0.0300,0.0300,0.0300,0.0300,0.00,0.00
KXNHL-26-DET,1758967200,0.0000,0.0000,0.0000,0.0000,0.0300,0.0300,0.0300,0.0300,0.00,0.00
KXNHL-26-DET,1758970800,0.0000,0.0000,0.0000,0.0000,0.0300,0.0300,0.0300,0.0300,0.00,0.00
KXNHL-26-DET,1758974400,0.0000,0.0000,0.0000,0.0000,0.0300,0.0300,0.0300,0.0300,0.00,0.00
KXNHL-26-DET,1758978000,0.0000,0.0000,0.0000,0.0000,0.0300,0.0300,0.0300,0.0300,0.00,0.00
KXNHL-26-DET,1758981600,0.0000,0.0000,0.0000,0.0000,0.0300,0.0300,0.0300,0.0300,0.00,0.00
KXNHL-26-DET,1758985200,0.0000,0.0000,0.0000,0.0000,0.0300,0.0300,0.0300,0.0300,0.00,0.00
KXNHL-26-DET,1758988800,0.0000,0.0000,0.0000,0.0000,0.0300,0.0300,0.0300,0.0300,0.00,0.00
KXNHL-26-DET,1758992400,0.0000,0.0000,0.0000,0.0000,0.0300,0.0300,0.0300,0.0300,0.00,0.00
KXNHL-26-DET,1758996000,0.0000,0.0000,0.0000,0.0000,0.0300,0.0300,0.0300,0.0300,0.00,0.00
KXNHL-26-DET,1758999600,0.0000,0.0100,0.0000,0.0000,0.0300,0.0300,0.0300,0.0300,0.00,0.00
KXNHL-26-DET,1759003200,0.0000,0.0000,0.0000,0.0000,0.0300,0.0300,0.0300,0.0300,0.00,0.00
KXNHL-26-DET,1759006800,0.0000,0.0000,0.0000,0.0000,0.0300,0.0300,0.0300,0.0300,0.00,0.00
KXNHL-26-DET,1759010400,0.0000,0.0000,0.0000,0.0000,0.0300,0.0300,0.0300,0.0300,0.00,0.00
KXNHL-26-DET,1759014000,0.0000,0.0000,0.0000,0.0000,0.0300,0.0300,0.0300,0.0300,0.00,0.00
KXNHL-26-DET,1759017600,0.0000,0.0000,0.0000,0.0000,0.0300,0.0300,0.0300,0.0300,0.00,0.00
KXNHL-26-DET,1759021200,0.0000,0.0000,0.0000,0.0000,0.0300,0.0300,0.0300,0.0300,0.00,0.00
KXNHL-26-DET,1759024800,0.0000,0.0000,0.0000,0.0000,0.0300,0.0300,0.0300,0.0300,0.00,0.00
KXNHL-26-DET,1759028400,0.0000,0.0000,0.0000,0.0000,0.0300,0.0300,0.0300,0.0300,0.00,0.00
KXNHL-26-DET,1759032000,0.0000,0.0000,0.0000,0.0000,0.0300,0.0300,0.0300,0.0300,0.00,0.00
KXNHL-26-DET,1759035600,0.0000,0.0000,0.0000,0.0000,0.0300,0.0300,0.0300,0.0300,0.00,0.00
KXNHL-26-DET,1759039200,0.0000,0.0000,0.0000,0.0000,0.0300,0.0300,0.0300,0.0300,0.00,0.00
KXNHL-26-DET,1759042800,0.0000,0.0000,0.0000,0.0000,0.0300,0.0300,0.0300,0.0300,0.00,0.00
KXNHL-26-DET,1759046400,0.0000,0.0000,0.0000,0.0000,0.0300,0.0300,0.0300,0.0300,0.00,0.00
KXNHL-26-DET,1759050000,0.0000,0.0000,0.0000,0.0000,0.0300,0.0300,0.0300,0.0300,0.00,0.00
KXNHL-26-DET,1759053600,0.0000,0.0000,0.0000,0.0000,0.0300,0.0300,0.0300,0.0300,0.00,0.00
KXNHL-26-DET,1759057200,0.0000,0.0000,0.0000,0.0000,0.0300,0.0300,0.0300,0.0300,0.00,0.00
KXNHL-26-DET,1759060800,0.0000,0.0000,0.0000,0.0000,0.0300,0.0300,0.0300,0.0300,0.00,0.00
KXNHL-26-DET,1759064400,0.0000,0.0000,0.0000,0.0000,0.0300,0.0300,0.0300,0.0300,0.00,0.00
KXNHL-26-DET,1759068000,0.0000,0.0000,0.0000,0.0000,0.0300,0.0300,0.0300,0.0300,0.00,0.00
KXNHL-26-DET,1759071600,0.0000,0.0000,0.0000,0.0000,0.0300,0.0300,0.0300,0.0300,0.00,0.00
KXNHL-26-DET,1759075200,0.0000,0.0000,0.0000,0.0000,0.0300,0.0300,0.0300,0.0300,0.00,0.00
KXNHL-26-DET,1759078800,0.0000,0.0000,0.0000,0.0000,0.0300,0.0300,0.0300,0.0300,0.00,0.00
KXNHL-26-DET,1759082400,0.0000,0.0000,0.0000,0.0000,0.0300,0.0300,0.0300,0.0300,0.00,0.00
KXNHL-26-DET,1759086000,0.0000,0.0000,0.0000,0.0000,0.0300,0.0300,0.0300,0.0300,0.00,0.00
KXNHL-26-DET,1759089600,0.0000,0.0000,0.0000,0.0000,0.0300,0.0300,0.0300,0.0300,0.00,0.00
KXNHL-26-DET,1759093200,0.0000,0.0000,0.0000,0.0000,0.0300,0.0300,0.0300,0.0300,0.00,0.00
KXNHL-26-DET,1759096800,0.0000,0.0000,0.0000,0.0000,0.0300,0.0300,0.0300,0.0300,0.00,0.00
KXNHL-26-DET,1759100400,0.0000,0.0000,0.0000,0.0000,0.0300,0.0300,0.0300,0.0300,0.00,0.00
KXNHL-26-DET,1759104000,0.0000,0.0000,0.0000,0.0000,0.0300,0.0300,0.0300,0.0300,0.00,0.00
KXNHL-26-DET,1759107600,0.0000,0.0000,0.0000,0.0000,0.0300,0.1800,0.0300,0.0300,0.00,0.00
KXNHL-26-DET,1759111200,0.0000,0.0000,0.0000,0.0000,0.0300,0.0300,0.0300,0.0300,0.00,0.00
KXNHL-26-DET,1759118400,0.0000,0.0000,0.0000,0.0000,0.0300,0.0300,0.0300,0.0300,0.00,0.00
KXNHL-26-DET,1759122000,0.0000,0.0000,0.0000,0.0000,0.0300,0.0300,0.0300,0.0300,0.00,0.00
KXNHL-26-DET,1759125600,0.0000,0.0000,0.0000,0.0000,0.0300,0.0300,0.0300,0.0300,0.00,0.00
KXNHL-26-DET,1759129200,0.0000,0.0000,0.0000,0.0000,0.0300,0.0300,0.0300,0.0300,0.00,0.00
KXNHL-26-DET,1759132800,0.0000,0.0000,0.0000,0.0000,0.0300,0.0300,0.0300,0.0300,0.00,0.00
KXNHL-26-DET,1759136400,0.0000,0.0000,0.0000,0.0000,0.0300,0.0300,0.0300,0.0300,0.00,0.00
KXNHL-26-DET,1759140000,0.0000,0.0000,0.0000,0.0000,0.0300,0.0300,0.0300,0.0300,0.00,0.00
KXNHL-26-DET,1759143600,0.0000,0.0000,0.0000,0.0000,0.0300,0.0300,0.0300,0.0300,1248.00,1248.00
KXNHL-26-DET,1759147200,0.0000,0.0000,0.0000,0.0000,0.0300,0.0300,0.0200,0.0200,0.00,1248.00
KXNHL-26-DET,1759150800,0.0000,0.0000,0.0000,0.0000,0.0200,0.0200,0.0200,0.0200,0.00,1248.00
KXNHL-26-DET,1759154400,0.0000,0.0000,0.0000,0.0000,0.0200,0.0200,0.0200,0.0200,0.00,1248.00
KXNHL-26-DET,1759158000,0.0000,0.0000,0.0000,0.0000,0.0200,0.0200,0.0200,0.0200,0.00,1248.00
KXNHL-26-DET,1759161600,0.0000,0.0000,0.0000,0.0000,0.0200,0.0200,0.0200,0.0200,0.00,1248.00
KXNHL-26-DET,1759165200,0.0000,0.0000,0.0000,0.0000,0.0200,0.0200,0.0200,0.0200,0.00,1248.00
KXNHL-26-DET,1759168800,0.0000,0.0000,0.0000,0.0000,0.0200,0.0200,0.0200,0.0200,0.00,1248.00
KXNHL-26-DET,1759172400,0.0000,0.0000,0.0000,0.0000,0.0200,0.0200,0.0200,0.0200,0.00,1248.00
KXNHL-26-DET,1759176000,0.0000,0.0000,0.0000,0.0000,0.0200,0.0200,0.0200,0.0200,0.00,1248.00
KXNHL-26-DET,1759179600,0.0000,0.0000,0.0000,0.0000,0.0200,0.0200,0.0200,0.0200,0.00,1248.00
KXNHL-26-DET,1759183200,0.0000,0.0000,0.0000,0.0000,0.0200,0.0200,0.0200,0.0200,0.00,1248.00
KXNHL-26-DET,1759186800,0.0000,0.0000,0.0000,0.0000,0.0200,0.0200,0.0200,0.0200,0.00,1248.00
KXNHL-26-DET,1759190400,0.0000,0.0000,0.0000,0.0000,0.0200,0.0200,0.0200,0.0200,0.00,1248.00
KXNHL-26-DET,1759194000,0.0000,0.0000,0.0000,0.0000,0.0200,0.0200,0.0200,0.0200,0.00,1248.00
KXNHL-26-DET,1759197600,0.0000,0.0000,0.0000,0.0000,0.0200,0.0200,0.0200,0.0200,0.00,1248.00
KXNHL-26-DET,1759201200,0.0000,0.0000,0.0000,0.0000,0.0200,0.0200,0.0200,0.0200,0.00,1248.00
KXNHL-26-DET,1759204800,0.0000,0.0000,0.0000,0.0000,0.0200,0.0200,0.0200,0.0200,0.00,1248.00
KXNHL-26-DET,1759208400,0.0000,0.0000,0.0000,0.0000,0.0200,0.0200,0.0200,0.0200,0.00,1248.00
KXNHL-26-DET,1759212000,0.0000,0.0000,0.0000,0.0000,0.0200,0.0200,0.0200,0.0200,0.00,1248.00
KXNHL-26-DET,1759215600,0.0000,0.0000,0.0000,0.0000,0.0200,0.0200,0.0100,0.0100,0.00,1248.00
KXNHL-26-DET,1759219200,0.0000,0.0000,0.0000,0.0000,0.0100,0.0100,0.0100,0.0100,0.00,1248.00
KXNHL-26-DET,1759222800,0.0000,0.0000,0.0000,0.0000,0.0100,0.0100,0.0100,0.0100,0.00,1248.00
KXNHL-26-DET,1759226400,0.0000,0.0000,0.0000,0.0000,0.0100,0.0100,0.0100,0.0100,0.00,1248.00
KXNHL-26-DET,1759230000,0.0000,0.0000,0.0000,0.0000,0.0100,0.0100,0.0100,0.0100,0.00,1248.00
KXNHL-26-DET,1759233600,0.0000,0.0000,0.0000,0.0000,0.0100,0.0100,0.0100,0.0100,0.00,1248.00
KXNHL-26-DET,1759237200,0.0000,0.0000,0.0000,0.0000,0.0100,0.0100,0.0100,0.0100,0.00,1248.00
KXNHL-26-DET,1759240800,0.0000,0.0000,0.0000,0.0000,0.0100,0.0100,0.0100,0.0100,0.00,1248.00
KXNHL-26-DET,1759244400,0.0000,0.0000,0.0000,0.0000,0.0100,0.0100,0.0100,0.0100,0.00,1248.00
KXNHL-26-DET,1759248000,0.0000,0.0000,0.0000,0.0000,0.0100,0.0100,0.0100,0.0100,0.00,1248.00
KXNHL-26-DET,1759251600,0.0000,0.0000,0.0000,0.0000,0.0100,0.0100,0.0100,0.0100,0.00,1248.00
KXNHL-26-DET,1759255200,0.0000,0.0000,0.0000,0.0000,0.0100,0.0100,0.0100,0.0100,0.00,1248.00
KXNHL-26-DET,1759258800,0.0000,0.0000,0.0000,0.0000,0.0100,0.0100,0.0100,0.0100,150.00,1398.00
KXNHL-26-DET,1759262400,0.0000,0.0000,0.0000,0.0000,0.0100,0.0100,0.0100,0.0100,0.00,1398.00
KXNHL-26-DET,1759266000,0.0000,0.0000,0.0000,0.0000,0.0100,0.0100,0.0100,0.0100,0.00,1398.00
KXNHL-26-DET,1759269600,0.0000,0.0000,0.0000,0.0000,0.0100,0.0100,0.0100,0.0100,0.00,1398.00
KXNHL-26-DET,1759273200,0.0000,0.0000,0.0000,0.0000,0.0100,0.0100,0.0100,0.0100,0.00,1398.00
KXNHL-26-DET,1759276800,0.0000,0.0000,0.0000,0.0000,0.0100,0.0100,0.0100,0.0100,0.00,1398.00
KXNHL-26-DET,1759280400,0.0000,0.0000,0.0000,0.0000,0.0100,0.0100,0.0100,0.0100,0.00,1398.00
KXNHL-26-DET,1759284000,0.0000,0.0000,0.0000,0.0000,0.0100,0.0100,0.0100,0.0100,50.00,1448.00
KXNHL-26-DET,1759287600,0.0000,0.0000,0.0000,0.0000,0.0100,0.0100,0.0100,0.0100,0.00,1448.00
KXNHL-26-DET,1759291200,0.0000,0.0000,0.0000,0.0000,0.0100,0.0100,0.0100,0.0100,0.00,1448.00
KXNHL-26-DET,1759294800,0.0000,0.0000,0.0000,0.0000,0.0100,0.0100,0.0100,0.0100,0.00,1448.00
KXNHL-26-DET,1759298400,0.0000,0.0000,0.0000,0.0000,0.0100,0.0100,0.0100,0.0100,0.00,1448.00
KXNHL-26-DET,1759302000,0.0000,0.0000,0.0000,0.0000,0.0100,0.0100,0.0100,0.0100,0.00,1448.00
KXNHL-26-DET,1759305600,0.0000,0.0000,0.0000,0.0000,0.0100,0.0100,0.0100,0.0100,0.00,1448.00
KXNHL-26-DET,1759309200,0.0000,0.0000,0.0000,0.0000,0.0100,0.0100,0.0100,0.0100,0.00,1448.00
KXNHL-26-DET,1759312800,0.0000,0.0000,0.0000,0.0000,0.0100,0.0100,0.0100,0.0100,0.00,1448.00
KXNHL-26-DET,1759316400,0.0000,0.0000,0.0000,0.0000,0.0100,0.0100,0.0100,0.0100,0.00,1448.00
KXNHL-26-DET,1759320000,0.0000,0.0000,0.0000,0.0000,0.0100,0.0100,0.0100,0.0100,0.00,1448.00
KXNHL-26-DET,1759323600,0.0000,0.0000,0.0000,0.0000,0.0100,0.0100,0.0100,0.0100,5000.00,6448.00
KXNHL-26-DET,1759327200,0.0000,0.0000,0.0000,0.0000,0.0100,0.0100,0.0100,0.0100,0.00,6448.00
KXNHL-26-DET,1759330800,0.0000,0.0000,0.0000,0.0000,0.0100,0.0100,0.0100,0.0100,0.00,6448.00
KXNHL-26-DET,1759334400,0.0000,0.0000,0.0000,0.0000,0.0100,0.0100,0.0100,0.0100,0.00,6448.00
KXNHL-26-DET,1759338000,0.0000,0.0000,0.0000,0.0000,0.0100,0.0100,0.0100,0.0100,0.00,6448.00
KXNHL-26-DET,1759341600,0.0000,0.0000,0.0000,0.0000,0.0100,0.0100,0.0100,0.0100,0.00,6448.00
KXNHL-26-DET,1759345200,0.0000,0.0000,0.0000,0.0000,0.0100,0.0100,0.0100,0.0100,0.00,6448.00
KXNHL-26-DET,1759348800,0.0000,0.0000,0.0000,0.0000,0.0100,0.0100,0.0100,0.0100,0.00,6448.00
KXNHL-26-DET,1759352400,0.0000,0.0000,0.0000,0.0000,0.0100,0.0100,0.0100,0.0100,0.00,6448.00
KXNHL-26-DET,1759356000,0.0000,0.0000,0.0000,0.0000,0.0100,0.0100,0.0100,0.0100,0.00,6448.00
KXNHL-26-DET,1759359600,0.0000,0.0000,0.0000,0.0000,0.0100,0.0100,0.0100,0.0100,0.00,6448.00
KXNHL-26-DET,1759363200,0.0000,0.0000,0.0000,0.0000,0.0100,0.0100,0.0100,0.0100,93.00,6541.00
KXNHL-26-DET,1759366800,0.0000,0.0000,0.0000,0.0000,0.0100,0.0100,0.0100,0.0100,0.00,6541.00
KXNHL-26-DET,1759370400,0.0000,0.0000,0.0000,0.0000,0.0100,0.0100,0.0100,0.0100,0.00,6541.00
KXNHL-26-DET,1759374000,0.0000,0.0000,0.0000,0.0000,0.0100,0.0100,0.0100,0.0100,0.00,6541.00
KXNHL-26-DET,1759377600,0.0000,0.0000,0.0000,0.0000,0.0100,0.0100,0.0100,0.0100,0.00,6541.00
KXNHL-26-DET,1759381200,0.0000,0.0000,0.0000,0.0000,0.0100,0.0100,0.0100,0.0100,0.00,6541.00
KXNHL-26-DET,1759384800,0.0000,0.0000,0.0000,0.0000,0.0100,0.0100,0.0100,0.0100,0.00,6541.00
KXNHL-26-DET,1759388400,0.0000,0.0000,0.0000,0.0000,0.0100,0.0100,0.0100,0.0100,0.00,6541.00
KXNHL-26-DET,1759392000,0.0000,0.0000,0.0000,0.0000,0.0100,0.0100,0.0100,0.0100,0.00,6541.00
KXNHL-26-DET,1759399200,0.0000,0.0000,0.0000,0.0000,0.0100,0.0100,0.0100,0.0100,0.00,6541.00
KXNHL-26-DET,1759402800,0.0000,0.0000,0.0000,0.0000,0.0100,0.0100,0.0100,0.0100,0.00,6541.00
KXNHL-26-DET,1759406400,0.0000,0.0000,0.0000,0.0000,0.0100,0.0100,0.0100,0.0100,0.00,6541.00
KXNHL-26-DET,1759410000,0.0000,0.0000,0.0000,0.0000,0.0100,0.0100,0.0100,0.0100,0.00,6541.00
KXNHL-26-DET,1759413600,0.0000,0.0000,0.0000,0.0000,0.0100,0.0100,0.0100,0.0100,0.00,6541.00
KXNHL-26-DET,1759417200,0.0000,0.0000,0.0000,0.0000,0.0100,0.0100,0.0100,0.0100,0.00,6541.00
KXNHL-26-DET,1759420800,0.0000,0.0000,0.0000,0.0000,0.0100,0.0100,0.0100,0.0100,0.00,6541.00
KXNHL-26-DET,1759424400,0.0000,0.0000,0.0000,0.0000,0.0100,0.0100,0.0100,0.0100,0.00,6541.00
KXNHL-26-DET,1759428000,0.0000,0.0000,0.0000,0.0000,0.0100,0.0100,0.0100,0.0100,0.00,6541.00
KXNHL-26-DET,1759431600,0.0000,0.0000,0.0000,0.0000,0.0100,0.0100,0.0100,0.0100,50.00,6591.00
KXNHL-26-DET,1759435200,0.0000,0.0000,0.0000,0.0000,0.0100,0.0100,0.0100,0.0100,0.00,6591.00
KXNHL-26-DET,1759438800,0.0000,0.0000,0.0000,0.0000,0.0100,0.0100,0.0100,0.0100,0.00,6591.00
KXNHL-26-DET,1759442400,0.0000,0.0000,0.0000,0.0000,0.0100,0.0100,0.0100,0.0100,0.00,6591.00
KXNHL-26-DET,1759446000,0.0000,0.0000,0.0000,0.0000,0.0100,0.0100,0.0100,0.0100,0.00,6591.00
KXNHL-26-DET,1759449600,0.0000,0.0000,0.0000,0.0000,0.0100,0.0100,0.0100,0.0100,0.00,6591.00
KXNHL-26-DET,1759453200,0.0000,0.0000,0.0000,0.0000,0.0100,0.0100,0.0100,0.0100,0.00,6591.00
KXNHL-26-DET,1759456800,0.0000,0.0000,0.0000,0.0000,0.0100,0.0100,0.0100,0.0100,0.00,6591.00
KXNHL-26-DET,1759460400,0.0000,0.0000,0.0000,0.0000,0.0100,0.0100,0.0100,0.0100,0.00,6591.00
KXNHL-26-DET,1759464000,0.0000,0.0000,0.0000,0.0000,0.0100,0.0100,0.0100,0.0100,0.00,6591.00
KXNHL-26-DET,1759467600,0.0000,0.0000,0.0000,0.0000,0.0100,0.0100,0.0100,0.0100,0.00,6591.00
KXNHL-26-DET,1759471200,0.0000,0.0000,0.0000,0.0000,0.0100,0.0100,0.0100,0.0100,0.00,6591.00
KXNHL-26-DET,1759474800,0.0000,0.0000,0.0000,0.0000,0.0100,0.0100,0.0100,0.0100,0.00,6591.00
KXNHL-26-DET,1759478400,0.0000,0.0000,0.0000,0.0000,0.0100,0.0100,0.0100,0.0100,0.00,6591.00
KXNHL-26-DET,1759482000,0.0000,0.0000,0.0000,0.0000,0.0100,0.0100,0.0100,0.0100,0.00,6591.00
KXNHL-26-DET,1759485600,0.0000,0.0000,0.0000,0.0000,0.0100,0.0100,0.0100,0.0100,0.00,6591.00
KXNHL-26-DET,1759489200,0.0000,0.0000,0.0000,0.0000,0.0100,0.0100,0.0100,0.0100,0.00,6591.00
KXNHL-26-DET,1759492800,0.0000,0.0000,0.0000,0.0000,0.0100,0.0100,0.0100,0.0100,0.00,6591.00
KXNHL-26-DET,1759496400,0.0000,0.0000,0.0000,0.0000,0.0100,0.0100,0.0100,0.0100,100.00,6691.00
KXNHL-26-DET,1759500000,0.0000,0.0000,0.0000,0.0000,0.0100,0.0100,0.0100,0.0100,0.00,6691.00
KXNHL-26-DET,1759503600,0.0000,0.0000,0.0000,0.0000,0.0100,0.0100,0.0100,0.0100,0.00,6691.00
KXNHL-26-DET,1759507200,0.0000,0.0000,0.0000,0.0000,0.0100,0.0100,0.0100,0.0100,100.00,6791.00
KXNHL-26-DET,1759510800,0.0000,0.0000,0.0000,0.0000,0.0100,0.0100,0.0100,0.0100,0.00,6791.00
KXNHL-26-DET,1759514400,0.0000,0.0000,0.0000,0.0000,0.0100,0.0100,0.0100,0.0100,0.00,6791.00
KXNHL-26-DET,1759518000,0.0000,0.0000,0.0000,0.0000,0.0100,0.0100,0.0100,0.0100,0.00,6791.00
KXNHL-26-DET,1759521600,0.0000,0.0000,0.0000,0.0000,0.0100,0.0100,0.0100,0.0100,0.00,6791.00
KXNHL-26-DET,1759525200,0.0000,0.0000,0.0000,0.0000,0.0100,0.0100,0.0100,0.0100,0.00,6791.00
KXNHL-26-DET,1759528800,0.0000,0.0000,0.0000,0.0000,0.0100,0.0100,0.0100,0.0100,0.00,6791.00
KXNHL-26-DET,1759532400,0.0000,0.0000,0.0000,0.0000,0.0100,0.0100,0.0100,0.0100,1500.00,8291.00
KXNHL-26-DET,1759536000,0.0000,0.0000,0.0000,0.0000,0.0100,0.0100,0.0100,0.0100,0.00,8291.00
KXNHL-26-DET,1759539600,0.0000,0.0000,0.0000,0.0000,0.0100,0.0100,0.0100,0.0100,0.00,8291.00
KXNHL-26-DET,1759543200,0.0000,0.0000,0.0000,0.0000,0.0100,0.0100,0.0100,0.0100,0.00,8291.00
KXNHL-26-DET,1759546800,0.0000,0.0000,0.0000,0.0000,0.0100,0.0100,0.0100,0.0100,100.00,8391.00
KXNHL-26-DET,1759550400,0.0000,0.0000,0.0000,0.0000,0.0100,0.0100,0.0100,0.0100,0.00,8391.00
KXNHL-26-DET,1759554000,0.0000,0.0000,0.0000,0.0000,0.0100,0.0100,0.0100,0.0100,0.00,8391.00
KXNHL-26-DET,1759557600,0.0000,0.0000,0.0000,0.0000,0.0100,0.0100,0.0100,0.0100,0.00,8391.00
KXNHL-26-DET,1759561200,0.0000,0.0000,0.0000,0.0000,0.0100,0.0100,0.0100,0.0100,0.00,8391.00
KXNHL-26-DET,1759564800,0.0000,0.0000,0.0000,0.0000,0.0100,0.0100,0.0100,0.0100,0.00,8391.00
KXNHL-26-DET,1759568400,0.0000,0.0000,0.0000,0.0000,0.0100,0.0100,0.0100,0.0100,0.00,8391.00
KXNHL-26-DET,1759572000,0.0000,0.0000,0.0000,0.0000,0.0100,0.0100,0.0100,0.0100,0.00,8391.00
KXNHL-26-DET,1759575600,0.0000,0.0000,0.0000,0.0000,0.0100,0.0100,0.0100,0.0100,0.00,8391.00
KXNHL-26-DET,1759579200,0.0000,0.0000,0.0000,0.0000,0.0100,0.0100,0.0100,0.0100,0.00,8391.00
KXNHL-26-DET,1759582800,0.0000,0.0000,0.0000,0.0000,0.0100,0.0100,0.0100,0.0100,0.00,8391.00
KXNHL-26-DET,1759586400,0.0000,0.0000,0.0000,0.0000,0.0100,0.0100,0.0100,0.0100,0.00,8391.00
KXNHL-26-DET,1759590000,0.0000,0.0000,0.0000,0.0000,0.0100,0.0100,0.0100,0.0100,0.00,8391.00
KXNHL-26-DET,1759593600,0.0000,0.0000,0.0000,0.0000,0.0100,0.0100,0.0100,0.0100,0.00,8391.00
KXNHL-26-DET,1759597200,0.0000,0.0000,0.0000,0.0000,0.0100,0.0100,0.0100,0.0100,0.00,8391.00
KXNHL-26-DET,1759600800,0.0000,0.0000,0.0000,0.0000,0.0100,0.0100,0.0100,0.0100,0.00,8391.00
KXNHL-26-DET,1759604400,0.0000,0.0000,0.0000,0.0000,0.0100,0.0100,0.0100,0.0100,0.00,8391.00
KXNHL-26-DET,1759608000,0.0000,0.0000,0.0000,0.0000,0.0100,0.0100,0.0100,0.0100,0.00,8391.00
KXNHL-26-DET,1759611600,0.0000,0.0000,0.0000,0.0000,0.0100,0.0100,0.0100,0.0100,167.00,8558.00
KXNHL-26-DET,1759615200,0.0000,0.0000,0.0000,0.0000,0.0100,0.0100,0.0100,0.0100,0.00,8558.00
KXNHL-26-DET,1759618800,0.0000,0.0000,0.0000,0.0000,0.0100,0.0100,0.0100,0.0100,0.00,8558.00
KXNHL-26-DET,1759622400,0.0000,0.0000,0.0000,0.0000,0.0100,0.0100,0.0100,0.0100,0.00,8558.00
KXNHL-26-DET,1759626000,0.0000,0.0000,0.0000,0.0000,0.0100,0.0100,0.0100,0.0100,0.00,8558.00
KXNHL-26-DET,1759629600,0.0000,0.0000,0.0000,0.0000,0.0100,0.0100,0.0100,0.0100,0.00,8558.00
KXNHL-26-DET,1759633200,0.0000,0.0000,0.0000,0.0000,0.0100,0.0100,0.0100,0.0100,0.00,8558.00
KXNHL-26-DET,1759636800,0.0000,0.0000,0.0000,0.0000,0.0100,0.0100,0.0100,0.0100,0.00,8558.00
KXNHL-26-DET,1759640400,0.0000,0.0000,0.0000,0.0000,0.0100,0.0100,0.0100,0.0100,0.00,8558.00
KXNHL-26-DET,1759644000,0.0000,0.0000,0.0000,0.0000,0.0100,0.0100,0.0100,0.0100,0.00,8558.00
KXNHL-26-DET,1759647600,0.0000,0.0000,0.0000,0.0000,0.0100,0.0100,0.0100,0.0100,0.00,8558.00
KXNHL-26-DET,1759651200,0.0000,0.0000,0.0000,0.0000,0.0100,0.0100,0.0100,0.0100,0.00,8558.00
KXNHL-26-DET,1759654800,0.0000,0.0000,0.0000,0.0000,0.0100,0.0100,0.0100,0.0100,0.00,8558.00
KXNHL-26-DET,1759658400,0.0000,0.0000,0.0000,0.0000,0.0100,0.0100,0.0100,0.0100,0.00,8558.00
KXNHL-26-DET,1759662000,0.0000,0.0000,0.0000,0.0000,0.0100,0.0100,0.0100,0.0100,0.00,8558.00
KXNHL-26-DET,1759665600,0.0000,0.0000,0.0000,0.0000,0.0100,0.0100,0.0100,0.0100,0.00,8558.00
KXNHL-26-DET,1759669200,0.0000,0.0000,0.0000,0.0000,0.0100,0.0100,0.0100,0.0100,0.00,8558.00
KXNHL-26-DET,1759672800,0.0000,0.0000,0.0000,0.0000,0.0100,0.0100,0.0100,0.0100,0.00,8558.00
KXNHL-26-DET,1759676400,0.0000,0.0000,0.0000,0.0000,0.0100,0.0100,0.0100,0.0100,1000.00,9558.00
KXNHL-26-DET,1759680000,0.0000,0.0000,0.0000,0.0000,0.0100,0.0100,0.0100,0.0100,0.00,9558.00
KXNHL-26-DET,1759683600,0.0000,0.0000,0.0000,0.0000,0.0100,0.0100,0.0100,0.0100,0.00,9558.00
KXNHL-26-DET,1759687200,0.0000,0.0000,0.0000,0.0000,0.0100,0.0100,0.0100,0.0100,0.00,9558.00
KXNHL-26-DET,1759690800,0.0000,0.0000,0.0000,0.0000,0.0100,0.0100,0.0100,0.0100,0.00,9558.00
KXNHL-26-DET,1759694400,0.0000,0.0000,0.0000,0.0000,0.0100,0.0100,0.0100,0.0100,0.00,9558.00
KXNHL-26-DET,1759698000,0.0000,0.0000,0.0000,0.0000,0.0100,0.0100,0.0100,0.0100,0.00,9558.00
KXNHL-26-DET,1759701600,0.0000,0.0000,0.0000,0.0000,0.0100,0.0100,0.0100,0.0100,1.00,9559.00
KXNHL-26-DET,1759705200,0.0000,0.0000,0.0000,0.0000,0.0100,0.0100,0.0100,0.0100,0.00,9559.00
KXNHL-26-DET,1759708800,0.0000,0.0000,0.0000,0.0000,0.0100,0.0100,0.0100,0.0100,0.00,9559.00
KXNHL-26-DET,1759712400,0.0000,0.0000,0.0000,0.0000,0.0100,0.0100,0.0100,0.0100,34.00,9593.00
KXNHL-26-DET,1759716000,0.0000,0.0000,0.0000,0.0000,0.0100,0.0100,0.0100,0.0100,0.00,9593.00
KXNHL-26-DET,1759719600,0.0000,0.0000,0.0000,0.0000,0.0100,0.0100,0.0100,0.0100,0.00,9593.00
KXNHL-26-DET,1759723200,0.0000,0.0000,0.0000,0.0000,0.0100,0.0100,0.0100,0.0100,0.00,9593.00
KXNHL-26-DET,1759726800,0.0000,0.0000,0.0000,0.0000,0.0100,0.0100,0.0100,0.0100,0.00,9593.00
KXNHL-26-DET,1759730400,0.0000,0.0000,0.0000,0.0000,0.0100,0.0100,0.0100,0.0100,2.00,9595.00
KXNHL-26-DET,1759734000,0.0000,0.0000,0.0000,0.0000,0.0100,0.0100,0.0100,0.0100,0.00,9595.00
KXNHL-26-DET,1759737600,0.0000,0.0000,0.0000,0.0000,0.0100,0.0100,0.0100,0.0100,0.00,9595.00
KXNHL-26-DET,1759741200,0.0000,0.0000,0.0000,0.0000,0.0100,0.0100,0.0100,0.0100,0.00,9595.00
KXNHL-26-DET,1759744800,0.0000,0.0000,0.0000,0.0000,0.0100,0.0100,0.0100,0.0100,0.00,9595.00
KXNHL-26-DET,1759748400,0.0000,0.0000,0.0000,0.0000,0.0100,0.0100,0.0100,0.0100,2805.00,12400.00
KXNHL-26-DET,1759752000,0.0000,0.0000,0.0000,0.0000,0.0100,0.0100,0.0100,0.0100,0.00,12400.00
KXNHL-26-DET,1759755600,0.0000,0.0000,0.0000,0.0000,0.0100,0.0100,0.0100,0.0100,0.00,12400.00
KXNHL-26-DET,1759759200,0.0000,0.0000,0.0000,0.0000,0.0100,0.0100,0.0100,0.0100,0.00,12400.00
KXNHL-26-DET,1759762800,0.0000,0.0000,0.0000,0.0000,0.0100,0.0100,0.0100,0.0100,0.00,12400.00
KXNHL-26-DET,1759766400,0.0000,0.0000,0.0000,0.0000,0.0100,0.0100,0.0100,0.0100,0.00,12400.00
KXNHL-26-DET,1759770000,0.0000,0.0000,0.0000,0.0000,0.0100,0.0100,0.0100,0.0100,0.00,12400.00
KXNHL-26-DET,1759773600,0.0000,0.0000,0.0000,0.0000,0.0100,0.0100,0.0100,0.0100,0.00,12400.00
KXNHL-26-DET,1759777200,0.0000,0.0000,0.0000,0.0000,0.0100,0.0100,0.0100,0.0100,0.00,12400.00
KXNHL-26-DET,1759780800,0.0000,0.0000,0.0000,0.0000,0.0100,0.0100,0.0100,0.0100,7.00,12407.00
KXNHL-26-DET,1759784400,0.0000,0.0000,0.0000,0.0000,0.0100,0.0100,0.0100,0.0100,0.00,12407.00
KXNHL-26-DET,1759788000,0.0000,0.0000,0.0000,0.0000,0.0100,0.0100,0.0100,0.0100,0.00,12407.00
KXNHL-26-DET,1759791600,0.0000,0.0000,0.0000,0.0000,0.0100,0.0100,0.0100,0.0100,0.00,12407.00
KXNHL-26-DET,1759798800,0.0000,0.0000,0.0000,0.0000,0.0100,0.0100,0.0100,0.0100,0.00,12407.00
KXNHL-26-DET,1759802400,0.0000,0.0000,0.0000,0.0000,0.0100,0.0100,0.0100,0.0100,467.00,12874.00
KXNHL-26-DET,1759806000,0.0000,0.0000,0.0000,0.0000,0.0100,0.0100,0.0100,0.0100,0.00,12874.00
KXNHL-26-DET,1759809600,0.0000,0.0000,0.0000,0.0000,0.0100,0.0100,0.0100,0.0100,0.00,12874.00
KXNHL-26-DET,1759813200,0.0000,0.0000,0.0000,0.0000,0.0100,0.0100,0.0100,0.0100,0.00,12874.00
KXNHL-26-DET,1759816800,0.0000,0.0000,0.0000,0.0000,0.0100,0.0100,0.0100,0.0100,0.00,12874.00
KXNHL-26-DET,1759820400,0.0000,0.0000,0.0000,0.0000,0.0100,0.0100,0.0100,0.0100,0.00,12874.00
KXNHL-26-DET,1759824000,0.0000,0.0000,0.0000,0.0000,0.0100,0.0100,0.0100,0.0100,0.00,12874.00
KXNHL-26-DET,1759827600,0.0000,0.0000,0.0000,0.0000,0.0100,0.0100,0.0100,0.0100,0.00,12874.00
KXNHL-26-DET,1759831200,0.0000,0.0000,0.0000,0.0000,0.0100,0.0100,0.0100,0.0100,0.00,12874.00
KXNHL-26-DET,1759834800,0.0000,0.0000,0.0000,0.0000,0.0100,0.0100,0.0100,0.0100,0.00,12874.00
KXNHL-26-DET,1759838400,0.0000,0.0000,0.0000,0.0000,0.0100,0.0100,0.0100,0.0100,0.00,12874.00
KXNHL-26-DET,1759842000,0.0000,0.0000,0.0000,0.0000,0.0100,0.0100,0.0100,0.0100,0.00,12874.00
KXNHL-26-DET,1759845600,0.0000,0.0000,0.0000,0.0000,0.0100,0.0100,0.0100,0.0100,0.00,12874.00
KXNHL-26-DET,1759849200,0.0000,0.0000,0.0000,0.0000,0.0100,0.0100,0.0100,0.0100,0.00,12874.00
KXNHL-26-DET,1759852800,0.0000,0.0000,0.0000,0.0000,0.0100,0.0100,0.0100,0.0100,93.00,12967.00
KXNHL-26-DET,1759856400,0.0000,0.0000,0.0000,0.0000,0.0100,0.0100,0.0100,0.0100,0.00,12967.00
KXNHL-26-DET,1759860000,0.0000,0.0000,0.0000,0.0000,0.0100,0.0100,0.0100,0.0100,0.00,12967.00
KXNHL-26-DET,1759863600,0.0000,0.0000,0.0000,0.0000,0.0100,0.0100,0.0100,0.0100,0.00,12967.00
KXNHL-26-DET,1759867200,0.0000,0.0000,0.0000,0.0000,0.0100,0.0100,0.0100,0.0100,0.00,12967.00
KXNHL-26-DET,1759874400,0.0000,0.0000,0.0000,0.0000,0.0100,0.0100,0.0100,0.0100,0.00,12967.00
KXNHL-26-DET,1759878000,0.0000,0.0000,0.0000,0.0000,0.0100,0.0100,0.0100,0.0100,0.00,12967.00
KXNHL-26-DET,1759881600,0.0000,0.0000,0.0000,0.0000,0.0100,0.0100,0.0100,0.0100,1.00,12968.00
KXNHL-26-DET,1759885200,0.0000,0.0000,0.0000,0.0000,0.0100,0.0100,0.0100,0.0100,0.00,12968.00
KXNHL-26-DET,1759888800,0.0000,0.0000,0.0000,0.0000,0.0100,0.0100,0.0100,0.0100,0.00,12968.00
KXNHL-26-DET,1759892400,0.0000,0.0000,0.0000,0.0000,0.0100,0.0100,0.0100,0.0100,0.00,12968.00
KXNHL-26-DET,1759896000,0.0000,0.0000,0.0000,0.0000,0.0100,0.0100,0.0100,0.0100,0.00,12968.00
KXNHL-26-DET,1759899600,0.0000,0.0000,0.0000,0.0000,0.0100,0.0100,0.0100,0.0100,0.00,12968.00
KXNHL-26-DET,1759903200,0.0000,0.0000,0.0000,0.0000,0.0100,0.0100,0.0100,0.0100,0.00,12968.00
KXNHL-26-DET,1759906800,0.0000,0.0000,0.0000,0.0000,0.0100,0.0100,0.0100,0.0100,0.00,12968.00
KXNHL-26-DET,1759910400,0.0000,0.0000,0.0000,0.0000,0.0100,0.0100,0.0100,0.0100,0.00,12968.00
KXNHL-26-DET,1759914000,0.0000,0.0000,0.0000,0.0000,0.0100,0.0100,0.0100,0.0100,0.00,12968.00
KXNHL-26-DET,1759917600,0.0000,0.0000,0.0000,0.0000,0.0100,0.0100,0.0100,0.0100,0.00,12968.00
KXNHL-26-DET,1759921200,0.0000,0.0000,0.0000,0.0000,0.0100,0.0100,0.0100,0.0100,0.00,12968.00
KXNHL-26-DET,1759924800,0.0000,0.0000,0.0000,0.0000,0.0100,0.0100,0.0100,0.0100,0.00,12968.00
KXNHL-26-DET,1759928400,0.0000,0.0000,0.0000,0.0000,0.0100,0.0100,0.0100,0.0100,0.00,12968.00
KXNHL-26-DET,1759932000,0.0000,0.0000,0.0000,0.0000,0.0100,0.0100,0.0100,0.0100,0.00,12968.00
KXNHL-26-DET,1759935600,0.0000,0.0000,0.0000,0.0000,0.0100,0.0100,0.0100,0.0100,0.00,12968.00
KXNHL-26-DET,1759939200,0.0000,0.0000,0.0000,0.0000,0.0100,0.0100,0.0100,0.0100,0.00,12968.00
KXNHL-26-DET,1759946400,0.0000,0.0000,0.0000,0.0000,0.0100,0.0100,0.0100,0.0100,0.00,12968.00
KXNHL-26-DET,1759950000,0.0000,0.0000,0.0000,0.0000,0.0100,0.0100,0.0100,0.0100,0.00,12968.00
KXNHL-26-DET,1759953600,0.0000,0.0000,0.0000,0.0000,0.0100,0.0100,0.0100,0.0100,0.00,12968.00
KXNHL-26-DET,1759957200,0.0000,0.0000,0.0000,0.0000,0.0100,0.0100,0.0100,0.0100,0.00,12968.00
KXNHL-26-DET,1759960800,0.0000,0.0000,0.0000,0.0000,0.0100,0.0100,0.0100,0.0100,0.00,12968.00
KXNHL-26-DET,1759964400,0.0000,0.0000,0.0000,0.0000,0.0100,0.0100,0.0100,0.0100,0.00,12968.00
KXNHL-26-DET,1759968000,0.0000,0.0000,0.0000,0.0000,0.0100,0.0100,0.0100,0.0100,0.00,12968.00
KXNHL-26-DET,1759971600,0.0000,0.0000,0.0000,0.0000,0.0100,0.0100,0.0100,0.0100,0.00,12968.00
KXNHL-26-DET,1759975200,0.0000,0.0000,0.0000,0.0000,0.0100,0.0100,0.0100,0.0100,0.00,12968.00
KXNHL-26-DET,1759978800,0.0000,0.0000,0.0000,0.0000,0.0100,0.0100,0.0100,0.0100,75.00,13043.00
KXNHL-26-DET,1759982400,0.0000,0.0000,0.0000,0.0000,0.0100,0.0100,0.0100,0.0100,0.00,13043.00
KXNHL-26-DET,1759986000,0.0000,0.0000,0.0000,0.0000,0.0100,0.0100,0.0100,0.0100,0.00,13043.00
KXNHL-26-DET,1759989600,0.0000,0.0000,0.0000,0.0000,0.0100,0.0100,0.0100,0.0100,0.00,13043.00
KXNHL-26-DET,1759993200,0.0000,0.0000,0.0000,0.0000,0.0100,0.0100,0.0100,0.0100,0.00,13043.00
KXNHL-26-DET,1759996800,0.0000,0.0000,0.0000,0.0000,0.0100,0.0100,0.0100,0.0100,0.00,13043.00
KXNHL-26-DET,1760004000,0.0000,0.0000,0.0000,0.0000,0.0100,0.0100,0.0100,0.0100,0.00,13043.00
KXNHL-26-DET,1760007600,0.0000,0.0000,0.0000,0.0000,0.0100,0.0100,0.0100,0.0100,0.00,13043.00
KXNHL-26-DET,1760011200,0.0000,0.0000,0.0000,0.0000,0.0100,0.0100,0.0100,0.0100,0.00,13043.00
KXNHL-26-DET,1760014800,0.0000,0.0000,0.0000,0.0000,0.0100,0.0100,0.0100,0.0100,0.00,13043.00
KXNHL-26-DET,1760018400,0.0000,0.0000,0.0000,0.0000,0.0100,0.0100,0.0100,0.0100,0.00,13043.00
KXNHL-26-DET,1760022000,0.0000,0.0000,0.0000,0.0000,0.0100,0.0100,0.0100,0.0100,0.00,13043.00
KXNHL-26-DET,1760025600,0.0000,0.0000,0.0000,0.0000,0.0100,0.0100,0.0100,0.0100,0.00,13043.00
KXNHL-26-DET,1760029200,0.0000,0.0000,0.0000,0.0000,0.0100,0.0100,0.0100,0.0100,0.00,13043.00
KXNHL-26-DET,1760032800,0.0000,0.0000,0.0000,0.0000,0.0100,0.0100,0.0100,0.0100,0.00,13043.00
KXNHL-26-DET,1760036400,0.0000,0.0000,0.0000,0.0000,0.0100,0.0100,0.0100,0.0100,0.00,13043.00
KXNHL-26-DET,1760040000,0.0000,0.0000,0.0000,0.0000,0.0100,0.0100,0.0100,0.0100,0.00,13043.00
KXNHL-26-DET,1760043600,0.0000,0.0000,0.0000,0.0000,0.0100,0.0100,0.0100,0.0100,0.00,13043.00
KXNHL-26-DET,1760047200,0.0000,0.0000,0.0000,0.0000,0.0100,0.0100,0.0100,0.0100,200.00,13243.00
KXNHL-26-DET,1760050800,0.0000,0.0000,0.0000,0.0000,0.0100,0.0100,0.0100,0.0100,0.00,13243.00
KXNHL-26-DET,1760054400,0.0000,0.0000,0.0000,0.0000,0.0100,0.0100,0.0100,0.0100,0.00,13243.00
KXNHL-26-DET,1760058000,0.0000,0.0000,0.0000,0.0000,0.0100,0.0100,0.0100,0.0100,0.00,13243.00
KXNHL-26-DET,1760061600,0.0000,0.0000,0.0000,0.0000,0.0100,0.0100,0.0100,0.0100,0.00,13243.00
KXNHL-26-DET,1760065200,0.0000,0.0000,0.0000,0.0000,0.0100,0.0100,0.0100,0.0100,0.00,13243.00
KXNHL-26-DET,1760068800,0.0000,0.0000,0.0000,0.0000,0.0100,0.0100,0.0100,0.0100,0.00,13243.00
KXNHL-26-DET,1760072400,0.0000,0.0000,0.0000,0.0000,0.0100,0.0100,0.0100,0.0100,0.00,13243.00
KXNHL-26-DET,1760076000,0.0000,0.0000,0.0000,0.0000,0.0100,0.0100,0.0100,0.0100,0.00,13243.00
KXNHL-26-DET,1760079600,0.0000,0.0000,0.0000,0.0000,0.0100,0.0100,0.0100,0.0100,0.00,13243.00
KXNHL-26-DET,1760083200,0.0000,0.0000,0.0000,0.0000,0.0100,0.0100,0.0100,0.0100,0.00,13243.00
KXNHL-26-DET,1760086800,0.0000,0.0000,0.0000,0.0000,0.0100,0.0100,0.0100,0.0100,0.00,13243.00
KXNHL-26-DET,1760090400,0.0000,0.0000,0.0000,0.0000,0.0100,0.0100,0.0100,0.0100,0.00,13243.00
KXNHL-26-DET,1760094000,0.0000,0.0000,0.0000,0.0000,0.0100,0.0100,0.0100,0.0100,0.00,13243.00
KXNHL-26-DET,1760097600,0.0000,0.0000,0.0000,0.0000,0.0100,0.0100,0.0100,0.0100,0.00,13243.00
KXNHL-26-DET,1760101200,0.0000,0.0000,0.0000,0.0000,0.0100,0.0100,0.0100,0.0100,0.00,13243.00
KXNHL-26-DET,1760104800,0.0000,0.0000,0.0000,0.0000,0.0100,0.0100,0.0100,0.0100,0.00,13243.00
KXNHL-26-DET,1760108400,0.0000,0.0000,0.0000,0.0000,0.0100,0.0100,0.0100,0.0100,0.00,13243.00
KXNHL-26-DET,1760112000,0.0000,0.0000,0.0000,0.0000,0.0100,0.0100,0.0100,0.0100,0.00,13243.00
KXNHL-26-DET,1760115600,0.0000,0.0000,0.0000,0.0000,0.0100,0.0100,0.0100,0.0100,0.00,13243.00
KXNHL-26-DET,1760119200,0.0000,0.0000,0.0000,0.0000,0.0100,0.0100,0.0100,0.0100,1000.00,14243.00
KXNHL-26-DET,1760122800,0.0000,0.0000,0.0000,0.0000,0.0100,0.0100,0.0100,0.0100,0.00,14243.00
KXNHL-26-DET,1760126400,0.0000,0.0000,0.0000,0.0000,0.0100,0.0100,0.0100,0.0100,0.00,14243.00
KXNHL-26-DET,1760130000,0.0000,0.0000,0.0000,0.0000,0.0100,0.0100,0.0100,0.0100,0.00,14243.00
KXNHL-26-DET,1760133600,0.0000,0.0000,0.0000,0.0000,0.0100,0.0100,0.0100,0.0100,0.00,14243.00
KXNHL-26-DET,1760137200,0.0000,0.0000,0.0000,0.0000,0.0100,0.0100,0.0100,0.0100,0.00,14243.00
KXNHL-26-DET,1760140800,0.0000,0.0000,0.0000,0.0000,0.0100,0.0100,0.0100,0.0100,0.00,14243.00
KXNHL-26-DET,1760144400,0.0000,0.0000,0.0000,0.0000,0.0100,0.0100,0.0100,0.0100,0.00,14243.00
KXNHL-26-DET,1760148000,0.0000,0.0000,0.0000,0.0000,0.0100,0.0100,0.0100,0.0100,0.00,14243.00
KXNHL-26-DET,1760151600,0.0000,0.0000,0.0000,0.0000,0.0100,0.0100,0.0100,0.0100,0.00,14243.00
KXNHL-26-DET,1760155200,0.0000,0.0000,0.0000,0.0000,0.0100,0.0100,0.0100,0.0100,0.00,14243.00
KXNHL-26-DET,1760158800,0.0000,0.0000,0.0000,0.0000,0.0100,0.0100,0.0100,0.0100,0.00,14243.00
KXNHL-26-DET,1760162400,0.0000,0.0000,0.0000,0.0000,0.0100,0.0100,0.0100,0.0100,0.00,14243.00
KXNHL-26-DET,1760166000,0.0000,0.0000,0.0000,0.0000,0.0100,0.0100,0.0100,0.0100,0.00,14243.00
KXNHL-26-DET,1760169600,0.0000,0.0000,0.0000,0.0000,0.0100,0.0100,0.0100,0.0100,0.00,14243.00
KXNHL-26-DET,1760173200,0.0000,0.0000,0.0000,0.0000,0.0100,0.0100,0.0100,0.0100,0.00,14243.00
KXNHL-26-DET,1760176800,0.0000,0.0000,0.0000,0.0000,0.0100,0.0100,0.0100,0.0100,0.00,14243.00
KXNHL-26-DET,1760180400,0.0000,0.0000,0.0000,0.0000,0.0100,0.0100,0.0100,0.0100,0.00,14243.00
KXNHL-26-DET,1760184000,0.0000,0.0000,0.0000,0.0000,0.0100,0.0100,0.0100,0.0100,0.00,14243.00
KXNHL-26-DET,1760187600,0.0000,0.0000,0.0000,0.0000,0.0100,0.0100,0.0100,0.0100,0.00,14243.00
KXNHL-26-DET,1760191200,0.0000,0.0000,0.0000,0.0000,0.0100,0.0100,0.0100,0.0100,0.00,14243.00
KXNHL-26-DET,1760194800,0.0000,0.0000,0.0000,0.0000,0.0100,0.0100,0.0100,0.0100,0.00,14243.00
KXNHL-26-DET,1760202000,0.0000,0.0000,0.0000,0.0000,0.0100,0.0100,0.0100,0.0100,0.00,14243.00
KXNHL-26-DET,1760205600,0.0000,0.0000,0.0000,0.0000,0.0100,0.0100,0.0100,0.0100,0.00,14243.00
KXNHL-26-DET,1760209200,0.0000,0.0000,0.0000,0.0000,0.0100,0.0100,0.0100,0.0100,0.00,14243.00
KXNHL-26-DET,1760212800,0.0000,0.0000,0.0000,0.0000,0.0100,0.0100,0.0100,0.0100,0.00,14243.00
KXNHL-26-DET,1760216400,0.0000,0.0000,0.0000,0.0000,0.0100,0.0100,0.0100,0.0100,0.00,14243.00
KXNHL-26-DET,1760220000,0.0000,0.0000,0.0000,0.0000,0.0100,0.0100,0.0100,0.0100,0.00,14243.00
KXNHL-26-DET,1760223600,0.0000,0.0000,0.0000,0.0000,0.0100,0.0100,0.0100,0.0100,0.00,14243.00
KXNHL-26-DET,1760227200,0.0000,0.0000,0.0000,0.0000,0.0100,0.0100,0.0100,0.0100,0.00,14243.00
KXNHL-26-DET,1760230800,0.0000,0.0000,0.0000,0.0000,0.0100,0.0100,0.0100,0.0100,3.00,14246.00
KXNHL-26-DET,1760234400,0.0000,0.0000,0.0000,0.0000,0.0100,0.0100,0.0100,0.0100,0.00,14246.00
KXNHL-26-DET,1760238000,0.0000,0.0000,0.0000,0.0000,0.0100,0.0100,0.0100,0.0100,610.00,14856.00
KXNHL-26-DET,1760241600,0.0000,0.0000,0.0000,0.0000,0.0100,0.0100,0.0100,0.0100,0.00,14856.00
KXNHL-26-DET,1760245200,0.0000,0.0000,0.0000,0.0000,0.0100,0.0100,0.0100,0.0100,14.00,14870.00
KXNHL-26-DET,1760248800,0.0000,0.0000,0.0000,0.0000,0.0100,0.0100,0.0100,0.0100,0.00,14870.00
KXNHL-26-DET,1760252400,0.0000,0.0000,0.0000,0.0000,0.0100,0.0100,0.0100,0.0100,0.00,14870.00
KXNHL-26-DET,1760256000,0.0000,0.0000,0.0000,0.0000,0.0100,0.0100,0.0100,0.0100,0.00,14870.00
KXNHL-26-DET,1760259600,0.0000,0.0000,0.0000,0.0000,0.0100,0.0100,0.0100,0.0100,0.00,14870.00
KXNHL-26-DET,1760263200,0.0000,0.0000,0.0000,0.0000,0.0100,0.0100,0.0100,0.0100,0.00,14870.00
KXNHL-26-DET,1760266800,0.0000,0.0000,0.0000,0.0000,0.0100,0.0100,0.0100,0.0100,0.00,14870.00
KXNHL-26-DET,1760270400,0.0000,0.0000,0.0000,0.0000,0.0100,0.0100,0.0100,0.0100,0.00,14870.00
KXNHL-26-DET,1760274000,0.0000,0.0000,0.0000,0.0000,0.0100,0.0100,0.0100,0.0100,0.00,14870.00
KXNHL-26-DET,1760277600,0.0000,0.0000,0.0000,0.0000,0.0100,0.0100,0.0100,0.0100,0.00,14870.00
KXNHL-26-DET,1760281200,0.0000,0.0000,0.0000,0.0000,0.0100,0.0100,0.0100,0.0100,0.00,14870.00
KXNHL-26-DET,1760284800,0.0000,0.0000,0.0000,0.0000,0.0100,0.0100,0.0100,0.0100,1.00,14871.00
KXNHL-26-DET,1760288400,0.0000,0.0000,0.0000,0.0000,0.0100,0.0100,0.0100,0.0100,0.00,14871.00
KXNHL-26-DET,1760292000,0.0000,0.0000,0.0000,0.0000,0.0100,0.0100,0.0100,0.0100,0.00,14871.00
KXNHL-26-DET,1760295600,0.0000,0.0000,0.0000,0.0000,0.0100,0.0100,0.0100,0.0100,2.00,14873.00
KXNHL-26-DET,1760299200,0.0000,0.0000,0.0000,0.0000,0.0100,0.0100,0.0100,0.0100,0.00,14873.00
KXNHL-26-DET,1760302800,0.0000,0.0000,0.0000,0.0000,0.0100,0.0100,0.0100,0.0100,0.00,14873.00
KXNHL-26-DET,1760306400,0.0000,0.0000,0.0000,0.0000,0.0100,0.0100,0.0100,0.0100,0.00,14873.00
KXNHL-26-DET,1760310000,0.0000,0.0000,0.0000,0.0000,0.0100,0.0100,0.0100,0.0100,0.00,14873.00
KXNHL-26-DET,1760313600,0.0000,0.0000,0.0000,0.0000,0.0100,0.0100,0.0100,0.0100,0.00,14873.00
KXNHL-26-DET,1760317200,0.0000,0.0000,0.0000,0.0000,0.0100,0.0100,0.0100,0.0100,0.00,14873.00
KXNHL-26-DET,1760320800,0.0000,0.0000,0.0000,0.0000,0.0100,0.0100,0.0100,0.0100,0.00,14873.00
KXNHL-26-DET,1760324400,0.0000,0.0000,0.0000,0.0000,0.0100,0.0100,0.0100,0.0100,0.00,14873.00
KXNHL-26-DET,1760328000,0.0000,0.0000,0.0000,0.0000,0.0100,0.0100,0.0100,0.0100,0.00,14873.00
KXNHL-26-DET,1760331600,0.0000,0.0000,0.0000,0.0000,0.0100,0.0100,0.0100,0.0100,0.00,14873.00
KXNHL-26-DET,1760335200,0.0000,0.0000,0.0000,0.0000,0.0100,0.0100,0.0100,0.0100,0.00,14873.00
KXNHL-26-DET,1760338800,0.0000,0.0000,0.0000,0.0000,0.0100,0.0100,0.0100,0.0100,0.00,14873.00
KXNHL-26-DET,1760342400,0.0000,0.0000,0.0000,0.0000,0.0100,0.0100,0.0100,0.0100,0.00,14873.00
KXNHL-26-DET,1760346000,0.0000,0.0000,0.0000,0.0000,0.0100,0.0100,0.0100,0.0100,0.00,14873.00
KXNHL-26-DET,1760349600,0.0000,0.0000,0.0000,0.0000,0.0100,0.0100,0.0100,0.0100,0.00,14873.00
KXNHL-26-DET,1760353200,0.0000,0.0000,0.0000,0.0000,0.0100,0.0100,0.0100,0.0100,0.00,14873.00
KXNHL-26-DET,1760356800,0.0000,0.0000,0.0000,0.0000,0.0100,0.0100,0.0100,0.0100,0.00,14873.00
KXNHL-26-DET,1760360400,0.0000,0.0000,0.0000,0.0000,0.0100,0.0200,0.0100,0.0200,5375.00,20248.00
KXNHL-26-DET,1760364000,0.0000,0.0000,0.0000,0.0000,0.0200,0.0200,0.0200,0.0200,0.00,20248.00
KXNHL-26-DET,1760367600,0.0000,0.0000,0.0000,0.0000,0.0200,0.0200,0.0200,0.0200,0.00,20248.00
KXNHL-26-DET,1760371200,0.0000,0.0000,0.0000,0.0000,0.0200,0.0200,0.0200,0.0200,0.00,20248.00
KXNHL-26-DET,1760374800,0.0000,0.0000,0.0000,0.0000,0.0200,0.0200,0.0200,0.0200,0.00,20248.00
KXNHL-26-DET,1760378400,0.0000,0.0000,0.0000,0.0000,0.0200,0.0200,0.0200,0.0200,0.00,20248.00
KXNHL-26-DET,1760382000,0.0000,0.0000,0.0000,0.0000,0.0200,0.0200,0.0200,0.0200,0.00,20248.00
KXNHL-26-DET,1760385600,0.0000,0.0000,0.0000,0.0000,0.0200,0.0200,0.0200,0.0200,46.00,20294.00
KXNHL-26-DET,1760389200,0.0000,0.0000,0.0000,0.0000,0.0200,0.0200,0.0200,0.0200,200.00,20494.00
KXNHL-26-DET,1760392800,0.0000,0.0000,0.0000,0.0000,0.0200,0.0200,0.0200,0.0200,0.00,20494.00
KXNHL-26-DET,1760396400,0.0000,0.0000,0.0000,0.0000,0.0200,0.0200,0.0200,0.0200,0.00,20494.00
KXNHL-26-DET,1760400000,0.0000,0.0000,0.0000,0.0000,0.0200,0.0200,0.0200,0.0200,0.00,20494.00
KXNHL-26-DET,1760403600,0.0000,0.0000,0.0000,0.0000,0.0200,0.0200,0.0200,0.0200,0.00,20494.00
KXNHL-26-DET,1760407200,0.0000,0.0000,0.0000,0.0000,0.0200,0.0200,0.0200,0.0200,0.00,20494.00
KXNHL-26-DET,1760410800,0.0000,0.0000,0.0000,0.0000,0.0200,0.0200,0.0200,0.0200,0.00,20494.00
KXNHL-26-DET,1760414400,0.0000,0.0000,0.0000,0.0000,0.0200,0.0200,0.0200,0.0200,0.00,20494.00
KXNHL-26-DET,1760418000,0.0000,0.0000,0.0000,0.0000,0.0200,0.0200,0.0200,0.0200,30.00,20524.00
KXNHL-26-DET,1760421600,0.0000,0.0000,0.0000,0.0000,0.0200,0.0200,0.0200,0.0200,0.00,20524.00
KXNHL-26-DET,1760425200,0.0000,0.0000,0.0000,0.0000,0.0200,0.0200,0.0200,0.0200,0.00,20524.00
KXNHL-26-DET,1760428800,0.0000,0.0000,0.0000,0.0000,0.0200,0.0200,0.0200,0.0200,0.00,20524.00
KXNHL-26-DET,1760432400,0.0000,0.0000,0.0000,0.0000,0.0200,0.0200,0.0200,0.0200,0.00,20524.00
KXNHL-26-DET,1760436000,0.0000,0.0000,0.0000,0.0000,0.0200,0.0200,0.0200,0.0200,0.00,20524.00
KXNHL-26-DET,1760439600,0.0000,0.0000,0.0000,0.0000,0.0200,0.0200,0.0200,0.0200,0.00,20524.00
KXNHL-26-DET,1760443200,0.0000,0.0000,0.0000,0.0000,0.0200,0.0200,0.0200,0.0200,0.00,20524.00
KXNHL-26-DET,1760446800,0.0000,0.0000,0.0000,0.0000,0.0200,0.0200,0.0200,0.0200,0.00,20524.00
KXNHL-26-DET,1760450400,0.0000,0.0000,0.0000,0.0000,0.0200,0.0200,0.0200,0.0200,0.00,20524.00
KXNHL-26-DET,1760454000,0.0000,0.0000,0.0000,0.0000,0.0200,0.0200,0.0200,0.0200,0.00,20524.00
KXNHL-26-DET,1760457600,0.0000,0.0000,0.0000,0.0000,0.0200,0.0200,0.0200,0.0200,0.00,20524.00
KXNHL-26-DET,1760461200,0.0000,0.0000,0.0000,0.0000,0.0200,0.0200,0.0200,0.0200,0.00,20524.00
KXNHL-26-DET,1760464800,0.0000,0.0000,0.0000,0.0000,0.0200,0.0200,0.0200,0.0200,0.00,20524.00
KXNHL-26-DET,1760468400,0.0000,0.0000,0.0000,0.0000,0.0200,0.0200,0.0200,0.0200,0.00,20524.00
KXNHL-26-DET,1760472000,0.0000,0.0000,0.0000,0.0000,0.0200,0.0200,0.0200,0.0200,0.00,20524.00
KXNHL-26-DET,1760475600,0.0000,0.0000,0.0000,0.0000,0.0200,0.0200,0.0200,0.0200,30.00,20554.00
KXNHL-26-DET,1760479200,0.0000,0.0000,0.0000,0.0000,0.0200,0.0200,0.0200,0.0200,0.00,20554.00
KXNHL-26-DET,1760482800,0.0000,0.0000,0.0000,0.0000,0.0200,0.0200,0.0200,0.0200,0.00,20554.00
KXNHL-26-DET,1760486400,0.0000,0.0000,0.0000,0.0000,0.0200,0.0200,0.0200,0.0200,0.00,20554.00
KXNHL-26-DET,1760490000,0.0000,0.0000,0.0000,0.0000,0.0200,0.0200,0.0200,0.0200,0.00,20554.00
KXNHL-26-DET,1760493600,0.0000,0.0000,0.0000,0.0000,0.0200,0.0200,0.0200,0.0200,0.00,20554.00
KXNHL-26-DET,1760497200,0.0000,0.0000,0.0000,0.0000,0.0200,0.0200,0.0200,0.0200,0.00,20554.00
KXNHL-26-DET,1760500800,0.0000,0.0000,0.0000,0.0000,0.0200,0.0200,0.0200,0.0200,0.00,20554.00
KXNHL-26-DET,1760504400,0.0000,0.0000,0.0000,0.0000,0.0200,0.0200,0.0200,0.0200,0.00,20554.00
KXNHL-26-DET,1760508000,0.0000,0.0000,0.0000,0.0000,0.0200,0.0200,0.0200,0.0200,0.00,20554.00
KXNHL-26-DET,1760511600,0.0000,0.0000,0.0000,0.0000,0.0200,0.0200,0.0200,0.0200,0.00,20554.00
KXNHL-26-DET,1760515200,0.0000,0.0000,0.0000,0.0000,0.0200,0.0200,0.0200,0.0200,0.00,20554.00
KXNHL-26-DET,1760518800,0.0000,0.0000,0.0000,0.0000,0.0200,0.0200,0.0200,0.0200,0.00,20554.00
KXNHL-26-DET,1760522400,0.0000,0.0000,0.0000,0.0000,0.0200,0.0200,0.0200,0.0200,0.00,20554.00
KXNHL-26-DET,1760526000,0.0000,0.0000,0.0000,0.0000,0.0200,0.0200,0.0200,0.0200,0.00,20554.00
KXNHL-26-DET,1760529600,0.0000,0.0000,0.0000,0.0000,0.0200,0.0200,0.0200,0.0200,0.00,20554.00
KXNHL-26-DET,1760533200,0.0000,0.0000,0.0000,0.0000,0.0200,0.0200,0.0200,0.0200,0.00,20554.00
KXNHL-26-DET,1760536800,0.0000,0.0000,0.0000,0.0000,0.0200,0.0200,0.0200,0.0200,0.00,20554.00
KXNHL-26-DET,1760540400,0.0000,0.0000,0.0000,0.0000,0.0200,0.0200,0.0200,0.0200,0.00,20554.00
KXNHL-26-DET,1760544000,0.0000,0.0000,0.0000,0.0000,0.0200,0.0200,0.0200,0.0200,0.00,20554.00
KXNHL-26-DET,1760547600,0.0000,0.0000,0.0000,0.0000,0.0200,0.0200,0.0200,0.0200,0.00,20554.00
KXNHL-26-DET,1760551200,0.0000,0.0000,0.0000,0.0000,0.0200,0.0200,0.0200,0.0200,0.00,20554.00
KXNHL-26-DET,1760554800,0.0000,0.0000,0.0000,0.0000,0.0200,0.0200,0.0200,0.0200,0.00,20554.00
KXNHL-26-DET,1760558400,0.0000,0.0000,0.0000,0.0000,0.0200,0.0200,0.0200,0.0200,0.00,20554.00
KXNHL-26-DET,1760562000,0.0000,0.0000,0.0000,0.0000,0.0200,0.0200,0.0200,0.0200,0.00,20554.00
KXNHL-26-DET,1760565600,0.0000,0.0000,0.0000,0.0000,0.0200,0.0200,0.0200,0.0200,0.00,20554.00
KXNHL-26-DET,1760569200,0.0000,0.0000,0.0000,0.0000,0.0200,0.0200,0.0200,0.0200,0.00,20554.00
KXNHL-26-DET,1760572800,0.0000,0.0000,0.0000,0.0000,0.0200,0.0200,0.0200,0.0200,0.00,20554.00
KXNHL-26-DET,1760576400,0.0000,0.0000,0.0000,0.0000,0.0200,0.0200,0.0200,0.0200,25.00,20579.00
KXNHL-26-DET,1760580000,0.0000,0.0000,0.0000,0.0000,0.0200,0.0200,0.0200,0.0200,0.00,20579.00
KXNHL-26-DET,1760583600,0.0000,0.0000,0.0000,0.0000,0.0200,0.0200,0.0200,0.0200,0.00,20579.00
KXNHL-26-DET,1760587200,0.0000,0.0000,0.0000,0.0000,0.0200,0.0200,0.0200,0.0200,0.00,20579.00
KXNHL-26-DET,1760590800,0.0000,0.0000,0.0000,0.0000,0.0200,0.0200,0.0200,0.0200,0.00,20579.00
KXNHL-26-DET,1760594400,0.0000,0.0000,0.0000,0.0000,0.0200,0.0200,0.0200,0.0200,0.00,20579.00
KXNHL-26-DET,1760598000,0.0000,0.0000,0.0000,0.0000,0.0200,0.0200,0.0200,0.0200,0.00,20579.00
KXNHL-26-DET,1760608800,0.0000,0.0000,0.0000,0.0000,0.0200,0.0200,0.0200,0.0200,0.00,20579.00
KXNHL-26-DET,1760612400,0.0000,0.0000,0.0000,0.0000,0.0200,0.0200,0.0200,0.0200,0.00,20579.00
KXNHL-26-DET,1760616000,0.0000,0.0000,0.0000,0.0000,0.0200,0.0200,0.0200,0.0200,0.00,20579.00
KXNHL-26-DET,1760619600,0.0000,0.0000,0.0000,0.0000,0.0200,0.0200,0.0200,0.0200,0.00,20579.00
KXNHL-26-DET,1760623200,0.0000,0.0000,0.0000,0.0000,0.0200,0.0200,0.0200,0.0200,0.00,20579.00
KXNHL-26-DET,1760626800,0.0000,0.0000,0.0000,0.0000,0.0200,0.0200,0.0200,0.0200,25.00,20604.00
KXNHL-26-DET,1760630400,0.0000,0.0000,0.0000,0.0000,0.0200,0.0200,0.0200,0.0200,0.00,20604.00
KXNHL-26-DET,1760634000,0.0000,0.0000,0.0000,0.0000,0.0200,0.0200,0.0200,0.0200,1000.00,21604.00
KXNHL-26-DET,1760637600,0.0000,0.0000,0.0000,0.0000,0.0200,0.0200,0.0200,0.0200,0.00,21604.00
KXNHL-26-DET,1760641200,0.0000,0.0000,0.0000,0.0000,0.0200,0.0200,0.0200,0.0200,0.00,21604.00
KXNHL-26-DET,1760648400,0.0000,0.0000,0.0000,0.0000,0.0200,0.0200,0.0200,0.0200,0.00,21604.00
KXNHL-26-DET,1760652000,0.0000,0.0000,0.0000,0.0000,0.0200,0.0200,0.0200,0.0200,0.00,21604.00
KXNHL-26-DET,1760655600,0.0000,0.0000,0.0000,0.0000,0.0200,0.0200,0.0200,0.0200,0.00,21604.00
KXNHL-26-DET,1760659200,0.0000,0.0000,0.0000,0.0000,0.0200,0.0200,0.0200,0.0200,0.00,21604.00
KXNHL-26-DET,1760662800,0.0000,0.0000,0.0000,0.0000,0.0200,0.0200,0.0200,0.0200,0.00,21604.00
KXNHL-26-DET,1760666400,0.0000,0.0000,0.0000,0.0000,0.0200,0.0200,0.0200,0.0200,0.00,21604.00
KXNHL-26-DET,1760673600,0.0000,0.0000,0.0000,0.0000,0.0200,0.0200,0.0200,0.0200,0.00,21604.00
KXNHL-26-DET,1760677200,0.0000,0.0000,0.0000,0.0000,0.0200,0.0200,0.0200,0.0200,0.00,21604.00
KXNHL-26-DET,1760680800,0.0000,0.0000,0.0000,0.0000,0.0200,0.0200,0.0200,0.0200,0.00,21604.00
KXNHL-26-DET,1760684400,0.0000,0.0000,0.0000,0.0000,0.0200,0.0200,0.0200,0.0200,0.00,21604.00
KXNHL-26-DET,1760688000,0.0000,0.0000,0.0000,0.0000,0.0200,0.0200,0.0200,0.0200,0.00,21604.00
KXNHL-26-DET,1760691600,0.0000,0.0000,0.0000,0.0000,0.0200,0.0200,0.0200,0.0200,0.00,21604.00
KXNHL-26-DET,1760695200,0.0000,0.0000,0.0000,0.0000,0.0200,0.0200,0.0200,0.0200,0.00,21604.00
KXNHL-26-DET,1760698800,0.0000,0.0000,0.0000,0.0000,0.0200,0.0200,0.0200,0.0200,0.00,21604.00
KXNHL-26-DET,1760702400,0.0000,0.0000,0.0000,0.0000,0.0200,0.0200,0.0200,0.0200,0.00,21604.00
KXNHL-26-DET,1760706000,0.0000,0.0000,0.0000,0.0000,0.0200,0.0200,0.0200,0.0200,0.00,21604.00
KXNHL-26-DET,1760709600,0.0000,0.0000,0.0000,0.0000,0.0200,0.0200,0.0200,0.0200,0.00,21604.00
KXNHL-26-DET,1760713200,0.0000,0.0000,0.0000,0.0000,0.0200,0.0200,0.0200,0.0200,0.00,21604.00
KXNHL-26-DET,1760716800,0.0000,0.0000,0.0000,0.0000,0.0200,0.0200,0.0200,0.0200,0.00,21604.00
KXNHL-26-DET,1760720400,0.0000,0.0000,0.0000,0.0000,0.0200,0.0200,0.0200,0.0200,0.00,21604.00
KXNHL-26-DET,1760724000,0.0000,0.0000,0.0000,0.0000,0.0200,0.0200,0.0200,0.0200,0.00,21604.00
KXNHL-26-DET,1760727600,0.0000,0.0000,0.0000,0.0000,0.0200,0.0200,0.0200,0.0200,0.00,21604.00
KXNHL-26-DET,1760731200,0.0000,0.0000,0.0000,0.0000,0.0200,0.0200,0.0200,0.0200,0.00,21604.00
KXNHL-26-DET,1760734800,0.0000,0.0000,0.0000,0.0000,0.0200,0.0200,0.0200,0.0200,0.00,21604.00
KXNHL-26-DET,1760738400,0.0000,0.0000,0.0000,0.0000,0.0200,0.0200,0.0200,0.0200,12.00,21616.00
KXNHL-26-DET,1760742000,0.0000,0.0000,0.0000,0.0000,0.0200,0.0200,0.0200,0.0200,0.00,21616.00
KXNHL-26-DET,1760745600,0.0000,0.0000,0.0000,0.0000,0.0200,0.0200,0.0200,0.0200,0.00,21616.00
KXNHL-26-DET,1760749200,0.0000,0.0000,0.0000,0.0000,0.0200,0.0200,0.0200,0.0200,0.00,21616.00
KXNHL-26-DET,1760752800,0.0000,0.0000,0.0000,0.0000,0.0200,0.0200,0.0200,0.0200,2500.00,24116.00
KXNHL-26-DET,1760756400,0.0000,0.0000,0.0000,0.0000,0.0200,0.0200,0.0200,0.0200,1.00,24117.00
KXNHL-26-DET,1760760000,0.0000,0.0000,0.0000,0.0000,0.0200,0.0200,0.0200,0.0200,0.00,24117.00
KXNHL-26-DET,1760763600,0.0000,0.0000,0.0000,0.0000,0.0200,0.0200,0.0200,0.0200,0.00,24117.00
KXNHL-26-DET,1760767200,0.0000,0.0000,0.0000,0.0000,0.0200,0.0200,0.0200,0.0200,0.00,24117.00
KXNHL-26-DET,1760770800,0.0000,0.0000,0.0000,0.0000,0.0200,0.0200,0.0200,0.0200,0.00,24117.00
KXNHL-26-DET,1760774400,0.0000,0.0000,0.0000,0.0000,0.0200,0.0200,0.0200,0.0200,0.00,24117.00
KXNHL-26-DET,1760778000,0.0000,0.0000,0.0000,0.0000,0.0200,0.0200,0.0200,0.0200,0.00,24117.00
KXNHL-26-DET,1760781600,0.0000,0.0000,0.0000,0.0000,0.0200,0.0200,0.0200,0.0200,0.00,24117.00
KXNHL-26-DET,1760785200,0.0000,0.0000,0.0000,0.0000,0.0200,0.0200,0.0200,0.0200,0.00,24117.00
KXNHL-26-DET,1760788800,0.0000,0.0000,0.0000,0.0000,0.0200,0.0200,0.0200,0.0200,0.00,24117.00
KXNHL-26-DET,1760792400,0.0000,0.0000,0.0000,0.0000,0.0200,0.0200,0.0200,0.0200,0.00,24117.00
KXNHL-26-DET,1760796000,0.0000,0.0000,0.0000,0.0000,0.0200,0.0200,0.0200,0.0200,0.00,24117.00
KXNHL-26-DET,1760799600,0.0000,0.0000,0.0000,0.0000,0.0200,0.0200,0.0200,0.0200,0.00,24117.00
KXNHL-26-DET,1760803200,0.0000,0.0000,0.0000,0.0000,0.0200,0.0300,0.0200,0.0300,1670.00,25787.00
KXNHL-26-DET,1760806800,0.0000,0.0000,0.0000,0.0000,0.0300,0.0300,0.0300,0.0300,0.00,25787.00
KXNHL-26-DET,1760810400,0.0000,0.0000,0.0000,0.0000,0.0300,0.0300,0.0300,0.0300,0.00,25787.00
KXNHL-26-DET,1760814000,0.0000,0.0000,0.0000,0.0000,0.0300,0.0300,0.0300,0.0300,0.00,25787.00
KXNHL-26-DET,1760817600,0.0000,0.0000,0.0000,0.0000,0.0300,0.0300,0.0300,0.0300,0.00,25787.00
KXNHL-26-DET,1760821200,0.0000,0.0000,0.0000,0.0000,0.0300,0.0300,0.0300,0.0300,0.00,25787.00
KXNHL-26-DET,1760824800,0.0000,0.0000,0.0000,0.0000,0.0300,0.0300,0.0300,0.0300,0.00,25787.00
KXNHL-26-DET,1760828400,0.0000,0.0000,0.0000,0.0000,0.0300,0.0300,0.0300,0.0300,0.00,25787.00
KXNHL-26-DET,1760832000,0.0000,0.0000,0.0000,0.0000,0.0300,0.0300,0.0300,0.0300,0.00,25787.00
KXNHL-26-DET,1760835600,0.0000,0.0000,0.0000,0.0000,0.0300,0.0300,0.0300,0.0300,0.00,25787.00
KXNHL-26-DET,1760839200,0.0000,0.0000,0.0000,0.0000,0.0300,0.0300,0.0300,0.0300,0.00,25787.00
KXNHL-26-DET,1760842800,0.0000,0.0000,0.0000,0.0000,0.0300,0.0300,0.0300,0.0300,0.00,25787.00
KXNHL-26-DET,1760846400,0.0000,0.0000,0.0000,0.0000,0.0300,0.0300,0.0300,0.0300,0.00,25787.00
KXNHL-26-DET,1760850000,0.0000,0.0000,0.0000,0.0000,0.0300,0.0300,0.0300,0.0300,860.00,26647.00
KXNHL-26-DET,1760871600,0.0000,0.0000,0.0000,0.0000,0.0300,0.0300,0.0300,0.0300,0.00,26647.00
KXNHL-26-DET,1760875200,0.0000,0.0000,0.0000,0.0000,0.0300,0.0300,0.0300,0.0300,0.00,26647.00
KXNHL-26-DET,1760878800,0.0000,0.0000,0.0000,0.0000,0.0300,0.0300,0.0300,0.0300,0.00,26647.00
KXNHL-26-DET,1760889600,0.0000,0.0000,0.0000,0.0000,0.0300,0.0300,0.0300,0.0300,0.00,26647.00
KXNHL-26-DET,1760896800,0.0000,0.0000,0.0000,0.0000,0.0300,0.0300,0.0300,0.0300,134.00,26781.00
KXNHL-26-DET,1760900400,0.0000,0.0000,0.0000,0.0000,0.0300,0.0300,0.0300,0.0300,31.00,26812.00
KXNHL-26-DET,1760904000,0.0000,0.0000,0.0000,0.0000,0.0300,0.0300,0.0300,0.0300,0.00,26812.00
KXNHL-26-DET,1760907600,0.0000,0.0000,0.0000,0.0000,0.0300,0.0300,0.0300,0.0300,0.00,26812.00
KXNHL-26-DET,1760911200,0.0000,0.0000,0.0000,0.0000,0.0300,0.0300,0.0300,0.0300,2.00,26814.00
KXNHL-26-DET,1760914800,0.0000,0.0000,0.0000,0.0000,0.0300,0.0300,0.0300,0.0300,500.00,27314.00
KXNHL-26-DET,1760918400,0.0000,0.0000,0.0000,0.0000,0.0300,0.0300,0.0300,0.0300,0.00,27314.00
KXNHL-26-DET,1760922000,0.0000,0.0000,0.0000,0.0000,0.0300,0.0300,0.0300,0.0300,0.00,27314.00
KXNHL-26-DET,1760925600,0.0000,0.0000,0.0000,0.0000,0.0300,0.0300,0.0300,0.0300,0.00,27314.00
KXNHL-26-DET,1760929200,0.0000,0.0000,0.0000,0.0000,0.0300,0.0300,0.0300,0.0300,0.00,27314.00
KXNHL-26-DET,1760932800,0.0000,0.0000,0.0000,0.0000,0.0300,0.0300,0.0300,0.0300,5.00,27319.00
KXNHL-26-DET,1760936400,0.0000,0.0000,0.0000,0.0000,0.0300,0.0300,0.0200,0.0200,0.00,27319.00
KXNHL-26-DET,1760940000,0.0000,0.0000,0.0000,0.0000,0.0200,0.0200,0.0200,0.0200,0.00,27319.00
KXNHL-26-DET,1760943600,0.0000,0.0000,0.0000,0.0000,0.0200,0.0200,0.0200,0.0200,0.00,27319.00
KXNHL-26-DET,1760947200,0.0000,0.0000,0.0000,0.0000,0.0200,0.0200,0.0200,0.0200,0.00,27319.00
KXNHL-26-DET,1760950800,0.0000,0.0000,0.0000,0.0000,0.0200,0.0200,0.0200,0.0200,0.00,27319.00
KXNHL-26-DET,1760954400,0.0000,0.0000,0.0000,0.0000,0.0200,0.0200,0.0200,0.0200,0.00,27319.00
KXNHL-26-DET,1760958000,0.0000,0.0000,0.0000,0.0000,0.0200,0.0200,0.0200,0.0200,0.00,27319.00
KXNHL-26-DET,1760961600,0.0000,0.0000,0.0000,0.0000,0.0200,0.0200,0.0200,0.0200,0.00,27319.00
KXNHL-26-DET,1760965200,0.0000,0.0000,0.0000,0.0000,0.0200,0.0200,0.0200,0.0200,0.00,27319.00
KXNHL-26-DET,1760968800,0.0000,0.0000,0.0000,0.0000,0.0200,0.0200,0.0200,0.0200,0.00,27319.00
KXNHL-26-DET,1760972400,0.0000,0.0000,0.0000,0.0000,0.0200,0.0200,0.0200,0.0200,0.00,27319.00
KXNHL-26-DET,1760976000,0.0000,0.0000,0.0000,0.0000,0.0200,0.0200,0.0200,0.0200,0.00,27319.00
KXNHL-26-DET,1760979600,0.0000,0.0000,0.0000,0.0000,0.0200,0.0200,0.0200,0.0200,0.00,27319.00
KXNHL-26-DET,1760983200,0.0000,0.0000,0.0000,0.0000,0.0200,0.0200,0.0200,0.0200,0.00,27319.00
KXNHL-26-DET,1760986800,0.0000,0.0000,0.0000,0.0000,0.0200,0.0200,0.0200,0.0200,467.00,27786.00
KXNHL-26-DET,1760990400,0.0000,0.0000,0.0000,0.0000,0.0200,0.0200,0.0200,0.0200,0.00,27786.00
KXNHL-26-DET,1760994000,0.0000,0.0000,0.0000,0.0000,0.0200,0.0200,0.0200,0.0200,0.00,27786.00
KXNHL-26-DET,1760997600,0.0000,0.0000,0.0000,0.0000,0.0200,0.0200,0.0200,0.0200,0.00,27786.00
KXNHL-26-DET,1761001200,0.0000,0.0000,0.0000,0.0000,0.0200,0.0200,0.0200,0.0200,0.00,27786.00
KXNHL-26-DET,1761004800,0.0000,0.0000,0.0000,0.0000,0.0200,0.0200,0.0200,0.0200,0.00,27786.00
KXNHL-26-DET,1761008400,0.0000,0.0000,0.0000,0.0000,0.0200,0.0200,0.0200,0.0200,0.00,27786.00
KXNHL-26-DET,1761015600,0.0000,0.0000,0.0000,0.0000,0.0200,0.0200,0.0200,0.0200,0.00,27786.00
KXNHL-26-DET,1761019200,0.0000,0.0000,0.0000,0.0000,0.0200,0.0200,0.0200,0.0200,0.00,27786.00
KXNHL-26-DET,1761022800,0.0000,0.0000,0.0000,0.0000,0.0200,0.0200,0.0200,0.0200,0.00,27786.00
KXNHL-26-DET,1761026400,0.0000,0.0000,0.0000,0.0000,0.0200,0.0200,0.0200,0.0200,0.00,27786.00
KXNHL-26-DET,1761030000,0.0000,0.0000,0.0000,0.0000,0.0200,0.0200,0.0200,0.0200,100.00,27886.00
KXNHL-26-DET,1761033600,0.0000,0.0000,0.0000,0.0000,0.0200,0.0200,0.0200,0.0200,0.00,27886.00
KXNHL-26-DET,1761037200,0.0000,0.0000,0.0000,0.0000,0.0200,0.0200,0.0200,0.0200,0.00,27886.00
KXNHL-26-DET,1761040800,0.0000,0.0000,0.0000,0.0000,0.0200,0.0200,0.0200,0.0200,0.00,27886.00
KXNHL-26-DET,1761044400,0.0000,0.0000,0.0000,0.0000,0.0200,0.0200,0.0200,0.0200,0.00,27886.00
KXNHL-26-DET,1761048000,0.0000,0.0000,0.0000,0.0000,0.0200,0.0200,0.0200,0.0200,0.00,27886.00
KXNHL-26-DET,1761051600,0.0000,0.0000,0.0000,0.0000,0.0200,0.0200,0.0200,0.0200,6.00,27892.00
KXNHL-26-DET,1761055200,0.0000,0.0000,0.0000,0.0000,0.0200,0.0200,0.0200,0.0200,0.00,27892.00
KXNHL-26-DET,1761058800,0.0000,0.0000,0.0000,0.0000,0.0200,0.0200,0.0200,0.0200,25.00,27917.00
KXNHL-26-DET,1761062400,0.0000,0.0000,0.0000,0.0000,0.0200,0.0200,0.0200,0.0200,0.00,27917.00
KXNHL-26-DET,1761066000,0.0000,0.0000,0.0000,0.0000,0.0200,0.0200,0.0200,0.0200,0.00,27917.00
KXNHL-26-DET,1761069600,0.0000,0.0000,0.0000,0.0000,0.0200,0.0200,0.0200,0.0200,0.00,27917.00
KXNHL-26-DET,1761073200,0.0000,0.0000,0.0000,0.0000,0.0200,0.0200,0.0200,0.0200,0.00,27917.00
KXNHL-26-DET,1761076800,0.0000,0.0000,0.0000,0.0000,0.0200,0.0200,0.0200,0.0200,1000.00,28917.00
KXNHL-26-DET,1761080400,0.0000,0.0000,0.0000,0.0000,0.0200,0.0200,0.0200,0.0200,0.00,28917.00
KXNHL-26-DET,1761084000,0.0000,0.0000,0.0000,0.0000,0.0200,0.0200,0.0200,0.0200,0.00,28917.00
KXNHL-26-DET,1761087600,0.0000,0.0100,0.0000,0.0100,0.0200,0.0200,0.0200,0.0200,0.00,28917.00
KXNHL-26-DET,1761091200,0.0100,0.0100,0.0100,0.0100,0.0200,0.0200,0.0200,0.0200,0.00,28917.00
KXNHL-26-DET,1761094800,0.0100,0.0100,0.0100,0.0100,0.0200,0.0200,0.0200,0.0200,0.00,28917.00
KXNHL-26-DET,1761098400,0.0100,0.0100,0.0100,0.0100,0.0200,0.0200,0.0200,0.0200,0.00,28917.00
KXNHL-26-DET,1761102000,0.0100,0.0100,0.0100,0.0100,0.0200,0.0200,0.0200,0.0200,0.00,28917.00
KXNHL-26-DET,1761105600,0.0100,0.0100,0.0100,0.0100,0.0200,0.0200,0.0200,0.0200,0.00,28917.00
KXNHL-26-DET,1761109200,0.0100,0.0100,0.0100,0.0100,0.0200,0.0200,0.0200,0.0200,0.00,28917.00
KXNHL-26-DET,1761112800,0.0100,0.0100,0.0100,0.0100,0.0200,0.0200,0.0200,0.0200,0.00,28917.00
KXNHL-26-DET,1761116400,0.0100,0.0100,0.0100,0.0100,0.0200,0.0200,0.0200,0.0200,0.00,28917.00
KXNHL-26-DET,1761120000,0.0100,0.0100,0.0100,0.0100,0.0200,0.0200,0.0200,0.0200,0.00,28917.00
KXNHL-26-DET,1761123600,0.0100,0.0100,0.0100,0.0100,0.0200,0.0200,0.0200,0.0200,0.00,28917.00
KXNHL-26-DET,1761127200,0.0100,0.0100,0.0100,0.0100,0.0200,0.0200,0.0200,0.0200,0.00,28917.00
KXNHL-26-DET,1761130800,0.0100,0.0100,0.0100,0.0100,0.0200,0.0200,0.0200,0.0200,0.00,28917.00
KXNHL-26-DET,1761134400,0.0100,0.0100,0.0100,0.0100,0.0200,0.0200,0.0200,0.0200,0.00,28917.00
KXNHL-26-DET,1761138000,0.0100,0.0100,0.0100,0.0100,0.0200,0.0200,0.0200,0.0200,236.00,29153.00
KXNHL-26-DET,1761141600,0.0100,0.0100,0.0100,0.0100,0.0200,0.0200,0.0200,0.0200,0.00,29153.00
KXNHL-26-DET,1761145200,0.0100,0.0100,0.0100,0.0100,0.0200,0.0200,0.0200,0.0200,699.00,29852.00
KXNHL-26-DET,1761148800,0.0100,0.0100,0.0100,0.0100,0.0200,0.0200,0.0200,0.0200,58.00,29910.00
KXNHL-26-DET,1761152400,0.0100,0.0100,0.0100,0.0100,0.0200,0.0200,0.0200,0.0200,100.00,30010.00
KXNHL-26-DET,1761156000,0.0100,0.0100,0.0100,0.0100,0.0200,0.0200,0.0200,0.0200,0.00,30010.00
KXNHL-26-DET,1761159600,0.0100,0.0100,0.0100,0.0100,0.0200,0.0200,0.0200,0.0200,0.00,30010.00
KXNHL-26-DET,1761163200,0.0100,0.0100,0.0100,0.0100,0.0200,0.0200,0.0200,0.0200,0.00,30010.00
KXNHL-26-DET,1761170400,0.0100,0.0100,0.0100,0.0100,0.0200,0.0200,0.0200,0.0200,0.00,30010.00
KXNHL-26-DET,1761174000,0.0100,0.0100,0.0100,0.0100,0.0200,0.0200,0.0200,0.0200,313.00,30323.00
KXNHL-26-DET,1761177600,0.0100,0.0100,0.0100,0.0100,0.0200,0.0200,0.0200,0.0200,0.00,30323.00
KXNHL-26-DET,1761181200,0.0100,0.0100,0.0100,0.0100,0.0200,0.0200,0.0200,0.0200,1213.00,31536.00
KXNHL-26-DET,1761184800,0.0100,0.0100,0.0100,0.0100,0.0200,0.0200,0.0200,0.0200,500.00,32036.00
KXNHL-26-DET,1761188400,0.0100,0.0100,0.0100,0.0100,0.0200,0.0200,0.0200,0.0200,0.00,32036.00
KXNHL-26-DET,1761192000,0.0100,0.0100,0.0100,0.0100,0.0200,0.0200,0.0200,0.0200,0.00,32036.00
KXNHL-26-DET,1761195600,0.0100,0.0100,0.0100,0.0100,0.0200,0.0200,0.0200,0.0200,0.00,32036.00
KXNHL-26-DET,1761199200,0.0100,0.0100,0.0100,0.0100,0.0200,0.0200,0.0200,0.0200,0.00,32036.00
KXNHL-26-DET,1761202800,0.0100,0.0100,0.0100,0.0100,0.0200,0.0200,0.0200,0.0200,0.00,32036.00
KXNHL-26-DET,1761210000,0.0100,0.0100,0.0100,0.0100,0.0200,0.0200,0.0200,0.0200,0.00,32036.00
KXNHL-26-DET,1761220800,0.0100,0.0100,0.0100,0.0100,0.0200,0.0200,0.0200,0.0200,0.00,32036.00
KXNHL-26-DET,1761224400,0.0100,0.0100,0.0100,0.0100,0.0200,0.0200,0.0200,0.0200,230.00,32266.00
KXNHL-26-DET,1761228000,0.0100,0.0100,0.0100,0.0100,0.0200,0.0200,0.0200,0.0200,0.00,32266.00
KXNHL-26-DET,1761235200,0.0100,0.0100,0.0100,0.0100,0.0200,0.0200,0.0200,0.0200,0.00,32266.00
KXNHL-26-DET,1761238800,0.0100,0.0100,0.0100,0.0100,0.0200,0.0200,0.0200,0.0200,0.00,32266.00
KXNHL-26-DET,1761242400,0.0100,0.0100,0.0100,0.0100,0.0200,0.0200,0.0200,0.0200,233.00,32499.00
KXNHL-26-DET,1761246000,0.0100,0.0100,0.0100,0.0100,0.0200,0.0200,0.0200,0.0200,46.00,32545.00
KXNHL-26-DET,1761249600,0.0100,0.0100,0.0100,0.0100,0.0200,0.0200,0.0200,0.0200,0.00,32545.00
KXNHL-26-DET,1761253200,0.0100,0.0100,0.0100,0.0100,0.0200,0.0200,0.0200,0.0200,0.00,32545.00
KXNHL-26-DET,1761256800,0.0100,0.0100,0.0100,0.0100,0.0200,0.0200,0.0200,0.0200,0.00,32545.00
KXNHL-26-DET,1761260400,0.0100,0.0100,0.0100,0.0100,0.0200,0.0200,0.0200,0.0200,0.00,32545.00
KXNHL-26-DET,1761264000,0.0100,0.0100,0.0100,0.0100,0.0200,0.0200,0.0200,0.0200,0.00,32545.00
KXNHL-26-DET,1761267600,0.0100,0.0100,0.0100,0.0100,0.0200,0.0200,0.0200,0.0200,0.00,32545.00
KXNHL-26-DET,1761271200,0.0100,0.0100,0.0100,0.0100,0.0200,0.0200,0.0200,0.0200,0.00,32545.00
KXNHL-26-DET,1761274800,0.0100,0.0100,0.0100,0.0100,0.0200,0.0200,0.0200,0.0200,0.00,32545.00
KXNHL-26-DET,1761278400,0.0100,0.0100,0.0100,0.0100,0.0200,0.0200,0.0200,0.0200,0.00,32545.00
KXNHL-26-DET,1761282000,0.0100,0.0100,0.0100,0.0100,0.0200,0.0200,0.0200,0.0200,0.00,32545.00
KXNHL-26-DET,1761285600,0.0100,0.0100,0.0100,0.0100,0.0200,0.0200,0.0200,0.0200,0.00,32545.00
KXNHL-26-DET,1761292800,0.0100,0.0100,0.0100,0.0100,0.0200,0.0200,0.0200,0.0200,0.00,32545.00
KXNHL-26-DET,1761296400,0.0100,0.0100,0.0100,0.0100,0.0200,0.0200,0.0200,0.0200,0.00,32545.00
KXNHL-26-DET,1761300000,0.0100,0.0100,0.0100,0.0100,0.0200,0.0200,0.0200,0.0200,0.00,32545.00
KXNHL-26-DET,1761303600,0.0100,0.0100,0.0100,0.0100,0.0200,0.0200,0.0200,0.0200,0.00,32545.00
KXNHL-26-DET,1761307200,0.0100,0.0100,0.0100,0.0100,0.0200,0.0200,0.0200,0.0200,0.00,32545.00
KXNHL-26-DET,1761310800,0.0100,0.0100,0.0100,0.0100,0.0200,0.0200,0.0200,0.0200,0.00,32545.00
KXNHL-26-DET,1761314400,0.0100,0.0100,0.0100,0.0100,0.0200,0.0200,0.0200,0.0200,0.00,32545.00
KXNHL-26-DET,1761318000,0.0100,0.0100,0.0100,0.0100,0.0200,0.0200,0.0200,0.0200,100.00,32645.00
KXNHL-26-DET,1761321600,0.0100,0.0100,0.0100,0.0100,0.0200,0.0200,0.0200,0.0200,0.00,32645.00
KXNHL-26-DET,1761325200,0.0100,0.0100,0.0100,0.0100,0.0200,0.0200,0.0200,0.0200,0.00,32645.00
KXNHL-26-DET,1761328800,0.0100,0.0100,0.0100,0.0100,0.0200,0.0200,0.0200,0.0200,0.00,32645.00
KXNHL-26-DET,1761332400,0.0100,0.0100,0.0100,0.0100,0.0200,0.0200,0.0200,0.0200,0.00,32645.00
KXNHL-26-DET,1761336000,0.0100,0.0100,0.0100,0.0100,0.0200,0.0200,0.0200,0.0200,86.00,32731.00
KXNHL-26-DET,1761343200,0.0100,0.0100,0.0100,0.0100,0.0200,0.0200,0.0200,0.0200,0.00,32731.00
KXNHL-26-DET,1761346800,0.0100,0.0100,0.0100,0.0100,0.0200,0.0200,0.0200,0.0200,0.00,32731.00
KXNHL-26-DET,1761350400,0.0100,0.0100,0.0100,0.0100,0.0200,0.0200,0.0200,0.0200,701.00,33432.00
KXNHL-26-DET,1761354000,0.0100,0.0100,0.0100,0.0100,0.0200,0.0200,0.0200,0.0200,0.00,33432.00
KXNHL-26-DET,1761357600,0.0100,0.0100,0.0100,0.0100,0.0200,0.0200,0.0200,0.0200,0.00,33432.00
KXNHL-26-DET,1761361200,0.0100,0.0100,0.0100,0.0100,0.0200,0.0200,0.0200,0.0200,0.00,33432.00
KXNHL-26-DET,1761364800,0.0100,0.0100,0.0100,0.0100,0.0200,0.0200,0.0200,0.0200,0.00,33432.00
KXNHL-26-DET,1761368400,0.0100,0.0100,0.0100,0.0100,0.0200,0.0200,0.0200,0.0200,0.00,33432.00
KXNHL-26-DET,1761372000,0.0100,0.0100,0.0100,0.0100,0.0200,0.0200,0.0200,0.0200,0.00,33432.00
KXNHL-26-DET,1761375600,0.0100,0.0100,0.0100,0.0100,0.0200,0.0200,0.0200,0.0200,0.00,33432.00
KXNHL-26-DET,1761379200,0.0100,0.0100,0.0100,0.0100,0.0200,0.0200,0.0200,0.0200,0.00,33432.00
KXNHL-26-DET,1761382800,0.0100,0.0100,0.0100,0.0100,0.0200,0.0200,0.0200,0.0200,0.00,33432.00
KXNHL-26-DET,1761386400,0.0100,0.0100,0.0100,0.0100,0.0200,0.0200,0.0200,0.0200,0.00,33432.00
KXNHL-26-DET,1761390000,0.0100,0.0100,0.0100,0.0100,0.0200,0.0200,0.0200,0.0200,0.00,33432.00
KXNHL-26-DET,1761393600,0.0100,0.0100,0.0100,0.0100,0.0200,0.0200,0.0200,0.0200,0.00,33432.00
KXNHL-26-DET,1761397200,0.0100,0.0100,0.0100,0.0100,0.0200,0.0200,0.0200,0.0200,0.00,33432.00
KXNHL-26-DET,1761400800,0.0100,0.0100,0.0100,0.0100,0.0200,0.0200,0.0200,0.0200,0.00,33432.00
KXNHL-26-DET,1761404400,0.0100,0.0100,0.0100,0.0100,0.0200,0.0200,0.0200,0.0200,0.00,33432.00
KXNHL-26-DET,1761408000,0.0100,0.0100,0.0100,0.0100,0.0200,0.0200,0.0200,0.0200,0.00,33432.00
KXNHL-26-DET,1761411600,0.0100,0.0100,0.0100,0.0100,0.0200,0.0200,0.0200,0.0200,0.00,33432.00
KXNHL-26-DET,1761415200,0.0100,0.0100,0.0100,0.0100,0.0200,0.0200,0.0200,0.0200,0.00,33432.00
KXNHL-26-DET,1761418800,0.0100,0.0100,0.0100,0.0100,0.0200,0.0200,0.0200,0.0200,0.00,33432.00
KXNHL-26-DET,1761422400,0.0100,0.0100,0.0100,0.0100,0.0200,0.0200,0.0200,0.0200,0.00,33432.00
KXNHL-26-DET,1761426000,0.0100,0.0100,0.0100,0.0100,0.0200,0.0200,0.0200,0.0200,0.00,33432.00
KXNHL-26-DET,1761429600,0.0100,0.0100,0.0100,0.0100,0.0200,0.0200,0.0200,0.0200,0.00,33432.00
KXNHL-26-DET,1761433200,0.0100,0.0100,0.0100,0.0100,0.0200,0.0200,0.0200,0.0200,0.00,33432.00
KXNHL-26-DET,1761436800,0.0100,0.0100,0.0100,0.0100,0.0200,0.0200,0.0200,0.0200,0.00,33432.00
KXNHL-26-DET,1761440400,0.0100,0.0100,0.0100,0.0100,0.0200,0.0200,0.0200,0.0200,0.00,33432.00
KXNHL-26-DET,1761444000,0.0100,0.0100,0.0100,0.0100,0.0200,0.0200,0.0200,0.0200,0.00,33432.00
KXNHL-26-DET,1761447600,0.0100,0.0100,0.0100,0.0100,0.0200,0.0200,0.0200,0.0200,0.00,33432.00
KXNHL-26-DET,1761451200,0.0100,0.0100,0.0100,0.0100,0.0200,0.0200,0.0200,0.0200,0.00,33432.00
KXNHL-26-DET,1761454800,0.0100,0.0100,0.0100,0.0100,0.0200,0.0200,0.0200,0.0200,0.00,33432.00
KXNHL-26-DET,1761458400,0.0100,0.0100,0.0100,0.0100,0.0200,0.0200,0.0200,0.0200,95.00,33527.00
KXNHL-26-DET,1761462000,0.0100,0.0100,0.0100,0.0100,0.0200,0.0200,0.0200,0.0200,0.00,33527.00
KXNHL-26-DET,1761465600,0.0100,0.0100,0.0100,0.0100,0.0200,0.0200,0.0200,0.0200,0.00,33527.00
KXNHL-26-DET,1761469200,0.0100,0.0100,0.0100,0.0100,0.0200,0.0200,0.0200,0.0200,0.00,33527.00
KXNHL-26-DET,1761472800,0.0100,0.0100,0.0100,0.0100,0.0200,0.0200,0.0200,0.0200,0.00,33527.00
KXNHL-26-DET,1761476400,0.0100,0.0100,0.0100,0.0100,0.0200,0.0200,0.0200,0.0200,0.00,33527.00
KXNHL-26-DET,1761480000,0.0100,0.0100,0.0100,0.0100,0.0200,0.0200,0.0200,0.0200,0.00,33527.00
KXNHL-26-DET,1761483600,0.0100,0.0100,0.0100,0.0100,0.0200,0.0200,0.0200,0.0200,0.00,33527.00
KXNHL-26-DET,1761487200,0.0100,0.0100,0.0100,0.0100,0.0200,0.0200,0.0200,0.0200,3.00,33527.00
KXNHL-26-DET,1761490800,0.0100,0.0100,0.0100,0.0100,0.0200,0.0200,0.0200,0.0200,0.00,33527.00
KXNHL-26-DET,1761494400,0.0100,0.0100,0.0100,0.0100,0.0200,0.0200,0.0200,0.0200,0.00,33527.00
KXNHL-26-DET,1761498000,0.0100,0.0100,0.0100,0.0100,0.0200,0.0200,0.0200,0.0200,0.00,33527.00
KXNHL-26-DET,1761501600,0.0100,0.0100,0.0100,0.0100,0.0200,0.0200,0.0200,0.0200,0.00,33527.00
KXNHL-26-DET,1761505200,0.0100,0.0100,0.0100,0.0100,0.0200,0.0200,0.0200,0.0200,0.00,33527.00
KXNHL-26-DET,1761508800,0.0100,0.0100,0.0100,0.0100,0.0200,0.0200,0.0200,0.0200,0.00,33527.00
KXNHL-26-DET,1761512400,0.0100,0.0100,0.0100,0.0100,0.0200,0.0200,0.0200,0.0200,0.00,33527.00
KXNHL-26-DET,1761516000,0.0100,0.0100,0.0100,0.0100,0.0200,0.0200,0.0200,0.0200,0.00,33527.00
KXNHL-26-DET,1761519600,0.0100,0.0100,0.0100,0.0100,0.0200,0.0200,0.0200,0.0200,4.00,33531.00
KXNHL-26-DET,1761523200,0.0100,0.0100,0.0100,0.0100,0.0200,0.0200,0.0200,0.0200,0.00,33531.00
KXNHL-26-DET,1761526800,0.0100,0.0100,0.0100,0.0100,0.0200,0.0200,0.0200,0.0200,0.00,33531.00
KXNHL-26-DET,1761530400,0.0100,0.0100,0.0100,0.0100,0.0200,0.0200,0.0200,0.0200,0.00,33531.00
KXNHL-26-DET,1761534000,0.0100,0.0100,0.0100,0.0100,0.0200,0.0200,0.0200,0.0200,0.00,33531.00
KXNHL-26-DET,1761537600,0.0100,0.0100,0.0100,0.0100,0.0200,0.0200,0.0200,0.0200,1169.00,34700.00
KXNHL-26-DET,1761541200,0.0100,0.0100,0.0100,0.0100,0.0200,0.0200,0.0200,0.0200,0.00,34700.00
KXNHL-26-DET,1761544800,0.0100,0.0100,0.0100,0.0100,0.0200,0.0200,0.0200,0.0200,0.00,34700.00
KXNHL-26-DET,1761548400,0.0100,0.0100,0.0100,0.0100,0.0200,0.0200,0.0200,0.0200,0.00,34700.00
KXNHL-26-DET,1761552000,0.0100,0.0100,0.0100,0.0100,0.0200,0.0200,0.0200,0.0200,0.00,34700.00
KXNHL-26-DET,1761555600,0.0100,0.0100,0.0100,0.0100,0.0200,0.0200,0.0200,0.0200,0.00,34700.00
KXNHL-26-DET,1761559200,0.0100,0.0100,0.0100,0.0100,0.0200,0.0200,0.0200,0.0200,0.00,34700.00
KXNHL-26-DET,1761562800,0.0100,0.0100,0.0100,0.0100,0.0200,0.0200,0.0200,0.0200,0.00,34700.00
KXNHL-26-DET,1761566400,0.0100,0.0100,0.0100,0.0100,0.0200,0.0200,0.0200,0.0200,0.00,34700.00
KXNHL-26-DET,1761570000,0.0100,0.0100,0.0100,0.0100,0.0200,0.0200,0.0200,0.0200,0.00,34700.00
KXNHL-26-DET,1761573600,0.0100,0.0100,0.0100,0.0100,0.0200,0.0200,0.0200,0.0200,0.00,34700.00
KXNHL-26-DET,1761577200,0.0100,0.0100,0.0100,0.0100,0.0200,0.0200,0.0200,0.0200,0.00,34700.00
KXNHL-26-DET,1761580800,0.0100,0.0100,0.0100,0.0100,0.0200,0.0200,0.0200,0.0200,0.00,34700.00
KXNHL-26-DET,1761584400,0.0100,0.0100,0.0100,0.0100,0.0200,0.0200,0.0200,0.0200,0.00,34700.00
KXNHL-26-DET,1761588000,0.0100,0.0100,0.0100,0.0100,0.0200,0.0200,0.0200,0.0200,0.00,34700.00
KXNHL-26-DET,1761591600,0.0100,0.0100,0.0100,0.0100,0.0200,0.0200,0.0200,0.0200,23.00,34723.00
KXNHL-26-DET,1761595200,0.0100,0.0100,0.0100,0.0100,0.0200,0.0200,0.0200,0.0200,0.00,34723.00
KXNHL-26-DET,1761602400,0.0100,0.0100,0.0100,0.0100,0.0200,0.0200,0.0200,0.0200,0.00,34723.00
KXNHL-26-DET,1761606000,0.0100,0.0100,0.0100,0.0100,0.0200,0.0200,0.0200,0.0200,0.00,34723.00
KXNHL-26-DET,1761609600,0.0100,0.0100,0.0100,0.0100,0.0200,0.0200,0.0200,0.0200,0.00,34723.00
KXNHL-26-DET,1761613200,0.0100,0.0100,0.0100,0.0100,0.0200,0.0200,0.0200,0.0200,0.00,34723.00
KXNHL-26-DET,1761616800,0.0100,0.0100,0.0100,0.0100,0.0200,0.0200,0.0200,0.0200,187.00,34910.00
KXNHL-26-DET,1761620400,0.0100,0.0100,0.0100,0.0100,0.0200,0.0200,0.0200,0.0200,0.00,34910.00
KXNHL-26-DET,1761624000,0.0100,0.0100,0.0100,0.0100,0.0200,0.0200,0.0200,0.0200,1170.00,36080.00
KXNHL-26-DET,1761627600,0.0100,0.0100,0.0100,0.0100,0.0200,0.0200,0.0200,0.0200,0.00,36080.00
KXNHL-26-DET,1761631200,0.0100,0.0100,0.0100,0.0100,0.0200,0.0200,0.0200,0.0200,0.00,36080.00
KXNHL-26-DET,1761634800,0.0100,0.0100,0.0100,0.0100,0.0200,0.0200,0.0200,0.0200,0.00,36080.00
KXNHL-26-DET,1761638400,0.0100,0.0100,0.0100,0.0100,0.0200,0.0200,0.0200,0.0200,0.00,36080.00
KXNHL-26-DET,1761642000,0.0100,0.0100,0.0100,0.0100,0.0200,0.0200,0.0200,0.0200,0.00,36080.00
KXNHL-26-DET,1761645600,0.0100,0.0100,0.0100,0.0100,0.0200,0.0200,0.0200,0.0200,0.00,36080.00
KXNHL-26-DET,1761649200,0.0100,0.0100,0.0100,0.0100,0.0200,0.0200,0.0200,0.0200,0.00,36080.00
KXNHL-26-DET,1761652800,0.0100,0.0100,0.0100,0.0100,0.0200,0.0200,0.0200,0.0200,0.00,36080.00
KXNHL-26-DET,1761656400,0.0100,0.0100,0.0100,0.0100,0.0200,0.0200,0.0200,0.0200,0.00,36080.00
KXNHL-26-DET,1761660000,0.0100,0.0100,0.0100,0.0100,0.0200,0.0200,0.0200,0.0200,0.00,36080.00
KXNHL-26-DET,1761663600,0.0100,0.0100,0.0100,0.0100,0.0200,0.0200,0.0200,0.0200,0.00,36080.00
KXNHL-26-DET,1761667200,0.0100,0.0100,0.0100,0.0100,0.0200,0.0200,0.0200,0.0200,9.00,36089.00
KXNHL-26-DET,1761670800,0.0100,0.0100,0.0100,0.0100,0.0200,0.0200,0.0200,0.0200,0.00,36089.00
KXNHL-26-DET,1761674400,0.0100,0.0100,0.0100,0.0100,0.0200,0.0200,0.0200,0.0200,0.00,36089.00
KXNHL-26-DET,1761678000,0.0100,0.0100,0.0100,0.0100,0.0200,0.0200,0.0200,0.0200,0.00,36089.00
KXNHL-26-DET,1761681600,0.0100,0.0100,0.0100,0.0100,0.0200,0.0200,0.0200,0.0200,0.00,36089.00
KXNHL-26-DET,1761685200,0.0100,0.0100,0.0100,0.0100,0.0200,0.0200,0.0200,0.0200,0.00,36089.00
KXNHL-26-DET,1761688800,0.0100,0.0100,0.0100,0.0100,0.0200,0.0200,0.0200,0.0200,0.00,36089.00
KXNHL-26-DET,1761692400,0.0100,0.0100,0.0100,0.0100,0.0200,0.0200,0.0200,0.0200,0.00,36089.00
KXNHL-26-DET,1761696000,0.0100,0.0100,0.0100,0.0100,0.0200,0.0200,0.0200,0.0200,0.00,36089.00
KXNHL-26-DET,1761699600,0.0100,0.0100,0.0100,0.0100,0.0200,0.0200,0.0200,0.0200,0.00,36089.00
KXNHL-26-DET,1761703200,0.0100,0.0100,0.0100,0.0100,0.0200,0.0200,0.0200,0.0200,0.00,36089.00
KXNHL-26-DET,1761706800,0.0100,0.0100,0.0100,0.0100,0.0200,0.0200,0.0200,0.0200,0.00,36089.00
KXNHL-26-DET,1761710400,0.0100,0.0100,0.0100,0.0100,0.0200,0.0200,0.0200,0.0200,112.00,36201.00
KXNHL-26-DET,1761714000,0.0100,0.0100,0.0100,0.0100,0.0200,0.0200,0.0200,0.0200,0.00,36201.00
KXNHL-26-DET,1761717600,0.0100,0.0100,0.0100,0.0100,0.0200,0.0200,0.0200,0.0200,0.00,36201.00
KXNHL-26-DET,1761721200,0.0100,0.0100,0.0100,0.0100,0.0200,0.0200,0.0200,0.0200,0.00,36201.00
KXNHL-26-DET,1761724800,0.0100,0.0100,0.0100,0.0100,0.0200,0.0200,0.0200,0.0200,0.00,36201.00
KXNHL-26-DET,1761728400,0.0100,0.0100,0.0100,0.0100,0.0200,0.0200,0.0200,0.0200,0.00,36201.00
KXNHL-26-DET,1761732000,0.0100,0.0100,0.0100,0.0100,0.0200,0.0200,0.0200,0.0200,0.00,36201.00
KXNHL-26-DET,1761735600,0.0100,0.0100,0.0100,0.0100,0.0200,0.0200,0.0200,0.0200,233.00,36434.00
KXNHL-26-DET,1761739200,0.0100,0.0100,0.0100,0.0100,0.0200,0.0200,0.0200,0.0200,0.00,36434.00
KXNHL-26-DET,1761742800,0.0100,0.0100,0.0100,0.0100,0.0200,0.0200,0.0200,0.0200,0.00,36434.00
KXNHL-26-DET,1761746400,0.0100,0.0100,0.0100,0.0100,0.0200,0.0200,0.0200,0.0200,0.00,36434.00
KXNHL-26-DET,1761750000,0.0100,0.0100,0.0100,0.0100,0.0200,0.0200,0.0200,0.0200,0.00,36434.00
KXNHL-26-DET,1761757200,0.0100,0.0100,0.0100,0.0100,0.0200,0.0200,0.0200,0.0200,0.00,36434.00
KXNHL-26-DET,1761760800,0.0100,0.0100,0.0100,0.0100,0.0200,0.0200,0.0200,0.0200,0.00,36434.00
KXNHL-26-DET,1761764400,0.0100,0.0100,0.0100,0.0100,0.0200,0.0200,0.0200,0.0200,0.00,36434.00
KXNHL-26-DET,1761768000,0.0100,0.0100,0.0100,0.0100,0.0200,0.0200,0.0200,0.0200,200.00,36634.00
KXNHL-26-DET,1761771600,0.0100,0.0100,0.0100,0.0100,0.0200,0.0200,0.0200,0.0200,0.00,36634.00
KXNHL-26-DET,1761775200,0.0100,0.0100,0.0100,0.0100,0.0200,0.0200,0.0200,0.0200,0.00,36634.00
KXNHL-26-DET,1761778800,0.0100,0.0100,0.0100,0.0100,0.0200,0.0200,0.0200,0.0200,50.00,36684.00
KXNHL-26-DET,1761782400,0.0100,0.0100,0.0100,0.0100,0.0200,0.0200,0.0200,0.0200,50.00,36734.00
KXNHL-26-DET,1761786000,0.0100,0.0100,0.0100,0.0100,0.0200,0.0200,0.0200,0.0200,0.00,36734.00
KXNHL-26-DET,1761789600,0.0100,0.0100,0.0100,0.0100,0.0200,0.0200,0.0200,0.0200,0.00,36734.00
KXNHL-26-DET,1761793200,0.0100,0.0100,0.0100,0.0100,0.0200,0.0200,0.0200,0.0200,0.00,36734.00
KXNHL-26-DET,1761796800,0.0100,0.0100,0.0100,0.0100,0.0200,0.0200,0.0200,0.0200,0.00,36734.00
KXNHL-26-DET,1761800400,0.0100,0.0100,0.0100,0.0100,0.0200,0.0200,0.0200,0.0200,0.00,36734.00
KXNHL-26-DET,1761804000,0.0100,0.0100,0.0100,0.0100,0.0200,0.0200,0.0200,0.0200,0.00,36734.00
KXNHL-26-DET,1761807600,0.0100,0.0100,0.0100,0.0100,0.0200,0.0200,0.0200,0.0200,0.00,36734.00
KXNHL-26-DET,1761814800,0.0100,0.0100,0.0100,0.0100,0.0200,0.0200,0.0200,0.0200,0.00,36734.00
KXNHL-26-DET,1761818400,0.0100,0.0100,0.0100,0.0100,0.0200,0.0200,0.0200,0.0200,0.00,36734.00
KXNHL-26-DET,1761822000,0.0100,0.0100,0.0100,0.0100,0.0200,0.0200,0.0200,0.0200,0.00,36734.00
KXNHL-26-DET,1761825600,0.0100,0.0100,0.0100,0.0100,0.0200,0.0200,0.0200,0.0200,0.00,36734.00
KXNHL-26-DET,1761829200,0.0100,0.0100,0.0100,0.0100,0.0200,0.0200,0.0200,0.0200,0.00,36734.00
KXNHL-26-DET,1761832800,0.0100,0.0100,0.0100,0.0100,0.0200,0.0200,0.0200,0.0200,0.00,36734.00
KXNHL-26-DET,1761836400,0.0100,0.0100,0.0100,0.0100,0.0200,0.0200,0.0200,0.0200,0.00,36734.00
KXNHL-26-DET,1761840000,0.0100,0.0100,0.0100,0.0100,0.0200,0.0200,0.0200,0.0200,0.00,36734.00
KXNHL-26-DET,1761843600,0.0100,0.0100,0.0100,0.0100,0.0200,0.0200,0.0200,0.0200,0.00,36734.00
KXNHL-26-DET,1761847200,0.0100,0.0100,0.0100,0.0100,0.0200,0.0200,0.0200,0.0200,0.00,36734.00
KXNHL-26-DET,1761850800,0.0100,0.0100,0.0100,0.0100,0.0200,0.0200,0.0200,0.0200,0.00,36734.00
KXNHL-26-DET,1761854400,0.0100,0.0100,0.0100,0.0100,0.0200,0.0200,0.0200,0.0200,0.00,36734.00
KXNHL-26-DET,1761858000,0.0100,0.0100,0.0100,0.0100,0.0200,0.0200,0.0200,0.0200,0.00,36734.00
KXNHL-26-DET,1761861600,0.0100,0.0100,0.0100,0.0100,0.0200,0.0200,0.0200,0.0200,0.00,36734.00
KXNHL-26-DET,1761865200,0.0100,0.0100,0.0100,0.0100,0.0200,0.0200,0.0200,0.0200,0.00,36734.00
KXNHL-26-DET,1761868800,0.0100,0.0100,0.0100,0.0100,0.0200,0.0200,0.0200,0.0200,0.00,36734.00
KXNHL-26-DET,1761872400,0.0100,0.0100,0.0100,0.0100,0.0200,0.0200,0.0200,0.0200,0.00,36734.00
KXNHL-26-DET,1761876000,0.0100,0.0100,0.0100,0.0100,0.0200,0.0200,0.0200,0.0200,0.00,36734.00
KXNHL-26-DET,1761879600,0.0100,0.0100,0.0100,0.0100,0.0200,0.0200,0.0200,0.0200,0.00,36734.00
KXNHL-26-DET,1761883200,0.0100,0.0100,0.0100,0.0100,0.0200,0.0200,0.0200,0.0200,100.00,36834.00
KXNHL-26-DET,1761886800,0.0100,0.0100,0.0100,0.0100,0.0200,0.0200,0.0200,0.0200,100.00,36934.00
KXNHL-26-DET,1761890400,0.0100,0.0100,0.0100,0.0100,0.0200,0.0200,0.0200,0.0200,0.00,36934.00
KXNHL-26-DET,1761894000,0.0100,0.0100,0.0100,0.0100,0.0200,0.0200,0.0200,0.0200,0.00,36934.00
KXNHL-26-DET,1761897600,0.0100,0.0100,0.0100,0.0100,0.0200,0.0200,0.0200,0.0200,0.00,36934.00
KXNHL-26-DET,1761901200,0.0100,0.0100,0.0100,0.0100,0.0200,0.0200,0.0200,0.0200,0.00,36934.00
KXNHL-26-DET,1761904800,0.0100,0.0100,0.0100,0.0100,0.0200,0.0200,0.0200,0.0200,0.00,36934.00
KXNHL-26-DET,1761908400,0.0100,0.0100,0.0100,0.0100,0.0200,0.0200,0.0200,0.0200,0.00,36934.00
KXNHL-26-DET,1761912000,0.0100,0.0100,0.0100,0.0100,0.0200,0.0200,0.0200,0.0200,0.00,36934.00
KXNHL-26-DET,1761915600,0.0100,0.0100,0.0100,0.0100,0.0200,0.0200,0.0200,0.0200,0.00,36934.00
KXNHL-26-DET,1761919200,0.0100,0.0100,0.0100,0.0100,0.0200,0.0200,0.0200,0.0200,0.00,36934.00
KXNHL-26-DET,1761922800,0.0100,0.0100,0.0100,0.0100,0.0200,0.0200,0.0200,0.0200,0.00,36934.00
KXNHL-26-DET,1761926400,0.0100,0.0100,0.0100,0.0100,0.0200,0.0200,0.0200,0.0200,0.00,36934.00
KXNHL-26-DET,1761930000,0.0100,0.0100,0.0100,0.0100,0.0200,0.0200,0.0200,0.0200,140.00,37074.00
KXNHL-26-DET,1761933600,0.0100,0.0100,0.0100,0.0100,0.0200,0.0200,0.0200,0.0200,0.00,37074.00
KXNHL-26-DET,1761937200,0.0100,0.0100,0.0100,0.0100,0.0200,0.0200,0.0200,0.0200,0.00,37074.00
KXNHL-26-DET,1761940800,0.0100,0.0100,0.0100,0.0100,0.0200,0.0200,0.0200,0.0200,0.00,37074.00
KXNHL-26-DET,1761944400,0.0100,0.0100,0.0100,0.0100,0.0200,0.0200,0.0200,0.0200,0.00,37074.00
KXNHL-26-DET,1761948000,0.0100,0.0100,0.0100,0.0100,0.0200,0.0200,0.0200,0.0200,0.00,37074.00
KXNHL-26-DET,1761951600,0.0100,0.0100,0.0100,0.0100,0.0200,0.0200,0.0200,0.0200,0.00,37074.00
KXNHL-26-DET,1761955200,0.0100,0.0100,0.0100,0.0100,0.0200,0.0200,0.0200,0.0200,93.00,37167.00
KXNHL-26-DET,1761958800,0.0100,0.0100,0.0100,0.0100,0.0200,0.0200,0.0200,0.0200,0.00,37167.00
KXNHL-26-DET,1761962400,0.0100,0.0100,0.0100,0.0100,0.0200,0.0200,0.0200,0.0200,0.00,37167.00
KXNHL-26-DET,1761966000,0.0100,0.0100,0.0100,0.0100,0.0200,0.0200,0.0200,0.0200,699.00,37866.00
KXNHL-26-DET,1761969600,0.0100,0.0100,0.0100,0.0100,0.0200,0.0200,0.0200,0.0200,0.00,37866.00
KXNHL-26-DET,1761973200,0.0100,0.0100,0.0100,0.0100,0.0200,0.0200,0.0200,0.0200,0.00,37866.00
KXNHL-26-DET,1761976800,0.0100,0.0100,0.0100,0.0100,0.0200,0.0200,0.0200,0.0200,0.00,37866.00
KXNHL-26-DET,1761980400,0.0100,0.0100,0.0100,0.0100,0.0200,0.0200,0.0200,0.0200,0.00,37866.00
KXNHL-26-DET,1761984000,0.0100,0.0100,0.0100,0.0100,0.0200,0.0200,0.0200,0.0200,0.00,37866.00
KXNHL-26-DET,1761987600,0.0100,0.0100,0.0100,0.0100,0.0200,0.0200,0.0200,0.0200,0.00,37866.00
KXNHL-26-DET,1761991200,0.0100,0.0100,0.0100,0.0100,0.0200,0.0200,0.0200,0.0200,0.00,37866.00
KXNHL-26-DET,1761994800,0.0100,0.0100,0.0100,0.0100,0.0200,0.0200,0.0200,0.0200,0.00,37866.00
KXNHL-26-DET,1761998400,0.0100,0.0100,0.0100,0.0100,0.0200,0.0200,0.0200,0.0200,0.00,37866.00
KXNHL-26-DET,1762002000,0.0100,0.0100,0.0100,0.0100,0.0200,0.0200,0.0200,0.0200,0.00,37866.00
KXNHL-26-DET,1762005600,0.0100,0.0100,0.0100,0.0100,0.0200,0.0200,0.0200,0.0200,0.00,37866.00
KXNHL-26-DET,1762009200,0.0100,0.0100,0.0100,0.0100,0.0200,0.0200,0.0200,0.0200,0.00,37866.00
KXNHL-26-DET,1762012800,0.0100,0.0100,0.0100,0.0100,0.0200,0.0200,0.0200,0.0200,0.00,37866.00
KXNHL-26-DET,1762016400,0.0100,0.0100,0.0100,0.0100,0.0200,0.0200,0.0200,0.0200,0.00,37866.00
KXNHL-26-DET,1762020000,0.0100,0.0100,0.0100,0.0100,0.0200,0.0200,0.0200,0.0200,0.00,37866.00
KXNHL-26-DET,1762023600,0.0100,0.0100,0.0100,0.0100,0.0200,0.0200,0.0200,0.0200,0.00,37866.00
KXNHL-26-DET,1762027200,0.0100,0.0100,0.0100,0.0100,0.0200,0.0200,0.0200,0.0200,0.00,37866.00
KXNHL-26-DET,1762030800,0.0100,0.0100,0.0100,0.0100,0.0200,0.0200,0.0200,0.0200,100.00,37966.00
KXNHL-26-DET,1762034400,0.0100,0.0100,0.0100,0.0100,0.0200,0.0200,0.0200,0.0200,0.00,37966.00
KXNHL-26-DET,1762038000,0.0100,0.0100,0.0100,0.0100,0.0200,0.0200,0.0200,0.0200,0.00,37966.00
KXNHL-26-DET,1762041600,0.0100,0.0100,0.0100,0.0100,0.0200,0.0200,0.0200,0.0200,0.00,37966.00
KXNHL-26-DET,1762045200,0.0100,0.0100,0.0100,0.0100,0.0200,0.0200,0.0200,0.0200,0.00,37966.00
KXNHL-26-DET,1762048800,0.0100,0.0100,0.0100,0.0100,0.0200,0.0200,0.0200,0.0200,0.00,37966.00
KXNHL-26-DET,1762052400,0.0100,0.0100,0.0100,0.0100,0.0200,0.0200,0.0200,0.0200,0.00,37966.00
KXNHL-26-DET,1762056000,0.0100,0.0100,0.0100,0.0100,0.0200,0.0200,0.0200,0.0200,0.00,37966.00
KXNHL-26-DET,1762059600,0.0100,0.0100,0.0100,0.0100,0.0200,0.0200,0.0200,0.0200,0.00,37966.00
KXNHL-26-DET,1762063200,0.0100,0.0100,0.0100,0.0100,0.0200,0.0200,0.0200,0.0200,0.00,37966.00
KXNHL-26-DET,1762066800,0.0100,0.0100,0.0100,0.0100,0.0200,0.0200,0.0200,0.0200,0.00,37966.00
KXNHL-26-DET,1762070400,0.0100,0.0100,0.0100,0.0100,0.0200,0.0200,0.0200,0.0200,0.00,37966.00
KXNHL-26-DET,1762074000,0.0100,0.0100,0.0100,0.0100,0.0200,0.0200,0.0200,0.0200,0.00,37966.00
KXNHL-26-DET,1762077600,0.0100,0.0100,0.0100,0.0100,0.0200,0.0200,0.0200,0.0200,0.00,37966.00
KXNHL-26-DET,1762081200,0.0100,0.0100,0.0100,0.0100,0.0200,0.0200,0.0200,0.0200,0.00,37966.00
KXNHL-26-DET,1762084800,0.0100,0.0100,0.0100,0.0100,0.0200,0.0200,0.0200,0.0200,0.00,37966.00
KXNHL-26-DET,1762088400,0.0100,0.0100,0.0100,0.0100,0.0200,0.0200,0.0200,0.0200,0.00,37966.00
KXNHL-26-DET,1762092000,0.0100,0.0100,0.0100,0.0100,0.0200,0.0200,0.0200,0.0200,0.00,37966.00
KXNHL-26-DET,1762095600,0.0100,0.0100,0.0100,0.0100,0.0200,0.0200,0.0200,0.0200,0.00,37966.00
KXNHL-26-DET,1762099200,0.0100,0.0100,0.0100,0.0100,0.0200,0.0200,0.0200,0.0200,0.00,37966.00
KXNHL-26-DET,1762106400,0.0100,0.0100,0.0100,0.0100,0.0200,0.0200,0.0200,0.0200,0.00,37966.00
KXNHL-26-DET,1762110000,0.0100,0.0100,0.0100,0.0100,0.0200,0.0200,0.0200,0.0200,0.00,37966.00
KXNHL-26-DET,1762113600,0.0100,0.0100,0.0100,0.0100,0.0200,0.0200,0.0200,0.0200,0.00,37966.00
KXNHL-26-DET,1762117200,0.0100,0.0100,0.0100,0.0100,0.0200,0.0200,0.0200,0.0200,0.00,37966.00
KXNHL-26-DET,1762120800,0.0100,0.0100,0.0100,0.0100,0.0200,0.0200,0.0200,0.0200,0.00,37966.00
KXNHL-26-DET,1762124400,0.0100,0.0100,0.0100,0.0100,0.0200,0.0200,0.0200,0.0200,0.00,37966.00
KXNHL-26-DET,1762128000,0.0100,0.0100,0.0100,0.0100,0.0200,0.0200,0.0200,0.0200,0.00,37966.00
KXNHL-26-DET,1762131600,0.0100,0.0100,0.0100,0.0100,0.0200,0.0200,0.0200,0.0200,0.00,37966.00
KXNHL-26-DET,1762135200,0.0100,0.0100,0.0100,0.0100,0.0200,0.0200,0.0200,0.0200,0.00,37966.00
KXNHL-26-DET,1762138800,0.0100,0.0100,0.0100,0.0100,0.0200,0.0200,0.0200,0.0200,0.00,37966.00
KXNHL-26-DET,1762142400,0.0100,0.0100,0.0100,0.0100,0.0200,0.0200,0.0200,0.0200,0.00,37966.00
KXNHL-26-DET,1762146000,0.0100,0.0100,0.0100,0.0100,0.0200,0.0200,0.0200,0.0200,27.00,37993.00
KXNHL-26-DET,1762149600,0.0100,0.0100,0.0100,0.0100,0.0200,0.0200,0.0200,0.0200,0.00,37993.00
KXNHL-26-DET,1762153200,0.0100,0.0100,0.0100,0.0100,0.0200,0.0200,0.0200,0.0200,0.00,37993.00
KXNHL-26-DET,1762156800,0.0100,0.0100,0.0100,0.0100,0.0200,0.0200,0.0200,0.0200,0.00,37993.00
KXNHL-26-DET,1762160400,0.0100,0.0100,0.0100,0.0100,0.0200,0.0200,0.0200,0.0200,0.00,37993.00
KXNHL-26-DET,1762164000,0.0100,0.0100,0.0100,0.0100,0.0200,0.0200,0.0200,0.0200,0.00,37993.00
KXNHL-26-DET,1762167600,0.0100,0.0100,0.0100,0.0100,0.0200,0.0200,0.0200,0.0200,0.00,37993.00
KXNHL-26-DET,1762171200,0.0100,0.0100,0.0100,0.0100,0.0200,0.0200,0.0200,0.0200,0.00,37993.00
KXNHL-26-DET,1762174800,0.0100,0.0100,0.0100,0.0100,0.0200,0.0200,0.0200,0.0200,0.00,37993.00
KXNHL-26-DET,1762178400,0.0100,0.0100,0.0100,0.0100,0.0200,0.0200,0.0200,0.0200,0.00,37993.00
KXNHL-26-DET,1762182000,0.0100,0.0100,0.0100,0.0100,0.0200,0.0200,0.0200,0.0200,0.00,37993.00
KXNHL-26-DET,1762185600,0.0100,0.0100,0.0100,0.0100,0.0200,0.0200,0.0200,0.0200,140.00,38133.00
KXNHL-26-DET,1762189200,0.0100,0.0100,0.0100,0.0100,0.0200,0.0200,0.0200,0.0200,0.00,38133.00
KXNHL-26-DET,1762192800,0.0100,0.0100,0.0000,0.0000,0.0200,0.0200,0.0100,0.0100,490.00,38623.00
KXNHL-26-DET,1762196400,0.0000,0.0000,0.0000,0.0000,0.0100,0.0100,0.0100,0.0100,0.00,38623.00
KXNHL-26-DET,1762200000,0.0000,0.0000,0.0000,0.0000,0.0100,0.0100,0.0100,0.0100,0.00,38623.00
KXNHL-26-DET,1762203600,0.0000,0.0000,0.0000,0.0000,0.0100,0.0100,0.0100,0.0100,0.00,38623.00
KXNHL-26-DET,1762207200,0.0000,0.0000,0.0000,0.0000,0.0100,0.0100,0.0100,0.0100,93.00,38716.00
KXNHL-26-DET,1762210800,0.0000,0.0000,0.0000,0.0000,0.0100,0.0100,0.0100,0.0100,0.00,38716.00
KXNHL-26-DET,1762214400,0.0000,0.0000,0.0000,0.0000,0.0100,0.0100,0.0100,0.0100,0.00,38716.00
KXNHL-26-DET,1762218000,0.0000,0.0000,0.0000,0.0000,0.0100,0.0100,0.0100,0.0100,0.00,38716.00
KXNHL-26-DET,1762225200,0.0000,0.0000,0.0000,0.0000,0.0100,0.0100,0.0100,0.0100,0.00,38716.00
KXNHL-26-DET,1762228800,0.0000,0.0000,0.0000,0.0000,0.0100,0.0100,0.0100,0.0100,0.00,38716.00
KXNHL-26-DET,1762232400,0.0000,0.0000,0.0000,0.0000,0.0100,0.0100,0.0100,0.0100,0.00,38716.00
KXNHL-26-DET,1762236000,0.0000,0.0000,0.0000,0.0000,0.0100,0.0100,0.0100,0.0100,0.00,38716.00
KXNHL-26-DET,1762239600,0.0000,0.0000,0.0000,0.0000,0.0100,0.0100,0.0100,0.0100,0.00,38716.00
KXNHL-26-DET,1762243200,0.0000,0.0000,0.0000,0.0000,0.0100,0.0100,0.0100,0.0100,0.00,38716.00
KXNHL-26-DET,1762246800,0.0000,0.0000,0.0000,0.0000,0.0100,0.0100,0.0100,0.0100,0.00,38716.00
KXNHL-26-DET,1762250400,0.0000,0.0000,0.0000,0.0000,0.0100,0.0100,0.0100,0.0100,0.00,38716.00
KXNHL-26-DET,1762254000,0.0000,0.0000,0.0000,0.0000,0.0100,0.0100,0.0100,0.0100,0.00,38716.00
KXNHL-26-DET,1762257600,0.0000,0.0000,0.0000,0.0000,0.0100,0.0100,0.0100,0.0100,0.00,38716.00
KXNHL-26-DET,1762261200,0.0000,0.0000,0.0000,0.0000,0.0100,0.0100,0.0100,0.0100,0.00,38716.00
KXNHL-26-DET,1762264800,0.0000,0.0000,0.0000,0.0000,0.0100,0.0100,0.0100,0.0100,0.00,38716.00
KXNHL-26-DET,1762268400,0.0000,0.0000,0.0000,0.0000,0.0100,0.0100,0.0100,0.0100,0.00,38716.00
KXNHL-26-DET,1762272000,0.0000,0.0000,0.0000,0.0000,0.0100,0.0100,0.0100,0.0100,0.00,38716.00
KXNHL-26-DET,1762275600,0.0000,0.0000,0.0000,0.0000,0.0100,0.0100,0.0100,0.0100,0.00,38716.00
KXNHL-26-DET,1762279200,0.0000,0.0000,0.0000,0.0000,0.0100,0.0100,0.0100,0.0100,0.00,38716.00
KXNHL-26-DET,1762282800,0.0000,0.0000,0.0000,0.0000,0.0100,0.0100,0.0100,0.0100,0.00,38716.00
KXNHL-26-DET,1762286400,0.0000,0.0000,0.0000,0.0000,0.0100,0.0100,0.0100,0.0100,0.00,38716.00
KXNHL-26-DET,1762290000,0.0000,0.0000,0.0000,0.0000,0.0100,0.0100,0.0100,0.0100,500.00,39216.00
KXNHL-26-DET,1762293600,0.0000,0.0000,0.0000,0.0000,0.0100,0.0100,0.0100,0.0100,214.00,39430.00
KXNHL-26-DET,1762297200,0.0000,0.0000,0.0000,0.0000,0.0100,0.0100,0.0100,0.0100,0.00,39430.00
KXNHL-26-DET,1762300800,0.0000,0.0000,0.0000,0.0000,0.0100,0.0100,0.0100,0.0100,0.00,39430.00
KXNHL-26-DET,1762304400,0.0000,0.0000,0.0000,0.0000,0.0100,0.0100,0.0100,0.0100,0.00,39430.00
KXNHL-26-DET,1762308000,0.0000,0.0000,0.0000,0.0000,0.0100,0.0100,0.0100,0.0100,0.00,39430.00
KXNHL-26-DET,1762311600,0.0000,0.0000,0.0000,0.0000,0.0100,0.0100,0.0100,0.0100,717.00,40147.00
KXNHL-26-DET,1762315200,0.0000,0.0000,0.0000,0.0000,0.0100,0.0100,0.0100,0.0100,0.00,40147.00
KXNHL-26-DET,1762318800,0.0000,0.0000,0.0000,0.0000,0.0100,0.0100,0.0100,0.0100,0.00,40147.00
KXNHL-26-DET,1762322400,0.0000,0.0000,0.0000,0.0000,0.0100,0.0100,0.0100,0.0100,0.00,40147.00
KXNHL-26-DET,1762326000,0.0000,0.0000,0.0000,0.0000,0.0100,0.0100,0.0100,0.0100,0.00,40147.00
KXNHL-26-DET,1762329600,0.0000,0.0000,0.0000,0.0000,0.0100,0.0100,0.0100,0.0100,0.00,40147.00
KXNHL-26-DET,1762333200,0.0000,0.0000,0.0000,0.0000,0.0100,0.0100,0.0100,0.0100,0.00,40147.00
KXNHL-26-DET,1762336800,0.0000,0.0000,0.0000,0.0000,0.0100,0.0100,0.0100,0.0100,0.00,40147.00
KXNHL-26-DET,1762340400,0.0000,0.0000,0.0000,0.0000,0.0100,0.0100,0.0100,0.0100,0.00,40147.00
KXNHL-26-DET,1762344000,0.0000,0.0000,0.0000,0.0000,0.0100,0.0100,0.0100,0.0100,0.00,40147.00
KXNHL-26-DET,1762347600,0.0000,0.0000,0.0000,0.0000,0.0100,0.0100,0.0100,0.0100,0.00,40147.00
KXNHL-26-DET,1762351200,0.0000,0.0000,0.0000,0.0000,0.0100,0.0100,0.0100,0.0100,0.00,40147.00
KXNHL-26-DET,1762354800,0.0000,0.0000,0.0000,0.0000,0.0100,0.0100,0.0100,0.0100,500.00,40647.00
KXNHL-26-DET,1762358400,0.0000,0.0000,0.0000,0.0000,0.0100,0.0100,0.0100,0.0100,0.00,40647.00
KXNHL-26-DET,1762362000,0.0000,0.0000,0.0000,0.0000,0.0100,0.0100,0.0100,0.0100,0.00,40647.00
KXNHL-26-DET,1762365600,0.0000,0.0000,0.0000,0.0000,0.0100,0.0100,0.0100,0.0100,0.00,40647.00
KXNHL-26-DET,1762369200,0.0000,0.0000,0.0000,0.0000,0.0100,0.0100,0.0100,0.0100,0.00,40647.00
KXNHL-26-DET,1762372800,0.0000,0.0000,0.0000,0.0000,0.0100,0.0100,0.0100,0.0100,0.00,40647.00
KXNHL-26-DET,1762376400,0.0000,0.0000,0.0000,0.0000,0.0100,0.0100,0.0100,0.0100,0.00,40647.00
KXNHL-26-DET,1762380000,0.0000,0.0000,0.0000,0.0000,0.0100,0.0100,0.0100,0.0100,100.00,40747.00
KXNHL-26-DET,1762383600,0.0000,0.0000,0.0000,0.0000,0.0100,0.0100,0.0100,0.0100,935.00,41682.00
KXNHL-26-DET,1762387200,0.0000,0.0000,0.0000,0.0000,0.0100,0.0100,0.0100,0.0100,0.00,41682.00
KXNHL-26-DET,1762390800,0.0000,0.0000,0.0000,0.0000,0.0100,0.0100,0.0100,0.0100,0.00,41682.00
KXNHL-26-DET,1762394400,0.0000,0.0000,0.0000,0.0000,0.0100,0.0100,0.0100,0.0100,0.00,41682.00
KXNHL-26-DET,1762398000,0.0000,0.0000,0.0000,0.0000,0.0100,0.0100,0.0100,0.0100,0.00,41682.00
KXNHL-26-DET,1762401600,0.0000,0.0000,0.0000,0.0000,0.0100,0.0100,0.0100,0.0100,75.00,41757.00
KXNHL-26-DET,1762405200,0.0000,0.0000,0.0000,0.0000,0.0100,0.0100,0.0100,0.0100,0.00,41757.00
KXNHL-26-DET,1762408800,0.0000,0.0000,0.0000,0.0000,0.0100,0.0100,0.0100,0.0100,0.00,41757.00
KXNHL-26-DET,1762412400,0.0000,0.0000,0.0000,0.0000,0.0100,0.0100,0.0100,0.0100,0.00,41757.00
KXNHL-26-DET,1762416000,0.0000,0.0000,0.0000,0.0000,0.0100,0.0100,0.0100,0.0100,0.00,41757.00
KXNHL-26-DET,1762426800,0.0000,0.0000,0.0000,0.0000,0.0100,0.0100,0.0100,0.0100,0.00,41757.00
KXNHL-26-DET,1762430400,0.0000,0.0000,0.0000,0.0000,0.0100,0.0100,0.0100,0.0100,0.00,41757.00
KXNHL-26-DET,1762434000,0.0000,0.0000,0.0000,0.0000,0.0100,0.0100,0.0100,0.0100,0.00,41757.00
KXNHL-26-DET,1762441200,0.0000,0.0000,0.0000,0.0000,0.0100,0.0100,0.0100,0.0100,0.00,41757.00
KXNHL-26-DET,1762444800,0.0000,0.0000,0.0000,0.0000,0.0100,0.0100,0.0100,0.0100,93.00,41850.00
KXNHL-26-DET,1762448400,0.0000,0.0000,0.0000,0.0000,0.0100,0.0100,0.0100,0.0100,0.00,41850.00
KXNHL-26-DET,1762452000,0.0000,0.0000,0.0000,0.0000,0.0100,0.0100,0.0100,0.0100,0.00,41850.00
KXNHL-26-DET,1762455600,0.0000,0.0000,0.0000,0.0000,0.0100,0.0100,0.0100,0.0100,0.00,41850.00
KXNHL-26-DET,1762462800,0.0000,0.0000,0.0000,0.0000,0.0100,0.0100,0.0100,0.0100,0.00,41850.00
KXNHL-26-DET,1762466400,0.0000,0.0000,0.0000,0.0000,0.0100,0.0100,0.0100,0.0100,0.00,41850.00
KXNHL-26-DET,1762470000,0.0000,0.0000,0.0000,0.0000,0.0100,0.0100,0.0100,0.0100,0.00,41850.00
KXNHL-26-DET,1762473600,0.0000,0.0000,0.0000,0.0000,0.0100,0.0100,0.0100,0.0100,0.00,41850.00
KXNHL-26-DET,1762477200,0.0000,0.0000,0.0000,0.0000,0.0100,0.0100,0.0100,0.0100,0.00,41850.00
KXNHL-26-DET,1762480800,0.0000,0.0000,0.0000,0.0000,0.0100,0.0100,0.0100,0.0100,0.00,41850.00
KXNHL-26-DET,1762484400,0.0000,0.0000,0.0000,0.0000,0.0100,0.0100,0.0100,0.0100,0.00,41850.00
KXNHL-26-DET,1762488000,0.0000,0.0000,0.0000,0.0000,0.0100,0.0100,0.0100,0.0100,0.00,41850.00
KXNHL-26-DET,1762491600,0.0000,0.0000,0.0000,0.0000,0.0100,0.0100,0.0100,0.0100,0.00,41850.00
KXNHL-26-DET,1762495200,0.0000,0.0000,0.0000,0.0000,0.0100,0.0100,0.0100,0.0100,0.00,41850.00
KXNHL-26-DET,1762498800,0.0000,0.0000,0.0000,0.0000,0.0100,0.0100,0.0100,0.0100,0.00,41850.00
KXNHL-26-DET,1762502400,0.0000,0.0000,0.0000,0.0000,0.0100,0.0100,0.0100,0.0100,0.00,41850.00
KXNHL-26-DET,1762506000,0.0000,0.0000,0.0000,0.0000,0.0100,0.0100,0.0100,0.0100,0.00,41850.00
KXNHL-26-DET,1762509600,0.0000,0.0000,0.0000,0.0000,0.0100,0.0100,0.0100,0.0100,0.00,41850.00
KXNHL-26-DET,1762516800,0.0000,0.0000,0.0000,0.0000,0.0100,0.0100,0.0100,0.0100,0.00,41850.00
KXNHL-26-DET,1762520400,0.0000,0.0000,0.0000,0.0000,0.0100,0.0100,0.0100,0.0100,0.00,41850.00
KXNHL-26-DET,1762524000,0.0000,0.0000,0.0000,0.0000,0.0100,0.0100,0.0100,0.0100,0.00,41850.00
KXNHL-26-DET,1762527600,0.0000,0.0000,0.0000,0.0000,0.0100,0.0100,0.0100,0.0100,0.00,41850.00
KXNHL-26-DET,1762531200,0.0000,0.0000,0.0000,0.0000,0.0100,0.0100,0.0100,0.0100,0.00,41850.00
KXNHL-26-DET,1762534800,0.0000,0.0000,0.0000,0.0000,0.0100,0.0100,0.0100,0.0100,0.00,41850.00
KXNHL-26-DET,1762538400,0.0000,0.0000,0.0000,0.0000,0.0100,0.0100,0.0100,0.0100,0.00,41850.00
KXNHL-26-DET,1762542000,0.0000,0.0000,0.0000,0.0000,0.0100,0.0100,0.0100,0.0100,0.00,41850.00
KXNHL-26-DET,1762549200,0.0000,0.0000,0.0000,0.0000,0.0100,0.0100,0.0100,0.0100,0.00,41850.00
KXNHL-26-DET,1762552800,0.0000,0.0000,0.0000,0.0000,0.0100,0.0100,0.0100,0.0100,0.00,41850.00
KXNHL-26-DET,1762556400,0.0000,0.0000,0.0000,0.0000,0.0100,0.0100,0.0100,0.0100,0.00,41850.00
KXNHL-26-DET,1762560000,0.0000,0.0000,0.0000,0.0000,0.0100,0.0100,0.0100,0.0100,300.00,42150.00
KXNHL-26-DET,1762563600,0.0000,0.0000,0.0000,0.0000,0.0100,0.0100,0.0100,0.0100,0.00,42150.00
KXNHL-26-DET,1762567200,0.0000,0.0000,0.0000,0.0000,0.0100,0.0100,0.0100,0.0100,0.00,42150.00
KXNHL-26-DET,1762570800,0.0000,0.0000,0.0000,0.0000,0.0100,0.0100,0.0100,0.0100,0.00,42150.00
KXNHL-26-DET,1762574400,0.0000,0.0000,0.0000,0.0000,0.0100,0.0100,0.0100,0.0100,0.00,42150.00
KXNHL-26-DET,1762578000,0.0000,0.0000,0.0000,0.0000,0.0100,0.0100,0.0100,0.0100,0.00,42150.00
KXNHL-26-DET,1762581600,0.0000,0.0000,0.0000,0.0000,0.0100,0.0100,0.0100,0.0100,0.00,42150.00
KXNHL-26-DET,1762585200,0.0000,0.0000,0.0000,0.0000,0.0100,0.0100,0.0100,0.0100,0.00,42150.00
KXNHL-26-DET,1762588800,0.0000,0.0000,0.0000,0.0000,0.0100,0.0100,0.0100,0.0100,0.00,42150.00
KXNHL-26-DET,1762592400,0.0000,0.0000,0.0000,0.0000,0.0100,0.0100,0.0100,0.0100,0.00,42150.00
KXNHL-26-DET,1762596000,0.0000,0.0000,0.0000,0.0000,0.0100,0.0100,0.0100,0.0100,0.00,42150.00
KXNHL-26-DET,1762599600,0.0000,0.0000,0.0000,0.0000,0.0100,0.0100,0.0100,0.0100,0.00,42150.00
KXNHL-26-DET,1762603200,0.0000,0.0000,0.0000,0.0000,0.0100,0.0100,0.0100,0.0100,0.00,42150.00
KXNHL-26-DET,1762606800,0.0000,0.0000,0.0000,0.0000,0.0100,0.0100,0.0100,0.0100,0.00,42150.00
KXNHL-26-DET,1762610400,0.0000,0.0000,0.0000,0.0000,0.0100,0.0100,0.0100,0.0100,0.00,42150.00
KXNHL-26-DET,1762614000,0.0000,0.0000,0.0000,0.0000,0.0100,0.0100,0.0100,0.0100,0.00,42150.00
KXNHL-26-DET,1762617600,0.0000,0.0000,0.0000,0.0000,0.0100,0.0100,0.0100,0.0100,0.00,42150.00
KXNHL-26-DET,1762624800,0.0000,0.0000,0.0000,0.0000,0.0100,0.0100,0.0100,0.0100,0.00,42150.00
KXNHL-26-DET,1762628400,0.0000,0.0000,0.0000,0.0000,0.0100,0.0100,0.0100,0.0100,0.00,42150.00
KXNHL-26-DET,1762632000,0.0000,0.0000,0.0000,0.0000,0.0100,0.0100,0.0100,0.0100,8.00,42158.00
KXNHL-26-DET,1762635600,0.0000,0.0000,0.0000,0.0000,0.0100,0.0100,0.0100,0.0100,0.00,42158.00
KXNHL-26-DET,1762642800,0.0000,0.0000,0.0000,0.0000,0.0100,0.0100,0.0100,0.0100,0.00,42158.00
KXNHL-26-DET,1762646400,0.0000,0.0000,0.0000,0.0000,0.0100,0.0100,0.0100,0.0100,0.00,42158.00
KXNHL-26-DET,1762650000,0.0000,0.0000,0.0000,0.0000,0.0100,0.0100,0.0100,0.0100,0.00,42158.00
KXNHL-26-DET,1762653600,0.0000,0.0000,0.0000,0.0000,0.0100,0.0100,0.0100,0.0100,0.00,42158.00
KXNHL-26-DET,1762657200,0.0000,0.0000,0.0000,0.0000,0.0100,0.0100,0.0100,0.0100,0.00,42158.00
KXNHL-26-DET,1762660800,0.0000,0.0000,0.0000,0.0000,0.0100,0.0100,0.0100,0.0100,0.00,42158.00
KXNHL-26-DET,1762664400,0.0000,0.0000,0.0000,0.0000,0.0100,0.0100,0.0100,0.0100,0.00,42158.00
KXNHL-26-DET,1762668000,0.0000,0.0000,0.0000,0.0000,0.0100,0.0100,0.0100,0.0100,0.00,42158.00
KXNHL-26-DET,1762671600,0.0000,0.0000,0.0000,0.0000,0.0100,0.0100,0.0100,0.0100,0.00,42158.00
KXNHL-26-DET,1762675200,0.0000,0.0000,0.0000,0.0000,0.0100,0.0100,0.0100,0.0100,0.00,42158.00
KXNHL-26-DET,1762678800,0.0000,0.0000,0.0000,0.0000,0.0100,0.0100,0.0100,0.0100,0.00,42158.00
KXNHL-26-DET,1762682400,0.0000,0.0000,0.0000,0.0000,0.0100,0.0100,0.0100,0.0100,0.00,42158.00
KXNHL-26-DET,1762689600,0.0000,0.0000,0.0000,0.0000,0.0100,0.0100,0.0100,0.0100,0.00,42158.00
KXNHL-26-DET,1762693200,0.0000,0.0000,0.0000,0.0000,0.0100,0.0100,0.0100,0.0100,0.00,42158.00
KXNHL-26-DET,1762700400,0.0000,0.0000,0.0000,0.0000,0.0100,0.0100,0.0100,0.0100,0.00,42158.00
KXNHL-26-DET,1762704000,0.0000,0.0000,0.0000,0.0000,0.0100,0.0100,0.0100,0.0100,0.00,42158.00
KXNHL-26-DET,1762707600,0.0000,0.0000,0.0000,0.0000,0.0100,0.0100,0.0100,0.0100,0.00,42158.00
KXNHL-26-DET,1762711200,0.0000,0.0000,0.0000,0.0000,0.0100,0.0100,0.0100,0.0100,0.00,42158.00
KXNHL-26-DET,1762714800,0.0000,0.0000,0.0000,0.0000,0.0100,0.0100,0.0100,0.0100,0.00,42158.00
KXNHL-26-DET,1762718400,0.0000,0.0000,0.0000,0.0000,0.0100,0.0100,0.0100,0.0100,0.00,42158.00
KXNHL-26-DET,1762722000,0.0000,0.0000,0.0000,0.0000,0.0100,0.0100,0.0100,0.0100,93.00,42251.00
KXNHL-26-DET,1762725600,0.0000,0.0000,0.0000,0.0000,0.0100,0.0100,0.0100,0.0100,0.00,42251.00
KXNHL-26-DET,1762732800,0.0000,0.0000,0.0000,0.0000,0.0100,0.0100,0.0100,0.0100,0.00,42251.00
KXNHL-26-DET,1762736400,0.0000,0.0000,0.0000,0.0000,0.0100,0.0100,0.0100,0.0100,0.00,42251.00
KXNHL-26-DET,1762743600,0.0000,0.0000,0.0000,0.0000,0.0100,0.0100,0.0100,0.0100,0.00,42251.00
KXNHL-26-DET,1762747200,0.0000,0.0000,0.0000,0.0000,0.0100,0.0100,0.0100,0.0100,0.00,42251.00
KXNHL-26-DET,1762750800,0.0000,0.0000,0.0000,0.0000,0.0100,0.0100,0.0100,0.0100,0.00,42251.00
KXNHL-26-DET,1762754400,0.0000,0.0000,0.0000,0.0000,0.0100,0.0100,0.0100,0.0100,0.00,42251.00
KXNHL-26-DET,1762758000,0.0000,0.0000,0.0000,0.0000,0.0100,0.0100,0.0100,0.0100,0.00,42251.00
KXNHL-26-DET,1762761600,0.0000,0.0000,0.0000,0.0000,0.0100,0.0100,0.0100,0.0100,0.00,42251.00
KXNHL-26-DET,1762765200,0.0000,0.0000,0.0000,0.0000,0.0100,0.0100,0.0100,0.0100,0.00,42251.00
KXNHL-26-DET,1762768800,0.0000,0.0000,0.0000,0.0000,0.0100,0.0100,0.0100,0.0100,0.00,42251.00
KXNHL-26-DET,1762772400,0.0000,0.0000,0.0000,0.0000,0.0100,0.0100,0.0100,0.0100,0.00,42251.00
KXNHL-26-DET,1762776000,0.0000,0.0000,0.0000,0.0000,0.0100,0.0100,0.0100,0.0100,0.00,42251.00
KXNHL-26-DET,1762779600,0.0000,0.0000,0.0000,0.0000,0.0100,0.0100,0.0100,0.0100,0.00,42251.00
KXNHL-26-DET,1762783200,0.0000,0.0000,0.0000,0.0000,0.0100,0.0100,0.0100,0.0100,0.00,42251.00
KXNHL-26-DET,1762786800,0.0000,0.0000,0.0000,0.0000,0.0100,0.0100,0.0100,0.0100,0.00,42251.00
KXNHL-26-DET,1762790400,0.0000,0.0000,0.0000,0.0000,0.0100,0.0100,0.0100,0.0100,0.00,42251.00
KXNHL-26-DET,1762794000,0.0000,0.0000,0.0000,0.0000,0.0100,0.0100,0.0100,0.0100,0.00,42251.00
KXNHL-26-DET,1762797600,0.0000,0.0000,0.0000,0.0000,0.0100,0.0100,0.0100,0.0100,0.00,42251.00
KXNHL-26-DET,1762801200,0.0000,0.0000,0.0000,0.0000,0.0100,0.0100,0.0100,0.0100,0.00,42251.00
KXNHL-26-DET,1762804800,0.0000,0.0000,0.0000,0.0000,0.0100,0.0100,0.0100,0.0100,0.00,42251.00
KXNHL-26-DET,1762808400,0.0000,0.0000,0.0000,0.0000,0.0100,0.0100,0.0100,0.0100,0.00,42251.00
KXNHL-26-DET,1762815600,0.0000,0.0000,0.0000,0.0000,0.0100,0.0100,0.0100,0.0100,0.00,42251.00
KXNHL-26-DET,1762819200,0.0000,0.0000,0.0000,0.0000,0.0100,0.0100,0.0100,0.0100,0.00,42251.00
KXNHL-26-DET,1762826400,0.0000,0.0000,0.0000,0.0000,0.0100,0.0100,0.0100,0.0100,0.00,42251.00
KXNHL-26-DET,1762830000,0.0000,0.0000,0.0000,0.0000,0.0100,0.0100,0.0100,0.0100,0.00,42251.00
KXNHL-26-DET,1762833600,0.0000,0.0000,0.0000,0.0000,0.0100,0.0100,0.0100,0.0100,0.00,42251.00
KXNHL-26-DET,1762837200,0.0000,0.0000,0.0000,0.0000,0.0100,0.0100,0.0100,0.0100,0.00,42251.00
KXNHL-26-DET,1762840800,0.0000,0.0000,0.0000,0.0000,0.0100,0.0100,0.0100,0.0100,0.00,42251.00
KXNHL-26-DET,1762844400,0.0000,0.0000,0.0000,0.0000,0.0100,0.0100,0.0100,0.0100,2337.00,44588.00
KXNHL-26-DET,1762848000,0.0000,0.0000,0.0000,0.0000,0.0100,0.0100,0.0100,0.0100,0.00,44588.00
KXNHL-26-DET,1762851600,0.0000,0.0000,0.0000,0.0000,0.0100,0.0100,0.0100,0.0100,0.00,44588.00
KXNHL-26-DET,1762855200,0.0000,0.0000,0.0000,0.0000,0.0100,0.0100,0.0100,0.0100,0.00,44588.00
KXNHL-26-DET,1762858800,0.0000,0.0000,0.0000,0.0000,0.0100,0.0100,0.0100,0.0100,0.00,44588.00
KXNHL-26-DET,1762862400,0.0000,0.0000,0.0000,0.0000,0.0100,0.0100,0.0100,0.0100,0.00,44588.00
KXNHL-26-DET,1762866000,0.0000,0.0000,0.0000,0.0000,0.0100,0.0100,0.0100,0.0100,0.00,44588.00
KXNHL-26-DET,1762869600,0.0000,0.0000,0.0000,0.0000,0.0100,0.0100,0.0100,0.0100,0.00,44588.00
KXNHL-26-DET,1762873200,0.0000,0.0000,0.0000,0.0000,0.0100,0.0100,0.0100,0.0100,0.00,44588.00
KXNHL-26-DET,1762880400,0.0000,0.0000,0.0000,0.0000,0.0100,0.0100,0.0100,0.0100,0.00,44588.00
KXNHL-26-DET,1762884000,0.0000,0.0000,0.0000,0.0000,0.0100,0.0100,0.0100,0.0100,0.00,44588.00
KXNHL-26-DET,1762891200,0.0000,0.0000,0.0000,0.0000,0.0100,0.0100,0.0100,0.0100,0.00,44588.00
KXNHL-26-DET,1762894800,0.0000,0.0000,0.0000,0.0000,0.0100,0.0100,0.0100,0.0100,0.00,44588.00
KXNHL-26-DET,1762898400,0.0000,0.0000,0.0000,0.0000,0.0100,0.0100,0.0100,0.0100,0.00,44588.00
KXNHL-26-DET,1762902000,0.0000,0.0000,0.0000,0.0000,0.0100,0.0100,0.0100,0.0100,280.00,44868.00
KXNHL-26-DET,1762905600,0.0000,0.0000,0.0000,0.0000,0.0100,0.0100,0.0100,0.0100,0.00,44868.00
KXNHL-26-DET,1762909200,0.0000,0.0000,0.0000,0.0000,0.0100,0.0100,0.0100,0.0100,0.00,44868.00
KXNHL-26-DET,1762912800,0.0000,0.0000,0.0000,0.0000,0.0100,0.0100,0.0100,0.0100,0.00,44868.00
KXNHL-26-DET,1762916400,0.0000,0.0000,0.0000,0.0000,0.0100,0.0100,0.0100,0.0100,0.00,44868.00
KXNHL-26-DET,1762920000,0.0000,0.0000,0.0000,0.0000,0.0100,0.0100,0.0100,0.0100,0.00,44868.00
KXNHL-26-DET,1762923600,0.0000,0.0000,0.0000,0.0000,0.0100,0.0100,0.0100,0.0100,0.00,44868.00
KXNHL-26-DET,1762927200,0.0000,0.0000,0.0000,0.0000,0.0100,0.0100,0.0100,0.0100,0.00,44868.00
KXNHL-26-DET,1762930800,0.0000,0.0000,0.0000,0.0000,0.0100,0.0100,0.0100,0.0100,0.00,44868.00
KXNHL-26-DET,1762934400,0.0000,0.0000,0.0000,0.0000,0.0100,0.0100,0.0100,0.0100,0.00,44868.00
KXNHL-26-DET,1762938000,0.0000,0.0000,0.0000,0.0000,0.0100,0.0100,0.0100,0.0100,0.00,44868.00
KXNHL-26-DET,1762941600,0.0000,0.0000,0.0000,0.0000,0.0100,0.0100,0.0100,0.0100,0.00,44868.00
KXNHL-26-DET,1762945200,0.0000,0.0000,0.0000,0.0000,0.0100,0.0100,0.0100,0.0100,0.00,44868.00
KXNHL-26-DET,1762948800,0.0000,0.0000,0.0000,0.0000,0.0100,0.0100,0.0100,0.0100,0.00,44868.00
KXNHL-26-DET,1762952400,0.0000,0.0000,0.0000,0.0000,0.0100,0.0100,0.0100,0.0100,0.00,44868.00
KXNHL-26-DET,1762956000,0.0000,0.0000,0.0000,0.0000,0.0100,0.0100,0.0100,0.0100,0.00,44868.00
KXNHL-26-DET,1762959600,0.0000,0.0000,0.0000,0.0000,0.0100,0.0100,0.0100,0.0100,0.00,44868.00
KXNHL-26-DET,1762963200,0.0000,0.0000,0.0000,0.0000,0.0100,0.0100,0.0100,0.0100,0.00,44868.00
KXNHL-26-DET,1762966800,0.0000,0.0000,0.0000,0.0000,0.0100,0.0100,0.0100,0.0100,0.00,44868.00
KXNHL-26-DET,1762970400,0.0000,0.0000,0.0000,0.0000,0.0100,0.0100,0.0100,0.0100,0.00,44868.00
KXNHL-26-DET,1762977600,0.0000,0.0000,0.0000,0.0000,0.0100,0.0100,0.0100,0.0100,0.00,44868.00
KXNHL-26-DET,1762984800,0.0000,0.0000,0.0000,0.0000,0.0100,0.0100,0.0100,0.0100,0.00,44868.00
KXNHL-26-DET,1762988400,0.0000,0.0000,0.0000,0.0000,0.0100,0.0100,0.0100,0.0100,0.00,44868.00
KXNHL-26-DET,1762992000,0.0000,0.0000,0.0000,0.0000,0.0100,0.0100,0.0100,0.0100,0.00,44868.00
KXNHL-26-DET,1762995600,0.0000,0.0000,0.0000,0.0000,0.0100,0.0100,0.0100,0.0100,0.00,44868.00
KXNHL-26-DET,1762999200,0.0000,0.0000,0.0000,0.0000,0.0100,0.0100,0.0100,0.0100,0.00,44868.00
KXNHL-26-DET,1763002800,0.0000,0.0000,0.0000,0.0000,0.0100,0.0100,0.0100,0.0100,0.00,44868.00
KXNHL-26-DET,1763006400,0.0000,0.0000,0.0000,0.0000,0.0100,0.0100,0.0100,0.0100,0.00,44868.00
KXNHL-26-DET,1763010000,0.0000,0.0000,0.0000,0.0000,0.0100,0.0100,0.0100,0.0100,0.00,44868.00
KXNHL-26-DET,1763013600,0.0000,0.0000,0.0000,0.0000,0.0100,0.0100,0.0100,0.0100,0.00,44868.00
KXNHL-26-DET,1763017200,0.0000,0.0000,0.0000,0.0000,0.0100,0.0100,0.0100,0.0100,46.00,44914.00
KXNHL-26-DET,1763020800,0.0000,0.0000,0.0000,0.0000,0.0100,0.0100,0.0100,0.0100,0.00,44914.00
KXNHL-26-DET,1763028000,0.0000,0.0000,0.0000,0.0000,0.0100,0.0100,0.0100,0.0100,0.00,44914.00
KXNHL-26-DET,1763031600,0.0000,0.0000,0.0000,0.0000,0.0100,0.0100,0.0100,0.0100,0.00,44914.00
KXNHL-26-DET,1763035200,0.0000,0.0000,0.0000,0.0000,0.0100,0.0100,0.0100,0.0100,0.00,44914.00
KXNHL-26-DET,1763038800,0.0000,0.0000,0.0000,0.0000,0.0100,0.0100,0.0100,0.0100,0.00,44914.00
KXNHL-26-DET,1763046000,0.0000,0.0000,0.0000,0.0000,0.0100,0.0100,0.0100,0.0100,0.00,44914.00
KXNHL-26-DET,1763049600,0.0000,0.0000,0.0000,0.0000,0.0100,0.0100,0.0100,0.0100,0.00,44914.00
KXNHL-26-DET,1763053200,0.0000,0.0000,0.0000,0.0000,0.0100,0.0100,0.0100,0.0100,0.00,44914.00
KXNHL-26-DET,1763056800,0.0000,0.0000,0.0000,0.0000,0.0100,0.0100,0.0100,0.0100,0.00,44914.00
KXNHL-26-DET,1763060400,0.0000,0.0000,0.0000,0.0000,0.0100,0.0100,0.0100,0.0100,0.00,44914.00
KXNHL-26-DET,1763067600,0.0000,0.0000,0.0000,0.0000,0.0100,0.0100,0.0100,0.0100,0.00,44914.00
KXNHL-26-DET,1763071200,0.0000,0.0000,0.0000,0.0000,0.0100,0.0100,0.0100,0.0100,0.00,44914.00
KXNHL-26-DET,1763074800,0.0000,0.0000,0.0000,0.0000,0.0100,0.0100,0.0100,0.0100,0.00,44914.00
KXNHL-26-DET,1763078400,0.0000,0.0000,0.0000,0.0000,0.0100,0.0100,0.0100,0.0100,0.00,44914.00
KXNHL-26-DET,1763082000,0.0000,0.0000,0.0000,0.0000,0.0100,0.0100,0.0100,0.0100,0.00,44914.00
KXNHL-26-DET,1763085600,0.0000,0.0000,0.0000,0.0000,0.0100,0.0100,0.0100,0.0100,0.00,44914.00
KXNHL-26-DET,1763089200,0.0000,0.0000,0.0000,0.0000,0.0100,0.0100,0.0100,0.0100,0.00,44914.00
KXNHL-26-DET,1763092800,0.0000,0.0000,0.0000,0.0000,0.0100,0.0100,0.0100,0.0100,0.00,44914.00
KXNHL-26-DET,1763096400,0.0000,0.0000,0.0000,0.0000,0.0100,0.0100,0.0100,0.0100,0.00,44914.00
KXNHL-26-DET,1763100000,0.0000,0.0000,0.0000,0.0000,0.0100,0.0100,0.0100,0.0100,0.00,44914.00
KXNHL-26-DET,1763103600,0.0000,0.0000,0.0000,0.0000,0.0100,0.0100,0.0100,0.0100,0.00,44914.00
KXNHL-26-DET,1763107200,0.0000,0.0000,0.0000,0.0000,0.0100,0.0100,0.0100,0.0100,0.00,44914.00
KXNHL-26-DET,1763110800,0.0000,0.0000,0.0000,0.0000,0.0100,0.0100,0.0100,0.0100,0.00,44914.00
KXNHL-26-DET,1763114400,0.0000,0.0000,0.0000,0.0000,0.0100,0.0100,0.0100,0.0100,0.00,44914.00
KXNHL-26-DET,1763118000,0.0000,0.0000,0.0000,0.0000,0.0100,0.0100,0.0100,0.0100,0.00,44914.00
KXNHL-26-DET,1763121600,0.0000,0.0000,0.0000,0.0000,0.0100,0.0100,0.0100,0.0100,0.00,44914.00
KXNHL-26-DET,1763125200,0.0000,0.0000,0.0000,0.0000,0.0100,0.0100,0.0100,0.0100,0.00,44914.00
KXNHL-26-DET,1763128800,0.0000,0.0000,0.0000,0.0000,0.0100,0.0100,0.0100,0.0100,0.00,44914.00
KXNHL-26-DET,1763132400,0.0000,0.0000,0.0000,0.0000,0.0100,0.0100,0.0100,0.0100,0.00,44914.00
KXNHL-26-DET,1763136000,0.0000,0.0000,0.0000,0.0000,0.0100,0.0100,0.0100,0.0100,0.00,44914.00
KXNHL-26-DET,1763143200,0.0000,0.0000,0.0000,0.0000,0.0100,0.0100,0.0100,0.0100,0.00,44914.00
KXNHL-26-DET,1763146800,0.0000,0.0000,0.0000,0.0000,0.0100,0.0100,0.0100,0.0100,0.00,44914.00
KXNHL-26-DET,1763150400,0.0000,0.0000,0.0000,0.0000,0.0100,0.0100,0.0100,0.0100,0.00,44914.00
KXNHL-26-DET,1763154000,0.0000,0.0000,0.0000,0.0000,0.0100,0.0100,0.0100,0.0100,0.00,44914.00
KXNHL-26-DET,1763157600,0.0000,0.0000,0.0000,0.0000,0.0100,0.0100,0.0100,0.0100,0.00,44914.00
KXNHL-26-DET,1763161200,0.0000,0.0000,0.0000,0.0000,0.0100,0.0100,0.0100,0.0100,0.00,44914.00
KXNHL-26-DET,1763164800,0.0000,0.0000,0.0000,0.0000,0.0100,0.0100,0.0100,0.0100,0.00,44914.00
KXNHL-26-DET,1763172000,0.0000,0.0000,0.0000,0.0000,0.0100,0.0100,0.0100,0.0100,0.00,44914.00
KXNHL-26-DET,1763175600,0.0000,0.0000,0.0000,0.0000,0.0100,0.0100,0.0100,0.0100,0.00,44914.00
KXNHL-26-DET,1763179200,0.0000,0.0000,0.0000,0.0000,0.0100,0.0100,0.0100,0.0100,0.00,44914.00
KXNHL-26-DET,1763182800,0.0000,0.0000,0.0000,0.0000,0.0100,0.0100,0.0100,0.0100,0.00,44914.00
KXNHL-26-DET,1763186400,0.0000,0.0000,0.0000,0.0000,0.0100,0.0100,0.0100,0.0100,0.00,44914.00
KXNHL-26-DET,1763190000,0.0000,0.0000,0.0000,0.0000,0.0100,0.0100,0.0100,0.0100,0.00,44914.00
KXNHL-26-DET,1763193600,0.0000,0.0000,0.0000,0.0000,0.0100,0.0100,0.0100,0.0100,0.00,44914.00
KXNHL-26-DET,1763197200,0.0000,0.0000,0.0000,0.0000,0.0100,0.0100,0.0100,0.0100,0.00,44914.00
KXNHL-26-DET,1763204400,0.0000,0.0000,0.0000,0.0000,0.0100,0.0100,0.0100,0.0100,0.00,44914.00
KXNHL-26-DET,1763208000,0.0000,0.0000,0.0000,0.0000,0.0100,0.0100,0.0100,0.0100,0.00,44914.00
KXNHL-26-DET,1763211600,0.0000,0.0000,0.0000,0.0000,0.0100,0.0100,0.0100,0.0100,0.00,44914.00
KXNHL-26-DET,1763218800,0.0000,0.0000,0.0000,0.0000,0.0100,0.0100,0.0100,0.0100,0.00,44914.00
KXNHL-26-DET,1763222400,0.0000,0.0000,0.0000,0.0000,0.0100,0.0100,0.0100,0.0100,0.00,44914.00
KXNHL-26-DET,1763226000,0.0000,0.0000,0.0000,0.0000,0.0100,0.0100,0.0100,0.0100,0.00,44914.00
KXNHL-26-DET,1763229600,0.0000,0.0000,0.0000,0.0000,0.0100,0.0100,0.0100,0.0100,0.00,44914.00
KXNHL-26-DET,1763233200,0.0000,0.0000,0.0000,0.0000,0.0100,0.0100,0.0100,0.0100,0.00,44914.00
KXNHL-26-DET,1763236800,0.0000,0.0000,0.0000,0.0000,0.0100,0.0100,0.0100,0.0100,0.00,44914.00
KXNHL-26-DET,1763240400,0.0000,0.0000,0.0000,0.0000,0.0100,0.0100,0.0100,0.0100,0.00,44914.00
KXNHL-26-DET,1763244000,0.0000,0.0000,0.0000,0.0000,0.0100,0.0100,0.0100,0.0100,0.00,44914.00
KXNHL-26-DET,1763251200,0.0000,0.0000,0.0000,0.0000,0.0100,0.0100,0.0100,0.0100,0.00,44914.00
KXNHL-26-DET,1763254800,0.0000,0.0000,0.0000,0.0000,0.0100,0.0100,0.0100,0.0100,0.00,44914.00
KXNHL-26-DET,1763258400,0.0000,0.0000,0.0000,0.0000,0.0100,0.0100,0.0100,0.0100,0.00,44914.00
KXNHL-26-DET,1763262000,0.0000,0.0000,0.0000,0.0000,0.0100,0.0100,0.0100,0.0100,0.00,44914.00
KXNHL-26-DET,1763265600,0.0000,0.0000,0.0000,0.0000,0.0100,0.0100,0.0100,0.0100,0.00,44914.00
KXNHL-26-DET,1763269200,0.0000,0.0000,0.0000,0.0000,0.0100,0.0100,0.0100,0.0100,0.00,44914.00
KXNHL-26-DET,1763272800,0.0000,0.0000,0.0000,0.0000,0.0100,0.0100,0.0100,0.0100,0.00,44914.00
KXNHL-26-DET,1763276400,0.0000,0.0000,0.0000,0.0000,0.0100,0.0100,0.0100,0.0100,0.00,44914.00
KXNHL-26-DET,1763280000,0.0000,0.0000,0.0000,0.0000,0.0100,0.0100,0.0100,0.0100,0.00,44914.00
KXNHL-26-DET,1763283600,0.0000,0.0000,0.0000,0.0000,0.0100,0.0100,0.0100,0.0100,0.00,44914.00
KXNHL-26-DET,1763287200,0.0000,0.0000,0.0000,0.0000,0.0100,0.0100,0.0100,0.0100,0.00,44914.00
KXNHL-26-DET,1763290800,0.0000,0.0000,0.0000,0.0000,0.0100,0.0100,0.0100,0.0100,0.00,44914.00
KXNHL-26-DET,1763294400,0.0000,0.0000,0.0000,0.0000,0.0100,0.0100,0.0100,0.0100,0.00,44914.00
KXNHL-26-DET,1763298000,0.0000,0.0000,0.0000,0.0000,0.0100,0.0100,0.0100,0.0100,0.00,44914.00
KXNHL-26-DET,1763301600,0.0000,0.0000,0.0000,0.0000,0.0100,0.0100,0.0100,0.0100,0.00,44914.00
KXNHL-26-DET,1763305200,0.0000,0.0000,0.0000,0.0000,0.0100,0.0100,0.0100,0.0100,0.00,44914.00
KXNHL-26-DET,1763312400,0.0000,0.0000,0.0000,0.0000,0.0100,0.0100,0.0100,0.0100,0.00,44914.00
KXNHL-26-DET,1763316000,0.0000,0.0000,0.0000,0.0000,0.0100,0.0100,0.0100,0.0100,0.00,44914.00
KXNHL-26-DET,1763319600,0.0000,0.0000,0.0000,0.0000,0.0100,0.0100,0.0100,0.0100,0.00,44914.00
KXNHL-26-DET,1763323200,0.0000,0.0000,0.0000,0.0000,0.0100,0.0100,0.0100,0.0100,0.00,44914.00
KXNHL-26-DET,1763330400,0.0000,0.0000,0.0000,0.0000,0.0100,0.0100,0.0100,0.0100,0.00,44914.00
KXNHL-26-DET,1763337600,0.0000,0.0000,0.0000,0.0000,0.0100,0.0100,0.0100,0.0100,0.00,44914.00
KXNHL-26-DET,1763341200,0.0000,0.0000,0.0000,0.0000,0.0100,0.0100,0.0100,0.0100,0.00,44914.00
KXNHL-26-DET,1763344800,0.0000,0.0000,0.0000,0.0000,0.0100,0.0100,0.0100,0.0100,0.00,44914.00
KXNHL-26-DET,1763348400,0.0000,0.0000,0.0000,0.0000,0.0100,0.0100,0.0100,0.0100,0.00,44914.00
KXNHL-26-DET,1763352000,0.0000,0.0000,0.0000,0.0000,0.0100,0.0100,0.0100,0.0100,0.00,44914.00
KXNHL-26-DET,1763355600,0.0000,0.0000,0.0000,0.0000,0.0100,0.0100,0.0100,0.0100,23.00,44937.00
KXNHL-26-DET,1763359200,0.0000,0.0000,0.0000,0.0000,0.0100,0.0100,0.0100,0.0100,0.00,44937.00
KXNHL-26-DET,1763362800,0.0000,0.0000,0.0000,0.0000,0.0100,0.0100,0.0100,0.0100,0.00,44937.00
KXNHL-26-DET,1763366400,0.0000,0.0000,0.0000,0.0000,0.0100,0.0100,0.0100,0.0100,0.00,44937.00
KXNHL-26-DET,1763370000,0.0000,0.0000,0.0000,0.0000,0.0100,0.0100,0.0100,0.0100,0.00,44937.00
KXNHL-26-DET,1763373600,0.0000,0.0000,0.0000,0.0000,0.0100,0.0100,0.0100,0.0100,0.00,44937.00
KXNHL-26-DET,1763377200,0.0000,0.0000,0.0000,0.0000,0.0100,0.0100,0.0100,0.0100,0.00,44937.00
KXNHL-26-DET,1763380800,0.0000,0.0000,0.0000,0.0000,0.0100,0.0100,0.0100,0.0100,0.00,44937.00
KXNHL-26-DET,1763384400,0.0000,0.0000,0.0000,0.0000,0.0100,0.0100,0.0100,0.0100,0.00,44937.00
KXNHL-26-DET,1763388000,0.0000,0.0000,0.0000,0.0000,0.0100,0.0100,0.0100,0.0100,0.00,44937.00
KXNHL-26-DET,1763391600,0.0000,0.0000,0.0000,0.0000,0.0100,0.0100,0.0100,0.0100,0.00,44937.00
KXNHL-26-DET,1763398800,0.0000,0.0000,0.0000,0.0000,0.0100,0.0100,0.0100,0.0100,0.00,44937.00
KXNHL-26-DET,1763402400,0.0000,0.0000,0.0000,0.0000,0.0100,0.0100,0.0100,0.0100,0.00,44937.00
KXNHL-26-DET,1763406000,0.0000,0.0000,0.0000,0.0000,0.0100,0.0100,0.0100,0.0100,0.00,44937.00
KXNHL-26-DET,1763409600,0.0000,0.0000,0.0000,0.0000,0.0100,0.0100,0.0100,0.0100,0.00,44937.00
KXNHL-26-DET,1763416800,0.0000,0.0000,0.0000,0.0000,0.0100,0.0100,0.0100,0.0100,0.00,44937.00
KXNHL-26-DET,1763420400,0.0000,0.0000,0.0000,0.0000,0.0100,0.0100,0.0100,0.0100,0.00,44937.00
KXNHL-26-DET,1763424000,0.0000,0.0000,0.0000,0.0000,0.0100,0.0100,0.0100,0.0100,0.00,44937.00
KXNHL-26-DET,1763427600,0.0000,0.0000,0.0000,0.0000,0.0100,0.0100,0.0100,0.0100,0.00,44937.00
KXNHL-26-DET,1763431200,0.0000,0.0000,0.0000,0.0000,0.0100,0.0100,0.0100,0.0100,0.00,44937.00
KXNHL-26-DET,1763434800,0.0000,0.0000,0.0000,0.0000,0.0100,0.0100,0.0100,0.0100,0.00,44937.00
KXNHL-26-DET,1763438400,0.0000,0.0000,0.0000,0.0000,0.0100,0.0100,0.0100,0.0100,0.00,44937.00
KXNHL-26-DET,1763442000,0.0000,0.0000,0.0000,0.0000,0.0100,0.0100,0.0100,0.0100,0.00,44937.00
KXNHL-26-DET,1763445600,0.0000,0.0000,0.0000,0.0000,0.0100,0.0100,0.0100,0.0100,0.00,44937.00
KXNHL-26-DET,1763449200,0.0000,0.0000,0.0000,0.0000,0.0100,0.0100,0.0100,0.0100,0.00,44937.00
KXNHL-26-DET,1763452800,0.0000,0.0000,0.0000,0.0000,0.0100,0.0100,0.0100,0.0100,0.00,44937.00
KXNHL-26-DET,1763456400,0.0000,0.0000,0.0000,0.0000,0.0100,0.0100,0.0100,0.0100,0.00,44937.00
KXNHL-26-DET,1763460000,0.0000,0.0000,0.0000,0.0000,0.0100,0.0100,0.0100,0.0100,0.00,44937.00
KXNHL-26-DET,1763467200,0.0000,0.0000,0.0000,0.0000,0.0100,0.0100,0.0100,0.0100,0.00,44937.00
KXNHL-26-DET,1763470800,0.0000,0.0000,0.0000,0.0000,0.0100,0.0100,0.0100,0.0100,0.00,44937.00
KXNHL-26-DET,1763474400,0.0000,0.0000,0.0000,0.0000,0.0100,0.0100,0.0100,0.0100,0.00,44937.00
KXNHL-26-DET,1763478000,0.0000,0.0000,0.0000,0.0000,0.0100,0.0100,0.0100,0.0100,0.00,44937.00
KXNHL-26-DET,1763485200,0.0000,0.0000,0.0000,0.0000,0.0100,0.0100,0.0100,0.0100,0.00,44937.00
KXNHL-26-DET,1763492400,0.0000,0.0000,0.0000,0.0000,0.0100,0.0100,0.0100,0.0100,0.00,44937.00
KXNHL-26-DET,1763499600,0.0000,0.0000,0.0000,0.0000,0.0100,0.0100,0.0100,0.0100,100.00,45037.00
KXNHL-26-DET,1763506800,0.0000,0.0000,0.0000,0.0000,0.0100,0.0100,0.0100,0.0100,0.00,45037.00
KXNHL-26-DET,1763514000,0.0000,0.0000,0.0000,0.0000,0.0100,0.0100,0.0100,0.0100,0.00,45037.00
KXNHL-26-DET,1763517600,0.0000,0.0000,0.0000,0.0000,0.0100,0.0100,0.0100,0.0100,0.00,45037.00
KXNHL-26-DET,1763521200,0.0000,0.0000,0.0000,0.0000,0.0100,0.0100,0.0100,0.0100,0.00,45037.00
KXNHL-26-DET,1763524800,0.0000,0.0000,0.0000,0.0000,0.0100,0.0100,0.0100,0.0100,0.00,45037.00
KXNHL-26-DET,1763528400,0.0000,0.0000,0.0000,0.0000,0.0100,0.0100,0.0100,0.0100,0.00,45037.00
KXNHL-26-DET,1763532000,0.0000,0.0000,0.0000,0.0000,0.0100,0.0100,0.0100,0.0100,0.00,45037.00
KXNHL-26-DET,1763535600,0.0000,0.0000,0.0000,0.0000,0.0100,0.0100,0.0100,0.0100,0.00,45037.00
KXNHL-26-DET,1763539200,0.0000,0.0000,0.0000,0.0000,0.0100,0.0100,0.0100,0.0100,0.00,45037.00
KXNHL-26-DET,1763542800,0.0000,0.0000,0.0000,0.0000,0.0100,0.0100,0.0100,0.0100,345.00,45382.00
KXNHL-26-DET,1763550000,0.0000,0.0000,0.0000,0.0000,0.0100,0.0100,0.0100,0.0100,0.00,45382.00
KXNHL-26-DET,1763553600,0.0000,0.0000,0.0000,0.0000,0.0100,0.0100,0.0100,0.0100,0.00,45382.00
KXNHL-26-DET,1763557200,0.0000,0.0000,0.0000,0.0000,0.0100,0.0100,0.0100,0.0100,0.00,45382.00
KXNHL-26-DET,1763560800,0.0000,0.0000,0.0000,0.0000,0.0100,0.0100,0.0100,0.0100,0.00,45382.00
KXNHL-26-DET,1763564400,0.0000,0.0000,0.0000,0.0000,0.0100,0.0100,0.0100,0.0100,935.00,46317.00
KXNHL-26-DET,1763568000,0.0000,0.0000,0.0000,0.0000,0.0100,0.0100,0.0100,0.0100,0.00,46317.00
KXNHL-26-DET,1763571600,0.0000,0.0000,0.0000,0.0000,0.0100,0.0100,0.0100,0.0100,0.00,46317.00
KXNHL-26-DET,1763575200,0.0000,0.0000,0.0000,0.0000,0.0100,0.0100,0.0100,0.0100,0.00,46317.00
KXNHL-26-DET,1763578800,0.0000,0.0000,0.0000,0.0000,0.0100,0.0100,0.0100,0.0100,0.00,46317.00
KXNHL-26-DET,1763582400,0.0000,0.0000,0.0000,0.0000,0.0100,0.0100,0.0100,0.0100,0.00,46317.00
KXNHL-26-DET,1763586000,0.0000,0.0000,0.0000,0.0000,0.0100,0.0100,0.0100,0.0100,0.00,46317.00
KXNHL-26-DET,1763589600,0.0000,0.0000,0.0000,0.0000,0.0100,0.0100,0.0100,0.0100,0.00,46317.00
KXNHL-26-DET,1763593200,0.0000,0.0000,0.0000,0.0000,0.0100,0.0100,0.0100,0.0100,0.00,46317.00
KXNHL-26-DET,1763596800,0.0000,0.0000,0.0000,0.0000,0.0100,0.0100,0.0100,0.0100,0.00,46317.00
KXNHL-26-DET,1763600400,0.0000,0.0000,0.0000,0.0000,0.0100,0.0100,0.0100,0.0100,0.00,46317.00
KXNHL-26-DET,1763604000,0.0000,0.0000,0.0000,0.0000,0.0100,0.0100,0.0100,0.0100,200.00,46517.00
KXNHL-26-DET,1763607600,0.0000,0.0000,0.0000,0.0000,0.0100,0.0100,0.0100,0.0100,0.00,46517.00
KXNHL-26-DET,1763611200,0.0000,0.0000,0.0000,0.0000,0.0100,0.0100,0.0100,0.0100,0.00,46517.00
KXNHL-26-DET,1763614800,0.0000,0.0000,0.0000,0.0000,0.0100,0.0100,0.0100,0.0100,0.00,46517.00
KXNHL-26-DET,1763618400,0.0000,0.0000,0.0000,0.0000,0.0100,0.0100,0.0100,0.0100,0.00,46517.00
KXNHL-26-DET,1763622000,0.0000,0.0000,0.0000,0.0000,0.0100,0.0100,0.0100,0.0100,0.00,46517.00
KXNHL-26-DET,1763625600,0.0000,0.0000,0.0000,0.0000,0.0100,0.0100,0.0100,0.0100,0.00,46517.00
KXNHL-26-DET,1763629200,0.0000,0.0000,0.0000,0.0000,0.0100,0.0100,0.0100,0.0100,0.00,46517.00
KXNHL-26-DET,1763636400,0.0000,0.0000,0.0000,0.0000,0.0100,0.0100,0.0100,0.0100,0.00,46517.00
KXNHL-26-DET,1763640000,0.0000,0.0000,0.0000,0.0000,0.0100,0.0100,0.0100,0.0100,0.00,46517.00
KXNHL-26-DET,1763643600,0.0000,0.0000,0.0000,0.0000,0.0100,0.0100,0.0100,0.0100,0.00,46517.00
KXNHL-26-DET,1763647200,0.0000,0.0000,0.0000,0.0000,0.0100,0.0100,0.0100,0.0100,0.00,46517.00
KXNHL-26-DET,1763654400,0.0000,0.0000,0.0000,0.0000,0.0100,0.0100,0.0100,0.0100,0.00,46517.00
KXNHL-26-DET,1763658000,0.0000,0.0000,0.0000,0.0000,0.0100,0.0100,0.0100,0.0100,0.00,46517.00
KXNHL-26-DET,1763661600,0.0000,0.0000,0.0000,0.0000,0.0100,0.0100,0.0100,0.0100,0.00,46517.00
KXNHL-26-DET,1763665200,0.0000,0.0000,0.0000,0.0000,0.0100,0.0100,0.0100,0.0100,0.00,46517.00
KXNHL-26-DET,1763668800,0.0000,0.0000,0.0000,0.0000,0.0100,0.0100,0.0100,0.0100,0.00,46517.00
KXNHL-26-DET,1763676000,0.0000,0.0000,0.0000,0.0000,0.0100,0.0100,0.0100,0.0100,0.00,46517.00
KXNHL-26-DET,1763679600,0.0000,0.0000,0.0000,0.0000,0.0100,0.0100,0.0100,0.0100,0.00,46517.00
KXNHL-26-DET,1763683200,0.0000,0.0000,0.0000,0.0000,0.0100,0.0100,0.0100,0.0100,0.00,46517.00
KXNHL-26-DET,1763690400,0.0000,0.0000,0.0000,0.0000,0.0100,0.0100,0.0100,0.0100,0.00,46517.00
KXNHL-26-DET,1763697600,0.0000,0.0000,0.0000,0.0000,0.0100,0.0100,0.0100,0.0100,0.00,46517.00
KXNHL-26-DET,1763701200,0.0000,0.0000,0.0000,0.0000,0.0100,0.0100,0.0100,0.0100,0.00,46517.00
KXNHL-26-DET,1763704800,0.0000,0.0000,0.0000,0.0000,0.0100,0.0100,0.0100,0.0100,0.00,46517.00
KXNHL-26-DET,1763708400,0.0000,0.0000,0.0000,0.0000,0.0100,0.0100,0.0100,0.0100,0.00,46517.00
KXNHL-26-DET,1763712000,0.0000,0.0000,0.0000,0.0000,0.0100,0.0100,0.0100,0.0100,0.00,46517.00
KXNHL-26-DET,1763715600,0.0000,0.0000,0.0000,0.0000,0.0100,0.0100,0.0100,0.0100,0.00,46517.00
KXNHL-26-DET,1763722800,0.0000,0.0000,0.0000,0.0000,0.0100,0.0100,0.0100,0.0100,0.00,46517.00
KXNHL-26-DET,1763726400,0.0000,0.0000,0.0000,0.0000,0.0100,0.0100,0.0100,0.0100,0.00,46517.00
KXNHL-26-DET,1763730000,0.0000,0.0000,0.0000,0.0000,0.0100,0.0100,0.0100,0.0100,0.00,46517.00
KXNHL-26-DET,1763733600,0.0000,0.0000,0.0000,0.0000,0.0100,0.0100,0.0100,0.0100,0.00,46517.00
KXNHL-26-DET,1763740800,0.0000,0.0000,0.0000,0.0000,0.0100,0.0100,0.0100,0.0100,0.00,46517.00
KXNHL-26-DET,1763744400,0.0000,0.0000,0.0000,0.0000,0.0100,0.0100,0.0100,0.0100,0.00,46517.00
KXNHL-26-DET,1763748000,0.0000,0.0000,0.0000,0.0000,0.0100,0.0100,0.0100,0.0100,0.00,46517.00
KXNHL-26-DET,1763751600,0.0000,0.0000,0.0000,0.0000,0.0100,0.0100,0.0100,0.0100,0.00,46517.00
KXNHL-26-DET,1763755200,0.0000,0.0000,0.0000,0.0000,0.0100,0.0100,0.0100,0.0100,0.00,46517.00
KXNHL-26-DET,1763762400,0.0000,0.0000,0.0000,0.0000,0.0100,0.0100,0.0100,0.0100,0.00,46517.00
KXNHL-26-DET,1763766000,0.0000,0.0000,0.0000,0.0000,0.0100,0.0100,0.0100,0.0100,0.00,46517.00
KXNHL-26-DET,1763773200,0.0000,0.0000,0.0000,0.0000,0.0100,0.0100,0.0100,0.0100,0.00,46517.00
KXNHL-26-DET,1763780400,0.0000,0.0000,0.0000,0.0000,0.0100,0.0100,0.0100,0.0100,0.00,46517.00
KXNHL-26-DET,1763787600,0.0000,0.0000,0.0000,0.0000,0.0100,0.0100,0.0100,0.0100,0.00,46517.00
KXNHL-26-DET,1763791200,0.0000,0.0000,0.0000,0.0000,0.0100,0.0100,0.0100,0.0100,0.00,46517.00
KXNHL-26-DET,1763794800,0.0000,0.0000,0.0000,0.0000,0.0100,0.0100,0.0100,0.0100,0.00,46517.00
KXNHL-26-DET,1763798400,0.0000,0.0000,0.0000,0.0000,0.0100,0.0100,0.0100,0.0100,0.00,46517.00
KXNHL-26-DET,1763802000,0.0000,0.0000,0.0000,0.0000,0.0100,0.0100,0.0100,0.0100,0.00,46517.00
KXNHL-26-DET,1763805600,0.0000,0.0000,0.0000,0.0000,0.0100,0.0100,0.0100,0.0100,0.00,46517.00
KXNHL-26-DET,1763812800,0.0000,0.0000,0.0000,0.0000,0.0100,0.0100,0.0100,0.0100,0.00,46517.00
KXNHL-26-DET,1763816400,0.0000,0.0000,0.0000,0.0000,0.0100,0.0100,0.0100,0.0100,0.00,46517.00
KXNHL-26-DET,1763820000,0.0000,0.0000,0.0000,0.0000,0.0100,0.0100,0.0100,0.0100,0.00,46517.00
KXNHL-26-DET,1763827200,0.0000,0.0000,0.0000,0.0000,0.0100,0.0100,0.0100,0.0100,0.00,46517.00
KXNHL-26-DET,1763834400,0.0000,0.0000,0.0000,0.0000,0.0100,0.0100,0.0100,0.0100,0.00,46517.00
KXNHL-26-DET,1763845200,0.0000,0.0000,0.0000,0.0000,0.0100,0.0100,0.0100,0.0100,0.00,46517.00
KXNHL-26-DET,1763852400,0.0000,0.0000,0.0000,0.0000,0.0100,0.0100,0.0100,0.0100,0.00,46517.00
KXNHL-26-DET,1763859600,0.0000,0.0000,0.0000,0.0000,0.0100,0.0100,0.0100,0.0100,0.00,46517.00
KXNHL-26-DET,1763863200,0.0000,0.0000,0.0000,0.0000,0.0100,0.0100,0.0100,0.0100,0.00,46517.00
KXNHL-26-DET,1763866800,0.0000,0.0000,0.0000,0.0000,0.0100,0.0100,0.0100,0.0100,0.00,46517.00
KXNHL-26-DET,1763870400,0.0000,0.0000,0.0000,0.0000,0.0100,0.0100,0.0100,0.0100,0.00,46517.00
KXNHL-26-DET,1763874000,0.0000,0.0000,0.0000,0.0000,0.0100,0.0100,0.0100,0.0100,0.00,46517.00
KXNHL-26-DET,1763877600,0.0000,0.0000,0.0000,0.0000,0.0100,0.0100,0.0100,0.0100,0.00,46517.00
KXNHL-26-DET,1763881200,0.0000,0.0000,0.0000,0.0000,0.0100,0.0100,0.0100,0.0100,0.00,46517.00
KXNHL-26-DET,1763888400,0.0000,0.0000,0.0000,0.0000,0.0100,0.0100,0.0100,0.0100,0.00,46517.00
KXNHL-26-DET,1763892000,0.0000,0.0000,0.0000,0.0000,0.0100,0.0100,0.0100,0.0100,0.00,46517.00
KXNHL-26-DET,1763899200,0.0000,0.0000,0.0000,0.0000,0.0100,0.0100,0.0100,0.0100,0.00,46517.00
KXNHL-26-DET,1763902800,0.0000,0.0000,0.0000,0.0000,0.0100,0.0100,0.0100,0.0100,0.00,46517.00
KXNHL-26-DET,1763910000,0.0000,0.0000,0.0000,0.0000,0.0100,0.0100,0.0100,0.0100,50.00,46567.00
KXNHL-26-DET,1763913600,0.0000,0.0000,0.0000,0.0000,0.0100,0.0100,0.0100,0.0100,0.00,46567.00
KXNHL-26-DET,1763917200,0.0000,0.0000,0.0000,0.0000,0.0100,0.0100,0.0100,0.0100,0.00,46567.00
KXNHL-26-DET,1763920800,0.0000,0.0000,0.0000,0.0000,0.0100,0.0100,0.0100,0.0100,1666.00,48233.00
KXNHL-26-DET,1763924400,0.0000,0.0000,0.0000,0.0000,0.0100,0.0100,0.0100,0.0100,0.00,48233.00
KXNHL-26-DET,1763931600,0.0000,0.0000,0.0000,0.0000,0.0100,0.0100,0.0100,0.0100,0.00,48233.00
KXNHL-26-DET,1763938800,0.0000,0.0000,0.0000,0.0000,0.0100,0.0100,0.0100,0.0100,0.00,48233.00
KXNHL-26-DET,1763942400,0.0000,0.0000,0.0000,0.0000,0.0100,0.0100,0.0100,0.0100,0.00,48233.00
KXNHL-26-DET,1763949600,0.0000,0.0000,0.0000,0.0000,0.0100,0.0100,0.0100,0.0100,0.00,48233.00
KXNHL-26-DET,1763953200,0.0000,0.0000,0.0000,0.0000,0.0100,0.0100,0.0100,0.0100,0.00,48233.00
KXNHL-26-DET,1763956800,0.0000,0.0000,0.0000,0.0000,0.0100,0.0100,0.0100,0.0100,0.00,48233.00
KXNHL-26-DET,1763960400,0.0000,0.0000,0.0000,0.0000,0.0100,0.0100,0.0100,0.0100,0.00,48233.00
KXNHL-26-DET,1763964000,0.0000,0.0000,0.0000,0.0000,0.0100,0.0100,0.0100,0.0100,0.00,48233.00
KXNHL-26-DET,1763967600,0.0000,0.0000,0.0000,0.0000,0.0100,0.0100,0.0100,0.0100,0.00,48233.00
KXNHL-26-DET,1763971200,0.0000,0.0000,0.0000,0.0000,0.0100,0.0100,0.0100,0.0100,0.00,48233.00
KXNHL-26-DET,1763974800,0.0000,0.0000,0.0000,0.0000,0.0100,0.0100,0.0100,0.0100,0.00,48233.00
KXNHL-26-DET,1763978400,0.0000,0.0000,0.0000,0.0000,0.0100,0.0100,0.0100,0.0100,0.00,48233.00
KXNHL-26-DET,1763982000,0.0000,0.0000,0.0000,0.0000,0.0100,0.0100,0.0100,0.0100,0.00,48233.00
KXNHL-26-DET,1763985600,0.0000,0.0000,0.0000,0.0000,0.0100,0.0100,0.0100,0.0100,0.00,48233.00
KXNHL-26-DET,1763989200,0.0000,0.0000,0.0000,0.0000,0.0100,0.0100,0.0100,0.0100,0.00,48233.00
KXNHL-26-DET,1763992800,0.0000,0.0000,0.0000,0.0000,0.0100,0.0100,0.0100,0.0100,0.00,48233.00
KXNHL-26-DET,1763996400,0.0000,0.0000,0.0000,0.0000,0.0100,0.0100,0.0100,0.0100,0.00,48233.00
KXNHL-26-DET,1764000000,0.0000,0.0000,0.0000,0.0000,0.0100,0.0100,0.0100,0.0100,0.00,48233.00
KXNHL-26-DET,1764003600,0.0000,0.0000,0.0000,0.0000,0.0100,0.0100,0.0100,0.0100,0.00,48233.00
KXNHL-26-DET,1764007200,0.0000,0.0000,0.0000,0.0000,0.0100,0.0100,0.0100,0.0100,0.00,48233.00
KXNHL-26-DET,1764010800,0.0000,0.0000,0.0000,0.0000,0.0100,0.0100,0.0100,0.0100,0.00,48233.00
KXNHL-26-DET,1764014400,0.0000,0.0000,0.0000,0.0000,0.0100,0.0100,0.0100,0.0100,0.00,48233.00
KXNHL-26-DET,1764018000,0.0000,0.0000,0.0000,0.0000,0.0100,0.0100,0.0100,0.0100,0.00,48233.00
KXNHL-26-DET,1764021600,0.0000,0.0000,0.0000,0.0000,0.0100,0.0100,0.0100,0.0100,0.00,48233.00
KXNHL-26-DET,1764025200,0.0000,0.0000,0.0000,0.0000,0.0100,0.0100,0.0100,0.0100,0.00,48233.00
KXNHL-26-DET,1764028800,0.0000,0.0000,0.0000,0.0000,0.0100,0.0100,0.0100,0.0100,0.00,48233.00
KXNHL-26-DET,1764032400,0.0000,0.0000,0.0000,0.0000,0.0100,0.0100,0.0100,0.0100,1402.00,49635.00
KXNHL-26-DET,1764036000,0.0000,0.0000,0.0000,0.0000,0.0100,0.0100,0.0100,0.0100,0.00,49635.00
KXNHL-26-DET,1764039600,0.0000,0.0000,0.0000,0.0000,0.0100,0.0100,0.0100,0.0100,0.00,49635.00
KXNHL-26-DET,1764046800,0.0000,0.0000,0.0000,0.0000,0.0100,0.0100,0.0100,0.0100,0.00,49635.00
KXNHL-26-DET,1764050400,0.0000,0.0000,0.0000,0.0000,0.0100,0.0100,0.0100,0.0100,140.00,49775.00
KXNHL-26-DET,1764054000,0.0000,0.0000,0.0000,0.0000,0.0100,0.0100,0.0100,0.0100,0.00,49775.00
KXNHL-26-DET,1764057600,0.0000,0.0000,0.0000,0.0000,0.0100,0.0100,0.0100,0.0100,0.00,49775.00
KXNHL-26-DET,1764061200,0.0000,0.0000,0.0000,0.0000,0.0100,0.0100,0.0100,0.0100,0.00,49775.00
KXNHL-26-DET,1764064800,0.0000,0.0000,0.0000,0.0000,0.0100,0.0100,0.0100,0.0100,0.00,49775.00
KXNHL-26-DET,1764068400,0.0000,0.0000,0.0000,0.0000,0.0100,0.0100,0.0100,0.0100,0.00,49775.00
KXNHL-26-DET,1764072000,0.0000,0.0000,0.0000,0.0000,0.0100,0.0100,0.0100,0.0100,0.00,49775.00
KXNHL-26-DET,1764075600,0.0000,0.0000,0.0000,0.0000,0.0100,0.0100,0.0100,0.0100,0.00,49775.00
KXNHL-26-DET,1764079200,0.0000,0.0000,0.0000,0.0000,0.0100,0.0100,0.0100,0.0100,0.00,49775.00
KXNHL-26-DET,1764082800,0.0000,0.0000,0.0000,0.0000,0.0100,0.0100,0.0100,0.0100,0.00,49775.00
KXNHL-26-DET,1764086400,0.0000,0.0000,0.0000,0.0000,0.0100,0.0100,0.0100,0.0100,0.00,49775.00
KXNHL-26-DET,1764090000,0.0000,0.0000,0.0000,0.0000,0.0100,0.0100,0.0100,0.0100,0.00,49775.00
KXNHL-26-DET,1764093600,0.0000,0.0000,0.0000,0.0000,0.0100,0.0100,0.0100,0.0100,0.00,49775.00
KXNHL-26-DET,1764097200,0.0000,0.0000,0.0000,0.0000,0.0100,0.0100,0.0100,0.0100,0.00,49775.00
KXNHL-26-DET,1764100800,0.0000,0.0000,0.0000,0.0000,0.0100,0.0100,0.0100,0.0100,0.00,49775.00
KXNHL-26-DET,1764104400,0.0000,0.0000,0.0000,0.0000,0.0100,0.0100,0.0100,0.0100,0.00,49775.00
KXNHL-26-DET,1764108000,0.0000,0.0000,0.0000,0.0000,0.0100,0.0100,0.0100,0.0100,0.00,49775.00
KXNHL-26-DET,1764111600,0.0000,0.0000,0.0000,0.0000,0.0100,0.0100,0.0100,0.0100,0.00,49775.00
KXNHL-26-DET,1764115200,0.0000,0.0000,0.0000,0.0000,0.0100,0.0100,0.0100,0.0100,0.00,49775.00
KXNHL-26-DET,1764122400,0.0000,0.0000,0.0000,0.0000,0.0100,0.0100,0.0100,0.0100,0.00,49775.00
KXNHL-26-DET,1764126000,0.0000,0.0000,0.0000,0.0000,0.0100,0.0100,0.0100,0.0100,0.00,49775.00
KXNHL-26-DET,1764129600,0.0000,0.0000,0.0000,0.0000,0.0100,0.0100,0.0100,0.0100,0.00,49775.00
KXNHL-26-DET,1764133200,0.0000,0.0000,0.0000,0.0000,0.0100,0.0100,0.0100,0.0100,0.00,49775.00
KXNHL-26-DET,1764136800,0.0000,0.0000,0.0000,0.0000,0.0100,0.0100,0.0100,0.0100,0.00,49775.00
KXNHL-26-DET,1764140400,0.0000,0.0000,0.0000,0.0000,0.0100,0.0100,0.0100,0.0100,0.00,49775.00
KXNHL-26-DET,1764144000,0.0000,0.0000,0.0000,0.0000,0.0100,0.0100,0.0100,0.0100,0.00,49775.00
KXNHL-26-DET,1764147600,0.0000,0.0000,0.0000,0.0000,0.0100,0.0100,0.0100,0.0100,0.00,49775.00
KXNHL-26-DET,1764151200,0.0000,0.0000,0.0000,0.0000,0.0100,0.0100,0.0100,0.0100,0.00,49775.00
KXNHL-26-DET,1764154800,0.0000,0.0000,0.0000,0.0000,0.0100,0.0100,0.0100,0.0100,0.00,49775.00
KXNHL-26-DET,1764158400,0.0000,0.0000,0.0000,0.0000,0.0100,0.0100,0.0100,0.0100,0.00,49775.00
KXNHL-26-DET,1764162000,0.0000,0.0000,0.0000,0.0000,0.0100,0.0100,0.0100,0.0100,0.00,49775.00
KXNHL-26-DET,1764165600,0.0000,0.0000,0.0000,0.0000,0.0100,0.0100,0.0100,0.0100,0.00,49775.00
KXNHL-26-DET,1764169200,0.0000,0.0000,0.0000,0.0000,0.0100,0.0100,0.0100,0.0100,0.00,49775.00
KXNHL-26-DET,1764172800,0.0000,0.0000,0.0000,0.0000,0.0100,0.0100,0.0100,0.0100,0.00,49775.00
KXNHL-26-DET,1764176400,0.0000,0.0000,0.0000,0.0000,0.0100,0.0100,0.0100,0.0100,0.00,49775.00
KXNHL-26-DET,1764180000,0.0000,0.0000,0.0000,0.0000,0.0100,0.0100,0.0100,0.0100,0.00,49775.00
KXNHL-26-DET,1764183600,0.0000,0.0000,0.0000,0.0000,0.0100,0.0100,0.0100,0.0100,0.00,49775.00
KXNHL-26-DET,1764187200,0.0000,0.0000,0.0000,0.0000,0.0100,0.0100,0.0100,0.0100,0.00,49775.00
KXNHL-26-DET,1764190800,0.0000,0.0000,0.0000,0.0000,0.0100,0.0100,0.0100,0.0100,0.00,49775.00
KXNHL-26-DET,1764194400,0.0000,0.0000,0.0000,0.0000,0.0100,0.0100,0.0100,0.0100,0.00,49775.00
KXNHL-26-DET,1764198000,0.0000,0.0000,0.0000,0.0000,0.0100,0.0100,0.0100,0.0100,0.00,49775.00
KXNHL-26-DET,1764201600,0.0000,0.0000,0.0000,0.0000,0.0100,0.0100,0.0100,0.0100,0.00,49775.00
KXNHL-26-DET,1764205200,0.0000,0.0000,0.0000,0.0000,0.0100,0.0100,0.0100,0.0100,500.00,50275.00
KXNHL-26-DET,1764208800,0.0000,0.0000,0.0000,0.0000,0.0100,0.0100,0.0100,0.0100,0.00,50275.00
KXNHL-26-DET,1764212400,0.0000,0.0000,0.0000,0.0000,0.0100,0.0100,0.0100,0.0100,0.00,50275.00
KXNHL-26-DET,1764216000,0.0000,0.0000,0.0000,0.0000,0.0100,0.0100,0.0100,0.0100,0.00,50275.00
KXNHL-26-DET,1764219600,0.0000,0.0000,0.0000,0.0000,0.0100,0.0100,0.0100,0.0100,0.00,50275.00
KXNHL-26-DET,1764223200,0.0000,0.0000,0.0000,0.0000,0.0100,0.0100,0.0100,0.0100,0.00,50275.00
KXNHL-26-DET,1764226800,0.0000,0.0000,0.0000,0.0000,0.0100,0.0100,0.0100,0.0100,0.00,50275.00
KXNHL-26-DET,1764230400,0.0000,0.0000,0.0000,0.0000,0.0100,0.0100,0.0100,0.0100,0.00,50275.00
KXNHL-26-DET,1764234000,0.0000,0.0000,0.0000,0.0000,0.0100,0.0100,0.0100,0.0100,0.00,50275.00
KXNHL-26-DET,1764237600,0.0000,0.0000,0.0000,0.0000,0.0100,0.0100,0.0100,0.0100,0.00,50275.00
KXNHL-26-DET,1764248400,0.0000,0.0000,0.0000,0.0000,0.0100,0.0100,0.0100,0.0100,0.00,50275.00
KXNHL-26-DET,1764252000,0.0000,0.0000,0.0000,0.0000,0.0100,0.0100,0.0100,0.0100,0.00,50275.00
KXNHL-26-DET,1764255600,0.0000,0.0000,0.0000,0.0000,0.0100,0.0100,0.0100,0.0100,0.00,50275.00
KXNHL-26-DET,1764262800,0.0000,0.0000,0.0000,0.0000,0.0100,0.0100,0.0100,0.0100,0.00,50275.00
KXNHL-26-DET,1764270000,0.0000,0.0000,0.0000,0.0000,0.0100,0.0100,0.0100,0.0100,0.00,50275.00
KXNHL-26-DET,1764273600,0.0000,0.0000,0.0000,0.0000,0.0100,0.0100,0.0100,0.0100,0.00,50275.00
KXNHL-26-DET,1764277200,0.0000,0.0000,0.0000,0.0000,0.0100,0.0100,0.0100,0.0100,0.00,50275.00
KXNHL-26-DET,1764280800,0.0000,0.0000,0.0000,0.0000,0.0100,0.0100,0.0100,0.0100,0.00,50275.00
KXNHL-26-DET,1764284400,0.0000,0.0000,0.0000,0.0000,0.0100,0.0100,0.0100,0.0100,0.00,50275.00
KXNHL-26-DET,1764288000,0.0000,0.0000,0.0000,0.0000,0.0100,0.0100,0.0100,0.0100,0.00,50275.00
KXNHL-26-DET,1764291600,0.0000,0.0000,0.0000,0.0000,0.0100,0.0100,0.0100,0.0100,0.00,50275.00
KXNHL-26-DET,1764295200,0.0000,0.0000,0.0000,0.0000,0.0100,0.0100,0.0100,0.0100,0.00,50275.00
KXNHL-26-DET,1764298800,0.0000,0.0000,0.0000,0.0000,0.0100,0.0100,0.0100,0.0100,0.00,50275.00
KXNHL-26-DET,1764302400,0.0000,0.0000,0.0000,0.0000,0.0100,0.0100,0.0100,0.0100,0.00,50275.00
KXNHL-26-DET,1764306000,0.0000,0.0000,0.0000,0.0000,0.0100,0.0100,0.0100,0.0100,0.00,50275.00
KXNHL-26-DET,1764309600,0.0000,0.0000,0.0000,0.0000,0.0100,0.0100,0.0100,0.0100,0.00,50275.00
KXNHL-26-DET,1764313200,0.0000,0.0000,0.0000,0.0000,0.0100,0.0100,0.0100,0.0100,0.00,50275.00
KXNHL-26-DET,1764316800,0.0000,0.0000,0.0000,0.0000,0.0100,0.0100,0.0100,0.0100,0.00,50275.00
KXNHL-26-DET,1764320400,0.0000,0.0000,0.0000,0.0000,0.0100,0.0100,0.0100,0.0100,0.00,50275.00
KXNHL-26-DET,1764324000,0.0000,0.0000,0.0000,0.0000,0.0100,0.0100,0.0100,0.0100,0.00,50275.00
KXNHL-26-DET,1764327600,0.0000,0.0000,0.0000,0.0000,0.0100,0.0100,0.0100,0.0100,0.00,50275.00
KXNHL-26-DET,1764331200,0.0000,0.0000,0.0000,0.0000,0.0100,0.0100,0.0100,0.0100,0.00,50275.00
KXNHL-26-DET,1764334800,0.0000,0.0000,0.0000,0.0000,0.0100,0.0100,0.0100,0.0100,0.00,50275.00
KXNHL-26-DET,1764338400,0.0000,0.0000,0.0000,0.0000,0.0100,0.0100,0.0100,0.0100,0.00,50275.00
KXNHL-26-DET,1764342000,0.0000,0.0000,0.0000,0.0000,0.0100,0.0100,0.0100,0.0100,0.00,50275.00
KXNHL-26-DET,1764345600,0.0000,0.0000,0.0000,0.0000,0.0100,0.0100,0.0100,0.0100,0.00,50275.00
KXNHL-26-DET,1764349200,0.0000,0.0000,0.0000,0.0000,0.0100,0.0100,0.0100,0.0100,0.00,50275.00
KXNHL-26-DET,1764352800,0.0000,0.0000,0.0000,0.0000,0.0100,0.0100,0.0100,0.0100,0.00,50275.00
KXNHL-26-DET,1764356400,0.0000,0.0000,0.0000,0.0000,0.0100,0.0100,0.0100,0.0100,0.00,50275.00
KXNHL-26-DET,1764360000,0.0000,0.0000,0.0000,0.0000,0.0100,0.0100,0.0100,0.0100,0.00,50275.00
KXNHL-26-DET,1764363600,0.0000,0.0000,0.0000,0.0000,0.0100,0.0100,0.0100,0.0100,0.00,50275.00
KXNHL-26-DET,1764367200,0.0000,0.0000,0.0000,0.0000,0.0100,0.0100,0.0100,0.0100,0.00,50275.00
KXNHL-26-DET,1764370800,0.0000,0.0000,0.0000,0.0000,0.0100,0.0100,0.0100,0.0100,0.00,50275.00
KXNHL-26-DET,1764374400,0.0000,0.0000,0.0000,0.0000,0.0100,0.0100,0.0100,0.0100,0.00,50275.00
KXNHL-26-DET,1764378000,0.0000,0.0000,0.0000,0.0000,0.0100,0.0100,0.0100,0.0100,0.00,50275.00
KXNHL-26-DET,1764381600,0.0000,0.0000,0.0000,0.0000,0.0100,0.0100,0.0100,0.0100,0.00,50275.00
KXNHL-26-DET,1764385200,0.0000,0.0000,0.0000,0.0000,0.0100,0.0100,0.0100,0.0100,0.00,50275.00
KXNHL-26-DET,1764388800,0.0000,0.0000,0.0000,0.0000,0.0100,0.0100,0.0100,0.0100,0.00,50275.00
KXNHL-26-DET,1764392400,0.0000,0.0000,0.0000,0.0000,0.0100,0.0100,0.0100,0.0100,0.00,50275.00
KXNHL-26-DET,1764396000,0.0000,0.0000,0.0000,0.0000,0.0100,0.0100,0.0100,0.0100,0.00,50275.00
KXNHL-26-DET,1764399600,0.0000,0.0000,0.0000,0.0000,0.0100,0.0100,0.0100,0.0100,0.00,50275.00
KXNHL-26-DET,1764403200,0.0000,0.0000,0.0000,0.0000,0.0100,0.0100,0.0100,0.0100,93.00,50368.00
KXNHL-26-DET,1764406800,0.0000,0.0000,0.0000,0.0000,0.0100,0.0100,0.0100,0.0100,0.00,50368.00
KXNHL-26-DET,1764410400,0.0000,0.0000,0.0000,0.0000,0.0100,0.0100,0.0100,0.0100,0.00,50368.00
KXNHL-26-DET,1764414000,0.0000,0.0000,0.0000,0.0000,0.0100,0.0100,0.0100,0.0100,0.00,50368.00
KXNHL-26-DET,1764417600,0.0000,0.0000,0.0000,0.0000,0.0100,0.0100,0.0100,0.0100,0.00,50368.00
KXNHL-26-DET,1764421200,0.0000,0.0000,0.0000,0.0000,0.0100,0.0100,0.0100,0.0100,0.00,50368.00
KXNHL-26-DET,1764424800,0.0000,0.0000,0.0000,0.0000,0.0100,0.0100,0.0100,0.0100,0.00,50368.00
KXNHL-26-DET,1764428400,0.0000,0.0000,0.0000,0.0000,0.0100,0.0100,0.0100,0.0100,0.00,50368.00
KXNHL-26-DET,1764432000,0.0000,0.0000,0.0000,0.0000,0.0100,0.0100,0.0100,0.0100,0.00,50368.00
KXNHL-26-DET,1764435600,0.0000,0.0000,0.0000,0.0000,0.0100,0.0100,0.0100,0.0100,0.00,50368.00
KXNHL-26-DET,1764439200,0.0000,0.0000,0.0000,0.0000,0.0100,0.0100,0.0100,0.0100,0.00,50368.00
KXNHL-26-DET,1764442800,0.0000,0.0000,0.0000,0.0000,0.0100,0.0100,0.0100,0.0100,0.00,50368.00
KXNHL-26-DET,1764446400,0.0000,0.0000,0.0000,0.0000,0.0100,0.0100,0.0100,0.0100,0.00,50368.00
KXNHL-26-DET,1764450000,0.0000,0.0000,0.0000,0.0000,0.0100,0.0100,0.0100,0.0100,0.00,50368.00
KXNHL-26-DET,1764453600,0.0000,0.0000,0.0000,0.0000,0.0100,0.0100,0.0100,0.0100,0.00,50368.00
KXNHL-26-DET,1764457200,0.0000,0.0000,0.0000,0.0000,0.0100,0.0100,0.0100,0.0100,0.00,50368.00
KXNHL-26-DET,1764460800,0.0000,0.0000,0.0000,0.0000,0.0100,0.0100,0.0100,0.0100,0.00,50368.00
KXNHL-26-DET,1764464400,0.0000,0.0000,0.0000,0.0000,0.0100,0.0100,0.0100,0.0100,0.00,50368.00
KXNHL-26-DET,1764468000,0.0000,0.0000,0.0000,0.0000,0.0100,0.0100,0.0100,0.0100,0.00,50368.00
KXNHL-26-DET,1764471600,0.0000,0.0000,0.0000,0.0000,0.0100,0.0100,0.0100,0.0100,0.00,50368.00
KXNHL-26-DET,1764475200,0.0000,0.0000,0.0000,0.0000,0.0100,0.0100,0.0100,0.0100,0.00,50368.00
KXNHL-26-DET,1764478800,0.0000,0.0000,0.0000,0.0000,0.0100,0.0100,0.0100,0.0100,0.00,50368.00
KXNHL-26-DET,1764482400,0.0000,0.0000,0.0000,0.0000,0.0100,0.0100,0.0100,0.0100,467.00,50835.00
KXNHL-26-DET,1764486000,0.0000,0.0000,0.0000,0.0000,0.0100,0.0100,0.0100,0.0100,0.00,50835.00
KXNHL-26-DET,1764489600,0.0000,0.0000,0.0000,0.0000,0.0100,0.0100,0.0100,0.0100,0.00,50835.00
KXNHL-26-DET,1764493200,0.0000,0.0000,0.0000,0.0000,0.0100,0.0100,0.0100,0.0100,0.00,50835.00
KXNHL-26-DET,1764496800,0.0000,0.0000,0.0000,0.0000,0.0100,0.0100,0.0100,0.0100,0.00,50835.00
KXNHL-26-DET,1764500400,0.0000,0.0000,0.0000,0.0000,0.0100,0.0100,0.0100,0.0100,0.00,50835.00
KXNHL-26-DET,1764504000,0.0000,0.0000,0.0000,0.0000,0.0100,0.0100,0.0100,0.0100,0.00,50835.00
KXNHL-26-DET,1764507600,0.0000,0.0000,0.0000,0.0000,0.0100,0.0100,0.0100,0.0100,0.00,50835.00
KXNHL-26-DET,1764511200,0.0000,0.0000,0.0000,0.0000,0.0100,0.0100,0.0100,0.0100,0.00,50835.00
KXNHL-26-DET,1764514800,0.0000,0.0000,0.0000,0.0000,0.0100,0.0100,0.0100,0.0100,0.00,50835.00
KXNHL-26-DET,1764518400,0.0000,0.0000,0.0000,0.0000,0.0100,0.0100,0.0100,0.0100,0.00,50835.00
KXNHL-26-DET,1764522000,0.0000,0.0000,0.0000,0.0000,0.0100,0.0100,0.0100,0.0100,0.00,50835.00
KXNHL-26-DET,1764525600,0.0000,0.0000,0.0000,0.0000,0.0100,0.0100,0.0100,0.0100,0.00,50835.00
KXNHL-26-DET,1764529200,0.0000,0.0000,0.0000,0.0000,0.0100,0.0100,0.0100,0.0100,0.00,50835.00
KXNHL-26-DET,1764532800,0.0000,0.0000,0.0000,0.0000,0.0100,0.0100,0.0100,0.0100,0.00,50835.00
KXNHL-26-DET,1764536400,0.0000,0.0000,0.0000,0.0000,0.0100,0.0100,0.0100,0.0100,0.00,50835.00
KXNHL-26-DET,1764540000,0.0000,0.0000,0.0000,0.0000,0.0100,0.0100,0.0100,0.0100,0.00,50835.00
KXNHL-26-DET,1764543600,0.0000,0.0000,0.0000,0.0000,0.0100,0.0100,0.0100,0.0100,0.00,50835.00
KXNHL-26-DET,1764547200,0.0000,0.0000,0.0000,0.0000,0.0100,0.0100,0.0100,0.0100,0.00,50835.00
KXNHL-26-DET,1764550800,0.0000,0.0000,0.0000,0.0000,0.0100,0.0100,0.0100,0.0100,0.00,50835.00
KXNHL-26-DET,1764554400,0.0000,0.0000,0.0000,0.0000,0.0100,0.0100,0.0100,0.0100,0.00,50835.00
KXNHL-26-DET,1764558000,0.0000,0.0000,0.0000,0.0000,0.0100,0.0100,0.0100,0.0100,0.00,50835.00
KXNHL-26-DET,1764561600,0.0000,0.0000,0.0000,0.0000,0.0100,0.0100,0.0100,0.0100,0.00,50835.00
KXNHL-26-DET,1764565200,0.0000,0.0000,0.0000,0.0000,0.0100,0.0100,0.0100,0.0100,0.00,50835.00
KXNHL-26-DET,1764568800,0.0000,0.0000,0.0000,0.0000,0.0100,0.0100,0.0100,0.0100,0.00,50835.00
KXNHL-26-DET,1764572400,0.0000,0.0000,0.0000,0.0000,0.0100,0.0100,0.0100,0.0100,0.00,50835.00
KXNHL-26-DET,1764576000,0.0000,0.0000,0.0000,0.0000,0.0100,0.0100,0.0100,0.0100,0.00,50835.00
KXNHL-26-DET,1764579600,0.0000,0.0000,0.0000,0.0000,0.0100,0.0100,0.0100,0.0100,0.00,50835.00
KXNHL-26-DET,1764583200,0.0000,0.0000,0.0000,0.0000,0.0100,0.0100,0.0100,0.0100,0.00,50835.00
KXNHL-26-DET,1764586800,0.0000,0.0000,0.0000,0.0000,0.0100,0.0100,0.0100,0.0100,0.00,50835.00
KXNHL-26-DET,1764590400,0.0000,0.0000,0.0000,0.0000,0.0100,0.0100,0.0100,0.0100,0.00,50835.00
KXNHL-26-DET,1764594000,0.0000,0.0000,0.0000,0.0000,0.0100,0.0100,0.0100,0.0100,0.00,50835.00
KXNHL-26-DET,1764597600,0.0000,0.0000,0.0000,0.0000,0.0100,0.0100,0.0100,0.0100,0.00,50835.00
KXNHL-26-DET,1764601200,0.0000,0.0000,0.0000,0.0000,0.0100,0.0100,0.0100,0.0100,0.00,50835.00
KXNHL-26-DET,1764604800,0.0000,0.0000,0.0000,0.0000,0.0100,0.0100,0.0100,0.0100,0.00,50835.00
KXNHL-26-DET,1764608400,0.0000,0.0000,0.0000,0.0000,0.0100,0.0100,0.0100,0.0100,0.00,50835.00
KXNHL-26-DET,1764612000,0.0000,0.0000,0.0000,0.0000,0.0100,0.0100,0.0100,0.0100,0.00,50835.00
KXNHL-26-DET,1764615600,0.0000,0.0000,0.0000,0.0000,0.0100,0.0100,0.0100,0.0100,0.00,50835.00
KXNHL-26-DET,1764619200,0.0000,0.0000,0.0000,0.0000,0.0100,0.0100,0.0100,0.0100,0.00,50835.00
KXNHL-26-DET,1764622800,0.0000,0.0000,0.0000,0.0000,0.0100,0.0100,0.0100,0.0100,0.00,50835.00
KXNHL-26-DET,1764626400,0.0000,0.0000,0.0000,0.0000,0.0100,0.0100,0.0100,0.0100,0.00,50835.00
KXNHL-26-DET,1764630000,0.0000,0.0000,0.0000,0.0000,0.0100,0.0100,0.0100,0.0100,0.00,50835.00
KXNHL-26-DET,1764633600,0.0000,0.0000,0.0000,0.0000,0.0100,0.0100,0.0100,0.0100,0.00,50835.00
KXNHL-26-DET,1764637200,0.0000,0.0000,0.0000,0.0000,0.0100,0.0100,0.0100,0.0100,0.00,50835.00
KXNHL-26-DET,1764640800,0.0000,0.0000,0.0000,0.0000,0.0100,0.0100,0.0100,0.0100,0.00,50835.00
KXNHL-26-DET,1764644400,0.0000,0.0000,0.0000,0.0000,0.0100,0.0100,0.0100,0.0100,0.00,50835.00
KXNHL-26-DET,1764648000,0.0000,0.0000,0.0000,0.0000,0.0100,0.0100,0.0100,0.0100,0.00,50835.00
KXNHL-26-DET,1764651600,0.0000,0.0000,0.0000,0.0000,0.0100,0.0100,0.0100,0.0100,0.00,50835.00
KXNHL-26-DET,1764655200,0.0000,0.0000,0.0000,0.0000,0.0100,0.0100,0.0100,0.0100,0.00,50835.00
KXNHL-26-DET,1764658800,0.0000,0.0000,0.0000,0.0000,0.0100,0.0100,0.0100,0.0100,0.00,50835.00
KXNHL-26-DET,1764662400,0.0000,0.0000,0.0000,0.0000,0.0100,0.0100,0.0100,0.0100,0.00,50835.00
KXNHL-26-DET,1764666000,0.0000,0.0000,0.0000,0.0000,0.0100,0.0100,0.0100,0.0100,0.00,50835.00
KXNHL-26-DET,1764669600,0.0000,0.0000,0.0000,0.0000,0.0100,0.0100,0.0100,0.0100,0.00,50835.00
KXNHL-26-DET,1764673200,0.0000,0.0000,0.0000,0.0000,0.0100,0.0100,0.0100,0.0100,0.00,50835.00
KXNHL-26-DET,1764676800,0.0000,0.0000,0.0000,0.0000,0.0100,0.0100,0.0100,0.0100,0.00,50835.00
KXNHL-26-DET,1764680400,0.0000,0.0000,0.0000,0.0000,0.0100,0.0100,0.0100,0.0100,0.00,50835.00
KXNHL-26-DET,1764684000,0.0000,0.0000,0.0000,0.0000,0.0100,0.0100,0.0100,0.0100,0.00,50835.00
KXNHL-26-DET,1764687600,0.0000,0.0000,0.0000,0.0000,0.0100,0.0100,0.0100,0.0100,0.00,50835.00
KXNHL-26-DET,1764691200,0.0000,0.0000,0.0000,0.0000,0.0100,0.0100,0.0100,0.0100,0.00,50835.00
KXNHL-26-DET,1764694800,0.0000,0.0000,0.0000,0.0000,0.0100,0.0100,0.0100,0.0100,182.00,51017.00
KXNHL-26-DET,1764698400,0.0000,0.0000,0.0000,0.0000,0.0100,0.0100,0.0100,0.0100,100.00,51117.00
KXNHL-26-DET,1764702000,0.0000,0.0000,0.0000,0.0000,0.0100,0.0100,0.0100,0.0100,0.00,51117.00
KXNHL-26-DET,1764705600,0.0000,0.0000,0.0000,0.0000,0.0100,0.0100,0.0100,0.0100,0.00,51117.00
KXNHL-26-DET,1764709200,0.0000,0.0000,0.0000,0.0000,0.0100,0.0100,0.0100,0.0100,0.00,51117.00
KXNHL-26-DET,1764712800,0.0000,0.0000,0.0000,0.0000,0.0100,0.0100,0.0100,0.0100,0.00,51117.00
KXNHL-26-DET,1764716400,0.0000,0.0000,0.0000,0.0000,0.0100,0.0100,0.0100,0.0100,0.00,51117.00
KXNHL-26-DET,1764723600,0.0000,0.0000,0.0000,0.0000,0.0100,0.0100,0.0100,0.0100,0.00,51117.00
KXNHL-26-DET,1764727200,0.0000,0.0000,0.0000,0.0000,0.0100,0.0100,0.0100,0.0100,0.00,51117.00
KXNHL-26-DET,1764730800,0.0000,0.0000,0.0000,0.0000,0.0100,0.0100,0.0100,0.0100,0.00,51117.00
KXNHL-26-DET,1764734400,0.0000,0.0000,0.0000,0.0000,0.0100,0.0100,0.0100,0.0100,0.00,51117.00
KXNHL-26-DET,1764738000,0.0000,0.0000,0.0000,0.0000,0.0100,0.0100,0.0100,0.0100,0.00,51117.00
KXNHL-26-DET,1764741600,0.0000,0.0000,0.0000,0.0000,0.0100,0.0100,0.0100,0.0100,0.00,51117.00
KXNHL-26-DET,1764745200,0.0000,0.0000,0.0000,0.0000,0.0100,0.0100,0.0100,0.0100,93.00,51210.00
KXNHL-26-DET,1764748800,0.0000,0.0000,0.0000,0.0000,0.0100,0.0100,0.0100,0.0100,0.00,51210.00
KXNHL-26-DET,1764752400,0.0000,0.0000,0.0000,0.0000,0.0100,0.0100,0.0100,0.0100,0.00,51210.00
KXNHL-26-DET,1764756000,0.0000,0.0000,0.0000,0.0000,0.0100,0.0100,0.0100,0.0100,0.00,51210.00
KXNHL-26-DET,1764759600,0.0000,0.0000,0.0000,0.0000,0.0100,0.0100,0.0100,0.0100,0.00,51210.00
KXNHL-26-DET,1764763200,0.0000,0.0000,0.0000,0.0000,0.0100,0.0100,0.0100,0.0100,0.00,51210.00
KXNHL-26-DET,1764766800,0.0000,0.0000,0.0000,0.0000,0.0100,0.0100,0.0100,0.0100,0.00,51210.00
KXNHL-26-DET,1764770400,0.0000,0.0000,0.0000,0.0000,0.0100,0.0100,0.0100,0.0100,0.00,51210.00
KXNHL-26-DET,1764774000,0.0000,0.0000,0.0000,0.0000,0.0100,0.0100,0.0100,0.0100,0.00,51210.00
KXNHL-26-DET,1764777600,0.0000,0.0000,0.0000,0.0000,0.0100,0.0100,0.0100,0.0100,0.00,51210.00
KXNHL-26-DET,1764781200,0.0000,0.0000,0.0000,0.0000,0.0100,0.0100,0.0100,0.0100,0.00,51210.00
KXNHL-26-DET,1764784800,0.0000,0.0000,0.0000,0.0000,0.0100,0.0100,0.0100,0.0100,0.00,51210.00
KXNHL-26-DET,1764788400,0.0000,0.0000,0.0000,0.0000,0.0100,0.0100,0.0100,0.0100,0.00,51210.00
KXNHL-26-DET,1764792000,0.0000,0.0000,0.0000,0.0000,0.0100,0.0100,0.0100,0.0100,0.00,51210.00
KXNHL-26-DET,1764795600,0.0000,0.0000,0.0000,0.0000,0.0100,0.0100,0.0100,0.0100,0.00,51210.00
KXNHL-26-DET,1764799200,0.0000,0.0000,0.0000,0.0000,0.0100,0.0100,0.0100,0.0100,0.00,51210.00
KXNHL-26-DET,1764802800,0.0000,0.0000,0.0000,0.0000,0.0100,0.0100,0.0100,0.0100,0.00,51210.00
KXNHL-26-DET,1764806400,0.0000,0.0000,0.0000,0.0000,0.0100,0.0100,0.0100,0.0100,0.00,51210.00
KXNHL-26-DET,1764810000,0.0000,0.0000,0.0000,0.0000,0.0100,0.0100,0.0100,0.0100,0.00,51210.00
KXNHL-26-DET,1764813600,0.0000,0.0000,0.0000,0.0000,0.0100,0.0100,0.0100,0.0100,0.00,51210.00
KXNHL-26-DET,1764817200,0.0000,0.0000,0.0000,0.0000,0.0100,0.0100,0.0100,0.0100,0.00,51210.00
KXNHL-26-DET,1764820800,0.0000,0.0000,0.0000,0.0000,0.0100,0.0100,0.0100,0.0100,0.00,51210.00
KXNHL-26-DET,1764824400,0.0000,0.0000,0.0000,0.0000,0.0100,0.0100,0.0100,0.0100,0.00,51210.00
KXNHL-26-DET,1764828000,0.0000,0.0000,0.0000,0.0000,0.0100,0.0100,0.0100,0.0100,0.00,51210.00
KXNHL-26-DET,1764831600,0.0000,0.0000,0.0000,0.0000,0.0100,0.0100,0.0100,0.0100,0.00,51210.00
KXNHL-26-DET,1764835200,0.0000,0.0000,0.0000,0.0000,0.0100,0.0100,0.0100,0.0100,0.00,51210.00
KXNHL-26-DET,1764846000,0.0000,0.0000,0.0000,0.0000,0.0100,0.0100,0.0100,0.0100,0.00,51210.00
KXNHL-26-DET,1764849600,0.0000,0.0000,0.0000,0.0000,0.0100,0.0100,0.0100,0.0100,0.00,51210.00
KXNHL-26-DET,1764853200,0.0000,0.0000,0.0000,0.0000,0.0100,0.0100,0.0100,0.0100,0.00,51210.00
KXNHL-26-DET,1764864000,0.0000,0.0000,0.0000,0.0000,0.0100,0.0100,0.0100,0.0100,0.00,51210.00
KXNHL-26-DET,1764867600,0.0000,0.0000,0.0000,0.0000,0.0100,0.0100,0.0100,0.0100,0.00,51210.00
KXNHL-26-DET,1764871200,0.0000,0.0000,0.0000,0.0000,0.0100,0.0100,0.0100,0.0100,0.00,51210.00
KXNHL-26-DET,1764874800,0.0000,0.0000,0.0000,0.0000,0.0100,0.0100,0.0100,0.0100,0.00,51210.00
KXNHL-26-DET,1764882000,0.0000,0.0000,0.0000,0.0000,0.0100,0.0100,0.0100,0.0100,0.00,51210.00
KXNHL-26-DET,1764889200,0.0000,0.0000,0.0000,0.0000,0.0100,0.0100,0.0100,0.0100,0.00,51210.00
KXNHL-26-DET,1764892800,0.0000,0.0000,0.0000,0.0000,0.0100,0.0100,0.0100,0.0100,0.00,51210.00
KXNHL-26-DET,1764900000,0.0000,0.0000,0.0000,0.0000,0.0100,0.0100,0.0100,0.0100,0.00,51210.00
KXNHL-26-DET,1764903600,0.0000,0.0000,0.0000,0.0000,0.0100,0.0100,0.0100,0.0100,0.00,51210.00
KXNHL-26-DET,1764907200,0.0000,0.0000,0.0000,0.0000,0.0100,0.0100,0.0100,0.0100,0.00,51210.00
KXNHL-26-DET,1764910800,0.0000,0.0000,0.0000,0.0000,0.0100,0.0100,0.0100,0.0100,100.00,51310.00
KXNHL-26-DET,1764914400,0.0000,0.0000,0.0000,0.0000,0.0100,0.0100,0.0100,0.0100,0.00,51310.00
KXNHL-26-DET,1764918000,0.0000,0.0000,0.0000,0.0000,0.0100,0.0100,0.0100,0.0100,0.00,51310.00
KXNHL-26-DET,1764921600,0.0000,0.0000,0.0000,0.0000,0.0100,0.0100,0.0100,0.0100,0.00,51310.00
KXNHL-26-DET,1764925200,0.0000,0.0000,0.0000,0.0000,0.0100,0.0100,0.0100,0.0100,0.00,51310.00
KXNHL-26-DET,1764928800,0.0000,0.0000,0.0000,0.0000,0.0100,0.0100,0.0100,0.0100,0.00,51310.00
KXNHL-26-DET,1764932400,0.0000,0.0000,0.0000,0.0000,0.0100,0.0100,0.0100,0.0100,0.00,51310.00
KXNHL-26-DET,1764936000,0.0000,0.0000,0.0000,0.0000,0.0100,0.0100,0.0100,0.0100,0.00,51310.00
KXNHL-26-DET,1764939600,0.0000,0.0000,0.0000,0.0000,0.0100,0.0100,0.0100,0.0100,0.00,51310.00
KXNHL-26-DET,1764943200,0.0000,0.0000,0.0000,0.0000,0.0100,0.0100,0.0100,0.0100,0.00,51310.00
KXNHL-26-DET,1764946800,0.0000,0.0000,0.0000,0.0000,0.0100,0.0100,0.0100,0.0100,0.00,51310.00
KXNHL-26-DET,1764950400,0.0000,0.0000,0.0000,0.0000,0.0100,0.0100,0.0100,0.0100,46.00,51356.00
KXNHL-26-DET,1764954000,0.0000,0.0000,0.0000,0.0000,0.0100,0.0100,0.0100,0.0100,0.00,51356.00
KXNHL-26-DET,1764961200,0.0000,0.0000,0.0000,0.0000,0.0100,0.0100,0.0100,0.0100,0.00,51356.00
KXNHL-26-DET,1764968400,0.0000,0.0000,0.0000,0.0000,0.0100,0.0100,0.0100,0.0100,0.00,51356.00
KXNHL-26-DET,1764975600,0.0000,0.0000,0.0000,0.0000,0.0100,0.0100,0.0100,0.0100,0.00,51356.00
KXNHL-26-DET,1764982800,0.0000,0.0000,0.0000,0.0000,0.0100,0.0100,0.0100,0.0100,0.00,51356.00
KXNHL-26-DET,1764986400,0.0000,0.0000,0.0000,0.0000,0.0100,0.0100,0.0100,0.0100,0.00,51356.00
KXNHL-26-DET,1764990000,0.0000,0.0000,0.0000,0.0000,0.0100,0.0100,0.0100,0.0100,0.00,51356.00
KXNHL-26-DET,1764993600,0.0000,0.0000,0.0000,0.0000,0.0100,0.0100,0.0100,0.0100,0.00,51356.00
KXNHL-26-DET,1764997200,0.0000,0.0000,0.0000,0.0000,0.0100,0.0100,0.0100,0.0100,0.00,51356.00
KXNHL-26-DET,1765000800,0.0000,0.0000,0.0000,0.0000,0.0100,0.0100,0.0100,0.0100,0.00,51356.00
KXNHL-26-DET,1765004400,0.0000,0.0000,0.0000,0.0000,0.0100,0.0100,0.0100,0.0100,0.00,51356.00
KXNHL-26-DET,1765008000,0.0000,0.0000,0.0000,0.0000,0.0100,0.0100,0.0100,0.0100,0.00,51356.00
KXNHL-26-DET,1765011600,0.0000,0.0000,0.0000,0.0000,0.0100,0.0100,0.0100,0.0100,0.00,51356.00
KXNHL-26-DET,1765015200,0.0000,0.0000,0.0000,0.0000,0.0100,0.0100,0.0100,0.0100,0.00,51356.00
KXNHL-26-DET,1765022400,0.0000,0.0000,0.0000,0.0000,0.0100,0.0100,0.0100,0.0100,0.00,51356.00
KXNHL-26-DET,1765026000,0.0000,0.0000,0.0000,0.0000,0.0100,0.0100,0.0100,0.0100,0.00,51356.00
KXNHL-26-DET,1765029600,0.0000,0.0000,0.0000,0.0000,0.0100,0.0100,0.0100,0.0100,0.00,51356.00
KXNHL-26-DET,1765036800,0.0000,0.0000,0.0000,0.0000,0.0100,0.0100,0.0100,0.0100,0.00,51356.00
KXNHL-26-DET,1765040400,0.0000,0.0000,0.0000,0.0000,0.0100,0.0100,0.0100,0.0100,93.00,51449.00
KXNHL-26-DET,1765044000,0.0000,0.0000,0.0000,0.0000,0.0100,0.0100,0.0100,0.0100,0.00,51449.00
KXNHL-26-DET,1765051200,0.0000,0.0000,0.0000,0.0000,0.0100,0.0100,0.0100,0.0100,0.00,51449.00
KXNHL-26-DET,1765054800,0.0000,0.0000,0.0000,0.0000,0.0100,0.0100,0.0100,0.0100,0.00,51449.00
KXNHL-26-DET,1765058400,0.0000,0.0000,0.0000,0.0000,0.0100,0.0100,0.0100,0.0100,0.00,51449.00
KXNHL-26-DET,1765062000,0.0000,0.0000,0.0000,0.0000,0.0100,0.0100,0.0100,0.0100,0.00,51449.00
KXNHL-26-DET,1765065600,0.0000,0.0000,0.0000,0.0000,0.0100,0.0100,0.0100,0.0100,0.00,51449.00
KXNHL-26-DET,1765069200,0.0000,0.0000,0.0000,0.0000,0.0100,0.0100,0.0100,0.0100,0.00,51449.00
KXNHL-26-DET,1765072800,0.0000,0.0000,0.0000,0.0000,0.0100,0.0100,0.0100,0.0100,0.00,51449.00
KXNHL-26-DET,1765080000,0.0000,0.0000,0.0000,0.0000,0.0100,0.0100,0.0100,0.0100,0.00,51449.00
KXNHL-26-DET,1765083600,0.0000,0.0000,0.0000,0.0000,0.0100,0.0100,0.0100,0.0100,0.00,51449.00
KXNHL-26-DET,1765087200,0.0000,0.0000,0.0000,0.0000,0.0100,0.0100,0.0100,0.0100,0.00,51449.00
KXNHL-26-DET,1765090800,0.0000,0.0000,0.0000,0.0000,0.0100,0.0100,0.0100,0.0100,0.00,51449.00
KXNHL-26-DET,1765094400,0.0000,0.0000,0.0000,0.0000,0.0100,0.0100,0.0100,0.0100,0.00,51449.00
KXNHL-26-DET,1765098000,0.0000,0.0000,0.0000,0.0000,0.0100,0.0100,0.0100,0.0100,0.00,51449.00
KXNHL-26-DET,1765105200,0.0000,0.0000,0.0000,0.0000,0.0100,0.0100,0.0100,0.0100,0.00,51449.00
KXNHL-26-DET,1765108800,0.0000,0.0000,0.0000,0.0000,0.0100,0.0100,0.0100,0.0100,0.00,51449.00
KXNHL-26-DET,1765112400,0.0000,0.0000,0.0000,0.0000,0.0100,0.0100,0.0100,0.0100,0.00,51449.00
KXNHL-26-DET,1765119600,0.0000,0.0000,0.0000,0.0000,0.0100,0.0100,0.0100,0.0100,0.00,51449.00
KXNHL-26-DET,1765126800,0.0000,0.0000,0.0000,0.0000,0.0100,0.0100,0.0100,0.0100,0.00,51449.00
KXNHL-26-DET,1765134000,0.0000,0.0000,0.0000,0.0000,0.0100,0.0100,0.0100,0.0100,0.00,51449.00
KXNHL-26-DET,1765137600,0.0000,0.0000,0.0000,0.0000,0.0100,0.0100,0.0100,0.0100,0.00,51449.00
KXNHL-26-DET,1765141200,0.0000,0.0000,0.0000,0.0000,0.0100,0.0100,0.0100,0.0100,0.00,51449.00
KXNHL-26-DET,1765144800,0.0000,0.0000,0.0000,0.0000,0.0100,0.0100,0.0100,0.0100,0.00,51449.00
KXNHL-26-DET,1765148400,0.0000,0.0000,0.0000,0.0000,0.0100,0.0100,0.0100,0.0100,0.00,51449.00
KXNHL-26-DET,1765152000,0.0000,0.0000,0.0000,0.0000,0.0100,0.0100,0.0100,0.0100,0.00,51449.00
KXNHL-26-DET,1765155600,0.0000,0.0000,0.0000,0.0000,0.0100,0.0100,0.0100,0.0100,0.00,51449.00
KXNHL-26-DET,1765159200,0.0000,0.0000,0.0000,0.0000,0.0100,0.0100,0.0100,0.0100,0.00,51449.00
KXNHL-26-DET,1765162800,0.0000,0.0000,0.0000,0.0000,0.0100,0.0100,0.0100,0.0100,0.00,51449.00
KXNHL-26-DET,1765166400,0.0000,0.0000,0.0000,0.0000,0.0100,0.0100,0.0100,0.0100,0.00,51449.00
KXNHL-26-DET,1765170000,0.0000,0.0000,0.0000,0.0000,0.0100,0.0100,0.0100,0.0100,0.00,51449.00
KXNHL-26-DET,1765173600,0.0000,0.0000,0.0000,0.0000,0.0100,0.0100,0.0100,0.0100,0.00,51449.00
KXNHL-26-DET,1765177200,0.0000,0.0000,0.0000,0.0000,0.0100,0.0100,0.0100,0.0100,0.00,51449.00
KXNHL-26-DET,1765180800,0.0000,0.0000,0.0000,0.0000,0.0100,0.0100,0.0100,0.0100,0.00,51449.00
KXNHL-26-DET,1765184400,0.0000,0.0000,0.0000,0.0000,0.0100,0.0100,0.0100,0.0100,0.00,51449.00
KXNHL-26-DET,1765188000,0.0000,0.0000,0.0000,0.0000,0.0100,0.0100,0.0100,0.0100,0.00,51449.00
KXNHL-26-DET,1765191600,0.0000,0.0000,0.0000,0.0000,0.0100,0.0100,0.0100,0.0100,0.00,51449.00
KXNHL-26-DET,1765195200,0.0000,0.0000,0.0000,0.0000,0.0100,0.0100,0.0100,0.0100,0.00,51449.00
KXNHL-26-DET,1765198800,0.0000,0.0000,0.0000,0.0000,0.0100,0.0100,0.0100,0.0100,0.00,51449.00
KXNHL-26-DET,1765202400,0.0000,0.0000,0.0000,0.0000,0.0100,0.0100,0.0100,0.0100,0.00,51449.00
KXNHL-26-DET,1765206000,0.0000,0.0000,0.0000,0.0000,0.0100,0.0100,0.0100,0.0100,0.00,51449.00
KXNHL-26-DET,1765209600,0.0000,0.0000,0.0000,0.0000,0.0100,0.0100,0.0100,0.0100,0.00,51449.00
KXNHL-26-DET,1765216800,0.0000,0.0000,0.0000,0.0000,0.0100,0.0100,0.0100,0.0100,93.00,51542.00
KXNHL-26-DET,1765220400,0.0000,0.0000,0.0000,0.0000,0.0100,0.0100,0.0100,0.0100,0.00,51542.00
KXNHL-26-DET,1765224000,0.0000,0.0000,0.0000,0.0000,0.0100,0.0100,0.0100,0.0100,0.00,51542.00
KXNHL-26-DET,1765227600,0.0000,0.0000,0.0000,0.0000,0.0100,0.0100,0.0100,0.0100,0.00,51542.00
KXNHL-26-DET,1765231200,0.0000,0.0000,0.0000,0.0000,0.0100,0.0100,0.0100,0.0100,0.00,51542.00
KXNHL-26-DET,1765234800,0.0000,0.0000,0.0000,0.0000,0.0100,0.0100,0.0100,0.0100,0.00,51542.00
KXNHL-26-DET,1765238400,0.0000,0.0000,0.0000,0.0000,0.0100,0.0100,0.0100,0.0100,0.00,51542.00
KXNHL-26-DET,1765242000,0.0000,0.0000,0.0000,0.0000,0.0100,0.0100,0.0100,0.0100,0.00,51542.00
KXNHL-26-DET,1765245600,0.0000,0.0000,0.0000,0.0000,0.0100,0.0100,0.0100,0.0100,0.00,51542.00
KXNHL-26-DET,1765249200,0.0000,0.0000,0.0000,0.0000,0.0100,0.0100,0.0100,0.0100,0.00,51542.00
KXNHL-26-DET,1765252800,0.0000,0.0000,0.0000,0.0000,0.0100,0.0100,0.0100,0.0100,0.00,51542.00
KXNHL-26-DET,1765256400,0.0000,0.0000,0.0000,0.0000,0.0100,0.0100,0.0100,0.0100,0.00,51542.00
KXNHL-26-DET,1765260000,0.0000,0.0000,0.0000,0.0000,0.0100,0.0100,0.0100,0.0100,0.00,51542.00
KXNHL-26-DET,1765263600,0.0000,0.0000,0.0000,0.0000,0.0100,0.0100,0.0100,0.0100,0.00,51542.00
KXNHL-26-DET,1765267200,0.0000,0.0000,0.0000,0.0000,0.0100,0.0100,0.0100,0.0100,0.00,51542.00
KXNHL-26-DET,1765270800,0.0000,0.0000,0.0000,0.0000,0.0100,0.0100,0.0100,0.0100,0.00,51542.00
KXNHL-26-DET,1765274400,0.0000,0.0000,0.0000,0.0000,0.0100,0.0100,0.0100,0.0100,0.00,51542.00
KXNHL-26-DET,1765278000,0.0000,0.0000,0.0000,0.0000,0.0100,0.0100,0.0100,0.0100,0.00,51542.00
KXNHL-26-DET,1765281600,0.0000,0.0000,0.0000,0.0000,0.0100,0.0100,0.0100,0.0100,0.00,51542.00
KXNHL-26-DET,1765285200,0.0000,0.0000,0.0000,0.0000,0.0100,0.0100,0.0100,0.0100,0.00,51542.00
KXNHL-26-DET,1765288800,0.0000,0.0000,0.0000,0.0000,0.0100,0.0100,0.0100,0.0100,0.00,51542.00
KXNHL-26-DET,1765292400,0.0000,0.0000,0.0000,0.0000,0.0100,0.0100,0.0100,0.0100,0.00,51542.00
KXNHL-26-DET,1765296000,0.0000,0.0000,0.0000,0.0000,0.0100,0.0100,0.0100,0.0100,0.00,51542.00
KXNHL-26-DET,1765299600,0.0000,0.0000,0.0000,0.0000,0.0100,0.0100,0.0100,0.0100,0.00,51542.00
KXNHL-26-DET,1765303200,0.0000,0.0000,0.0000,0.0000,0.0100,0.0100,0.0100,0.0100,0.00,51542.00
KXNHL-26-DET,1765306800,0.0000,0.0000,0.0000,0.0000,0.0100,0.0100,0.0100,0.0100,0.00,51542.00
KXNHL-26-DET,1765310400,0.0000,0.0000,0.0000,0.0000,0.0100,0.0100,0.0100,0.0100,0.00,51542.00
KXNHL-26-DET,1765314000,0.0000,0.0000,0.0000,0.0000,0.0100,0.0100,0.0100,0.0100,0.00,51542.00
KXNHL-26-DET,1765317600,0.0000,0.0000,0.0000,0.0000,0.0100,0.0100,0.0100,0.0100,0.00,51542.00
KXNHL-26-DET,1765321200,0.0000,0.0000,0.0000,0.0000,0.0100,0.0100,0.0100,0.0100,0.00,51542.00
KXNHL-26-DET,1765324800,0.0000,0.0000,0.0000,0.0000,0.0100,0.0100,0.0100,0.0100,0.00,51542.00
KXNHL-26-DET,1765328400,0.0000,0.0000,0.0000,0.0000,0.0100,0.0100,0.0100,0.0100,0.00,51542.00
KXNHL-26-DET,1765332000,0.0000,0.0000,0.0000,0.0000,0.0100,0.0100,0.0100,0.0100,0.00,51542.00
KXNHL-26-DET,1765335600,0.0000,0.0000,0.0000,0.0000,0.0100,0.0100,0.0100,0.0100,0.00,51542.00
KXNHL-26-DET,1765339200,0.0000,0.0000,0.0000,0.0000,0.0100,0.0100,0.0100,0.0100,0.00,51542.00
KXNHL-26-DET,1765342800,0.0000,0.0000,0.0000,0.0000,0.0100,0.0100,0.0100,0.0100,0.00,51542.00
KXNHL-26-DET,1765346400,0.0000,0.0000,0.0000,0.0000,0.0100,0.0100,0.0100,0.0100,0.00,51542.00
KXNHL-26-DET,1765350000,0.0000,0.0000,0.0000,0.0000,0.0100,0.0100,0.0100,0.0100,0.00,51542.00
KXNHL-26-DET,1765353600,0.0000,0.0000,0.0000,0.0000,0.0100,0.0100,0.0100,0.0100,500.00,52042.00
KXNHL-26-DET,1765357200,0.0000,0.0000,0.0000,0.0000,0.0100,0.0100,0.0100,0.0100,0.00,52042.00
KXNHL-26-DET,1765360800,0.0000,0.0000,0.0000,0.0000,0.0100,0.0100,0.0100,0.0100,0.00,52042.00
KXNHL-26-DET,1765364400,0.0000,0.0000,0.0000,0.0000,0.0100,0.0100,0.0100,0.0100,0.00,52042.00
KXNHL-26-DET,1765368000,0.0000,0.0000,0.0000,0.0000,0.0100,0.0100,0.0100,0.0100,0.00,52042.00
KXNHL-26-DET,1765371600,0.0000,0.0000,0.0000,0.0000,0.0100,0.0100,0.0100,0.0100,100.00,52142.00
KXNHL-26-DET,1765375200,0.0000,0.0000,0.0000,0.0000,0.0100,0.0100,0.0100,0.0100,0.00,52142.00
KXNHL-26-DET,1765378800,0.0000,0.0000,0.0000,0.0000,0.0100,0.0100,0.0100,0.0100,0.00,52142.00
KXNHL-26-DET,1765382400,0.0000,0.0000,0.0000,0.0000,0.0100,0.0100,0.0100,0.0100,0.00,52142.00
KXNHL-26-DET,1765386000,0.0000,0.0000,0.0000,0.0000,0.0100,0.0100,0.0100,0.0100,40.00,52182.00
KXNHL-26-DET,1765389600,0.0000,0.0000,0.0000,0.0000,0.0100,0.0100,0.0100,0.0100,0.00,52182.00
KXNHL-26-DET,1765393200,0.0000,0.0000,0.0000,0.0000,0.0100,0.0100,0.0100,0.0100,0.00,52182.00
KXNHL-26-DET,1765396800,0.0000,0.0000,0.0000,0.0000,0.0100,0.0100,0.0100,0.0100,0.00,52182.00
KXNHL-26-DET,1765400400,0.0000,0.0000,0.0000,0.0000,0.0100,0.0100,0.0100,0.0100,0.00,52182.00
KXNHL-26-DET,1765404000,0.0000,0.0000,0.0000,0.0000,0.0100,0.0100,0.0100,0.0100,0.00,52182.00
KXNHL-26-DET,1765407600,0.0000,0.0000,0.0000,0.0000,0.0100,0.0100,0.0100,0.0100,0.00,52182.00
KXNHL-26-DET,1765411200,0.0000,0.0000,0.0000,0.0000,0.0100,0.0100,0.0100,0.0100,0.00,52182.00
KXNHL-26-DET,1765414800,0.0000,0.0000,0.0000,0.0000,0.0100,0.0100,0.0100,0.0100,0.00,52182.00
KXNHL-26-DET,1765418400,0.0000,0.0000,0.0000,0.0000,0.0100,0.0100,0.0100,0.0100,0.00,52182.00
KXNHL-26-DET,1765422000,0.0000,0.0000,0.0000,0.0000,0.0100,0.0100,0.0100,0.0100,0.00,52182.00
KXNHL-26-DET,1765425600,0.0000,0.0000,0.0000,0.0000,0.0100,0.0100,0.0100,0.0100,0.00,52182.00
KXNHL-26-DET,1765429200,0.0000,0.0000,0.0000,0.0000,0.0100,0.0100,0.0100,0.0100,0.00,52182.00
KXNHL-26-DET,1765432800,0.0000,0.0000,0.0000,0.0000,0.0100,0.0100,0.0100,0.0100,1870.00,54052.00
KXNHL-26-DET,1765436400,0.0000,0.0000,0.0000,0.0000,0.0100,0.0100,0.0100,0.0100,222.00,54274.00
KXNHL-26-DET,1765440000,0.0000,0.0000,0.0000,0.0000,0.0100,0.0100,0.0100,0.0100,0.00,54274.00
KXNHL-26-DET,1765443600,0.0000,0.0000,0.0000,0.0000,0.0100,0.0100,0.0100,0.0100,0.00,54274.00
KXNHL-26-DET,1765450800,0.0000,0.0000,0.0000,0.0000,0.0100,0.0100,0.0100,0.0100,0.00,54274.00
KXNHL-26-DET,1765454400,0.0000,0.0000,0.0000,0.0000,0.0100,0.0100,0.0100,0.0100,0.00,54274.00
KXNHL-26-DET,1765458000,0.0000,0.0000,0.0000,0.0000,0.0100,0.0100,0.0100,0.0100,0.00,54274.00
KXNHL-26-DET,1765461600,0.0000,0.0000,0.0000,0.0000,0.0100,0.0100,0.0100,0.0100,0.00,54274.00
KXNHL-26-DET,1765465200,0.0000,0.0000,0.0000,0.0000,0.0100,0.0100,0.0100,0.0100,187.00,54461.00
KXNHL-26-DET,1765468800,0.0000,0.0000,0.0000,0.0000,0.0100,0.0100,0.0100,0.0100,0.00,54461.00
KXNHL-26-DET,1765472400,0.0000,0.0000,0.0000,0.0000,0.0100,0.0100,0.0100,0.0100,0.00,54461.00
KXNHL-26-DET,1765476000,0.0000,0.0000,0.0000,0.0000,0.0100,0.0100,0.0100,0.0100,0.00,54461.00
KXNHL-26-DET,1765479600,0.0000,0.0000,0.0000,0.0000,0.0100,0.0100,0.0100,0.0100,0.00,54461.00
KXNHL-26-DET,1765483200,0.0000,0.0000,0.0000,0.0000,0.0100,0.0100,0.0100,0.0100,0.00,54461.00
KXNHL-26-DET,1765486800,0.0000,0.0000,0.0000,0.0000,0.0100,0.0100,0.0100,0.0100,0.00,54461.00
KXNHL-26-DET,1765490400,0.0000,0.0000,0.0000,0.0000,0.0100,0.0100,0.0100,0.0100,0.00,54461.00
KXNHL-26-DET,1765494000,0.0000,0.0000,0.0000,0.0000,0.0100,0.0100,0.0100,0.0100,0.00,54461.00
KXNHL-26-DET,1765497600,0.0000,0.0000,0.0000,0.0000,0.0100,0.0100,0.0100,0.0100,0.00,54461.00
KXNHL-26-DET,1765501200,0.0000,0.0000,0.0000,0.0000,0.0100,0.0100,0.0100,0.0100,1111.00,55572.00
KXNHL-26-DET,1765504800,0.0000,0.0000,0.0000,0.0000,0.0100,0.0100,0.0100,0.0100,0.00,55572.00
KXNHL-26-DET,1765508400,0.0000,0.0000,0.0000,0.0000,0.0100,0.0100,0.0100,0.0100,0.00,55572.00
KXNHL-26-DET,1765512000,0.0000,0.0000,0.0000,0.0000,0.0100,0.0100,0.0100,0.0100,0.00,55572.00
KXNHL-26-DET,1765515600,0.0000,0.0000,0.0000,0.0000,0.0100,0.0100,0.0100,0.0100,0.00,55572.00
KXNHL-26-DET,1765519200,0.0000,0.0000,0.0000,0.0000,0.0100,0.0100,0.0100,0.0100,0.00,55572.00
KXNHL-26-DET,1765522800,0.0000,0.0000,0.0000,0.0000,0.0100,0.0100,0.0100,0.0100,0.00,55572.00
KXNHL-26-DET,1765526400,0.0000,0.0000,0.0000,0.0000,0.0100,0.0100,0.0100,0.0100,0.00,55572.00
KXNHL-26-DET,1765530000,0.0000,0.0000,0.0000,0.0000,0.0100,0.0100,0.0100,0.0100,0.00,55572.00
KXNHL-26-DET,1765533600,0.0000,0.0000,0.0000,0.0000,0.0100,0.0100,0.0100,0.0100,0.00,55572.00
KXNHL-26-DET,1765537200,0.0000,0.0000,0.0000,0.0000,0.0100,0.0100,0.0100,0.0100,0.00,55572.00
KXNHL-26-DET,1765540800,0.0000,0.0000,0.0000,0.0000,0.0100,0.0100,0.0100,0.0100,0.00,55572.00
KXNHL-26-DET,1765544400,0.0000,0.0000,0.0000,0.0000,0.0100,0.0100,0.0100,0.0100,0.00,55572.00
KXNHL-26-DET,1765548000,0.0000,0.0000,0.0000,0.0000,0.0100,0.0100,0.0100,0.0100,0.00,55572.00
KXNHL-26-DET,1765551600,0.0000,0.0000,0.0000,0.0000,0.0100,0.0100,0.0100,0.0100,0.00,55572.00
KXNHL-26-DET,1765555200,0.0000,0.0000,0.0000,0.0000,0.0100,0.0100,0.0100,0.0100,0.00,55572.00
KXNHL-26-DET,1765558800,0.0000,0.0000,0.0000,0.0000,0.0100,0.0100,0.0100,0.0100,0.00,55572.00
KXNHL-26-DET,1765562400,0.0000,0.0000,0.0000,0.0000,0.0100,0.0100,0.0100,0.0100,0.00,55572.00
KXNHL-26-DET,1765566000,0.0000,0.0000,0.0000,0.0000,0.0100,0.0100,0.0100,0.0100,0.00,55572.00
KXNHL-26-DET,1765569600,0.0000,0.0000,0.0000,0.0000,0.0100,0.0100,0.0100,0.0100,0.00,55572.00
KXNHL-26-DET,1765573200,0.0000,0.0000,0.0000,0.0000,0.0100,0.0100,0.0100,0.0100,0.00,55572.00
KXNHL-26-DET,1765576800,0.0000,0.0000,0.0000,0.0000,0.0100,0.0100,0.0100,0.0100,0.00,55572.00
KXNHL-26-DET,1765580400,0.0000,0.0000,0.0000,0.0000,0.0100,0.0100,0.0100,0.0100,0.00,55572.00
KXNHL-26-DET,1765584000,0.0000,0.0000,0.0000,0.0000,0.0100,0.0100,0.0100,0.0100,0.00,55572.00
KXNHL-26-DET,1765587600,0.0000,0.0000,0.0000,0.0000,0.0100,0.0100,0.0100,0.0100,0.00,55572.00
KXNHL-26-DET,1765591200,0.0000,0.0000,0.0000,0.0000,0.0100,0.0100,0.0100,0.0100,0.00,55572.00
KXNHL-26-DET,1765594800,0.0000,0.0000,0.0000,0.0000,0.0100,0.0100,0.0100,0.0100,0.00,55572.00
KXNHL-26-DET,1765598400,0.0000,0.0000,0.0000,0.0000,0.0100,0.0100,0.0100,0.0100,0.00,55572.00
KXNHL-26-DET,1765602000,0.0000,0.0000,0.0000,0.0000,0.0100,0.0100,0.0100,0.0100,100.00,55672.00
KXNHL-26-DET,1765605600,0.0000,0.0000,0.0000,0.0000,0.0100,0.0100,0.0100,0.0100,0.00,55672.00
KXNHL-26-DET,1765609200,0.0000,0.0000,0.0000,0.0000,0.0100,0.0100,0.0100,0.0100,0.00,55672.00
KXNHL-26-DET,1765612800,0.0000,0.0000,0.0000,0.0000,0.0100,0.0100,0.0100,0.0100,0.00,55672.00
KXNHL-26-DET,1765616400,0.0000,0.0000,0.0000,0.0000,0.0100,0.0100,0.0100,0.0100,0.00,55672.00
KXNHL-26-DET,1765620000,0.0000,0.0000,0.0000,0.0000,0.0100,0.0100,0.0100,0.0100,0.00,55672.00
KXNHL-26-DET,1765623600,0.0000,0.0000,0.0000,0.0000,0.0100,0.0100,0.0100,0.0100,0.00,55672.00
KXNHL-26-DET,1765627200,0.0000,0.0000,0.0000,0.0000,0.0100,0.0100,0.0100,0.0100,0.00,55672.00
KXNHL-26-DET,1765630800,0.0000,0.0000,0.0000,0.0000,0.0100,0.0100,0.0100,0.0100,0.00,55672.00
KXNHL-26-DET,1765634400,0.0000,0.0000,0.0000,0.0000,0.0100,0.0100,0.0100,0.0100,0.00,55672.00
KXNHL-26-DET,1765638000,0.0000,0.0000,0.0000,0.0000,0.0100,0.0100,0.0100,0.0100,0.00,55672.00
KXNHL-26-DET,1765641600,0.0000,0.0000,0.0000,0.0000,0.0100,0.0100,0.0100,0.0100,0.00,55672.00
KXNHL-26-DET,1765645200,0.0000,0.0000,0.0000,0.0000,0.0100,0.0100,0.0100,0.0100,0.00,55672.00
KXNHL-26-DET,1765648800,0.0000,0.0000,0.0000,0.0000,0.0100,0.0100,0.0100,0.0100,0.00,55672.00
KXNHL-26-DET,1765652400,0.0000,0.0000,0.0000,0.0000,0.0100,0.0100,0.0100,0.0100,0.00,55672.00
KXNHL-26-DET,1765656000,0.0000,0.0000,0.0000,0.0000,0.0100,0.0100,0.0100,0.0100,0.00,55672.00
KXNHL-26-DET,1765659600,0.0000,0.0000,0.0000,0.0000,0.0100,0.0100,0.0100,0.0100,0.00,55672.00
KXNHL-26-DET,1765663200,0.0000,0.0000,0.0000,0.0000,0.0100,0.0100,0.0100,0.0100,841.00,56513.00
KXNHL-26-DET,1765666800,0.0000,0.0000,0.0000,0.0000,0.0100,0.0100,0.0100,0.0100,0.00,56513.00
KXNHL-26-DET,1765670400,0.0000,0.0000,0.0000,0.0000,0.0100,0.0100,0.0100,0.0100,0.00,56513.00
KXNHL-26-DET,1765674000,0.0000,0.0000,0.0000,0.0000,0.0100,0.0100,0.0100,0.0100,0.00,56513.00
KXNHL-26-DET,1765677600,0.0000,0.0000,0.0000,0.0000,0.0100,0.0100,0.0100,0.0100,0.00,56513.00
KXNHL-26-DET,1765681200,0.0000,0.0000,0.0000,0.0000,0.0100,0.0100,0.0100,0.0100,467.00,56980.00
KXNHL-26-DET,1765684800,0.0000,0.0000,0.0000,0.0000,0.0100,0.0100,0.0100,0.0100,0.00,56980.00
KXNHL-26-DET,1765688400,0.0000,0.0000,0.0000,0.0000,0.0100,0.0100,0.0100,0.0100,0.00,56980.00
KXNHL-26-DET,1765692000,0.0000,0.0000,0.0000,0.0000,0.0100,0.0100,0.0100,0.0100,0.00,56980.00
KXNHL-26-DET,1765695600,0.0000,0.0000,0.0000,0.0000,0.0100,0.0100,0.0100,0.0100,0.00,56980.00
KXNHL-26-DET,1765699200,0.0000,0.0000,0.0000,0.0000,0.0100,0.0100,0.0100,0.0100,280.00,57260.00
KXNHL-26-DET,1765702800,0.0000,0.0000,0.0000,0.0000,0.0100,0.0100,0.0100,0.0100,0.00,57260.00
KXNHL-26-DET,1765706400,0.0000,0.0000,0.0000,0.0000,0.0100,0.0100,0.0100,0.0100,0.00,57260.00
KXNHL-26-DET,1765710000,0.0000,0.0000,0.0000,0.0000,0.0100,0.0100,0.0100,0.0100,0.00,57260.00
KXNHL-26-DET,1765713600,0.0000,0.0000,0.0000,0.0000,0.0100,0.0100,0.0100,0.0100,0.00,57260.00
KXNHL-26-DET,1765717200,0.0000,0.0000,0.0000,0.0000,0.0100,0.0100,0.0100,0.0100,0.00,57260.00
KXNHL-26-DET,1765720800,0.0000,0.0000,0.0000,0.0000,0.0100,0.0100,0.0100,0.0100,0.00,57260.00
KXNHL-26-DET,1765724400,0.0000,0.0000,0.0000,0.0000,0.0100,0.0100,0.0100,0.0100,0.00,57260.00
KXNHL-26-DET,1765728000,0.0000,0.0000,0.0000,0.0000,0.0100,0.0100,0.0100,0.0100,0.00,57260.00
KXNHL-26-DET,1765731600,0.0000,0.0000,0.0000,0.0000,0.0100,0.0100,0.0100,0.0100,0.00,57260.00
KXNHL-26-DET,1765735200,0.0000,0.0000,0.0000,0.0000,0.0100,0.0100,0.0100,0.0100,0.00,57260.00
KXNHL-26-DET,1765738800,0.0000,0.0000,0.0000,0.0000,0.0100,0.0100,0.0100,0.0100,0.00,57260.00
KXNHL-26-DET,1765742400,0.0000,0.0000,0.0000,0.0000,0.0100,0.0100,0.0100,0.0100,0.00,57260.00
KXNHL-26-DET,1765746000,0.0000,0.0000,0.0000,0.0000,0.0100,0.0100,0.0100,0.0100,0.00,57260.00
KXNHL-26-DET,1765749600,0.0000,0.0000,0.0000,0.0000,0.0100,0.0100,0.0100,0.0100,0.00,57260.00
KXNHL-26-DET,1765753200,0.0000,0.0000,0.0000,0.0000,0.0100,0.0100,0.0100,0.0100,0.00,57260.00
KXNHL-26-DET,1765756800,0.0000,0.0000,0.0000,0.0000,0.0100,0.0100,0.0100,0.0100,0.00,57260.00
KXNHL-26-DET,1765760400,0.0000,0.0000,0.0000,0.0000,0.0100,0.0100,0.0100,0.0100,0.00,57260.00
KXNHL-26-DET,1765764000,0.0000,0.0000,0.0000,0.0000,0.0100,0.0100,0.0100,0.0100,0.00,57260.00
KXNHL-26-DET,1765767600,0.0000,0.0000,0.0000,0.0000,0.0100,0.0100,0.0100,0.0100,0.00,57260.00
KXNHL-26-DET,1765771200,0.0000,0.0000,0.0000,0.0000,0.0100,0.0100,0.0100,0.0100,353.00,57613.00
KXNHL-26-DET,1765774800,0.0000,0.0000,0.0000,0.0000,0.0100,0.0100,0.0100,0.0100,0.00,57613.00
KXNHL-26-DET,1765778400,0.0000,0.0000,0.0000,0.0000,0.0100,0.0100,0.0100,0.0100,0.00,57613.00
KXNHL-26-DET,1765782000,0.0000,0.0000,0.0000,0.0000,0.0100,0.0100,0.0100,0.0100,0.00,57613.00
KXNHL-26-DET,1765785600,0.0000,0.0000,0.0000,0.0000,0.0100,0.0100,0.0100,0.0100,0.00,57613.00
KXNHL-26-DET,1765789200,0.0000,0.0000,0.0000,0.0000,0.0100,0.0100,0.0100,0.0100,0.00,57613.00
KXNHL-26-DET,1765792800,0.0000,0.0000,0.0000,0.0000,0.0100,0.0100,0.0100,0.0100,0.00,57613.00
KXNHL-26-DET,1765796400,0.0000,0.0000,0.0000,0.0000,0.0100,0.0100,0.0100,0.0100,0.00,57613.00
KXNHL-26-DET,1765800000,0.0000,0.0000,0.0000,0.0000,0.0100,0.0100,0.0100,0.0100,250.00,57863.00
KXNHL-26-DET,1765803600,0.0000,0.0000,0.0000,0.0000,0.0100,0.0100,0.0100,0.0100,0.00,57863.00
KXNHL-26-DET,1765807200,0.0000,0.0000,0.0000,0.0000,0.0100,0.0100,0.0100,0.0100,0.00,57863.00
KXNHL-26-DET,1765810800,0.0000,0.0000,0.0000,0.0000,0.0100,0.0100,0.0100,0.0100,0.00,57863.00
KXNHL-26-DET,1765814400,0.0000,0.0000,0.0000,0.0000,0.0100,0.0100,0.0100,0.0100,0.00,57863.00
KXNHL-26-DET,1765818000,0.0000,0.0000,0.0000,0.0000,0.0100,0.0100,0.0100,0.0100,0.00,57863.00
KXNHL-26-DET,1765821600,0.0000,0.0000,0.0000,0.0000,0.0100,0.0100,0.0100,0.0100,0.00,57863.00
KXNHL-26-DET,1765825200,0.0000,0.0000,0.0000,0.0000,0.0100,0.0100,0.0100,0.0100,0.00,57863.00
KXNHL-26-DET,1765828800,0.0000,0.0000,0.0000,0.0000,0.0100,0.0100,0.0100,0.0100,0.00,57863.00
KXNHL-26-DET,1765832400,0.0000,0.0000,0.0000,0.0000,0.0100,0.0100,0.0100,0.0100,0.00,57863.00
KXNHL-26-DET,1765836000,0.0000,0.0000,0.0000,0.0000,0.0100,0.0100,0.0100,0.0100,0.00,57863.00
KXNHL-26-DET,1765839600,0.0000,0.0000,0.0000,0.0000,0.0100,0.0100,0.0100,0.0100,0.00,57863.00
KXNHL-26-DET,1765843200,0.0000,0.0000,0.0000,0.0000,0.0100,0.0100,0.0100,0.0100,0.00,57863.00
KXNHL-26-DET,1765846800,0.0000,0.0000,0.0000,0.0000,0.0100,0.0100,0.0100,0.0100,0.00,57863.00
KXNHL-26-DET,1765850400,0.0000,0.0000,0.0000,0.0000,0.0100,0.0100,0.0100,0.0100,0.00,57863.00
KXNHL-26-DET,1765854000,0.0000,0.0000,0.0000,0.0000,0.0100,0.0100,0.0100,0.0100,0.00,57863.00
KXNHL-26-DET,1765857600,0.0000,0.0000,0.0000,0.0000,0.0100,0.0100,0.0100,0.0100,0.00,57863.00
KXNHL-26-DET,1765861200,0.0000,0.0000,0.0000,0.0000,0.0100,0.0100,0.0100,0.0100,0.00,57863.00
KXNHL-26-DET,1765864800,0.0000,0.0000,0.0000,0.0000,0.0100,0.0100,0.0100,0.0100,0.00,57863.00
KXNHL-26-DET,1765868400,0.0000,0.0000,0.0000,0.0000,0.0100,0.0100,0.0100,0.0100,0.00,57863.00
KXNHL-26-DET,1765872000,0.0000,0.0000,0.0000,0.0000,0.0100,0.0100,0.0100,0.0100,0.00,57863.00
KXNHL-26-DET,1765875600,0.0000,0.0000,0.0000,0.0000,0.0100,0.0100,0.0100,0.0100,0.00,57863.00
KXNHL-26-DET,1765879200,0.0000,0.0000,0.0000,0.0000,0.0100,0.0100,0.0100,0.0100,0.00,57863.00
KXNHL-26-DET,1765882800,0.0000,0.0000,0.0000,0.0000,0.0100,0.0100,0.0100,0.0100,0.00,57863.00
KXNHL-26-DET,1765886400,0.0000,0.0000,0.0000,0.0000,0.0100,0.0100,0.0100,0.0100,0.00,57863.00
KXNHL-26-DET,1765890000,0.0000,0.0000,0.0000,0.0000,0.0100,0.0100,0.0100,0.0100,0.00,57863.00
KXNHL-26-DET,1765893600,0.0000,0.0000,0.0000,0.0000,0.0100,0.0100,0.0100,0.0100,0.00,57863.00
KXNHL-26-DET,1765897200,0.0000,0.0000,0.0000,0.0000,0.0100,0.0100,0.0100,0.0100,0.00,57863.00
KXNHL-26-DET,1765900800,0.0000,0.0000,0.0000,0.0000,0.0100,0.0100,0.0100,0.0100,467.00,58330.00
KXNHL-26-DET,1765904400,0.0000,0.0000,0.0000,0.0000,0.0100,0.0100,0.0100,0.0100,0.00,58330.00
KXNHL-26-DET,1765908000,0.0000,0.0000,0.0000,0.0000,0.0100,0.0100,0.0100,0.0100,0.00,58330.00
KXNHL-26-DET,1765911600,0.0000,0.0000,0.0000,0.0000,0.0100,0.0100,0.0100,0.0100,0.00,58330.00
KXNHL-26-DET,1765915200,0.0000,0.0000,0.0000,0.0000,0.0100,0.0100,0.0100,0.0100,0.00,58330.00
KXNHL-26-DET,1765918800,0.0000,0.0000,0.0000,0.0000,0.0100,0.0100,0.0100,0.0100,0.00,58330.00
KXNHL-26-DET,1765922400,0.0000,0.0000,0.0000,0.0000,0.0100,0.0100,0.0100,0.0100,0.00,58330.00
KXNHL-26-DET,1765926000,0.0000,0.0000,0.0000,0.0000,0.0100,0.0100,0.0100,0.0100,0.00,58330.00
KXNHL-26-DET,1765929600,0.0000,0.0000,0.0000,0.0000,0.0100,0.0100,0.0100,0.0100,0.00,58330.00
KXNHL-26-DET,1765933200,0.0000,0.0000,0.0000,0.0000,0.0100,0.0100,0.0100,0.0100,467.00,58797.00
KXNHL-26-DET,1765936800,0.0000,0.0000,0.0000,0.0000,0.0100,0.0100,0.0100,0.0100,0.00,58797.00
KXNHL-26-DET,1765940400,0.0000,0.0000,0.0000,0.0000,0.0100,0.0100,0.0100,0.0100,0.00,58797.00
KXNHL-26-DET,1765944000,0.0000,0.0000,0.0000,0.0000,0.0100,0.0100,0.0100,0.0100,0.00,58797.00
KXNHL-26-DET,1765947600,0.0000,0.0000,0.0000,0.0000,0.0100,0.0100,0.0100,0.0100,0.00,58797.00
KXNHL-26-DET,1765951200,0.0000,0.0000,0.0000,0.0000,0.0100,0.0100,0.0100,0.0100,0.00,58797.00
KXNHL-26-DET,1765954800,0.0000,0.0000,0.0000,0.0000,0.0100,0.0100,0.0100,0.0100,0.00,58797.00
KXNHL-26-DET,1765958400,0.0000,0.0000,0.0000,0.0000,0.0100,0.0100,0.0100,0.0100,0.00,58797.00
KXNHL-26-DET,1765962000,0.0000,0.0000,0.0000,0.0000,0.0100,0.0100,0.0100,0.0100,0.00,58797.00
KXNHL-26-DET,1765965600,0.0000,0.0000,0.0000,0.0000,0.0100,0.0100,0.0100,0.0100,0.00,58797.00
KXNHL-26-DET,1765969200,0.0000,0.0000,0.0000,0.0000,0.0100,0.0100,0.0100,0.0100,0.00,58797.00
KXNHL-26-DET,1765972800,0.0000,0.0000,0.0000,0.0000,0.0100,0.0100,0.0100,0.0100,0.00,58797.00
KXNHL-26-DET,1765976400,0.0000,0.0000,0.0000,0.0000,0.0100,0.0100,0.0100,0.0100,0.00,58797.00
KXNHL-26-DET,1765980000,0.0000,0.0000,0.0000,0.0000,0.0100,0.0100,0.0100,0.0100,0.00,58797.00
KXNHL-26-DET,1765983600,0.0000,0.0000,0.0000,0.0000,0.0100,0.0100,0.0100,0.0100,0.00,58797.00
KXNHL-26-DET,1765987200,0.0000,0.0000,0.0000,0.0000,0.0100,0.0100,0.0100,0.0100,0.00,58797.00
KXNHL-26-DET,1765990800,0.0000,0.0000,0.0000,0.0000,0.0100,0.0100,0.0100,0.0100,0.00,58797.00
KXNHL-26-DET,1765994400,0.0000,0.0000,0.0000,0.0000,0.0100,0.0100,0.0100,0.0100,15060.00,73857.00
KXNHL-26-DET,1765998000,0.0000,0.0000,0.0000,0.0000,0.0100,0.0100,0.0100,0.0100,0.00,73857.00
KXNHL-26-DET,1766001600,0.0000,0.0000,0.0000,0.0000,0.0100,0.0100,0.0100,0.0100,467.00,74324.00
KXNHL-26-DET,1766005200,0.0000,0.0000,0.0000,0.0000,0.0100,0.0100,0.0100,0.0100,0.00,74324.00
KXNHL-26-DET,1766008800,0.0000,0.0000,0.0000,0.0000,0.0100,0.0100,0.0100,0.0100,0.00,74324.00
KXNHL-26-DET,1766012400,0.0000,0.0000,0.0000,0.0000,0.0100,0.0100,0.0100,0.0100,287.00,74611.00
KXNHL-26-DET,1766016000,0.0000,0.0000,0.0000,0.0000,0.0100,0.0100,0.0100,0.0100,0.00,74611.00
KXNHL-26-DET,1766019600,0.0000,0.0000,0.0000,0.0000,0.0100,0.0100,0.0100,0.0100,0.00,74611.00
KXNHL-26-DET,1766023200,0.0000,0.0000,0.0000,0.0000,0.0100,0.0100,0.0100,0.0100,935.00,75546.00
KXNHL-26-DET,1766026800,0.0000,0.0000,0.0000,0.0000,0.0100,0.0100,0.0100,0.0100,0.00,75546.00
KXNHL-26-DET,1766030400,0.0000,0.0000,0.0000,0.0000,0.0100,0.0100,0.0100,0.0100,0.00,75546.00
KXNHL-26-DET,1766034000,0.0000,0.0000,0.0000,0.0000,0.0100,0.0100,0.0100,0.0100,0.00,75546.00
KXNHL-26-DET,1766037600,0.0000,0.0000,0.0000,0.0000,0.0100,0.0100,0.0100,0.0100,0.00,75546.00
KXNHL-26-DET,1766041200,0.0000,0.0000,0.0000,0.0000,0.0100,0.0100,0.0100,0.0100,0.00,75546.00
KXNHL-26-DET,1766044800,0.0000,0.0000,0.0000,0.0000,0.0100,0.0100,0.0100,0.0100,0.00,75546.00
KXNHL-26-DET,1766048400,0.0000,0.0000,0.0000,0.0000,0.0100,0.0100,0.0100,0.0100,0.00,75546.00
KXNHL-26-DET,1766055600,0.0000,0.0000,0.0000,0.0000,0.0100,0.0100,0.0100,0.0100,0.00,75546.00
KXNHL-26-DET,1766062800,0.0000,0.0000,0.0000,0.0000,0.0100,0.0100,0.0100,0.0100,0.00,75546.00
KXNHL-26-DET,1766066400,0.0000,0.0000,0.0000,0.0000,0.0100,0.0100,0.0100,0.0100,0.00,75546.00
KXNHL-26-DET,1766073600,0.0000,0.0000,0.0000,0.0000,0.0100,0.0100,0.0100,0.0100,0.00,75546.00
KXNHL-26-DET,1766080800,0.0000,0.0000,0.0000,0.0000,0.0100,0.0100,0.0100,0.0100,0.00,75546.00
KXNHL-26-DET,1766084400,0.0000,0.0000,0.0000,0.0000,0.0100,0.0100,0.0100,0.0100,0.00,75546.00
KXNHL-26-DET,1766088000,0.0000,0.0000,0.0000,0.0000,0.0100,0.0100,0.0100,0.0100,0.00,75546.00
KXNHL-26-DET,1766091600,0.0000,0.0000,0.0000,0.0000,0.0100,0.0100,0.0100,0.0100,0.00,75546.00
KXNHL-26-DET,1766095200,0.0000,0.0000,0.0000,0.0000,0.0100,0.0100,0.0100,0.0100,0.00,75546.00
KXNHL-26-DET,1766098800,0.0000,0.0000,0.0000,0.0000,0.0100,0.0100,0.0100,0.0100,0.00,75546.00
KXNHL-26-DET,1766102400,0.0000,0.0000,0.0000,0.0000,0.0100,0.0100,0.0100,0.0100,0.00,75546.00
KXNHL-26-DET,1766106000,0.0000,0.0000,0.0000,0.0000,0.0100,0.0100,0.0100,0.0100,0.00,75546.00
KXNHL-26-DET,1766109600,0.0000,0.0000,0.0000,0.0000,0.0100,0.0100,0.0100,0.0100,40.00,75586.00
KXNHL-26-DET,1766113200,0.0000,0.0000,0.0000,0.0000,0.0100,0.0100,0.0100,0.0100,50.00,75636.00
KXNHL-26-DET,1766116800,0.0000,0.0000,0.0000,0.0000,0.0100,0.0100,0.0100,0.0100,0.00,75636.00
KXNHL-26-DET,1766120400,0.0000,0.0000,0.0000,0.0000,0.0100,0.0100,0.0100,0.0100,0.00,75636.00
KXNHL-26-DET,1766124000,0.0000,0.0000,0.0000,0.0000,0.0100,0.0100,0.0100,0.0100,0.00,75636.00
KXNHL-26-DET,1766127600,0.0000,0.0000,0.0000,0.0000,0.0100,0.0100,0.0100,0.0100,0.00,75636.00
KXNHL-26-DET,1766131200,0.0000,0.0000,0.0000,0.0000,0.0100,0.0100,0.0100,0.0100,0.00,75636.00
KXNHL-26-DET,1766134800,0.0000,0.0000,0.0000,0.0000,0.0100,0.0100,0.0100,0.0100,0.00,75636.00
KXNHL-26-DET,1766138400,0.0000,0.0000,0.0000,0.0000,0.0100,0.0100,0.0100,0.0100,0.00,75636.00
KXNHL-26-DET,1766142000,0.0000,0.0000,0.0000,0.0000,0.0100,0.0100,0.0100,0.0100,0.00,75636.00
KXNHL-26-DET,1766145600,0.0000,0.0000,0.0000,0.0000,0.0100,0.0100,0.0100,0.0100,0.00,75636.00
KXNHL-26-DET,1766149200,0.0000,0.0000,0.0000,0.0000,0.0100,0.0100,0.0100,0.0100,0.00,75636.00
KXNHL-26-DET,1766152800,0.0000,0.0000,0.0000,0.0000,0.0100,0.0100,0.0100,0.0100,0.00,75636.00
KXNHL-26-DET,1766156400,0.0000,0.0000,0.0000,0.0000,0.0100,0.0100,0.0100,0.0100,0.00,75636.00
KXNHL-26-DET,1766160000,0.0000,0.0000,0.0000,0.0000,0.0100,0.0100,0.0100,0.0100,0.00,75636.00
KXNHL-26-DET,1766163600,0.0000,0.0000,0.0000,0.0000,0.0100,0.0100,0.0100,0.0100,0.00,75636.00
KXNHL-26-DET,1766167200,0.0000,0.0000,0.0000,0.0000,0.0100,0.0100,0.0100,0.0100,0.00,75636.00
KXNHL-26-DET,1766170800,0.0000,0.0000,0.0000,0.0000,0.0100,0.0100,0.0100,0.0100,0.00,75636.00
KXNHL-26-DET,1766174400,0.0000,0.0000,0.0000,0.0000,0.0100,0.0100,0.0100,0.0100,70.00,75706.00
KXNHL-26-DET,1766178000,0.0000,0.0000,0.0000,0.0000,0.0100,0.0100,0.0100,0.0100,280.00,75986.00
KXNHL-26-DET,1766181600,0.0000,0.0000,0.0000,0.0000,0.0100,0.0100,0.0100,0.0100,93.00,76079.00
KXNHL-26-DET,1766185200,0.0000,0.0000,0.0000,0.0000,0.0100,0.0100,0.0100,0.0100,0.00,76079.00
KXNHL-26-DET,1766188800,0.0000,0.0000,0.0000,0.0000,0.0100,0.0100,0.0100,0.0100,0.00,76079.00
KXNHL-26-DET,1766192400,0.0000,0.0000,0.0000,0.0000,0.0100,0.0100,0.0100,0.0100,0.00,76079.00
KXNHL-26-DET,1766196000,0.0000,0.0000,0.0000,0.0000,0.0100,0.0100,0.0100,0.0100,0.00,76079.00
KXNHL-26-DET,1766199600,0.0000,0.0000,0.0000,0.0000,0.0100,0.0100,0.0100,0.0100,0.00,76079.00
KXNHL-26-DET,1766203200,0.0000,0.0000,0.0000,0.0000,0.0100,0.0100,0.0100,0.0100,0.00,76079.00
KXNHL-26-DET,1766206800,0.0000,0.0000,0.0000,0.0000,0.0100,0.0100,0.0100,0.0100,0.00,76079.00
KXNHL-26-DET,1766210400,0.0000,0.0000,0.0000,0.0000,0.0100,0.0100,0.0100,0.0100,0.00,76079.00
KXNHL-26-DET,1766214000,0.0000,0.0000,0.0000,0.0000,0.0100,0.0100,0.0100,0.0100,0.00,76079.00
KXNHL-26-DET,1766217600,0.0000,0.0000,0.0000,0.0000,0.0100,0.0100,0.0100,0.0100,0.00,76079.00
KXNHL-26-DET,1766221200,0.0000,0.0000,0.0000,0.0000,0.0100,0.0100,0.0100,0.0100,0.00,76079.00
KXNHL-26-DET,1766224800,0.0000,0.0000,0.0000,0.0000,0.0100,0.0100,0.0100,0.0100,0.00,76079.00
KXNHL-26-DET,1766228400,0.0000,0.0000,0.0000,0.0000,0.0100,0.0100,0.0100,0.0100,0.00,76079.00
KXNHL-26-DET,1766232000,0.0000,0.0000,0.0000,0.0000,0.0100,0.0100,0.0100,0.0100,0.00,76079.00
KXNHL-26-DET,1766235600,0.0000,0.0000,0.0000,0.0000,0.0100,0.0100,0.0100,0.0100,0.00,76079.00
KXNHL-26-DET,1766239200,0.0000,0.0000,0.0000,0.0000,0.0100,0.0100,0.0100,0.0100,0.00,76079.00
KXNHL-26-DET,1766242800,0.0000,0.0000,0.0000,0.0000,0.0100,0.0100,0.0100,0.0100,0.00,76079.00
KXNHL-26-DET,1766246400,0.0000,0.0000,0.0000,0.0000,0.0100,0.0100,0.0100,0.0100,0.00,76079.00
KXNHL-26-DET,1766250000,0.0000,0.0000,0.0000,0.0000,0.0100,0.0100,0.0100,0.0100,0.00,76079.00
KXNHL-26-DET,1766253600,0.0000,0.0000,0.0000,0.0000,0.0100,0.0100,0.0100,0.0100,0.00,76079.00
KXNHL-26-DET,1766257200,0.0000,0.0000,0.0000,0.0000,0.0100,0.0100,0.0100,0.0100,0.00,76079.00
KXNHL-26-DET,1766260800,0.0000,0.0000,0.0000,0.0000,0.0100,0.0100,0.0100,0.0100,0.00,76079.00
KXNHL-26-DET,1766264400,0.0000,0.0000,0.0000,0.0000,0.0100,0.0100,0.0100,0.0100,0.00,76079.00
KXNHL-26-DET,1766268000,0.0000,0.0000,0.0000,0.0000,0.0100,0.0100,0.0100,0.0100,0.00,76079.00
KXNHL-26-DET,1766271600,0.0000,0.0000,0.0000,0.0000,0.0100,0.0100,0.0100,0.0100,0.00,76079.00
KXNHL-26-DET,1766275200,0.0000,0.0000,0.0000,0.0000,0.0100,0.0100,0.0100,0.0100,0.00,76079.00
KXNHL-26-DET,1766278800,0.0000,0.0000,0.0000,0.0000,0.0100,0.0100,0.0100,0.0100,0.00,76079.00
KXNHL-26-DET,1766282400,0.0000,0.0000,0.0000,0.0000,0.0100,0.0100,0.0100,0.0100,0.00,76079.00
KXNHL-26-DET,1766286000,0.0000,0.0000,0.0000,0.0000,0.0100,0.0100,0.0100,0.0100,0.00,76079.00
KXNHL-26-DET,1766289600,0.0000,0.0000,0.0000,0.0000,0.0100,0.0100,0.0100,0.0100,0.00,76079.00
KXNHL-26-DET,1766293200,0.0000,0.0000,0.0000,0.0000,0.0100,0.0100,0.0100,0.0100,0.00,76079.00
KXNHL-26-DET,1766296800,0.0000,0.0000,0.0000,0.0000,0.0100,0.0100,0.0100,0.0100,0.00,76079.00
KXNHL-26-DET,1766300400,0.0000,0.0000,0.0000,0.0000,0.0100,0.0100,0.0100,0.0100,0.00,76079.00
KXNHL-26-DET,1766304000,0.0000,0.0000,0.0000,0.0000,0.0100,0.0100,0.0100,0.0100,0.00,76079.00
KXNHL-26-DET,1766307600,0.0000,0.0000,0.0000,0.0000,0.0100,0.0100,0.0100,0.0100,0.00,76079.00
KXNHL-26-DET,1766311200,0.0000,0.0000,0.0000,0.0000,0.0100,0.0100,0.0100,0.0100,0.00,76079.00
KXNHL-26-DET,1766314800,0.0000,0.0000,0.0000,0.0000,0.0100,0.0100,0.0100,0.0100,0.00,76079.00
KXNHL-26-DET,1766318400,0.0000,0.0000,0.0000,0.0000,0.0100,0.0100,0.0100,0.0100,0.00,76079.00
KXNHL-26-DET,1766322000,0.0000,0.0000,0.0000,0.0000,0.0100,0.0100,0.0100,0.0100,0.00,76079.00
KXNHL-26-DET,1766325600,0.0000,0.0000,0.0000,0.0000,0.0100,0.0100,0.0100,0.0100,467.00,76546.00
KXNHL-26-DET,1766329200,0.0000,0.0000,0.0000,0.0000,0.0100,0.0100,0.0100,0.0100,187.00,76733.00
KXNHL-26-DET,1766332800,0.0000,0.0000,0.0000,0.0000,0.0100,0.0100,0.0100,0.0100,0.00,76733.00
KXNHL-26-DET,1766336400,0.0000,0.0000,0.0000,0.0000,0.0100,0.0100,0.0100,0.0100,0.00,76733.00
KXNHL-26-DET,1766340000,0.0000,0.0000,0.0000,0.0000,0.0100,0.0100,0.0100,0.0100,0.00,76733.00
KXNHL-26-DET,1766343600,0.0000,0.0000,0.0000,0.0000,0.0100,0.0100,0.0100,0.0100,0.00,76733.00
KXNHL-26-DET,1766347200,0.0000,0.0000,0.0000,0.0000,0.0100,0.0100,0.0100,0.0100,100.00,76833.00
KXNHL-26-DET,1766350800,0.0000,0.0000,0.0000,0.0000,0.0100,0.0100,0.0100,0.0100,0.00,76833.00
KXNHL-26-DET,1766354400,0.0000,0.0000,0.0000,0.0000,0.0100,0.0100,0.0100,0.0100,0.00,76833.00
KXNHL-26-DET,1766358000,0.0000,0.0000,0.0000,0.0000,0.0100,0.0100,0.0100,0.0100,0.00,76833.00
KXNHL-26-DET,1766361600,0.0000,0.0000,0.0000,0.0000,0.0100,0.0100,0.0100,0.0100,69.00,76902.00
KXNHL-26-DET,1766365200,0.0000,0.0000,0.0000,0.0000,0.0100,0.0100,0.0100,0.0100,0.00,76902.00
KXNHL-26-DET,1766368800,0.0000,0.0000,0.0000,0.0000,0.0100,0.0100,0.0100,0.0100,0.00,76902.00
KXNHL-26-DET,1766372400,0.0000,0.0000,0.0000,0.0000,0.0100,0.0100,0.0100,0.0100,374.00,77276.00
KXNHL-26-DET,1766376000,0.0000,0.0000,0.0000,0.0000,0.0100,0.0100,0.0100,0.0100,0.00,77276.00
KXNHL-26-DET,1766379600,0.0000,0.0000,0.0000,0.0000,0.0100,0.0100,0.0100,0.0100,0.00,77276.00
KXNHL-26-DET,1766383200,0.0000,0.0000,0.0000,0.0000,0.0100,0.0100,0.0100,0.0100,67.00,77343.00
KXNHL-26-DET,1766386800,0.0000,0.0000,0.0000,0.0000,0.0100,0.0100,0.0100,0.0100,0.00,77343.00
KXNHL-26-DET,1766390400,0.0000,0.0000,0.0000,0.0000,0.0100,0.0100,0.0100,0.0100,0.00,77343.00
KXNHL-26-DET,1766394000,0.0000,0.0000,0.0000,0.0000,0.0100,0.0100,0.0100,0.0100,0.00,77343.00
KXNHL-26-DET,1766397600,0.0000,0.0000,0.0000,0.0000,0.0100,0.0100,0.0100,0.0100,0.00,77343.00
KXNHL-26-DET,1766401200,0.0000,0.0000,0.0000,0.0000,0.0100,0.0100,0.0100,0.0100,0.00,77343.00
KXNHL-26-DET,1766404800,0.0000,0.0000,0.0000,0.0000,0.0100,0.0100,0.0100,0.0100,0.00,77343.00
KXNHL-26-DET,1766408400,0.0000,0.0000,0.0000,0.0000,0.0100,0.0100,0.0100,0.0100,0.00,77343.00
KXNHL-26-DET,1766412000,0.0000,0.0000,0.0000,0.0000,0.0100,0.0100,0.0100,0.0100,0.00,77343.00
KXNHL-26-DET,1766415600,0.0000,0.0000,0.0000,0.0000,0.0100,0.0100,0.0100,0.0100,0.00,77343.00
KXNHL-26-DET,1766419200,0.0000,0.0000,0.0000,0.0000,0.0100,0.0100,0.0100,0.0100,0.00,77343.00
KXNHL-26-DET,1766422800,0.0000,0.0000,0.0000,0.0000,0.0100,0.0100,0.0100,0.0100,0.00,77343.00
KXNHL-26-DET,1766426400,0.0000,0.0000,0.0000,0.0000,0.0100,0.0100,0.0100,0.0100,0.00,77343.00
KXNHL-26-DET,1766430000,0.0000,0.0000,0.0000,0.0000,0.0100,0.0100,0.0100,0.0100,0.00,77343.00
KXNHL-26-DET,1766433600,0.0000,0.0000,0.0000,0.0000,0.0100,0.0100,0.0100,0.0100,0.00,77343.00
KXNHL-26-DET,1766437200,0.0000,0.0000,0.0000,0.0000,0.0100,0.0100,0.0100,0.0100,0.00,77343.00
KXNHL-26-DET,1766444400,0.0000,0.0000,0.0000,0.0000,0.0100,0.0100,0.0100,0.0100,0.00,77343.00
KXNHL-26-DET,1766448000,0.0000,0.0000,0.0000,0.0000,0.0100,0.0100,0.0100,0.0100,0.00,77343.00
KXNHL-26-DET,1766451600,0.0000,0.0000,0.0000,0.0000,0.0100,0.0100,0.0100,0.0100,0.00,77343.00
KXNHL-26-DET,1766455200,0.0000,0.0000,0.0000,0.0000,0.0100,0.0100,0.0100,0.0100,1870.00,79213.00
KXNHL-26-DET,1766458800,0.0000,0.0000,0.0000,0.0000,0.0100,0.0100,0.0100,0.0100,0.00,79213.00
KXNHL-26-DET,1766462400,0.0000,0.0000,0.0000,0.0000,0.0100,0.0100,0.0100,0.0100,30.00,79243.00
KXNHL-26-DET,1766466000,0.0000,0.0000,0.0000,0.0000,0.0100,0.0100,0.0100,0.0100,333.00,79576.00
KXNHL-26-DET,1766469600,0.0000,0.0000,0.0000,0.0000,0.0100,0.0100,0.0100,0.0100,0.00,79576.00
KXNHL-26-DET,1766473200,0.0000,0.0000,0.0000,0.0000,0.0100,0.0100,0.0100,0.0100,0.00,79576.00
KXNHL-26-DET,1766476800,0.0000,0.0000,0.0000,0.0000,0.0100,0.0100,0.0100,0.0100,1402.00,80978.00
KXNHL-26-DET,1766480400,0.0000,0.0000,0.0000,0.0000,0.0100,0.0100,0.0100,0.0100,0.00,80978.00
KXNHL-26-DET,1766484000,0.0000,0.0000,0.0000,0.0000,0.0100,0.0100,0.0100,0.0100,0.00,80978.00
KXNHL-26-DET,1766491200,0.0000,0.0000,0.0000,0.0000,0.0100,0.0100,0.0100,0.0100,0.00,80978.00
KXNHL-26-DET,1766494800,0.0000,0.0000,0.0000,0.0000,0.0100,0.0100,0.0100,0.0100,0.00,80978.00
KXNHL-26-DET,1766498400,0.0000,0.0000,0.0000,0.0000,0.0100,0.0100,0.0100,0.0100,0.00,80978.00
KXNHL-26-DET,1766502000,0.0000,0.0000,0.0000,0.0000,0.0100,0.0100,0.0100,0.0100,0.00,80978.00
KXNHL-26-DET,1766505600,0.0000,0.0000,0.0000,0.0000,0.0100,0.0100,0.0100,0.0100,0.00,80978.00
KXNHL-26-DET,1766509200,0.0000,0.0000,0.0000,0.0000,0.0100,0.0100,0.0100,0.0100,1000.00,81978.00
KXNHL-26-DET,1766512800,0.0000,0.0000,0.0000,0.0000,0.0100,0.0100,0.0100,0.0100,0.00,81978.00
KXNHL-26-DET,1766516400,0.0000,0.0000,0.0000,0.0000,0.0100,0.0100,0.0100,0.0100,0.00,81978.00
KXNHL-26-DET,1766520000,0.0000,0.0000,0.0000,0.0000,0.0100,0.0100,0.0100,0.0100,0.00,81978.00
KXNHL-26-DET,1766523600,0.0000,0.0000,0.0000,0.0000,0.0100,0.0100,0.0100,0.0100,458.00,82436.00
KXNHL-26-DET,1766527200,0.0000,0.0000,0.0000,0.0000,0.0100,0.0100,0.0100,0.0100,0.00,82436.00
KXNHL-26-DET,1766534400,0.0000,0.0000,0.0000,0.0000,0.0100,0.0100,0.0100,0.0100,0.00,82436.00
KXNHL-26-DET,1766538000,0.0000,0.0000,0.0000,0.0000,0.0100,0.0100,0.0100,0.0100,0.00,82436.00
KXNHL-26-DET,1766541600,0.0000,0.0000,0.0000,0.0000,0.0100,0.0100,0.0100,0.0100,333.00,82769.00
KXNHL-26-DET,1766545200,0.0000,0.0000,0.0000,0.0000,0.0100,0.0100,0.0100,0.0100,2805.00,85574.00
KXNHL-26-DET,1766548800,0.0000,0.0000,0.0000,0.0000,0.0100,0.0100,0.0100,0.0100,0.00,85574.00
KXNHL-26-DET,1766552400,0.0000,0.0000,0.0000,0.0000,0.0100,0.0100,0.0100,0.0100,0.00,85574.00
KXNHL-26-DET,1766556000,0.0000,0.0000,0.0000,0.0000,0.0100,0.0100,0.0100,0.0100,0.00,85574.00
KXNHL-26-DET,1766559600,0.0000,0.0000,0.0000,0.0000,0.0100,0.0100,0.0100,0.0100,0.00,85574.00
KXNHL-26-DET,1766563200,0.0000,0.0000,0.0000,0.0000,0.0100,0.0100,0.0100,0.0100,0.00,85574.00
KXNHL-26-DET,1766566800,0.0000,0.0000,0.0000,0.0000,0.0100,0.0100,0.0100,0.0100,0.00,85574.00
KXNHL-26-DET,1766570400,0.0000,0.0000,0.0000,0.0000,0.0100,0.0100,0.0100,0.0100,0.00,85574.00
KXNHL-26-DET,1766577600,0.0000,0.0000,0.0000,0.0000,0.0100,0.0100,0.0100,0.0100,1870.00,87444.00
KXNHL-26-DET,1766581200,0.0000,0.0000,0.0000,0.0000,0.0100,0.0100,0.0100,0.0100,0.00,87444.00
KXNHL-26-DET,1766588400,0.0000,0.0000,0.0000,0.0000,0.0100,0.0100,0.0100,0.0100,0.00,87444.00
KXNHL-26-DET,1766592000,0.0000,0.0000,0.0000,0.0000,0.0100,0.0100,0.0100,0.0100,0.00,87444.00
KXNHL-26-DET,1766595600,0.0000,0.0000,0.0000,0.0000,0.0100,0.0100,0.0100,0.0100,0.00,87444.00
KXNHL-26-DET,1766599200,0.0000,0.0000,0.0000,0.0000,0.0100,0.0100,0.0100,0.0100,0.00,87444.00
KXNHL-26-DET,1766606400,0.0000,0.0000,0.0000,0.0000,0.0100,0.0100,0.0100,0.0100,467.00,87911.00
KXNHL-26-DET,1766610000,0.0000,0.0000,0.0000,0.0000,0.0100,0.0100,0.0100,0.0100,65.00,87976.00
KXNHL-26-DET,1766617200,0.0000,0.0000,0.0000,0.0000,0.0100,0.0100,0.0100,0.0100,0.00,87976.00
KXNHL-26-DET,1766620800,0.0000,0.0000,0.0000,0.0000,0.0100,0.0100,0.0100,0.0100,0.00,87976.00
KXNHL-26-DET,1766624400,0.0000,0.0000,0.0000,0.0000,0.0100,0.0100,0.0100,0.0100,0.00,87976.00
KXNHL-26-DET,1766628000,0.0000,0.0000,0.0000,0.0000,0.0100,0.0100,0.0100,0.0100,0.00,87976.00
KXNHL-26-DET,1766635200,0.0000,0.0000,0.0000,0.0000,0.0100,0.0100,0.0100,0.0100,0.00,87976.00
KXNHL-26-DET,1766638800,0.0000,0.0000,0.0000,0.0000,0.0100,0.0100,0.0100,0.0100,93.00,88069.00
KXNHL-26-DET,1766642400,0.0000,0.0000,0.0000,0.0000,0.0100,0.0100,0.0100,0.0100,0.00,88069.00
KXNHL-26-DET,1766646000,0.0000,0.0000,0.0000,0.0000,0.0100,0.0100,0.0100,0.0100,0.00,88069.00
KXNHL-26-DET,1766649600,0.0000,0.0000,0.0000,0.0000,0.0100,0.0100,0.0100,0.0100,0.00,88069.00
KXNHL-26-DET,1766653200,0.0000,0.0000,0.0000,0.0000,0.0100,0.0100,0.0100,0.0100,0.00,88069.00
KXNHL-26-DET,1766660400,0.0000,0.0000,0.0000,0.0000,0.0100,0.0100,0.0100,0.0100,0.00,88069.00
KXNHL-26-DET,1766664000,0.0000,0.0000,0.0000,0.0000,0.0100,0.0100,0.0100,0.0100,0.00,88069.00
KXNHL-26-DET,1766667600,0.0000,0.0000,0.0000,0.0000,0.0100,0.0100,0.0100,0.0100,0.00,88069.00
KXNHL-26-DET,1766671200,0.0000,0.0000,0.0000,0.0000,0.0100,0.0100,0.0100,0.0100,0.00,88069.00
KXNHL-26-DET,1766674800,0.0000,0.0000,0.0000,0.0000,0.0100,0.0100,0.0100,0.0100,0.00,88069.00
KXNHL-26-DET,1766682000,0.0000,0.0000,0.0000,0.0000,0.0100,0.0100,0.0100,0.0100,0.00,88069.00
KXNHL-26-DET,1766685600,0.0000,0.0000,0.0000,0.0000,0.0100,0.0100,0.0100,0.0100,935.00,89004.00
KXNHL-26-DET,1766689200,0.0000,0.0000,0.0000,0.0000,0.0100,0.0100,0.0100,0.0100,0.00,89004.00
KXNHL-26-DET,1766692800,0.0000,0.0000,0.0000,0.0000,0.0100,0.0100,0.0100,0.0100,0.00,89004.00
KXNHL-26-DET,1766696400,0.0000,0.0000,0.0000,0.0000,0.0100,0.0100,0.0100,0.0100,0.00,89004.00
KXNHL-26-DET,1766700000,0.0000,0.0000,0.0000,0.0000,0.0100,0.0100,0.0100,0.0100,93.00,89097.00
KXNHL-26-DET,1766703600,0.0000,0.0000,0.0000,0.0000,0.0100,0.0100,0.0100,0.0100,46.00,89143.00
KXNHL-26-DET,1766707200,0.0000,0.0000,0.0000,0.0000,0.0100,0.0100,0.0100,0.0100,0.00,89143.00
KXNHL-26-DET,1766710800,0.0000,0.0000,0.0000,0.0000,0.0100,0.0100,0.0100,0.0100,0.00,89143.00
KXNHL-26-DET,1766714400,0.0000,0.0000,0.0000,0.0000,0.0100,0.0100,0.0100,0.0100,0.00,89143.00
KXNHL-26-DET,1766721600,0.0000,0.0000,0.0000,0.0000,0.0100,0.0100,0.0100,0.0100,0.00,89143.00
KXNHL-26-DET,1766725200,0.0000,0.0000,0.0000,0.0000,0.0100,0.0100,0.0100,0.0100,0.00,89143.00
KXNHL-26-DET,1766728800,0.0000,0.0000,0.0000,0.0000,0.0100,0.0100,0.0100,0.0100,0.00,89143.00
KXNHL-26-DET,1766732400,0.0000,0.0000,0.0000,0.0000,0.0100,0.0100,0.0100,0.0100,0.00,89143.00
KXNHL-26-DET,1766736000,0.0000,0.0000,0.0000,0.0000,0.0100,0.0100,0.0100,0.0100,0.00,89143.00
KXNHL-26-DET,1766739600,0.0000,0.0000,0.0000,0.0000,0.0100,0.0100,0.0100,0.0100,0.00,89143.00
KXNHL-26-DET,1766743200,0.0000,0.0000,0.0000,0.0000,0.0100,0.0100,0.0100,0.0100,0.00,89143.00
KXNHL-26-DET,1766750400,0.0000,0.0000,0.0000,0.0000,0.0100,0.0100,0.0100,0.0100,0.00,89143.00
KXNHL-26-DET,1766754000,0.0000,0.0000,0.0000,0.0000,0.0100,0.0100,0.0100,0.0100,0.00,89143.00
KXNHL-26-DET,1766757600,0.0000,0.0000,0.0000,0.0000,0.0100,0.0100,0.0100,0.0100,0.00,89143.00
KXNHL-26-DET,1766764800,0.0000,0.0000,0.0000,0.0000,0.0100,0.0100,0.0100,0.0100,0.00,89143.00
KXNHL-26-DET,1766768400,0.0000,0.0000,0.0000,0.0000,0.0100,0.0100,0.0100,0.0100,0.00,89143.00
KXNHL-26-DET,1766772000,0.0000,0.0000,0.0000,0.0000,0.0100,0.0100,0.0100,0.0100,0.00,89143.00
KXNHL-26-DET,1766775600,0.0000,0.0000,0.0000,0.0000,0.0100,0.0100,0.0100,0.0100,467.00,89610.00
KXNHL-26-DET,1766779200,0.0000,0.0000,0.0000,0.0000,0.0100,0.0100,0.0100,0.0100,66.00,89676.00
KXNHL-26-DET,1766782800,0.0000,0.0000,0.0000,0.0000,0.0100,0.0100,0.0100,0.0100,0.00,89676.00
KXNHL-26-DET,1766786400,0.0000,0.0000,0.0000,0.0000,0.0100,0.0100,0.0100,0.0100,9351.00,99027.00
KXNHL-26-DET,1766790000,0.0000,0.0000,0.0000,0.0000,0.0100,0.0100,0.0100,0.0100,0.00,99027.00
KXNHL-26-DET,1766793600,0.0000,0.0000,0.0000,0.0000,0.0100,0.0100,0.0100,0.0100,0.00,99027.00
KXNHL-26-DET,1766797200,0.0000,0.0000,0.0000,0.0000,0.0100,0.0100,0.0100,0.0100,0.00,99027.00
KXNHL-26-DET,1766800800,0.0000,0.0000,0.0000,0.0000,0.0100,0.0100,0.0100,0.0100,0.00,99027.00
KXNHL-26-DET,1766808000,0.0000,0.0000,0.0000,0.0000,0.0100,0.0100,0.0100,0.0100,935.00,99962.00
KXNHL-26-DET,1766811600,0.0000,0.0000,0.0000,0.0000,0.0100,0.0100,0.0100,0.0100,467.00,100429.00
KXNHL-26-DET,1766815200,0.0000,0.0000,0.0000,0.0000,0.0100,0.0100,0.0100,0.0100,0.00,100429.00
KXNHL-26-DET,1766818800,0.0000,0.0000,0.0000,0.0000,0.0100,0.0100,0.0100,0.0100,0.00,100429.00
KXNHL-26-DET,1766822400,0.0000,0.0000,0.0000,0.0000,0.0100,0.0100,0.0100,0.0100,0.00,100429.00
KXNHL-26-DET,1766826000,0.0000,0.0000,0.0000,0.0000,0.0100,0.0100,0.0100,0.0100,0.00,100429.00
KXNHL-26-DET,1766829600,0.0000,0.0000,0.0000,0.0000,0.0100,0.0100,0.0100,0.0100,0.00,100429.00
KXNHL-26-DET,1766836800,0.0000,0.0000,0.0000,0.0000,0.0100,0.0100,0.0100,0.0100,0.00,100429.00
KXNHL-26-DET,1766840400,0.0000,0.0000,0.0000,0.0000,0.0100,0.0100,0.0100,0.0100,0.00,100429.00
KXNHL-26-DET,1766844000,0.0000,0.0000,0.0000,0.0000,0.0100,0.0100,0.0100,0.0100,0.00,100429.00
KXNHL-26-DET,1766847600,0.0000,0.0000,0.0000,0.0000,0.0100,0.0100,0.0100,0.0100,0.00,100429.00
KXNHL-26-DET,1766854800,0.0000,0.0000,0.0000,0.0000,0.0100,0.0100,0.0100,0.0100,0.00,100429.00
KXNHL-26-DET,1766858400,0.0000,0.0000,0.0000,0.0000,0.0100,0.0100,0.0100,0.0100,0.00,100429.00
KXNHL-26-DET,1766862000,0.0000,0.0000,0.0000,0.0000,0.0100,0.0100,0.0100,0.0100,0.00,100429.00
KXNHL-26-DET,1766865600,0.0000,0.0000,0.0000,0.0000,0.0100,0.0100,0.0100,0.0100,935.00,101364.00
KXNHL-26-DET,1766869200,0.0000,0.0000,0.0000,0.0000,0.0100,0.0100,0.0100,0.0100,0.00,101364.00
KXNHL-26-DET,1766872800,0.0000,0.0000,0.0000,0.0000,0.0100,0.0100,0.0100,0.0100,0.00,101364.00
KXNHL-26-DET,1766876400,0.0000,0.0000,0.0000,0.0000,0.0100,0.0100,0.0100,0.0100,0.00,101364.00
KXNHL-26-DET,1766880000,0.0000,0.0000,0.0000,0.0000,0.0100,0.0100,0.0100,0.0100,0.00,101364.00
KXNHL-26-DET,1766883600,0.0000,0.0000,0.0000,0.0000,0.0100,0.0100,0.0100,0.0100,0.00,101364.00
KXNHL-26-DET,1766887200,0.0000,0.0000,0.0000,0.0000,0.0100,0.0100,0.0100,0.0100,1666.00,103030.00
KXNHL-26-DET,1766890800,0.0000,0.0000,0.0000,0.0000,0.0100,0.0100,0.0100,0.0100,0.00,103030.00
KXNHL-26-DET,1766894400,0.0000,0.0000,0.0000,0.0000,0.0100,0.0100,0.0100,0.0100,0.00,103030.00
KXNHL-26-DET,1766898000,0.0000,0.0000,0.0000,0.0000,0.0100,0.0100,0.0100,0.0100,0.00,103030.00
KXNHL-26-DET,1766901600,0.0000,0.0000,0.0000,0.0000,0.0100,0.0100,0.0100,0.0100,0.00,103030.00
KXNHL-26-DET,1766905200,0.0000,0.0000,0.0000,0.0000,0.0100,0.0100,0.0100,0.0100,0.00,103030.00
KXNHL-26-DET,1766908800,0.0000,0.0000,0.0000,0.0000,0.0100,0.0100,0.0100,0.0100,0.00,103030.00
KXNHL-26-DET,1766912400,0.0000,0.0000,0.0000,0.0000,0.0100,0.0100,0.0100,0.0100,0.00,103030.00
KXNHL-26-DET,1766916000,0.0000,0.0000,0.0000,0.0000,0.0100,0.0100,0.0100,0.0100,0.00,103030.00
KXNHL-26-DET,1766919600,0.0000,0.0000,0.0000,0.0000,0.0100,0.0100,0.0100,0.0100,0.00,103030.00
KXNHL-26-DET,1766923200,0.0000,0.0000,0.0000,0.0000,0.0100,0.0100,0.0100,0.0100,0.00,103030.00
KXNHL-26-DET,1766926800,0.0000,0.0000,0.0000,0.0000,0.0100,0.0100,0.0100,0.0100,0.00,103030.00
KXNHL-26-DET,1766930400,0.0000,0.0000,0.0000,0.0000,0.0100,0.0100,0.0100,0.0100,0.00,103030.00
KXNHL-26-DET,1766934000,0.0000,0.0000,0.0000,0.0000,0.0100,0.0100,0.0100,0.0100,0.00,103030.00
KXNHL-26-DET,1766937600,0.0000,0.0000,0.0000,0.0000,0.0100,0.0100,0.0100,0.0100,0.00,103030.00
KXNHL-26-DET,1766941200,0.0000,0.0000,0.0000,0.0000,0.0100,0.0100,0.0100,0.0100,0.00,103030.00
KXNHL-26-DET,1766944800,0.0000,0.0000,0.0000,0.0000,0.0100,0.0100,0.0100,0.0100,2500.00,105530.00
KXNHL-26-DET,1766948400,0.0000,0.0000,0.0000,0.0000,0.0100,0.0100,0.0100,0.0100,0.00,105530.00
KXNHL-26-DET,1766955600,0.0000,0.0000,0.0000,0.0000,0.0100,0.0100,0.0100,0.0100,0.00,105530.00
KXNHL-26-DET,1766959200,0.0000,0.0000,0.0000,0.0000,0.0100,0.0100,0.0100,0.0100,0.00,105530.00
KXNHL-26-DET,1766962800,0.0000,0.0000,0.0000,0.0000,0.0100,0.0100,0.0100,0.0100,0.00,105530.00
KXNHL-26-DET,1766966400,0.0000,0.0000,0.0000,0.0000,0.0100,0.0100,0.0100,0.0100,0.00,105530.00
KXNHL-26-DET,1766970000,0.0000,0.0000,0.0000,0.0000,0.0100,0.0100,0.0100,0.0100,0.00,105530.00
KXNHL-26-DET,1766973600,0.0000,0.0000,0.0000,0.0000,0.0100,0.0100,0.0100,0.0100,0.00,105530.00
KXNHL-26-DET,1766977200,0.0000,0.0000,0.0000,0.0000,0.0100,0.0100,0.0100,0.0100,1000.00,106530.00
KXNHL-26-DET,1766980800,0.0000,0.0000,0.0000,0.0000,0.0100,0.0100,0.0100,0.0100,0.00,106530.00
KXNHL-26-DET,1766984400,0.0000,0.0000,0.0000,0.0000,0.0100,0.0100,0.0100,0.0100,0.00,106530.00
KXNHL-26-DET,1766988000,0.0000,0.0000,0.0000,0.0000,0.0100,0.0100,0.0100,0.0100,5093.00,111623.00
KXNHL-26-DET,1766991600,0.0000,0.0000,0.0000,0.0000,0.0100,0.0100,0.0100,0.0100,0.00,111623.00
KXNHL-26-DET,1766995200,0.0000,0.0000,0.0000,0.0000,0.0100,0.0100,0.0100,0.0100,0.00,111623.00
KXNHL-26-DET,1766998800,0.0000,0.0000,0.0000,0.0000,0.0100,0.0100,0.0100,0.0100,0.00,111623.00
KXNHL-26-DET,1767006000,0.0000,0.0000,0.0000,0.0000,0.0100,0.0100,0.0100,0.0100,0.00,111623.00
KXNHL-26-DET,1767009600,0.0000,0.0000,0.0000,0.0000,0.0100,0.0100,0.0100,0.0100,0.00,111623.00
KXNHL-26-DET,1767013200,0.0000,0.0000,0.0000,0.0000,0.0100,0.0100,0.0100,0.0100,0.00,111623.00
KXNHL-26-DET,1767016800,0.0000,0.0000,0.0000,0.0000,0.0100,0.0200,0.0100,0.0200,9111.00,120733.00
KXNHL-26-DET,1767020400,0.0000,0.0000,0.0000,0.0000,0.0200,0.0200,0.0200,0.0200,92.00,120825.00
KXNHL-26-DET,1767024000,0.0000,0.0000,0.0000,0.0000,0.0200,0.0200,0.0200,0.0200,0.00,120825.00
KXNHL-26-DET,1767031200,0.0000,0.0000,0.0000,0.0000,0.0200,0.0200,0.0200,0.0200,11.00,120836.00
KXNHL-26-DET,1767034800,0.0000,0.0000,0.0000,0.0000,0.0200,0.0200,0.0100,0.0100,1871.00,122707.00
KXNHL-26-DET,1767038400,0.0000,0.0000,0.0000,0.0000,0.0100,0.0100,0.0100,0.0100,0.00,122707.00
KXNHL-26-DET,1767042000,0.0000,0.0000,0.0000,0.0000,0.0100,0.0100,0.0100,0.0100,0.00,122707.00
KXNHL-26-DET,1767045600,0.0000,0.0000,0.0000,0.0000,0.0100,0.0100,0.0100,0.0100,1000.00,123707.00
KXNHL-26-DET,1767049200,0.0000,0.0000,0.0000,0.0000,0.0100,0.0200,0.0100,0.0200,100.00,123807.00
KXNHL-26-DET,1767052800,0.0000,0.0000,0.0000,0.0000,0.0200,0.0200,0.0200,0.0200,0.00,123807.00
KXNHL-26-DET,1767056400,0.0000,0.0000,0.0000,0.0000,0.0200,0.0200,0.0200,0.0200,0.00,123807.00
KXNHL-26-DET,1767060000,0.0000,0.0000,0.0000,0.0000,0.0200,0.0200,0.0200,0.0200,2000.00,125807.00
KXNHL-26-DET,1767063600,0.0000,0.0000,0.0000,0.0000,0.0200,0.0200,0.0200,0.0200,0.00,125807.00
KXNHL-26-DET,1767067200,0.0000,0.0000,0.0000,0.0000,0.0200,0.0200,0.0200,0.0200,0.00,125807.00
KXNHL-26-DET,1767070800,0.0000,0.0000,0.0000,0.0000,0.0200,0.0200,0.0200,0.0200,750.00,126557.00
KXNHL-26-DET,1767074400,0.0000,0.0000,0.0000,0.0000,0.0200,0.0200,0.0200,0.0200,0.00,126557.00
KXNHL-26-DET,1767078000,0.0000,0.0000,0.0000,0.0000,0.0200,0.0200,0.0100,0.0100,0.00,126557.00
KXNHL-26-DET,1767081600,0.0000,0.0000,0.0000,0.0000,0.0100,0.0100,0.0100,0.0100,0.00,126557.00
KXNHL-26-DET,1767085200,0.0000,0.0000,0.0000,0.0000,0.0100,0.0200,0.0100,0.0200,0.00,126557.00
KXNHL-26-DET,1767092400,0.0000,0.0000,0.0000,0.0000,0.0200,0.0200,0.0200,0.0200,0.00,126557.00
KXNHL-26-DET,1767096000,0.0000,0.0000,0.0000,0.0000,0.0200,0.0200,0.0200,0.0200,0.00,126557.00
KXNHL-26-DET,1767099600,0.0000,0.0000,0.0000,0.0000,0.0200,0.0200,0.0200,0.0200,0.00,126557.00
KXNHL-26-DET,1767103200,0.0000,0.0000,0.0000,0.0000,0.0200,0.0200,0.0200,0.0200,0.00,126557.00
KXNHL-26-DET,1767106800,0.0000,0.0000,0.0000,0.0000,0.0200,0.0200,0.0200,0.0200,50.00,126607.00
KXNHL-26-DET,1767110400,0.0000,0.0000,0.0000,0.0000,0.0200,0.0200,0.0100,0.0100,0.00,126607.00
KXNHL-26-DET,1767114000,0.0000,0.0000,0.0000,0.0000,0.0100,0.0200,0.0100,0.0200,438.00,127045.00
KXNHL-26-DET,1767117600,0.0000,0.0000,0.0000,0.0000,0.0200,0.0200,0.0200,0.0200,0.00,127045.00
KXNHL-26-DET,1767121200,0.0000,0.0000,0.0000,0.0000,0.0200,0.0200,0.0200,0.0200,0.00,127045.00
KXNHL-26-DET,1767124800,0.0000,0.0000,0.0000,0.0000,0.0200,0.0200,0.0200,0.0200,0.00,127045.00
KXNHL-26-DET,1767128400,0.0000,0.0000,0.0000,0.0000,0.0200,0.0200,0.0200,0.0200,333.00,127378.00
KXNHL-26-DET,1767132000,0.0000,0.0000,0.0000,0.0000,0.0200,0.0200,0.0200,0.0200,1250.00,128628.00
KXNHL-26-DET,1767135600,0.0000,0.0000,0.0000,0.0000,0.0200,0.0200,0.0200,0.0200,0.00,128628.00
KXNHL-26-DET,1767139200,0.0000,0.0000,0.0000,0.0000,0.0200,0.0200,0.0200,0.0200,0.00,128628.00
KXNHL-26-DET,1767142800,0.0000,0.0000,0.0000,0.0000,0.0200,0.0200,0.0200,0.0200,0.00,128628.00
KXNHL-26-DET,1767146400,0.0000,0.0000,0.0000,0.0000,0.0200,0.0200,0.0200,0.0200,0.00,128628.00
KXNHL-26-DET,1767150000,0.0000,0.0000,0.0000,0.0000,0.0200,0.0200,0.0200,0.0200,0.00,128628.00
KXNHL-26-DET,1767153600,0.0000,0.0000,0.0000,0.0000,0.0200,0.0200,0.0200,0.0200,0.00,128628.00
KXNHL-26-DET,1767157200,0.0000,0.0000,0.0000,0.0000,0.0200,0.0200,0.0200,0.0200,0.00,128628.00
KXNHL-26-DET,1767160800,0.0000,0.0000,0.0000,0.0000,0.0200,0.0200,0.0200,0.0200,0.00,128628.00
KXNHL-26-DET,1767164400,0.0000,0.0000,0.0000,0.0000,0.0200,0.0200,0.0200,0.0200,0.00,128628.00
KXNHL-26-DET,1767168000,0.0000,0.0000,0.0000,0.0000,0.0200,0.0200,0.0200,0.0200,0.00,128628.00
KXNHL-26-DET,1767171600,0.0000,0.0000,0.0000,0.0000,0.0200,0.0200,0.0200,0.0200,0.00,128628.00
KXNHL-26-DET,1767178800,0.0000,0.0000,0.0000,0.0000,0.0200,0.0200,0.0200,0.0200,0.00,128628.00
KXNHL-26-DET,1767182400,0.0000,0.0000,0.0000,0.0000,0.0200,0.0200,0.0200,0.0200,0.00,128628.00
KXNHL-26-DET,1767186000,0.0000,0.0000,0.0000,0.0000,0.0200,0.0200,0.0200,0.0200,0.00,128628.00
KXNHL-26-DET,1767189600,0.0000,0.0000,0.0000,0.0000,0.0200,0.0200,0.0100,0.0100,0.00,128628.00
KXNHL-26-DET,1767193200,0.0000,0.0000,0.0000,0.0000,0.0100,0.0100,0.0100,0.0100,0.00,128628.00
KXNHL-26-DET,1767196800,0.0000,0.0000,0.0000,0.0000,0.0100,0.0200,0.0100,0.0200,21.00,128649.00
KXNHL-26-DET,1767200400,0.0000,0.0000,0.0000,0.0000,0.0200,0.0200,0.0200,0.0200,0.00,128649.00
KXNHL-26-DET,1767204000,0.0000,0.0000,0.0000,0.0000,0.0200,0.0200,0.0200,0.0200,0.00,128649.00
KXNHL-26-DET,1767211200,0.0000,0.0000,0.0000,0.0000,0.0200,0.0200,0.0200,0.0200,100.00,128749.00
KXNHL-26-DET,1767214800,0.0000,0.0000,0.0000,0.0000,0.0200,0.0200,0.0200,0.0200,0.00,128749.00
KXNHL-26-DET,1767222000,0.0000,0.0000,0.0000,0.0000,0.0200,0.0200,0.0200,0.0200,50.00,128799.00
KXNHL-26-DET,1767225600,0.0000,0.0000,0.0000,0.0000,0.0200,0.0200,0.0200,0.0200,0.00,128799.00
KXNHL-26-DET,1767229200,0.0000,0.0000,0.0000,0.0000,0.0200,0.0200,0.0200,0.0200,93.00,128892.00
KXNHL-26-DET,1767232800,0.0000,0.0000,0.0000,0.0000,0.0200,0.0200,0.0200,0.0200,0.00,128892.00
KXNHL-26-DET,1767236400,0.0000,0.0000,0.0000,0.0000,0.0200,0.0200,0.0200,0.0200,125.00,129017.00
KXNHL-26-DET,1767240000,0.0000,0.0000,0.0000,0.0000,0.0200,0.0200,0.0200,0.0200,52.00,129069.00
KXNHL-26-DET,1767243600,0.0000,0.0000,0.0000,0.0000,0.0200,0.0200,0.0200,0.0200,1250.00,130319.00
KXNHL-26-DET,1767247200,0.0000,0.0000,0.0000,0.0000,0.0200,0.0200,0.0100,0.0100,243.00,130562.00
KXNHL-26-DET,1767250800,0.0000,0.0000,0.0000,0.0000,0.0100,0.0200,0.0100,0.0200,0.00,130562.00
KXNHL-26-DET,1767254400,0.0000,0.0000,0.0000,0.0000,0.0200,0.0200,0.0200,0.0200,0.00,130562.00
KXNHL-26-DET,1767258000,0.0000,0.0000,0.0000,0.0000,0.0200,0.0200,0.0200,0.0200,0.00,130562.00
KXNHL-26-DET,1767265200,0.0000,0.0000,0.0000,0.0000,0.0200,0.0200,0.0200,0.0200,0.00,130562.00
KXNHL-26-DET,1767268800,0.0000,0.0000,0.0000,0.0000,0.0200,0.0200,0.0200,0.0200,17500.00,147772.00
KXNHL-26-DET,1767272400,0.0000,0.0000,0.0000,0.0000,0.0200,0.0200,0.0200,0.0200,0.00,147772.00
KXNHL-26-DET,1767279600,0.0000,0.0000,0.0000,0.0000,0.0200,0.0200,0.0200,0.0200,0.00,147772.00
KXNHL-26-DET,1767283200,0.0000,0.0000,0.0000,0.0000,0.0200,0.0200,0.0200,0.0200,0.00,147772.00
KXNHL-26-DET,1767286800,0.0000,0.0000,0.0000,0.0000,0.0200,0.0200,0.0200,0.0200,0.00,147772.00
KXNHL-26-DET,1767294000,0.0000,0.0000,0.0000,0.0000,0.0200,0.0200,0.0200,0.0200,233.00,148005.00
KXNHL-26-DET,1767297600,0.0000,0.0000,0.0000,0.0000,0.0200,0.0200,0.0200,0.0200,0.00,148005.00
KXNHL-26-DET,1767301200,0.0000,0.0000,0.0000,0.0000,0.0200,0.0200,0.0200,0.0200,500.00,148505.00
KXNHL-26-DET,1767304800,0.0000,0.0000,0.0000,0.0000,0.0200,0.0200,0.0200,0.0200,138.00,148643.00
KXNHL-26-DET,1767308400,0.0000,0.0000,0.0000,0.0000,0.0200,0.0200,0.0200,0.0200,0.00,148643.00
KXNHL-26-DET,1767312000,0.0000,0.0000,0.0000,0.0000,0.0200,0.0200,0.0200,0.0200,0.00,148643.00
KXNHL-26-DET,1767315600,0.0000,0.0000,0.0000,0.0000,0.0200,0.0200,0.0200,0.0200,233.00,148876.00
KXNHL-26-DET,1767319200,0.0000,0.0000,0.0000,0.0000,0.0200,0.0200,0.0200,0.0200,251.00,149127.00
KXNHL-26-DET,1767322800,0.0000,0.0000,0.0000,0.0000,0.0200,0.0200,0.0200,0.0200,28.00,149155.00
KXNHL-26-DET,1767326400,0.0000,0.0000,0.0000,0.0000,0.0200,0.0200,0.0200,0.0200,0.00,149155.00
KXNHL-26-DET,1767330000,0.0000,0.0000,0.0000,0.0000,0.0200,0.0200,0.0200,0.0200,0.00,149155.00
KXNHL-26-DET,1767333600,0.0000,0.0000,0.0000,0.0000,0.0200,0.0200,0.0100,0.0100,0.00,149155.00
KXNHL-26-DET,1767337200,0.0000,0.0000,0.0000,0.0000,0.0100,0.0200,0.0100,0.0200,0.00,149155.00
KXNHL-26-DET,1767340800,0.0000,0.0000,0.0000,0.0000,0.0200,0.0200,0.0200,0.0200,0.00,149155.00
KXNHL-26-DET,1767344400,0.0000,0.0000,0.0000,0.0000,0.0200,0.0200,0.0200,0.0200,0.00,149155.00
KXNHL-26-DET,1767348000,0.0000,0.0000,0.0000,0.0000,0.0200,0.0200,0.0200,0.0200,0.00,149155.00
KXNHL-26-DET,1767351600,0.0000,0.0000,0.0000,0.0000,0.0200,0.0200,0.0200,0.0200,0.00,149155.00
KXNHL-26-DET,1767355200,0.0000,0.0000,0.0000,0.0000,0.0200,0.0200,0.0200,0.0200,0.00,149155.00
KXNHL-26-DET,1767358800,0.0000,0.0000,0.0000,0.0000,0.0200,0.0200,0.0200,0.0200,12.00,149167.00
KXNHL-26-DET,1767362400,0.0000,0.0000,0.0000,0.0000,0.0200,0.0200,0.0200,0.0200,0.00,149167.00
KXNHL-26-DET,1767366000,0.0000,0.0000,0.0000,0.0000,0.0200,0.0200,0.0200,0.0200,0.00,149167.00
KXNHL-26-DET,1767369600,0.0000,0.0000,0.0000,0.0000,0.0200,0.0200,0.0200,0.0200,233.00,149400.00
KXNHL-26-DET,1767373200,0.0000,0.0000,0.0000,0.0000,0.0200,0.0200,0.0200,0.0200,0.00,149400.00
KXNHL-26-DET,1767376800,0.0000,0.0000,0.0000,0.0000,0.0200,0.0200,0.0200,0.0200,83.00,149483.00
KXNHL-26-DET,1767380400,0.0000,0.0000,0.0000,0.0000,0.0200,0.0200,0.0200,0.0200,0.00,149483.00
KXNHL-26-DET,1767384000,0.0000,0.0000,0.0000,0.0000,0.0200,0.0200,0.0200,0.0200,0.00,149483.00
KXNHL-26-DET,1767387600,0.0000,0.0000,0.0000,0.0000,0.0200,0.0200,0.0200,0.0200,233.00,149716.00
KXNHL-26-DET,1767391200,0.0000,0.0000,0.0000,0.0000,0.0200,0.0200,0.0200,0.0200,0.00,149716.00
KXNHL-26-DET,1767394800,0.0000,0.0000,0.0000,0.0000,0.0200,0.0200,0.0200,0.0200,0.00,149716.00
KXNHL-26-DET,1767398400,0.0000,0.0000,0.0000,0.0000,0.0200,0.0200,0.0200,0.0200,0.00,149716.00
KXNHL-26-DET,1767402000,0.0000,0.0000,0.0000,0.0000,0.0200,0.0200,0.0200,0.0200,0.00,149716.00
KXNHL-26-DET,1767405600,0.0000,0.0000,0.0000,0.0000,0.0200,0.0200,0.0200,0.0200,0.00,149716.00
KXNHL-26-DET,1767409200,0.0000,0.0000,0.0000,0.0000,0.0200,0.0200,0.0200,0.0200,0.00,149716.00
KXNHL-26-DET,1767412800,0.0000,0.0000,0.0000,0.0000,0.0200,0.0200,0.0200,0.0200,0.00,149716.00
KXNHL-26-DET,1767416400,0.0000,0.0000,0.0000,0.0000,0.0200,0.0200,0.0200,0.0200,467.00,150183.00
KXNHL-26-DET,1767420000,0.0000,0.0000,0.0000,0.0000,0.0200,0.0200,0.0200,0.0200,700.00,150883.00
KXNHL-26-DET,1767423600,0.0000,0.0000,0.0000,0.0000,0.0200,0.0200,0.0200,0.0200,467.00,151350.00
KXNHL-26-DET,1767427200,0.0000,0.0000,0.0000,0.0000,0.0200,0.0200,0.0200,0.0200,0.00,151350.00
KXNHL-26-DET,1767430800,0.0000,0.0000,0.0000,0.0000,0.0200,0.0200,0.0200,0.0200,0.00,151350.00
KXNHL-26-DET,1767434400,0.0000,0.0000,0.0000,0.0000,0.0200,0.0200,0.0200,0.0200,0.00,151350.00
KXNHL-26-DET,1767438000,0.0000,0.0000,0.0000,0.0000,0.0200,0.0200,0.0200,0.0200,0.00,151350.00
KXNHL-26-DET,1767441600,0.0000,0.0000,0.0000,0.0000,0.0200,0.0200,0.0200,0.0200,0.00,151350.00
KXNHL-26-DET,1767445200,0.0000,0.0000,0.0000,0.0000,0.0200,0.0200,0.0200,0.0200,0.00,151350.00
KXNHL-26-DET,1767448800,0.0000,0.0000,0.0000,0.0000,0.0200,0.0200,0.0100,0.0100,0.00,151350.00
KXNHL-26-DET,1767452400,0.0000,0.0000,0.0000,0.0000,0.0100,0.0200,0.0100,0.0200,0.00,151350.00
KXNHL-26-DET,1767456000,0.0000,0.0000,0.0000,0.0000,0.0200,0.0200,0.0200,0.0200,0.00,151350.00
KXNHL-26-DET,1767459600,0.0000,0.0000,0.0000,0.0000,0.0200,0.0200,0.0200,0.0200,0.00,151350.00
KXNHL-26-DET,1767463200,0.0000,0.0000,0.0000,0.0000,0.0200,0.0200,0.0200,0.0200,0.00,151350.00
KXNHL-26-DET,1767466800,0.0000,0.0000,0.0000,0.0000,0.0200,0.0200,0.0200,0.0200,0.00,151350.00
KXNHL-26-DET,1767470400,0.0000,0.0000,0.0000,0.0000,0.0200,0.0200,0.0200,0.0200,1023.00,152373.00
KXNHL-26-DET,1767474000,0.0000,0.0000,0.0000,0.0000,0.0200,0.0200,0.0200,0.0200,0.00,152373.00
KXNHL-26-DET,1767477600,0.0000,0.0000,0.0000,0.0000,0.0200,0.0200,0.0200,0.0200,0.00,152373.00
KXNHL-26-DET,1767481200,0.0000,0.0000,0.0000,0.0000,0.0200,0.0200,0.0200,0.0200,280.00,152653.00
KXNHL-26-DET,1767484800,0.0000,0.0000,0.0000,0.0000,0.0200,0.0200,0.0200,0.0200,0.00,152653.00
KXNHL-26-DET,1767488400,0.0000,0.0000,0.0000,0.0000,0.0200,0.0200,0.0200,0.0200,0.00,152653.00
KXNHL-26-DET,1767495600,0.0000,0.0000,0.0000,0.0000,0.0200,0.0200,0.0200,0.0200,0.00,152653.00
KXNHL-26-DET,1767499200,0.0000,0.0000,0.0000,0.0000,0.0200,0.0200,0.0200,0.0200,0.00,152653.00
KXNHL-26-DET,1767502800,0.0000,0.0000,0.0000,0.0000,0.0200,0.0200,0.0200,0.0200,0.00,152653.00
KXNHL-26-DET,1767506400,0.0000,0.0000,0.0000,0.0000,0.0200,0.0200,0.0200,0.0200,0.00,152653.00
KXNHL-26-DET,1767510000,0.0000,0.0000,0.0000,0.0000,0.0200,0.0200,0.0200,0.0200,0.00,152653.00
KXNHL-26-DET,1767513600,0.0000,0.0000,0.0000,0.0000,0.0200,0.0200,0.0200,0.0200,0.00,152653.00
KXNHL-26-DET,1767517200,0.0000,0.0000,0.0000,0.0000,0.0200,0.0200,0.0200,0.0200,0.00,152653.00
KXNHL-26-DET,1767520800,0.0000,0.0000,0.0000,0.0000,0.0200,0.0200,0.0200,0.0200,0.00,152653.00
KXNHL-26-DET,1767524400,0.0000,0.0000,0.0000,0.0000,0.0200,0.0200,0.0200,0.0200,0.00,152653.00
KXNHL-26-DET,1767528000,0.0000,0.0000,0.0000,0.0000,0.0200,0.0200,0.0200,0.0200,0.00,152653.00
KXNHL-26-DET,1767531600,0.0000,0.0000,0.0000,0.0000,0.0200,0.0200,0.0200,0.0200,0.00,152653.00
KXNHL-26-DET,1767535200,0.0000,0.0000,0.0000,0.0000,0.0200,0.0200,0.0200,0.0200,0.00,152653.00
KXNHL-26-DET,1767538800,0.0000,0.0000,0.0000,0.0000,0.0200,0.0200,0.0200,0.0200,0.00,152653.00
KXNHL-26-DET,1767542400,0.0000,0.0100,0.0000,0.0100,0.0200,0.0200,0.0200,0.0200,0.00,152653.00
KXNHL-26-DET,1767546000,0.0100,0.0100,0.0100,0.0100,0.0200,0.0200,0.0200,0.0200,0.00,152653.00
KXNHL-26-DET,1767549600,0.0100,0.0100,0.0100,0.0100,0.0200,0.0200,0.0200,0.0200,0.00,152653.00
KXNHL-26-DET,1767553200,0.0100,0.0100,0.0100,0.0100,0.0200,0.0200,0.0200,0.0200,0.00,152653.00
KXNHL-26-DET,1767556800,0.0100,0.0100,0.0100,0.0100,0.0200,0.0200,0.0200,0.0200,3.00,152656.00
KXNHL-26-DET,1767560400,0.0100,0.0100,0.0100,0.0100,0.0200,0.0200,0.0200,0.0200,0.00,152656.00
KXNHL-26-DET,1767564000,0.0100,0.0100,0.0100,0.0100,0.0200,0.0200,0.0200,0.0200,0.00,152656.00
KXNHL-26-DET,1767567600,0.0100,0.0100,0.0100,0.0100,0.0200,0.0200,0.0200,0.0200,46.00,152702.00
KXNHL-26-DET,1767571200,0.0100,0.0100,0.0100,0.0100,0.0200,0.0200,0.0200,0.0200,0.00,152702.00
KXNHL-26-DET,1767574800,0.0100,0.0100,0.0100,0.0100,0.0200,0.0200,0.0200,0.0200,0.00,152702.00
KXNHL-26-DET,1767578400,0.0100,0.0100,0.0100,0.0100,0.0200,0.0200,0.0200,0.0200,0.00,152702.00
KXNHL-26-DET,1767582000,0.0100,0.0100,0.0100,0.0100,0.0200,0.0200,0.0200,0.0200,0.00,152702.00
KXNHL-26-DET,1767585600,0.0100,0.0100,0.0100,0.0100,0.0200,0.0200,0.0200,0.0200,355.00,153057.00
KXNHL-26-DET,1767589200,0.0100,0.0100,0.0100,0.0100,0.0200,0.0200,0.0200,0.0200,23.00,153080.00
KXNHL-26-DET,1767592800,0.0100,0.0100,0.0100,0.0100,0.0200,0.0200,0.0200,0.0200,0.00,153080.00
KXNHL-26-DET,1767596400,0.0100,0.0100,0.0100,0.0100,0.0200,0.0200,0.0200,0.0200,0.00,153080.00
KXNHL-26-DET,1767600000,0.0100,0.0100,0.0100,0.0100,0.0200,0.0200,0.0200,0.0200,0.00,153080.00
KXNHL-26-DET,1767603600,0.0100,0.0100,0.0100,0.0100,0.0200,0.0200,0.0200,0.0200,0.00,153080.00
KXNHL-26-DET,1767607200,0.0100,0.0100,0.0100,0.0100,0.0200,0.0200,0.0200,0.0200,0.00,153080.00
KXNHL-26-DET,1767610800,0.0100,0.0100,0.0100,0.0100,0.0200,0.0200,0.0200,0.0200,0.00,153080.00
KXNHL-26-DET,1767614400,0.0100,0.0100,0.0100,0.0100,0.0200,0.0200,0.0200,0.0200,21.00,153080.00
KXNHL-26-DET,1767618000,0.0100,0.0100,0.0100,0.0100,0.0200,0.0200,0.0200,0.0200,0.00,153080.00
KXNHL-26-DET,1767621600,0.0100,0.0100,0.0100,0.0100,0.0200,0.0200,0.0200,0.0200,0.00,153080.00
KXNHL-26-DET,1767625200,0.0100,0.0100,0.0100,0.0100,0.0200,0.0200,0.0200,0.0200,0.00,153080.00
KXNHL-26-DET,1767628800,0.0100,0.0100,0.0100,0.0100,0.0200,0.0200,0.0200,0.0200,0.00,153080.00
KXNHL-26-DET,1767632400,0.0100,0.0100,0.0100,0.0100,0.0200,0.0200,0.0200,0.0200,0.00,153080.00
KXNHL-26-DET,1767636000,0.0100,0.0100,0.0100,0.0100,0.0200,0.0200,0.0200,0.0200,0.00,153080.00
KXNHL-26-DET,1767639600,0.0100,0.0100,0.0100,0.0100,0.0200,0.0200,0.0200,0.0200,0.00,153080.00
KXNHL-26-DET,1767643200,0.0100,0.0100,0.0100,0.0100,0.0200,0.0200,0.0200,0.0200,0.00,153080.00
KXNHL-26-DET,1767646800,0.0100,0.0100,0.0100,0.0100,0.0200,0.0200,0.0200,0.0200,0.00,153080.00
KXNHL-26-DET,1767650400,0.0100,0.0100,0.0100,0.0100,0.0200,0.0200,0.0200,0.0200,0.00,153080.00
KXNHL-26-DET,1767654000,0.0100,0.0100,0.0100,0.0100,0.0200,0.0200,0.0200,0.0200,0.00,153080.00
KXNHL-26-DET,1767657600,0.0100,0.0100,0.0100,0.0100,0.0200,0.0200,0.0200,0.0200,0.00,153080.00
KXNHL-26-DET,1767661200,0.0100,0.0100,0.0000,0.0000,0.0200,0.0200,0.0200,0.0200,0.00,153080.00
KXNHL-26-DET,1767664800,0.0000,0.0000,0.0000,0.0000,0.0200,0.0200,0.0200,0.0200,0.00,153080.00
KXNHL-26-DET,1767668400,0.0000,0.0000,0.0000,0.0000,0.0200,0.0200,0.0200,0.0200,0.00,153080.00
KXNHL-26-DET,1767672000,0.0000,0.0000,0.0000,0.0000,0.0200,0.0200,0.0200,0.0200,100.00,153180.00
KXNHL-26-DET,1767675600,0.0000,0.0000,0.0000,0.0000,0.0200,0.0200,0.0200,0.0200,0.00,153180.00
KXNHL-26-DET,1767679200,0.0000,0.0000,0.0000,0.0000,0.0200,0.0200,0.0200,0.0200,0.00,153180.00
KXNHL-26-DET,1767682800,0.0000,0.0000,0.0000,0.0000,0.0200,0.0200,0.0200,0.0200,0.00,153180.00
KXNHL-26-DET,1767686400,0.0000,0.0000,0.0000,0.0000,0.0200,0.0200,0.0200,0.0200,0.00,153180.00
KXNHL-26-DET,1767690000,0.0000,0.0000,0.0000,0.0000,0.0200,0.0200,0.0200,0.0200,0.00,153180.00
KXNHL-26-DET,1767693600,0.0000,0.0000,0.0000,0.0000,0.0200,0.0200,0.0200,0.0200,0.00,153180.00
KXNHL-26-DET,1767697200,0.0000,0.0000,0.0000,0.0000,0.0200,0.0200,0.0200,0.0200,0.00,153180.00
KXNHL-26-DET,1767700800,0.0000,0.0000,0.0000,0.0000,0.0200,0.0200,0.0200,0.0200,0.00,153180.00
KXNHL-26-DET,1767704400,0.0000,0.0000,0.0000,0.0000,0.0200,0.0200,0.0200,0.0200,0.00,153180.00
KXNHL-26-DET,1767708000,0.0000,0.0000,0.0000,0.0000,0.0200,0.0200,0.0200,0.0200,0.00,153180.00
KXNHL-26-DET,1767711600,0.0000,0.0000,0.0000,0.0000,0.0200,0.0200,0.0200,0.0200,4.00,153184.00
KXNHL-26-DET,1767715200,0.0000,0.0000,0.0000,0.0000,0.0200,0.0200,0.0200,0.0200,0.00,153184.00
KXNHL-26-DET,1767718800,0.0000,0.0000,0.0000,0.0000,0.0200,0.0200,0.0200,0.0200,233.00,153417.00
KXNHL-26-DET,1767726000,0.0000,0.0000,0.0000,0.0000,0.0200,0.0200,0.0200,0.0200,0.00,153417.00
KXNHL-26-DET,1767729600,0.0000,0.0000,0.0000,0.0000,0.0200,0.0200,0.0200,0.0200,0.00,153417.00
KXNHL-26-DET,1767733200,0.0000,0.0000,0.0000,0.0000,0.0200,0.0200,0.0200,0.0200,0.00,153417.00
KXNHL-26-DET,1767736800,0.0000,0.0000,0.0000,0.0000,0.0200,0.0200,0.0200,0.0200,0.00,153417.00
KXNHL-26-DET,1767740400,0.0000,0.0000,0.0000,0.0000,0.0200,0.0200,0.0200,0.0200,0.00,153417.00
KXNHL-26-DET,1767744000,0.0000,0.0000,0.0000,0.0000,0.0200,0.0200,0.0200,0.0200,0.00,153417.00
KXNHL-26-DET,1767747600,0.0000,0.0000,0.0000,0.0000,0.0200,0.0200,0.0200,0.0200,100.00,153517.00
KXNHL-26-DET,1767751200,0.0000,0.0000,0.0000,0.0000,0.0200,0.0200,0.0200,0.0200,233.00,153750.00
KXNHL-26-DET,1767754800,0.0000,0.0000,0.0000,0.0000,0.0200,0.0200,0.0200,0.0200,500.00,154250.00
KXNHL-26-DET,1767758400,0.0000,0.0100,0.0000,0.0100,0.0200,0.0200,0.0200,0.0200,49.00,154250.00
KXNHL-26-DET,1767762000,0.0100,0.0100,0.0100,0.0100,0.0200,0.0200,0.0200,0.0200,93.00,154343.00
KXNHL-26-DET,1767765600,0.0100,0.0100,0.0100,0.0100,0.0200,0.0200,0.0200,0.0200,0.00,154343.00
KXNHL-26-DET,1767769200,0.0100,0.0100,0.0100,0.0100,0.0200,0.0200,0.0200,0.0200,0.00,154343.00
KXNHL-26-DET,1767772800,0.0100,0.0100,0.0100,0.0100,0.0200,0.0200,0.0200,0.0200,0.00,154343.00
KXNHL-26-DET,1767776400,0.0100,0.0100,0.0100,0.0100,0.0200,0.0200,0.0200,0.0200,0.00,154343.00
KXNHL-26-DET,1767780000,0.0100,0.0100,0.0100,0.0100,0.0200,0.0200,0.0200,0.0200,7.00,154350.00
KXNHL-26-DET,1767783600,0.0100,0.0100,0.0100,0.0100,0.0200,0.0200,0.0200,0.0200,0.00,154350.00
KXNHL-26-DET,1767787200,0.0100,0.0100,0.0100,0.0100,0.0200,0.0200,0.0200,0.0200,0.00,154350.00
KXNHL-26-DET,1767790800,0.0100,0.0100,0.0100,0.0100,0.0200,0.0200,0.0200,0.0200,0.00,154350.00
KXNHL-26-DET,1767794400,0.0100,0.0100,0.0100,0.0100,0.0200,0.0200,0.0200,0.0200,0.00,154350.00
KXNHL-26-DET,1767798000,0.0100,0.0100,0.0100,0.0100,0.0200,0.0200,0.0200,0.0200,0.00,154350.00
KXNHL-26-DET,1767801600,0.0100,0.0100,0.0100,0.0100,0.0200,0.0200,0.0200,0.0200,0.00,154350.00
KXNHL-26-DET,1767805200,0.0100,0.0100,0.0100,0.0100,0.0200,0.0200,0.0200,0.0200,0.00,154350.00
KXNHL-26-DET,1767808800,0.0100,0.0100,0.0100,0.0100,0.0200,0.0200,0.0200,0.0200,5.00,154355.00
KXNHL-26-DET,1767812400,0.0100,0.0100,0.0100,0.0100,0.0200,0.0200,0.0200,0.0200,467.00,154822.00
KXNHL-26-DET,1767816000,0.0100,0.0100,0.0100,0.0100,0.0200,0.0200,0.0200,0.0200,0.00,154822.00
KXNHL-26-DET,1767819600,0.0100,0.0100,0.0100,0.0100,0.0200,0.0200,0.0200,0.0200,0.00,154822.00
KXNHL-26-DET,1767823200,0.0100,0.0100,0.0100,0.0100,0.0200,0.0200,0.0200,0.0200,0.00,154822.00
KXNHL-26-DET,1767826800,0.0100,0.0100,0.0100,0.0100,0.0200,0.0200,0.0200,0.0200,0.00,154822.00
KXNHL-26-DET,1767830400,0.0100,0.0100,0.0100,0.0100,0.0200,0.0200,0.0200,0.0200,0.00,154822.00
KXNHL-26-DET,1767834000,0.0100,0.0100,0.0100,0.0100,0.0200,0.0200,0.0200,0.0200,0.00,154822.00
KXNHL-26-DET,1767837600,0.0100,0.0100,0.0100,0.0100,0.0200,0.0200,0.0200,0.0200,0.00,154822.00
KXNHL-26-DET,1767841200,0.0100,0.0100,0.0100,0.0100,0.0200,0.0200,0.0200,0.0200,0.00,154822.00
KXNHL-26-DET,1767844800,0.0100,0.0100,0.0100,0.0100,0.0200,0.0200,0.0200,0.0200,250.00,155072.00
KXNHL-26-DET,1767848400,0.0100,0.0100,0.0100,0.0100,0.0200,0.0200,0.0200,0.0200,500.00,155572.00
KXNHL-26-DET,1767852000,0.0100,0.0100,0.0100,0.0100,0.0200,0.0200,0.0200,0.0200,0.00,155572.00
KXNHL-26-DET,1767855600,0.0100,0.0100,0.0100,0.0100,0.0200,0.0200,0.0200,0.0200,0.00,155572.00
KXNHL-26-DET,1767859200,0.0100,0.0100,0.0100,0.0100,0.0200,0.0200,0.0200,0.0200,495.00,156067.00
KXNHL-26-DET,1767862800,0.0100,0.0100,0.0100,0.0100,0.0200,0.0200,0.0200,0.0200,0.00,156067.00
KXNHL-26-DET,1767866400,0.0100,0.0100,0.0100,0.0100,0.0200,0.0200,0.0200,0.0200,0.00,156067.00
KXNHL-26-DET,1767870000,0.0100,0.0100,0.0100,0.0100,0.0200,0.0200,0.0200,0.0200,0.00,156067.00
KXNHL-26-DET,1767873600,0.0100,0.0100,0.0100,0.0100,0.0200,0.0200,0.0200,0.0200,0.00,156067.00
KXNHL-26-DET,1767877200,0.0100,0.0100,0.0100,0.0100,0.0200,0.0200,0.0200,0.0200,0.00,156067.00
KXNHL-26-DET,1767880800,0.0100,0.0100,0.0100,0.0100,0.0200,0.0200,0.0200,0.0200,116.00,156183.00
KXNHL-26-DET,1767884400,0.0100,0.0100,0.0100,0.0100,0.0200,0.0200,0.0200,0.0200,50.00,156233.00
KXNHL-26-DET,1767888000,0.0100,0.0100,0.0100,0.0100,0.0200,0.0200,0.0200,0.0200,0.00,156233.00
KXNHL-26-DET,1767891600,0.0100,0.0100,0.0100,0.0100,0.0200,0.0200,0.0200,0.0200,0.00,156233.00
KXNHL-26-DET,1767895200,0.0100,0.0100,0.0100,0.0100,0.0200,0.0200,0.0200,0.0200,0.00,156233.00
KXNHL-26-DET,1767902400,0.0100,0.0100,0.0100,0.0100,0.0200,0.0200,0.0200,0.0200,0.00,156233.00
KXNHL-26-DET,1767909600,0.0100,0.0100,0.0100,0.0100,0.0200,0.0200,0.0200,0.0200,0.00,156233.00
KXNHL-26-DET,1767913200,0.0100,0.0100,0.0100,0.0100,0.0200,0.0200,0.0200,0.0200,0.00,156233.00
KXNHL-26-DET,1767916800,0.0100,0.0100,0.0100,0.0100,0.0200,0.0200,0.0200,0.0200,0.00,156233.00
KXNHL-26-DET,1767920400,0.0100,0.0100,0.0100,0.0100,0.0200,0.0200,0.0200,0.0200,0.00,156233.00
KXNHL-26-DET,1767924000,0.0100,0.0100,0.0100,0.0100,0.0200,0.0200,0.0200,0.0200,560.00,156793.00
KXNHL-26-DET,1767927600,0.0100,0.0100,0.0100,0.0100,0.0200,0.0200,0.0200,0.0200,0.00,156793.00
KXNHL-26-DET,1767931200,0.0100,0.0100,0.0100,0.0100,0.0200,0.0200,0.0200,0.0200,100.00,156893.00
KXNHL-26-DET,1767934800,0.0100,0.0100,0.0100,0.0100,0.0200,0.0200,0.0200,0.0200,0.00,156893.00
KXNHL-26-DET,1767938400,0.0100,0.0100,0.0100,0.0100,0.0200,0.0200,0.0200,0.0200,0.00,156893.00
KXNHL-26-DET,1767942000,0.0100,0.0100,0.0100,0.0100,0.0200,0.0200,0.0200,0.0200,0.00,156893.00
KXNHL-26-DET,1767945600,0.0100,0.0100,0.0100,0.0100,0.0200,0.0200,0.0200,0.0200,0.00,156893.00
KXNHL-26-DET,1767949200,0.0100,0.0100,0.0100,0.0100,0.0200,0.0200,0.0200,0.0200,0.00,156893.00
KXNHL-26-DET,1767952800,0.0100,0.0100,0.0100,0.0100,0.0200,0.0200,0.0200,0.0200,0.00,156893.00
KXNHL-26-DET,1767956400,0.0100,0.0100,0.0100,0.0100,0.0200,0.0200,0.0200,0.0200,0.00,156893.00
KXNHL-26-DET,1767960000,0.0100,0.0100,0.0100,0.0100,0.0200,0.0200,0.0200,0.0200,0.00,156893.00
KXNHL-26-DET,1767963600,0.0100,0.0100,0.0100,0.0100,0.0200,0.0200,0.0200,0.0200,0.00,156893.00
KXNHL-26-DET,1767967200,0.0100,0.0100,0.0100,0.0100,0.0200,0.0200,0.0200,0.0200,0.00,156893.00
KXNHL-26-DET,1767970800,0.0100,0.0100,0.0100,0.0100,0.0200,0.0200,0.0200,0.0200,46.00,156939.00
KXNHL-26-DET,1767974400,0.0100,0.0100,0.0100,0.0100,0.0200,0.0200,0.0200,0.0200,0.00,156939.00
KXNHL-26-DET,1767978000,0.0100,0.0100,0.0100,0.0100,0.0200,0.0200,0.0200,0.0200,0.00,156939.00
KXNHL-26-DET,1767981600,0.0100,0.0100,0.0100,0.0100,0.0200,0.0200,0.0200,0.0200,0.00,156939.00
KXNHL-26-DET,1767985200,0.0100,0.0100,0.0100,0.0100,0.0200,0.0200,0.0200,0.0200,0.00,156939.00
KXNHL-26-DET,1767988800,0.0100,0.0100,0.0100,0.0100,0.0200,0.0200,0.0200,0.0200,250.00,157189.00
KXNHL-26-DET,1767992400,0.0100,0.0100,0.0100,0.0100,0.0200,0.0200,0.0200,0.0200,0.00,157189.00
KXNHL-26-DET,1767996000,0.0100,0.0100,0.0100,0.0100,0.0200,0.0200,0.0200,0.0200,0.00,157189.00
KXNHL-26-DET,1767999600,0.0100,0.0100,0.0100,0.0100,0.0200,0.0200,0.0200,0.0200,0.00,157189.00
KXNHL-26-DET,1768003200,0.0100,0.0100,0.0100,0.0100,0.0200,0.0200,0.0200,0.0200,0.00,157189.00
KXNHL-26-DET,1768006800,0.0100,0.0100,0.0100,0.0100,0.0200,0.0200,0.0200,0.0200,0.00,157189.00
KXNHL-26-DET,1768010400,0.0100,0.0100,0.0100,0.0100,0.0200,0.0200,0.0200,0.0200,100.00,157289.00
KXNHL-26-DET,1768014000,0.0100,0.0100,0.0100,0.0100,0.0200,0.0200,0.0200,0.0200,717.00,158006.00
KXNHL-26-DET,1768017600,0.0100,0.0100,0.0100,0.0100,0.0200,0.0200,0.0200,0.0200,100.00,158106.00
KXNHL-26-DET,1768024800,0.0100,0.0100,0.0100,0.0100,0.0200,0.0200,0.0200,0.0200,0.00,158106.00
KXNHL-26-DET,1768032000,0.0100,0.0100,0.0100,0.0100,0.0200,0.0200,0.0200,0.0200,0.00,158106.00
KXNHL-26-DET,1768035600,0.0100,0.0100,0.0100,0.0100,0.0200,0.0200,0.0200,0.0200,129.00,158106.00
KXNHL-26-DET,1768039200,0.0100,0.0100,0.0100,0.0100,0.0200,0.0200,0.0200,0.0200,0.00,158106.00
KXNHL-26-DET,1768042800,0.0100,0.0100,0.0100,0.0100,0.0200,0.0200,0.0200,0.0200,0.00,158106.00
KXNHL-26-DET,1768046400,0.0100,0.0100,0.0100,0.0100,0.0200,0.0200,0.0200,0.0200,0.00,158106.00
KXNHL-26-DET,1768050000,0.0100,0.0100,0.0100,0.0100,0.0200,0.0200,0.0200,0.0200,0.00,158106.00
KXNHL-26-DET,1768053600,0.0100,0.0100,0.0100,0.0100,0.0200,0.0200,0.0200,0.0200,0.00,158106.00
KXNHL-26-DET,1768057200,0.0100,0.0100,0.0100,0.0100,0.0200,0.0200,0.0200,0.0200,0.00,158106.00
KXNHL-26-DET,1768060800,0.0100,0.0100,0.0100,0.0100,0.0200,0.0200,0.0200,0.0200,0.00,158106.00
KXNHL-26-DET,1768064400,0.0100,0.0100,0.0100,0.0100,0.0200,0.0200,0.0200,0.0200,0.00,158106.00
KXNHL-26-DET,1768068000,0.0100,0.0100,0.0100,0.0100,0.0200,0.0200,0.0200,0.0200,0.00,158106.00
KXNHL-26-DET,1768075200,0.0100,0.0100,0.0100,0.0100,0.0200,0.0200,0.0200,0.0200,0.00,158106.00
KXNHL-26-DET,1768078800,0.0100,0.0100,0.0100,0.0100,0.0200,0.0200,0.0200,0.0200,458.00,157970.00
KXNHL-26-DET,1768082400,0.0100,0.0100,0.0100,0.0100,0.0200,0.0200,0.0200,0.0200,0.00,157970.00
KXNHL-26-DET,1768086000,0.0100,0.0100,0.0100,0.0100,0.0200,0.0200,0.0200,0.0200,0.00,157970.00
KXNHL-26-DET,1768089600,0.0100,0.0100,0.0100,0.0100,0.0200,0.0200,0.0200,0.0200,0.00,157970.00
KXNHL-26-DET,1768093200,0.0100,0.0100,0.0100,0.0100,0.0200,0.0200,0.0200,0.0200,0.00,157970.00
KXNHL-26-DET,1768096800,0.0100,0.0100,0.0100,0.0100,0.0200,0.0200,0.0200,0.0200,0.00,157970.00
KXNHL-26-DET,1768100400,0.0100,0.0100,0.0100,0.0100,0.0200,0.0200,0.0200,0.0200,467.00,158437.00
KXNHL-26-DET,1768104000,0.0100,0.0100,0.0100,0.0100,0.0200,0.0200,0.0200,0.0200,0.00,158437.00
KXNHL-26-DET,1768107600,0.0100,0.0100,0.0100,0.0100,0.0200,0.0200,0.0200,0.0200,0.00,158437.00
KXNHL-26-DET,1768111200,0.0100,0.0100,0.0100,0.0100,0.0200,0.0200,0.0200,0.0200,50.00,158487.00
KXNHL-26-DET,1768114800,0.0100,0.0100,0.0100,0.0100,0.0200,0.0200,0.0200,0.0200,93.00,158580.00
KXNHL-26-DET,1768118400,0.0100,0.0100,0.0100,0.0100,0.0200,0.0200,0.0200,0.0200,75.00,158655.00
KXNHL-26-DET,1768122000,0.0100,0.0100,0.0100,0.0100,0.0200,0.0200,0.0200,0.0200,25.00,158680.00
KXNHL-26-DET,1768125600,0.0100,0.0100,0.0100,0.0100,0.0200,0.0200,0.0200,0.0200,46.00,158726.00
KXNHL-26-DET,1768129200,0.0100,0.0100,0.0100,0.0100,0.0200,0.0200,0.0200,0.0200,0.00,158726.00
KXNHL-26-DET,1768132800,0.0100,0.0100,0.0100,0.0100,0.0200,0.0200,0.0200,0.0200,0.00,158726.00
KXNHL-26-DET,1768136400,0.0100,0.0100,0.0100,0.0100,0.0200,0.0200,0.0200,0.0200,0.00,158726.00
KXNHL-26-DET,1768140000,0.0100,0.0100,0.0100,0.0100,0.0200,0.0200,0.0200,0.0200,0.00,158726.00
KXNHL-26-DET,1768143600,0.0100,0.0100,0.0100,0.0100,0.0200,0.0200,0.0200,0.0200,0.00,158726.00
KXNHL-26-DET,1768147200,0.0100,0.0100,0.0100,0.0100,0.0200,0.0200,0.0200,0.0200,0.00,158726.00
KXNHL-26-DET,1768150800,0.0100,0.0100,0.0100,0.0100,0.0200,0.0200,0.0200,0.0200,500.00,159226.00
KXNHL-26-DET,1768154400,0.0100,0.0100,0.0100,0.0100,0.0200,0.0200,0.0200,0.0200,0.00,159226.00
KXNHL-26-DET,1768158000,0.0100,0.0100,0.0100,0.0100,0.0200,0.0200,0.0200,0.0200,0.00,159226.00
KXNHL-26-DET,1768161600,0.0100,0.0100,0.0100,0.0100,0.0200,0.0200,0.0200,0.0200,0.00,159226.00
KXNHL-26-DET,1768165200,0.0100,0.0100,0.0100,0.0100,0.0200,0.0200,0.0200,0.0200,0.00,159226.00
KXNHL-26-DET,1768168800,0.0100,0.0100,0.0100,0.0100,0.0200,0.0200,0.0200,0.0200,1402.00,160628.00
KXNHL-26-DET,1768172400,0.0100,0.0100,0.0100,0.0100,0.0200,0.0200,0.0200,0.0200,25.00,160653.00
KXNHL-26-DET,1768179600,0.0100,0.0100,0.0100,0.0100,0.0200,0.0200,0.0200,0.0200,0.00,160653.00
KXNHL-26-DET,1768183200,0.0100,0.0100,0.0100,0.0100,0.0200,0.0200,0.0200,0.0200,1169.00,161822.00
KXNHL-26-DET,1768186800,0.0100,0.0100,0.0100,0.0100,0.0200,0.0200,0.0200,0.0200,0.00,161822.00
KXNHL-26-DET,1768190400,0.0100,0.0100,0.0100,0.0100,0.0200,0.0200,0.0200,0.0200,0.00,161822.00
KXNHL-26-DET,1768194000,0.0100,0.0100,0.0100,0.0100,0.0200,0.0200,0.0200,0.0200,0.00,161822.00
KXNHL-26-DET,1768197600,0.0100,0.0100,0.0100,0.0100,0.0200,0.0200,0.0200,0.0200,1.00,161823.00
KXNHL-26-DET,1768201200,0.0100,0.0100,0.0100,0.0100,0.0200,0.0200,0.0200,0.0200,0.00,161823.00
KXNHL-26-DET,1768204800,0.0100,0.0100,0.0100,0.0100,0.0200,0.0200,0.0200,0.0200,0.00,161823.00
KXNHL-26-DET,1768208400,0.0100,0.0100,0.0100,0.0100,0.0200,0.0200,0.0200,0.0200,11697.00,173165.00
KXNHL-26-DET,1768212000,0.0100,0.0100,0.0100,0.0100,0.0200,0.0200,0.0200,0.0200,0.00,173165.00
KXNHL-26-DET,1768215600,0.0100,0.0100,0.0100,0.0100,0.0200,0.0200,0.0200,0.0200,0.00,173165.00
KXNHL-26-DET,1768219200,0.0100,0.0100,0.0100,0.0100,0.0200,0.0200,0.0200,0.0200,550.00,173715.00
KXNHL-26-DET,1768222800,0.0100,0.0100,0.0100,0.0100,0.0200,0.0200,0.0200,0.0200,0.00,173715.00
KXNHL-26-DET,1768226400,0.0100,0.0100,0.0100,0.0100,0.0200,0.0200,0.0200,0.0200,467.00,174182.00
KXNHL-26-DET,1768230000,0.0100,0.0100,0.0100,0.0100,0.0200,0.0200,0.0200,0.0200,0.00,174182.00
KXNHL-26-DET,1768233600,0.0100,0.0100,0.0100,0.0100,0.0200,0.0200,0.0200,0.0200,0.00,174182.00
KXNHL-26-DET,1768237200,0.0100,0.0100,0.0100,0.0100,0.0200,0.0200,0.0200,0.0200,0.00,174182.00
KXNHL-26-DET,1768240800,0.0100,0.0100,0.0100,0.0100,0.0200,0.0200,0.0200,0.0200,0.00,174182.00
KXNHL-26-DET,1768244400,0.0100,0.0100,0.0100,0.0100,0.0200,0.0200,0.0200,0.0200,666.00,174848.00
KXNHL-26-DET,1768248000,0.0100,0.0100,0.0100,0.0100,0.0200,0.0200,0.0200,0.0200,250.00,175098.00
KXNHL-26-DET,1768251600,0.0100,0.0100,0.0100,0.0100,0.0200,0.0200,0.0200,0.0200,301.00,175169.00
KXNHL-26-DET,1768255200,0.0100,0.0100,0.0100,0.0100,0.0200,0.0200,0.0200,0.0200,117.00,175285.00
KXNHL-26-DET,1768258800,0.0100,0.0100,0.0100,0.0100,0.0200,0.0200,0.0200,0.0200,7.00,175285.00
KXNHL-26-DET,1768262400,0.0100,0.0100,0.0100,0.0100,0.0200,0.0200,0.0200,0.0200,94.00,175378.00
KXNHL-26-DET,1768266000,0.0100,0.0100,0.0100,0.0100,0.0200,0.0200,0.0200,0.0200,100.00,175478.00
KXNHL-26-DET,1768269600,0.0100,0.0100,0.0100,0.0100,0.0200,0.0200,0.0200,0.0200,2168.00,177646.00
KXNHL-26-DET,1768273200,0.0100,0.0100,0.0100,0.0100,0.0200,0.0200,0.0200,0.0200,138.00,177784.00
KXNHL-26-DET,1768276800,0.0100,0.0100,0.0100,0.0100,0.0200,0.0200,0.0200,0.0200,960.00,178744.00
KXNHL-26-DET,1768280400,0.0100,0.0100,0.0100,0.0100,0.0200,0.0200,0.0200,0.0200,248.00,178992.00
KXNHL-26-DET,1768284000,0.0100,0.0100,0.0100,0.0100,0.0200,0.0200,0.0200,0.0200,1124.00,180116.00
KXNHL-26-DET,1768287600,0.0100,0.0100,0.0100,0.0100,0.0200,0.0200,0.0200,0.0200,206.00,180310.00
KXNHL-26-DET,1768291200,0.0100,0.0100,0.0100,0.0100,0.0200,0.0200,0.0200,0.0200,71.00,180310.00
KXNHL-26-DET,1768294800,0.0100,0.0100,0.0100,0.0100,0.0200,0.0200,0.0200,0.0200,572.00,180882.00
KXNHL-26-DET,1768298400,0.0100,0.0100,0.0100,0.0100,0.0200,0.0200,0.0200,0.0200,0.00,180882.00
KXNHL-26-DET,1768302000,0.0100,0.0100,0.0100,0.0100,0.0200,0.0200,0.0200,0.0200,0.00,180882.00
KXNHL-26-DET,1768305600,0.0100,0.0100,0.0100,0.0100,0.0200,0.0200,0.0200,0.0200,0.00,180882.00
KXNHL-26-DET,1768309200,0.0100,0.0100,0.0100,0.0100,0.0200,0.0200,0.0200,0.0200,0.00,180882.00
KXNHL-26-DET,1768312800,0.0100,0.0100,0.0100,0.0100,0.0200,0.0200,0.0200,0.0200,0.00,180882.00
KXNHL-26-DET,1768316400,0.0100,0.0100,0.0100,0.0100,0.0200,0.0200,0.0200,0.0200,0.00,180882.00
KXNHL-26-DET,1768320000,0.0100,0.0100,0.0100,0.0100,0.0200,0.0200,0.0200,0.0200,46.00,180928.00
KXNHL-26-DET,1768323600,0.0100,0.0100,0.0100,0.0100,0.0200,0.0200,0.0200,0.0200,0.00,180928.00
KXNHL-26-DET,1768327200,0.0100,0.0100,0.0100,0.0100,0.0200,0.0200,0.0200,0.0200,0.00,180928.00
KXNHL-26-DET,1768330800,0.0100,0.0100,0.0100,0.0100,0.0200,0.0200,0.0200,0.0200,93.00,181021.00
KXNHL-26-DET,1768334400,0.0100,0.0100,0.0100,0.0100,0.0200,0.0200,0.0200,0.0200,0.00,181021.00
KXNHL-26-DET,1768338000,0.0100,0.0100,0.0100,0.0100,0.0200,0.0200,0.0200,0.0200,233.00,181254.00
KXNHL-26-DET,1768341600,0.0100,0.0100,0.0100,0.0100,0.0200,0.0200,0.0200,0.0200,0.00,181254.00
KXNHL-26-DET,1768345200,0.0100,0.0100,0.0100,0.0100,0.0200,0.0200,0.0200,0.0200,1258.00,182512.00
KXNHL-26-DET,1768348800,0.0100,0.0100,0.0100,0.0100,0.0200,0.0200,0.0200,0.0200,500.00,183012.00
KXNHL-26-DET,1768352400,0.0100,0.0100,0.0100,0.0100,0.0200,0.0200,0.0200,0.0200,2302.00,185293.00
KXNHL-26-DET,1768356000,0.0100,0.0100,0.0100,0.0100,0.0200,0.0200,0.0200,0.0200,0.00,185293.00
KXNHL-26-DET,1768359600,0.0100,0.0100,0.0100,0.0100,0.0200,0.0200,0.0200,0.0200,0.00,185293.00
KXNHL-26-DET,1768363200,0.0100,0.0100,0.0100,0.0100,0.0200,0.0200,0.0200,0.0200,0.00,185293.00
KXNHL-26-DET,1768366800,0.0100,0.0100,0.0100,0.0100,0.0200,0.0200,0.0200,0.0200,0.00,185293.00
KXNHL-26-DET,1768370400,0.0100,0.0100,0.0100,0.0100,0.0200,0.0200,0.0200,0.0200,0.00,185293.00
KXNHL-26-DET,1768374000,0.0100,0.0100,0.0100,0.0100,0.0200,0.0200,0.0200,0.0200,0.00,185293.00
KXNHL-26-DET,1768377600,0.0100,0.0100,0.0100,0.0100,0.0200,0.0200,0.0200,0.0200,0.00,185293.00
KXNHL-26-DET,1768381200,0.0100,0.0100,0.0100,0.0100,0.0200,0.0200,0.0200,0.0200,0.00,185293.00
KXNHL-26-DET,1768384800,0.0100,0.0100,0.0100,0.0100,0.0200,0.0200,0.0200,0.0200,0.00,185293.00
KXNHL-26-DET,1768388400,0.0100,0.0100,0.0100,0.0100,0.0200,0.0200,0.0200,0.0200,0.00,185293.00
KXNHL-26-DET,1768392000,0.0100,0.0100,0.0100,0.0100,0.0200,0.0200,0.0200,0.0200,0.00,185293.00
KXNHL-26-DET,1768395600,0.0100,0.0100,0.0100,0.0100,0.0200,0.0200,0.0200,0.0200,0.00,185293.00
KXNHL-26-DET,1768399200,0.0100,0.0100,0.0100,0.0100,0.0200,0.0200,0.0200,0.0200,0.00,185293.00
KXNHL-26-DET,1768402800,0.0100,0.0100,0.0100,0.0100,0.0200,0.0200,0.0200,0.0200,100.00,185393.00
KXNHL-26-DET,1768406400,0.0100,0.0100,0.0100,0.0100,0.0200,0.0200,0.0200,0.0200,0.00,185393.00
KXNHL-26-DET,1768410000,0.0100,0.0100,0.0100,0.0100,0.0200,0.0200,0.0200,0.0200,0.00,185393.00
KXNHL-26-DET,1768413600,0.0100,0.0100,0.0100,0.0100,0.0200,0.0200,0.0200,0.0200,0.00,185393.00
KXNHL-26-DET,1768420800,0.0100,0.0100,0.0100,0.0100,0.0200,0.0200,0.0200,0.0200,0.00,185393.00
KXNHL-26-DET,1768424400,0.0100,0.0100,0.0100,0.0100,0.0200,0.0200,0.0200,0.0200,400.00,185493.00
KXNHL-26-DET,1768428000,0.0100,0.0100,0.0100,0.0100,0.0200,0.0200,0.0200,0.0200,332.00,185825.00
KXNHL-26-DET,1768435200,0.0100,0.0100,0.0100,0.0100,0.0200,0.0200,0.0200,0.0200,0.00,185825.00
KXNHL-26-DET,1768438800,0.0100,0.0100,0.0100,0.0100,0.0200,0.0200,0.0200,0.0200,0.00,185825.00
KXNHL-26-DET,1768442400,0.0100,0.0100,0.0100,0.0100,0.0200,0.0200,0.0200,0.0200,467.00,186292.00
KXNHL-26-DET,1768446000,0.0100,0.0100,0.0100,0.0100,0.0200,0.0200,0.0200,0.0200,1169.00,187461.00
KXNHL-26-DET,1768449600,0.0100,0.0100,0.0100,0.0100,0.0200,0.0200,0.0200,0.0200,0.00,187461.00
KXNHL-26-DET,1768453200,0.0100,0.0100,0.0100,0.0100,0.0200,0.0200,0.0200,0.0200,0.00,187461.00
KXNHL-26-DET,1768456800,0.0100,0.0100,0.0100,0.0100,0.0200,0.0200,0.0200,0.0200,0.00,187461.00
KXNHL-26-DET,1768460400,0.0100,0.0100,0.0100,0.0100,0.0200,0.0200,0.0200,0.0200,75.00,187536.00
KXNHL-26-DET,1768464000,0.0100,0.0100,0.0100,0.0100,0.0200,0.0200,0.0200,0.0200,0.00,187536.00
KXNHL-26-DET,1768467600,0.0100,0.0100,0.0100,0.0100,0.0200,0.0200,0.0200,0.0200,0.00,187536.00
KXNHL-26-DET,1768471200,0.0100,0.0100,0.0100,0.0100,0.0200,0.0200,0.0200,0.0200,0.00,187536.00
KXNHL-26-DET,1768474800,0.0100,0.0100,0.0100,0.0100,0.0200,0.0200,0.0200,0.0200,0.00,187536.00
KXNHL-26-DET,1768478400,0.0100,0.0100,0.0100,0.0100,0.0200,0.0200,0.0200,0.0200,0.00,187536.00
KXNHL-26-DET,1768482000,0.0100,0.0100,0.0100,0.0100,0.0200,0.0200,0.0200,0.0200,46.00,187582.00
KXNHL-26-DET,1768485600,0.0100,0.0100,0.0100,0.0100,0.0200,0.0200,0.0200,0.0200,0.00,187582.00
KXNHL-26-DET,1768489200,0.0100,0.0100,0.0100,0.0100,0.0200,0.0200,0.0200,0.0200,0.00,187582.00
KXNHL-26-DET,1768492800,0.0100,0.0100,0.0100,0.0100,0.0200,0.0200,0.0200,0.0200,125.00,187707.00
KXNHL-26-DET,1768496400,0.0100,0.0100,0.0100,0.0100,0.0200,0.0200,0.0200,0.0200,25.00,187732.00
KXNHL-26-DET,1768500000,0.0100,0.0100,0.0100,0.0100,0.0200,0.0200,0.0200,0.0200,0.00,187732.00
KXNHL-26-DET,1768503600,0.0100,0.0100,0.0100,0.0100,0.0200,0.0200,0.0200,0.0200,0.00,187732.00
KXNHL-26-DET,1768507200,0.0100,0.0100,0.0100,0.0100,0.0200,0.0200,0.0200,0.0200,46.00,187778.00
KXNHL-26-DET,1768510800,0.0100,0.0100,0.0100,0.0100,0.0200,0.0200,0.0200,0.0200,0.00,187778.00
KXNHL-26-DET,1768514400,0.0100,0.0100,0.0100,0.0100,0.0200,0.0200,0.0200,0.0200,0.00,187778.00
KXNHL-26-DET,1768518000,0.0100,0.0100,0.0100,0.0100,0.0200,0.0200,0.0200,0.0200,0.00,187778.00
KXNHL-26-DET,1768521600,0.0100,0.0100,0.0100,0.0100,0.0200,0.0200,0.0200,0.0200,0.00,187778.00
KXNHL-26-DET,1768525200,0.0100,0.0100,0.0100,0.0100,0.0200,0.0200,0.0200,0.0200,0.00,187778.00
KXNHL-26-DET,1768528800,0.0100,0.0100,0.0100,0.0100,0.0200,0.0200,0.0200,0.0200,0.00,187778.00
KXNHL-26-DET,1768532400,0.0100,0.0100,0.0100,0.0100,0.0200,0.0200,0.0200,0.0200,0.00,187778.00
KXNHL-26-DET,1768536000,0.0100,0.0100,0.0100,0.0100,0.0200,0.0200,0.0200,0.0200,0.00,187778.00
KXNHL-26-DET,1768539600,0.0100,0.0100,0.0100,0.0100,0.0200,0.0200,0.0200,0.0200,0.00,187778.00
KXNHL-26-DET,1768543200,0.0100,0.0100,0.0100,0.0100,0.0200,0.0200,0.0200,0.0200,0.00,187778.00
KXNHL-26-DET,1768546800,0.0100,0.0100,0.0100,0.0100,0.0200,0.0200,0.0200,0.0200,472.00,188166.00
KXNHL-26-DET,1768550400,0.0100,0.0100,0.0100,0.0100,0.0200,0.0200,0.0200,0.0200,0.00,188166.00
KXNHL-26-DET,1768554000,0.0100,0.0100,0.0100,0.0100,0.0200,0.0200,0.0200,0.0200,0.00,188166.00
KXNHL-26-DET,1768557600,0.0100,0.0100,0.0100,0.0100,0.0200,0.0200,0.0200,0.0200,0.00,188166.00
KXNHL-26-DET,1768561200,0.0100,0.0100,0.0100,0.0100,0.0200,0.0200,0.0200,0.0200,233.00,188399.00
KXNHL-26-DET,1768564800,0.0100,0.0100,0.0100,0.0100,0.0200,0.0200,0.0200,0.0200,0.00,188399.00
KXNHL-26-DET,1768568400,0.0100,0.0100,0.0100,0.0100,0.0200,0.0200,0.0200,0.0200,100.00,188499.00
KXNHL-26-DET,1768572000,0.0100,0.0100,0.0100,0.0100,0.0200,0.0200,0.0200,0.0200,0.00,188499.00
KXNHL-26-DET,1768575600,0.0100,0.0100,0.0100,0.0100,0.0200,0.0200,0.0200,0.0200,0.00,188499.00
KXNHL-26-DET,1768579200,0.0100,0.0100,0.0100,0.0100,0.0200,0.0200,0.0200,0.0200,0.00,188499.00
KXNHL-26-DET,1768582800,0.0100,0.0100,0.0100,0.0100,0.0200,0.0200,0.0200,0.0200,2500.00,185999.00
KXNHL-26-DET,1768586400,0.0100,0.0100,0.0100,0.0100,0.0200,0.0200,0.0200,0.0200,0.00,185999.00
KXNHL-26-DET,1768590000,0.0100,0.0100,0.0100,0.0100,0.0200,0.0200,0.0200,0.0200,0.00,185999.00
KXNHL-26-DET,1768593600,0.0100,0.0100,0.0100,0.0100,0.0200,0.0200,0.0200,0.0200,0.00,185999.00
KXNHL-26-DET,1768597200,0.0100,0.0100,0.0100,0.0100,0.0200,0.0200,0.0200,0.0200,0.00,185999.00
KXNHL-26-DET,1768600800,0.0100,0.0100,0.0100,0.0100,0.0200,0.0200,0.0200,0.0200,0.00,185999.00
KXNHL-26-DET,1768604400,0.0100,0.0100,0.0100,0.0100,0.0200,0.0200,0.0200,0.0200,0.00,185999.00
KXNHL-26-DET,1768608000,0.0100,0.0100,0.0100,0.0100,0.0200,0.0200,0.0200,0.0200,46.00,186045.00
KXNHL-26-DET,1768611600,0.0100,0.0100,0.0100,0.0100,0.0200,0.0200,0.0200,0.0200,0.00,186045.00
KXNHL-26-DET,1768615200,0.0100,0.0100,0.0100,0.0100,0.0200,0.0200,0.0200,0.0200,246.00,185891.00
KXNHL-26-DET,1768618800,0.0100,0.0100,0.0100,0.0100,0.0200,0.0200,0.0200,0.0200,0.00,185891.00
KXNHL-26-DET,1768622400,0.0100,0.0100,0.0100,0.0100,0.0200,0.0200,0.0200,0.0200,0.00,185891.00
KXNHL-26-DET,1768626000,0.0100,0.0100,0.0100,0.0100,0.0200,0.0200,0.0200,0.0200,0.00,185891.00
KXNHL-26-DET,1768629600,0.0100,0.0100,0.0100,0.0100,0.0200,0.0200,0.0200,0.0200,255.00,186146.00
KXNHL-26-DET,1768633200,0.0100,0.0100,0.0100,0.0100,0.0200,0.0200,0.0200,0.0200,0.00,186146.00
KXNHL-26-DET,1768636800,0.0100,0.0100,0.0100,0.0100,0.0200,0.0200,0.0200,0.0200,0.00,186146.00
KXNHL-26-DET,1768640400,0.0100,0.0100,0.0100,0.0100,0.0200,0.0200,0.0200,0.0200,0.00,186146.00
KXNHL-26-DET,1768644000,0.0100,0.0100,0.0100,0.0100,0.0200,0.0200,0.0200,0.0200,0.00,186146.00
KXNHL-26-DET,1768647600,0.0100,0.0100,0.0100,0.0100,0.0200,0.0200,0.0200,0.0200,0.00,186146.00
KXNHL-26-DET,1768651200,0.0100,0.0100,0.0100,0.0100,0.0200,0.0200,0.0200,0.0200,0.00,186146.00
KXNHL-26-DET,1768654800,0.0100,0.0100,0.0100,0.0100,0.0200,0.0200,0.0200,0.0200,0.00,186146.00
KXNHL-26-DET,1768658400,0.0100,0.0100,0.0100,0.0100,0.0200,0.0200,0.0200,0.0200,0.00,186146.00
KXNHL-26-DET,1768662000,0.0100,0.0100,0.0100,0.0100,0.0200,0.0200,0.0200,0.0200,0.00,186146.00
KXNHL-26-DET,1768665600,0.0100,0.0100,0.0100,0.0100,0.0200,0.0200,0.0200,0.0200,467.00,186613.00
KXNHL-26-DET,1768669200,0.0100,0.0100,0.0100,0.0100,0.0200,0.0200,0.0200,0.0200,2325.00,188938.00
KXNHL-26-DET,1768672800,0.0100,0.0100,0.0100,0.0100,0.0200,0.0200,0.0200,0.0200,0.00,188938.00
KXNHL-26-DET,1768676400,0.0100,0.0100,0.0100,0.0100,0.0200,0.0200,0.0200,0.0200,46.00,188984.00
KXNHL-26-DET,1768680000,0.0100,0.0100,0.0100,0.0100,0.0200,0.0200,0.0200,0.0200,0.00,188984.00
KXNHL-26-DET,1768683600,0.0100,0.0100,0.0100,0.0100,0.0200,0.0200,0.0200,0.0200,0.00,188984.00
KXNHL-26-DET,1768687200,0.0100,0.0100,0.0100,0.0100,0.0200,0.0200,0.0200,0.0200,0.00,188984.00
KXNHL-26-DET,1768690800,0.0100,0.0100,0.0100,0.0100,0.0200,0.0200,0.0200,0.0200,0.00,188984.00
KXNHL-26-DET,1768698000,0.0100,0.0100,0.0100,0.0100,0.0200,0.0200,0.0200,0.0200,0.00,188984.00
KXNHL-26-DET,1768701600,0.0100,0.0100,0.0100,0.0100,0.0200,0.0200,0.0200,0.0200,733.00,189717.00
KXNHL-26-DET,1768705200,0.0100,0.0100,0.0100,0.0100,0.0200,0.0200,0.0200,0.0200,93.00,189810.00
KXNHL-26-DET,1768708800,0.0100,0.0100,0.0100,0.0100,0.0200,0.0200,0.0200,0.0200,100.00,189910.00
KXNHL-26-DET,1768712400,0.0100,0.0100,0.0100,0.0100,0.0200,0.0200,0.0200,0.0200,233.00,190143.00
KXNHL-26-DET,1768716000,0.0100,0.0100,0.0100,0.0100,0.0200,0.0200,0.0200,0.0200,0.00,190143.00
KXNHL-26-DET,1768719600,0.0100,0.0100,0.0100,0.0100,0.0200,0.0200,0.0200,0.0200,0.00,190143.00
KXNHL-26-DET,1768723200,0.0100,0.0100,0.0100,0.0100,0.0200,0.0200,0.0200,0.0200,0.00,190143.00
KXNHL-26-DET,1768726800,0.0100,0.0100,0.0100,0.0100,0.0200,0.0200,0.0200,0.0200,0.00,190143.00
KXNHL-26-DET,1768730400,0.0100,0.0100,0.0100,0.0100,0.0200,0.0200,0.0200,0.0200,0.00,190143.00
KXNHL-26-DET,1768734000,0.0100,0.0100,0.0100,0.0100,0.0200,0.0200,0.0200,0.0200,0.00,190143.00
KXNHL-26-DET,1768737600,0.0100,0.0100,0.0100,0.0100,0.0200,0.0200,0.0200,0.0200,0.00,190143.00
KXNHL-26-DET,1768741200,0.0100,0.0100,0.0100,0.0100,0.0200,0.0200,0.0200,0.0200,0.00,190143.00
KXNHL-26-DET,1768744800,0.0100,0.0100,0.0100,0.0100,0.0200,0.0200,0.0200,0.0200,0.00,190143.00
KXNHL-26-DET,1768748400,0.0100,0.0100,0.0100,0.0100,0.0200,0.0200,0.0200,0.0200,0.00,190143.00
KXNHL-26-DET,1768752000,0.0100,0.0100,0.0100,0.0100,0.0200,0.0200,0.0200,0.0200,14.00,190157.00
KXNHL-26-DET,1768755600,0.0100,0.0100,0.0100,0.0100,0.0200,0.0200,0.0200,0.0200,0.00,190157.00
KXNHL-26-DET,1768759200,0.0100,0.0100,0.0100,0.0100,0.0200,0.0200,0.0200,0.0200,0.00,190157.00
KXNHL-26-DET,1768762800,0.0100,0.0100,0.0100,0.0100,0.0200,0.0200,0.0200,0.0200,0.00,190157.00
KXNHL-26-DET,1768766400,0.0100,0.0100,0.0100,0.0100,0.0200,0.0200,0.0200,0.0200,689.00,190846.00
KXNHL-26-DET,1768770000,0.0100,0.0100,0.0100,0.0100,0.0200,0.0200,0.0200,0.0200,46.00,190892.00
KXNHL-26-DET,1768773600,0.0100,0.0100,0.0100,0.0100,0.0200,0.0200,0.0200,0.0200,4844.00,195736.00
KXNHL-26-DET,1768777200,0.0100,0.0100,0.0100,0.0100,0.0200,0.0200,0.0200,0.0200,0.00,195736.00
KXNHL-26-DET,1768780800,0.0100,0.0100,0.0100,0.0100,0.0200,0.0200,0.0200,0.0200,935.00,196671.00
KXNHL-26-DET,1768784400,0.0100,0.0100,0.0100,0.0100,0.0200,0.0200,0.0200,0.0200,0.00,196671.00
KXNHL-26-DET,1768788000,0.0100,0.0100,0.0100,0.0100,0.0200,0.0200,0.0200,0.0200,607.00,197278.00
KXNHL-26-DET,1768791600,0.0100,0.0100,0.0100,0.0100,0.0200,0.0200,0.0200,0.0200,0.00,197278.00
KXNHL-26-DET,1768795200,0.0100,0.0100,0.0100,0.0100,0.0200,0.0200,0.0200,0.0200,1716.00,198994.00
KXNHL-26-DET,1768798800,0.0100,0.0100,0.0100,0.0100,0.0200,0.0200,0.0200,0.0200,4912.00,203906.00
KXNHL-26-DET,1768802400,0.0100,0.0100,0.0100,0.0100,0.0200,0.0200,0.0200,0.0200,0.00,203906.00
KXNHL-26-DET,1768806000,0.0100,0.0100,0.0100,0.0100,0.0200,0.0200,0.0200,0.0200,0.00,203906.00
KXNHL-26-DET,1768809600,0.0100,0.0100,0.0100,0.0100,0.0200,0.0200,0.0200,0.0200,0.00,203906.00
KXNHL-26-DET,1768813200,0.0100,0.0100,0.0100,0.0100,0.0200,0.0200,0.0200,0.0200,922.00,204828.00
KXNHL-26-DET,1768816800,0.0100,0.0100,0.0100,0.0100,0.0200,0.0200,0.0200,0.0200,0.00,204828.00
KXNHL-26-DET,1768820400,0.0100,0.0100,0.0100,0.0100,0.0200,0.0200,0.0200,0.0200,326.00,205154.00
KXNHL-26-DET,1768824000,0.0100,0.0100,0.0100,0.0100,0.0200,0.0200,0.0200,0.0200,0.00,205154.00
KXNHL-26-DET,1768827600,0.0100,0.0100,0.0100,0.0100,0.0200,0.0200,0.0200,0.0200,374.00,205528.00
KXNHL-26-DET,1768831200,0.0100,0.0100,0.0100,0.0100,0.0200,0.0200,0.0200,0.0200,0.00,205528.00
KXNHL-26-DET,1768834800,0.0100,0.0100,0.0100,0.0100,0.0200,0.0200,0.0200,0.0200,0.00,205528.00
KXNHL-26-DET,1768838400,0.0100,0.0100,0.0100,0.0100,0.0200,0.0200,0.0200,0.0200,0.00,205528.00
KXNHL-26-DET,1768842000,0.0100,0.0100,0.0100,0.0100,0.0200,0.0200,0.0200,0.0200,93.00,205621.00
KXNHL-26-DET,1768845600,0.0100,0.0100,0.0100,0.0100,0.0200,0.0200,0.0200,0.0200,0.00,205621.00
KXNHL-26-DET,1768849200,0.0100,0.0100,0.0100,0.0100,0.0200,0.0200,0.0200,0.0200,0.00,205621.00
KXNHL-26-DET,1768852800,0.0100,0.0100,0.0100,0.0100,0.0200,0.0200,0.0200,0.0200,93.00,205528.00
KXNHL-26-DET,1768856400,0.0100,0.0100,0.0100,0.0100,0.0200,0.0200,0.0200,0.0200,0.00,205528.00
KXNHL-26-DET,1768860000,0.0100,0.0100,0.0100,0.0100,0.0200,0.0200,0.0200,0.0200,645.00,205695.00
KXNHL-26-DET,1768863600,0.0100,0.0100,0.0100,0.0100,0.0200,0.0200,0.0200,0.0200,75.00,205695.00
KXNHL-26-DET,1768867200,0.0100,0.0100,0.0100,0.0100,0.0200,0.0200,0.0200,0.0200,0.00,205695.00
KXNHL-26-DET,1768870800,0.0100,0.0100,0.0100,0.0100,0.0200,0.0200,0.0200,0.0200,2442.00,205695.00
KXNHL-26-DET,1768874400,0.0100,0.0100,0.0100,0.0100,0.0200,0.0200,0.0200,0.0200,0.00,205695.00
KXNHL-26-DET,1768878000,0.0100,0.0100,0.0100,0.0100,0.0200,0.0200,0.0200,0.0200,228.00,205695.00
KXNHL-26-DET,1768881600,0.0100,0.0100,0.0100,0.0100,0.0200,0.0200,0.0200,0.0200,233.00,205695.00
KXNHL-26-DET,1768885200,0.0100,0.0100,0.0100,0.0100,0.0200,0.0200,0.0200,0.0200,700.00,205695.00
KXNHL-26-DET,1768888800,0.0100,0.0100,0.0100,0.0100,0.0200,0.0200,0.0200,0.0200,125.00,205695.00
KXNHL-26-DET,1768892400,0.0100,0.0100,0.0100,0.0100,0.0200,0.0200,0.0200,0.0200,0.00,205695.00
KXNHL-26-DET,1768896000,0.0100,0.0100,0.0100,0.0100,0.0200,0.0200,0.0200,0.0200,0.00,205695.00
KXNHL-26-DET,1768899600,0.0100,0.0100,0.0100,0.0100,0.0200,0.0200,0.0200,0.0200,10000.00,209976.00
KXNHL-26-DET,1768903200,0.0100,0.0100,0.0100,0.0100,0.0200,0.0200,0.0200,0.0200,0.00,209976.00
KXNHL-26-DET,1768906800,0.0100,0.0100,0.0100,0.0100,0.0200,0.0200,0.0200,0.0200,0.00,209976.00
KXNHL-26-DET,1768910400,0.0100,0.0100,0.0100,0.0100,0.0200,0.0200,0.0200,0.0200,0.00,209976.00
KXNHL-26-DET,1768914000,0.0100,0.0100,0.0100,0.0100,0.0200,0.0200,0.0200,0.0200,333.00,210309.00
KXNHL-26-DET,1768917600,0.0100,0.0100,0.0100,0.0100,0.0200,0.0200,0.0200,0.0200,233.00,210542.00
KXNHL-26-DET,1768921200,0.0100,0.0100,0.0100,0.0100,0.0200,0.0200,0.0200,0.0200,0.00,210542.00
KXNHL-26-DET,1768924800,0.0100,0.0100,0.0100,0.0100,0.0200,0.0200,0.0200,0.0200,0.00,210542.00
KXNHL-26-DET,1768928400,0.0100,0.0100,0.0100,0.0100,0.0200,0.0200,0.0200,0.0200,0.00,210542.00
KXNHL-26-DET,1768932000,0.0100,0.0100,0.0100,0.0100,0.0200,0.0200,0.0200,0.0200,125.00,210667.00
KXNHL-26-DET,1768935600,0.0100,0.0100,0.0100,0.0100,0.0200,0.0200,0.0200,0.0200,0.00,210667.00
KXNHL-26-DET,1768939200,0.0100,0.0100,0.0100,0.0100,0.0200,0.0200,0.0200,0.0200,4000.00,214667.00
KXNHL-26-DET,1768942800,0.0100,0.0100,0.0100,0.0100,0.0200,0.0200,0.0200,0.0200,374.00,215041.00
KXNHL-26-DET,1768946400,0.0100,0.0100,0.0100,0.0100,0.0200,0.0200,0.0200,0.0200,0.00,215041.00
KXNHL-26-DET,1768950000,0.0100,0.0100,0.0100,0.0100,0.0200,0.0200,0.0200,0.0200,93.00,215134.00
KXNHL-26-DET,1768953600,0.0100,0.0100,0.0100,0.0100,0.0200,0.0200,0.0200,0.0200,0.00,215134.00
KXNHL-26-DET,1768957200,0.0100,0.0100,0.0100,0.0100,0.0200,0.0200,0.0200,0.0200,0.00,215134.00
KXNHL-26-DET,1768960800,0.0100,0.0100,0.0100,0.0100,0.0200,0.0200,0.0200,0.0200,467.00,215601.00
KXNHL-26-DET,1768964400,0.0100,0.0100,0.0100,0.0100,0.0200,0.0200,0.0200,0.0200,0.00,215601.00
KXNHL-26-DET,1768968000,0.0100,0.0100,0.0100,0.0100,0.0200,0.0200,0.0200,0.0200,5.00,215606.00
KXNHL-26-DET,1768971600,0.0100,0.0100,0.0100,0.0100,0.0200,0.0200,0.0200,0.0200,27.00,215633.00
KXNHL-26-DET,1768975200,0.0100,0.0100,0.0100,0.0100,0.0200,0.0200,0.0200,0.0200,1496.00,216482.00
KXNHL-26-DET,1768978800,0.0100,0.0100,0.0100,0.0100,0.0200,0.0200,0.0200,0.0200,0.00,216482.00
KXNHL-26-DET,1768982400,0.0100,0.0100,0.0100,0.0100,0.0200,0.0200,0.0200,0.0200,0.00,216482.00
KXNHL-26-DET,1768986000,0.0100,0.0100,0.0100,0.0100,0.0200,0.0200,0.0200,0.0200,0.00,216482.00
KXNHL-26-DET,1768989600,0.0100,0.0100,0.0100,0.0100,0.0200,0.0200,0.0200,0.0200,0.00,216482.00
KXNHL-26-DET,1768993200,0.0100,0.0100,0.0100,0.0100,0.0200,0.0200,0.0200,0.0200,0.00,216482.00
KXNHL-26-DET,1768996800,0.0100,0.0100,0.0100,0.0100,0.0200,0.0200,0.0200,0.0200,0.00,216482.00
KXNHL-26-DET,1769000400,0.0100,0.0100,0.0100,0.0100,0.0200,0.0200,0.0200,0.0200,0.00,216482.00
KXNHL-26-DET,1769004000,0.0100,0.0100,0.0100,0.0100,0.0200,0.0200,0.0200,0.0200,0.00,216482.00
KXNHL-26-DET,1769007600,0.0100,0.0100,0.0100,0.0100,0.0200,0.0200,0.0200,0.0200,33.00,216482.00
KXNHL-26-DET,1769011200,0.0100,0.0100,0.0100,0.0100,0.0200,0.0200,0.0200,0.0200,0.00,216482.00
KXNHL-26-DET,1769014800,0.0100,0.0100,0.0100,0.0100,0.0200,0.0200,0.0200,0.0200,0.00,216482.00
KXNHL-26-DET,1769018400,0.0100,0.0100,0.0100,0.0100,0.0200,0.0200,0.0200,0.0200,25.00,216482.00
KXNHL-26-DET,1769022000,0.0100,0.0100,0.0100,0.0100,0.0200,0.0200,0.0200,0.0200,46.00,216482.00
KXNHL-26-DET,1769025600,0.0100,0.0100,0.0100,0.0100,0.0200,0.0200,0.0200,0.0200,0.00,216482.00
KXNHL-26-DET,1769029200,0.0100,0.0100,0.0100,0.0100,0.0200,0.0200,0.0200,0.0200,0.00,216482.00
KXNHL-26-DET,1769032800,0.0100,0.0100,0.0100,0.0100,0.0200,0.0200,0.0200,0.0200,240.00,216482.00
KXNHL-26-DET,1769036400,0.0100,0.0100,0.0100,0.0100,0.0200,0.0200,0.0200,0.0200,271.00,216480.00
KXNHL-26-DET,1769040000,0.0100,0.0100,0.0100,0.0100,0.0200,0.0200,0.0200,0.0200,0.00,216480.00
KXNHL-26-DET,1769043600,0.0100,0.0100,0.0100,0.0100,0.0200,0.0200,0.0200,0.0200,250.00,216730.00
KXNHL-26-DET,1769047200,0.0100,0.0100,0.0100,0.0100,0.0200,0.0200,0.0200,0.0200,0.00,216730.00
KXNHL-26-DET,1769050800,0.0100,0.0100,0.0100,0.0100,0.0200,0.0200,0.0200,0.0200,1334.00,218064.00
KXNHL-26-DET,1769054400,0.0100,0.0100,0.0100,0.0100,0.0200,0.0200,0.0200,0.0200,1339.00,219403.00
KXNHL-26-DET,1769058000,0.0100,0.0100,0.0100,0.0100,0.0200,0.0300,0.0200,0.0300,18449.00,231852.00
KXNHL-26-DET,1769061600,0.0100,0.0100,0.0100,0.0100,0.0300,0.0300,0.0200,0.0200,655.00,232507.00
KXNHL-26-DET,1769065200,0.0100,0.0100,0.0100,0.0100,0.0200,0.0300,0.0200,0.0200,1115.00,233622.00
KXNHL-26-DET,1769068800,0.0100,0.0200,0.0100,0.0200,0.0200,0.0300,0.0200,0.0300,16.00,233638.00
KXNHL-26-DET,1769072400,0.0200,0.0200,0.0200,0.0200,0.0300,0.0300,0.0300,0.0300,0.00,233638.00
KXNHL-26-DET,1769076000,0.0200,0.0200,0.0200,0.0200,0.0300,0.0300,0.0300,0.0300,0.00,233638.00
KXNHL-26-DET,1769079600,0.0200,0.0200,0.0100,0.0100,0.0300,0.0300,0.0200,0.0200,1214.00,234852.00
KXNHL-26-DET,1769083200,0.0100,0.0100,0.0100,0.0100,0.0200,0.0200,0.0200,0.0200,0.00,234852.00
KXNHL-26-DET,1769086800,0.0100,0.0100,0.0100,0.0100,0.0200,0.0200,0.0200,0.0200,0.00,234852.00
KXNHL-26-DET,1769090400,0.0100,0.0100,0.0100,0.0100,0.0200,0.0200,0.0200,0.0200,0.00,234852.00
KXNHL-26-DET,1769094000,0.0100,0.0100,0.0100,0.0100,0.0200,0.0200,0.0200,0.0200,0.00,234852.00
KXNHL-26-DET,1769097600,0.0100,0.0100,0.0100,0.0100,0.0200,0.0200,0.0200,0.0200,0.00,234852.00
KXNHL-26-DET,1769101200,0.0100,0.0100,0.0100,0.0100,0.0200,0.0300,0.0200,0.0300,106.00,234958.00
KXNHL-26-DET,1769104800,0.0100,0.0100,0.0100,0.0100,0.0300,0.0300,0.0200,0.0300,68.00,235026.00
KXNHL-26-DET,1769108400,0.0100,0.0100,0.0100,0.0100,0.0300,0.0300,0.0200,0.0200,93.00,235119.00
KXNHL-26-DET,1769112000,0.0100,0.0100,0.0100,0.0100,0.0200,0.0200,0.0200,0.0200,0.00,235119.00
KXNHL-26-DET,1769115600,0.0100,0.0100,0.0100,0.0100,0.0200,0.0300,0.0200,0.0200,0.00,235119.00
KXNHL-26-DET,1769119200,0.0100,0.0100,0.0100,0.0100,0.0200,0.0300,0.0200,0.0200,82.00,235201.00
KXNHL-26-DET,1769122800,0.0100,0.0100,0.0100,0.0100,0.0200,0.0300,0.0200,0.0200,638.00,235839.00
KXNHL-26-DET,1769126400,0.0100,0.0100,0.0100,0.0100,0.0200,0.0300,0.0200,0.0200,0.00,235839.00
KXNHL-26-DET,1769130000,0.0100,0.0100,0.0100,0.0100,0.0200,0.0300,0.0200,0.0300,967.00,236806.00
KXNHL-26-DET,1769133600,0.0100,0.0100,0.0100,0.0100,0.0300,0.0300,0.0200,0.0200,0.00,236806.00
KXNHL-26-DET,1769137200,0.0100,0.0100,0.0100,0.0100,0.0200,0.0300,0.0200,0.0300,34922.00,271728.00
KXNHL-26-DET,1769140800,0.0100,0.0200,0.0100,0.0200,0.0300,0.0300,0.0300,0.0300,974.00,272702.00
KXNHL-26-DET,1769144400,0.0200,0.0200,0.0200,0.0200,0.0300,0.0400,0.0300,0.0300,1804.00,274498.00
KXNHL-26-DET,1769148000,0.0200,0.0200,0.0200,0.0200,0.0300,0.0400,0.0300,0.0300,0.00,274498.00
KXNHL-26-DET,1769151600,0.0200,0.0200,0.0200,0.0200,0.0300,0.0300,0.0300,0.0300,0.00,274498.00
KXNHL-26-DET,1769155200,0.0200,0.0200,0.0200,0.0200,0.0300,0.0300,0.0300,0.0300,0.00,274498.00
KXNHL-26-DET,1769158800,0.0200,0.0200,0.0200,0.0200,0.0300,0.0300,0.0300,0.0300,187.00,274685.00
KXNHL-26-DET,1769162400,0.0200,0.0200,0.0100,0.0200,0.0300,0.0400,0.0300,0.0300,766.00,275451.00
KXNHL-26-DET,1769166000,0.0200,0.0200,0.0200,0.0200,0.0300,0.0300,0.0300,0.0300,0.00,275451.00
KXNHL-26-DET,1769169600,0.0200,0.0200,0.0200,0.0200,0.0300,0.0300,0.0300,0.0300,0.00,275451.00
KXNHL-26-DET,1769173200,0.0200,0.0200,0.0200,0.0200,0.0300,0.0400,0.0300,0.0400,555.00,276006.00
KXNHL-26-DET,1769176800,0.0200,0.0300,0.0200,0.0300,0.0400,0.0400,0.0400,0.0400,499.00,276505.00
KXNHL-26-DET,1769180400,0.0300,0.0300,0.0200,0.0200,0.0400,0.0400,0.0400,0.0400,9.00,276496.00
KXNHL-26-DET,1769184000,0.0200,0.0200,0.0200,0.0200,0.0400,0.0400,0.0300,0.0300,56.00,276450.00
KXNHL-26-DET,1769187600,0.0200,0.0200,0.0200,0.0200,0.0300,0.0300,0.0300,0.0300,0.00,276450.00
KXNHL-26-DET,1769191200,0.0200,0.0300,0.0200,0.0300,0.0300,0.0400,0.0300,0.0400,18.00,276468.00
KXNHL-26-DET,1769194800,0.0300,0.0300,0.0300,0.0300,0.0400,0.0400,0.0400,0.0400,1333.00,277801.00
KXNHL-26-DET,1769198400,0.0300,0.0300,0.0300,0.0300,0.0400,0.0500,0.0400,0.0400,0.00,277801.00
KXNHL-26-DET,1769202000,0.0300,0.0300,0.0300,0.0300,0.0400,0.0400,0.0400,0.0400,69.00,277761.00
KXNHL-26-DET,1769205600,0.0300,0.0300,0.0300,0.0300,0.0400,0.0400,0.0400,0.0400,24.00,277785.00
KXNHL-26-DET,1769209200,0.0300,0.0300,0.0300,0.0300,0.0400,0.0400,0.0400,0.0400,0.00,277785.00
KXNHL-26-DET,1769212800,0.0300,0.0300,0.0200,0.0300,0.0400,0.0400,0.0400,0.0400,16.00,277801.00
KXNHL-26-DET,1769216400,0.0300,0.0300,0.0200,0.0200,0.0400,0.0500,0.0400,0.0500,75.00,277876.00
KXNHL-26-DET,1769220000,0.0200,0.0200,0.0200,0.0200,0.0500,0.0500,0.0500,0.0500,18.00,277894.00
KXNHL-26-DET,1769223600,0.0200,0.0200,0.0200,0.0200,0.0500,0.0900,0.0500,0.0600,414.00,278225.00
KXNHL-26-DET,1769227200,0.0200,0.0200,0.0200,0.0200,0.0600,0.0700,0.0500,0.0600,0.00,278225.00
KXNHL-26-DET,1769230800,0.0200,0.0200,0.0200,0.0200,0.0600,0.0600,0.0500,0.0600,1000.00,278225.00
KXNHL-26-DET,1769234400,0.0200,0.0300,0.0200,0.0300,0.0600,0.0600,0.0400,0.0400,0.00,278225.00
KXNHL-26-DET,1769238000,0.0300,0.0300,0.0300,0.0300,0.0400,0.0400,0.0400,0.0400,122.00,278347.00
KXNHL-26-DET,1769241600,0.0300,0.0300,0.0300,0.0300,0.0400,0.0400,0.0400,0.0400,117.00,278464.00
KXNHL-26-DET,1769245200,0.0300,0.0300,0.0300,0.0300,0.0400,0.0400,0.0400,0.0400,0.00,278464.00
KXNHL-26-DET,1769248800,0.0300,0.0300,0.0300,0.0300,0.0400,0.0400,0.0400,0.0400,0.00,278464.00
KXNHL-26-DET,1769252400,0.0300,0.0300,0.0300,0.0300,0.0400,0.0400,0.0400,0.0400,0.00,278464.00
KXNHL-26-DET,1769256000,0.0300,0.0300,0.0300,0.0300,0.0400,0.0400,0.0400,0.0400,0.00,278464.00
KXNHL-26-DET,1769259600,0.0300,0.0300,0.0300,0.0300,0.0400,0.0400,0.0400,0.0400,0.00,278464.00
KXNHL-26-DET,1769263200,0.0300,0.0300,0.0300,0.0300,0.0400,0.0400,0.0400,0.0400,46.00,278510.00
KXNHL-26-DET,1769266800,0.0300,0.0300,0.0300,0.0300,0.0400,0.0400,0.0400,0.0400,0.00,278510.00
KXNHL-26-DET,1769270400,0.0300,0.0300,0.0300,0.0300,0.0400,0.0400,0.0400,0.0400,333.00,278198.00
KXNHL-26-DET,1769274000,0.0300,0.0300,0.0300,0.0300,0.0400,0.0400,0.0400,0.0400,117.00,278315.00
KXNHL-26-DET,1769277600,0.0300,0.0300,0.0300,0.0300,0.0400,0.0400,0.0400,0.0400,500.00,278815.00
KXNHL-26-DET,1769281200,0.0300,0.0300,0.0300,0.0300,0.0400,0.0400,0.0400,0.0400,0.00,278815.00
KXNHL-26-DET,1769284800,0.0300,0.0300,0.0300,0.0300,0.0400,0.0400,0.0400,0.0400,0.00,278815.00
KXNHL-26-DET,1769288400,0.0300,0.0300,0.0300,0.0300,0.0400,0.0400,0.0400,0.0400,2099.00,279331.00
KXNHL-26-DET,1769292000,0.0300,0.0300,0.0300,0.0300,0.0400,0.0400,0.0400,0.0400,0.00,279331.00
KXNHL-26-DET,1769295600,0.0300,0.0300,0.0300,0.0300,0.0400,0.0400,0.0400,0.0400,0.00,279331.00
KXNHL-26-DET,1769299200,0.0300,0.0300,0.0200,0.0300,0.0400,0.0400,0.0300,0.0400,234.00,279565.00
KXNHL-26-DET,1769302800,0.0300,0.0300,0.0200,0.0200,0.0400,0.0400,0.0300,0.0300,0.00,279565.00
KXNHL-26-DET,1769306400,0.0200,0.0200,0.0200,0.0200,0.0300,0.0400,0.0300,0.0400,56.00,279621.00
KXNHL-26-DET,1769310000,0.0200,0.0200,0.0200,0.0200,0.0400,0.0400,0.0300,0.0400,366.00,279987.00
KXNHL-26-DET,1769313600,0.0200,0.0200,0.0200,0.0200,0.0400,0.0400,0.0300,0.0300,46.00,280033.00
KXNHL-26-DET,1769317200,0.0200,0.0200,0.0200,0.0200,0.0300,0.0400,0.0300,0.0300,16.00,280049.00
KXNHL-26-DET,1769320800,0.0200,0.0200,0.0200,0.0200,0.0300,0.0400,0.0300,0.0300,780.00,280829.00
KXNHL-26-DET,1769324400,0.0200,0.0200,0.0200,0.0200,0.0300,0.0300,0.0300,0.0300,0.00,280829.00
KXNHL-26-DET,1769328000,0.0200,0.0200,0.0200,0.0200,0.0300,0.0300,0.0300,0.0300,0.00,280829.00
KXNHL-26-DET,1769331600,0.0200,0.0200,0.0200,0.0200,0.0300,0.0300,0.0300,0.0300,0.00,280829.00
KXNHL-26-DET,1769335200,0.0200,0.0200,0.0200,0.0200,0.0300,0.0300,0.0300,0.0300,0.00,280829.00
KXNHL-26-DET,1769338800,0.0200,0.0200,0.0200,0.0200,0.0300,0.0300,0.0300,0.0300,0.00,280829.00
KXNHL-26-DET,1769342400,0.0200,0.0200,0.0200,0.0200,0.0300,0.0300,0.0300,0.0300,0.00,280829.00
KXNHL-26-DET,1769346000,0.0200,0.0200,0.0200,0.0200,0.0300,0.0300,0.0300,0.0300,0.00,280829.00
KXNHL-26-DET,1769349600,0.0200,0.0200,0.0200,0.0200,0.0300,0.0300,0.0300,0.0300,343.00,281172.00
KXNHL-26-DET,1769353200,0.0200,0.0200,0.0200,0.0200,0.0300,0.0300,0.0300,0.0300,54.00,281180.00
KXNHL-26-DET,1769356800,0.0200,0.0200,0.0200,0.0200,0.0300,0.0300,0.0300,0.0300,0.00,281180.00
KXNHL-26-DET,1769360400,0.0200,0.0200,0.0200,0.0200,0.0300,0.0300,0.0300,0.0300,156.00,281336.00
KXNHL-26-DET,1769364000,0.0200,0.0200,0.0200,0.0200,0.0300,0.0300,0.0300,0.0300,240.00,281320.00
KXNHL-26-DET,1769367600,0.0200,0.0200,0.0200,0.0200,0.0300,0.0300,0.0300,0.0300,4187.00,285488.00
KXNHL-26-DET,1769371200,0.0200,0.0200,0.0200,0.0200,0.0300,0.0300,0.0300,0.0300,179.00,285667.00
KXNHL-26-DET,1769374800,0.0200,0.0200,0.0200,0.0200,0.0300,0.0300,0.0300,0.0300,18.00,285685.00
KXNHL-26-DET,1769378400,0.0200,0.0200,0.0200,0.0200,0.0300,0.0300,0.0300,0.0300,0.00,285685.00
KXNHL-26-DET,1769382000,0.0200,0.0200,0.0200,0.0200,0.0300,0.0300,0.0300,0.0300,0.00,285685.00
KXNHL-26-DET,1769385600,0.0200,0.0200,0.0200,0.0200,0.0300,0.0300,0.0300,0.0300,0.00,285685.00
KXNHL-26-DET,1769389200,0.0200,0.0200,0.0200,0.0200,0.0300,0.0300,0.0300,0.0300,100.00,285785.00
KXNHL-26-DET,1769392800,0.0200,0.0300,0.0200,0.0300,0.0300,0.0600,0.0300,0.0500,722.00,286507.00
KXNHL-26-DET,1769396400,0.0300,0.0300,0.0300,0.0300,0.0500,0.0600,0.0500,0.0600,85.00,286528.00
KXNHL-26-DET,1769400000,0.0300,0.0300,0.0300,0.0300,0.0600,0.0600,0.0400,0.0400,0.00,286528.00
KXNHL-26-DET,1769403600,0.0300,0.0300,0.0300,0.0300,0.0400,0.0400,0.0400,0.0400,0.00,286528.00
KXNHL-26-DET,1769407200,0.0300,0.0300,0.0300,0.0300,0.0400,0.0400,0.0400,0.0400,185.00,286481.00
KXNHL-26-DET,1769410800,0.0300,0.0300,0.0300,0.0300,0.0400,0.0400,0.0400,0.0400,234.00,286715.00
KXNHL-26-DET,1769414400,0.0300,0.0300,0.0300,0.0300,0.0400,0.0400,0.0400,0.0400,0.00,286715.00
KXNHL-26-DET,1769418000,0.0300,0.0300,0.0300,0.0300,0.0400,0.0400,0.0400,0.0400,0.00,286715.00
KXNHL-26-DET,1769421600,0.0300,0.0300,0.0300,0.0300,0.0400,0.0400,0.0400,0.0400,0.00,286715.00
KXNHL-26-DET,1769425200,0.0300,0.0300,0.0300,0.0300,0.0400,0.0400,0.0400,0.0400,117.00,286832.00
KXNHL-26-DET,1769428800,0.0300,0.0300,0.0300,0.0300,0.0400,0.0400,0.0400,0.0400,0.00,286832.00
KXNHL-26-DET,1769432400,0.0300,0.0300,0.0300,0.0300,0.0400,0.0400,0.0400,0.0400,0.00,286832.00
KXNHL-26-DET,1769436000,0.0300,0.0300,0.0300,0.0300,0.0400,0.0400,0.0400,0.0400,46.00,286878.00
KXNHL-26-DET,1769439600,0.0300,0.0300,0.0300,0.0300,0.0400,0.0400,0.0400,0.0400,283.00,286874.00
KXNHL-26-DET,1769443200,0.0300,0.0300,0.0200,0.0200,0.0400,0.0400,0.0300,0.0300,1184.00,287273.00
KXNHL-26-DET,1769446800,0.0200,0.0200,0.0200,0.0200,0.0300,0.0300,0.0300,0.0300,187.00,287460.00
KXNHL-26-DET,1769450400,0.0200,0.0200,0.0200,0.0200,0.0300,0.0300,0.0300,0.0300,31.00,287491.00
KXNHL-26-DET,1769454000,0.0200,0.0200,0.0200,0.0200,0.0300,0.0300,0.0300,0.0300,31.00,287522.00
KXNHL-26-DET,1769457600,0.0200,0.0200,0.0200,0.0200,0.0300,0.0300,0.0300,0.0300,1500.00,288900.00
KXNHL-26-DET,1769461200,0.0200,0.0200,0.0200,0.0200,0.0300,0.0300,0.0300,0.0300,0.00,288900.00
KXNHL-26-DET,1769464800,0.0200,0.0200,0.0200,0.0200,0.0300,0.0300,0.0300,0.0300,0.00,288900.00
KXNHL-26-DET,1769468400,0.0200,0.0200,0.0200,0.0200,0.0300,0.0300,0.0300,0.0300,100.00,289000.00
KXNHL-26-DET,1769472000,0.0200,0.0200,0.0200,0.0200,0.0300,0.0300,0.0300,0.0300,0.00,289000.00
KXNHL-26-DET,1769475600,0.0200,0.0200,0.0200,0.0200,0.0300,0.0300,0.0300,0.0300,312.00,289312.00
KXNHL-26-DET,1769479200,0.0200,0.0200,0.0200,0.0200,0.0300,0.0300,0.0300,0.0300,0.00,289312.00
KXNHL-26-DET,1769482800,0.0200,0.0200,0.0200,0.0200,0.0300,0.0300,0.0300,0.0300,1000.00,290312.00
KXNHL-26-DET,1769486400,0.0200,0.0200,0.0200,0.0200,0.0300,0.0300,0.0300,0.0300,0.00,290312.00
KXNHL-26-DET,1769490000,0.0200,0.0200,0.0200,0.0200,0.0300,0.0300,0.0300,0.0300,1001.00,291313.00
KXNHL-26-DET,1769493600,0.0200,0.0200,0.0200,0.0200,0.0300,0.0300,0.0300,0.0300,0.00,291313.00
KXNHL-26-DET,1769497200,0.0200,0.0200,0.0200,0.0200,0.0300,0.0300,0.0300,0.0300,0.00,291313.00
KXNHL-26-DET,1769500800,0.0200,0.0200,0.0200,0.0200,0.0300,0.0300,0.0300,0.0300,0.00,291313.00
KXNHL-26-DET,1769504400,0.0200,0.0200,0.0200,0.0200,0.0300,0.0300,0.0300,0.0300,250.00,291563.00
KXNHL-26-DET,1769508000,0.0200,0.0200,0.0200,0.0200,0.0300,0.0300,0.0300,0.0300,400.00,291963.00
KXNHL-26-DET,1769511600,0.0200,0.0200,0.0200,0.0200,0.0300,0.0300,0.0300,0.0300,156.00,292119.00
KXNHL-26-DET,1769515200,0.0200,0.0200,0.0200,0.0200,0.0300,0.0300,0.0300,0.0300,0.00,292119.00
KXNHL-26-DET,1769518800,0.0200,0.0200,0.0200,0.0200,0.0300,0.0300,0.0300,0.0300,0.00,292119.00
KXNHL-26-DET,1769522400,0.0200,0.0200,0.0200,0.0200,0.0300,0.0300,0.0300,0.0300,0.00,292119.00
KXNHL-26-DET,1769526000,0.0200,0.0200,0.0200,0.0200,0.0300,0.0300,0.0300,0.0300,156.00,292275.00
KXNHL-26-DET,1769529600,0.0200,0.0200,0.0200,0.0200,0.0300,0.0300,0.0300,0.0300,0.00,292275.00
KXNHL-26-DET,1769533200,0.0200,0.0200,0.0200,0.0200,0.0300,0.0300,0.0300,0.0300,0.00,292275.00
KXNHL-26-DET,1769536800,0.0200,0.0200,0.0200,0.0200,0.0300,0.0300,0.0300,0.0300,3121.00,295393.00
KXNHL-26-DET,1769540400,0.0200,0.0200,0.0200,0.0200,0.0300,0.0300,0.0300,0.0300,621.00,296014.00
KXNHL-26-DET,1769544000,0.0200,0.0200,0.0200,0.0200,0.0300,0.0300,0.0300,0.0300,0.00,296014.00
KXNHL-26-DET,1769547600,0.0200,0.0200,0.0200,0.0200,0.0300,0.0300,0.0300,0.0300,512.00,296526.00
KXNHL-26-DET,1769551200,0.0200,0.0200,0.0200,0.0200,0.0300,0.0300,0.0300,0.0300,0.00,296526.00
KXNHL-26-DET,1769554800,0.0200,0.0200,0.0200,0.0200,0.0300,0.0300,0.0300,0.0300,0.00,296526.00
KXNHL-26-DET,1769558400,0.0200,0.0200,0.0200,0.0200,0.0300,0.0300,0.0300,0.0300,0.00,296526.00
KXNHL-26-DET,1769562000,0.0200,0.0200,0.0200,0.0200,0.0300,0.0300,0.0300,0.0300,624.00,297150.00
KXNHL-26-DET,1769565600,0.0200,0.0200,0.0200,0.0200,0.0300,0.0300,0.0300,0.0300,600.00,297750.00
KXNHL-26-DET,1769569200,0.0200,0.0200,0.0200,0.0200,0.0300,0.0300,0.0300,0.0300,0.00,297750.00
KXNHL-26-DET,1769572800,0.0200,0.0200,0.0200,0.0200,0.0300,0.0300,0.0300,0.0300,0.00,297750.00
KXNHL-26-DET,1769576400,0.0200,0.0200,0.0200,0.0200,0.0300,0.0300,0.0300,0.0300,281.00,298000.00
KXNHL-26-DET,1769580000,0.0200,0.0200,0.0200,0.0200,0.0300,0.0300,0.0300,0.0300,3433.00,301433.00
KXNHL-26-DET,1769583600,0.0200,0.0200,0.0200,0.0200,0.0300,0.0300,0.0300,0.0300,1030.00,302453.00
KXNHL-26-DET,1769587200,0.0200,0.0200,0.0200,0.0200,0.0300,0.0300,0.0300,0.0300,110.00,302563.00
KXNHL-26-DET,1769590800,0.0200,0.0200,0.0200,0.0200,0.0300,0.0300,0.0300,0.0300,0.00,302563.00
KXNHL-26-DET,1769594400,0.0200,0.0200,0.0200,0.0200,0.0300,0.0300,0.0300,0.0300,0.00,302563.00
KXNHL-26-DET,1769598000,0.0200,0.0200,0.0200,0.0200,0.0300,0.0300,0.0300,0.0300,0.00,302563.00
KXNHL-26-DET,1769601600,0.0200,0.0200,0.0200,0.0200,0.0300,0.0300,0.0300,0.0300,0.00,302563.00
KXNHL-26-DET,1769605200,0.0200,0.0200,0.0200,0.0200,0.0300,0.0300,0.0300,0.0300,0.00,302563.00
KXNHL-26-DET,1769608800,0.0200,0.0200,0.0200,0.0200,0.0300,0.0300,0.0300,0.0300,28.00,302590.00
KXNHL-26-DET,1769612400,0.0200,0.0200,0.0200,0.0200,0.0300,0.0300,0.0300,0.0300,1003.00,303593.00
KXNHL-26-DET,1769616000,0.0200,0.0200,0.0200,0.0200,0.0300,0.0300,0.0300,0.0300,0.00,303593.00
KXNHL-26-DET,1769619600,0.0200,0.0200,0.0200,0.0200,0.0300,0.0300,0.0300,0.0300,0.00,303593.00
KXNHL-26-DET,1769623200,0.0200,0.0200,0.0200,0.0200,0.0300,0.0300,0.0300,0.0300,468.00,304049.00
KXNHL-26-DET,1769626800,0.0200,0.0200,0.0200,0.0200,0.0300,0.0300,0.0300,0.0300,0.00,304049.00
KXNHL-26-DET,1769630400,0.0200,0.0200,0.0200,0.0200,0.0300,0.0300,0.0300,0.0300,31.00,304080.00
KXNHL-26-DET,1769634000,0.0200,0.0200,0.0200,0.0200,0.0300,0.0300,0.0300,0.0300,100.00,304080.00
KXNHL-26-DET,1769637600,0.0200,0.0200,0.0200,0.0200,0.0300,0.0300,0.0300,0.0300,0.00,304080.00
KXNHL-26-DET,1769641200,0.0200,0.0200,0.0200,0.0200,0.0300,0.0300,0.0300,0.0300,0.00,304080.00
KXNHL-26-DET,1769644800,0.0200,0.0200,0.0200,0.0200,0.0300,0.0300,0.0300,0.0300,0.00,304080.00
KXNHL-26-DET,1769648400,0.0200,0.0200,0.0200,0.0200,0.0300,0.0300,0.0300,0.0300,283.00,304080.00
KXNHL-26-DET,1769652000,0.0200,0.0200,0.0200,0.0200,0.0300,0.0300,0.0300,0.0300,156.00,304236.00
KXNHL-26-DET,1769655600,0.0200,0.0300,0.0200,0.0200,0.0300,0.0400,0.0300,0.0400,1147.00,305146.00
KXNHL-26-DET,1769659200,0.0200,0.0300,0.0200,0.0200,0.0400,0.0400,0.0300,0.0300,23.00,305161.00
KXNHL-26-DET,1769662800,0.0200,0.0200,0.0200,0.0200,0.0300,0.0300,0.0300,0.0300,436.00,305597.00
KXNHL-26-DET,1769666400,0.0200,0.0200,0.0200,0.0200,0.0300,0.0300,0.0300,0.0300,93.00,305690.00
KXNHL-26-DET,1769670000,0.0200,0.0200,0.0200,0.0200,0.0300,0.0300,0.0300,0.0300,77.00,305690.00
KXNHL-26-DET,1769673600,0.0200,0.0200,0.0200,0.0200,0.0300,0.0300,0.0300,0.0300,156.00,305846.00
KXNHL-26-DET,1769677200,0.0200,0.0200,0.0200,0.0200,0.0300,0.0300,0.0300,0.0300,0.00,305846.00
KXNHL-26-DET,1769680800,0.0200,0.0200,0.0200,0.0200,0.0300,0.0300,0.0300,0.0300,0.00,305846.00
KXNHL-26-DET,1769684400,0.0200,0.0200,0.0200,0.0200,0.0300,0.0300,0.0300,0.0300,0.00,305846.00
KXNHL-26-DET,1769688000,0.0200,0.0200,0.0200,0.0200,0.0300,0.0300,0.0300,0.0300,0.00,305846.00
KXNHL-26-DET,1769691600,0.0200,0.0200,0.0200,0.0200,0.0300,0.0300,0.0300,0.0300,0.00,305846.00
KXNHL-26-DET,1769695200,0.0200,0.0200,0.0200,0.0200,0.0300,0.0300,0.0300,0.0300,0.00,305846.00
KXNHL-26-DET,1769698800,0.0200,0.0200,0.0200,0.0200,0.0300,0.0300,0.0300,0.0300,155.00,306001.00
KXNHL-26-DET,1769702400,0.0200,0.0200,0.0200,0.0200,0.0300,0.0300,0.0300,0.0300,0.00,306001.00
KXNHL-26-DET,1769706000,0.0200,0.0200,0.0200,0.0200,0.0300,0.0300,0.0300,0.0300,200.00,306201.00
KXNHL-26-DET,1769709600,0.0200,0.0200,0.0200,0.0200,0.0300,0.0300,0.0300,0.0300,420.00,306621.00
KXNHL-26-DET,1769713200,0.0200,0.0200,0.0200,0.0200,0.0300,0.0300,0.0300,0.0300,40.00,306661.00
KXNHL-26-DET,1769716800,0.0200,0.0200,0.0200,0.0200,0.0300,0.0300,0.0300,0.0300,0.00,306661.00
KXNHL-26-DET,1769720400,0.0200,0.0200,0.0200,0.0200,0.0300,0.0300,0.0300,0.0300,31.00,306692.00
KXNHL-26-DET,1769724000,0.0200,0.0200,0.0200,0.0200,0.0300,0.0300,0.0300,0.0300,0.00,306692.00
KXNHL-26-DET,1769727600,0.0200,0.0200,0.0200,0.0200,0.0300,0.0300,0.0300,0.0300,0.00,306692.00
KXNHL-26-DET,1769731200,0.0200,0.0200,0.0200,0.0200,0.0300,0.0300,0.0300,0.0300,0.00,306692.00
KXNHL-26-DET,1769734800,0.0200,0.0200,0.0200,0.0200,0.0300,0.0300,0.0300,0.0300,81.00,306692.00
KXNHL-26-DET,1769738400,0.0200,0.0200,0.0200,0.0200,0.0300,0.0300,0.0300,0.0300,156.00,306848.00
KXNHL-26-DET,1769742000,0.0200,0.0200,0.0200,0.0200,0.0300,0.0300,0.0300,0.0300,666.00,307514.00
KXNHL-26-DET,1769745600,0.0200,0.0200,0.0200,0.0200,0.0300,0.0300,0.0300,0.0300,312.00,307826.00
KXNHL-26-DET,1769749200,0.0200,0.0200,0.0200,0.0200,0.0300,0.0300,0.0300,0.0300,0.00,307826.00
KXNHL-26-DET,1769752800,0.0200,0.0200,0.0200,0.0200,0.0300,0.0300,0.0300,0.0300,0.00,307826.00
KXNHL-26-DET,1769756400,0.0200,0.0200,0.0200,0.0200,0.0300,0.0300,0.0300,0.0300,624.00,308450.00
KXNHL-26-DET,1769760000,0.0200,0.0200,0.0200,0.0200,0.0300,0.0300,0.0300,0.0300,0.00,308450.00
KXNHL-26-DET,1769763600,0.0200,0.0200,0.0200,0.0200,0.0300,0.0300,0.0300,0.0300,0.00,308450.00
KXNHL-26-DET,1769767200,0.0200,0.0200,0.0200,0.0200,0.0300,0.0300,0.0300,0.0300,0.00,308450.00
KXNHL-26-DET,1769770800,0.0200,0.0200,0.0200,0.0200,0.0300,0.0300,0.0300,0.0300,0.00,308450.00
KXNHL-26-DET,1769774400,0.0200,0.0200,0.0200,0.0200,0.0300,0.0300,0.0300,0.0300,0.00,308450.00
KXNHL-26-DET,1769778000,0.0200,0.0200,0.0200,0.0200,0.0300,0.0300,0.0300,0.0300,0.00,308450.00
KXNHL-26-DET,1769781600,0.0200,0.0200,0.0200,0.0200,0.0300,0.0300,0.0300,0.0300,420.00,308450.00
KXNHL-26-DET,1769785200,0.0200,0.0200,0.0200,0.0200,0.0300,0.0300,0.0300,0.0300,936.00,309386.00
KXNHL-26-DET,1769788800,0.0200,0.0200,0.0200,0.0200,0.0300,0.0300,0.0300,0.0300,0.00,309386.00
KXNHL-26-DET,1769792400,0.0200,0.0200,0.0200,0.0200,0.0300,0.0300,0.0300,0.0300,31.00,309417.00
KXNHL-26-DET,1769796000,0.0200,0.0200,0.0200,0.0200,0.0300,0.0300,0.0300,0.0300,0.00,309417.00
KXNHL-26-DET,1769799600,0.0200,0.0200,0.0200,0.0200,0.0300,0.0300,0.0300,0.0300,0.00,309417.00
KXNHL-26-DET,1769803200,0.0200,0.0200,0.0200,0.0200,0.0300,0.0300,0.0300,0.0300,0.00,309417.00
KXNHL-26-DET,1769806800,0.0200,0.0200,0.0200,0.0200,0.0300,0.0300,0.0300,0.0300,0.00,309417.00
KXNHL-26-DET,1769810400,0.0200,0.0200,0.0200,0.0200,0.0300,0.0300,0.0300,0.0300,0.00,309417.00
KXNHL-26-DET,1769814000,0.0200,0.0200,0.0200,0.0200,0.0300,0.0300,0.0300,0.0300,0.00,309417.00
KXNHL-26-DET,1769817600,0.0200,0.0200,0.0200,0.0200,0.0300,0.0300,0.0300,0.0300,1560.00,310977.00
KXNHL-26-DET,1769821200,0.0200,0.0200,0.0200,0.0200,0.0300,0.0300,0.0300,0.0300,0.00,310977.00
KXNHL-26-DET,1769824800,0.0200,0.0200,0.0200,0.0200,0.0300,0.0400,0.0300,0.0300,286.00,311263.00
KXNHL-26-DET,1769828400,0.0200,0.0300,0.0200,0.0300,0.0300,0.0400,0.0300,0.0400,200.00,311463.00
KXNHL-26-DET,1769832000,0.0300,0.0300,0.0200,0.0200,0.0400,0.0400,0.0300,0.0300,0.00,311463.00
KXNHL-26-DET,1769835600,0.0200,0.0200,0.0100,0.0200,0.0300,0.0300,0.0300,0.0300,1560.00,311355.00
KXNHL-26-DET,1769839200,0.0200,0.0200,0.0200,0.0200,0.0300,0.0300,0.0300,0.0300,0.00,311355.00
KXNHL-26-DET,1769842800,0.0200,0.0200,0.0200,0.0200,0.0300,0.0300,0.0300,0.0300,0.00,311355.00
KXNHL-26-DET,1769846400,0.0200,0.0200,0.0200,0.0200,0.0300,0.0300,0.0300,0.0300,631.00,311986.00
KXNHL-26-DET,1769850000,0.0200,0.0200,0.0200,0.0200,0.0300,0.0300,0.0300,0.0300,0.00,311986.00
KXNHL-26-DET,1769853600,0.0200,0.0200,0.0200,0.0200,0.0300,0.0300,0.0300,0.0300,0.00,311986.00
KXNHL-26-DET,1769857200,0.0200,0.0200,0.0200,0.0200,0.0300,0.0300,0.0300,0.0300,0.00,311986.00
KXNHL-26-DET,1769860800,0.0200,0.0200,0.0200,0.0200,0.0300,0.0300,0.0300,0.0300,31.00,312017.00
KXNHL-26-DET,1769864400,0.0200,0.0200,0.0200,0.0200,0.0300,0.0300,0.0300,0.0300,0.00,312017.00
KXNHL-26-DET,1769868000,0.0200,0.0200,0.0100,0.0200,0.0300,0.0300,0.0300,0.0300,0.00,312017.00
KXNHL-26-DET,1769871600,0.0200,0.0200,0.0200,0.0200,0.0300,0.0300,0.0300,0.0300,0.00,312017.00
KXNHL-26-DET,1769875200,0.0200,0.0200,0.0200,0.0200,0.0300,0.0300,0.0300,0.0300,468.00,312485.00
KXNHL-26-DET,1769878800,0.0200,0.0200,0.0200,0.0200,0.0300,0.0300,0.0300,0.0300,624.00,313109.00
KXNHL-26-DET,1769882400,0.0200,0.0200,0.0100,0.0100,0.0300,0.0300,0.0300,0.0300,0.00,313109.00
KXNHL-26-DET,1769886000,0.0100,0.0200,0.0100,0.0100,0.0300,0.0300,0.0300,0.0300,124.00,313109.00
KXNHL-26-DET,1769889600,0.0100,0.0200,0.0100,0.0200,0.0300,0.0300,0.0300,0.0300,156.00,313265.00
KXNHL-26-DET,1769893200,0.0200,0.0200,0.0100,0.0100,0.0300,0.0300,0.0300,0.0300,31.00,313296.00
KXNHL-26-DET,1769896800,0.0100,0.0100,0.0100,0.0100,0.0300,0.0300,0.0300,0.0300,0.00,313296.00
KXNHL-26-DET,1769900400,0.0100,0.0100,0.0100,0.0100,0.0300,0.0300,0.0300,0.0300,0.00,313296.00
KXNHL-26-DET,1769904000,0.0100,0.0100,0.0100,0.0100,0.0300,0.0300,0.0300,0.0300,0.00,313296.00
KXNHL-26-DET,1769907600,0.0100,0.0100,0.0100,0.0100,0.0300,0.0300,0.0300,0.0300,0.00,313296.00
KXNHL-26-DET,1769911200,0.0100,0.0100,0.0100,0.0100,0.0300,0.0300,0.0300,0.0300,312.00,313608.00
KXNHL-26-DET,1769914800,0.0100,0.0100,0.0100,0.0100,0.0300,0.0300,0.0300,0.0300,156.00,313764.00
KXNHL-26-DET,1769918400,0.0100,0.0100,0.0100,0.0100,0.0300,0.0300,0.0300,0.0300,0.00,313764.00
KXNHL-26-DET,1769922000,0.0100,0.0100,0.0100,0.0100,0.0300,0.0300,0.0300,0.0300,0.00,313764.00
KXNHL-26-DET,1769925600,0.0100,0.0100,0.0100,0.0100,0.0300,0.0300,0.0300,0.0300,46.00,313718.00
KXNHL-26-DET,1769929200,0.0100,0.0100,0.0100,0.0100,0.0300,0.0300,0.0300,0.0300,0.00,313718.00
KXNHL-26-DET,1769932800,0.0100,0.0100,0.0100,0.0100,0.0300,0.0300,0.0300,0.0300,312.00,314030.00
KXNHL-26-DET,1769940000,0.0100,0.0100,0.0100,0.0100,0.0300,0.0300,0.0300,0.0300,0.00,314030.00
KXNHL-26-DET,1769947200,0.0100,0.0100,0.0100,0.0100,0.0300,0.0300,0.0300,0.0300,0.00,314030.00
KXNHL-26-DET,1769950800,0.0100,0.0100,0.0100,0.0100,0.0300,0.0300,0.0300,0.0300,0.00,314030.00
KXNHL-26-DET,1769954400,0.0100,0.0100,0.0100,0.0100,0.0300,0.0300,0.0300,0.0300,0.00,314030.00
KXNHL-26-DET,1769961600,0.0100,0.0100,0.0100,0.0100,0.0300,0.0300,0.0300,0.0300,1650.00,312580.00
KXNHL-26-DET,1769965200,0.0100,0.0100,0.0100,0.0100,0.0300,0.0300,0.0300,0.0300,0.00,312580.00
KXNHL-26-DET,1769968800,0.0100,0.0100,0.0100,0.0100,0.0300,0.0300,0.0300,0.0300,0.00,312580.00
KXNHL-26-DET,1769972400,0.0100,0.0100,0.0100,0.0100,0.0300,0.0300,0.0300,0.0300,624.00,313204.00
KXNHL-26-DET,1769976000,0.0100,0.0100,0.0100,0.0100,0.0300,0.0300,0.0300,0.0300,0.00,313204.00
KXNHL-26-DET,1769979600,0.0100,0.0100,0.0100,0.0100,0.0300,0.0300,0.0300,0.0300,0.00,313204.00
KXNHL-26-DET,1769983200,0.0100,0.0100,0.0100,0.0100,0.0300,0.0300,0.0300,0.0300,20.00,313224.00
KXNHL-26-DET,1769986800,0.0100,0.0100,0.0100,0.0100,0.0300,0.0300,0.0300,0.0300,312.00,313224.00
KXNHL-26-DET,1769990400,0.0100,0.0100,0.0100,0.0100,0.0300,0.0300,0.0300,0.0300,329.00,313553.00
KXNHL-26-DET,1769994000,0.0100,0.0100,0.0100,0.0100,0.0300,0.0300,0.0300,0.0300,156.00,313709.00
KXNHL-26-DET,1769997600,0.0100,0.0200,0.0100,0.0200,0.0300,0.0300,0.0300,0.0300,0.00,313709.00
KXNHL-26-DET,1770001200,0.0200,0.0200,0.0200,0.0200,0.0300,0.0300,0.0300,0.0300,31.00,313709.00
KXNHL-26-DET,1770004800,0.0200,0.0200,0.0100,0.0100,0.0300,0.0300,0.0300,0.0300,0.00,313709.00
KXNHL-26-DET,1770008400,0.0100,0.0100,0.0100,0.0100,0.0300,0.0300,0.0300,0.0300,31.00,313740.00
KXNHL-26-DET,1770012000,0.0100,0.0100,0.0100,0.0100,0.0300,0.0300,0.0300,0.0300,62.00,313802.00
KXNHL-26-DET,1770015600,0.0100,0.0100,0.0100,0.0100,0.0300,0.0300,0.0300,0.0300,0.00,313802.00
KXNHL-26-DET,1770019200,0.0100,0.0100,0.0100,0.0100,0.0300,0.0300,0.0300,0.0300,0.00,313802.00
KXNHL-26-DET,1770022800,0.0100,0.0100,0.0100,0.0100,0.0300,0.0300,0.0300,0.0300,0.00,313802.00
KXNHL-26-DET,1770026400,0.0100,0.0100,0.0100,0.0100,0.0300,0.0300,0.0300,0.0300,0.00,313802.00
KXNHL-26-DET,1770030000,0.0100,0.0100,0.0100,0.0100,0.0300,0.0300,0.0300,0.0300,0.00,313802.00
KXNHL-26-DET,1770033600,0.0100,0.0100,0.0100,0.0100,0.0300,0.0300,0.0300,0.0300,0.00,313802.00
KXNHL-26-DET,1770037200,0.0100,0.0100,0.0100,0.0100,0.0300,0.0300,0.0300,0.0300,0.00,313802.00
KXNHL-26-DET,1770040800,0.0100,0.0100,0.0100,0.0100,0.0300,0.0300,0.0300,0.0300,0.00,313802.00
KXNHL-26-DET,1770044400,0.0100,0.0100,0.0100,0.0100,0.0300,0.0300,0.0300,0.0300,93.00,313895.00
KXNHL-26-DET,1770048000,0.0100,0.0200,0.0100,0.0200,0.0300,0.0300,0.0300,0.0300,61.00,313956.00
KXNHL-26-DET,1770051600,0.0200,0.0200,0.0200,0.0200,0.0300,0.0300,0.0300,0.0300,0.00,313956.00
KXNHL-26-DET,1770055200,0.0200,0.0200,0.0200,0.0200,0.0300,0.0300,0.0300,0.0300,0.00,313956.00
KXNHL-26-DET,1770058800,0.0200,0.0200,0.0200,0.0200,0.0300,0.0300,0.0300,0.0300,0.00,313956.00
KXNHL-26-DET,1770062400,0.0200,0.0200,0.0200,0.0200,0.0300,0.0300,0.0300,0.0300,31.00,313987.00
KXNHL-26-DET,1770066000,0.0200,0.0200,0.0200,0.0200,0.0300,0.0300,0.0300,0.0300,0.00,313987.00
KXNHL-26-DET,1770069600,0.0200,0.0200,0.0200,0.0200,0.0300,0.0300,0.0300,0.0300,0.00,313987.00
KXNHL-26-DET,1770073200,0.0200,0.0200,0.0100,0.0100,0.0300,0.0300,0.0300,0.0300,278.00,313749.00
KXNHL-26-DET,1770076800,0.0100,0.0100,0.0100,0.0100,0.0300,0.0300,0.0300,0.0300,100.00,313849.00
KXNHL-26-DET,1770080400,0.0100,0.0100,0.0100,0.0100,0.0300,0.0300,0.0300,0.0300,356.00,314005.00
KXNHL-26-DET,1770084000,0.0100,0.0100,0.0100,0.0100,0.0300,0.0300,0.0300,0.0300,0.00,314005.00
KXNHL-26-DET,1770087600,0.0100,0.0100,0.0100,0.0100,0.0300,0.0300,0.0300,0.0300,0.00,314005.00
KXNHL-26-DET,1770091200,0.0100,0.0100,0.0100,0.0100,0.0300,0.0300,0.0300,0.0300,0.00,314005.00
KXNHL-26-DET,1770094800,0.0100,0.0200,0.0100,0.0200,0.0300,0.0300,0.0300,0.0300,1487.00,315353.00
KXNHL-26-DET,1770098400,0.0200,0.0200,0.0200,0.0200,0.0300,0.0300,0.0300,0.0300,171.00,315524.00
KXNHL-26-DET,1770102000,0.0200,0.0200,0.0200,0.0200,0.0300,0.0300,0.0300,0.0300,374.00,315898.00
KXNHL-26-DET,1770105600,0.0200,0.0200,0.0200,0.0200,0.0300,0.0300,0.0300,0.0300,0.00,315898.00
KXNHL-26-DET,1770109200,0.0200,0.0200,0.0200,0.0200,0.0300,0.0300,0.0300,0.0300,0.00,315898.00
KXNHL-26-DET,1770112800,0.0200,0.0200,0.0200,0.0200,0.0300,0.0300,0.0300,0.0300,0.00,315898.00
KXNHL-26-DET,1770116400,0.0200,0.0200,0.0200,0.0200,0.0300,0.0300,0.0300,0.0300,0.00,315898.00
KXNHL-26-DET,1770120000,0.0200,0.0200,0.0200,0.0200,0.0300,0.0300,0.0300,0.0300,0.00,315898.00
KXNHL-26-DET,1770123600,0.0200,0.0200,0.0200,0.0200,0.0300,0.0300,0.0300,0.0300,0.00,315898.00
KXNHL-26-DET,1770127200,0.0200,0.0200,0.0200,0.0200,0.0300,0.0300,0.0300,0.0300,468.00,316366.00
KXNHL-26-DET,1770130800,0.0200,0.0200,0.0200,0.0200,0.0300,0.0300,0.0300,0.0300,468.00,316834.00
KXNHL-26-DET,1770134400,0.0200,0.0200,0.0200,0.0200,0.0300,0.0300,0.0300,0.0300,774.00,317608.00
KXNHL-26-DET,1770138000,0.0200,0.0200,0.0200,0.0200,0.0300,0.0300,0.0300,0.0300,0.00,317608.00
KXNHL-26-DET,1770141600,0.0200,0.0200,0.0200,0.0200,0.0300,0.0300,0.0300,0.0300,0.00,317608.00
KXNHL-26-DET,1770145200,0.0200,0.0200,0.0200,0.0200,0.0300,0.0300,0.0300,0.0300,0.00,317608.00
KXNHL-26-DET,1770148800,0.0200,0.0200,0.0200,0.0200,0.0300,0.0300,0.0300,0.0300,0.00,317608.00
KXNHL-26-DET,1770152400,0.0200,0.0200,0.0200,0.0200,0.0300,0.0300,0.0300,0.0300,125.00,317623.00
KXNHL-26-DET,1770156000,0.0200,0.0200,0.0200,0.0200,0.0300,0.0300,0.0300,0.0300,31.00,317654.00
KXNHL-26-DET,1770159600,0.0200,0.0200,0.0200,0.0200,0.0300,0.0300,0.0300,0.0300,0.00,317654.00
KXNHL-26-DET,1770163200,0.0200,0.0200,0.0200,0.0200,0.0300,0.0300,0.0300,0.0300,0.00,317654.00
KXNHL-26-DET,1770166800,0.0200,0.0200,0.0200,0.0200,0.0300,0.0300,0.0300,0.0300,0.00,317654.00
KXNHL-26-DET,1770170400,0.0200,0.0200,0.0200,0.0200,0.0300,0.0300,0.0300,0.0300,0.00,317654.00
KXNHL-26-DET,1770174000,0.0200,0.0200,0.0200,0.0200,0.0300,0.0300,0.0300,0.0300,1204.00,318858.00
KXNHL-26-DET,1770177600,0.0200,0.0300,0.0200,0.0300,0.0300,0.0400,0.0300,0.0400,8181.00,327039.00
KXNHL-26-DET,1770181200,0.0300,0.0300,0.0300,0.0300,0.0400,0.0400,0.0400,0.0400,0.00,327039.00
KXNHL-26-DET,1770184800,0.0300,0.0300,0.0200,0.0200,0.0400,0.0400,0.0400,0.0400,2576.00,328612.00
KXNHL-26-DET,1770188400,0.0200,0.0200,0.0200,0.0200,0.0400,0.0400,0.0400,0.0400,0.00,328612.00
KXNHL-26-DET,1770192000,0.0200,0.0200,0.0200,0.0200,0.0400,0.0400,0.0400,0.0400,0.00,328612.00
KXNHL-26-DET,1770195600,0.0200,0.0200,0.0200,0.0200,0.0400,0.0400,0.0400,0.0400,11.00,328623.00
KXNHL-26-DET,1770202800,0.0200,0.0200,0.0200,0.0200,0.0400,0.0400,0.0400,0.0400,0.00,328623.00
KXNHL-26-DET,1770206400,0.0200,0.0200,0.0200,0.0200,0.0400,0.0400,0.0400,0.0400,0.00,328623.00
KXNHL-26-DET,1770210000,0.0200,0.0200,0.0200,0.0200,0.0400,0.0400,0.0400,0.0400,0.00,328623.00
KXNHL-26-DET,1770213600,0.0200,0.0200,0.0200,0.0200,0.0400,0.0400,0.0400,0.0400,0.00,328623.00
KXNHL-26-DET,1770217200,0.0200,0.0200,0.0200,0.0200,0.0400,0.0400,0.0400,0.0400,23.00,328646.00
KXNHL-26-DET,1770220800,0.0200,0.0200,0.0200,0.0200,0.0400,0.0400,0.0400,0.0400,37.00,328683.00
KXNHL-26-DET,1770224400,0.0200,0.0200,0.0200,0.0200,0.0400,0.0400,0.0400,0.0400,0.00,328683.00
KXNHL-26-DET,1770228000,0.0200,0.0200,0.0200,0.0200,0.0400,0.0400,0.0400,0.0400,0.00,328683.00
KXNHL-26-DET,1770231600,0.0200,0.0200,0.0200,0.0200,0.0400,0.0400,0.0400,0.0400,234.00,328917.00
KXNHL-26-DET,1770235200,0.0200,0.0200,0.0200,0.0200,0.0400,0.0400,0.0400,0.0400,0.00,328917.00
KXNHL-26-DET,1770238800,0.0200,0.0200,0.0200,0.0200,0.0400,0.0400,0.0400,0.0400,0.00,328917.00
KXNHL-26-DET,1770242400,0.0200,0.0200,0.0200,0.0200,0.0400,0.0400,0.0400,0.0400,166.00,329083.00
KXNHL-26-DET,1770246000,0.0200,0.0200,0.0200,0.0200,0.0400,0.0400,0.0400,0.0400,300.00,329383.00
KXNHL-26-DET,1770249600,0.0200,0.0200,0.0200,0.0200,0.0400,0.0400,0.0300,0.0300,0.00,329383.00
KXNHL-26-DET,1770253200,0.0200,0.0200,0.0200,0.0200,0.0300,0.0300,0.0300,0.0300,699.00,330082.00
KXNHL-26-DET,1770256800,0.0200,0.0200,0.0200,0.0200,0.0300,0.0300,0.0300,0.0300,0.00,330082.00
KXNHL-26-DET,1770260400,0.0200,0.0200,0.0200,0.0200,0.0300,0.0300,0.0300,0.0300,156.00,330238.00
KXNHL-26-DET,1770264000,0.0200,0.0200,0.0200,0.0200,0.0300,0.0300,0.0300,0.0300,179.00,330394.00
KXNHL-26-DET,1770267600,0.0200,0.0200,0.0200,0.0200,0.0300,0.0300,0.0300,0.0300,156.00,330394.00
KXNHL-26-DET,1770271200,0.0200,0.0200,0.0200,0.0200,0.0300,0.0400,0.0300,0.0400,489.00,330883.00
KXNHL-26-DET,1770274800,0.0200,0.0200,0.0200,0.0200,0.0400,0.0400,0.0400,0.0400,0.00,330883.00
KXNHL-26-DET,1770278400,0.0200,0.0200,0.0200,0.0200,0.0400,0.0400,0.0400,0.0400,0.00,330883.00
KXNHL-26-DET,1770285600,0.0200,0.0200,0.0200,0.0200,0.0400,0.0400,0.0400,0.0400,0.00,330883.00
KXNHL-26-DET,1770289200,0.0200,0.0200,0.0200,0.0200,0.0400,0.0400,0.0400,0.0400,0.00,330883.00
KXNHL-26-DET,1770292800,0.0200,0.0200,0.0200,0.0200,0.0400,0.0400,0.0400,0.0400,0.00,330883.00
KXNHL-26-DET,1770296400,0.0200,0.0200,0.0200,0.0200,0.0400,0.0400,0.0400,0.0400,0.00,330883.00
KXNHL-26-DET,1770300000,0.0200,0.0200,0.0200,0.0200,0.0400,0.0400,0.0400,0.0400,0.00,330883.00
KXNHL-26-DET,1770303600,0.0200,0.0200,0.0200,0.0200,0.0400,0.0400,0.0400,0.0400,25.00,330908.00
KXNHL-26-DET,1770307200,0.0200,0.0200,0.0200,0.0200,0.0400,0.0400,0.0400,0.0400,0.00,330908.00
KXNHL-26-DET,1770310800,0.0200,0.0200,0.0200,0.0200,0.0400,0.0400,0.0400,0.0400,443.00,331025.00
KXNHL-26-DET,1770314400,0.0200,0.0200,0.0200,0.0200,0.0400,0.0400,0.0300,0.0300,0.00,331025.00
KXNHL-26-DET,1770318000,0.0200,0.0200,0.0200,0.0200,0.0300,0.0300,0.0300,0.0300,0.00,331025.00
KXNHL-26-DET,1770321600,0.0200,0.0200,0.0200,0.0200,0.0300,0.0300,0.0300,0.0300,93.00,331118.00
KXNHL-26-DET,1770325200,0.0200,0.0200,0.0200,0.0200,0.0300,0.0300,0.0300,0.0300,0.00,331118.00
KXNHL-26-DET,1770328800,0.0200,0.0200,0.0200,0.0200,0.0300,0.0300,0.0300,0.0300,0.00,331118.00
KXNHL-26-DET,1770332400,0.0200,0.0200,0.0200,0.0200,0.0300,0.0300,0.0300,0.0300,0.00,331118.00
KXNHL-26-DET,1770336000,0.0200,0.0200,0.0200,0.0200,0.0300,0.0300,0.0300,0.0300,0.00,331118.00
KXNHL-26-DET,1770339600,0.0200,0.0200,0.0200,0.0200,0.0300,0.0300,0.0300,0.0300,31.00,331149.00
KXNHL-26-DET,1770343200,0.0200,0.0200,0.0200,0.0200,0.0300,0.0300,0.0300,0.0300,249.00,331398.00
KXNHL-26-DET,1770346800,0.0200,0.0200,0.0200,0.0200,0.0300,0.0300,0.0300,0.0300,93.00,331398.00
KXNHL-26-DET,1770350400,0.0200,0.0200,0.0200,0.0200,0.0300,0.0300,0.0300,0.0300,624.00,332022.00
KXNHL-26-DET,1770354000,0.0200,0.0200,0.0200,0.0200,0.0300,0.0300,0.0300,0.0300,0.00,332022.00
KXNHL-26-DET,1770357600,0.0200,0.0200,0.0200,0.0200,0.0300,0.0300,0.0300,0.0300,0.00,332022.00
KXNHL-26-DET,1770361200,0.0200,0.0200,0.0200,0.0200,0.0300,0.0300,0.0300,0.0300,0.00,332022.00
KXNHL-26-DET,1770364800,0.0200,0.0200,0.0200,0.0200,0.0300,0.0300,0.0300,0.0300,0.00,332022.00
KXNHL-26-DET,1770368400,0.0200,0.0200,0.0200,0.0200,0.0300,0.0300,0.0300,0.0300,0.00,332022.00
KXNHL-26-DET,1770372000,0.0200,0.0200,0.0200,0.0200,0.0300,0.0300,0.0300,0.0300,0.00,332022.00
KXNHL-26-DET,1770375600,0.0200,0.0200,0.0200,0.0200,0.0300,0.0300,0.0300,0.0300,0.00,332022.00
KXNHL-26-DET,1770379200,0.0200,0.0200,0.0200,0.0200,0.0300,0.0300,0.0300,0.0300,0.00,332022.00
KXNHL-26-DET,1770382800,0.0200,0.0200,0.0200,0.0200,0.0300,0.0300,0.0300,0.0300,0.00,332022.00
KXNHL-26-DET,1770386400,0.0200,0.0200,0.0200,0.0200,0.0300,0.0300,0.0300,0.0300,0.00,332022.00
KXNHL-26-DET,1770390000,0.0200,0.0200,0.0200,0.0200,0.0300,0.0300,0.0300,0.0300,0.00,332022.00
KXNHL-26-DET,1770393600,0.0200,0.0200,0.0200,0.0200,0.0300,0.0300,0.0300,0.0300,0.00,332022.00
KXNHL-26-DET,1770397200,0.0200,0.0200,0.0200,0.0200,0.0300,0.0300,0.0300,0.0300,0.00,332022.00
KXNHL-26-DET,1770400800,0.0200,0.0200,0.0200,0.0200,0.0300,0.0300,0.0300,0.0300,0.00,332022.00
KXNHL-26-DET,1770404400,0.0200,0.0200,0.0200,0.0200,0.0300,0.0300,0.0300,0.0300,0.00,332022.00
KXNHL-26-DET,1770408000,0.0200,0.0200,0.0200,0.0200,0.0300,0.0300,0.0300,0.0300,40.00,332062.00
KXNHL-26-DET,1770411600,0.0200,0.0200,0.0200,0.0200,0.0300,0.0300,0.0300,0.0300,0.00,332062.00
KXNHL-26-DET,1770415200,0.0200,0.0200,0.0200,0.0200,0.0300,0.0300,0.0300,0.0300,0.00,332062.00
KXNHL-26-DET,1770418800,0.0200,0.0200,0.0200,0.0200,0.0300,0.0300,0.0300,0.0300,31.00,332093.00
KXNHL-26-DET,1770422400,0.0200,0.0200,0.0200,0.0200,0.0300,0.0300,0.0300,0.0300,0.00,332093.00
KXNHL-26-DET,1770426000,0.0200,0.0200,0.0200,0.0200,0.0300,0.0300,0.0300,0.0300,624.00,332717.00
KXNHL-26-DET,1770429600,0.0200,0.0200,0.0200,0.0200,0.0300,0.0300,0.0300,0.0300,0.00,332717.00
KXNHL-26-DET,1770433200,0.0200,0.0200,0.0200,0.0200,0.0300,0.0300,0.0300,0.0300,0.00,332717.00
KXNHL-26-DET,1770436800,0.0200,0.0200,0.0200,0.0200,0.0300,0.0300,0.0300,0.0300,0.00,332717.00
KXNHL-26-DET,1770440400,0.0200,0.0200,0.0200,0.0200,0.0300,0.0300,0.0300,0.0300,100.00,332817.00
KXNHL-26-DET,1770444000,0.0200,0.0200,0.0200,0.0200,0.0300,0.0300,0.0300,0.0300,0.00,332817.00
KXNHL-26-DET,1770447600,0.0200,0.0200,0.0200,0.0200,0.0300,0.0300,0.0300,0.0300,0.00,332817.00
KXNHL-26-DET,1770451200,0.0200,0.0200,0.0200,0.0200,0.0300,0.0300,0.0300,0.0300,0.00,332817.00
KXNHL-26-DET,1770454800,0.0200,0.0200,0.0200,0.0200,0.0300,0.0300,0.0300,0.0300,0.00,332817.00
KXNHL-26-DET,1770458400,0.0200,0.0200,0.0200,0.0200,0.0300,0.0300,0.0300,0.0300,0.00,332817.00
KXNHL-26-DET,1770462000,0.0200,0.0200,0.0200,0.0200,0.0300,0.0300,0.0300,0.0300,0.00,332817.00
KXNHL-26-DET,1770465600,0.0200,0.0200,0.0200,0.0200,0.0300,0.0300,0.0300,0.0300,0.00,332817.00
KXNHL-26-DET,1770469200,0.0200,0.0200,0.0200,0.0200,0.0300,0.0300,0.0300,0.0300,0.00,332817.00
KXNHL-26-DET,1770472800,0.0200,0.0200,0.0200,0.0200,0.0300,0.0300,0.0300,0.0300,0.00,332817.00
KXNHL-26-DET,1770476400,0.0200,0.0200,0.0200,0.0200,0.0300,0.0300,0.0300,0.0300,0.00,332817.00
KXNHL-26-DET,1770480000,0.0200,0.0200,0.0200,0.0200,0.0300,0.0300,0.0300,0.0300,3.00,332820.00
KXNHL-26-DET,1770483600,0.0200,0.0200,0.0200,0.0200,0.0300,0.0300,0.0300,0.0300,0.00,332820.00
KXNHL-26-DET,1770487200,0.0200,0.0200,0.0200,0.0200,0.0300,0.0300,0.0300,0.0300,0.00,332820.00
KXNHL-26-DET,1770490800,0.0200,0.0200,0.0200,0.0200,0.0300,0.0300,0.0300,0.0300,0.00,332820.00
KXNHL-26-DET,1770494400,0.0200,0.0200,0.0200,0.0200,0.0300,0.0300,0.0300,0.0300,0.00,332820.00
KXNHL-26-DET,1770498000,0.0200,0.0200,0.0200,0.0200,0.0300,0.0300,0.0300,0.0300,0.00,332820.00
KXNHL-26-DET,1770501600,0.0200,0.0200,0.0200,0.0200,0.0300,0.0300,0.0300,0.0300,0.00,332820.00
KXNHL-26-DET,1770505200,0.0200,0.0200,0.0200,0.0200,0.0300,0.0300,0.0300,0.0300,100.00,332920.00
KXNHL-26-DET,1770508800,0.0200,0.0200,0.0200,0.0200,0.0300,0.0300,0.0300,0.0300,0.00,332920.00
KXNHL-26-DET,1770512400,0.0200,0.0200,0.0200,0.0200,0.0300,0.0300,0.0300,0.0300,0.00,332920.00
KXNHL-26-DET,1770516000,0.0200,0.0200,0.0200,0.0200,0.0300,0.0300,0.0300,0.0300,0.00,332920.00
KXNHL-26-DET,1770519600,0.0200,0.0200,0.0200,0.0200,0.0300,0.0300,0.0300,0.0300,0.00,332920.00
KXNHL-26-DET,1770523200,0.0200,0.0200,0.0200,0.0200,0.0300,0.0300,0.0300,0.0300,0.00,332920.00
KXNHL-26-DET,1770526800,0.0200,0.0200,0.0200,0.0200,0.0300,0.0300,0.0300,0.0300,0.00,332920.00
KXNHL-26-DET,1770530400,0.0200,0.0200,0.0200,0.0200,0.0300,0.0300,0.0300,0.0300,0.00,332920.00
KXNHL-26-DET,1770534000,0.0200,0.0200,0.0200,0.0200,0.0300,0.0300,0.0300,0.0300,0.00,332920.00
KXNHL-26-DET,1770537600,0.0200,0.0200,0.0200,0.0200,0.0300,0.0300,0.0300,0.0300,0.00,332920.00
KXNHL-26-DET,1770541200,0.0200,0.0200,0.0200,0.0200,0.0300,0.0300,0.0300,0.0300,0.00,332920.00
KXNHL-26-DET,1770544800,0.0200,0.0200,0.0200,0.0200,0.0300,0.0300,0.0300,0.0300,0.00,332920.00
KXNHL-26-DET,1770548400,0.0200,0.0200,0.0200,0.0200,0.0300,0.0300,0.0300,0.0300,0.00,332920.00
KXNHL-26-DET,1770552000,0.0200,0.0200,0.0200,0.0200,0.0300,0.0300,0.0300,0.0300,312.00,333232.00
KXNHL-26-DET,1770555600,0.0200,0.0200,0.0200,0.0200,0.0300,0.0300,0.0300,0.0300,0.00,333232.00
KXNHL-26-DET,1770559200,0.0200,0.0200,0.0200,0.0200,0.0300,0.0300,0.0300,0.0300,0.00,333232.00
KXNHL-26-DET,1770562800,0.0200,0.0200,0.0200,0.0200,0.0300,0.0300,0.0300,0.0300,0.00,333232.00
KXNHL-26-DET,1770566400,0.0200,0.0200,0.0200,0.0200,0.0300,0.0300,0.0300,0.0300,0.00,333232.00
KXNHL-26-DET,1770570000,0.0200,0.0200,0.0200,0.0200,0.0300,0.0300,0.0300,0.0300,0.00,333232.00
KXNHL-26-DET,1770573600,0.0200,0.0200,0.0200,0.0200,0.0300,0.0300,0.0300,0.0300,0.00,333232.00
KXNHL-26-DET,1770577200,0.0200,0.0200,0.0200,0.0200,0.0300,0.0300,0.0300,0.0300,0.00,333232.00
KXNHL-26-DET,1770580800,0.0200,0.0200,0.0200,0.0200,0.0300,0.0300,0.0300,0.0300,0.00,333232.00
KXNHL-26-DET,1770584400,0.0200,0.0200,0.0200,0.0200,0.0300,0.0300,0.0300,0.0300,0.00,333232.00
KXNHL-26-DET,1770588000,0.0200,0.0200,0.0200,0.0200,0.0300,0.0300,0.0300,0.0300,0.00,333232.00
KXNHL-26-DET,1770591600,0.0200,0.0200,0.0200,0.0200,0.0300,0.0300,0.0300,0.0300,0.00,333232.00
KXNHL-26-DET,1770595200,0.0200,0.0200,0.0200,0.0200,0.0300,0.0300,0.0300,0.0300,234.00,333232.00
KXNHL-26-DET,1770598800,0.0200,0.0200,0.0200,0.0200,0.0300,0.0300,0.0300,0.0300,156.00,333232.00
KXNHL-26-DET,1770602400,0.0200,0.0200,0.0200,0.0200,0.0300,0.0300,0.0300,0.0300,0.00,333232.00
KXNHL-26-DET,1770606000,0.0200,0.0200,0.0200,0.0200,0.0300,0.0300,0.0300,0.0300,124.00,333294.00
KXNHL-26-DET,1770609600,0.0200,0.0200,0.0200,0.0200,0.0300,0.0300,0.0300,0.0300,146.00,333440.00
KXNHL-26-DET,1770613200,0.0200,0.0200,0.0200,0.0200,0.0300,0.0300,0.0300,0.0300,46.00,333440.00
KXNHL-26-DET,1770616800,0.0200,0.0200,0.0200,0.0200,0.0300,0.0300,0.0300,0.0300,0.00,333440.00
KXNHL-26-DET,1770620400,0.0200,0.0200,0.0200,0.0200,0.0300,0.0300,0.0300,0.0300,803.00,334243.00
KXNHL-26-DET,1770624000,0.0200,0.0200,0.0200,0.0200,0.0300,0.0300,0.0300,0.0300,0.00,334243.00
KXNHL-26-DET,1770627600,0.0200,0.0200,0.0200,0.0200,0.0300,0.0300,0.0300,0.0300,0.00,334243.00
KXNHL-26-DET,1770631200,0.0200,0.0200,0.0200,0.0200,0.0300,0.0300,0.0300,0.0300,0.00,334243.00
KXNHL-26-DET,1770634800,0.0200,0.0200,0.0200,0.0200,0.0300,0.0300,0.0300,0.0300,0.00,334243.00
KXNHL-26-DET,1770638400,0.0200,0.0200,0.0200,0.0200,0.0300,0.0300,0.0300,0.0300,0.00,334243.00
KXNHL-26-DET,1770642000,0.0200,0.0200,0.0200,0.0200,0.0300,0.0300,0.0300,0.0300,1685.00,335928.00
KXNHL-26-DET,1770645600,0.0200,0.0200,0.0200,0.0200,0.0300,0.0300,0.0300,0.0300,156.00,336084.00
KXNHL-26-DET,1770649200,0.0200,0.0200,0.0200,0.0200,0.0300,0.0300,0.0300,0.0300,100.00,336184.00
KXNHL-26-DET,1770652800,0.0200,0.0200,0.0200,0.0200,0.0300,0.0300,0.0300,0.0300,648.00,336832.00
KXNHL-26-DET,1770656400,0.0200,0.0200,0.0200,0.0200,0.0300,0.0300,0.0300,0.0300,0.00,336832.00
KXNHL-26-DET,1770660000,0.0200,0.0200,0.0200,0.0200,0.0300,0.0300,0.0300,0.0300,0.00,336832.00
KXNHL-26-DET,1770663600,0.0200,0.0200,0.0200,0.0200,0.0300,0.0300,0.0300,0.0300,0.00,336832.00
KXNHL-26-DET,1770674400,0.0200,0.0200,0.0200,0.0200,0.0300,0.0300,0.0300,0.0300,126.00,336958.00
KXNHL-26-DET,1770681600,0.0200,0.0200,0.0200,0.0200,0.0300,0.0300,0.0300,0.0300,20.00,336978.00
KXNHL-26-DET,1770688800,0.0200,0.0200,0.0200,0.0200,0.0300,0.0300,0.0300,0.0300,312.00,337290.00
KXNHL-26-DET,1770696000,0.0200,0.0200,0.0200,0.0200,0.0300,0.0300,0.0300,0.0300,312.00,337602.00
KXNHL-26-DET,1770699600,0.0200,0.0200,0.0200,0.0200,0.0300,0.0300,0.0300,0.0300,1093.00,338695.00
KXNHL-26-DET,1770703200,0.0200,0.0200,0.0200,0.0200,0.0300,0.0300,0.0300,0.0300,156.00,338851.00
KXNHL-26-DET,1770706800,0.0200,0.0200,0.0200,0.0200,0.0300,0.0300,0.0300,0.0300,4958.00,338822.00
KXNHL-26-DET,1770710400,0.0200,0.0200,0.0200,0.0200,0.0300,0.0300,0.0300,0.0300,680.00,339502.00
KXNHL-26-DET,1770724800,0.0200,0.0200,0.0200,0.0200,0.0300,0.0300,0.0300,0.0300,312.00,339814.00
KXNHL-26-DET,1770728400,0.0200,0.0200,0.0200,0.0200,0.0300,0.0300,0.0300,0.0300,31.00,339845.00
KXNHL-26-DET,1770742800,0.0200,0.0200,0.0200,0.0200,0.0300,0.0300,0.0300,0.0300,156.00,340001.00
KXNHL-26-DET,1770753600,0.0200,0.0200,0.0200,0.0200,0.0300,0.0300,0.0300,0.0300,624.00,340625.00
KXNHL-26-DET,1770757200,0.0200,0.0200,0.0200,0.0200,0.0300,0.0300,0.0300,0.0300,114.00,340739.00
KXNHL-26-DET,1770760800,0.0200,0.0200,0.0200,0.0200,0.0300,0.0300,0.0300,0.0300,46.00,340770.00
KXNHL-26-DET,1770768000,0.0200,0.0200,0.0200,0.0200,0.0300,0.0300,0.0300,0.0300,312.00,341082.00
KXNHL-26-DET,1770771600,0.0200,0.0200,0.0200,0.0200,0.0300,0.0300,0.0300,0.0300,100.00,341182.00
KXNHL-26-DET,1770782400,0.0200,0.0200,0.0200,0.0200,0.0300,0.0300,0.0300,0.0300,93.00,341275.00
KXNHL-26-DET,1770786000,0.0200,0.0200,0.0200,0.0200,0.0300,0.0300,0.0300,0.0300,780.00,342055.00
KXNHL-26-DET,1770825600,0.0200,0.0200,0.0200,0.0200,0.0300,0.0300,0.0300,0.0300,62.00,342117.00
KXNHL-26-DET,1770832800,0.0200,0.0200,0.0200,0.0200,0.0300,0.0300,0.0300,0.0300,350.00,342217.00
KXNHL-26-DET,1770861600,0.0200,0.0200,0.0200,0.0200,0.0300,0.0300,0.0300,0.0300,427.00,342644.00
KXNHL-26-DET,1770890400,0.0200,0.0200,0.0200,0.0200,0.0300,0.0300,0.0300,0.0300,0.00,342644.00
KXNHL-26-DET,1770904800,0.0200,0.0200,0.0200,0.0200,0.0300,0.0300,0.0300,0.0300,14.00,342658.00
KXNHL-26-DET,1770912000,0.0200,0.0200,0.0200,0.0200,0.0300,0.0300,0.0300,0.0300,100.00,342758.00
KXNHL-26-DET,1770915600,0.0200,0.0200,0.0200,0.0200,0.0300,0.0300,0.0300,0.0300,312.00,342758.00
KXNHL-26-DET,1770922800,0.0200,0.0200,0.0200,0.0200,0.0300,0.0300,0.0300,0.0300,62.00,342820.00
KXNHL-26-DET,1770926400,0.0200,0.0200,0.0200,0.0200,0.0300,0.0300,0.0300,0.0300,31.00,342851.00
KXNHL-26-DET,1770937200,0.0200,0.0200,0.0200,0.0200,0.0300,0.0300,0.0300,0.0300,0.00,342851.00
KXNHL-26-DET,1770940800,0.0200,0.0200,0.0200,0.0200,0.0300,0.0300,0.0300,0.0300,0.00,342851.00
KXNHL-26-DET,1770951600,0.0200,0.0200,0.0200,0.0200,0.0300,0.0300,0.0300,0.0300,322.00,343173.00
KXNHL-26-DET,1770958800,0.0200,0.0200,0.0200,0.0200,0.0300,0.0300,0.0300,0.0300,0.00,343173.00
KXNHL-26-DET,1770962400,0.0200,0.0200,0.0200,0.0200,0.0300,0.0300,0.0300,0.0300,624.00,343797.00
KXNHL-26-DET,1770966000,0.0200,0.0200,0.0200,0.0200,0.0300,0.0300,0.0300,0.0300,0.00,343797.00
KXNHL-26-DET,1771002000,0.0200,0.0200,0.0200,0.0200,0.0300,0.0300,0.0300,0.0300,0.00,343797.00
KXNHL-26-DET,1771009200,0.0200,0.0200,0.0200,0.0200,0.0300,0.0300,0.0300,0.0300,0.00,343797.00
KXNHL-26-DET,1771012800,0.0200,0.0200,0.0200,0.0200,0.0300,0.0300,0.0300,0.0300,0.00,343797.00
KXNHL-26-DET,1771016400,0.0200,0.0200,0.0200,0.0200,0.0300,0.0300,0.0300,0.0300,156.00,343953.00
KXNHL-26-DET,1771020000,0.0200,0.0200,0.0200,0.0200,0.0300,0.0300,0.0300,0.0300,156.00,344109.00
KXNHL-26-DET,1771027200,0.0200,0.0200,0.0200,0.0200,0.0300,0.0300,0.0300,0.0300,0.00,344109.00
KXNHL-26-DET,1771030800,0.0200,0.0200,0.0200,0.0200,0.0300,0.0300,0.0300,0.0300,11.00,344120.00
KXNHL-26-DET,1771034400,0.0200,0.0200,0.0200,0.0200,0.0300,0.0300,0.0300,0.0300,0.00,344120.00
KXNHL-26-DET,1771038000,0.0200,0.0200,0.0200,0.0200,0.0300,0.0300,0.0300,0.0300,60.00,344180.00
KXNHL-26-DET,1771041600,0.0200,0.0200,0.0200,0.0200,0.0300,0.0300,0.0300,0.0300,468.00,344648.00
KXNHL-26-DET,1771045200,0.0200,0.0200,0.0200,0.0200,0.0300,0.0300,0.0300,0.0300,561.00,344741.00
KXNHL-26-DET,1771052400,0.0200,0.0200,0.0200,0.0200,0.0300,0.0300,0.0300,0.0300,0.00,344741.00
KXNHL-26-DET,1771124400,0.0200,0.0200,0.0100,0.0100,0.0300,0.0300,0.0300,0.0300,240.00,344955.00
KXNHL-26-DET,1771128000,0.0100,0.0100,0.0100,0.0100,0.0300,0.0300,0.0300,0.0300,0.00,344955.00
KXNHL-26-DET,1771131600,0.0100,0.0100,0.0100,0.0100,0.0300,0.0300,0.0300,0.0300,0.00,344955.00
KXNHL-26-DET,1771135200,0.0100,0.0100,0.0100,0.0100,0.0300,0.0300,0.0300,0.0300,59.00,345014.00
KXNHL-26-DET,1771138800,0.0100,0.0100,0.0100,0.0100,0.0300,0.0300,0.0300,0.0300,0.00,345014.00
KXNHL-26-DET,1771164000,0.0100,0.0100,0.0100,0.0100,0.0300,0.0300,0.0300,0.0300,1560.00,346574.00
KXNHL-26-DET,1771171200,0.0100,0.0100,0.0100,0.0100,0.0300,0.0300,0.0300,0.0300,0.00,346574.00
KXNHL-26-DET,1771174800,0.0100,0.0100,0.0100,0.0100,0.0300,0.0300,0.0300,0.0300,0.00,346574.00
KXNHL-26-DET,1771178400,0.0100,0.0100,0.0100,0.0100,0.0300,0.0300,0.0300,0.0300,0.00,346574.00
KXNHL-26-DET,1771182000,0.0100,0.0100,0.0100,0.0100,0.0300,0.0300,0.0300,0.0300,0.00,346574.00
KXNHL-26-DET,1771185600,0.0100,0.0100,0.0100,0.0100,0.0300,0.0300,0.0300,0.0300,0.00,346574.00
KXNHL-26-DET,1771189200,0.0100,0.0100,0.0100,0.0100,0.0300,0.0300,0.0300,0.0300,0.00,346574.00
KXNHL-26-DET,1771192800,0.0100,0.0100,0.0100,0.0100,0.0300,0.0300,0.0300,0.0300,0.00,346574.00
KXNHL-26-DET,1771196400,0.0100,0.0100,0.0100,0.0100,0.0300,0.0300,0.0300,0.0300,0.00,346574.00
KXNHL-26-DET,1771200000,0.0100,0.0100,0.0100,0.0100,0.0300,0.0300,0.0300,0.0300,0.00,346574.00
KXNHL-26-DET,1771203600,0.0100,0.0100,0.0100,0.0100,0.0300,0.0300,0.0300,0.0300,0.00,346574.00
KXNHL-26-DET,1771207200,0.0100,0.0100,0.0100,0.0100,0.0300,0.0300,0.0300,0.0300,0.00,346574.00
KXNHL-26-DET,1771210800,0.0100,0.0100,0.0100,0.0100,0.0300,0.0300,0.0300,0.0300,0.00,346574.00
KXNHL-26-DET,1771214400,0.0100,0.0100,0.0100,0.0100,0.0300,0.0300,0.0300,0.0300,0.00,346574.00
KXNHL-26-DET,1771218000,0.0100,0.0100,0.0100,0.0100,0.0300,0.0300,0.0300,0.0300,0.00,346574.00
KXNHL-26-DET,1771221600,0.0100,0.0100,0.0100,0.0100,0.0300,0.0300,0.0300,0.0300,59.00,346515.00
KXNHL-26-DET,1771225200,0.0100,0.0100,0.0100,0.0100,0.0300,0.0300,0.0300,0.0300,0.00,346515.00
KXNHL-26-DET,1771228800,0.0100,0.0100,0.0100,0.0100,0.0300,0.0300,0.0300,0.0300,0.00,346515.00
KXNHL-26-DET,1771232400,0.0100,0.0100,0.0100,0.0100,0.0300,0.0300,0.0300,0.0300,0.00,346515.00
KXNHL-26-DET,1771236000,0.0100,0.0100,0.0100,0.0100,0.0300,0.0300,0.0300,0.0300,0.00,346515.00
KXNHL-26-DET,1771239600,0.0100,0.0100,0.0100,0.0100,0.0300,0.0300,0.0300,0.0300,0.00,346515.00
KXNHL-26-DET,1771243200,0.0100,0.0100,0.0100,0.0100,0.0300,0.0300,0.0300,0.0300,62.00,346577.00
KXNHL-26-DET,1771246800,0.0100,0.0100,0.0100,0.0100,0.0300,0.0300,0.0300,0.0300,0.00,346577.00
KXNHL-26-DET,1771250400,0.0100,0.0100,0.0100,0.0100,0.0300,0.0300,0.0300,0.0300,0.00,346577.00
KXNHL-26-DET,1771254000,0.0100,0.0100,0.0100,0.0100,0.0300,0.0300,0.0300,0.0300,0.00,346577.00
KXNHL-26-DET,1771257600,0.0100,0.0100,0.0100,0.0100,0.0300,0.0300,0.0300,0.0300,0.00,346577.00
KXNHL-26-DET,1771261200,0.0100,0.0100,0.0100,0.0100,0.0300,0.0300,0.0300,0.0300,0.00,346577.00
KXNHL-26-DET,1771264800,0.0100,0.0100,0.0100,0.0100,0.0300,0.0300,0.0300,0.0300,0.00,346577.00
KXNHL-26-DET,1771268400,0.0100,0.0100,0.0100,0.0100,0.0300,0.0300,0.0300,0.0300,0.00,346577.00
KXNHL-26-DET,1771282800,0.0100,0.0100,0.0100,0.0100,0.0300,0.0300,0.0300,0.0300,0.00,346577.00
KXNHL-26-DET,1771286400,0.0100,0.0100,0.0100,0.0100,0.0300,0.0300,0.0300,0.0300,0.00,346577.00
KXNHL-26-DET,1771290000,0.0100,0.0100,0.0100,0.0100,0.0300,0.0300,0.0300,0.0300,4.00,346581.00
KXNHL-26-DET,1771293600,0.0100,0.0100,0.0100,0.0100,0.0300,0.0300,0.0300,0.0300,156.00,346737.00
KXNHL-26-DET,1771300800,0.0100,0.0100,0.0100,0.0100,0.0300,0.0300,0.0300,0.0300,0.00,346737.00
KXNHL-26-DET,1771304400,0.0100,0.0100,0.0100,0.0100,0.0300,0.0300,0.0300,0.0300,0.00,346737.00
KXNHL-26-DET,1771315200,0.0100,0.0100,0.0100,0.0100,0.0300,0.0300,0.0300,0.0300,0.00,346737.00
KXNHL-26-DET,1771318800,0.0100,0.0100,0.0100,0.0100,0.0300,0.0300,0.0300,0.0300,0.00,346737.00
KXNHL-26-DET,1771322400,0.0100,0.0100,0.0100,0.0100,0.0300,0.0300,0.0300,0.0300,0.00,346737.00
KXNHL-26-DET,1771326000,0.0100,0.0100,0.0100,0.0100,0.0300,0.0300,0.0300,0.0300,0.00,346737.00
KXNHL-26-DET,1771329600,0.0100,0.0100,0.0100,0.0100,0.0300,0.0300,0.0300,0.0300,0.00,346737.00
KXNHL-26-DET,1771333200,0.0100,0.0100,0.0100,0.0100,0.0300,0.0300,0.0300,0.0300,0.00,346737.00
KXNHL-26-DET,1771347600,0.0100,0.0100,0.0100,0.0100,0.0300,0.0300,0.0200,0.0200,0.00,346737.00
KXNHL-26-DET,1771362000,0.0100,0.0100,0.0100,0.0100,0.0200,0.0200,0.0200,0.0200,0.00,346737.00
KXNHL-26-DET,1771372800,0.0100,0.0100,0.0100,0.0100,0.0200,0.0200,0.0200,0.0200,584.00,346620.00
KXNHL-26-DET,1771376400,0.0100,0.0100,0.0100,0.0100,0.0200,0.0200,0.0200,0.0200,0.00,346620.00
KXNHL-26-DET,1771380000,0.0100,0.0100,0.0100,0.0100,0.0200,0.0200,0.0200,0.0200,100.00,346620.00
KXNHL-26-DET,1771383600,0.0100,0.0100,0.0100,0.0100,0.0200,0.0200,0.0200,0.0200,100.00,346620.00
KXNHL-26-DET,1771387200,0.0100,0.0100,0.0100,0.0100,0.0200,0.0200,0.0200,0.0200,500.00,346620.00
KXNHL-26-DET,1771390800,0.0100,0.0100,0.0100,0.0100,0.0200,0.0200,0.0200,0.0200,46.00,346620.00
KXNHL-26-DET,1771394400,0.0100,0.0100,0.0100,0.0100,0.0200,0.0200,0.0200,0.0200,0.00,346620.00
KXNHL-26-DET,1771398000,0.0100,0.0100,0.0100,0.0100,0.0200,0.0200,0.0200,0.0200,0.00,346620.00
KXNHL-26-DET,1771401600,0.0100,0.0100,0.0100,0.0100,0.0200,0.0200,0.0200,0.0200,12.00,346620.00
KXNHL-26-DET,1771405200,0.0100,0.0100,0.0100,0.0100,0.0200,0.0200,0.0200,0.0200,0.00,346620.00
KXNHL-26-DET,1771408800,0.0100,0.0100,0.0100,0.0100,0.0200,0.0200,0.0200,0.0200,0.00,346620.00
KXNHL-26-DET,1771412400,0.0100,0.0100,0.0100,0.0100,0.0200,0.0200,0.0200,0.0200,0.00,346620.00
KXNHL-26-DET,1771416000,0.0100,0.0100,0.0100,0.0100,0.0200,0.0200,0.0200,0.0200,0.00,346620.00
KXNHL-26-DET,1771419600,0.0100,0.0100,0.0100,0.0100,0.0200,0.0200,0.0200,0.0200,0.00,346620.00
KXNHL-26-DET,1771423200,0.0100,0.0100,0.0100,0.0100,0.0200,0.0200,0.0200,0.0200,0.00,346620.00
KXNHL-26-DET,1771426800,0.0100,0.0100,0.0100,0.0100,0.0200,0.0200,0.0200,0.0200,0.00,346620.00
KXNHL-26-DET,1771430400,0.0100,0.0100,0.0100,0.0100,0.0200,0.0200,0.0200,0.0200,0.00,346620.00
KXNHL-26-DET,1771434000,0.0100,0.0100,0.0100,0.0100,0.0200,0.0200,0.0200,0.0200,0.00,346620.00
KXNHL-26-DET,1771437600,0.0100,0.0100,0.0100,0.0100,0.0200,0.0200,0.0200,0.0200,0.00,346620.00
KXNHL-26-DET,1771441200,0.0100,0.0100,0.0100,0.0100,0.0200,0.0200,0.0200,0.0200,0.00,346620.00
KXNHL-26-DET,1771444800,0.0100,0.0100,0.0100,0.0100,0.0200,0.0200,0.0200,0.0200,0.00,346620.00
KXNHL-26-DET,1771452000,0.0100,0.0100,0.0100,0.0100,0.0200,0.0200,0.0200,0.0200,4679.00,350964.00
KXNHL-26-DET,1771459200,0.0100,0.0100,0.0100,0.0100,0.0200,0.0200,0.0200,0.0200,0.00,350964.00
KXNHL-26-DET,1771462800,0.0100,0.0100,0.0100,0.0100,0.0200,0.0200,0.0200,0.0200,0.00,350964.00
KXNHL-26-DET,1771466400,0.0100,0.0100,0.0100,0.0100,0.0200,0.0200,0.0200,0.0200,0.00,350964.00
KXNHL-26-DET,1771470000,0.0100,0.0100,0.0100,0.0100,0.0200,0.0200,0.0200,0.0200,0.00,350964.00
KXNHL-26-DET,1771473600,0.0100,0.0100,0.0100,0.0100,0.0200,0.0200,0.0200,0.0200,0.00,350964.00
KXNHL-26-DET,1771477200,0.0100,0.0100,0.0100,0.0100,0.0200,0.0200,0.0200,0.0200,0.00,350964.00
KXNHL-26-DET,1771480800,0.0100,0.0100,0.0100,0.0100,0.0200,0.0200,0.0200,0.0200,0.00,350964.00
KXNHL-26-DET,1771484400,0.0100,0.0100,0.0100,0.0100,0.0200,0.0200,0.0200,0.0200,0.00,350964.00
KXNHL-26-DET,1771488000,0.0100,0.0100,0.0100,0.0100,0.0200,0.0200,0.0200,0.0200,0.00,350964.00
KXNHL-26-DET,1771498800,0.0100,0.0100,0.0100,0.0100,0.0200,0.0200,0.0200,0.0200,0.00,350964.00
KXNHL-26-DET,1771513200,0.0100,0.0100,0.0100,0.0100,0.0200,0.0200,0.0200,0.0200,100.00,351064.00
KXNHL-26-DET,1771516800,0.0100,0.0100,0.0100,0.0100,0.0200,0.0200,0.0200,0.0200,4679.00,355588.00
KXNHL-26-DET,1771520400,0.0100,0.0100,0.0100,0.0100,0.0200,0.0200,0.0200,0.0200,0.00,355588.00
KXNHL-26-DET,1771527600,0.0100,0.0100,0.0100,0.0100,0.0200,0.0200,0.0200,0.0200,0.00,355588.00
KXNHL-26-DET,1771531200,0.0100,0.0100,0.0100,0.0100,0.0200,0.0200,0.0200,0.0200,0.00,355588.00
KXNHL-26-DET,1771534800,0.0100,0.0100,0.0100,0.0100,0.0200,0.0200,0.0200,0.0200,0.00,355588.00
KXNHL-26-DET,1771538400,0.0100,0.0100,0.0100,0.0100,0.0200,0.0200,0.0200,0.0200,0.00,355588.00
KXNHL-26-DET,1771542000,0.0100,0.0100,0.0100,0.0100,0.0200,0.0200,0.0200,0.0200,0.00,355588.00
KXNHL-26-DET,1771549200,0.0100,0.0100,0.0100,0.0100,0.0200,0.0200,0.0200,0.0200,46.00,355634.00
KXNHL-26-DET,1771552800,0.0100,0.0100,0.0100,0.0100,0.0200,0.0200,0.0200,0.0200,0.00,355634.00
KXNHL-26-DET,1771556400,0.0100,0.0100,0.0100,0.0100,0.0200,0.0200,0.0200,0.0200,0.00,355634.00
KXNHL-26-DET,1771560000,0.0100,0.0100,0.0100,0.0100,0.0200,0.0200,0.0200,0.0200,0.00,355634.00
KXNHL-26-DET,1771563600,0.0100,0.0100,0.0100,0.0100,0.0200,0.0200,0.0200,0.0200,0.00,355634.00
KXNHL-26-DET,1771567200,0.0100,0.0100,0.0100,0.0100,0.0200,0.0200,0.0200,0.0200,0.00,355634.00
KXNHL-26-DET,1771570800,0.0100,0.0100,0.0100,0.0100,0.0200,0.0200,0.0200,0.0200,0.00,355634.00
KXNHL-26-DET,1771574400,0.0100,0.0200,0.0100,0.0200,0.0200,0.0300,0.0200,0.0300,200.00,355834.00
KXNHL-26-DET,1771578000,0.0200,0.0200,0.0200,0.0200,0.0300,0.0300,0.0300,0.0300,0.00,355834.00
KXNHL-26-DET,1771585200,0.0200,0.0200,0.0200,0.0200,0.0300,0.0300,0.0300,0.0300,0.00,355834.00
KXNHL-26-DET,1771588800,0.0200,0.0200,0.0200,0.0200,0.0300,0.0300,0.0300,0.0300,0.00,355834.00
KXNHL-26-DET,1771592400,0.0200,0.0200,0.0200,0.0200,0.0300,0.0300,0.0300,0.0300,0.00,355834.00
KXNHL-26-DET,1771596000,0.0200,0.0200,0.0200,0.0200,0.0300,0.0300,0.0300,0.0300,0.00,355834.00
KXNHL-26-DET,1771599600,0.0200,0.0200,0.0200,0.0200,0.0300,0.0300,0.0300,0.0300,0.00,355834.00
KXNHL-26-DET,1771603200,0.0200,0.0200,0.0200,0.0200,0.0300,0.0300,0.0300,0.0300,755.00,356589.00
KXNHL-26-DET,1771610400,0.0200,0.0200,0.0200,0.0200,0.0300,0.0300,0.0300,0.0300,0.00,356589.00
KXNHL-26-DET,1771614000,0.0200,0.0200,0.0200,0.0200,0.0300,0.0300,0.0300,0.0300,0.00,356589.00
KXNHL-26-DET,1771617600,0.0200,0.0200,0.0200,0.0200,0.0300,0.0300,0.0300,0.0300,0.00,356589.00
KXNHL-26-DET,1771621200,0.0200,0.0200,0.0200,0.0200,0.0300,0.0300,0.0300,0.0300,0.00,356589.00
KXNHL-26-DET,1771624800,0.0200,0.0200,0.0100,0.0200,0.0300,0.0300,0.0300,0.0300,0.00,356589.00
KXNHL-26-DET,1771635600,0.0200,0.0200,0.0200,0.0200,0.0300,0.0300,0.0300,0.0300,0.00,356589.00
KXNHL-26-DET,1771639200,0.0200,0.0200,0.0200,0.0200,0.0300,0.0300,0.0300,0.0300,0.00,356589.00
KXNHL-26-DET,1771642800,0.0200,0.0200,0.0200,0.0200,0.0300,0.0300,0.0300,0.0300,124.00,356713.00
KXNHL-26-DET,1771646400,0.0200,0.0200,0.0200,0.0200,0.0300,0.0300,0.0300,0.0300,31.00,356744.00
KXNHL-26-DET,1771650000,0.0200,0.0200,0.0200,0.0200,0.0300,0.0300,0.0300,0.0300,187.00,356931.00
KXNHL-26-DET,1771653600,0.0200,0.0200,0.0200,0.0200,0.0300,0.0300,0.0300,0.0300,249.00,357180.00
KXNHL-26-DET,1771657200,0.0200,0.0200,0.0200,0.0200,0.0300,0.0300,0.0300,0.0300,0.00,357180.00
KXNHL-26-DET,1771660800,0.0200,0.0200,0.0100,0.0100,0.0300,0.0300,0.0200,0.0200,0.00,357180.00
KXNHL-26-DET,1771664400,0.0100,0.0200,0.0100,0.0200,0.0200,0.0300,0.0200,0.0300,0.00,357180.00
KXNHL-26-DET,1771668000,0.0200,0.0200,0.0200,0.0200,0.0300,0.0300,0.0300,0.0300,0.00,357180.00
KXNHL-26-DET,1771671600,0.0200,0.0200,0.0200,0.0200,0.0300,0.0300,0.0300,0.0300,0.00,357180.00
KXNHL-26-DET,1771675200,0.0200,0.0200,0.0200,0.0200,0.0300,0.0300,0.0300,0.0300,0.00,357180.00
KXNHL-26-DET,1771678800,0.0200,0.0200,0.0200,0.0200,0.0300,0.0300,0.0300,0.0300,0.00,357180.00
KXNHL-26-DET,1771682400,0.0200,0.0200,0.0200,0.0200,0.0300,0.0300,0.0300,0.0300,0.00,357180.00
KXNHL-26-DET,1771689600,0.0200,0.0200,0.0200,0.0200,0.0300,0.0300,0.0300,0.0300,0.00,357180.00
KXNHL-26-DET,1771693200,0.0200,0.0200,0.0200,0.0200,0.0300,0.0300,0.0300,0.0300,100.00,357280.00
KXNHL-26-DET,1771696800,0.0200,0.0200,0.0200,0.0200,0.0300,0.0300,0.0300,0.0300,0.00,357280.00
KXNHL-26-DET,1771700400,0.0200,0.0200,0.0200,0.0200,0.0300,0.0300,0.0300,0.0300,0.00,357280.00
KXNHL-26-DET,1771704000,0.0200,0.0200,0.0100,0.0100,0.0300,0.0300,0.0200,0.0200,0.00,357280.00
KXNHL-26-DET,1771707600,0.0100,0.0100,0.0100,0.0100,0.0200,0.0200,0.0200,0.0200,0.00,357280.00
KXNHL-26-DET,1771711200,0.0100,0.0100,0.0100,0.0100,0.0200,0.0200,0.0200,0.0200,0.00,357280.00
KXNHL-26-DET,1771714800,0.0100,0.0100,0.0100,0.0100,0.0200,0.0200,0.0200,0.0200,0.00,357280.00
KXNHL-26-DET,1771718400,0.0100,0.0100,0.0100,0.0100,0.0200,0.0300,0.0200,0.0300,334.00,357614.00
KXNHL-26-DET,1771725600,0.0100,0.0100,0.0100,0.0100,0.0300,0.0300,0.0200,0.0200,0.00,357614.00
KXNHL-26-DET,1771729200,0.0100,0.0100,0.0100,0.0100,0.0200,0.0200,0.0200,0.0200,0.00,357614.00
KXNHL-26-DET,1771732800,0.0100,0.0100,0.0100,0.0100,0.0200,0.0200,0.0200,0.0200,0.00,357614.00
KXNHL-26-DET,1771736400,0.0100,0.0100,0.0100,0.0100,0.0200,0.0200,0.0200,0.0200,624.00,356990.00
KXNHL-26-DET,1771740000,0.0100,0.0100,0.0100,0.0100,0.0200,0.0200,0.0200,0.0200,0.00,356990.00
KXNHL-26-DET,1771743600,0.0100,0.0100,0.0100,0.0100,0.0200,0.0200,0.0200,0.0200,1125.00,358115.00
KXNHL-26-DET,1771747200,0.0100,0.0100,0.0100,0.0100,0.0200,0.0200,0.0200,0.0200,0.00,358115.00
KXNHL-26-DET,1771750800,0.0100,0.0100,0.0100,0.0100,0.0200,0.0200,0.0200,0.0200,0.00,358115.00
KXNHL-26-DET,1771754400,0.0100,0.0100,0.0100,0.0100,0.0200,0.0200,0.0200,0.0200,467.00,358582.00
KXNHL-26-DET,1771758000,0.0100,0.0100,0.0100,0.0100,0.0200,0.0200,0.0200,0.0200,0.00,358582.00
KXNHL-26-DET,1771761600,0.0100,0.0100,0.0100,0.0100,0.0200,0.0200,0.0200,0.0200,0.00,358582.00
KXNHL-26-DET,1771765200,0.0100,0.0100,0.0100,0.0100,0.0200,0.0200,0.0200,0.0200,0.00,358582.00
KXNHL-26-DET,1771768800,0.0100,0.0100,0.0100,0.0100,0.0200,0.0200,0.0200,0.0200,0.00,358582.00
KXNHL-26-DET,1771772400,0.0100,0.0100,0.0100,0.0100,0.0200,0.0200,0.0200,0.0200,121.00,358703.00
KXNHL-26-DET,1771776000,0.0100,0.0100,0.0100,0.0100,0.0200,0.0200,0.0200,0.0200,0.00,358703.00
KXNHL-26-DET,1771779600,0.0100,0.0100,0.0100,0.0100,0.0200,0.0200,0.0200,0.0200,0.00,358703.00
KXNHL-26-DET,1771783200,0.0100,0.0100,0.0100,0.0100,0.0200,0.0300,0.0200,0.0300,2824.00,361527.00
KXNHL-26-DET,1771786800,0.0100,0.0100,0.0100,0.0100,0.0300,0.0300,0.0300,0.0300,645.00,362172.00
KXNHL-26-DET,1771790400,0.0100,0.0100,0.0100,0.0100,0.0300,0.0300,0.0300,0.0300,0.00,362172.00
KXNHL-26-DET,1771794000,0.0100,0.0100,0.0100,0.0100,0.0300,0.0300,0.0300,0.0300,0.00,362172.00
KXNHL-26-DET,1771797600,0.0100,0.0100,0.0100,0.0100,0.0300,0.0300,0.0200,0.0200,0.00,362172.00
KXNHL-26-DET,1771801200,0.0100,0.0100,0.0100,0.0100,0.0200,0.0200,0.0200,0.0200,0.00,362172.00
KXNHL-26-DET,1771804800,0.0100,0.0100,0.0100,0.0100,0.0200,0.0300,0.0200,0.0300,0.00,362172.00
KXNHL-26-DET,1771808400,0.0100,0.0100,0.0100,0.0100,0.0300,0.0300,0.0200,0.0200,0.00,362172.00
KXNHL-26-DET,1771812000,0.0100,0.0200,0.0100,0.0200,0.0200,0.0300,0.0200,0.0300,9.00,362181.00
KXNHL-26-DET,1771815600,0.0200,0.0200,0.0200,0.0200,0.0300,0.0300,0.0300,0.0300,30.00,362211.00
KXNHL-26-DET,1771819200,0.0200,0.0200,0.0200,0.0200,0.0300,0.0300,0.0300,0.0300,0.00,362211.00
KXNHL-26-DET,1771822800,0.0200,0.0200,0.0200,0.0200,0.0300,0.0300,0.0300,0.0300,15.00,362226.00
KXNHL-26-DET,1771826400,0.0200,0.0200,0.0200,0.0200,0.0300,0.0300,0.0300,0.0300,31.00,362257.00
KXNHL-26-DET,1771830000,0.0200,0.0200,0.0200,0.0200,0.0300,0.0300,0.0300,0.0300,0.00,362257.00
KXNHL-26-DET,1771833600,0.0200,0.0200,0.0200,0.0200,0.0300,0.0300,0.0300,0.0300,0.00,362257.00
KXNHL-26-DET,1771837200,0.0200,0.0200,0.0200,0.0200,0.0300,0.0300,0.0300,0.0300,0.00,362257.00
KXNHL-26-DET,1771840800,0.0200,0.0200,0.0200,0.0200,0.0300,0.0300,0.0300,0.0300,0.00,362257.00
KXNHL-26-DET,1771844400,0.0200,0.0200,0.0200,0.0200,0.0300,0.0300,0.0300,0.0300,0.00,362257.00
KXNHL-26-DET,1771848000,0.0200,0.0200,0.0200,0.0200,0.0300,0.0300,0.0300,0.0300,0.00,362257.00
KXNHL-26-DET,1771851600,0.0200,0.0200,0.0200,0.0200,0.0300,0.0300,0.0300,0.0300,0.00,362257.00
KXNHL-26-DET,1771855200,0.0200,0.0200,0.0200,0.0200,0.0300,0.0300,0.0300,0.0300,93.00,362350.00
KXNHL-26-DET,1771866000,0.0200,0.0200,0.0200,0.0200,0.0300,0.0300,0.0300,0.0300,0.00,362350.00
KXNHL-26-DET,1771869600,0.0200,0.0200,0.0200,0.0200,0.0300,0.0300,0.0300,0.0300,0.00,362350.00
KXNHL-26-DET,1771873200,0.0200,0.0200,0.0200,0.0200,0.0300,0.0300,0.0300,0.0300,0.00,362350.00
KXNHL-26-DET,1771876800,0.0200,0.0200,0.0200,0.0200,0.0300,0.0300,0.0300,0.0300,0.00,362350.00
KXNHL-26-DET,1771880400,0.0200,0.0200,0.0200,0.0200,0.0300,0.0300,0.0300,0.0300,312.00,362662.00
KXNHL-26-DET,1771884000,0.0200,0.0200,0.0200,0.0200,0.0300,0.0300,0.0300,0.0300,7.00,362669.00
KXNHL-26-DET,1771887600,0.0200,0.0200,0.0200,0.0200,0.0300,0.0300,0.0300,0.0300,0.00,362669.00
KXNHL-26-DET,1771891200,0.0200,0.0200,0.0200,0.0200,0.0300,0.0300,0.0300,0.0300,0.00,362669.00
KXNHL-26-DET,1771894800,0.0200,0.0200,0.0200,0.0200,0.0300,0.0300,0.0300,0.0300,118.00,362669.00
KXNHL-26-DET,1771898400,0.0200,0.0200,0.0200,0.0200,0.0300,0.0300,0.0300,0.0300,0.00,362669.00
KXNHL-26-DET,1771902000,0.0200,0.0200,0.0200,0.0200,0.0300,0.0300,0.0300,0.0300,0.00,362669.00
KXNHL-26-DET,1771905600,0.0200,0.0200,0.0200,0.0200,0.0300,0.0300,0.0300,0.0300,0.00,362669.00
KXNHL-26-DET,1771909200,0.0200,0.0200,0.0200,0.0200,0.0300,0.0300,0.0300,0.0300,664.00,363333.00
KXNHL-26-DET,1771912800,0.0200,0.0200,0.0200,0.0200,0.0300,0.0300,0.0300,0.0300,0.00,363333.00
KXNHL-26-DET,1771916400,0.0200,0.0200,0.0200,0.0200,0.0300,0.0300,0.0300,0.0300,0.00,363333.00
KXNHL-26-DET,1771920000,0.0200,0.0200,0.0200,0.0200,0.0300,0.0300,0.0300,0.0300,0.00,363333.00
KXNHL-26-DET,1771923600,0.0200,0.0200,0.0200,0.0200,0.0300,0.0300,0.0300,0.0300,0.00,363333.00
KXNHL-26-DET,1771938000,0.0200,0.0200,0.0200,0.0200,0.0300,0.0300,0.0300,0.0300,0.00,363333.00
KXNHL-26-DET,1771941600,0.0200,0.0200,0.0200,0.0200,0.0300,0.0300,0.0300,0.0300,0.00,363333.00
KXNHL-26-DET,1771945200,0.0200,0.0200,0.0200,0.0200,0.0300,0.0300,0.0300,0.0300,327.00,363333.00
KXNHL-26-DET,1771948800,0.0200,0.0200,0.0200,0.0200,0.0300,0.0300,0.0300,0.0300,706.00,364039.00
KXNHL-26-DET,1771952400,0.0200,0.0200,0.0200,0.0200,0.0300,0.0300,0.0300,0.0300,0.00,364039.00
KXNHL-26-DET,1771956000,0.0200,0.0200,0.0200,0.0200,0.0300,0.0300,0.0300,0.0300,0.00,364039.00
KXNHL-26-DET,1771959600,0.0200,0.0200,0.0200,0.0200,0.0300,0.0300,0.0300,0.0300,0.00,364039.00
KXNHL-26-DET,1771963200,0.0200,0.0200,0.0200,0.0200,0.0300,0.0300,0.0300,0.0300,0.00,364039.00
KXNHL-26-DET,1771966800,0.0200,0.0200,0.0200,0.0200,0.0300,0.0300,0.0300,0.0300,0.00,364039.00
KXNHL-26-DET,1771970400,0.0200,0.0200,0.0200,0.0200,0.0300,0.0300,0.0300,0.0300,0.00,364039.00
KXNHL-26-DET,1771974000,0.0200,0.0200,0.0200,0.0200,0.0300,0.0300,0.0300,0.0300,0.00,364039.00
KXNHL-26-DET,1771977600,0.0200,0.0200,0.0200,0.0200,0.0300,0.0300,0.0300,0.0300,0.00,364039.00
KXNHL-26-DET,1771981200,0.0200,0.0200,0.0200,0.0200,0.0300,0.0300,0.0300,0.0300,0.00,364039.00
KXNHL-26-DET,1771984800,0.0200,0.0200,0.0200,0.0200,0.0300,0.0300,0.0300,0.0300,0.00,364039.00
KXNHL-26-DET,1771988400,0.0200,0.0200,0.0200,0.0200,0.0300,0.0300,0.0300,0.0300,0.00,364039.00
KXNHL-26-DET,1771992000,0.0200,0.0200,0.0200,0.0200,0.0300,0.0300,0.0300,0.0300,0.00,364039.00
KXNHL-26-DET,1771995600,0.0200,0.0200,0.0200,0.0200,0.0300,0.0300,0.0300,0.0300,0.00,364039.00
KXNHL-26-DET,1771999200,0.0200,0.0200,0.0200,0.0200,0.0300,0.0300,0.0300,0.0300,0.00,364039.00
KXNHL-26-DET,1772002800,0.0200,0.0200,0.0200,0.0200,0.0300,0.0300,0.0300,0.0300,0.00,364039.00
KXNHL-26-DET,1772006400,0.0200,0.0200,0.0200,0.0200,0.0300,0.0300,0.0300,0.0300,0.00,364039.00
KXNHL-26-DET,1772010000,0.0200,0.0200,0.0200,0.0200,0.0300,0.0300,0.0300,0.0300,0.00,364039.00
KXNHL-26-DET,1772013600,0.0200,0.0200,0.0200,0.0200,0.0300,0.0300,0.0300,0.0300,0.00,364039.00
KXNHL-26-DET,1772017200,0.0200,0.0200,0.0200,0.0200,0.0300,0.0300,0.0300,0.0300,0.00,364039.00
KXNHL-26-DET,1772028000,0.0200,0.0200,0.0200,0.0200,0.0300,0.0300,0.0300,0.0300,0.00,364039.00
KXNHL-26-DET,1772035200,0.0200,0.0200,0.0200,0.0200,0.0300,0.0300,0.0300,0.0300,156.00,364195.00
KXNHL-26-DET,1772038800,0.0200,0.0200,0.0200,0.0200,0.0300,0.0300,0.0300,0.0300,0.00,364195.00
KXNHL-26-DET,1772042400,0.0200,0.0200,0.0200,0.0200,0.0300,0.0300,0.0300,0.0300,234.00,364195.00
KXNHL-26-DET,1772046000,0.0200,0.0200,0.0200,0.0200,0.0300,0.0300,0.0300,0.0300,100.00,364295.00
KXNHL-26-DET,1772056800,0.0200,0.0200,0.0200,0.0200,0.0300,0.0300,0.0300,0.0300,0.00,364295.00
KXNHL-26-DET,1772060400,0.0200,0.0200,0.0200,0.0200,0.0300,0.0300,0.0300,0.0300,500.00,364795.00
KXNHL-26-DET,1772064000,0.0200,0.0200,0.0200,0.0200,0.0300,0.0300,0.0300,0.0300,0.00,364795.00
KXNHL-26-DET,1772067600,0.0200,0.0200,0.0200,0.0200,0.0300,0.0300,0.0300,0.0300,0.00,364795.00
KXNHL-26-DET,1772071200,0.0200,0.0200,0.0200,0.0200,0.0300,0.0300,0.0300,0.0300,0.00,364795.00
KXNHL-26-DET,1772074800,0.0200,0.0200,0.0200,0.0200,0.0300,0.0300,0.0300,0.0300,0.00,364795.00
KXNHL-26-DET,1772078400,0.0200,0.0200,0.0200,0.0200,0.0300,0.0300,0.0300,0.0300,91.00,364826.00
KXNHL-26-DET,1772082000,0.0200,0.0200,0.0200,0.0200,0.0300,0.0300,0.0300,0.0300,0.00,364826.00
KXNHL-26-DET,1772085600,0.0200,0.0200,0.0200,0.0200,0.0300,0.0300,0.0300,0.0300,0.00,364826.00
KXNHL-26-DET,1772089200,0.0200,0.0200,0.0200,0.0200,0.0300,0.0300,0.0300,0.0300,0.00,364826.00
KXNHL-26-DET,1772092800,0.0200,0.0200,0.0200,0.0200,0.0300,0.0300,0.0300,0.0300,156.00,364982.00
KXNHL-26-DET,1772100000,0.0200,0.0200,0.0200,0.0200,0.0300,0.0300,0.0300,0.0300,0.00,364982.00
KXNHL-26-DET,1772103600,0.0200,0.0200,0.0200,0.0200,0.0300,0.0300,0.0300,0.0300,0.00,364982.00
KXNHL-26-DET,1772107200,0.0200,0.0200,0.0200,0.0200,0.0300,0.0300,0.0300,0.0300,0.00,364982.00
KXNHL-26-DET,1772110800,0.0200,0.0200,0.0200,0.0200,0.0300,0.0300,0.0300,0.0300,0.00,364982.00
KXNHL-26-DET,1772114400,0.0200,0.0200,0.0200,0.0200,0.0300,0.0300,0.0300,0.0300,0.00,364982.00
KXNHL-26-DET,1772118000,0.0200,0.0200,0.0200,0.0200,0.0300,0.0300,0.0300,0.0300,0.00,364982.00
KXNHL-26-DET,1772121600,0.0200,0.0200,0.0200,0.0200,0.0300,0.0300,0.0300,0.0300,228.00,365210.00
KXNHL-26-DET,1772125200,0.0200,0.0200,0.0200,0.0200,0.0300,0.0300,0.0300,0.0300,15.00,365225.00
KXNHL-26-DET,1772128800,0.0200,0.0200,0.0200,0.0200,0.0300,0.0300,0.0300,0.0300,0.00,365225.00
KXNHL-26-DET,1772132400,0.0200,0.0200,0.0200,0.0200,0.0300,0.0300,0.0300,0.0300,0.00,365225.00
KXNHL-26-DET,1772136000,0.0200,0.0200,0.0200,0.0200,0.0300,0.0300,0.0300,0.0300,0.00,365225.00
KXNHL-26-DET,1772139600,0.0200,0.0200,0.0200,0.0200,0.0300,0.0300,0.0300,0.0300,7.00,365225.00
KXNHL-26-DET,1772143200,0.0200,0.0200,0.0200,0.0200,0.0300,0.0300,0.0300,0.0300,74.00,365299.00
KXNHL-26-DET,1772146800,0.0200,0.0200,0.0200,0.0200,0.0300,0.0300,0.0300,0.0300,93.00,365392.00
KXNHL-26-DET,1772150400,0.0200,0.0200,0.0200,0.0200,0.0300,0.0300,0.0300,0.0300,0.00,365392.00
KXNHL-26-DET,1772154000,0.0200,0.0200,0.0200,0.0200,0.0300,0.0300,0.0300,0.0300,0.00,365392.00
KXNHL-26-DET,1772157600,0.0200,0.0200,0.0200,0.0200,0.0300,0.0300,0.0300,0.0300,0.00,365392.00
KXNHL-26-DET,1772161200,0.0200,0.0200,0.0200,0.0200,0.0300,0.0300,0.0300,0.0300,1560.00,366952.00
KXNHL-26-DET,1772164800,0.0200,0.0200,0.0200,0.0200,0.0300,0.0300,0.0300,0.0300,0.00,366952.00
KXNHL-26-DET,1772168400,0.0200,0.0200,0.0200,0.0200,0.0300,0.0300,0.0300,0.0300,0.00,366952.00
KXNHL-26-DET,1772172000,0.0200,0.0200,0.0200,0.0200,0.0300,0.0300,0.0300,0.0300,249.00,367201.00
KXNHL-26-DET,1772175600,0.0200,0.0200,0.0200,0.0200,0.0300,0.0300,0.0300,0.0300,0.00,367201.00
KXNHL-26-DET,1772179200,0.0200,0.0200,0.0200,0.0200,0.0300,0.0300,0.0300,0.0300,0.00,367201.00
KXNHL-26-DET,1772182800,0.0200,0.0200,0.0200,0.0200,0.0300,0.0300,0.0300,0.0300,0.00,367201.00
KXNHL-26-DET,1772186400,0.0200,0.0200,0.0200,0.0200,0.0300,0.0300,0.0300,0.0300,0.00,367201.00
KXNHL-26-DET,1772190000,0.0200,0.0200,0.0200,0.0200,0.0300,0.0300,0.0300,0.0300,0.00,367201.00
KXNHL-26-DET,1772193600,0.0200,0.0200,0.0200,0.0200,0.0300,0.0300,0.0300,0.0300,2.00,367203.00
KXNHL-26-DET,1772197200,0.0200,0.0200,0.0200,0.0200,0.0300,0.0300,0.0300,0.0300,0.00,367203.00
KXNHL-26-DET,1772200800,0.0200,0.0200,0.0200,0.0200,0.0300,0.0300,0.0300,0.0300,0.00,367203.00
KXNHL-26-DET,1772204400,0.0200,0.0200,0.0200,0.0200,0.0300,0.0300,0.0300,0.0300,412.00,367615.00
KXNHL-26-DET,1772208000,0.0200,0.0200,0.0200,0.0200,0.0300,0.0300,0.0300,0.0300,0.00,367615.00
KXNHL-26-DET,1772211600,0.0200,0.0200,0.0200,0.0200,0.0300,0.0300,0.0300,0.0300,940.00,368555.00
KXNHL-26-DET,1772215200,0.0200,0.0200,0.0200,0.0200,0.0300,0.0300,0.0300,0.0300,800.00,369355.00
KXNHL-26-DET,1772218800,0.0200,0.0200,0.0200,0.0200,0.0300,0.0300,0.0300,0.0300,0.00,369355.00
KXNHL-26-DET,1772222400,0.0200,0.0200,0.0200,0.0200,0.0300,0.0300,0.0300,0.0300,0.00,369355.00
KXNHL-26-DET,1772226000,0.0200,0.0200,0.0200,0.0200,0.0300,0.0300,0.0300,0.0300,0.00,369355.00
KXNHL-26-DET,1772229600,0.0200,0.0200,0.0200,0.0200,0.0300,0.0300,0.0300,0.0300,11.00,369355.00
KXNHL-26-DET,1772233200,0.0200,0.0200,0.0200,0.0200,0.0300,0.0300,0.0300,0.0300,0.00,369355.00
KXNHL-26-DET,1772236800,0.0200,0.0200,0.0200,0.0200,0.0300,0.0300,0.0300,0.0300,311.00,369666.00
KXNHL-26-DET,1772240400,0.0200,0.0200,0.0200,0.0200,0.0300,0.0300,0.0300,0.0300,0.00,369666.00
KXNHL-26-DET,1772244000,0.0200,0.0200,0.0200,0.0200,0.0300,0.0300,0.0300,0.0300,0.00,369666.00
KXNHL-26-DET,1772247600,0.0200,0.0200,0.0200,0.0200,0.0300,0.0300,0.0300,0.0300,0.00,369666.00
KXNHL-26-DET,1772251200,0.0200,0.0200,0.0200,0.0200,0.0300,0.0300,0.0300,0.0300,934.00,369666.00
KXNHL-26-DET,1772254800,0.0200,0.0200,0.0200,0.0200,0.0300,0.0300,0.0300,0.0300,0.00,369666.00
KXNHL-26-DET,1772258400,0.0200,0.0200,0.0200,0.0200,0.0300,0.0300,0.0300,0.0300,187.00,369697.00
KXNHL-26-DET,1772262000,0.0200,0.0200,0.0200,0.0200,0.0300,0.0300,0.0300,0.0300,0.00,369697.00
KXNHL-26-DET,1772265600,0.0200,0.0200,0.0200,0.0200,0.0300,0.0300,0.0300,0.0300,0.00,369697.00
KXNHL-26-DET,1772269200,0.0200,0.0200,0.0200,0.0200,0.0300,0.0300,0.0300,0.0300,0.00,369697.00
KXNHL-26-DET,1772272800,0.0200,0.0200,0.0200,0.0200,0.0300,0.0300,0.0300,0.0300,0.00,369697.00
KXNHL-26-DET,1772276400,0.0200,0.0200,0.0200,0.0200,0.0300,0.0300,0.0300,0.0300,0.00,369697.00
KXNHL-26-DET,1772280000,0.0200,0.0200,0.0200,0.0200,0.0300,0.0300,0.0300,0.0300,0.00,369697.00
KXNHL-26-DET,1772283600,0.0200,0.0200,0.0200,0.0200,0.0300,0.0300,0.0300,0.0300,31.00,369728.00
KXNHL-26-DET,1772287200,0.0200,0.0200,0.0200,0.0200,0.0300,0.0300,0.0300,0.0300,0.00,369728.00
KXNHL-26-DET,1772290800,0.0200,0.0200,0.0200,0.0200,0.0300,0.0300,0.0300,0.0300,1500.00,371228.00
KXNHL-26-DET,1772294400,0.0200,0.0200,0.0200,0.0200,0.0300,0.0300,0.0300,0.0300,0.00,371228.00
KXNHL-26-DET,1772298000,0.0200,0.0200,0.0200,0.0200,0.0300,0.0300,0.0300,0.0300,0.00,371228.00
KXNHL-26-DET,1772301600,0.0200,0.0200,0.0200,0.0200,0.0300,0.0300,0.0300,0.0300,0.00,371228.00
KXNHL-26-DET,1772305200,0.0200,0.0200,0.0200,0.0200,0.0300,0.0300,0.0300,0.0300,0.00,371228.00
KXNHL-26-DET,1772308800,0.0200,0.0200,0.0200,0.0200,0.0300,0.0300,0.0300,0.0300,0.00,371228.00
KXNHL-26-DET,1772312400,0.0200,0.0200,0.0200,0.0200,0.0300,0.0300,0.0300,0.0300,156.00,371384.00
KXNHL-26-DET,1772316000,0.0200,0.0200,0.0200,0.0200,0.0300,0.0300,0.0300,0.0300,0.00,371384.00
KXNHL-26-DET,1772319600,0.0200,0.0200,0.0200,0.0200,0.0300,0.0300,0.0300,0.0300,0.00,371384.00
KXNHL-26-DET,1772323200,0.0200,0.0200,0.0200,0.0200,0.0300,0.0300,0.0300,0.0300,1560.00,372944.00
KXNHL-26-DET,1772326800,0.0200,0.0200,0.0200,0.0200,0.0300,0.0300,0.0300,0.0300,0.00,372944.00
KXNHL-26-DET,1772330400,0.0200,0.0200,0.0200,0.0200,0.0300,0.0300,0.0300,0.0300,0.00,372944.00
KXNHL-26-DET,1772334000,0.0200,0.0200,0.0200,0.0200,0.0300,0.0300,0.0300,0.0300,0.00,372944.00
KXNHL-26-DET,1772337600,0.0200,0.0200,0.0200,0.0200,0.0300,0.0300,0.0300,0.0300,0.00,372944.00
KXNHL-26-DET,1772341200,0.0200,0.0200,0.0200,0.0200,0.0300,0.0300,0.0300,0.0300,59.00,373003.00
KXNHL-26-DET,1772344800,0.0200,0.0200,0.0200,0.0200,0.0300,0.0300,0.0300,0.0300,156.00,373159.00
KXNHL-26-DET,1772348400,0.0200,0.0200,0.0200,0.0200,0.0300,0.0300,0.0300,0.0300,62.00,373221.00
KXNHL-26-DET,1772352000,0.0200,0.0200,0.0200,0.0200,0.0300,0.0300,0.0300,0.0300,34.00,373255.00
KXNHL-26-DET,1772355600,0.0200,0.0200,0.0200,0.0200,0.0300,0.0300,0.0300,0.0300,0.00,373255.00
KXNHL-26-DET,1772359200,0.0200,0.0200,0.0200,0.0200,0.0300,0.0300,0.0300,0.0300,0.00,373255.00
KXNHL-26-DET,1772362800,0.0200,0.0200,0.0200,0.0200,0.0300,0.0300,0.0300,0.0300,0.00,373255.00
KXNHL-26-DET,1772366400,0.0200,0.0200,0.0200,0.0200,0.0300,0.0300,0.0300,0.0300,0.00,373255.00
KXNHL-26-DET,1772370000,0.0200,0.0200,0.0200,0.0200,0.0300,0.0300,0.0300,0.0300,0.00,373255.00
KXNHL-26-DET,1772373600,0.0200,0.0200,0.0200,0.0200,0.0300,0.0300,0.0300,0.0300,0.00,373255.00
KXNHL-26-DET,1772377200,0.0200,0.0200,0.0200,0.0200,0.0300,0.0300,0.0300,0.0300,500.00,373755.00
KXNHL-26-DET,1772380800,0.0200,0.0200,0.0200,0.0200,0.0300,0.0300,0.0300,0.0300,0.00,373755.00
KXNHL-26-DET,1772384400,0.0200,0.0200,0.0200,0.0200,0.0300,0.0300,0.0300,0.0300,0.00,373755.00
KXNHL-26-DET,1772388000,0.0200,0.0200,0.0200,0.0200,0.0300,0.0300,0.0300,0.0300,0.00,373755.00
KXNHL-26-DET,1772391600,0.0200,0.0200,0.0200,0.0200,0.0300,0.0300,0.0300,0.0300,7.00,373762.00
KXNHL-26-DET,1772402400,0.0200,0.0200,0.0200,0.0200,0.0300,0.0300,0.0300,0.0300,0.00,373762.00
KXNHL-26-DET,1772406000,0.0200,0.0200,0.0200,0.0200,0.0300,0.0300,0.0300,0.0300,101.00,373863.00
KXNHL-26-DET,1772409600,0.0200,0.0200,0.0200,0.0200,0.0300,0.0300,0.0300,0.0300,3.00,373866.00
KXNHL-26-DET,1772413200,0.0200,0.0200,0.0200,0.0200,0.0300,0.0300,0.0300,0.0300,156.00,374022.00
KXNHL-26-DET,1772416800,0.0200,0.0200,0.0200,0.0200,0.0300,0.0300,0.0300,0.0300,60.00,374082.00
KXNHL-26-DET,1772424000,0.0200,0.0200,0.0200,0.0200,0.0300,0.0300,0.0300,0.0300,26.00,374082.00
KXNHL-26-DET,1772431200,0.0200,0.0200,0.0200,0.0200,0.0300,0.0300,0.0300,0.0300,0.00,374082.00
KXNHL-26-DET,1772434800,0.0200,0.0200,0.0200,0.0200,0.0300,0.0300,0.0300,0.0300,0.00,374082.00
KXNHL-26-DET,1772481600,0.0200,0.0200,0.0200,0.0200,0.0300,0.0300,0.0300,0.0300,0.00,374082.00
KXNHL-26-DET,1772485200,0.0200,0.0200,0.0200,0.0200,0.0300,0.0300,0.0300,0.0300,0.00,374082.00
KXNHL-26-DET,1772492400,0.0200,0.0200,0.0200,0.0200,0.0300,0.0300,0.0300,0.0300,780.00,374201.00
KXNHL-26-DET,1772496000,0.0200,0.0200,0.0200,0.0200,0.0300,0.0300,0.0300,0.0300,16.00,374217.00
KXNHL-26-DET,1772499600,0.0200,0.0200,0.0200,0.0200,0.0300,0.0300,0.0300,0.0300,100.00,374317.00
KXNHL-26-DET,1772503200,0.0200,0.0200,0.0200,0.0200,0.0300,0.0300,0.0300,0.0300,0.00,374317.00
KXNHL-26-DET,1772506800,0.0200,0.0200,0.0200,0.0200,0.0300,0.0300,0.0300,0.0300,1.00,374318.00
KXNHL-26-DET,1772510400,0.0200,0.0200,0.0200,0.0200,0.0300,0.0300,0.0300,0.0300,0.00,374318.00
KXNHL-26-DET,1772514000,0.0200,0.0200,0.0200,0.0200,0.0300,0.0300,0.0300,0.0300,0.00,374318.00
KXNHL-26-DET,1772517600,0.0200,0.0200,0.0200,0.0200,0.0300,0.0300,0.0300,0.0300,0.00,374318.00
KXNHL-26-DET,1772521200,0.0200,0.0200,0.0200,0.0200,0.0300,0.0300,0.0300,0.0300,655.00,374349.00
KXNHL-26-DET,1772524800,0.0200,0.0200,0.0200,0.0200,0.0300,0.0300,0.0300,0.0300,0.00,374349.00
KXNHL-26-DET,1772528400,0.0200,0.0200,0.0200,0.0200,0.0300,0.0300,0.0300,0.0300,0.00,374349.00
KXNHL-26-DET,1772532000,0.0200,0.0200,0.0200,0.0200,0.0300,0.0300,0.0300,0.0300,0.00,374349.00
KXNHL-26-DET,1772535600,0.0200,0.0200,0.0200,0.0200,0.0300,0.0300,0.0300,0.0300,0.00,374349.00
KXNHL-26-DET,1772539200,0.0200,0.0200,0.0200,0.0200,0.0300,0.0300,0.0300,0.0300,0.00,374349.00
KXNHL-26-DET,1772542800,0.0200,0.0200,0.0200,0.0200,0.0300,0.0300,0.0300,0.0300,200.00,374549.00
KXNHL-26-DET,1772546400,0.0200,0.0200,0.0200,0.0200,0.0300,0.0300,0.0300,0.0300,0.00,374549.00
KXNHL-26-DET,1772553600,0.0200,0.0200,0.0200,0.0200,0.0300,0.0300,0.0300,0.0300,312.00,374861.00
KXNHL-26-DET,1772557200,0.0200,0.0200,0.0200,0.0200,0.0300,0.0300,0.0300,0.0300,0.00,374861.00
KXNHL-26-DET,1772560800,0.0200,0.0200,0.0200,0.0200,0.0300,0.0300,0.0300,0.0300,1639.00,376485.00
KXNHL-26-DET,1772564400,0.0200,0.0200,0.0200,0.0200,0.0300,0.0300,0.0300,0.0300,0.00,376485.00
KXNHL-26-DET,1772568000,0.0200,0.0200,0.0200,0.0200,0.0300,0.0300,0.0300,0.0300,0.00,376485.00
KXNHL-26-DET,1772571600,0.0200,0.0200,0.0200,0.0200,0.0300,0.0300,0.0300,0.0300,0.00,376485.00
KXNHL-26-DET,1772575200,0.0200,0.0200,0.0200,0.0200,0.0300,0.0300,0.0300,0.0300,0.00,376485.00
KXNHL-26-DET,1772582400,0.0200,0.0200,0.0200,0.0200,0.0300,0.0300,0.0300,0.0300,0.00,376485.00
KXNHL-26-DET,1772589600,0.0200,0.0200,0.0200,0.0200,0.0300,0.0300,0.0300,0.0300,31.00,376516.00
KXNHL-26-DET,1772593200,0.0200,0.0200,0.0200,0.0200,0.0300,0.0300,0.0300,0.0300,1.00,376517.00
KXNHL-26-DET,1772596800,0.0200,0.0200,0.0200,0.0200,0.0300,0.0300,0.0300,0.0300,2.00,376519.00
KXNHL-26-DET,1772604000,0.0200,0.0200,0.0200,0.0200,0.0300,0.0300,0.0300,0.0300,997.00,377516.00
KXNHL-26-DET,1772611200,0.0200,0.0200,0.0200,0.0200,0.0300,0.0300,0.0300,0.0300,62.00,377578.00
KXNHL-26-DET,1772614800,0.0200,0.0200,0.0200,0.0200,0.0300,0.0300,0.0300,0.0300,0.00,377578.00
KXNHL-26-DET,1772618400,0.0200,0.0200,0.0200,0.0200,0.0300,0.0300,0.0300,0.0300,0.00,377578.00
KXNHL-26-DET,1772622000,0.0200,0.0200,0.0200,0.0200,0.0300,0.0300,0.0300,0.0300,10.00,377588.00
KXNHL-26-DET,1772629200,0.0200,0.0200,0.0200,0.0200,0.0300,0.0300,0.0300,0.0300,0.00,377588.00
KXNHL-26-DET,1772632800,0.0200,0.0200,0.0200,0.0200,0.0300,0.0300,0.0300,0.0300,0.00,377588.00
KXNHL-26-DET,1772640000,0.0200,0.0200,0.0200,0.0200,0.0300,0.0300,0.0300,0.0300,0.00,377588.00
KXNHL-26-DET,1772647200,0.0200,0.0200,0.0200,0.0200,0.0300,0.0300,0.0300,0.0300,7.00,377595.00
KXNHL-26-DET,1772650800,0.0200,0.0200,0.0200,0.0200,0.0300,0.0300,0.0300,0.0300,0.00,377595.00
KXNHL-26-DET,1772658000,0.0200,0.0200,0.0200,0.0200,0.0300,0.0300,0.0300,0.0300,0.00,377595.00
KXNHL-26-DET,1772661600,0.0200,0.0200,0.0200,0.0200,0.0300,0.0300,0.0300,0.0300,0.00,377595.00
KXNHL-26-DET,1772665200,0.0200,0.0200,0.0200,0.0200,0.0300,0.0300,0.0300,0.0300,73.00,377667.00
KXNHL-26-DET,1772668800,0.0200,0.0200,0.0200,0.0200,0.0300,0.0300,0.0300,0.0300,0.00,377667.00
KXNHL-26-DET,1772672400,0.0200,0.0200,0.0200,0.0200,0.0300,0.0300,0.0300,0.0300,0.00,377667.00
KXNHL-26-DET,1772676000,0.0200,0.0200,0.0200,0.0200,0.0300,0.0300,0.0300,0.0300,0.00,377667.00
KXNHL-26-DET,1772683200,0.0200,0.0200,0.0200,0.0200,0.0300,0.0300,0.0300,0.0300,312.00,377979.00
KXNHL-26-DET,1772690400,0.0200,0.0200,0.0200,0.0200,0.0300,0.0300,0.0300,0.0300,93.00,378072.00
KXNHL-26-DET,1772694000,0.0200,0.0200,0.0200,0.0200,0.0300,0.0300,0.0300,0.0300,0.00,378072.00
KXNHL-26-DET,1772697600,0.0200,0.0200,0.0200,0.0200,0.0300,0.0300,0.0300,0.0300,0.00,378072.00
KXNHL-26-DET,1772708400,0.0200,0.0200,0.0200,0.0200,0.0300,0.0300,0.0300,0.0300,0.00,378072.00
KXNHL-26-DET,1772712000,0.0200,0.0200,0.0200,0.0200,0.0300,0.0300,0.0300,0.0300,0.00,378072.00
KXNHL-26-DET,1772715600,0.0200,0.0200,0.0200,0.0200,0.0300,0.0300,0.0300,0.0300,0.00,378072.00
KXNHL-26-DET,1772719200,0.0200,0.0200,0.0200,0.0200,0.0300,0.0300,0.0300,0.0300,156.00,378228.00
KXNHL-26-DET,1772726400,0.0200,0.0200,0.0200,0.0200,0.0300,0.0300,0.0300,0.0300,0.00,378228.00
KXNHL-26-DET,1772730000,0.0200,0.0200,0.0200,0.0200,0.0300,0.0300,0.0300,0.0300,0.00,378228.00
KXNHL-26-DET,1772737200,0.0200,0.0200,0.0100,0.0100,0.0300,0.0300,0.0200,0.0200,11929.00,390157.00
KXNHL-26-DET,1772740800,0.0100,0.0100,0.0100,0.0100,0.0200,0.0200,0.0200,0.0200,0.00,390157.00
KXNHL-26-DET,1772744400,0.0100,0.0100,0.0100,0.0100,0.0200,0.0200,0.0200,0.0200,2339.00,392496.00
KXNHL-26-DET,1772748000,0.0100,0.0100,0.0100,0.0100,0.0200,0.0200,0.0200,0.0200,0.00,392496.00
KXNHL-26-DET,1772751600,0.0100,0.0100,0.0100,0.0100,0.0200,0.0200,0.0200,0.0200,0.00,392496.00
KXNHL-26-DET,1772755200,0.0100,0.0100,0.0100,0.0100,0.0200,0.0200,0.0200,0.0200,312.00,392184.00
KXNHL-26-DET,1772758800,0.0100,0.0100,0.0100,0.0100,0.0200,0.0200,0.0200,0.0200,0.00,392184.00
KXNHL-26-DET,1772762400,0.0100,0.0100,0.0100,0.0100,0.0200,0.0200,0.0200,0.0200,0.00,392184.00
KXNHL-26-DET,1772766000,0.0100,0.0100,0.0100,0.0100,0.0200,0.0200,0.0200,0.0200,140.00,392295.00
KXNHL-26-DET,1772769600,0.0100,0.0100,0.0100,0.0100,0.0200,0.0200,0.0200,0.0200,0.00,392295.00
KXNHL-26-DET,1772773200,0.0100,0.0100,0.0100,0.0100,0.0200,0.0200,0.0200,0.0200,233.00,392528.00
KXNHL-26-DET,1772780400,0.0100,0.0100,0.0100,0.0100,0.0200,0.0200,0.0200,0.0200,0.00,392528.00
KXNHL-26-DET,1772784000,0.0100,0.0100,0.0100,0.0100,0.0200,0.0200,0.0200,0.0200,0.00,392528.00
KXNHL-26-DET,1772787600,0.0100,0.0100,0.0100,0.0100,0.0200,0.0200,0.0200,0.0200,0.00,392528.00
KXNHL-26-DET,1772791200,0.0100,0.0100,0.0100,0.0100,0.0200,0.0200,0.0200,0.0200,0.00,392528.00
KXNHL-26-DET,1772794800,0.0100,0.0100,0.0100,0.0100,0.0200,0.0200,0.0200,0.0200,0.00,392528.00
KXNHL-26-DET,1772798400,0.0100,0.0100,0.0100,0.0100,0.0200,0.0200,0.0200,0.0200,0.00,392528.00
KXNHL-26-DET,1772802000,0.0100,0.0100,0.0100,0.0100,0.0200,0.0200,0.0200,0.0200,0.00,392528.00
KXNHL-26-DET,1772805600,0.0100,0.0100,0.0100,0.0100,0.0200,0.0200,0.0200,0.0200,0.00,392528.00
KXNHL-26-DET,1772809200,0.0100,0.0100,0.0100,0.0100,0.0200,0.0200,0.0200,0.0200,0.00,392528.00
KXNHL-26-DET,1772812800,0.0100,0.0100,0.0100,0.0100,0.0200,0.0200,0.0200,0.0200,0.00,392528.00
KXNHL-26-DET,1772816400,0.0100,0.0100,0.0100,0.0100,0.0200,0.0200,0.0200,0.0200,0.00,392528.00
KXNHL-26-DET,1772820000,0.0100,0.0100,0.0100,0.0100,0.0200,0.0200,0.0200,0.0200,125.00,392653.00
KXNHL-26-DET,1772827200,0.0100,0.0100,0.0100,0.0100,0.0200,0.0200,0.0200,0.0200,0.00,392653.00
KXNHL-26-DET,1772834400,0.0100,0.0100,0.0100,0.0100,0.0200,0.0200,0.0200,0.0200,529.00,393182.00
KXNHL-26-DET,1772838000,0.0100,0.0100,0.0100,0.0100,0.0200,0.0200,0.0200,0.0200,0.00,393182.00
KXNHL-26-DET,1772841600,0.0100,0.0100,0.0100,0.0100,0.0200,0.0200,0.0200,0.0200,0.00,393182.00
KXNHL-26-DET,1772845200,0.0100,0.0100,0.0100,0.0100,0.0200,0.0200,0.0200,0.0200,0.00,393182.00
KXNHL-26-DET,1772848800,0.0100,0.0100,0.0100,0.0100,0.0200,0.0200,0.0200,0.0200,0.00,393182.00
KXNHL-26-DET,1772852400,0.0100,0.0100,0.0100,0.0100,0.0200,0.0200,0.0200,0.0200,0.00,393182.00
KXNHL-26-DET,1772856000,0.0100,0.0100,0.0100,0.0100,0.0200,0.0200,0.0200,0.0200,467.00,393649.00
KXNHL-26-DET,1772859600,0.0100,0.0100,0.0100,0.0100,0.0200,0.0200,0.0200,0.0200,0.00,393649.00
KXNHL-26-DET,1772863200,0.0100,0.0100,0.0100,0.0100,0.0200,0.0200,0.0200,0.0200,14.00,393663.00
KXNHL-26-DET,1772866800,0.0100,0.0100,0.0100,0.0100,0.0200,0.0200,0.0200,0.0200,0.00,393663.00
KXNHL-26-DET,1772870400,0.0100,0.0100,0.0100,0.0100,0.0200,0.0200,0.0200,0.0200,0.00,393663.00
KXNHL-26-DET,1772874000,0.0100,0.0100,0.0100,0.0100,0.0200,0.0200,0.0200,0.0200,0.00,393663.00
KXNHL-26-DET,1772877600,0.0100,0.0100,0.0100,0.0100,0.0200,0.0200,0.0200,0.0200,0.00,393663.00
KXNHL-26-DET,1772881200,0.0100,0.0100,0.0100,0.0100,0.0200,0.0200,0.0200,0.0200,36.00,393699.00
KXNHL-26-DET,1772884800,0.0100,0.0100,0.0100,0.0100,0.0200,0.0200,0.0200,0.0200,1108.00,394294.00
KXNHL-26-DET,1772888400,0.0100,0.0100,0.0100,0.0100,0.0200,0.0200,0.0200,0.0200,0.00,394294.00
KXNHL-26-DET,1772892000,0.0100,0.0100,0.0100,0.0100,0.0200,0.0200,0.0200,0.0200,0.00,394294.00
KXNHL-26-DET,1772895600,0.0100,0.0100,0.0100,0.0100,0.0200,0.0200,0.0200,0.0200,0.00,394294.00
KXNHL-26-DET,1772899200,0.0100,0.0100,0.0100,0.0100,0.0200,0.0200,0.0200,0.0200,0.00,394294.00
KXNHL-26-DET,1772902800,0.0100,0.0100,0.0100,0.0100,0.0200,0.0200,0.0200,0.0200,6593.00,400887.00
KXNHL-26-DET,1772906400,0.0100,0.0100,0.0100,0.0100,0.0200,0.0200,0.0200,0.0200,0.00,400887.00
KXNHL-26-DET,1772910000,0.0100,0.0100,0.0100,0.0100,0.0200,0.0200,0.0200,0.0200,0.00,400887.00
KXNHL-26-DET,1772913600,0.0100,0.0100,0.0100,0.0100,0.0200,0.0200,0.0200,0.0200,0.00,400887.00
KXNHL-26-DET,1772917200,0.0100,0.0100,0.0100,0.0100,0.0200,0.0200,0.0200,0.0200,0.00,400887.00
KXNHL-26-DET,1772920800,0.0100,0.0100,0.0100,0.0100,0.0200,0.0200,0.0200,0.0200,233.00,401120.00
KXNHL-26-DET,1772924400,0.0100,0.0100,0.0100,0.0100,0.0200,0.0200,0.0200,0.0200,233.00,401353.00
KXNHL-26-DET,1772928000,0.0100,0.0100,0.0100,0.0100,0.0200,0.0200,0.0200,0.0200,11.00,401364.00
KXNHL-26-DET,1772931600,0.0100,0.0100,0.0100,0.0100,0.0200,0.0200,0.0200,0.0200,0.00,401364.00
KXNHL-26-DET,1772935200,0.0100,0.0100,0.0100,0.0100,0.0200,0.0200,0.0200,0.0200,0.00,401364.00
KXNHL-26-DET,1772938800,0.0100,0.0100,0.0100,0.0100,0.0200,0.0200,0.0200,0.0200,0.00,401364.00
KXNHL-26-DET,1772942400,0.0100,0.0100,0.0100,0.0100,0.0200,0.0200,0.0200,0.0200,0.00,401364.00
KXNHL-26-DET,1772946000,0.0100,0.0100,0.0100,0.0100,0.0200,0.0200,0.0200,0.0200,0.00,401364.00
KXNHL-26-DET,1772949600,0.0100,0.0100,0.0100,0.0100,0.0200,0.0200,0.0200,0.0200,0.00,401364.00
KXNHL-26-DET,1772953200,0.0100,0.0100,0.0100,0.0100,0.0200,0.0200,0.0200,0.0200,0.00,401364.00
KXNHL-26-DET,1772956800,0.0100,0.0100,0.0100,0.0100,0.0200,0.0200,0.0200,0.0200,0.00,401364.00
KXNHL-26-DET,1772960400,0.0100,0.0100,0.0100,0.0100,0.0200,0.0200,0.0200,0.0200,935.00,402299.00
KXNHL-26-DET,1772964000,0.0100,0.0100,0.0100,0.0100,0.0200,0.0200,0.0200,0.0200,0.00,402299.00
KXNHL-26-DET,1772967600,0.0100,0.0100,0.0100,0.0100,0.0200,0.0200,0.0200,0.0200,0.00,402299.00
KXNHL-26-DET,1772971200,0.0100,0.0100,0.0100,0.0100,0.0200,0.0200,0.0200,0.0200,0.00,402299.00
KXNHL-26-DET,1772974800,0.0100,0.0100,0.0100,0.0100,0.0200,0.0200,0.0200,0.0200,0.00,402299.00
KXNHL-26-DET,1772978400,0.0100,0.0100,0.0100,0.0100,0.0200,0.0200,0.0200,0.0200,0.00,402299.00
KXNHL-26-DET,1772982000,0.0100,0.0100,0.0100,0.0100,0.0200,0.0200,0.0200,0.0200,0.00,402299.00
KXNHL-26-DET,1772985600,0.0100,0.0100,0.0100,0.0100,0.0200,0.0200,0.0200,0.0200,0.00,402299.00
KXNHL-26-DET,1772989200,0.0100,0.0100,0.0100,0.0100,0.0200,0.0200,0.0200,0.0200,0.00,402299.00
KXNHL-26-DET,1772992800,0.0100,0.0100,0.0100,0.0100,0.0200,0.0200,0.0200,0.0200,0.00,402299.00
KXNHL-26-DET,1772996400,0.0100,0.0100,0.0100,0.0100,0.0200,0.0200,0.0200,0.0200,7.00,402306.00
KXNHL-26-DET,1773000000,0.0100,0.0100,0.0100,0.0100,0.0200,0.0200,0.0200,0.0200,0.00,402306.00
KXNHL-26-DET,1773003600,0.0100,0.0100,0.0100,0.0100,0.0200,0.0200,0.0200,0.0200,0.00,402306.00
KXNHL-26-DET,1773007200,0.0100,0.0100,0.0100,0.0100,0.0200,0.0200,0.0200,0.0200,0.00,402306.00
KXNHL-26-DET,1773010800,0.0100,0.0100,0.0100,0.0100,0.0200,0.0200,0.0200,0.0200,0.00,402306.00
KXNHL-26-DET,1773014400,0.0100,0.0100,0.0100,0.0100,0.0200,0.0200,0.0200,0.0200,0.00,402306.00
KXNHL-26-DET,1773018000,0.0100,0.0100,0.0100,0.0100,0.0200,0.0200,0.0200,0.0200,951.00,403225.00
KXNHL-26-DET,1773021600,0.0100,0.0100,0.0100,0.0100,0.0200,0.0200,0.0200,0.0200,2382.00,405607.00
KXNHL-26-DET,1773025200,0.0100,0.0100,0.0100,0.0100,0.0200,0.0200,0.0200,0.0200,0.00,405607.00
KXNHL-26-DET,1773028800,0.0100,0.0100,0.0100,0.0100,0.0200,0.0200,0.0200,0.0200,0.00,405607.00
KXNHL-26-DET,1773032400,0.0100,0.0100,0.0100,0.0100,0.0200,0.0200,0.0200,0.0200,800.00,406407.00
KXNHL-26-DET,1773036000,0.0100,0.0100,0.0100,0.0100,0.0200,0.0200,0.0200,0.0200,0.00,406407.00
KXNHL-26-DET,1773039600,0.0100,0.0100,0.0100,0.0100,0.0200,0.0200,0.0200,0.0200,140.00,406547.00
KXNHL-26-DET,1773043200,0.0100,0.0100,0.0100,0.0100,0.0200,0.0200,0.0200,0.0200,0.00,406547.00
KXNHL-26-DET,1773046800,0.0100,0.0100,0.0100,0.0100,0.0200,0.0200,0.0200,0.0200,0.00,406547.00
KXNHL-26-DET,1773050400,0.0100,0.0100,0.0100,0.0100,0.0200,0.0200,0.0200,0.0200,0.00,406547.00
KXNHL-26-DET,1773057600,0.0100,0.0100,0.0100,0.0100,0.0200,0.0200,0.0200,0.0200,0.00,406547.00
KXNHL-26-DET,1773061200,0.0100,0.0100,0.0100,0.0100,0.0200,0.0200,0.0200,0.0200,0.00,406547.00
KXNHL-26-DET,1773064800,0.0100,0.0100,0.0100,0.0100,0.0200,0.0200,0.0200,0.0200,566.00,407113.00
KXNHL-26-DET,1773068400,0.0100,0.0100,0.0100,0.0100,0.0200,0.0200,0.0200,0.0200,0.00,407113.00
KXNHL-26-DET,1773072000,0.0100,0.0100,0.0100,0.0100,0.0200,0.0200,0.0200,0.0200,0.00,407113.00
KXNHL-26-DET,1773075600,0.0100,0.0100,0.0100,0.0100,0.0200,0.0200,0.0200,0.0200,0.00,407113.00
KXNHL-26-DET,1773079200,0.0100,0.0100,0.0100,0.0100,0.0200,0.0200,0.0200,0.0200,0.00,407113.00
KXNHL-26-DET,1773082800,0.0100,0.0100,0.0100,0.0100,0.0200,0.0200,0.0200,0.0200,0.00,407113.00
KXNHL-26-DET,1773086400,0.0100,0.0100,0.0100,0.0100,0.0200,0.0200,0.0200,0.0200,0.00,407113.00
KXNHL-26-DET,1773090000,0.0100,0.0100,0.0100,0.0100,0.0200,0.0200,0.0200,0.0200,0.00,407113.00
KXNHL-26-DET,1773093600,0.0100,0.0100,0.0100,0.0100,0.0200,0.0200,0.0200,0.0200,25.00,407138.00
KXNHL-26-DET,1773097200,0.0100,0.0100,0.0100,0.0100,0.0200,0.0200,0.0200,0.0200,0.00,407138.00
KXNHL-26-DET,1773100800,0.0100,0.0100,0.0100,0.0100,0.0200,0.0200,0.0200,0.0200,0.00,407138.00
KXNHL-26-DET,1773104400,0.0100,0.0100,0.0100,0.0100,0.0200,0.0200,0.0200,0.0200,0.00,407138.00
KXNHL-26-DET,1773108000,0.0100,0.0100,0.0100,0.0100,0.0200,0.0200,0.0200,0.0200,0.00,407138.00
KXNHL-26-DET,1773111600,0.0100,0.0100,0.0100,0.0100,0.0200,0.0200,0.0200,0.0200,0.00,407138.00
KXNHL-26-DET,1773115200,0.0100,0.0100,0.0100,0.0100,0.0200,0.0200,0.0200,0.0200,625.00,407763.00
KXNHL-26-DET,1773118800,0.0100,0.0100,0.0100,0.0100,0.0200,0.0200,0.0200,0.0200,0.00,407763.00
KXNHL-26-DET,1773122400,0.0100,0.0100,0.0100,0.0100,0.0200,0.0200,0.0200,0.0200,0.00,407763.00
KXNHL-26-DET,1773126000,0.0100,0.0100,0.0100,0.0100,0.0200,0.0200,0.0200,0.0200,0.00,407763.00
KXNHL-26-DET,1773129600,0.0100,0.0100,0.0100,0.0100,0.0200,0.0200,0.0200,0.0200,0.00,407763.00
KXNHL-26-DET,1773133200,0.0100,0.0100,0.0100,0.0100,0.0200,0.0200,0.0200,0.0200,0.00,407763.00
KXNHL-26-DET,1773136800,0.0100,0.0100,0.0100,0.0100,0.0200,0.0200,0.0200,0.0200,0.00,407763.00
KXNHL-26-DET,1773140400,0.0100,0.0100,0.0100,0.0100,0.0200,0.0200,0.0200,0.0200,0.00,407763.00
KXNHL-26-DET,1773144000,0.0100,0.0100,0.0100,0.0100,0.0200,0.0200,0.0200,0.0200,0.00,407763.00
KXNHL-26-DET,1773147600,0.0100,0.0100,0.0100,0.0100,0.0200,0.0200,0.0200,0.0200,0.00,407763.00
KXNHL-26-DET,1773151200,0.0100,0.0100,0.0100,0.0100,0.0200,0.0200,0.0200,0.0200,0.00,407763.00
KXNHL-26-DET,1773154800,0.0100,0.0100,0.0100,0.0100,0.0200,0.0200,0.0200,0.0200,0.00,407763.00
KXNHL-26-DET,1773158400,0.0100,0.0100,0.0100,0.0100,0.0200,0.0200,0.0200,0.0200,0.00,407763.00
KXNHL-26-DET,1773162000,0.0100,0.0100,0.0100,0.0100,0.0200,0.0200,0.0200,0.0200,256.00,407707.00
KXNHL-26-DET,1773165600,0.0100,0.0100,0.0100,0.0100,0.0200,0.0200,0.0200,0.0200,250.00,407957.00
KXNHL-26-DET,1773169200,0.0100,0.0100,0.0100,0.0100,0.0200,0.0200,0.0200,0.0200,0.00,407957.00
KXNHL-26-DET,1773172800,0.0100,0.0100,0.0100,0.0100,0.0200,0.0200,0.0200,0.0200,0.00,407957.00
KXNHL-26-DET,1773176400,0.0100,0.0100,0.0100,0.0100,0.0200,0.0200,0.0200,0.0200,0.00,407957.00
KXNHL-26-DET,1773180000,0.0100,0.0100,0.0100,0.0100,0.0200,0.0200,0.0200,0.0200,0.00,407957.00
KXNHL-26-DET,1773183600,0.0100,0.0100,0.0100,0.0100,0.0200,0.0200,0.0200,0.0200,2743.00,405214.00
KXNHL-26-DET,1773187200,0.0100,0.0100,0.0100,0.0100,0.0200,0.0200,0.0200,0.0200,0.00,405214.00
KXNHL-26-DET,1773190800,0.0100,0.0100,0.0100,0.0100,0.0200,0.0200,0.0200,0.0200,0.00,405214.00
KXNHL-26-DET,1773194400,0.0100,0.0100,0.0100,0.0100,0.0200,0.0200,0.0200,0.0200,0.00,405214.00
KXNHL-26-DET,1773198000,0.0100,0.0100,0.0100,0.0100,0.0200,0.0200,0.0200,0.0200,0.00,405214.00
KXNHL-26-DET,1773201600,0.0100,0.0100,0.0100,0.0100,0.0200,0.0200,0.0200,0.0200,250.00,405464.00
KXNHL-26-DET,1773205200,0.0100,0.0100,0.0100,0.0100,0.0200,0.0200,0.0200,0.0200,233.00,405231.00
KXNHL-26-DET,1773208800,0.0100,0.0100,0.0100,0.0100,0.0200,0.0200,0.0200,0.0200,0.00,405231.00
KXNHL-26-DET,1773212400,0.0100,0.0100,0.0100,0.0100,0.0200,0.0200,0.0200,0.0200,0.00,405231.00
KXNHL-26-DET,1773216000,0.0100,0.0100,0.0100,0.0100,0.0200,0.0200,0.0200,0.0200,233.00,405464.00
KXNHL-26-DET,1773219600,0.0100,0.0100,0.0100,0.0100,0.0200,0.0200,0.0200,0.0200,0.00,405464.00
KXNHL-26-DET,1773223200,0.0100,0.0100,0.0100,0.0100,0.0200,0.0200,0.0200,0.0200,0.00,405464.00
KXNHL-26-DET,1773226800,0.0100,0.0100,0.0100,0.0100,0.0200,0.0200,0.0200,0.0200,0.00,405464.00
KXNHL-26-DET,1773230400,0.0100,0.0100,0.0100,0.0100,0.0200,0.0200,0.0200,0.0200,0.00,405464.00
KXNHL-26-DET,1773234000,0.0100,0.0100,0.0100,0.0100,0.0200,0.0200,0.0200,0.0200,624.00,404840.00
KXNHL-26-DET,1773237600,0.0100,0.0100,0.0100,0.0100,0.0200,0.0200,0.0200,0.0200,0.00,404840.00
KXNHL-26-DET,1773241200,0.0100,0.0100,0.0100,0.0100,0.0200,0.0200,0.0200,0.0200,75.00,404915.00
KXNHL-26-DET,1773244800,0.0100,0.0100,0.0100,0.0100,0.0200,0.0200,0.0200,0.0200,168.00,405083.00
KXNHL-26-DET,1773248400,0.0100,0.0100,0.0100,0.0100,0.0200,0.0200,0.0200,0.0200,0.00,405083.00
KXNHL-26-DET,1773252000,0.0100,0.0100,0.0100,0.0100,0.0200,0.0200,0.0200,0.0200,0.00,405083.00
KXNHL-26-DET,1773255600,0.0100,0.0100,0.0100,0.0100,0.0200,0.0200,0.0200,0.0200,0.00,405083.00
KXNHL-26-DET,1773259200,0.0100,0.0100,0.0100,0.0100,0.0200,0.0200,0.0200,0.0200,0.00,405083.00
KXNHL-26-DET,1773262800,0.0100,0.0100,0.0100,0.0100,0.0200,0.0200,0.0200,0.0200,0.00,405083.00
KXNHL-26-DET,1773266400,0.0100,0.0100,0.0100,0.0100,0.0200,0.0200,0.0200,0.0200,10.00,405093.00
KXNHL-26-DET,1773270000,0.0100,0.0100,0.0100,0.0100,0.0200,0.0200,0.0200,0.0200,0.00,405093.00
KXNHL-26-DET,1773273600,0.0100,0.0100,0.0100,0.0100,0.0200,0.0200,0.0200,0.0200,1203.00,403890.00
KXNHL-26-DET,1773277200,0.0100,0.0100,0.0100,0.0100,0.0200,0.0200,0.0200,0.0200,0.00,403890.00
KXNHL-26-DET,1773280800,0.0100,0.0100,0.0100,0.0100,0.0200,0.0200,0.0200,0.0200,0.00,403890.00
KXNHL-26-DET,1773284400,0.0100,0.0100,0.0100,0.0100,0.0200,0.0200,0.0200,0.0200,0.00,403890.00
KXNHL-26-DET,1773288000,0.0100,0.0100,0.0100,0.0100,0.0200,0.0200,0.0200,0.0200,0.00,403890.00
KXNHL-26-DET,1773291600,0.0100,0.0100,0.0100,0.0100,0.0200,0.0200,0.0200,0.0200,0.00,403890.00
KXNHL-26-DET,1773295200,0.0100,0.0100,0.0100,0.0100,0.0200,0.0200,0.0200,0.0200,0.00,403890.00
KXNHL-26-DET,1773298800,0.0100,0.0100,0.0100,0.0100,0.0200,0.0200,0.0200,0.0200,0.00,403890.00
KXNHL-26-DET,1773306000,0.0100,0.0100,0.0100,0.0100,0.0200,0.0200,0.0200,0.0200,0.00,403890.00
KXNHL-26-DET,1773309600,0.0100,0.0100,0.0100,0.0100,0.0200,0.0200,0.0200,0.0200,0.00,403890.00
KXNHL-26-DET,1773313200,0.0100,0.0100,0.0100,0.0100,0.0200,0.0200,0.0200,0.0200,0.00,403890.00
KXNHL-26-DET,1773316800,0.0100,0.0100,0.0100,0.0100,0.0200,0.0200,0.0200,0.0200,0.00,403890.00
KXNHL-26-DET,1773320400,0.0100,0.0100,0.0100,0.0100,0.0200,0.0200,0.0200,0.0200,0.00,403890.00
KXNHL-26-DET,1773324000,0.0100,0.0100,0.0100,0.0100,0.0200,0.0200,0.0200,0.0200,0.00,403890.00
KXNHL-26-DET,1773334800,0.0100,0.0100,0.0100,0.0100,0.0200,0.0200,0.0200,0.0200,0.00,403890.00
KXNHL-26-DET,1773338400,0.0100,0.0100,0.0100,0.0100,0.0200,0.0200,0.0200,0.0200,0.00,403890.00
KXNHL-26-DET,1773342000,0.0100,0.0100,0.0100,0.0100,0.0200,0.0200,0.0200,0.0200,0.00,403890.00
KXNHL-26-DET,1773356400,0.0100,0.0100,0.0100,0.0100,0.0200,0.0200,0.0200,0.0200,0.00,403890.00
KXNHL-26-DET,1773360000,0.0100,0.0100,0.0100,0.0100,0.0200,0.0200,0.0200,0.0200,0.00,403890.00
KXNHL-26-DET,1773363600,0.0100,0.0100,0.0100,0.0100,0.0200,0.0200,0.0200,0.0200,0.00,403890.00
KXNHL-26-DET,1773367200,0.0100,0.0100,0.0100,0.0100,0.0200,0.0200,0.0200,0.0200,0.00,403890.00
KXNHL-26-DET,1773370800,0.0100,0.0100,0.0100,0.0100,0.0200,0.0200,0.0200,0.0200,0.00,403890.00
KXNHL-26-DET,1773374400,0.0100,0.0100,0.0100,0.0100,0.0200,0.0200,0.0200,0.0200,0.00,403890.00
KXNHL-26-DET,1773378000,0.0100,0.0100,0.0100,0.0100,0.0200,0.0200,0.0200,0.0200,0.00,403890.00
KXNHL-26-DET,1773381600,0.0100,0.0100,0.0100,0.0100,0.0200,0.0200,0.0200,0.0200,0.00,403890.00
KXNHL-26-DET,1773385200,0.0100,0.0100,0.0100,0.0100,0.0200,0.0200,0.0200,0.0200,8.00,403898.00
KXNHL-26-DET,1773388800,0.0100,0.0100,0.0100,0.0100,0.0200,0.0200,0.0200,0.0200,0.00,403898.00
KXNHL-26-DET,1773399600,0.0100,0.0100,0.0100,0.0100,0.0200,0.0200,0.0200,0.0200,0.00,403898.00
KXNHL-26-DET,1773406800,0.0100,0.0100,0.0100,0.0100,0.0200,0.0200,0.0200,0.0200,0.00,403898.00
KXNHL-26-DET,1773410400,0.0100,0.0100,0.0100,0.0100,0.0200,0.0200,0.0200,0.0200,0.00,403898.00
KXNHL-26-DET,1773414000,0.0100,0.0100,0.0100,0.0100,0.0200,0.0200,0.0200,0.0200,1.00,403898.00
KXNHL-26-DET,1773421200,0.0100,0.0100,0.0100,0.0100,0.0200,0.0200,0.0200,0.0200,0.00,403898.00
KXNHL-26-DET,1773424800,0.0100,0.0100,0.0100,0.0100,0.0200,0.0200,0.0200,0.0200,25.00,403873.00
KXNHL-26-DET,1773428400,0.0100,0.0100,0.0100,0.0100,0.0200,0.0200,0.0200,0.0200,312.00,403561.00
KXNHL-26-DET,1773432000,0.0100,0.0100,0.0100,0.0100,0.0200,0.0200,0.0200,0.0200,0.00,403561.00
KXNHL-26-DET,1773439200,0.0100,0.0100,0.0100,0.0100,0.0200,0.0200,0.0200,0.0200,0.00,403561.00
KXNHL-26-DET,1773442800,0.0100,0.0100,0.0100,0.0100,0.0200,0.0200,0.0200,0.0200,0.00,403561.00
KXNHL-26-DET,1773446400,0.0100,0.0100,0.0100,0.0100,0.0200,0.0200,0.0200,0.0200,0.00,403561.00
KXNHL-26-DET,1773450000,0.0100,0.0100,0.0100,0.0100,0.0200,0.0200,0.0200,0.0200,0.00,403561.00
KXNHL-26-DET,1773453600,0.0100,0.0100,0.0100,0.0100,0.0200,0.0200,0.0200,0.0200,0.00,403561.00
KXNHL-26-DET,1773457200,0.0100,0.0100,0.0100,0.0100,0.0200,0.0200,0.0200,0.0200,0.00,403561.00
KXNHL-26-DET,1773460800,0.0100,0.0100,0.0100,0.0100,0.0200,0.0200,0.0200,0.0200,0.00,403561.00
KXNHL-26-DET,1773464400,0.0100,0.0100,0.0100,0.0100,0.0200,0.0200,0.0200,0.0200,207.00,403768.00
KXNHL-26-DET,1773468000,0.0100,0.0100,0.0100,0.0100,0.0200,0.0200,0.0200,0.0200,0.00,403768.00
KXNHL-26-DET,1773471600,0.0100,0.0100,0.0100,0.0100,0.0200,0.0200,0.0200,0.0200,0.00,403768.00
KXNHL-26-DET,1773475200,0.0100,0.0100,0.0100,0.0100,0.0200,0.0200,0.0200,0.0200,0.00,403768.00
KXNHL-26-DET,1773478800,0.0100,0.0100,0.0100,0.0100,0.0200,0.0200,0.0200,0.0200,0.00,403768.00
KXNHL-26-DET,1773482400,0.0100,0.0100,0.0100,0.0100,0.0200,0.0200,0.0200,0.0200,0.00,403768.00
KXNHL-26-DET,1773486000,0.0100,0.0100,0.0100,0.0100,0.0200,0.0200,0.0200,0.0200,0.00,403768.00
KXNHL-26-DET,1773489600,0.0100,0.0100,0.0100,0.0100,0.0200,0.0200,0.0200,0.0200,0.00,403768.00
KXNHL-26-DET,1773493200,0.0100,0.0100,0.0100,0.0100,0.0200,0.0200,0.0200,0.0200,0.00,403768.00
KXNHL-26-DET,1773496800,0.0100,0.0100,0.0100,0.0100,0.0200,0.0200,0.0200,0.0200,0.00,403768.00
KXNHL-26-DET,1773500400,0.0100,0.0100,0.0100,0.0100,0.0200,0.0200,0.0200,0.0200,0.00,403768.00
KXNHL-26-DET,1773504000,0.0100,0.0100,0.0100,0.0100,0.0200,0.0200,0.0200,0.0200,0.00,403768.00
KXNHL-26-DET,1773507600,0.0100,0.0100,0.0100,0.0100,0.0200,0.0200,0.0200,0.0200,0.00,403768.00
KXNHL-26-DET,1773511200,0.0100,0.0100,0.0100,0.0100,0.0200,0.0200,0.0200,0.0200,0.00,403768.00
KXNHL-26-DET,1773514800,0.0100,0.0100,0.0100,0.0100,0.0200,0.0200,0.0200,0.0200,0.00,403768.00
KXNHL-26-DET,1773518400,0.0100,0.0100,0.0100,0.0100,0.0200,0.0200,0.0200,0.0200,233.00,404001.00
KXNHL-26-DET,1773522000,0.0100,0.0100,0.0100,0.0100,0.0200,0.0200,0.0200,0.0200,0.00,404001.00
KXNHL-26-DET,1773525600,0.0100,0.0100,0.0100,0.0100,0.0200,0.0200,0.0200,0.0200,1.00,404002.00
KXNHL-26-DET,1773529200,0.0100,0.0100,0.0100,0.0100,0.0200,0.0200,0.0200,0.0200,0.00,404002.00
KXNHL-26-DET,1773532800,0.0100,0.0100,0.0100,0.0100,0.0200,0.0200,0.0200,0.0200,699.00,403303.00
KXNHL-26-DET,1773536400,0.0100,0.0100,0.0100,0.0100,0.0200,0.0200,0.0200,0.0200,233.00,403070.00
KXNHL-26-DET,1773540000,0.0100,0.0100,0.0100,0.0100,0.0200,0.0200,0.0200,0.0200,560.00,402510.00
KXNHL-26-DET,1773543600,0.0100,0.0100,0.0100,0.0100,0.0200,0.0200,0.0200,0.0200,0.00,402510.00
KXNHL-26-DET,1773547200,0.0100,0.0100,0.0100,0.0100,0.0200,0.0200,0.0200,0.0200,172.00,402682.00
KXNHL-26-DET,1773550800,0.0100,0.0100,0.0100,0.0100,0.0200,0.0200,0.0200,0.0200,0.00,402682.00
KXNHL-26-DET,1773554400,0.0100,0.0100,0.0100,0.0100,0.0200,0.0200,0.0200,0.0200,0.00,402682.00
KXNHL-26-DET,1773558000,0.0100,0.0100,0.0100,0.0100,0.0200,0.0200,0.0200,0.0200,0.00,402682.00
KXNHL-26-DET,1773561600,0.0100,0.0100,0.0100,0.0100,0.0200,0.0200,0.0200,0.0200,0.00,402682.00
KXNHL-26-DET,1773572400,0.0100,0.0100,0.0100,0.0100,0.0200,0.0200,0.0200,0.0200,0.00,402682.00
KXNHL-26-DET,1773579600,0.0100,0.0100,0.0100,0.0100,0.0200,0.0200,0.0200,0.0200,0.00,402682.00
KXNHL-26-DET,1773583200,0.0100,0.0100,0.0100,0.0100,0.0200,0.0200,0.0200,0.0200,6.00,402676.00
KXNHL-26-DET,1773590400,0.0100,0.0100,0.0100,0.0100,0.0200,0.0200,0.0200,0.0200,0.00,402676.00
KXNHL-26-DET,1773594000,0.0100,0.0100,0.0100,0.0100,0.0200,0.0200,0.0200,0.0200,0.00,402676.00
KXNHL-26-DET,1773597600,0.0100,0.0100,0.0100,0.0100,0.0200,0.0200,0.0200,0.0200,9.00,402685.00
KXNHL-26-DET,1773601200,0.0100,0.0100,0.0100,0.0100,0.0200,0.0200,0.0200,0.0200,0.00,402685.00
KXNHL-26-DET,1773604800,0.0100,0.0100,0.0100,0.0100,0.0200,0.0200,0.0200,0.0200,1.00,402686.00
KXNHL-26-DET,1773608400,0.0100,0.0100,0.0100,0.0100,0.0200,0.0200,0.0200,0.0200,0.00,402686.00
KXNHL-26-DET,1773612000,0.0100,0.0100,0.0100,0.0100,0.0200,0.0200,0.0200,0.0200,5.00,402691.00
KXNHL-26-DET,1773615600,0.0100,0.0100,0.0100,0.0100,0.0200,0.0200,0.0200,0.0200,4679.00,398012.00
KXNHL-26-DET,1773619200,0.0100,0.0100,0.0100,0.0100,0.0200,0.0200,0.0200,0.0200,0.00,398012.00
KXNHL-26-DET,1773622800,0.0100,0.0100,0.0100,0.0100,0.0200,0.0200,0.0200,0.0200,0.00,398012.00
KXNHL-26-DET,1773626400,0.0100,0.0100,0.0100,0.0100,0.0200,0.0200,0.0200,0.0200,467.00,398479.00
KXNHL-26-DET,1773630000,0.0100,0.0100,0.0100,0.0100,0.0200,0.0200,0.0200,0.0200,935.00,397544.00
KXNHL-26-DET,1773633600,0.0100,0.0100,0.0100,0.0100,0.0200,0.0200,0.0200,0.0200,0.00,397544.00
KXNHL-26-DET,1773637200,0.0100,0.0100,0.0100,0.0100,0.0200,0.0200,0.0200,0.0200,0.00,397544.00
KXNHL-26-DET,1773640800,0.0100,0.0100,0.0100,0.0100,0.0200,0.0200,0.0200,0.0200,0.00,397544.00
KXNHL-26-DET,1773644400,0.0100,0.0100,0.0100,0.0100,0.0200,0.0200,0.0200,0.0200,0.00,397544.00
KXNHL-26-DET,1773648000,0.0100,0.0100,0.0100,0.0100,0.0200,0.0200,0.0200,0.0200,0.00,397544.00
KXNHL-26-DET,1773651600,0.0100,0.0100,0.0100,0.0100,0.0200,0.0200,0.0200,0.0200,300.00,397844.00
KXNHL-26-DET,1773658800,0.0100,0.0100,0.0100,0.0100,0.0200,0.0200,0.0200,0.0200,0.00,397844.00
KXNHL-26-DET,1773666000,0.0100,0.0100,0.0100,0.0100,0.0200,0.0200,0.0200,0.0200,0.00,397844.00
KXNHL-26-DET,1773673200,0.0100,0.0100,0.0100,0.0100,0.0200,0.0200,0.0200,0.0200,9.00,397853.00
KXNHL-26-DET,1773676800,0.0100,0.0100,0.0100,0.0100,0.0200,0.0200,0.0200,0.0200,1.00,397854.00
KXNHL-26-DET,1773680400,0.0100,0.0100,0.0100,0.0100,0.0200,0.0200,0.0200,0.0200,0.00,397854.00
KXNHL-26-DET,1773684000,0.0100,0.0100,0.0100,0.0100,0.0200,0.0200,0.0200,0.0200,0.00,397854.00
KXNHL-26-DET,1773687600,0.0100,0.0100,0.0100,0.0100,0.0200,0.0200,0.0200,0.0200,0.00,397854.00
KXNHL-26-DET,1773691200,0.0100,0.0100,0.0100,0.0100,0.0200,0.0200,0.0200,0.0200,0.00,397854.00
KXNHL-26-DET,1773694800,0.0100,0.0100,0.0100,0.0100,0.0200,0.0200,0.0200,0.0200,500.00,398354.00
KXNHL-26-DET,1773702000,0.0100,0.0100,0.0100,0.0100,0.0200,0.0200,0.0200,0.0200,0.00,398354.00
KXNHL-26-DET,1773705600,0.0100,0.0100,0.0100,0.0100,0.0200,0.0200,0.0200,0.0200,0.00,398354.00
KXNHL-26-DET,1773709200,0.0100,0.0100,0.0100,0.0100,0.0200,0.0200,0.0200,0.0200,1.00,398355.00
KXNHL-26-DET,1773712800,0.0100,0.0100,0.0100,0.0100,0.0200,0.0200,0.0200,0.0200,0.00,398355.00
KXNHL-26-DET,1773716400,0.0100,0.0100,0.0100,0.0100,0.0200,0.0200,0.0200,0.0200,0.00,398355.00
KXNHL-26-DET,1773720000,0.0100,0.0100,0.0100,0.0100,0.0200,0.0200,0.0200,0.0200,0.00,398355.00
KXNHL-26-DET,1773723600,0.0100,0.0100,0.0100,0.0100,0.0200,0.0200,0.0200,0.0200,1308.00,399197.00
KXNHL-26-DET,1773727200,0.0100,0.0100,0.0100,0.0100,0.0200,0.0200,0.0200,0.0200,0.00,399197.00
KXNHL-26-DET,1773730800,0.0100,0.0100,0.0100,0.0100,0.0200,0.0200,0.0200,0.0200,0.00,399197.00
KXNHL-26-DET,1773734400,0.0100,0.0100,0.0100,0.0100,0.0200,0.0200,0.0200,0.0200,0.00,399197.00
KXNHL-26-DET,1773741600,0.0100,0.0100,0.0100,0.0100,0.0200,0.0200,0.0200,0.0200,0.00,399197.00
KXNHL-26-DET,1773745200,0.0100,0.0100,0.0100,0.0100,0.0200,0.0200,0.0200,0.0200,0.00,399197.00
KXNHL-26-DET,1773748800,0.0100,0.0100,0.0100,0.0100,0.0200,0.0200,0.0200,0.0200,0.00,399197.00
KXNHL-26-DET,1773752400,0.0100,0.0100,0.0100,0.0100,0.0200,0.0200,0.0200,0.0200,0.00,399197.00
KXNHL-26-DET,1773756000,0.0100,0.0100,0.0100,0.0100,0.0200,0.0200,0.0200,0.0200,0.00,399197.00
KXNHL-26-DET,1773759600,0.0100,0.0100,0.0100,0.0100,0.0200,0.0200,0.0200,0.0200,3.00,399200.00
KXNHL-26-DET,1773763200,0.0100,0.0100,0.0100,0.0100,0.0200,0.0200,0.0200,0.0200,0.00,399200.00
KXNHL-26-DET,1773766800,0.0100,0.0100,0.0100,0.0100,0.0200,0.0200,0.0200,0.0200,0.00,399200.00
KXNHL-26-DET,1773770400,0.0100,0.0100,0.0100,0.0100,0.0200,0.0200,0.0200,0.0200,0.00,399200.00
KXNHL-26-DET,1773774000,0.0100,0.0100,0.0100,0.0100,0.0200,0.0200,0.0200,0.0200,0.00,399200.00
KXNHL-26-DET,1773777600,0.0100,0.0100,0.0100,0.0100,0.0200,0.0200,0.0200,0.0200,0.00,399200.00
KXNHL-26-DET,1773781200,0.0100,0.0100,0.0100,0.0100,0.0200,0.0200,0.0200,0.0200,0.00,399200.00
KXNHL-26-DET,1773784800,0.0100,0.0100,0.0100,0.0100,0.0200,0.0200,0.0200,0.0200,0.00,399200.00
KXNHL-26-DET,1773788400,0.0100,0.0100,0.0100,0.0100,0.0200,0.0200,0.0200,0.0200,0.00,399200.00
KXNHL-26-DET,1773792000,0.0100,0.0100,0.0100,0.0100,0.0200,0.0200,0.0200,0.0200,93.00,399107.00
KXNHL-26-DET,1773795600,0.0100,0.0100,0.0100,0.0100,0.0200,0.0200,0.0200,0.0200,0.00,399107.00
KXNHL-26-DET,1773799200,0.0100,0.0100,0.0100,0.0100,0.0200,0.0200,0.0200,0.0200,1.00,399106.00
KXNHL-26-DET,1773802800,0.0100,0.0100,0.0100,0.0100,0.0200,0.0200,0.0200,0.0200,24.00,399130.00
KXNHL-26-DET,1773806400,0.0100,0.0100,0.0100,0.0100,0.0200,0.0200,0.0200,0.0200,0.00,399130.00
KXNHL-26-DET,1773810000,0.0100,0.0100,0.0100,0.0100,0.0200,0.0200,0.0200,0.0200,0.00,399130.00
KXNHL-26-DET,1773813600,0.0100,0.0100,0.0100,0.0100,0.0200,0.0200,0.0200,0.0200,0.00,399130.00
KXNHL-26-DET,1773817200,0.0100,0.0100,0.0100,0.0100,0.0200,0.0200,0.0200,0.0200,0.00,399130.00
KXNHL-26-DET,1773820800,0.0100,0.0100,0.0100,0.0100,0.0200,0.0200,0.0200,0.0200,0.00,399130.00
KXNHL-26-DET,1773831600,0.0100,0.0100,0.0100,0.0100,0.0200,0.0200,0.0200,0.0200,0.00,399130.00
KXNHL-26-DET,1773838800,0.0100,0.0100,0.0100,0.0100,0.0200,0.0200,0.0200,0.0200,0.00,399130.00
KXNHL-26-DET,1773842400,0.0100,0.0100,0.0100,0.0100,0.0200,0.0200,0.0200,0.0200,10.00,399120.00
KXNHL-26-DET,1773846000,0.0100,0.0100,0.0100,0.0100,0.0200,0.0200,0.0200,0.0200,0.00,399120.00
KXNHL-26-DET,1773849600,0.0100,0.0100,0.0100,0.0100,0.0200,0.0200,0.0200,0.0200,0.00,399120.00
KXNHL-26-DET,1773853200,0.0100,0.0100,0.0100,0.0100,0.0200,0.0200,0.0200,0.0200,0.00,399120.00
KXNHL-26-DET,1773856800,0.0100,0.0100,0.0100,0.0100,0.0200,0.0200,0.0200,0.0200,0.00,399120.00
KXNHL-26-DET,1773860400,0.0100,0.0100,0.0100,0.0100,0.0200,0.0200,0.0200,0.0200,0.00,399120.00
KXNHL-26-DET,1773864000,0.0100,0.0100,0.0100,0.0100,0.0200,0.0200,0.0200,0.0200,0.00,399120.00
KXNHL-26-DET,1773867600,0.0100,0.0100,0.0100,0.0100,0.0200,0.0200,0.0200,0.0200,0.00,399120.00
KXNHL-26-DET,1773871200,0.0100,0.0100,0.0100,0.0100,0.0200,0.0200,0.0200,0.0200,0.00,399120.00
KXNHL-26-DET,1773874800,0.0100,0.0100,0.0100,0.0100,0.0200,0.0200,0.0200,0.0200,0.00,399120.00
KXNHL-26-DET,1773878400,0.0100,0.0100,0.0100,0.0100,0.0200,0.0200,0.0200,0.0200,0.00,399120.00
KXNHL-26-DET,1773882000,0.0100,0.0100,0.0100,0.0100,0.0200,0.0200,0.0200,0.0200,1250.00,400370.00
KXNHL-26-DET,1773885600,0.0100,0.0100,0.0100,0.0100,0.0200,0.0200,0.0200,0.0200,0.00,400370.00
KXNHL-26-DET,1773889200,0.0100,0.0100,0.0100,0.0100,0.0200,0.0200,0.0200,0.0200,0.00,400370.00
KXNHL-26-DET,1773892800,0.0100,0.0100,0.0100,0.0100,0.0200,0.0200,0.0200,0.0200,0.00,400370.00
KXNHL-26-DET,1773896400,0.0100,0.0100,0.0100,0.0100,0.0200,0.0200,0.0200,0.0200,0.00,400370.00
KXNHL-26-DET,1773900000,0.0100,0.0100,0.0100,0.0100,0.0200,0.0200,0.0200,0.0200,0.00,400370.00
KXNHL-26-DET,1773903600,0.0100,0.0100,0.0100,0.0100,0.0200,0.0200,0.0200,0.0200,1169.00,401539.00
KXNHL-26-DET,1773907200,0.0100,0.0100,0.0100,0.0100,0.0200,0.0200,0.0200,0.0200,0.00,401539.00
KXNHL-26-DET,1773914400,0.0100,0.0100,0.0100,0.0100,0.0200,0.0200,0.0200,0.0200,0.00,401539.00
KXNHL-26-DET,1773918000,0.0100,0.0100,0.0100,0.0100,0.0200,0.0200,0.0200,0.0200,0.00,401539.00
KXNHL-26-DET,1773921600,0.0100,0.0100,0.0100,0.0100,0.0200,0.0200,0.0200,0.0200,0.00,401539.00
KXNHL-26-DET,1773925200,0.0100,0.0100,0.0100,0.0100,0.0200,0.0200,0.0200,0.0200,0.00,401539.00
KXNHL-26-DET,1773928800,0.0100,0.0100,0.0100,0.0100,0.0200,0.0200,0.0200,0.0200,0.00,401539.00
KXNHL-26-DET,1773932400,0.0100,0.0100,0.0100,0.0100,0.0200,0.0200,0.0200,0.0200,0.00,401539.00
KXNHL-26-DET,1773936000,0.0100,0.0100,0.0100,0.0100,0.0200,0.0200,0.0200,0.0200,2.00,401537.00
KXNHL-26-DET,1773939600,0.0100,0.0100,0.0100,0.0100,0.0200,0.0200,0.0200,0.0200,0.00,401537.00
KXNHL-26-DET,1773943200,0.0100,0.0100,0.0100,0.0100,0.0200,0.0200,0.0200,0.0200,0.00,401537.00
KXNHL-26-DET,1773946800,0.0100,0.0100,0.0100,0.0100,0.0200,0.0200,0.0200,0.0200,233.00,401770.00
KXNHL-26-DET,1773950400,0.0100,0.0100,0.0100,0.0100,0.0200,0.0200,0.0200,0.0200,30.00,401800.00
KXNHL-26-DET,1773954000,0.0100,0.0100,0.0100,0.0100,0.0200,0.0200,0.0200,0.0200,213.00,401613.00
KXNHL-26-DET,1773957600,0.0100,0.0100,0.0100,0.0100,0.0200,0.0200,0.0200,0.0200,0.00,401613.00
KXNHL-26-DET,1773961200,0.0100,0.0100,0.0100,0.0100,0.0200,0.0200,0.0200,0.0200,0.00,401613.00
KXNHL-26-DET,1773964800,0.0100,0.0100,0.0100,0.0100,0.0200,0.0200,0.0200,0.0200,0.00,401613.00
KXNHL-26-DET,1773968400,0.0100,0.0100,0.0100,0.0100,0.0200,0.0200,0.0200,0.0200,10.00,401623.00
KXNHL-26-DET,1773972000,0.0100,0.0100,0.0100,0.0100,0.0200,0.0200,0.0200,0.0200,0.00,401623.00
KXNHL-26-DET,1773975600,0.0100,0.0100,0.0100,0.0100,0.0200,0.0200,0.0200,0.0200,0.00,401623.00
KXNHL-26-DET,1773979200,0.0100,0.0100,0.0100,0.0100,0.0200,0.0200,0.0200,0.0200,0.00,401623.00
KXNHL-26-DET,1773982800,0.0100,0.0100,0.0100,0.0100,0.0200,0.0200,0.0200,0.0200,0.00,401623.00
KXNHL-26-DET,1773986400,0.0100,0.0100,0.0100,0.0100,0.0200,0.0200,0.0200,0.0200,0.00,401623.00
KXNHL-26-DET,1773990000,0.0100,0.0100,0.0100,0.0100,0.0200,0.0200,0.0200,0.0200,0.00,401623.00
KXNHL-26-DET,1773993600,0.0100,0.0100,0.0100,0.0100,0.0200,0.0200,0.0200,0.0200,0.00,401623.00
KXNHL-26-DET,1774000800,0.0100,0.0100,0.0100,0.0100,0.0200,0.0200,0.0200,0.0200,0.00,401623.00
KXNHL-26-DET,1774004400,0.0100,0.0100,0.0100,0.0100,0.0200,0.0200,0.0200,0.0200,0.00,401623.00
KXNHL-26-DET,1774008000,0.0100,0.0100,0.0100,0.0100,0.0200,0.0200,0.0200,0.0200,0.00,401623.00
KXNHL-26-DET,1774011600,0.0100,0.0100,0.0100,0.0100,0.0200,0.0200,0.0200,0.0200,0.00,401623.00
KXNHL-26-DET,1774015200,0.0100,0.0100,0.0100,0.0100,0.0200,0.0200,0.0200,0.0200,0.00,401623.00
KXNHL-26-DET,1774018800,0.0100,0.0100,0.0100,0.0100,0.0200,0.0200,0.0200,0.0200,0.00,401623.00
KXNHL-26-DET,1774022400,0.0100,0.0100,0.0100,0.0100,0.0200,0.0200,0.0200,0.0200,0.00,401623.00
KXNHL-26-DET,1774026000,0.0100,0.0100,0.0100,0.0100,0.0200,0.0200,0.0200,0.0200,0.00,401623.00
KXNHL-26-DET,1774029600,0.0100,0.0100,0.0100,0.0100,0.0200,0.0200,0.0200,0.0200,0.00,401623.00
KXNHL-26-DET,1774036800,0.0100,0.0100,0.0100,0.0100,0.0200,0.0200,0.0200,0.0200,0.00,401623.00
KXNHL-26-DET,1774040400,0.0100,0.0100,0.0100,0.0100,0.0200,0.0200,0.0200,0.0200,286.00,401909.00
KXNHL-26-DET,1774044000,0.0100,0.0100,0.0100,0.0100,0.0200,0.0200,0.0200,0.0200,0.00,401909.00
KXNHL-26-DET,1774047600,0.0100,0.0100,0.0100,0.0100,0.0200,0.0200,0.0200,0.0200,0.00,401909.00
KXNHL-26-DET,1774051200,0.0100,0.0100,0.0100,0.0100,0.0200,0.0200,0.0200,0.0200,0.00,401909.00
KXNHL-26-DET,1774054800,0.0100,0.0100,0.0100,0.0100,0.0200,0.0200,0.0200,0.0200,0.00,401909.00
KXNHL-26-DET,1774058400,0.0100,0.0100,0.0100,0.0100,0.0200,0.0200,0.0200,0.0200,46.00,401955.00
KXNHL-26-DET,1774062000,0.0100,0.0100,0.0100,0.0100,0.0200,0.0200,0.0200,0.0200,0.00,401955.00
KXNHL-26-DET,1774065600,0.0100,0.0100,0.0100,0.0100,0.0200,0.0200,0.0200,0.0200,0.00,401955.00
KXNHL-26-DET,1774069200,0.0100,0.0100,0.0100,0.0100,0.0200,0.0200,0.0200,0.0200,0.00,401955.00
KXNHL-26-DET,1774072800,0.0100,0.0100,0.0100,0.0100,0.0200,0.0200,0.0200,0.0200,0.00,401955.00
KXNHL-26-DET,1774076400,0.0100,0.0100,0.0100,0.0100,0.0200,0.0200,0.0200,0.0200,0.00,401955.00
KXNHL-26-DET,1774080000,0.0100,0.0100,0.0100,0.0100,0.0200,0.0200,0.0200,0.0200,0.00,401955.00
KXNHL-26-DET,1774087200,0.0100,0.0100,0.0100,0.0100,0.0200,0.0200,0.0200,0.0200,0.00,401955.00
KXNHL-26-DET,1774090800,0.0100,0.0100,0.0100,0.0100,0.0200,0.0200,0.0200,0.0200,0.00,401955.00
KXNHL-26-DET,1774094400,0.0100,0.0100,0.0100,0.0100,0.0200,0.0200,0.0200,0.0200,0.00,401955.00
KXNHL-26-DET,1774098000,0.0100,0.0100,0.0100,0.0100,0.0200,0.0200,0.0200,0.0200,0.00,401955.00
KXNHL-26-DET,1774101600,0.0100,0.0100,0.0100,0.0100,0.0200,0.0200,0.0200,0.0200,234.00,401721.00
KXNHL-26-DET,1774105200,0.0100,0.0100,0.0100,0.0100,0.0200,0.0200,0.0200,0.0200,0.00,401721.00
KXNHL-26-DET,1774112400,0.0100,0.0100,0.0100,0.0100,0.0200,0.0200,0.0200,0.0200,2.00,401723.00
KXNHL-26-DET,1774116000,0.0100,0.0100,0.0100,0.0100,0.0200,0.0200,0.0200,0.0200,0.00,401723.00
KXNHL-26-DET,1774119600,0.0100,0.0100,0.0100,0.0100,0.0200,0.0200,0.0200,0.0200,0.00,401723.00
KXNHL-26-DET,1774123200,0.0100,0.0100,0.0100,0.0100,0.0200,0.0200,0.0200,0.0200,0.00,401723.00
KXNHL-26-DET,1774126800,0.0100,0.0100,0.0100,0.0100,0.0200,0.0200,0.0200,0.0200,0.00,401723.00
KXNHL-26-DET,1774130400,0.0100,0.0100,0.0100,0.0100,0.0200,0.0200,0.0200,0.0200,4679.00,406402.00
KXNHL-26-DET,1774134000,0.0100,0.0100,0.0100,0.0100,0.0200,0.0200,0.0200,0.0200,0.00,406402.00
KXNHL-26-DET,1774137600,0.0100,0.0100,0.0100,0.0100,0.0200,0.0200,0.0200,0.0200,390.00,406792.00
KXNHL-26-DET,1774141200,0.0100,0.0100,0.0100,0.0100,0.0200,0.0200,0.0200,0.0200,0.00,406792.00
KXNHL-26-DET,1774144800,0.0100,0.0100,0.0100,0.0100,0.0200,0.0200,0.0200,0.0200,0.00,406792.00
KXNHL-26-DET,1774148400,0.0100,0.0100,0.0100,0.0100,0.0200,0.0200,0.0200,0.0200,0.00,406792.00
KXNHL-26-DET,1774152000,0.0100,0.0100,0.0100,0.0100,0.0200,0.0200,0.0200,0.0200,312.00,406480.00
KXNHL-26-DET,1774155600,0.0100,0.0100,0.0100,0.0100,0.0200,0.0200,0.0200,0.0200,0.00,406480.00
KXNHL-26-DET,1774159200,0.0100,0.0100,0.0100,0.0100,0.0200,0.0200,0.0200,0.0200,0.00,406480.00
KXNHL-26-DET,1774162800,0.0100,0.0100,0.0100,0.0100,0.0200,0.0200,0.0200,0.0200,46.00,406526.00
KXNHL-26-DET,1774166400,0.0100,0.0100,0.0100,0.0100,0.0200,0.0200,0.0200,0.0200,0.00,406526.00
KXNHL-26-DET,1774170000,0.0100,0.0100,0.0100,0.0100,0.0200,0.0200,0.0200,0.0200,0.00,406526.00
KXNHL-26-DET,1774173600,0.0100,0.0100,0.0100,0.0100,0.0200,0.0200,0.0200,0.0200,0.00,406526.00
KXNHL-26-DET,1774177200,0.0100,0.0100,0.0100,0.0100,0.0200,0.0200,0.0200,0.0200,0.00,406526.00
KXNHL-26-DET,1774180800,0.0100,0.0100,0.0100,0.0100,0.0200,0.0200,0.0200,0.0200,0.00,406526.00
KXNHL-26-DET,1774184400,0.0100,0.0100,0.0100,0.0100,0.0200,0.0200,0.0200,0.0200,0.00,406526.00
KXNHL-26-DET,1774188000,0.0100,0.0100,0.0100,0.0100,0.0200,0.0200,0.0200,0.0200,1870.00,406217.00
KXNHL-26-DET,1774191600,0.0100,0.0100,0.0100,0.0100,0.0200,0.0200,0.0200,0.0200,0.00,406217.00
KXNHL-26-DET,1774195200,0.0100,0.0100,0.0100,0.0100,0.0200,0.0200,0.0200,0.0200,0.00,406217.00
KXNHL-26-DET,1774198800,0.0100,0.0100,0.0100,0.0100,0.0200,0.0200,0.0200,0.0200,0.00,406217.00
KXNHL-26-DET,1774202400,0.0100,0.0100,0.0100,0.0100,0.0200,0.0200,0.0200,0.0200,0.00,406217.00
KXNHL-26-DET,1774206000,0.0100,0.0100,0.0100,0.0100,0.0200,0.0200,0.0200,0.0200,0.00,406217.00
KXNHL-26-DET,1774209600,0.0100,0.0100,0.0100,0.0100,0.0200,0.0200,0.0200,0.0200,0.00,406217.00
KXNHL-26-DET,1774213200,0.0100,0.0100,0.0100,0.0100,0.0200,0.0200,0.0200,0.0200,0.00,406217.00
KXNHL-26-DET,1774216800,0.0100,0.0100,0.0100,0.0100,0.0200,0.0200,0.0200,0.0200,0.00,406217.00
KXNHL-26-DET,1774220400,0.0100,0.0100,0.0100,0.0100,0.0200,0.0200,0.0200,0.0200,5.00,406222.00
KXNHL-26-DET,1774224000,0.0100,0.0100,0.0100,0.0100,0.0200,0.0200,0.0200,0.0200,0.00,406222.00
KXNHL-26-DET,1774227600,0.0100,0.0100,0.0100,0.0100,0.0200,0.0200,0.0200,0.0200,0.00,406222.00
KXNHL-26-DET,1774231200,0.0100,0.0100,0.0100,0.0100,0.0200,0.0200,0.0200,0.0200,0.00,406222.00
KXNHL-26-DET,1774234800,0.0100,0.0100,0.0100,0.0100,0.0200,0.0200,0.0200,0.0200,0.00,406222.00
KXNHL-26-DET,1774238400,0.0100,0.0100,0.0100,0.0100,0.0200,0.0200,0.0200,0.0200,0.00,406222.00
KXNHL-26-DET,1774242000,0.0100,0.0100,0.0100,0.0100,0.0200,0.0200,0.0200,0.0200,0.00,406222.00
KXNHL-26-DET,1774245600,0.0100,0.0100,0.0100,0.0100,0.0200,0.0200,0.0200,0.0200,0.00,406222.00
KXNHL-26-DET,1774249200,0.0100,0.0100,0.0100,0.0100,0.0200,0.0200,0.0200,0.0200,0.00,406222.00
KXNHL-26-DET,1774252800,0.0100,0.0100,0.0100,0.0100,0.0200,0.0200,0.0200,0.0200,0.00,406222.00
KXNHL-26-DET,1774256400,0.0100,0.0100,0.0100,0.0100,0.0200,0.0200,0.0200,0.0200,0.00,406222.00
KXNHL-26-DET,1774263600,0.0100,0.0100,0.0100,0.0100,0.0200,0.0200,0.0200,0.0200,0.00,406222.00
KXNHL-26-DET,1774267200,0.0100,0.0100,0.0100,0.0100,0.0200,0.0200,0.0200,0.0200,0.00,406222.00
KXNHL-26-DET,1774274400,0.0100,0.0100,0.0100,0.0100,0.0200,0.0200,0.0200,0.0200,0.00,406222.00
KXNHL-26-DET,1774278000,0.0100,0.0100,0.0100,0.0100,0.0200,0.0200,0.0200,0.0200,0.00,406222.00
KXNHL-26-DET,1774281600,0.0100,0.0100,0.0100,0.0100,0.0200,0.0200,0.0200,0.0200,0.00,406222.00
KXNHL-26-DET,1774285200,0.0100,0.0100,0.0100,0.0100,0.0200,0.0200,0.0200,0.0200,0.00,406222.00
KXNHL-26-DET,1774288800,0.0100,0.0100,0.0100,0.0100,0.0200,0.0200,0.0200,0.0200,0.00,406222.00
KXNHL-26-DET,1774292400,0.0100,0.0100,0.0100,0.0100,0.0200,0.0200,0.0200,0.0200,0.00,406222.00
KXNHL-26-DET,1774296000,0.0100,0.0100,0.0100,0.0100,0.0200,0.0200,0.0200,0.0200,0.00,406222.00
KXNHL-26-DET,1774303200,0.0100,0.0100,0.0100,0.0100,0.0200,0.0200,0.0200,0.0200,0.00,406222.00
KXNHL-26-DET,1774306800,0.0100,0.0100,0.0100,0.0100,0.0200,0.0200,0.0200,0.0200,0.00,406222.00
KXNHL-26-DET,1774310400,0.0100,0.0100,0.0100,0.0100,0.0200,0.0200,0.0200,0.0200,0.00,406222.00
KXNHL-26-DET,1774314000,0.0100,0.0100,0.0100,0.0100,0.0200,0.0200,0.0200,0.0200,102.00,406224.00
KXNHL-26-DET,1774317600,0.0100,0.0100,0.0100,0.0100,0.0200,0.0200,0.0200,0.0200,374.00,406224.00
KXNHL-26-DET,1774321200,0.0100,0.0100,0.0100,0.0100,0.0200,0.0200,0.0200,0.0200,53.00,406224.00
KXNHL-26-DET,1774324800,0.0100,0.0100,0.0100,0.0100,0.0200,0.0200,0.0200,0.0200,0.00,406224.00
KXNHL-26-DET,1774328400,0.0100,0.0100,0.0100,0.0100,0.0200,0.0200,0.0200,0.0200,0.00,406224.00
KXNHL-26-DET,1774332000,0.0100,0.0100,0.0100,0.0100,0.0200,0.0200,0.0200,0.0200,0.00,406224.00
KXNHL-26-DET,1774335600,0.0100,0.0100,0.0100,0.0100,0.0200,0.0200,0.0200,0.0200,0.00,406224.00
KXNHL-26-DET,1774339200,0.0100,0.0100,0.0100,0.0100,0.0200,0.0200,0.0200,0.0200,0.00,406224.00
KXNHL-26-DET,1774342800,0.0100,0.0100,0.0100,0.0100,0.0200,0.0200,0.0200,0.0200,0.00,406224.00
KXNHL-26-DET,1774346400,0.0100,0.0100,0.0100,0.0100,0.0200,0.0200,0.0200,0.0200,200.00,406224.00
KXNHL-26-DET,1774350000,0.0100,0.0100,0.0100,0.0100,0.0200,0.0200,0.0200,0.0200,0.00,406224.00
KXNHL-26-DET,1774353600,0.0100,0.0100,0.0100,0.0100,0.0200,0.0200,0.0200,0.0200,0.00,406224.00
KXNHL-26-DET,1774357200,0.0100,0.0100,0.0100,0.0100,0.0200,0.0200,0.0200,0.0200,0.00,406224.00
KXNHL-26-DET,1774360800,0.0100,0.0100,0.0100,0.0100,0.0200,0.0200,0.0200,0.0200,3.00,406227.00
KXNHL-26-DET,1774364400,0.0100,0.0100,0.0100,0.0100,0.0200,0.0200,0.0200,0.0200,0.00,406227.00
KXNHL-26-DET,1774368000,0.0100,0.0100,0.0100,0.0100,0.0200,0.0200,0.0200,0.0200,400.00,406227.00
KXNHL-26-DET,1774371600,0.0100,0.0100,0.0100,0.0100,0.0200,0.0200,0.0200,0.0200,0.00,406227.00
KXNHL-26-DET,1774375200,0.0100,0.0100,0.0100,0.0100,0.0200,0.0200,0.0200,0.0200,218.00,406227.00
KXNHL-26-DET,1774378800,0.0100,0.0100,0.0100,0.0100,0.0200,0.0200,0.0200,0.0200,0.00,406227.00
KXNHL-26-DET,1774382400,0.0100,0.0100,0.0100,0.0100,0.0200,0.0200,0.0200,0.0200,46.00,406273.00
KXNHL-26-DET,1774386000,0.0100,0.0100,0.0100,0.0100,0.0200,0.0200,0.0200,0.0200,30.00,406303.00
KXNHL-26-DET,1774389600,0.0100,0.0100,0.0100,0.0100,0.0200,0.0200,0.0200,0.0200,0.00,406303.00
KXNHL-26-DET,1774393200,0.0100,0.0100,0.0100,0.0100,0.0200,0.0200,0.0200,0.0200,0.00,406303.00
KXNHL-26-DET,1774396800,0.0100,0.0100,0.0100,0.0100,0.0200,0.0200,0.0200,0.0200,2500.00,408803.00
KXNHL-26-DET,1774400400,0.0100,0.0100,0.0100,0.0100,0.0200,0.0200,0.0200,0.0200,0.00,408803.00
KXNHL-26-DET,1774404000,0.0100,0.0100,0.0100,0.0100,0.0200,0.0200,0.0200,0.0200,0.00,408803.00
KXNHL-26-DET,1774407600,0.0100,0.0100,0.0100,0.0100,0.0200,0.0200,0.0200,0.0200,0.00,408803.00
KXNHL-26-DET,1774411200,0.0100,0.0100,0.0100,0.0100,0.0200,0.0200,0.0200,0.0200,0.00,408803.00
KXNHL-26-DET,1774414800,0.0100,0.0100,0.0100,0.0100,0.0200,0.0200,0.0200,0.0200,0.00,408803.00
KXNHL-26-DET,1774418400,0.0100,0.0100,0.0100,0.0100,0.0200,0.0200,0.0200,0.0200,0.00,408803.00
KXNHL-26-DET,1774422000,0.0100,0.0100,0.0100,0.0100,0.0200,0.0200,0.0200,0.0200,0.00,408803.00
KXNHL-26-DET,1774425600,0.0100,0.0100,0.0100,0.0100,0.0200,0.0200,0.0200,0.0200,0.00,408803.00
KXNHL-26-DET,1774429200,0.0100,0.0100,0.0100,0.0100,0.0200,0.0200,0.0200,0.0200,0.00,408803.00
KXNHL-26-DET,1774432800,0.0100,0.0100,0.0100,0.0100,0.0200,0.0200,0.0200,0.0200,0.00,408803.00
KXNHL-26-DET,1774436400,0.0100,0.0100,0.0100,0.0100,0.0200,0.0200,0.0200,0.0200,0.00,408803.00
KXNHL-26-DET,1774440000,0.0100,0.0100,0.0100,0.0100,0.0200,0.0200,0.0200,0.0200,62.00,408803.00
KXNHL-26-DET,1774447200,0.0100,0.0100,0.0100,0.0100,0.0200,0.0200,0.0200,0.0200,0.00,408803.00
KXNHL-26-DET,1774450800,0.0100,0.0100,0.0100,0.0100,0.0200,0.0200,0.0200,0.0200,500.00,409303.00
KXNHL-26-DET,1774454400,0.0100,0.0100,0.0100,0.0100,0.0200,0.0200,0.0200,0.0200,0.00,409303.00
KXNHL-26-DET,1774458000,0.0100,0.0100,0.0100,0.0100,0.0200,0.0200,0.0200,0.0200,0.00,409303.00
KXNHL-26-DET,1774461600,0.0100,0.0100,0.0100,0.0100,0.0200,0.0200,0.0200,0.0200,0.00,409303.00
KXNHL-26-DET,1774472400,0.0100,0.0100,0.0100,0.0100,0.0200,0.0200,0.0200,0.0200,0.00,409303.00
KXNHL-26-DET,1774479600,0.0100,0.0100,0.0100,0.0100,0.0200,0.0200,0.0200,0.0200,0.00,409303.00
KXNHL-26-DET,1774483200,0.0100,0.0100,0.0100,0.0100,0.0200,0.0200,0.0200,0.0200,0.00,409303.00
KXNHL-26-DET,1774486800,0.0100,0.0100,0.0100,0.0100,0.0200,0.0200,0.0200,0.0200,0.00,409303.00
KXNHL-26-DET,1774490400,0.0100,0.0100,0.0100,0.0100,0.0200,0.0200,0.0200,0.0200,0.00,409303.00
KXNHL-26-DET,1774494000,0.0100,0.0100,0.0000,0.0000,0.0200,0.0200,0.0200,0.0200,2364.00,409031.00
KXNHL-26-DET,1774497600,0.0000,0.0000,0.0000,0.0000,0.0200,0.0200,0.0200,0.0200,0.00,409031.00
KXNHL-26-DET,1774501200,0.0000,0.0000,0.0000,0.0000,0.0200,0.0200,0.0200,0.0200,0.00,409031.00
KXNHL-26-DET,1774504800,0.0000,0.0000,0.0000,0.0000,0.0200,0.0200,0.0200,0.0200,0.00,409031.00
KXNHL-26-DET,1774508400,0.0000,0.0000,0.0000,0.0000,0.0200,0.0200,0.0200,0.0200,0.00,409031.00
KXNHL-26-DET,1774515600,0.0000,0.0000,0.0000,0.0000,0.0200,0.0200,0.0200,0.0200,0.00,409031.00
KXNHL-26-DET,1774519200,0.0000,0.0000,0.0000,0.0000,0.0200,0.0200,0.0100,0.0100,0.00,409031.00
KXNHL-26-DET,1774522800,0.0000,0.0000,0.0000,0.0000,0.0100,0.0100,0.0100,0.0100,0.00,409031.00
KXNHL-26-DET,1774526400,0.0000,0.0000,0.0000,0.0000,0.0100,0.0100,0.0100,0.0100,0.00,409031.00
KXNHL-26-DET,1774530000,0.0000,0.0000,0.0000,0.0000,0.0100,0.0100,0.0100,0.0100,0.00,409031.00
KXNHL-26-DET,1774533600,0.0000,0.0000,0.0000,0.0000,0.0100,0.0100,0.0100,0.0100,0.00,409031.00
KXNHL-26-DET,1774540800,0.0000,0.0000,0.0000,0.0000,0.0100,0.0100,0.0100,0.0100,0.00,409031.00
KXNHL-26-DET,1774544400,0.0000,0.0000,0.0000,0.0000,0.0100,0.0100,0.0100,0.0100,0.00,409031.00
KXNHL-26-DET,1774555200,0.0000,0.0000,0.0000,0.0000,0.0100,0.0100,0.0100,0.0100,0.00,409031.00
KXNHL-26-DET,1774562400,0.0000,0.0000,0.0000,0.0000,0.0100,0.0100,0.0100,0.0100,0.00,409031.00
KXNHL-26-DET,1774576800,0.0000,0.0000,0.0000,0.0000,0.0100,0.0100,0.0100,0.0100,4675.00,413706.00
KXNHL-26-DET,1774580400,0.0000,0.0000,0.0000,0.0000,0.0100,0.0100,0.0100,0.0100,93.00,413799.00
KXNHL-26-DET,1774584000,0.0000,0.0000,0.0000,0.0000,0.0100,0.0100,0.0100,0.0100,145.00,413944.00
KXNHL-26-DET,1774645200,0.0000,0.0000,0.0000,0.0000,0.0100,0.0100,0.0100,0.0100,0.00,413944.00
KXNHL-26-DET,1774648800,0.0000,0.0000,0.0000,0.0000,0.0100,0.0100,0.0100,0.0100,5.00,413949.00
KXNHL-26-DET,1774674000,0.0000,0.0000,0.0000,0.0000,0.0100,0.0100,0.0100,0.0100,107.00,414056.00
KXNHL-26-DET,1774677600,0.0000,0.0000,0.0000,0.0000,0.0100,0.0100,0.0100,0.0100,1065.00,415121.00
KXNHL-26-DET,1774681200,0.0000,0.0000,0.0000,0.0000,0.0100,0.0100,0.0100,0.0100,467.00,415588.00
KXNHL-26-DET,1774684800,0.0000,0.0000,0.0000,0.0000,0.0100,0.0100,0.0100,0.0100,0.00,415588.00
KXNHL-26-DET,1774702800,0.0000,0.0000,0.0000,0.0000,0.0100,0.0100,0.0100,0.0100,56.00,415644.00
KXNHL-26-DET,1774710000,0.0000,0.0000,0.0000,0.0000,0.0100,0.0100,0.0100,0.0100,93.00,415737.00
KXNHL-26-DET,1774717200,0.0000,0.0000,0.0000,0.0000,0.0100,0.0100,0.0100,0.0100,935.00,416672.00
KXNHL-26-DET,1774731600,0.0000,0.0000,0.0000,0.0000,0.0100,0.0100,0.0100,0.0100,1495.00,418167.00
KXNHL-26-DET,1774735200,0.0000,0.0000,0.0000,0.0000,0.0100,0.0100,0.0100,0.0100,2.00,418169.00
KXNHL-26-DET,1774746000,0.0000,0.0000,0.0000,0.0000,0.0100,0.0100,0.0100,0.0100,0.00,418169.00
KXNHL-26-DET,1774753200,0.0000,0.0000,0.0000,0.0000,0.0100,0.0100,0.0100,0.0100,26.00,418195.00
KXNHL-26-DET,1774792800,0.0000,0.0000,0.0000,0.0000,0.0100,0.0100,0.0100,0.0100,0.00,418195.00
KXNHL-26-DET,1774803600,0.0000,0.0000,0.0000,0.0000,0.0100,0.0100,0.0100,0.0100,93.00,418288.00
KXNHL-26-DET,1774810800,0.0000,0.0000,0.0000,0.0000,0.0100,0.0100,0.0100,0.0100,0.00,418288.00
KXNHL-26-DET,1774821600,0.0000,0.0000,0.0000,0.0000,0.0100,0.0100,0.0100,0.0100,187.00,418475.00
KXNHL-26-DET,1774825200,0.0000,0.0000,0.0000,0.0000,0.0100,0.0100,0.0100,0.0100,1.00,418476.00
KXNHL-26-DET,1774854000,0.0000,0.0000,0.0000,0.0000,0.0100,0.0100,0.0100,0.0100,187.00,418663.00
KXNHL-26-DET,1774872000,0.0000,0.0000,0.0000,0.0000,0.0100,0.0100,0.0100,0.0100,0.00,418663.00
KXNHL-26-DET,1774879200,0.0000,0.0000,0.0000,0.0000,0.0100,0.0100,0.0100,0.0100,0.00,418663.00
KXNHL-26-DET,1774890000,0.0000,0.0000,0.0000,0.0000,0.0100,0.0100,0.0100,0.0100,104.00,418767.00
KXNHL-26-DET,1774904400,0.0000,0.0000,0.0000,0.0000,0.0100,0.0100,0.0100,0.0100,51.00,418818.00
KXNHL-26-DET,1774918800,0.0000,0.0000,0.0000,0.0000,0.0100,0.0100,0.0100,0.0100,11.00,418829.00
KXNHL-26-DET,1775001600,0.0000,0.0000,0.0000,0.0000,0.0100,0.0100,0.0100,0.0100,0.00,418829.00
KXNHL-26-DET,1775005200,0.0000,0.0000,0.0000,0.0000,0.0100,0.0100,0.0100,0.0100,0.00,418829.00
KXNHL-26-DET,1775012400,0.0000,0.0000,0.0000,0.0000,0.0100,0.0100,0.0100,0.0100,0.00,418829.00
KXNHL-26-DET,1775019600,0.0000,0.0000,0.0000,0.0000,0.0100,0.0100,0.0100,0.0100,0.00,418829.00
KXNHL-26-DET,1775080800,0.0000,0.0000,0.0000,0.0000,0.0100,0.0100,0.0100,0.0100,93.00,418922.00
KXNHL-26-DET,1775084400,0.0000,0.0000,0.0000,0.0000,0.0100,0.0100,0.0100,0.0100,0.00,418922.00
KXNHL-26-DET,1775102400,0.0000,0.0000,0.0000,0.0000,0.0100,0.0100,0.0100,0.0100,93.00,419015.00
KXNHL-26-DET,1775109600,0.0000,0.0000,0.0000,0.0000,0.0100,0.0100,0.0100,0.0100,0.00,419015.00
KXNHL-26-DET,1775217600,0.0000,0.0000,0.0000,0.0000,0.0100,0.0100,0.0100,0.0100,0.00,419015.00
KXNHL-26-DET,1775246400,0.0000,0.0000,0.0000,0.0000,0.0100,0.0100,0.0100,0.0100,0.00,419015.00
KXNHL-26-DET,1775318400,0.0000,0.0000,0.0000,0.0000,0.0100,0.0100,0.0100,0.0100,467.00,419482.00
KXNHL-26-DET,1775354400,0.0000,0.0000,0.0000,0.0000,0.0100,0.0100,0.0100,0.0100,6.00,419488.00
KXNHL-26-DET,1775358000,0.0000,0.0000,0.0000,0.0000,0.0100,0.0100,0.0100,0.0100,935.00,420423.00
KXNHL-26-DET,1775368800,0.0000,0.0000,0.0000,0.0000,0.0100,0.0100,0.0100,0.0100,0.00,420423.00
KXNHL-26-DET,1775394000,0.0000,0.0000,0.0000,0.0000,0.0100,0.0100,0.0100,0.0100,166.00,420589.00
KXNHL-26-DET,1775412000,0.0000,0.0000,0.0000,0.0000,0.0100,0.0100,0.0100,0.0100,239.00,420828.00
KXNHL-26-DET,1775415600,0.0000,0.0000,0.0000,0.0000,0.0100,0.0100,0.0100,0.0100,0.00,420828.00
KXNHL-26-DET,1775422800,0.0000,0.0000,0.0000,0.0000,0.0100,0.0100,0.0100,0.0100,0.00,420828.00
KXNHL-26-DET,1775426400,0.0000,0.0000,0.0000,0.0000,0.0100,0.0100,0.0100,0.0100,0.00,420828.00
KXNHL-26-DET,1775430000,0.0000,0.0000,0.0000,0.0000,0.0100,0.0100,0.0100,0.0100,0.00,420828.00
KXNHL-26-DET,1775433600,0.0000,0.0000,0.0000,0.0000,0.0100,0.0100,0.0100,0.0100,57.00,420885.00
KXNHL-26-DET,1775437200,0.0000,0.0000,0.0000,0.0000,0.0100,0.0100,0.0100,0.0100,0.00,420885.00
KXNHL-26-DET,1775440800,0.0000,0.0000,0.0000,0.0000,0.0100,0.0100,0.0100,0.0100,0.00,420885.00
KXNHL-26-DET,1775444400,0.0000,0.0000,0.0000,0.0000,0.0100,0.0100,0.0100,0.0100,0.00,420885.00
KXNHL-26-DET,1775448000,0.0000,0.0000,0.0000,0.0000,0.0100,0.0100,0.0100,0.0100,0.00,420885.00
KXNHL-26-DET,1775451600,0.0000,0.0000,0.0000,0.0000,0.0100,0.0100,0.0100,0.0100,0.00,420885.00
KXNHL-26-DET,1775455200,0.0000,0.0000,0.0000,0.0000,0.0100,0.0100,0.0100,0.0100,0.00,420885.00
KXNHL-26-DET,1775458800,0.0000,0.0000,0.0000,0.0000,0.0100,0.0100,0.0100,0.0100,0.00,420885.00
KXNHL-26-DET,1775462400,0.0000,0.0000,0.0000,0.0000,0.0100,0.0100,0.0100,0.0100,0.00,420885.00
KXNHL-26-DET,1775476800,0.0000,0.0000,0.0000,0.0000,0.0100,0.0100,0.0100,0.0100,0.00,420885.00
KXNHL-26-DET,1775487600,0.0000,0.0000,0.0000,0.0000,0.0100,0.0100,0.0100,0.0100,0.00,420885.00
KXNHL-26-DET,1775491200,0.0000,0.0000,0.0000,0.0000,0.0100,0.0100,0.0100,0.0100,0.00,420885.00
KXNHL-26-DET,1775494800,0.0000,0.0000,0.0000,0.0000,0.0100,0.0100,0.0100,0.0100,0.00,420885.00
KXNHL-26-DET,1775498400,0.0000,0.0000,0.0000,0.0000,0.0100,0.0100,0.0100,0.0100,0.00,420885.00
KXNHL-26-DET,1775502000,0.0000,0.0000,0.0000,0.0000,0.0100,0.0100,0.0100,0.0100,0.00,420885.00
KXNHL-26-DET,1775505600,0.0000,0.0000,0.0000,0.0000,0.0100,0.0100,0.0100,0.0100,0.00,420885.00
KXNHL-26-DET,1775509200,0.0000,0.0000,0.0000,0.0000,0.0100,0.0100,0.0100,0.0100,0.00,420885.00
KXNHL-26-DET,1775512800,0.0000,0.0000,0.0000,0.0000,0.0100,0.0100,0.0100,0.0100,0.00,420885.00
KXNHL-26-DET,1775516400,0.0000,0.0000,0.0000,0.0000,0.0100,0.0100,0.0100,0.0100,0.00,420885.00
KXNHL-26-DET,1775520000,0.0000,0.0000,0.0000,0.0000,0.0100,0.0100,0.0100,0.0100,0.00,420885.00
KXNHL-26-DET,1775523600,0.0000,0.0000,0.0000,0.0000,0.0100,0.0100,0.0100,0.0100,0.00,420885.00
KXNHL-26-DET,1775527200,0.0000,0.0000,0.0000,0.0000,0.0100,0.0100,0.0100,0.0100,0.00,420885.00
KXNHL-26-DET,1775530800,0.0000,0.0000,0.0000,0.0000,0.0100,0.0100,0.0100,0.0100,0.00,420885.00
KXNHL-26-DET,1775534400,0.0000,0.0000,0.0000,0.0000,0.0100,0.0100,0.0100,0.0100,0.00,420885.00
KXNHL-26-DET,1775538000,0.0000,0.0000,0.0000,0.0000,0.0100,0.0100,0.0100,0.0100,935.00,421820.00
KXNHL-26-DET,1775541600,0.0000,0.0000,0.0000,0.0000,0.0100,0.0100,0.0100,0.0100,0.00,421820.00
KXNHL-26-DET,1775545200,0.0000,0.0000,0.0000,0.0000,0.0100,0.0100,0.0100,0.0100,0.00,421820.00
KXNHL-26-DET,1775548800,0.0000,0.0000,0.0000,0.0000,0.0100,0.0100,0.0100,0.0100,0.00,421820.00
KXNHL-26-DET,1775556000,0.0000,0.0000,0.0000,0.0000,0.0100,0.0100,0.0100,0.0100,0.00,421820.00
KXNHL-26-DET,1775563200,0.0000,0.0000,0.0000,0.0000,0.0100,0.0100,0.0100,0.0100,46.00,421866.00
KXNHL-26-DET,1775606400,0.0000,0.0000,0.0000,0.0000,0.0100,0.0100,0.0100,0.0100,0.00,421866.00
KXNHL-26-DET,1775610000,0.0000,0.0000,0.0000,0.0000,0.0100,0.0100,0.0100,0.0100,0.00,421866.00
KXNHL-26-DET,1775613600,0.0000,0.0000,0.0000,0.0000,0.0100,0.0100,0.0100,0.0100,0.00,421866.00
KXNHL-26-DET,1775617200,0.0000,0.0000,0.0000,0.0000,0.0100,0.0100,0.0100,0.0100,0.00,421866.00
KXNHL-26-DET,1775620800,0.0000,0.0000,0.0000,0.0000,0.0100,0.0100,0.0100,0.0100,0.00,421866.00
KXNHL-26-DET,1775624400,0.0000,0.0000,0.0000,0.0000,0.0100,0.0100,0.0100,0.0100,0.00,421866.00
KXNHL-26-DET,1775628000,0.0000,0.0000,0.0000,0.0000,0.0100,0.0100,0.0100,0.0100,0.00,421866.00
KXNHL-26-DET,1775631600,0.0000,0.0000,0.0000,0.0000,0.0100,0.0100,0.0100,0.0100,0.00,421866.00
KXNHL-26-DET,1775635200,0.0000,0.0000,0.0000,0.0000,0.0100,0.0100,0.0100,0.0100,0.00,421866.00
KXNHL-26-DET,1775649600,0.0000,0.0000,0.0000,0.0000,0.0100,0.0100,0.0100,0.0100,0.00,421866.00
KXNHL-26-DET,1775656800,0.0000,0.0000,0.0000,0.0000,0.0100,0.0100,0.0100,0.0100,0.00,421866.00
KXNHL-26-DET,1775664000,0.0000,0.0000,0.0000,0.0000,0.0100,0.0100,0.0100,0.0100,33.00,421899.00
KXNHL-26-DET,1775674800,0.0000,0.0000,0.0000,0.0000,0.0100,0.0100,0.0100,0.0100,46.00,421945.00
KXNHL-26-DET,1775682000,0.0000,0.0000,0.0000,0.0000,0.0100,0.0100,0.0100,0.0100,0.00,421945.00
KXNHL-26-DET,1775685600,0.0000,0.0000,0.0000,0.0000,0.0100,0.0100,0.0100,0.0100,0.00,421945.00
KXNHL-26-DET,1775692800,0.0000,0.0000,0.0000,0.0000,0.0100,0.0100,0.0100,0.0100,0.00,421945.00
KXNHL-26-DET,1775696400,0.0000,0.0000,0.0000,0.0000,0.0100,0.0100,0.0100,0.0100,0.00,421945.00
KXNHL-26-DET,1775700000,0.0000,0.0000,0.0000,0.0000,0.0100,0.0100,0.0100,0.0100,0.00,421945.00
KXNHL-26-DET,1775703600,0.0000,0.0000,0.0000,0.0000,0.0100,0.0100,0.0100,0.0100,0.00,421945.00
KXNHL-26-DET,1775707200,0.0000,0.0000,0.0000,0.0000,0.0100,0.0100,0.0100,0.0100,467.00,422412.00
KXNHL-26-DET,1775710800,0.0000,0.0000,0.0000,0.0000,0.0100,0.0100,0.0100,0.0100,0.00,422412.00
KXNHL-26-DET,1775714400,0.0000,0.0000,0.0000,0.0000,0.0100,0.0100,0.0100,0.0100,0.00,422412.00
KXNHL-26-DET,1775718000,0.0000,0.0000,0.0000,0.0000,0.0100,0.0100,0.0100,0.0100,0.00,422412.00
KXNHL-26-DET,1775721600,0.0000,0.0000,0.0000,0.0000,0.0100,0.0100,0.0100,0.0100,0.00,422412.00
KXNHL-26-DET,1775728800,0.0000,0.0000,0.0000,0.0000,0.0100,0.0100,0.0100,0.0100,0.00,422412.00
KXNHL-26-DET,1775739600,0.0000,0.0000,0.0000,0.0000,0.0100,0.0100,0.0100,0.0100,0.00,422412.00
KXNHL-26-DET,1775743200,0.0000,0.0000,0.0000,0.0000,0.0100,0.0100,0.0100,0.0100,0.00,422412.00
KXNHL-26-DET,1775746800,0.0000,0.0000,0.0000,0.0000,0.0100,0.0100,0.0100,0.0100,0.00,422412.00
KXNHL-26-DET,1775750400,0.0000,0.0000,0.0000,0.0000,0.0100,0.0100,0.0100,0.0100,0.00,422412.00
KXNHL-26-DET,1775768400,0.0000,0.0000,0.0000,0.0000,0.0100,0.0100,0.0100,0.0100,0.00,422412.00
KXNHL-26-DET,1775775600,0.0000,0.0000,0.0000,0.0000,0.0100,0.0100,0.0100,0.0100,0.00,422412.00
KXNHL-26-DET,1775779200,0.0000,0.0000,0.0000,0.0000,0.0100,0.0100,0.0100,0.0100,226.00,422638.00
KXNHL-26-DET,1775782800,0.0000,0.0000,0.0000,0.0000,0.0100,0.0100,0.0100,0.0100,0.00,422638.00
KXNHL-26-DET,1775786400,0.0000,0.0000,0.0000,0.0000,0.0100,0.0100,0.0100,0.0100,0.00,422638.00
KXNHL-26-DET,1775790000,0.0000,0.0000,0.0000,0.0000,0.0100,0.0100,0.0100,0.0100,0.00,422638.00
KXNHL-26-DET,1775793600,0.0000,0.0000,0.0000,0.0000,0.0100,0.0100,0.0100,0.0100,0.00,422638.00
KXNHL-26-DET,1775797200,0.0000,0.0000,0.0000,0.0000,0.0100,0.0100,0.0100,0.0100,0.00,422638.00
KXNHL-26-DET,1775800800,0.0000,0.0000,0.0000,0.0000,0.0100,0.0100,0.0100,0.0100,0.00,422638.00
KXNHL-26-DET,1775804400,0.0000,0.0000,0.0000,0.0000,0.0100,0.0100,0.0100,0.0100,0.00,422638.00
KXNHL-26-DET,1775808000,0.0000,0.0000,0.0000,0.0000,0.0100,0.0100,0.0100,0.0100,0.00,422638.00
KXNHL-26-DET,1775833200,0.0000,0.0000,0.0000,0.0000,0.0100,0.0100,0.0100,0.0100,0.00,422638.00
KXNHL-26-DET,1775836800,0.0000,0.0000,0.0000,0.0000,0.0100,0.0100,0.0100,0.0100,0.00,422638.00
KXNHL-26-DET,1775840400,0.0000,0.0000,0.0000,0.0000,0.0100,0.0100,0.0100,0.0100,0.00,422638.00
KXNHL-26-DET,1775854800,0.0000,0.0000,0.0000,0.0000,0.0100,0.0100,0.0100,0.0100,0.00,422638.00
KXNHL-26-DET,1775858400,0.0000,0.0000,0.0000,0.0000,0.0100,0.0100,0.0100,0.0100,0.00,422638.00
KXNHL-26-DET,1775865600,0.0000,0.0000,0.0000,0.0000,0.0100,0.0100,0.0100,0.0100,0.00,422638.00
KXNHL-26-DET,1775869200,0.0000,0.0000,0.0000,0.0000,0.0100,0.0100,0.0100,0.0100,0.00,422638.00
KXNHL-26-DET,1775876400,0.0000,0.0000,0.0000,0.0000,0.0100,0.0100,0.0100,0.0100,625.00,423263.00
KXNHL-26-DET,1775883600,0.0000,0.0000,0.0000,0.0000,0.0100,0.0100,0.0100,0.0100,0.00,423263.00
KXNHL-26-DET,1775887200,0.0000,0.0000,0.0000,0.0000,0.0100,0.0100,0.0100,0.0100,0.00,423263.00
KXNHL-26-DET,1775890800,0.0000,0.0000,0.0000,0.0000,0.0100,0.0100,0.0100,0.0100,0.00,423263.00
KXNHL-26-DET,1775894400,0.0000,0.0000,0.0000,0.0000,0.0100,0.0100,0.0100,0.0100,0.00,423263.00
KXNHL-26-DET,1775905200,0.0000,0.0000,0.0000,0.0000,0.0100,0.0100,0.0100,0.0100,0.00,423263.00
KXNHL-26-DET,1775916000,0.0000,0.0000,0.0000,0.0000,0.0100,0.0100,0.0100,0.0100,0.00,423263.00
KXNHL-26-DET,1775919600,0.0000,0.0000,0.0000,0.0000,0.0100,0.0100,0.0100,0.0100,0.00,423263.00
KXNHL-26-DET,1775923200,0.0000,0.0000,0.0000,0.0000,0.0100,0.0100,0.0100,0.0100,0.00,423263.00
KXNHL-26-DET,1775926800,0.0000,0.0000,0.0000,0.0000,0.0100,0.0100,0.0100,0.0100,0.00,423263.00
KXNHL-26-DET,1775930400,0.0000,0.0000,0.0000,0.0000,0.0100,0.0100,0.0100,0.0100,0.00,423263.00
KXNHL-26-DET,1775934000,0.0000,0.0000,0.0000,0.0000,0.0100,0.0100,0.0100,0.0100,187.00,423450.00
KXNHL-26-DET,1775937600,0.0000,0.0000,0.0000,0.0000,0.0100,0.0100,0.0100,0.0100,0.00,423450.00
KXNHL-26-DET,1775941200,0.0000,0.0000,0.0000,0.0000,0.0100,0.0100,0.0100,0.0100,17.00,423467.00
KXNHL-26-DET,1775944800,0.0000,0.0000,0.0000,0.0000,0.0100,0.0100,0.0100,0.0100,47.00,423514.00
KXNHL-26-DET,1775948400,0.0000,0.0000,0.0000,0.0000,0.0100,0.0100,0.0100,0.0100,0.00,423514.00
KXNHL-26-DET,1775952000,0.0000,0.0000,0.0000,0.0000,0.0100,0.0100,0.0100,0.0100,0.00,423514.00
KXNHL-26-DET,1775955600,0.0000,0.0000,0.0000,0.0000,0.0100,0.0100,0.0100,0.0100,0.00,423514.00
KXNHL-26-DET,1775959200,0.0000,0.0000,0.0000,0.0000,0.0100,0.0100,0.0100,0.0100,0.00,423514.00
KXNHL-26-DET,1775973600,0.0000,0.0000,0.0000,0.0000,0.0100,0.0100,0.0100,0.0100,0.00,423514.00
KXNHL-26-DET,1775991600,0.0000,0.0000,0.0000,0.0000,0.0100,0.0100,0.0100,0.0100,0.00,423514.00
KXNHL-26-DET,1776002400,0.0000,0.0000,0.0000,0.0000,0.0100,0.0100,0.0100,0.0100,0.00,423514.00
KXNHL-26-DET,1776013200,0.0000,0.0000,0.0000,0.0000,0.0100,0.0100,0.0100,0.0100,0.00,423514.00
KXNHL-26-DET,1776016800,0.0000,0.0000,0.0000,0.0000,0.0100,0.0100,0.0100,0.0100,0.00,423514.00
KXNHL-26-DET,1776034800,0.0000,0.0000,0.0000,0.0000,0.0100,0.0100,0.0100,0.0100,0.00,423514.00
KXNHL-26-DET,1776042000,0.0000,0.0000,0.0000,0.0000,0.0100,0.0100,0.0100,0.0100,0.00,423514.00
KXNHL-26-DET,1776049200,0.0000,0.0000,0.0000,0.0000,0.0100,0.0100,0.0100,0.0100,100.00,423614.00
KXNHL-26-DET,1776056400,0.0000,0.0000,0.0000,0.0000,0.0100,0.0100,0.0100,0.0100,0.00,423614.00
KXNHL-26-DET,1776078000,0.0000,0.0000,0.0000,0.0000,0.0100,0.0100,0.0100,0.0100,0.00,423614.00
KXNHL-26-DET,1776081600,0.0000,0.0000,0.0000,0.0000,0.0100,0.0100,0.0100,0.0100,467.00,424081.00
KXNHL-26-DET,1776103200,0.0000,0.0000,0.0000,0.0000,0.0100,0.0100,0.0100,0.0100,1870.00,425951.00
KXNHL-26-DET,1776121200,0.0000,0.0000,0.0000,0.0000,0.0100,0.0100,0.0100,0.0100,0.00,425951.00
KXNHL-26-DET,1776132000,0.0000,0.0000,0.0000,0.0000,0.0100,0.0100,0.0100,0.0100,935.00,426886.00
KXNHL-26-DET,1776160800,0.0000,0.0000,0.0000,0.0000,0.0100,0.0100,0.0100,0.0100,0.00,426886.00
KXNHL-26-DET,1776171600,0.0000,0.0000,0.0000,0.0000,0.0100,0.0100,0.0100,0.0100,0.00,426886.00
KXNHL-26-DET,1776178800,0.0000,0.0000,0.0000,0.0000,0.0100,0.0100,0.0100,0.0100,200.00,427086.00
KXNHL-26-DET,1776186000,0.0000,0.0000,0.0000,0.0000,0.0100,0.0100,0.0100,0.0100,0.00,427086.00
KXNHL-26-DET,1776236400,0.0000,0.0000,0.0000,0.0000,0.0100,0.0100,0.0100,0.0100,833.00,427919.00
KXNHL-26-DET,1776294000,0.0000,0.0000,0.0000,0.0000,0.0100,0.0100,0.0100,0.0100,0.00,427919.00
KXNHL-26-DET,1776308400,0.0000,0.0000,0.0000,0.0000,0.0100,0.0100,0.0100,0.0100,3333.00,431252.00
KXNHL-26-DET,1776315600,0.0000,0.0000,0.0000,0.0000,0.0100,0.0100,0.0100,0.0100,0.00,431252.00
KXNHL-26-DET,1776319200,0.0000,0.0000,0.0000,0.0000,0.0100,0.0100,0.0100,0.0100,0.00,431252.00
KXNHL-26-DET,1776340800,0.0000,0.0000,0.0000,0.0000,0.0100,0.0100,0.0100,0.0100,0.00,431252.00
KXNHL-26-DET,1776376800,0.0000,0.0000,0.0000,0.0000,0.0100,0.0100,0.0100,0.0100,166.00,431418.00
KXNHL-26-DET,1776387600,0.0000,0.0000,0.0000,0.0000,0.0100,0.0100,0.0100,0.0100,0.00,431418.00
KXNHL-26-DET,1776394800,0.0000,0.0000,0.0000,0.0000,0.0100,0.0100,0.0100,0.0100,0.00,431418.00
KXNHL-26-DET,1776402000,0.0000,0.0000,0.0000,0.0000,0.0100,0.0100,0.0100,0.0100,0.00,431418.00
KXNHL-26-DET,1776409200,0.0000,0.0000,0.0000,0.0000,0.0100,0.0100,0.0100,0.0100,0.00,431418.00
KXNHL-26-DET,1776434400,0.0000,0.0000,0.0000,0.0000,0.0100,0.0100,0.0100,0.0100,0.00,431418.00
