ticker,end_period_ts,yes_bid_open,yes_bid_high,yes_bid_low,yes_bid_close,yes_ask_open,yes_ask_high,yes_ask_low,yes_ask_close,volume,open_interest
KXNHL-26-FLA,1758769200,0.0000,0.0000,0.0000,0.0000,0.9900,0.9900,0.9900,0.9900,0.00,0.00
KXNHL-26-FLA,1758772800,0.0000,0.0000,0.0000,0.0000,0.9900,1.0000,0.9900,0.9900,0.00,0.00
KXNHL-26-FLA,1758776400,0.0000,0.0000,0.0000,0.0000,0.9900,1.0000,0.9900,0.9900,0.00,0.00
KXNHL-26-FLA,1758780000,0.0000,0.0000,0.0000,0.0000,0.9900,1.0000,0.9900,0.9900,0.00,0.00
KXNHL-26-FLA,1758783600,0.0000,0.0000,0.0000,0.0000,0.9900,1.0000,0.9900,0.9900,0.00,0.00
KXNHL-26-FLA,1758787200,0.0000,0.0000,0.0000,0.0000,0.9900,1.0000,0.9900,1.0000,0.00,0.00
KXNHL-26-FLA,1758801600,0.0000,0.0000,0.0000,0.0000,1.0000,1.0000,0.5000,0.5000,0.00,0.00
KXNHL-26-FLA,1758805200,0.0000,0.0000,0.0000,0.0000,0.5000,0.5000,0.5000,0.5000,0.00,0.00
KXNHL-26-FLA,1758808800,0.0000,0.0000,0.0000,0.0000,0.5000,0.5000,0.5000,0.5000,0.00,0.00
KXNHL-26-FLA,1758812400,0.0000,0.0000,0.0000,0.0000,0.5000,0.5000,0.5000,0.5000,0.00,0.00
KXNHL-26-FLA,1758816000,0.0000,0.0000,0.0000,0.0000,0.5000,0.5000,0.5000,0.5000,0.00,0.00
KXNHL-26-FLA,1758819600,0.0000,0.0000,0.0000,0.0000,0.5000,0.5000,0.4900,0.4900,0.00,0.00
KXNHL-26-FLA,1758823200,0.0000,0.1500,0.0000,0.1300,0.4900,0.4900,0.1600,0.1600,0.00,0.00
KXNHL-26-FLA,1758826800,0.1300,0.1300,0.1300,0.1300,0.1600,0.1600,0.1600,0.1600,0.00,0.00
KXNHL-26-FLA,1758830400,0.1300,0.1300,0.1300,0.1300,0.1600,0.1600,0.1600,0.1600,0.00,0.00
KXNHL-26-FLA,1758837600,0.1300,0.1300,0.1300,0.1300,0.1600,0.1600,0.1600,0.1600,0.00,0.00
KXNHL-26-FLA,1758841200,0.1300,0.1300,0.1300,0.1300,0.1600,0.1600,0.1600,0.1600,0.00,0.00
KXNHL-26-FLA,1758844800,0.1300,0.1300,0.1300,0.1300,0.1600,0.1600,0.1600,0.1600,0.00,0.00
KXNHL-26-FLA,1758848400,0.1300,0.1300,0.1300,0.1300,0.1600,0.1600,0.1600,0.1600,0.00,0.00
KXNHL-26-FLA,1758852000,0.1300,0.1300,0.1300,0.1300,0.1600,0.1600,0.1600,0.1600,0.00,0.00
KXNHL-26-FLA,1758855600,0.1300,0.1300,0.1300,0.1300,0.1600,0.1600,0.1600,0.1600,0.00,0.00
KXNHL-26-FLA,1758859200,0.1300,0.1300,0.1300,0.1300,0.1600,0.1600,0.1600,0.1600,0.00,0.00
KXNHL-26-FLA,1758862800,0.1300,0.1300,0.1300,0.1300,0.1600,0.1600,0.1600,0.1600,118.00,118.00
KXNHL-26-FLA,1758866400,0.1300,0.1300,0.1300,0.1300,0.1600,0.1600,0.1600,0.1600,0.00,118.00
KXNHL-26-FLA,1758870000,0.1300,0.1300,0.1300,0.1300,0.1600,0.1600,0.1600,0.1600,0.00,118.00
KXNHL-26-FLA,1758873600,0.1300,0.1300,0.1300,0.1300,0.1600,0.1600,0.1600,0.1600,0.00,118.00
KXNHL-26-FLA,1758877200,0.1300,0.1300,0.1300,0.1300,0.1600,0.1600,0.1600,0.1600,0.00,118.00
KXNHL-26-FLA,1758880800,0.1300,0.1300,0.1300,0.1300,0.1600,0.1600,0.1600,0.1600,0.00,118.00
KXNHL-26-FLA,1758888000,0.1300,0.1300,0.1300,0.1300,0.1600,0.1600,0.1600,0.1600,0.00,118.00
KXNHL-26-FLA,1758891600,0.1300,0.1300,0.1300,0.1300,0.1600,0.1600,0.1600,0.1600,0.00,118.00
KXNHL-26-FLA,1758895200,0.1300,0.1300,0.1300,0.1300,0.1600,0.1600,0.1600,0.1600,0.00,118.00
KXNHL-26-FLA,1758898800,0.1300,0.1300,0.1300,0.1300,0.1600,0.1600,0.1600,0.1600,0.00,118.00
KXNHL-26-FLA,1758902400,0.1300,0.1300,0.1300,0.1300,0.1600,0.1600,0.1600,0.1600,0.00,118.00
KXNHL-26-FLA,1758906000,0.1300,0.1300,0.1300,0.1300,0.1600,0.1600,0.1600,0.1600,11.00,129.00
KXNHL-26-FLA,1758909600,0.1300,0.1300,0.1300,0.1300,0.1600,0.1600,0.1600,0.1600,0.00,129.00
KXNHL-26-FLA,1758913200,0.1300,0.1300,0.1300,0.1300,0.1600,0.2300,0.1600,0.1600,192.00,276.00
KXNHL-26-FLA,1758916800,0.1300,0.1300,0.1300,0.1300,0.1600,0.1600,0.1600,0.1600,0.00,276.00
KXNHL-26-FLA,1758920400,0.1300,0.1300,0.1300,0.1300,0.1600,0.1600,0.1600,0.1600,0.00,276.00
KXNHL-26-FLA,1758924000,0.1300,0.1300,0.1300,0.1300,0.1600,0.1600,0.1600,0.1600,0.00,276.00
KXNHL-26-FLA,1758927600,0.1300,0.1300,0.1300,0.1300,0.1600,0.1600,0.1600,0.1600,0.00,276.00
KXNHL-26-FLA,1758931200,0.1300,0.1300,0.1300,0.1300,0.1600,0.1600,0.1600,0.1600,0.00,276.00
KXNHL-26-FLA,1758934800,0.1300,0.1300,0.1300,0.1300,0.1600,0.1600,0.1600,0.1600,0.00,276.00
KXNHL-26-FLA,1758938400,0.1300,0.1300,0.0500,0.1300,0.1600,0.1600,0.1600,0.1600,125.00,276.00
KXNHL-26-FLA,1758942000,0.1300,0.1300,0.1300,0.1300,0.1600,0.1600,0.1600,0.1600,0.00,276.00
KXNHL-26-FLA,1758945600,0.1300,0.1300,0.1300,0.1300,0.1600,0.1600,0.1600,0.1600,0.00,276.00
KXNHL-26-FLA,1758949200,0.1300,0.1400,0.1300,0.1400,0.1600,0.1600,0.1600,0.1600,0.00,276.00
KXNHL-26-FLA,1758952800,0.1400,0.1400,0.1400,0.1400,0.1600,0.1600,0.1600,0.1600,11.00,287.00
KXNHL-26-FLA,1758956400,0.1400,0.1400,0.1400,0.1400,0.1600,0.1600,0.1600,0.1600,0.00,287.00
KXNHL-26-FLA,1758960000,0.1400,0.1400,0.1300,0.1300,0.1600,0.1600,0.1600,0.1600,100.00,387.00
KXNHL-26-FLA,1758963600,0.1300,0.1300,0.1300,0.1300,0.1600,0.1600,0.1600,0.1600,0.00,387.00
KXNHL-26-FLA,1758967200,0.1300,0.1300,0.1300,0.1300,0.1600,0.1600,0.1600,0.1600,0.00,387.00
KXNHL-26-FLA,1758970800,0.1300,0.1300,0.1300,0.1300,0.1600,0.1600,0.1600,0.1600,0.00,387.00
KXNHL-26-FLA,1758974400,0.1300,0.1300,0.1300,0.1300,0.1600,0.1600,0.1600,0.1600,0.00,387.00
KXNHL-26-FLA,1758978000,0.1300,0.1300,0.1300,0.1300,0.1600,0.1600,0.1500,0.1500,0.00,387.00
KXNHL-26-FLA,1758981600,0.1300,0.1300,0.1300,0.1300,0.1500,0.1500,0.1400,0.1400,0.00,387.00
KXNHL-26-FLA,1758985200,0.1300,0.1300,0.1300,0.1300,0.1400,0.1400,0.1400,0.1400,0.00,387.00
KXNHL-26-FLA,1758988800,0.1300,0.1300,0.1300,0.1300,0.1400,0.1400,0.1400,0.1400,0.00,387.00
KXNHL-26-FLA,1758992400,0.1300,0.1300,0.1300,0.1300,0.1400,0.1400,0.1400,0.1400,0.00,387.00
KXNHL-26-FLA,1758996000,0.1300,0.1300,0.1300,0.1300,0.1400,0.1400,0.1400,0.1400,0.00,387.00
KXNHL-26-FLA,1758999600,0.1300,0.1300,0.1300,0.1300,0.1400,0.1400,0.1400,0.1400,0.00,387.00
KXNHL-26-FLA,1759003200,0.1300,0.1300,0.1300,0.1300,0.1400,0.1400,0.1400,0.1400,3.00,390.00
KXNHL-26-FLA,1759006800,0.1300,0.1300,0.1300,0.1300,0.1400,0.1400,0.1400,0.1400,0.00,390.00
KXNHL-26-FLA,1759010400,0.1300,0.1300,0.1300,0.1300,0.1400,0.1400,0.1400,0.1400,0.00,390.00
KXNHL-26-FLA,1759014000,0.1300,0.1300,0.1300,0.1300,0.1400,0.1400,0.1400,0.1400,20.00,410.00
KXNHL-26-FLA,1759017600,0.1300,0.1300,0.1300,0.1300,0.1400,0.1400,0.1400,0.1400,0.00,410.00
KXNHL-26-FLA,1759021200,0.1300,0.1300,0.1300,0.1300,0.1400,0.1400,0.1400,0.1400,33.00,443.00
KXNHL-26-FLA,1759024800,0.1300,0.1300,0.1300,0.1300,0.1400,0.1400,0.1400,0.1400,0.00,443.00
KXNHL-26-FLA,1759028400,0.1300,0.1300,0.1300,0.1300,0.1400,0.1400,0.1400,0.1400,0.00,443.00
KXNHL-26-FLA,1759032000,0.1300,0.1300,0.1300,0.1300,0.1400,0.1400,0.1400,0.1400,0.00,443.00
KXNHL-26-FLA,1759035600,0.1300,0.1300,0.1300,0.1300,0.1400,0.1400,0.1400,0.1400,0.00,443.00
KXNHL-26-FLA,1759039200,0.1300,0.1300,0.1300,0.1300,0.1400,0.1400,0.1400,0.1400,0.00,443.00
KXNHL-26-FLA,1759042800,0.1300,0.1300,0.1300,0.1300,0.1400,0.1400,0.1400,0.1400,0.00,443.00
KXNHL-26-FLA,1759046400,0.1300,0.1300,0.1300,0.1300,0.1400,0.1400,0.1400,0.1400,0.00,443.00
KXNHL-26-FLA,1759050000,0.1300,0.1300,0.1300,0.1300,0.1400,0.1400,0.1400,0.1400,0.00,443.00
KXNHL-26-FLA,1759053600,0.1300,0.1300,0.1300,0.1300,0.1400,0.1400,0.1400,0.1400,0.00,443.00
KXNHL-26-FLA,1759057200,0.1300,0.1300,0.1300,0.1300,0.1400,0.1400,0.1400,0.1400,0.00,443.00
KXNHL-26-FLA,1759060800,0.1300,0.1300,0.1300,0.1300,0.1400,0.1400,0.1400,0.1400,0.00,443.00
KXNHL-26-FLA,1759064400,0.1300,0.1300,0.1300,0.1300,0.1400,0.1400,0.1400,0.1400,0.00,443.00
KXNHL-26-FLA,1759068000,0.1300,0.1300,0.1300,0.1300,0.1400,0.1400,0.1400,0.1400,0.00,443.00
KXNHL-26-FLA,1759071600,0.1300,0.1300,0.1300,0.1300,0.1400,0.1400,0.1400,0.1400,0.00,443.00
KXNHL-26-FLA,1759075200,0.1300,0.1300,0.1300,0.1300,0.1400,0.1400,0.1400,0.1400,0.00,443.00
KXNHL-26-FLA,1759078800,0.1300,0.1300,0.1300,0.1300,0.1400,0.1400,0.1400,0.1400,0.00,443.00
KXNHL-26-FLA,1759082400,0.1300,0.1300,0.1300,0.1300,0.1400,0.1400,0.1400,0.1400,0.00,443.00
KXNHL-26-FLA,1759086000,0.1300,0.1300,0.1300,0.1300,0.1400,0.1400,0.1400,0.1400,0.00,443.00
KXNHL-26-FLA,1759089600,0.1300,0.1300,0.1300,0.1300,0.1400,0.1400,0.1400,0.1400,0.00,443.00
KXNHL-26-FLA,1759093200,0.1300,0.1300,0.1300,0.1300,0.1400,0.1400,0.1400,0.1400,0.00,443.00
KXNHL-26-FLA,1759096800,0.1300,0.1300,0.1300,0.1300,0.1400,0.1400,0.1400,0.1400,0.00,443.00
KXNHL-26-FLA,1759100400,0.1300,0.1300,0.1300,0.1300,0.1400,0.1400,0.1400,0.1400,0.00,443.00
KXNHL-26-FLA,1759104000,0.1300,0.1300,0.1300,0.1300,0.1400,0.1400,0.1400,0.1400,40.00,483.00
KXNHL-26-FLA,1759107600,0.1300,0.1300,0.1300,0.1300,0.1400,0.1400,0.1400,0.1400,0.00,483.00
KXNHL-26-FLA,1759111200,0.1300,0.1300,0.1300,0.1300,0.1400,0.1400,0.1400,0.1400,0.00,483.00
KXNHL-26-FLA,1759118400,0.1300,0.1300,0.1300,0.1300,0.1400,0.1400,0.1400,0.1400,0.00,483.00
KXNHL-26-FLA,1759122000,0.1300,0.1300,0.1300,0.1300,0.1400,0.1400,0.1400,0.1400,0.00,483.00
KXNHL-26-FLA,1759125600,0.1300,0.1300,0.1300,0.1300,0.1400,0.1400,0.1400,0.1400,0.00,483.00
KXNHL-26-FLA,1759129200,0.1300,0.1300,0.1300,0.1300,0.1400,0.1400,0.1400,0.1400,0.00,483.00
KXNHL-26-FLA,1759132800,0.1300,0.1300,0.1300,0.1300,0.1400,0.1400,0.1400,0.1400,0.00,483.00
KXNHL-26-FLA,1759136400,0.1300,0.1300,0.1300,0.1300,0.1400,0.1400,0.1400,0.1400,0.00,483.00
KXNHL-26-FLA,1759140000,0.1300,0.1300,0.1300,0.1300,0.1400,0.1400,0.1400,0.1400,0.00,483.00
KXNHL-26-FLA,1759143600,0.1300,0.1300,0.1300,0.1300,0.1400,0.1500,0.1400,0.1500,538.00,1021.00
KXNHL-26-FLA,1759147200,0.1300,0.1300,0.1300,0.1300,0.1500,0.1500,0.1400,0.1400,0.00,1021.00
KXNHL-26-FLA,1759150800,0.1300,0.1300,0.1300,0.1300,0.1400,0.1400,0.1400,0.1400,0.00,1021.00
KXNHL-26-FLA,1759154400,0.1300,0.1300,0.1300,0.1300,0.1400,0.1400,0.1400,0.1400,0.00,1021.00
KXNHL-26-FLA,1759158000,0.1300,0.1300,0.1300,0.1300,0.1400,0.1400,0.1400,0.1400,0.00,1021.00
KXNHL-26-FLA,1759161600,0.1300,0.1300,0.1300,0.1300,0.1400,0.1400,0.1400,0.1400,0.00,1021.00
KXNHL-26-FLA,1759165200,0.1300,0.1300,0.1300,0.1300,0.1400,0.1400,0.1400,0.1400,0.00,1021.00
KXNHL-26-FLA,1759168800,0.1300,0.1300,0.1300,0.1300,0.1400,0.1400,0.1400,0.1400,0.00,1021.00
KXNHL-26-FLA,1759172400,0.1300,0.1300,0.1300,0.1300,0.1400,0.1400,0.1400,0.1400,0.00,1021.00
KXNHL-26-FLA,1759176000,0.1300,0.1300,0.1300,0.1300,0.1400,0.1400,0.1400,0.1400,0.00,1021.00
KXNHL-26-FLA,1759179600,0.1300,0.1300,0.1300,0.1300,0.1400,0.1400,0.1400,0.1400,55.00,1076.00
KXNHL-26-FLA,1759183200,0.1300,0.1300,0.1300,0.1300,0.1400,0.1400,0.1400,0.1400,0.00,1076.00
KXNHL-26-FLA,1759186800,0.1300,0.1300,0.1300,0.1300,0.1400,0.1400,0.1400,0.1400,0.00,1076.00
KXNHL-26-FLA,1759190400,0.1300,0.1300,0.1300,0.1300,0.1400,0.1400,0.1400,0.1400,0.00,1076.00
KXNHL-26-FLA,1759197600,0.1300,0.1300,0.0600,0.1200,0.1400,0.1400,0.0900,0.1300,10245.00,11204.00
KXNHL-26-FLA,1759201200,0.1200,0.1200,0.1200,0.1200,0.1300,0.1400,0.1300,0.1300,0.00,11204.00
KXNHL-26-FLA,1759204800,0.1200,0.1200,0.1200,0.1200,0.1300,0.1300,0.1300,0.1300,0.00,11204.00
KXNHL-26-FLA,1759208400,0.1200,0.1200,0.1200,0.1200,0.1300,0.1300,0.1300,0.1300,0.00,11204.00
KXNHL-26-FLA,1759212000,0.1200,0.1200,0.1200,0.1200,0.1300,0.1300,0.1300,0.1300,0.00,11204.00
KXNHL-26-FLA,1759215600,0.1200,0.1200,0.0900,0.1000,0.1300,0.1300,0.1000,0.1200,20100.00,31304.00
KXNHL-26-FLA,1759219200,0.1000,0.1000,0.0900,0.0900,0.1200,0.1300,0.1000,0.1100,111.00,31415.00
KXNHL-26-FLA,1759222800,0.0900,0.0900,0.0900,0.0900,0.1100,0.1100,0.1100,0.1100,0.00,31415.00
KXNHL-26-FLA,1759226400,0.0900,0.0900,0.0900,0.0900,0.1100,0.1300,0.1100,0.1100,0.00,31415.00
KXNHL-26-FLA,1759230000,0.0900,0.0900,0.0900,0.0900,0.1100,0.1300,0.1100,0.1300,0.00,31415.00
KXNHL-26-FLA,1759233600,0.0900,0.0900,0.0900,0.0900,0.1300,0.1300,0.1000,0.1100,0.00,31415.00
KXNHL-26-FLA,1759237200,0.0900,0.0900,0.0900,0.0900,0.1100,0.1100,0.1100,0.1100,0.00,31415.00
KXNHL-26-FLA,1759240800,0.0900,0.0900,0.0900,0.0900,0.1100,0.1100,0.1100,0.1100,0.00,31415.00
KXNHL-26-FLA,1759244400,0.0900,0.0900,0.0900,0.0900,0.1100,0.1100,0.1100,0.1100,0.00,31415.00
KXNHL-26-FLA,1759248000,0.0900,0.0900,0.0900,0.0900,0.1100,0.1100,0.1100,0.1100,0.00,31415.00
KXNHL-26-FLA,1759251600,0.0900,0.0900,0.0900,0.0900,0.1100,0.1100,0.1000,0.1000,0.00,31415.00
KXNHL-26-FLA,1759255200,0.0900,0.0900,0.0900,0.0900,0.1000,0.1100,0.1000,0.1100,0.00,31415.00
KXNHL-26-FLA,1759258800,0.0900,0.0900,0.0900,0.0900,0.1100,0.1100,0.1100,0.1100,0.00,31415.00
KXNHL-26-FLA,1759262400,0.0900,0.0900,0.0900,0.0900,0.1100,0.1100,0.1100,0.1100,0.00,31415.00
KXNHL-26-FLA,1759266000,0.0900,0.1000,0.0900,0.1000,0.1100,0.1100,0.1100,0.1100,300.00,31615.00
KXNHL-26-FLA,1759269600,0.1000,0.1000,0.1000,0.1000,0.1100,0.1100,0.1100,0.1100,0.00,31615.00
KXNHL-26-FLA,1759273200,0.1000,0.1000,0.1000,0.1000,0.1100,0.1100,0.1100,0.1100,0.00,31615.00
KXNHL-26-FLA,1759276800,0.1000,0.1000,0.1000,0.1000,0.1100,0.1200,0.1100,0.1100,225.00,31840.00
KXNHL-26-FLA,1759280400,0.1000,0.1000,0.1000,0.1000,0.1100,0.1100,0.1100,0.1100,0.00,31840.00
KXNHL-26-FLA,1759284000,0.1000,0.1000,0.1000,0.1000,0.1100,0.1100,0.1100,0.1100,850.00,32690.00
KXNHL-26-FLA,1759287600,0.1000,0.1000,0.1000,0.1000,0.1100,0.1100,0.1100,0.1100,5.00,32695.00
KXNHL-26-FLA,1759291200,0.1000,0.1000,0.1000,0.1000,0.1100,0.1100,0.1100,0.1100,15.00,32710.00
KXNHL-26-FLA,1759294800,0.1000,0.1000,0.1000,0.1000,0.1100,0.1100,0.1100,0.1100,50.00,32710.00
KXNHL-26-FLA,1759298400,0.1000,0.1000,0.1000,0.1000,0.1100,0.1100,0.1100,0.1100,0.00,32710.00
KXNHL-26-FLA,1759302000,0.1000,0.1000,0.1000,0.1000,0.1100,0.1100,0.1100,0.1100,0.00,32710.00
KXNHL-26-FLA,1759305600,0.1000,0.1000,0.1000,0.1000,0.1100,0.1100,0.1100,0.1100,0.00,32710.00
KXNHL-26-FLA,1759309200,0.1000,0.1000,0.1000,0.1000,0.1100,0.1100,0.1100,0.1100,0.00,32710.00
KXNHL-26-FLA,1759312800,0.1000,0.1000,0.1000,0.1000,0.1100,0.1100,0.1100,0.1100,0.00,32710.00
KXNHL-26-FLA,1759316400,0.1000,0.1000,0.1000,0.1000,0.1100,0.1100,0.1100,0.1100,0.00,32710.00
KXNHL-26-FLA,1759320000,0.1000,0.1000,0.1000,0.1000,0.1100,0.1100,0.1100,0.1100,0.00,32710.00
KXNHL-26-FLA,1759323600,0.1000,0.1000,0.0900,0.0900,0.1100,0.1100,0.1000,0.1100,201.00,32710.00
KXNHL-26-FLA,1759327200,0.0900,0.0900,0.0900,0.0900,0.1100,0.1100,0.1000,0.1000,11.00,32710.00
KXNHL-26-FLA,1759330800,0.0900,0.0900,0.0900,0.0900,0.1000,0.1000,0.1000,0.1000,0.00,32710.00
KXNHL-26-FLA,1759334400,0.0900,0.0900,0.0900,0.0900,0.1000,0.1100,0.1000,0.1100,11.00,32710.00
KXNHL-26-FLA,1759338000,0.0900,0.0900,0.0900,0.0900,0.1100,0.1100,0.1100,0.1100,160.00,32760.00
KXNHL-26-FLA,1759341600,0.0900,0.0900,0.0900,0.0900,0.1100,0.1100,0.1100,0.1100,21.00,32760.00
KXNHL-26-FLA,1759345200,0.0900,0.0900,0.0900,0.0900,0.1100,0.1100,0.1100,0.1100,0.00,32760.00
KXNHL-26-FLA,1759348800,0.0900,0.0900,0.0900,0.0900,0.1100,0.1100,0.1100,0.1100,150.00,32760.00
KXNHL-26-FLA,1759352400,0.0900,0.0900,0.0900,0.0900,0.1100,0.1100,0.1100,0.1100,100.00,32760.00
KXNHL-26-FLA,1759356000,0.0900,0.0900,0.0900,0.0900,0.1100,0.1100,0.1100,0.1100,512.00,32771.00
KXNHL-26-FLA,1759359600,0.0900,0.0900,0.0900,0.0900,0.1100,0.1100,0.1100,0.1100,350.00,32771.00
KXNHL-26-FLA,1759363200,0.0900,0.0900,0.0900,0.0900,0.1100,0.1100,0.1100,0.1100,171.00,32942.00
KXNHL-26-FLA,1759366800,0.0900,0.0900,0.0900,0.0900,0.1100,0.1100,0.1100,0.1100,0.00,32942.00
KXNHL-26-FLA,1759370400,0.0900,0.0900,0.0900,0.0900,0.1100,0.1100,0.1100,0.1100,0.00,32942.00
KXNHL-26-FLA,1759374000,0.0900,0.0900,0.0900,0.0900,0.1100,0.1100,0.1100,0.1100,20.00,32942.00
KXNHL-26-FLA,1759377600,0.0900,0.0900,0.0900,0.0900,0.1100,0.1100,0.1100,0.1100,0.00,32942.00
KXNHL-26-FLA,1759381200,0.0900,0.0900,0.0900,0.0900,0.1100,0.1100,0.1100,0.1100,0.00,32942.00
KXNHL-26-FLA,1759384800,0.0900,0.0900,0.0900,0.0900,0.1100,0.1100,0.1100,0.1100,0.00,32942.00
KXNHL-26-FLA,1759388400,0.0900,0.0900,0.0900,0.0900,0.1100,0.1200,0.1100,0.1200,5100.00,32942.00
KXNHL-26-FLA,1759392000,0.0900,0.0900,0.0900,0.0900,0.1200,0.1200,0.1200,0.1200,0.00,32942.00
KXNHL-26-FLA,1759399200,0.0900,0.0900,0.0900,0.0900,0.1200,0.1200,0.1200,0.1200,0.00,32942.00
KXNHL-26-FLA,1759402800,0.0900,0.0900,0.0900,0.0900,0.1200,0.1200,0.1200,0.1200,0.00,32942.00
KXNHL-26-FLA,1759406400,0.0900,0.0900,0.0900,0.0900,0.1200,0.1200,0.1100,0.1100,0.00,32942.00
KXNHL-26-FLA,1759410000,0.0900,0.0900,0.0900,0.0900,0.1100,0.1200,0.1100,0.1100,30.00,32972.00
KXNHL-26-FLA,1759413600,0.0900,0.0900,0.0900,0.0900,0.1100,0.1200,0.1100,0.1100,0.00,32972.00
KXNHL-26-FLA,1759417200,0.0900,0.0900,0.0900,0.0900,0.1100,0.1100,0.1100,0.1100,5.00,32977.00
KXNHL-26-FLA,1759420800,0.0900,0.1000,0.0900,0.0900,0.1100,0.1200,0.1100,0.1200,0.00,32977.00
KXNHL-26-FLA,1759424400,0.0900,0.1000,0.0900,0.0900,0.1200,0.1200,0.1100,0.1100,400.00,33377.00
KXNHL-26-FLA,1759428000,0.0900,0.0900,0.0900,0.0900,0.1100,0.1100,0.1100,0.1100,100.00,33477.00
KXNHL-26-FLA,1759431600,0.0900,0.0900,0.0900,0.0900,0.1100,0.1200,0.1100,0.1100,0.00,33477.00
KXNHL-26-FLA,1759435200,0.0900,0.0900,0.0900,0.0900,0.1100,0.1200,0.1100,0.1100,100.00,33577.00
KXNHL-26-FLA,1759438800,0.0900,0.0900,0.0900,0.0900,0.1100,0.1100,0.1100,0.1100,0.00,33577.00
KXNHL-26-FLA,1759442400,0.0900,0.0900,0.0900,0.0900,0.1100,0.1200,0.1100,0.1100,0.00,33577.00
KXNHL-26-FLA,1759446000,0.0900,0.0900,0.0900,0.0900,0.1100,0.1100,0.1100,0.1100,100.00,33677.00
KXNHL-26-FLA,1759449600,0.0900,0.0900,0.0900,0.0900,0.1100,0.1100,0.1100,0.1100,20.00,33697.00
KXNHL-26-FLA,1759453200,0.0900,0.0900,0.0900,0.0900,0.1100,0.1200,0.1100,0.1200,156.00,33697.00
KXNHL-26-FLA,1759456800,0.0900,0.0900,0.0900,0.0900,0.1200,0.1200,0.1200,0.1200,200.00,33697.00
KXNHL-26-FLA,1759460400,0.0900,0.0900,0.0900,0.0900,0.1200,0.1300,0.1200,0.1200,5.00,33697.00
KXNHL-26-FLA,1759464000,0.0900,0.0900,0.0900,0.0900,0.1200,0.1300,0.1200,0.1200,221.00,33697.00
KXNHL-26-FLA,1759467600,0.0900,0.0900,0.0900,0.0900,0.1200,0.1200,0.1200,0.1200,1.00,33697.00
KXNHL-26-FLA,1759471200,0.0900,0.0900,0.0900,0.0900,0.1200,0.1300,0.1200,0.1300,2500.00,33697.00
KXNHL-26-FLA,1759474800,0.0900,0.0900,0.0900,0.0900,0.1300,0.1300,0.1300,0.1300,0.00,33697.00
KXNHL-26-FLA,1759478400,0.0900,0.0900,0.0900,0.0900,0.1300,0.1300,0.1300,0.1300,0.00,33697.00
KXNHL-26-FLA,1759482000,0.0900,0.0900,0.0900,0.0900,0.1300,0.1300,0.1300,0.1300,0.00,33697.00
KXNHL-26-FLA,1759485600,0.0900,0.0900,0.0900,0.0900,0.1300,0.1300,0.1100,0.1100,0.00,33697.00
KXNHL-26-FLA,1759489200,0.0900,0.0900,0.0900,0.0900,0.1100,0.1300,0.1100,0.1300,0.00,33697.00
KXNHL-26-FLA,1759492800,0.0900,0.0900,0.0900,0.0900,0.1300,0.1300,0.1100,0.1100,0.00,33697.00
KXNHL-26-FLA,1759496400,0.0900,0.0900,0.0900,0.0900,0.1100,0.1100,0.1100,0.1100,0.00,33697.00
KXNHL-26-FLA,1759500000,0.0900,0.0900,0.0900,0.0900,0.1100,0.1300,0.1100,0.1100,0.00,33697.00
KXNHL-26-FLA,1759503600,0.0900,0.0900,0.0900,0.0900,0.1100,0.1100,0.1100,0.1100,4000.00,37697.00
KXNHL-26-FLA,1759507200,0.0900,0.0900,0.0900,0.0900,0.1100,0.1100,0.1100,0.1100,0.00,37697.00
KXNHL-26-FLA,1759510800,0.0900,0.0900,0.0900,0.0900,0.1100,0.1100,0.1100,0.1100,92.00,37789.00
KXNHL-26-FLA,1759514400,0.0900,0.0900,0.0900,0.0900,0.1100,0.1100,0.1100,0.1100,0.00,37789.00
KXNHL-26-FLA,1759518000,0.0900,0.1000,0.0900,0.1000,0.1100,0.1300,0.1100,0.1300,680.00,37789.00
KXNHL-26-FLA,1759521600,0.1000,0.1000,0.1000,0.1000,0.1300,0.1300,0.1300,0.1300,1.00,37789.00
KXNHL-26-FLA,1759525200,0.1000,0.1000,0.1000,0.1000,0.1300,0.1300,0.1300,0.1300,35.00,37789.00
KXNHL-26-FLA,1759528800,0.1000,0.1100,0.1000,0.1100,0.1300,0.1300,0.1300,0.1300,2.00,37789.00
KXNHL-26-FLA,1759532400,0.1100,0.1100,0.1100,0.1100,0.1300,0.1300,0.1300,0.1300,0.00,37789.00
KXNHL-26-FLA,1759536000,0.1100,0.1100,0.1100,0.1100,0.1300,0.1300,0.1300,0.1300,100.00,37789.00
KXNHL-26-FLA,1759539600,0.1100,0.1100,0.1100,0.1100,0.1300,0.1400,0.1300,0.1300,51.00,37789.00
KXNHL-26-FLA,1759543200,0.1100,0.1100,0.1100,0.1100,0.1300,0.1300,0.1200,0.1200,0.00,37789.00
KXNHL-26-FLA,1759546800,0.1100,0.1100,0.1100,0.1100,0.1200,0.1200,0.1200,0.1200,350.00,38139.00
KXNHL-26-FLA,1759550400,0.1100,0.1100,0.1100,0.1100,0.1200,0.1300,0.1200,0.1300,0.00,38139.00
KXNHL-26-FLA,1759554000,0.1100,0.1100,0.1100,0.1100,0.1300,0.1300,0.1200,0.1200,128.00,38149.00
KXNHL-26-FLA,1759557600,0.1100,0.1100,0.1100,0.1100,0.1200,0.1200,0.1200,0.1200,17.00,38149.00
KXNHL-26-FLA,1759561200,0.1100,0.1100,0.1100,0.1100,0.1200,0.1200,0.1200,0.1200,0.00,38149.00
KXNHL-26-FLA,1759564800,0.1100,0.1100,0.1000,0.1000,0.1200,0.1200,0.1100,0.1100,82.00,38231.00
KXNHL-26-FLA,1759568400,0.1000,0.1000,0.1000,0.1000,0.1100,0.1100,0.1100,0.1100,0.00,38231.00
KXNHL-26-FLA,1759572000,0.1000,0.1000,0.1000,0.1000,0.1100,0.1100,0.1100,0.1100,0.00,38231.00
KXNHL-26-FLA,1759575600,0.1000,0.1000,0.1000,0.1000,0.1100,0.1200,0.1100,0.1200,0.00,38231.00
KXNHL-26-FLA,1759579200,0.1000,0.1100,0.1000,0.1000,0.1200,0.1200,0.1100,0.1200,0.00,38231.00
KXNHL-26-FLA,1759582800,0.1000,0.1100,0.1000,0.1000,0.1200,0.1300,0.1100,0.1100,138.00,38286.00
KXNHL-26-FLA,1759586400,0.1000,0.1000,0.1000,0.1000,0.1100,0.1100,0.1100,0.1100,0.00,38286.00
KXNHL-26-FLA,1759590000,0.1000,0.1000,0.1000,0.1000,0.1100,0.1100,0.1100,0.1100,35.00,38321.00
KXNHL-26-FLA,1759593600,0.1000,0.1000,0.1000,0.1000,0.1100,0.1200,0.1100,0.1200,0.00,38321.00
KXNHL-26-FLA,1759597200,0.1000,0.1000,0.1000,0.1000,0.1200,0.1200,0.1200,0.1200,0.00,38321.00
KXNHL-26-FLA,1759600800,0.1000,0.1000,0.1000,0.1000,0.1200,0.1200,0.1200,0.1200,100.00,38403.00
KXNHL-26-FLA,1759604400,0.1000,0.1000,0.1000,0.1000,0.1200,0.1300,0.1200,0.1200,0.00,38403.00
KXNHL-26-FLA,1759608000,0.1000,0.1000,0.1000,0.1000,0.1200,0.1200,0.1200,0.1200,200.00,38603.00
KXNHL-26-FLA,1759611600,0.1000,0.1000,0.1000,0.1000,0.1200,0.1200,0.1200,0.1200,0.00,38603.00
KXNHL-26-FLA,1759615200,0.1000,0.1000,0.1000,0.1000,0.1200,0.1200,0.1200,0.1200,0.00,38603.00
KXNHL-26-FLA,1759618800,0.1000,0.1000,0.1000,0.1000,0.1200,0.1200,0.1200,0.1200,0.00,38603.00
KXNHL-26-FLA,1759622400,0.1000,0.1000,0.1000,0.1000,0.1200,0.1200,0.1200,0.1200,30.00,38623.00
KXNHL-26-FLA,1759626000,0.1000,0.1000,0.1000,0.1000,0.1200,0.1200,0.1200,0.1200,1001.00,39424.00
KXNHL-26-FLA,1759629600,0.1000,0.1000,0.1000,0.1000,0.1200,0.1200,0.1200,0.1200,40.00,39464.00
KXNHL-26-FLA,1759633200,0.1000,0.1000,0.1000,0.1000,0.1200,0.1200,0.1100,0.1200,140.00,39564.00
KXNHL-26-FLA,1759636800,0.1000,0.1000,0.0800,0.0900,0.1200,0.1200,0.1100,0.1100,5190.00,43811.00
KXNHL-26-FLA,1759640400,0.0900,0.0900,0.0900,0.0900,0.1100,0.1100,0.1100,0.1100,100.00,43911.00
KXNHL-26-FLA,1759644000,0.0900,0.0900,0.0900,0.0900,0.1100,0.1100,0.1100,0.1100,0.00,43911.00
KXNHL-26-FLA,1759647600,0.0900,0.0900,0.0900,0.0900,0.1100,0.1100,0.1100,0.1100,231.00,44142.00
KXNHL-26-FLA,1759654800,0.0900,0.0900,0.0900,0.0900,0.1100,0.1100,0.1100,0.1100,0.00,44142.00
KXNHL-26-FLA,1759662000,0.0900,0.0900,0.0900,0.0900,0.1100,0.1100,0.1100,0.1100,0.00,44142.00
KXNHL-26-FLA,1759665600,0.0900,0.0900,0.0900,0.0900,0.1100,0.1100,0.1100,0.1100,0.00,44142.00
KXNHL-26-FLA,1759669200,0.0900,0.0900,0.0900,0.0900,0.1100,0.1100,0.1100,0.1100,0.00,44142.00
KXNHL-26-FLA,1759672800,0.0900,0.0900,0.0900,0.0900,0.1100,0.1100,0.1100,0.1100,25.00,44167.00
KXNHL-26-FLA,1759676400,0.0900,0.0900,0.0900,0.0900,0.1100,0.1100,0.1100,0.1100,1.00,44168.00
KXNHL-26-FLA,1759680000,0.0900,0.0900,0.0900,0.0900,0.1100,0.1100,0.1100,0.1100,0.00,44168.00
KXNHL-26-FLA,1759683600,0.0900,0.0900,0.0900,0.0900,0.1100,0.1100,0.1100,0.1100,90.00,44258.00
KXNHL-26-FLA,1759687200,0.0900,0.0900,0.0900,0.0900,0.1100,0.1100,0.1100,0.1100,100.00,44358.00
KXNHL-26-FLA,1759690800,0.0900,0.0900,0.0900,0.0900,0.1100,0.1100,0.1100,0.1100,0.00,44358.00
KXNHL-26-FLA,1759694400,0.0900,0.0900,0.0900,0.0900,0.1100,0.1100,0.1100,0.1100,1600.00,44811.00
KXNHL-26-FLA,1759698000,0.0900,0.0900,0.0900,0.0900,0.1100,0.1100,0.1100,0.1100,4.00,44811.00
KXNHL-26-FLA,1759701600,0.0900,0.0900,0.0900,0.0900,0.1100,0.1100,0.1100,0.1100,0.00,44811.00
KXNHL-26-FLA,1759705200,0.0900,0.1000,0.0900,0.1000,0.1100,0.1100,0.1100,0.1100,200.00,44811.00
KXNHL-26-FLA,1759708800,0.1000,0.1000,0.1000,0.1000,0.1100,0.1100,0.1100,0.1100,1260.00,44811.00
KXNHL-26-FLA,1759712400,0.1000,0.1000,0.1000,0.1000,0.1100,0.1100,0.1100,0.1100,562.00,44811.00
KXNHL-26-FLA,1759716000,0.1000,0.1000,0.1000,0.1000,0.1100,0.1200,0.1100,0.1200,102.00,44898.00
KXNHL-26-FLA,1759719600,0.1000,0.1000,0.1000,0.1000,0.1200,0.1200,0.1200,0.1200,0.00,44898.00
KXNHL-26-FLA,1759723200,0.1000,0.1000,0.1000,0.1000,0.1200,0.1200,0.1200,0.1200,605.00,45503.00
KXNHL-26-FLA,1759726800,0.1000,0.1000,0.1000,0.1000,0.1200,0.1200,0.1200,0.1200,0.00,45503.00
KXNHL-26-FLA,1759730400,0.1000,0.1000,0.1000,0.1000,0.1200,0.1200,0.1200,0.1200,30.00,45533.00
KXNHL-26-FLA,1759734000,0.1000,0.1000,0.1000,0.1000,0.1200,0.1200,0.1200,0.1200,10.00,45543.00
KXNHL-26-FLA,1759737600,0.1000,0.1000,0.1000,0.1000,0.1200,0.1200,0.1200,0.1200,0.00,45543.00
KXNHL-26-FLA,1759741200,0.1000,0.1000,0.1000,0.1000,0.1200,0.1200,0.1200,0.1200,0.00,45543.00
KXNHL-26-FLA,1759744800,0.1000,0.1000,0.1000,0.1000,0.1200,0.1200,0.1200,0.1200,0.00,45543.00
KXNHL-26-FLA,1759748400,0.1000,0.1000,0.1000,0.1000,0.1200,0.1200,0.1200,0.1200,0.00,45543.00
KXNHL-26-FLA,1759752000,0.1000,0.1000,0.1000,0.1000,0.1200,0.1200,0.1100,0.1100,0.00,45543.00
KXNHL-26-FLA,1759755600,0.1000,0.1000,0.1000,0.1000,0.1100,0.1200,0.1100,0.1100,5.00,45548.00
KXNHL-26-FLA,1759759200,0.1000,0.1000,0.1000,0.1000,0.1100,0.1100,0.1100,0.1100,0.00,45548.00
KXNHL-26-FLA,1759762800,0.1000,0.1000,0.1000,0.1000,0.1100,0.1100,0.1100,0.1100,400.00,45948.00
KXNHL-26-FLA,1759766400,0.1000,0.1000,0.0900,0.0900,0.1100,0.1100,0.1000,0.1100,4375.00,49586.00
KXNHL-26-FLA,1759770000,0.0900,0.0900,0.0900,0.0900,0.1100,0.1100,0.1100,0.1100,42.00,49628.00
KXNHL-26-FLA,1759773600,0.0900,0.0900,0.0900,0.0900,0.1100,0.1100,0.1100,0.1100,30.00,49658.00
KXNHL-26-FLA,1759777200,0.0900,0.0900,0.0900,0.0900,0.1100,0.1100,0.1100,0.1100,0.00,49658.00
KXNHL-26-FLA,1759780800,0.0900,0.0900,0.0900,0.0900,0.1100,0.1100,0.1100,0.1100,0.00,49658.00
KXNHL-26-FLA,1759784400,0.0900,0.0900,0.0900,0.0900,0.1100,0.1100,0.1100,0.1100,0.00,49658.00
KXNHL-26-FLA,1759788000,0.0900,0.0900,0.0900,0.0900,0.1100,0.1100,0.1100,0.1100,0.00,49658.00
KXNHL-26-FLA,1759791600,0.0900,0.0900,0.0900,0.0900,0.1100,0.1100,0.1100,0.1100,15728.00,64558.00
KXNHL-26-FLA,1759795200,0.0900,0.0900,0.0900,0.0900,0.1100,0.1100,0.1100,0.1100,0.00,64558.00
KXNHL-26-FLA,1759798800,0.0900,0.0900,0.0900,0.0900,0.1100,0.1100,0.1100,0.1100,0.00,64558.00
KXNHL-26-FLA,1759802400,0.0900,0.0900,0.0900,0.0900,0.1100,0.1100,0.1100,0.1100,1100.00,64558.00
KXNHL-26-FLA,1759806000,0.0900,0.0900,0.0900,0.0900,0.1100,0.1100,0.1100,0.1100,17.00,64558.00
KXNHL-26-FLA,1759809600,0.0900,0.0900,0.0900,0.0900,0.1100,0.1100,0.1100,0.1100,1502.00,64642.00
KXNHL-26-FLA,1759813200,0.0900,0.1000,0.0900,0.1000,0.1100,0.1200,0.1100,0.1200,5000.00,69642.00
KXNHL-26-FLA,1759816800,0.1000,0.1000,0.1000,0.1000,0.1200,0.1200,0.1200,0.1200,0.00,69642.00
KXNHL-26-FLA,1759820400,0.1000,0.1000,0.1000,0.1000,0.1200,0.1200,0.1200,0.1200,0.00,69642.00
KXNHL-26-FLA,1759824000,0.1000,0.1000,0.1000,0.1000,0.1200,0.1200,0.1100,0.1100,0.00,69642.00
KXNHL-26-FLA,1759827600,0.1000,0.1000,0.1000,0.1000,0.1100,0.1100,0.1100,0.1100,0.00,69642.00
KXNHL-26-FLA,1759831200,0.1000,0.1000,0.1000,0.1000,0.1100,0.1100,0.1100,0.1100,0.00,69642.00
KXNHL-26-FLA,1759834800,0.1000,0.1000,0.1000,0.1000,0.1100,0.1100,0.1100,0.1100,0.00,69642.00
KXNHL-26-FLA,1759838400,0.1000,0.1000,0.1000,0.1000,0.1100,0.1100,0.1100,0.1100,0.00,69642.00
KXNHL-26-FLA,1759842000,0.1000,0.1000,0.1000,0.1000,0.1100,0.1200,0.1100,0.1100,585.00,70227.00
KXNHL-26-FLA,1759845600,0.1000,0.1000,0.1000,0.1000,0.1100,0.1100,0.1100,0.1100,2020.00,72247.00
KXNHL-26-FLA,1759849200,0.1000,0.1000,0.1000,0.1000,0.1100,0.1100,0.1100,0.1100,1982.00,74229.00
KXNHL-26-FLA,1759852800,0.1000,0.1000,0.1000,0.1000,0.1100,0.1100,0.1100,0.1100,1020.00,75249.00
KXNHL-26-FLA,1759856400,0.1000,0.1000,0.1000,0.1000,0.1100,0.1200,0.1100,0.1100,684.00,75933.00
KXNHL-26-FLA,1759860000,0.1000,0.1000,0.1000,0.1000,0.1100,0.1100,0.1100,0.1100,202.00,76135.00
KXNHL-26-FLA,1759863600,0.1000,0.1000,0.1000,0.1000,0.1100,0.1100,0.1100,0.1100,50.00,76185.00
KXNHL-26-FLA,1759867200,0.1000,0.1000,0.1000,0.1000,0.1100,0.1100,0.1100,0.1100,501.00,76686.00
KXNHL-26-FLA,1759870800,0.1000,0.1000,0.1000,0.1000,0.1100,0.1100,0.1100,0.1100,410.00,77096.00
KXNHL-26-FLA,1759874400,0.1000,0.1100,0.1000,0.1100,0.1100,0.1200,0.1100,0.1200,5587.00,81939.00
KXNHL-26-FLA,1759878000,0.1100,0.1100,0.1100,0.1100,0.1200,0.1300,0.1200,0.1300,611.00,81939.00
KXNHL-26-FLA,1759881600,0.1100,0.1100,0.1100,0.1100,0.1300,0.1300,0.1200,0.1300,128.00,81961.00
KXNHL-26-FLA,1759885200,0.1100,0.1100,0.1100,0.1100,0.1300,0.1300,0.1300,0.1300,113.00,81961.00
KXNHL-26-FLA,1759888800,0.1100,0.1100,0.1100,0.1100,0.1300,0.1300,0.1300,0.1300,10.00,81961.00
KXNHL-26-FLA,1759892400,0.1100,0.1100,0.1100,0.1100,0.1300,0.1300,0.1300,0.1300,22.00,81973.00
KXNHL-26-FLA,1759896000,0.1100,0.1100,0.1100,0.1100,0.1300,0.1300,0.1300,0.1300,0.00,81973.00
KXNHL-26-FLA,1759899600,0.1100,0.1100,0.1100,0.1100,0.1300,0.1300,0.1300,0.1300,179.00,82002.00
KXNHL-26-FLA,1759903200,0.1100,0.1100,0.1100,0.1100,0.1300,0.1300,0.1300,0.1300,500.00,82502.00
KXNHL-26-FLA,1759906800,0.1100,0.1100,0.1100,0.1100,0.1300,0.1300,0.1300,0.1300,0.00,82502.00
KXNHL-26-FLA,1759910400,0.1100,0.1100,0.1100,0.1100,0.1300,0.1300,0.1300,0.1300,0.00,82502.00
KXNHL-26-FLA,1759914000,0.1100,0.1100,0.1100,0.1100,0.1300,0.1300,0.1300,0.1300,0.00,82502.00
KXNHL-26-FLA,1759917600,0.1100,0.1100,0.1100,0.1100,0.1300,0.1300,0.1300,0.1300,0.00,82502.00
KXNHL-26-FLA,1759921200,0.1100,0.1100,0.1100,0.1100,0.1300,0.1300,0.1300,0.1300,0.00,82502.00
KXNHL-26-FLA,1759924800,0.1100,0.1100,0.1100,0.1100,0.1300,0.1300,0.1300,0.1300,0.00,82502.00
KXNHL-26-FLA,1759928400,0.1100,0.1100,0.1000,0.1000,0.1300,0.1300,0.1100,0.1100,168.00,82607.00
KXNHL-26-FLA,1759932000,0.1000,0.1000,0.1000,0.1000,0.1100,0.1100,0.1100,0.1100,0.00,82607.00
KXNHL-26-FLA,1759935600,0.1000,0.1000,0.1000,0.1000,0.1100,0.1100,0.1100,0.1100,2800.00,85407.00
KXNHL-26-FLA,1759939200,0.1000,0.1000,0.1000,0.1000,0.1100,0.1100,0.1100,0.1100,101.00,85508.00
KXNHL-26-FLA,1759942800,0.1000,0.1000,0.1000,0.1000,0.1100,0.1100,0.1100,0.1100,200.00,85708.00
KXNHL-26-FLA,1759946400,0.1000,0.1000,0.1000,0.1000,0.1100,0.1100,0.1100,0.1100,200.00,85908.00
KXNHL-26-FLA,1759950000,0.1000,0.1000,0.1000,0.1000,0.1100,0.1100,0.1100,0.1100,90.00,85983.00
KXNHL-26-FLA,1759953600,0.1000,0.1000,0.1000,0.1000,0.1100,0.1100,0.1100,0.1100,0.00,85983.00
KXNHL-26-FLA,1759957200,0.1000,0.1000,0.1000,0.1000,0.1100,0.1100,0.1100,0.1100,0.00,85983.00
KXNHL-26-FLA,1759960800,0.1000,0.1000,0.1000,0.1000,0.1100,0.1100,0.1100,0.1100,0.00,85983.00
KXNHL-26-FLA,1759964400,0.1000,0.1000,0.1000,0.1000,0.1100,0.1100,0.1100,0.1100,0.00,85983.00
KXNHL-26-FLA,1759968000,0.1000,0.1000,0.1000,0.1000,0.1100,0.1100,0.1100,0.1100,1.00,85984.00
KXNHL-26-FLA,1759971600,0.1000,0.1000,0.1000,0.1000,0.1100,0.1100,0.1100,0.1100,44.00,86001.00
KXNHL-26-FLA,1759975200,0.1000,0.1100,0.1000,0.1000,0.1100,0.1200,0.1100,0.1100,2269.00,87671.00
KXNHL-26-FLA,1759978800,0.1000,0.1000,0.1000,0.1000,0.1100,0.1100,0.1100,0.1100,0.00,87671.00
KXNHL-26-FLA,1759982400,0.1000,0.1000,0.1000,0.1000,0.1100,0.1100,0.1100,0.1100,0.00,87671.00
KXNHL-26-FLA,1759986000,0.1000,0.1000,0.1000,0.1000,0.1100,0.1100,0.1100,0.1100,0.00,87671.00
KXNHL-26-FLA,1759989600,0.1000,0.1000,0.0900,0.1000,0.1100,0.1100,0.1100,0.1100,600.00,87502.00
KXNHL-26-FLA,1759993200,0.1000,0.1000,0.0900,0.0900,0.1100,0.1100,0.1100,0.1100,0.00,87502.00
KXNHL-26-FLA,1759996800,0.0900,0.0900,0.0900,0.0900,0.1100,0.1100,0.1100,0.1100,0.00,87502.00
KXNHL-26-FLA,1760004000,0.0900,0.0900,0.0900,0.0900,0.1100,0.1100,0.1100,0.1100,0.00,87502.00
KXNHL-26-FLA,1760007600,0.0900,0.0900,0.0900,0.0900,0.1100,0.1100,0.1100,0.1100,0.00,87502.00
KXNHL-26-FLA,1760011200,0.0900,0.0900,0.0900,0.0900,0.1100,0.1100,0.1100,0.1100,0.00,87502.00
KXNHL-26-FLA,1760014800,0.0900,0.0900,0.0900,0.0900,0.1100,0.1100,0.1100,0.1100,0.00,87502.00
KXNHL-26-FLA,1760018400,0.0900,0.0900,0.0900,0.0900,0.1100,0.1100,0.1000,0.1000,0.00,87502.00
KXNHL-26-FLA,1760022000,0.0900,0.0900,0.0900,0.0900,0.1000,0.1000,0.1000,0.1000,15.00,87502.00
KXNHL-26-FLA,1760025600,0.0900,0.0900,0.0900,0.0900,0.1000,0.1000,0.1000,0.1000,0.00,87502.00
KXNHL-26-FLA,1760029200,0.0900,0.0900,0.0900,0.0900,0.1000,0.1000,0.1000,0.1000,0.00,87502.00
KXNHL-26-FLA,1760032800,0.0900,0.0900,0.0900,0.0900,0.1000,0.1100,0.1000,0.1100,36.00,87533.00
KXNHL-26-FLA,1760036400,0.0900,0.0900,0.0900,0.0900,0.1100,0.1100,0.1100,0.1100,0.00,87533.00
KXNHL-26-FLA,1760040000,0.0900,0.1000,0.0900,0.1000,0.1100,0.1100,0.1100,0.1100,442.00,87533.00
KXNHL-26-FLA,1760043600,0.1000,0.1000,0.1000,0.1000,0.1100,0.1100,0.1100,0.1100,200.00,87533.00
KXNHL-26-FLA,1760047200,0.1000,0.1000,0.1000,0.1000,0.1100,0.1100,0.1100,0.1100,10.00,87533.00
KXNHL-26-FLA,1760050800,0.1000,0.1000,0.1000,0.1000,0.1100,0.1100,0.1100,0.1100,0.00,87533.00
KXNHL-26-FLA,1760054400,0.1000,0.1100,0.1000,0.1000,0.1100,0.1200,0.1100,0.1200,42.00,87533.00
KXNHL-26-FLA,1760058000,0.1000,0.1000,0.1000,0.1000,0.1200,0.1200,0.1100,0.1100,0.00,87533.00
KXNHL-26-FLA,1760061600,0.1000,0.1100,0.1000,0.1100,0.1100,0.1200,0.1100,0.1200,1910.00,89213.00
KXNHL-26-FLA,1760065200,0.1100,0.1100,0.1100,0.1100,0.1200,0.1200,0.1200,0.1200,2060.00,91273.00
KXNHL-26-FLA,1760068800,0.1100,0.1100,0.1100,0.1100,0.1200,0.1300,0.1200,0.1300,5.00,91278.00
KXNHL-26-FLA,1760072400,0.1100,0.1100,0.1100,0.1100,0.1300,0.1300,0.1200,0.1200,400.00,91678.00
KXNHL-26-FLA,1760076000,0.1100,0.1100,0.1100,0.1100,0.1200,0.1200,0.1200,0.1200,0.00,91678.00
KXNHL-26-FLA,1760079600,0.1100,0.1100,0.1100,0.1100,0.1200,0.1200,0.1200,0.1200,15.00,91693.00
KXNHL-26-FLA,1760083200,0.1100,0.1100,0.1100,0.1100,0.1200,0.1200,0.1200,0.1200,0.00,91693.00
KXNHL-26-FLA,1760086800,0.1100,0.1100,0.1100,0.1100,0.1200,0.1200,0.1200,0.1200,0.00,91693.00
KXNHL-26-FLA,1760090400,0.1100,0.1100,0.1100,0.1100,0.1200,0.1200,0.1200,0.1200,0.00,91693.00
KXNHL-26-FLA,1760094000,0.1100,0.1100,0.1100,0.1100,0.1200,0.1200,0.1200,0.1200,0.00,91693.00
KXNHL-26-FLA,1760097600,0.1100,0.1100,0.1000,0.1000,0.1200,0.1200,0.1100,0.1200,256.00,91949.00
KXNHL-26-FLA,1760101200,0.1000,0.1100,0.1000,0.1000,0.1200,0.1200,0.1100,0.1200,127.00,91959.00
KXNHL-26-FLA,1760104800,0.1000,0.1000,0.1000,0.1000,0.1200,0.1200,0.1100,0.1100,883.00,92842.00
KXNHL-26-FLA,1760108400,0.1000,0.1000,0.1000,0.1000,0.1100,0.1100,0.1100,0.1100,1.00,92842.00
KXNHL-26-FLA,1760112000,0.1000,0.1000,0.1000,0.1000,0.1100,0.1100,0.1100,0.1100,0.00,92842.00
KXNHL-26-FLA,1760115600,0.1000,0.1000,0.1000,0.1000,0.1100,0.1100,0.1100,0.1100,0.00,92842.00
KXNHL-26-FLA,1760119200,0.1000,0.1000,0.1000,0.1000,0.1100,0.1100,0.1100,0.1100,0.00,92842.00
KXNHL-26-FLA,1760122800,0.1000,0.1000,0.1000,0.1000,0.1100,0.1200,0.1100,0.1200,3590.00,96242.00
KXNHL-26-FLA,1760126400,0.1000,0.1000,0.1000,0.1000,0.1200,0.1200,0.1200,0.1200,100.00,96342.00
KXNHL-26-FLA,1760130000,0.1000,0.1100,0.1000,0.1000,0.1200,0.1200,0.1100,0.1200,9500.00,105680.00
KXNHL-26-FLA,1760133600,0.1000,0.1000,0.1000,0.1000,0.1200,0.1200,0.1200,0.1200,78.00,105758.00
KXNHL-26-FLA,1760137200,0.1000,0.1000,0.1000,0.1000,0.1200,0.1200,0.1200,0.1200,0.00,105758.00
KXNHL-26-FLA,1760140800,0.1000,0.1000,0.1000,0.1000,0.1200,0.1200,0.1200,0.1200,0.00,105758.00
KXNHL-26-FLA,1760144400,0.1000,0.1000,0.1000,0.1000,0.1200,0.1200,0.1200,0.1200,0.00,105758.00
KXNHL-26-FLA,1760148000,0.1000,0.1000,0.1000,0.1000,0.1200,0.1200,0.1200,0.1200,0.00,105758.00
KXNHL-26-FLA,1760151600,0.1000,0.1000,0.1000,0.1000,0.1200,0.1200,0.1200,0.1200,3.00,105761.00
KXNHL-26-FLA,1760155200,0.1000,0.1100,0.1000,0.1100,0.1200,0.1200,0.1200,0.1200,500.00,105861.00
KXNHL-26-FLA,1760158800,0.1100,0.1100,0.1100,0.1100,0.1200,0.1200,0.1200,0.1200,0.00,105861.00
KXNHL-26-FLA,1760162400,0.1100,0.1100,0.1100,0.1100,0.1200,0.1200,0.1200,0.1200,0.00,105861.00
KXNHL-26-FLA,1760166000,0.1100,0.1100,0.1100,0.1100,0.1200,0.1200,0.1200,0.1200,0.00,105861.00
KXNHL-26-FLA,1760169600,0.1100,0.1100,0.1100,0.1100,0.1200,0.1200,0.1200,0.1200,0.00,105861.00
KXNHL-26-FLA,1760173200,0.1100,0.1100,0.1100,0.1100,0.1200,0.1200,0.1200,0.1200,0.00,105861.00
KXNHL-26-FLA,1760176800,0.1100,0.1100,0.1100,0.1100,0.1200,0.1200,0.1200,0.1200,0.00,105861.00
KXNHL-26-FLA,1760180400,0.1100,0.1100,0.1100,0.1100,0.1200,0.1200,0.1200,0.1200,0.00,105861.00
KXNHL-26-FLA,1760184000,0.1100,0.1100,0.1000,0.1000,0.1200,0.1200,0.1200,0.1200,0.00,105861.00
KXNHL-26-FLA,1760187600,0.1000,0.1000,0.1000,0.1000,0.1200,0.1200,0.1100,0.1100,0.00,105861.00
KXNHL-26-FLA,1760191200,0.1000,0.1000,0.1000,0.1000,0.1100,0.1100,0.1100,0.1100,0.00,105861.00
KXNHL-26-FLA,1760194800,0.1000,0.1000,0.1000,0.1000,0.1100,0.1100,0.1100,0.1100,0.00,105861.00
KXNHL-26-FLA,1760198400,0.1000,0.1000,0.1000,0.1000,0.1100,0.1200,0.1100,0.1200,68.00,105900.00
KXNHL-26-FLA,1760202000,0.1000,0.1000,0.1000,0.1000,0.1200,0.1200,0.1200,0.1200,50.00,105950.00
KXNHL-26-FLA,1760205600,0.1000,0.1000,0.1000,0.1000,0.1200,0.1200,0.1200,0.1200,4.00,105950.00
KXNHL-26-FLA,1760209200,0.1000,0.1000,0.1000,0.1000,0.1200,0.1200,0.1200,0.1200,0.00,105950.00
KXNHL-26-FLA,1760212800,0.1000,0.1000,0.1000,0.1000,0.1200,0.1200,0.1200,0.1200,0.00,105950.00
KXNHL-26-FLA,1760216400,0.1000,0.1000,0.1000,0.1000,0.1200,0.1200,0.1200,0.1200,0.00,105950.00
KXNHL-26-FLA,1760220000,0.1000,0.1000,0.1000,0.1000,0.1200,0.1200,0.1200,0.1200,0.00,105950.00
KXNHL-26-FLA,1760223600,0.1000,0.1000,0.1000,0.1000,0.1200,0.1200,0.1100,0.1200,0.00,105950.00
KXNHL-26-FLA,1760227200,0.1000,0.1000,0.1000,0.1000,0.1200,0.1200,0.1200,0.1200,0.00,105950.00
KXNHL-26-FLA,1760230800,0.1000,0.1000,0.1000,0.1000,0.1200,0.1200,0.1200,0.1200,40.00,105990.00
KXNHL-26-FLA,1760234400,0.1000,0.1000,0.1000,0.1000,0.1200,0.1200,0.1200,0.1200,200.00,106190.00
KXNHL-26-FLA,1760238000,0.1000,0.1000,0.1000,0.1000,0.1200,0.1200,0.1200,0.1200,960.00,107050.00
KXNHL-26-FLA,1760241600,0.1000,0.1000,0.1000,0.1000,0.1200,0.1200,0.1200,0.1200,0.00,107050.00
KXNHL-26-FLA,1760245200,0.1000,0.1000,0.1000,0.1000,0.1200,0.1200,0.1200,0.1200,0.00,107050.00
KXNHL-26-FLA,1760248800,0.1000,0.1000,0.1000,0.1000,0.1200,0.1200,0.1200,0.1200,0.00,107050.00
KXNHL-26-FLA,1760252400,0.1000,0.1000,0.1000,0.1000,0.1200,0.1200,0.1200,0.1200,0.00,107050.00
KXNHL-26-FLA,1760256000,0.1000,0.1000,0.1000,0.1000,0.1200,0.1200,0.1200,0.1200,0.00,107050.00
KXNHL-26-FLA,1760259600,0.1000,0.1000,0.1000,0.1000,0.1200,0.1200,0.1200,0.1200,0.00,107050.00
KXNHL-26-FLA,1760263200,0.1000,0.1000,0.1000,0.1000,0.1200,0.1200,0.1200,0.1200,0.00,107050.00
KXNHL-26-FLA,1760266800,0.1000,0.1000,0.1000,0.1000,0.1200,0.1200,0.1100,0.1100,0.00,107050.00
KXNHL-26-FLA,1760270400,0.1000,0.1000,0.1000,0.1000,0.1100,0.1100,0.1100,0.1100,0.00,107050.00
KXNHL-26-FLA,1760274000,0.1000,0.1000,0.1000,0.1000,0.1100,0.1200,0.1100,0.1200,179.00,107120.00
KXNHL-26-FLA,1760277600,0.1000,0.1100,0.1000,0.1000,0.1200,0.1200,0.1200,0.1200,100.00,107220.00
KXNHL-26-FLA,1760281200,0.1000,0.1000,0.1000,0.1000,0.1200,0.1200,0.1200,0.1200,0.00,107220.00
KXNHL-26-FLA,1760284800,0.1000,0.1000,0.1000,0.1000,0.1200,0.1200,0.1100,0.1100,0.00,107220.00
KXNHL-26-FLA,1760288400,0.1000,0.1000,0.1000,0.1000,0.1100,0.1100,0.1100,0.1100,0.00,107220.00
KXNHL-26-FLA,1760292000,0.1000,0.1000,0.1000,0.1000,0.1100,0.1200,0.1100,0.1200,164.00,107288.00
KXNHL-26-FLA,1760295600,0.1000,0.1000,0.1000,0.1000,0.1200,0.1200,0.1200,0.1200,0.00,107288.00
KXNHL-26-FLA,1760299200,0.1000,0.1000,0.1000,0.1000,0.1200,0.1200,0.1100,0.1100,0.00,107288.00
KXNHL-26-FLA,1760302800,0.1000,0.1000,0.1000,0.1000,0.1100,0.1100,0.1100,0.1100,0.00,107288.00
KXNHL-26-FLA,1760306400,0.1000,0.1000,0.1000,0.1000,0.1100,0.1100,0.1100,0.1100,8.00,107288.00
KXNHL-26-FLA,1760310000,0.1000,0.1000,0.1000,0.1000,0.1100,0.1100,0.1100,0.1100,0.00,107288.00
KXNHL-26-FLA,1760313600,0.1000,0.1000,0.1000,0.1000,0.1100,0.1100,0.1100,0.1100,0.00,107288.00
KXNHL-26-FLA,1760317200,0.1000,0.1000,0.1000,0.1000,0.1100,0.1200,0.1100,0.1200,265.00,107288.00
KXNHL-26-FLA,1760320800,0.1000,0.1000,0.1000,0.1000,0.1200,0.1200,0.1200,0.1200,0.00,107288.00
KXNHL-26-FLA,1760324400,0.1000,0.1000,0.1000,0.1000,0.1200,0.1200,0.1200,0.1200,15.00,107303.00
KXNHL-26-FLA,1760328000,0.1000,0.1000,0.1000,0.1000,0.1200,0.1200,0.1100,0.1100,0.00,107303.00
KXNHL-26-FLA,1760331600,0.1000,0.1000,0.1000,0.1000,0.1100,0.1100,0.1100,0.1100,375.00,107678.00
KXNHL-26-FLA,1760335200,0.1000,0.1000,0.1000,0.1000,0.1100,0.1100,0.1100,0.1100,0.00,107678.00
KXNHL-26-FLA,1760338800,0.1000,0.1000,0.1000,0.1000,0.1100,0.1100,0.1100,0.1100,0.00,107678.00
KXNHL-26-FLA,1760342400,0.1000,0.1000,0.1000,0.1000,0.1100,0.1100,0.1100,0.1100,0.00,107678.00
KXNHL-26-FLA,1760346000,0.1000,0.1000,0.1000,0.1000,0.1100,0.1100,0.1100,0.1100,0.00,107678.00
KXNHL-26-FLA,1760349600,0.1000,0.1000,0.1000,0.1000,0.1100,0.1100,0.1100,0.1100,0.00,107678.00
KXNHL-26-FLA,1760353200,0.1000,0.1000,0.1000,0.1000,0.1100,0.1100,0.1100,0.1100,0.00,107678.00
KXNHL-26-FLA,1760356800,0.1000,0.1000,0.1000,0.1000,0.1100,0.1100,0.1100,0.1100,0.00,107678.00
KXNHL-26-FLA,1760360400,0.1000,0.1000,0.1000,0.1000,0.1100,0.1100,0.1100,0.1100,0.00,107678.00
KXNHL-26-FLA,1760364000,0.1000,0.1000,0.1000,0.1000,0.1100,0.1100,0.1100,0.1100,0.00,107678.00
KXNHL-26-FLA,1760367600,0.1000,0.1000,0.1000,0.1000,0.1100,0.1100,0.1100,0.1100,0.00,107678.00
KXNHL-26-FLA,1760371200,0.1000,0.1000,0.1000,0.1000,0.1100,0.1100,0.1100,0.1100,0.00,107678.00
KXNHL-26-FLA,1760374800,0.1000,0.1000,0.1000,0.1000,0.1100,0.1100,0.1100,0.1100,0.00,107678.00
KXNHL-26-FLA,1760378400,0.1000,0.1000,0.1000,0.1000,0.1100,0.1100,0.1100,0.1100,8.00,107686.00
KXNHL-26-FLA,1760382000,0.1000,0.1000,0.1000,0.1000,0.1100,0.1100,0.1100,0.1100,5.00,107691.00
KXNHL-26-FLA,1760385600,0.1000,0.1000,0.1000,0.1000,0.1100,0.1100,0.1100,0.1100,0.00,107691.00
KXNHL-26-FLA,1760389200,0.1000,0.1000,0.1000,0.1000,0.1100,0.1100,0.1100,0.1100,0.00,107691.00
KXNHL-26-FLA,1760392800,0.1000,0.1000,0.1000,0.1000,0.1100,0.1100,0.1100,0.1100,0.00,107691.00
KXNHL-26-FLA,1760396400,0.1000,0.1000,0.1000,0.1000,0.1100,0.1100,0.1100,0.1100,500.00,108191.00
KXNHL-26-FLA,1760400000,0.1000,0.1000,0.1000,0.1000,0.1100,0.1100,0.1100,0.1100,17.00,108208.00
KXNHL-26-FLA,1760403600,0.1000,0.1000,0.1000,0.1000,0.1100,0.1100,0.1100,0.1100,100.00,108308.00
KXNHL-26-FLA,1760407200,0.1000,0.1000,0.1000,0.1000,0.1100,0.1100,0.1100,0.1100,500.00,107808.00
KXNHL-26-FLA,1760410800,0.1000,0.1000,0.1000,0.1000,0.1100,0.1100,0.1100,0.1100,10.00,107818.00
KXNHL-26-FLA,1760414400,0.1000,0.1000,0.1000,0.1000,0.1100,0.1100,0.1100,0.1100,410.00,108228.00
KXNHL-26-FLA,1760418000,0.1000,0.1000,0.1000,0.1000,0.1100,0.1100,0.1100,0.1100,0.00,108228.00
KXNHL-26-FLA,1760421600,0.1000,0.1000,0.1000,0.1000,0.1100,0.1100,0.1100,0.1100,47.00,108275.00
KXNHL-26-FLA,1760425200,0.1000,0.1000,0.1000,0.1000,0.1100,0.1100,0.1100,0.1100,60.00,108331.00
KXNHL-26-FLA,1760428800,0.1000,0.1000,0.1000,0.1000,0.1100,0.1100,0.1100,0.1100,0.00,108331.00
KXNHL-26-FLA,1760432400,0.1000,0.1000,0.1000,0.1000,0.1100,0.1100,0.1100,0.1100,0.00,108331.00
KXNHL-26-FLA,1760436000,0.1000,0.1000,0.1000,0.1000,0.1100,0.1100,0.1100,0.1100,0.00,108331.00
KXNHL-26-FLA,1760439600,0.1000,0.1000,0.1000,0.1000,0.1100,0.1100,0.1100,0.1100,0.00,108331.00
KXNHL-26-FLA,1760443200,0.1000,0.1000,0.1000,0.1000,0.1100,0.1100,0.1100,0.1100,0.00,108331.00
KXNHL-26-FLA,1760446800,0.1000,0.1000,0.1000,0.1000,0.1100,0.1100,0.1100,0.1100,100.00,108431.00
KXNHL-26-FLA,1760450400,0.1000,0.1000,0.1000,0.1000,0.1100,0.1100,0.1100,0.1100,0.00,108431.00
KXNHL-26-FLA,1760454000,0.1000,0.1000,0.1000,0.1000,0.1100,0.1100,0.1100,0.1100,55.00,108486.00
KXNHL-26-FLA,1760457600,0.1000,0.1000,0.1000,0.1000,0.1100,0.1200,0.1100,0.1200,3445.00,111931.00
KXNHL-26-FLA,1760461200,0.1000,0.1000,0.1000,0.1000,0.1200,0.1200,0.1200,0.1200,0.00,111931.00
KXNHL-26-FLA,1760464800,0.1000,0.1000,0.1000,0.1000,0.1200,0.1200,0.1200,0.1200,2.00,111933.00
KXNHL-26-FLA,1760468400,0.1000,0.1000,0.1000,0.1000,0.1200,0.1200,0.1200,0.1200,0.00,111933.00
KXNHL-26-FLA,1760472000,0.1000,0.1000,0.1000,0.1000,0.1200,0.1200,0.1200,0.1200,0.00,111933.00
KXNHL-26-FLA,1760475600,0.1000,0.1000,0.1000,0.1000,0.1200,0.1200,0.1200,0.1200,0.00,111933.00
KXNHL-26-FLA,1760479200,0.1000,0.1000,0.1000,0.1000,0.1200,0.1200,0.1200,0.1200,0.00,111933.00
KXNHL-26-FLA,1760482800,0.1000,0.1000,0.1000,0.1000,0.1200,0.1200,0.1200,0.1200,0.00,111933.00
KXNHL-26-FLA,1760486400,0.1000,0.1000,0.1000,0.1000,0.1200,0.1200,0.1200,0.1200,0.00,111933.00
KXNHL-26-FLA,1760490000,0.1000,0.1000,0.1000,0.1000,0.1200,0.1200,0.1200,0.1200,350.00,112271.00
KXNHL-26-FLA,1760493600,0.1000,0.1000,0.1000,0.1000,0.1200,0.1200,0.1200,0.1200,0.00,112271.00
KXNHL-26-FLA,1760497200,0.1000,0.1000,0.1000,0.1000,0.1200,0.1200,0.1200,0.1200,178.00,112132.00
KXNHL-26-FLA,1760500800,0.1000,0.1000,0.1000,0.1000,0.1200,0.1200,0.1200,0.1200,0.00,112132.00
KXNHL-26-FLA,1760504400,0.1000,0.1000,0.1000,0.1000,0.1200,0.1200,0.1200,0.1200,0.00,112132.00
KXNHL-26-FLA,1760508000,0.1000,0.1000,0.1000,0.1000,0.1200,0.1200,0.1200,0.1200,250.00,112132.00
KXNHL-26-FLA,1760511600,0.1000,0.1000,0.1000,0.1000,0.1200,0.1200,0.1200,0.1200,20.00,112132.00
KXNHL-26-FLA,1760515200,0.1000,0.1000,0.1000,0.1000,0.1200,0.1200,0.1200,0.1200,0.00,112132.00
KXNHL-26-FLA,1760518800,0.1000,0.1000,0.1000,0.1000,0.1200,0.1200,0.1200,0.1200,0.00,112132.00
KXNHL-26-FLA,1760522400,0.1000,0.1000,0.1000,0.1000,0.1200,0.1200,0.1200,0.1200,0.00,112132.00
KXNHL-26-FLA,1760526000,0.1000,0.1000,0.1000,0.1000,0.1200,0.1200,0.1200,0.1200,0.00,112132.00
KXNHL-26-FLA,1760529600,0.1000,0.1000,0.1000,0.1000,0.1200,0.1200,0.1100,0.1200,0.00,112132.00
KXNHL-26-FLA,1760533200,0.1000,0.1000,0.1000,0.1000,0.1200,0.1200,0.1200,0.1200,723.00,112132.00
KXNHL-26-FLA,1760536800,0.1000,0.1000,0.1000,0.1000,0.1200,0.1200,0.1200,0.1200,0.00,112132.00
KXNHL-26-FLA,1760540400,0.1000,0.1000,0.1000,0.1000,0.1200,0.1200,0.1200,0.1200,50.00,112132.00
KXNHL-26-FLA,1760544000,0.1000,0.1000,0.1000,0.1000,0.1200,0.1200,0.1200,0.1200,100.00,112132.00
KXNHL-26-FLA,1760547600,0.1000,0.1000,0.1000,0.1000,0.1200,0.1200,0.1200,0.1200,0.00,112132.00
KXNHL-26-FLA,1760551200,0.1000,0.1000,0.1000,0.1000,0.1200,0.1200,0.1200,0.1200,20.00,112132.00
KXNHL-26-FLA,1760554800,0.1000,0.1000,0.1000,0.1000,0.1200,0.1200,0.1200,0.1200,0.00,112132.00
KXNHL-26-FLA,1760558400,0.1000,0.1000,0.1000,0.1000,0.1200,0.1200,0.1200,0.1200,0.00,112132.00
KXNHL-26-FLA,1760562000,0.1000,0.1000,0.1000,0.1000,0.1200,0.1200,0.1200,0.1200,0.00,112132.00
KXNHL-26-FLA,1760565600,0.1000,0.1000,0.1000,0.1000,0.1200,0.1200,0.1200,0.1200,0.00,112132.00
KXNHL-26-FLA,1760569200,0.1000,0.1000,0.1000,0.1000,0.1200,0.1200,0.1200,0.1200,0.00,112132.00
KXNHL-26-FLA,1760572800,0.1000,0.1000,0.1000,0.1000,0.1200,0.1200,0.1200,0.1200,150.00,112132.00
KXNHL-26-FLA,1760576400,0.1000,0.1000,0.1000,0.1000,0.1200,0.1200,0.1200,0.1200,10.00,112132.00
KXNHL-26-FLA,1760580000,0.1000,0.1000,0.1000,0.1000,0.1200,0.1200,0.1200,0.1200,39.00,112132.00
KXNHL-26-FLA,1760583600,0.1000,0.1000,0.1000,0.1000,0.1200,0.1200,0.1200,0.1200,0.00,112132.00
KXNHL-26-FLA,1760587200,0.1000,0.1000,0.1000,0.1000,0.1200,0.1200,0.1200,0.1200,60.00,112102.00
KXNHL-26-FLA,1760590800,0.1000,0.1000,0.1000,0.1000,0.1200,0.1200,0.1200,0.1200,0.00,112102.00
KXNHL-26-FLA,1760594400,0.1000,0.1000,0.1000,0.1000,0.1200,0.1200,0.1200,0.1200,0.00,112102.00
KXNHL-26-FLA,1760598000,0.1000,0.1000,0.1000,0.1000,0.1200,0.1200,0.1200,0.1200,0.00,112102.00
KXNHL-26-FLA,1760608800,0.1000,0.1000,0.1000,0.1000,0.1200,0.1200,0.1200,0.1200,0.00,112102.00
KXNHL-26-FLA,1760612400,0.1000,0.1000,0.1000,0.1000,0.1200,0.1200,0.1200,0.1200,0.00,112102.00
KXNHL-26-FLA,1760616000,0.1000,0.1000,0.1000,0.1000,0.1200,0.1200,0.1200,0.1200,0.00,112102.00
KXNHL-26-FLA,1760619600,0.1000,0.1000,0.1000,0.1000,0.1200,0.1200,0.1200,0.1200,0.00,112102.00
KXNHL-26-FLA,1760623200,0.1000,0.1000,0.1000,0.1000,0.1200,0.1200,0.1200,0.1200,0.00,112102.00
KXNHL-26-FLA,1760626800,0.1000,0.1000,0.1000,0.1000,0.1200,0.1200,0.1200,0.1200,0.00,112102.00
KXNHL-26-FLA,1760630400,0.1000,0.1000,0.1000,0.1000,0.1200,0.1200,0.1200,0.1200,0.00,112102.00
KXNHL-26-FLA,1760634000,0.1000,0.1000,0.1000,0.1000,0.1200,0.1200,0.1200,0.1200,0.00,112102.00
KXNHL-26-FLA,1760637600,0.1000,0.1000,0.1000,0.1000,0.1200,0.1200,0.1200,0.1200,0.00,112102.00
KXNHL-26-FLA,1760641200,0.1000,0.1000,0.1000,0.1000,0.1200,0.1200,0.1200,0.1200,400.00,112502.00
KXNHL-26-FLA,1760644800,0.1000,0.1000,0.1000,0.1000,0.1200,0.1200,0.1200,0.1200,42.00,112502.00
KXNHL-26-FLA,1760648400,0.1000,0.1000,0.1000,0.1000,0.1200,0.1200,0.1200,0.1200,117.00,112619.00
KXNHL-26-FLA,1760652000,0.1000,0.1000,0.1000,0.1000,0.1200,0.1200,0.1200,0.1200,0.00,112619.00
KXNHL-26-FLA,1760655600,0.1000,0.1000,0.1000,0.1000,0.1200,0.1200,0.1200,0.1200,0.00,112619.00
KXNHL-26-FLA,1760659200,0.1000,0.1000,0.1000,0.1000,0.1200,0.1200,0.1200,0.1200,0.00,112619.00
KXNHL-26-FLA,1760662800,0.1000,0.1000,0.1000,0.1000,0.1200,0.1200,0.1200,0.1200,0.00,112619.00
KXNHL-26-FLA,1760666400,0.1000,0.1000,0.1000,0.1000,0.1200,0.1300,0.1200,0.1300,193.00,112740.00
KXNHL-26-FLA,1760670000,0.1000,0.1000,0.1000,0.1000,0.1300,0.1300,0.1300,0.1300,0.00,112740.00
KXNHL-26-FLA,1760673600,0.1000,0.1200,0.1000,0.1200,0.1300,0.1300,0.1300,0.1300,0.00,112740.00
KXNHL-26-FLA,1760677200,0.1200,0.1200,0.1200,0.1200,0.1300,0.1300,0.1300,0.1300,0.00,112740.00
KXNHL-26-FLA,1760680800,0.1200,0.1200,0.1200,0.1200,0.1300,0.1300,0.1300,0.1300,0.00,112740.00
KXNHL-26-FLA,1760684400,0.1200,0.1200,0.1200,0.1200,0.1300,0.1300,0.1300,0.1300,0.00,112740.00
KXNHL-26-FLA,1760688000,0.1200,0.1200,0.1200,0.1200,0.1300,0.1300,0.1300,0.1300,0.00,112740.00
KXNHL-26-FLA,1760691600,0.1200,0.1200,0.1200,0.1200,0.1300,0.1300,0.1300,0.1300,0.00,112740.00
KXNHL-26-FLA,1760695200,0.1200,0.1200,0.1200,0.1200,0.1300,0.1300,0.1300,0.1300,0.00,112740.00
KXNHL-26-FLA,1760698800,0.1200,0.1200,0.1200,0.1200,0.1300,0.1300,0.1300,0.1300,0.00,112740.00
KXNHL-26-FLA,1760702400,0.1200,0.1200,0.1000,0.1000,0.1300,0.1300,0.1200,0.1300,100.00,112840.00
KXNHL-26-FLA,1760706000,0.1000,0.1000,0.1000,0.1000,0.1300,0.1300,0.1300,0.1300,0.00,112840.00
KXNHL-26-FLA,1760709600,0.1000,0.1000,0.1000,0.1000,0.1300,0.1300,0.1300,0.1300,0.00,112840.00
KXNHL-26-FLA,1760713200,0.1000,0.1000,0.1000,0.1000,0.1300,0.1300,0.1300,0.1300,50.00,112840.00
KXNHL-26-FLA,1760716800,0.1000,0.1000,0.1000,0.1000,0.1300,0.1300,0.1300,0.1300,5.00,112840.00
KXNHL-26-FLA,1760720400,0.1000,0.1000,0.1000,0.1000,0.1300,0.1300,0.1300,0.1300,0.00,112840.00
KXNHL-26-FLA,1760724000,0.1000,0.1000,0.1000,0.1000,0.1300,0.1300,0.1300,0.1300,0.00,112840.00
KXNHL-26-FLA,1760727600,0.1000,0.1000,0.1000,0.1000,0.1300,0.1300,0.1300,0.1300,15.00,112840.00
KXNHL-26-FLA,1760731200,0.1000,0.1000,0.1000,0.1000,0.1300,0.1300,0.1300,0.1300,1.00,112840.00
KXNHL-26-FLA,1760734800,0.1000,0.1000,0.1000,0.1000,0.1300,0.1300,0.1300,0.1300,2000.00,114611.00
KXNHL-26-FLA,1760738400,0.1000,0.1000,0.1000,0.1000,0.1300,0.1300,0.1300,0.1300,0.00,114611.00
KXNHL-26-FLA,1760742000,0.1000,0.1000,0.1000,0.1000,0.1300,0.1300,0.1300,0.1300,0.00,114611.00
KXNHL-26-FLA,1760745600,0.1000,0.1000,0.1000,0.1000,0.1300,0.1300,0.1300,0.1300,0.00,114611.00
KXNHL-26-FLA,1760749200,0.1000,0.1000,0.1000,0.1000,0.1300,0.1300,0.1300,0.1300,0.00,114611.00
KXNHL-26-FLA,1760752800,0.1000,0.1000,0.1000,0.1000,0.1300,0.1300,0.1300,0.1300,36.00,114647.00
KXNHL-26-FLA,1760756400,0.1000,0.1000,0.1000,0.1000,0.1300,0.1300,0.1300,0.1300,0.00,114647.00
KXNHL-26-FLA,1760760000,0.1000,0.1000,0.1000,0.1000,0.1300,0.1300,0.1300,0.1300,0.00,114647.00
KXNHL-26-FLA,1760763600,0.1000,0.1000,0.1000,0.1000,0.1300,0.1300,0.1300,0.1300,1500.00,116147.00
KXNHL-26-FLA,1760767200,0.1000,0.1000,0.1000,0.1000,0.1300,0.1300,0.1300,0.1300,0.00,116147.00
KXNHL-26-FLA,1760770800,0.1000,0.1000,0.1000,0.1000,0.1300,0.1300,0.1300,0.1300,0.00,116147.00
KXNHL-26-FLA,1760774400,0.1000,0.1000,0.1000,0.1000,0.1300,0.1300,0.1300,0.1300,0.00,116147.00
KXNHL-26-FLA,1760778000,0.1000,0.1000,0.1000,0.1000,0.1300,0.1300,0.1300,0.1300,0.00,116147.00
KXNHL-26-FLA,1760781600,0.1000,0.1000,0.1000,0.1000,0.1300,0.1300,0.1300,0.1300,0.00,116147.00
KXNHL-26-FLA,1760785200,0.1000,0.1000,0.1000,0.1000,0.1300,0.1300,0.1300,0.1300,0.00,116147.00
KXNHL-26-FLA,1760788800,0.1000,0.1000,0.1000,0.1000,0.1300,0.1300,0.1200,0.1300,0.00,116147.00
KXNHL-26-FLA,1760792400,0.1000,0.1000,0.1000,0.1000,0.1300,0.1300,0.1300,0.1300,0.00,116147.00
KXNHL-26-FLA,1760796000,0.1000,0.1000,0.1000,0.1000,0.1300,0.1300,0.1300,0.1300,0.00,116147.00
KXNHL-26-FLA,1760799600,0.1000,0.1000,0.1000,0.1000,0.1300,0.1300,0.1300,0.1300,250.00,116397.00
KXNHL-26-FLA,1760803200,0.1000,0.1000,0.1000,0.1000,0.1300,0.1300,0.1300,0.1300,0.00,116397.00
KXNHL-26-FLA,1760806800,0.1000,0.1000,0.1000,0.1000,0.1300,0.1300,0.1300,0.1300,1.00,116398.00
KXNHL-26-FLA,1760810400,0.1000,0.1100,0.1000,0.1000,0.1300,0.1300,0.1300,0.1300,12.00,116403.00
KXNHL-26-FLA,1760814000,0.1000,0.1000,0.0900,0.0900,0.1300,0.1300,0.1200,0.1300,4543.00,112403.00
KXNHL-26-FLA,1760817600,0.0900,0.0900,0.0900,0.0900,0.1300,0.1300,0.1200,0.1200,5547.00,110303.00
KXNHL-26-FLA,1760821200,0.0900,0.0900,0.0900,0.0900,0.1200,0.1300,0.1200,0.1200,1.00,110303.00
KXNHL-26-FLA,1760824800,0.0900,0.0900,0.0900,0.0900,0.1200,0.1200,0.1200,0.1200,22.00,110303.00
KXNHL-26-FLA,1760828400,0.0900,0.0900,0.0800,0.0900,0.1200,0.1300,0.1200,0.1200,1.00,110303.00
KXNHL-26-FLA,1760832000,0.0900,0.1000,0.0800,0.1000,0.1200,0.1300,0.1200,0.1200,0.00,110303.00
KXNHL-26-FLA,1760835600,0.1000,0.1000,0.1000,0.1000,0.1200,0.1300,0.1200,0.1200,0.00,110303.00
KXNHL-26-FLA,1760839200,0.1000,0.1000,0.1000,0.1000,0.1200,0.1300,0.1200,0.1200,0.00,110303.00
KXNHL-26-FLA,1760842800,0.1000,0.1000,0.1000,0.1000,0.1200,0.1200,0.1200,0.1200,0.00,110303.00
KXNHL-26-FLA,1760846400,0.1000,0.1000,0.0900,0.0900,0.1200,0.1200,0.1000,0.1000,50.00,110303.00
KXNHL-26-FLA,1760850000,0.0900,0.0900,0.0900,0.0900,0.1000,0.1000,0.1000,0.1000,700.00,109757.00
KXNHL-26-FLA,1760853600,0.0900,0.0900,0.0900,0.0900,0.1000,0.1000,0.1000,0.1000,0.00,109757.00
KXNHL-26-FLA,1760857200,0.0900,0.0900,0.0900,0.0900,0.1000,0.1000,0.1000,0.1000,0.00,109757.00
KXNHL-26-FLA,1760871600,0.0900,0.0900,0.0800,0.0800,0.1000,0.1000,0.1000,0.1000,0.00,109757.00
KXNHL-26-FLA,1760875200,0.0800,0.0900,0.0800,0.0900,0.1000,0.1000,0.1000,0.1000,0.00,109757.00
KXNHL-26-FLA,1760878800,0.0900,0.0900,0.0800,0.0900,0.1000,0.1000,0.1000,0.1000,0.00,109757.00
KXNHL-26-FLA,1760882400,0.0900,0.0900,0.0800,0.0900,0.1000,0.1000,0.1000,0.1000,0.00,109757.00
KXNHL-26-FLA,1760886000,0.0900,0.0900,0.0800,0.0900,0.1000,0.1100,0.1000,0.1100,50.00,109757.00
KXNHL-26-FLA,1760889600,0.0900,0.0900,0.0900,0.0900,0.1100,0.1100,0.1000,0.1000,0.00,109757.00
KXNHL-26-FLA,1760893200,0.0900,0.0900,0.0900,0.0900,0.1000,0.1000,0.1000,0.1000,0.00,109757.00
KXNHL-26-FLA,1760896800,0.0900,0.0900,0.0900,0.0900,0.1000,0.1000,0.1000,0.1000,0.00,109757.00
KXNHL-26-FLA,1760900400,0.0900,0.0900,0.0900,0.0900,0.1000,0.1000,0.1000,0.1000,0.00,109757.00
KXNHL-26-FLA,1760904000,0.0900,0.0900,0.0900,0.0900,0.1000,0.1000,0.1000,0.1000,0.00,109757.00
KXNHL-26-FLA,1760907600,0.0900,0.0900,0.0900,0.0900,0.1000,0.1000,0.1000,0.1000,0.00,109757.00
KXNHL-26-FLA,1760911200,0.0900,0.0900,0.0900,0.0900,0.1000,0.1100,0.1000,0.1100,32.00,109757.00
KXNHL-26-FLA,1760914800,0.0900,0.0900,0.0900,0.0900,0.1100,0.1100,0.1100,0.1100,0.00,109757.00
KXNHL-26-FLA,1760918400,0.0900,0.0900,0.0900,0.0900,0.1100,0.1100,0.1100,0.1100,0.00,109757.00
KXNHL-26-FLA,1760922000,0.0900,0.0900,0.0900,0.0900,0.1100,0.1100,0.1100,0.1100,0.00,109757.00
KXNHL-26-FLA,1760925600,0.0900,0.0900,0.0900,0.0900,0.1100,0.1100,0.1100,0.1100,0.00,109757.00
KXNHL-26-FLA,1760929200,0.0900,0.0900,0.0900,0.0900,0.1100,0.1100,0.1100,0.1100,0.00,109757.00
KXNHL-26-FLA,1760932800,0.0900,0.0900,0.0900,0.0900,0.1100,0.1100,0.1100,0.1100,100.00,109757.00
KXNHL-26-FLA,1760936400,0.0900,0.0900,0.0900,0.0900,0.1100,0.1100,0.1000,0.1000,0.00,109757.00
KXNHL-26-FLA,1760940000,0.0900,0.0900,0.0900,0.0900,0.1000,0.1000,0.1000,0.1000,0.00,109757.00
KXNHL-26-FLA,1760943600,0.0900,0.0900,0.0900,0.0900,0.1000,0.1000,0.1000,0.1000,0.00,109757.00
KXNHL-26-FLA,1760947200,0.0900,0.0900,0.0900,0.0900,0.1000,0.1000,0.1000,0.1000,0.00,109757.00
KXNHL-26-FLA,1760950800,0.0900,0.0900,0.0900,0.0900,0.1000,0.1000,0.1000,0.1000,0.00,109757.00
KXNHL-26-FLA,1760954400,0.0900,0.0900,0.0900,0.0900,0.1000,0.1000,0.1000,0.1000,0.00,109757.00
KXNHL-26-FLA,1760958000,0.0900,0.0900,0.0900,0.0900,0.1000,0.1000,0.1000,0.1000,0.00,109757.00
KXNHL-26-FLA,1760961600,0.0900,0.0900,0.0900,0.0900,0.1000,0.1000,0.1000,0.1000,0.00,109757.00
KXNHL-26-FLA,1760965200,0.0900,0.0900,0.0900,0.0900,0.1000,0.1000,0.1000,0.1000,0.00,109757.00
KXNHL-26-FLA,1760968800,0.0900,0.0900,0.0900,0.0900,0.1000,0.1000,0.1000,0.1000,0.00,109757.00
KXNHL-26-FLA,1760972400,0.0900,0.0900,0.0900,0.0900,0.1000,0.1000,0.1000,0.1000,4.00,109761.00
KXNHL-26-FLA,1760976000,0.0900,0.0900,0.0900,0.0900,0.1000,0.1000,0.1000,0.1000,0.00,109761.00
KXNHL-26-FLA,1760979600,0.0900,0.0900,0.0900,0.0900,0.1000,0.1000,0.1000,0.1000,0.00,109761.00
KXNHL-26-FLA,1760983200,0.0900,0.0900,0.0900,0.0900,0.1000,0.1000,0.1000,0.1000,4.00,109761.00
KXNHL-26-FLA,1760986800,0.0900,0.0900,0.0900,0.0900,0.1000,0.1000,0.1000,0.1000,100.00,109861.00
KXNHL-26-FLA,1760990400,0.0900,0.0900,0.0900,0.0900,0.1000,0.1000,0.1000,0.1000,0.00,109861.00
KXNHL-26-FLA,1760994000,0.0900,0.0900,0.0900,0.0900,0.1000,0.1000,0.1000,0.1000,50.00,109911.00
KXNHL-26-FLA,1760997600,0.0900,0.0900,0.0900,0.0900,0.1000,0.1000,0.1000,0.1000,0.00,109911.00
KXNHL-26-FLA,1761001200,0.0900,0.0900,0.0900,0.0900,0.1000,0.1000,0.1000,0.1000,0.00,109911.00
KXNHL-26-FLA,1761004800,0.0900,0.0900,0.0900,0.0900,0.1000,0.1000,0.1000,0.1000,1000.00,110911.00
KXNHL-26-FLA,1761008400,0.0900,0.0900,0.0900,0.0900,0.1000,0.1000,0.1000,0.1000,56.00,110967.00
KXNHL-26-FLA,1761015600,0.0900,0.0900,0.0900,0.0900,0.1000,0.1100,0.1000,0.1100,1160.00,111257.00
KXNHL-26-FLA,1761019200,0.0900,0.0900,0.0900,0.0900,0.1100,0.1100,0.1000,0.1000,200.00,111457.00
KXNHL-26-FLA,1761022800,0.0900,0.0900,0.0900,0.0900,0.1000,0.1000,0.1000,0.1000,200.00,111653.00
KXNHL-26-FLA,1761026400,0.0900,0.0900,0.0900,0.0900,0.1000,0.1000,0.1000,0.1000,47.00,111700.00
KXNHL-26-FLA,1761030000,0.0900,0.0900,0.0900,0.0900,0.1000,0.1000,0.1000,0.1000,0.00,111700.00
KXNHL-26-FLA,1761033600,0.0900,0.0900,0.0900,0.0900,0.1000,0.1000,0.1000,0.1000,0.00,111700.00
KXNHL-26-FLA,1761037200,0.0900,0.0900,0.0900,0.0900,0.1000,0.1000,0.1000,0.1000,0.00,111700.00
KXNHL-26-FLA,1761040800,0.0900,0.0900,0.0900,0.0900,0.1000,0.1000,0.1000,0.1000,0.00,111700.00
KXNHL-26-FLA,1761044400,0.0900,0.0900,0.0900,0.0900,0.1000,0.1000,0.1000,0.1000,0.00,111700.00
KXNHL-26-FLA,1761048000,0.0900,0.0900,0.0900,0.0900,0.1000,0.1000,0.1000,0.1000,0.00,111700.00
KXNHL-26-FLA,1761051600,0.0900,0.0900,0.0900,0.0900,0.1000,0.1000,0.1000,0.1000,0.00,111700.00
KXNHL-26-FLA,1761055200,0.0900,0.0900,0.0900,0.0900,0.1000,0.1000,0.1000,0.1000,0.00,111700.00
KXNHL-26-FLA,1761058800,0.0900,0.0900,0.0800,0.0800,0.1000,0.1100,0.1000,0.1000,3957.00,112589.00
KXNHL-26-FLA,1761062400,0.0800,0.0800,0.0800,0.0800,0.1000,0.1100,0.0900,0.0900,0.00,112589.00
KXNHL-26-FLA,1761066000,0.0800,0.0900,0.0800,0.0900,0.0900,0.1100,0.0900,0.1100,2215.00,114604.00
KXNHL-26-FLA,1761069600,0.0900,0.0900,0.0900,0.0900,0.1100,0.1100,0.1000,0.1000,1.00,114605.00
KXNHL-26-FLA,1761073200,0.0900,0.0900,0.0900,0.0900,0.1000,0.1000,0.1000,0.1000,0.00,114605.00
KXNHL-26-FLA,1761076800,0.0900,0.0900,0.0900,0.0900,0.1000,0.1000,0.1000,0.1000,0.00,114605.00
KXNHL-26-FLA,1761080400,0.0900,0.0900,0.0900,0.0900,0.1000,0.1100,0.1000,0.1100,1351.00,115955.00
KXNHL-26-FLA,1761084000,0.0900,0.0900,0.0900,0.0900,0.1100,0.1100,0.1100,0.1100,0.00,115955.00
KXNHL-26-FLA,1761087600,0.0900,0.0900,0.0900,0.0900,0.1100,0.1100,0.1100,0.1100,0.00,115955.00
KXNHL-26-FLA,1761091200,0.0900,0.0900,0.0900,0.0900,0.1100,0.1100,0.1100,0.1100,0.00,115955.00
KXNHL-26-FLA,1761094800,0.0900,0.0900,0.0900,0.0900,0.1100,0.1100,0.1100,0.1100,100.00,116055.00
KXNHL-26-FLA,1761098400,0.0900,0.0900,0.0900,0.0900,0.1100,0.1100,0.1100,0.1100,100.00,116155.00
KXNHL-26-FLA,1761102000,0.0900,0.0900,0.0900,0.0900,0.1100,0.1100,0.1100,0.1100,1000.00,117155.00
KXNHL-26-FLA,1761105600,0.0900,0.0900,0.0900,0.0900,0.1100,0.1100,0.1100,0.1100,211.00,117366.00
KXNHL-26-FLA,1761109200,0.0900,0.0900,0.0900,0.0900,0.1100,0.1100,0.1100,0.1100,0.00,117366.00
KXNHL-26-FLA,1761112800,0.0900,0.0900,0.0900,0.0900,0.1100,0.1100,0.1100,0.1100,0.00,117366.00
KXNHL-26-FLA,1761116400,0.0900,0.0900,0.0900,0.0900,0.1100,0.1100,0.1100,0.1100,8.00,117374.00
KXNHL-26-FLA,1761120000,0.0900,0.0900,0.0900,0.0900,0.1100,0.1100,0.1100,0.1100,0.00,117374.00
KXNHL-26-FLA,1761123600,0.0900,0.0900,0.0900,0.0900,0.1100,0.1100,0.1100,0.1100,0.00,117374.00
KXNHL-26-FLA,1761127200,0.0900,0.0900,0.0900,0.0900,0.1100,0.1100,0.1100,0.1100,0.00,117374.00
KXNHL-26-FLA,1761130800,0.0900,0.0900,0.0900,0.0900,0.1100,0.1100,0.1100,0.1100,0.00,117374.00
KXNHL-26-FLA,1761134400,0.0900,0.0900,0.0900,0.0900,0.1100,0.1100,0.1100,0.1100,0.00,117374.00
KXNHL-26-FLA,1761138000,0.0900,0.0900,0.0900,0.0900,0.1100,0.1100,0.1100,0.1100,75.00,117449.00
KXNHL-26-FLA,1761141600,0.0900,0.1000,0.0900,0.1000,0.1100,0.1100,0.1100,0.1100,305.00,117754.00
KXNHL-26-FLA,1761145200,0.1000,0.1000,0.1000,0.1000,0.1100,0.1100,0.1100,0.1100,47.00,117801.00
KXNHL-26-FLA,1761148800,0.1000,0.1000,0.1000,0.1000,0.1100,0.1100,0.1100,0.1100,152.00,117875.00
KXNHL-26-FLA,1761152400,0.1000,0.1000,0.1000,0.1000,0.1100,0.1100,0.1100,0.1100,0.00,117875.00
KXNHL-26-FLA,1761156000,0.1000,0.1000,0.1000,0.1000,0.1100,0.1200,0.1100,0.1100,955.00,117875.00
KXNHL-26-FLA,1761159600,0.1000,0.1000,0.0800,0.0800,0.1100,0.1200,0.1000,0.1000,4042.00,114089.00
KXNHL-26-FLA,1761163200,0.0800,0.0800,0.0800,0.0800,0.1000,0.1100,0.1000,0.1100,0.00,114089.00
KXNHL-26-FLA,1761166800,0.0800,0.0800,0.0800,0.0800,0.1100,0.1100,0.1000,0.1000,0.00,114089.00
KXNHL-26-FLA,1761170400,0.0800,0.0800,0.0800,0.0800,0.1000,0.1000,0.1000,0.1000,0.00,114089.00
KXNHL-26-FLA,1761174000,0.0800,0.0800,0.0800,0.0800,0.1000,0.1100,0.1000,0.1000,241.00,114231.00
KXNHL-26-FLA,1761177600,0.0800,0.0900,0.0800,0.0900,0.1000,0.1100,0.1000,0.1100,1101.00,115167.00
KXNHL-26-FLA,1761181200,0.0900,0.0900,0.0800,0.0800,0.1100,0.1100,0.1100,0.1100,23.00,115190.00
KXNHL-26-FLA,1761184800,0.0800,0.0800,0.0800,0.0800,0.1100,0.1100,0.1100,0.1100,3.00,115193.00
KXNHL-26-FLA,1761188400,0.0800,0.0800,0.0800,0.0800,0.1100,0.1100,0.1000,0.1000,0.00,115193.00
KXNHL-26-FLA,1761192000,0.0800,0.0800,0.0800,0.0800,0.1000,0.1000,0.1000,0.1000,9.00,115193.00
KXNHL-26-FLA,1761195600,0.0800,0.0800,0.0800,0.0800,0.1000,0.1100,0.1000,0.1100,28.00,115193.00
KXNHL-26-FLA,1761199200,0.0800,0.0800,0.0800,0.0800,0.1100,0.1100,0.1100,0.1100,0.00,115193.00
KXNHL-26-FLA,1761202800,0.0800,0.0800,0.0800,0.0800,0.1100,0.1100,0.1100,0.1100,0.00,115193.00
KXNHL-26-FLA,1761210000,0.0800,0.0800,0.0800,0.0800,0.1100,0.1100,0.1100,0.1100,0.00,115193.00
KXNHL-26-FLA,1761213600,0.0800,0.0800,0.0800,0.0800,0.1100,0.1100,0.1100,0.1100,0.00,115193.00
KXNHL-26-FLA,1761220800,0.0800,0.0900,0.0800,0.0800,0.1100,0.1100,0.1100,0.1100,0.00,115193.00
KXNHL-26-FLA,1761224400,0.0800,0.0800,0.0800,0.0800,0.1100,0.1100,0.1100,0.1100,0.00,115193.00
KXNHL-26-FLA,1761228000,0.0800,0.0900,0.0800,0.0900,0.1100,0.1100,0.1100,0.1100,0.00,115193.00
KXNHL-26-FLA,1761231600,0.0900,0.0900,0.0800,0.0900,0.1100,0.1100,0.1100,0.1100,42.00,115235.00
KXNHL-26-FLA,1761235200,0.0900,0.0900,0.0800,0.0900,0.1100,0.1100,0.1100,0.1100,0.00,115235.00
KXNHL-26-FLA,1761238800,0.0900,0.0900,0.0800,0.0800,0.1100,0.1100,0.1100,0.1100,62.00,115297.00
KXNHL-26-FLA,1761242400,0.0800,0.0800,0.0800,0.0800,0.1100,0.1100,0.1100,0.1100,103.00,115297.00
KXNHL-26-FLA,1761246000,0.0800,0.0900,0.0800,0.0900,0.1100,0.1100,0.1100,0.1100,0.00,115297.00
KXNHL-26-FLA,1761249600,0.0900,0.0900,0.0800,0.0900,0.1100,0.1100,0.1000,0.1000,400.00,115060.00
KXNHL-26-FLA,1761253200,0.0900,0.0900,0.0900,0.0900,0.1000,0.1000,0.1000,0.1000,0.00,115060.00
KXNHL-26-FLA,1761256800,0.0900,0.0900,0.0900,0.0900,0.1000,0.1000,0.1000,0.1000,0.00,115060.00
KXNHL-26-FLA,1761260400,0.0900,0.0900,0.0900,0.0900,0.1000,0.1000,0.1000,0.1000,503.00,114560.00
KXNHL-26-FLA,1761264000,0.0900,0.0900,0.0900,0.0900,0.1000,0.1000,0.1000,0.1000,0.00,114560.00
KXNHL-26-FLA,1761267600,0.0900,0.0900,0.0900,0.0900,0.1000,0.1000,0.1000,0.1000,43.00,114560.00
KXNHL-26-FLA,1761271200,0.0900,0.0900,0.0900,0.0900,0.1000,0.1000,0.1000,0.1000,40.00,114520.00
KXNHL-26-FLA,1761274800,0.0900,0.0900,0.0900,0.0900,0.1000,0.1000,0.1000,0.1000,0.00,114520.00
KXNHL-26-FLA,1761278400,0.0900,0.0900,0.0900,0.0900,0.1000,0.1000,0.1000,0.1000,0.00,114520.00
KXNHL-26-FLA,1761282000,0.0900,0.0900,0.0900,0.0900,0.1000,0.1000,0.1000,0.1000,0.00,114520.00
KXNHL-26-FLA,1761285600,0.0900,0.0900,0.0900,0.0900,0.1000,0.1000,0.1000,0.1000,1000.00,113520.00
KXNHL-26-FLA,1761289200,0.0900,0.0900,0.0900,0.0900,0.1000,0.1100,0.1000,0.1100,290.00,113693.00
KXNHL-26-FLA,1761292800,0.0900,0.0900,0.0900,0.0900,0.1100,0.1100,0.1100,0.1100,8.00,113701.00
KXNHL-26-FLA,1761296400,0.0900,0.0900,0.0900,0.0900,0.1100,0.1100,0.1100,0.1100,0.00,113701.00
KXNHL-26-FLA,1761300000,0.0900,0.0900,0.0900,0.0900,0.1100,0.1100,0.1100,0.1100,0.00,113701.00
KXNHL-26-FLA,1761303600,0.0900,0.0900,0.0900,0.0900,0.1100,0.1100,0.1100,0.1100,0.00,113701.00
KXNHL-26-FLA,1761307200,0.0900,0.0900,0.0900,0.0900,0.1100,0.1100,0.1100,0.1100,0.00,113701.00
KXNHL-26-FLA,1761310800,0.0900,0.0900,0.0900,0.0900,0.1100,0.1100,0.1100,0.1100,0.00,113701.00
KXNHL-26-FLA,1761314400,0.0900,0.0900,0.0900,0.0900,0.1100,0.1100,0.1100,0.1100,11.00,113712.00
KXNHL-26-FLA,1761318000,0.0900,0.0900,0.0900,0.0900,0.1100,0.1100,0.1100,0.1100,20.00,113732.00
KXNHL-26-FLA,1761321600,0.0900,0.0900,0.0900,0.0900,0.1100,0.1100,0.1100,0.1100,0.00,113732.00
KXNHL-26-FLA,1761325200,0.0900,0.0900,0.0900,0.0900,0.1100,0.1100,0.1100,0.1100,0.00,113732.00
KXNHL-26-FLA,1761328800,0.0900,0.0900,0.0900,0.0900,0.1100,0.1100,0.1100,0.1100,0.00,113732.00
KXNHL-26-FLA,1761332400,0.0900,0.0900,0.0900,0.0900,0.1100,0.1100,0.1100,0.1100,0.00,113732.00
KXNHL-26-FLA,1761336000,0.0900,0.0900,0.0900,0.0900,0.1100,0.1100,0.1100,0.1100,0.00,113732.00
KXNHL-26-FLA,1761339600,0.0900,0.0900,0.0900,0.0900,0.1100,0.1100,0.1100,0.1100,0.00,113732.00
KXNHL-26-FLA,1761343200,0.0900,0.0900,0.0900,0.0900,0.1100,0.1100,0.1100,0.1100,0.00,113732.00
KXNHL-26-FLA,1761346800,0.0900,0.0900,0.0900,0.0900,0.1100,0.1100,0.1100,0.1100,0.00,113732.00
KXNHL-26-FLA,1761350400,0.0900,0.0900,0.0900,0.0900,0.1100,0.1100,0.1100,0.1100,0.00,113732.00
KXNHL-26-FLA,1761354000,0.0900,0.0900,0.0900,0.0900,0.1100,0.1100,0.1100,0.1100,0.00,113732.00
KXNHL-26-FLA,1761357600,0.0900,0.0900,0.0900,0.0900,0.1100,0.1100,0.1100,0.1100,0.00,113732.00
KXNHL-26-FLA,1761361200,0.0900,0.0900,0.0900,0.0900,0.1100,0.1100,0.1100,0.1100,0.00,113732.00
KXNHL-26-FLA,1761364800,0.0900,0.0900,0.0900,0.0900,0.1100,0.1100,0.1100,0.1100,0.00,113732.00
KXNHL-26-FLA,1761368400,0.0900,0.0900,0.0900,0.0900,0.1100,0.1100,0.1100,0.1100,0.00,113732.00
KXNHL-26-FLA,1761372000,0.0900,0.0900,0.0900,0.0900,0.1100,0.1100,0.1100,0.1100,0.00,113732.00
KXNHL-26-FLA,1761375600,0.0900,0.0900,0.0900,0.0900,0.1100,0.1100,0.1100,0.1100,0.00,113732.00
KXNHL-26-FLA,1761379200,0.0900,0.0900,0.0900,0.0900,0.1100,0.1100,0.1100,0.1100,0.00,113732.00
KXNHL-26-FLA,1761382800,0.0900,0.0900,0.0900,0.0900,0.1100,0.1100,0.1100,0.1100,0.00,113732.00
KXNHL-26-FLA,1761386400,0.0900,0.0900,0.0900,0.0900,0.1100,0.1100,0.1100,0.1100,0.00,113732.00
KXNHL-26-FLA,1761390000,0.0900,0.0900,0.0900,0.0900,0.1100,0.1100,0.1100,0.1100,0.00,113732.00
KXNHL-26-FLA,1761393600,0.0900,0.0900,0.0900,0.0900,0.1100,0.1100,0.1100,0.1100,0.00,113732.00
KXNHL-26-FLA,1761397200,0.0900,0.0900,0.0900,0.0900,0.1100,0.1100,0.1100,0.1100,0.00,113732.00
KXNHL-26-FLA,1761400800,0.0900,0.0900,0.0900,0.0900,0.1100,0.1100,0.1100,0.1100,213.00,113540.00
KXNHL-26-FLA,1761404400,0.0900,0.0900,0.0900,0.0900,0.1100,0.1100,0.1000,0.1000,0.00,113540.00
KXNHL-26-FLA,1761408000,0.0900,0.0900,0.0900,0.0900,0.1000,0.1000,0.1000,0.1000,0.00,113540.00
KXNHL-26-FLA,1761411600,0.0900,0.0900,0.0900,0.0900,0.1000,0.1000,0.1000,0.1000,0.00,113540.00
KXNHL-26-FLA,1761415200,0.0900,0.0900,0.0900,0.0900,0.1000,0.1000,0.1000,0.1000,0.00,113540.00
KXNHL-26-FLA,1761418800,0.0900,0.0900,0.0900,0.0900,0.1000,0.1000,0.1000,0.1000,0.00,113540.00
KXNHL-26-FLA,1761422400,0.0900,0.0900,0.0900,0.0900,0.1000,0.1100,0.1000,0.1100,21.00,113540.00
KXNHL-26-FLA,1761426000,0.0900,0.0900,0.0900,0.0900,0.1100,0.1100,0.1100,0.1100,0.00,113540.00
KXNHL-26-FLA,1761429600,0.0900,0.0900,0.0900,0.0900,0.1100,0.1100,0.1100,0.1100,0.00,113540.00
KXNHL-26-FLA,1761433200,0.0900,0.0900,0.0900,0.0900,0.1100,0.1100,0.1100,0.1100,300.00,113840.00
KXNHL-26-FLA,1761436800,0.0900,0.0900,0.0900,0.0900,0.1100,0.1100,0.1100,0.1100,0.00,113840.00
KXNHL-26-FLA,1761440400,0.0900,0.0900,0.0900,0.0900,0.1100,0.1100,0.1100,0.1100,200.00,114040.00
KXNHL-26-FLA,1761444000,0.0900,0.0900,0.0900,0.0900,0.1100,0.1100,0.1100,0.1100,0.00,114040.00
KXNHL-26-FLA,1761447600,0.0900,0.0900,0.0900,0.0900,0.1100,0.1100,0.1100,0.1100,0.00,114040.00
KXNHL-26-FLA,1761451200,0.0900,0.0900,0.0900,0.0900,0.1100,0.1100,0.1100,0.1100,0.00,114040.00
KXNHL-26-FLA,1761454800,0.0900,0.0900,0.0900,0.0900,0.1100,0.1100,0.1100,0.1100,0.00,114040.00
KXNHL-26-FLA,1761458400,0.0900,0.0900,0.0900,0.0900,0.1100,0.1100,0.1100,0.1100,100.00,114140.00
KXNHL-26-FLA,1761462000,0.0900,0.0900,0.0900,0.0900,0.1100,0.1100,0.1100,0.1100,0.00,114140.00
KXNHL-26-FLA,1761465600,0.0900,0.0900,0.0900,0.0900,0.1100,0.1100,0.1100,0.1100,0.00,114140.00
KXNHL-26-FLA,1761469200,0.0900,0.0900,0.0900,0.0900,0.1100,0.1100,0.1100,0.1100,0.00,114140.00
KXNHL-26-FLA,1761472800,0.0900,0.0900,0.0900,0.0900,0.1100,0.1100,0.1100,0.1100,0.00,114140.00
KXNHL-26-FLA,1761476400,0.0900,0.0900,0.0900,0.0900,0.1100,0.1100,0.1100,0.1100,0.00,114140.00
KXNHL-26-FLA,1761480000,0.0900,0.0900,0.0900,0.0900,0.1100,0.1100,0.1100,0.1100,0.00,114140.00
KXNHL-26-FLA,1761483600,0.0900,0.0900,0.0900,0.0900,0.1100,0.1100,0.1100,0.1100,0.00,114140.00
KXNHL-26-FLA,1761487200,0.0900,0.0900,0.0900,0.0900,0.1100,0.1100,0.1100,0.1100,51.00,114191.00
KXNHL-26-FLA,1761490800,0.0900,0.0900,0.0900,0.0900,0.1100,0.1100,0.1100,0.1100,0.00,114191.00
KXNHL-26-FLA,1761494400,0.0900,0.0900,0.0900,0.0900,0.1100,0.1100,0.1100,0.1100,0.00,114191.00
KXNHL-26-FLA,1761498000,0.0900,0.0900,0.0900,0.0900,0.1100,0.1100,0.1100,0.1100,0.00,114191.00
KXNHL-26-FLA,1761501600,0.0900,0.0900,0.0900,0.0900,0.1100,0.1100,0.1100,0.1100,0.00,114191.00
KXNHL-26-FLA,1761505200,0.0900,0.0900,0.0900,0.0900,0.1100,0.1100,0.1100,0.1100,0.00,114191.00
KXNHL-26-FLA,1761512400,0.0900,0.0900,0.0900,0.0900,0.1100,0.1100,0.1100,0.1100,0.00,114191.00
KXNHL-26-FLA,1761516000,0.0900,0.0900,0.0900,0.0900,0.1100,0.1100,0.1100,0.1100,0.00,114191.00
KXNHL-26-FLA,1761519600,0.0900,0.0900,0.0900,0.0900,0.1100,0.1100,0.1000,0.1000,0.00,114191.00
KXNHL-26-FLA,1761523200,0.0900,0.0900,0.0900,0.0900,0.1000,0.1000,0.1000,0.1000,5.00,114191.00
KXNHL-26-FLA,1761526800,0.0900,0.0900,0.0900,0.0900,0.1000,0.1000,0.1000,0.1000,390.00,114476.00
KXNHL-26-FLA,1761530400,0.0900,0.0900,0.0900,0.0900,0.1000,0.1000,0.1000,0.1000,0.00,114476.00
KXNHL-26-FLA,1761534000,0.0900,0.0900,0.0900,0.0900,0.1000,0.1000,0.1000,0.1000,0.00,114476.00
KXNHL-26-FLA,1761537600,0.0900,0.0900,0.0900,0.0900,0.1000,0.1000,0.1000,0.1000,7.00,114483.00
KXNHL-26-FLA,1761541200,0.0900,0.0900,0.0900,0.0900,0.1000,0.1000,0.1000,0.1000,0.00,114483.00
KXNHL-26-FLA,1761544800,0.0900,0.0900,0.0900,0.0900,0.1000,0.1000,0.1000,0.1000,218.00,114701.00
KXNHL-26-FLA,1761548400,0.0900,0.0900,0.0900,0.0900,0.1000,0.1000,0.1000,0.1000,0.00,114701.00
KXNHL-26-FLA,1761552000,0.0900,0.0900,0.0900,0.0900,0.1000,0.1000,0.1000,0.1000,0.00,114701.00
KXNHL-26-FLA,1761555600,0.0900,0.0900,0.0900,0.0900,0.1000,0.1000,0.1000,0.1000,0.00,114701.00
KXNHL-26-FLA,1761559200,0.0900,0.0900,0.0900,0.0900,0.1000,0.1000,0.1000,0.1000,0.00,114701.00
KXNHL-26-FLA,1761562800,0.0900,0.0900,0.0900,0.0900,0.1000,0.1000,0.1000,0.1000,0.00,114701.00
KXNHL-26-FLA,1761566400,0.0900,0.0900,0.0900,0.0900,0.1000,0.1000,0.1000,0.1000,0.00,114701.00
KXNHL-26-FLA,1761570000,0.0900,0.0900,0.0900,0.0900,0.1000,0.1000,0.1000,0.1000,0.00,114701.00
KXNHL-26-FLA,1761573600,0.0900,0.0900,0.0900,0.0900,0.1000,0.1000,0.1000,0.1000,0.00,114701.00
KXNHL-26-FLA,1761577200,0.0900,0.0900,0.0900,0.0900,0.1000,0.1000,0.1000,0.1000,0.00,114701.00
KXNHL-26-FLA,1761580800,0.0900,0.0900,0.0900,0.0900,0.1000,0.1000,0.1000,0.1000,0.00,114701.00
KXNHL-26-FLA,1761584400,0.0900,0.0900,0.0900,0.0900,0.1000,0.1000,0.1000,0.1000,0.00,114701.00
KXNHL-26-FLA,1761588000,0.0900,0.0900,0.0900,0.0900,0.1000,0.1000,0.1000,0.1000,0.00,114701.00
KXNHL-26-FLA,1761591600,0.0900,0.0900,0.0900,0.0900,0.1000,0.1000,0.1000,0.1000,0.00,114701.00
KXNHL-26-FLA,1761595200,0.0900,0.0900,0.0900,0.0900,0.1000,0.1000,0.1000,0.1000,0.00,114701.00
KXNHL-26-FLA,1761598800,0.0900,0.0900,0.0900,0.0900,0.1000,0.1000,0.1000,0.1000,0.00,114701.00
KXNHL-26-FLA,1761602400,0.0900,0.0900,0.0900,0.0900,0.1000,0.1000,0.1000,0.1000,0.00,114701.00
KXNHL-26-FLA,1761606000,0.0900,0.0900,0.0900,0.0900,0.1000,0.1000,0.1000,0.1000,0.00,114701.00
KXNHL-26-FLA,1761609600,0.0900,0.0900,0.0900,0.0900,0.1000,0.1000,0.1000,0.1000,141.00,114842.00
KXNHL-26-FLA,1761613200,0.0900,0.0900,0.0900,0.0900,0.1000,0.1000,0.1000,0.1000,0.00,114842.00
KXNHL-26-FLA,1761616800,0.0900,0.0900,0.0900,0.0900,0.1000,0.1000,0.1000,0.1000,0.00,114842.00
KXNHL-26-FLA,1761620400,0.0900,0.0900,0.0900,0.0900,0.1000,0.1000,0.1000,0.1000,0.00,114842.00
KXNHL-26-FLA,1761624000,0.0900,0.0900,0.0900,0.0900,0.1000,0.1000,0.1000,0.1000,0.00,114842.00
KXNHL-26-FLA,1761627600,0.0900,0.0900,0.0900,0.0900,0.1000,0.1000,0.1000,0.1000,0.00,114842.00
KXNHL-26-FLA,1761631200,0.0900,0.0900,0.0900,0.0900,0.1000,0.1000,0.1000,0.1000,0.00,114842.00
KXNHL-26-FLA,1761634800,0.0900,0.0900,0.0900,0.0900,0.1000,0.1000,0.1000,0.1000,0.00,114842.00
KXNHL-26-FLA,1761638400,0.0900,0.0900,0.0900,0.0900,0.1000,0.1000,0.1000,0.1000,0.00,114842.00
KXNHL-26-FLA,1761642000,0.0900,0.0900,0.0900,0.0900,0.1000,0.1000,0.1000,0.1000,0.00,114842.00
KXNHL-26-FLA,1761645600,0.0900,0.0900,0.0900,0.0900,0.1000,0.1000,0.1000,0.1000,0.00,114842.00
KXNHL-26-FLA,1761649200,0.0900,0.0900,0.0900,0.0900,0.1000,0.1000,0.1000,0.1000,0.00,114842.00
KXNHL-26-FLA,1761652800,0.0900,0.0900,0.0900,0.0900,0.1000,0.1000,0.1000,0.1000,0.00,114842.00
KXNHL-26-FLA,1761656400,0.0900,0.0900,0.0900,0.0900,0.1000,0.1000,0.1000,0.1000,54.00,114896.00
KXNHL-26-FLA,1761660000,0.0900,0.0900,0.0900,0.0900,0.1000,0.1000,0.1000,0.1000,75.00,114971.00
KXNHL-26-FLA,1761663600,0.0900,0.0900,0.0900,0.0900,0.1000,0.1000,0.1000,0.1000,0.00,114971.00
KXNHL-26-FLA,1761667200,0.0900,0.0900,0.0900,0.0900,0.1000,0.1000,0.1000,0.1000,0.00,114971.00
KXNHL-26-FLA,1761670800,0.0900,0.0900,0.0900,0.0900,0.1000,0.1000,0.1000,0.1000,0.00,114971.00
KXNHL-26-FLA,1761674400,0.0900,0.0900,0.0900,0.0900,0.1000,0.1000,0.1000,0.1000,0.00,114971.00
KXNHL-26-FLA,1761678000,0.0900,0.0900,0.0900,0.0900,0.1000,0.1000,0.1000,0.1000,236.00,115207.00
KXNHL-26-FLA,1761681600,0.0900,0.0900,0.0900,0.0900,0.1000,0.1000,0.1000,0.1000,1200.00,114201.00
KXNHL-26-FLA,1761685200,0.0900,0.0900,0.0900,0.0900,0.1000,0.1000,0.1000,0.1000,0.00,114201.00
KXNHL-26-FLA,1761688800,0.0900,0.0900,0.0900,0.0900,0.1000,0.1000,0.1000,0.1000,0.00,114201.00
KXNHL-26-FLA,1761692400,0.0900,0.0900,0.0900,0.0900,0.1000,0.1000,0.1000,0.1000,850.00,115051.00
KXNHL-26-FLA,1761696000,0.0900,0.0900,0.0900,0.0900,0.1000,0.1000,0.1000,0.1000,0.00,115051.00
KXNHL-26-FLA,1761699600,0.0900,0.0900,0.0800,0.0800,0.1000,0.1000,0.1000,0.1000,702.00,114353.00
KXNHL-26-FLA,1761703200,0.0800,0.0900,0.0800,0.0800,0.1000,0.1000,0.1000,0.1000,0.00,114353.00
KXNHL-26-FLA,1761706800,0.0800,0.0800,0.0800,0.0800,0.1000,0.1000,0.1000,0.1000,0.00,114353.00
KXNHL-26-FLA,1761710400,0.0800,0.0800,0.0800,0.0800,0.1000,0.1000,0.1000,0.1000,0.00,114353.00
KXNHL-26-FLA,1761714000,0.0800,0.0800,0.0800,0.0800,0.1000,0.1000,0.1000,0.1000,0.00,114353.00
KXNHL-26-FLA,1761717600,0.0800,0.0800,0.0800,0.0800,0.1000,0.1000,0.1000,0.1000,0.00,114353.00
KXNHL-26-FLA,1761721200,0.0800,0.0800,0.0800,0.0800,0.1000,0.1000,0.1000,0.1000,0.00,114353.00
KXNHL-26-FLA,1761724800,0.0800,0.0800,0.0800,0.0800,0.1000,0.1000,0.1000,0.1000,0.00,114353.00
KXNHL-26-FLA,1761728400,0.0800,0.0800,0.0800,0.0800,0.1000,0.1000,0.1000,0.1000,0.00,114353.00
KXNHL-26-FLA,1761735600,0.0800,0.0800,0.0800,0.0800,0.1000,0.1000,0.1000,0.1000,0.00,114353.00
KXNHL-26-FLA,1761739200,0.0800,0.0800,0.0800,0.0800,0.1000,0.1000,0.1000,0.1000,0.00,114353.00
KXNHL-26-FLA,1761742800,0.0800,0.0900,0.0800,0.0900,0.1000,0.1000,0.1000,0.1000,0.00,114353.00
KXNHL-26-FLA,1761746400,0.0900,0.0900,0.0900,0.0900,0.1000,0.1000,0.1000,0.1000,0.00,114353.00
KXNHL-26-FLA,1761750000,0.0900,0.0900,0.0900,0.0900,0.1000,0.1000,0.1000,0.1000,0.00,114353.00
KXNHL-26-FLA,1761753600,0.0900,0.0900,0.0900,0.0900,0.1000,0.1000,0.1000,0.1000,0.00,114353.00
KXNHL-26-FLA,1761757200,0.0900,0.0900,0.0900,0.0900,0.1000,0.1000,0.1000,0.1000,23.00,114330.00
KXNHL-26-FLA,1761760800,0.0900,0.0900,0.0900,0.0900,0.1000,0.1000,0.1000,0.1000,0.00,114330.00
KXNHL-26-FLA,1761764400,0.0900,0.0900,0.0900,0.0900,0.1000,0.1000,0.1000,0.1000,0.00,114330.00
KXNHL-26-FLA,1761768000,0.0900,0.0900,0.0900,0.0900,0.1000,0.1000,0.1000,0.1000,0.00,114330.00
KXNHL-26-FLA,1761771600,0.0900,0.0900,0.0900,0.0900,0.1000,0.1000,0.1000,0.1000,0.00,114330.00
KXNHL-26-FLA,1761775200,0.0900,0.0900,0.0900,0.0900,0.1000,0.1000,0.1000,0.1000,1000.00,115330.00
KXNHL-26-FLA,1761778800,0.0900,0.0900,0.0900,0.0900,0.1000,0.1000,0.1000,0.1000,0.00,115330.00
KXNHL-26-FLA,1761786000,0.0900,0.0900,0.0900,0.0900,0.1000,0.1000,0.1000,0.1000,0.00,115330.00
KXNHL-26-FLA,1761789600,0.0900,0.0900,0.0900,0.0900,0.1000,0.1000,0.1000,0.1000,0.00,115330.00
KXNHL-26-FLA,1761793200,0.0900,0.0900,0.0900,0.0900,0.1000,0.1000,0.1000,0.1000,0.00,115330.00
KXNHL-26-FLA,1761796800,0.0900,0.0900,0.0900,0.0900,0.1000,0.1000,0.1000,0.1000,0.00,115330.00
KXNHL-26-FLA,1761800400,0.0900,0.0900,0.0900,0.0900,0.1000,0.1000,0.1000,0.1000,0.00,115330.00
KXNHL-26-FLA,1761804000,0.0900,0.0900,0.0900,0.0900,0.1000,0.1000,0.1000,0.1000,53.00,115383.00
KXNHL-26-FLA,1761807600,0.0900,0.0900,0.0900,0.0900,0.1000,0.1000,0.1000,0.1000,0.00,115383.00
KXNHL-26-FLA,1761814800,0.0900,0.0900,0.0900,0.0900,0.1000,0.1000,0.1000,0.1000,0.00,115383.00
KXNHL-26-FLA,1761818400,0.0900,0.0900,0.0900,0.0900,0.1000,0.1000,0.1000,0.1000,0.00,115383.00
KXNHL-26-FLA,1761822000,0.0900,0.0900,0.0900,0.0900,0.1000,0.1000,0.1000,0.1000,0.00,115383.00
KXNHL-26-FLA,1761825600,0.0900,0.0900,0.0900,0.0900,0.1000,0.1000,0.1000,0.1000,0.00,115383.00
KXNHL-26-FLA,1761829200,0.0900,0.0900,0.0900,0.0900,0.1000,0.1000,0.1000,0.1000,0.00,115383.00
KXNHL-26-FLA,1761832800,0.0900,0.0900,0.0900,0.0900,0.1000,0.1000,0.1000,0.1000,0.00,115383.00
KXNHL-26-FLA,1761836400,0.0900,0.0900,0.0900,0.0900,0.1000,0.1000,0.1000,0.1000,4.00,115387.00
KXNHL-26-FLA,1761840000,0.0900,0.0900,0.0900,0.0900,0.1000,0.1000,0.1000,0.1000,0.00,115387.00
KXNHL-26-FLA,1761843600,0.0900,0.0900,0.0900,0.0900,0.1000,0.1000,0.1000,0.1000,0.00,115387.00
KXNHL-26-FLA,1761847200,0.0900,0.0900,0.0900,0.0900,0.1000,0.1000,0.1000,0.1000,0.00,115387.00
KXNHL-26-FLA,1761850800,0.0900,0.0900,0.0900,0.0900,0.1000,0.1000,0.1000,0.1000,0.00,115387.00
KXNHL-26-FLA,1761854400,0.0900,0.0900,0.0900,0.0900,0.1000,0.1000,0.1000,0.1000,28.00,115415.00
KXNHL-26-FLA,1761858000,0.0900,0.0900,0.0900,0.0900,0.1000,0.1000,0.1000,0.1000,20.00,115435.00
KXNHL-26-FLA,1761861600,0.0900,0.0900,0.0800,0.0800,0.1000,0.1000,0.1000,0.1000,699.00,114736.00
KXNHL-26-FLA,1761865200,0.0800,0.0900,0.0800,0.0800,0.1000,0.1000,0.1000,0.1000,0.00,114736.00
KXNHL-26-FLA,1761868800,0.0800,0.0800,0.0800,0.0800,0.1000,0.1000,0.1000,0.1000,0.00,114736.00
KXNHL-26-FLA,1761872400,0.0800,0.0800,0.0800,0.0800,0.1000,0.1000,0.1000,0.1000,80.00,114816.00
KXNHL-26-FLA,1761876000,0.0800,0.0800,0.0800,0.0800,0.1000,0.1000,0.1000,0.1000,0.00,114816.00
KXNHL-26-FLA,1761879600,0.0800,0.0800,0.0800,0.0800,0.1000,0.1000,0.1000,0.1000,0.00,114816.00
KXNHL-26-FLA,1761883200,0.0800,0.0800,0.0800,0.0800,0.1000,0.1000,0.1000,0.1000,0.00,114816.00
KXNHL-26-FLA,1761886800,0.0800,0.0800,0.0800,0.0800,0.1000,0.1000,0.1000,0.1000,18.00,114834.00
KXNHL-26-FLA,1761890400,0.0800,0.0800,0.0800,0.0800,0.1000,0.1000,0.1000,0.1000,0.00,114834.00
KXNHL-26-FLA,1761894000,0.0800,0.0800,0.0800,0.0800,0.1000,0.1000,0.1000,0.1000,0.00,114834.00
KXNHL-26-FLA,1761897600,0.0800,0.0800,0.0800,0.0800,0.1000,0.1000,0.1000,0.1000,0.00,114834.00
KXNHL-26-FLA,1761901200,0.0800,0.0800,0.0800,0.0800,0.1000,0.1000,0.1000,0.1000,0.00,114834.00
KXNHL-26-FLA,1761904800,0.0800,0.0800,0.0800,0.0800,0.1000,0.1000,0.1000,0.1000,0.00,114834.00
KXNHL-26-FLA,1761908400,0.0800,0.0800,0.0800,0.0800,0.1000,0.1000,0.1000,0.1000,0.00,114834.00
KXNHL-26-FLA,1761912000,0.0800,0.0800,0.0800,0.0800,0.1000,0.1000,0.1000,0.1000,0.00,114834.00
KXNHL-26-FLA,1761915600,0.0800,0.0900,0.0800,0.0900,0.1000,0.1000,0.1000,0.1000,0.00,114834.00
KXNHL-26-FLA,1761919200,0.0900,0.0900,0.0800,0.0800,0.1000,0.1000,0.1000,0.1000,0.00,114834.00
KXNHL-26-FLA,1761922800,0.0800,0.0800,0.0800,0.0800,0.1000,0.1000,0.1000,0.1000,0.00,114834.00
KXNHL-26-FLA,1761926400,0.0800,0.0900,0.0800,0.0800,0.1000,0.1000,0.1000,0.1000,9.00,114843.00
KXNHL-26-FLA,1761930000,0.0800,0.0900,0.0800,0.0900,0.1000,0.1000,0.1000,0.1000,0.00,114843.00
KXNHL-26-FLA,1761933600,0.0900,0.0900,0.0800,0.0900,0.1000,0.1000,0.1000,0.1000,0.00,114843.00
KXNHL-26-FLA,1761937200,0.0900,0.0900,0.0800,0.0800,0.1000,0.1000,0.1000,0.1000,0.00,114843.00
KXNHL-26-FLA,1761940800,0.0800,0.0900,0.0800,0.0800,0.1000,0.1000,0.1000,0.1000,0.00,114843.00
KXNHL-26-FLA,1761944400,0.0800,0.0900,0.0800,0.0800,0.1000,0.1000,0.1000,0.1000,0.00,114843.00
KXNHL-26-FLA,1761948000,0.0800,0.0800,0.0800,0.0800,0.1000,0.1000,0.1000,0.1000,620.00,115463.00
KXNHL-26-FLA,1761951600,0.0800,0.0800,0.0800,0.0800,0.1000,0.1000,0.1000,0.1000,0.00,115463.00
KXNHL-26-FLA,1761955200,0.0800,0.0800,0.0800,0.0800,0.1000,0.1000,0.1000,0.1000,0.00,115463.00
KXNHL-26-FLA,1761958800,0.0800,0.0800,0.0800,0.0800,0.1000,0.1000,0.1000,0.1000,0.00,115463.00
KXNHL-26-FLA,1761962400,0.0800,0.0800,0.0800,0.0800,0.1000,0.1000,0.1000,0.1000,0.00,115463.00
KXNHL-26-FLA,1761966000,0.0800,0.0800,0.0800,0.0800,0.1000,0.1000,0.1000,0.1000,0.00,115463.00
KXNHL-26-FLA,1761969600,0.0800,0.0800,0.0800,0.0800,0.1000,0.1000,0.1000,0.1000,0.00,115463.00
KXNHL-26-FLA,1761973200,0.0800,0.0800,0.0800,0.0800,0.1000,0.1000,0.1000,0.1000,47.00,115510.00
KXNHL-26-FLA,1761976800,0.0800,0.0800,0.0800,0.0800,0.1000,0.1000,0.1000,0.1000,0.00,115510.00
KXNHL-26-FLA,1761980400,0.0800,0.0800,0.0800,0.0800,0.1000,0.1000,0.1000,0.1000,0.00,115510.00
KXNHL-26-FLA,1761984000,0.0800,0.0800,0.0800,0.0800,0.1000,0.1000,0.1000,0.1000,0.00,115510.00
KXNHL-26-FLA,1761987600,0.0800,0.0800,0.0800,0.0800,0.1000,0.1000,0.1000,0.1000,0.00,115510.00
KXNHL-26-FLA,1761991200,0.0800,0.0800,0.0800,0.0800,0.1000,0.1000,0.1000,0.1000,0.00,115510.00
KXNHL-26-FLA,1761994800,0.0800,0.0800,0.0800,0.0800,0.1000,0.1000,0.1000,0.1000,0.00,115510.00
KXNHL-26-FLA,1761998400,0.0800,0.0800,0.0800,0.0800,0.1000,0.1000,0.1000,0.1000,0.00,115510.00
KXNHL-26-FLA,1762005600,0.0800,0.0800,0.0800,0.0800,0.1000,0.1000,0.1000,0.1000,0.00,115510.00
KXNHL-26-FLA,1762009200,0.0800,0.0800,0.0800,0.0800,0.1000,0.1000,0.1000,0.1000,0.00,115510.00
KXNHL-26-FLA,1762016400,0.0800,0.0800,0.0800,0.0800,0.1000,0.1000,0.1000,0.1000,0.00,115510.00
KXNHL-26-FLA,1762020000,0.0800,0.0800,0.0800,0.0800,0.1000,0.1000,0.1000,0.1000,0.00,115510.00
KXNHL-26-FLA,1762023600,0.0800,0.0800,0.0800,0.0800,0.1000,0.1000,0.1000,0.1000,0.00,115510.00
KXNHL-26-FLA,1762027200,0.0800,0.0800,0.0800,0.0800,0.1000,0.1000,0.1000,0.1000,0.00,115510.00
KXNHL-26-FLA,1762030800,0.0800,0.0800,0.0800,0.0800,0.1000,0.1000,0.1000,0.1000,0.00,115510.00
KXNHL-26-FLA,1762034400,0.0800,0.0800,0.0800,0.0800,0.1000,0.1000,0.1000,0.1000,0.00,115510.00
KXNHL-26-FLA,1762038000,0.0800,0.0800,0.0800,0.0800,0.1000,0.1000,0.1000,0.1000,0.00,115510.00
KXNHL-26-FLA,1762041600,0.0800,0.0800,0.0800,0.0800,0.1000,0.1000,0.1000,0.1000,50.00,115560.00
KXNHL-26-FLA,1762045200,0.0800,0.0800,0.0800,0.0800,0.1000,0.1000,0.1000,0.1000,0.00,115560.00
KXNHL-26-FLA,1762048800,0.0800,0.0800,0.0800,0.0800,0.1000,0.1000,0.1000,0.1000,0.00,115560.00
KXNHL-26-FLA,1762052400,0.0800,0.0800,0.0800,0.0800,0.1000,0.1000,0.1000,0.1000,0.00,115560.00
KXNHL-26-FLA,1762056000,0.0800,0.0800,0.0800,0.0800,0.1000,0.1000,0.1000,0.1000,0.00,115560.00
KXNHL-26-FLA,1762059600,0.0800,0.0800,0.0800,0.0800,0.1000,0.1000,0.1000,0.1000,0.00,115560.00
KXNHL-26-FLA,1762063200,0.0800,0.0800,0.0800,0.0800,0.1000,0.1000,0.1000,0.1000,0.00,115560.00
KXNHL-26-FLA,1762066800,0.0800,0.0800,0.0800,0.0800,0.1000,0.1000,0.1000,0.1000,100.00,115660.00
KXNHL-26-FLA,1762070400,0.0800,0.0800,0.0800,0.0800,0.1000,0.1000,0.1000,0.1000,0.00,115660.00
KXNHL-26-FLA,1762074000,0.0800,0.0800,0.0800,0.0800,0.1000,0.1000,0.1000,0.1000,0.00,115660.00
KXNHL-26-FLA,1762077600,0.0800,0.0800,0.0800,0.0800,0.1000,0.1000,0.1000,0.1000,0.00,115660.00
KXNHL-26-FLA,1762081200,0.0800,0.0800,0.0800,0.0800,0.1000,0.1000,0.1000,0.1000,0.00,115660.00
KXNHL-26-FLA,1762084800,0.0800,0.0800,0.0800,0.0800,0.1000,0.1000,0.1000,0.1000,0.00,115660.00
KXNHL-26-FLA,1762088400,0.0800,0.0800,0.0800,0.0800,0.1000,0.1000,0.1000,0.1000,0.00,115660.00
KXNHL-26-FLA,1762092000,0.0800,0.0800,0.0800,0.0800,0.1000,0.1000,0.1000,0.1000,0.00,115660.00
KXNHL-26-FLA,1762095600,0.0800,0.0800,0.0800,0.0800,0.1000,0.1000,0.1000,0.1000,0.00,115660.00
KXNHL-26-FLA,1762099200,0.0800,0.0800,0.0800,0.0800,0.1000,0.1000,0.1000,0.1000,0.00,115660.00
KXNHL-26-FLA,1762106400,0.0800,0.0800,0.0800,0.0800,0.1000,0.1000,0.1000,0.1000,0.00,115660.00
KXNHL-26-FLA,1762110000,0.0800,0.0800,0.0800,0.0800,0.1000,0.1000,0.1000,0.1000,0.00,115660.00
KXNHL-26-FLA,1762113600,0.0800,0.0800,0.0800,0.0800,0.1000,0.1000,0.1000,0.1000,0.00,115660.00
KXNHL-26-FLA,1762117200,0.0800,0.0800,0.0800,0.0800,0.1000,0.1000,0.1000,0.1000,0.00,115660.00
KXNHL-26-FLA,1762120800,0.0800,0.0800,0.0800,0.0800,0.1000,0.1000,0.1000,0.1000,0.00,115660.00
KXNHL-26-FLA,1762124400,0.0800,0.0800,0.0800,0.0800,0.1000,0.1000,0.1000,0.1000,0.00,115660.00
KXNHL-26-FLA,1762128000,0.0800,0.0800,0.0800,0.0800,0.1000,0.1000,0.1000,0.1000,0.00,115660.00
KXNHL-26-FLA,1762131600,0.0800,0.0800,0.0800,0.0800,0.1000,0.1000,0.1000,0.1000,0.00,115660.00
KXNHL-26-FLA,1762135200,0.0800,0.0800,0.0800,0.0800,0.1000,0.1000,0.1000,0.1000,0.00,115660.00
KXNHL-26-FLA,1762138800,0.0800,0.0800,0.0800,0.0800,0.1000,0.1000,0.1000,0.1000,232.00,115428.00
KXNHL-26-FLA,1762142400,0.0800,0.0800,0.0800,0.0800,0.1000,0.1000,0.1000,0.1000,0.00,115428.00
KXNHL-26-FLA,1762146000,0.0800,0.0800,0.0800,0.0800,0.1000,0.1000,0.1000,0.1000,0.00,115428.00
KXNHL-26-FLA,1762149600,0.0800,0.0800,0.0800,0.0800,0.1000,0.1000,0.1000,0.1000,1000.00,116426.00
KXNHL-26-FLA,1762153200,0.0800,0.0800,0.0800,0.0800,0.1000,0.1000,0.1000,0.1000,94.00,116520.00
KXNHL-26-FLA,1762156800,0.0800,0.0800,0.0800,0.0800,0.1000,0.1000,0.1000,0.1000,0.00,116520.00
KXNHL-26-FLA,1762160400,0.0800,0.0800,0.0800,0.0800,0.1000,0.1000,0.1000,0.1000,0.00,116520.00
KXNHL-26-FLA,1762164000,0.0800,0.0800,0.0800,0.0800,0.1000,0.1000,0.1000,0.1000,0.00,116520.00
KXNHL-26-FLA,1762167600,0.0800,0.0800,0.0800,0.0800,0.1000,0.1000,0.1000,0.1000,0.00,116520.00
KXNHL-26-FLA,1762171200,0.0800,0.0800,0.0800,0.0800,0.1000,0.1000,0.1000,0.1000,0.00,116520.00
KXNHL-26-FLA,1762174800,0.0800,0.0800,0.0800,0.0800,0.1000,0.1000,0.1000,0.1000,0.00,116520.00
KXNHL-26-FLA,1762178400,0.0800,0.0800,0.0800,0.0800,0.1000,0.1100,0.1000,0.1100,8084.00,123503.00
KXNHL-26-FLA,1762182000,0.0800,0.0800,0.0800,0.0800,0.1100,0.1100,0.1100,0.1100,0.00,123503.00
KXNHL-26-FLA,1762185600,0.0800,0.0800,0.0800,0.0800,0.1100,0.1100,0.1100,0.1100,0.00,123503.00
KXNHL-26-FLA,1762189200,0.0800,0.0800,0.0800,0.0800,0.1100,0.1100,0.1100,0.1100,0.00,123503.00
KXNHL-26-FLA,1762192800,0.0800,0.0800,0.0800,0.0800,0.1100,0.1100,0.1100,0.1100,226.00,123729.00
KXNHL-26-FLA,1762196400,0.0800,0.0800,0.0800,0.0800,0.1100,0.1100,0.1100,0.1100,0.00,123729.00
KXNHL-26-FLA,1762200000,0.0800,0.0800,0.0800,0.0800,0.1100,0.1100,0.1100,0.1100,0.00,123729.00
KXNHL-26-FLA,1762203600,0.0800,0.0800,0.0800,0.0800,0.1100,0.1100,0.1100,0.1100,128.00,123857.00
KXNHL-26-FLA,1762207200,0.0800,0.0800,0.0800,0.0800,0.1100,0.1100,0.1100,0.1100,400.00,124257.00
KXNHL-26-FLA,1762210800,0.0800,0.0800,0.0800,0.0800,0.1100,0.1100,0.1100,0.1100,0.00,124257.00
KXNHL-26-FLA,1762214400,0.0800,0.0800,0.0800,0.0800,0.1100,0.1100,0.1100,0.1100,0.00,124257.00
KXNHL-26-FLA,1762218000,0.0800,0.0800,0.0800,0.0800,0.1100,0.1100,0.1100,0.1100,0.00,124257.00
KXNHL-26-FLA,1762221600,0.0800,0.0800,0.0800,0.0800,0.1100,0.1100,0.1100,0.1100,0.00,124257.00
KXNHL-26-FLA,1762225200,0.0800,0.0800,0.0800,0.0800,0.1100,0.1100,0.1100,0.1100,427.00,124684.00
KXNHL-26-FLA,1762228800,0.0800,0.0800,0.0800,0.0800,0.1100,0.1100,0.1100,0.1100,0.00,124684.00
KXNHL-26-FLA,1762232400,0.0800,0.0800,0.0800,0.0800,0.1100,0.1100,0.1100,0.1100,0.00,124684.00
KXNHL-26-FLA,1762236000,0.0800,0.0800,0.0800,0.0800,0.1100,0.1100,0.1100,0.1100,0.00,124684.00
KXNHL-26-FLA,1762239600,0.0800,0.0800,0.0800,0.0800,0.1100,0.1100,0.1100,0.1100,0.00,124684.00
KXNHL-26-FLA,1762243200,0.0800,0.0800,0.0800,0.0800,0.1100,0.1100,0.1100,0.1100,0.00,124684.00
KXNHL-26-FLA,1762246800,0.0800,0.0800,0.0800,0.0800,0.1100,0.1100,0.1100,0.1100,0.00,124684.00
KXNHL-26-FLA,1762254000,0.0800,0.0800,0.0800,0.0800,0.1100,0.1100,0.1100,0.1100,0.00,124684.00
KXNHL-26-FLA,1762257600,0.0800,0.0800,0.0800,0.0800,0.1100,0.1100,0.1100,0.1100,0.00,124684.00
KXNHL-26-FLA,1762261200,0.0800,0.0800,0.0800,0.0800,0.1100,0.1100,0.1100,0.1100,0.00,124684.00
KXNHL-26-FLA,1762264800,0.0800,0.0800,0.0800,0.0800,0.1100,0.1100,0.1100,0.1100,0.00,124684.00
KXNHL-26-FLA,1762268400,0.0800,0.0800,0.0800,0.0800,0.1100,0.1100,0.1100,0.1100,0.00,124684.00
KXNHL-26-FLA,1762272000,0.0800,0.0800,0.0800,0.0800,0.1100,0.1100,0.1100,0.1100,100.00,124784.00
KXNHL-26-FLA,1762275600,0.0800,0.0800,0.0800,0.0800,0.1100,0.1100,0.1100,0.1100,0.00,124784.00
KXNHL-26-FLA,1762279200,0.0800,0.0800,0.0800,0.0800,0.1100,0.1100,0.1100,0.1100,0.00,124784.00
KXNHL-26-FLA,1762282800,0.0800,0.0800,0.0800,0.0800,0.1100,0.1100,0.1100,0.1100,0.00,124784.00
KXNHL-26-FLA,1762286400,0.0800,0.0900,0.0800,0.0800,0.1100,0.1100,0.1100,0.1100,0.00,124784.00
KXNHL-26-FLA,1762290000,0.0800,0.0900,0.0800,0.0900,0.1100,0.1100,0.1100,0.1100,42.00,124826.00
KXNHL-26-FLA,1762293600,0.0900,0.0900,0.0900,0.0900,0.1100,0.1100,0.1100,0.1100,141.00,124826.00
KXNHL-26-FLA,1762297200,0.0900,0.0900,0.0900,0.0900,0.1100,0.1100,0.1100,0.1100,3.00,124829.00
KXNHL-26-FLA,1762300800,0.0900,0.0900,0.0900,0.0900,0.1100,0.1100,0.1100,0.1100,855.00,125684.00
KXNHL-26-FLA,1762304400,0.0900,0.0900,0.0900,0.0900,0.1100,0.1100,0.1100,0.1100,0.00,125684.00
KXNHL-26-FLA,1762308000,0.0900,0.0900,0.0900,0.0900,0.1100,0.1100,0.1100,0.1100,0.00,125684.00
KXNHL-26-FLA,1762311600,0.0900,0.0900,0.0900,0.0900,0.1100,0.1100,0.1100,0.1100,0.00,125684.00
KXNHL-26-FLA,1762315200,0.0900,0.0900,0.0900,0.0900,0.1100,0.1100,0.1100,0.1100,36.00,125684.00
KXNHL-26-FLA,1762318800,0.0900,0.1000,0.0900,0.0900,0.1100,0.1100,0.1100,0.1100,0.00,125684.00
KXNHL-26-FLA,1762322400,0.0900,0.0900,0.0900,0.0900,0.1100,0.1100,0.1100,0.1100,0.00,125684.00
KXNHL-26-FLA,1762326000,0.0900,0.0900,0.0900,0.0900,0.1100,0.1100,0.1100,0.1100,0.00,125684.00
KXNHL-26-FLA,1762329600,0.0900,0.0900,0.0900,0.0900,0.1100,0.1100,0.1100,0.1100,0.00,125684.00
KXNHL-26-FLA,1762333200,0.0900,0.0900,0.0900,0.0900,0.1100,0.1100,0.1100,0.1100,0.00,125684.00
KXNHL-26-FLA,1762336800,0.0900,0.0900,0.0900,0.0900,0.1100,0.1100,0.1100,0.1100,0.00,125684.00
KXNHL-26-FLA,1762340400,0.0900,0.0900,0.0900,0.0900,0.1100,0.1100,0.1100,0.1100,0.00,125684.00
KXNHL-26-FLA,1762344000,0.0900,0.0900,0.0900,0.0900,0.1100,0.1100,0.1100,0.1100,0.00,125684.00
KXNHL-26-FLA,1762347600,0.0900,0.0900,0.0900,0.0900,0.1100,0.1100,0.1100,0.1100,0.00,125684.00
KXNHL-26-FLA,1762351200,0.0900,0.0900,0.0900,0.0900,0.1100,0.1100,0.1100,0.1100,0.00,125684.00
KXNHL-26-FLA,1762354800,0.0900,0.0900,0.0900,0.0900,0.1100,0.1100,0.1100,0.1100,0.00,125684.00
KXNHL-26-FLA,1762358400,0.0900,0.0900,0.0900,0.0900,0.1100,0.1100,0.1100,0.1100,0.00,125684.00
KXNHL-26-FLA,1762362000,0.0900,0.0900,0.0900,0.0900,0.1100,0.1100,0.1100,0.1100,1000.00,126684.00
KXNHL-26-FLA,1762365600,0.0900,0.0900,0.0900,0.0900,0.1100,0.1100,0.1100,0.1100,0.00,126684.00
KXNHL-26-FLA,1762369200,0.0900,0.0900,0.0900,0.0900,0.1100,0.1100,0.1100,0.1100,500.00,127184.00
KXNHL-26-FLA,1762372800,0.0900,0.0900,0.0900,0.0900,0.1100,0.1100,0.1100,0.1100,0.00,127184.00
KXNHL-26-FLA,1762376400,0.0900,0.0900,0.0900,0.0900,0.1100,0.1100,0.1100,0.1100,0.00,127184.00
KXNHL-26-FLA,1762380000,0.0900,0.0900,0.0900,0.0900,0.1100,0.1100,0.1100,0.1100,0.00,127184.00
KXNHL-26-FLA,1762383600,0.0900,0.0900,0.0900,0.0900,0.1100,0.1100,0.1100,0.1100,0.00,127184.00
KXNHL-26-FLA,1762387200,0.0900,0.0900,0.0900,0.0900,0.1100,0.1100,0.1100,0.1100,0.00,127184.00
KXNHL-26-FLA,1762390800,0.0900,0.0900,0.0900,0.0900,0.1100,0.1100,0.1100,0.1100,0.00,127184.00
KXNHL-26-FLA,1762394400,0.0900,0.0900,0.0900,0.0900,0.1100,0.1100,0.1100,0.1100,282.00,126966.00
KXNHL-26-FLA,1762398000,0.0900,0.0900,0.0900,0.0900,0.1100,0.1100,0.1100,0.1100,400.00,126566.00
KXNHL-26-FLA,1762401600,0.0900,0.0900,0.0900,0.0900,0.1100,0.1100,0.1100,0.1100,2850.00,123716.00
KXNHL-26-FLA,1762405200,0.0900,0.0900,0.0900,0.0900,0.1100,0.1100,0.1100,0.1100,0.00,123716.00
KXNHL-26-FLA,1762408800,0.0900,0.0900,0.0900,0.0900,0.1100,0.1100,0.1100,0.1100,0.00,123716.00
KXNHL-26-FLA,1762412400,0.0900,0.0900,0.0900,0.0900,0.1100,0.1100,0.1100,0.1100,0.00,123716.00
KXNHL-26-FLA,1762416000,0.0900,0.0900,0.0900,0.0900,0.1100,0.1100,0.1100,0.1100,0.00,123716.00
KXNHL-26-FLA,1762426800,0.0900,0.0900,0.0900,0.0900,0.1100,0.1100,0.1100,0.1100,0.00,123716.00
KXNHL-26-FLA,1762430400,0.0900,0.0900,0.0900,0.0900,0.1100,0.1100,0.1100,0.1100,0.00,123716.00
KXNHL-26-FLA,1762434000,0.0900,0.0900,0.0900,0.0900,0.1100,0.1100,0.1100,0.1100,1.00,123716.00
KXNHL-26-FLA,1762441200,0.0900,0.0900,0.0900,0.0900,0.1100,0.1100,0.1100,0.1100,128.00,123844.00
KXNHL-26-FLA,1762444800,0.0900,0.0900,0.0900,0.0900,0.1100,0.1100,0.1100,0.1100,0.00,123844.00
KXNHL-26-FLA,1762448400,0.0900,0.0900,0.0900,0.0900,0.1100,0.1100,0.1100,0.1100,0.00,123844.00
KXNHL-26-FLA,1762452000,0.0900,0.0900,0.0900,0.0900,0.1100,0.1100,0.1100,0.1100,0.00,123844.00
KXNHL-26-FLA,1762455600,0.0900,0.0900,0.0900,0.0900,0.1100,0.1100,0.1100,0.1100,0.00,123844.00
KXNHL-26-FLA,1762462800,0.0900,0.0900,0.0900,0.0900,0.1100,0.1100,0.1100,0.1100,0.00,123844.00
KXNHL-26-FLA,1762466400,0.0900,0.0900,0.0900,0.0900,0.1100,0.1100,0.1100,0.1100,0.00,123844.00
KXNHL-26-FLA,1762470000,0.0900,0.0900,0.0900,0.0900,0.1100,0.1100,0.1100,0.1100,0.00,123844.00
KXNHL-26-FLA,1762473600,0.0900,0.0900,0.0900,0.0900,0.1100,0.1100,0.1100,0.1100,0.00,123844.00
KXNHL-26-FLA,1762477200,0.0900,0.0900,0.0900,0.0900,0.1100,0.1100,0.1100,0.1100,0.00,123844.00
KXNHL-26-FLA,1762480800,0.0900,0.0900,0.0900,0.0900,0.1100,0.1100,0.1100,0.1100,0.00,123844.00
KXNHL-26-FLA,1762484400,0.0900,0.0900,0.0900,0.0900,0.1100,0.1100,0.1100,0.1100,0.00,123844.00
KXNHL-26-FLA,1762488000,0.0900,0.0900,0.0900,0.0900,0.1100,0.1100,0.1100,0.1100,0.00,123844.00
KXNHL-26-FLA,1762491600,0.0900,0.0900,0.0900,0.0900,0.1100,0.1100,0.1100,0.1100,0.00,123844.00
KXNHL-26-FLA,1762495200,0.0900,0.0900,0.0900,0.0900,0.1100,0.1100,0.1100,0.1100,0.00,123844.00
KXNHL-26-FLA,1762498800,0.0900,0.0900,0.0900,0.0900,0.1100,0.1100,0.1100,0.1100,0.00,123844.00
KXNHL-26-FLA,1762502400,0.0900,0.0900,0.0900,0.0900,0.1100,0.1100,0.1100,0.1100,0.00,123844.00
KXNHL-26-FLA,1762506000,0.0900,0.0900,0.0900,0.0900,0.1100,0.1100,0.1100,0.1100,0.00,123844.00
KXNHL-26-FLA,1762509600,0.0900,0.0900,0.0900,0.0900,0.1100,0.1100,0.1100,0.1100,0.00,123844.00
KXNHL-26-FLA,1762516800,0.0900,0.0900,0.0900,0.0900,0.1100,0.1100,0.1100,0.1100,0.00,123844.00
KXNHL-26-FLA,1762520400,0.0900,0.0900,0.0900,0.0900,0.1100,0.1100,0.1100,0.1100,0.00,123844.00
KXNHL-26-FLA,1762524000,0.0900,0.0900,0.0900,0.0900,0.1100,0.1100,0.1100,0.1100,0.00,123844.00
KXNHL-26-FLA,1762527600,0.0900,0.0900,0.0900,0.0900,0.1100,0.1100,0.1100,0.1100,0.00,123844.00
KXNHL-26-FLA,1762531200,0.0900,0.0900,0.0900,0.0900,0.1100,0.1100,0.1100,0.1100,0.00,123844.00
KXNHL-26-FLA,1762534800,0.0900,0.0900,0.0900,0.0900,0.1100,0.1100,0.1100,0.1100,0.00,123844.00
KXNHL-26-FLA,1762538400,0.0900,0.0900,0.0900,0.0900,0.1100,0.1100,0.1100,0.1100,20.00,123864.00
KXNHL-26-FLA,1762542000,0.0900,0.0900,0.0900,0.0900,0.1100,0.1100,0.1100,0.1100,0.00,123864.00
KXNHL-26-FLA,1762549200,0.0900,0.0900,0.0900,0.0900,0.1100,0.1100,0.1100,0.1100,0.00,123864.00
KXNHL-26-FLA,1762552800,0.0900,0.0900,0.0900,0.0900,0.1100,0.1100,0.1100,0.1100,0.00,123864.00
KXNHL-26-FLA,1762556400,0.0900,0.0900,0.0900,0.0900,0.1100,0.1100,0.1100,0.1100,0.00,123864.00
KXNHL-26-FLA,1762560000,0.0900,0.0900,0.0900,0.0900,0.1100,0.1100,0.1100,0.1100,0.00,123864.00
KXNHL-26-FLA,1762563600,0.0900,0.0900,0.0900,0.0900,0.1100,0.1100,0.1100,0.1100,0.00,123864.00
KXNHL-26-FLA,1762567200,0.0900,0.0900,0.0900,0.0900,0.1100,0.1100,0.1100,0.1100,0.00,123864.00
KXNHL-26-FLA,1762570800,0.0900,0.0900,0.0900,0.0900,0.1100,0.1100,0.1100,0.1100,0.00,123864.00
KXNHL-26-FLA,1762574400,0.0900,0.0900,0.0900,0.0900,0.1100,0.1100,0.1100,0.1100,40.00,123904.00
KXNHL-26-FLA,1762578000,0.0900,0.0900,0.0900,0.0900,0.1100,0.1100,0.1100,0.1100,0.00,123904.00
KXNHL-26-FLA,1762581600,0.0900,0.0900,0.0900,0.0900,0.1100,0.1100,0.1100,0.1100,0.00,123904.00
KXNHL-26-FLA,1762585200,0.0900,0.0900,0.0900,0.0900,0.1100,0.1100,0.1100,0.1100,0.00,123904.00
KXNHL-26-FLA,1762588800,0.0900,0.0900,0.0900,0.0900,0.1100,0.1100,0.1100,0.1100,0.00,123904.00
KXNHL-26-FLA,1762592400,0.0900,0.0900,0.0900,0.0900,0.1100,0.1100,0.1100,0.1100,0.00,123904.00
KXNHL-26-FLA,1762596000,0.0900,0.0900,0.0900,0.0900,0.1100,0.1100,0.1100,0.1100,0.00,123904.00
KXNHL-26-FLA,1762599600,0.0900,0.0900,0.0900,0.0900,0.1100,0.1100,0.1100,0.1100,0.00,123904.00
KXNHL-26-FLA,1762603200,0.0900,0.0900,0.0900,0.0900,0.1100,0.1100,0.1100,0.1100,0.00,123904.00
KXNHL-26-FLA,1762606800,0.0900,0.0900,0.0900,0.0900,0.1100,0.1100,0.1100,0.1100,0.00,123904.00
KXNHL-26-FLA,1762610400,0.0900,0.0900,0.0900,0.0900,0.1100,0.1100,0.1100,0.1100,0.00,123904.00
KXNHL-26-FLA,1762614000,0.0900,0.0900,0.0900,0.0900,0.1100,0.1100,0.1100,0.1100,0.00,123904.00
KXNHL-26-FLA,1762617600,0.0900,0.0900,0.0900,0.0900,0.1100,0.1100,0.1100,0.1100,0.00,123904.00
KXNHL-26-FLA,1762621200,0.0900,0.0900,0.0900,0.0900,0.1100,0.1100,0.1100,0.1100,160.00,123744.00
KXNHL-26-FLA,1762624800,0.0900,0.0900,0.0900,0.0900,0.1100,0.1100,0.1100,0.1100,0.00,123744.00
KXNHL-26-FLA,1762628400,0.0900,0.1000,0.0900,0.1000,0.1100,0.1100,0.1100,0.1100,0.00,123744.00
KXNHL-26-FLA,1762635600,0.1000,0.1000,0.0900,0.1000,0.1100,0.1100,0.1100,0.1100,25.00,123769.00
KXNHL-26-FLA,1762642800,0.1000,0.1000,0.0900,0.1000,0.1100,0.1100,0.1100,0.1100,0.00,123769.00
KXNHL-26-FLA,1762646400,0.1000,0.1000,0.0900,0.1000,0.1100,0.1100,0.1100,0.1100,0.00,123769.00
KXNHL-26-FLA,1762650000,0.1000,0.1000,0.1000,0.1000,0.1100,0.1100,0.1100,0.1100,0.00,123769.00
KXNHL-26-FLA,1762653600,0.1000,0.1100,0.0900,0.1000,0.1100,0.1200,0.1100,0.1200,13503.00,136922.00
KXNHL-26-FLA,1762657200,0.1000,0.1000,0.1000,0.1000,0.1200,0.1200,0.1200,0.1200,0.00,136922.00
KXNHL-26-FLA,1762660800,0.1000,0.1000,0.0900,0.1000,0.1200,0.1200,0.1200,0.1200,0.00,136922.00
KXNHL-26-FLA,1762664400,0.1000,0.1000,0.0900,0.1000,0.1200,0.1200,0.1100,0.1100,0.00,136922.00
KXNHL-26-FLA,1762668000,0.1000,0.1000,0.0900,0.1000,0.1100,0.1100,0.1100,0.1100,0.00,136922.00
KXNHL-26-FLA,1762671600,0.1000,0.1000,0.0900,0.1000,0.1100,0.1100,0.1100,0.1100,0.00,136922.00
KXNHL-26-FLA,1762675200,0.1000,0.1000,0.1000,0.1000,0.1100,0.1100,0.1100,0.1100,0.00,136922.00
KXNHL-26-FLA,1762678800,0.1000,0.1000,0.0900,0.1000,0.1100,0.1100,0.1100,0.1100,0.00,136922.00
KXNHL-26-FLA,1762682400,0.1000,0.1000,0.1000,0.1000,0.1100,0.1100,0.1100,0.1100,0.00,136922.00
KXNHL-26-FLA,1762689600,0.1000,0.1000,0.1000,0.1000,0.1100,0.1100,0.1100,0.1100,0.00,136922.00
KXNHL-26-FLA,1762693200,0.1000,0.1000,0.1000,0.1000,0.1100,0.1100,0.1100,0.1100,0.00,136922.00
KXNHL-26-FLA,1762700400,0.1000,0.1000,0.1000,0.1000,0.1100,0.1100,0.1100,0.1100,42.00,136964.00
KXNHL-26-FLA,1762704000,0.1000,0.1000,0.1000,0.1000,0.1100,0.1100,0.1100,0.1100,0.00,136964.00
KXNHL-26-FLA,1762707600,0.1000,0.1000,0.1000,0.1000,0.1100,0.1100,0.1100,0.1100,0.00,136964.00
KXNHL-26-FLA,1762711200,0.1000,0.1000,0.1000,0.1000,0.1100,0.1100,0.1100,0.1100,0.00,136964.00
KXNHL-26-FLA,1762714800,0.1000,0.1000,0.1000,0.1000,0.1100,0.1100,0.1100,0.1100,0.00,136964.00
KXNHL-26-FLA,1762718400,0.1000,0.1000,0.1000,0.1000,0.1100,0.1100,0.1100,0.1100,9.00,136955.00
KXNHL-26-FLA,1762722000,0.1000,0.1000,0.1000,0.1000,0.1100,0.1100,0.1100,0.1100,0.00,136955.00
KXNHL-26-FLA,1762725600,0.1000,0.1000,0.1000,0.1000,0.1100,0.1100,0.1100,0.1100,0.00,136955.00
KXNHL-26-FLA,1762729200,0.1000,0.1000,0.1000,0.1000,0.1100,0.1100,0.1100,0.1100,0.00,136955.00
KXNHL-26-FLA,1762732800,0.1000,0.1000,0.1000,0.1000,0.1100,0.1100,0.1100,0.1100,0.00,136955.00
KXNHL-26-FLA,1762736400,0.1000,0.1000,0.1000,0.1000,0.1100,0.1100,0.1100,0.1100,39.00,136916.00
KXNHL-26-FLA,1762740000,0.1000,0.1000,0.1000,0.1000,0.1100,0.1100,0.1100,0.1100,0.00,136916.00
KXNHL-26-FLA,1762743600,0.1000,0.1000,0.1000,0.1000,0.1100,0.1100,0.1100,0.1100,0.00,136916.00
KXNHL-26-FLA,1762747200,0.1000,0.1000,0.1000,0.1000,0.1100,0.1100,0.1100,0.1100,0.00,136916.00
KXNHL-26-FLA,1762750800,0.1000,0.1000,0.1000,0.1000,0.1100,0.1100,0.1100,0.1100,42.00,136958.00
KXNHL-26-FLA,1762754400,0.1000,0.1000,0.1000,0.1000,0.1100,0.1100,0.1100,0.1100,0.00,136958.00
KXNHL-26-FLA,1762758000,0.1000,0.1000,0.1000,0.1000,0.1100,0.1100,0.1100,0.1100,0.00,136958.00
KXNHL-26-FLA,1762761600,0.1000,0.1000,0.1000,0.1000,0.1100,0.1100,0.1100,0.1100,0.00,136958.00
KXNHL-26-FLA,1762765200,0.1000,0.1000,0.1000,0.1000,0.1100,0.1100,0.1100,0.1100,0.00,136958.00
KXNHL-26-FLA,1762768800,0.1000,0.1000,0.1000,0.1000,0.1100,0.1100,0.1100,0.1100,0.00,136958.00
KXNHL-26-FLA,1762772400,0.1000,0.1000,0.1000,0.1000,0.1100,0.1100,0.1100,0.1100,0.00,136958.00
KXNHL-26-FLA,1762776000,0.1000,0.1000,0.1000,0.1000,0.1100,0.1100,0.1100,0.1100,0.00,136958.00
KXNHL-26-FLA,1762779600,0.1000,0.1000,0.1000,0.1000,0.1100,0.1100,0.1100,0.1100,0.00,136958.00
KXNHL-26-FLA,1762783200,0.1000,0.1000,0.1000,0.1000,0.1100,0.1100,0.1100,0.1100,100.00,137058.00
KXNHL-26-FLA,1762786800,0.1000,0.1000,0.1000,0.1000,0.1100,0.1100,0.1100,0.1100,0.00,137058.00
KXNHL-26-FLA,1762790400,0.1000,0.1000,0.1000,0.1000,0.1100,0.1100,0.1100,0.1100,0.00,137058.00
KXNHL-26-FLA,1762794000,0.1000,0.1000,0.1000,0.1000,0.1100,0.1100,0.1100,0.1100,0.00,137058.00
KXNHL-26-FLA,1762797600,0.1000,0.1000,0.1000,0.1000,0.1100,0.1100,0.1100,0.1100,0.00,137058.00
KXNHL-26-FLA,1762801200,0.1000,0.1000,0.1000,0.1000,0.1100,0.1100,0.1100,0.1100,25.00,137083.00
KXNHL-26-FLA,1762804800,0.1000,0.1000,0.1000,0.1000,0.1100,0.1100,0.1100,0.1100,0.00,137083.00
KXNHL-26-FLA,1762808400,0.1000,0.1000,0.1000,0.1000,0.1100,0.1100,0.1100,0.1100,0.00,137083.00
KXNHL-26-FLA,1762815600,0.1000,0.1000,0.1000,0.1000,0.1100,0.1100,0.1100,0.1100,0.00,137083.00
KXNHL-26-FLA,1762819200,0.1000,0.1000,0.1000,0.1000,0.1100,0.1100,0.1100,0.1100,0.00,137083.00
KXNHL-26-FLA,1762826400,0.1000,0.1000,0.1000,0.1000,0.1100,0.1100,0.1100,0.1100,1520.00,135603.00
KXNHL-26-FLA,1762830000,0.1000,0.1000,0.1000,0.1000,0.1100,0.1100,0.1100,0.1100,0.00,135603.00
KXNHL-26-FLA,1762833600,0.1000,0.1000,0.1000,0.1000,0.1100,0.1100,0.1100,0.1100,0.00,135603.00
KXNHL-26-FLA,1762837200,0.1000,0.1000,0.1000,0.1000,0.1100,0.1100,0.1100,0.1100,0.00,135603.00
KXNHL-26-FLA,1762840800,0.1000,0.1000,0.1000,0.1000,0.1100,0.1100,0.1100,0.1100,0.00,135603.00
KXNHL-26-FLA,1762844400,0.1000,0.1000,0.1000,0.1000,0.1100,0.1100,0.1100,0.1100,0.00,135603.00
KXNHL-26-FLA,1762848000,0.1000,0.1000,0.1000,0.1000,0.1100,0.1100,0.1100,0.1100,0.00,135603.00
KXNHL-26-FLA,1762851600,0.1000,0.1000,0.1000,0.1000,0.1100,0.1100,0.1100,0.1100,0.00,135603.00
KXNHL-26-FLA,1762855200,0.1000,0.1000,0.1000,0.1000,0.1100,0.1100,0.1100,0.1100,0.00,135603.00
KXNHL-26-FLA,1762858800,0.1000,0.1000,0.1000,0.1000,0.1100,0.1100,0.1100,0.1100,42.00,135645.00
KXNHL-26-FLA,1762862400,0.1000,0.1000,0.1000,0.1000,0.1100,0.1100,0.1100,0.1100,0.00,135645.00
KXNHL-26-FLA,1762866000,0.1000,0.1000,0.1000,0.1000,0.1100,0.1100,0.1100,0.1100,0.00,135645.00
KXNHL-26-FLA,1762869600,0.1000,0.1000,0.1000,0.1000,0.1100,0.1100,0.1100,0.1100,8.00,135653.00
KXNHL-26-FLA,1762873200,0.1000,0.1000,0.1000,0.1000,0.1100,0.1100,0.1100,0.1100,0.00,135653.00
KXNHL-26-FLA,1762880400,0.1000,0.1000,0.1000,0.1000,0.1100,0.1100,0.1100,0.1100,0.00,135653.00
KXNHL-26-FLA,1762884000,0.1000,0.1000,0.1000,0.1000,0.1100,0.1100,0.1100,0.1100,0.00,135653.00
KXNHL-26-FLA,1762891200,0.1000,0.1000,0.1000,0.1000,0.1100,0.1100,0.1100,0.1100,25.00,135628.00
KXNHL-26-FLA,1762894800,0.1000,0.1000,0.1000,0.1000,0.1100,0.1100,0.1100,0.1100,0.00,135628.00
KXNHL-26-FLA,1762898400,0.1000,0.1000,0.1000,0.1000,0.1100,0.1100,0.1100,0.1100,0.00,135628.00
KXNHL-26-FLA,1762902000,0.1000,0.1000,0.1000,0.1000,0.1100,0.1100,0.1100,0.1100,0.00,135628.00
KXNHL-26-FLA,1762905600,0.1000,0.1000,0.1000,0.1000,0.1100,0.1100,0.1100,0.1100,0.00,135628.00
KXNHL-26-FLA,1762909200,0.1000,0.1000,0.1000,0.1000,0.1100,0.1100,0.1100,0.1100,0.00,135628.00
KXNHL-26-FLA,1762912800,0.1000,0.1000,0.1000,0.1000,0.1100,0.1100,0.1100,0.1100,80.00,135708.00
KXNHL-26-FLA,1762916400,0.1000,0.1000,0.1000,0.1000,0.1100,0.1100,0.1100,0.1100,0.00,135708.00
KXNHL-26-FLA,1762920000,0.1000,0.1000,0.1000,0.1000,0.1100,0.1100,0.1100,0.1100,0.00,135708.00
KXNHL-26-FLA,1762923600,0.1000,0.1000,0.1000,0.1000,0.1100,0.1100,0.1100,0.1100,0.00,135708.00
KXNHL-26-FLA,1762927200,0.1000,0.1000,0.1000,0.1000,0.1100,0.1100,0.1100,0.1100,0.00,135708.00
KXNHL-26-FLA,1762930800,0.1000,0.1000,0.1000,0.1000,0.1100,0.1100,0.1100,0.1100,0.00,135708.00
KXNHL-26-FLA,1762934400,0.1000,0.1000,0.1000,0.1000,0.1100,0.1100,0.1100,0.1100,0.00,135708.00
KXNHL-26-FLA,1762938000,0.1000,0.1000,0.1000,0.1000,0.1100,0.1100,0.1100,0.1100,0.00,135708.00
KXNHL-26-FLA,1762941600,0.1000,0.1000,0.1000,0.1000,0.1100,0.1100,0.1100,0.1100,0.00,135708.00
KXNHL-26-FLA,1762945200,0.1000,0.1000,0.1000,0.1000,0.1100,0.1100,0.1100,0.1100,0.00,135708.00
KXNHL-26-FLA,1762948800,0.1000,0.1000,0.1000,0.1000,0.1100,0.1100,0.1100,0.1100,0.00,135708.00
KXNHL-26-FLA,1762952400,0.1000,0.1000,0.1000,0.1000,0.1100,0.1100,0.1100,0.1100,0.00,135708.00
KXNHL-26-FLA,1762956000,0.1000,0.1000,0.1000,0.1000,0.1100,0.1100,0.1100,0.1100,85.00,135793.00
KXNHL-26-FLA,1762959600,0.1000,0.1000,0.1000,0.1000,0.1100,0.1100,0.1100,0.1100,0.00,135793.00
KXNHL-26-FLA,1762963200,0.1000,0.1000,0.1000,0.1000,0.1100,0.1100,0.1100,0.1100,0.00,135793.00
KXNHL-26-FLA,1762966800,0.1000,0.1000,0.1000,0.1000,0.1100,0.1100,0.1100,0.1100,0.00,135793.00
KXNHL-26-FLA,1762970400,0.1000,0.1000,0.1000,0.1000,0.1100,0.1100,0.1100,0.1100,0.00,135793.00
KXNHL-26-FLA,1762977600,0.1000,0.1000,0.1000,0.1000,0.1100,0.1100,0.1100,0.1100,0.00,135793.00
KXNHL-26-FLA,1762984800,0.1000,0.1000,0.1000,0.1000,0.1100,0.1100,0.1100,0.1100,0.00,135793.00
KXNHL-26-FLA,1762988400,0.1000,0.1000,0.1000,0.1000,0.1100,0.1100,0.1100,0.1100,0.00,135793.00
KXNHL-26-FLA,1762992000,0.1000,0.1000,0.1000,0.1000,0.1100,0.1100,0.1100,0.1100,0.00,135793.00
KXNHL-26-FLA,1762995600,0.1000,0.1000,0.1000,0.1000,0.1100,0.1100,0.1100,0.1100,0.00,135793.00
KXNHL-26-FLA,1762999200,0.1000,0.1000,0.1000,0.1000,0.1100,0.1100,0.1100,0.1100,0.00,135793.00
KXNHL-26-FLA,1763002800,0.1000,0.1000,0.1000,0.1000,0.1100,0.1100,0.1100,0.1100,0.00,135793.00
KXNHL-26-FLA,1763006400,0.1000,0.1000,0.1000,0.1000,0.1100,0.1100,0.1100,0.1100,0.00,135793.00
KXNHL-26-FLA,1763010000,0.1000,0.1000,0.1000,0.1000,0.1100,0.1100,0.1100,0.1100,0.00,135793.00
KXNHL-26-FLA,1763013600,0.1000,0.1000,0.1000,0.1000,0.1100,0.1100,0.1100,0.1100,0.00,135793.00
KXNHL-26-FLA,1763017200,0.1000,0.1000,0.1000,0.1000,0.1100,0.1100,0.1100,0.1100,0.00,135793.00
KXNHL-26-FLA,1763020800,0.1000,0.1000,0.1000,0.1000,0.1100,0.1100,0.1100,0.1100,0.00,135793.00
KXNHL-26-FLA,1763028000,0.1000,0.1000,0.1000,0.1000,0.1100,0.1100,0.1100,0.1100,0.00,135793.00
KXNHL-26-FLA,1763031600,0.1000,0.1000,0.1000,0.1000,0.1100,0.1100,0.1100,0.1100,0.00,135793.00
KXNHL-26-FLA,1763035200,0.1000,0.1000,0.1000,0.1000,0.1100,0.1100,0.1100,0.1100,0.00,135793.00
KXNHL-26-FLA,1763038800,0.1000,0.1000,0.1000,0.1000,0.1100,0.1100,0.1100,0.1100,0.00,135793.00
KXNHL-26-FLA,1763046000,0.1000,0.1000,0.1000,0.1000,0.1100,0.1100,0.1100,0.1100,0.00,135793.00
KXNHL-26-FLA,1763049600,0.1000,0.1000,0.1000,0.1000,0.1100,0.1100,0.1100,0.1100,0.00,135793.00
KXNHL-26-FLA,1763053200,0.1000,0.1000,0.1000,0.1000,0.1100,0.1100,0.1100,0.1100,18.00,135775.00
KXNHL-26-FLA,1763056800,0.1000,0.1000,0.1000,0.1000,0.1100,0.1100,0.1100,0.1100,1283.00,137058.00
KXNHL-26-FLA,1763060400,0.1000,0.1000,0.1000,0.1000,0.1100,0.1100,0.1100,0.1100,0.00,137058.00
KXNHL-26-FLA,1763067600,0.1000,0.1000,0.1000,0.1000,0.1100,0.1100,0.1100,0.1100,0.00,137058.00
KXNHL-26-FLA,1763071200,0.1000,0.1000,0.1000,0.1000,0.1100,0.1100,0.1100,0.1100,42.00,137100.00
KXNHL-26-FLA,1763074800,0.1000,0.1000,0.1000,0.1000,0.1100,0.1100,0.1100,0.1100,0.00,137100.00
KXNHL-26-FLA,1763078400,0.1000,0.1000,0.1000,0.1000,0.1100,0.1100,0.1100,0.1100,0.00,137100.00
KXNHL-26-FLA,1763082000,0.1000,0.1000,0.1000,0.1000,0.1100,0.1100,0.1100,0.1100,0.00,137100.00
KXNHL-26-FLA,1763085600,0.1000,0.1000,0.1000,0.1000,0.1100,0.1100,0.1100,0.1100,160.00,137260.00
KXNHL-26-FLA,1763089200,0.1000,0.1000,0.1000,0.1000,0.1100,0.1100,0.1100,0.1100,500.00,137760.00
KXNHL-26-FLA,1763092800,0.1000,0.1000,0.1000,0.1000,0.1100,0.1100,0.1100,0.1100,0.00,137760.00
KXNHL-26-FLA,1763096400,0.1000,0.1000,0.1000,0.1000,0.1100,0.1100,0.1100,0.1100,0.00,137760.00
KXNHL-26-FLA,1763100000,0.1000,0.1000,0.1000,0.1000,0.1100,0.1100,0.1100,0.1100,0.00,137760.00
KXNHL-26-FLA,1763103600,0.1000,0.1000,0.1000,0.1000,0.1100,0.1100,0.1100,0.1100,0.00,137760.00
KXNHL-26-FLA,1763107200,0.1000,0.1000,0.1000,0.1000,0.1100,0.1100,0.1100,0.1100,0.00,137760.00
KXNHL-26-FLA,1763110800,0.1000,0.1000,0.1000,0.1000,0.1100,0.1100,0.1100,0.1100,0.00,137760.00
KXNHL-26-FLA,1763114400,0.1000,0.1000,0.1000,0.1000,0.1100,0.1100,0.1100,0.1100,0.00,137760.00
KXNHL-26-FLA,1763118000,0.1000,0.1000,0.1000,0.1000,0.1100,0.1100,0.1100,0.1100,8.00,137768.00
KXNHL-26-FLA,1763121600,0.1000,0.1000,0.1000,0.1000,0.1100,0.1100,0.1100,0.1100,0.00,137768.00
KXNHL-26-FLA,1763125200,0.1000,0.1000,0.1000,0.1000,0.1100,0.1100,0.1100,0.1100,0.00,137768.00
KXNHL-26-FLA,1763128800,0.1000,0.1000,0.1000,0.1000,0.1100,0.1100,0.1100,0.1100,0.00,137768.00
KXNHL-26-FLA,1763132400,0.1000,0.1000,0.1000,0.1000,0.1100,0.1100,0.1100,0.1100,0.00,137768.00
KXNHL-26-FLA,1763136000,0.1000,0.1000,0.1000,0.1000,0.1100,0.1100,0.1100,0.1100,0.00,137768.00
KXNHL-26-FLA,1763143200,0.1000,0.1000,0.1000,0.1000,0.1100,0.1100,0.1100,0.1100,0.00,137768.00
KXNHL-26-FLA,1763146800,0.1000,0.1000,0.1000,0.1000,0.1100,0.1100,0.1100,0.1100,0.00,137768.00
KXNHL-26-FLA,1763150400,0.1000,0.1000,0.1000,0.1000,0.1100,0.1100,0.1100,0.1100,0.00,137768.00
KXNHL-26-FLA,1763154000,0.1000,0.1000,0.1000,0.1000,0.1100,0.1100,0.1100,0.1100,0.00,137768.00
KXNHL-26-FLA,1763157600,0.1000,0.1000,0.1000,0.1000,0.1100,0.1100,0.1100,0.1100,0.00,137768.00
KXNHL-26-FLA,1763161200,0.1000,0.1000,0.1000,0.1000,0.1100,0.1100,0.1100,0.1100,0.00,137768.00
KXNHL-26-FLA,1763164800,0.1000,0.1000,0.1000,0.1000,0.1100,0.1100,0.1100,0.1100,0.00,137768.00
KXNHL-26-FLA,1763172000,0.1000,0.1000,0.1000,0.1000,0.1100,0.1100,0.1100,0.1100,0.00,137768.00
KXNHL-26-FLA,1763175600,0.1000,0.1000,0.1000,0.1000,0.1100,0.1100,0.1100,0.1100,0.00,137768.00
KXNHL-26-FLA,1763179200,0.1000,0.1000,0.1000,0.1000,0.1100,0.1100,0.1100,0.1100,0.00,137768.00
KXNHL-26-FLA,1763182800,0.1000,0.1000,0.1000,0.1000,0.1100,0.1100,0.1100,0.1100,0.00,137768.00
KXNHL-26-FLA,1763186400,0.1000,0.1000,0.1000,0.1000,0.1100,0.1100,0.1100,0.1100,0.00,137768.00
KXNHL-26-FLA,1763190000,0.1000,0.1000,0.1000,0.1000,0.1100,0.1100,0.1100,0.1100,0.00,137768.00
KXNHL-26-FLA,1763193600,0.1000,0.1000,0.1000,0.1000,0.1100,0.1100,0.1100,0.1100,0.00,137768.00
KXNHL-26-FLA,1763197200,0.1000,0.1000,0.1000,0.1000,0.1100,0.1100,0.1100,0.1100,0.00,137768.00
KXNHL-26-FLA,1763204400,0.1000,0.1000,0.1000,0.1000,0.1100,0.1100,0.1100,0.1100,0.00,137768.00
KXNHL-26-FLA,1763208000,0.1000,0.1000,0.1000,0.1000,0.1100,0.1100,0.1100,0.1100,0.00,137768.00
KXNHL-26-FLA,1763211600,0.1000,0.1000,0.1000,0.1000,0.1100,0.1100,0.1100,0.1100,0.00,137768.00
KXNHL-26-FLA,1763218800,0.1000,0.1000,0.1000,0.1000,0.1100,0.1100,0.1100,0.1100,0.00,137768.00
KXNHL-26-FLA,1763222400,0.1000,0.1000,0.0900,0.1000,0.1100,0.1100,0.1100,0.1100,6000.00,137625.00
KXNHL-26-FLA,1763226000,0.1000,0.1000,0.1000,0.1000,0.1100,0.1100,0.1100,0.1100,8.00,137633.00
KXNHL-26-FLA,1763229600,0.1000,0.1000,0.1000,0.1000,0.1100,0.1100,0.1100,0.1100,0.00,137633.00
KXNHL-26-FLA,1763233200,0.1000,0.1000,0.1000,0.1000,0.1100,0.1100,0.1100,0.1100,0.00,137633.00
KXNHL-26-FLA,1763236800,0.1000,0.1000,0.1000,0.1000,0.1100,0.1100,0.1100,0.1100,0.00,137633.00
KXNHL-26-FLA,1763240400,0.1000,0.1000,0.1000,0.1000,0.1100,0.1100,0.1100,0.1100,0.00,137633.00
KXNHL-26-FLA,1763244000,0.1000,0.1000,0.1000,0.1000,0.1100,0.1100,0.1100,0.1100,0.00,137633.00
KXNHL-26-FLA,1763251200,0.1000,0.1000,0.1000,0.1000,0.1100,0.1100,0.1100,0.1100,0.00,137633.00
KXNHL-26-FLA,1763254800,0.1000,0.1000,0.1000,0.1000,0.1100,0.1100,0.1100,0.1100,0.00,137633.00
KXNHL-26-FLA,1763258400,0.1000,0.1000,0.1000,0.1000,0.1100,0.1100,0.1100,0.1100,855.00,138488.00
KXNHL-26-FLA,1763262000,0.1000,0.1000,0.1000,0.1000,0.1100,0.1100,0.1100,0.1100,0.00,138488.00
KXNHL-26-FLA,1763265600,0.1000,0.1000,0.1000,0.1000,0.1100,0.1100,0.1100,0.1100,5.00,138483.00
KXNHL-26-FLA,1763269200,0.1000,0.1000,0.1000,0.1000,0.1100,0.1100,0.1100,0.1100,0.00,138483.00
KXNHL-26-FLA,1763272800,0.1000,0.1000,0.1000,0.1000,0.1100,0.1100,0.1100,0.1100,0.00,138483.00
KXNHL-26-FLA,1763276400,0.1000,0.1000,0.1000,0.1000,0.1100,0.1100,0.1100,0.1100,0.00,138483.00
KXNHL-26-FLA,1763280000,0.1000,0.1000,0.1000,0.1000,0.1100,0.1100,0.1100,0.1100,0.00,138483.00
KXNHL-26-FLA,1763283600,0.1000,0.1000,0.1000,0.1000,0.1100,0.1100,0.1100,0.1100,0.00,138483.00
KXNHL-26-FLA,1763290800,0.1000,0.1000,0.1000,0.1000,0.1100,0.1100,0.1100,0.1100,0.00,138483.00
KXNHL-26-FLA,1763294400,0.1000,0.1000,0.1000,0.1000,0.1100,0.1100,0.1100,0.1100,0.00,138483.00
KXNHL-26-FLA,1763298000,0.1000,0.1000,0.1000,0.1000,0.1100,0.1100,0.1100,0.1100,0.00,138483.00
KXNHL-26-FLA,1763305200,0.1000,0.1000,0.1000,0.1000,0.1100,0.1100,0.1100,0.1100,0.00,138483.00
KXNHL-26-FLA,1763312400,0.1000,0.1000,0.1000,0.1000,0.1100,0.1100,0.1100,0.1100,0.00,138483.00
KXNHL-26-FLA,1763316000,0.1000,0.1000,0.1000,0.1000,0.1100,0.1100,0.1100,0.1100,4.00,138487.00
KXNHL-26-FLA,1763319600,0.1000,0.1000,0.1000,0.1000,0.1100,0.1100,0.1100,0.1100,28.00,138515.00
KXNHL-26-FLA,1763323200,0.1000,0.1000,0.1000,0.1000,0.1100,0.1100,0.1100,0.1100,0.00,138515.00
KXNHL-26-FLA,1763330400,0.1000,0.1000,0.1000,0.1000,0.1100,0.1100,0.1100,0.1100,0.00,138515.00
KXNHL-26-FLA,1763334000,0.1000,0.1000,0.1000,0.1000,0.1100,0.1100,0.1100,0.1100,0.00,138515.00
KXNHL-26-FLA,1763337600,0.1000,0.1000,0.1000,0.1000,0.1100,0.1100,0.1100,0.1100,0.00,138515.00
KXNHL-26-FLA,1763341200,0.1000,0.1000,0.1000,0.1000,0.1100,0.1100,0.1100,0.1100,0.00,138515.00
KXNHL-26-FLA,1763344800,0.1000,0.1000,0.1000,0.1000,0.1100,0.1100,0.1100,0.1100,0.00,138515.00
KXNHL-26-FLA,1763348400,0.1000,0.1000,0.1000,0.1000,0.1100,0.1100,0.1100,0.1100,0.00,138515.00
KXNHL-26-FLA,1763352000,0.1000,0.1000,0.1000,0.1000,0.1100,0.1100,0.1100,0.1100,0.00,138515.00
KXNHL-26-FLA,1763355600,0.1000,0.1000,0.1000,0.1000,0.1100,0.1100,0.1100,0.1100,50.00,138465.00
KXNHL-26-FLA,1763359200,0.1000,0.1000,0.1000,0.1000,0.1100,0.1100,0.1100,0.1100,0.00,138465.00
KXNHL-26-FLA,1763362800,0.1000,0.1000,0.1000,0.1000,0.1100,0.1100,0.1100,0.1100,0.00,138465.00
KXNHL-26-FLA,1763366400,0.1000,0.1000,0.1000,0.1000,0.1100,0.1100,0.1100,0.1100,0.00,138465.00
KXNHL-26-FLA,1763370000,0.1000,0.1000,0.1000,0.1000,0.1100,0.1100,0.1100,0.1100,0.00,138465.00
KXNHL-26-FLA,1763373600,0.1000,0.1000,0.1000,0.1000,0.1100,0.1100,0.1100,0.1100,0.00,138465.00
KXNHL-26-FLA,1763377200,0.1000,0.1000,0.1000,0.1000,0.1100,0.1100,0.1100,0.1100,0.00,138465.00
KXNHL-26-FLA,1763380800,0.1000,0.1000,0.1000,0.1000,0.1100,0.1100,0.1100,0.1100,1.00,138466.00
KXNHL-26-FLA,1763384400,0.1000,0.1000,0.1000,0.1000,0.1100,0.1100,0.1100,0.1100,0.00,138466.00
KXNHL-26-FLA,1763388000,0.1000,0.1000,0.1000,0.1000,0.1100,0.1100,0.1100,0.1100,0.00,138466.00
KXNHL-26-FLA,1763391600,0.1000,0.1000,0.1000,0.1000,0.1100,0.1100,0.1100,0.1100,75.00,138391.00
KXNHL-26-FLA,1763395200,0.1000,0.1000,0.1000,0.1000,0.1100,0.1100,0.1100,0.1100,0.00,138391.00
KXNHL-26-FLA,1763398800,0.1000,0.1000,0.1000,0.1000,0.1100,0.1100,0.1100,0.1100,0.00,138391.00
KXNHL-26-FLA,1763402400,0.1000,0.1000,0.1000,0.1000,0.1100,0.1100,0.1100,0.1100,0.00,138391.00
KXNHL-26-FLA,1763406000,0.1000,0.1000,0.1000,0.1000,0.1100,0.1100,0.1100,0.1100,0.00,138391.00
KXNHL-26-FLA,1763409600,0.1000,0.1000,0.1000,0.1000,0.1100,0.1100,0.1100,0.1100,0.00,138391.00
KXNHL-26-FLA,1763413200,0.1000,0.1000,0.1000,0.1000,0.1100,0.1100,0.1100,0.1100,20.00,138371.00
KXNHL-26-FLA,1763416800,0.1000,0.1000,0.1000,0.1000,0.1100,0.1100,0.1100,0.1100,0.00,138371.00
KXNHL-26-FLA,1763420400,0.1000,0.1000,0.1000,0.1000,0.1100,0.1100,0.1100,0.1100,0.00,138371.00
KXNHL-26-FLA,1763424000,0.1000,0.1000,0.0900,0.1000,0.1100,0.1100,0.1100,0.1100,6805.00,132307.00
KXNHL-26-FLA,1763427600,0.1000,0.1000,0.1000,0.1000,0.1100,0.1100,0.1100,0.1100,100.00,132407.00
KXNHL-26-FLA,1763431200,0.1000,0.1000,0.1000,0.1000,0.1100,0.1100,0.1100,0.1100,0.00,132407.00
KXNHL-26-FLA,1763434800,0.1000,0.1000,0.1000,0.1000,0.1100,0.1100,0.1100,0.1100,0.00,132407.00
KXNHL-26-FLA,1763438400,0.1000,0.1000,0.1000,0.1000,0.1100,0.1100,0.1100,0.1100,8.00,132415.00
KXNHL-26-FLA,1763442000,0.1000,0.1000,0.1000,0.1000,0.1100,0.1100,0.1100,0.1100,0.00,132415.00
KXNHL-26-FLA,1763445600,0.1000,0.1000,0.1000,0.1000,0.1100,0.1100,0.1100,0.1100,0.00,132415.00
KXNHL-26-FLA,1763449200,0.1000,0.1000,0.1000,0.1000,0.1100,0.1100,0.1100,0.1100,45.00,132460.00
KXNHL-26-FLA,1763452800,0.1000,0.1000,0.1000,0.1000,0.1100,0.1100,0.1100,0.1100,0.00,132460.00
KXNHL-26-FLA,1763456400,0.1000,0.1000,0.1000,0.1000,0.1100,0.1100,0.1100,0.1100,8.00,132468.00
KXNHL-26-FLA,1763460000,0.1000,0.1000,0.1000,0.1000,0.1100,0.1100,0.1100,0.1100,0.00,132468.00
KXNHL-26-FLA,1763467200,0.1000,0.1000,0.1000,0.1000,0.1100,0.1100,0.1100,0.1100,0.00,132468.00
KXNHL-26-FLA,1763470800,0.1000,0.1000,0.1000,0.1000,0.1100,0.1100,0.1100,0.1100,0.00,132468.00
KXNHL-26-FLA,1763474400,0.1000,0.1000,0.1000,0.1000,0.1100,0.1100,0.1100,0.1100,0.00,132468.00
KXNHL-26-FLA,1763478000,0.1000,0.1000,0.1000,0.1000,0.1100,0.1100,0.1100,0.1100,0.00,132468.00
KXNHL-26-FLA,1763485200,0.1000,0.1000,0.1000,0.1000,0.1100,0.1100,0.1100,0.1100,0.00,132468.00
KXNHL-26-FLA,1763492400,0.1000,0.1000,0.1000,0.1000,0.1100,0.1100,0.1100,0.1100,0.00,132468.00
KXNHL-26-FLA,1763499600,0.1000,0.1000,0.1000,0.1000,0.1100,0.1100,0.1100,0.1100,0.00,132468.00
KXNHL-26-FLA,1763506800,0.1000,0.1000,0.1000,0.1000,0.1100,0.1100,0.1100,0.1100,0.00,132468.00
KXNHL-26-FLA,1763510400,0.1000,0.1000,0.1000,0.1000,0.1100,0.1100,0.1100,0.1100,25.00,132493.00
KXNHL-26-FLA,1763514000,0.1000,0.1000,0.1000,0.1000,0.1100,0.1100,0.1100,0.1100,0.00,132493.00
KXNHL-26-FLA,1763517600,0.1000,0.1000,0.1000,0.1000,0.1100,0.1100,0.1100,0.1100,85.00,132578.00
KXNHL-26-FLA,1763521200,0.1000,0.1000,0.0900,0.1000,0.1100,0.1100,0.1100,0.1100,0.00,132578.00
KXNHL-26-FLA,1763524800,0.1000,0.1000,0.0900,0.0900,0.1100,0.1100,0.1100,0.1100,400.00,132978.00
KXNHL-26-FLA,1763528400,0.0900,0.1000,0.0900,0.1000,0.1100,0.1100,0.1100,0.1100,100.00,133078.00
KXNHL-26-FLA,1763532000,0.1000,0.1000,0.1000,0.1000,0.1100,0.1100,0.1100,0.1100,0.00,133078.00
KXNHL-26-FLA,1763535600,0.1000,0.1000,0.1000,0.1000,0.1100,0.1100,0.1100,0.1100,0.00,133078.00
KXNHL-26-FLA,1763539200,0.1000,0.1000,0.1000,0.1000,0.1100,0.1100,0.1100,0.1100,0.00,133078.00
KXNHL-26-FLA,1763542800,0.1000,0.1000,0.1000,0.1000,0.1100,0.1100,0.1100,0.1100,0.00,133078.00
KXNHL-26-FLA,1763550000,0.1000,0.1000,0.1000,0.1000,0.1100,0.1100,0.1100,0.1100,0.00,133078.00
KXNHL-26-FLA,1763553600,0.1000,0.1000,0.1000,0.1000,0.1100,0.1100,0.1100,0.1100,0.00,133078.00
KXNHL-26-FLA,1763557200,0.1000,0.1000,0.1000,0.1000,0.1100,0.1100,0.1100,0.1100,0.00,133078.00
KXNHL-26-FLA,1763560800,0.1000,0.1000,0.1000,0.1000,0.1100,0.1100,0.1100,0.1100,20.00,133098.00
KXNHL-26-FLA,1763564400,0.1000,0.1000,0.1000,0.1000,0.1100,0.1100,0.1100,0.1100,0.00,133098.00
KXNHL-26-FLA,1763568000,0.1000,0.1000,0.1000,0.1000,0.1100,0.1100,0.1100,0.1100,0.00,133098.00
KXNHL-26-FLA,1763571600,0.1000,0.1000,0.1000,0.1000,0.1100,0.1100,0.1100,0.1100,0.00,133098.00
KXNHL-26-FLA,1763575200,0.1000,0.1000,0.1000,0.1000,0.1100,0.1100,0.1100,0.1100,0.00,133098.00
KXNHL-26-FLA,1763578800,0.1000,0.1000,0.1000,0.1000,0.1100,0.1100,0.1100,0.1100,0.00,133098.00
KXNHL-26-FLA,1763582400,0.1000,0.1000,0.1000,0.1000,0.1100,0.1100,0.1100,0.1100,0.00,133098.00
KXNHL-26-FLA,1763586000,0.1000,0.1000,0.1000,0.1000,0.1100,0.1100,0.1100,0.1100,0.00,133098.00
KXNHL-26-FLA,1763589600,0.1000,0.1000,0.1000,0.1000,0.1100,0.1100,0.1100,0.1100,0.00,133098.00
KXNHL-26-FLA,1763593200,0.1000,0.1000,0.1000,0.1000,0.1100,0.1100,0.1100,0.1100,0.00,133098.00
KXNHL-26-FLA,1763596800,0.1000,0.1000,0.1000,0.1000,0.1100,0.1100,0.1100,0.1100,0.00,133098.00
KXNHL-26-FLA,1763600400,0.1000,0.1000,0.1000,0.1000,0.1100,0.1100,0.1100,0.1100,0.00,133098.00
KXNHL-26-FLA,1763604000,0.1000,0.1000,0.1000,0.1000,0.1100,0.1100,0.1100,0.1100,0.00,133098.00
KXNHL-26-FLA,1763607600,0.1000,0.1000,0.1000,0.1000,0.1100,0.1100,0.1100,0.1100,0.00,133098.00
KXNHL-26-FLA,1763611200,0.1000,0.1000,0.1000,0.1000,0.1100,0.1100,0.1100,0.1100,0.00,133098.00
KXNHL-26-FLA,1763614800,0.1000,0.1000,0.1000,0.1000,0.1100,0.1100,0.1100,0.1100,8.00,133106.00
KXNHL-26-FLA,1763618400,0.1000,0.1000,0.1000,0.1000,0.1100,0.1100,0.1100,0.1100,0.00,133106.00
KXNHL-26-FLA,1763622000,0.1000,0.1000,0.1000,0.1000,0.1100,0.1100,0.1100,0.1100,0.00,133106.00
KXNHL-26-FLA,1763625600,0.1000,0.1000,0.1000,0.1000,0.1100,0.1100,0.1100,0.1100,0.00,133106.00
KXNHL-26-FLA,1763629200,0.1000,0.1000,0.1000,0.1000,0.1100,0.1100,0.1100,0.1100,0.00,133106.00
KXNHL-26-FLA,1763636400,0.1000,0.1000,0.1000,0.1000,0.1100,0.1100,0.1100,0.1100,0.00,133106.00
KXNHL-26-FLA,1763640000,0.1000,0.1000,0.1000,0.1000,0.1100,0.1100,0.1100,0.1100,0.00,133106.00
KXNHL-26-FLA,1763643600,0.1000,0.1000,0.1000,0.1000,0.1100,0.1100,0.1100,0.1100,0.00,133106.00
KXNHL-26-FLA,1763647200,0.1000,0.1000,0.1000,0.1000,0.1100,0.1100,0.1100,0.1100,0.00,133106.00
KXNHL-26-FLA,1763654400,0.1000,0.1000,0.1000,0.1000,0.1100,0.1100,0.1100,0.1100,0.00,133106.00
KXNHL-26-FLA,1763658000,0.1000,0.1000,0.1000,0.1000,0.1100,0.1100,0.1100,0.1100,8.00,133114.00
KXNHL-26-FLA,1763661600,0.1000,0.1000,0.1000,0.1000,0.1100,0.1100,0.1100,0.1100,0.00,133114.00
KXNHL-26-FLA,1763665200,0.1000,0.1000,0.1000,0.1000,0.1100,0.1100,0.1100,0.1100,0.00,133114.00
KXNHL-26-FLA,1763668800,0.1000,0.1000,0.1000,0.1000,0.1100,0.1100,0.1100,0.1100,0.00,133114.00
KXNHL-26-FLA,1763676000,0.1000,0.1000,0.1000,0.1000,0.1100,0.1100,0.1100,0.1100,0.00,133114.00
KXNHL-26-FLA,1763679600,0.1000,0.1000,0.1000,0.1000,0.1100,0.1100,0.1100,0.1100,1.00,133115.00
KXNHL-26-FLA,1763683200,0.1000,0.1000,0.1000,0.1000,0.1100,0.1100,0.1100,0.1100,0.00,133115.00
KXNHL-26-FLA,1763686800,0.1000,0.1000,0.1000,0.1000,0.1100,0.1100,0.1100,0.1100,34.00,133115.00
KXNHL-26-FLA,1763690400,0.1000,0.1000,0.1000,0.1000,0.1100,0.1100,0.1100,0.1100,0.00,133115.00
KXNHL-26-FLA,1763694000,0.1000,0.1000,0.1000,0.1000,0.1100,0.1100,0.1100,0.1100,45.00,133160.00
KXNHL-26-FLA,1763697600,0.1000,0.1000,0.1000,0.1000,0.1100,0.1100,0.1100,0.1100,0.00,133160.00
KXNHL-26-FLA,1763701200,0.1000,0.1000,0.1000,0.1000,0.1100,0.1100,0.1100,0.1100,0.00,133160.00
KXNHL-26-FLA,1763704800,0.1000,0.1000,0.1000,0.1000,0.1100,0.1100,0.1100,0.1100,0.00,133160.00
KXNHL-26-FLA,1763708400,0.1000,0.1000,0.1000,0.1000,0.1100,0.1100,0.1100,0.1100,0.00,133160.00
KXNHL-26-FLA,1763712000,0.1000,0.1000,0.1000,0.1000,0.1100,0.1100,0.1100,0.1100,0.00,133160.00
KXNHL-26-FLA,1763715600,0.1000,0.1000,0.1000,0.1000,0.1100,0.1100,0.1100,0.1100,0.00,133160.00
KXNHL-26-FLA,1763719200,0.1000,0.1000,0.1000,0.1000,0.1100,0.1100,0.1100,0.1100,5.00,133165.00
KXNHL-26-FLA,1763722800,0.1000,0.1000,0.1000,0.1000,0.1100,0.1100,0.1100,0.1100,0.00,133165.00
KXNHL-26-FLA,1763726400,0.1000,0.1000,0.1000,0.1000,0.1100,0.1100,0.1100,0.1100,5.00,133165.00
KXNHL-26-FLA,1763730000,0.1000,0.1000,0.1000,0.1000,0.1100,0.1100,0.1100,0.1100,500.00,133665.00
KXNHL-26-FLA,1763733600,0.1000,0.1000,0.1000,0.1000,0.1100,0.1100,0.1100,0.1100,0.00,133665.00
KXNHL-26-FLA,1763737200,0.1000,0.1000,0.1000,0.1000,0.1100,0.1100,0.1100,0.1100,855.00,134420.00
KXNHL-26-FLA,1763740800,0.1000,0.1000,0.1000,0.1000,0.1100,0.1100,0.1100,0.1100,0.00,134420.00
KXNHL-26-FLA,1763744400,0.1000,0.1000,0.1000,0.1000,0.1100,0.1100,0.1100,0.1100,0.00,134420.00
KXNHL-26-FLA,1763748000,0.1000,0.1000,0.1000,0.1000,0.1100,0.1100,0.1100,0.1100,0.00,134420.00
KXNHL-26-FLA,1763751600,0.1000,0.1000,0.1000,0.1000,0.1100,0.1100,0.1100,0.1100,0.00,134420.00
KXNHL-26-FLA,1763755200,0.1000,0.1000,0.1000,0.1000,0.1100,0.1100,0.1100,0.1100,0.00,134420.00
KXNHL-26-FLA,1763762400,0.1000,0.1000,0.1000,0.1000,0.1100,0.1100,0.1100,0.1100,0.00,134420.00
KXNHL-26-FLA,1763766000,0.1000,0.1000,0.1000,0.1000,0.1100,0.1100,0.1100,0.1100,0.00,134420.00
KXNHL-26-FLA,1763773200,0.1000,0.1000,0.1000,0.1000,0.1100,0.1100,0.1100,0.1100,0.00,134420.00
KXNHL-26-FLA,1763780400,0.1000,0.1000,0.1000,0.1000,0.1100,0.1100,0.1100,0.1100,0.00,134420.00
KXNHL-26-FLA,1763787600,0.1000,0.1000,0.1000,0.1000,0.1100,0.1100,0.1100,0.1100,0.00,134420.00
KXNHL-26-FLA,1763791200,0.1000,0.1000,0.1000,0.1000,0.1100,0.1100,0.1100,0.1100,0.00,134420.00
KXNHL-26-FLA,1763794800,0.1000,0.1000,0.1000,0.1000,0.1100,0.1100,0.1100,0.1100,0.00,134420.00
KXNHL-26-FLA,1763798400,0.1000,0.1000,0.1000,0.1000,0.1100,0.1100,0.1100,0.1100,0.00,134420.00
KXNHL-26-FLA,1763802000,0.1000,0.1000,0.1000,0.1000,0.1100,0.1100,0.1100,0.1100,0.00,134420.00
KXNHL-26-FLA,1763805600,0.1000,0.1000,0.1000,0.1000,0.1100,0.1100,0.1100,0.1100,0.00,134420.00
KXNHL-26-FLA,1763809200,0.1000,0.1000,0.1000,0.1000,0.1100,0.1100,0.1100,0.1100,0.00,134420.00
KXNHL-26-FLA,1763812800,0.1000,0.1000,0.1000,0.1000,0.1100,0.1100,0.1100,0.1100,0.00,134420.00
KXNHL-26-FLA,1763816400,0.1000,0.1000,0.1000,0.1000,0.1100,0.1100,0.1100,0.1100,0.00,134420.00
KXNHL-26-FLA,1763820000,0.1000,0.1000,0.1000,0.1000,0.1100,0.1100,0.1100,0.1100,0.00,134420.00
KXNHL-26-FLA,1763827200,0.1000,0.1000,0.1000,0.1000,0.1100,0.1100,0.1100,0.1100,0.00,134420.00
KXNHL-26-FLA,1763834400,0.1000,0.1000,0.1000,0.1000,0.1100,0.1100,0.1100,0.1100,0.00,134420.00
KXNHL-26-FLA,1763841600,0.1000,0.1000,0.1000,0.1000,0.1100,0.1100,0.1100,0.1100,0.00,134420.00
KXNHL-26-FLA,1763845200,0.1000,0.1000,0.1000,0.1000,0.1100,0.1100,0.1100,0.1100,8.00,134428.00
KXNHL-26-FLA,1763848800,0.1000,0.1000,0.1000,0.1000,0.1100,0.1100,0.1100,0.1100,400.00,134828.00
KXNHL-26-FLA,1763852400,0.1000,0.1000,0.1000,0.1000,0.1100,0.1100,0.1100,0.1100,0.00,134828.00
KXNHL-26-FLA,1763859600,0.1000,0.1000,0.1000,0.1000,0.1100,0.1100,0.1100,0.1100,0.00,134828.00
KXNHL-26-FLA,1763863200,0.1000,0.1000,0.1000,0.1000,0.1100,0.1100,0.1100,0.1100,0.00,134828.00
KXNHL-26-FLA,1763866800,0.1000,0.1000,0.1000,0.1000,0.1100,0.1100,0.1100,0.1100,0.00,134828.00
KXNHL-26-FLA,1763870400,0.1000,0.1000,0.1000,0.1000,0.1100,0.1100,0.1100,0.1100,0.00,134828.00
KXNHL-26-FLA,1763874000,0.1000,0.1000,0.1000,0.1000,0.1100,0.1100,0.1100,0.1100,0.00,134828.00
KXNHL-26-FLA,1763877600,0.1000,0.1000,0.1000,0.1000,0.1100,0.1100,0.1100,0.1100,0.00,134828.00
KXNHL-26-FLA,1763881200,0.1000,0.1000,0.1000,0.1000,0.1100,0.1100,0.1100,0.1100,0.00,134828.00
KXNHL-26-FLA,1763888400,0.1000,0.1000,0.1000,0.1000,0.1100,0.1100,0.1100,0.1100,0.00,134828.00
KXNHL-26-FLA,1763892000,0.1000,0.1000,0.1000,0.1000,0.1100,0.1100,0.1100,0.1100,0.00,134828.00
KXNHL-26-FLA,1763895600,0.1000,0.1000,0.1000,0.1000,0.1100,0.1100,0.1100,0.1100,0.00,134828.00
KXNHL-26-FLA,1763899200,0.1000,0.1000,0.1000,0.1000,0.1100,0.1100,0.1100,0.1100,0.00,134828.00
KXNHL-26-FLA,1763902800,0.1000,0.1000,0.1000,0.1000,0.1100,0.1100,0.1100,0.1100,0.00,134828.00
KXNHL-26-FLA,1763906400,0.1000,0.1000,0.1000,0.1000,0.1100,0.1100,0.1100,0.1100,0.00,134828.00
KXNHL-26-FLA,1763910000,0.1000,0.1000,0.1000,0.1000,0.1100,0.1100,0.1100,0.1100,0.00,134828.00
KXNHL-26-FLA,1763913600,0.1000,0.1000,0.1000,0.1000,0.1100,0.1100,0.1100,0.1100,44.00,134828.00
KXNHL-26-FLA,1763917200,0.1000,0.1000,0.1000,0.1000,0.1100,0.1100,0.1100,0.1100,0.00,134828.00
KXNHL-26-FLA,1763920800,0.1000,0.1000,0.1000,0.1000,0.1100,0.1100,0.1100,0.1100,0.00,134828.00
KXNHL-26-FLA,1763924400,0.1000,0.1000,0.1000,0.1000,0.1100,0.1100,0.1100,0.1100,0.00,134828.00
KXNHL-26-FLA,1763931600,0.1000,0.1000,0.1000,0.1000,0.1100,0.1100,0.1100,0.1100,0.00,134828.00
KXNHL-26-FLA,1763938800,0.1000,0.1000,0.1000,0.1000,0.1100,0.1100,0.1100,0.1100,0.00,134828.00
KXNHL-26-FLA,1763942400,0.1000,0.1000,0.1000,0.1000,0.1100,0.1100,0.1100,0.1100,0.00,134828.00
KXNHL-26-FLA,1763949600,0.1000,0.1000,0.1000,0.1000,0.1100,0.1100,0.1100,0.1100,0.00,134828.00
KXNHL-26-FLA,1763953200,0.1000,0.1000,0.1000,0.1000,0.1100,0.1100,0.1100,0.1100,0.00,134828.00
KXNHL-26-FLA,1763956800,0.1000,0.1000,0.1000,0.1000,0.1100,0.1100,0.1100,0.1100,0.00,134828.00
KXNHL-26-FLA,1763960400,0.1000,0.1000,0.1000,0.1000,0.1100,0.1100,0.1100,0.1100,0.00,134828.00
KXNHL-26-FLA,1763964000,0.1000,0.1000,0.1000,0.1000,0.1100,0.1100,0.1100,0.1100,0.00,134828.00
KXNHL-26-FLA,1763967600,0.1000,0.1000,0.1000,0.1000,0.1100,0.1100,0.1100,0.1100,42.00,134870.00
KXNHL-26-FLA,1763974800,0.1000,0.1000,0.1000,0.1000,0.1100,0.1100,0.1100,0.1100,0.00,134870.00
KXNHL-26-FLA,1763985600,0.1000,0.1000,0.1000,0.1000,0.1100,0.1100,0.1100,0.1100,0.00,134870.00
KXNHL-26-FLA,1763989200,0.1000,0.1000,0.1000,0.1000,0.1100,0.1100,0.1100,0.1100,0.00,134870.00
KXNHL-26-FLA,1763992800,0.1000,0.1000,0.1000,0.1000,0.1100,0.1100,0.1100,0.1100,0.00,134870.00
KXNHL-26-FLA,1764000000,0.1000,0.1000,0.1000,0.1000,0.1100,0.1100,0.1100,0.1100,0.00,134870.00
KXNHL-26-FLA,1764003600,0.1000,0.1000,0.1000,0.1000,0.1100,0.1100,0.1100,0.1100,0.00,134870.00
KXNHL-26-FLA,1764010800,0.1000,0.1000,0.1000,0.1000,0.1100,0.1100,0.1100,0.1100,0.00,134870.00
KXNHL-26-FLA,1764018000,0.1000,0.1000,0.1000,0.1000,0.1100,0.1100,0.1100,0.1100,10.00,134880.00
KXNHL-26-FLA,1764021600,0.1000,0.1000,0.1000,0.1000,0.1100,0.1100,0.1100,0.1100,0.00,134880.00
KXNHL-26-FLA,1764028800,0.1000,0.1000,0.1000,0.1000,0.1100,0.1100,0.1100,0.1100,0.00,134880.00
KXNHL-26-FLA,1764032400,0.1000,0.1000,0.1000,0.1000,0.1100,0.1100,0.1100,0.1100,42.00,134922.00
KXNHL-26-FLA,1764036000,0.1000,0.1000,0.1000,0.1000,0.1100,0.1100,0.1100,0.1100,0.00,134922.00
KXNHL-26-FLA,1764039600,0.1000,0.1000,0.1000,0.1000,0.1100,0.1100,0.1100,0.1100,85.00,135007.00
KXNHL-26-FLA,1764046800,0.1000,0.1000,0.1000,0.1000,0.1100,0.1100,0.1100,0.1100,2000.00,137007.00
KXNHL-26-FLA,1764050400,0.1000,0.1000,0.1000,0.1000,0.1100,0.1100,0.1100,0.1100,0.00,137007.00
KXNHL-26-FLA,1764054000,0.1000,0.1000,0.1000,0.1000,0.1100,0.1100,0.1100,0.1100,0.00,137007.00
KXNHL-26-FLA,1764057600,0.1000,0.1000,0.1000,0.1000,0.1100,0.1100,0.1100,0.1100,0.00,137007.00
KXNHL-26-FLA,1764061200,0.1000,0.1000,0.1000,0.1000,0.1100,0.1100,0.1100,0.1100,0.00,137007.00
KXNHL-26-FLA,1764064800,0.1000,0.1000,0.1000,0.1000,0.1100,0.1100,0.1100,0.1100,0.00,137007.00
KXNHL-26-FLA,1764068400,0.1000,0.1000,0.1000,0.1000,0.1100,0.1100,0.1100,0.1100,0.00,137007.00
KXNHL-26-FLA,1764072000,0.1000,0.1000,0.1000,0.1000,0.1100,0.1100,0.1100,0.1100,0.00,137007.00
KXNHL-26-FLA,1764075600,0.1000,0.1000,0.1000,0.1000,0.1100,0.1100,0.1100,0.1100,0.00,137007.00
KXNHL-26-FLA,1764082800,0.1000,0.1000,0.1000,0.1000,0.1100,0.1100,0.1100,0.1100,0.00,137007.00
KXNHL-26-FLA,1764086400,0.1000,0.1000,0.1000,0.1000,0.1100,0.1100,0.1100,0.1100,0.00,137007.00
KXNHL-26-FLA,1764090000,0.1000,0.1000,0.1000,0.1000,0.1100,0.1100,0.1100,0.1100,0.00,137007.00
KXNHL-26-FLA,1764093600,0.1000,0.1000,0.1000,0.1000,0.1100,0.1100,0.1100,0.1100,0.00,137007.00
KXNHL-26-FLA,1764097200,0.1000,0.1000,0.1000,0.1000,0.1100,0.1100,0.1100,0.1100,0.00,137007.00
KXNHL-26-FLA,1764100800,0.1000,0.1000,0.1000,0.1000,0.1100,0.1100,0.1100,0.1100,0.00,137007.00
KXNHL-26-FLA,1764108000,0.1000,0.1000,0.1000,0.1000,0.1100,0.1100,0.1100,0.1100,0.00,137007.00
KXNHL-26-FLA,1764115200,0.1000,0.1000,0.1000,0.1000,0.1100,0.1100,0.1100,0.1100,0.00,137007.00
KXNHL-26-FLA,1764122400,0.1000,0.1000,0.1000,0.1000,0.1100,0.1100,0.1100,0.1100,0.00,137007.00
KXNHL-26-FLA,1764129600,0.1000,0.1000,0.1000,0.1000,0.1100,0.1100,0.1100,0.1100,50.00,137057.00
KXNHL-26-FLA,1764133200,0.1000,0.1000,0.1000,0.1000,0.1100,0.1100,0.1100,0.1100,0.00,137057.00
KXNHL-26-FLA,1764136800,0.1000,0.1000,0.1000,0.1000,0.1100,0.1100,0.1100,0.1100,1.00,137057.00
KXNHL-26-FLA,1764144000,0.1000,0.1000,0.1000,0.1000,0.1100,0.1100,0.1100,0.1100,0.00,137057.00
KXNHL-26-FLA,1764147600,0.1000,0.1000,0.1000,0.1000,0.1100,0.1100,0.1100,0.1100,0.00,137057.00
KXNHL-26-FLA,1764154800,0.1000,0.1000,0.1000,0.1000,0.1100,0.1100,0.1100,0.1100,0.00,137057.00
KXNHL-26-FLA,1764158400,0.1000,0.1000,0.1000,0.1000,0.1100,0.1100,0.1100,0.1100,0.00,137057.00
KXNHL-26-FLA,1764162000,0.1000,0.1000,0.1000,0.1000,0.1100,0.1100,0.1100,0.1100,0.00,137057.00
KXNHL-26-FLA,1764169200,0.1000,0.1000,0.1000,0.1000,0.1100,0.1100,0.1100,0.1100,0.00,137057.00
KXNHL-26-FLA,1764176400,0.1000,0.1000,0.1000,0.1000,0.1100,0.1100,0.1100,0.1100,0.00,137057.00
KXNHL-26-FLA,1764183600,0.1000,0.1000,0.1000,0.1000,0.1100,0.1100,0.1100,0.1100,0.00,137057.00
KXNHL-26-FLA,1764190800,0.1000,0.1000,0.1000,0.1000,0.1100,0.1100,0.1100,0.1100,0.00,137057.00
KXNHL-26-FLA,1764194400,0.1000,0.1000,0.1000,0.1000,0.1100,0.1100,0.1100,0.1100,8.00,137065.00
KXNHL-26-FLA,1764198000,0.1000,0.1000,0.1000,0.1000,0.1100,0.1100,0.1100,0.1100,0.00,137065.00
KXNHL-26-FLA,1764201600,0.1000,0.1000,0.1000,0.1000,0.1100,0.1100,0.1100,0.1100,0.00,137065.00
KXNHL-26-FLA,1764205200,0.1000,0.1000,0.1000,0.1000,0.1100,0.1100,0.1100,0.1100,0.00,137065.00
KXNHL-26-FLA,1764212400,0.1000,0.1000,0.1000,0.1000,0.1100,0.1100,0.1100,0.1100,0.00,137065.00
KXNHL-26-FLA,1764216000,0.1000,0.1000,0.1000,0.1000,0.1100,0.1100,0.1100,0.1100,171.00,137236.00
KXNHL-26-FLA,1764219600,0.1000,0.1000,0.1000,0.1000,0.1100,0.1100,0.1100,0.1100,0.00,137236.00
KXNHL-26-FLA,1764223200,0.1000,0.1000,0.1000,0.1000,0.1100,0.1100,0.1100,0.1100,0.00,137236.00
KXNHL-26-FLA,1764230400,0.1000,0.1000,0.1000,0.1000,0.1100,0.1100,0.1100,0.1100,0.00,137236.00
KXNHL-26-FLA,1764237600,0.1000,0.1000,0.1000,0.1000,0.1100,0.1100,0.1100,0.1100,0.00,137236.00
KXNHL-26-FLA,1764248400,0.1000,0.1000,0.1000,0.1000,0.1100,0.1100,0.1100,0.1100,0.00,137236.00
KXNHL-26-FLA,1764252000,0.1000,0.1000,0.1000,0.1000,0.1100,0.1100,0.1100,0.1100,0.00,137236.00
KXNHL-26-FLA,1764255600,0.1000,0.1000,0.1000,0.1000,0.1100,0.1100,0.1100,0.1100,0.00,137236.00
KXNHL-26-FLA,1764262800,0.1000,0.1000,0.1000,0.1000,0.1100,0.1100,0.1100,0.1100,0.00,137236.00
KXNHL-26-FLA,1764270000,0.1000,0.1000,0.1000,0.1000,0.1100,0.1100,0.1100,0.1100,0.00,137236.00
KXNHL-26-FLA,1764273600,0.1000,0.1000,0.1000,0.1000,0.1100,0.1100,0.1100,0.1100,0.00,137236.00
KXNHL-26-FLA,1764280800,0.1000,0.1000,0.1000,0.1000,0.1100,0.1100,0.1100,0.1100,0.00,137236.00
KXNHL-26-FLA,1764284400,0.1000,0.1000,0.1000,0.1000,0.1100,0.1100,0.1100,0.1100,0.00,137236.00
KXNHL-26-FLA,1764288000,0.1000,0.1000,0.1000,0.1000,0.1100,0.1100,0.1100,0.1100,0.00,137236.00
KXNHL-26-FLA,1764291600,0.1000,0.1000,0.1000,0.1000,0.1100,0.1100,0.1100,0.1100,0.00,137236.00
KXNHL-26-FLA,1764298800,0.1000,0.1000,0.1000,0.1000,0.1100,0.1100,0.1100,0.1100,0.00,137236.00
KXNHL-26-FLA,1764306000,0.1000,0.1000,0.1000,0.1000,0.1100,0.1100,0.1100,0.1100,0.00,137236.00
KXNHL-26-FLA,1764309600,0.1000,0.1000,0.1000,0.1000,0.1100,0.1100,0.1100,0.1100,0.00,137236.00
KXNHL-26-FLA,1764313200,0.1000,0.1000,0.1000,0.1000,0.1100,0.1100,0.1100,0.1100,0.00,137236.00
KXNHL-26-FLA,1764320400,0.1000,0.1000,0.1000,0.1000,0.1100,0.1100,0.1100,0.1100,0.00,137236.00
KXNHL-26-FLA,1764327600,0.1000,0.1000,0.1000,0.1000,0.1100,0.1100,0.1100,0.1100,0.00,137236.00
KXNHL-26-FLA,1764331200,0.1000,0.1000,0.1000,0.1000,0.1100,0.1100,0.1100,0.1100,0.00,137236.00
KXNHL-26-FLA,1764334800,0.1000,0.1000,0.1000,0.1000,0.1100,0.1100,0.1100,0.1100,0.00,137236.00
KXNHL-26-FLA,1764345600,0.1000,0.1000,0.1000,0.1000,0.1100,0.1100,0.1100,0.1100,0.00,137236.00
KXNHL-26-FLA,1764349200,0.1000,0.1000,0.1000,0.1000,0.1100,0.1100,0.1100,0.1100,0.00,137236.00
KXNHL-26-FLA,1764352800,0.1000,0.1000,0.1000,0.1000,0.1100,0.1100,0.1100,0.1100,0.00,137236.00
KXNHL-26-FLA,1764356400,0.1000,0.1000,0.1000,0.1000,0.1100,0.1100,0.1100,0.1100,0.00,137236.00
KXNHL-26-FLA,1764360000,0.1000,0.1000,0.1000,0.1000,0.1100,0.1100,0.1100,0.1100,0.00,137236.00
KXNHL-26-FLA,1764363600,0.1000,0.1000,0.1000,0.1000,0.1100,0.1100,0.1100,0.1100,8.00,137244.00
KXNHL-26-FLA,1764367200,0.1000,0.1000,0.1000,0.1000,0.1100,0.1100,0.1100,0.1100,0.00,137244.00
KXNHL-26-FLA,1764370800,0.1000,0.1000,0.1000,0.1000,0.1100,0.1100,0.1100,0.1100,0.00,137244.00
KXNHL-26-FLA,1764374400,0.1000,0.1000,0.1000,0.1000,0.1100,0.1100,0.1100,0.1100,285.00,137529.00
KXNHL-26-FLA,1764378000,0.1000,0.1000,0.1000,0.1000,0.1100,0.1100,0.1100,0.1100,0.00,137529.00
KXNHL-26-FLA,1764381600,0.1000,0.1000,0.1000,0.1000,0.1100,0.1100,0.1100,0.1100,100.00,137629.00
KXNHL-26-FLA,1764385200,0.1000,0.1000,0.1000,0.1000,0.1100,0.1100,0.1100,0.1100,0.00,137629.00
KXNHL-26-FLA,1764388800,0.1000,0.1000,0.1000,0.1000,0.1100,0.1100,0.1100,0.1100,1282.00,138911.00
KXNHL-26-FLA,1764392400,0.1000,0.1000,0.1000,0.1000,0.1100,0.1100,0.1100,0.1100,0.00,138911.00
KXNHL-26-FLA,1764396000,0.1000,0.1000,0.1000,0.1000,0.1100,0.1100,0.1100,0.1100,0.00,138911.00
KXNHL-26-FLA,1764399600,0.1000,0.1000,0.1000,0.1000,0.1100,0.1100,0.1100,0.1100,0.00,138911.00
KXNHL-26-FLA,1764403200,0.1000,0.1000,0.1000,0.1000,0.1100,0.1100,0.1100,0.1100,0.00,138911.00
KXNHL-26-FLA,1764406800,0.1000,0.1000,0.1000,0.1000,0.1100,0.1100,0.1100,0.1100,0.00,138911.00
KXNHL-26-FLA,1764410400,0.1000,0.1000,0.1000,0.1000,0.1100,0.1100,0.1100,0.1100,0.00,138911.00
KXNHL-26-FLA,1764414000,0.1000,0.1000,0.1000,0.1000,0.1100,0.1100,0.1100,0.1100,0.00,138911.00
KXNHL-26-FLA,1764417600,0.1000,0.1000,0.1000,0.1000,0.1100,0.1100,0.1100,0.1100,0.00,138911.00
KXNHL-26-FLA,1764421200,0.1000,0.1000,0.1000,0.1000,0.1100,0.1100,0.1100,0.1100,0.00,138911.00
KXNHL-26-FLA,1764424800,0.1000,0.1000,0.1000,0.1000,0.1100,0.1100,0.1100,0.1100,586.00,139497.00
KXNHL-26-FLA,1764428400,0.1000,0.1000,0.1000,0.1000,0.1100,0.1100,0.1100,0.1100,0.00,139497.00
KXNHL-26-FLA,1764432000,0.1000,0.1000,0.1000,0.1000,0.1100,0.1100,0.1100,0.1100,0.00,139497.00
KXNHL-26-FLA,1764435600,0.1000,0.1000,0.1000,0.1000,0.1100,0.1100,0.1100,0.1100,0.00,139497.00
KXNHL-26-FLA,1764439200,0.1000,0.1000,0.1000,0.1000,0.1100,0.1100,0.1100,0.1100,427.00,139924.00
KXNHL-26-FLA,1764442800,0.1000,0.1000,0.1000,0.1000,0.1100,0.1100,0.1100,0.1100,85.00,140009.00
KXNHL-26-FLA,1764446400,0.1000,0.1000,0.1000,0.1000,0.1100,0.1100,0.1100,0.1100,0.00,140009.00
KXNHL-26-FLA,1764450000,0.1000,0.1000,0.1000,0.1000,0.1100,0.1100,0.1100,0.1100,100.00,140109.00
KXNHL-26-FLA,1764453600,0.1000,0.1000,0.1000,0.1000,0.1100,0.1100,0.1100,0.1100,0.00,140109.00
KXNHL-26-FLA,1764457200,0.1000,0.1000,0.1000,0.1000,0.1100,0.1100,0.1100,0.1100,0.00,140109.00
KXNHL-26-FLA,1764460800,0.1000,0.1000,0.1000,0.1000,0.1100,0.1100,0.1100,0.1100,0.00,140109.00
KXNHL-26-FLA,1764464400,0.1000,0.1000,0.1000,0.1000,0.1100,0.1100,0.1100,0.1100,769.00,140878.00
KXNHL-26-FLA,1764468000,0.1000,0.1000,0.1000,0.1000,0.1100,0.1100,0.1100,0.1100,0.00,140878.00
KXNHL-26-FLA,1764471600,0.1000,0.1000,0.1000,0.1000,0.1100,0.1100,0.1100,0.1100,0.00,140878.00
KXNHL-26-FLA,1764475200,0.1000,0.1000,0.1000,0.1000,0.1100,0.1100,0.1100,0.1100,1.00,140879.00
KXNHL-26-FLA,1764478800,0.1000,0.1000,0.1000,0.1000,0.1100,0.1100,0.1100,0.1100,0.00,140879.00
KXNHL-26-FLA,1764482400,0.1000,0.1000,0.1000,0.1000,0.1100,0.1100,0.1100,0.1100,0.00,140879.00
KXNHL-26-FLA,1764486000,0.1000,0.1000,0.1000,0.1000,0.1100,0.1100,0.1100,0.1100,5.00,140879.00
KXNHL-26-FLA,1764489600,0.1000,0.1000,0.1000,0.1000,0.1100,0.1100,0.1100,0.1100,0.00,140879.00
KXNHL-26-FLA,1764493200,0.1000,0.1000,0.1000,0.1000,0.1100,0.1100,0.1100,0.1100,0.00,140879.00
KXNHL-26-FLA,1764496800,0.1000,0.1000,0.1000,0.1000,0.1100,0.1100,0.1100,0.1100,0.00,140879.00
KXNHL-26-FLA,1764500400,0.1000,0.1000,0.1000,0.1000,0.1100,0.1100,0.1100,0.1100,0.00,140879.00
KXNHL-26-FLA,1764504000,0.1000,0.1000,0.1000,0.1000,0.1100,0.1100,0.1100,0.1100,0.00,140879.00
KXNHL-26-FLA,1764507600,0.1000,0.1000,0.1000,0.1000,0.1100,0.1100,0.1100,0.1100,0.00,140879.00
KXNHL-26-FLA,1764511200,0.1000,0.1000,0.1000,0.1000,0.1100,0.1100,0.1100,0.1100,0.00,140879.00
KXNHL-26-FLA,1764514800,0.1000,0.1000,0.1000,0.1000,0.1100,0.1100,0.1100,0.1100,0.00,140879.00
KXNHL-26-FLA,1764518400,0.1000,0.1000,0.1000,0.1000,0.1100,0.1100,0.1100,0.1100,0.00,140879.00
KXNHL-26-FLA,1764522000,0.1000,0.1000,0.1000,0.1000,0.1100,0.1100,0.1100,0.1100,0.00,140879.00
KXNHL-26-FLA,1764525600,0.1000,0.1000,0.1000,0.1000,0.1100,0.1100,0.1100,0.1100,0.00,140879.00
KXNHL-26-FLA,1764529200,0.1000,0.1000,0.1000,0.1000,0.1100,0.1100,0.1100,0.1100,0.00,140879.00
KXNHL-26-FLA,1764532800,0.1000,0.1000,0.1000,0.1000,0.1100,0.1100,0.1100,0.1100,0.00,140879.00
KXNHL-26-FLA,1764536400,0.1000,0.1000,0.1000,0.1000,0.1100,0.1100,0.1100,0.1100,200.00,140879.00
KXNHL-26-FLA,1764540000,0.1000,0.1000,0.1000,0.1000,0.1100,0.1100,0.1100,0.1100,0.00,140879.00
KXNHL-26-FLA,1764543600,0.1000,0.1000,0.1000,0.1000,0.1100,0.1100,0.1100,0.1100,0.00,140879.00
KXNHL-26-FLA,1764547200,0.1000,0.1000,0.1000,0.1000,0.1100,0.1100,0.1100,0.1100,0.00,140879.00
KXNHL-26-FLA,1764550800,0.1000,0.1000,0.1000,0.1000,0.1100,0.1100,0.1100,0.1100,0.00,140879.00
KXNHL-26-FLA,1764554400,0.1000,0.1000,0.1000,0.1000,0.1100,0.1100,0.1100,0.1100,42.00,140921.00
KXNHL-26-FLA,1764558000,0.1000,0.1000,0.1000,0.1000,0.1100,0.1100,0.1100,0.1100,0.00,140921.00
KXNHL-26-FLA,1764561600,0.1000,0.1000,0.1000,0.1000,0.1100,0.1100,0.1100,0.1100,0.00,140921.00
KXNHL-26-FLA,1764565200,0.1000,0.1000,0.1000,0.1000,0.1100,0.1100,0.1100,0.1100,0.00,140921.00
KXNHL-26-FLA,1764568800,0.1000,0.1000,0.1000,0.1000,0.1100,0.1100,0.1100,0.1100,0.00,140921.00
KXNHL-26-FLA,1764572400,0.1000,0.1000,0.1000,0.1000,0.1100,0.1100,0.1100,0.1100,76.00,140997.00
KXNHL-26-FLA,1764576000,0.1000,0.1000,0.1000,0.1000,0.1100,0.1100,0.1100,0.1100,0.00,140997.00
KXNHL-26-FLA,1764579600,0.1000,0.1000,0.1000,0.1000,0.1100,0.1100,0.1100,0.1100,0.00,140997.00
KXNHL-26-FLA,1764583200,0.1000,0.1000,0.1000,0.1000,0.1100,0.1100,0.1100,0.1100,0.00,140997.00
KXNHL-26-FLA,1764586800,0.1000,0.1000,0.1000,0.1000,0.1100,0.1100,0.1100,0.1100,0.00,140997.00
KXNHL-26-FLA,1764590400,0.1000,0.1000,0.1000,0.1000,0.1100,0.1100,0.1100,0.1100,0.00,140997.00
KXNHL-26-FLA,1764594000,0.1000,0.1000,0.1000,0.1000,0.1100,0.1100,0.1100,0.1100,0.00,140997.00
KXNHL-26-FLA,1764597600,0.1000,0.1000,0.1000,0.1000,0.1100,0.1100,0.1100,0.1100,0.00,140997.00
KXNHL-26-FLA,1764601200,0.1000,0.1000,0.1000,0.1000,0.1100,0.1100,0.1100,0.1100,0.00,140997.00
KXNHL-26-FLA,1764604800,0.1000,0.1000,0.1000,0.1000,0.1100,0.1100,0.1100,0.1100,0.00,140997.00
KXNHL-26-FLA,1764608400,0.1000,0.1000,0.1000,0.1000,0.1100,0.1100,0.1100,0.1100,0.00,140997.00
KXNHL-26-FLA,1764612000,0.1000,0.1000,0.1000,0.1000,0.1100,0.1100,0.1100,0.1100,0.00,140997.00
KXNHL-26-FLA,1764615600,0.1000,0.1000,0.1000,0.1000,0.1100,0.1100,0.1100,0.1100,0.00,140997.00
KXNHL-26-FLA,1764619200,0.1000,0.1000,0.1000,0.1000,0.1100,0.1100,0.1100,0.1100,0.00,140997.00
KXNHL-26-FLA,1764622800,0.1000,0.1000,0.1000,0.1000,0.1100,0.1100,0.1100,0.1100,0.00,140997.00
KXNHL-26-FLA,1764626400,0.1000,0.1000,0.1000,0.1000,0.1100,0.1100,0.1100,0.1100,0.00,140997.00
KXNHL-26-FLA,1764630000,0.1000,0.1000,0.1000,0.1000,0.1100,0.1100,0.1100,0.1100,1.00,140998.00
KXNHL-26-FLA,1764633600,0.1000,0.1000,0.1000,0.1000,0.1100,0.1100,0.1100,0.1100,0.00,140998.00
KXNHL-26-FLA,1764637200,0.1000,0.1000,0.1000,0.1000,0.1100,0.1100,0.1100,0.1100,0.00,140998.00
KXNHL-26-FLA,1764640800,0.1000,0.1000,0.1000,0.1000,0.1100,0.1100,0.1100,0.1100,79.00,141077.00
KXNHL-26-FLA,1764644400,0.1000,0.1000,0.1000,0.1000,0.1100,0.1100,0.1100,0.1100,0.00,141077.00
KXNHL-26-FLA,1764648000,0.1000,0.1000,0.1000,0.1000,0.1100,0.1100,0.1100,0.1100,0.00,141077.00
KXNHL-26-FLA,1764651600,0.1000,0.1000,0.1000,0.1000,0.1100,0.1100,0.1100,0.1100,0.00,141077.00
KXNHL-26-FLA,1764655200,0.1000,0.1000,0.1000,0.1000,0.1100,0.1100,0.1100,0.1100,0.00,141077.00
KXNHL-26-FLA,1764658800,0.1000,0.1000,0.1000,0.1000,0.1100,0.1100,0.1100,0.1100,0.00,141077.00
KXNHL-26-FLA,1764662400,0.1000,0.1000,0.1000,0.1000,0.1100,0.1100,0.1100,0.1100,0.00,141077.00
KXNHL-26-FLA,1764666000,0.1000,0.1000,0.1000,0.1000,0.1100,0.1100,0.1100,0.1100,0.00,141077.00
KXNHL-26-FLA,1764669600,0.1000,0.1000,0.1000,0.1000,0.1100,0.1100,0.1100,0.1100,0.00,141077.00
KXNHL-26-FLA,1764673200,0.1000,0.1000,0.1000,0.1000,0.1100,0.1100,0.1100,0.1100,0.00,141077.00
KXNHL-26-FLA,1764676800,0.1000,0.1000,0.1000,0.1000,0.1100,0.1100,0.1100,0.1100,0.00,141077.00
KXNHL-26-FLA,1764680400,0.1000,0.1000,0.1000,0.1000,0.1100,0.1100,0.1100,0.1100,0.00,141077.00
KXNHL-26-FLA,1764684000,0.1000,0.1000,0.1000,0.1000,0.1100,0.1100,0.1100,0.1100,0.00,141077.00
KXNHL-26-FLA,1764687600,0.1000,0.1000,0.1000,0.1000,0.1100,0.1100,0.1100,0.1100,0.00,141077.00
KXNHL-26-FLA,1764691200,0.1000,0.1000,0.1000,0.1000,0.1100,0.1100,0.1100,0.1100,0.00,141077.00
KXNHL-26-FLA,1764694800,0.1000,0.1000,0.1000,0.1000,0.1100,0.1100,0.1100,0.1100,0.00,141077.00
KXNHL-26-FLA,1764698400,0.1000,0.1000,0.1000,0.1000,0.1100,0.1100,0.1100,0.1100,100.00,141177.00
KXNHL-26-FLA,1764702000,0.1000,0.1000,0.1000,0.1000,0.1100,0.1100,0.1100,0.1100,2.00,141177.00
KXNHL-26-FLA,1764705600,0.1000,0.1000,0.1000,0.1000,0.1100,0.1100,0.1100,0.1100,0.00,141177.00
KXNHL-26-FLA,1764709200,0.1000,0.1000,0.0900,0.0900,0.1100,0.1100,0.1000,0.1000,3836.00,137451.00
KXNHL-26-FLA,1764712800,0.0900,0.0900,0.0900,0.0900,0.1000,0.1000,0.1000,0.1000,940.00,137451.00
KXNHL-26-FLA,1764716400,0.0900,0.0900,0.0900,0.0900,0.1000,0.1000,0.1000,0.1000,0.00,137451.00
KXNHL-26-FLA,1764720000,0.0900,0.0900,0.0900,0.0900,0.1000,0.1000,0.1000,0.1000,125.00,137451.00
KXNHL-26-FLA,1764723600,0.0900,0.0900,0.0900,0.0900,0.1000,0.1000,0.1000,0.1000,9.00,137451.00
KXNHL-26-FLA,1764727200,0.0900,0.0900,0.0900,0.0900,0.1000,0.1100,0.1000,0.1100,0.00,137451.00
KXNHL-26-FLA,1764730800,0.0900,0.0900,0.0900,0.0900,0.1100,0.1100,0.1000,0.1000,0.00,137451.00
KXNHL-26-FLA,1764734400,0.0900,0.0900,0.0900,0.0900,0.1000,0.1100,0.1000,0.1100,0.00,137451.00
KXNHL-26-FLA,1764738000,0.0900,0.0900,0.0900,0.0900,0.1100,0.1100,0.1000,0.1000,0.00,137451.00
KXNHL-26-FLA,1764741600,0.0900,0.0900,0.0900,0.0900,0.1000,0.1100,0.1000,0.1000,83.00,137451.00
KXNHL-26-FLA,1764745200,0.0900,0.0900,0.0900,0.0900,0.1000,0.1000,0.1000,0.1000,1750.00,137561.00
KXNHL-26-FLA,1764748800,0.0900,0.0900,0.0800,0.0800,0.1000,0.1000,0.1000,0.1000,0.00,137561.00
KXNHL-26-FLA,1764752400,0.0800,0.0900,0.0800,0.0800,0.1000,0.1100,0.1000,0.1000,0.00,137561.00
KXNHL-26-FLA,1764756000,0.0800,0.0900,0.0800,0.0900,0.1000,0.1000,0.1000,0.1000,0.00,137561.00
KXNHL-26-FLA,1764759600,0.0900,0.0900,0.0900,0.0900,0.1000,0.1000,0.1000,0.1000,0.00,137561.00
KXNHL-26-FLA,1764763200,0.0900,0.0900,0.0800,0.0800,0.1000,0.1000,0.1000,0.1000,0.00,137561.00
KXNHL-26-FLA,1764766800,0.0800,0.0900,0.0800,0.0900,0.1000,0.1000,0.1000,0.1000,0.00,137561.00
KXNHL-26-FLA,1764770400,0.0900,0.0900,0.0800,0.0900,0.1000,0.1000,0.1000,0.1000,0.00,137561.00
KXNHL-26-FLA,1764774000,0.0900,0.0900,0.0800,0.0900,0.1000,0.1000,0.1000,0.1000,0.00,137561.00
KXNHL-26-FLA,1764777600,0.0900,0.0900,0.0900,0.0900,0.1000,0.1000,0.1000,0.1000,0.00,137561.00
KXNHL-26-FLA,1764784800,0.0900,0.0900,0.0900,0.0900,0.1000,0.1000,0.1000,0.1000,0.00,137561.00
KXNHL-26-FLA,1764792000,0.0900,0.0900,0.0800,0.0900,0.1000,0.1000,0.1000,0.1000,0.00,137561.00
KXNHL-26-FLA,1764795600,0.0900,0.0900,0.0900,0.0900,0.1000,0.1000,0.1000,0.1000,547.00,138098.00
KXNHL-26-FLA,1764799200,0.0900,0.0900,0.0800,0.0900,0.1000,0.1000,0.1000,0.1000,0.00,138098.00
KXNHL-26-FLA,1764802800,0.0900,0.0900,0.0900,0.0900,0.1000,0.1000,0.1000,0.1000,0.00,138098.00
KXNHL-26-FLA,1764806400,0.0900,0.0900,0.0800,0.0900,0.1000,0.1000,0.1000,0.1000,47.00,138145.00
KXNHL-26-FLA,1764810000,0.0900,0.0900,0.0900,0.0900,0.1000,0.1000,0.1000,0.1000,0.00,138145.00
KXNHL-26-FLA,1764813600,0.0900,0.0900,0.0900,0.0900,0.1000,0.1000,0.1000,0.1000,0.00,138145.00
KXNHL-26-FLA,1764817200,0.0900,0.0900,0.0900,0.0900,0.1000,0.1000,0.1000,0.1000,0.00,138145.00
KXNHL-26-FLA,1764820800,0.0900,0.0900,0.0900,0.0900,0.1000,0.1000,0.1000,0.1000,0.00,138145.00
KXNHL-26-FLA,1764824400,0.0900,0.0900,0.0800,0.0800,0.1000,0.1000,0.1000,0.1000,0.00,138145.00
KXNHL-26-FLA,1764828000,0.0800,0.0900,0.0800,0.0900,0.1000,0.1000,0.1000,0.1000,0.00,138145.00
KXNHL-26-FLA,1764831600,0.0900,0.0900,0.0900,0.0900,0.1000,0.1000,0.1000,0.1000,0.00,138145.00
KXNHL-26-FLA,1764835200,0.0900,0.0900,0.0800,0.0800,0.1000,0.1000,0.1000,0.1000,0.00,138145.00
KXNHL-26-FLA,1764846000,0.0800,0.0900,0.0800,0.0900,0.1000,0.1000,0.1000,0.1000,0.00,138145.00
KXNHL-26-FLA,1764849600,0.0900,0.0900,0.0800,0.0800,0.1000,0.1000,0.1000,0.1000,0.00,138145.00
KXNHL-26-FLA,1764853200,0.0800,0.0900,0.0800,0.0900,0.1000,0.1000,0.1000,0.1000,0.00,138145.00
KXNHL-26-FLA,1764856800,0.0900,0.0900,0.0900,0.0900,0.1000,0.1000,0.1000,0.1000,90.00,138235.00
KXNHL-26-FLA,1764864000,0.0900,0.0900,0.0900,0.0900,0.1000,0.1000,0.1000,0.1000,0.00,138235.00
KXNHL-26-FLA,1764867600,0.0900,0.0900,0.0800,0.0900,0.1000,0.1000,0.1000,0.1000,0.00,138235.00
KXNHL-26-FLA,1764871200,0.0900,0.0900,0.0900,0.0900,0.1000,0.1000,0.1000,0.1000,0.00,138235.00
KXNHL-26-FLA,1764874800,0.0900,0.0900,0.0800,0.0900,0.1000,0.1000,0.1000,0.1000,0.00,138235.00
KXNHL-26-FLA,1764882000,0.0900,0.0900,0.0900,0.0900,0.1000,0.1000,0.1000,0.1000,0.00,138235.00
KXNHL-26-FLA,1764889200,0.0900,0.0900,0.0900,0.0900,0.1000,0.1000,0.1000,0.1000,2822.00,141057.00
KXNHL-26-FLA,1764892800,0.0900,0.0900,0.0900,0.0900,0.1000,0.1000,0.1000,0.1000,0.00,141057.00
KXNHL-26-FLA,1764900000,0.0900,0.0900,0.0900,0.0900,0.1000,0.1000,0.1000,0.1000,0.00,141057.00
KXNHL-26-FLA,1764903600,0.0900,0.0900,0.0900,0.0900,0.1000,0.1000,0.1000,0.1000,0.00,141057.00
KXNHL-26-FLA,1764907200,0.0900,0.0900,0.0900,0.0900,0.1000,0.1100,0.1000,0.1000,1000.00,141773.00
KXNHL-26-FLA,1764910800,0.0900,0.0900,0.0800,0.0800,0.1000,0.1000,0.1000,0.1000,126.00,141773.00
KXNHL-26-FLA,1764914400,0.0800,0.0900,0.0800,0.0900,0.1000,0.1000,0.1000,0.1000,0.00,141773.00
KXNHL-26-FLA,1764918000,0.0900,0.0900,0.0800,0.0800,0.1000,0.1000,0.1000,0.1000,0.00,141773.00
KXNHL-26-FLA,1764921600,0.0800,0.0900,0.0800,0.0800,0.1000,0.1000,0.1000,0.1000,0.00,141773.00
KXNHL-26-FLA,1764925200,0.0800,0.0800,0.0800,0.0800,0.1000,0.1000,0.1000,0.1000,0.00,141773.00
KXNHL-26-FLA,1764928800,0.0800,0.0800,0.0800,0.0800,0.1000,0.1000,0.1000,0.1000,0.00,141773.00
KXNHL-26-FLA,1764932400,0.0800,0.0800,0.0800,0.0800,0.1000,0.1000,0.1000,0.1000,0.00,141773.00
KXNHL-26-FLA,1764936000,0.0800,0.0800,0.0800,0.0800,0.1000,0.1000,0.1000,0.1000,0.00,141773.00
KXNHL-26-FLA,1764939600,0.0800,0.0900,0.0800,0.0800,0.1000,0.1000,0.1000,0.1000,0.00,141773.00
KXNHL-26-FLA,1764943200,0.0800,0.0900,0.0800,0.0900,0.1000,0.1000,0.1000,0.1000,0.00,141773.00
KXNHL-26-FLA,1764946800,0.0900,0.0900,0.0800,0.0800,0.1000,0.1100,0.0900,0.0900,0.00,141773.00
KXNHL-26-FLA,1764950400,0.0800,0.0800,0.0800,0.0800,0.0900,0.0900,0.0900,0.0900,0.00,141773.00
KXNHL-26-FLA,1764954000,0.0800,0.0800,0.0800,0.0800,0.0900,0.0900,0.0900,0.0900,0.00,141773.00
KXNHL-26-FLA,1764957600,0.0800,0.0800,0.0800,0.0800,0.0900,0.0900,0.0900,0.0900,100.00,141773.00
KXNHL-26-FLA,1764961200,0.0800,0.0800,0.0800,0.0800,0.0900,0.0900,0.0900,0.0900,0.00,141773.00
KXNHL-26-FLA,1764964800,0.0800,0.0800,0.0800,0.0800,0.0900,0.0900,0.0900,0.0900,1065.00,140908.00
KXNHL-26-FLA,1764968400,0.0800,0.0800,0.0800,0.0800,0.0900,0.0900,0.0900,0.0900,0.00,140908.00
KXNHL-26-FLA,1764972000,0.0800,0.0800,0.0800,0.0800,0.0900,0.0900,0.0900,0.0900,100.00,140808.00
KXNHL-26-FLA,1764975600,0.0800,0.0800,0.0800,0.0800,0.0900,0.0900,0.0900,0.0900,0.00,140808.00
KXNHL-26-FLA,1764982800,0.0800,0.0800,0.0800,0.0800,0.0900,0.0900,0.0900,0.0900,0.00,140808.00
KXNHL-26-FLA,1764986400,0.0800,0.0800,0.0800,0.0800,0.0900,0.0900,0.0900,0.0900,1.00,140808.00
KXNHL-26-FLA,1764990000,0.0800,0.0800,0.0800,0.0800,0.0900,0.0900,0.0900,0.0900,528.00,140286.00
KXNHL-26-FLA,1764993600,0.0800,0.0800,0.0800,0.0800,0.0900,0.0900,0.0900,0.0900,717.00,139569.00
KXNHL-26-FLA,1764997200,0.0800,0.0800,0.0700,0.0700,0.0900,0.0900,0.0900,0.0900,0.00,139569.00
KXNHL-26-FLA,1765000800,0.0700,0.0800,0.0700,0.0800,0.0900,0.0900,0.0900,0.0900,0.00,139569.00
KXNHL-26-FLA,1765004400,0.0800,0.0800,0.0800,0.0800,0.0900,0.0900,0.0900,0.0900,0.00,139569.00
KXNHL-26-FLA,1765008000,0.0800,0.0800,0.0800,0.0800,0.0900,0.0900,0.0900,0.0900,0.00,139569.00
KXNHL-26-FLA,1765011600,0.0800,0.0800,0.0700,0.0800,0.0900,0.0900,0.0900,0.0900,0.00,139569.00
KXNHL-26-FLA,1765015200,0.0800,0.0800,0.0800,0.0800,0.0900,0.0900,0.0900,0.0900,0.00,139569.00
KXNHL-26-FLA,1765022400,0.0800,0.0800,0.0700,0.0700,0.0900,0.0900,0.0900,0.0900,0.00,139569.00
KXNHL-26-FLA,1765026000,0.0700,0.0800,0.0700,0.0800,0.0900,0.0900,0.0900,0.0900,42.00,139527.00
KXNHL-26-FLA,1765029600,0.0800,0.0800,0.0800,0.0800,0.0900,0.0900,0.0900,0.0900,0.00,139527.00
KXNHL-26-FLA,1765033200,0.0800,0.0800,0.0800,0.0800,0.0900,0.0900,0.0900,0.0900,0.00,139527.00
KXNHL-26-FLA,1765036800,0.0800,0.0800,0.0800,0.0800,0.0900,0.0900,0.0900,0.0900,0.00,139527.00
KXNHL-26-FLA,1765040400,0.0800,0.0800,0.0800,0.0800,0.0900,0.0900,0.0900,0.0900,10.00,139537.00
KXNHL-26-FLA,1765044000,0.0800,0.0800,0.0800,0.0800,0.0900,0.0900,0.0900,0.0900,0.00,139537.00
KXNHL-26-FLA,1765047600,0.0800,0.0800,0.0800,0.0800,0.0900,0.0900,0.0900,0.0900,0.00,139537.00
KXNHL-26-FLA,1765051200,0.0800,0.0800,0.0800,0.0800,0.0900,0.0900,0.0900,0.0900,5.00,139542.00
KXNHL-26-FLA,1765054800,0.0800,0.0800,0.0800,0.0800,0.0900,0.0900,0.0900,0.0900,0.00,139542.00
KXNHL-26-FLA,1765058400,0.0800,0.0800,0.0700,0.0800,0.0900,0.0900,0.0900,0.0900,0.00,139542.00
KXNHL-26-FLA,1765062000,0.0800,0.0800,0.0800,0.0800,0.0900,0.0900,0.0900,0.0900,0.00,139542.00
KXNHL-26-FLA,1765065600,0.0800,0.0800,0.0700,0.0800,0.0900,0.0900,0.0900,0.0900,5.00,139542.00
KXNHL-26-FLA,1765069200,0.0800,0.0800,0.0800,0.0800,0.0900,0.0900,0.0900,0.0900,0.00,139542.00
KXNHL-26-FLA,1765072800,0.0800,0.0800,0.0800,0.0800,0.0900,0.0900,0.0900,0.0900,0.00,139542.00
KXNHL-26-FLA,1765076400,0.0800,0.0800,0.0800,0.0800,0.0900,0.0900,0.0900,0.0900,0.00,139542.00
KXNHL-26-FLA,1765080000,0.0800,0.0800,0.0800,0.0800,0.0900,0.0900,0.0900,0.0900,104.00,139646.00
KXNHL-26-FLA,1765083600,0.0800,0.0800,0.0700,0.0700,0.0900,0.0900,0.0900,0.0900,0.00,139646.00
KXNHL-26-FLA,1765087200,0.0700,0.0800,0.0700,0.0800,0.0900,0.0900,0.0900,0.0900,0.00,139646.00
KXNHL-26-FLA,1765090800,0.0800,0.0800,0.0800,0.0800,0.0900,0.0900,0.0900,0.0900,0.00,139646.00
KXNHL-26-FLA,1765094400,0.0800,0.0800,0.0800,0.0800,0.0900,0.0900,0.0900,0.0900,0.00,139646.00
KXNHL-26-FLA,1765098000,0.0800,0.0800,0.0700,0.0800,0.0900,0.0900,0.0900,0.0900,0.00,139646.00
KXNHL-26-FLA,1765105200,0.0800,0.0800,0.0800,0.0800,0.0900,0.0900,0.0900,0.0900,0.00,139646.00
KXNHL-26-FLA,1765108800,0.0800,0.0800,0.0700,0.0700,0.0900,0.0900,0.0900,0.0900,0.00,139646.00
KXNHL-26-FLA,1765112400,0.0700,0.0800,0.0700,0.0800,0.0900,0.0900,0.0900,0.0900,0.00,139646.00
KXNHL-26-FLA,1765119600,0.0800,0.0800,0.0800,0.0800,0.0900,0.0900,0.0900,0.0900,0.00,139646.00
KXNHL-26-FLA,1765126800,0.0800,0.0800,0.0800,0.0800,0.0900,0.0900,0.0900,0.0900,0.00,139646.00
KXNHL-26-FLA,1765134000,0.0800,0.0800,0.0800,0.0800,0.0900,0.0900,0.0900,0.0900,0.00,139646.00
KXNHL-26-FLA,1765137600,0.0800,0.0800,0.0800,0.0800,0.0900,0.0900,0.0900,0.0900,10.00,139646.00
KXNHL-26-FLA,1765141200,0.0800,0.0800,0.0800,0.0800,0.0900,0.0900,0.0900,0.0900,0.00,139646.00
KXNHL-26-FLA,1765144800,0.0800,0.0800,0.0800,0.0800,0.0900,0.0900,0.0900,0.0900,0.00,139646.00
KXNHL-26-FLA,1765148400,0.0800,0.0800,0.0800,0.0800,0.0900,0.0900,0.0900,0.0900,85.00,139561.00
KXNHL-26-FLA,1765152000,0.0800,0.0800,0.0700,0.0800,0.0900,0.0900,0.0900,0.0900,0.00,139561.00
KXNHL-26-FLA,1765155600,0.0800,0.0800,0.0800,0.0800,0.0900,0.0900,0.0900,0.0900,142.00,139703.00
KXNHL-26-FLA,1765159200,0.0800,0.0800,0.0800,0.0800,0.0900,0.0900,0.0900,0.0900,0.00,139703.00
KXNHL-26-FLA,1765162800,0.0800,0.0800,0.0800,0.0800,0.0900,0.0900,0.0900,0.0900,0.00,139703.00
KXNHL-26-FLA,1765166400,0.0800,0.0800,0.0800,0.0800,0.0900,0.0900,0.0900,0.0900,0.00,139703.00
KXNHL-26-FLA,1765170000,0.0800,0.0800,0.0700,0.0700,0.0900,0.0900,0.0900,0.0900,0.00,139703.00
KXNHL-26-FLA,1765173600,0.0700,0.0800,0.0700,0.0800,0.0900,0.0900,0.0900,0.0900,0.00,139703.00
KXNHL-26-FLA,1765177200,0.0800,0.0800,0.0800,0.0800,0.0900,0.0900,0.0900,0.0900,0.00,139703.00
KXNHL-26-FLA,1765180800,0.0800,0.0800,0.0800,0.0800,0.0900,0.0900,0.0900,0.0900,5.00,139708.00
KXNHL-26-FLA,1765184400,0.0800,0.0800,0.0700,0.0800,0.0900,0.0900,0.0900,0.0900,0.00,139708.00
KXNHL-26-FLA,1765188000,0.0800,0.0800,0.0800,0.0800,0.0900,0.0900,0.0900,0.0900,0.00,139708.00
KXNHL-26-FLA,1765191600,0.0800,0.0800,0.0700,0.0800,0.0900,0.0900,0.0900,0.0900,0.00,139708.00
KXNHL-26-FLA,1765195200,0.0800,0.0800,0.0700,0.0700,0.0900,0.0900,0.0900,0.0900,0.00,139708.00
KXNHL-26-FLA,1765198800,0.0700,0.0800,0.0700,0.0800,0.0900,0.0900,0.0900,0.0900,0.00,139708.00
KXNHL-26-FLA,1765202400,0.0800,0.0800,0.0700,0.0800,0.0900,0.0900,0.0900,0.0900,0.00,139708.00
KXNHL-26-FLA,1765206000,0.0800,0.0800,0.0700,0.0800,0.0900,0.0900,0.0900,0.0900,3.00,139711.00
KXNHL-26-FLA,1765209600,0.0800,0.0800,0.0700,0.0800,0.0900,0.0900,0.0900,0.0900,0.00,139711.00
KXNHL-26-FLA,1765216800,0.0800,0.0800,0.0700,0.0800,0.0900,0.0900,0.0900,0.0900,0.00,139711.00
KXNHL-26-FLA,1765220400,0.0800,0.0800,0.0800,0.0800,0.0900,0.0900,0.0900,0.0900,0.00,139711.00
KXNHL-26-FLA,1765224000,0.0800,0.0800,0.0700,0.0700,0.0900,0.0900,0.0900,0.0900,0.00,139711.00
KXNHL-26-FLA,1765227600,0.0700,0.0800,0.0700,0.0800,0.0900,0.0900,0.0900,0.0900,0.00,139711.00
KXNHL-26-FLA,1765231200,0.0800,0.0800,0.0800,0.0800,0.0900,0.0900,0.0900,0.0900,0.00,139711.00
KXNHL-26-FLA,1765234800,0.0800,0.0800,0.0700,0.0800,0.0900,0.0900,0.0900,0.0900,0.00,139711.00
KXNHL-26-FLA,1765238400,0.0800,0.0800,0.0800,0.0800,0.0900,0.0900,0.0900,0.0900,0.00,139711.00
KXNHL-26-FLA,1765242000,0.0800,0.0800,0.0800,0.0800,0.0900,0.0900,0.0900,0.0900,0.00,139711.00
KXNHL-26-FLA,1765245600,0.0800,0.0800,0.0800,0.0800,0.0900,0.0900,0.0900,0.0900,0.00,139711.00
KXNHL-26-FLA,1765249200,0.0800,0.0800,0.0800,0.0800,0.0900,0.0900,0.0900,0.0900,0.00,139711.00
KXNHL-26-FLA,1765252800,0.0800,0.0800,0.0800,0.0800,0.0900,0.0900,0.0900,0.0900,0.00,139711.00
KXNHL-26-FLA,1765256400,0.0800,0.0800,0.0700,0.0700,0.0900,0.0900,0.0900,0.0900,0.00,139711.00
KXNHL-26-FLA,1765260000,0.0700,0.0800,0.0700,0.0800,0.0900,0.0900,0.0900,0.0900,0.00,139711.00
KXNHL-26-FLA,1765263600,0.0800,0.0800,0.0700,0.0800,0.0900,0.0900,0.0900,0.0900,0.00,139711.00
KXNHL-26-FLA,1765267200,0.0800,0.0800,0.0700,0.0800,0.0900,0.0900,0.0900,0.0900,0.00,139711.00
KXNHL-26-FLA,1765270800,0.0800,0.0800,0.0700,0.0700,0.0900,0.0900,0.0900,0.0900,0.00,139711.00
KXNHL-26-FLA,1765274400,0.0700,0.0800,0.0700,0.0800,0.0900,0.0900,0.0900,0.0900,0.00,139711.00
KXNHL-26-FLA,1765278000,0.0800,0.0800,0.0700,0.0800,0.0900,0.0900,0.0900,0.0900,0.00,139711.00
KXNHL-26-FLA,1765281600,0.0800,0.0800,0.0700,0.0700,0.0900,0.0900,0.0900,0.0900,0.00,139711.00
KXNHL-26-FLA,1765285200,0.0700,0.0800,0.0700,0.0700,0.0900,0.0900,0.0900,0.0900,0.00,139711.00
KXNHL-26-FLA,1765288800,0.0700,0.0800,0.0700,0.0800,0.0900,0.0900,0.0900,0.0900,0.00,139711.00
KXNHL-26-FLA,1765292400,0.0800,0.0800,0.0800,0.0800,0.0900,0.0900,0.0900,0.0900,0.00,139711.00
KXNHL-26-FLA,1765296000,0.0800,0.0800,0.0700,0.0800,0.0900,0.0900,0.0900,0.0900,0.00,139711.00
KXNHL-26-FLA,1765299600,0.0800,0.0800,0.0800,0.0800,0.0900,0.0900,0.0900,0.0900,0.00,139711.00
KXNHL-26-FLA,1765303200,0.0800,0.0800,0.0800,0.0800,0.0900,0.0900,0.0900,0.0900,0.00,139711.00
KXNHL-26-FLA,1765306800,0.0800,0.0800,0.0800,0.0800,0.0900,0.0900,0.0900,0.0900,0.00,139711.00
KXNHL-26-FLA,1765310400,0.0800,0.0800,0.0800,0.0800,0.0900,0.0900,0.0900,0.0900,0.00,139711.00
KXNHL-26-FLA,1765314000,0.0800,0.0800,0.0800,0.0800,0.0900,0.0900,0.0900,0.0900,0.00,139711.00
KXNHL-26-FLA,1765317600,0.0800,0.0800,0.0800,0.0800,0.0900,0.0900,0.0900,0.0900,552.00,140163.00
KXNHL-26-FLA,1765321200,0.0800,0.0800,0.0800,0.0800,0.0900,0.0900,0.0900,0.0900,0.00,140163.00
KXNHL-26-FLA,1765324800,0.0800,0.0800,0.0800,0.0800,0.0900,0.0900,0.0900,0.0900,1000.00,139163.00
KXNHL-26-FLA,1765328400,0.0800,0.0800,0.0800,0.0800,0.0900,0.0900,0.0900,0.0900,0.00,139163.00
KXNHL-26-FLA,1765332000,0.0800,0.0800,0.0800,0.0800,0.0900,0.0900,0.0900,0.0900,0.00,139163.00
KXNHL-26-FLA,1765335600,0.0800,0.0800,0.0800,0.0800,0.0900,0.0900,0.0900,0.0900,0.00,139163.00
KXNHL-26-FLA,1765339200,0.0800,0.0800,0.0800,0.0800,0.0900,0.0900,0.0900,0.0900,0.00,139163.00
KXNHL-26-FLA,1765342800,0.0800,0.0800,0.0800,0.0800,0.0900,0.0900,0.0900,0.0900,0.00,139163.00
KXNHL-26-FLA,1765346400,0.0800,0.0800,0.0800,0.0800,0.0900,0.0900,0.0900,0.0900,0.00,139163.00
KXNHL-26-FLA,1765350000,0.0800,0.0800,0.0800,0.0800,0.0900,0.0900,0.0900,0.0900,0.00,139163.00
KXNHL-26-FLA,1765353600,0.0800,0.0800,0.0800,0.0800,0.0900,0.0900,0.0900,0.0900,0.00,139163.00
KXNHL-26-FLA,1765357200,0.0800,0.0800,0.0800,0.0800,0.0900,0.0900,0.0900,0.0900,0.00,139163.00
KXNHL-26-FLA,1765360800,0.0800,0.0800,0.0800,0.0800,0.0900,0.0900,0.0900,0.0900,0.00,139163.00
KXNHL-26-FLA,1765364400,0.0800,0.0800,0.0800,0.0800,0.0900,0.0900,0.0900,0.0900,0.00,139163.00
KXNHL-26-FLA,1765368000,0.0800,0.0800,0.0800,0.0800,0.0900,0.0900,0.0900,0.0900,0.00,139163.00
KXNHL-26-FLA,1765371600,0.0800,0.0800,0.0800,0.0800,0.0900,0.0900,0.0900,0.0900,0.00,139163.00
KXNHL-26-FLA,1765375200,0.0800,0.0800,0.0800,0.0800,0.0900,0.0900,0.0900,0.0900,0.00,139163.00
KXNHL-26-FLA,1765378800,0.0800,0.0800,0.0800,0.0800,0.0900,0.0900,0.0900,0.0900,0.00,139163.00
KXNHL-26-FLA,1765382400,0.0800,0.0800,0.0700,0.0800,0.0900,0.0900,0.0900,0.0900,3917.00,135347.00
KXNHL-26-FLA,1765386000,0.0800,0.0800,0.0800,0.0800,0.0900,0.0900,0.0900,0.0900,57.00,135390.00
KXNHL-26-FLA,1765389600,0.0800,0.0800,0.0800,0.0800,0.0900,0.0900,0.0900,0.0900,100.00,135490.00
KXNHL-26-FLA,1765393200,0.0800,0.0800,0.0700,0.0800,0.0900,0.0900,0.0900,0.0900,0.00,135490.00
KXNHL-26-FLA,1765396800,0.0800,0.0800,0.0800,0.0800,0.0900,0.0900,0.0900,0.0900,0.00,135490.00
KXNHL-26-FLA,1765400400,0.0800,0.0800,0.0800,0.0800,0.0900,0.0900,0.0900,0.0900,0.00,135490.00
KXNHL-26-FLA,1765404000,0.0800,0.0800,0.0800,0.0800,0.0900,0.0900,0.0900,0.0900,0.00,135490.00
KXNHL-26-FLA,1765407600,0.0800,0.0800,0.0800,0.0800,0.0900,0.0900,0.0900,0.0900,1.00,135491.00
KXNHL-26-FLA,1765411200,0.0800,0.0800,0.0800,0.0800,0.0900,0.0900,0.0900,0.0900,0.00,135491.00
KXNHL-26-FLA,1765414800,0.0800,0.0800,0.0800,0.0800,0.0900,0.0900,0.0900,0.0900,0.00,135491.00
KXNHL-26-FLA,1765418400,0.0800,0.0800,0.0800,0.0800,0.0900,0.0900,0.0900,0.0900,84.00,135407.00
KXNHL-26-FLA,1765422000,0.0800,0.0800,0.0800,0.0800,0.0900,0.0900,0.0900,0.0900,0.00,135407.00
KXNHL-26-FLA,1765425600,0.0800,0.0800,0.0800,0.0800,0.0900,0.0900,0.0900,0.0900,100.00,135307.00
KXNHL-26-FLA,1765429200,0.0800,0.0800,0.0700,0.0700,0.0900,0.0900,0.0900,0.0900,0.00,135307.00
KXNHL-26-FLA,1765432800,0.0700,0.0800,0.0700,0.0800,0.0900,0.0900,0.0900,0.0900,0.00,135307.00
KXNHL-26-FLA,1765436400,0.0800,0.0800,0.0700,0.0800,0.0900,0.0900,0.0900,0.0900,20.00,135327.00
KXNHL-26-FLA,1765440000,0.0800,0.0800,0.0700,0.0700,0.0900,0.0900,0.0900,0.0900,0.00,135327.00
KXNHL-26-FLA,1765443600,0.0700,0.0700,0.0700,0.0700,0.0900,0.0900,0.0900,0.0900,0.00,135327.00
KXNHL-26-FLA,1765450800,0.0700,0.0800,0.0700,0.0800,0.0900,0.0900,0.0900,0.0900,0.00,135327.00
KXNHL-26-FLA,1765454400,0.0800,0.0800,0.0700,0.0700,0.0900,0.0900,0.0900,0.0900,10.00,135337.00
KXNHL-26-FLA,1765458000,0.0700,0.0800,0.0700,0.0800,0.0900,0.0900,0.0900,0.0900,0.00,135337.00
KXNHL-26-FLA,1765461600,0.0800,0.0800,0.0700,0.0800,0.0900,0.0900,0.0900,0.0900,0.00,135337.00
KXNHL-26-FLA,1765465200,0.0800,0.0800,0.0800,0.0800,0.0900,0.0900,0.0900,0.0900,0.00,135337.00
KXNHL-26-FLA,1765468800,0.0800,0.0800,0.0800,0.0800,0.0900,0.0900,0.0900,0.0900,0.00,135337.00
KXNHL-26-FLA,1765472400,0.0800,0.0800,0.0800,0.0800,0.0900,0.0900,0.0900,0.0900,0.00,135337.00
KXNHL-26-FLA,1765476000,0.0800,0.0800,0.0800,0.0800,0.0900,0.0900,0.0900,0.0900,0.00,135337.00
KXNHL-26-FLA,1765479600,0.0800,0.0800,0.0800,0.0800,0.0900,0.0900,0.0900,0.0900,670.00,134667.00
KXNHL-26-FLA,1765483200,0.0800,0.0800,0.0800,0.0800,0.0900,0.0900,0.0900,0.0900,0.00,134667.00
KXNHL-26-FLA,1765486800,0.0800,0.0800,0.0800,0.0800,0.0900,0.0900,0.0900,0.0900,0.00,134667.00
KXNHL-26-FLA,1765490400,0.0800,0.0800,0.0800,0.0800,0.0900,0.0900,0.0900,0.0900,50.00,134617.00
KXNHL-26-FLA,1765494000,0.0800,0.0800,0.0800,0.0800,0.0900,0.0900,0.0900,0.0900,0.00,134617.00
KXNHL-26-FLA,1765497600,0.0800,0.0800,0.0800,0.0800,0.0900,0.0900,0.0900,0.0900,0.00,134617.00
KXNHL-26-FLA,1765501200,0.0800,0.0800,0.0800,0.0800,0.0900,0.0900,0.0900,0.0900,0.00,134617.00
KXNHL-26-FLA,1765504800,0.0800,0.0800,0.0800,0.0800,0.0900,0.0900,0.0900,0.0900,0.00,134617.00
KXNHL-26-FLA,1765508400,0.0800,0.0800,0.0800,0.0800,0.0900,0.0900,0.0900,0.0900,193.00,134424.00
KXNHL-26-FLA,1765512000,0.0800,0.0800,0.0800,0.0800,0.0900,0.0900,0.0900,0.0900,5.00,134419.00
KXNHL-26-FLA,1765515600,0.0800,0.0800,0.0800,0.0800,0.0900,0.0900,0.0900,0.0900,375.00,134044.00
KXNHL-26-FLA,1765519200,0.0800,0.0800,0.0800,0.0800,0.0900,0.0900,0.0900,0.0900,886.00,133158.00
KXNHL-26-FLA,1765522800,0.0800,0.0800,0.0800,0.0800,0.0900,0.0900,0.0900,0.0900,60.00,133098.00
KXNHL-26-FLA,1765526400,0.0800,0.0800,0.0800,0.0800,0.0900,0.0900,0.0900,0.0900,0.00,133098.00
KXNHL-26-FLA,1765530000,0.0800,0.0800,0.0700,0.0800,0.0900,0.0900,0.0900,0.0900,420.00,132678.00
KXNHL-26-FLA,1765533600,0.0800,0.0800,0.0700,0.0800,0.0900,0.0900,0.0900,0.0900,7.00,132671.00
KXNHL-26-FLA,1765537200,0.0800,0.0800,0.0700,0.0800,0.0900,0.0900,0.0900,0.0900,0.00,132671.00
KXNHL-26-FLA,1765540800,0.0800,0.0800,0.0700,0.0700,0.0900,0.0900,0.0900,0.0900,0.00,132671.00
KXNHL-26-FLA,1765544400,0.0700,0.0800,0.0700,0.0800,0.0900,0.0900,0.0900,0.0900,0.00,132671.00
KXNHL-26-FLA,1765548000,0.0800,0.0800,0.0700,0.0800,0.0900,0.0900,0.0800,0.0900,22.00,132689.00
KXNHL-26-FLA,1765551600,0.0800,0.0800,0.0700,0.0800,0.0900,0.0900,0.0900,0.0900,3613.00,129076.00
KXNHL-26-FLA,1765555200,0.0800,0.0800,0.0700,0.0800,0.0900,0.0900,0.0900,0.0900,94.00,129026.00
KXNHL-26-FLA,1765558800,0.0800,0.0800,0.0800,0.0800,0.0900,0.0900,0.0900,0.0900,0.00,129026.00
KXNHL-26-FLA,1765562400,0.0800,0.0800,0.0800,0.0800,0.0900,0.0900,0.0900,0.0900,208.00,129234.00
KXNHL-26-FLA,1765566000,0.0800,0.0800,0.0800,0.0800,0.0900,0.0900,0.0900,0.0900,0.00,129234.00
KXNHL-26-FLA,1765569600,0.0800,0.0800,0.0800,0.0800,0.0900,0.0900,0.0900,0.0900,522.00,129756.00
KXNHL-26-FLA,1765573200,0.0800,0.0800,0.0800,0.0800,0.0900,0.0900,0.0900,0.0900,0.00,129756.00
KXNHL-26-FLA,1765576800,0.0800,0.0800,0.0800,0.0800,0.0900,0.0900,0.0900,0.0900,0.00,129756.00
KXNHL-26-FLA,1765580400,0.0800,0.0800,0.0800,0.0800,0.0900,0.0900,0.0900,0.0900,0.00,129756.00
KXNHL-26-FLA,1765584000,0.0800,0.0800,0.0800,0.0800,0.0900,0.0900,0.0900,0.0900,0.00,129756.00
KXNHL-26-FLA,1765587600,0.0800,0.0800,0.0800,0.0800,0.0900,0.0900,0.0900,0.0900,20.00,129776.00
KXNHL-26-FLA,1765591200,0.0800,0.0800,0.0800,0.0800,0.0900,0.0900,0.0900,0.0900,100.00,129876.00
KXNHL-26-FLA,1765594800,0.0800,0.0800,0.0800,0.0800,0.0900,0.0900,0.0900,0.0900,0.00,129876.00
KXNHL-26-FLA,1765598400,0.0800,0.0800,0.0800,0.0800,0.0900,0.0900,0.0900,0.0900,0.00,129876.00
KXNHL-26-FLA,1765602000,0.0800,0.0800,0.0800,0.0800,0.0900,0.0900,0.0900,0.0900,0.00,129876.00
KXNHL-26-FLA,1765605600,0.0800,0.0800,0.0800,0.0800,0.0900,0.0900,0.0900,0.0900,208.00,130084.00
KXNHL-26-FLA,1765609200,0.0800,0.0800,0.0800,0.0800,0.0900,0.0900,0.0900,0.0900,0.00,130084.00
KXNHL-26-FLA,1765612800,0.0800,0.0800,0.0800,0.0800,0.0900,0.0900,0.0900,0.0900,10.00,130094.00
KXNHL-26-FLA,1765616400,0.0800,0.0800,0.0800,0.0800,0.0900,0.0900,0.0900,0.0900,0.00,130094.00
KXNHL-26-FLA,1765620000,0.0800,0.0800,0.0800,0.0800,0.0900,0.0900,0.0900,0.0900,0.00,130094.00
KXNHL-26-FLA,1765627200,0.0800,0.0800,0.0800,0.0800,0.0900,0.0900,0.0900,0.0900,0.00,130094.00
KXNHL-26-FLA,1765630800,0.0800,0.0800,0.0800,0.0800,0.0900,0.0900,0.0900,0.0900,208.00,130302.00
KXNHL-26-FLA,1765634400,0.0800,0.0800,0.0800,0.0800,0.0900,0.0900,0.0900,0.0900,0.00,130302.00
KXNHL-26-FLA,1765638000,0.0800,0.0800,0.0800,0.0800,0.0900,0.0900,0.0900,0.0900,0.00,130302.00
KXNHL-26-FLA,1765641600,0.0800,0.0800,0.0800,0.0800,0.0900,0.0900,0.0900,0.0900,0.00,130302.00
KXNHL-26-FLA,1765645200,0.0800,0.0800,0.0800,0.0800,0.0900,0.0900,0.0900,0.0900,550.00,129852.00
KXNHL-26-FLA,1765648800,0.0800,0.0800,0.0800,0.0800,0.0900,0.0900,0.0900,0.0900,522.00,130374.00
KXNHL-26-FLA,1765652400,0.0800,0.0800,0.0800,0.0800,0.0900,0.0900,0.0900,0.0900,0.00,130374.00
KXNHL-26-FLA,1765656000,0.0800,0.0800,0.0800,0.0800,0.0900,0.0900,0.0900,0.0900,0.00,130374.00
KXNHL-26-FLA,1765659600,0.0800,0.0800,0.0800,0.0800,0.0900,0.0900,0.0900,0.0900,0.00,130374.00
KXNHL-26-FLA,1765663200,0.0800,0.0800,0.0800,0.0800,0.0900,0.0900,0.0900,0.0900,0.00,130374.00
KXNHL-26-FLA,1765666800,0.0800,0.0800,0.0800,0.0800,0.0900,0.0900,0.0900,0.0900,0.00,130374.00
KXNHL-26-FLA,1765670400,0.0800,0.0800,0.0800,0.0800,0.0900,0.0900,0.0900,0.0900,0.00,130374.00
KXNHL-26-FLA,1765674000,0.0800,0.0800,0.0800,0.0800,0.0900,0.0900,0.0900,0.0900,0.00,130374.00
KXNHL-26-FLA,1765677600,0.0800,0.0800,0.0700,0.0800,0.0900,0.0900,0.0900,0.0900,0.00,130374.00
KXNHL-26-FLA,1765681200,0.0800,0.0800,0.0800,0.0800,0.0900,0.0900,0.0900,0.0900,0.00,130374.00
KXNHL-26-FLA,1765684800,0.0800,0.0800,0.0700,0.0800,0.0900,0.0900,0.0900,0.0900,0.00,130374.00
KXNHL-26-FLA,1765688400,0.0800,0.0800,0.0700,0.0800,0.0900,0.0900,0.0900,0.0900,0.00,130374.00
KXNHL-26-FLA,1765692000,0.0800,0.0800,0.0700,0.0700,0.0900,0.0900,0.0800,0.0800,0.00,130374.00
KXNHL-26-FLA,1765695600,0.0700,0.0700,0.0700,0.0700,0.0800,0.0800,0.0800,0.0800,0.00,130374.00
KXNHL-26-FLA,1765699200,0.0700,0.0700,0.0700,0.0700,0.0800,0.0800,0.0800,0.0800,0.00,130374.00
KXNHL-26-FLA,1765702800,0.0700,0.0800,0.0700,0.0800,0.0800,0.0900,0.0800,0.0900,76.00,130394.00
KXNHL-26-FLA,1765706400,0.0800,0.0800,0.0700,0.0800,0.0900,0.0900,0.0900,0.0900,0.00,130394.00
KXNHL-26-FLA,1765710000,0.0800,0.0800,0.0800,0.0800,0.0900,0.0900,0.0900,0.0900,0.00,130394.00
KXNHL-26-FLA,1765713600,0.0800,0.0800,0.0700,0.0700,0.0900,0.0900,0.0900,0.0900,0.00,130394.00
KXNHL-26-FLA,1765717200,0.0700,0.0800,0.0700,0.0800,0.0900,0.0900,0.0900,0.0900,0.00,130394.00
KXNHL-26-FLA,1765720800,0.0800,0.0800,0.0800,0.0800,0.0900,0.0900,0.0900,0.0900,0.00,130394.00
KXNHL-26-FLA,1765724400,0.0800,0.0800,0.0700,0.0800,0.0900,0.0900,0.0900,0.0900,0.00,130394.00
KXNHL-26-FLA,1765728000,0.0800,0.0800,0.0700,0.0800,0.0900,0.0900,0.0900,0.0900,0.00,130394.00
KXNHL-26-FLA,1765731600,0.0800,0.0800,0.0700,0.0800,0.0900,0.0900,0.0900,0.0900,11.00,130383.00
KXNHL-26-FLA,1765735200,0.0800,0.0800,0.0700,0.0800,0.0900,0.0900,0.0800,0.0900,385.00,130090.00
KXNHL-26-FLA,1765738800,0.0800,0.0800,0.0800,0.0800,0.0900,0.0900,0.0900,0.0900,0.00,130090.00
KXNHL-26-FLA,1765742400,0.0800,0.0800,0.0800,0.0800,0.0900,0.0900,0.0900,0.0900,208.00,129882.00
KXNHL-26-FLA,1765749600,0.0800,0.0800,0.0800,0.0800,0.0900,0.0900,0.0900,0.0900,9.00,129891.00
KXNHL-26-FLA,1765753200,0.0800,0.0800,0.0800,0.0800,0.0900,0.0900,0.0900,0.0900,0.00,129891.00
KXNHL-26-FLA,1765756800,0.0800,0.0800,0.0800,0.0800,0.0900,0.0900,0.0900,0.0900,0.00,129891.00
KXNHL-26-FLA,1765760400,0.0800,0.0800,0.0800,0.0800,0.0900,0.0900,0.0900,0.0900,0.00,129891.00
KXNHL-26-FLA,1765764000,0.0800,0.0800,0.0800,0.0800,0.0900,0.0900,0.0900,0.0900,52.00,129943.00
KXNHL-26-FLA,1765767600,0.0800,0.0800,0.0800,0.0800,0.0900,0.0900,0.0900,0.0900,0.00,129943.00
KXNHL-26-FLA,1765771200,0.0800,0.0800,0.0700,0.0800,0.0900,0.0900,0.0900,0.0900,0.00,129943.00
KXNHL-26-FLA,1765774800,0.0800,0.0800,0.0700,0.0700,0.0900,0.0900,0.0900,0.0900,10.00,129953.00
KXNHL-26-FLA,1765778400,0.0700,0.0800,0.0700,0.0800,0.0900,0.0900,0.0900,0.0900,0.00,129953.00
KXNHL-26-FLA,1765782000,0.0800,0.0800,0.0700,0.0800,0.0900,0.0900,0.0900,0.0900,0.00,129953.00
KXNHL-26-FLA,1765785600,0.0800,0.0800,0.0700,0.0800,0.0900,0.0900,0.0900,0.0900,0.00,129953.00
KXNHL-26-FLA,1765789200,0.0800,0.0800,0.0700,0.0800,0.0900,0.0900,0.0900,0.0900,0.00,129953.00
KXNHL-26-FLA,1765792800,0.0800,0.0800,0.0700,0.0800,0.0900,0.0900,0.0900,0.0900,0.00,129953.00
KXNHL-26-FLA,1765796400,0.0800,0.0800,0.0700,0.0800,0.0900,0.0900,0.0900,0.0900,0.00,129953.00
KXNHL-26-FLA,1765800000,0.0800,0.0800,0.0700,0.0800,0.0900,0.0900,0.0900,0.0900,0.00,129953.00
KXNHL-26-FLA,1765803600,0.0800,0.0800,0.0700,0.0800,0.0900,0.0900,0.0900,0.0900,0.00,129953.00
KXNHL-26-FLA,1765807200,0.0800,0.0800,0.0700,0.0800,0.0900,0.0900,0.0900,0.0900,0.00,129953.00
KXNHL-26-FLA,1765810800,0.0800,0.0800,0.0700,0.0800,0.0900,0.0900,0.0900,0.0900,0.00,129953.00
KXNHL-26-FLA,1765814400,0.0800,0.0800,0.0800,0.0800,0.0900,0.0900,0.0900,0.0900,0.00,129953.00
KXNHL-26-FLA,1765818000,0.0800,0.0800,0.0800,0.0800,0.0900,0.0900,0.0900,0.0900,0.00,129953.00
KXNHL-26-FLA,1765821600,0.0800,0.0800,0.0800,0.0800,0.0900,0.0900,0.0900,0.0900,31.00,129984.00
KXNHL-26-FLA,1765825200,0.0800,0.0800,0.0800,0.0800,0.0900,0.0900,0.0900,0.0900,0.00,129984.00
KXNHL-26-FLA,1765828800,0.0800,0.0800,0.0800,0.0800,0.0900,0.0900,0.0900,0.0900,0.00,129984.00
KXNHL-26-FLA,1765832400,0.0800,0.0800,0.0800,0.0800,0.0900,0.0900,0.0900,0.0900,52.00,130036.00
KXNHL-26-FLA,1765836000,0.0800,0.0800,0.0800,0.0800,0.0900,0.0900,0.0900,0.0900,0.00,130036.00
KXNHL-26-FLA,1765839600,0.0800,0.0800,0.0800,0.0800,0.0900,0.0900,0.0900,0.0900,0.00,130036.00
KXNHL-26-FLA,1765843200,0.0800,0.0800,0.0800,0.0800,0.0900,0.0900,0.0900,0.0900,0.00,130036.00
KXNHL-26-FLA,1765846800,0.0800,0.0800,0.0800,0.0800,0.0900,0.0900,0.0900,0.0900,650.00,130686.00
KXNHL-26-FLA,1765850400,0.0800,0.0800,0.0800,0.0800,0.0900,0.0900,0.0900,0.0900,0.00,130686.00
KXNHL-26-FLA,1765854000,0.0800,0.0800,0.0800,0.0800,0.0900,0.0900,0.0900,0.0900,0.00,130686.00
KXNHL-26-FLA,1765857600,0.0800,0.0800,0.0800,0.0800,0.0900,0.0900,0.0900,0.0900,10.00,130696.00
KXNHL-26-FLA,1765861200,0.0800,0.0800,0.0800,0.0800,0.0900,0.0900,0.0900,0.0900,0.00,130696.00
KXNHL-26-FLA,1765864800,0.0800,0.0800,0.0800,0.0800,0.0900,0.0900,0.0900,0.0900,0.00,130696.00
KXNHL-26-FLA,1765868400,0.0800,0.0800,0.0800,0.0800,0.0900,0.0900,0.0900,0.0900,0.00,130696.00
KXNHL-26-FLA,1765872000,0.0800,0.0800,0.0800,0.0800,0.0900,0.0900,0.0900,0.0900,0.00,130696.00
KXNHL-26-FLA,1765875600,0.0800,0.0800,0.0800,0.0800,0.0900,0.0900,0.0900,0.0900,0.00,130696.00
KXNHL-26-FLA,1765879200,0.0800,0.0800,0.0800,0.0800,0.0900,0.0900,0.0900,0.0900,0.00,130696.00
KXNHL-26-FLA,1765882800,0.0800,0.0800,0.0800,0.0800,0.0900,0.0900,0.0900,0.0900,0.00,130696.00
KXNHL-26-FLA,1765886400,0.0800,0.0800,0.0800,0.0800,0.0900,0.0900,0.0900,0.0900,0.00,130696.00
KXNHL-26-FLA,1765890000,0.0800,0.0800,0.0800,0.0800,0.0900,0.0900,0.0900,0.0900,0.00,130696.00
KXNHL-26-FLA,1765893600,0.0800,0.0800,0.0800,0.0800,0.0900,0.0900,0.0900,0.0900,0.00,130696.00
KXNHL-26-FLA,1765897200,0.0800,0.0800,0.0800,0.0800,0.0900,0.0900,0.0900,0.0900,0.00,130696.00
KXNHL-26-FLA,1765900800,0.0800,0.0800,0.0800,0.0800,0.0900,0.0900,0.0900,0.0900,25.00,130721.00
KXNHL-26-FLA,1765904400,0.0800,0.0800,0.0800,0.0800,0.0900,0.0900,0.0900,0.0900,0.00,130721.00
KXNHL-26-FLA,1765908000,0.0800,0.0800,0.0800,0.0800,0.0900,0.0900,0.0900,0.0900,0.00,130721.00
KXNHL-26-FLA,1765911600,0.0800,0.0800,0.0800,0.0800,0.0900,0.0900,0.0900,0.0900,0.00,130721.00
KXNHL-26-FLA,1765915200,0.0800,0.0800,0.0800,0.0800,0.0900,0.0900,0.0900,0.0900,0.00,130721.00
KXNHL-26-FLA,1765918800,0.0800,0.0800,0.0800,0.0800,0.0900,0.0900,0.0900,0.0900,0.00,130721.00
KXNHL-26-FLA,1765922400,0.0800,0.0800,0.0800,0.0800,0.0900,0.0900,0.0900,0.0900,0.00,130721.00
KXNHL-26-FLA,1765926000,0.0800,0.0800,0.0800,0.0800,0.0900,0.0900,0.0900,0.0900,0.00,130721.00
KXNHL-26-FLA,1765929600,0.0800,0.0800,0.0800,0.0800,0.0900,0.0900,0.0900,0.0900,0.00,130721.00
KXNHL-26-FLA,1765933200,0.0800,0.0800,0.0800,0.0800,0.0900,0.0900,0.0900,0.0900,0.00,130721.00
KXNHL-26-FLA,1765936800,0.0800,0.0800,0.0800,0.0800,0.0900,0.0900,0.0900,0.0900,0.00,130721.00
KXNHL-26-FLA,1765940400,0.0800,0.0800,0.0800,0.0800,0.0900,0.0900,0.0900,0.0900,0.00,130721.00
KXNHL-26-FLA,1765944000,0.0800,0.0800,0.0800,0.0800,0.0900,0.0900,0.0900,0.0900,0.00,130721.00
KXNHL-26-FLA,1765947600,0.0800,0.0800,0.0800,0.0800,0.0900,0.0900,0.0900,0.0900,0.00,130721.00
KXNHL-26-FLA,1765951200,0.0800,0.0800,0.0800,0.0800,0.0900,0.0900,0.0900,0.0900,0.00,130721.00
KXNHL-26-FLA,1765954800,0.0800,0.0800,0.0800,0.0800,0.0900,0.0900,0.0900,0.0900,0.00,130721.00
KXNHL-26-FLA,1765958400,0.0800,0.0800,0.0800,0.0800,0.0900,0.0900,0.0900,0.0900,0.00,130721.00
KXNHL-26-FLA,1765962000,0.0800,0.0800,0.0800,0.0800,0.0900,0.0900,0.0900,0.0900,0.00,130721.00
KXNHL-26-FLA,1765965600,0.0800,0.0800,0.0800,0.0800,0.0900,0.0900,0.0900,0.0900,0.00,130721.00
KXNHL-26-FLA,1765969200,0.0800,0.0800,0.0800,0.0800,0.0900,0.0900,0.0900,0.0900,0.00,130721.00
KXNHL-26-FLA,1765972800,0.0800,0.0800,0.0800,0.0800,0.0900,0.0900,0.0900,0.0900,0.00,130721.00
KXNHL-26-FLA,1765976400,0.0800,0.0800,0.0800,0.0800,0.0900,0.0900,0.0900,0.0900,0.00,130721.00
KXNHL-26-FLA,1765980000,0.0800,0.0800,0.0800,0.0800,0.0900,0.0900,0.0900,0.0900,0.00,130721.00
KXNHL-26-FLA,1765983600,0.0800,0.0800,0.0800,0.0800,0.0900,0.0900,0.0900,0.0900,0.00,130721.00
KXNHL-26-FLA,1765987200,0.0800,0.0800,0.0800,0.0800,0.0900,0.0900,0.0900,0.0900,0.00,130721.00
KXNHL-26-FLA,1765990800,0.0800,0.0800,0.0800,0.0800,0.0900,0.0900,0.0900,0.0900,0.00,130721.00
KXNHL-26-FLA,1765994400,0.0800,0.0800,0.0800,0.0800,0.0900,0.0900,0.0900,0.0900,0.00,130721.00
KXNHL-26-FLA,1765998000,0.0800,0.0800,0.0800,0.0800,0.0900,0.0900,0.0900,0.0900,417.00,131138.00
KXNHL-26-FLA,1766001600,0.0800,0.0800,0.0800,0.0800,0.0900,0.0900,0.0900,0.0900,0.00,131138.00
KXNHL-26-FLA,1766005200,0.0800,0.0800,0.0800,0.0800,0.0900,0.0900,0.0900,0.0900,20.00,131158.00
KXNHL-26-FLA,1766008800,0.0800,0.0800,0.0800,0.0800,0.0900,0.0900,0.0900,0.0900,35.00,131193.00
KXNHL-26-FLA,1766012400,0.0800,0.0800,0.0800,0.0800,0.0900,0.0900,0.0900,0.0900,0.00,131193.00
KXNHL-26-FLA,1766016000,0.0800,0.0800,0.0800,0.0800,0.0900,0.0900,0.0900,0.0900,0.00,131193.00
KXNHL-26-FLA,1766019600,0.0800,0.0800,0.0800,0.0800,0.0900,0.0900,0.0900,0.0900,541.00,131734.00
KXNHL-26-FLA,1766023200,0.0800,0.0800,0.0800,0.0800,0.0900,0.0900,0.0900,0.0900,10.00,131744.00
KXNHL-26-FLA,1766026800,0.0800,0.0800,0.0800,0.0800,0.0900,0.0900,0.0900,0.0900,0.00,131744.00
KXNHL-26-FLA,1766030400,0.0800,0.0800,0.0800,0.0800,0.0900,0.0900,0.0900,0.0900,0.00,131744.00
KXNHL-26-FLA,1766034000,0.0800,0.0800,0.0800,0.0800,0.0900,0.0900,0.0900,0.0900,0.00,131744.00
KXNHL-26-FLA,1766037600,0.0800,0.0800,0.0800,0.0800,0.0900,0.0900,0.0900,0.0900,0.00,131744.00
KXNHL-26-FLA,1766041200,0.0800,0.0800,0.0800,0.0800,0.0900,0.0900,0.0900,0.0900,0.00,131744.00
KXNHL-26-FLA,1766044800,0.0800,0.0800,0.0800,0.0800,0.0900,0.0900,0.0900,0.0900,0.00,131744.00
KXNHL-26-FLA,1766048400,0.0800,0.0800,0.0800,0.0800,0.0900,0.0900,0.0900,0.0900,0.00,131744.00
KXNHL-26-FLA,1766055600,0.0800,0.0800,0.0800,0.0800,0.0900,0.0900,0.0900,0.0900,8.00,131736.00
KXNHL-26-FLA,1766059200,0.0800,0.0800,0.0800,0.0800,0.0900,0.0900,0.0900,0.0900,0.00,131736.00
KXNHL-26-FLA,1766062800,0.0800,0.0800,0.0800,0.0800,0.0900,0.0900,0.0900,0.0900,0.00,131736.00
KXNHL-26-FLA,1766066400,0.0800,0.0800,0.0800,0.0800,0.0900,0.0900,0.0900,0.0900,0.00,131736.00
KXNHL-26-FLA,1766070000,0.0800,0.0800,0.0800,0.0800,0.0900,0.0900,0.0900,0.0900,0.00,131736.00
KXNHL-26-FLA,1766073600,0.0800,0.0800,0.0800,0.0800,0.0900,0.0900,0.0900,0.0900,0.00,131736.00
KXNHL-26-FLA,1766077200,0.0800,0.0800,0.0800,0.0800,0.0900,0.0900,0.0900,0.0900,100.00,131836.00
KXNHL-26-FLA,1766080800,0.0800,0.0800,0.0800,0.0800,0.0900,0.0900,0.0900,0.0900,500.00,131336.00
KXNHL-26-FLA,1766084400,0.0800,0.0800,0.0800,0.0800,0.0900,0.0900,0.0900,0.0900,0.00,131336.00
KXNHL-26-FLA,1766088000,0.0800,0.0800,0.0800,0.0800,0.0900,0.0900,0.0900,0.0900,0.00,131336.00
KXNHL-26-FLA,1766091600,0.0800,0.0800,0.0800,0.0800,0.0900,0.0900,0.0900,0.0900,0.00,131336.00
KXNHL-26-FLA,1766095200,0.0800,0.0800,0.0800,0.0800,0.0900,0.0900,0.0900,0.0900,52.00,131388.00
KXNHL-26-FLA,1766098800,0.0800,0.0800,0.0800,0.0800,0.0900,0.0900,0.0900,0.0900,261.00,131649.00
KXNHL-26-FLA,1766102400,0.0800,0.0800,0.0800,0.0800,0.0900,0.0900,0.0900,0.0900,0.00,131649.00
KXNHL-26-FLA,1766106000,0.0800,0.0800,0.0800,0.0800,0.0900,0.0900,0.0900,0.0900,427.00,131222.00
KXNHL-26-FLA,1766109600,0.0800,0.0800,0.0800,0.0800,0.0900,0.0900,0.0900,0.0900,0.00,131222.00
KXNHL-26-FLA,1766113200,0.0800,0.0800,0.0700,0.0800,0.0900,0.0900,0.0900,0.0900,0.00,131222.00
KXNHL-26-FLA,1766116800,0.0800,0.0800,0.0700,0.0800,0.0900,0.0900,0.0900,0.0900,0.00,131222.00
KXNHL-26-FLA,1766120400,0.0800,0.0800,0.0700,0.0800,0.0900,0.0900,0.0900,0.0900,0.00,131222.00
KXNHL-26-FLA,1766124000,0.0800,0.0800,0.0800,0.0800,0.0900,0.0900,0.0900,0.0900,0.00,131222.00
KXNHL-26-FLA,1766127600,0.0800,0.0800,0.0800,0.0800,0.0900,0.0900,0.0900,0.0900,0.00,131222.00
KXNHL-26-FLA,1766131200,0.0800,0.0800,0.0800,0.0800,0.0900,0.0900,0.0900,0.0900,0.00,131222.00
KXNHL-26-FLA,1766134800,0.0800,0.0800,0.0800,0.0800,0.0900,0.0900,0.0900,0.0900,0.00,131222.00
KXNHL-26-FLA,1766138400,0.0800,0.0800,0.0800,0.0800,0.0900,0.0900,0.0900,0.0900,0.00,131222.00
KXNHL-26-FLA,1766142000,0.0800,0.0800,0.0800,0.0800,0.0900,0.0900,0.0900,0.0900,0.00,131222.00
KXNHL-26-FLA,1766145600,0.0800,0.0800,0.0800,0.0800,0.0900,0.0900,0.0900,0.0900,111.00,131333.00
KXNHL-26-FLA,1766149200,0.0800,0.0800,0.0800,0.0800,0.0900,0.0900,0.0900,0.0900,0.00,131333.00
KXNHL-26-FLA,1766152800,0.0800,0.0800,0.0800,0.0800,0.0900,0.0900,0.0900,0.0900,0.00,131333.00
KXNHL-26-FLA,1766156400,0.0800,0.0800,0.0800,0.0800,0.0900,0.0900,0.0900,0.0900,0.00,131333.00
KXNHL-26-FLA,1766160000,0.0800,0.0800,0.0800,0.0800,0.0900,0.0900,0.0900,0.0900,0.00,131333.00
KXNHL-26-FLA,1766163600,0.0800,0.0800,0.0800,0.0800,0.0900,0.0900,0.0900,0.0900,0.00,131333.00
KXNHL-26-FLA,1766167200,0.0800,0.0800,0.0800,0.0800,0.0900,0.0900,0.0900,0.0900,10.00,131343.00
KXNHL-26-FLA,1766170800,0.0800,0.0800,0.0800,0.0800,0.0900,0.0900,0.0900,0.0900,0.00,131343.00
KXNHL-26-FLA,1766174400,0.0800,0.0800,0.0800,0.0800,0.0900,0.0900,0.0900,0.0900,0.00,131343.00
KXNHL-26-FLA,1766178000,0.0800,0.0800,0.0800,0.0800,0.0900,0.0900,0.0900,0.0900,52.00,131395.00
KXNHL-26-FLA,1766181600,0.0800,0.0800,0.0800,0.0800,0.0900,0.0900,0.0900,0.0900,150.00,131545.00
KXNHL-26-FLA,1766185200,0.0800,0.0800,0.0800,0.0800,0.0900,0.0900,0.0900,0.0900,50.00,131595.00
KXNHL-26-FLA,1766188800,0.0800,0.0800,0.0800,0.0800,0.0900,0.0900,0.0900,0.0900,0.00,131595.00
KXNHL-26-FLA,1766192400,0.0800,0.0800,0.0800,0.0800,0.0900,0.0900,0.0900,0.0900,0.00,131595.00
KXNHL-26-FLA,1766196000,0.0800,0.0800,0.0800,0.0800,0.0900,0.0900,0.0900,0.0900,0.00,131595.00
KXNHL-26-FLA,1766199600,0.0800,0.0800,0.0800,0.0800,0.0900,0.0900,0.0900,0.0900,0.00,131595.00
KXNHL-26-FLA,1766203200,0.0800,0.0800,0.0800,0.0800,0.0900,0.0900,0.0900,0.0900,261.00,131856.00
KXNHL-26-FLA,1766206800,0.0800,0.0800,0.0800,0.0800,0.0900,0.0900,0.0900,0.0900,0.00,131856.00
KXNHL-26-FLA,1766210400,0.0800,0.0800,0.0800,0.0800,0.0900,0.0900,0.0900,0.0900,208.00,131856.00
KXNHL-26-FLA,1766214000,0.0800,0.0800,0.0800,0.0800,0.0900,0.0900,0.0900,0.0900,0.00,131856.00
KXNHL-26-FLA,1766217600,0.0800,0.0800,0.0800,0.0800,0.0900,0.0900,0.0900,0.0900,20.00,131876.00
KXNHL-26-FLA,1766221200,0.0800,0.0800,0.0800,0.0800,0.0900,0.0900,0.0900,0.0900,0.00,131876.00
KXNHL-26-FLA,1766224800,0.0800,0.0800,0.0800,0.0800,0.0900,0.0900,0.0900,0.0900,0.00,131876.00
KXNHL-26-FLA,1766228400,0.0800,0.0800,0.0800,0.0800,0.0900,0.0900,0.0900,0.0900,0.00,131876.00
KXNHL-26-FLA,1766232000,0.0800,0.0800,0.0800,0.0800,0.0900,0.0900,0.0900,0.0900,0.00,131876.00
KXNHL-26-FLA,1766235600,0.0800,0.0800,0.0800,0.0800,0.0900,0.0900,0.0900,0.0900,0.00,131876.00
KXNHL-26-FLA,1766239200,0.0800,0.0800,0.0800,0.0800,0.0900,0.0900,0.0900,0.0900,0.00,131876.00
KXNHL-26-FLA,1766242800,0.0800,0.0800,0.0800,0.0800,0.0900,0.0900,0.0900,0.0900,52.00,131928.00
KXNHL-26-FLA,1766246400,0.0800,0.0800,0.0800,0.0800,0.0900,0.0900,0.0900,0.0900,2727.00,134655.00
KXNHL-26-FLA,1766250000,0.0800,0.0800,0.0800,0.0800,0.0900,0.0900,0.0900,0.0900,20.00,134675.00
KXNHL-26-FLA,1766253600,0.0800,0.0800,0.0800,0.0800,0.0900,0.0900,0.0900,0.0900,0.00,134675.00
KXNHL-26-FLA,1766257200,0.0800,0.0800,0.0800,0.0800,0.0900,0.0900,0.0900,0.0900,600.00,135275.00
KXNHL-26-FLA,1766260800,0.0800,0.0800,0.0800,0.0800,0.0900,0.0900,0.0900,0.0900,90.00,135365.00
KXNHL-26-FLA,1766264400,0.0800,0.0800,0.0800,0.0800,0.0900,0.0900,0.0900,0.0900,261.00,135626.00
KXNHL-26-FLA,1766268000,0.0800,0.0800,0.0800,0.0800,0.0900,0.0900,0.0900,0.0900,0.00,135626.00
KXNHL-26-FLA,1766271600,0.0800,0.0800,0.0800,0.0800,0.0900,0.0900,0.0900,0.0900,0.00,135626.00
KXNHL-26-FLA,1766275200,0.0800,0.0800,0.0800,0.0800,0.0900,0.0900,0.0900,0.0900,0.00,135626.00
KXNHL-26-FLA,1766278800,0.0800,0.0800,0.0800,0.0800,0.0900,0.0900,0.0900,0.0900,0.00,135626.00
KXNHL-26-FLA,1766282400,0.0800,0.0800,0.0800,0.0800,0.0900,0.0900,0.0900,0.0900,206.00,135832.00
KXNHL-26-FLA,1766286000,0.0800,0.0800,0.0800,0.0800,0.0900,0.0900,0.0900,0.0900,20.00,135852.00
KXNHL-26-FLA,1766289600,0.0800,0.0800,0.0800,0.0800,0.0900,0.0900,0.0900,0.0900,166.00,136018.00
KXNHL-26-FLA,1766293200,0.0800,0.0800,0.0800,0.0800,0.0900,0.0900,0.0900,0.0900,0.00,136018.00
KXNHL-26-FLA,1766296800,0.0800,0.0800,0.0800,0.0800,0.0900,0.0900,0.0900,0.0900,10.00,136028.00
KXNHL-26-FLA,1766300400,0.0800,0.0800,0.0800,0.0800,0.0900,0.0900,0.0900,0.0900,0.00,136028.00
KXNHL-26-FLA,1766304000,0.0800,0.0800,0.0800,0.0800,0.0900,0.0900,0.0900,0.0900,0.00,136028.00
KXNHL-26-FLA,1766307600,0.0800,0.0800,0.0800,0.0800,0.0900,0.0900,0.0900,0.0900,0.00,136028.00
KXNHL-26-FLA,1766311200,0.0800,0.0800,0.0800,0.0800,0.0900,0.0900,0.0900,0.0900,0.00,136028.00
KXNHL-26-FLA,1766314800,0.0800,0.0800,0.0800,0.0800,0.0900,0.0900,0.0900,0.0900,0.00,136028.00
KXNHL-26-FLA,1766318400,0.0800,0.0800,0.0800,0.0800,0.0900,0.0900,0.0900,0.0900,0.00,136028.00
KXNHL-26-FLA,1766322000,0.0800,0.0800,0.0800,0.0800,0.0900,0.0900,0.0900,0.0900,0.00,136028.00
KXNHL-26-FLA,1766325600,0.0800,0.0800,0.0800,0.0800,0.0900,0.0900,0.0900,0.0900,0.00,136028.00
KXNHL-26-FLA,1766329200,0.0800,0.0800,0.0800,0.0800,0.0900,0.0900,0.0900,0.0900,1044.00,137072.00
KXNHL-26-FLA,1766332800,0.0800,0.0800,0.0800,0.0800,0.0900,0.0900,0.0900,0.0900,0.00,137072.00
KXNHL-26-FLA,1766336400,0.0800,0.0800,0.0800,0.0800,0.0900,0.0900,0.0900,0.0900,0.00,137072.00
KXNHL-26-FLA,1766340000,0.0800,0.0800,0.0800,0.0800,0.0900,0.0900,0.0900,0.0900,490.00,137562.00
KXNHL-26-FLA,1766343600,0.0800,0.0800,0.0800,0.0800,0.0900,0.0900,0.0900,0.0900,8.00,137554.00
KXNHL-26-FLA,1766347200,0.0800,0.0800,0.0800,0.0800,0.0900,0.0900,0.0900,0.0900,0.00,137554.00
KXNHL-26-FLA,1766350800,0.0800,0.0800,0.0800,0.0800,0.0900,0.0900,0.0900,0.0900,0.00,137554.00
KXNHL-26-FLA,1766354400,0.0800,0.0800,0.0800,0.0800,0.0900,0.0900,0.0900,0.0900,0.00,137554.00
KXNHL-26-FLA,1766358000,0.0800,0.0800,0.0800,0.0800,0.0900,0.0900,0.0900,0.0900,0.00,137554.00
KXNHL-26-FLA,1766361600,0.0800,0.0800,0.0800,0.0800,0.0900,0.0900,0.0900,0.0900,0.00,137554.00
KXNHL-26-FLA,1766365200,0.0800,0.0800,0.0800,0.0800,0.0900,0.0900,0.0900,0.0900,0.00,137554.00
KXNHL-26-FLA,1766368800,0.0800,0.0800,0.0800,0.0800,0.0900,0.0900,0.0900,0.0900,312.00,137866.00
KXNHL-26-FLA,1766372400,0.0800,0.0800,0.0800,0.0800,0.0900,0.0900,0.0900,0.0900,0.00,137866.00
KXNHL-26-FLA,1766376000,0.0800,0.0800,0.0800,0.0800,0.0900,0.0900,0.0900,0.0900,0.00,137866.00
KXNHL-26-FLA,1766379600,0.0800,0.0800,0.0800,0.0800,0.0900,0.0900,0.0900,0.0900,0.00,137866.00
KXNHL-26-FLA,1766383200,0.0800,0.0800,0.0800,0.0800,0.0900,0.0900,0.0900,0.0900,100.00,137966.00
KXNHL-26-FLA,1766386800,0.0800,0.0800,0.0800,0.0800,0.0900,0.0900,0.0900,0.0900,0.00,137966.00
KXNHL-26-FLA,1766390400,0.0800,0.0800,0.0800,0.0800,0.0900,0.0900,0.0900,0.0900,0.00,137966.00
KXNHL-26-FLA,1766394000,0.0800,0.0800,0.0800,0.0800,0.0900,0.0900,0.0900,0.0900,0.00,137966.00
KXNHL-26-FLA,1766397600,0.0800,0.0800,0.0800,0.0800,0.0900,0.0900,0.0900,0.0900,0.00,137966.00
KXNHL-26-FLA,1766401200,0.0800,0.0800,0.0800,0.0800,0.0900,0.0900,0.0900,0.0900,0.00,137966.00
KXNHL-26-FLA,1766404800,0.0800,0.0800,0.0800,0.0800,0.0900,0.0900,0.0900,0.0900,181.00,138147.00
KXNHL-26-FLA,1766408400,0.0800,0.0800,0.0800,0.0800,0.0900,0.0900,0.0900,0.0900,0.00,138147.00
KXNHL-26-FLA,1766412000,0.0800,0.0800,0.0800,0.0800,0.0900,0.0900,0.0900,0.0900,208.00,138355.00
KXNHL-26-FLA,1766415600,0.0800,0.0800,0.0800,0.0800,0.0900,0.0900,0.0900,0.0900,100.00,138455.00
KXNHL-26-FLA,1766419200,0.0800,0.0800,0.0800,0.0800,0.0900,0.0900,0.0900,0.0900,0.00,138455.00
KXNHL-26-FLA,1766422800,0.0800,0.0800,0.0800,0.0800,0.0900,0.0900,0.0900,0.0900,0.00,138455.00
KXNHL-26-FLA,1766426400,0.0800,0.0800,0.0800,0.0800,0.0900,0.0900,0.0900,0.0900,0.00,138455.00
KXNHL-26-FLA,1766430000,0.0800,0.0800,0.0800,0.0800,0.0900,0.0900,0.0900,0.0900,0.00,138455.00
KXNHL-26-FLA,1766433600,0.0800,0.0800,0.0800,0.0800,0.0900,0.0900,0.0900,0.0900,0.00,138455.00
KXNHL-26-FLA,1766437200,0.0800,0.0800,0.0800,0.0800,0.0900,0.0900,0.0900,0.0900,52.00,138507.00
KXNHL-26-FLA,1766444400,0.0800,0.0800,0.0800,0.0800,0.0900,0.0900,0.0900,0.0900,0.00,138507.00
KXNHL-26-FLA,1766448000,0.0800,0.0800,0.0800,0.0800,0.0900,0.0900,0.0900,0.0900,20.00,138487.00
KXNHL-26-FLA,1766451600,0.0800,0.0800,0.0800,0.0800,0.0900,0.0900,0.0900,0.0900,0.00,138487.00
KXNHL-26-FLA,1766455200,0.0800,0.0800,0.0800,0.0800,0.0900,0.0900,0.0900,0.0900,0.00,138487.00
KXNHL-26-FLA,1766458800,0.0800,0.0800,0.0800,0.0800,0.0900,0.0900,0.0900,0.0900,10.00,138497.00
KXNHL-26-FLA,1766462400,0.0800,0.0800,0.0800,0.0800,0.0900,0.0900,0.0900,0.0900,0.00,138497.00
KXNHL-26-FLA,1766466000,0.0800,0.0800,0.0800,0.0800,0.0900,0.0900,0.0900,0.0900,0.00,138497.00
KXNHL-26-FLA,1766469600,0.0800,0.0800,0.0800,0.0800,0.0900,0.0900,0.0900,0.0900,0.00,138497.00
KXNHL-26-FLA,1766473200,0.0800,0.0800,0.0800,0.0800,0.0900,0.0900,0.0900,0.0900,0.00,138497.00
KXNHL-26-FLA,1766476800,0.0800,0.0800,0.0800,0.0800,0.0900,0.0900,0.0900,0.0900,0.00,138497.00
KXNHL-26-FLA,1766480400,0.0800,0.0800,0.0800,0.0800,0.0900,0.0900,0.0900,0.0900,0.00,138497.00
KXNHL-26-FLA,1766484000,0.0800,0.0800,0.0800,0.0800,0.0900,0.0900,0.0900,0.0900,0.00,138497.00
KXNHL-26-FLA,1766491200,0.0800,0.0800,0.0800,0.0800,0.0900,0.0900,0.0900,0.0900,0.00,138497.00
KXNHL-26-FLA,1766494800,0.0800,0.0800,0.0800,0.0800,0.0900,0.0900,0.0900,0.0900,0.00,138497.00
KXNHL-26-FLA,1766498400,0.0800,0.0800,0.0800,0.0800,0.0900,0.0900,0.0900,0.0900,0.00,138497.00
KXNHL-26-FLA,1766502000,0.0800,0.0800,0.0800,0.0800,0.0900,0.0900,0.0900,0.0900,0.00,138497.00
KXNHL-26-FLA,1766505600,0.0800,0.0800,0.0800,0.0800,0.0900,0.0900,0.0900,0.0900,900.00,139397.00
KXNHL-26-FLA,1766509200,0.0800,0.0800,0.0800,0.0800,0.0900,0.0900,0.0900,0.0900,0.00,139397.00
KXNHL-26-FLA,1766512800,0.0800,0.0800,0.0800,0.0800,0.0900,0.0900,0.0900,0.0900,88.00,139485.00
KXNHL-26-FLA,1766516400,0.0800,0.0800,0.0800,0.0800,0.0900,0.0900,0.0900,0.0900,104.00,139589.00
KXNHL-26-FLA,1766520000,0.0800,0.0800,0.0800,0.0800,0.0900,0.0900,0.0900,0.0900,100.00,139689.00
KXNHL-26-FLA,1766523600,0.0800,0.0800,0.0800,0.0800,0.0900,0.0900,0.0900,0.0900,0.00,139689.00
KXNHL-26-FLA,1766527200,0.0800,0.0800,0.0800,0.0800,0.0900,0.0900,0.0900,0.0900,681.00,140370.00
KXNHL-26-FLA,1766534400,0.0800,0.0800,0.0800,0.0800,0.0900,0.0900,0.0900,0.0900,861.00,140518.00
KXNHL-26-FLA,1766538000,0.0800,0.0800,0.0800,0.0800,0.0900,0.0900,0.0900,0.0900,0.00,140518.00
KXNHL-26-FLA,1766541600,0.0800,0.0800,0.0800,0.0800,0.0900,0.0900,0.0900,0.0900,0.00,140518.00
KXNHL-26-FLA,1766545200,0.0800,0.0800,0.0800,0.0800,0.0900,0.0900,0.0900,0.0900,0.00,140518.00
KXNHL-26-FLA,1766548800,0.0800,0.0800,0.0800,0.0800,0.0900,0.0900,0.0900,0.0900,0.00,140518.00
KXNHL-26-FLA,1766552400,0.0800,0.0800,0.0800,0.0800,0.0900,0.0900,0.0900,0.0900,1.00,140519.00
KXNHL-26-FLA,1766556000,0.0800,0.0800,0.0800,0.0800,0.0900,0.0900,0.0900,0.0900,0.00,140519.00
KXNHL-26-FLA,1766559600,0.0800,0.0800,0.0800,0.0800,0.0900,0.0900,0.0900,0.0900,0.00,140519.00
KXNHL-26-FLA,1766563200,0.0800,0.0800,0.0800,0.0800,0.0900,0.0900,0.0900,0.0900,0.00,140519.00
KXNHL-26-FLA,1766566800,0.0800,0.0800,0.0800,0.0800,0.0900,0.0900,0.0900,0.0900,0.00,140519.00
KXNHL-26-FLA,1766577600,0.0800,0.0800,0.0800,0.0800,0.0900,0.0900,0.0900,0.0900,0.00,140519.00
KXNHL-26-FLA,1766581200,0.0800,0.0800,0.0800,0.0800,0.0900,0.0900,0.0900,0.0900,0.00,140519.00
KXNHL-26-FLA,1766588400,0.0800,0.0800,0.0800,0.0800,0.0900,0.0900,0.0900,0.0900,0.00,140519.00
KXNHL-26-FLA,1766592000,0.0800,0.0800,0.0800,0.0800,0.0900,0.0900,0.0900,0.0900,0.00,140519.00
KXNHL-26-FLA,1766595600,0.0800,0.0800,0.0800,0.0800,0.0900,0.0900,0.0900,0.0900,1049.00,141468.00
KXNHL-26-FLA,1766599200,0.0800,0.0800,0.0800,0.0800,0.0900,0.0900,0.0900,0.0900,0.00,141468.00
KXNHL-26-FLA,1766602800,0.0800,0.0800,0.0800,0.0800,0.0900,0.0900,0.0900,0.0900,59.00,141527.00
KXNHL-26-FLA,1766606400,0.0800,0.0800,0.0800,0.0800,0.0900,0.0900,0.0900,0.0900,9.00,141536.00
KXNHL-26-FLA,1766610000,0.0800,0.0800,0.0800,0.0800,0.0900,0.0900,0.0900,0.0900,76.00,141612.00
KXNHL-26-FLA,1766617200,0.0800,0.0800,0.0800,0.0800,0.0900,0.0900,0.0900,0.0900,0.00,141612.00
KXNHL-26-FLA,1766620800,0.0800,0.0800,0.0800,0.0800,0.0900,0.0900,0.0900,0.0900,181.00,141793.00
KXNHL-26-FLA,1766624400,0.0800,0.0800,0.0800,0.0800,0.0900,0.0900,0.0900,0.0900,235.00,142028.00
KXNHL-26-FLA,1766628000,0.0800,0.0800,0.0800,0.0800,0.0900,0.0900,0.0900,0.0900,0.00,142028.00
KXNHL-26-FLA,1766635200,0.0800,0.0800,0.0800,0.0800,0.0900,0.0900,0.0900,0.0900,0.00,142028.00
KXNHL-26-FLA,1766638800,0.0800,0.0800,0.0800,0.0800,0.0900,0.0900,0.0900,0.0900,16.00,142044.00
KXNHL-26-FLA,1766642400,0.0800,0.0800,0.0800,0.0800,0.0900,0.0900,0.0900,0.0900,0.00,142044.00
KXNHL-26-FLA,1766646000,0.0800,0.0800,0.0800,0.0800,0.0900,0.0900,0.0900,0.0900,0.00,142044.00
KXNHL-26-FLA,1766649600,0.0800,0.0800,0.0800,0.0800,0.0900,0.0900,0.0900,0.0900,0.00,142044.00
KXNHL-26-FLA,1766653200,0.0800,0.0800,0.0800,0.0800,0.0900,0.0900,0.0900,0.0900,0.00,142044.00
KXNHL-26-FLA,1766660400,0.0800,0.0800,0.0800,0.0800,0.0900,0.0900,0.0900,0.0900,0.00,142044.00
KXNHL-26-FLA,1766664000,0.0800,0.0800,0.0800,0.0800,0.0900,0.0900,0.0900,0.0900,0.00,142044.00
KXNHL-26-FLA,1766667600,0.0800,0.0800,0.0800,0.0800,0.0900,0.0900,0.0900,0.0900,0.00,142044.00
KXNHL-26-FLA,1766671200,0.0800,0.0800,0.0800,0.0800,0.0900,0.0900,0.0900,0.0900,0.00,142044.00
KXNHL-26-FLA,1766674800,0.0800,0.0800,0.0800,0.0800,0.0900,0.0900,0.0900,0.0900,516.00,141628.00
KXNHL-26-FLA,1766682000,0.0800,0.0800,0.0800,0.0800,0.0900,0.0900,0.0900,0.0900,0.00,141628.00
KXNHL-26-FLA,1766689200,0.0800,0.0800,0.0800,0.0800,0.0900,0.0900,0.0900,0.0900,0.00,141628.00
KXNHL-26-FLA,1766692800,0.0800,0.0800,0.0800,0.0800,0.0900,0.0900,0.0900,0.0900,45.00,141673.00
KXNHL-26-FLA,1766696400,0.0800,0.0800,0.0800,0.0800,0.0900,0.0900,0.0900,0.0900,0.00,141673.00
KXNHL-26-FLA,1766700000,0.0800,0.0800,0.0800,0.0800,0.0900,0.0900,0.0900,0.0900,45.00,141678.00
KXNHL-26-FLA,1766703600,0.0800,0.0800,0.0800,0.0800,0.0900,0.0900,0.0900,0.0900,319.00,141997.00
KXNHL-26-FLA,1766707200,0.0800,0.0800,0.0800,0.0800,0.0900,0.0900,0.0900,0.0900,0.00,141997.00
KXNHL-26-FLA,1766710800,0.0800,0.0800,0.0800,0.0800,0.0900,0.0900,0.0900,0.0900,0.00,141997.00
KXNHL-26-FLA,1766714400,0.0800,0.0800,0.0800,0.0800,0.0900,0.0900,0.0900,0.0900,5.00,142002.00
KXNHL-26-FLA,1766721600,0.0800,0.0800,0.0800,0.0800,0.0900,0.0900,0.0900,0.0900,0.00,142002.00
KXNHL-26-FLA,1766725200,0.0800,0.0800,0.0800,0.0800,0.0900,0.0900,0.0900,0.0900,0.00,142002.00
KXNHL-26-FLA,1766728800,0.0800,0.0800,0.0800,0.0800,0.0900,0.0900,0.0900,0.0900,0.00,142002.00
KXNHL-26-FLA,1766732400,0.0800,0.0800,0.0800,0.0800,0.0900,0.0900,0.0900,0.0900,0.00,142002.00
KXNHL-26-FLA,1766736000,0.0800,0.0800,0.0800,0.0800,0.0900,0.0900,0.0900,0.0900,0.00,142002.00
KXNHL-26-FLA,1766739600,0.0800,0.0800,0.0800,0.0800,0.0900,0.0900,0.0900,0.0900,0.00,142002.00
KXNHL-26-FLA,1766743200,0.0800,0.0800,0.0800,0.0800,0.0900,0.0900,0.0900,0.0900,104.00,142106.00
KXNHL-26-FLA,1766750400,0.0800,0.0800,0.0800,0.0800,0.0900,0.0900,0.0900,0.0900,0.00,142106.00
KXNHL-26-FLA,1766757600,0.0800,0.0800,0.0800,0.0800,0.0900,0.0900,0.0900,0.0900,0.00,142106.00
KXNHL-26-FLA,1766761200,0.0800,0.0800,0.0800,0.0800,0.0900,0.0900,0.0900,0.0900,417.00,142523.00
KXNHL-26-FLA,1766764800,0.0800,0.0800,0.0800,0.0800,0.0900,0.0900,0.0900,0.0900,0.00,142523.00
KXNHL-26-FLA,1766768400,0.0800,0.0800,0.0800,0.0800,0.0900,0.0900,0.0900,0.0900,0.00,142523.00
KXNHL-26-FLA,1766772000,0.0800,0.0800,0.0800,0.0800,0.0900,0.0900,0.0900,0.0900,0.00,142523.00
KXNHL-26-FLA,1766775600,0.0800,0.0800,0.0800,0.0800,0.0900,0.0900,0.0900,0.0900,0.00,142523.00
KXNHL-26-FLA,1766779200,0.0800,0.0800,0.0800,0.0800,0.0900,0.0900,0.0900,0.0900,1000.00,143523.00
KXNHL-26-FLA,1766782800,0.0800,0.0800,0.0800,0.0800,0.0900,0.0900,0.0900,0.0900,0.00,143523.00
KXNHL-26-FLA,1766786400,0.0800,0.0800,0.0800,0.0800,0.0900,0.0900,0.0900,0.0900,0.00,143523.00
KXNHL-26-FLA,1766790000,0.0800,0.0800,0.0800,0.0800,0.0900,0.0900,0.0900,0.0900,0.00,143523.00
KXNHL-26-FLA,1766793600,0.0800,0.0800,0.0800,0.0800,0.0900,0.0900,0.0900,0.0900,0.00,143523.00
KXNHL-26-FLA,1766797200,0.0800,0.0800,0.0800,0.0800,0.0900,0.0900,0.0900,0.0900,0.00,143523.00
KXNHL-26-FLA,1766800800,0.0800,0.0800,0.0800,0.0800,0.0900,0.0900,0.0900,0.0900,0.00,143523.00
KXNHL-26-FLA,1766804400,0.0800,0.0800,0.0800,0.0800,0.0900,0.0900,0.0900,0.0900,52.00,143575.00
KXNHL-26-FLA,1766808000,0.0800,0.0800,0.0800,0.0800,0.0900,0.0900,0.0900,0.0900,0.00,143575.00
KXNHL-26-FLA,1766811600,0.0800,0.0800,0.0800,0.0800,0.0900,0.0900,0.0900,0.0900,0.00,143575.00
KXNHL-26-FLA,1766815200,0.0800,0.0800,0.0800,0.0800,0.0900,0.0900,0.0900,0.0900,0.00,143575.00
KXNHL-26-FLA,1766818800,0.0800,0.0800,0.0800,0.0800,0.0900,0.0900,0.0900,0.0900,0.00,143575.00
KXNHL-26-FLA,1766822400,0.0800,0.0800,0.0800,0.0800,0.0900,0.0900,0.0900,0.0900,0.00,143575.00
KXNHL-26-FLA,1766826000,0.0800,0.0800,0.0800,0.0800,0.0900,0.0900,0.0900,0.0900,0.00,143575.00
KXNHL-26-FLA,1766829600,0.0800,0.0800,0.0800,0.0800,0.0900,0.0900,0.0900,0.0900,0.00,143575.00
KXNHL-26-FLA,1766836800,0.0800,0.0800,0.0800,0.0800,0.0900,0.0900,0.0900,0.0900,0.00,143575.00
KXNHL-26-FLA,1766840400,0.0800,0.0800,0.0800,0.0800,0.0900,0.0900,0.0900,0.0900,0.00,143575.00
KXNHL-26-FLA,1766844000,0.0800,0.0800,0.0800,0.0800,0.0900,0.0900,0.0900,0.0900,0.00,143575.00
KXNHL-26-FLA,1766847600,0.0800,0.0800,0.0800,0.0800,0.0900,0.0900,0.0900,0.0900,0.00,143575.00
KXNHL-26-FLA,1766854800,0.0800,0.0800,0.0800,0.0800,0.0900,0.0900,0.0900,0.0900,0.00,143575.00
KXNHL-26-FLA,1766858400,0.0800,0.0800,0.0800,0.0800,0.0900,0.0900,0.0900,0.0900,62.00,143637.00
KXNHL-26-FLA,1766862000,0.0800,0.0800,0.0800,0.0800,0.0900,0.0900,0.0900,0.0900,0.00,143637.00
KXNHL-26-FLA,1766865600,0.0800,0.0800,0.0800,0.0800,0.0900,0.0900,0.0900,0.0900,0.00,143637.00
KXNHL-26-FLA,1766869200,0.0800,0.0800,0.0800,0.0800,0.0900,0.0900,0.0900,0.0900,0.00,143637.00
KXNHL-26-FLA,1766872800,0.0800,0.0800,0.0800,0.0800,0.0900,0.0900,0.0900,0.0900,136.00,143773.00
KXNHL-26-FLA,1766876400,0.0800,0.0800,0.0800,0.0800,0.0900,0.0900,0.0900,0.0900,158.00,143615.00
KXNHL-26-FLA,1766880000,0.0800,0.0800,0.0800,0.0800,0.0900,0.0900,0.0900,0.0900,6.00,143615.00
KXNHL-26-FLA,1766883600,0.0800,0.0800,0.0800,0.0800,0.0900,0.0900,0.0900,0.0900,20.00,143635.00
KXNHL-26-FLA,1766887200,0.0800,0.0800,0.0800,0.0800,0.0900,0.0900,0.0900,0.0900,145.00,143490.00
KXNHL-26-FLA,1766890800,0.0800,0.0800,0.0800,0.0800,0.0900,0.0900,0.0900,0.0900,0.00,143490.00
KXNHL-26-FLA,1766894400,0.0800,0.0800,0.0800,0.0800,0.0900,0.0900,0.0900,0.0900,0.00,143490.00
KXNHL-26-FLA,1766898000,0.0800,0.0800,0.0800,0.0800,0.0900,0.0900,0.0900,0.0900,94.00,143584.00
KXNHL-26-FLA,1766901600,0.0800,0.0800,0.0800,0.0800,0.0900,0.0900,0.0900,0.0900,52.00,143532.00
KXNHL-26-FLA,1766905200,0.0800,0.0800,0.0800,0.0800,0.0900,0.0900,0.0900,0.0900,519.00,143013.00
KXNHL-26-FLA,1766908800,0.0800,0.0800,0.0700,0.0800,0.0900,0.0900,0.0900,0.0900,0.00,143013.00
KXNHL-26-FLA,1766912400,0.0800,0.0800,0.0700,0.0800,0.0900,0.0900,0.0900,0.0900,0.00,143013.00
KXNHL-26-FLA,1766916000,0.0800,0.0800,0.0700,0.0800,0.0900,0.0900,0.0900,0.0900,0.00,143013.00
KXNHL-26-FLA,1766919600,0.0800,0.0800,0.0700,0.0800,0.0900,0.0900,0.0900,0.0900,0.00,143013.00
KXNHL-26-FLA,1766923200,0.0800,0.0800,0.0700,0.0800,0.0900,0.0900,0.0900,0.0900,0.00,143013.00
KXNHL-26-FLA,1766926800,0.0800,0.0800,0.0700,0.0800,0.0900,0.0900,0.0900,0.0900,0.00,143013.00
KXNHL-26-FLA,1766930400,0.0800,0.0800,0.0800,0.0800,0.0900,0.0900,0.0900,0.0900,25.00,143038.00
KXNHL-26-FLA,1766934000,0.0800,0.0800,0.0800,0.0800,0.0900,0.0900,0.0900,0.0900,0.00,143038.00
KXNHL-26-FLA,1766937600,0.0800,0.0800,0.0800,0.0800,0.0900,0.0900,0.0900,0.0900,0.00,143038.00
KXNHL-26-FLA,1766941200,0.0800,0.0800,0.0800,0.0800,0.0900,0.0900,0.0900,0.0900,181.00,143219.00
KXNHL-26-FLA,1766944800,0.0800,0.0800,0.0800,0.0800,0.0900,0.0900,0.0900,0.0900,20.00,143239.00
KXNHL-26-FLA,1766948400,0.0800,0.0800,0.0800,0.0800,0.0900,0.0900,0.0900,0.0900,0.00,143239.00
KXNHL-26-FLA,1766952000,0.0800,0.0800,0.0800,0.0800,0.0900,0.0900,0.0900,0.0900,109.00,143348.00
KXNHL-26-FLA,1766955600,0.0800,0.0800,0.0800,0.0800,0.0900,0.0900,0.0900,0.0900,0.00,143348.00
KXNHL-26-FLA,1766959200,0.0800,0.0800,0.0800,0.0800,0.0900,0.0900,0.0900,0.0900,0.00,143348.00
KXNHL-26-FLA,1766962800,0.0800,0.0800,0.0800,0.0800,0.0900,0.0900,0.0900,0.0900,5.00,143353.00
KXNHL-26-FLA,1766966400,0.0800,0.0800,0.0800,0.0800,0.0900,0.0900,0.0900,0.0900,0.00,143353.00
KXNHL-26-FLA,1766970000,0.0800,0.0800,0.0800,0.0800,0.0900,0.0900,0.0900,0.0900,55.00,143408.00
KXNHL-26-FLA,1766973600,0.0800,0.0800,0.0800,0.0800,0.0900,0.0900,0.0900,0.0900,202.00,143610.00
KXNHL-26-FLA,1766977200,0.0800,0.0800,0.0800,0.0800,0.0900,0.0900,0.0900,0.0900,0.00,143610.00
KXNHL-26-FLA,1766980800,0.0800,0.0800,0.0800,0.0800,0.0900,0.0900,0.0900,0.0900,0.00,143610.00
KXNHL-26-FLA,1766984400,0.0800,0.0800,0.0800,0.0800,0.0900,0.0900,0.0900,0.0900,10.00,143620.00
KXNHL-26-FLA,1766988000,0.0800,0.0800,0.0800,0.0800,0.0900,0.0900,0.0900,0.0900,0.00,143620.00
KXNHL-26-FLA,1766991600,0.0800,0.0800,0.0800,0.0800,0.0900,0.0900,0.0900,0.0900,0.00,143620.00
KXNHL-26-FLA,1766995200,0.0800,0.0800,0.0800,0.0800,0.0900,0.0900,0.0900,0.0900,0.00,143620.00
KXNHL-26-FLA,1766998800,0.0800,0.0800,0.0800,0.0800,0.0900,0.0900,0.0900,0.0900,0.00,143620.00
KXNHL-26-FLA,1767006000,0.0800,0.0800,0.0800,0.0800,0.0900,0.0900,0.0900,0.0900,0.00,143620.00
KXNHL-26-FLA,1767009600,0.0800,0.0800,0.0800,0.0800,0.0900,0.0900,0.0900,0.0900,0.00,143620.00
KXNHL-26-FLA,1767013200,0.0800,0.0800,0.0800,0.0800,0.0900,0.0900,0.0900,0.0900,0.00,143620.00
KXNHL-26-FLA,1767016800,0.0800,0.0800,0.0800,0.0800,0.0900,0.0900,0.0900,0.0900,0.00,143620.00
KXNHL-26-FLA,1767020400,0.0800,0.0800,0.0800,0.0800,0.0900,0.0900,0.0900,0.0900,10.00,143630.00
KXNHL-26-FLA,1767024000,0.0800,0.0800,0.0800,0.0800,0.0900,0.0900,0.0900,0.0900,0.00,143630.00
KXNHL-26-FLA,1767031200,0.0800,0.0800,0.0800,0.0800,0.0900,0.0900,0.0900,0.0900,104.00,143526.00
KXNHL-26-FLA,1767034800,0.0800,0.0800,0.0800,0.0800,0.0900,0.0900,0.0900,0.0900,0.00,143526.00
KXNHL-26-FLA,1767038400,0.0800,0.0800,0.0800,0.0800,0.0900,0.0900,0.0900,0.0900,35.00,143561.00
KXNHL-26-FLA,1767042000,0.0800,0.0800,0.0800,0.0800,0.0900,0.0900,0.0900,0.0900,0.00,143561.00
KXNHL-26-FLA,1767049200,0.0800,0.0800,0.0800,0.0800,0.0900,0.0900,0.0900,0.0900,208.00,143769.00
KXNHL-26-FLA,1767052800,0.0800,0.0800,0.0800,0.0800,0.0900,0.0900,0.0900,0.0900,6.00,143775.00
KXNHL-26-FLA,1767056400,0.0800,0.0800,0.0800,0.0800,0.0900,0.0900,0.0900,0.0900,0.00,143775.00
KXNHL-26-FLA,1767060000,0.0800,0.0800,0.0700,0.0800,0.0900,0.0900,0.0900,0.0900,0.00,143775.00
KXNHL-26-FLA,1767063600,0.0800,0.0800,0.0800,0.0800,0.0900,0.0900,0.0900,0.0900,2052.00,145827.00
KXNHL-26-FLA,1767067200,0.0800,0.0800,0.0800,0.0800,0.0900,0.0900,0.0900,0.0900,0.00,145827.00
KXNHL-26-FLA,1767070800,0.0800,0.0800,0.0700,0.0700,0.0900,0.0900,0.0900,0.0900,105.00,145932.00
KXNHL-26-FLA,1767074400,0.0700,0.0800,0.0700,0.0800,0.0900,0.0900,0.0900,0.0900,0.00,145932.00
KXNHL-26-FLA,1767078000,0.0800,0.0800,0.0800,0.0800,0.0900,0.0900,0.0900,0.0900,0.00,145932.00
KXNHL-26-FLA,1767081600,0.0800,0.0800,0.0800,0.0800,0.0900,0.0900,0.0900,0.0900,0.00,145932.00
KXNHL-26-FLA,1767085200,0.0800,0.0800,0.0700,0.0800,0.0900,0.0900,0.0900,0.0900,0.00,145932.00
KXNHL-26-FLA,1767092400,0.0800,0.0800,0.0800,0.0800,0.0900,0.0900,0.0900,0.0900,0.00,145932.00
KXNHL-26-FLA,1767096000,0.0800,0.0800,0.0700,0.0700,0.0900,0.0900,0.0900,0.0900,0.00,145932.00
KXNHL-26-FLA,1767099600,0.0700,0.0800,0.0700,0.0800,0.0900,0.0900,0.0900,0.0900,0.00,145932.00
KXNHL-26-FLA,1767103200,0.0800,0.0800,0.0800,0.0800,0.0900,0.0900,0.0900,0.0900,0.00,145932.00
KXNHL-26-FLA,1767106800,0.0800,0.0800,0.0800,0.0800,0.0900,0.0900,0.0900,0.0900,0.00,145932.00
KXNHL-26-FLA,1767110400,0.0800,0.0800,0.0800,0.0800,0.0900,0.0900,0.0900,0.0900,1059.00,146991.00
KXNHL-26-FLA,1767114000,0.0800,0.0800,0.0700,0.0800,0.0900,0.0900,0.0900,0.0900,0.00,146991.00
KXNHL-26-FLA,1767117600,0.0800,0.0800,0.0800,0.0800,0.0900,0.0900,0.0900,0.0900,9.00,147000.00
KXNHL-26-FLA,1767121200,0.0800,0.0800,0.0700,0.0800,0.0900,0.0900,0.0900,0.0900,0.00,147000.00
KXNHL-26-FLA,1767124800,0.0800,0.0800,0.0800,0.0800,0.0900,0.0900,0.0900,0.0900,272.00,147272.00
KXNHL-26-FLA,1767128400,0.0800,0.0800,0.0800,0.0800,0.0900,0.0900,0.0900,0.0900,0.00,147272.00
KXNHL-26-FLA,1767135600,0.0800,0.0800,0.0800,0.0800,0.0900,0.0900,0.0900,0.0900,0.00,147272.00
KXNHL-26-FLA,1767139200,0.0800,0.0800,0.0800,0.0800,0.0900,0.0900,0.0900,0.0900,0.00,147272.00
KXNHL-26-FLA,1767142800,0.0800,0.0800,0.0800,0.0800,0.0900,0.0900,0.0900,0.0900,9.00,147281.00
KXNHL-26-FLA,1767146400,0.0800,0.0800,0.0800,0.0800,0.0900,0.0900,0.0900,0.0900,0.00,147281.00
KXNHL-26-FLA,1767150000,0.0800,0.0800,0.0800,0.0800,0.0900,0.0900,0.0900,0.0900,0.00,147281.00
KXNHL-26-FLA,1767153600,0.0800,0.0800,0.0800,0.0800,0.0900,0.0900,0.0900,0.0900,52.00,147333.00
KXNHL-26-FLA,1767157200,0.0800,0.0800,0.0700,0.0700,0.0900,0.0900,0.0900,0.0900,208.00,147541.00
KXNHL-26-FLA,1767160800,0.0700,0.0800,0.0700,0.0800,0.0900,0.0900,0.0900,0.0900,0.00,147541.00
KXNHL-26-FLA,1767164400,0.0800,0.0800,0.0800,0.0800,0.0900,0.0900,0.0900,0.0900,0.00,147541.00
KXNHL-26-FLA,1767168000,0.0800,0.0800,0.0800,0.0800,0.0900,0.0900,0.0900,0.0900,0.00,147541.00
KXNHL-26-FLA,1767171600,0.0800,0.0800,0.0800,0.0800,0.0900,0.0900,0.0900,0.0900,0.00,147541.00
KXNHL-26-FLA,1767178800,0.0800,0.0800,0.0800,0.0800,0.0900,0.0900,0.0900,0.0900,0.00,147541.00
KXNHL-26-FLA,1767182400,0.0800,0.0800,0.0800,0.0800,0.0900,0.0900,0.0900,0.0900,0.00,147541.00
KXNHL-26-FLA,1767186000,0.0800,0.0800,0.0800,0.0800,0.0900,0.0900,0.0900,0.0900,0.00,147541.00
KXNHL-26-FLA,1767189600,0.0800,0.0800,0.0800,0.0800,0.0900,0.0900,0.0900,0.0900,0.00,147541.00
KXNHL-26-FLA,1767196800,0.0800,0.0800,0.0800,0.0800,0.0900,0.0900,0.0900,0.0900,0.00,147541.00
KXNHL-26-FLA,1767200400,0.0800,0.0800,0.0800,0.0800,0.0900,0.0900,0.0900,0.0900,0.00,147541.00
KXNHL-26-FLA,1767204000,0.0800,0.0800,0.0800,0.0800,0.0900,0.0900,0.0900,0.0900,0.00,147541.00
KXNHL-26-FLA,1767207600,0.0800,0.0800,0.0800,0.0800,0.0900,0.0900,0.0900,0.0900,52.00,147593.00
KXNHL-26-FLA,1767211200,0.0800,0.0800,0.0800,0.0800,0.0900,0.0900,0.0900,0.0900,1024.00,148617.00
KXNHL-26-FLA,1767214800,0.0800,0.0800,0.0800,0.0800,0.0900,0.0900,0.0900,0.0900,0.00,148617.00
KXNHL-26-FLA,1767222000,0.0800,0.0800,0.0800,0.0800,0.0900,0.0900,0.0900,0.0900,0.00,148617.00
KXNHL-26-FLA,1767225600,0.0800,0.0800,0.0800,0.0800,0.0900,0.0900,0.0900,0.0900,18.00,148635.00
KXNHL-26-FLA,1767229200,0.0800,0.0800,0.0800,0.0800,0.0900,0.0900,0.0900,0.0900,9.00,148644.00
KXNHL-26-FLA,1767232800,0.0800,0.0800,0.0800,0.0800,0.0900,0.0900,0.0900,0.0900,208.00,148852.00
KXNHL-26-FLA,1767236400,0.0800,0.0800,0.0800,0.0800,0.0900,0.0900,0.0900,0.0900,0.00,148852.00
KXNHL-26-FLA,1767240000,0.0800,0.0800,0.0800,0.0800,0.0900,0.0900,0.0900,0.0900,0.00,148852.00
KXNHL-26-FLA,1767243600,0.0800,0.0800,0.0800,0.0800,0.0900,0.0900,0.0900,0.0900,10.00,148862.00
KXNHL-26-FLA,1767247200,0.0800,0.0800,0.0800,0.0800,0.0900,0.0900,0.0900,0.0900,0.00,148862.00
KXNHL-26-FLA,1767250800,0.0800,0.0800,0.0800,0.0800,0.0900,0.0900,0.0900,0.0900,50.00,148912.00
KXNHL-26-FLA,1767254400,0.0800,0.0800,0.0800,0.0800,0.0900,0.0900,0.0900,0.0900,0.00,148912.00
KXNHL-26-FLA,1767258000,0.0800,0.0800,0.0800,0.0800,0.0900,0.0900,0.0900,0.0900,0.00,148912.00
KXNHL-26-FLA,1767265200,0.0800,0.0800,0.0800,0.0800,0.0900,0.0900,0.0900,0.0900,0.00,148912.00
KXNHL-26-FLA,1767268800,0.0800,0.0800,0.0800,0.0800,0.0900,0.0900,0.0900,0.0900,0.00,148912.00
KXNHL-26-FLA,1767272400,0.0800,0.0800,0.0800,0.0800,0.0900,0.0900,0.0900,0.0900,0.00,148912.00
KXNHL-26-FLA,1767279600,0.0800,0.0800,0.0800,0.0800,0.0900,0.0900,0.0900,0.0900,0.00,148912.00
KXNHL-26-FLA,1767283200,0.0800,0.0800,0.0800,0.0800,0.0900,0.0900,0.0900,0.0900,0.00,148912.00
KXNHL-26-FLA,1767286800,0.0800,0.0800,0.0800,0.0800,0.0900,0.0900,0.0900,0.0900,0.00,148912.00
KXNHL-26-FLA,1767294000,0.0800,0.0800,0.0800,0.0800,0.0900,0.0900,0.0900,0.0900,0.00,148912.00
KXNHL-26-FLA,1767297600,0.0800,0.0800,0.0800,0.0800,0.0900,0.0900,0.0900,0.0900,30.00,148882.00
KXNHL-26-FLA,1767301200,0.0800,0.0800,0.0800,0.0800,0.0900,0.0900,0.0900,0.0900,0.00,148882.00
KXNHL-26-FLA,1767304800,0.0800,0.0800,0.0800,0.0800,0.0900,0.0900,0.0900,0.0900,127.00,149009.00
KXNHL-26-FLA,1767308400,0.0800,0.0800,0.0800,0.0800,0.0900,0.0900,0.0900,0.0900,0.00,149009.00
KXNHL-26-FLA,1767312000,0.0800,0.0800,0.0800,0.0800,0.0900,0.0900,0.0900,0.0900,290.00,149299.00
KXNHL-26-FLA,1767315600,0.0800,0.0800,0.0800,0.0800,0.0900,0.0900,0.0900,0.0900,95.00,149394.00
KXNHL-26-FLA,1767319200,0.0800,0.0800,0.0800,0.0800,0.0900,0.0900,0.0900,0.0900,174.00,149568.00
KXNHL-26-FLA,1767322800,0.0800,0.0800,0.0800,0.0800,0.0900,0.0900,0.0900,0.0900,34.00,149602.00
KXNHL-26-FLA,1767326400,0.0800,0.0800,0.0800,0.0800,0.0900,0.0900,0.0900,0.0900,20.00,149582.00
KXNHL-26-FLA,1767330000,0.0800,0.0800,0.0800,0.0800,0.0900,0.0900,0.0900,0.0900,0.00,149582.00
KXNHL-26-FLA,1767333600,0.0800,0.0800,0.0800,0.0800,0.0900,0.0900,0.0900,0.0900,1000.00,150582.00
KXNHL-26-FLA,1767337200,0.0800,0.0800,0.0800,0.0800,0.0900,0.0900,0.0900,0.0900,0.00,150582.00
KXNHL-26-FLA,1767340800,0.0800,0.0800,0.0800,0.0800,0.0900,0.0900,0.0900,0.0900,0.00,150582.00
KXNHL-26-FLA,1767344400,0.0800,0.0800,0.0800,0.0800,0.0900,0.0900,0.0900,0.0900,0.00,150582.00
KXNHL-26-FLA,1767348000,0.0800,0.0800,0.0800,0.0800,0.0900,0.0900,0.0900,0.0900,0.00,150582.00
KXNHL-26-FLA,1767355200,0.0800,0.0800,0.0800,0.0800,0.0900,0.0900,0.0900,0.0900,0.00,150582.00
KXNHL-26-FLA,1767358800,0.0800,0.0800,0.0800,0.0800,0.0900,0.0900,0.0900,0.0900,51.00,150633.00
KXNHL-26-FLA,1767362400,0.0800,0.0800,0.0800,0.0800,0.0900,0.0900,0.0900,0.0900,0.00,150633.00
KXNHL-26-FLA,1767366000,0.0800,0.0800,0.0800,0.0800,0.0900,0.0900,0.0900,0.0900,0.00,150633.00
KXNHL-26-FLA,1767369600,0.0800,0.0800,0.0800,0.0800,0.0900,0.0900,0.0900,0.0900,0.00,150633.00
KXNHL-26-FLA,1767373200,0.0800,0.0800,0.0800,0.0800,0.0900,0.0900,0.0900,0.0900,5.00,150638.00
KXNHL-26-FLA,1767376800,0.0800,0.0800,0.0800,0.0800,0.0900,0.0900,0.0900,0.0900,0.00,150638.00
KXNHL-26-FLA,1767380400,0.0800,0.0800,0.0800,0.0800,0.0900,0.0900,0.0900,0.0900,0.00,150638.00
KXNHL-26-FLA,1767384000,0.0800,0.0800,0.0800,0.0800,0.0900,0.0900,0.0900,0.0900,0.00,150638.00
KXNHL-26-FLA,1767387600,0.0800,0.0800,0.0800,0.0800,0.0900,0.0900,0.0900,0.0900,0.00,150638.00
KXNHL-26-FLA,1767391200,0.0800,0.0800,0.0800,0.0800,0.0900,0.0900,0.0900,0.0900,0.00,150638.00
KXNHL-26-FLA,1767394800,0.0800,0.0900,0.0800,0.0900,0.0900,0.1000,0.0900,0.1000,13913.00,164319.00
KXNHL-26-FLA,1767398400,0.0900,0.0900,0.0900,0.0900,0.1000,0.1000,0.1000,0.1000,1.00,164319.00
KXNHL-26-FLA,1767402000,0.0900,0.0900,0.0900,0.0900,0.1000,0.1000,0.1000,0.1000,2240.00,166519.00
KXNHL-26-FLA,1767405600,0.0900,0.0900,0.0800,0.0800,0.1000,0.1000,0.1000,0.1000,9.00,166519.00
KXNHL-26-FLA,1767409200,0.0800,0.0800,0.0800,0.0800,0.1000,0.1000,0.1000,0.1000,216.00,166664.00
KXNHL-26-FLA,1767412800,0.0800,0.0800,0.0800,0.0800,0.1000,0.1000,0.1000,0.1000,0.00,166664.00
KXNHL-26-FLA,1767416400,0.0800,0.0800,0.0800,0.0800,0.1000,0.1000,0.1000,0.1000,0.00,166664.00
KXNHL-26-FLA,1767420000,0.0800,0.0800,0.0800,0.0800,0.1000,0.1000,0.1000,0.1000,18.00,166682.00
KXNHL-26-FLA,1767423600,0.0800,0.0800,0.0800,0.0800,0.1000,0.1000,0.0900,0.0900,0.00,166682.00
KXNHL-26-FLA,1767427200,0.0800,0.0800,0.0800,0.0800,0.0900,0.0900,0.0900,0.0900,18.00,166682.00
KXNHL-26-FLA,1767430800,0.0800,0.0800,0.0800,0.0800,0.0900,0.0900,0.0900,0.0900,0.00,166682.00
KXNHL-26-FLA,1767434400,0.0800,0.0800,0.0800,0.0800,0.0900,0.0900,0.0900,0.0900,0.00,166682.00
KXNHL-26-FLA,1767438000,0.0800,0.0800,0.0800,0.0800,0.0900,0.0900,0.0900,0.0900,0.00,166682.00
KXNHL-26-FLA,1767441600,0.0800,0.0800,0.0800,0.0800,0.0900,0.0900,0.0900,0.0900,0.00,166682.00
KXNHL-26-FLA,1767445200,0.0800,0.0800,0.0800,0.0800,0.0900,0.0900,0.0900,0.0900,0.00,166682.00
KXNHL-26-FLA,1767448800,0.0800,0.0800,0.0800,0.0800,0.0900,0.1000,0.0900,0.0900,0.00,166682.00
KXNHL-26-FLA,1767452400,0.0800,0.0800,0.0700,0.0800,0.0900,0.1000,0.0900,0.0900,1764.00,165061.00
KXNHL-26-FLA,1767456000,0.0800,0.0800,0.0700,0.0800,0.0900,0.0900,0.0900,0.0900,0.00,165061.00
KXNHL-26-FLA,1767459600,0.0800,0.0800,0.0700,0.0700,0.0900,0.0900,0.0900,0.0900,0.00,165061.00
KXNHL-26-FLA,1767463200,0.0700,0.0800,0.0700,0.0800,0.0900,0.0900,0.0900,0.0900,0.00,165061.00
KXNHL-26-FLA,1767466800,0.0800,0.0800,0.0800,0.0800,0.0900,0.0900,0.0900,0.0900,0.00,165061.00
KXNHL-26-FLA,1767470400,0.0800,0.0800,0.0700,0.0700,0.0900,0.0900,0.0900,0.0900,500.00,165545.00
KXNHL-26-FLA,1767474000,0.0700,0.0800,0.0700,0.0800,0.0900,0.1000,0.0900,0.0900,1800.00,167327.00
KXNHL-26-FLA,1767477600,0.0800,0.0800,0.0800,0.0800,0.0900,0.1000,0.0900,0.1000,0.00,167327.00
KXNHL-26-FLA,1767481200,0.0800,0.0800,0.0800,0.0800,0.1000,0.1000,0.0900,0.0900,0.00,167327.00
KXNHL-26-FLA,1767484800,0.0800,0.0800,0.0800,0.0800,0.0900,0.1000,0.0900,0.0900,0.00,167327.00
KXNHL-26-FLA,1767488400,0.0800,0.0800,0.0800,0.0800,0.0900,0.1000,0.0900,0.0900,0.00,167327.00
KXNHL-26-FLA,1767492000,0.0800,0.0800,0.0800,0.0800,0.0900,0.1000,0.0900,0.0900,0.00,167327.00
KXNHL-26-FLA,1767495600,0.0800,0.0800,0.0800,0.0800,0.0900,0.1000,0.0900,0.0900,0.00,167327.00
KXNHL-26-FLA,1767499200,0.0800,0.0800,0.0800,0.0800,0.0900,0.1000,0.0900,0.0900,0.00,167327.00
KXNHL-26-FLA,1767502800,0.0800,0.0800,0.0800,0.0800,0.0900,0.1000,0.0900,0.0900,0.00,167327.00
KXNHL-26-FLA,1767506400,0.0800,0.0800,0.0800,0.0800,0.0900,0.1000,0.0900,0.0900,1.00,167328.00
KXNHL-26-FLA,1767510000,0.0800,0.0800,0.0800,0.0800,0.0900,0.1000,0.0900,0.0900,0.00,167328.00
KXNHL-26-FLA,1767513600,0.0800,0.0800,0.0800,0.0800,0.0900,0.0900,0.0900,0.0900,0.00,167328.00
KXNHL-26-FLA,1767517200,0.0800,0.0800,0.0800,0.0800,0.0900,0.0900,0.0900,0.0900,0.00,167328.00
KXNHL-26-FLA,1767520800,0.0800,0.0800,0.0800,0.0800,0.0900,0.0900,0.0900,0.0900,0.00,167328.00
KXNHL-26-FLA,1767524400,0.0800,0.0800,0.0800,0.0800,0.0900,0.0900,0.0900,0.0900,0.00,167328.00
KXNHL-26-FLA,1767528000,0.0800,0.0800,0.0800,0.0800,0.0900,0.0900,0.0900,0.0900,0.00,167328.00
KXNHL-26-FLA,1767531600,0.0800,0.0800,0.0800,0.0800,0.0900,0.0900,0.0900,0.0900,0.00,167328.00
KXNHL-26-FLA,1767535200,0.0800,0.0800,0.0800,0.0800,0.0900,0.1000,0.0900,0.1000,15.00,167328.00
KXNHL-26-FLA,1767538800,0.0800,0.0800,0.0800,0.0800,0.1000,0.1000,0.0900,0.1000,0.00,167328.00
KXNHL-26-FLA,1767542400,0.0800,0.0800,0.0800,0.0800,0.1000,0.1000,0.0900,0.0900,10.00,167327.00
KXNHL-26-FLA,1767546000,0.0800,0.0800,0.0800,0.0800,0.0900,0.0900,0.0900,0.0900,0.00,167327.00
KXNHL-26-FLA,1767549600,0.0800,0.0800,0.0800,0.0800,0.0900,0.0900,0.0900,0.0900,0.00,167327.00
KXNHL-26-FLA,1767553200,0.0800,0.0800,0.0800,0.0800,0.0900,0.0900,0.0900,0.0900,35.00,167327.00
KXNHL-26-FLA,1767556800,0.0800,0.0800,0.0700,0.0800,0.0900,0.0900,0.0900,0.0900,96.00,167380.00
KXNHL-26-FLA,1767560400,0.0800,0.0800,0.0800,0.0800,0.0900,0.0900,0.0900,0.0900,6.00,167386.00
KXNHL-26-FLA,1767564000,0.0800,0.0800,0.0800,0.0800,0.0900,0.0900,0.0900,0.0900,0.00,167386.00
KXNHL-26-FLA,1767567600,0.0800,0.0800,0.0800,0.0800,0.0900,0.0900,0.0900,0.0900,0.00,167386.00
KXNHL-26-FLA,1767571200,0.0800,0.0800,0.0800,0.0800,0.0900,0.0900,0.0900,0.0900,0.00,167386.00
KXNHL-26-FLA,1767574800,0.0800,0.0800,0.0800,0.0800,0.0900,0.0900,0.0900,0.0900,201.00,167586.00
KXNHL-26-FLA,1767578400,0.0800,0.0800,0.0800,0.0800,0.0900,0.0900,0.0900,0.0900,0.00,167586.00
KXNHL-26-FLA,1767582000,0.0800,0.0800,0.0800,0.0800,0.0900,0.0900,0.0900,0.0900,189.00,167775.00
KXNHL-26-FLA,1767585600,0.0800,0.0800,0.0800,0.0800,0.0900,0.0900,0.0900,0.0900,0.00,167775.00
KXNHL-26-FLA,1767589200,0.0800,0.0800,0.0800,0.0800,0.0900,0.0900,0.0900,0.0900,0.00,167775.00
KXNHL-26-FLA,1767592800,0.0800,0.0800,0.0800,0.0800,0.0900,0.0900,0.0900,0.0900,100.00,167775.00
KXNHL-26-FLA,1767596400,0.0800,0.0800,0.0800,0.0800,0.0900,0.0900,0.0900,0.0900,0.00,167775.00
KXNHL-26-FLA,1767600000,0.0800,0.0800,0.0800,0.0800,0.0900,0.0900,0.0900,0.0900,0.00,167775.00
KXNHL-26-FLA,1767603600,0.0800,0.0800,0.0800,0.0800,0.0900,0.0900,0.0900,0.0900,685.00,168460.00
KXNHL-26-FLA,1767607200,0.0800,0.0800,0.0800,0.0800,0.0900,0.0900,0.0900,0.0900,0.00,168460.00
KXNHL-26-FLA,1767610800,0.0800,0.0800,0.0800,0.0800,0.0900,0.0900,0.0900,0.0900,0.00,168460.00
KXNHL-26-FLA,1767614400,0.0800,0.0800,0.0800,0.0800,0.0900,0.0900,0.0900,0.0900,20.00,168480.00
KXNHL-26-FLA,1767618000,0.0800,0.0800,0.0800,0.0800,0.0900,0.0900,0.0900,0.0900,0.00,168480.00
KXNHL-26-FLA,1767621600,0.0800,0.0800,0.0800,0.0800,0.0900,0.0900,0.0900,0.0900,0.00,168480.00
KXNHL-26-FLA,1767625200,0.0800,0.0800,0.0800,0.0800,0.0900,0.0900,0.0900,0.0900,0.00,168480.00
KXNHL-26-FLA,1767628800,0.0800,0.0800,0.0800,0.0800,0.0900,0.0900,0.0900,0.0900,0.00,168480.00
KXNHL-26-FLA,1767632400,0.0800,0.0800,0.0800,0.0800,0.0900,0.0900,0.0900,0.0900,0.00,168480.00
KXNHL-26-FLA,1767636000,0.0800,0.0800,0.0800,0.0800,0.0900,0.0900,0.0900,0.0900,0.00,168480.00
KXNHL-26-FLA,1767639600,0.0800,0.0800,0.0800,0.0800,0.0900,0.0900,0.0900,0.0900,0.00,168480.00
KXNHL-26-FLA,1767643200,0.0800,0.0800,0.0800,0.0800,0.0900,0.0900,0.0900,0.0900,0.00,168480.00
KXNHL-26-FLA,1767646800,0.0800,0.0800,0.0800,0.0800,0.0900,0.0900,0.0900,0.0900,0.00,168480.00
KXNHL-26-FLA,1767650400,0.0800,0.0800,0.0800,0.0800,0.0900,0.0900,0.0900,0.0900,0.00,168480.00
KXNHL-26-FLA,1767654000,0.0800,0.0800,0.0800,0.0800,0.0900,0.0900,0.0900,0.0900,1000.00,169480.00
KXNHL-26-FLA,1767657600,0.0800,0.0800,0.0800,0.0800,0.0900,0.0900,0.0900,0.0900,0.00,169480.00
KXNHL-26-FLA,1767661200,0.0800,0.0800,0.0800,0.0800,0.0900,0.0900,0.0900,0.0900,10.00,169490.00
KXNHL-26-FLA,1767664800,0.0800,0.0800,0.0800,0.0800,0.0900,0.0900,0.0900,0.0900,0.00,169490.00
KXNHL-26-FLA,1767668400,0.0800,0.0800,0.0800,0.0800,0.0900,0.0900,0.0900,0.0900,0.00,169490.00
KXNHL-26-FLA,1767672000,0.0800,0.0800,0.0800,0.0800,0.0900,0.0900,0.0900,0.0900,0.00,169490.00
KXNHL-26-FLA,1767675600,0.0800,0.0800,0.0800,0.0800,0.0900,0.0900,0.0900,0.0900,0.00,169490.00
KXNHL-26-FLA,1767679200,0.0800,0.0800,0.0800,0.0800,0.0900,0.0900,0.0900,0.0900,0.00,169490.00
KXNHL-26-FLA,1767682800,0.0800,0.0800,0.0800,0.0800,0.0900,0.0900,0.0900,0.0900,1074.00,170564.00
KXNHL-26-FLA,1767686400,0.0800,0.0800,0.0800,0.0800,0.0900,0.0900,0.0900,0.0900,41.00,170605.00
KXNHL-26-FLA,1767690000,0.0800,0.0800,0.0800,0.0800,0.0900,0.0900,0.0900,0.0900,0.00,170605.00
KXNHL-26-FLA,1767693600,0.0800,0.0800,0.0800,0.0800,0.0900,0.0900,0.0900,0.0900,0.00,170605.00
KXNHL-26-FLA,1767700800,0.0800,0.0800,0.0800,0.0800,0.0900,0.0900,0.0900,0.0900,0.00,170605.00
KXNHL-26-FLA,1767704400,0.0800,0.0800,0.0800,0.0800,0.0900,0.0900,0.0900,0.0900,47.00,170652.00
KXNHL-26-FLA,1767708000,0.0800,0.0800,0.0800,0.0800,0.0900,0.0900,0.0900,0.0900,0.00,170652.00
KXNHL-26-FLA,1767711600,0.0800,0.0800,0.0800,0.0800,0.0900,0.0900,0.0900,0.0900,0.00,170652.00
KXNHL-26-FLA,1767715200,0.0800,0.0800,0.0800,0.0800,0.0900,0.0900,0.0900,0.0900,363.00,171015.00
KXNHL-26-FLA,1767718800,0.0800,0.0800,0.0800,0.0800,0.0900,0.0900,0.0900,0.0900,7.00,171015.00
KXNHL-26-FLA,1767722400,0.0800,0.0800,0.0800,0.0800,0.0900,0.0900,0.0900,0.0900,1244.00,172240.00
KXNHL-26-FLA,1767726000,0.0800,0.0800,0.0800,0.0800,0.0900,0.0900,0.0900,0.0900,111.00,172351.00
KXNHL-26-FLA,1767729600,0.0800,0.0800,0.0800,0.0800,0.0900,0.0900,0.0900,0.0900,10.00,172361.00
KXNHL-26-FLA,1767733200,0.0800,0.0800,0.0800,0.0800,0.0900,0.0900,0.0900,0.0900,0.00,172361.00
KXNHL-26-FLA,1767736800,0.0800,0.0800,0.0800,0.0800,0.0900,0.0900,0.0900,0.0900,125.00,172286.00
KXNHL-26-FLA,1767740400,0.0800,0.0800,0.0800,0.0800,0.0900,0.0900,0.0900,0.0900,1.00,172287.00
KXNHL-26-FLA,1767744000,0.0800,0.0800,0.0800,0.0800,0.0900,0.0900,0.0900,0.0900,53.00,172340.00
KXNHL-26-FLA,1767747600,0.0800,0.0800,0.0800,0.0800,0.0900,0.0900,0.0900,0.0900,291.00,172631.00
KXNHL-26-FLA,1767751200,0.0800,0.0800,0.0800,0.0800,0.0900,0.0900,0.0900,0.0900,0.00,172631.00
KXNHL-26-FLA,1767754800,0.0800,0.0800,0.0800,0.0800,0.0900,0.0900,0.0900,0.0900,20.00,172611.00
KXNHL-26-FLA,1767758400,0.0800,0.0800,0.0800,0.0800,0.0900,0.0900,0.0900,0.0900,0.00,172611.00
KXNHL-26-FLA,1767762000,0.0800,0.0800,0.0800,0.0800,0.0900,0.0900,0.0900,0.0900,0.00,172611.00
KXNHL-26-FLA,1767765600,0.0800,0.0800,0.0800,0.0800,0.0900,0.0900,0.0900,0.0900,0.00,172611.00
KXNHL-26-FLA,1767769200,0.0800,0.0800,0.0800,0.0800,0.0900,0.0900,0.0900,0.0900,233.00,172844.00
KXNHL-26-FLA,1767772800,0.0800,0.0800,0.0800,0.0800,0.0900,0.0900,0.0900,0.0900,1.00,172845.00
KXNHL-26-FLA,1767776400,0.0800,0.0800,0.0800,0.0800,0.0900,0.0900,0.0900,0.0900,0.00,172845.00
KXNHL-26-FLA,1767780000,0.0800,0.0800,0.0800,0.0800,0.0900,0.0900,0.0900,0.0900,0.00,172845.00
KXNHL-26-FLA,1767783600,0.0800,0.0800,0.0800,0.0800,0.0900,0.0900,0.0900,0.0900,0.00,172845.00
KXNHL-26-FLA,1767787200,0.0800,0.0800,0.0800,0.0800,0.0900,0.0900,0.0900,0.0900,0.00,172845.00
KXNHL-26-FLA,1767790800,0.0800,0.0800,0.0800,0.0800,0.0900,0.0900,0.0900,0.0900,0.00,172845.00
KXNHL-26-FLA,1767794400,0.0800,0.0800,0.0800,0.0800,0.0900,0.0900,0.0900,0.0900,0.00,172845.00
KXNHL-26-FLA,1767798000,0.0800,0.0800,0.0800,0.0800,0.0900,0.0900,0.0900,0.0900,52.00,172793.00
KXNHL-26-FLA,1767801600,0.0800,0.0800,0.0800,0.0800,0.0900,0.0900,0.0900,0.0900,0.00,172793.00
KXNHL-26-FLA,1767805200,0.0800,0.0800,0.0800,0.0800,0.0900,0.0900,0.0900,0.0900,0.00,172793.00
KXNHL-26-FLA,1767808800,0.0800,0.0800,0.0800,0.0800,0.0900,0.0900,0.0900,0.0900,102.00,172895.00
KXNHL-26-FLA,1767812400,0.0800,0.0800,0.0800,0.0800,0.0900,0.0900,0.0900,0.0900,0.00,172895.00
KXNHL-26-FLA,1767816000,0.0800,0.0800,0.0800,0.0800,0.0900,0.0900,0.0900,0.0900,5.00,172900.00
KXNHL-26-FLA,1767819600,0.0800,0.0800,0.0800,0.0800,0.0900,0.0900,0.0900,0.0900,0.00,172900.00
KXNHL-26-FLA,1767823200,0.0800,0.0800,0.0800,0.0800,0.0900,0.0900,0.0900,0.0900,0.00,172900.00
KXNHL-26-FLA,1767826800,0.0800,0.0800,0.0800,0.0800,0.0900,0.0900,0.0900,0.0900,0.00,172900.00
KXNHL-26-FLA,1767834000,0.0800,0.0800,0.0800,0.0800,0.0900,0.0900,0.0900,0.0900,0.00,172900.00
KXNHL-26-FLA,1767837600,0.0800,0.0800,0.0800,0.0800,0.0900,0.0900,0.0900,0.0900,0.00,172900.00
KXNHL-26-FLA,1767841200,0.0800,0.0800,0.0800,0.0800,0.0900,0.0900,0.0900,0.0900,29.00,172929.00
KXNHL-26-FLA,1767844800,0.0800,0.0800,0.0800,0.0800,0.0900,0.0900,0.0900,0.0900,398.00,173327.00
KXNHL-26-FLA,1767848400,0.0800,0.0800,0.0800,0.0800,0.0900,0.0900,0.0900,0.0900,124.00,173451.00
KXNHL-26-FLA,1767852000,0.0800,0.0800,0.0800,0.0800,0.0900,0.0900,0.0900,0.0900,181.00,173632.00
KXNHL-26-FLA,1767855600,0.0800,0.0800,0.0800,0.0800,0.0900,0.0900,0.0900,0.0900,0.00,173632.00
KXNHL-26-FLA,1767859200,0.0800,0.0800,0.0800,0.0800,0.0900,0.0900,0.0900,0.0900,0.00,173632.00
KXNHL-26-FLA,1767866400,0.0800,0.0800,0.0800,0.0800,0.0900,0.0900,0.0900,0.0900,0.00,173632.00
KXNHL-26-FLA,1767870000,0.0800,0.0800,0.0800,0.0800,0.0900,0.0900,0.0900,0.0900,0.00,173632.00
KXNHL-26-FLA,1767873600,0.0800,0.0800,0.0800,0.0800,0.0900,0.0900,0.0900,0.0900,0.00,173632.00
KXNHL-26-FLA,1767877200,0.0800,0.0800,0.0800,0.0800,0.0900,0.0900,0.0900,0.0900,0.00,173632.00
KXNHL-26-FLA,1767884400,0.0800,0.0800,0.0800,0.0800,0.0900,0.0900,0.0900,0.0900,9.00,173641.00
KXNHL-26-FLA,1767891600,0.0800,0.0800,0.0800,0.0800,0.0900,0.0900,0.0900,0.0900,52.00,173693.00
KXNHL-26-FLA,1767895200,0.0800,0.0800,0.0800,0.0800,0.0900,0.0900,0.0900,0.0900,0.00,173693.00
KXNHL-26-FLA,1767902400,0.0800,0.0800,0.0800,0.0800,0.0900,0.0900,0.0900,0.0900,0.00,173693.00
KXNHL-26-FLA,1767909600,0.0800,0.0800,0.0800,0.0800,0.0900,0.0900,0.0900,0.0900,1052.00,172745.00
KXNHL-26-FLA,1767913200,0.0800,0.0800,0.0800,0.0800,0.0900,0.0900,0.0900,0.0900,312.00,172433.00
KXNHL-26-FLA,1767916800,0.0800,0.0800,0.0800,0.0800,0.0900,0.0900,0.0900,0.0900,0.00,172433.00
KXNHL-26-FLA,1767920400,0.0800,0.0800,0.0800,0.0800,0.0900,0.0900,0.0900,0.0900,10.00,172443.00
KXNHL-26-FLA,1767924000,0.0800,0.0800,0.0800,0.0800,0.0900,0.0900,0.0900,0.0900,20.00,172463.00
KXNHL-26-FLA,1767927600,0.0800,0.0800,0.0800,0.0800,0.0900,0.0900,0.0900,0.0900,0.00,172463.00
KXNHL-26-FLA,1767931200,0.0800,0.0800,0.0800,0.0800,0.0900,0.0900,0.0900,0.0900,0.00,172463.00
KXNHL-26-FLA,1767934800,0.0800,0.0800,0.0800,0.0800,0.0900,0.0900,0.0900,0.0900,100.00,172563.00
KXNHL-26-FLA,1767938400,0.0800,0.0800,0.0800,0.0800,0.0900,0.0900,0.0900,0.0900,0.00,172563.00
KXNHL-26-FLA,1767942000,0.0800,0.0800,0.0800,0.0800,0.0900,0.0900,0.0900,0.0900,0.00,172563.00
KXNHL-26-FLA,1767945600,0.0800,0.0800,0.0800,0.0800,0.0900,0.0900,0.0900,0.0900,8.00,172571.00
KXNHL-26-FLA,1767949200,0.0800,0.0800,0.0800,0.0800,0.0900,0.0900,0.0900,0.0900,0.00,172571.00
KXNHL-26-FLA,1767952800,0.0800,0.0800,0.0800,0.0800,0.0900,0.0900,0.0900,0.0900,0.00,172571.00
KXNHL-26-FLA,1767956400,0.0800,0.0800,0.0800,0.0800,0.0900,0.0900,0.0900,0.0900,0.00,172571.00
KXNHL-26-FLA,1767960000,0.0800,0.0800,0.0800,0.0800,0.0900,0.0900,0.0900,0.0900,0.00,172571.00
KXNHL-26-FLA,1767963600,0.0800,0.0800,0.0800,0.0800,0.0900,0.0900,0.0900,0.0900,0.00,172571.00
KXNHL-26-FLA,1767967200,0.0800,0.0800,0.0800,0.0800,0.0900,0.0900,0.0900,0.0900,0.00,172571.00
KXNHL-26-FLA,1767970800,0.0800,0.0800,0.0800,0.0800,0.0900,0.0900,0.0900,0.0900,10.00,172581.00
KXNHL-26-FLA,1767974400,0.0800,0.0800,0.0800,0.0800,0.0900,0.0900,0.0900,0.0900,6.00,172586.00
KXNHL-26-FLA,1767978000,0.0800,0.0800,0.0800,0.0800,0.0900,0.0900,0.0900,0.0900,0.00,172586.00
KXNHL-26-FLA,1767981600,0.0800,0.0800,0.0800,0.0800,0.0900,0.0900,0.0900,0.0900,0.00,172586.00
KXNHL-26-FLA,1767985200,0.0800,0.0800,0.0800,0.0800,0.0900,0.0900,0.0900,0.0900,0.00,172586.00
KXNHL-26-FLA,1767988800,0.0800,0.0800,0.0800,0.0800,0.0900,0.0900,0.0900,0.0900,0.00,172586.00
KXNHL-26-FLA,1767992400,0.0800,0.0800,0.0800,0.0800,0.0900,0.0900,0.0900,0.0900,0.00,172586.00
KXNHL-26-FLA,1767996000,0.0800,0.0800,0.0800,0.0800,0.0900,0.0900,0.0900,0.0900,0.00,172586.00
KXNHL-26-FLA,1767999600,0.0800,0.0800,0.0800,0.0800,0.0900,0.0900,0.0900,0.0900,0.00,172586.00
KXNHL-26-FLA,1768003200,0.0800,0.0800,0.0800,0.0800,0.0900,0.0900,0.0900,0.0900,75.00,172661.00
KXNHL-26-FLA,1768006800,0.0800,0.0800,0.0800,0.0800,0.0900,0.0900,0.0900,0.0900,0.00,172661.00
KXNHL-26-FLA,1768014000,0.0800,0.0800,0.0800,0.0800,0.0900,0.0900,0.0900,0.0900,0.00,172661.00
KXNHL-26-FLA,1768017600,0.0800,0.0800,0.0800,0.0800,0.0900,0.0900,0.0900,0.0900,10.00,172671.00
KXNHL-26-FLA,1768021200,0.0800,0.0800,0.0800,0.0800,0.0900,0.0900,0.0900,0.0900,52.00,172723.00
KXNHL-26-FLA,1768024800,0.0800,0.0800,0.0800,0.0800,0.0900,0.0900,0.0900,0.0900,10.00,172713.00
KXNHL-26-FLA,1768028400,0.0800,0.0800,0.0800,0.0800,0.0900,0.0900,0.0900,0.0900,110.00,172623.00
KXNHL-26-FLA,1768032000,0.0800,0.0800,0.0800,0.0800,0.0900,0.0900,0.0900,0.0900,0.00,172623.00
KXNHL-26-FLA,1768035600,0.0800,0.0800,0.0800,0.0800,0.0900,0.0900,0.0900,0.0900,94.00,172529.00
KXNHL-26-FLA,1768039200,0.0800,0.0800,0.0800,0.0800,0.0900,0.0900,0.0900,0.0900,0.00,172529.00
KXNHL-26-FLA,1768046400,0.0800,0.0800,0.0800,0.0800,0.0900,0.0900,0.0900,0.0900,0.00,172529.00
KXNHL-26-FLA,1768050000,0.0800,0.0800,0.0800,0.0800,0.0900,0.0900,0.0900,0.0900,0.00,172529.00
KXNHL-26-FLA,1768053600,0.0800,0.0800,0.0800,0.0800,0.0900,0.0900,0.0900,0.0900,0.00,172529.00
KXNHL-26-FLA,1768057200,0.0800,0.0800,0.0800,0.0800,0.0900,0.0900,0.0900,0.0900,0.00,172529.00
KXNHL-26-FLA,1768060800,0.0800,0.0800,0.0800,0.0800,0.0900,0.0900,0.0900,0.0900,31.00,172560.00
KXNHL-26-FLA,1768064400,0.0800,0.0800,0.0800,0.0800,0.0900,0.0900,0.0900,0.0900,0.00,172560.00
KXNHL-26-FLA,1768068000,0.0800,0.0800,0.0800,0.0800,0.0900,0.0900,0.0900,0.0900,0.00,172560.00
KXNHL-26-FLA,1768071600,0.0800,0.0800,0.0800,0.0800,0.0900,0.0900,0.0900,0.0900,8.00,172568.00
KXNHL-26-FLA,1768075200,0.0800,0.0800,0.0800,0.0800,0.0900,0.0900,0.0900,0.0900,0.00,172568.00
KXNHL-26-FLA,1768078800,0.0800,0.0800,0.0800,0.0800,0.0900,0.0900,0.0900,0.0900,0.00,172568.00
KXNHL-26-FLA,1768082400,0.0800,0.0800,0.0800,0.0800,0.0900,0.0900,0.0900,0.0900,0.00,172568.00
KXNHL-26-FLA,1768089600,0.0800,0.0800,0.0800,0.0800,0.0900,0.0900,0.0900,0.0900,100.00,172668.00
KXNHL-26-FLA,1768093200,0.0800,0.0800,0.0800,0.0800,0.0900,0.0900,0.0900,0.0900,111.00,172779.00
KXNHL-26-FLA,1768096800,0.0800,0.0800,0.0800,0.0800,0.0900,0.0900,0.0900,0.0900,258.00,173037.00
KXNHL-26-FLA,1768100400,0.0800,0.0800,0.0800,0.0800,0.0900,0.0900,0.0900,0.0900,0.00,173037.00
KXNHL-26-FLA,1768104000,0.0800,0.0800,0.0800,0.0800,0.0900,0.0900,0.0900,0.0900,0.00,173037.00
KXNHL-26-FLA,1768107600,0.0800,0.0800,0.0800,0.0800,0.0900,0.0900,0.0900,0.0900,477.00,173514.00
KXNHL-26-FLA,1768111200,0.0800,0.0800,0.0800,0.0800,0.0900,0.0900,0.0900,0.0900,0.00,173514.00
KXNHL-26-FLA,1768114800,0.0800,0.0800,0.0800,0.0800,0.0900,0.0900,0.0900,0.0900,261.00,173775.00
KXNHL-26-FLA,1768118400,0.0800,0.0800,0.0800,0.0800,0.0900,0.0900,0.0900,0.0900,0.00,173775.00
KXNHL-26-FLA,1768122000,0.0800,0.0800,0.0800,0.0800,0.0900,0.0900,0.0900,0.0900,0.00,173775.00
KXNHL-26-FLA,1768125600,0.0800,0.0800,0.0800,0.0800,0.0900,0.0900,0.0900,0.0900,0.00,173775.00
KXNHL-26-FLA,1768129200,0.0800,0.0800,0.0800,0.0800,0.0900,0.0900,0.0900,0.0900,0.00,173775.00
KXNHL-26-FLA,1768132800,0.0800,0.0800,0.0800,0.0800,0.0900,0.0900,0.0900,0.0900,194.00,173969.00
KXNHL-26-FLA,1768136400,0.0800,0.0800,0.0800,0.0800,0.0900,0.0900,0.0900,0.0900,0.00,173969.00
KXNHL-26-FLA,1768140000,0.0800,0.0800,0.0800,0.0800,0.0900,0.0900,0.0900,0.0900,246.00,173743.00
KXNHL-26-FLA,1768143600,0.0800,0.0800,0.0800,0.0800,0.0900,0.0900,0.0900,0.0900,0.00,173743.00
KXNHL-26-FLA,1768147200,0.0800,0.0800,0.0800,0.0800,0.0900,0.0900,0.0900,0.0900,0.00,173743.00
KXNHL-26-FLA,1768150800,0.0800,0.0800,0.0800,0.0800,0.0900,0.0900,0.0900,0.0900,0.00,173743.00
KXNHL-26-FLA,1768154400,0.0800,0.0800,0.0800,0.0800,0.0900,0.0900,0.0900,0.0900,0.00,173743.00
KXNHL-26-FLA,1768158000,0.0800,0.0800,0.0800,0.0800,0.0900,0.0900,0.0900,0.0900,45.00,173788.00
KXNHL-26-FLA,1768161600,0.0800,0.0800,0.0800,0.0800,0.0900,0.0900,0.0900,0.0900,0.00,173788.00
KXNHL-26-FLA,1768168800,0.0800,0.0800,0.0800,0.0800,0.0900,0.0900,0.0900,0.0900,9.00,173781.00
KXNHL-26-FLA,1768172400,0.0800,0.0800,0.0800,0.0800,0.0900,0.0900,0.0900,0.0900,0.00,173781.00
KXNHL-26-FLA,1768176000,0.0800,0.0800,0.0800,0.0800,0.0900,0.0900,0.0900,0.0900,239.00,174020.00
KXNHL-26-FLA,1768179600,0.0800,0.0800,0.0800,0.0800,0.0900,0.0900,0.0900,0.0900,0.00,174020.00
KXNHL-26-FLA,1768183200,0.0800,0.0800,0.0800,0.0800,0.0900,0.0900,0.0900,0.0900,367.00,173821.00
KXNHL-26-FLA,1768186800,0.0800,0.0800,0.0800,0.0800,0.0900,0.0900,0.0900,0.0900,0.00,173821.00
KXNHL-26-FLA,1768190400,0.0800,0.0800,0.0800,0.0800,0.0900,0.0900,0.0900,0.0900,0.00,173821.00
KXNHL-26-FLA,1768194000,0.0800,0.0800,0.0800,0.0800,0.0900,0.0900,0.0900,0.0900,181.00,173991.00
KXNHL-26-FLA,1768197600,0.0800,0.0800,0.0800,0.0800,0.0900,0.0900,0.0900,0.0900,156.00,174147.00
KXNHL-26-FLA,1768201200,0.0800,0.0800,0.0800,0.0800,0.0900,0.0900,0.0900,0.0900,1341.00,175030.00
KXNHL-26-FLA,1768208400,0.0800,0.0800,0.0800,0.0800,0.0900,0.0900,0.0900,0.0900,104.00,175134.00
KXNHL-26-FLA,1768215600,0.0800,0.0800,0.0800,0.0800,0.0900,0.0900,0.0900,0.0900,0.00,175134.00
KXNHL-26-FLA,1768219200,0.0800,0.0800,0.0800,0.0800,0.0900,0.0900,0.0900,0.0900,0.00,175134.00
KXNHL-26-FLA,1768222800,0.0800,0.0800,0.0800,0.0800,0.0900,0.0900,0.0900,0.0900,0.00,175134.00
KXNHL-26-FLA,1768226400,0.0800,0.0800,0.0800,0.0800,0.0900,0.0900,0.0900,0.0900,0.00,175134.00
KXNHL-26-FLA,1768230000,0.0800,0.0800,0.0800,0.0800,0.0900,0.0900,0.0900,0.0900,0.00,175134.00
KXNHL-26-FLA,1768237200,0.0800,0.0800,0.0800,0.0800,0.0900,0.0900,0.0900,0.0900,0.00,175134.00
KXNHL-26-FLA,1768240800,0.0800,0.0800,0.0800,0.0800,0.0900,0.0900,0.0900,0.0900,2089.00,177223.00
KXNHL-26-FLA,1768244400,0.0800,0.0800,0.0800,0.0800,0.0900,0.0900,0.0900,0.0900,302.00,177525.00
KXNHL-26-FLA,1768248000,0.0800,0.0800,0.0800,0.0800,0.0900,0.0900,0.0900,0.0900,500.00,177025.00
KXNHL-26-FLA,1768251600,0.0800,0.0800,0.0800,0.0800,0.0900,0.0900,0.0900,0.0900,73.00,177044.00
KXNHL-26-FLA,1768255200,0.0800,0.0800,0.0800,0.0800,0.0900,0.0900,0.0900,0.0900,0.00,177044.00
KXNHL-26-FLA,1768258800,0.0800,0.0800,0.0800,0.0800,0.0900,0.0900,0.0900,0.0900,0.00,177044.00
KXNHL-26-FLA,1768262400,0.0800,0.0800,0.0800,0.0800,0.0900,0.0900,0.0900,0.0900,0.00,177044.00
KXNHL-26-FLA,1768266000,0.0800,0.0800,0.0800,0.0800,0.0900,0.0900,0.0900,0.0900,0.00,177044.00
KXNHL-26-FLA,1768269600,0.0800,0.0800,0.0800,0.0800,0.0900,0.0900,0.0900,0.0900,0.00,177044.00
KXNHL-26-FLA,1768273200,0.0800,0.0800,0.0800,0.0800,0.0900,0.0900,0.0900,0.0900,108.00,177152.00
KXNHL-26-FLA,1768276800,0.0800,0.0800,0.0800,0.0800,0.0900,0.0900,0.0900,0.0900,0.00,177152.00
KXNHL-26-FLA,1768280400,0.0800,0.0800,0.0800,0.0800,0.0900,0.0900,0.0900,0.0900,0.00,177152.00
KXNHL-26-FLA,1768284000,0.0800,0.0800,0.0800,0.0800,0.0900,0.0900,0.0900,0.0900,90.00,177242.00
KXNHL-26-FLA,1768287600,0.0800,0.0800,0.0800,0.0800,0.0900,0.0900,0.0900,0.0900,15.00,177257.00
KXNHL-26-FLA,1768291200,0.0800,0.0800,0.0800,0.0800,0.0900,0.0900,0.0900,0.0900,16.00,177273.00
KXNHL-26-FLA,1768294800,0.0800,0.0800,0.0800,0.0800,0.0900,0.0900,0.0900,0.0900,154.00,177427.00
KXNHL-26-FLA,1768298400,0.0800,0.0800,0.0800,0.0800,0.0900,0.0900,0.0900,0.0900,0.00,177427.00
KXNHL-26-FLA,1768305600,0.0800,0.0800,0.0800,0.0800,0.0900,0.0900,0.0900,0.0900,2.00,177429.00
KXNHL-26-FLA,1768309200,0.0800,0.0800,0.0800,0.0800,0.0900,0.0900,0.0900,0.0900,0.00,177429.00
KXNHL-26-FLA,1768312800,0.0800,0.0800,0.0800,0.0800,0.0900,0.0900,0.0900,0.0900,0.00,177429.00
KXNHL-26-FLA,1768316400,0.0800,0.0800,0.0800,0.0800,0.0900,0.0900,0.0900,0.0900,0.00,177429.00
KXNHL-26-FLA,1768320000,0.0800,0.0800,0.0800,0.0800,0.0900,0.0900,0.0900,0.0900,0.00,177429.00
KXNHL-26-FLA,1768323600,0.0800,0.0800,0.0800,0.0800,0.0900,0.0900,0.0900,0.0900,1.00,177430.00
KXNHL-26-FLA,1768327200,0.0800,0.0800,0.0800,0.0800,0.0900,0.0900,0.0900,0.0900,0.00,177430.00
KXNHL-26-FLA,1768330800,0.0800,0.0800,0.0800,0.0800,0.0900,0.0900,0.0900,0.0900,0.00,177430.00
KXNHL-26-FLA,1768334400,0.0800,0.0800,0.0800,0.0800,0.0900,0.0900,0.0900,0.0900,0.00,177430.00
KXNHL-26-FLA,1768338000,0.0800,0.0800,0.0800,0.0800,0.0900,0.0900,0.0900,0.0900,0.00,177430.00
KXNHL-26-FLA,1768341600,0.0800,0.0800,0.0800,0.0800,0.0900,0.0900,0.0900,0.0900,31.00,177461.00
KXNHL-26-FLA,1768345200,0.0800,0.0800,0.0800,0.0800,0.0900,0.0900,0.0900,0.0900,2.00,177463.00
KXNHL-26-FLA,1768348800,0.0800,0.0800,0.0800,0.0800,0.0900,0.0900,0.0900,0.0900,0.00,177463.00
KXNHL-26-FLA,1768352400,0.0800,0.0800,0.0800,0.0800,0.0900,0.0900,0.0900,0.0900,0.00,177463.00
KXNHL-26-FLA,1768356000,0.0800,0.0800,0.0800,0.0800,0.0900,0.0900,0.0900,0.0900,0.00,177463.00
KXNHL-26-FLA,1768359600,0.0800,0.0800,0.0800,0.0800,0.0900,0.0900,0.0900,0.0900,0.00,177463.00
KXNHL-26-FLA,1768363200,0.0800,0.0800,0.0800,0.0800,0.0900,0.0900,0.0900,0.0900,0.00,177463.00
KXNHL-26-FLA,1768366800,0.0800,0.0800,0.0800,0.0800,0.0900,0.0900,0.0900,0.0900,0.00,177463.00
KXNHL-26-FLA,1768370400,0.0800,0.0800,0.0800,0.0800,0.0900,0.0900,0.0900,0.0900,0.00,177463.00
KXNHL-26-FLA,1768374000,0.0800,0.0800,0.0800,0.0800,0.0900,0.0900,0.0900,0.0900,0.00,177463.00
KXNHL-26-FLA,1768377600,0.0800,0.0800,0.0800,0.0800,0.0900,0.0900,0.0900,0.0900,0.00,177463.00
KXNHL-26-FLA,1768381200,0.0800,0.0800,0.0800,0.0800,0.0900,0.0900,0.0900,0.0900,0.00,177463.00
KXNHL-26-FLA,1768384800,0.0800,0.0800,0.0800,0.0800,0.0900,0.0900,0.0900,0.0900,0.00,177463.00
KXNHL-26-FLA,1768388400,0.0800,0.0800,0.0800,0.0800,0.0900,0.0900,0.0900,0.0900,0.00,177463.00
KXNHL-26-FLA,1768392000,0.0800,0.0800,0.0800,0.0800,0.0900,0.0900,0.0900,0.0900,0.00,177463.00
KXNHL-26-FLA,1768395600,0.0800,0.0800,0.0800,0.0800,0.0900,0.0900,0.0900,0.0900,0.00,177463.00
KXNHL-26-FLA,1768399200,0.0800,0.0800,0.0800,0.0800,0.0900,0.0900,0.0900,0.0900,0.00,177463.00
KXNHL-26-FLA,1768402800,0.0800,0.0800,0.0800,0.0800,0.0900,0.0900,0.0900,0.0900,0.00,177463.00
KXNHL-26-FLA,1768406400,0.0800,0.0800,0.0800,0.0800,0.0900,0.0900,0.0900,0.0900,909.00,178372.00
KXNHL-26-FLA,1768410000,0.0800,0.0800,0.0800,0.0800,0.0900,0.0900,0.0900,0.0900,12.00,178360.00
KXNHL-26-FLA,1768413600,0.0800,0.0800,0.0800,0.0800,0.0900,0.0900,0.0900,0.0900,0.00,178360.00
KXNHL-26-FLA,1768417200,0.0800,0.0800,0.0800,0.0800,0.0900,0.0900,0.0900,0.0900,48.00,178408.00
KXNHL-26-FLA,1768420800,0.0800,0.0800,0.0800,0.0800,0.0900,0.0900,0.0900,0.0900,0.00,178408.00
KXNHL-26-FLA,1768424400,0.0800,0.0800,0.0800,0.0800,0.0900,0.0900,0.0900,0.0900,30.00,178378.00
KXNHL-26-FLA,1768428000,0.0800,0.0800,0.0800,0.0800,0.0900,0.0900,0.0900,0.0900,193.00,178571.00
KXNHL-26-FLA,1768435200,0.0800,0.0800,0.0800,0.0800,0.0900,0.0900,0.0900,0.0900,5.00,178566.00
KXNHL-26-FLA,1768438800,0.0800,0.0800,0.0800,0.0800,0.0900,0.0900,0.0900,0.0900,10.00,178576.00
KXNHL-26-FLA,1768442400,0.0800,0.0800,0.0800,0.0800,0.0900,0.0900,0.0900,0.0900,0.00,178576.00
KXNHL-26-FLA,1768446000,0.0800,0.0800,0.0800,0.0800,0.0900,0.0900,0.0900,0.0900,1.00,178577.00
KXNHL-26-FLA,1768449600,0.0800,0.0800,0.0800,0.0800,0.0900,0.0900,0.0900,0.0900,0.00,178577.00
KXNHL-26-FLA,1768453200,0.0800,0.0800,0.0800,0.0800,0.0900,0.0900,0.0900,0.0900,0.00,178577.00
KXNHL-26-FLA,1768456800,0.0800,0.0800,0.0800,0.0800,0.0900,0.0900,0.0900,0.0900,4.00,178573.00
KXNHL-26-FLA,1768460400,0.0800,0.0800,0.0800,0.0800,0.0900,0.0900,0.0900,0.0900,0.00,178573.00
KXNHL-26-FLA,1768464000,0.0800,0.0800,0.0800,0.0800,0.0900,0.0900,0.0900,0.0900,0.00,178573.00
KXNHL-26-FLA,1768471200,0.0800,0.0800,0.0800,0.0800,0.0900,0.0900,0.0900,0.0900,0.00,178573.00
KXNHL-26-FLA,1768474800,0.0800,0.0800,0.0800,0.0800,0.0900,0.0900,0.0900,0.0900,55.00,178518.00
KXNHL-26-FLA,1768478400,0.0800,0.0800,0.0800,0.0800,0.0900,0.0900,0.0900,0.0900,0.00,178518.00
KXNHL-26-FLA,1768482000,0.0800,0.0800,0.0800,0.0800,0.0900,0.0900,0.0900,0.0900,0.00,178518.00
KXNHL-26-FLA,1768485600,0.0800,0.0800,0.0800,0.0800,0.0900,0.0900,0.0900,0.0900,0.00,178518.00
KXNHL-26-FLA,1768489200,0.0800,0.0800,0.0800,0.0800,0.0900,0.0900,0.0900,0.0900,0.00,178518.00
KXNHL-26-FLA,1768492800,0.0800,0.0800,0.0800,0.0800,0.0900,0.0900,0.0900,0.0900,90.00,178608.00
KXNHL-26-FLA,1768496400,0.0800,0.0800,0.0800,0.0800,0.0900,0.0900,0.0900,0.0900,10.00,178598.00
KXNHL-26-FLA,1768500000,0.0800,0.0800,0.0800,0.0800,0.0900,0.0900,0.0900,0.0900,18.00,178590.00
KXNHL-26-FLA,1768503600,0.0800,0.0800,0.0800,0.0800,0.0900,0.0900,0.0900,0.0900,324.00,178466.00
KXNHL-26-FLA,1768507200,0.0800,0.0800,0.0800,0.0800,0.0900,0.0900,0.0900,0.0900,115.00,178492.00
KXNHL-26-FLA,1768510800,0.0800,0.0800,0.0800,0.0800,0.0900,0.0900,0.0900,0.0900,0.00,178492.00
KXNHL-26-FLA,1768514400,0.0800,0.0800,0.0800,0.0800,0.0900,0.0900,0.0900,0.0900,1.00,178493.00
KXNHL-26-FLA,1768518000,0.0800,0.0800,0.0800,0.0800,0.0900,0.0900,0.0900,0.0900,28.00,178493.00
KXNHL-26-FLA,1768521600,0.0800,0.0800,0.0800,0.0800,0.0900,0.0900,0.0900,0.0900,0.00,178493.00
KXNHL-26-FLA,1768525200,0.0800,0.0800,0.0800,0.0800,0.0900,0.0900,0.0900,0.0900,20.00,178513.00
KXNHL-26-FLA,1768528800,0.0800,0.0800,0.0800,0.0800,0.0900,0.0900,0.0900,0.0900,24.00,178537.00
KXNHL-26-FLA,1768532400,0.0800,0.0800,0.0800,0.0800,0.0900,0.0900,0.0900,0.0900,35.00,178572.00
KXNHL-26-FLA,1768536000,0.0800,0.0800,0.0800,0.0800,0.0900,0.0900,0.0900,0.0900,0.00,178572.00
KXNHL-26-FLA,1768539600,0.0800,0.0800,0.0800,0.0800,0.0900,0.0900,0.0900,0.0900,0.00,178572.00
KXNHL-26-FLA,1768543200,0.0800,0.0800,0.0800,0.0800,0.0900,0.0900,0.0900,0.0900,112.00,178533.00
KXNHL-26-FLA,1768546800,0.0800,0.0800,0.0800,0.0800,0.0900,0.0900,0.0900,0.0900,0.00,178533.00
KXNHL-26-FLA,1768550400,0.0800,0.0800,0.0800,0.0800,0.0900,0.0900,0.0900,0.0900,0.00,178533.00
KXNHL-26-FLA,1768554000,0.0800,0.0800,0.0800,0.0800,0.0900,0.0900,0.0900,0.0900,0.00,178533.00
KXNHL-26-FLA,1768557600,0.0800,0.0800,0.0800,0.0800,0.0900,0.0900,0.0900,0.0900,0.00,178533.00
KXNHL-26-FLA,1768564800,0.0800,0.0800,0.0800,0.0800,0.0900,0.0900,0.0900,0.0900,0.00,178533.00
KXNHL-26-FLA,1768568400,0.0800,0.0800,0.0800,0.0800,0.0900,0.0900,0.0900,0.0900,0.00,178533.00
KXNHL-26-FLA,1768572000,0.0800,0.0800,0.0800,0.0800,0.0900,0.0900,0.0900,0.0900,0.00,178533.00
KXNHL-26-FLA,1768575600,0.0800,0.0800,0.0800,0.0800,0.0900,0.0900,0.0900,0.0900,0.00,178533.00
KXNHL-26-FLA,1768579200,0.0800,0.0800,0.0800,0.0800,0.0900,0.0900,0.0900,0.0900,0.00,178533.00
KXNHL-26-FLA,1768582800,0.0800,0.0800,0.0800,0.0800,0.0900,0.0900,0.0900,0.0900,11.00,178544.00
KXNHL-26-FLA,1768586400,0.0800,0.0800,0.0800,0.0800,0.0900,0.0900,0.0900,0.0900,0.00,178544.00
KXNHL-26-FLA,1768590000,0.0800,0.0800,0.0800,0.0800,0.0900,0.0900,0.0900,0.0900,179.00,178365.00
KXNHL-26-FLA,1768593600,0.0800,0.0800,0.0800,0.0800,0.0900,0.0900,0.0900,0.0900,0.00,178365.00
KXNHL-26-FLA,1768597200,0.0800,0.0800,0.0800,0.0800,0.0900,0.0900,0.0900,0.0900,21.00,178344.00
KXNHL-26-FLA,1768600800,0.0800,0.0800,0.0800,0.0800,0.0900,0.0900,0.0900,0.0900,31.00,178313.00
KXNHL-26-FLA,1768604400,0.0800,0.0800,0.0800,0.0800,0.0900,0.0900,0.0900,0.0900,3841.00,174603.00
KXNHL-26-FLA,1768608000,0.0800,0.0800,0.0800,0.0800,0.0900,0.0900,0.0900,0.0900,0.00,174603.00
KXNHL-26-FLA,1768611600,0.0800,0.0800,0.0800,0.0800,0.0900,0.0900,0.0900,0.0900,10.00,174603.00
KXNHL-26-FLA,1768615200,0.0800,0.0800,0.0800,0.0800,0.0900,0.0900,0.0900,0.0900,0.00,174603.00
KXNHL-26-FLA,1768618800,0.0800,0.0800,0.0800,0.0800,0.0900,0.0900,0.0900,0.0900,31.00,174613.00
KXNHL-26-FLA,1768622400,0.0800,0.0800,0.0800,0.0800,0.0900,0.0900,0.0900,0.0900,0.00,174613.00
KXNHL-26-FLA,1768626000,0.0800,0.0800,0.0800,0.0800,0.0900,0.0900,0.0900,0.0900,0.00,174613.00
KXNHL-26-FLA,1768629600,0.0800,0.0800,0.0800,0.0800,0.0900,0.0900,0.0900,0.0900,0.00,174613.00
KXNHL-26-FLA,1768633200,0.0800,0.0800,0.0800,0.0800,0.0900,0.0900,0.0900,0.0900,0.00,174613.00
KXNHL-26-FLA,1768636800,0.0800,0.0800,0.0800,0.0800,0.0900,0.0900,0.0900,0.0900,524.00,175137.00
KXNHL-26-FLA,1768640400,0.0800,0.0800,0.0800,0.0800,0.0900,0.0900,0.0900,0.0900,0.00,175137.00
KXNHL-26-FLA,1768644000,0.0800,0.0800,0.0800,0.0800,0.0900,0.0900,0.0900,0.0900,0.00,175137.00
KXNHL-26-FLA,1768647600,0.0800,0.0800,0.0800,0.0800,0.0900,0.0900,0.0900,0.0900,0.00,175137.00
KXNHL-26-FLA,1768651200,0.0800,0.0800,0.0800,0.0800,0.0900,0.0900,0.0900,0.0900,0.00,175137.00
KXNHL-26-FLA,1768654800,0.0800,0.0800,0.0800,0.0800,0.0900,0.0900,0.0900,0.0900,0.00,175137.00
KXNHL-26-FLA,1768658400,0.0800,0.0800,0.0800,0.0800,0.0900,0.0900,0.0900,0.0900,0.00,175137.00
KXNHL-26-FLA,1768662000,0.0800,0.0800,0.0800,0.0800,0.0900,0.0900,0.0900,0.0900,0.00,175137.00
KXNHL-26-FLA,1768665600,0.0800,0.0800,0.0800,0.0800,0.0900,0.0900,0.0900,0.0900,0.00,175137.00
KXNHL-26-FLA,1768669200,0.0800,0.0800,0.0800,0.0800,0.0900,0.0900,0.0900,0.0900,0.00,175137.00
KXNHL-26-FLA,1768672800,0.0800,0.0800,0.0800,0.0800,0.0900,0.0900,0.0900,0.0900,25.00,175162.00
KXNHL-26-FLA,1768676400,0.0800,0.0800,0.0800,0.0800,0.0900,0.0900,0.0900,0.0900,0.00,175162.00
KXNHL-26-FLA,1768680000,0.0800,0.0800,0.0700,0.0800,0.0900,0.0900,0.0900,0.0900,0.00,175162.00
KXNHL-26-FLA,1768683600,0.0800,0.0800,0.0800,0.0800,0.0900,0.0900,0.0900,0.0900,54.00,175216.00
KXNHL-26-FLA,1768687200,0.0800,0.0800,0.0800,0.0800,0.0900,0.0900,0.0900,0.0900,0.00,175216.00
KXNHL-26-FLA,1768690800,0.0800,0.0800,0.0800,0.0800,0.0900,0.0900,0.0900,0.0900,0.00,175216.00
KXNHL-26-FLA,1768698000,0.0800,0.0800,0.0800,0.0800,0.0900,0.0900,0.0900,0.0900,0.00,175216.00
KXNHL-26-FLA,1768701600,0.0800,0.0800,0.0800,0.0800,0.0900,0.0900,0.0900,0.0900,20.00,175196.00
KXNHL-26-FLA,1768705200,0.0800,0.0800,0.0800,0.0800,0.0900,0.0900,0.0900,0.0900,0.00,175196.00
KXNHL-26-FLA,1768708800,0.0800,0.0800,0.0800,0.0800,0.0900,0.0900,0.0900,0.0900,0.00,175196.00
KXNHL-26-FLA,1768712400,0.0800,0.0800,0.0800,0.0800,0.0900,0.0900,0.0900,0.0900,50.00,175246.00
KXNHL-26-FLA,1768716000,0.0800,0.0800,0.0800,0.0800,0.0900,0.0900,0.0900,0.0900,108.00,175346.00
KXNHL-26-FLA,1768719600,0.0800,0.0800,0.0800,0.0800,0.0900,0.0900,0.0900,0.0900,4.00,175342.00
KXNHL-26-FLA,1768723200,0.0800,0.0800,0.0800,0.0800,0.0900,0.0900,0.0900,0.0900,23.00,175319.00
KXNHL-26-FLA,1768726800,0.0800,0.0800,0.0800,0.0800,0.0900,0.0900,0.0900,0.0900,50.00,175329.00
KXNHL-26-FLA,1768730400,0.0800,0.0800,0.0800,0.0800,0.0900,0.0900,0.0900,0.0900,0.00,175329.00
KXNHL-26-FLA,1768734000,0.0800,0.0800,0.0800,0.0800,0.0900,0.0900,0.0900,0.0900,5.00,175329.00
KXNHL-26-FLA,1768741200,0.0800,0.0800,0.0800,0.0800,0.0900,0.0900,0.0900,0.0900,0.00,175329.00
KXNHL-26-FLA,1768744800,0.0800,0.0800,0.0800,0.0800,0.0900,0.0900,0.0900,0.0900,0.00,175329.00
KXNHL-26-FLA,1768748400,0.0800,0.0800,0.0700,0.0700,0.0900,0.0900,0.0900,0.0900,2125.00,175276.00
KXNHL-26-FLA,1768752000,0.0700,0.0800,0.0700,0.0800,0.0900,0.0900,0.0900,0.0900,0.00,175276.00
KXNHL-26-FLA,1768755600,0.0800,0.0800,0.0800,0.0800,0.0900,0.0900,0.0900,0.0900,47.00,175323.00
KXNHL-26-FLA,1768759200,0.0800,0.0800,0.0700,0.0700,0.0900,0.0900,0.0800,0.0800,31.00,175337.00
KXNHL-26-FLA,1768762800,0.0700,0.0700,0.0700,0.0700,0.0800,0.0800,0.0800,0.0800,0.00,175337.00
KXNHL-26-FLA,1768766400,0.0700,0.0800,0.0700,0.0700,0.0800,0.0900,0.0800,0.0900,0.00,175337.00
KXNHL-26-FLA,1768770000,0.0700,0.0800,0.0700,0.0700,0.0900,0.0900,0.0900,0.0900,0.00,175337.00
KXNHL-26-FLA,1768773600,0.0700,0.0800,0.0700,0.0800,0.0900,0.0900,0.0800,0.0900,116.00,175337.00
KXNHL-26-FLA,1768777200,0.0800,0.0800,0.0700,0.0700,0.0900,0.0900,0.0900,0.0900,0.00,175337.00
KXNHL-26-FLA,1768780800,0.0700,0.0800,0.0700,0.0700,0.0900,0.0900,0.0900,0.0900,0.00,175337.00
KXNHL-26-FLA,1768784400,0.0700,0.0800,0.0700,0.0700,0.0900,0.0900,0.0800,0.0800,10.00,175337.00
KXNHL-26-FLA,1768788000,0.0700,0.0700,0.0700,0.0700,0.0800,0.0900,0.0800,0.0900,522.00,175859.00
KXNHL-26-FLA,1768791600,0.0700,0.0700,0.0700,0.0700,0.0900,0.0900,0.0900,0.0900,0.00,175859.00
KXNHL-26-FLA,1768795200,0.0700,0.0800,0.0700,0.0700,0.0900,0.0900,0.0800,0.0800,115.00,175963.00
KXNHL-26-FLA,1768798800,0.0700,0.0700,0.0700,0.0700,0.0800,0.0800,0.0800,0.0800,0.00,175963.00
KXNHL-26-FLA,1768802400,0.0700,0.0700,0.0700,0.0700,0.0800,0.0800,0.0800,0.0800,313.00,176244.00
KXNHL-26-FLA,1768806000,0.0700,0.0700,0.0700,0.0700,0.0800,0.0800,0.0800,0.0800,0.00,176244.00
KXNHL-26-FLA,1768809600,0.0700,0.0700,0.0700,0.0700,0.0800,0.0800,0.0800,0.0800,0.00,176244.00
KXNHL-26-FLA,1768813200,0.0700,0.0700,0.0700,0.0700,0.0800,0.0800,0.0800,0.0800,3.00,176247.00
KXNHL-26-FLA,1768820400,0.0700,0.0700,0.0700,0.0700,0.0800,0.0800,0.0800,0.0800,0.00,176247.00
KXNHL-26-FLA,1768827600,0.0700,0.0700,0.0700,0.0700,0.0800,0.0800,0.0800,0.0800,0.00,176247.00
KXNHL-26-FLA,1768831200,0.0700,0.0700,0.0700,0.0700,0.0800,0.0800,0.0800,0.0800,0.00,176247.00
KXNHL-26-FLA,1768834800,0.0700,0.0700,0.0700,0.0700,0.0800,0.0800,0.0800,0.0800,0.00,176247.00
KXNHL-26-FLA,1768838400,0.0700,0.0700,0.0700,0.0700,0.0800,0.0800,0.0800,0.0800,53.00,176247.00
KXNHL-26-FLA,1768842000,0.0700,0.0700,0.0700,0.0700,0.0800,0.0800,0.0800,0.0800,0.00,176247.00
KXNHL-26-FLA,1768845600,0.0700,0.0700,0.0700,0.0700,0.0800,0.0800,0.0800,0.0800,0.00,176247.00
KXNHL-26-FLA,1768849200,0.0700,0.0700,0.0700,0.0700,0.0800,0.0800,0.0800,0.0800,12.00,176247.00
KXNHL-26-FLA,1768852800,0.0700,0.0700,0.0700,0.0700,0.0800,0.0800,0.0800,0.0800,0.00,176247.00
KXNHL-26-FLA,1768856400,0.0700,0.0700,0.0700,0.0700,0.0800,0.0800,0.0800,0.0800,0.00,176247.00
KXNHL-26-FLA,1768860000,0.0700,0.0700,0.0700,0.0700,0.0800,0.0800,0.0800,0.0800,0.00,176247.00
KXNHL-26-FLA,1768863600,0.0700,0.0700,0.0700,0.0700,0.0800,0.0800,0.0800,0.0800,101.00,176164.00
KXNHL-26-FLA,1768867200,0.0700,0.0700,0.0700,0.0700,0.0800,0.0800,0.0800,0.0800,28.00,176192.00
KXNHL-26-FLA,1768870800,0.0700,0.0700,0.0700,0.0700,0.0800,0.0800,0.0800,0.0800,58.00,176250.00
KXNHL-26-FLA,1768874400,0.0700,0.0700,0.0700,0.0700,0.0800,0.0800,0.0800,0.0800,0.00,176250.00
KXNHL-26-FLA,1768878000,0.0700,0.0700,0.0700,0.0700,0.0800,0.0800,0.0800,0.0800,113.00,176233.00
KXNHL-26-FLA,1768881600,0.0700,0.0700,0.0700,0.0700,0.0800,0.0800,0.0800,0.0800,18.00,176233.00
KXNHL-26-FLA,1768885200,0.0700,0.0700,0.0700,0.0700,0.0800,0.0800,0.0800,0.0800,29.00,176262.00
KXNHL-26-FLA,1768888800,0.0700,0.0700,0.0700,0.0700,0.0800,0.0800,0.0800,0.0800,23.00,176285.00
KXNHL-26-FLA,1768892400,0.0700,0.0700,0.0700,0.0700,0.0800,0.0800,0.0800,0.0800,268.00,176553.00
KXNHL-26-FLA,1768896000,0.0700,0.0700,0.0700,0.0700,0.0800,0.0800,0.0800,0.0800,6.00,176559.00
KXNHL-26-FLA,1768899600,0.0700,0.0700,0.0700,0.0700,0.0800,0.0800,0.0800,0.0800,0.00,176559.00
KXNHL-26-FLA,1768903200,0.0700,0.0700,0.0700,0.0700,0.0800,0.0800,0.0800,0.0800,261.00,176559.00
KXNHL-26-FLA,1768910400,0.0700,0.0700,0.0700,0.0700,0.0800,0.0800,0.0800,0.0800,0.00,176559.00
KXNHL-26-FLA,1768914000,0.0700,0.0700,0.0700,0.0700,0.0800,0.0800,0.0800,0.0800,0.00,176559.00
KXNHL-26-FLA,1768917600,0.0700,0.0700,0.0700,0.0700,0.0800,0.0800,0.0800,0.0800,0.00,176559.00
KXNHL-26-FLA,1768921200,0.0700,0.0700,0.0700,0.0700,0.0800,0.0800,0.0800,0.0800,0.00,176559.00
KXNHL-26-FLA,1768924800,0.0700,0.0700,0.0700,0.0700,0.0800,0.0800,0.0800,0.0800,62.00,176621.00
KXNHL-26-FLA,1768928400,0.0700,0.0700,0.0700,0.0700,0.0800,0.0800,0.0800,0.0800,0.00,176621.00
KXNHL-26-FLA,1768932000,0.0700,0.0700,0.0700,0.0700,0.0800,0.0800,0.0800,0.0800,23.00,176644.00
KXNHL-26-FLA,1768935600,0.0700,0.0700,0.0700,0.0700,0.0800,0.0800,0.0800,0.0800,540.00,177184.00
KXNHL-26-FLA,1768939200,0.0700,0.0700,0.0700,0.0700,0.0800,0.0800,0.0800,0.0800,30.00,177214.00
KXNHL-26-FLA,1768942800,0.0700,0.0700,0.0700,0.0700,0.0800,0.0800,0.0800,0.0800,5.00,177219.00
KXNHL-26-FLA,1768946400,0.0700,0.0700,0.0700,0.0700,0.0800,0.0800,0.0800,0.0800,18.00,177237.00
KXNHL-26-FLA,1768950000,0.0700,0.0700,0.0700,0.0700,0.0800,0.0800,0.0800,0.0800,0.00,177237.00
KXNHL-26-FLA,1768953600,0.0700,0.0700,0.0600,0.0700,0.0800,0.0800,0.0800,0.0800,9.00,177243.00
KXNHL-26-FLA,1768957200,0.0700,0.0700,0.0600,0.0600,0.0800,0.0800,0.0800,0.0800,1.00,177244.00
KXNHL-26-FLA,1768960800,0.0600,0.0600,0.0600,0.0600,0.0800,0.0800,0.0700,0.0800,0.00,177244.00
KXNHL-26-FLA,1768964400,0.0600,0.0700,0.0600,0.0600,0.0800,0.0800,0.0700,0.0800,31.00,177254.00
KXNHL-26-FLA,1768968000,0.0600,0.0600,0.0600,0.0600,0.0800,0.0800,0.0800,0.0800,0.00,177254.00
KXNHL-26-FLA,1768971600,0.0600,0.0600,0.0600,0.0600,0.0800,0.0800,0.0800,0.0800,0.00,177254.00
KXNHL-26-FLA,1768975200,0.0600,0.0700,0.0600,0.0600,0.0800,0.0800,0.0700,0.0700,0.00,177254.00
KXNHL-26-FLA,1768978800,0.0600,0.0700,0.0600,0.0700,0.0700,0.0800,0.0700,0.0800,0.00,177254.00
KXNHL-26-FLA,1768982400,0.0700,0.0700,0.0700,0.0700,0.0800,0.0800,0.0800,0.0800,0.00,177254.00
KXNHL-26-FLA,1768986000,0.0700,0.0700,0.0600,0.0600,0.0800,0.0800,0.0700,0.0800,183.00,177376.00
KXNHL-26-FLA,1768989600,0.0600,0.0600,0.0600,0.0600,0.0800,0.0800,0.0700,0.0700,0.00,177376.00
KXNHL-26-FLA,1768993200,0.0600,0.0600,0.0600,0.0600,0.0700,0.0700,0.0700,0.0700,0.00,177376.00
KXNHL-26-FLA,1768996800,0.0600,0.0700,0.0600,0.0600,0.0700,0.0800,0.0700,0.0800,3.00,177373.00
KXNHL-26-FLA,1769000400,0.0600,0.0700,0.0600,0.0700,0.0800,0.0800,0.0800,0.0800,4.00,177369.00
KXNHL-26-FLA,1769004000,0.0700,0.0700,0.0600,0.0700,0.0800,0.0800,0.0800,0.0800,5.00,177374.00
KXNHL-26-FLA,1769007600,0.0700,0.0700,0.0600,0.0700,0.0800,0.0800,0.0800,0.0800,0.00,177374.00
KXNHL-26-FLA,1769011200,0.0700,0.0700,0.0600,0.0700,0.0800,0.0800,0.0800,0.0800,300.00,177074.00
KXNHL-26-FLA,1769014800,0.0700,0.0700,0.0600,0.0700,0.0800,0.0800,0.0800,0.0800,0.00,177074.00
KXNHL-26-FLA,1769018400,0.0700,0.0700,0.0600,0.0700,0.0800,0.0800,0.0800,0.0800,0.00,177074.00
KXNHL-26-FLA,1769022000,0.0700,0.0700,0.0600,0.0700,0.0800,0.0800,0.0800,0.0800,11.00,177085.00
KXNHL-26-FLA,1769025600,0.0700,0.0700,0.0600,0.0700,0.0800,0.0800,0.0800,0.0800,26.00,177059.00
KXNHL-26-FLA,1769029200,0.0700,0.0700,0.0700,0.0700,0.0800,0.0800,0.0800,0.0800,3.00,177056.00
KXNHL-26-FLA,1769032800,0.0700,0.0700,0.0600,0.0700,0.0800,0.0800,0.0800,0.0800,2.00,177054.00
KXNHL-26-FLA,1769036400,0.0700,0.0700,0.0700,0.0700,0.0800,0.0800,0.0800,0.0800,0.00,177054.00
KXNHL-26-FLA,1769040000,0.0700,0.0700,0.0600,0.0600,0.0800,0.0800,0.0800,0.0800,0.00,177054.00
KXNHL-26-FLA,1769043600,0.0600,0.0600,0.0600,0.0600,0.0800,0.0800,0.0800,0.0800,164.00,177218.00
KXNHL-26-FLA,1769047200,0.0600,0.0600,0.0600,0.0600,0.0800,0.0800,0.0800,0.0800,0.00,177218.00
KXNHL-26-FLA,1769050800,0.0600,0.0600,0.0600,0.0600,0.0800,0.0800,0.0800,0.0800,0.00,177218.00
KXNHL-26-FLA,1769054400,0.0600,0.0700,0.0600,0.0600,0.0800,0.0800,0.0800,0.0800,58.00,177276.00
KXNHL-26-FLA,1769058000,0.0600,0.0700,0.0600,0.0600,0.0800,0.0800,0.0800,0.0800,51.00,177322.00
KXNHL-26-FLA,1769061600,0.0600,0.0700,0.0600,0.0700,0.0800,0.0800,0.0800,0.0800,25.00,177347.00
KXNHL-26-FLA,1769065200,0.0700,0.0700,0.0600,0.0600,0.0800,0.0800,0.0700,0.0700,0.00,177347.00
KXNHL-26-FLA,1769068800,0.0600,0.0700,0.0600,0.0600,0.0700,0.0800,0.0700,0.0800,40.00,177347.00
KXNHL-26-FLA,1769072400,0.0600,0.0600,0.0600,0.0600,0.0800,0.0800,0.0800,0.0800,0.00,177347.00
KXNHL-26-FLA,1769076000,0.0600,0.0600,0.0600,0.0600,0.0800,0.0800,0.0800,0.0800,0.00,177347.00
KXNHL-26-FLA,1769079600,0.0600,0.0700,0.0600,0.0700,0.0800,0.0800,0.0700,0.0800,7.00,177340.00
KXNHL-26-FLA,1769083200,0.0700,0.0700,0.0600,0.0600,0.0800,0.0800,0.0800,0.0800,52.00,177288.00
KXNHL-26-FLA,1769086800,0.0600,0.0700,0.0600,0.0700,0.0800,0.0800,0.0800,0.0800,0.00,177288.00
KXNHL-26-FLA,1769090400,0.0700,0.0700,0.0700,0.0700,0.0800,0.0800,0.0800,0.0800,0.00,177288.00
KXNHL-26-FLA,1769094000,0.0700,0.0700,0.0600,0.0600,0.0800,0.0800,0.0800,0.0800,0.00,177288.00
KXNHL-26-FLA,1769097600,0.0600,0.0700,0.0600,0.0700,0.0800,0.0800,0.0800,0.0800,0.00,177288.00
KXNHL-26-FLA,1769101200,0.0700,0.0700,0.0600,0.0700,0.0800,0.0800,0.0800,0.0800,33.00,177257.00
KXNHL-26-FLA,1769104800,0.0700,0.0700,0.0600,0.0700,0.0800,0.0800,0.0700,0.0800,35.00,177222.00
KXNHL-26-FLA,1769108400,0.0700,0.0700,0.0700,0.0700,0.0800,0.0800,0.0800,0.0800,23.00,177221.00
KXNHL-26-FLA,1769112000,0.0700,0.0700,0.0700,0.0700,0.0800,0.0800,0.0800,0.0800,29.00,177192.00
KXNHL-26-FLA,1769115600,0.0700,0.0700,0.0700,0.0700,0.0800,0.0800,0.0800,0.0800,15.00,177177.00
KXNHL-26-FLA,1769119200,0.0700,0.0700,0.0700,0.0700,0.0800,0.0800,0.0800,0.0800,81.00,177096.00
KXNHL-26-FLA,1769122800,0.0700,0.0700,0.0600,0.0600,0.0800,0.0800,0.0700,0.0700,43.00,177053.00
KXNHL-26-FLA,1769126400,0.0600,0.0600,0.0600,0.0600,0.0700,0.0700,0.0700,0.0700,134.00,177185.00
KXNHL-26-FLA,1769130000,0.0600,0.0600,0.0600,0.0600,0.0700,0.0700,0.0700,0.0700,201.00,177386.00
KXNHL-26-FLA,1769133600,0.0600,0.0600,0.0600,0.0600,0.0700,0.0700,0.0700,0.0700,13.00,177399.00
KXNHL-26-FLA,1769137200,0.0600,0.0600,0.0600,0.0600,0.0700,0.0700,0.0700,0.0700,191.00,177590.00
KXNHL-26-FLA,1769140800,0.0600,0.0600,0.0600,0.0600,0.0700,0.0700,0.0700,0.0700,0.00,177590.00
KXNHL-26-FLA,1769144400,0.0600,0.0600,0.0600,0.0600,0.0700,0.0700,0.0700,0.0700,0.00,177590.00
KXNHL-26-FLA,1769148000,0.0600,0.0600,0.0600,0.0600,0.0700,0.0700,0.0700,0.0700,723.00,178290.00
KXNHL-26-FLA,1769151600,0.0600,0.0600,0.0600,0.0600,0.0700,0.0700,0.0700,0.0700,49.00,178339.00
KXNHL-26-FLA,1769155200,0.0600,0.0600,0.0600,0.0600,0.0700,0.0700,0.0700,0.0700,0.00,178339.00
KXNHL-26-FLA,1769158800,0.0600,0.0600,0.0600,0.0600,0.0700,0.0700,0.0700,0.0700,0.00,178339.00
KXNHL-26-FLA,1769162400,0.0600,0.0600,0.0600,0.0600,0.0700,0.0700,0.0700,0.0700,0.00,178339.00
KXNHL-26-FLA,1769166000,0.0600,0.0600,0.0600,0.0600,0.0700,0.0700,0.0700,0.0700,0.00,178339.00
KXNHL-26-FLA,1769169600,0.0600,0.0600,0.0600,0.0600,0.0700,0.0700,0.0700,0.0700,0.00,178339.00
KXNHL-26-FLA,1769173200,0.0600,0.0600,0.0600,0.0600,0.0700,0.0700,0.0700,0.0700,67.00,178406.00
KXNHL-26-FLA,1769176800,0.0600,0.0600,0.0600,0.0600,0.0700,0.0700,0.0700,0.0700,0.00,178406.00
KXNHL-26-FLA,1769180400,0.0600,0.0600,0.0600,0.0600,0.0700,0.0700,0.0700,0.0700,0.00,178406.00
KXNHL-26-FLA,1769184000,0.0600,0.0600,0.0600,0.0600,0.0700,0.0700,0.0700,0.0700,0.00,178406.00
KXNHL-26-FLA,1769187600,0.0600,0.0600,0.0600,0.0600,0.0700,0.0700,0.0700,0.0700,0.00,178406.00
KXNHL-26-FLA,1769191200,0.0600,0.0600,0.0600,0.0600,0.0700,0.0700,0.0700,0.0700,13.00,178419.00
KXNHL-26-FLA,1769194800,0.0600,0.0600,0.0600,0.0600,0.0700,0.0700,0.0700,0.0700,0.00,178419.00
KXNHL-26-FLA,1769198400,0.0600,0.0600,0.0600,0.0600,0.0700,0.0700,0.0700,0.0700,0.00,178419.00
KXNHL-26-FLA,1769202000,0.0600,0.0600,0.0600,0.0600,0.0700,0.0700,0.0700,0.0700,96.00,178515.00
KXNHL-26-FLA,1769205600,0.0600,0.0600,0.0600,0.0600,0.0700,0.0700,0.0700,0.0700,0.00,178515.00
KXNHL-26-FLA,1769209200,0.0600,0.0600,0.0600,0.0600,0.0700,0.0700,0.0700,0.0700,1245.00,179760.00
KXNHL-26-FLA,1769212800,0.0600,0.0600,0.0600,0.0600,0.0700,0.0700,0.0700,0.0700,0.00,179760.00
KXNHL-26-FLA,1769216400,0.0600,0.0600,0.0600,0.0600,0.0700,0.0700,0.0700,0.0700,40.00,179800.00
KXNHL-26-FLA,1769220000,0.0600,0.0600,0.0600,0.0600,0.0700,0.0700,0.0700,0.0700,119.00,179919.00
KXNHL-26-FLA,1769223600,0.0600,0.0600,0.0600,0.0600,0.0700,0.0700,0.0700,0.0700,0.00,179919.00
KXNHL-26-FLA,1769227200,0.0600,0.0600,0.0600,0.0600,0.0700,0.0700,0.0700,0.0700,0.00,179919.00
KXNHL-26-FLA,1769230800,0.0600,0.0600,0.0600,0.0600,0.0700,0.0700,0.0700,0.0700,0.00,179919.00
KXNHL-26-FLA,1769234400,0.0600,0.0600,0.0600,0.0600,0.0700,0.0700,0.0700,0.0700,0.00,179919.00
KXNHL-26-FLA,1769238000,0.0600,0.0600,0.0600,0.0600,0.0700,0.0700,0.0700,0.0700,39.00,179919.00
KXNHL-26-FLA,1769241600,0.0600,0.0600,0.0600,0.0600,0.0700,0.0700,0.0700,0.0700,0.00,179919.00
KXNHL-26-FLA,1769245200,0.0600,0.0600,0.0600,0.0600,0.0700,0.0700,0.0700,0.0700,0.00,179919.00
KXNHL-26-FLA,1769248800,0.0600,0.0600,0.0600,0.0600,0.0700,0.0700,0.0700,0.0700,0.00,179919.00
KXNHL-26-FLA,1769252400,0.0600,0.0600,0.0600,0.0600,0.0700,0.0700,0.0700,0.0700,0.00,179919.00
KXNHL-26-FLA,1769256000,0.0600,0.0600,0.0600,0.0600,0.0700,0.0700,0.0700,0.0700,0.00,179919.00
KXNHL-26-FLA,1769259600,0.0600,0.0600,0.0600,0.0600,0.0700,0.0700,0.0700,0.0700,0.00,179919.00
KXNHL-26-FLA,1769263200,0.0600,0.0600,0.0600,0.0600,0.0700,0.0700,0.0700,0.0700,0.00,179919.00
KXNHL-26-FLA,1769266800,0.0600,0.0600,0.0600,0.0600,0.0700,0.0700,0.0700,0.0700,0.00,179919.00
KXNHL-26-FLA,1769270400,0.0600,0.0600,0.0600,0.0600,0.0700,0.0700,0.0700,0.0700,0.00,179919.00
KXNHL-26-FLA,1769274000,0.0600,0.0600,0.0600,0.0600,0.0700,0.0700,0.0700,0.0700,3.00,179922.00
KXNHL-26-FLA,1769277600,0.0600,0.0600,0.0600,0.0600,0.0700,0.0700,0.0700,0.0700,22.00,179927.00
KXNHL-26-FLA,1769281200,0.0600,0.0600,0.0600,0.0600,0.0700,0.0700,0.0700,0.0700,0.00,179927.00
KXNHL-26-FLA,1769284800,0.0600,0.0600,0.0600,0.0600,0.0700,0.0700,0.0700,0.0700,0.00,179927.00
KXNHL-26-FLA,1769288400,0.0600,0.0600,0.0600,0.0600,0.0700,0.0700,0.0700,0.0700,0.00,179927.00
KXNHL-26-FLA,1769292000,0.0600,0.0600,0.0600,0.0600,0.0700,0.0700,0.0700,0.0700,0.00,179927.00
KXNHL-26-FLA,1769295600,0.0600,0.0600,0.0600,0.0600,0.0700,0.0700,0.0700,0.0700,0.00,179927.00
KXNHL-26-FLA,1769299200,0.0600,0.0600,0.0600,0.0600,0.0700,0.0700,0.0700,0.0700,0.00,179927.00
KXNHL-26-FLA,1769302800,0.0600,0.0600,0.0600,0.0600,0.0700,0.0700,0.0700,0.0700,50.00,179927.00
KXNHL-26-FLA,1769306400,0.0600,0.0600,0.0600,0.0600,0.0700,0.0700,0.0700,0.0700,216.00,180143.00
KXNHL-26-FLA,1769310000,0.0600,0.0600,0.0600,0.0600,0.0700,0.0700,0.0700,0.0700,18.00,180143.00
KXNHL-26-FLA,1769313600,0.0600,0.0600,0.0600,0.0600,0.0700,0.0700,0.0700,0.0700,26.00,180169.00
KXNHL-26-FLA,1769317200,0.0600,0.0600,0.0600,0.0600,0.0700,0.0700,0.0700,0.0700,111.00,180280.00
KXNHL-26-FLA,1769320800,0.0600,0.0600,0.0600,0.0600,0.0700,0.0700,0.0700,0.0700,222.00,180502.00
KXNHL-26-FLA,1769324400,0.0600,0.0600,0.0600,0.0600,0.0700,0.0700,0.0700,0.0700,6.00,180508.00
KXNHL-26-FLA,1769328000,0.0600,0.0600,0.0600,0.0600,0.0700,0.0700,0.0700,0.0700,0.00,180508.00
KXNHL-26-FLA,1769331600,0.0600,0.0600,0.0600,0.0600,0.0700,0.0700,0.0700,0.0700,0.00,180508.00
KXNHL-26-FLA,1769335200,0.0600,0.0600,0.0600,0.0600,0.0700,0.0700,0.0700,0.0700,0.00,180508.00
KXNHL-26-FLA,1769338800,0.0600,0.0600,0.0600,0.0600,0.0700,0.0700,0.0700,0.0700,0.00,180508.00
KXNHL-26-FLA,1769342400,0.0600,0.0600,0.0600,0.0600,0.0700,0.0700,0.0700,0.0700,0.00,180508.00
KXNHL-26-FLA,1769346000,0.0600,0.0600,0.0600,0.0600,0.0700,0.0700,0.0700,0.0700,0.00,180508.00
KXNHL-26-FLA,1769349600,0.0600,0.0600,0.0600,0.0600,0.0700,0.0700,0.0700,0.0700,6.00,180514.00
KXNHL-26-FLA,1769353200,0.0600,0.0600,0.0600,0.0600,0.0700,0.0700,0.0700,0.0700,66.00,180580.00
KXNHL-26-FLA,1769356800,0.0600,0.0600,0.0600,0.0600,0.0700,0.0700,0.0700,0.0700,268.00,180848.00
KXNHL-26-FLA,1769360400,0.0600,0.0600,0.0600,0.0600,0.0700,0.0700,0.0700,0.0700,0.00,180848.00
KXNHL-26-FLA,1769364000,0.0600,0.0600,0.0600,0.0600,0.0700,0.0700,0.0700,0.0700,0.00,180848.00
KXNHL-26-FLA,1769367600,0.0600,0.0600,0.0600,0.0600,0.0700,0.0700,0.0700,0.0700,40.00,180888.00
KXNHL-26-FLA,1769371200,0.0600,0.0600,0.0600,0.0600,0.0700,0.0700,0.0700,0.0700,40.00,180928.00
KXNHL-26-FLA,1769374800,0.0600,0.0600,0.0600,0.0600,0.0700,0.0700,0.0700,0.0700,11.00,180939.00
KXNHL-26-FLA,1769378400,0.0600,0.0600,0.0600,0.0600,0.0700,0.0700,0.0700,0.0700,93.00,181032.00
KXNHL-26-FLA,1769382000,0.0600,0.0600,0.0600,0.0600,0.0700,0.0700,0.0700,0.0700,0.00,181032.00
KXNHL-26-FLA,1769385600,0.0600,0.0600,0.0600,0.0600,0.0700,0.0700,0.0700,0.0700,110.00,181132.00
KXNHL-26-FLA,1769389200,0.0600,0.0600,0.0600,0.0600,0.0700,0.0700,0.0700,0.0700,0.00,181132.00
KXNHL-26-FLA,1769392800,0.0600,0.0600,0.0600,0.0600,0.0700,0.0700,0.0700,0.0700,704.00,181836.00
KXNHL-26-FLA,1769396400,0.0600,0.0600,0.0600,0.0600,0.0700,0.0700,0.0700,0.0700,334.00,182162.00
KXNHL-26-FLA,1769400000,0.0600,0.0600,0.0600,0.0600,0.0700,0.0700,0.0700,0.0700,412.00,182503.00
KXNHL-26-FLA,1769403600,0.0600,0.0600,0.0600,0.0600,0.0700,0.0700,0.0700,0.0700,5.00,182503.00
KXNHL-26-FLA,1769407200,0.0600,0.0600,0.0600,0.0600,0.0700,0.0700,0.0700,0.0700,346.00,182849.00
KXNHL-26-FLA,1769410800,0.0600,0.0600,0.0600,0.0600,0.0700,0.0700,0.0700,0.0700,0.00,182849.00
KXNHL-26-FLA,1769414400,0.0600,0.0600,0.0600,0.0600,0.0700,0.0700,0.0700,0.0700,75.00,182924.00
KXNHL-26-FLA,1769418000,0.0600,0.0600,0.0600,0.0600,0.0700,0.0700,0.0700,0.0700,20.00,182944.00
KXNHL-26-FLA,1769421600,0.0600,0.0600,0.0600,0.0600,0.0700,0.0700,0.0700,0.0700,0.00,182944.00
KXNHL-26-FLA,1769425200,0.0600,0.0600,0.0600,0.0600,0.0700,0.0700,0.0700,0.0700,0.00,182944.00
KXNHL-26-FLA,1769428800,0.0600,0.0600,0.0600,0.0600,0.0700,0.0700,0.0700,0.0700,0.00,182944.00
KXNHL-26-FLA,1769432400,0.0600,0.0600,0.0600,0.0600,0.0700,0.0700,0.0700,0.0700,0.00,182944.00
KXNHL-26-FLA,1769436000,0.0600,0.0600,0.0600,0.0600,0.0700,0.0700,0.0700,0.0700,0.00,182944.00
KXNHL-26-FLA,1769439600,0.0600,0.0600,0.0600,0.0600,0.0700,0.0700,0.0700,0.0700,0.00,182944.00
KXNHL-26-FLA,1769443200,0.0600,0.0600,0.0600,0.0600,0.0700,0.0700,0.0700,0.0700,111.00,183055.00
KXNHL-26-FLA,1769446800,0.0600,0.0600,0.0600,0.0600,0.0700,0.0700,0.0700,0.0700,10.00,183055.00
KXNHL-26-FLA,1769450400,0.0600,0.0600,0.0600,0.0600,0.0700,0.0700,0.0700,0.0700,0.00,183055.00
KXNHL-26-FLA,1769454000,0.0600,0.0600,0.0600,0.0600,0.0700,0.0700,0.0700,0.0700,0.00,183055.00
KXNHL-26-FLA,1769457600,0.0600,0.0600,0.0600,0.0600,0.0700,0.0700,0.0700,0.0700,0.00,183055.00
KXNHL-26-FLA,1769461200,0.0600,0.0600,0.0600,0.0600,0.0700,0.0700,0.0700,0.0700,147.00,183202.00
KXNHL-26-FLA,1769464800,0.0600,0.0600,0.0600,0.0600,0.0700,0.0700,0.0700,0.0700,0.00,183202.00
KXNHL-26-FLA,1769468400,0.0600,0.0600,0.0600,0.0600,0.0700,0.0700,0.0700,0.0700,0.00,183202.00
KXNHL-26-FLA,1769472000,0.0600,0.0600,0.0600,0.0600,0.0700,0.0700,0.0700,0.0700,142.00,183344.00
KXNHL-26-FLA,1769475600,0.0600,0.0600,0.0600,0.0600,0.0700,0.0700,0.0700,0.0700,50.00,183394.00
KXNHL-26-FLA,1769479200,0.0600,0.0600,0.0600,0.0600,0.0700,0.0700,0.0700,0.0700,0.00,183394.00
KXNHL-26-FLA,1769482800,0.0600,0.0600,0.0600,0.0600,0.0700,0.0700,0.0700,0.0700,0.00,183394.00
KXNHL-26-FLA,1769486400,0.0600,0.0600,0.0600,0.0600,0.0700,0.0700,0.0700,0.0700,1.00,183394.00
KXNHL-26-FLA,1769490000,0.0600,0.0600,0.0600,0.0600,0.0700,0.0700,0.0700,0.0700,0.00,183394.00
KXNHL-26-FLA,1769493600,0.0600,0.0600,0.0600,0.0600,0.0700,0.0700,0.0700,0.0700,0.00,183394.00
KXNHL-26-FLA,1769497200,0.0600,0.0600,0.0600,0.0600,0.0700,0.0700,0.0700,0.0700,768.00,184162.00
KXNHL-26-FLA,1769500800,0.0600,0.0600,0.0600,0.0600,0.0700,0.0700,0.0700,0.0700,0.00,184162.00
KXNHL-26-FLA,1769504400,0.0600,0.0600,0.0600,0.0600,0.0700,0.0700,0.0700,0.0700,100.00,184162.00
KXNHL-26-FLA,1769508000,0.0600,0.0600,0.0600,0.0600,0.0700,0.0700,0.0700,0.0700,0.00,184162.00
KXNHL-26-FLA,1769511600,0.0600,0.0600,0.0600,0.0600,0.0700,0.0700,0.0700,0.0700,201.00,184363.00
KXNHL-26-FLA,1769515200,0.0600,0.0600,0.0600,0.0600,0.0700,0.0700,0.0700,0.0700,0.00,184363.00
KXNHL-26-FLA,1769518800,0.0600,0.0600,0.0600,0.0600,0.0700,0.0700,0.0700,0.0700,0.00,184363.00
KXNHL-26-FLA,1769522400,0.0600,0.0600,0.0600,0.0600,0.0700,0.0700,0.0700,0.0700,0.00,184363.00
KXNHL-26-FLA,1769526000,0.0600,0.0600,0.0600,0.0600,0.0700,0.0700,0.0700,0.0700,0.00,184363.00
KXNHL-26-FLA,1769529600,0.0600,0.0600,0.0600,0.0600,0.0700,0.0700,0.0700,0.0700,1.00,184364.00
KXNHL-26-FLA,1769533200,0.0600,0.0600,0.0600,0.0600,0.0700,0.0700,0.0700,0.0700,0.00,184364.00
KXNHL-26-FLA,1769536800,0.0600,0.0600,0.0600,0.0600,0.0700,0.0700,0.0700,0.0700,0.00,184364.00
KXNHL-26-FLA,1769540400,0.0600,0.0600,0.0600,0.0600,0.0700,0.0700,0.0700,0.0700,0.00,184364.00
KXNHL-26-FLA,1769544000,0.0600,0.0600,0.0600,0.0600,0.0700,0.0700,0.0700,0.0700,0.00,184364.00
KXNHL-26-FLA,1769547600,0.0600,0.0600,0.0600,0.0600,0.0700,0.0700,0.0700,0.0700,350.00,184364.00
KXNHL-26-FLA,1769551200,0.0600,0.0600,0.0600,0.0600,0.0700,0.0700,0.0700,0.0700,0.00,184364.00
KXNHL-26-FLA,1769554800,0.0600,0.0600,0.0600,0.0600,0.0700,0.0700,0.0700,0.0700,15.00,184379.00
KXNHL-26-FLA,1769558400,0.0600,0.0600,0.0600,0.0600,0.0700,0.0700,0.0700,0.0700,134.00,184513.00
KXNHL-26-FLA,1769562000,0.0600,0.0600,0.0600,0.0600,0.0700,0.0700,0.0700,0.0700,797.00,185310.00
KXNHL-26-FLA,1769565600,0.0600,0.0600,0.0600,0.0600,0.0700,0.0700,0.0700,0.0700,53.00,185363.00
KXNHL-26-FLA,1769569200,0.0600,0.0600,0.0600,0.0600,0.0700,0.0700,0.0700,0.0700,0.00,185363.00
KXNHL-26-FLA,1769572800,0.0600,0.0600,0.0600,0.0600,0.0700,0.0700,0.0700,0.0700,10.00,185363.00
KXNHL-26-FLA,1769576400,0.0600,0.0600,0.0600,0.0600,0.0700,0.0700,0.0700,0.0700,1268.00,186631.00
KXNHL-26-FLA,1769580000,0.0600,0.0600,0.0600,0.0600,0.0700,0.0700,0.0700,0.0700,5.00,186636.00
KXNHL-26-FLA,1769583600,0.0600,0.0600,0.0600,0.0600,0.0700,0.0700,0.0700,0.0700,0.00,186636.00
KXNHL-26-FLA,1769587200,0.0600,0.0600,0.0600,0.0600,0.0700,0.0700,0.0700,0.0700,0.00,186636.00
KXNHL-26-FLA,1769590800,0.0600,0.0600,0.0600,0.0600,0.0700,0.0700,0.0700,0.0700,0.00,186636.00
KXNHL-26-FLA,1769594400,0.0600,0.0600,0.0600,0.0600,0.0700,0.0700,0.0700,0.0700,0.00,186636.00
KXNHL-26-FLA,1769598000,0.0600,0.0600,0.0600,0.0600,0.0700,0.0700,0.0700,0.0700,0.00,186636.00
KXNHL-26-FLA,1769601600,0.0600,0.0600,0.0600,0.0600,0.0700,0.0700,0.0700,0.0700,0.00,186636.00
KXNHL-26-FLA,1769605200,0.0600,0.0600,0.0600,0.0600,0.0700,0.0700,0.0700,0.0700,67.00,186703.00
KXNHL-26-FLA,1769608800,0.0600,0.0600,0.0600,0.0600,0.0700,0.0700,0.0700,0.0700,0.00,186703.00
KXNHL-26-FLA,1769612400,0.0600,0.0600,0.0600,0.0600,0.0700,0.0700,0.0700,0.0700,0.00,186703.00
KXNHL-26-FLA,1769616000,0.0600,0.0600,0.0600,0.0600,0.0700,0.0700,0.0700,0.0700,1000.00,187703.00
KXNHL-26-FLA,1769619600,0.0600,0.0600,0.0600,0.0600,0.0700,0.0700,0.0700,0.0700,0.00,187703.00
KXNHL-26-FLA,1769623200,0.0600,0.0600,0.0600,0.0600,0.0700,0.0700,0.0700,0.0700,80.00,187703.00
KXNHL-26-FLA,1769626800,0.0600,0.0600,0.0600,0.0600,0.0700,0.0700,0.0700,0.0700,26.00,187729.00
KXNHL-26-FLA,1769630400,0.0600,0.0600,0.0600,0.0600,0.0700,0.0700,0.0700,0.0700,299.00,188028.00
KXNHL-26-FLA,1769634000,0.0600,0.0600,0.0600,0.0600,0.0700,0.0700,0.0700,0.0700,22.00,188050.00
KXNHL-26-FLA,1769637600,0.0600,0.0600,0.0600,0.0600,0.0700,0.0700,0.0700,0.0700,0.00,188050.00
KXNHL-26-FLA,1769641200,0.0600,0.0600,0.0600,0.0600,0.0700,0.0700,0.0700,0.0700,0.00,188050.00
KXNHL-26-FLA,1769644800,0.0600,0.0600,0.0600,0.0600,0.0700,0.0700,0.0700,0.0700,201.00,188251.00
KXNHL-26-FLA,1769648400,0.0600,0.0600,0.0600,0.0600,0.0700,0.0700,0.0700,0.0700,0.00,188251.00
KXNHL-26-FLA,1769652000,0.0600,0.0600,0.0600,0.0600,0.0700,0.0700,0.0700,0.0700,0.00,188251.00
KXNHL-26-FLA,1769655600,0.0600,0.0600,0.0600,0.0600,0.0700,0.0700,0.0700,0.0700,2.00,188253.00
KXNHL-26-FLA,1769659200,0.0600,0.0600,0.0600,0.0600,0.0700,0.0700,0.0700,0.0700,0.00,188253.00
KXNHL-26-FLA,1769662800,0.0600,0.0600,0.0600,0.0600,0.0700,0.0700,0.0700,0.0700,0.00,188253.00
KXNHL-26-FLA,1769666400,0.0600,0.0600,0.0600,0.0600,0.0700,0.0700,0.0700,0.0700,0.00,188253.00
KXNHL-26-FLA,1769670000,0.0600,0.0600,0.0600,0.0600,0.0700,0.0700,0.0700,0.0700,54.00,188253.00
KXNHL-26-FLA,1769673600,0.0600,0.0600,0.0600,0.0600,0.0700,0.0700,0.0700,0.0700,0.00,188253.00
KXNHL-26-FLA,1769680800,0.0600,0.0600,0.0600,0.0600,0.0700,0.0700,0.0700,0.0700,0.00,188253.00
KXNHL-26-FLA,1769684400,0.0600,0.0600,0.0600,0.0600,0.0700,0.0700,0.0700,0.0700,0.00,188253.00
KXNHL-26-FLA,1769688000,0.0600,0.0600,0.0600,0.0600,0.0700,0.0700,0.0700,0.0700,52.00,188253.00
KXNHL-26-FLA,1769691600,0.0600,0.0600,0.0600,0.0600,0.0700,0.0700,0.0700,0.0700,0.00,188253.00
KXNHL-26-FLA,1769695200,0.0600,0.0600,0.0600,0.0600,0.0700,0.0700,0.0700,0.0700,0.00,188253.00
KXNHL-26-FLA,1769698800,0.0600,0.0600,0.0600,0.0600,0.0700,0.0700,0.0700,0.0700,100.00,188353.00
KXNHL-26-FLA,1769702400,0.0600,0.0600,0.0600,0.0600,0.0700,0.0700,0.0700,0.0700,0.00,188353.00
KXNHL-26-FLA,1769706000,0.0600,0.0600,0.0600,0.0600,0.0700,0.0700,0.0700,0.0700,0.00,188353.00
KXNHL-26-FLA,1769709600,0.0600,0.0600,0.0600,0.0600,0.0700,0.0700,0.0700,0.0700,460.00,188353.00
KXNHL-26-FLA,1769713200,0.0600,0.0600,0.0600,0.0600,0.0700,0.0700,0.0700,0.0700,372.00,188353.00
KXNHL-26-FLA,1769716800,0.0600,0.0600,0.0600,0.0600,0.0700,0.0700,0.0700,0.0700,101.00,188454.00
KXNHL-26-FLA,1769720400,0.0600,0.0600,0.0600,0.0600,0.0700,0.0700,0.0700,0.0700,0.00,188454.00
KXNHL-26-FLA,1769724000,0.0600,0.0600,0.0600,0.0600,0.0700,0.0700,0.0700,0.0700,0.00,188454.00
KXNHL-26-FLA,1769727600,0.0600,0.0600,0.0600,0.0600,0.0700,0.0700,0.0700,0.0700,120.00,188574.00
KXNHL-26-FLA,1769731200,0.0600,0.0600,0.0600,0.0600,0.0700,0.0700,0.0700,0.0700,9.00,188574.00
KXNHL-26-FLA,1769734800,0.0600,0.0600,0.0600,0.0600,0.0700,0.0700,0.0700,0.0700,0.00,188574.00
KXNHL-26-FLA,1769738400,0.0600,0.0600,0.0600,0.0600,0.0700,0.0700,0.0700,0.0700,0.00,188574.00
KXNHL-26-FLA,1769742000,0.0600,0.0600,0.0600,0.0600,0.0700,0.0700,0.0700,0.0700,0.00,188574.00
KXNHL-26-FLA,1769745600,0.0600,0.0600,0.0600,0.0600,0.0700,0.0700,0.0700,0.0700,0.00,188574.00
KXNHL-26-FLA,1769749200,0.0600,0.0600,0.0600,0.0600,0.0700,0.0700,0.0700,0.0700,0.00,188574.00
KXNHL-26-FLA,1769752800,0.0600,0.0600,0.0600,0.0600,0.0700,0.0700,0.0700,0.0700,626.00,189110.00
KXNHL-26-FLA,1769756400,0.0600,0.0600,0.0600,0.0600,0.0700,0.0700,0.0700,0.0700,0.00,189110.00
KXNHL-26-FLA,1769760000,0.0600,0.0600,0.0600,0.0600,0.0700,0.0700,0.0700,0.0700,603.00,189713.00
KXNHL-26-FLA,1769763600,0.0600,0.0600,0.0600,0.0600,0.0700,0.0700,0.0700,0.0700,0.00,189713.00
KXNHL-26-FLA,1769767200,0.0600,0.0600,0.0600,0.0600,0.0700,0.0700,0.0700,0.0700,144.00,189857.00
KXNHL-26-FLA,1769770800,0.0600,0.0600,0.0600,0.0600,0.0700,0.0700,0.0700,0.0700,0.00,189857.00
KXNHL-26-FLA,1769774400,0.0600,0.0600,0.0600,0.0600,0.0700,0.0700,0.0700,0.0700,670.00,190527.00
KXNHL-26-FLA,1769778000,0.0600,0.0600,0.0600,0.0600,0.0700,0.0700,0.0700,0.0700,0.00,190527.00
KXNHL-26-FLA,1769781600,0.0600,0.0600,0.0600,0.0600,0.0700,0.0700,0.0700,0.0700,0.00,190527.00
KXNHL-26-FLA,1769785200,0.0600,0.0600,0.0600,0.0600,0.0700,0.0700,0.0700,0.0700,0.00,190527.00
KXNHL-26-FLA,1769788800,0.0600,0.0600,0.0600,0.0600,0.0700,0.0700,0.0700,0.0700,10.00,190527.00
KXNHL-26-FLA,1769792400,0.0600,0.0600,0.0600,0.0600,0.0700,0.0700,0.0700,0.0700,0.00,190527.00
KXNHL-26-FLA,1769796000,0.0600,0.0600,0.0600,0.0600,0.0700,0.0700,0.0700,0.0700,0.00,190527.00
KXNHL-26-FLA,1769799600,0.0600,0.0600,0.0600,0.0600,0.0700,0.0700,0.0700,0.0700,102.00,190527.00
KXNHL-26-FLA,1769803200,0.0600,0.0600,0.0600,0.0600,0.0700,0.0700,0.0700,0.0700,10.00,190527.00
KXNHL-26-FLA,1769806800,0.0600,0.0600,0.0600,0.0600,0.0700,0.0700,0.0700,0.0700,0.00,190527.00
KXNHL-26-FLA,1769810400,0.0600,0.0600,0.0600,0.0600,0.0700,0.0700,0.0700,0.0700,13.00,190540.00
KXNHL-26-FLA,1769814000,0.0600,0.0600,0.0600,0.0600,0.0700,0.0700,0.0700,0.0700,0.00,190540.00
KXNHL-26-FLA,1769817600,0.0600,0.0600,0.0600,0.0600,0.0700,0.0700,0.0700,0.0700,0.00,190540.00
KXNHL-26-FLA,1769821200,0.0600,0.0600,0.0600,0.0600,0.0700,0.0700,0.0700,0.0700,67.00,190607.00
KXNHL-26-FLA,1769824800,0.0600,0.0600,0.0600,0.0600,0.0700,0.0700,0.0700,0.0700,0.00,190607.00
KXNHL-26-FLA,1769828400,0.0600,0.0600,0.0600,0.0600,0.0700,0.0700,0.0700,0.0700,0.00,190607.00
KXNHL-26-FLA,1769832000,0.0600,0.0600,0.0600,0.0600,0.0700,0.0700,0.0700,0.0700,0.00,190607.00
KXNHL-26-FLA,1769835600,0.0600,0.0600,0.0600,0.0600,0.0700,0.0700,0.0700,0.0700,0.00,190607.00
KXNHL-26-FLA,1769839200,0.0600,0.0600,0.0600,0.0600,0.0700,0.0700,0.0700,0.0700,0.00,190607.00
KXNHL-26-FLA,1769842800,0.0600,0.0600,0.0600,0.0600,0.0700,0.0700,0.0700,0.0700,0.00,190607.00
KXNHL-26-FLA,1769846400,0.0600,0.0600,0.0600,0.0600,0.0700,0.0700,0.0700,0.0700,0.00,190607.00
KXNHL-26-FLA,1769850000,0.0600,0.0600,0.0600,0.0600,0.0700,0.0700,0.0700,0.0700,0.00,190607.00
KXNHL-26-FLA,1769853600,0.0600,0.0600,0.0600,0.0600,0.0700,0.0700,0.0700,0.0700,0.00,190607.00
KXNHL-26-FLA,1769857200,0.0600,0.0600,0.0600,0.0600,0.0700,0.0700,0.0700,0.0700,0.00,190607.00
KXNHL-26-FLA,1769860800,0.0600,0.0600,0.0600,0.0600,0.0700,0.0700,0.0700,0.0700,26.00,190633.00
KXNHL-26-FLA,1769864400,0.0600,0.0600,0.0600,0.0600,0.0700,0.0700,0.0700,0.0700,0.00,190633.00
KXNHL-26-FLA,1769868000,0.0600,0.0600,0.0600,0.0600,0.0700,0.0700,0.0700,0.0700,0.00,190633.00
KXNHL-26-FLA,1769871600,0.0600,0.0600,0.0600,0.0600,0.0700,0.0700,0.0700,0.0700,0.00,190633.00
KXNHL-26-FLA,1769875200,0.0600,0.0600,0.0600,0.0600,0.0700,0.0700,0.0700,0.0700,0.00,190633.00
KXNHL-26-FLA,1769878800,0.0600,0.0600,0.0600,0.0600,0.0700,0.0700,0.0700,0.0700,134.00,190767.00
KXNHL-26-FLA,1769882400,0.0600,0.0600,0.0500,0.0500,0.0700,0.0700,0.0600,0.0600,1044.00,189898.00
KXNHL-26-FLA,1769886000,0.0500,0.0500,0.0500,0.0500,0.0600,0.0700,0.0600,0.0700,0.00,189898.00
KXNHL-26-FLA,1769889600,0.0500,0.0500,0.0500,0.0500,0.0700,0.0700,0.0700,0.0700,0.00,189898.00
KXNHL-26-FLA,1769893200,0.0500,0.0500,0.0500,0.0500,0.0700,0.0700,0.0700,0.0700,0.00,189898.00
KXNHL-26-FLA,1769896800,0.0500,0.0500,0.0500,0.0500,0.0700,0.0700,0.0700,0.0700,0.00,189898.00
KXNHL-26-FLA,1769900400,0.0500,0.0500,0.0500,0.0500,0.0700,0.0700,0.0700,0.0700,20.00,189898.00
KXNHL-26-FLA,1769904000,0.0500,0.0500,0.0500,0.0500,0.0700,0.0700,0.0700,0.0700,0.00,189898.00
KXNHL-26-FLA,1769907600,0.0500,0.0500,0.0500,0.0500,0.0700,0.0700,0.0700,0.0700,0.00,189898.00
KXNHL-26-FLA,1769911200,0.0500,0.0500,0.0500,0.0500,0.0700,0.0700,0.0700,0.0700,1000.00,189898.00
KXNHL-26-FLA,1769914800,0.0500,0.0500,0.0500,0.0500,0.0700,0.0700,0.0700,0.0700,0.00,189898.00
KXNHL-26-FLA,1769918400,0.0500,0.0500,0.0500,0.0500,0.0700,0.0700,0.0700,0.0700,13.00,189911.00
KXNHL-26-FLA,1769922000,0.0500,0.0500,0.0300,0.0400,0.0700,0.0700,0.0600,0.0600,990.00,190753.00
KXNHL-26-FLA,1769925600,0.0400,0.0400,0.0400,0.0400,0.0600,0.0600,0.0600,0.0600,0.00,190753.00
KXNHL-26-FLA,1769929200,0.0400,0.0400,0.0400,0.0400,0.0600,0.0600,0.0600,0.0600,0.00,190753.00
KXNHL-26-FLA,1769932800,0.0400,0.0400,0.0400,0.0400,0.0600,0.0600,0.0600,0.0600,0.00,190753.00
KXNHL-26-FLA,1769936400,0.0400,0.0400,0.0400,0.0400,0.0600,0.0600,0.0600,0.0600,0.00,190753.00
KXNHL-26-FLA,1769940000,0.0400,0.0400,0.0400,0.0400,0.0600,0.0600,0.0600,0.0600,0.00,190753.00
KXNHL-26-FLA,1769943600,0.0400,0.0400,0.0400,0.0400,0.0600,0.0600,0.0600,0.0600,0.00,190753.00
KXNHL-26-FLA,1769947200,0.0400,0.0400,0.0400,0.0400,0.0600,0.0600,0.0600,0.0600,0.00,190753.00
KXNHL-26-FLA,1769950800,0.0400,0.0500,0.0400,0.0500,0.0600,0.0600,0.0600,0.0600,0.00,190753.00
KXNHL-26-FLA,1769954400,0.0500,0.0500,0.0500,0.0500,0.0600,0.0600,0.0600,0.0600,0.00,190753.00
KXNHL-26-FLA,1769958000,0.0500,0.0500,0.0500,0.0500,0.0600,0.0600,0.0600,0.0600,1166.00,190846.00
KXNHL-26-FLA,1769961600,0.0500,0.0500,0.0500,0.0500,0.0600,0.0600,0.0600,0.0600,156.00,191002.00
KXNHL-26-FLA,1769965200,0.0500,0.0500,0.0500,0.0500,0.0600,0.0600,0.0600,0.0600,111.00,191113.00
KXNHL-26-FLA,1769968800,0.0500,0.0500,0.0500,0.0500,0.0600,0.0600,0.0600,0.0600,0.00,191113.00
KXNHL-26-FLA,1769972400,0.0500,0.0500,0.0500,0.0500,0.0600,0.0600,0.0600,0.0600,31.00,191144.00
KXNHL-26-FLA,1769976000,0.0500,0.0500,0.0500,0.0500,0.0600,0.0600,0.0600,0.0600,5383.00,185769.00
KXNHL-26-FLA,1769979600,0.0500,0.0500,0.0500,0.0500,0.0600,0.0600,0.0600,0.0600,1367.00,186860.00
KXNHL-26-FLA,1769983200,0.0500,0.0500,0.0500,0.0500,0.0600,0.0600,0.0600,0.0600,0.00,186860.00
KXNHL-26-FLA,1769986800,0.0500,0.0500,0.0500,0.0500,0.0600,0.0600,0.0600,0.0600,0.00,186860.00
KXNHL-26-FLA,1769990400,0.0500,0.0500,0.0500,0.0500,0.0600,0.0600,0.0600,0.0600,1000.00,187860.00
KXNHL-26-FLA,1769994000,0.0500,0.0500,0.0500,0.0500,0.0600,0.0600,0.0600,0.0600,0.00,187860.00
KXNHL-26-FLA,1769997600,0.0500,0.0500,0.0500,0.0500,0.0600,0.0600,0.0600,0.0600,15.00,187875.00
KXNHL-26-FLA,1770001200,0.0500,0.0500,0.0500,0.0500,0.0600,0.0600,0.0600,0.0600,265.00,188140.00
KXNHL-26-FLA,1770004800,0.0500,0.0500,0.0500,0.0500,0.0600,0.0600,0.0600,0.0600,0.00,188140.00
KXNHL-26-FLA,1770008400,0.0500,0.0500,0.0500,0.0500,0.0600,0.0600,0.0600,0.0600,5.00,188145.00
KXNHL-26-FLA,1770012000,0.0500,0.0500,0.0500,0.0500,0.0600,0.0600,0.0600,0.0600,0.00,188145.00
KXNHL-26-FLA,1770015600,0.0500,0.0500,0.0500,0.0500,0.0600,0.0600,0.0600,0.0600,0.00,188145.00
KXNHL-26-FLA,1770019200,0.0500,0.0500,0.0500,0.0500,0.0600,0.0600,0.0600,0.0600,134.00,188050.00
KXNHL-26-FLA,1770022800,0.0500,0.0500,0.0400,0.0500,0.0600,0.0600,0.0500,0.0600,0.00,188050.00
KXNHL-26-FLA,1770026400,0.0500,0.0500,0.0500,0.0500,0.0600,0.0600,0.0600,0.0600,0.00,188050.00
KXNHL-26-FLA,1770030000,0.0500,0.0500,0.0400,0.0500,0.0600,0.0600,0.0600,0.0600,0.00,188050.00
KXNHL-26-FLA,1770033600,0.0500,0.0500,0.0400,0.0400,0.0600,0.0600,0.0500,0.0500,0.00,188050.00
KXNHL-26-FLA,1770037200,0.0400,0.0500,0.0400,0.0500,0.0500,0.0600,0.0500,0.0600,76.00,187974.00
KXNHL-26-FLA,1770040800,0.0500,0.0500,0.0500,0.0500,0.0600,0.0600,0.0600,0.0600,0.00,187974.00
KXNHL-26-FLA,1770044400,0.0500,0.0500,0.0500,0.0500,0.0600,0.0600,0.0600,0.0600,0.00,187974.00
KXNHL-26-FLA,1770048000,0.0500,0.0500,0.0500,0.0500,0.0600,0.0600,0.0600,0.0600,0.00,187974.00
KXNHL-26-FLA,1770051600,0.0500,0.0500,0.0500,0.0500,0.0600,0.0600,0.0600,0.0600,0.00,187974.00
KXNHL-26-FLA,1770055200,0.0500,0.0500,0.0400,0.0500,0.0600,0.0600,0.0600,0.0600,174.00,187924.00
KXNHL-26-FLA,1770058800,0.0500,0.0500,0.0500,0.0500,0.0600,0.0600,0.0600,0.0600,15.00,187939.00
KXNHL-26-FLA,1770062400,0.0500,0.0500,0.0500,0.0500,0.0600,0.0600,0.0600,0.0600,31.00,187970.00
KXNHL-26-FLA,1770066000,0.0500,0.0500,0.0500,0.0500,0.0600,0.0600,0.0600,0.0600,0.00,187970.00
KXNHL-26-FLA,1770069600,0.0500,0.0500,0.0500,0.0500,0.0600,0.0600,0.0600,0.0600,0.00,187970.00
KXNHL-26-FLA,1770073200,0.0500,0.0500,0.0500,0.0500,0.0600,0.0600,0.0600,0.0600,0.00,187970.00
KXNHL-26-FLA,1770076800,0.0500,0.0500,0.0500,0.0500,0.0600,0.0600,0.0600,0.0600,0.00,187970.00
KXNHL-26-FLA,1770080400,0.0500,0.0500,0.0500,0.0500,0.0600,0.0600,0.0600,0.0600,0.00,187970.00
KXNHL-26-FLA,1770084000,0.0500,0.0500,0.0500,0.0500,0.0600,0.0600,0.0600,0.0600,0.00,187970.00
KXNHL-26-FLA,1770087600,0.0500,0.0500,0.0400,0.0400,0.0600,0.0600,0.0600,0.0600,69.00,187901.00
KXNHL-26-FLA,1770091200,0.0400,0.0400,0.0400,0.0400,0.0600,0.0600,0.0500,0.0500,0.00,187901.00
KXNHL-26-FLA,1770094800,0.0400,0.0400,0.0400,0.0400,0.0500,0.0500,0.0500,0.0500,0.00,187901.00
KXNHL-26-FLA,1770098400,0.0400,0.0400,0.0400,0.0400,0.0500,0.0500,0.0500,0.0500,93.00,187970.00
KXNHL-26-FLA,1770102000,0.0400,0.0400,0.0400,0.0400,0.0500,0.0500,0.0500,0.0500,150.00,188120.00
KXNHL-26-FLA,1770109200,0.0400,0.0400,0.0400,0.0400,0.0500,0.0500,0.0500,0.0500,0.00,188120.00
KXNHL-26-FLA,1770112800,0.0400,0.0400,0.0400,0.0400,0.0500,0.0500,0.0500,0.0500,0.00,188120.00
KXNHL-26-FLA,1770116400,0.0400,0.0400,0.0400,0.0400,0.0500,0.0500,0.0500,0.0500,0.00,188120.00
KXNHL-26-FLA,1770120000,0.0400,0.0400,0.0400,0.0400,0.0500,0.0500,0.0500,0.0500,0.00,188120.00
KXNHL-26-FLA,1770123600,0.0400,0.0400,0.0400,0.0400,0.0500,0.0500,0.0500,0.0500,0.00,188120.00
KXNHL-26-FLA,1770127200,0.0400,0.0400,0.0400,0.0400,0.0500,0.0500,0.0500,0.0500,0.00,188120.00
KXNHL-26-FLA,1770130800,0.0400,0.0400,0.0400,0.0400,0.0500,0.0500,0.0500,0.0500,0.00,188120.00
KXNHL-26-FLA,1770134400,0.0400,0.0400,0.0300,0.0300,0.0500,0.0500,0.0400,0.0400,470.00,187865.00
KXNHL-26-FLA,1770138000,0.0300,0.0400,0.0300,0.0400,0.0400,0.0500,0.0400,0.0500,0.00,187865.00
KXNHL-26-FLA,1770141600,0.0400,0.0400,0.0300,0.0300,0.0500,0.0500,0.0400,0.0400,150.00,187727.00
KXNHL-26-FLA,1770145200,0.0300,0.0400,0.0300,0.0400,0.0400,0.0500,0.0400,0.0500,0.00,187727.00
KXNHL-26-FLA,1770148800,0.0400,0.0400,0.0400,0.0400,0.0500,0.0500,0.0500,0.0500,71.00,187798.00
KXNHL-26-FLA,1770152400,0.0400,0.0400,0.0400,0.0400,0.0500,0.0500,0.0500,0.0500,0.00,187798.00
KXNHL-26-FLA,1770156000,0.0400,0.0400,0.0400,0.0400,0.0500,0.0500,0.0500,0.0500,0.00,187798.00
KXNHL-26-FLA,1770159600,0.0400,0.0400,0.0400,0.0400,0.0500,0.0500,0.0500,0.0500,0.00,187798.00
KXNHL-26-FLA,1770163200,0.0400,0.0400,0.0400,0.0400,0.0500,0.0500,0.0500,0.0500,537.00,187816.00
KXNHL-26-FLA,1770166800,0.0400,0.0400,0.0300,0.0300,0.0500,0.0500,0.0400,0.0500,0.00,187816.00
KXNHL-26-FLA,1770174000,0.0300,0.0300,0.0300,0.0300,0.0500,0.0500,0.0500,0.0500,0.00,187816.00
KXNHL-26-FLA,1770177600,0.0300,0.0300,0.0200,0.0200,0.0500,0.0500,0.0400,0.0400,4421.00,189830.00
KXNHL-26-FLA,1770181200,0.0200,0.0300,0.0200,0.0200,0.0400,0.0400,0.0400,0.0400,110.00,189940.00
KXNHL-26-FLA,1770184800,0.0200,0.0200,0.0200,0.0200,0.0400,0.0400,0.0400,0.0400,0.00,189940.00
KXNHL-26-FLA,1770188400,0.0200,0.0200,0.0200,0.0200,0.0400,0.0400,0.0400,0.0400,416.00,190356.00
KXNHL-26-FLA,1770192000,0.0200,0.0200,0.0200,0.0200,0.0400,0.0400,0.0400,0.0400,117.00,190473.00
KXNHL-26-FLA,1770195600,0.0200,0.0300,0.0200,0.0200,0.0400,0.0400,0.0400,0.0400,2342.00,192815.00
KXNHL-26-FLA,1770199200,0.0200,0.0300,0.0200,0.0300,0.0400,0.0400,0.0400,0.0400,0.00,192815.00
KXNHL-26-FLA,1770202800,0.0300,0.0300,0.0200,0.0300,0.0400,0.0400,0.0400,0.0400,58.00,192815.00
KXNHL-26-FLA,1770206400,0.0300,0.0300,0.0300,0.0300,0.0400,0.0400,0.0400,0.0400,0.00,192815.00
KXNHL-26-FLA,1770210000,0.0300,0.0300,0.0200,0.0300,0.0400,0.0400,0.0400,0.0400,23.00,192838.00
KXNHL-26-FLA,1770213600,0.0300,0.0300,0.0300,0.0300,0.0400,0.0400,0.0400,0.0400,0.00,192838.00
KXNHL-26-FLA,1770217200,0.0300,0.0300,0.0300,0.0300,0.0400,0.0400,0.0400,0.0400,0.00,192838.00
KXNHL-26-FLA,1770220800,0.0300,0.0300,0.0300,0.0300,0.0400,0.0400,0.0400,0.0400,181.00,193019.00
KXNHL-26-FLA,1770224400,0.0300,0.0300,0.0300,0.0300,0.0400,0.0400,0.0400,0.0400,0.00,193019.00
KXNHL-26-FLA,1770228000,0.0300,0.0300,0.0300,0.0300,0.0400,0.0400,0.0400,0.0400,234.00,193253.00
KXNHL-26-FLA,1770231600,0.0300,0.0300,0.0200,0.0300,0.0400,0.0400,0.0400,0.0400,234.00,193487.00
KXNHL-26-FLA,1770235200,0.0300,0.0300,0.0200,0.0300,0.0400,0.0400,0.0400,0.0400,0.00,193487.00
KXNHL-26-FLA,1770238800,0.0300,0.0300,0.0300,0.0300,0.0400,0.0400,0.0400,0.0400,837.00,193118.00
KXNHL-26-FLA,1770242400,0.0300,0.0300,0.0200,0.0300,0.0400,0.0400,0.0400,0.0400,0.00,193118.00
KXNHL-26-FLA,1770246000,0.0300,0.0300,0.0300,0.0300,0.0400,0.0400,0.0400,0.0400,0.00,193118.00
KXNHL-26-FLA,1770249600,0.0300,0.0300,0.0300,0.0300,0.0400,0.0400,0.0400,0.0400,0.00,193118.00
KXNHL-26-FLA,1770253200,0.0300,0.0300,0.0300,0.0300,0.0400,0.0400,0.0400,0.0400,585.00,193639.00
KXNHL-26-FLA,1770256800,0.0300,0.0300,0.0300,0.0300,0.0400,0.0400,0.0400,0.0400,471.00,194110.00
KXNHL-26-FLA,1770260400,0.0300,0.0300,0.0300,0.0300,0.0400,0.0400,0.0400,0.0400,117.00,194227.00
KXNHL-26-FLA,1770264000,0.0300,0.0400,0.0300,0.0400,0.0400,0.0500,0.0400,0.0500,21377.00,215560.00
KXNHL-26-FLA,1770267600,0.0400,0.0400,0.0300,0.0300,0.0500,0.0500,0.0400,0.0400,0.00,215560.00
KXNHL-26-FLA,1770271200,0.0300,0.0400,0.0300,0.0400,0.0400,0.0500,0.0400,0.0500,0.00,215560.00
KXNHL-26-FLA,1770274800,0.0400,0.0400,0.0400,0.0400,0.0500,0.0500,0.0500,0.0500,12440.00,215560.00
KXNHL-26-FLA,1770278400,0.0400,0.0400,0.0400,0.0400,0.0500,0.0500,0.0500,0.0500,0.00,215560.00
KXNHL-26-FLA,1770285600,0.0400,0.0400,0.0400,0.0400,0.0500,0.0500,0.0500,0.0500,0.00,215560.00
KXNHL-26-FLA,1770289200,0.0400,0.0400,0.0400,0.0400,0.0500,0.0500,0.0500,0.0500,0.00,215560.00
KXNHL-26-FLA,1770292800,0.0400,0.0400,0.0400,0.0400,0.0500,0.0500,0.0500,0.0500,0.00,215560.00
KXNHL-26-FLA,1770296400,0.0400,0.0400,0.0400,0.0400,0.0500,0.0500,0.0500,0.0500,0.00,215560.00
KXNHL-26-FLA,1770300000,0.0400,0.0400,0.0400,0.0400,0.0500,0.0500,0.0500,0.0500,0.00,215560.00
KXNHL-26-FLA,1770303600,0.0400,0.0400,0.0400,0.0400,0.0500,0.0500,0.0500,0.0500,187.00,215747.00
KXNHL-26-FLA,1770307200,0.0400,0.0400,0.0300,0.0300,0.0500,0.0500,0.0400,0.0400,357.00,216104.00
KXNHL-26-FLA,1770310800,0.0300,0.0400,0.0300,0.0400,0.0400,0.0500,0.0400,0.0500,36.00,216104.00
KXNHL-26-FLA,1770314400,0.0400,0.0400,0.0400,0.0400,0.0500,0.0500,0.0500,0.0500,1.00,216104.00
KXNHL-26-FLA,1770318000,0.0400,0.0400,0.0400,0.0400,0.0500,0.0500,0.0500,0.0500,187.00,216291.00
KXNHL-26-FLA,1770321600,0.0400,0.0400,0.0400,0.0400,0.0500,0.0500,0.0500,0.0500,0.00,216291.00
KXNHL-26-FLA,1770325200,0.0400,0.0400,0.0400,0.0400,0.0500,0.0500,0.0500,0.0500,111.00,216402.00
KXNHL-26-FLA,1770328800,0.0400,0.0400,0.0400,0.0400,0.0500,0.0500,0.0500,0.0500,0.00,216402.00
KXNHL-26-FLA,1770332400,0.0400,0.0400,0.0400,0.0400,0.0500,0.0500,0.0500,0.0500,0.00,216402.00
KXNHL-26-FLA,1770336000,0.0400,0.0400,0.0400,0.0400,0.0500,0.0500,0.0500,0.0500,0.00,216402.00
KXNHL-26-FLA,1770339600,0.0400,0.0400,0.0400,0.0400,0.0500,0.0500,0.0500,0.0500,235.00,216637.00
KXNHL-26-FLA,1770343200,0.0400,0.0400,0.0400,0.0400,0.0500,0.0500,0.0500,0.0500,87.00,216662.00
KXNHL-26-FLA,1770346800,0.0400,0.0400,0.0400,0.0400,0.0500,0.0500,0.0500,0.0500,0.00,216662.00
KXNHL-26-FLA,1770350400,0.0400,0.0400,0.0400,0.0400,0.0500,0.0500,0.0500,0.0500,412.00,217074.00
KXNHL-26-FLA,1770354000,0.0400,0.0400,0.0400,0.0400,0.0500,0.0500,0.0500,0.0500,0.00,217074.00
KXNHL-26-FLA,1770357600,0.0400,0.0400,0.0400,0.0400,0.0500,0.0500,0.0500,0.0500,0.00,217074.00
KXNHL-26-FLA,1770361200,0.0400,0.0400,0.0400,0.0400,0.0500,0.0500,0.0500,0.0500,0.00,217074.00
KXNHL-26-FLA,1770364800,0.0400,0.0400,0.0400,0.0400,0.0500,0.0500,0.0500,0.0500,0.00,217074.00
KXNHL-26-FLA,1770368400,0.0400,0.0400,0.0200,0.0200,0.0500,0.0500,0.0300,0.0300,412.00,217396.00
KXNHL-26-FLA,1770372000,0.0200,0.0200,0.0200,0.0200,0.0300,0.0300,0.0300,0.0300,6.00,217390.00
KXNHL-26-FLA,1770375600,0.0200,0.0200,0.0200,0.0200,0.0300,0.0300,0.0300,0.0300,0.00,217390.00
KXNHL-26-FLA,1770379200,0.0200,0.0200,0.0200,0.0200,0.0300,0.0300,0.0300,0.0300,0.00,217390.00
KXNHL-26-FLA,1770382800,0.0200,0.0200,0.0200,0.0200,0.0300,0.0300,0.0300,0.0300,0.00,217390.00
KXNHL-26-FLA,1770386400,0.0200,0.0200,0.0200,0.0200,0.0300,0.0300,0.0300,0.0300,0.00,217390.00
KXNHL-26-FLA,1770390000,0.0200,0.0300,0.0200,0.0300,0.0300,0.0400,0.0300,0.0400,657.00,217068.00
KXNHL-26-FLA,1770393600,0.0300,0.0300,0.0200,0.0200,0.0400,0.0500,0.0300,0.0300,319.00,217169.00
KXNHL-26-FLA,1770397200,0.0200,0.0300,0.0200,0.0300,0.0300,0.0400,0.0300,0.0400,122.00,217068.00
KXNHL-26-FLA,1770400800,0.0300,0.0300,0.0300,0.0300,0.0400,0.0400,0.0400,0.0400,55.00,217105.00
KXNHL-26-FLA,1770404400,0.0300,0.0300,0.0300,0.0300,0.0400,0.0400,0.0400,0.0400,650.00,217227.00
KXNHL-26-FLA,1770408000,0.0300,0.0300,0.0300,0.0300,0.0400,0.0400,0.0400,0.0400,0.00,217227.00
KXNHL-26-FLA,1770411600,0.0300,0.0300,0.0300,0.0300,0.0400,0.0400,0.0400,0.0400,150.00,217091.00
KXNHL-26-FLA,1770415200,0.0300,0.0300,0.0300,0.0300,0.0400,0.0400,0.0400,0.0400,0.00,217091.00
KXNHL-26-FLA,1770418800,0.0300,0.0300,0.0300,0.0300,0.0400,0.0400,0.0400,0.0400,27.00,217118.00
KXNHL-26-FLA,1770422400,0.0300,0.0300,0.0300,0.0300,0.0400,0.0400,0.0400,0.0400,0.00,217118.00
KXNHL-26-FLA,1770426000,0.0300,0.0300,0.0200,0.0200,0.0400,0.0400,0.0300,0.0300,0.00,217118.00
KXNHL-26-FLA,1770429600,0.0200,0.0200,0.0200,0.0200,0.0300,0.0300,0.0300,0.0300,0.00,217118.00
KXNHL-26-FLA,1770433200,0.0200,0.0200,0.0200,0.0200,0.0300,0.0300,0.0300,0.0300,0.00,217118.00
KXNHL-26-FLA,1770436800,0.0200,0.0200,0.0200,0.0200,0.0300,0.0300,0.0300,0.0300,0.00,217118.00
KXNHL-26-FLA,1770440400,0.0200,0.0200,0.0200,0.0200,0.0300,0.0300,0.0300,0.0300,0.00,217118.00
KXNHL-26-FLA,1770444000,0.0200,0.0300,0.0200,0.0300,0.0300,0.0400,0.0300,0.0400,2910.00,214225.00
KXNHL-26-FLA,1770447600,0.0300,0.0300,0.0300,0.0300,0.0400,0.0400,0.0400,0.0400,0.00,214225.00
KXNHL-26-FLA,1770451200,0.0300,0.0300,0.0300,0.0300,0.0400,0.0400,0.0400,0.0400,0.00,214225.00
KXNHL-26-FLA,1770454800,0.0300,0.0300,0.0200,0.0200,0.0400,0.0400,0.0300,0.0300,0.00,214225.00
KXNHL-26-FLA,1770458400,0.0200,0.0200,0.0200,0.0200,0.0300,0.0300,0.0300,0.0300,0.00,214225.00
KXNHL-26-FLA,1770462000,0.0200,0.0200,0.0200,0.0200,0.0300,0.0300,0.0300,0.0300,0.00,214225.00
KXNHL-26-FLA,1770465600,0.0200,0.0200,0.0200,0.0200,0.0300,0.0300,0.0300,0.0300,0.00,214225.00
KXNHL-26-FLA,1770469200,0.0200,0.0200,0.0200,0.0200,0.0300,0.0300,0.0300,0.0300,0.00,214225.00
KXNHL-26-FLA,1770472800,0.0200,0.0200,0.0200,0.0200,0.0300,0.0300,0.0300,0.0300,0.00,214225.00
KXNHL-26-FLA,1770476400,0.0200,0.0200,0.0200,0.0200,0.0300,0.0300,0.0300,0.0300,156.00,214381.00
KXNHL-26-FLA,1770480000,0.0200,0.0200,0.0200,0.0200,0.0300,0.0300,0.0300,0.0300,936.00,215317.00
KXNHL-26-FLA,1770483600,0.0200,0.0200,0.0200,0.0200,0.0300,0.0300,0.0300,0.0300,2340.00,216725.00
KXNHL-26-FLA,1770487200,0.0200,0.0200,0.0200,0.0200,0.0300,0.0300,0.0300,0.0300,0.00,216725.00
KXNHL-26-FLA,1770490800,0.0200,0.0300,0.0200,0.0300,0.0300,0.0400,0.0300,0.0400,1222.00,215503.00
KXNHL-26-FLA,1770494400,0.0300,0.0300,0.0300,0.0300,0.0400,0.0400,0.0400,0.0400,63.00,215566.00
KXNHL-26-FLA,1770498000,0.0300,0.0300,0.0300,0.0300,0.0400,0.0400,0.0400,0.0400,0.00,215566.00
KXNHL-26-FLA,1770501600,0.0300,0.0300,0.0300,0.0300,0.0400,0.0400,0.0400,0.0400,0.00,215566.00
KXNHL-26-FLA,1770505200,0.0300,0.0300,0.0300,0.0300,0.0400,0.0400,0.0400,0.0400,90.00,215476.00
KXNHL-26-FLA,1770508800,0.0300,0.0300,0.0300,0.0300,0.0400,0.0400,0.0400,0.0400,0.00,215476.00
KXNHL-26-FLA,1770512400,0.0300,0.0300,0.0200,0.0200,0.0400,0.0400,0.0400,0.0400,0.00,215476.00
KXNHL-26-FLA,1770516000,0.0200,0.0200,0.0200,0.0200,0.0400,0.0400,0.0400,0.0400,0.00,215476.00
KXNHL-26-FLA,1770519600,0.0200,0.0200,0.0200,0.0200,0.0400,0.0400,0.0400,0.0400,0.00,215476.00
KXNHL-26-FLA,1770523200,0.0200,0.0200,0.0200,0.0200,0.0400,0.0400,0.0300,0.0400,0.00,215476.00
KXNHL-26-FLA,1770526800,0.0200,0.0200,0.0200,0.0200,0.0400,0.0400,0.0400,0.0400,0.00,215476.00
KXNHL-26-FLA,1770530400,0.0200,0.0200,0.0200,0.0200,0.0400,0.0400,0.0300,0.0300,0.00,215476.00
KXNHL-26-FLA,1770534000,0.0200,0.0200,0.0200,0.0200,0.0300,0.0300,0.0300,0.0300,0.00,215476.00
KXNHL-26-FLA,1770537600,0.0200,0.0200,0.0200,0.0200,0.0300,0.0400,0.0300,0.0400,0.00,215476.00
KXNHL-26-FLA,1770541200,0.0200,0.0300,0.0200,0.0300,0.0400,0.0400,0.0400,0.0400,0.00,215476.00
KXNHL-26-FLA,1770544800,0.0300,0.0300,0.0300,0.0300,0.0400,0.0400,0.0400,0.0400,0.00,215476.00
KXNHL-26-FLA,1770548400,0.0300,0.0300,0.0300,0.0300,0.0400,0.0400,0.0400,0.0400,0.00,215476.00
KXNHL-26-FLA,1770552000,0.0300,0.0300,0.0300,0.0300,0.0400,0.0400,0.0400,0.0400,0.00,215476.00
KXNHL-26-FLA,1770555600,0.0300,0.0300,0.0300,0.0300,0.0400,0.0400,0.0400,0.0400,0.00,215476.00
KXNHL-26-FLA,1770559200,0.0300,0.0300,0.0300,0.0300,0.0400,0.0400,0.0400,0.0400,0.00,215476.00
KXNHL-26-FLA,1770562800,0.0300,0.0300,0.0300,0.0300,0.0400,0.0400,0.0400,0.0400,0.00,215476.00
KXNHL-26-FLA,1770566400,0.0300,0.0300,0.0300,0.0300,0.0400,0.0400,0.0400,0.0400,0.00,215476.00
KXNHL-26-FLA,1770570000,0.0300,0.0300,0.0300,0.0300,0.0400,0.0400,0.0400,0.0400,0.00,215476.00
KXNHL-26-FLA,1770573600,0.0300,0.0300,0.0300,0.0300,0.0400,0.0400,0.0400,0.0400,0.00,215476.00
KXNHL-26-FLA,1770577200,0.0300,0.0300,0.0300,0.0300,0.0400,0.0400,0.0400,0.0400,0.00,215476.00
KXNHL-26-FLA,1770580800,0.0300,0.0300,0.0300,0.0300,0.0400,0.0400,0.0400,0.0400,13.00,215463.00
KXNHL-26-FLA,1770584400,0.0300,0.0300,0.0300,0.0300,0.0400,0.0400,0.0400,0.0400,0.00,215463.00
KXNHL-26-FLA,1770588000,0.0300,0.0300,0.0300,0.0300,0.0400,0.0400,0.0400,0.0400,468.00,215931.00
KXNHL-26-FLA,1770591600,0.0300,0.0300,0.0300,0.0300,0.0400,0.0400,0.0400,0.0400,40.00,215891.00
KXNHL-26-FLA,1770595200,0.0300,0.0300,0.0300,0.0300,0.0400,0.0400,0.0400,0.0400,0.00,215891.00
KXNHL-26-FLA,1770598800,0.0300,0.0300,0.0300,0.0300,0.0400,0.0400,0.0400,0.0400,0.00,215891.00
KXNHL-26-FLA,1770602400,0.0300,0.0300,0.0300,0.0300,0.0400,0.0400,0.0400,0.0400,3116.00,214973.00
KXNHL-26-FLA,1770606000,0.0300,0.0300,0.0300,0.0300,0.0400,0.0400,0.0400,0.0400,426.00,214781.00
KXNHL-26-FLA,1770609600,0.0300,0.0300,0.0300,0.0300,0.0400,0.0400,0.0400,0.0400,0.00,214781.00
KXNHL-26-FLA,1770613200,0.0300,0.0300,0.0300,0.0300,0.0400,0.0400,0.0400,0.0400,1500.00,214781.00
KXNHL-26-FLA,1770616800,0.0300,0.0300,0.0300,0.0300,0.0400,0.0400,0.0400,0.0400,23.00,214804.00
KXNHL-26-FLA,1770620400,0.0300,0.0300,0.0300,0.0300,0.0400,0.0400,0.0400,0.0400,0.00,214804.00
KXNHL-26-FLA,1770624000,0.0300,0.0300,0.0300,0.0300,0.0400,0.0400,0.0400,0.0400,0.00,214804.00
KXNHL-26-FLA,1770627600,0.0300,0.0300,0.0300,0.0300,0.0400,0.0400,0.0400,0.0400,0.00,214804.00
KXNHL-26-FLA,1770631200,0.0300,0.0300,0.0300,0.0300,0.0400,0.0400,0.0400,0.0400,0.00,214804.00
KXNHL-26-FLA,1770634800,0.0300,0.0300,0.0300,0.0300,0.0400,0.0400,0.0400,0.0400,0.00,214804.00
KXNHL-26-FLA,1770638400,0.0300,0.0300,0.0300,0.0300,0.0400,0.0400,0.0400,0.0400,20.00,214824.00
KXNHL-26-FLA,1770642000,0.0300,0.0300,0.0300,0.0300,0.0400,0.0400,0.0400,0.0400,0.00,214824.00
KXNHL-26-FLA,1770645600,0.0300,0.0300,0.0300,0.0300,0.0400,0.0400,0.0400,0.0400,0.00,214824.00
KXNHL-26-FLA,1770649200,0.0300,0.0300,0.0300,0.0300,0.0400,0.0400,0.0400,0.0400,23.00,214847.00
KXNHL-26-FLA,1770652800,0.0300,0.0300,0.0300,0.0300,0.0400,0.0400,0.0400,0.0400,0.00,214847.00
KXNHL-26-FLA,1770656400,0.0300,0.0300,0.0300,0.0300,0.0400,0.0400,0.0400,0.0400,0.00,214847.00
KXNHL-26-FLA,1770660000,0.0300,0.0300,0.0300,0.0300,0.0400,0.0400,0.0400,0.0400,0.00,214847.00
KXNHL-26-FLA,1770663600,0.0300,0.0300,0.0300,0.0300,0.0400,0.0400,0.0400,0.0400,0.00,214847.00
KXNHL-26-FLA,1770670800,0.0300,0.0300,0.0300,0.0300,0.0400,0.0400,0.0400,0.0400,419.00,214827.00
KXNHL-26-FLA,1770678000,0.0300,0.0300,0.0300,0.0300,0.0400,0.0400,0.0400,0.0400,200.00,215027.00
KXNHL-26-FLA,1770681600,0.0300,0.0300,0.0300,0.0300,0.0400,0.0400,0.0400,0.0400,146.00,215173.00
KXNHL-26-FLA,1770699600,0.0300,0.0300,0.0300,0.0300,0.0400,0.0400,0.0400,0.0400,16.00,215189.00
KXNHL-26-FLA,1770703200,0.0300,0.0300,0.0300,0.0300,0.0400,0.0400,0.0400,0.0400,4962.00,210230.00
KXNHL-26-FLA,1770735600,0.0300,0.0300,0.0300,0.0300,0.0400,0.0400,0.0400,0.0400,201.00,210097.00
KXNHL-26-FLA,1770757200,0.0300,0.0300,0.0300,0.0300,0.0400,0.0400,0.0400,0.0400,65.00,210162.00
KXNHL-26-FLA,1770768000,0.0300,0.0300,0.0300,0.0300,0.0400,0.0400,0.0400,0.0400,1107.00,211176.00
KXNHL-26-FLA,1770778800,0.0300,0.0300,0.0300,0.0300,0.0400,0.0400,0.0400,0.0400,1.00,211176.00
KXNHL-26-FLA,1770793200,0.0300,0.0300,0.0300,0.0300,0.0400,0.0400,0.0400,0.0400,500.00,211676.00
KXNHL-26-FLA,1770818400,0.0300,0.0300,0.0300,0.0300,0.0400,0.0400,0.0400,0.0400,585.00,212261.00
KXNHL-26-FLA,1770829200,0.0300,0.0300,0.0300,0.0300,0.0400,0.0400,0.0400,0.0400,259.00,212261.00
KXNHL-26-FLA,1770850800,0.0300,0.0300,0.0300,0.0300,0.0400,0.0400,0.0400,0.0400,25.00,212286.00
KXNHL-26-FLA,1770872400,0.0300,0.0300,0.0300,0.0300,0.0400,0.0400,0.0400,0.0400,25.00,212311.00
KXNHL-26-FLA,1770890400,0.0300,0.0300,0.0300,0.0300,0.0400,0.0400,0.0400,0.0400,0.00,212311.00
KXNHL-26-FLA,1770894000,0.0300,0.0300,0.0300,0.0300,0.0400,0.0400,0.0400,0.0400,12.00,212323.00
KXNHL-26-FLA,1770897600,0.0300,0.0300,0.0300,0.0300,0.0400,0.0400,0.0400,0.0400,0.00,212323.00
KXNHL-26-FLA,1770901200,0.0300,0.0300,0.0300,0.0300,0.0400,0.0400,0.0400,0.0400,0.00,212323.00
KXNHL-26-FLA,1770908400,0.0300,0.0300,0.0300,0.0300,0.0400,0.0400,0.0400,0.0400,0.00,212323.00
KXNHL-26-FLA,1770912000,0.0300,0.0300,0.0300,0.0300,0.0400,0.0400,0.0400,0.0400,0.00,212323.00
KXNHL-26-FLA,1770919200,0.0300,0.0300,0.0300,0.0300,0.0400,0.0400,0.0400,0.0400,114.00,212323.00
KXNHL-26-FLA,1770922800,0.0300,0.0300,0.0300,0.0300,0.0400,0.0400,0.0400,0.0400,0.00,212323.00
KXNHL-26-FLA,1770926400,0.0300,0.0300,0.0300,0.0300,0.0400,0.0400,0.0400,0.0400,0.00,212323.00
KXNHL-26-FLA,1770930000,0.0300,0.0300,0.0300,0.0300,0.0400,0.0400,0.0400,0.0400,0.00,212323.00
KXNHL-26-FLA,1770933600,0.0300,0.0300,0.0300,0.0300,0.0400,0.0400,0.0400,0.0400,0.00,212323.00
KXNHL-26-FLA,1770937200,0.0300,0.0300,0.0300,0.0300,0.0400,0.0400,0.0400,0.0400,20.00,212323.00
KXNHL-26-FLA,1770940800,0.0300,0.0300,0.0200,0.0300,0.0400,0.0400,0.0300,0.0400,160.00,212235.00
KXNHL-26-FLA,1770944400,0.0300,0.0300,0.0200,0.0300,0.0400,0.0400,0.0400,0.0400,0.00,212235.00
KXNHL-26-FLA,1770948000,0.0300,0.0300,0.0200,0.0300,0.0400,0.0400,0.0400,0.0400,0.00,212235.00
KXNHL-26-FLA,1770951600,0.0300,0.0300,0.0200,0.0300,0.0400,0.0400,0.0400,0.0400,0.00,212235.00
KXNHL-26-FLA,1770955200,0.0300,0.0300,0.0200,0.0300,0.0400,0.0400,0.0400,0.0400,0.00,212235.00
KXNHL-26-FLA,1770958800,0.0300,0.0300,0.0300,0.0300,0.0400,0.0400,0.0400,0.0400,0.00,212235.00
KXNHL-26-FLA,1770962400,0.0300,0.0300,0.0200,0.0300,0.0400,0.0400,0.0400,0.0400,0.00,212235.00
KXNHL-26-FLA,1770966000,0.0300,0.0300,0.0200,0.0200,0.0400,0.0400,0.0400,0.0400,0.00,212235.00
KXNHL-26-FLA,1770969600,0.0200,0.0300,0.0200,0.0300,0.0400,0.0400,0.0400,0.0400,0.00,212235.00
KXNHL-26-FLA,1770973200,0.0300,0.0300,0.0200,0.0300,0.0400,0.0400,0.0400,0.0400,0.00,212235.00
KXNHL-26-FLA,1770976800,0.0300,0.0300,0.0200,0.0300,0.0400,0.0400,0.0400,0.0400,0.00,212235.00
KXNHL-26-FLA,1770980400,0.0300,0.0300,0.0200,0.0300,0.0400,0.0400,0.0400,0.0400,0.00,212235.00
KXNHL-26-FLA,1770984000,0.0300,0.0300,0.0200,0.0200,0.0400,0.0400,0.0400,0.0400,0.00,212235.00
KXNHL-26-FLA,1770987600,0.0200,0.0300,0.0200,0.0300,0.0400,0.0400,0.0400,0.0400,0.00,212235.00
KXNHL-26-FLA,1770991200,0.0300,0.0300,0.0200,0.0300,0.0400,0.0400,0.0400,0.0400,0.00,212235.00
KXNHL-26-FLA,1770994800,0.0300,0.0300,0.0200,0.0200,0.0400,0.0400,0.0400,0.0400,250.00,212485.00
KXNHL-26-FLA,1770998400,0.0200,0.0300,0.0200,0.0300,0.0400,0.0400,0.0400,0.0400,0.00,212485.00
KXNHL-26-FLA,1771002000,0.0300,0.0300,0.0200,0.0300,0.0400,0.0400,0.0400,0.0400,0.00,212485.00
KXNHL-26-FLA,1771005600,0.0300,0.0300,0.0200,0.0300,0.0400,0.0400,0.0400,0.0400,0.00,212485.00
KXNHL-26-FLA,1771009200,0.0300,0.0300,0.0300,0.0300,0.0400,0.0400,0.0400,0.0400,46.00,212531.00
KXNHL-26-FLA,1771012800,0.0300,0.0300,0.0300,0.0300,0.0400,0.0400,0.0400,0.0400,0.00,212531.00
KXNHL-26-FLA,1771016400,0.0300,0.0300,0.0300,0.0300,0.0400,0.0400,0.0400,0.0400,0.00,212531.00
KXNHL-26-FLA,1771020000,0.0300,0.0300,0.0300,0.0300,0.0400,0.0400,0.0400,0.0400,0.00,212531.00
KXNHL-26-FLA,1771023600,0.0300,0.0300,0.0300,0.0300,0.0400,0.0400,0.0400,0.0400,0.00,212531.00
KXNHL-26-FLA,1771027200,0.0300,0.0300,0.0200,0.0200,0.0400,0.0400,0.0400,0.0400,201.00,212332.00
KXNHL-26-FLA,1771030800,0.0200,0.0300,0.0200,0.0300,0.0400,0.0400,0.0400,0.0400,250.00,212082.00
KXNHL-26-FLA,1771034400,0.0300,0.0300,0.0200,0.0300,0.0400,0.0400,0.0400,0.0400,0.00,212082.00
KXNHL-26-FLA,1771038000,0.0300,0.0300,0.0200,0.0200,0.0400,0.0400,0.0400,0.0400,0.00,212082.00
KXNHL-26-FLA,1771041600,0.0200,0.0300,0.0200,0.0300,0.0400,0.0400,0.0400,0.0400,0.00,212082.00
KXNHL-26-FLA,1771045200,0.0300,0.0300,0.0200,0.0200,0.0400,0.0400,0.0400,0.0400,0.00,212082.00
KXNHL-26-FLA,1771048800,0.0200,0.0300,0.0200,0.0200,0.0400,0.0400,0.0400,0.0400,0.00,212082.00
KXNHL-26-FLA,1771052400,0.0200,0.0300,0.0200,0.0300,0.0400,0.0400,0.0400,0.0400,0.00,212082.00
KXNHL-26-FLA,1771056000,0.0300,0.0300,0.0200,0.0300,0.0400,0.0400,0.0400,0.0400,0.00,212082.00
KXNHL-26-FLA,1771059600,0.0300,0.0300,0.0200,0.0300,0.0400,0.0400,0.0400,0.0400,0.00,212082.00
KXNHL-26-FLA,1771063200,0.0300,0.0300,0.0200,0.0300,0.0400,0.0400,0.0400,0.0400,0.00,212082.00
KXNHL-26-FLA,1771066800,0.0300,0.0300,0.0200,0.0300,0.0400,0.0400,0.0400,0.0400,0.00,212082.00
KXNHL-26-FLA,1771070400,0.0300,0.0300,0.0200,0.0200,0.0400,0.0400,0.0400,0.0400,0.00,212082.00
KXNHL-26-FLA,1771074000,0.0200,0.0300,0.0200,0.0300,0.0400,0.0400,0.0400,0.0400,8.00,212080.00
KXNHL-26-FLA,1771077600,0.0300,0.0300,0.0200,0.0200,0.0400,0.0400,0.0400,0.0400,0.00,212080.00
KXNHL-26-FLA,1771081200,0.0200,0.0300,0.0200,0.0300,0.0400,0.0400,0.0400,0.0400,0.00,212080.00
KXNHL-26-FLA,1771084800,0.0300,0.0300,0.0200,0.0300,0.0400,0.0400,0.0400,0.0400,0.00,212080.00
KXNHL-26-FLA,1771088400,0.0300,0.0300,0.0200,0.0300,0.0400,0.0400,0.0400,0.0400,0.00,212080.00
KXNHL-26-FLA,1771092000,0.0300,0.0300,0.0200,0.0300,0.0400,0.0400,0.0400,0.0400,0.00,212080.00
KXNHL-26-FLA,1771095600,0.0300,0.0300,0.0200,0.0200,0.0400,0.0400,0.0400,0.0400,18.00,212098.00
KXNHL-26-FLA,1771099200,0.0200,0.0300,0.0200,0.0300,0.0400,0.0400,0.0400,0.0400,0.00,212098.00
KXNHL-26-FLA,1771102800,0.0300,0.0300,0.0200,0.0300,0.0400,0.0400,0.0400,0.0400,312.00,212410.00
KXNHL-26-FLA,1771106400,0.0300,0.0300,0.0200,0.0200,0.0400,0.0400,0.0400,0.0400,0.00,212410.00
KXNHL-26-FLA,1771110000,0.0200,0.0300,0.0200,0.0300,0.0400,0.0400,0.0400,0.0400,0.00,212410.00
KXNHL-26-FLA,1771113600,0.0300,0.0300,0.0200,0.0200,0.0400,0.0400,0.0400,0.0400,0.00,212410.00
KXNHL-26-FLA,1771117200,0.0200,0.0300,0.0200,0.0300,0.0400,0.0400,0.0400,0.0400,46.00,212456.00
KXNHL-26-FLA,1771120800,0.0300,0.0300,0.0200,0.0300,0.0400,0.0400,0.0400,0.0400,0.00,212456.00
KXNHL-26-FLA,1771124400,0.0300,0.0300,0.0200,0.0300,0.0400,0.0400,0.0400,0.0400,0.00,212456.00
KXNHL-26-FLA,1771128000,0.0300,0.0300,0.0200,0.0300,0.0400,0.0400,0.0400,0.0400,50234.00,262590.00
KXNHL-26-FLA,1771131600,0.0300,0.0300,0.0200,0.0200,0.0400,0.0400,0.0400,0.0400,0.00,262590.00
KXNHL-26-FLA,1771135200,0.0200,0.0300,0.0200,0.0200,0.0400,0.0400,0.0400,0.0400,0.00,262590.00
KXNHL-26-FLA,1771138800,0.0200,0.0300,0.0200,0.0200,0.0400,0.0400,0.0400,0.0400,0.00,262590.00
KXNHL-26-FLA,1771146000,0.0200,0.0200,0.0200,0.0200,0.0400,0.0400,0.0400,0.0400,0.00,262590.00
KXNHL-26-FLA,1771149600,0.0200,0.0200,0.0200,0.0200,0.0400,0.0400,0.0400,0.0400,0.00,262590.00
KXNHL-26-FLA,1771153200,0.0200,0.0200,0.0200,0.0200,0.0400,0.0400,0.0400,0.0400,0.00,262590.00
KXNHL-26-FLA,1771156800,0.0200,0.0200,0.0200,0.0200,0.0400,0.0400,0.0400,0.0400,0.00,262590.00
KXNHL-26-FLA,1771160400,0.0200,0.0300,0.0200,0.0200,0.0400,0.0400,0.0400,0.0400,0.00,262590.00
KXNHL-26-FLA,1771167600,0.0200,0.0200,0.0200,0.0200,0.0400,0.0400,0.0400,0.0400,0.00,262590.00
KXNHL-26-FLA,1771171200,0.0200,0.0300,0.0200,0.0300,0.0400,0.0400,0.0400,0.0400,0.00,262590.00
KXNHL-26-FLA,1771174800,0.0300,0.0300,0.0200,0.0200,0.0400,0.0400,0.0400,0.0400,0.00,262590.00
KXNHL-26-FLA,1771178400,0.0200,0.0300,0.0200,0.0300,0.0400,0.0400,0.0400,0.0400,0.00,262590.00
KXNHL-26-FLA,1771182000,0.0300,0.0300,0.0200,0.0300,0.0400,0.0400,0.0400,0.0400,25.00,262615.00
KXNHL-26-FLA,1771185600,0.0300,0.0300,0.0200,0.0300,0.0400,0.0400,0.0400,0.0400,0.00,262615.00
KXNHL-26-FLA,1771189200,0.0300,0.0300,0.0200,0.0200,0.0400,0.0400,0.0400,0.0400,0.00,262615.00
KXNHL-26-FLA,1771192800,0.0200,0.0300,0.0200,0.0200,0.0400,0.0400,0.0400,0.0400,689.00,263304.00
KXNHL-26-FLA,1771196400,0.0200,0.0300,0.0200,0.0300,0.0400,0.0400,0.0400,0.0400,0.00,263304.00
KXNHL-26-FLA,1771200000,0.0300,0.0300,0.0200,0.0300,0.0400,0.0400,0.0400,0.0400,0.00,263304.00
KXNHL-26-FLA,1771203600,0.0300,0.0300,0.0200,0.0300,0.0400,0.0400,0.0400,0.0400,0.00,263304.00
KXNHL-26-FLA,1771207200,0.0300,0.0300,0.0200,0.0300,0.0400,0.0400,0.0400,0.0400,1.00,263305.00
KXNHL-26-FLA,1771210800,0.0300,0.0300,0.0200,0.0300,0.0400,0.0400,0.0400,0.0400,0.00,263305.00
KXNHL-26-FLA,1771214400,0.0300,0.0300,0.0200,0.0300,0.0400,0.0400,0.0400,0.0400,0.00,263305.00
KXNHL-26-FLA,1771218000,0.0300,0.0300,0.0200,0.0200,0.0400,0.0400,0.0400,0.0400,23.00,263305.00
KXNHL-26-FLA,1771221600,0.0200,0.0300,0.0200,0.0300,0.0400,0.0400,0.0400,0.0400,0.00,263305.00
KXNHL-26-FLA,1771225200,0.0300,0.0300,0.0200,0.0300,0.0400,0.0400,0.0400,0.0400,283.00,263305.00
KXNHL-26-FLA,1771228800,0.0300,0.0300,0.0200,0.0300,0.0400,0.0400,0.0400,0.0400,0.00,263305.00
KXNHL-26-FLA,1771232400,0.0300,0.0300,0.0200,0.0300,0.0400,0.0400,0.0400,0.0400,0.00,263305.00
KXNHL-26-FLA,1771236000,0.0300,0.0300,0.0300,0.0300,0.0400,0.0400,0.0400,0.0400,0.00,263305.00
KXNHL-26-FLA,1771239600,0.0300,0.0300,0.0200,0.0300,0.0400,0.0400,0.0400,0.0400,0.00,263305.00
KXNHL-26-FLA,1771243200,0.0300,0.0300,0.0200,0.0200,0.0400,0.0400,0.0400,0.0400,0.00,263305.00
KXNHL-26-FLA,1771246800,0.0200,0.0300,0.0200,0.0300,0.0400,0.0400,0.0400,0.0400,0.00,263305.00
KXNHL-26-FLA,1771250400,0.0300,0.0300,0.0200,0.0300,0.0400,0.0400,0.0400,0.0400,500.00,263305.00
KXNHL-26-FLA,1771254000,0.0300,0.0300,0.0200,0.0300,0.0400,0.0400,0.0400,0.0400,0.00,263305.00
KXNHL-26-FLA,1771257600,0.0300,0.0300,0.0200,0.0300,0.0400,0.0400,0.0400,0.0400,0.00,263305.00
KXNHL-26-FLA,1771261200,0.0300,0.0300,0.0200,0.0300,0.0400,0.0400,0.0400,0.0400,57.00,263305.00
KXNHL-26-FLA,1771264800,0.0300,0.0300,0.0200,0.0200,0.0400,0.0400,0.0300,0.0300,1380.00,263340.00
KXNHL-26-FLA,1771268400,0.0200,0.0300,0.0200,0.0300,0.0300,0.0400,0.0300,0.0400,45.00,263340.00
KXNHL-26-FLA,1771272000,0.0300,0.0300,0.0300,0.0300,0.0400,0.0400,0.0400,0.0400,145.00,263340.00
KXNHL-26-FLA,1771275600,0.0300,0.0300,0.0300,0.0300,0.0400,0.0400,0.0400,0.0400,0.00,263340.00
KXNHL-26-FLA,1771279200,0.0300,0.0300,0.0300,0.0300,0.0400,0.0400,0.0400,0.0400,0.00,263340.00
KXNHL-26-FLA,1771282800,0.0300,0.0300,0.0300,0.0300,0.0400,0.0400,0.0400,0.0400,0.00,263340.00
KXNHL-26-FLA,1771286400,0.0300,0.0300,0.0300,0.0300,0.0400,0.0400,0.0400,0.0400,0.00,263340.00
KXNHL-26-FLA,1771290000,0.0300,0.0300,0.0300,0.0300,0.0400,0.0400,0.0400,0.0400,0.00,263340.00
KXNHL-26-FLA,1771293600,0.0300,0.0300,0.0300,0.0300,0.0400,0.0400,0.0400,0.0400,56.00,263284.00
KXNHL-26-FLA,1771297200,0.0300,0.0300,0.0300,0.0300,0.0400,0.0400,0.0400,0.0400,0.00,263284.00
KXNHL-26-FLA,1771300800,0.0300,0.0300,0.0300,0.0300,0.0400,0.0400,0.0400,0.0400,0.00,263284.00
KXNHL-26-FLA,1771304400,0.0300,0.0300,0.0200,0.0200,0.0400,0.0400,0.0400,0.0400,0.00,263284.00
KXNHL-26-FLA,1771308000,0.0200,0.0200,0.0200,0.0200,0.0400,0.0400,0.0400,0.0400,0.00,263284.00
KXNHL-26-FLA,1771315200,0.0200,0.0300,0.0200,0.0300,0.0400,0.0400,0.0400,0.0400,0.00,263284.00
KXNHL-26-FLA,1771318800,0.0300,0.0300,0.0200,0.0300,0.0400,0.0400,0.0400,0.0400,0.00,263284.00
KXNHL-26-FLA,1771322400,0.0300,0.0300,0.0200,0.0300,0.0400,0.0400,0.0400,0.0400,0.00,263284.00
KXNHL-26-FLA,1771326000,0.0300,0.0300,0.0200,0.0300,0.0400,0.0400,0.0400,0.0400,0.00,263284.00
KXNHL-26-FLA,1771329600,0.0300,0.0300,0.0200,0.0200,0.0400,0.0400,0.0400,0.0400,0.00,263284.00
KXNHL-26-FLA,1771333200,0.0200,0.0300,0.0200,0.0300,0.0400,0.0400,0.0400,0.0400,0.00,263284.00
KXNHL-26-FLA,1771347600,0.0300,0.0300,0.0300,0.0300,0.0400,0.0400,0.0400,0.0400,0.00,263284.00
KXNHL-26-FLA,1771358400,0.0300,0.0300,0.0300,0.0300,0.0400,0.0400,0.0400,0.0400,2342.00,265489.00
KXNHL-26-FLA,1771365600,0.0300,0.0300,0.0300,0.0300,0.0400,0.0400,0.0400,0.0400,0.00,265489.00
KXNHL-26-FLA,1771372800,0.0300,0.0300,0.0200,0.0300,0.0400,0.0400,0.0400,0.0400,0.00,265489.00
KXNHL-26-FLA,1771376400,0.0300,0.0300,0.0300,0.0300,0.0400,0.0400,0.0400,0.0400,0.00,265489.00
KXNHL-26-FLA,1771380000,0.0300,0.0300,0.0200,0.0300,0.0400,0.0400,0.0400,0.0400,0.00,265489.00
KXNHL-26-FLA,1771383600,0.0300,0.0300,0.0200,0.0300,0.0400,0.0400,0.0400,0.0400,9.00,265498.00
KXNHL-26-FLA,1771387200,0.0300,0.0300,0.0300,0.0300,0.0400,0.0400,0.0400,0.0400,0.00,265498.00
KXNHL-26-FLA,1771390800,0.0300,0.0300,0.0200,0.0200,0.0400,0.0400,0.0300,0.0300,0.00,265498.00
KXNHL-26-FLA,1771394400,0.0200,0.0300,0.0200,0.0300,0.0300,0.0400,0.0300,0.0400,0.00,265498.00
KXNHL-26-FLA,1771398000,0.0300,0.0300,0.0300,0.0300,0.0400,0.0400,0.0400,0.0400,0.00,265498.00
KXNHL-26-FLA,1771401600,0.0300,0.0300,0.0300,0.0300,0.0400,0.0400,0.0400,0.0400,0.00,265498.00
KXNHL-26-FLA,1771405200,0.0300,0.0300,0.0200,0.0300,0.0400,0.0400,0.0300,0.0400,716.00,264784.00
KXNHL-26-FLA,1771408800,0.0300,0.0300,0.0300,0.0300,0.0400,0.0400,0.0400,0.0400,0.00,264784.00
KXNHL-26-FLA,1771412400,0.0300,0.0300,0.0300,0.0300,0.0400,0.0400,0.0400,0.0400,0.00,264784.00
KXNHL-26-FLA,1771416000,0.0300,0.0300,0.0200,0.0200,0.0400,0.0400,0.0300,0.0300,0.00,264784.00
KXNHL-26-FLA,1771419600,0.0200,0.0300,0.0200,0.0300,0.0300,0.0400,0.0300,0.0400,30.00,264754.00
KXNHL-26-FLA,1771423200,0.0300,0.0300,0.0300,0.0300,0.0400,0.0400,0.0400,0.0400,0.00,264754.00
KXNHL-26-FLA,1771426800,0.0300,0.0300,0.0300,0.0300,0.0400,0.0400,0.0400,0.0400,0.00,264754.00
KXNHL-26-FLA,1771430400,0.0300,0.0300,0.0300,0.0300,0.0400,0.0400,0.0400,0.0400,0.00,264754.00
KXNHL-26-FLA,1771434000,0.0300,0.0300,0.0300,0.0300,0.0400,0.0400,0.0400,0.0400,0.00,264754.00
KXNHL-26-FLA,1771437600,0.0300,0.0300,0.0300,0.0300,0.0400,0.0400,0.0400,0.0400,0.00,264754.00
KXNHL-26-FLA,1771441200,0.0300,0.0300,0.0300,0.0300,0.0400,0.0400,0.0400,0.0400,0.00,264754.00
KXNHL-26-FLA,1771444800,0.0300,0.0300,0.0300,0.0300,0.0400,0.0400,0.0400,0.0400,0.00,264754.00
KXNHL-26-FLA,1771448400,0.0300,0.0300,0.0300,0.0300,0.0400,0.0400,0.0400,0.0400,0.00,264754.00
KXNHL-26-FLA,1771452000,0.0300,0.0300,0.0300,0.0300,0.0400,0.0400,0.0400,0.0400,500.00,265254.00
KXNHL-26-FLA,1771459200,0.0300,0.0300,0.0300,0.0300,0.0400,0.0400,0.0400,0.0400,0.00,265254.00
KXNHL-26-FLA,1771462800,0.0300,0.0300,0.0300,0.0300,0.0400,0.0400,0.0400,0.0400,0.00,265254.00
KXNHL-26-FLA,1771466400,0.0300,0.0300,0.0300,0.0300,0.0400,0.0400,0.0400,0.0400,0.00,265254.00
KXNHL-26-FLA,1771470000,0.0300,0.0300,0.0300,0.0300,0.0400,0.0400,0.0400,0.0400,0.00,265254.00
KXNHL-26-FLA,1771473600,0.0300,0.0300,0.0300,0.0300,0.0400,0.0400,0.0400,0.0400,185.00,265079.00
KXNHL-26-FLA,1771477200,0.0300,0.0300,0.0200,0.0200,0.0400,0.0400,0.0300,0.0300,211.00,264870.00
KXNHL-26-FLA,1771480800,0.0200,0.0300,0.0200,0.0300,0.0300,0.0400,0.0300,0.0400,0.00,264870.00
KXNHL-26-FLA,1771484400,0.0300,0.0300,0.0300,0.0300,0.0400,0.0400,0.0400,0.0400,0.00,264870.00
KXNHL-26-FLA,1771488000,0.0300,0.0300,0.0300,0.0300,0.0400,0.0400,0.0400,0.0400,0.00,264870.00
KXNHL-26-FLA,1771498800,0.0300,0.0300,0.0300,0.0300,0.0400,0.0400,0.0400,0.0400,0.00,264870.00
KXNHL-26-FLA,1771502400,0.0300,0.0300,0.0300,0.0300,0.0400,0.0400,0.0400,0.0400,0.00,264870.00
KXNHL-26-FLA,1771506000,0.0300,0.0300,0.0200,0.0200,0.0400,0.0400,0.0300,0.0300,0.00,264870.00
KXNHL-26-FLA,1771516800,0.0200,0.0300,0.0200,0.0300,0.0300,0.0400,0.0300,0.0400,293.00,264577.00
KXNHL-26-FLA,1771520400,0.0300,0.0300,0.0300,0.0300,0.0400,0.0400,0.0400,0.0400,0.00,264577.00
KXNHL-26-FLA,1771524000,0.0300,0.0300,0.0300,0.0300,0.0400,0.0400,0.0400,0.0400,0.00,264577.00
KXNHL-26-FLA,1771527600,0.0300,0.0300,0.0300,0.0300,0.0400,0.0400,0.0400,0.0400,166.00,264743.00
KXNHL-26-FLA,1771531200,0.0300,0.0300,0.0300,0.0300,0.0400,0.0400,0.0400,0.0400,0.00,264743.00
KXNHL-26-FLA,1771534800,0.0300,0.0300,0.0300,0.0300,0.0400,0.0400,0.0400,0.0400,0.00,264743.00
KXNHL-26-FLA,1771538400,0.0300,0.0300,0.0300,0.0300,0.0400,0.0400,0.0400,0.0400,0.00,264743.00
KXNHL-26-FLA,1771542000,0.0300,0.0300,0.0300,0.0300,0.0400,0.0400,0.0400,0.0400,10286.00,264768.00
KXNHL-26-FLA,1771545600,0.0300,0.0300,0.0300,0.0300,0.0400,0.0400,0.0400,0.0400,0.00,264768.00
KXNHL-26-FLA,1771549200,0.0300,0.0300,0.0300,0.0300,0.0400,0.0400,0.0400,0.0400,1271.00,266039.00
KXNHL-26-FLA,1771552800,0.0300,0.0300,0.0300,0.0300,0.0400,0.0400,0.0400,0.0400,0.00,266039.00
KXNHL-26-FLA,1771556400,0.0300,0.0300,0.0300,0.0300,0.0400,0.0400,0.0400,0.0400,0.00,266039.00
KXNHL-26-FLA,1771560000,0.0300,0.0300,0.0300,0.0300,0.0400,0.0400,0.0400,0.0400,0.00,266039.00
KXNHL-26-FLA,1771563600,0.0300,0.0300,0.0200,0.0200,0.0400,0.0400,0.0400,0.0400,80.00,265959.00
KXNHL-26-FLA,1771567200,0.0200,0.0300,0.0200,0.0300,0.0400,0.0400,0.0400,0.0400,0.00,265959.00
KXNHL-26-FLA,1771570800,0.0300,0.0300,0.0300,0.0300,0.0400,0.0400,0.0400,0.0400,0.00,265959.00
KXNHL-26-FLA,1771574400,0.0300,0.0300,0.0300,0.0300,0.0400,0.0400,0.0400,0.0400,0.00,265959.00
KXNHL-26-FLA,1771578000,0.0300,0.0300,0.0300,0.0300,0.0400,0.0400,0.0400,0.0400,0.00,265959.00
KXNHL-26-FLA,1771581600,0.0300,0.0300,0.0300,0.0300,0.0400,0.0400,0.0400,0.0400,0.00,265959.00
KXNHL-26-FLA,1771585200,0.0300,0.0300,0.0300,0.0300,0.0400,0.0400,0.0400,0.0400,0.00,265959.00
KXNHL-26-FLA,1771588800,0.0300,0.0300,0.0300,0.0300,0.0400,0.0400,0.0400,0.0400,0.00,265959.00
KXNHL-26-FLA,1771592400,0.0300,0.0300,0.0300,0.0300,0.0400,0.0400,0.0400,0.0400,250.00,266209.00
KXNHL-26-FLA,1771596000,0.0300,0.0300,0.0300,0.0300,0.0400,0.0400,0.0400,0.0400,0.00,266209.00
KXNHL-26-FLA,1771599600,0.0300,0.0300,0.0300,0.0300,0.0400,0.0400,0.0400,0.0400,0.00,266209.00
KXNHL-26-FLA,1771603200,0.0300,0.0300,0.0300,0.0300,0.0400,0.0400,0.0400,0.0400,360.00,266455.00
KXNHL-26-FLA,1771606800,0.0300,0.0300,0.0300,0.0300,0.0400,0.0400,0.0400,0.0400,0.00,266455.00
KXNHL-26-FLA,1771610400,0.0300,0.0300,0.0300,0.0300,0.0400,0.0400,0.0400,0.0400,5.00,266460.00
KXNHL-26-FLA,1771614000,0.0300,0.0300,0.0300,0.0300,0.0400,0.0400,0.0400,0.0400,16.00,266476.00
KXNHL-26-FLA,1771617600,0.0300,0.0300,0.0300,0.0300,0.0400,0.0400,0.0400,0.0400,0.00,266476.00
KXNHL-26-FLA,1771621200,0.0300,0.0300,0.0300,0.0300,0.0400,0.0400,0.0400,0.0400,0.00,266476.00
KXNHL-26-FLA,1771624800,0.0300,0.0300,0.0300,0.0300,0.0400,0.0400,0.0400,0.0400,16.00,266476.00
KXNHL-26-FLA,1771628400,0.0300,0.0300,0.0300,0.0300,0.0400,0.0400,0.0400,0.0400,0.00,266476.00
KXNHL-26-FLA,1771635600,0.0300,0.0300,0.0300,0.0300,0.0400,0.0400,0.0400,0.0400,20.00,266476.00
KXNHL-26-FLA,1771639200,0.0300,0.0300,0.0300,0.0300,0.0400,0.0400,0.0400,0.0400,0.00,266476.00
KXNHL-26-FLA,1771642800,0.0300,0.0300,0.0300,0.0300,0.0400,0.0400,0.0400,0.0400,0.00,266476.00
KXNHL-26-FLA,1771646400,0.0300,0.0300,0.0300,0.0300,0.0400,0.0400,0.0400,0.0400,0.00,266476.00
KXNHL-26-FLA,1771650000,0.0300,0.0300,0.0300,0.0300,0.0400,0.0400,0.0400,0.0400,0.00,266476.00
KXNHL-26-FLA,1771653600,0.0300,0.0300,0.0300,0.0300,0.0400,0.0400,0.0400,0.0400,0.00,266476.00
KXNHL-26-FLA,1771657200,0.0300,0.0300,0.0300,0.0300,0.0400,0.0400,0.0400,0.0400,0.00,266476.00
KXNHL-26-FLA,1771660800,0.0300,0.0300,0.0300,0.0300,0.0400,0.0400,0.0400,0.0400,0.00,266476.00
KXNHL-26-FLA,1771664400,0.0300,0.0300,0.0200,0.0300,0.0400,0.0400,0.0400,0.0400,0.00,266476.00
KXNHL-26-FLA,1771668000,0.0300,0.0300,0.0300,0.0300,0.0400,0.0400,0.0400,0.0400,0.00,266476.00
KXNHL-26-FLA,1771671600,0.0300,0.0300,0.0300,0.0300,0.0400,0.0400,0.0400,0.0400,0.00,266476.00
KXNHL-26-FLA,1771675200,0.0300,0.0300,0.0200,0.0200,0.0400,0.0400,0.0400,0.0400,0.00,266476.00
KXNHL-26-FLA,1771678800,0.0200,0.0300,0.0200,0.0300,0.0400,0.0400,0.0400,0.0400,0.00,266476.00
KXNHL-26-FLA,1771682400,0.0300,0.0300,0.0300,0.0300,0.0400,0.0400,0.0400,0.0400,26.00,266450.00
KXNHL-26-FLA,1771689600,0.0300,0.0300,0.0300,0.0300,0.0400,0.0400,0.0400,0.0400,0.00,266450.00
KXNHL-26-FLA,1771693200,0.0300,0.0300,0.0300,0.0300,0.0400,0.0400,0.0400,0.0400,0.00,266450.00
KXNHL-26-FLA,1771696800,0.0300,0.0300,0.0300,0.0300,0.0400,0.0400,0.0400,0.0400,0.00,266450.00
KXNHL-26-FLA,1771700400,0.0300,0.0300,0.0300,0.0300,0.0400,0.0400,0.0400,0.0400,25.00,266425.00
KXNHL-26-FLA,1771704000,0.0300,0.0300,0.0300,0.0300,0.0400,0.0400,0.0400,0.0400,4685.00,271110.00
KXNHL-26-FLA,1771707600,0.0300,0.0300,0.0300,0.0300,0.0400,0.0400,0.0400,0.0400,0.00,271110.00
KXNHL-26-FLA,1771711200,0.0300,0.0300,0.0300,0.0300,0.0400,0.0400,0.0400,0.0400,6.00,271110.00
KXNHL-26-FLA,1771714800,0.0300,0.0300,0.0300,0.0300,0.0400,0.0400,0.0400,0.0400,6.00,271116.00
KXNHL-26-FLA,1771718400,0.0300,0.0300,0.0300,0.0300,0.0400,0.0400,0.0400,0.0400,0.00,271116.00
KXNHL-26-FLA,1771722000,0.0300,0.0300,0.0300,0.0300,0.0400,0.0400,0.0400,0.0400,0.00,271116.00
KXNHL-26-FLA,1771725600,0.0300,0.0300,0.0300,0.0300,0.0400,0.0400,0.0400,0.0400,0.00,271116.00
KXNHL-26-FLA,1771729200,0.0300,0.0300,0.0300,0.0300,0.0400,0.0400,0.0400,0.0400,1182.00,272287.00
KXNHL-26-FLA,1771732800,0.0300,0.0300,0.0300,0.0300,0.0400,0.0400,0.0400,0.0400,0.00,272287.00
KXNHL-26-FLA,1771736400,0.0300,0.0300,0.0300,0.0300,0.0400,0.0400,0.0400,0.0400,866.00,273003.00
KXNHL-26-FLA,1771740000,0.0300,0.0300,0.0300,0.0300,0.0400,0.0400,0.0400,0.0400,0.00,273003.00
KXNHL-26-FLA,1771743600,0.0300,0.0300,0.0300,0.0300,0.0400,0.0400,0.0400,0.0400,0.00,273003.00
KXNHL-26-FLA,1771747200,0.0300,0.0300,0.0300,0.0300,0.0400,0.0400,0.0400,0.0400,0.00,273003.00
KXNHL-26-FLA,1771750800,0.0300,0.0300,0.0300,0.0300,0.0400,0.0400,0.0400,0.0400,37.00,273040.00
KXNHL-26-FLA,1771754400,0.0300,0.0300,0.0300,0.0300,0.0400,0.0400,0.0400,0.0400,0.00,273040.00
KXNHL-26-FLA,1771758000,0.0300,0.0300,0.0300,0.0300,0.0400,0.0400,0.0400,0.0400,0.00,273040.00
KXNHL-26-FLA,1771761600,0.0300,0.0300,0.0300,0.0300,0.0400,0.0400,0.0400,0.0400,0.00,273040.00
KXNHL-26-FLA,1771765200,0.0300,0.0300,0.0300,0.0300,0.0400,0.0400,0.0400,0.0400,0.00,273040.00
KXNHL-26-FLA,1771768800,0.0300,0.0300,0.0300,0.0300,0.0400,0.0400,0.0400,0.0400,0.00,273040.00
KXNHL-26-FLA,1771772400,0.0300,0.0300,0.0300,0.0300,0.0400,0.0400,0.0400,0.0400,0.00,273040.00
KXNHL-26-FLA,1771776000,0.0300,0.0300,0.0300,0.0300,0.0400,0.0400,0.0400,0.0400,166.00,273156.00
KXNHL-26-FLA,1771779600,0.0300,0.0300,0.0300,0.0300,0.0400,0.0400,0.0400,0.0400,0.00,273156.00
KXNHL-26-FLA,1771783200,0.0300,0.0300,0.0300,0.0300,0.0400,0.0400,0.0400,0.0400,23.00,273179.00
KXNHL-26-FLA,1771786800,0.0300,0.0300,0.0300,0.0300,0.0400,0.0400,0.0400,0.0400,0.00,273179.00
KXNHL-26-FLA,1771790400,0.0300,0.0300,0.0300,0.0300,0.0400,0.0400,0.0400,0.0400,0.00,273179.00
KXNHL-26-FLA,1771794000,0.0300,0.0300,0.0300,0.0300,0.0400,0.0400,0.0400,0.0400,234.00,273413.00
KXNHL-26-FLA,1771797600,0.0300,0.0300,0.0300,0.0300,0.0400,0.0400,0.0400,0.0400,85.00,273413.00
KXNHL-26-FLA,1771801200,0.0300,0.0300,0.0300,0.0300,0.0400,0.0400,0.0400,0.0400,117.00,273530.00
KXNHL-26-FLA,1771804800,0.0300,0.0300,0.0300,0.0300,0.0400,0.0400,0.0400,0.0400,0.00,273530.00
KXNHL-26-FLA,1771808400,0.0300,0.0300,0.0300,0.0300,0.0400,0.0400,0.0400,0.0400,0.00,273530.00
KXNHL-26-FLA,1771812000,0.0300,0.0300,0.0300,0.0300,0.0400,0.0400,0.0400,0.0400,52.00,273530.00
KXNHL-26-FLA,1771815600,0.0300,0.0300,0.0300,0.0300,0.0400,0.0400,0.0400,0.0400,0.00,273530.00
KXNHL-26-FLA,1771819200,0.0300,0.0300,0.0300,0.0300,0.0400,0.0400,0.0400,0.0400,0.00,273530.00
KXNHL-26-FLA,1771822800,0.0300,0.0300,0.0300,0.0300,0.0400,0.0400,0.0400,0.0400,11.00,273541.00
KXNHL-26-FLA,1771826400,0.0300,0.0300,0.0300,0.0300,0.0400,0.0400,0.0400,0.0400,0.00,273541.00
KXNHL-26-FLA,1771830000,0.0300,0.0300,0.0300,0.0300,0.0400,0.0400,0.0400,0.0400,117.00,273658.00
KXNHL-26-FLA,1771833600,0.0300,0.0300,0.0300,0.0300,0.0400,0.0400,0.0400,0.0400,0.00,273658.00
KXNHL-26-FLA,1771837200,0.0300,0.0300,0.0300,0.0300,0.0400,0.0400,0.0400,0.0400,0.00,273658.00
KXNHL-26-FLA,1771840800,0.0300,0.0300,0.0300,0.0300,0.0400,0.0400,0.0400,0.0400,0.00,273658.00
KXNHL-26-FLA,1771848000,0.0300,0.0300,0.0300,0.0300,0.0400,0.0400,0.0400,0.0400,0.00,273658.00
KXNHL-26-FLA,1771851600,0.0300,0.0300,0.0300,0.0300,0.0400,0.0400,0.0400,0.0400,0.00,273658.00
KXNHL-26-FLA,1771855200,0.0300,0.0300,0.0300,0.0300,0.0400,0.0400,0.0400,0.0400,0.00,273658.00
KXNHL-26-FLA,1771862400,0.0300,0.0300,0.0300,0.0300,0.0400,0.0400,0.0400,0.0400,543.00,274201.00
KXNHL-26-FLA,1771869600,0.0300,0.0300,0.0300,0.0300,0.0400,0.0400,0.0400,0.0400,0.00,274201.00
KXNHL-26-FLA,1771873200,0.0300,0.0300,0.0300,0.0300,0.0400,0.0400,0.0400,0.0400,100.00,274201.00
KXNHL-26-FLA,1771876800,0.0300,0.0300,0.0300,0.0300,0.0400,0.0400,0.0400,0.0400,0.00,274201.00
KXNHL-26-FLA,1771880400,0.0300,0.0300,0.0300,0.0300,0.0400,0.0400,0.0400,0.0400,0.00,274201.00
KXNHL-26-FLA,1771884000,0.0300,0.0300,0.0300,0.0300,0.0400,0.0400,0.0400,0.0400,23.00,274224.00
KXNHL-26-FLA,1771887600,0.0300,0.0300,0.0300,0.0300,0.0400,0.0400,0.0400,0.0400,0.00,274224.00
KXNHL-26-FLA,1771891200,0.0300,0.0300,0.0300,0.0300,0.0400,0.0400,0.0400,0.0400,0.00,274224.00
KXNHL-26-FLA,1771894800,0.0300,0.0300,0.0300,0.0300,0.0400,0.0400,0.0400,0.0400,0.00,274224.00
KXNHL-26-FLA,1771898400,0.0300,0.0300,0.0300,0.0300,0.0400,0.0400,0.0400,0.0400,0.00,274224.00
KXNHL-26-FLA,1771902000,0.0300,0.0300,0.0300,0.0300,0.0400,0.0400,0.0400,0.0400,0.00,274224.00
KXNHL-26-FLA,1771905600,0.0300,0.0300,0.0300,0.0300,0.0400,0.0400,0.0400,0.0400,100.00,274224.00
KXNHL-26-FLA,1771909200,0.0300,0.0300,0.0200,0.0200,0.0400,0.0400,0.0400,0.0400,140.00,274364.00
KXNHL-26-FLA,1771912800,0.0200,0.0300,0.0200,0.0300,0.0400,0.0400,0.0400,0.0400,0.00,274364.00
KXNHL-26-FLA,1771916400,0.0300,0.0300,0.0300,0.0300,0.0400,0.0400,0.0400,0.0400,0.00,274364.00
KXNHL-26-FLA,1771920000,0.0300,0.0300,0.0300,0.0300,0.0400,0.0400,0.0400,0.0400,0.00,274364.00
KXNHL-26-FLA,1771923600,0.0300,0.0300,0.0200,0.0300,0.0400,0.0400,0.0300,0.0400,253.00,274165.00
KXNHL-26-FLA,1771927200,0.0300,0.0300,0.0300,0.0300,0.0400,0.0400,0.0400,0.0400,0.00,274165.00
KXNHL-26-FLA,1771930800,0.0300,0.0300,0.0300,0.0300,0.0400,0.0400,0.0400,0.0400,0.00,274165.00
KXNHL-26-FLA,1771934400,0.0300,0.0300,0.0200,0.0200,0.0400,0.0400,0.0400,0.0400,575.00,274740.00
KXNHL-26-FLA,1771938000,0.0200,0.0200,0.0200,0.0200,0.0400,0.0400,0.0300,0.0300,0.00,274740.00
KXNHL-26-FLA,1771941600,0.0200,0.0200,0.0200,0.0200,0.0300,0.0300,0.0300,0.0300,0.00,274740.00
KXNHL-26-FLA,1771945200,0.0200,0.0200,0.0200,0.0200,0.0300,0.0300,0.0300,0.0300,0.00,274740.00
KXNHL-26-FLA,1771948800,0.0200,0.0200,0.0200,0.0200,0.0300,0.0300,0.0300,0.0300,0.00,274740.00
KXNHL-26-FLA,1771952400,0.0200,0.0200,0.0200,0.0200,0.0300,0.0300,0.0300,0.0300,0.00,274740.00
KXNHL-26-FLA,1771956000,0.0200,0.0200,0.0200,0.0200,0.0300,0.0300,0.0300,0.0300,936.00,275676.00
KXNHL-26-FLA,1771959600,0.0200,0.0200,0.0200,0.0200,0.0300,0.0300,0.0300,0.0300,0.00,275676.00
KXNHL-26-FLA,1771963200,0.0200,0.0200,0.0200,0.0200,0.0300,0.0300,0.0300,0.0300,0.00,275676.00
KXNHL-26-FLA,1771966800,0.0200,0.0200,0.0200,0.0200,0.0300,0.0300,0.0300,0.0300,0.00,275676.00
KXNHL-26-FLA,1771970400,0.0200,0.0200,0.0200,0.0200,0.0300,0.0300,0.0300,0.0300,62.00,275738.00
KXNHL-26-FLA,1771974000,0.0200,0.0200,0.0200,0.0200,0.0300,0.0300,0.0300,0.0300,0.00,275738.00
KXNHL-26-FLA,1771977600,0.0200,0.0200,0.0200,0.0200,0.0300,0.0300,0.0300,0.0300,405.00,276137.00
KXNHL-26-FLA,1771981200,0.0200,0.0200,0.0200,0.0200,0.0300,0.0300,0.0300,0.0300,0.00,276137.00
KXNHL-26-FLA,1771984800,0.0200,0.0200,0.0200,0.0200,0.0300,0.0300,0.0300,0.0300,31.00,276168.00
KXNHL-26-FLA,1771988400,0.0200,0.0200,0.0200,0.0200,0.0300,0.0300,0.0300,0.0300,0.00,276168.00
KXNHL-26-FLA,1771992000,0.0200,0.0200,0.0200,0.0200,0.0300,0.0300,0.0300,0.0300,30.00,276198.00
KXNHL-26-FLA,1771995600,0.0200,0.0200,0.0200,0.0200,0.0300,0.0300,0.0300,0.0300,0.00,276198.00
KXNHL-26-FLA,1771999200,0.0200,0.0200,0.0200,0.0200,0.0300,0.0300,0.0300,0.0300,0.00,276198.00
KXNHL-26-FLA,1772002800,0.0200,0.0200,0.0200,0.0200,0.0300,0.0300,0.0300,0.0300,0.00,276198.00
KXNHL-26-FLA,1772006400,0.0200,0.0300,0.0200,0.0300,0.0300,0.0400,0.0300,0.0400,7804.00,272964.00
KXNHL-26-FLA,1772010000,0.0300,0.0300,0.0300,0.0300,0.0400,0.0400,0.0400,0.0400,0.00,272964.00
KXNHL-26-FLA,1772013600,0.0300,0.0300,0.0300,0.0300,0.0400,0.0400,0.0400,0.0400,0.00,272964.00
KXNHL-26-FLA,1772017200,0.0300,0.0300,0.0300,0.0300,0.0400,0.0400,0.0400,0.0400,0.00,272964.00
KXNHL-26-FLA,1772020800,0.0300,0.0300,0.0300,0.0300,0.0400,0.0400,0.0400,0.0400,0.00,272964.00
KXNHL-26-FLA,1772024400,0.0300,0.0300,0.0300,0.0300,0.0400,0.0400,0.0400,0.0400,0.00,272964.00
KXNHL-26-FLA,1772028000,0.0300,0.0300,0.0300,0.0300,0.0400,0.0400,0.0400,0.0400,0.00,272964.00
KXNHL-26-FLA,1772031600,0.0300,0.0300,0.0300,0.0300,0.0400,0.0400,0.0400,0.0400,0.00,272964.00
KXNHL-26-FLA,1772035200,0.0300,0.0300,0.0300,0.0300,0.0400,0.0400,0.0400,0.0400,1007.00,273971.00
KXNHL-26-FLA,1772038800,0.0300,0.0300,0.0300,0.0300,0.0400,0.0400,0.0400,0.0400,0.00,273971.00
KXNHL-26-FLA,1772042400,0.0300,0.0300,0.0300,0.0300,0.0400,0.0400,0.0400,0.0400,0.00,273971.00
KXNHL-26-FLA,1772046000,0.0300,0.0300,0.0300,0.0300,0.0400,0.0400,0.0400,0.0400,1250.00,275221.00
KXNHL-26-FLA,1772049600,0.0300,0.0300,0.0300,0.0300,0.0400,0.0400,0.0400,0.0400,0.00,275221.00
KXNHL-26-FLA,1772053200,0.0300,0.0300,0.0300,0.0300,0.0400,0.0400,0.0400,0.0400,0.00,275221.00
KXNHL-26-FLA,1772056800,0.0300,0.0300,0.0300,0.0300,0.0400,0.0400,0.0400,0.0400,0.00,275221.00
KXNHL-26-FLA,1772060400,0.0300,0.0300,0.0300,0.0300,0.0400,0.0400,0.0400,0.0400,0.00,275221.00
KXNHL-26-FLA,1772064000,0.0300,0.0300,0.0300,0.0300,0.0400,0.0400,0.0400,0.0400,117.00,275338.00
KXNHL-26-FLA,1772067600,0.0300,0.0300,0.0300,0.0300,0.0400,0.0400,0.0400,0.0400,0.00,275338.00
KXNHL-26-FLA,1772071200,0.0300,0.0300,0.0300,0.0300,0.0400,0.0400,0.0400,0.0400,0.00,275338.00
KXNHL-26-FLA,1772074800,0.0300,0.0300,0.0200,0.0300,0.0400,0.0400,0.0400,0.0400,0.00,275338.00
KXNHL-26-FLA,1772078400,0.0300,0.0300,0.0300,0.0300,0.0400,0.0400,0.0400,0.0400,0.00,275338.00
KXNHL-26-FLA,1772082000,0.0300,0.0300,0.0300,0.0300,0.0400,0.0400,0.0400,0.0400,100.00,275338.00
KXNHL-26-FLA,1772085600,0.0300,0.0300,0.0300,0.0300,0.0400,0.0400,0.0400,0.0400,0.00,275338.00
KXNHL-26-FLA,1772089200,0.0300,0.0300,0.0200,0.0200,0.0400,0.0400,0.0300,0.0300,0.00,275338.00
KXNHL-26-FLA,1772092800,0.0200,0.0300,0.0200,0.0300,0.0300,0.0400,0.0300,0.0400,1171.00,276509.00
KXNHL-26-FLA,1772100000,0.0300,0.0300,0.0200,0.0200,0.0400,0.0400,0.0400,0.0400,0.00,276509.00
KXNHL-26-FLA,1772103600,0.0200,0.0300,0.0200,0.0300,0.0400,0.0400,0.0400,0.0400,0.00,276509.00
KXNHL-26-FLA,1772107200,0.0300,0.0300,0.0300,0.0300,0.0400,0.0400,0.0400,0.0400,0.00,276509.00
KXNHL-26-FLA,1772110800,0.0300,0.0300,0.0300,0.0300,0.0400,0.0400,0.0400,0.0400,0.00,276509.00
KXNHL-26-FLA,1772114400,0.0300,0.0300,0.0300,0.0300,0.0400,0.0400,0.0400,0.0400,10.00,276519.00
KXNHL-26-FLA,1772118000,0.0300,0.0300,0.0300,0.0300,0.0400,0.0400,0.0400,0.0400,0.00,276519.00
KXNHL-26-FLA,1772121600,0.0300,0.0300,0.0300,0.0300,0.0400,0.0400,0.0400,0.0400,210.00,276729.00
KXNHL-26-FLA,1772125200,0.0300,0.0300,0.0300,0.0300,0.0400,0.0400,0.0400,0.0400,0.00,276729.00
KXNHL-26-FLA,1772128800,0.0300,0.0300,0.0300,0.0300,0.0400,0.0400,0.0400,0.0400,23.00,276752.00
KXNHL-26-FLA,1772132400,0.0300,0.0300,0.0300,0.0300,0.0400,0.0400,0.0400,0.0400,0.00,276752.00
KXNHL-26-FLA,1772136000,0.0300,0.0300,0.0300,0.0300,0.0400,0.0400,0.0400,0.0400,117.00,276869.00
KXNHL-26-FLA,1772139600,0.0300,0.0300,0.0300,0.0300,0.0400,0.0400,0.0400,0.0400,23.00,276892.00
KXNHL-26-FLA,1772143200,0.0300,0.0300,0.0300,0.0300,0.0400,0.0400,0.0400,0.0400,0.00,276892.00
KXNHL-26-FLA,1772146800,0.0300,0.0300,0.0300,0.0300,0.0400,0.0400,0.0400,0.0400,1.00,276893.00
KXNHL-26-FLA,1772150400,0.0300,0.0300,0.0300,0.0300,0.0400,0.0400,0.0400,0.0400,0.00,276893.00
KXNHL-26-FLA,1772154000,0.0300,0.0300,0.0300,0.0300,0.0400,0.0400,0.0400,0.0400,1639.00,278532.00
KXNHL-26-FLA,1772157600,0.0300,0.0300,0.0300,0.0300,0.0400,0.0400,0.0400,0.0400,175.00,278707.00
KXNHL-26-FLA,1772161200,0.0300,0.0300,0.0300,0.0300,0.0400,0.0400,0.0400,0.0400,1000.00,279707.00
KXNHL-26-FLA,1772164800,0.0300,0.0300,0.0300,0.0300,0.0400,0.0400,0.0400,0.0400,312.00,280019.00
KXNHL-26-FLA,1772168400,0.0300,0.0300,0.0300,0.0300,0.0400,0.0400,0.0400,0.0400,2663.00,282682.00
KXNHL-26-FLA,1772172000,0.0300,0.0300,0.0300,0.0300,0.0400,0.0400,0.0400,0.0400,0.00,282682.00
KXNHL-26-FLA,1772175600,0.0300,0.0300,0.0300,0.0300,0.0400,0.0400,0.0400,0.0400,0.00,282682.00
KXNHL-26-FLA,1772179200,0.0300,0.0300,0.0300,0.0300,0.0400,0.0400,0.0400,0.0400,468.00,283150.00
KXNHL-26-FLA,1772182800,0.0300,0.0300,0.0300,0.0300,0.0400,0.0400,0.0400,0.0400,0.00,283150.00
KXNHL-26-FLA,1772186400,0.0300,0.0300,0.0300,0.0300,0.0400,0.0400,0.0400,0.0400,2342.00,285492.00
KXNHL-26-FLA,1772190000,0.0300,0.0300,0.0300,0.0300,0.0400,0.0400,0.0400,0.0400,0.00,285492.00
KXNHL-26-FLA,1772193600,0.0300,0.0300,0.0300,0.0300,0.0400,0.0400,0.0400,0.0400,0.00,285492.00
KXNHL-26-FLA,1772197200,0.0300,0.0300,0.0300,0.0300,0.0400,0.0400,0.0400,0.0400,1000.00,286492.00
KXNHL-26-FLA,1772200800,0.0300,0.0300,0.0300,0.0300,0.0400,0.0400,0.0400,0.0400,236.00,286728.00
KXNHL-26-FLA,1772204400,0.0300,0.0300,0.0300,0.0300,0.0400,0.0400,0.0400,0.0400,0.00,286728.00
KXNHL-26-FLA,1772208000,0.0300,0.0300,0.0300,0.0300,0.0400,0.0400,0.0400,0.0400,1829.00,288508.00
KXNHL-26-FLA,1772211600,0.0300,0.0300,0.0300,0.0300,0.0400,0.0400,0.0400,0.0400,696.00,289204.00
KXNHL-26-FLA,1772215200,0.0300,0.0300,0.0300,0.0300,0.0400,0.0400,0.0400,0.0400,0.00,289204.00
KXNHL-26-FLA,1772218800,0.0300,0.0300,0.0300,0.0300,0.0400,0.0400,0.0400,0.0400,7.00,289211.00
KXNHL-26-FLA,1772222400,0.0300,0.0300,0.0300,0.0300,0.0400,0.0400,0.0400,0.0400,33.00,289244.00
KXNHL-26-FLA,1772226000,0.0300,0.0300,0.0300,0.0300,0.0400,0.0400,0.0400,0.0400,0.00,289244.00
KXNHL-26-FLA,1772229600,0.0300,0.0300,0.0300,0.0300,0.0400,0.0400,0.0400,0.0400,46.00,289267.00
KXNHL-26-FLA,1772233200,0.0300,0.0300,0.0300,0.0300,0.0400,0.0400,0.0400,0.0400,0.00,289267.00
KXNHL-26-FLA,1772236800,0.0300,0.0300,0.0300,0.0300,0.0400,0.0400,0.0400,0.0400,123.00,289390.00
KXNHL-26-FLA,1772240400,0.0300,0.0300,0.0300,0.0300,0.0400,0.0400,0.0400,0.0400,0.00,289390.00
KXNHL-26-FLA,1772244000,0.0300,0.0300,0.0300,0.0300,0.0400,0.0400,0.0400,0.0400,0.00,289390.00
KXNHL-26-FLA,1772247600,0.0300,0.0300,0.0300,0.0300,0.0400,0.0400,0.0400,0.0400,46.00,289344.00
KXNHL-26-FLA,1772251200,0.0300,0.0300,0.0200,0.0200,0.0400,0.0400,0.0300,0.0300,0.00,289344.00
KXNHL-26-FLA,1772254800,0.0200,0.0200,0.0200,0.0200,0.0300,0.0300,0.0300,0.0300,0.00,289344.00
KXNHL-26-FLA,1772258400,0.0200,0.0300,0.0200,0.0300,0.0300,0.0400,0.0300,0.0400,7942.00,294011.00
KXNHL-26-FLA,1772262000,0.0300,0.0300,0.0200,0.0300,0.0400,0.0400,0.0300,0.0400,0.00,294011.00
KXNHL-26-FLA,1772265600,0.0300,0.0300,0.0200,0.0300,0.0400,0.0400,0.0300,0.0400,0.00,294011.00
KXNHL-26-FLA,1772269200,0.0300,0.0300,0.0300,0.0300,0.0400,0.0400,0.0400,0.0400,0.00,294011.00
KXNHL-26-FLA,1772272800,0.0300,0.0300,0.0300,0.0300,0.0400,0.0400,0.0400,0.0400,0.00,294011.00
KXNHL-26-FLA,1772276400,0.0300,0.0300,0.0300,0.0300,0.0400,0.0400,0.0400,0.0400,0.00,294011.00
KXNHL-26-FLA,1772280000,0.0300,0.0300,0.0300,0.0300,0.0400,0.0400,0.0400,0.0400,0.00,294011.00
KXNHL-26-FLA,1772283600,0.0300,0.0300,0.0300,0.0300,0.0400,0.0400,0.0400,0.0400,0.00,294011.00
KXNHL-26-FLA,1772287200,0.0300,0.0300,0.0300,0.0300,0.0400,0.0400,0.0400,0.0400,0.00,294011.00
KXNHL-26-FLA,1772290800,0.0300,0.0300,0.0200,0.0200,0.0400,0.0400,0.0300,0.0300,4989.00,299000.00
KXNHL-26-FLA,1772294400,0.0200,0.0300,0.0200,0.0200,0.0300,0.0400,0.0300,0.0300,263.00,298974.00
KXNHL-26-FLA,1772298000,0.0200,0.0300,0.0200,0.0200,0.0300,0.0400,0.0300,0.0300,4110.00,298921.00
KXNHL-26-FLA,1772301600,0.0200,0.0200,0.0200,0.0200,0.0300,0.0400,0.0300,0.0300,0.00,298921.00
KXNHL-26-FLA,1772305200,0.0200,0.0200,0.0200,0.0200,0.0300,0.0300,0.0300,0.0300,0.00,298921.00
KXNHL-26-FLA,1772308800,0.0200,0.0200,0.0200,0.0200,0.0300,0.0300,0.0300,0.0300,0.00,298921.00
KXNHL-26-FLA,1772312400,0.0200,0.0200,0.0200,0.0200,0.0300,0.0300,0.0300,0.0300,9363.00,305777.00
KXNHL-26-FLA,1772316000,0.0200,0.0300,0.0200,0.0300,0.0300,0.0400,0.0300,0.0400,0.00,305777.00
KXNHL-26-FLA,1772319600,0.0300,0.0300,0.0300,0.0300,0.0400,0.0400,0.0400,0.0400,3.00,305780.00
KXNHL-26-FLA,1772323200,0.0300,0.0300,0.0300,0.0300,0.0400,0.0400,0.0400,0.0400,0.00,305780.00
KXNHL-26-FLA,1772326800,0.0300,0.0300,0.0300,0.0300,0.0400,0.0400,0.0400,0.0400,164.00,305732.00
KXNHL-26-FLA,1772330400,0.0300,0.0300,0.0300,0.0300,0.0400,0.0400,0.0400,0.0400,1.00,305731.00
KXNHL-26-FLA,1772334000,0.0300,0.0300,0.0300,0.0300,0.0400,0.0400,0.0400,0.0400,0.00,305731.00
KXNHL-26-FLA,1772337600,0.0300,0.0300,0.0300,0.0300,0.0400,0.0400,0.0400,0.0400,1000.00,305731.00
KXNHL-26-FLA,1772341200,0.0300,0.0300,0.0300,0.0300,0.0400,0.0400,0.0400,0.0400,0.00,305731.00
KXNHL-26-FLA,1772344800,0.0300,0.0300,0.0300,0.0300,0.0400,0.0400,0.0400,0.0400,33.00,305764.00
KXNHL-26-FLA,1772348400,0.0300,0.0300,0.0200,0.0300,0.0400,0.0400,0.0300,0.0400,0.00,305764.00
KXNHL-26-FLA,1772352000,0.0300,0.0300,0.0300,0.0300,0.0400,0.0400,0.0400,0.0400,0.00,305764.00
KXNHL-26-FLA,1772355600,0.0300,0.0300,0.0300,0.0300,0.0400,0.0400,0.0400,0.0400,0.00,305764.00
KXNHL-26-FLA,1772359200,0.0300,0.0300,0.0300,0.0300,0.0400,0.0400,0.0400,0.0400,0.00,305764.00
KXNHL-26-FLA,1772362800,0.0300,0.0300,0.0300,0.0300,0.0400,0.0400,0.0400,0.0400,0.00,305764.00
KXNHL-26-FLA,1772366400,0.0300,0.0300,0.0300,0.0300,0.0400,0.0400,0.0400,0.0400,0.00,305764.00
KXNHL-26-FLA,1772370000,0.0300,0.0300,0.0300,0.0300,0.0400,0.0400,0.0400,0.0400,468.00,306232.00
KXNHL-26-FLA,1772373600,0.0300,0.0300,0.0300,0.0300,0.0400,0.0400,0.0400,0.0400,11.00,306243.00
KXNHL-26-FLA,1772377200,0.0300,0.0300,0.0300,0.0300,0.0400,0.0400,0.0400,0.0400,5.00,306243.00
KXNHL-26-FLA,1772380800,0.0300,0.0300,0.0300,0.0300,0.0400,0.0400,0.0400,0.0400,70.00,306313.00
KXNHL-26-FLA,1772384400,0.0300,0.0300,0.0300,0.0300,0.0400,0.0400,0.0400,0.0400,1250.00,305199.00
KXNHL-26-FLA,1772388000,0.0300,0.0300,0.0200,0.0300,0.0400,0.0400,0.0400,0.0400,0.00,305199.00
KXNHL-26-FLA,1772391600,0.0300,0.0300,0.0300,0.0300,0.0400,0.0400,0.0400,0.0400,23.00,305222.00
KXNHL-26-FLA,1772395200,0.0300,0.0300,0.0300,0.0300,0.0400,0.0400,0.0400,0.0400,0.00,305222.00
KXNHL-26-FLA,1772398800,0.0300,0.0300,0.0300,0.0300,0.0400,0.0400,0.0400,0.0400,23.00,305245.00
KXNHL-26-FLA,1772402400,0.0300,0.0300,0.0300,0.0300,0.0400,0.0400,0.0400,0.0400,572.00,305817.00
KXNHL-26-FLA,1772406000,0.0300,0.0300,0.0200,0.0300,0.0400,0.0400,0.0400,0.0400,0.00,305817.00
KXNHL-26-FLA,1772409600,0.0300,0.0300,0.0200,0.0200,0.0400,0.0400,0.0400,0.0400,23.00,305794.00
KXNHL-26-FLA,1772413200,0.0200,0.0300,0.0200,0.0200,0.0400,0.0400,0.0300,0.0300,251.00,306003.00
KXNHL-26-FLA,1772416800,0.0200,0.0300,0.0200,0.0200,0.0300,0.0400,0.0300,0.0300,2.00,306001.00
KXNHL-26-FLA,1772420400,0.0200,0.0300,0.0200,0.0300,0.0300,0.0400,0.0300,0.0400,303.00,305786.00
KXNHL-26-FLA,1772424000,0.0300,0.0300,0.0200,0.0200,0.0400,0.0400,0.0300,0.0300,116.00,305786.00
KXNHL-26-FLA,1772427600,0.0200,0.0200,0.0200,0.0200,0.0300,0.0300,0.0300,0.0300,670.00,305786.00
KXNHL-26-FLA,1772431200,0.0200,0.0200,0.0200,0.0200,0.0300,0.0300,0.0300,0.0300,0.00,305786.00
KXNHL-26-FLA,1772434800,0.0200,0.0200,0.0200,0.0200,0.0300,0.0300,0.0300,0.0300,0.00,305786.00
KXNHL-26-FLA,1772442000,0.0200,0.0200,0.0200,0.0200,0.0300,0.0300,0.0300,0.0300,0.00,305786.00
KXNHL-26-FLA,1772445600,0.0200,0.0200,0.0200,0.0200,0.0300,0.0300,0.0300,0.0300,0.00,305786.00
KXNHL-26-FLA,1772449200,0.0200,0.0200,0.0200,0.0200,0.0300,0.0300,0.0300,0.0300,0.00,305786.00
KXNHL-26-FLA,1772452800,0.0200,0.0200,0.0200,0.0200,0.0300,0.0300,0.0300,0.0300,0.00,305786.00
KXNHL-26-FLA,1772456400,0.0200,0.0200,0.0200,0.0200,0.0300,0.0300,0.0300,0.0300,0.00,305786.00
KXNHL-26-FLA,1772460000,0.0200,0.0200,0.0200,0.0200,0.0300,0.0300,0.0300,0.0300,0.00,305786.00
KXNHL-26-FLA,1772463600,0.0200,0.0200,0.0200,0.0200,0.0300,0.0300,0.0300,0.0300,0.00,305786.00
KXNHL-26-FLA,1772467200,0.0200,0.0200,0.0200,0.0200,0.0300,0.0300,0.0300,0.0300,40.00,305746.00
KXNHL-26-FLA,1772470800,0.0200,0.0200,0.0200,0.0200,0.0300,0.0300,0.0300,0.0300,0.00,305746.00
KXNHL-26-FLA,1772474400,0.0200,0.0200,0.0200,0.0200,0.0300,0.0300,0.0300,0.0300,0.00,305746.00
KXNHL-26-FLA,1772478000,0.0200,0.0200,0.0200,0.0200,0.0300,0.0300,0.0300,0.0300,0.00,305746.00
KXNHL-26-FLA,1772481600,0.0200,0.0200,0.0200,0.0200,0.0300,0.0300,0.0300,0.0300,45.00,305791.00
KXNHL-26-FLA,1772485200,0.0200,0.0200,0.0200,0.0200,0.0300,0.0300,0.0300,0.0300,93.00,305884.00
KXNHL-26-FLA,1772488800,0.0200,0.0200,0.0200,0.0200,0.0300,0.0300,0.0300,0.0300,0.00,305884.00
KXNHL-26-FLA,1772492400,0.0200,0.0200,0.0200,0.0200,0.0300,0.0300,0.0300,0.0300,0.00,305884.00
KXNHL-26-FLA,1772496000,0.0200,0.0200,0.0200,0.0200,0.0300,0.0300,0.0300,0.0300,0.00,305884.00
KXNHL-26-FLA,1772499600,0.0200,0.0200,0.0200,0.0200,0.0300,0.0300,0.0300,0.0300,156.00,306040.00
KXNHL-26-FLA,1772503200,0.0200,0.0200,0.0200,0.0200,0.0300,0.0300,0.0300,0.0300,0.00,306040.00
KXNHL-26-FLA,1772506800,0.0200,0.0200,0.0200,0.0200,0.0300,0.0300,0.0300,0.0300,6242.00,312282.00
KXNHL-26-FLA,1772510400,0.0200,0.0200,0.0200,0.0200,0.0300,0.0300,0.0300,0.0300,0.00,312282.00
KXNHL-26-FLA,1772514000,0.0200,0.0200,0.0200,0.0200,0.0300,0.0300,0.0300,0.0300,0.00,312282.00
KXNHL-26-FLA,1772517600,0.0200,0.0200,0.0200,0.0200,0.0300,0.0300,0.0300,0.0300,0.00,312282.00
KXNHL-26-FLA,1772524800,0.0200,0.0200,0.0200,0.0200,0.0300,0.0300,0.0300,0.0300,0.00,312282.00
KXNHL-26-FLA,1772528400,0.0200,0.0200,0.0200,0.0200,0.0300,0.0300,0.0300,0.0300,0.00,312282.00
KXNHL-26-FLA,1772532000,0.0200,0.0200,0.0200,0.0200,0.0300,0.0300,0.0300,0.0300,0.00,312282.00
KXNHL-26-FLA,1772535600,0.0200,0.0200,0.0200,0.0200,0.0300,0.0300,0.0300,0.0300,0.00,312282.00
KXNHL-26-FLA,1772539200,0.0200,0.0200,0.0200,0.0200,0.0300,0.0300,0.0300,0.0300,0.00,312282.00
KXNHL-26-FLA,1772542800,0.0200,0.0200,0.0200,0.0200,0.0300,0.0300,0.0300,0.0300,0.00,312282.00
KXNHL-26-FLA,1772546400,0.0200,0.0200,0.0200,0.0200,0.0300,0.0300,0.0300,0.0300,0.00,312282.00
KXNHL-26-FLA,1772550000,0.0200,0.0200,0.0200,0.0200,0.0300,0.0300,0.0300,0.0300,0.00,312282.00
KXNHL-26-FLA,1772553600,0.0200,0.0200,0.0200,0.0200,0.0300,0.0300,0.0300,0.0300,272.00,312010.00
KXNHL-26-FLA,1772557200,0.0200,0.0200,0.0200,0.0200,0.0300,0.0300,0.0300,0.0300,62.00,312072.00
KXNHL-26-FLA,1772560800,0.0200,0.0200,0.0200,0.0200,0.0300,0.0300,0.0300,0.0300,0.00,312072.00
KXNHL-26-FLA,1772564400,0.0200,0.0200,0.0100,0.0100,0.0300,0.0300,0.0200,0.0200,6489.00,312298.00
KXNHL-26-FLA,1772568000,0.0100,0.0100,0.0100,0.0100,0.0200,0.0200,0.0200,0.0200,0.00,312298.00
KXNHL-26-FLA,1772571600,0.0100,0.0200,0.0100,0.0200,0.0200,0.0300,0.0200,0.0300,32145.00,344345.00
KXNHL-26-FLA,1772575200,0.0200,0.0200,0.0200,0.0200,0.0300,0.0300,0.0300,0.0300,0.00,344345.00
KXNHL-26-FLA,1772578800,0.0200,0.0200,0.0200,0.0200,0.0300,0.0300,0.0300,0.0300,0.00,344345.00
KXNHL-26-FLA,1772582400,0.0200,0.0200,0.0200,0.0200,0.0300,0.0300,0.0300,0.0300,0.00,344345.00
KXNHL-26-FLA,1772586000,0.0200,0.0200,0.0100,0.0100,0.0300,0.0300,0.0300,0.0300,0.00,344345.00
KXNHL-26-FLA,1772589600,0.0100,0.0100,0.0100,0.0100,0.0300,0.0300,0.0300,0.0300,0.00,344345.00
KXNHL-26-FLA,1772593200,0.0100,0.0100,0.0100,0.0100,0.0300,0.0300,0.0300,0.0300,0.00,344345.00
KXNHL-26-FLA,1772596800,0.0100,0.0100,0.0100,0.0100,0.0300,0.0300,0.0300,0.0300,0.00,344345.00
KXNHL-26-FLA,1772600400,0.0100,0.0100,0.0100,0.0100,0.0300,0.0300,0.0200,0.0200,0.00,344345.00
KXNHL-26-FLA,1772604000,0.0100,0.0100,0.0100,0.0100,0.0200,0.0200,0.0200,0.0200,181.00,344500.00
KXNHL-26-FLA,1772607600,0.0100,0.0100,0.0100,0.0100,0.0200,0.0200,0.0200,0.0200,0.00,344500.00
KXNHL-26-FLA,1772611200,0.0100,0.0100,0.0100,0.0100,0.0200,0.0200,0.0200,0.0200,0.00,344500.00
KXNHL-26-FLA,1772614800,0.0100,0.0100,0.0100,0.0100,0.0200,0.0200,0.0200,0.0200,8.00,344492.00
KXNHL-26-FLA,1772618400,0.0100,0.0100,0.0100,0.0100,0.0200,0.0200,0.0200,0.0200,0.00,344492.00
KXNHL-26-FLA,1772625600,0.0100,0.0100,0.0100,0.0100,0.0200,0.0200,0.0200,0.0200,0.00,344492.00
KXNHL-26-FLA,1772629200,0.0100,0.0100,0.0100,0.0100,0.0200,0.0200,0.0200,0.0200,0.00,344492.00
KXNHL-26-FLA,1772632800,0.0100,0.0100,0.0100,0.0100,0.0200,0.0200,0.0200,0.0200,0.00,344492.00
KXNHL-26-FLA,1772636400,0.0100,0.0100,0.0100,0.0100,0.0200,0.0200,0.0200,0.0200,25.00,344517.00
KXNHL-26-FLA,1772640000,0.0100,0.0100,0.0100,0.0100,0.0200,0.0200,0.0200,0.0200,0.00,344517.00
KXNHL-26-FLA,1772643600,0.0100,0.0100,0.0100,0.0100,0.0200,0.0200,0.0200,0.0200,0.00,344517.00
KXNHL-26-FLA,1772647200,0.0100,0.0100,0.0100,0.0100,0.0200,0.0200,0.0200,0.0200,0.00,344517.00
KXNHL-26-FLA,1772650800,0.0100,0.0100,0.0100,0.0100,0.0200,0.0200,0.0200,0.0200,0.00,344517.00
KXNHL-26-FLA,1772654400,0.0100,0.0100,0.0100,0.0100,0.0200,0.0200,0.0200,0.0200,0.00,344517.00
KXNHL-26-FLA,1772658000,0.0100,0.0100,0.0100,0.0100,0.0200,0.0200,0.0200,0.0200,0.00,344517.00
KXNHL-26-FLA,1772661600,0.0100,0.0100,0.0100,0.0100,0.0200,0.0200,0.0200,0.0200,0.00,344517.00
KXNHL-26-FLA,1772665200,0.0100,0.0100,0.0100,0.0100,0.0200,0.0200,0.0200,0.0200,0.00,344517.00
KXNHL-26-FLA,1772668800,0.0100,0.0100,0.0100,0.0100,0.0200,0.0200,0.0200,0.0200,0.00,344517.00
KXNHL-26-FLA,1772672400,0.0100,0.0100,0.0100,0.0100,0.0200,0.0200,0.0200,0.0200,0.00,344517.00
KXNHL-26-FLA,1772676000,0.0100,0.0100,0.0100,0.0100,0.0200,0.0200,0.0200,0.0200,0.00,344517.00
KXNHL-26-FLA,1772679600,0.0100,0.0100,0.0100,0.0100,0.0200,0.0200,0.0200,0.0200,233.00,344750.00
KXNHL-26-FLA,1772683200,0.0100,0.0100,0.0100,0.0100,0.0200,0.0200,0.0200,0.0200,467.00,345217.00
KXNHL-26-FLA,1772686800,0.0100,0.0100,0.0100,0.0100,0.0200,0.0200,0.0200,0.0200,0.00,345217.00
KXNHL-26-FLA,1772690400,0.0100,0.0100,0.0100,0.0100,0.0200,0.0200,0.0200,0.0200,0.00,345217.00
KXNHL-26-FLA,1772708400,0.0100,0.0100,0.0100,0.0100,0.0200,0.0200,0.0200,0.0200,0.00,345217.00
KXNHL-26-FLA,1772712000,0.0100,0.0100,0.0100,0.0100,0.0200,0.0200,0.0200,0.0200,0.00,345217.00
KXNHL-26-FLA,1772715600,0.0100,0.0100,0.0100,0.0100,0.0200,0.0200,0.0200,0.0200,0.00,345217.00
KXNHL-26-FLA,1772719200,0.0100,0.0100,0.0100,0.0100,0.0200,0.0200,0.0200,0.0200,1140.00,345947.00
KXNHL-26-FLA,1772726400,0.0100,0.0100,0.0100,0.0100,0.0200,0.0200,0.0200,0.0200,93.00,345854.00
KXNHL-26-FLA,1772730000,0.0100,0.0100,0.0100,0.0100,0.0200,0.0200,0.0200,0.0200,0.00,345854.00
KXNHL-26-FLA,1772737200,0.0100,0.0100,0.0100,0.0100,0.0200,0.0200,0.0200,0.0200,135.00,345989.00
KXNHL-26-FLA,1772740800,0.0100,0.0100,0.0100,0.0100,0.0200,0.0200,0.0200,0.0200,0.00,345989.00
KXNHL-26-FLA,1772748000,0.0100,0.0100,0.0100,0.0100,0.0200,0.0200,0.0200,0.0200,0.00,345989.00
KXNHL-26-FLA,1772751600,0.0100,0.0100,0.0100,0.0100,0.0200,0.0200,0.0200,0.0200,475.00,345514.00
KXNHL-26-FLA,1772755200,0.0100,0.0100,0.0100,0.0100,0.0200,0.0200,0.0200,0.0200,46.00,345560.00
KXNHL-26-FLA,1772758800,0.0100,0.0100,0.0100,0.0100,0.0200,0.0200,0.0200,0.0200,0.00,345560.00
KXNHL-26-FLA,1772766000,0.0100,0.0100,0.0000,0.0100,0.0200,0.0200,0.0200,0.0200,25.00,345585.00
KXNHL-26-FLA,1772769600,0.0100,0.0100,0.0000,0.0100,0.0200,0.0200,0.0200,0.0200,0.00,345585.00
KXNHL-26-FLA,1772773200,0.0100,0.0100,0.0100,0.0100,0.0200,0.0200,0.0200,0.0200,0.00,345585.00
KXNHL-26-FLA,1772776800,0.0100,0.0100,0.0100,0.0100,0.0200,0.0200,0.0200,0.0200,20.00,345605.00
KXNHL-26-FLA,1772780400,0.0100,0.0100,0.0000,0.0000,0.0200,0.0200,0.0100,0.0100,308.00,345857.00
KXNHL-26-FLA,1772787600,0.0000,0.0000,0.0000,0.0000,0.0100,0.0100,0.0100,0.0100,15.00,345857.00
KXNHL-26-FLA,1772802000,0.0000,0.0000,0.0000,0.0000,0.0100,0.0100,0.0100,0.0100,0.00,345857.00
KXNHL-26-FLA,1772805600,0.0000,0.0000,0.0000,0.0000,0.0100,0.0100,0.0100,0.0100,467.00,346324.00
KXNHL-26-FLA,1772809200,0.0000,0.0000,0.0000,0.0000,0.0100,0.0100,0.0100,0.0100,0.00,346324.00
KXNHL-26-FLA,1772816400,0.0000,0.0000,0.0000,0.0000,0.0100,0.0100,0.0100,0.0100,0.00,346324.00
KXNHL-26-FLA,1772820000,0.0000,0.0000,0.0000,0.0000,0.0100,0.0100,0.0100,0.0100,0.00,346324.00
KXNHL-26-FLA,1772823600,0.0000,0.0000,0.0000,0.0000,0.0100,0.0100,0.0100,0.0100,0.00,346324.00
KXNHL-26-FLA,1772838000,0.0000,0.0000,0.0000,0.0000,0.0100,0.0100,0.0100,0.0100,0.00,346324.00
KXNHL-26-FLA,1772841600,0.0000,0.0000,0.0000,0.0000,0.0100,0.0100,0.0100,0.0100,0.00,346324.00
KXNHL-26-FLA,1772845200,0.0000,0.0000,0.0000,0.0000,0.0100,0.0100,0.0100,0.0100,0.00,346324.00
KXNHL-26-FLA,1772848800,0.0000,0.0000,0.0000,0.0000,0.0100,0.0100,0.0100,0.0100,0.00,346324.00
KXNHL-26-FLA,1772852400,0.0000,0.0000,0.0000,0.0000,0.0100,0.0100,0.0100,0.0100,0.00,346324.00
KXNHL-26-FLA,1772856000,0.0000,0.0000,0.0000,0.0000,0.0100,0.0100,0.0100,0.0100,16833.00,363157.00
KXNHL-26-FLA,1772859600,0.0000,0.0000,0.0000,0.0000,0.0100,0.0100,0.0100,0.0100,936.00,364093.00
KXNHL-26-FLA,1772863200,0.0000,0.0000,0.0000,0.0000,0.0100,0.0100,0.0100,0.0100,351.00,364444.00
KXNHL-26-FLA,1772866800,0.0000,0.0000,0.0000,0.0000,0.0100,0.0100,0.0100,0.0100,0.00,364444.00
KXNHL-26-FLA,1772870400,0.0000,0.0000,0.0000,0.0000,0.0100,0.0100,0.0100,0.0100,0.00,364444.00
KXNHL-26-FLA,1772874000,0.0000,0.0000,0.0000,0.0000,0.0100,0.0100,0.0100,0.0100,0.00,364444.00
KXNHL-26-FLA,1772877600,0.0000,0.0000,0.0000,0.0000,0.0100,0.0100,0.0100,0.0100,0.00,364444.00
KXNHL-26-FLA,1772881200,0.0000,0.0000,0.0000,0.0000,0.0100,0.0100,0.0100,0.0100,0.00,364444.00
KXNHL-26-FLA,1772884800,0.0000,0.0000,0.0000,0.0000,0.0100,0.0100,0.0100,0.0100,440.00,364884.00
KXNHL-26-FLA,1772888400,0.0000,0.0000,0.0000,0.0000,0.0100,0.0100,0.0100,0.0100,100.00,364984.00
KXNHL-26-FLA,1772895600,0.0000,0.0000,0.0000,0.0000,0.0100,0.0100,0.0100,0.0100,0.00,364984.00
KXNHL-26-FLA,1772899200,0.0000,0.0000,0.0000,0.0000,0.0100,0.0100,0.0100,0.0100,521.00,365505.00
KXNHL-26-FLA,1772902800,0.0000,0.0000,0.0000,0.0000,0.0100,0.0100,0.0100,0.0100,1000.00,366505.00
KXNHL-26-FLA,1772906400,0.0000,0.0000,0.0000,0.0000,0.0100,0.0100,0.0100,0.0100,0.00,366505.00
KXNHL-26-FLA,1772910000,0.0000,0.0000,0.0000,0.0000,0.0100,0.0100,0.0100,0.0100,0.00,366505.00
KXNHL-26-FLA,1772913600,0.0000,0.0000,0.0000,0.0000,0.0100,0.0100,0.0100,0.0100,0.00,366505.00
KXNHL-26-FLA,1772917200,0.0000,0.0000,0.0000,0.0000,0.0100,0.0100,0.0100,0.0100,0.00,366505.00
KXNHL-26-FLA,1772920800,0.0000,0.0000,0.0000,0.0000,0.0100,0.0100,0.0100,0.0100,0.00,366505.00
KXNHL-26-FLA,1772924400,0.0000,0.0000,0.0000,0.0000,0.0100,0.0100,0.0100,0.0100,0.00,366505.00
KXNHL-26-FLA,1772928000,0.0000,0.0000,0.0000,0.0000,0.0100,0.0100,0.0100,0.0100,0.00,366505.00
KXNHL-26-FLA,1772931600,0.0000,0.0000,0.0000,0.0000,0.0100,0.0100,0.0100,0.0100,0.00,366505.00
KXNHL-26-FLA,1772935200,0.0000,0.0000,0.0000,0.0000,0.0100,0.0100,0.0100,0.0100,0.00,366505.00
KXNHL-26-FLA,1772938800,0.0000,0.0000,0.0000,0.0000,0.0100,0.0100,0.0100,0.0100,0.00,366505.00
KXNHL-26-FLA,1772942400,0.0000,0.0000,0.0000,0.0000,0.0100,0.0100,0.0100,0.0100,0.00,366505.00
KXNHL-26-FLA,1772946000,0.0000,0.0000,0.0000,0.0000,0.0100,0.0100,0.0100,0.0100,0.00,366505.00
KXNHL-26-FLA,1772949600,0.0000,0.0000,0.0000,0.0000,0.0100,0.0100,0.0100,0.0100,500.00,366505.00
KXNHL-26-FLA,1772953200,0.0000,0.0000,0.0000,0.0000,0.0100,0.0100,0.0100,0.0100,0.00,366505.00
KXNHL-26-FLA,1772956800,0.0000,0.0000,0.0000,0.0000,0.0100,0.0100,0.0100,0.0100,0.00,366505.00
KXNHL-26-FLA,1772960400,0.0000,0.0000,0.0000,0.0000,0.0100,0.0100,0.0100,0.0100,0.00,366505.00
KXNHL-26-FLA,1772971200,0.0000,0.0000,0.0000,0.0000,0.0100,0.0100,0.0100,0.0100,0.00,366505.00
KXNHL-26-FLA,1772974800,0.0000,0.0000,0.0000,0.0000,0.0100,0.0100,0.0100,0.0100,0.00,366505.00
KXNHL-26-FLA,1772978400,0.0000,0.0000,0.0000,0.0000,0.0100,0.0100,0.0100,0.0100,0.00,366505.00
KXNHL-26-FLA,1772982000,0.0000,0.0000,0.0000,0.0000,0.0100,0.0100,0.0100,0.0100,0.00,366505.00
KXNHL-26-FLA,1772985600,0.0000,0.0000,0.0000,0.0000,0.0100,0.0100,0.0100,0.0100,0.00,366505.00
KXNHL-26-FLA,1772989200,0.0000,0.0000,0.0000,0.0000,0.0100,0.0100,0.0100,0.0100,0.00,366505.00
KXNHL-26-FLA,1772992800,0.0000,0.0000,0.0000,0.0000,0.0100,0.0100,0.0100,0.0100,0.00,366505.00
KXNHL-26-FLA,1772996400,0.0000,0.0000,0.0000,0.0000,0.0100,0.0100,0.0100,0.0100,0.00,366505.00
KXNHL-26-FLA,1773000000,0.0000,0.0000,0.0000,0.0000,0.0100,0.0100,0.0100,0.0100,0.00,366505.00
KXNHL-26-FLA,1773003600,0.0000,0.0000,0.0000,0.0000,0.0100,0.0100,0.0100,0.0100,0.00,366505.00
KXNHL-26-FLA,1773007200,0.0000,0.0000,0.0000,0.0000,0.0100,0.0100,0.0100,0.0100,0.00,366505.00
KXNHL-26-FLA,1773010800,0.0000,0.0000,0.0000,0.0000,0.0100,0.0100,0.0100,0.0100,467.00,366972.00
KXNHL-26-FLA,1773014400,0.0000,0.0000,0.0000,0.0000,0.0100,0.0100,0.0100,0.0100,0.00,366972.00
KXNHL-26-FLA,1773018000,0.0000,0.0000,0.0000,0.0000,0.0100,0.0100,0.0100,0.0100,0.00,366972.00
KXNHL-26-FLA,1773021600,0.0000,0.0000,0.0000,0.0000,0.0100,0.0100,0.0100,0.0100,0.00,366972.00
KXNHL-26-FLA,1773025200,0.0000,0.0000,0.0000,0.0000,0.0100,0.0100,0.0100,0.0100,0.00,366972.00
KXNHL-26-FLA,1773028800,0.0000,0.0000,0.0000,0.0000,0.0100,0.0100,0.0100,0.0100,0.00,366972.00
KXNHL-26-FLA,1773032400,0.0000,0.0000,0.0000,0.0000,0.0100,0.0100,0.0100,0.0100,0.00,366972.00
KXNHL-26-FLA,1773036000,0.0000,0.0000,0.0000,0.0000,0.0100,0.0100,0.0100,0.0100,0.00,366972.00
KXNHL-26-FLA,1773039600,0.0000,0.0000,0.0000,0.0000,0.0100,0.0100,0.0100,0.0100,0.00,366972.00
KXNHL-26-FLA,1773043200,0.0000,0.0000,0.0000,0.0000,0.0100,0.0100,0.0100,0.0100,0.00,366972.00
KXNHL-26-FLA,1773046800,0.0000,0.0000,0.0000,0.0000,0.0100,0.0100,0.0100,0.0100,0.00,366972.00
KXNHL-26-FLA,1773050400,0.0000,0.0000,0.0000,0.0000,0.0100,0.0100,0.0100,0.0100,0.00,366972.00
KXNHL-26-FLA,1773057600,0.0000,0.0000,0.0000,0.0000,0.0100,0.0100,0.0100,0.0100,0.00,366972.00
KXNHL-26-FLA,1773061200,0.0000,0.0000,0.0000,0.0000,0.0100,0.0100,0.0100,0.0100,0.00,366972.00
KXNHL-26-FLA,1773064800,0.0000,0.0000,0.0000,0.0000,0.0100,0.0100,0.0100,0.0100,0.00,366972.00
KXNHL-26-FLA,1773068400,0.0000,0.0000,0.0000,0.0000,0.0100,0.0100,0.0100,0.0100,0.00,366972.00
KXNHL-26-FLA,1773072000,0.0000,0.0000,0.0000,0.0000,0.0100,0.0100,0.0100,0.0100,0.00,366972.00
KXNHL-26-FLA,1773075600,0.0000,0.0000,0.0000,0.0000,0.0100,0.0100,0.0100,0.0100,0.00,366972.00
KXNHL-26-FLA,1773079200,0.0000,0.0000,0.0000,0.0000,0.0100,0.0100,0.0100,0.0100,833.00,367805.00
KXNHL-26-FLA,1773082800,0.0000,0.0000,0.0000,0.0000,0.0100,0.0100,0.0100,0.0100,0.00,367805.00
KXNHL-26-FLA,1773086400,0.0000,0.0000,0.0000,0.0000,0.0100,0.0100,0.0100,0.0100,0.00,367805.00
KXNHL-26-FLA,1773090000,0.0000,0.0000,0.0000,0.0000,0.0100,0.0100,0.0100,0.0100,0.00,367805.00
KXNHL-26-FLA,1773093600,0.0000,0.0000,0.0000,0.0000,0.0100,0.0100,0.0100,0.0100,0.00,367805.00
KXNHL-26-FLA,1773097200,0.0000,0.0000,0.0000,0.0000,0.0100,0.0100,0.0100,0.0100,0.00,367805.00
KXNHL-26-FLA,1773100800,0.0000,0.0000,0.0000,0.0000,0.0100,0.0100,0.0100,0.0100,0.00,367805.00
KXNHL-26-FLA,1773104400,0.0000,0.0000,0.0000,0.0000,0.0100,0.0100,0.0100,0.0100,0.00,367805.00
KXNHL-26-FLA,1773108000,0.0000,0.0000,0.0000,0.0000,0.0100,0.0100,0.0100,0.0100,935.00,368740.00
KXNHL-26-FLA,1773111600,0.0000,0.0000,0.0000,0.0000,0.0100,0.0100,0.0100,0.0100,0.00,368740.00
KXNHL-26-FLA,1773115200,0.0000,0.0000,0.0000,0.0000,0.0100,0.0100,0.0100,0.0100,0.00,368740.00
KXNHL-26-FLA,1773118800,0.0000,0.0000,0.0000,0.0000,0.0100,0.0100,0.0100,0.0100,0.00,368740.00
KXNHL-26-FLA,1773122400,0.0000,0.0000,0.0000,0.0000,0.0100,0.0100,0.0100,0.0100,0.00,368740.00
KXNHL-26-FLA,1773126000,0.0000,0.0000,0.0000,0.0000,0.0100,0.0100,0.0100,0.0100,0.00,368740.00
KXNHL-26-FLA,1773129600,0.0000,0.0000,0.0000,0.0000,0.0100,0.0100,0.0100,0.0100,0.00,368740.00
KXNHL-26-FLA,1773136800,0.0000,0.0000,0.0000,0.0000,0.0100,0.0100,0.0100,0.0100,0.00,368740.00
KXNHL-26-FLA,1773140400,0.0000,0.0000,0.0000,0.0000,0.0100,0.0100,0.0100,0.0100,0.00,368740.00
KXNHL-26-FLA,1773144000,0.0000,0.0000,0.0000,0.0000,0.0100,0.0100,0.0100,0.0100,0.00,368740.00
KXNHL-26-FLA,1773147600,0.0000,0.0000,0.0000,0.0000,0.0100,0.0100,0.0100,0.0100,0.00,368740.00
KXNHL-26-FLA,1773151200,0.0000,0.0000,0.0000,0.0000,0.0100,0.0100,0.0100,0.0100,0.00,368740.00
KXNHL-26-FLA,1773154800,0.0000,0.0000,0.0000,0.0000,0.0100,0.0100,0.0100,0.0100,0.00,368740.00
KXNHL-26-FLA,1773158400,0.0000,0.0000,0.0000,0.0000,0.0100,0.0100,0.0100,0.0100,0.00,368740.00
KXNHL-26-FLA,1773162000,0.0000,0.0000,0.0000,0.0000,0.0100,0.0100,0.0100,0.0100,16.00,368756.00
KXNHL-26-FLA,1773165600,0.0000,0.0000,0.0000,0.0000,0.0100,0.0100,0.0100,0.0100,0.00,368756.00
KXNHL-26-FLA,1773169200,0.0000,0.0000,0.0000,0.0000,0.0100,0.0100,0.0100,0.0100,0.00,368756.00
KXNHL-26-FLA,1773172800,0.0000,0.0000,0.0000,0.0000,0.0100,0.0100,0.0100,0.0100,0.00,368756.00
KXNHL-26-FLA,1773176400,0.0000,0.0000,0.0000,0.0000,0.0100,0.0100,0.0100,0.0100,0.00,368756.00
KXNHL-26-FLA,1773180000,0.0000,0.0000,0.0000,0.0000,0.0100,0.0100,0.0100,0.0100,0.00,368756.00
KXNHL-26-FLA,1773183600,0.0000,0.0000,0.0000,0.0000,0.0100,0.0100,0.0100,0.0100,0.00,368756.00
KXNHL-26-FLA,1773187200,0.0000,0.0000,0.0000,0.0000,0.0100,0.0100,0.0100,0.0100,0.00,368756.00
KXNHL-26-FLA,1773190800,0.0000,0.0000,0.0000,0.0000,0.0100,0.0100,0.0100,0.0100,0.00,368756.00
KXNHL-26-FLA,1773194400,0.0000,0.0000,0.0000,0.0000,0.0100,0.0100,0.0100,0.0100,18.00,368774.00
KXNHL-26-FLA,1773198000,0.0000,0.0000,0.0000,0.0000,0.0100,0.0100,0.0100,0.0100,1963.00,370737.00
KXNHL-26-FLA,1773201600,0.0000,0.0000,0.0000,0.0000,0.0100,0.0100,0.0100,0.0100,0.00,370737.00
KXNHL-26-FLA,1773205200,0.0000,0.0000,0.0000,0.0000,0.0100,0.0100,0.0100,0.0100,0.00,370737.00
KXNHL-26-FLA,1773208800,0.0000,0.0000,0.0000,0.0000,0.0100,0.0100,0.0100,0.0100,0.00,370737.00
KXNHL-26-FLA,1773212400,0.0000,0.0000,0.0000,0.0000,0.0100,0.0100,0.0100,0.0100,9.00,370746.00
KXNHL-26-FLA,1773216000,0.0000,0.0000,0.0000,0.0000,0.0100,0.0100,0.0100,0.0100,0.00,370746.00
KXNHL-26-FLA,1773219600,0.0000,0.0000,0.0000,0.0000,0.0100,0.0100,0.0100,0.0100,0.00,370746.00
KXNHL-26-FLA,1773223200,0.0000,0.0000,0.0000,0.0000,0.0100,0.0100,0.0100,0.0100,0.00,370746.00
KXNHL-26-FLA,1773226800,0.0000,0.0000,0.0000,0.0000,0.0100,0.0100,0.0100,0.0100,0.00,370746.00
KXNHL-26-FLA,1773230400,0.0000,0.0000,0.0000,0.0000,0.0100,0.0100,0.0100,0.0100,0.00,370746.00
KXNHL-26-FLA,1773234000,0.0000,0.0000,0.0000,0.0000,0.0100,0.0100,0.0100,0.0100,0.00,370746.00
KXNHL-26-FLA,1773237600,0.0000,0.0000,0.0000,0.0000,0.0100,0.0100,0.0100,0.0100,0.00,370746.00
KXNHL-26-FLA,1773241200,0.0000,0.0000,0.0000,0.0000,0.0100,0.0100,0.0100,0.0100,0.00,370746.00
KXNHL-26-FLA,1773244800,0.0000,0.0000,0.0000,0.0000,0.0100,0.0100,0.0100,0.0100,641.00,370746.00
KXNHL-26-FLA,1773248400,0.0000,0.0000,0.0000,0.0000,0.0100,0.0100,0.0100,0.0100,0.00,370746.00
KXNHL-26-FLA,1773255600,0.0000,0.0000,0.0000,0.0000,0.0100,0.0100,0.0100,0.0100,10.00,370756.00
KXNHL-26-FLA,1773259200,0.0000,0.0000,0.0000,0.0000,0.0100,0.0100,0.0100,0.0100,0.00,370756.00
KXNHL-26-FLA,1773262800,0.0000,0.0000,0.0000,0.0000,0.0100,0.0100,0.0100,0.0100,600.00,371356.00
KXNHL-26-FLA,1773273600,0.0000,0.0000,0.0000,0.0000,0.0100,0.0100,0.0100,0.0100,93.00,371449.00
KXNHL-26-FLA,1773277200,0.0000,0.0000,0.0000,0.0000,0.0100,0.0100,0.0100,0.0100,0.00,371449.00
KXNHL-26-FLA,1773280800,0.0000,0.0000,0.0000,0.0000,0.0100,0.0100,0.0100,0.0100,0.00,371449.00
KXNHL-26-FLA,1773284400,0.0000,0.0000,0.0000,0.0000,0.0100,0.0100,0.0100,0.0100,0.00,371449.00
KXNHL-26-FLA,1773288000,0.0000,0.0000,0.0000,0.0000,0.0100,0.0100,0.0100,0.0100,0.00,371449.00
KXNHL-26-FLA,1773291600,0.0000,0.0000,0.0000,0.0000,0.0100,0.0100,0.0100,0.0100,0.00,371449.00
KXNHL-26-FLA,1773295200,0.0000,0.0000,0.0000,0.0000,0.0100,0.0100,0.0100,0.0100,0.00,371449.00
KXNHL-26-FLA,1773309600,0.0000,0.0000,0.0000,0.0000,0.0100,0.0100,0.0100,0.0100,0.00,371449.00
KXNHL-26-FLA,1773313200,0.0000,0.0000,0.0000,0.0000,0.0100,0.0100,0.0100,0.0100,0.00,371449.00
KXNHL-26-FLA,1773334800,0.0000,0.0000,0.0000,0.0000,0.0100,0.0100,0.0100,0.0100,0.00,371449.00
KXNHL-26-FLA,1773342000,0.0000,0.0000,0.0000,0.0000,0.0100,0.0100,0.0100,0.0100,0.00,371449.00
KXNHL-26-FLA,1773345600,0.0000,0.0000,0.0000,0.0000,0.0100,0.0100,0.0100,0.0100,222.00,371671.00
KXNHL-26-FLA,1773356400,0.0000,0.0000,0.0000,0.0000,0.0100,0.0100,0.0100,0.0100,0.00,371671.00
KXNHL-26-FLA,1773360000,0.0000,0.0000,0.0000,0.0000,0.0100,0.0100,0.0100,0.0100,0.00,371671.00
KXNHL-26-FLA,1773363600,0.0000,0.0000,0.0000,0.0000,0.0100,0.0100,0.0100,0.0100,0.00,371671.00
KXNHL-26-FLA,1773367200,0.0000,0.0000,0.0000,0.0000,0.0100,0.0100,0.0100,0.0100,2361.00,374032.00
KXNHL-26-FLA,1773370800,0.0000,0.0000,0.0000,0.0000,0.0100,0.0100,0.0100,0.0100,0.00,374032.00
KXNHL-26-FLA,1773374400,0.0000,0.0000,0.0000,0.0000,0.0100,0.0100,0.0100,0.0100,0.00,374032.00
KXNHL-26-FLA,1773378000,0.0000,0.0000,0.0000,0.0000,0.0100,0.0100,0.0100,0.0100,1870.00,375902.00
KXNHL-26-FLA,1773381600,0.0000,0.0000,0.0000,0.0000,0.0100,0.0100,0.0100,0.0100,0.00,375902.00
KXNHL-26-FLA,1773385200,0.0000,0.0000,0.0000,0.0000,0.0100,0.0100,0.0100,0.0100,0.00,375902.00
KXNHL-26-FLA,1773388800,0.0000,0.0000,0.0000,0.0000,0.0100,0.0100,0.0100,0.0100,0.00,375902.00
KXNHL-26-FLA,1773410400,0.0000,0.0000,0.0000,0.0000,0.0100,0.0100,0.0100,0.0100,0.00,375902.00
KXNHL-26-FLA,1773414000,0.0000,0.0000,0.0000,0.0000,0.0100,0.0100,0.0100,0.0100,4675.00,380577.00
KXNHL-26-FLA,1773421200,0.0000,0.0000,0.0000,0.0000,0.0100,0.0100,0.0100,0.0100,800.00,381377.00
KXNHL-26-FLA,1773432000,0.0000,0.0000,0.0000,0.0000,0.0100,0.0100,0.0100,0.0100,0.00,381377.00
KXNHL-26-FLA,1773439200,0.0000,0.0000,0.0000,0.0000,0.0100,0.0100,0.0100,0.0100,0.00,381377.00
KXNHL-26-FLA,1773442800,0.0000,0.0000,0.0000,0.0000,0.0100,0.0100,0.0100,0.0100,0.00,381377.00
KXNHL-26-FLA,1773446400,0.0000,0.0000,0.0000,0.0000,0.0100,0.0100,0.0100,0.0100,1682.00,383059.00
KXNHL-26-FLA,1773450000,0.0000,0.0000,0.0000,0.0000,0.0100,0.0100,0.0100,0.0100,0.00,383059.00
KXNHL-26-FLA,1773453600,0.0000,0.0000,0.0000,0.0000,0.0100,0.0100,0.0100,0.0100,0.00,383059.00
KXNHL-26-FLA,1773457200,0.0000,0.0000,0.0000,0.0000,0.0100,0.0100,0.0100,0.0100,0.00,383059.00
KXNHL-26-FLA,1773460800,0.0000,0.0000,0.0000,0.0000,0.0100,0.0100,0.0100,0.0100,0.00,383059.00
KXNHL-26-FLA,1773464400,0.0000,0.0000,0.0000,0.0000,0.0100,0.0100,0.0100,0.0100,0.00,383059.00
KXNHL-26-FLA,1773468000,0.0000,0.0000,0.0000,0.0000,0.0100,0.0100,0.0100,0.0100,0.00,383059.00
KXNHL-26-FLA,1773471600,0.0000,0.0000,0.0000,0.0000,0.0100,0.0100,0.0100,0.0100,0.00,383059.00
KXNHL-26-FLA,1773475200,0.0000,0.0000,0.0000,0.0000,0.0100,0.0100,0.0100,0.0100,0.00,383059.00
KXNHL-26-FLA,1773478800,0.0000,0.0000,0.0000,0.0000,0.0100,0.0100,0.0100,0.0100,0.00,383059.00
KXNHL-26-FLA,1773489600,0.0000,0.0000,0.0000,0.0000,0.0100,0.0100,0.0100,0.0100,0.00,383059.00
KXNHL-26-FLA,1773493200,0.0000,0.0000,0.0000,0.0000,0.0100,0.0100,0.0100,0.0100,0.00,383059.00
KXNHL-26-FLA,1773496800,0.0000,0.0000,0.0000,0.0000,0.0100,0.0100,0.0100,0.0100,0.00,383059.00
KXNHL-26-FLA,1773500400,0.0000,0.0000,0.0000,0.0000,0.0100,0.0100,0.0100,0.0100,0.00,383059.00
KXNHL-26-FLA,1773504000,0.0000,0.0000,0.0000,0.0000,0.0100,0.0100,0.0100,0.0100,0.00,383059.00
KXNHL-26-FLA,1773507600,0.0000,0.0000,0.0000,0.0000,0.0100,0.0100,0.0100,0.0100,0.00,383059.00
KXNHL-26-FLA,1773511200,0.0000,0.0000,0.0000,0.0000,0.0100,0.0100,0.0100,0.0100,0.00,383059.00
KXNHL-26-FLA,1773514800,0.0000,0.0000,0.0000,0.0000,0.0100,0.0100,0.0100,0.0100,13.00,383072.00
KXNHL-26-FLA,1773518400,0.0000,0.0000,0.0000,0.0000,0.0100,0.0100,0.0100,0.0100,0.00,383072.00
KXNHL-26-FLA,1773522000,0.0000,0.0000,0.0000,0.0000,0.0100,0.0100,0.0100,0.0100,0.00,383072.00
KXNHL-26-FLA,1773525600,0.0000,0.0000,0.0000,0.0000,0.0100,0.0100,0.0100,0.0100,0.00,383072.00
KXNHL-26-FLA,1773529200,0.0000,0.0000,0.0000,0.0000,0.0100,0.0100,0.0100,0.0100,0.00,383072.00
KXNHL-26-FLA,1773532800,0.0000,0.0000,0.0000,0.0000,0.0100,0.0100,0.0100,0.0100,0.00,383072.00
KXNHL-26-FLA,1773536400,0.0000,0.0000,0.0000,0.0000,0.0100,0.0100,0.0100,0.0100,0.00,383072.00
KXNHL-26-FLA,1773540000,0.0000,0.0000,0.0000,0.0000,0.0100,0.0100,0.0100,0.0100,0.00,383072.00
KXNHL-26-FLA,1773543600,0.0000,0.0000,0.0000,0.0000,0.0100,0.0100,0.0100,0.0100,0.00,383072.00
KXNHL-26-FLA,1773547200,0.0000,0.0000,0.0000,0.0000,0.0100,0.0100,0.0100,0.0100,0.00,383072.00
KXNHL-26-FLA,1773550800,0.0000,0.0000,0.0000,0.0000,0.0100,0.0100,0.0100,0.0100,0.00,383072.00
KXNHL-26-FLA,1773554400,0.0000,0.0000,0.0000,0.0000,0.0100,0.0100,0.0100,0.0100,33.00,383105.00
KXNHL-26-FLA,1773558000,0.0000,0.0000,0.0000,0.0000,0.0100,0.0100,0.0100,0.0100,0.00,383105.00
KXNHL-26-FLA,1773561600,0.0000,0.0000,0.0000,0.0000,0.0100,0.0100,0.0100,0.0100,0.00,383105.00
KXNHL-26-FLA,1773572400,0.0000,0.0000,0.0000,0.0000,0.0100,0.0100,0.0100,0.0100,0.00,383105.00
KXNHL-26-FLA,1773579600,0.0000,0.0000,0.0000,0.0000,0.0100,0.0100,0.0100,0.0100,0.00,383105.00
KXNHL-26-FLA,1773583200,0.0000,0.0000,0.0000,0.0000,0.0100,0.0100,0.0100,0.0100,0.00,383105.00
KXNHL-26-FLA,1773590400,0.0000,0.0000,0.0000,0.0000,0.0100,0.0100,0.0100,0.0100,0.00,383105.00
KXNHL-26-FLA,1773594000,0.0000,0.0000,0.0000,0.0000,0.0100,0.0100,0.0100,0.0100,0.00,383105.00
KXNHL-26-FLA,1773597600,0.0000,0.0000,0.0000,0.0000,0.0100,0.0100,0.0100,0.0100,0.00,383105.00
KXNHL-26-FLA,1773601200,0.0000,0.0000,0.0000,0.0000,0.0100,0.0100,0.0100,0.0100,0.00,383105.00
KXNHL-26-FLA,1773604800,0.0000,0.0000,0.0000,0.0000,0.0100,0.0100,0.0100,0.0100,1.00,383106.00
KXNHL-26-FLA,1773608400,0.0000,0.0000,0.0000,0.0000,0.0100,0.0100,0.0100,0.0100,0.00,383106.00
KXNHL-26-FLA,1773612000,0.0000,0.0000,0.0000,0.0000,0.0100,0.0100,0.0100,0.0100,0.00,383106.00
KXNHL-26-FLA,1773615600,0.0000,0.0000,0.0000,0.0000,0.0100,0.0100,0.0100,0.0100,0.00,383106.00
KXNHL-26-FLA,1773619200,0.0000,0.0000,0.0000,0.0000,0.0100,0.0100,0.0100,0.0100,0.00,383106.00
KXNHL-26-FLA,1773622800,0.0000,0.0000,0.0000,0.0000,0.0100,0.0100,0.0100,0.0100,5175.00,388281.00
KXNHL-26-FLA,1773626400,0.0000,0.0000,0.0000,0.0000,0.0100,0.0100,0.0100,0.0100,0.00,388281.00
KXNHL-26-FLA,1773630000,0.0000,0.0000,0.0000,0.0000,0.0100,0.0100,0.0100,0.0100,0.00,388281.00
KXNHL-26-FLA,1773633600,0.0000,0.0000,0.0000,0.0000,0.0100,0.0100,0.0100,0.0100,0.00,388281.00
KXNHL-26-FLA,1773637200,0.0000,0.0000,0.0000,0.0000,0.0100,0.0100,0.0100,0.0100,0.00,388281.00
KXNHL-26-FLA,1773640800,0.0000,0.0000,0.0000,0.0000,0.0100,0.0100,0.0100,0.0100,0.00,388281.00
KXNHL-26-FLA,1773644400,0.0000,0.0000,0.0000,0.0000,0.0100,0.0100,0.0100,0.0100,0.00,388281.00
KXNHL-26-FLA,1773648000,0.0000,0.0000,0.0000,0.0000,0.0100,0.0100,0.0100,0.0100,0.00,388281.00
KXNHL-26-FLA,1773658800,0.0000,0.0000,0.0000,0.0000,0.0100,0.0100,0.0100,0.0100,1870.00,390151.00
KXNHL-26-FLA,1773673200,0.0000,0.0000,0.0000,0.0000,0.0100,0.0100,0.0100,0.0100,0.00,390151.00
KXNHL-26-FLA,1773676800,0.0000,0.0000,0.0000,0.0000,0.0100,0.0100,0.0100,0.0100,0.00,390151.00
KXNHL-26-FLA,1773680400,0.0000,0.0000,0.0000,0.0000,0.0100,0.0100,0.0100,0.0100,0.00,390151.00
KXNHL-26-FLA,1773684000,0.0000,0.0000,0.0000,0.0000,0.0100,0.0100,0.0100,0.0100,0.00,390151.00
KXNHL-26-FLA,1773687600,0.0000,0.0000,0.0000,0.0000,0.0100,0.0100,0.0100,0.0100,0.00,390151.00
KXNHL-26-FLA,1773691200,0.0000,0.0000,0.0000,0.0000,0.0100,0.0100,0.0100,0.0100,0.00,390151.00
KXNHL-26-FLA,1773694800,0.0000,0.0000,0.0000,0.0000,0.0100,0.0100,0.0100,0.0100,0.00,390151.00
KXNHL-26-FLA,1773702000,0.0000,0.0000,0.0000,0.0000,0.0100,0.0100,0.0100,0.0100,0.00,390151.00
KXNHL-26-FLA,1773705600,0.0000,0.0000,0.0000,0.0000,0.0100,0.0100,0.0100,0.0100,0.00,390151.00
KXNHL-26-FLA,1773709200,0.0000,0.0000,0.0000,0.0000,0.0100,0.0100,0.0100,0.0100,5.00,390156.00
KXNHL-26-FLA,1773712800,0.0000,0.0000,0.0000,0.0000,0.0100,0.0100,0.0100,0.0100,0.00,390156.00
KXNHL-26-FLA,1773716400,0.0000,0.0000,0.0000,0.0000,0.0100,0.0100,0.0100,0.0100,0.00,390156.00
KXNHL-26-FLA,1773720000,0.0000,0.0000,0.0000,0.0000,0.0100,0.0100,0.0100,0.0100,48.00,390204.00
KXNHL-26-FLA,1773723600,0.0000,0.0000,0.0000,0.0000,0.0100,0.0100,0.0100,0.0100,0.00,390204.00
KXNHL-26-FLA,1773727200,0.0000,0.0000,0.0000,0.0000,0.0100,0.0100,0.0100,0.0100,0.00,390204.00
KXNHL-26-FLA,1773730800,0.0000,0.0000,0.0000,0.0000,0.0100,0.0100,0.0100,0.0100,0.00,390204.00
KXNHL-26-FLA,1773734400,0.0000,0.0000,0.0000,0.0000,0.0100,0.0100,0.0100,0.0100,0.00,390204.00
KXNHL-26-FLA,1773741600,0.0000,0.0000,0.0000,0.0000,0.0100,0.0100,0.0100,0.0100,0.00,390204.00
KXNHL-26-FLA,1773748800,0.0000,0.0000,0.0000,0.0000,0.0100,0.0100,0.0100,0.0100,0.00,390204.00
KXNHL-26-FLA,1773752400,0.0000,0.0000,0.0000,0.0000,0.0100,0.0100,0.0100,0.0100,4675.00,394879.00
KXNHL-26-FLA,1773756000,0.0000,0.0000,0.0000,0.0000,0.0100,0.0100,0.0100,0.0100,0.00,394879.00
KXNHL-26-FLA,1773759600,0.0000,0.0000,0.0000,0.0000,0.0100,0.0100,0.0100,0.0100,0.00,394879.00
KXNHL-26-FLA,1773766800,0.0000,0.0000,0.0000,0.0000,0.0100,0.0100,0.0100,0.0100,0.00,394879.00
KXNHL-26-FLA,1773770400,0.0000,0.0000,0.0000,0.0000,0.0100,0.0100,0.0100,0.0100,0.00,394879.00
KXNHL-26-FLA,1773774000,0.0000,0.0000,0.0000,0.0000,0.0100,0.0100,0.0100,0.0100,0.00,394879.00
KXNHL-26-FLA,1773777600,0.0000,0.0000,0.0000,0.0000,0.0100,0.0100,0.0100,0.0100,0.00,394879.00
KXNHL-26-FLA,1773784800,0.0000,0.0000,0.0000,0.0000,0.0100,0.0100,0.0100,0.0100,0.00,394879.00
KXNHL-26-FLA,1773792000,0.0000,0.0000,0.0000,0.0000,0.0100,0.0100,0.0100,0.0100,0.00,394879.00
KXNHL-26-FLA,1773795600,0.0000,0.0000,0.0000,0.0000,0.0100,0.0100,0.0100,0.0100,0.00,394879.00
KXNHL-26-FLA,1773799200,0.0000,0.0000,0.0000,0.0000,0.0100,0.0100,0.0100,0.0100,0.00,394879.00
KXNHL-26-FLA,1773802800,0.0000,0.0000,0.0000,0.0000,0.0100,0.0100,0.0100,0.0100,0.00,394879.00
KXNHL-26-FLA,1773806400,0.0000,0.0000,0.0000,0.0000,0.0100,0.0100,0.0100,0.0100,0.00,394879.00
KXNHL-26-FLA,1773810000,0.0000,0.0000,0.0000,0.0000,0.0100,0.0100,0.0100,0.0100,0.00,394879.00
KXNHL-26-FLA,1773813600,0.0000,0.0000,0.0000,0.0000,0.0100,0.0100,0.0100,0.0100,0.00,394879.00
KXNHL-26-FLA,1773817200,0.0000,0.0000,0.0000,0.0000,0.0100,0.0100,0.0100,0.0100,0.00,394879.00
KXNHL-26-FLA,1773820800,0.0000,0.0000,0.0000,0.0000,0.0100,0.0100,0.0100,0.0100,0.00,394879.00
KXNHL-26-FLA,1773828000,0.0000,0.0000,0.0000,0.0000,0.0100,0.0100,0.0100,0.0100,0.00,394879.00
KXNHL-26-FLA,1773838800,0.0000,0.0000,0.0000,0.0000,0.0100,0.0100,0.0100,0.0100,0.00,394879.00
KXNHL-26-FLA,1773842400,0.0000,0.0000,0.0000,0.0000,0.0100,0.0100,0.0100,0.0100,0.00,394879.00
KXNHL-26-FLA,1773846000,0.0000,0.0000,0.0000,0.0000,0.0100,0.0100,0.0100,0.0100,0.00,394879.00
KXNHL-26-FLA,1773849600,0.0000,0.0000,0.0000,0.0000,0.0100,0.0100,0.0100,0.0100,0.00,394879.00
KXNHL-26-FLA,1773853200,0.0000,0.0000,0.0000,0.0000,0.0100,0.0100,0.0100,0.0100,1.00,394879.00
KXNHL-26-FLA,1773856800,0.0000,0.0000,0.0000,0.0000,0.0100,0.0100,0.0100,0.0100,0.00,394879.00
KXNHL-26-FLA,1773864000,0.0000,0.0000,0.0000,0.0000,0.0100,0.0100,0.0100,0.0100,0.00,394879.00
KXNHL-26-FLA,1773867600,0.0000,0.0000,0.0000,0.0000,0.0100,0.0100,0.0100,0.0100,0.00,394879.00
KXNHL-26-FLA,1773871200,0.0000,0.0000,0.0000,0.0000,0.0100,0.0100,0.0100,0.0100,0.00,394879.00
KXNHL-26-FLA,1773874800,0.0000,0.0000,0.0000,0.0000,0.0100,0.0100,0.0100,0.0100,1870.00,396749.00
KXNHL-26-FLA,1773878400,0.0000,0.0000,0.0000,0.0000,0.0100,0.0100,0.0100,0.0100,0.00,396749.00
KXNHL-26-FLA,1773882000,0.0000,0.0000,0.0000,0.0000,0.0100,0.0100,0.0100,0.0100,0.00,396749.00
KXNHL-26-FLA,1773885600,0.0000,0.0000,0.0000,0.0000,0.0100,0.0100,0.0100,0.0100,0.00,396749.00
KXNHL-26-FLA,1773889200,0.0000,0.0000,0.0000,0.0000,0.0100,0.0100,0.0100,0.0100,10.00,396759.00
KXNHL-26-FLA,1773892800,0.0000,0.0000,0.0000,0.0000,0.0100,0.0100,0.0100,0.0100,26.00,396785.00
KXNHL-26-FLA,1773896400,0.0000,0.0000,0.0000,0.0000,0.0100,0.0100,0.0100,0.0100,0.00,396785.00
KXNHL-26-FLA,1773900000,0.0000,0.0000,0.0000,0.0000,0.0100,0.0100,0.0100,0.0100,0.00,396785.00
KXNHL-26-FLA,1773903600,0.0000,0.0000,0.0000,0.0000,0.0100,0.0100,0.0100,0.0100,0.00,396785.00
KXNHL-26-FLA,1773907200,0.0000,0.0000,0.0000,0.0000,0.0100,0.0100,0.0100,0.0100,0.00,396785.00
KXNHL-26-FLA,1773914400,0.0000,0.0000,0.0000,0.0000,0.0100,0.0100,0.0100,0.0100,0.00,396785.00
KXNHL-26-FLA,1773921600,0.0000,0.0000,0.0000,0.0000,0.0100,0.0100,0.0100,0.0100,0.00,396785.00
KXNHL-26-FLA,1773925200,0.0000,0.0000,0.0000,0.0000,0.0100,0.0100,0.0100,0.0100,0.00,396785.00
KXNHL-26-FLA,1773928800,0.0000,0.0000,0.0000,0.0000,0.0100,0.0100,0.0100,0.0100,0.00,396785.00
KXNHL-26-FLA,1773932400,0.0000,0.0000,0.0000,0.0000,0.0100,0.0100,0.0100,0.0100,0.00,396785.00
KXNHL-26-FLA,1773936000,0.0000,0.0000,0.0000,0.0000,0.0100,0.0100,0.0100,0.0100,0.00,396785.00
KXNHL-26-FLA,1773939600,0.0000,0.0000,0.0000,0.0000,0.0100,0.0100,0.0100,0.0100,0.00,396785.00
KXNHL-26-FLA,1773943200,0.0000,0.0000,0.0000,0.0000,0.0100,0.0100,0.0100,0.0100,0.00,396785.00
KXNHL-26-FLA,1773950400,0.0000,0.0000,0.0000,0.0000,0.0100,0.0100,0.0100,0.0100,0.00,396785.00
KXNHL-26-FLA,1773957600,0.0000,0.0000,0.0000,0.0000,0.0100,0.0100,0.0100,0.0100,0.00,396785.00
KXNHL-26-FLA,1773961200,0.0000,0.0000,0.0000,0.0000,0.0100,0.0100,0.0100,0.0100,0.00,396785.00
KXNHL-26-FLA,1773964800,0.0000,0.0000,0.0000,0.0000,0.0100,0.0100,0.0100,0.0100,0.00,396785.00
KXNHL-26-FLA,1773968400,0.0000,0.0000,0.0000,0.0000,0.0100,0.0100,0.0100,0.0100,0.00,396785.00
KXNHL-26-FLA,1773972000,0.0000,0.0000,0.0000,0.0000,0.0100,0.0100,0.0100,0.0100,0.00,396785.00
KXNHL-26-FLA,1773975600,0.0000,0.0000,0.0000,0.0000,0.0100,0.0100,0.0100,0.0100,0.00,396785.00
KXNHL-26-FLA,1773979200,0.0000,0.0000,0.0000,0.0000,0.0100,0.0100,0.0100,0.0100,0.00,396785.00
KXNHL-26-FLA,1773982800,0.0000,0.0000,0.0000,0.0000,0.0100,0.0100,0.0100,0.0100,0.00,396785.00
KXNHL-26-FLA,1773986400,0.0000,0.0000,0.0000,0.0000,0.0100,0.0100,0.0100,0.0100,0.00,396785.00
KXNHL-26-FLA,1773990000,0.0000,0.0000,0.0000,0.0000,0.0100,0.0100,0.0100,0.0100,0.00,396785.00
KXNHL-26-FLA,1773993600,0.0000,0.0000,0.0000,0.0000,0.0100,0.0100,0.0100,0.0100,0.00,396785.00
KXNHL-26-FLA,1774008000,0.0000,0.0000,0.0000,0.0000,0.0100,0.0100,0.0100,0.0100,0.00,396785.00
KXNHL-26-FLA,1774011600,0.0000,0.0000,0.0000,0.0000,0.0100,0.0100,0.0100,0.0100,0.00,396785.00
KXNHL-26-FLA,1774015200,0.0000,0.0000,0.0000,0.0000,0.0100,0.0100,0.0100,0.0100,0.00,396785.00
KXNHL-26-FLA,1774018800,0.0000,0.0000,0.0000,0.0000,0.0100,0.0100,0.0100,0.0100,0.00,396785.00
KXNHL-26-FLA,1774022400,0.0000,0.0000,0.0000,0.0000,0.0100,0.0100,0.0100,0.0100,0.00,396785.00
KXNHL-26-FLA,1774026000,0.0000,0.0000,0.0000,0.0000,0.0100,0.0100,0.0100,0.0100,0.00,396785.00
KXNHL-26-FLA,1774029600,0.0000,0.0000,0.0000,0.0000,0.0100,0.0100,0.0100,0.0100,0.00,396785.00
KXNHL-26-FLA,1774040400,0.0000,0.0000,0.0000,0.0000,0.0100,0.0100,0.0100,0.0100,0.00,396785.00
KXNHL-26-FLA,1774044000,0.0000,0.0000,0.0000,0.0000,0.0100,0.0100,0.0100,0.0100,0.00,396785.00
KXNHL-26-FLA,1774047600,0.0000,0.0000,0.0000,0.0000,0.0100,0.0100,0.0100,0.0100,0.00,396785.00
KXNHL-26-FLA,1774051200,0.0000,0.0000,0.0000,0.0000,0.0100,0.0100,0.0100,0.0100,0.00,396785.00
KXNHL-26-FLA,1774054800,0.0000,0.0000,0.0000,0.0000,0.0100,0.0100,0.0100,0.0100,0.00,396785.00
KXNHL-26-FLA,1774058400,0.0000,0.0000,0.0000,0.0000,0.0100,0.0100,0.0100,0.0100,0.00,396785.00
KXNHL-26-FLA,1774062000,0.0000,0.0000,0.0000,0.0000,0.0100,0.0100,0.0100,0.0100,0.00,396785.00
KXNHL-26-FLA,1774065600,0.0000,0.0000,0.0000,0.0000,0.0100,0.0100,0.0100,0.0100,0.00,396785.00
KXNHL-26-FLA,1774069200,0.0000,0.0000,0.0000,0.0000,0.0100,0.0100,0.0100,0.0100,0.00,396785.00
KXNHL-26-FLA,1774072800,0.0000,0.0000,0.0000,0.0000,0.0100,0.0100,0.0100,0.0100,0.00,396785.00
KXNHL-26-FLA,1774076400,0.0000,0.0000,0.0000,0.0000,0.0100,0.0100,0.0100,0.0100,0.00,396785.00
KXNHL-26-FLA,1774080000,0.0000,0.0000,0.0000,0.0000,0.0100,0.0100,0.0100,0.0100,0.00,396785.00
KXNHL-26-FLA,1774116000,0.0000,0.0000,0.0000,0.0000,0.0100,0.0100,0.0100,0.0100,0.00,396785.00
KXNHL-26-FLA,1774119600,0.0000,0.0000,0.0000,0.0000,0.0100,0.0100,0.0100,0.0100,0.00,396785.00
KXNHL-26-FLA,1774123200,0.0000,0.0000,0.0000,0.0000,0.0100,0.0100,0.0100,0.0100,0.00,396785.00
KXNHL-26-FLA,1774126800,0.0000,0.0000,0.0000,0.0000,0.0100,0.0100,0.0100,0.0100,0.00,396785.00
KXNHL-26-FLA,1774130400,0.0000,0.0000,0.0000,0.0000,0.0100,0.0100,0.0100,0.0100,0.00,396785.00
KXNHL-26-FLA,1774134000,0.0000,0.0000,0.0000,0.0000,0.0100,0.0100,0.0100,0.0100,0.00,396785.00
KXNHL-26-FLA,1774137600,0.0000,0.0000,0.0000,0.0000,0.0100,0.0100,0.0100,0.0100,0.00,396785.00
KXNHL-26-FLA,1774141200,0.0000,0.0000,0.0000,0.0000,0.0100,0.0100,0.0100,0.0100,0.00,396785.00
KXNHL-26-FLA,1774144800,0.0000,0.0000,0.0000,0.0000,0.0100,0.0100,0.0100,0.0100,0.00,396785.00
KXNHL-26-FLA,1774148400,0.0000,0.0000,0.0000,0.0000,0.0100,0.0100,0.0100,0.0100,0.00,396785.00
KXNHL-26-FLA,1774152000,0.0000,0.0000,0.0000,0.0000,0.0100,0.0100,0.0100,0.0100,0.00,396785.00
KXNHL-26-FLA,1774155600,0.0000,0.0000,0.0000,0.0000,0.0100,0.0100,0.0100,0.0100,0.00,396785.00
KXNHL-26-FLA,1774159200,0.0000,0.0000,0.0000,0.0000,0.0100,0.0100,0.0100,0.0100,0.00,396785.00
KXNHL-26-FLA,1774162800,0.0000,0.0000,0.0000,0.0000,0.0100,0.0100,0.0100,0.0100,0.00,396785.00
KXNHL-26-FLA,1774166400,0.0000,0.0000,0.0000,0.0000,0.0100,0.0100,0.0100,0.0100,93.00,396878.00
KXNHL-26-FLA,1774180800,0.0000,0.0000,0.0000,0.0000,0.0100,0.0100,0.0100,0.0100,0.00,396878.00
KXNHL-26-FLA,1774184400,0.0000,0.0000,0.0000,0.0000,0.0100,0.0100,0.0100,0.0100,0.00,396878.00
KXNHL-26-FLA,1774188000,0.0000,0.0000,0.0000,0.0000,0.0100,0.0100,0.0100,0.0100,0.00,396878.00
KXNHL-26-FLA,1774198800,0.0000,0.0000,0.0000,0.0000,0.0100,0.0100,0.0100,0.0100,0.00,396878.00
KXNHL-26-FLA,1774202400,0.0000,0.0000,0.0000,0.0000,0.0100,0.0100,0.0100,0.0100,0.00,396878.00
KXNHL-26-FLA,1774206000,0.0000,0.0000,0.0000,0.0000,0.0100,0.0100,0.0100,0.0100,0.00,396878.00
KXNHL-26-FLA,1774209600,0.0000,0.0000,0.0000,0.0000,0.0100,0.0100,0.0100,0.0100,0.00,396878.00
KXNHL-26-FLA,1774213200,0.0000,0.0000,0.0000,0.0000,0.0100,0.0100,0.0100,0.0100,0.00,396878.00
KXNHL-26-FLA,1774216800,0.0000,0.0000,0.0000,0.0000,0.0100,0.0100,0.0100,0.0100,0.00,396878.00
KXNHL-26-FLA,1774224000,0.0000,0.0000,0.0000,0.0000,0.0100,0.0100,0.0100,0.0100,0.00,396878.00
KXNHL-26-FLA,1774227600,0.0000,0.0000,0.0000,0.0000,0.0100,0.0100,0.0100,0.0100,0.00,396878.00
KXNHL-26-FLA,1774231200,0.0000,0.0000,0.0000,0.0000,0.0100,0.0100,0.0100,0.0100,0.00,396878.00
KXNHL-26-FLA,1774234800,0.0000,0.0000,0.0000,0.0000,0.0100,0.0100,0.0100,0.0100,1.00,396879.00
KXNHL-26-FLA,1774238400,0.0000,0.0000,0.0000,0.0000,0.0100,0.0100,0.0100,0.0100,0.00,396879.00
KXNHL-26-FLA,1774242000,0.0000,0.0000,0.0000,0.0000,0.0100,0.0100,0.0100,0.0100,0.00,396879.00
KXNHL-26-FLA,1774249200,0.0000,0.0000,0.0000,0.0000,0.0100,0.0100,0.0100,0.0100,0.00,396879.00
KXNHL-26-FLA,1774252800,0.0000,0.0000,0.0000,0.0000,0.0100,0.0100,0.0100,0.0100,0.00,396879.00
KXNHL-26-FLA,1774278000,0.0000,0.0000,0.0000,0.0000,0.0100,0.0100,0.0100,0.0100,0.00,396879.00
KXNHL-26-FLA,1774285200,0.0000,0.0000,0.0000,0.0000,0.0100,0.0100,0.0100,0.0100,0.00,396879.00
KXNHL-26-FLA,1774292400,0.0000,0.0000,0.0000,0.0000,0.0100,0.0100,0.0100,0.0100,0.00,396879.00
KXNHL-26-FLA,1774296000,0.0000,0.0000,0.0000,0.0000,0.0100,0.0100,0.0100,0.0100,0.00,396879.00
KXNHL-26-FLA,1774303200,0.0000,0.0000,0.0000,0.0000,0.0100,0.0100,0.0100,0.0100,0.00,396879.00
KXNHL-26-FLA,1774306800,0.0000,0.0000,0.0000,0.0000,0.0100,0.0100,0.0100,0.0100,0.00,396879.00
KXNHL-26-FLA,1774310400,0.0000,0.0000,0.0000,0.0000,0.0100,0.0100,0.0100,0.0100,0.00,396879.00
KXNHL-26-FLA,1774314000,0.0000,0.0000,0.0000,0.0000,0.0100,0.0100,0.0100,0.0100,0.00,396879.00
KXNHL-26-FLA,1774317600,0.0000,0.0000,0.0000,0.0000,0.0100,0.0100,0.0100,0.0100,0.00,396879.00
KXNHL-26-FLA,1774321200,0.0000,0.0000,0.0000,0.0000,0.0100,0.0100,0.0100,0.0100,0.00,396879.00
KXNHL-26-FLA,1774324800,0.0000,0.0000,0.0000,0.0000,0.0100,0.0100,0.0100,0.0100,0.00,396879.00
KXNHL-26-FLA,1774332000,0.0000,0.0000,0.0000,0.0000,0.0100,0.0100,0.0100,0.0100,0.00,396879.00
KXNHL-26-FLA,1774335600,0.0000,0.0000,0.0000,0.0000,0.0100,0.0100,0.0100,0.0100,0.00,396879.00
KXNHL-26-FLA,1774364400,0.0000,0.0000,0.0000,0.0000,0.0100,0.0100,0.0100,0.0100,0.00,396879.00
KXNHL-26-FLA,1774368000,0.0000,0.0000,0.0000,0.0000,0.0100,0.0100,0.0100,0.0100,0.00,396879.00
KXNHL-26-FLA,1774371600,0.0000,0.0000,0.0000,0.0000,0.0100,0.0100,0.0100,0.0100,0.00,396879.00
KXNHL-26-FLA,1774375200,0.0000,0.0000,0.0000,0.0000,0.0100,0.0100,0.0100,0.0100,0.00,396879.00
KXNHL-26-FLA,1774378800,0.0000,0.0000,0.0000,0.0000,0.0100,0.0100,0.0100,0.0100,0.00,396879.00
KXNHL-26-FLA,1774382400,0.0000,0.0000,0.0000,0.0000,0.0100,0.0100,0.0100,0.0100,0.00,396879.00
KXNHL-26-FLA,1774396800,0.0000,0.0000,0.0000,0.0000,0.0100,0.0100,0.0100,0.0100,0.00,396879.00
KXNHL-26-FLA,1774400400,0.0000,0.0000,0.0000,0.0000,0.0100,0.0100,0.0100,0.0100,0.00,396879.00
KXNHL-26-FLA,1774404000,0.0000,0.0000,0.0000,0.0000,0.0100,0.0100,0.0100,0.0100,0.00,396879.00
KXNHL-26-FLA,1774407600,0.0000,0.0000,0.0000,0.0000,0.0100,0.0100,0.0100,0.0100,0.00,396879.00
KXNHL-26-FLA,1774411200,0.0000,0.0000,0.0000,0.0000,0.0100,0.0100,0.0100,0.0100,0.00,396879.00
KXNHL-26-FLA,1774414800,0.0000,0.0000,0.0000,0.0000,0.0100,0.0100,0.0100,0.0100,0.00,396879.00
KXNHL-26-FLA,1774418400,0.0000,0.0000,0.0000,0.0000,0.0100,0.0100,0.0100,0.0100,0.00,396879.00
KXNHL-26-FLA,1774425600,0.0000,0.0000,0.0000,0.0000,0.0100,0.0100,0.0100,0.0100,0.00,396879.00
KXNHL-26-FLA,1774450800,0.0000,0.0000,0.0000,0.0000,0.0100,0.0100,0.0100,0.0100,0.00,396879.00
KXNHL-26-FLA,1774454400,0.0000,0.0000,0.0000,0.0000,0.0100,0.0100,0.0100,0.0100,0.00,396879.00
KXNHL-26-FLA,1774458000,0.0000,0.0000,0.0000,0.0000,0.0100,0.0100,0.0100,0.0100,2.00,396881.00
KXNHL-26-FLA,1774461600,0.0000,0.0000,0.0000,0.0000,0.0100,0.0100,0.0100,0.0100,0.00,396881.00
KXNHL-26-FLA,1774483200,0.0000,0.0000,0.0000,0.0000,0.0100,0.0100,0.0100,0.0100,0.00,396881.00
KXNHL-26-FLA,1774486800,0.0000,0.0000,0.0000,0.0000,0.0100,0.0100,0.0100,0.0100,0.00,396881.00
KXNHL-26-FLA,1774490400,0.0000,0.0000,0.0000,0.0000,0.0100,0.0100,0.0100,0.0100,0.00,396881.00
KXNHL-26-FLA,1774494000,0.0000,0.0000,0.0000,0.0000,0.0100,0.0100,0.0100,0.0100,0.00,396881.00
KXNHL-26-FLA,1774497600,0.0000,0.0000,0.0000,0.0000,0.0100,0.0100,0.0100,0.0100,0.00,396881.00
KXNHL-26-FLA,1774504800,0.0000,0.0000,0.0000,0.0000,0.0100,0.0100,0.0100,0.0100,0.00,396881.00
KXNHL-26-FLA,1774508400,0.0000,0.0000,0.0000,0.0000,0.0100,0.0100,0.0100,0.0100,0.00,396881.00
KXNHL-26-FLA,1774519200,0.0000,0.0000,0.0000,0.0000,0.0100,0.0100,0.0100,0.0100,0.00,396881.00
KXNHL-26-FLA,1774533600,0.0000,0.0000,0.0000,0.0000,0.0100,0.0100,0.0100,0.0100,0.00,396881.00
KXNHL-26-FLA,1774544400,0.0000,0.0000,0.0000,0.0000,0.0100,0.0100,0.0100,0.0100,0.00,396881.00
KXNHL-26-FLA,1774566000,0.0000,0.0000,0.0000,0.0000,0.0100,0.0100,0.0100,0.0100,0.00,396881.00
KXNHL-26-FLA,1774569600,0.0000,0.0000,0.0000,0.0000,0.0100,0.0100,0.0100,0.0100,0.00,396881.00
KXNHL-26-FLA,1774573200,0.0000,0.0000,0.0000,0.0000,0.0100,0.0100,0.0100,0.0100,0.00,396881.00
KXNHL-26-FLA,1774576800,0.0000,0.0000,0.0000,0.0000,0.0100,0.0100,0.0100,0.0100,0.00,396881.00
KXNHL-26-FLA,1774580400,0.0000,0.0000,0.0000,0.0000,0.0100,0.0100,0.0100,0.0100,100.00,396981.00
KXNHL-26-FLA,1774584000,0.0000,0.0000,0.0000,0.0000,0.0100,0.0100,0.0100,0.0100,0.00,396981.00
KXNHL-26-FLA,1774587600,0.0000,0.0000,0.0000,0.0000,0.0100,0.0100,0.0100,0.0100,0.00,396981.00
KXNHL-26-FLA,1774591200,0.0000,0.0000,0.0000,0.0000,0.0100,0.0100,0.0100,0.0100,0.00,396981.00
KXNHL-26-FLA,1774594800,0.0000,0.0000,0.0000,0.0000,0.0100,0.0100,0.0100,0.0100,0.00,396981.00
KXNHL-26-FLA,1774598400,0.0000,0.0000,0.0000,0.0000,0.0100,0.0100,0.0100,0.0100,0.00,396981.00
KXNHL-26-FLA,1774616400,0.0000,0.0000,0.0000,0.0000,0.0100,0.0100,0.0100,0.0100,5000.00,396981.00
KXNHL-26-FLA,1774645200,0.0000,0.0000,0.0000,0.0000,0.0100,0.0100,0.0100,0.0100,0.00,396981.00
KXNHL-26-FLA,1774648800,0.0000,0.0000,0.0000,0.0000,0.0100,0.0100,0.0100,0.0100,0.00,396981.00
KXNHL-26-FLA,1774652400,0.0000,0.0000,0.0000,0.0000,0.0100,0.0100,0.0100,0.0100,0.00,396981.00
KXNHL-26-FLA,1774656000,0.0000,0.0000,0.0000,0.0000,0.0100,0.0100,0.0100,0.0100,0.00,396981.00
KXNHL-26-FLA,1774659600,0.0000,0.0000,0.0000,0.0000,0.0100,0.0100,0.0100,0.0100,0.00,396981.00
KXNHL-26-FLA,1774663200,0.0000,0.0000,0.0000,0.0000,0.0100,0.0100,0.0100,0.0100,0.00,396981.00
KXNHL-26-FLA,1774666800,0.0000,0.0000,0.0000,0.0000,0.0100,0.0100,0.0100,0.0100,0.00,396981.00
KXNHL-26-FLA,1774670400,0.0000,0.0000,0.0000,0.0000,0.0100,0.0100,0.0100,0.0100,0.00,396981.00
KXNHL-26-FLA,1774674000,0.0000,0.0000,0.0000,0.0000,0.0100,0.0100,0.0100,0.0100,0.00,396981.00
KXNHL-26-FLA,1774677600,0.0000,0.0000,0.0000,0.0000,0.0100,0.0100,0.0100,0.0100,0.00,396981.00
KXNHL-26-FLA,1774702800,0.0000,0.0000,0.0000,0.0000,0.0100,0.0100,0.0100,0.0100,33.00,397014.00
KXNHL-26-FLA,1774706400,0.0000,0.0000,0.0000,0.0000,0.0100,0.0100,0.0100,0.0100,0.00,397014.00
KXNHL-26-FLA,1774720800,0.0000,0.0000,0.0000,0.0000,0.0100,0.0100,0.0100,0.0100,0.00,397014.00
KXNHL-26-FLA,1774724400,0.0000,0.0000,0.0000,0.0000,0.0100,0.0100,0.0100,0.0100,0.00,397014.00
KXNHL-26-FLA,1774728000,0.0000,0.0000,0.0000,0.0000,0.0100,0.0100,0.0100,0.0100,0.00,397014.00
KXNHL-26-FLA,1774735200,0.0000,0.0000,0.0000,0.0000,0.0100,0.0100,0.0100,0.0100,2.00,397016.00
KXNHL-26-FLA,1774738800,0.0000,0.0000,0.0000,0.0000,0.0100,0.0100,0.0100,0.0100,0.00,397016.00
KXNHL-26-FLA,1774742400,0.0000,0.0000,0.0000,0.0000,0.0100,0.0100,0.0100,0.0100,0.00,397016.00
KXNHL-26-FLA,1774746000,0.0000,0.0000,0.0000,0.0000,0.0100,0.0100,0.0100,0.0100,0.00,397016.00
KXNHL-26-FLA,1774749600,0.0000,0.0000,0.0000,0.0000,0.0100,0.0100,0.0100,0.0100,0.00,397016.00
KXNHL-26-FLA,1774753200,0.0000,0.0000,0.0000,0.0000,0.0100,0.0100,0.0100,0.0100,0.00,397016.00
KXNHL-26-FLA,1774760400,0.0000,0.0000,0.0000,0.0000,0.0100,0.0100,0.0100,0.0100,0.00,397016.00
KXNHL-26-FLA,1774764000,0.0000,0.0000,0.0000,0.0000,0.0100,0.0100,0.0100,0.0100,0.00,397016.00
KXNHL-26-FLA,1774767600,0.0000,0.0000,0.0000,0.0000,0.0100,0.0100,0.0100,0.0100,1.00,397016.00
KXNHL-26-FLA,1774771200,0.0000,0.0000,0.0000,0.0000,0.0100,0.0100,0.0100,0.0100,0.00,397016.00
KXNHL-26-FLA,1774796400,0.0000,0.0000,0.0000,0.0000,0.0100,0.0100,0.0100,0.0100,0.00,397016.00
KXNHL-26-FLA,1774807200,0.0000,0.0000,0.0000,0.0000,0.0100,0.0100,0.0100,0.0100,0.00,397016.00
KXNHL-26-FLA,1774810800,0.0000,0.0000,0.0000,0.0000,0.0100,0.0100,0.0100,0.0100,0.00,397016.00
KXNHL-26-FLA,1774814400,0.0000,0.0000,0.0000,0.0000,0.0100,0.0100,0.0100,0.0100,0.00,397016.00
KXNHL-26-FLA,1774821600,0.0000,0.0000,0.0000,0.0000,0.0100,0.0100,0.0100,0.0100,0.00,397016.00
KXNHL-26-FLA,1774828800,0.0000,0.0000,0.0000,0.0000,0.0100,0.0100,0.0100,0.0100,0.00,397016.00
KXNHL-26-FLA,1774836000,0.0000,0.0000,0.0000,0.0000,0.0100,0.0100,0.0100,0.0100,0.00,397016.00
KXNHL-26-FLA,1774839600,0.0000,0.0000,0.0000,0.0000,0.0100,0.0100,0.0100,0.0100,0.00,397016.00
KXNHL-26-FLA,1774846800,0.0000,0.0000,0.0000,0.0000,0.0100,0.0100,0.0100,0.0100,935.00,397951.00
KXNHL-26-FLA,1774850400,0.0000,0.0000,0.0000,0.0000,0.0100,0.0100,0.0100,0.0100,0.00,397951.00
KXNHL-26-FLA,1774854000,0.0000,0.0000,0.0000,0.0000,0.0100,0.0100,0.0100,0.0100,0.00,397951.00
KXNHL-26-FLA,1774879200,0.0000,0.0000,0.0000,0.0000,0.0100,0.0100,0.0100,0.0100,0.00,397951.00
KXNHL-26-FLA,1774886400,0.0000,0.0000,0.0000,0.0000,0.0100,0.0100,0.0100,0.0100,0.00,397951.00
KXNHL-26-FLA,1774890000,0.0000,0.0000,0.0000,0.0000,0.0100,0.0100,0.0100,0.0100,0.00,397951.00
KXNHL-26-FLA,1774893600,0.0000,0.0000,0.0000,0.0000,0.0100,0.0100,0.0100,0.0100,0.00,397951.00
KXNHL-26-FLA,1774897200,0.0000,0.0000,0.0000,0.0000,0.0100,0.0100,0.0100,0.0100,0.00,397951.00
KXNHL-26-FLA,1774900800,0.0000,0.0000,0.0000,0.0000,0.0100,0.0100,0.0100,0.0100,0.00,397951.00
KXNHL-26-FLA,1774904400,0.0000,0.0000,0.0000,0.0000,0.0100,0.0100,0.0100,0.0100,0.00,397951.00
KXNHL-26-FLA,1774911600,0.0000,0.0000,0.0000,0.0000,0.0100,0.0100,0.0100,0.0100,0.00,397951.00
KXNHL-26-FLA,1774915200,0.0000,0.0000,0.0000,0.0000,0.0100,0.0100,0.0100,0.0100,0.00,397951.00
KXNHL-26-FLA,1774918800,0.0000,0.0000,0.0000,0.0000,0.0100,0.0100,0.0100,0.0100,0.00,397951.00
KXNHL-26-FLA,1774926000,0.0000,0.0000,0.0000,0.0000,0.0100,0.0100,0.0100,0.0100,0.00,397951.00
KXNHL-26-FLA,1774929600,0.0000,0.0000,0.0000,0.0000,0.0100,0.0100,0.0100,0.0100,0.00,397951.00
KXNHL-26-FLA,1774933200,0.0000,0.0000,0.0000,0.0000,0.0100,0.0100,0.0100,0.0100,0.00,397951.00
KXNHL-26-FLA,1774936800,0.0000,0.0000,0.0000,0.0000,0.0100,0.0100,0.0100,0.0100,0.00,397951.00
KXNHL-26-FLA,1774940400,0.0000,0.0000,0.0000,0.0000,0.0100,0.0100,0.0100,0.0100,0.00,397951.00
KXNHL-26-FLA,1774944000,0.0000,0.0000,0.0000,0.0000,0.0100,0.0100,0.0100,0.0100,0.00,397951.00
KXNHL-26-FLA,1774947600,0.0000,0.0000,0.0000,0.0000,0.0100,0.0100,0.0100,0.0100,0.00,397951.00
KXNHL-26-FLA,1774951200,0.0000,0.0000,0.0000,0.0000,0.0100,0.0100,0.0100,0.0100,0.00,397951.00
KXNHL-26-FLA,1774954800,0.0000,0.0000,0.0000,0.0000,0.0100,0.0100,0.0100,0.0100,0.00,397951.00
KXNHL-26-FLA,1774958400,0.0000,0.0000,0.0000,0.0000,0.0100,0.0100,0.0100,0.0100,0.00,397951.00
KXNHL-26-FLA,1774962000,0.0000,0.0000,0.0000,0.0000,0.0100,0.0100,0.0100,0.0100,0.00,397951.00
KXNHL-26-FLA,1774965600,0.0000,0.0000,0.0000,0.0000,0.0100,0.0100,0.0100,0.0100,0.00,397951.00
KXNHL-26-FLA,1774969200,0.0000,0.0000,0.0000,0.0000,0.0100,0.0100,0.0100,0.0100,0.00,397951.00
KXNHL-26-FLA,1774972800,0.0000,0.0000,0.0000,0.0000,0.0100,0.0100,0.0100,0.0100,0.00,397951.00
KXNHL-26-FLA,1774976400,0.0000,0.0000,0.0000,0.0000,0.0100,0.0100,0.0100,0.0100,0.00,397951.00
KXNHL-26-FLA,1774980000,0.0000,0.0000,0.0000,0.0000,0.0100,0.0100,0.0100,0.0100,0.00,397951.00
KXNHL-26-FLA,1774987200,0.0000,0.0000,0.0000,0.0000,0.0100,0.0100,0.0100,0.0100,0.00,397951.00
KXNHL-26-FLA,1774998000,0.0000,0.0000,0.0000,0.0000,0.0100,0.0100,0.0100,0.0100,0.00,397951.00
KXNHL-26-FLA,1775001600,0.0000,0.0000,0.0000,0.0000,0.0100,0.0100,0.0100,0.0100,0.00,397951.00
KXNHL-26-FLA,1775005200,0.0000,0.0000,0.0000,0.0000,0.0100,0.0100,0.0100,0.0100,0.00,397951.00
KXNHL-26-FLA,1775008800,0.0000,0.0000,0.0000,0.0000,0.0100,0.0100,0.0100,0.0100,0.00,397951.00
KXNHL-26-FLA,1775012400,0.0000,0.0000,0.0000,0.0000,0.0100,0.0100,0.0100,0.0100,0.00,397951.00
KXNHL-26-FLA,1775016000,0.0000,0.0000,0.0000,0.0000,0.0100,0.0100,0.0100,0.0100,0.00,397951.00
KXNHL-26-FLA,1775019600,0.0000,0.0000,0.0000,0.0000,0.0100,0.0100,0.0100,0.0100,0.00,397951.00
KXNHL-26-FLA,1775023200,0.0000,0.0000,0.0000,0.0000,0.0100,0.0100,0.0100,0.0100,0.00,397951.00
KXNHL-26-FLA,1775026800,0.0000,0.0000,0.0000,0.0000,0.0100,0.0100,0.0100,0.0100,0.00,397951.00
KXNHL-26-FLA,1775030400,0.0000,0.0000,0.0000,0.0000,0.0100,0.0100,0.0100,0.0100,0.00,397951.00
KXNHL-26-FLA,1775041200,0.0000,0.0000,0.0000,0.0000,0.0100,0.0100,0.0100,0.0100,0.00,397951.00
KXNHL-26-FLA,1775044800,0.0000,0.0000,0.0000,0.0000,0.0100,0.0100,0.0100,0.0100,0.00,397951.00
KXNHL-26-FLA,1775052000,0.0000,0.0000,0.0000,0.0000,0.0100,0.0100,0.0100,0.0100,0.00,397951.00
KXNHL-26-FLA,1775070000,0.0000,0.0000,0.0000,0.0000,0.0100,0.0100,0.0100,0.0100,0.00,397951.00
KXNHL-26-FLA,1775073600,0.0000,0.0000,0.0000,0.0000,0.0100,0.0100,0.0100,0.0100,0.00,397951.00
KXNHL-26-FLA,1775080800,0.0000,0.0000,0.0000,0.0000,0.0100,0.0100,0.0100,0.0100,0.00,397951.00
KXNHL-26-FLA,1775084400,0.0000,0.0000,0.0000,0.0000,0.0100,0.0100,0.0100,0.0100,0.00,397951.00
KXNHL-26-FLA,1775091600,0.0000,0.0000,0.0000,0.0000,0.0100,0.0100,0.0100,0.0100,0.00,397951.00
KXNHL-26-FLA,1775095200,0.0000,0.0000,0.0000,0.0000,0.0100,0.0100,0.0100,0.0100,0.00,397951.00
KXNHL-26-FLA,1775098800,0.0000,0.0000,0.0000,0.0000,0.0100,0.0100,0.0100,0.0100,0.00,397951.00
KXNHL-26-FLA,1775102400,0.0000,0.0000,0.0000,0.0000,0.0100,0.0100,0.0100,0.0100,0.00,397951.00
KXNHL-26-FLA,1775106000,0.0000,0.0000,0.0000,0.0000,0.0100,0.0100,0.0100,0.0100,0.00,397951.00
KXNHL-26-FLA,1775109600,0.0000,0.0000,0.0000,0.0000,0.0100,0.0100,0.0100,0.0100,0.00,397951.00
KXNHL-26-FLA,1775113200,0.0000,0.0000,0.0000,0.0000,0.0100,0.0100,0.0100,0.0100,0.00,397951.00
KXNHL-26-FLA,1775120400,0.0000,0.0000,0.0000,0.0000,0.0100,0.0100,0.0100,0.0100,0.00,397951.00
KXNHL-26-FLA,1775124000,0.0000,0.0000,0.0000,0.0000,0.0100,0.0100,0.0100,0.0100,0.00,397951.00
KXNHL-26-FLA,1775127600,0.0000,0.0000,0.0000,0.0000,0.0100,0.0100,0.0100,0.0100,0.00,397951.00
KXNHL-26-FLA,1775131200,0.0000,0.0000,0.0000,0.0000,0.0100,0.0100,0.0100,0.0100,0.00,397951.00
KXNHL-26-FLA,1775138400,0.0000,0.0000,0.0000,0.0000,0.0100,0.0100,0.0100,0.0100,0.00,397951.00
KXNHL-26-FLA,1775142000,0.0000,0.0000,0.0000,0.0000,0.0100,0.0100,0.0100,0.0100,0.00,397951.00
KXNHL-26-FLA,1775156400,0.0000,0.0000,0.0000,0.0000,0.0100,0.0100,0.0100,0.0100,0.00,397951.00
KXNHL-26-FLA,1775167200,0.0000,0.0000,0.0000,0.0000,0.0100,0.0100,0.0100,0.0100,0.00,397951.00
KXNHL-26-FLA,1775170800,0.0000,0.0000,0.0000,0.0000,0.0100,0.0100,0.0100,0.0100,0.00,397951.00
KXNHL-26-FLA,1775174400,0.0000,0.0000,0.0000,0.0000,0.0100,0.0100,0.0100,0.0100,0.00,397951.00
KXNHL-26-FLA,1775178000,0.0000,0.0000,0.0000,0.0000,0.0100,0.0100,0.0100,0.0100,0.00,397951.00
KXNHL-26-FLA,1775181600,0.0000,0.0000,0.0000,0.0000,0.0100,0.0100,0.0100,0.0100,0.00,397951.00
KXNHL-26-FLA,1775185200,0.0000,0.0000,0.0000,0.0000,0.0100,0.0100,0.0100,0.0100,0.00,397951.00
KXNHL-26-FLA,1775188800,0.0000,0.0000,0.0000,0.0000,0.0100,0.0100,0.0100,0.0100,0.00,397951.00
KXNHL-26-FLA,1775192400,0.0000,0.0000,0.0000,0.0000,0.0100,0.0100,0.0100,0.0100,0.00,397951.00
KXNHL-26-FLA,1775196000,0.0000,0.0000,0.0000,0.0000,0.0100,0.0100,0.0100,0.0100,0.00,397951.00
KXNHL-26-FLA,1775199600,0.0000,0.0000,0.0000,0.0000,0.0100,0.0100,0.0100,0.0100,0.00,397951.00
KXNHL-26-FLA,1775203200,0.0000,0.0000,0.0000,0.0000,0.0100,0.0100,0.0100,0.0100,0.00,397951.00
KXNHL-26-FLA,1775214000,0.0000,0.0000,0.0000,0.0000,0.0100,0.0100,0.0100,0.0100,0.00,397951.00
KXNHL-26-FLA,1775217600,0.0000,0.0000,0.0000,0.0000,0.0100,0.0100,0.0100,0.0100,0.00,397951.00
KXNHL-26-FLA,1775228400,0.0000,0.0000,0.0000,0.0000,0.0100,0.0100,0.0100,0.0100,0.00,397951.00
KXNHL-26-FLA,1775260800,0.0000,0.0000,0.0000,0.0000,0.0100,0.0100,0.0100,0.0100,0.00,397951.00
KXNHL-26-FLA,1775268000,0.0000,0.0000,0.0000,0.0000,0.0100,0.0100,0.0100,0.0100,0.00,397951.00
KXNHL-26-FLA,1775271600,0.0000,0.0000,0.0000,0.0000,0.0100,0.0100,0.0100,0.0100,0.00,397951.00
KXNHL-26-FLA,1775275200,0.0000,0.0000,0.0000,0.0000,0.0100,0.0100,0.0100,0.0100,0.00,397951.00
KXNHL-26-FLA,1775278800,0.0000,0.0000,0.0000,0.0000,0.0100,0.0100,0.0100,0.0100,0.00,397951.00
KXNHL-26-FLA,1775282400,0.0000,0.0000,0.0000,0.0000,0.0100,0.0100,0.0100,0.0100,0.00,397951.00
KXNHL-26-FLA,1775286000,0.0000,0.0000,0.0000,0.0000,0.0100,0.0100,0.0100,0.0100,0.00,397951.00
KXNHL-26-FLA,1775289600,0.0000,0.0000,0.0000,0.0000,0.0100,0.0100,0.0100,0.0100,0.00,397951.00
KXNHL-26-FLA,1775300400,0.0000,0.0000,0.0000,0.0000,0.0100,0.0100,0.0100,0.0100,0.00,397951.00
KXNHL-26-FLA,1775304000,0.0000,0.0000,0.0000,0.0000,0.0100,0.0100,0.0100,0.0100,0.00,397951.00
KXNHL-26-FLA,1775307600,0.0000,0.0000,0.0000,0.0000,0.0100,0.0100,0.0100,0.0100,0.00,397951.00
KXNHL-26-FLA,1775318400,0.0000,0.0000,0.0000,0.0000,0.0100,0.0100,0.0100,0.0100,0.00,397951.00
KXNHL-26-FLA,1775322000,0.0000,0.0000,0.0000,0.0000,0.0100,0.0100,0.0100,0.0100,0.00,397951.00
KXNHL-26-FLA,1775325600,0.0000,0.0000,0.0000,0.0000,0.0100,0.0100,0.0100,0.0100,0.00,397951.00
KXNHL-26-FLA,1775332800,0.0000,0.0000,0.0000,0.0000,0.0100,0.0100,0.0100,0.0100,0.00,397951.00
KXNHL-26-FLA,1775340000,0.0000,0.0000,0.0000,0.0000,0.0100,0.0100,0.0100,0.0100,0.00,397951.00
KXNHL-26-FLA,1775343600,0.0000,0.0000,0.0000,0.0000,0.0100,0.0100,0.0100,0.0100,0.00,397951.00
KXNHL-26-FLA,1775347200,0.0000,0.0000,0.0000,0.0000,0.0100,0.0100,0.0100,0.0100,935.00,398886.00
KXNHL-26-FLA,1775368800,0.0000,0.0000,0.0000,0.0000,0.0100,0.0100,0.0100,0.0100,0.00,398886.00
KXNHL-26-FLA,1775448000,0.0000,0.0000,0.0000,0.0000,0.0100,0.0100,0.0100,0.0100,0.00,398886.00
KXNHL-26-FLA,1775455200,0.0000,0.0000,0.0000,0.0000,0.0100,0.0100,0.0100,0.0100,0.00,398886.00
KXNHL-26-FLA,1775484000,0.0000,0.0000,0.0000,0.0000,0.0100,0.0100,0.0100,0.0100,0.00,398886.00
KXNHL-26-FLA,1775487600,0.0000,0.0000,0.0000,0.0000,0.0100,0.0100,0.0100,0.0100,0.00,398886.00
KXNHL-26-FLA,1775498400,0.0000,0.0000,0.0000,0.0000,0.0100,0.0100,0.0100,0.0100,0.00,398886.00
KXNHL-26-FLA,1775556000,0.0000,0.0000,0.0000,0.0000,0.0100,0.0100,0.0100,0.0100,0.00,398886.00
KXNHL-26-FLA,1775570400,0.0000,0.0000,0.0000,0.0000,0.0100,0.0100,0.0100,0.0100,935.00,399821.00
KXNHL-26-FLA,1775610000,0.0000,0.0000,0.0000,0.0000,0.0100,0.0100,0.0100,0.0100,0.00,399821.00
KXNHL-26-FLA,1775624400,0.0000,0.0000,0.0000,0.0000,0.0100,0.0100,0.0100,0.0100,0.00,399821.00
KXNHL-26-FLA,1775664000,0.0000,0.0000,0.0000,0.0000,0.0100,0.0100,0.0100,0.0100,0.00,399821.00
KXNHL-26-FLA,1775674800,0.0000,0.0000,0.0000,0.0000,0.0100,0.0100,0.0100,0.0100,100.00,399921.00
KXNHL-26-FLA,1775696400,0.0000,0.0000,0.0000,0.0000,0.0100,0.0100,0.0100,0.0100,0.00,399921.00
KXNHL-26-FLA,1775700000,0.0000,0.0000,0.0000,0.0000,0.0100,0.0100,0.0100,0.0100,0.00,399921.00
KXNHL-26-FLA,1775707200,0.0000,0.0000,0.0000,0.0000,0.0100,0.0100,0.0100,0.0100,0.00,399921.00
KXNHL-26-FLA,1775736000,0.0000,0.0000,0.0000,0.0000,0.0100,0.0100,0.0100,0.0100,0.00,399921.00
KXNHL-26-FLA,1775739600,0.0000,0.0000,0.0000,0.0000,0.0100,0.0100,0.0100,0.0100,0.00,399921.00
KXNHL-26-FLA,1775754000,0.0000,0.0000,0.0000,0.0000,0.0100,0.0100,0.0100,0.0100,0.00,399921.00
