timestamp,mid_yes,heuristic_effective_spread,n_trades
1711656000,0.5,,0
1711659600,0.5,,0
1711663200,0.06,,0
1711666800,0.07,,0
1711670400,0.07,,0
1711674000,0.07,,0
1711677600,0.08,,0
1711681200,0.08,,0
1711684800,0.08,,0
1711688400,0.08,,0
1711692000,0.08,,0
1711695600,0.075,,0
1711699200,0.075,,0
1711702800,0.075,,0
1711706400,0.075,,0
1711710000,0.075,,0
1711713600,0.075,,0
1711717200,0.075,,0
1711720800,0.075,,0
1711724400,0.075,,0
1711728000,0.075,,0
1711731600,0.075,,0
1711735200,0.075,,0
1711738800,0.075,,0
1711742400,0.075,,0
1711746000,0.075,,0
1711749600,0.075,,0
1711753200,0.075,,0
1711756800,0.075,,0
1711760400,0.075,,0
1711764000,0.075,,0
1711767600,0.075,,0
1711771200,0.075,,0
1711774800,0.075,,0
1711778400,0.075,,0
1711782000,0.075,,0
1711785600,0.075,,0
1711789200,0.075,,0
1711792800,0.075,,0
1711796400,0.075,,0
1711800000,0.075,,0
1711803600,0.075,,0
1711807200,0.075,,0
1711810800,0.075,,0
1711814400,0.075,,0
1711818000,0.075,,0
1711821600,0.075,,0
1711825200,0.075,,0
1711828800,0.075,,0
1711832400,0.075,,0
1711836000,0.075,,0
1711839600,0.075,,0
1711843200,0.075,,0
1711846800,0.075,,0
1711850400,0.075,,0
1711854000,0.075,,0
1711857600,0.075,,0
1711861200,0.075,,0
1711864800,0.075,,0
1711868400,0.075,,0
1711872000,0.075,,0
1711875600,0.075,,0
1711879200,0.075,,0
1711882800,0.075,,0
1711886400,0.075,,0
1711890000,0.075,,0
1711893600,0.075,,0
1711897200,0.075,,0
1711900800,0.075,,0
1711904400,0.075,,0
1711908000,0.075,,0
1711911600,0.075,,0
1711915200,0.075,,0
1711918800,0.075,,0
1711922400,0.075,,0
1711926000,0.075,,0
1711929600,0.075,,0
1711933200,0.075,,0
1711936800,0.075,,0
1711940400,0.075,,0
1711944000,0.075,,0
1711947600,0.075,,0
1711951200,0.075,,0
1711954800,0.075,,0
1711958400,0.075,,0
1711962000,0.075,,0
1711965600,0.075,,0
1711969200,0.075,,0
1711972800,0.075,,0
1711976400,0.075,,0
1711980000,0.075,,0
1711983600,0.075,,0
1711987200,0.075,,0
1711990800,0.075,,0
1711994400,0.075,,0
1711998000,0.075,,0
1712001600,0.075,,0
1712005200,0.075,,0
1712008800,0.075,,0
1712012400,0.075,,0
1712016000,0.075,,0
1712019600,0.075,,0
1712023200,0.075,,0
1712026800,0.075,,0
1712030400,0.075,,0
1712034000,0.075,,0
1712037600,0.075,,0
1712041200,0.075,,0
1712044800,0.075,,0
1712048400,0.075,,0
1712052000,0.075,,0
1712055600,0.075,,0
1712059200,0.075,,0
1712062800,0.075,,0
1712066400,0.075,,0
1712070000,0.075,,0
1712073600,0.075,,0
1712077200,0.075,,0
1712080800,0.075,,0
1712084400,0.075,,0
1712088000,0.075,,0
1712091600,0.075,,0
1712095200,0.075,,0
1712098800,0.075,,0
1712102400,0.075,,0
1712106000,0.075,,0
1712109600,0.075,,0
1712113200,0.075,,0
1712116800,0.075,,0
1712120400,0.075,,0
1712124000,0.075,,0
1712127600,0.075,,0
1712131200,0.075,,0
1712134800,0.075,,0
1712138400,0.075,,0
1712142000,0.075,,0
1712145600,0.075,,0
1712149200,0.075,,0
1712152800,0.075,,0
1712156400,0.075,,0
1712160000,0.075,,0
1712163600,0.075,,0
1712167200,0.075,,0
1712170800,0.075,,0
1712174400,0.075,,0
1712178000,0.075,,0
1712181600,0.075,,0
1712185200,0.075,,0
1712188800,0.075,,0
1712192400,0.075,,0
1712196000,0.075,,0
1712199600,0.075,,0
1712203200,0.075,,0
1712206800,0.075,,0
1712210400,0.075,,0
1712214000,0.075,,0
1712217600,0.075,,0
1712221200,0.075,,0
1712224800,0.075,,0
1712228400,0.075,,0
1712232000,0.075,,0
1712235600,0.075,,0
1712239200,0.075,,0
1712242800,0.075,,0
1712246400,0.075,,0
1712250000,0.075,,0
1712253600,0.075,,0
1712257200,0.075,,0
1712260800,0.075,,0
1712264400,0.075,,0
1712268000,0.075,,0
1712271600,0.075,,0
1712275200,0.075,,0
1712278800,0.075,,0
1712282400,0.075,,0
1712286000,0.075,,0
1712289600,0.075,,0
1712293200,0.075,,0
1712296800,0.075,,0
1712300400,0.075,,0
1712304000,0.075,,0
1712307600,0.075,,0
1712311200,0.075,,0
1712314800,0.075,,0
1712318400,0.075,,0
1712322000,0.075,,0
1712325600,0.075,,0
1712329200,0.075,,0
1712332800,0.075,,0
1712336400,0.075,,0
1712340000,0.075,,0
1712343600,0.075,,0
1712347200,0.075,,0
1712350800,0.075,,0
1712354400,0.075,,0
1712358000,0.075,,0
1712361600,0.075,,0
1712365200,0.075,,0
1712368800,0.075,,0
1712372400,0.075,,0
1712376000,0.075,,0
1712379600,0.075,,0
1712383200,0.075,,0
1712386800,0.075,,0
1712390400,0.075,,0
1712394000,0.075,,0
1712397600,0.075,,0
1712401200,0.075,,0
1712404800,0.075,,0
1712408400,0.075,,0
1712412000,0.075,,0
1712415600,0.075,,0
1712419200,0.075,,0
1712422800,0.075,,0
1712426400,0.075,,0
1712430000,0.075,,0
1712433600,0.075,,0
1712437200,0.075,0.010000000000000009,1
1712440800,0.065,,0
1712444400,0.065,,0
1712448000,0.065,,0
1712451600,0.065,,0
1712455200,0.065,,0
1712458800,0.065,,0
1712462400,0.065,,0
1712466000,0.065,,0
1712469600,0.065,,0
1712473200,0.065,,0
1712476800,0.065,,0
1712480400,0.065,,0
1712484000,0.065,0.010000000000000009,1
1712487600,0.065,,0
1712491200,0.065,0.010000000000000009,2
1712494800,0.065,,0
1712498400,0.065,,0
1712502000,0.065,,0
1712505600,0.065,,0
1712509200,0.065,,0
1712512800,0.065,,0
1712516400,0.065,,0
1712520000,0.065,,0
1712523600,0.065,,0
1712527200,0.065,,0
1712530800,0.065,,0
1712534400,0.065,,0
1712538000,0.065,,0
1712541600,0.065,,0
1712545200,0.065,,0
1712548800,0.065,,0
1712552400,0.065,,0
1712556000,0.065,,0
1712559600,0.065,,0
1712563200,0.065,,0
1712566800,0.065,,0
1712570400,0.065,,0
1712574000,0.065,,0
1712577600,0.065,,0
1712581200,0.065,,0
1712584800,0.065,,0
1712588400,0.065,,0
1712592000,0.065,,0
1712595600,0.065,,0
1712599200,0.065,,0
1712602800,0.065,,0
1712606400,0.065,,0
1712610000,0.065,,0
1712613600,0.065,,0
1712617200,0.065,,0
1712620800,0.065,,0
1712624400,0.065,,0
1712628000,0.065,,0
1712631600,0.065,,0
1712635200,0.065,,0
1712638800,0.065,,0
1712642400,0.065,,0
1712646000,0.065,,0
1712649600,0.065,,0
1712653200,0.065,,0
1712656800,0.065,,0
1712660400,0.065,,0
1712664000,0.065,,0
1712667600,0.065,,0
1712671200,0.065,,0
1712674800,0.065,,0
1712678400,0.065,,0
1712682000,0.065,,0
1712685600,0.065,,0
1712689200,0.065,,0
1712692800,0.065,,0
1712696400,0.065,,0
1712700000,0.065,,0
1712703600,0.065,,0
1712707200,0.065,,0
1712710800,0.065,,0
1712714400,0.065,,0
1712718000,0.065,,0
1712721600,0.065,,0
1712725200,0.065,,0
1712728800,0.065,,0
1712732400,0.065,,0
1712736000,0.065,,0
1712739600,0.065,,0
1712743200,0.065,,0
1712746800,0.065,,0
1712750400,0.065,,0
1712754000,0.065,,0
1712757600,0.065,,0
1712761200,0.065,,0
1712764800,0.065,,0
1712768400,0.065,,0
1712772000,0.065,,0
1712775600,0.065,,0
1712779200,0.065,,0
1712782800,0.065,,0
1712786400,0.065,0.010000000000000009,2
1712790000,0.065,,0
1712793600,0.065,,0
1712797200,0.065,,0
1712800800,0.065,,0
1712804400,0.065,,0
1712808000,0.065,,0
1712811600,0.065,,0
1712815200,0.065,,0
1712818800,0.065,,0
1712822400,0.065,,0
1712826000,0.065,,0
1712829600,0.065,,0
1712833200,0.065,,0
1712836800,0.065,,0
1712840400,0.065,,0
1712844000,0.065,,0
1712847600,0.065,0.010000000000000009,1
1712851200,0.06,,0
1712854800,0.06,,0
1712858400,0.06,,0
1712862000,0.06,,0
1712865600,0.06,,0
1712869200,0.06,,0
1712872800,0.06,,0
1712876400,0.06,,0
1712880000,0.06,,0
1712883600,0.06,,0
1712887200,0.06,,0
1712890800,0.06,,0
1712894400,0.06,,0
1712898000,0.06,,0
1712901600,0.06,,0
1712905200,0.06,,0
1712908800,0.06,,0
1712912400,0.06,,0
1712916000,0.06,,0
1712919600,0.06,,0
1712923200,0.06,,0
1712926800,0.06,,0
1712930400,0.06,,0
1712934000,0.06,,0
1712937600,0.06,,0
1712941200,0.06,,0
1712944800,0.06,,0
1712948400,0.06,,0
1712952000,0.06,,0
1712955600,0.06,,0
1712959200,0.06,,0
1712962800,0.06,,0
1712966400,0.06,,0
1712970000,0.06,,0
1712973600,0.06,,0
1712977200,0.06,,0
1712980800,0.06,,0
1712984400,0.06,,0
1712988000,0.06,,0
1712991600,0.06,,0
1712995200,0.06,,0
1712998800,0.06,,0
1713002400,0.06,,0
1713006000,0.06,,0
1713009600,0.06,,0
1713013200,0.06,,0
1713016800,0.06,,0
1713020400,0.06,,0
1713024000,0.06,,0
1713027600,0.06,,0
1713031200,0.06,,0
1713034800,0.06,,0
1713038400,0.06,,0
1713042000,0.06,,0
1713045600,0.06,,0
1713049200,0.06,,0
1713052800,0.06,,0
1713056400,0.06,,0
1713060000,0.06,,0
1713063600,0.06,,0
1713067200,0.06,,0
1713070800,0.06,,0
1713074400,0.06,,0
1713078000,0.06,,0
1713081600,0.06,,0
1713085200,0.06,,0
1713088800,0.06,,0
1713092400,0.06,,0
1713096000,0.06,,0
1713099600,0.06,,0
1713103200,0.06,,0
1713106800,0.06,,0
1713110400,0.06,,0
1713114000,0.06,,0
1713117600,0.06,,0
1713121200,0.06,,0
1713124800,0.06,,0
1713128400,0.06,,0
1713132000,0.06,,0
1713135600,0.06,,0
1713139200,0.06,,0
1713142800,0.06,,0
1713146400,0.06,,0
1713150000,0.06,,0
1713153600,0.06,,0
1713157200,0.06,,0
1713160800,0.06,,0
1713164400,0.06,,0
1713168000,0.06,,0
1713171600,0.06,,0
1713175200,0.06,,0
1713178800,0.06,,0
1713182400,0.06,,0
1713186000,0.06,,0
1713189600,0.06,,0
1713193200,0.06,,0
1713196800,0.06,,0
1713200400,0.06,,0
1713204000,0.06,,0
1713207600,0.06,,0
1713211200,0.06,,0
1713214800,0.06,,0
1713218400,0.06,,0
1713222000,0.06,,0
1713225600,0.06,,0
1713229200,0.06,,0
1713232800,0.06,,0
1713236400,0.06,,0
1713240000,0.06,,0
1713243600,0.06,,0
1713247200,0.06,,0
1713250800,0.06,,0
1713254400,0.06,,0
1713258000,0.06,,0
1713261600,0.06,,0
1713265200,0.06,,0
1713268800,0.06,,0
1713272400,0.06,,0
1713276000,0.06,,0
1713279600,0.06,,0
1713283200,0.06,,0
1713286800,0.06,,0
1713290400,0.06,,0
1713294000,0.065,,0
1713297600,0.065,,0
1713301200,0.065,,0
1713304800,0.065,,0
1713308400,0.065,,0
1713312000,0.065,,0
1713315600,0.065,,0
1713319200,0.065,,0
1713322800,0.065,,0
1713326400,0.065,,0
1713330000,0.065,,0
1713333600,0.065,,0
1713337200,0.065,,0
1713340800,0.065,,0
1713344400,0.065,,0
1713348000,0.065,,0
1713351600,0.065,,0
1713355200,0.065,,0
1713358800,0.065,,0
1713362400,0.065,,0
1713366000,0.065,,0
1713369600,0.065,,0
1713373200,0.065,,0
1713376800,0.065,,0
1713380400,0.065,0.010000000000000009,1
1713384000,0.06,,0
1713387600,0.06,,0
1713391200,0.06,,0
1713394800,0.06,,0
1713398400,0.06,,0
1713402000,0.06,,0
1713405600,0.06,,0
1713409200,0.06,,0
1713412800,0.06,,0
1713416400,0.06,,0
1713420000,0.06,,0
1713423600,0.06,,0
1713427200,0.06,,0
1713430800,0.06,,0
1713434400,0.06,,0
1713438000,0.06,,0
1713441600,0.06,,0
1713445200,0.06,,0
1713448800,0.06,,0
1713452400,0.06,,0
1713456000,0.06,,0
1713459600,0.06,,0
1713463200,0.06,,0
1713466800,0.06,,0
1713470400,0.06,,0
1713474000,0.06,,0
1713477600,0.06,,0
1713481200,0.06,,0
1713484800,0.06,,0
1713488400,0.06,,0
1713492000,0.06,,0
1713495600,0.06,,0
1713499200,0.06,,0
1713502800,0.06,,0
1713506400,0.06,,0
1713510000,0.06,,0
1713513600,0.06,,0
1713517200,0.06,,0
1713520800,0.06,,0
1713524400,0.06,,0
1713528000,0.06,,0
1713531600,0.06,,0
1713535200,0.06,,0
1713538800,0.06,,0
1713542400,0.06,,0
1713546000,0.06,,0
1713549600,0.06,,0
1713553200,0.06,,0
1713556800,0.06,,0
1713560400,0.06,,0
1713564000,0.06,,0
1713567600,0.06,,0
1713571200,0.06,,0
1713574800,0.06,,0
1713578400,0.06,,0
1713582000,0.06,,0
1713585600,0.06,,0
1713589200,0.06,,0
1713592800,0.06,,0
1713596400,0.06,,0
1713600000,0.06,,0
1713603600,0.06,,0
1713607200,0.06,,0
1713610800,0.06,,0
1713614400,0.06,,0
1713618000,0.06,,0
1713621600,0.06,,0
1713625200,0.06,,0
1713628800,0.06,,0
1713632400,0.06,,0
1713636000,0.06,,0
1713639600,0.06,,0
1713643200,0.06,,0
1713646800,0.06,,0
1713650400,0.06,,0
1713654000,0.06,,0
1713657600,0.06,,0
1713661200,0.06,,0
1713664800,0.06,,0
1713668400,0.06,,0
1713672000,0.06,,0
1713675600,0.06,,0
1713679200,0.06,,0
1713682800,0.06,,0
1713686400,0.06,,0
1713690000,0.06,,0
1713693600,0.06,,0
1713697200,0.06,,0
1713700800,0.06,,0
1713704400,0.06,,0
1713708000,0.06,,0
1713711600,0.06,,0
1713715200,0.06,,0
1713718800,0.06,,0
1713722400,0.06,,0
1713726000,0.06,,0
1713729600,0.06,,0
1713733200,0.06,,0
1713736800,0.06,,0
1713740400,0.06,,0
1713744000,0.06,,0
1713747600,0.06,,0
1713751200,0.06,,0
1713754800,0.06,,0
1713758400,0.06,,0
1713762000,0.06,,0
1713765600,0.055,,0
1713769200,0.055,,0
1713772800,0.055,,0
1713776400,0.055,,0
1713780000,0.055,,0
1713783600,0.055,,0
1713787200,0.055,,0
1713790800,0.055,,0
1713794400,0.055,,0
1713798000,0.055,,0
1713801600,0.055,,0
1713805200,0.055,,0
1713808800,0.055,,0
1713812400,0.055,,0
1713816000,0.055,,0
1713819600,0.055,,0
1713823200,0.055,,0
1713826800,0.055,,0
1713830400,0.055,,0
1713834000,0.055,,0
1713837600,0.055,,0
1713841200,0.055,,0
1713844800,0.055,,0
1713848400,0.055,,0
1713852000,0.055,,0
1713855600,0.055,,0
1713859200,0.055,,0
1713862800,0.055,,0
1713866400,0.055,,0
1713870000,0.055,,0
1713873600,0.055,,0
1713877200,0.055,,0
1713880800,0.055,,0
1713884400,0.055,,0
1713888000,0.055,,0
1713891600,0.055,,0
1713895200,0.055,,0
1713898800,0.055,,0
1713902400,0.055,,0
1713906000,0.055,,0
1713909600,0.055,,0
1713913200,0.055,,0
1713916800,0.055,,0
1713920400,0.055,,0
1713924000,0.055,,0
1713927600,0.055,,0
1713931200,0.055,,0
1713934800,0.055,,0
1713938400,0.055,,0
1713942000,0.055,,0
1713945600,0.055,,0
1713949200,0.055,,0
1713952800,0.055,,0
1713956400,0.055,,0
1713960000,0.055,,0
1713963600,0.055,,0
1713967200,0.055,0.009999999999999995,5
1713970800,0.045,,0
1713974400,0.045,,0
1713978000,0.045,,0
1713981600,0.045,,0
1713985200,0.045,,0
1713988800,0.045,,0
1713992400,0.045,,0
1713996000,0.045,,0
1713999600,0.045,,0
1714003200,0.045,,0
1714006800,0.045,,0
1714010400,0.045,0.04091299879999991,2
1714014000,0.065,,0
1714017600,0.065,0.010000000000000009,1
1714021200,0.065,,0
1714024800,0.065,,0
1714028400,0.065,,0
1714032000,0.065,,0
1714035600,0.065,,0
1714039200,0.065,,0
1714042800,0.065,,0
1714046400,0.065,,0
1714050000,0.065,,0
1714053600,0.065,,0
1714057200,0.065,,0
1714060800,0.065,,0
1714064400,0.065,,0
1714068000,0.065,,0
1714071600,0.065,,0
1714075200,0.065,,0
1714078800,0.065,,0
1714082400,0.065,,0
1714086000,0.065,,0
1714089600,0.065,,0
1714093200,0.065,,0
1714096800,0.065,,0
1714100400,0.065,,0
1714104000,0.065,,0
1714107600,0.065,,0
1714111200,0.065,,0
1714114800,0.065,,0
1714118400,0.065,,0
1714122000,0.065,,0
1714125600,0.065,,0
1714129200,0.065,,0
1714132800,0.065,,0
1714136400,0.065,,0
1714140000,0.065,,0
1714143600,0.065,,0
1714147200,0.065,,0
1714150800,0.065,,0
1714154400,0.065,,0
1714158000,0.065,,0
1714161600,0.065,,0
1714165200,0.065,,0
1714168800,0.065,,0
1714172400,0.065,,0
1714176000,0.065,,0
1714179600,0.065,,0
1714183200,0.065,,0
1714186800,0.065,,0
1714190400,0.065,,0
1714194000,0.065,,0
1714197600,0.065,,0
1714201200,0.065,,0
1714204800,0.065,,0
1714208400,0.065,,0
1714212000,0.065,,0
1714215600,0.065,,0
1714219200,0.065,,0
1714222800,0.065,,0
1714226400,0.065,,0
1714230000,0.065,,0
1714233600,0.065,,0
1714237200,0.065,,0
1714240800,0.065,,0
1714244400,0.065,,0
1714248000,0.065,,0
1714251600,0.065,,0
1714255200,0.065,,0
1714258800,0.065,,0
1714262400,0.065,,0
1714266000,0.065,,0
1714269600,0.065,,0
1714273200,0.065,,0
1714276800,0.065,,0
1714280400,0.065,,0
1714284000,0.065,,0
1714287600,0.065,,0
1714291200,0.065,,0
1714294800,0.065,,0
1714298400,0.065,,0
1714302000,0.065,,0
1714305600,0.065,,0
1714309200,0.065,,0
1714312800,0.065,,0
1714316400,0.065,,0
1714320000,0.065,,0
1714323600,0.065,,0
1714327200,0.065,,0
1714330800,0.065,,0
1714334400,0.065,,0
1714338000,0.065,,0
1714341600,0.065,,0
1714345200,0.065,,0
1714348800,0.065,,0
1714352400,0.065,,0
1714356000,0.065,,0
1714359600,0.065,,0
1714363200,0.065,,0
1714366800,0.065,,0
1714370400,0.065,,0
1714374000,0.065,,0
1714377600,0.065,,0
1714381200,0.065,,0
1714384800,0.065,,0
1714388400,0.065,,0
1714392000,0.065,,0
1714395600,0.065,,0
1714399200,0.065,,0
1714402800,0.065,,0
1714406400,0.065,,0
1714410000,0.065,,0
1714413600,0.065,,0
1714417200,0.065,,0
1714420800,0.065,,0
1714424400,0.065,,0
1714428000,0.065,,0
1714431600,0.065,,0
1714435200,0.065,,0
1714438800,0.065,,0
1714442400,0.065,,0
1714446000,0.065,,0
1714449600,0.065,,0
1714453200,0.065,,0
1714456800,0.065,,0
1714460400,0.065,,0
1714464000,0.065,,0
1714467600,0.065,,0
1714471200,0.065,,0
1714474800,0.065,,0
1714478400,0.065,,0
1714482000,0.065,,0
1714485600,0.065,,0
1714489200,0.065,,0
1714492800,0.065,,0
1714496400,0.065,,0
1714500000,0.065,,0
1714503600,0.065,,0
1714507200,0.065,,0
1714510800,0.065,,0
1714514400,0.065,,0
1714518000,0.065,,0
1714521600,0.065,,0
1714525200,0.065,,0
1714528800,0.065,,0
1714532400,0.065,,0
1714536000,0.065,,0
1714539600,0.065,,0
1714543200,0.065,,0
1714546800,0.065,,0
1714550400,0.065,,0
1714554000,0.065,,0
1714557600,0.065,,0
1714561200,0.065,,0
1714564800,0.065,,0
1714568400,0.065,,0
1714572000,0.065,,0
1714575600,0.065,,0
1714579200,0.065,,0
1714582800,0.065,,0
1714586400,0.065,,0
1714593600,0.065,,0
1714597200,0.065,,0
1714600800,0.065,,0
1714604400,0.065,,0
1714608000,0.065,,0
1714611600,0.065,,0
1714615200,0.065,,0
1714618800,0.065,,0
1714622400,0.065,,0
1714626000,0.065,,0
1714629600,0.065,,0
1714633200,0.065,,0
1714636800,0.065,,0
1714640400,0.065,,0
1714644000,0.065,,0
1714647600,0.065,,0
1714651200,0.065,,0
1714654800,0.065,,0
1714658400,0.065,,0
1714662000,0.065,,0
1714665600,0.065,,0
1714669200,0.065,,0
1714672800,0.065,,0
1714676400,0.065,,0
1714680000,0.065,,0
1714683600,0.065,,0
1714687200,0.065,,0
1714690800,0.065,,0
1714694400,0.065,,0
1714698000,0.065,,0
1714701600,0.065,,0
1714705200,0.065,,0
1714708800,0.065,,0
1714712400,0.065,,0
1714716000,0.065,,0
1714719600,0.065,,0
1714723200,0.065,,0
1714726800,0.065,,0
1714730400,0.065,,0
1714734000,0.065,,0
1714737600,0.065,,0
1714741200,0.065,,0
1714744800,0.065,,0
1714748400,0.065,,0
1714752000,0.065,,0
1714755600,0.065,,0
1714759200,0.065,,0
1714762800,0.065,,0
1714766400,0.065,,0
1714770000,0.065,,0
1714773600,0.065,,0
1714777200,0.065,,0
1714780800,0.065,,0
1714784400,0.065,,0
1714788000,0.065,,0
1714791600,0.065,,0
1714795200,0.065,,0
1714798800,0.065,,0
1714802400,0.065,,0
1714806000,0.065,,0
1714809600,0.065,,0
1714813200,0.065,,0
1714816800,0.065,,0
1714820400,0.065,,0
1714824000,0.065,,0
1714827600,0.065,,0
1714831200,0.065,,0
1714834800,0.065,,0
1714838400,0.065,,0
1714842000,0.065,,0
1714845600,0.065,,0
1714849200,0.065,,0
1714852800,0.065,,0
1714856400,0.065,,0
1714860000,0.065,,0
1714863600,0.065,,0
1714867200,0.065,,0
1714870800,0.065,,0
1714874400,0.065,,0
1714878000,0.065,,0
1714881600,0.065,,0
1714885200,0.065,,0
1714888800,0.065,,0
1714892400,0.065,,0
1714896000,0.065,,0
1714899600,0.065,,0
1714903200,0.065,,0
1714906800,0.065,,0
1714910400,0.065,,0
1714914000,0.065,,0
1714917600,0.065,,0
1714921200,0.065,,0
1714924800,0.065,,0
1714928400,0.065,,0
1714932000,0.065,,0
1714935600,0.065,,0
1714939200,0.065,,0
1714942800,0.065,,0
1714946400,0.065,,0
1714950000,0.065,,0
1714953600,0.065,,0
1714957200,0.065,,0
1714960800,0.065,,0
1714964400,0.065,,0
1714968000,0.065,,0
1714971600,0.065,,0
1714975200,0.065,,0
1714978800,0.065,,0
1714982400,0.065,,0
1714986000,0.065,,0
1714989600,0.065,,0
1714993200,0.065,,0
1714996800,0.065,,0
1715000400,0.065,,0
1715004000,0.065,,0
1715007600,0.065,,0
1715011200,0.065,,0
1715014800,0.065,,0
1715018400,0.065,,0
1715022000,0.065,,0
1715025600,0.065,,0
1715029200,0.065,,0
1715032800,0.065,,0
1715036400,0.065,,0
1715040000,0.065,,0
1715043600,0.065,,0
1715047200,0.065,,0
1715050800,0.065,,0
1715054400,0.065,,0
1715058000,0.065,,0
1715061600,0.065,,0
1715065200,0.065,,0
1715068800,0.065,,0
1715072400,0.065,,0
1715076000,0.065,,0
1715079600,0.065,,0
1715083200,0.065,,0
1715086800,0.065,,0
1715090400,0.065,,0
1715094000,0.065,,0
1715097600,0.065,,0
1715101200,0.065,,0
1715104800,0.065,,0
1715108400,0.065,,0
1715112000,0.065,,0
1715115600,0.065,,0
1715119200,0.065,,0
1715122800,0.065,,0
1715126400,0.065,,0
1715130000,0.065,,0
1715133600,0.065,,0
1715137200,0.065,,0
1715140800,0.065,,0
1715144400,0.065,,0
1715148000,0.065,,0
1715151600,0.065,,0
1715155200,0.065,,0
1715158800,0.065,,0
1715162400,0.065,,0
1715166000,0.065,,0
1715169600,0.065,,0
1715173200,0.065,,0
1715176800,0.065,,0
1715180400,0.065,,0
1715184000,0.065,,0
1715187600,0.065,,0
1715191200,0.065,,0
1715194800,0.065,,0
1715198400,0.065,,0
1715202000,0.065,,0
1715205600,0.065,,0
1715209200,0.065,,0
1715212800,0.065,,0
1715216400,0.065,,0
1715220000,0.065,,0
1715223600,0.065,,0
1715227200,0.065,,0
1715230800,0.065,,0
1715234400,0.065,,0
1715238000,0.065,,0
1715241600,0.065,,0
1715245200,0.065,0.010000000000000009,1
1715248800,0.065,,0
1715252400,0.065,,0
1715256000,0.065,,0
1715259600,0.065,,0
1715263200,0.065,,0
1715266800,0.065,,0
1715270400,0.065,,0
1715274000,0.065,,0
1715277600,0.065,,0
1715281200,0.065,,0
1715284800,0.065,,0
1715288400,0.065,,0
1715292000,0.065,,0
1715295600,0.065,,0
1715299200,0.065,,0
1715302800,0.065,,0
1715306400,0.065,,0
1715310000,0.065,,0
1715313600,0.065,,0
1715317200,0.065,,0
1715320800,0.065,,0
1715324400,0.065,,0
1715328000,0.065,,0
1715331600,0.065,,0
1715335200,0.065,,0
1715338800,0.065,,0
1715342400,0.065,,0
1715346000,0.065,,0
1715349600,0.065,,0
1715353200,0.065,,0
1715356800,0.065,,0
1715360400,0.065,,0
1715364000,0.065,,0
1715367600,0.065,,0
1715371200,0.065,,0
1715374800,0.065,,0
1715378400,0.065,,0
1715382000,0.065,,0
1715385600,0.065,,0
1715389200,0.065,,0
1715392800,0.065,,0
1715396400,0.065,,0
1715400000,0.065,,0
1715403600,0.065,,0
1715407200,0.065,,0
1715410800,0.065,,0
1715414400,0.065,,0
1715418000,0.065,,0
1715421600,0.065,,0
1715425200,0.065,,0
1715428800,0.065,,0
1715432400,0.065,,0
1715436000,0.065,,0
1715439600,0.065,,0
1715443200,0.065,,0
1715446800,0.065,,0
1715450400,0.065,,0
1715454000,0.065,,0
1715457600,0.065,,0
1715461200,0.065,,0
1715464800,0.065,,0
1715468400,0.065,,0
1715472000,0.065,,0
1715475600,0.065,,0
1715479200,0.065,,0
1715482800,0.065,,0
1715486400,0.065,,0
1715490000,0.065,,0
1715493600,0.065,,0
1715497200,0.065,,0
1715500800,0.065,,0
1715504400,0.065,,0
1715508000,0.065,,0
1715511600,0.065,,0
1715515200,0.065,,0
1715518800,0.065,,0
1715522400,0.065,,0
1715526000,0.065,,0
1715529600,0.065,,0
1715533200,0.065,,0
1715536800,0.065,,0
1715540400,0.065,,0
1715544000,0.065,,0
1715547600,0.065,,0
1715551200,0.065,,0
1715554800,0.065,,0
1715558400,0.065,,0
1715562000,0.065,,0
1715565600,0.065,,0
1715569200,0.065,,0
1715572800,0.065,,0
1715576400,0.065,,0
1715580000,0.065,,0
1715583600,0.065,,0
1715587200,0.065,,0
1715590800,0.065,,0
1715594400,0.065,,0
1715598000,0.065,,0
1715601600,0.065,,0
1715605200,0.065,,0
1715608800,0.065,,0
1715612400,0.065,,0
1715616000,0.065,,0
1715619600,0.065,,0
1715623200,0.065,,0
1715626800,0.065,,0
1715630400,0.065,,0
1715634000,0.065,,0
1715637600,0.065,,0
1715641200,0.065,,0
1715644800,0.065,,0
1715648400,0.065,,0
1715652000,0.065,,0
1715655600,0.065,,0
1715659200,0.065,,0
1715662800,0.065,,0
1715666400,0.065,,0
1715670000,0.065,,0
1715673600,0.065,,0
1715677200,0.065,,0
1715680800,0.065,,0
1715684400,0.065,,0
1715688000,0.065,,0
1715691600,0.065,,0
1715695200,0.065,,0
1715698800,0.065,,0
1715702400,0.065,,0
1715706000,0.065,,0
1715709600,0.065,,0
1715713200,0.065,,0
1715716800,0.065,,0
1715720400,0.065,,0
1715724000,0.065,,0
1715727600,0.065,,0
1715731200,0.065,,0
1715734800,0.065,,0
1715738400,0.065,,0
1715742000,0.065,,0
1715745600,0.065,,0
1715749200,0.065,,0
1715752800,0.065,,0
1715756400,0.065,,0
1715760000,0.065,,0
1715763600,0.065,,0
1715767200,0.065,,0
1715770800,0.065,,0
1715774400,0.065,,0
1715778000,0.065,,0
1715781600,0.065,,0
1715785200,0.065,,0
1715788800,0.065,,0
1715792400,0.065,,0
1715796000,0.065,,0
1715799600,0.065,,0
1715803200,0.065,,0
1715806800,0.065,,0
1715810400,0.065,,0
1715814000,0.065,,0
1715817600,0.065,,0
1715821200,0.065,,0
1715824800,0.065,,0
1715828400,0.065,,0
1715832000,0.065,,0
1715835600,0.065,,0
1715839200,0.065,,0
1715842800,0.065,,0
1715846400,0.065,,0
1715850000,0.065,,0
1715853600,0.065,,0
1715857200,0.065,,0
1715860800,0.065,,0
1715864400,0.065,,0
1715868000,0.065,,0
1715871600,0.065,,0
1715875200,0.065,,0
1715878800,0.065,,0
1715882400,0.065,,0
1715886000,0.065,,0
1715889600,0.065,,0
1715893200,0.065,,0
1715896800,0.065,,0
1715900400,0.065,,0
1715904000,0.065,,0
1715907600,0.065,,0
1715911200,0.065,,0
1715914800,0.065,,0
1715918400,0.065,,0
1715922000,0.065,,0
1715925600,0.065,,0
1715929200,0.065,,0
1715932800,0.065,,0
1715936400,0.065,,0
1715940000,0.065,,0
1715943600,0.065,,0
1715947200,0.065,,0
1715950800,0.065,,0
1715954400,0.065,,0
1715958000,0.065,,0
1715961600,0.065,,0
1715965200,0.065,,0
1715968800,0.065,,0
1715972400,0.065,,0
1715976000,0.065,,0
1715979600,0.065,,0
1715983200,0.065,,0
1715986800,0.065,,0
1715990400,0.065,,0
1715994000,0.065,,0
1715997600,0.065,,0
1716001200,0.065,,0
1716004800,0.065,,0
1716008400,0.065,,0
1716012000,0.065,,0
1716015600,0.065,,0
1716019200,0.065,,0
1716022800,0.065,,0
1716026400,0.065,,0
1716030000,0.065,,0
1716033600,0.065,,0
1716037200,0.065,,0
1716040800,0.065,,0
1716044400,0.065,,0
1716048000,0.065,,0
1716051600,0.065,,0
1716055200,0.065,0.010000000000000009,1
1716058800,0.065,,0
1716062400,0.065,,0
1716066000,0.065,,0
1716069600,0.065,,0
1716073200,0.065,,0
1716076800,0.065,,0
1716080400,0.065,,0
1716084000,0.065,,0
1716087600,0.065,,0
1716091200,0.065,,0
1716094800,0.065,,0
1716098400,0.065,,0
1716102000,0.065,,0
1716105600,0.065,,0
1716109200,0.065,,0
1716112800,0.065,,0
1716116400,0.065,,0
1716120000,0.065,,0
1716123600,0.065,,0
1716127200,0.065,,0
1716130800,0.065,,0
1716134400,0.065,,0
1716138000,0.065,,0
1716141600,0.065,,0
1716145200,0.065,,0
1716148800,0.065,,0
1716152400,0.065,,0
1716156000,0.065,,0
1716159600,0.065,,0
1716163200,0.065,,0
1716166800,0.065,,0
1716170400,0.065,,0
1716174000,0.065,,0
1716177600,0.065,,0
1716181200,0.065,,0
1716184800,0.065,,0
1716188400,0.065,,0
1716192000,0.065,,0
1716195600,0.065,,0
1716199200,0.065,,0
1716202800,0.065,,0
1716206400,0.065,,0
1716210000,0.065,,0
1716213600,0.065,0.010000000000000009,1
1716217200,0.065,,0
1716220800,0.065,,0
1716224400,0.065,,0
1716228000,0.065,,0
1716231600,0.065,,0
1716235200,0.065,,0
1716238800,0.065,,0
1716242400,0.065,,0
1716246000,0.065,,0
1716249600,0.065,,0
1716253200,0.065,,0
1716256800,0.065,,0
1716260400,0.065,,0
1716264000,0.065,,0
1716267600,0.065,,0
1716271200,0.065,,0
1716274800,0.065,,0
1716278400,0.065,,0
1716282000,0.065,,0
1716285600,0.065,,0
1716289200,0.065,,0
1716292800,0.065,,0
1716296400,0.065,,0
1716300000,0.065,,0
1716303600,0.065,,0
1716307200,0.065,,0
1716310800,0.065,,0
1716314400,0.065,,0
1716318000,0.065,,0
1716321600,0.065,,0
1716325200,0.065,,0
1716328800,0.065,,0
1716332400,0.065,,0
1716336000,0.065,,0
1716339600,0.065,,0
1716343200,0.065,,0
1716346800,0.065,,0
1716350400,0.065,,0
1716354000,0.065,,0
1716357600,0.065,,0
1716361200,0.065,,0
1716364800,0.065,,0
1716368400,0.065,,0
1716372000,0.065,,0
1716375600,0.065,,0
1716379200,0.065,,0
1716382800,0.065,,0
1716386400,0.065,,0
1716390000,0.065,,0
1716393600,0.065,,0
1716397200,0.065,,0
1716400800,0.065,,0
1716404400,0.065,,0
1716408000,0.065,,0
1716411600,0.065,,0
1716415200,0.065,,0
1716418800,0.065,,0
1716422400,0.065,,0
1716426000,0.065,,0
1716429600,0.065,,0
1716433200,0.065,,0
1716436800,0.065,,0
1716440400,0.065,,0
1716444000,0.065,,0
1716447600,0.065,,0
1716451200,0.065,,0
1716454800,0.065,,0
1716458400,0.065,,0
1716462000,0.065,,0
1716465600,0.065,,0
1716469200,0.065,,0
1716472800,0.065,,0
1716476400,0.065,,0
1716480000,0.065,,0
1716483600,0.065,,0
1716487200,0.065,,0
1716490800,0.065,,0
1716494400,0.065,,0
1716498000,0.065,,0
1716501600,0.065,,0
1716505200,0.065,,0
1716508800,0.065,,0
1716512400,0.065,,0
1716516000,0.065,,0
1716519600,0.065,,0
1716523200,0.065,,0
1716526800,0.065,,0
1716530400,0.065,,0
1716534000,0.065,,0
1716537600,0.065,,0
1716541200,0.065,,0
1716544800,0.065,,0
1716548400,0.065,,0
1716552000,0.065,,0
1716555600,0.065,,0
1716559200,0.065,,0
1716562800,0.065,,0
1716566400,0.065,,0
1716570000,0.065,,0
1716573600,0.065,,0
1716577200,0.065,,0
1716580800,0.065,,0
1716584400,0.065,,0
1716588000,0.065,,0
1716591600,0.065,,0
1716595200,0.065,,0
1716598800,0.065,,0
1716602400,0.065,,0
1716606000,0.065,,0
1716609600,0.065,,0
1716613200,0.065,,0
1716616800,0.065,,0
1716620400,0.065,,0
1716624000,0.065,,0
1716627600,0.065,,0
1716631200,0.065,,0
1716634800,0.065,,0
1716638400,0.065,,0
1716642000,0.065,,0
1716645600,0.065,,0
1716649200,0.065,,0
1716652800,0.065,,0
1716656400,0.065,,0
1716660000,0.065,,0
1716663600,0.065,,0
1716667200,0.065,,0
1716670800,0.065,,0
1716674400,0.065,,0
1716678000,0.065,,0
1716681600,0.065,,0
1716685200,0.065,,0
1716688800,0.065,,0
1716692400,0.065,,0
1716696000,0.065,,0
1716699600,0.065,,0
1716703200,0.065,,0
1716706800,0.065,,0
1716710400,0.065,,0
1716714000,0.065,,0
1716717600,0.065,,0
1716721200,0.065,,0
1716724800,0.065,,0
1716728400,0.065,,0
1716732000,0.065,,0
1716735600,0.065,,0
1716739200,0.065,,0
1716742800,0.065,,0
1716746400,0.065,,0
1716750000,0.065,,0
1716753600,0.065,,0
1716757200,0.065,,0
1716760800,0.065,,0
1716764400,0.065,,0
1716768000,0.065,,0
1716771600,0.065,,0
1716775200,0.065,,0
1716778800,0.065,,0
1716782400,0.065,,0
1716786000,0.065,,0
1716789600,0.065,,0
1716793200,0.065,,0
1716796800,0.065,,0
1716800400,0.065,,0
1716804000,0.065,,0
1716807600,0.065,,0
1716811200,0.065,,0
1716814800,0.065,,0
1716818400,0.065,,0
1716822000,0.065,,0
1716825600,0.065,,0
1716829200,0.065,,0
1716832800,0.065,,0
1716836400,0.065,,0
1716840000,0.065,,0
1716843600,0.065,,0
1716847200,0.065,,0
1716850800,0.065,,0
1716854400,0.065,,0
1716858000,0.065,,0
1716861600,0.065,,0
1716865200,0.065,,0
1716868800,0.065,,0
1716872400,0.065,,0
1716876000,0.065,,0
1716879600,0.065,,0
1716883200,0.065,,0
1716886800,0.065,,0
1716890400,0.065,,0
1716894000,0.065,,0
1716897600,0.065,,0
1716901200,0.065,,0
1716904800,0.065,,0
1716908400,0.065,,0
1716912000,0.065,,0
1716915600,0.065,,0
1716919200,0.065,,0
1716922800,0.065,,0
1716926400,0.065,,0
1716930000,0.065,,0
1716933600,0.065,0.010000000000000009,1
1716937200,0.065,,0
1716940800,0.065,,0
1716944400,0.065,,0
1716948000,0.065,,0
1716951600,0.065,,0
1716955200,0.065,,0
1716958800,0.065,,0
1716962400,0.065,,0
1716966000,0.065,,0
1716969600,0.065,,0
1716973200,0.065,,0
1716976800,0.065,,0
1716980400,0.065,,0
1716984000,0.065,,0
1716987600,0.065,,0
1716991200,0.065,,0
1716994800,0.065,,0
1716998400,0.065,,0
1717002000,0.065,,0
1717005600,0.065,,0
1717009200,0.065,,0
1717012800,0.065,,0
1717016400,0.065,,0
1717020000,0.065,,0
1717023600,0.065,,0
1717027200,0.065,,0
1717030800,0.065,,0
1717034400,0.065,,0
1717038000,0.065,,0
1717041600,0.065,,0
1717045200,0.065,,0
1717048800,0.065,,0
1717052400,0.065,,0
1717056000,0.065,,0
1717059600,0.065,,0
1717063200,0.065,,0
1717066800,0.065,,0
1717070400,0.065,,0
1717074000,0.065,,0
1717077600,0.065,,0
1717081200,0.065,,0
1717084800,0.065,,0
1717088400,0.065,,0
1717092000,0.065,,0
1717095600,0.065,,0
1717099200,0.065,,0
1717102800,0.065,,0
1717106400,0.065,,0
1717110000,0.065,,0
1717113600,0.065,,0
1717117200,0.065,,0
1717120800,0.065,,0
1717124400,0.065,,0
1717128000,0.065,,0
1717131600,0.065,,0
1717135200,0.065,,0
1717138800,0.065,,0
1717142400,0.065,,0
1717146000,0.065,,0
1717149600,0.065,,0
1717153200,0.065,,0
1717156800,0.065,,0
1717160400,0.065,,0
1717164000,0.065,,0
1717167600,0.065,,0
1717171200,0.065,,0
1717174800,0.065,,0
1717178400,0.065,,0
1717182000,0.065,,0
1717185600,0.065,,0
1717189200,0.065,,0
1717192800,0.065,,0
1717196400,0.065,,0
1717200000,0.065,,0
1717203600,0.065,,0
1717207200,0.065,,0
1717210800,0.065,,0
1717214400,0.065,,0
1717218000,0.065,,0
1717221600,0.065,,0
1717225200,0.065,,0
1717228800,0.065,,0
1717232400,0.065,,0
1717236000,0.065,,0
1717239600,0.065,,0
1717243200,0.065,,0
1717246800,0.065,,0
1717250400,0.065,,0
1717254000,0.065,,0
1717257600,0.065,,0
1717261200,0.065,,0
1717264800,0.065,,0
1717268400,0.065,,0
1717272000,0.065,,0
1717275600,0.065,,0
1717279200,0.065,,0
1717282800,0.065,,0
1717286400,0.065,,0
1717290000,0.065,,0
1717293600,0.065,,0
1717297200,0.065,,0
1717300800,0.065,,0
1717304400,0.065,,0
1717308000,0.065,,0
1717311600,0.065,,0
1717315200,0.065,,0
1717318800,0.065,,0
1717322400,0.065,,0
1717326000,0.065,,0
1717329600,0.065,,0
1717333200,0.065,,0
1717336800,0.065,,0
1717340400,0.065,,0
1717344000,0.065,,0
1717347600,0.065,,0
1717351200,0.065,,0
1717354800,0.065,,0
1717358400,0.065,,0
1717362000,0.065,,0
1717365600,0.065,,0
1717369200,0.065,,0
1717372800,0.065,,0
1717376400,0.065,,0
1717380000,0.065,,0
1717383600,0.065,,0
1717387200,0.065,,0
1717390800,0.065,,0
1717394400,0.065,,0
1717398000,0.065,,0
1717401600,0.065,,0
1717405200,0.065,,0
1717408800,0.065,,0
1717412400,0.065,,0
1717416000,0.065,,0
1717419600,0.065,,0
1717423200,0.065,,0
1717426800,0.065,,0
1717430400,0.065,,0
1717434000,0.065,,0
1717437600,0.065,,0
1717441200,0.065,,0
1717444800,0.065,,0
1717448400,0.065,,0
1717452000,0.065,,0
1717455600,0.065,,0
1717459200,0.065,,0
1717462800,0.065,,0
1717466400,0.065,,0
1717470000,0.065,,0
1717473600,0.065,,0
1717477200,0.065,,0
1717480800,0.065,,0
1717484400,0.065,,0
1717488000,0.065,,0
1717491600,0.065,,0
1717495200,0.065,,0
1717498800,0.065,,0
1717502400,0.065,,0
1717506000,0.065,,0
1717509600,0.065,,0
1717513200,0.065,,0
1717516800,0.065,,0
1717520400,0.065,,0
1717524000,0.065,,0
1717527600,0.065,,0
1717531200,0.065,,0
1717534800,0.065,,0
1717538400,0.065,,0
1717542000,0.065,,0
1717545600,0.065,,0
1717549200,0.065,,0
1717552800,0.065,,0
1717556400,0.065,,0
1717560000,0.065,,0
1717563600,0.065,,0
1717567200,0.065,,0
1717570800,0.065,,0
1717574400,0.065,,0
1717578000,0.065,,0
1717581600,0.065,,0
1717585200,0.065,,0
1717588800,0.065,,0
1717592400,0.065,,0
1717596000,0.065,,0
1717599600,0.065,,0
1717603200,0.065,,0
1717606800,0.065,,0
1717610400,0.065,,0
1717614000,0.065,,0
1717617600,0.065,,0
1717621200,0.065,,0
1717624800,0.065,,0
1717628400,0.065,,0
1717632000,0.065,,0
1717635600,0.065,,0
1717639200,0.065,,0
1717642800,0.065,,0
1717646400,0.065,,0
1717650000,0.065,,0
1717653600,0.065,,0
1717657200,0.065,,0
1717660800,0.065,,0
1717664400,0.065,,0
1717668000,0.065,,0
1717671600,0.065,,0
1717675200,0.065,,0
1717678800,0.065,,0
1717682400,0.065,,0
1717686000,0.065,,0
1717689600,0.065,,0
1717693200,0.065,,0
1717696800,0.065,,0
1717700400,0.065,,0
1717704000,0.065,,0
1717707600,0.065,,0
1717711200,0.065,,0
1717714800,0.065,,0
1717718400,0.065,,0
1717722000,0.065,,0
1717725600,0.065,,0
1717729200,0.065,,0
1717732800,0.065,,0
1717736400,0.065,,0
1717740000,0.065,,0
1717743600,0.065,,0
1717747200,0.065,,0
1717750800,0.065,,0
1717754400,0.065,,0
1717758000,0.065,,0
1717761600,0.065,,0
1717765200,0.065,,0
1717768800,0.065,,0
1717772400,0.065,,0
1717776000,0.065,,0
1717779600,0.065,,0
1717783200,0.065,,0
1717786800,0.065,,0
1717790400,0.065,,0
1717794000,0.065,,0
1717797600,0.065,,0
1717801200,0.065,,0
1717804800,0.065,,0
1717808400,0.065,,0
1717812000,0.065,,0
1717815600,0.065,,0
1717819200,0.065,,0
1717822800,0.065,,0
1717826400,0.065,,0
1717830000,0.065,,0
1717833600,0.065,,0
1717837200,0.065,,0
1717840800,0.065,,0
1717844400,0.065,,0
1717848000,0.065,,0
1717851600,0.065,,0
1717855200,0.065,,0
1717858800,0.065,,0
1717862400,0.065,,0
1717866000,0.065,,0
1717869600,0.065,,0
1717873200,0.065,,0
1717876800,0.065,,0
1717880400,0.065,,0
1717884000,0.065,,0
1717887600,0.065,,0
1717891200,0.065,,0
1717894800,0.065,,0
1717898400,0.065,,0
1717902000,0.065,,0
1717905600,0.065,,0
1717909200,0.065,,0
1717912800,0.065,,0
1717916400,0.065,,0
1717920000,0.065,,0
1717923600,0.065,,0
1717927200,0.065,,0
1717930800,0.065,,0
1717934400,0.065,,0
1717938000,0.065,,0
1717941600,0.065,,0
1717945200,0.065,,0
1717948800,0.065,,0
1717952400,0.065,,0
1717956000,0.065,,0
1717959600,0.065,,0
1717963200,0.065,,0
1717966800,0.065,,0
1717970400,0.065,,0
1717974000,0.065,,0
1717977600,0.065,,0
1717981200,0.065,,0
1717984800,0.065,,0
1717988400,0.065,,0
1717992000,0.065,,0
1717995600,0.065,,0
1717999200,0.065,,0
1718002800,0.065,,0
1718006400,0.065,,0
1718010000,0.065,,0
1718013600,0.065,,0
1718017200,0.065,,0
1718020800,0.065,,0
1718024400,0.065,,0
1718028000,0.065,,0
1718031600,0.065,,0
1718035200,0.065,,0
1718038800,0.065,,0
1718042400,0.065,,0
1718046000,0.065,,0
1718049600,0.065,,0
1718053200,0.065,,0
1718056800,0.065,,0
1718060400,0.065,,0
1718064000,0.065,,0
1718067600,0.065,,0
1718071200,0.065,,0
1718074800,0.065,,0
1718078400,0.065,,0
1718082000,0.065,,0
1718085600,0.065,,0
1718089200,0.065,,0
1718092800,0.065,,0
1718096400,0.065,,0
1718100000,0.065,,0
1718103600,0.065,,0
1718107200,0.065,,0
1718110800,0.065,,0
1718114400,0.065,,0
1718118000,0.065,,0
1718121600,0.065,,0
1718125200,0.065,,0
1718128800,0.065,,0
1718132400,0.065,,0
1718136000,0.065,,0
1718139600,0.065,,0
1718143200,0.065,,0
1718146800,0.065,,0
1718150400,0.065,,0
1718154000,0.065,,0
1718157600,0.065,,0
1718161200,0.065,,0
1718164800,0.065,,0
1718168400,0.065,,0
1718172000,0.065,,0
1718175600,0.065,,0
1718179200,0.065,,0
1718182800,0.065,,0
1718186400,0.065,,0
1718190000,0.065,,0
1718193600,0.065,,0
1718197200,0.065,,0
1718200800,0.065,,0
1718204400,0.065,,0
1718208000,0.065,,0
1718211600,0.065,,0
1718215200,0.065,,0
1718218800,0.065,,0
1718222400,0.065,,0
1718226000,0.065,,0
1718229600,0.065,,0
1718233200,0.065,,0
1718236800,0.065,,0
1718240400,0.065,,0
1718244000,0.065,,0
1718247600,0.065,,0
1718251200,0.065,,0
1718254800,0.065,,0
1718258400,0.065,,0
1718262000,0.065,,0
1718265600,0.065,,0
1718269200,0.065,,0
1718272800,0.065,,0
1718276400,0.065,,0
1718280000,0.065,,0
1718283600,0.065,,0
1718287200,0.065,,0
1718290800,0.065,,0
1718294400,0.065,,0
1718298000,0.065,,0
1718301600,0.065,,0
1718305200,0.065,,0
1718308800,0.065,,0
1718312400,0.065,,0
1718316000,0.065,,0
1718319600,0.065,,0
1718323200,0.065,,0
1718326800,0.065,,0
1718330400,0.065,,0
1718334000,0.065,,0
1718337600,0.065,,0
1718341200,0.065,,0
1718344800,0.065,,0
1718348400,0.065,,0
1718352000,0.065,,0
1718355600,0.065,,0
1718359200,0.065,,0
1718362800,0.065,,0
1718366400,0.065,,0
1718370000,0.065,,0
1718373600,0.065,,0
1718377200,0.065,,0
1718380800,0.065,,0
1718384400,0.065,,0
1718388000,0.065,,0
1718391600,0.065,,0
1718395200,0.065,,0
1718398800,0.065,,0
1718402400,0.065,,0
1718406000,0.065,,0
1718409600,0.065,,0
1718413200,0.065,,0
1718416800,0.065,,0
1718420400,0.065,,0
1718424000,0.065,,0
1718427600,0.065,,0
1718431200,0.065,,0
1718434800,0.065,,0
1718438400,0.065,,0
1718442000,0.065,,0
1718445600,0.065,,0
1718449200,0.065,,0
1718452800,0.065,,0
1718456400,0.065,,0
1718460000,0.065,,0
1718463600,0.065,,0
1718467200,0.065,,0
1718470800,0.065,,0
1718474400,0.065,,0
1718478000,0.065,,0
1718481600,0.065,,0
1718485200,0.065,,0
1718488800,0.065,,0
1718492400,0.065,,0
1718496000,0.065,,0
1718499600,0.065,,0
1718503200,0.065,,0
1718506800,0.065,,0
1718510400,0.065,,0
1718514000,0.065,,0
1718517600,0.065,,0
1718521200,0.065,,0
1718524800,0.065,,0
1718528400,0.065,,0
1718532000,0.065,,0
1718535600,0.065,,0
1718539200,0.065,,0
1718542800,0.065,,0
1718546400,0.065,,0
1718550000,0.065,,0
1718553600,0.065,,0
1718557200,0.065,,0
1718560800,0.065,,0
1718564400,0.065,,0
1718568000,0.065,,0
1718571600,0.065,,0
1718575200,0.065,,0
1718578800,0.065,,0
1718582400,0.065,,0
1718586000,0.065,,0
1718589600,0.065,,0
1718593200,0.065,,0
1718596800,0.065,,0
1718600400,0.065,,0
1718604000,0.065,,0
1718607600,0.065,,0
1718611200,0.065,,0
1718614800,0.065,,0
1718618400,0.065,,0
1718622000,0.065,,0
1718625600,0.065,,0
1718629200,0.065,,0
1718632800,0.065,,0
1718636400,0.065,,0
1718640000,0.065,,0
1718643600,0.065,,0
1718647200,0.065,,0
1718650800,0.065,,0
1718654400,0.065,,0
1718658000,0.065,,0
1718661600,0.065,,0
1718665200,0.065,,0
1718668800,0.065,,0
1718672400,0.065,,0
1718676000,0.065,,0
1718679600,0.065,,0
1718683200,0.065,,0
1718686800,0.065,,0
1718690400,0.065,,0
1718694000,0.065,,0
1718697600,0.065,,0
1718701200,0.065,,0
1718704800,0.065,,0
1718708400,0.065,,0
1718712000,0.065,,0
1718715600,0.065,,0
1718719200,0.065,,0
1718722800,0.065,,0
1718726400,0.065,,0
1718730000,0.065,,0
1718733600,0.065,,0
1718737200,0.065,,0
1718740800,0.065,,0
1718744400,0.065,,0
1718748000,0.065,,0
1718751600,0.065,,0
1718755200,0.065,,0
1718758800,0.065,,0
1718762400,0.065,,0
1718766000,0.065,,0
1718769600,0.065,,0
1718773200,0.065,,0
1718776800,0.065,,0
1718780400,0.065,,0
1718784000,0.065,,0
1718787600,0.065,,0
1718791200,0.065,,0
1718794800,0.065,,0
1718798400,0.065,,0
1718802000,0.065,,0
1718805600,0.065,,0
1718809200,0.065,,0
1718812800,0.065,,0
1718816400,0.065,,0
1718820000,0.065,,0
1718823600,0.065,,0
1718827200,0.065,,0
1718830800,0.065,,0
1718834400,0.065,,0
1718838000,0.065,,0
1718841600,0.065,,0
1718845200,0.065,,0
1718848800,0.065,,0
1718852400,0.065,,0
1718856000,0.065,,0
1718859600,0.065,,0
1718863200,0.065,,0
1718866800,0.065,,0
1718870400,0.065,,0
1718874000,0.065,,0
1718877600,0.065,,0
1718881200,0.065,,0
1718884800,0.065,,0
1718888400,0.065,,0
1718892000,0.065,,0
1718895600,0.065,,0
1718899200,0.065,,0
1718902800,0.065,,0
1718906400,0.065,,0
1718910000,0.065,,0
1718913600,0.065,,0
1718917200,0.065,,0
1718920800,0.065,,0
1718924400,0.065,,0
1718928000,0.065,,0
1718931600,0.065,,0
1718935200,0.065,,0
1718938800,0.065,,0
1718942400,0.065,,0
1718946000,0.065,,0
1718949600,0.065,,0
1718953200,0.065,,0
1718956800,0.065,,0
1718960400,0.065,,0
1718964000,0.065,,0
1718967600,0.065,,0
1718971200,0.065,,0
1718974800,0.065,,0
1718978400,0.065,,0
1718982000,0.065,,0
1718985600,0.065,,0
1718989200,0.065,,0
1718992800,0.065,,0
1718996400,0.065,,0
1719000000,0.065,,0
1719003600,0.065,,0
1719007200,0.065,,0
1719010800,0.065,,0
1719014400,0.065,,0
1719018000,0.065,,0
1719021600,0.065,,0
1719025200,0.065,,0
1719028800,0.065,,0
1719032400,0.065,,0
1719036000,0.065,,0
1719039600,0.065,,0
1719043200,0.065,,0
1719046800,0.065,,0
1719050400,0.065,,0
1719054000,0.065,,0
1719057600,0.065,,0
1719061200,0.065,,0
1719064800,0.065,,0
1719068400,0.065,,0
1719072000,0.065,,0
1719075600,0.065,,0
1719079200,0.065,,0
1719082800,0.065,,0
1719086400,0.065,,0
1719090000,0.065,,0
1719093600,0.065,,0
1719097200,0.065,,0
1719100800,0.065,,0
1719104400,0.065,,0
1719108000,0.065,,0
1719111600,0.065,,0
1719115200,0.065,,0
1719118800,0.065,,0
1719122400,0.065,,0
1719126000,0.065,,0
1719129600,0.065,,0
1719133200,0.065,,0
1719136800,0.065,,0
1719140400,0.065,,0
1719144000,0.065,,0
1719147600,0.065,,0
1719151200,0.065,,0
1719154800,0.065,,0
1719158400,0.065,,0
1719162000,0.065,,0
1719165600,0.065,,0
1719169200,0.065,,0
1719172800,0.065,,0
1719176400,0.065,,0
1719180000,0.065,,0
1719183600,0.065,,0
1719187200,0.065,,0
1719190800,0.065,,0
1719194400,0.065,,0
1719198000,0.065,,0
1719201600,0.065,,0
1719205200,0.065,,0
1719208800,0.065,,0
1719212400,0.065,,0
1719216000,0.065,,0
1719219600,0.065,,0
1719223200,0.065,,0
1719226800,0.065,,0
1719230400,0.065,,0
1719234000,0.065,,0
1719237600,0.065,,0
1719241200,0.065,,0
1719244800,0.065,,0
1719248400,0.065,,0
1719252000,0.065,,0
1719255600,0.065,,0
1719259200,0.065,,0
1719262800,0.065,,0
1719266400,0.065,,0
1719270000,0.065,,0
1719273600,0.065,,0
1719277200,0.065,,0
1719280800,0.065,,0
1719284400,0.065,,0
1719288000,0.065,,0
1719291600,0.065,,0
1719295200,0.065,,0
1719298800,0.065,,0
1719302400,0.065,,0
1719306000,0.065,,0
1719309600,0.065,,0
1719313200,0.065,,0
1719316800,0.065,,0
1719320400,0.065,,0
1719324000,0.065,,0
1719327600,0.065,,0
1719331200,0.065,,0
1719334800,0.065,,0
1719338400,0.065,,0
1719342000,0.065,,0
1719345600,0.065,,0
1719349200,0.065,,0
1719352800,0.065,,0
1719356400,0.065,,0
1719360000,0.065,0.010000000000000009,1
1719363600,0.065,,0
1719367200,0.065,,0
1719370800,0.065,0.010000000000000009,1
1719374400,0.065,,0
1719378000,0.06,,0
1719381600,0.06,,0
1719385200,0.06,,0
1719388800,0.06,,0
1719392400,0.06,,0
1719396000,0.06,,0
1719399600,0.06,,0
1719403200,0.06,,0
1719406800,0.06,,0
1719410400,0.06,,0
1719414000,0.06,,0
1719417600,0.06,,0
1719421200,0.06,,0
1719424800,0.06,,0
1719428400,0.06,,0
1719432000,0.06,,0
1719435600,0.06,,0
1719439200,0.06,,0
1719442800,0.06,,0
1719446400,0.06,,0
1719450000,0.06,,0
1719453600,0.06,,0
1719457200,0.06,,0
1719460800,0.06,,0
1719464400,0.06,,0
1719468000,0.06,,0
1719471600,0.06,,0
1719475200,0.06,,0
1719478800,0.06,,0
1719482400,0.06,,0
1719486000,0.06,,0
1719489600,0.06,,0
1719493200,0.06,,0
1719496800,0.06,,0
1719500400,0.06,,0
1719504000,0.06,,0
1719507600,0.06,,0
1719511200,0.06,,0
1719514800,0.06,,0
1719518400,0.06,,0
1719522000,0.06,,0
1719525600,0.06,,0
1719529200,0.06,,0
1719532800,0.06,,0
1719536400,0.06,,0
1719540000,0.06,,0
1719543600,0.06,,0
1719547200,0.06,,0
1719550800,0.06,,0
1719554400,0.06,,0
1719558000,0.06,,0
1719561600,0.06,,0
1719565200,0.06,,0
1719568800,0.06,,0
1719572400,0.06,,0
1719576000,0.06,,0
1719579600,0.06,,0
1719583200,0.06,,0
1719586800,0.06,,0
1719590400,0.06,,0
1719594000,0.06,,0
1719597600,0.06,,0
1719601200,0.06,,0
1719604800,0.06,,0
1719608400,0.06,0.019999872599999996,1
1719612000,0.06,,0
1719615600,0.06,,0
1719619200,0.06,,0
1719622800,0.06,,0
1719626400,0.06,,0
1719630000,0.06,,0
1719633600,0.06,,0
1719637200,0.06,,0
1719640800,0.06,,0
1719644400,0.06,,0
1719648000,0.06,,0
1719651600,0.06,,0
1719655200,0.06,,0
1719658800,0.06,,0
1719662400,0.06,,0
1719666000,0.06,,0
1719669600,0.06,,0
1719673200,0.06,,0
1719676800,0.06,,0
1719680400,0.06,,0
1719684000,0.06,,0
1719687600,0.06,,0
1719691200,0.06,,0
1719694800,0.06,,0
1719698400,0.06,,0
1719702000,0.055,,0
1719705600,0.055,,0
1719709200,0.055,,0
1719712800,0.055,,0
1719716400,0.055,,0
1719720000,0.055,,0
1719723600,0.055,,0
1719727200,0.055,,0
1719730800,0.055,,0
1719734400,0.055,,0
1719738000,0.055,,0
1719741600,0.055,,0
1719745200,0.055,,0
1719748800,0.055,,0
1719752400,0.055,,0
1719756000,0.055,,0
1719759600,0.055,,0
1719763200,0.055,,0
1719766800,0.055,,0
1719770400,0.055,,0
1719774000,0.055,,0
1719777600,0.055,,0
1719781200,0.055,,0
1719784800,0.055,,0
1719788400,0.055,,0
1719792000,0.055,,0
1719795600,0.055,,0
1719799200,0.055,,0
1719802800,0.055,,0
1719806400,0.055,,0
1719810000,0.055,,0
1719813600,0.055,,0
1719817200,0.055,,0
1719820800,0.055,,0
1719824400,0.055,,0
1719828000,0.055,,0
1719831600,0.055,,0
1719835200,0.055,,0
1719838800,0.055,,0
1719842400,0.055,,0
1719846000,0.055,,0
1719849600,0.055,,0
1719853200,0.055,,0
1719856800,0.055,,0
1719860400,0.055,,0
1719864000,0.055,,0
1719867600,0.055,,0
1719871200,0.055,,0
1719874800,0.055,,0
1719878400,0.055,,0
1719882000,0.055,,0
1719885600,0.055,,0
1719889200,0.055,,0
1719892800,0.055,,0
1719896400,0.055,0.010000000000000002,2
1719900000,0.055,,0
1719903600,0.055,0.009989199800000001,1
1719907200,0.055,0.009989199800000001,1
1719910800,0.055,0.010000000000000009,1
1719914400,0.055,,0
1719918000,0.055,,0
1719921600,0.055,0.009999994400000004,1
1719925200,0.055,,0
1719928800,0.055,0.010000000000000009,1
1719932400,0.055,,0
1719936000,0.055,,0
1719939600,0.055,,0
1719943200,0.055,,0
1719946800,0.055,,0
1719950400,0.055,0.00999448,1
1719954000,0.055,,0
1719957600,0.055,,0
1719961200,0.055,,0
1719964800,0.055,0.009997239999999998,2
1719968400,0.055,,0
1719972000,0.055,,0
1719975600,0.055,,0
1719979200,0.055,,0
1719982800,0.055,0.009999999999999995,1
1719986400,0.055,,0
1719990000,0.055,,0
1719993600,0.055,0.009999999999999995,2
1719997200,0.055,,0
1720000800,0.055,,0
1720004400,0.055,0.009999999999999995,1
1720008000,0.05,,0
1720011600,0.045,,0
1720015200,0.045,,0
1720018800,0.045,,0
1720022400,0.045,,0
1720026000,0.045,,0
1720029600,0.045,,0
1720033200,0.045,,0
1720036800,0.045,,0
1720040400,0.045,,0
1720044000,0.045,,0
1720047600,0.045,,0
1720051200,0.045,,0
1720054800,0.045,,0
1720058400,0.045,,0
1720062000,0.045,,0
1720065600,0.045,0.010000000000000009,1
1720069200,0.045,,0
1720072800,0.045,0.009999999999999995,1
1720076400,0.045,,0
1720080000,0.045,,0
1720083600,0.045,,0
1720087200,0.045,,0
1720090800,0.045,,0
1720094400,0.045,,0
1720098000,0.045,,0
1720101600,0.045,,0
1720105200,0.045,,0
1720108800,0.045,,0
1720112400,0.045,,0
1720116000,0.045,,0
1720119600,0.045,,0
1720123200,0.045,,0
1720126800,0.045,,0
1720130400,0.045,,0
1720134000,0.045,,0
1720137600,0.045,,0
1720141200,0.045,,0
1720144800,0.045,,0
1720148400,0.045,,0
1720152000,0.045,,0
1720155600,0.045,,0
1720159200,0.045,,0
1720162800,0.045,,0
1720166400,0.045,,0
1720170000,0.045,0.009999999999999995,1
1720173600,0.045,,0
1720177200,0.045,,0
1720180800,0.045,,0
1720184400,0.045,,0
1720188000,0.045,,0
1720191600,0.045,,0
1720195200,0.045,,0
1720198800,0.045,,0
1720202400,0.045,,0
1720206000,0.045,,0
1720209600,0.045,,0
1720213200,0.045,,0
1720216800,0.045,,0
1720220400,0.045,,0
1720224000,0.045,,0
1720227600,0.045,,0
1720231200,0.045,,0
1720234800,0.045,,0
1720238400,0.045,,0
1720242000,0.045,,0
1720245600,0.045,,0
1720249200,0.045,,0
1720252800,0.045,,0
1720256400,0.045,,0
1720260000,0.045,,0
1720263600,0.045,,0
1720267200,0.045,,0
1720270800,0.045,,0
1720274400,0.045,,0
1720278000,0.045,,0
1720281600,0.045,,0
1720285200,0.045,,0
1720288800,0.045,,0
1720292400,0.045,,0
1720296000,0.045,,0
1720299600,0.045,,0
1720303200,0.045,,0
1720306800,0.045,,0
1720310400,0.045,,0
1720314000,0.045,,0
1720317600,0.045,,0
1720321200,0.045,,0
1720324800,0.045,,0
1720328400,0.045,,0
1720332000,0.045,,0
1720335600,0.045,,0
1720339200,0.045,,0
1720342800,0.045,,0
1720346400,0.045,,0
1720350000,0.045,,0
1720353600,0.045,,0
1720357200,0.045,,0
1720360800,0.045,,0
1720364400,0.045,,0
1720368000,0.045,,0
1720371600,0.045,,0
1720375200,0.045,,0
1720378800,0.045,,0
1720382400,0.045,,0
1720386000,0.045,,0
1720389600,0.045,,0
1720393200,0.045,,0
1720396800,0.045,,0
1720400400,0.045,,0
1720404000,0.045,,0
1720407600,0.045,,0
1720411200,0.045,,0
1720414800,0.045,,0
1720418400,0.045,,0
1720422000,0.045,0.010000000000000009,1
1720425600,0.045,,0
1720429200,0.045,,0
1720432800,0.045,0.009999999999999995,1
1720436400,0.045,,0
1720440000,0.045,,0
1720443600,0.045,,0
1720447200,0.045,,0
1720450800,0.045,,0
1720454400,0.045,,0
1720458000,0.045,,0
1720461600,0.045,,0
1720465200,0.045,,0
1720468800,0.045,,0
1720472400,0.045,,0
1720476000,0.045,,0
1720479600,0.045,,0
1720483200,0.045,,0
1720486800,0.045,0.010000000000000009,1
1720490400,0.045,,0
1720494000,0.045,,0
1720497600,0.045,,0
1720501200,0.045,,0
1720504800,0.045,,0
1720508400,0.045,,0
1720512000,0.045,,0
1720515600,0.045,,0
1720519200,0.045,,0
1720522800,0.045,,0
1720526400,0.045,,0
1720530000,0.045,,0
1720533600,0.045,,0
1720537200,0.045,,0
1720540800,0.045,,0
1720544400,0.045,0.010000000000000009,1
1720548000,0.045,,0
1720551600,0.045,,0
1720555200,0.045,,0
1720558800,0.045,,0
1720562400,0.045,,0
1720566000,0.045,,0
1720569600,0.045,,0
1720573200,0.045,,0
1720576800,0.045,,0
1720580400,0.045,,0
1720584000,0.045,,0
1720587600,0.045,,0
1720591200,0.045,,0
1720594800,0.045,,0
1720598400,0.045,,0
1720602000,0.045,,0
1720605600,0.045,,0
1720609200,0.045,,0
1720612800,0.045,,0
1720616400,0.045,,0
1720620000,0.045,,0
1720623600,0.045,,0
1720627200,0.045,,0
1720630800,0.045,,0
1720634400,0.045,,0
1720638000,0.045,,0
1720641600,0.045,,0
1720645200,0.045,,0
1720648800,0.045,,0
1720652400,0.045,,0
1720656000,0.045,,0
1720659600,0.045,,0
1720663200,0.045,,0
1720666800,0.045,,0
1720670400,0.045,,0
1720674000,0.045,,0
1720677600,0.045,,0
1720681200,0.045,,0
1720684800,0.045,,0
1720688400,0.045,,0
1720692000,0.045,,0
1720695600,0.045,,0
1720699200,0.045,,0
1720702800,0.045,,0
1720706400,0.045,,0
1720710000,0.045,,0
1720713600,0.045,,0
1720717200,0.045,,0
1720720800,0.045,,0
1720724400,0.045,,0
1720728000,0.045,,0
1720731600,0.045,,0
1720735200,0.045,,0
1720738800,0.045,,0
1720742400,0.045,,0
1720746000,0.045,,0
1720749600,0.045,,0
1720753200,0.045,,0
1720756800,0.045,,0
1720760400,0.045,,0
1720764000,0.045,,0
1720767600,0.045,,0
1720771200,0.045,,0
1720774800,0.045,,0
1720778400,0.045,,0
1720782000,0.045,,0
1720785600,0.045,,0
1720789200,0.045,,0
1720792800,0.045,,0
1720796400,0.045,,0
1720800000,0.045,,0
1720803600,0.045,,0
1720807200,0.045,,0
1720810800,0.045,,0
1720814400,0.045,,0
1720818000,0.045,,0
1720821600,0.045,,0
1720825200,0.045,,0
1720828800,0.045,,0
1720832400,0.045,,0
1720836000,0.045,,0
1720839600,0.045,,0
1720843200,0.045,,0
1720846800,0.045,,0
1720850400,0.045,,0
1720854000,0.045,,0
1720857600,0.045,,0
1720861200,0.045,,0
1720864800,0.045,,0
1720868400,0.045,,0
1720872000,0.045,,0
1720875600,0.045,,0
1720879200,0.045,,0
1720882800,0.045,,0
1720886400,0.045,,0
1720890000,0.045,,0
1720893600,0.045,,0
1720897200,0.045,,0
1720900800,0.045,,0
1720904400,0.045,,0
1720908000,0.045,,0
1720911600,0.045,,0
1720915200,0.045,,0
1720918800,0.045,,0
1720922400,0.045,,0
1720926000,0.045,,0
1720929600,0.045,,0
1720933200,0.045,,0
1720936800,0.045,,0
1720940400,0.045,,0
1720944000,0.045,,0
1720947600,0.045,,0
1720951200,0.045,,0
1720954800,0.045,,0
1720958400,0.045,,0
1720962000,0.045,,0
1720965600,0.045,,0
1720969200,0.045,,0
1720972800,0.045,,0
1720976400,0.045,,0
1720980000,0.045,,0
1720983600,0.045,,0
1720987200,0.045,,0
1720990800,0.045,,0
1720994400,0.045,,0
1720998000,0.045,,0
1721001600,0.045,,0
1721005200,0.045,,0
1721008800,0.045,,0
1721012400,0.045,,0
1721016000,0.045,,0
1721019600,0.045,,0
1721023200,0.045,,0
1721026800,0.045,,0
1721030400,0.045,,0
1721034000,0.045,,0
1721037600,0.045,,0
1721041200,0.045,,0
1721044800,0.045,,0
1721048400,0.045,,0
1721052000,0.045,,0
1721055600,0.045,0.010000000000000009,1
1721059200,0.045,,0
1721062800,0.045,,0
1721066400,0.045,,0
1721070000,0.045,,0
1721073600,0.045,,0
1721077200,0.045,,0
1721080800,0.045,,0
1721084400,0.045,,0
1721088000,0.045,,0
1721091600,0.045,,0
1721095200,0.045,,0
1721098800,0.045,,0
1721102400,0.045,,0
1721106000,0.045,,0
1721109600,0.045,,0
1721113200,0.045,,0
1721116800,0.045,0.010000000000000002,2
1721120400,0.045,,0
1721124000,0.045,,0
1721127600,0.045,,0
1721131200,0.045,0.019999999999999997,2
1721134800,0.035,,0
1721138400,0.035,,0
1721142000,0.035,,0
1721145600,0.035,,0
1721149200,0.035,,0
1721152800,0.035,,0
1721156400,0.035,,0
1721160000,0.035,0.010000000000000009,1
1721163600,0.035,,0
1721167200,0.035,,0
1721170800,0.035,,0
1721174400,0.0345,,0
1721178000,0.0345,,0
1721181600,0.0345,,0
1721185200,0.0345,,0
1721188800,0.0345,,0
1721192400,0.0345,,0
1721196000,0.0345,,0
1721199600,0.0345,,0
1721203200,0.0345,,0
1721206800,0.0345,,0
1721210400,0.0345,,0
1721214000,0.0345,,0
1721217600,0.0345,,0
1721221200,0.0345,,0
1721224800,0.0345,,0
1721228400,0.0345,,0
1721232000,0.0345,,0
1721235600,0.0345,,0
1721239200,0.0345,,0
1721242800,0.0345,,0
1721246400,0.0345,,0
1721250000,0.0345,,0
1721253600,0.0345,,0
1721257200,0.0345,,0
1721260800,0.0345,,0
1721264400,0.0345,,0
1721268000,0.0345,,0
1721271600,0.0345,,0
1721275200,0.0345,,0
1721278800,0.0345,,0
1721282400,0.0345,,0
1721286000,0.0345,,0
1721289600,0.0345,,0
1721293200,0.0345,,0
1721296800,0.0345,,0
1721300400,0.0345,,0
1721304000,0.0345,,0
1721307600,0.0345,,0
1721311200,0.0345,,0
1721314800,0.0345,,0
1721318400,0.0345,,0
1721322000,0.0345,,0
1721325600,0.0345,,0
1721329200,0.0345,,0
1721332800,0.0345,,0
1721336400,0.0345,,0
1721340000,0.0345,,0
1721343600,0.0345,,0
1721347200,0.0345,,0
1721350800,0.0345,,0
1721354400,0.0345,,0
1721358000,0.0345,,0
1721361600,0.0345,,0
1721365200,0.0345,,0
1721368800,0.0345,,0
1721372400,0.0345,,0
1721376000,0.0345,,0
1721379600,0.0345,,0
1721383200,0.0345,,0
1721386800,0.0345,,0
1721390400,0.0345,,0
1721394000,0.0345,,0
1721397600,0.0345,,0
1721401200,0.0345,,0
1721404800,0.0345,,0
1721408400,0.0345,,0
1721412000,0.0345,,0
1721415600,0.0345,,0
1721419200,0.0345,,0
1721422800,0.0345,,0
1721426400,0.0345,,0
1721430000,0.0345,,0
1721433600,0.0345,,0
1721437200,0.0345,,0
1721440800,0.0345,,0
1721444400,0.0345,,0
1721448000,0.0345,,0
1721451600,0.0345,,0
1721455200,0.0345,,0
1721458800,0.0345,,0
1721462400,0.0345,,0
1721466000,0.0345,,0
1721469600,0.0345,,0
1721473200,0.0345,,0
1721476800,0.0345,,0
1721480400,0.0345,,0
1721484000,0.0345,,0
1721487600,0.0345,,0
1721491200,0.0345,,0
1721494800,0.0345,,0
1721498400,0.0345,,0
1721502000,0.0345,,0
1721505600,0.0345,,0
1721509200,0.0345,,0
1721512800,0.0345,,0
1721516400,0.0345,,0
1721520000,0.0345,,0
1721523600,0.0345,,0
1721527200,0.0345,,0
1721530800,0.0345,,0
1721534400,0.0345,,0
1721538000,0.0345,,0
1721541600,0.0345,,0
1721545200,0.0345,,0
1721548800,0.0345,,0
1721552400,0.0345,,0
1721556000,0.0345,,0
1721559600,0.0345,,0
1721563200,0.0345,,0
1721566800,0.0345,,0
1721570400,0.0345,,0
1721574000,0.0345,,0
1721577600,0.0345,,0
1721581200,0.0345,,0
1721588400,0.0345,,0
1721592000,0.0345,,0
1721595600,0.0345,,0
1721599200,0.0345,,0
1721602800,0.0345,,0
1721606400,0.0345,,0
1721610000,0.0345,,0
1721613600,0.0345,,0
1721617200,0.0345,,0
1721620800,0.0345,,0
1721624400,0.0345,,0
1721628000,0.0345,,0
1721631600,0.0345,,0
1721635200,0.0345,,0
1721638800,0.0345,,0
1721642400,0.0345,,0
1721646000,0.0345,,0
1721649600,0.0345,,0
1721653200,0.0345,,0
1721656800,0.0345,,0
1721660400,0.0345,,0
1721664000,0.0345,,0
1721667600,0.0345,,0
1721671200,0.0345,,0
1721674800,0.0345,,0
1721678400,0.0345,,0
1721682000,0.0345,,0
1721685600,0.0345,,0
1721689200,0.0345,,0
1721692800,0.0345,,0
1721696400,0.0345,,0
1721700000,0.0345,,0
1721703600,0.0345,,0
1721707200,0.0345,,0
1721710800,0.0345,,0
1721714400,0.0345,,0
1721718000,0.0345,,0
1721721600,0.0345,,0
1721725200,0.0345,,0
1721728800,0.0345,,0
1721732400,0.0345,,0
1721736000,0.0345,,0
1721739600,0.0345,,0
1721743200,0.0345,,0
1721746800,0.0345,,0
1721750400,0.0345,,0
1721754000,0.0345,,0
1721757600,0.0345,,0
1721761200,0.0345,,0
1721764800,0.0345,,0
1721768400,0.0345,,0
1721772000,0.035,,0
1721775600,0.035,,0
1721779200,0.035,,0
1721782800,0.035,,0
1721786400,0.035,,0
1721790000,0.035,,0
1721793600,0.035,,0
1721797200,0.035,,0
1721800800,0.035,,0
1721804400,0.035,,0
1721808000,0.035,,0
1721811600,0.035,,0
1721815200,0.035,,0
1721818800,0.035,,0
1721822400,0.035,,0
1721826000,0.035,,0
1721829600,0.035,,0
1721833200,0.035,,0
1721836800,0.035,,0
1721840400,0.035,,0
1721844000,0.035,,0
1721847600,0.035,,0
1721851200,0.035,,0
1721854800,0.035,,0
1721858400,0.035,,0
1721862000,0.035,,0
1721865600,0.035,,0
1721869200,0.035,,0
1721872800,0.035,,0
1721876400,0.035,,0
1721880000,0.035,,0
1721883600,0.035,,0
1721887200,0.035,,0
1721890800,0.035,,0
1721894400,0.035,,0
1721898000,0.035,,0
1721901600,0.035,,0
1721905200,0.035,,0
1721908800,0.035,,0
1721912400,0.035,,0
1721916000,0.035,,0
1721919600,0.035,,0
1721923200,0.035,,0
1721926800,0.035,,0
1721930400,0.035,,0
1721934000,0.035,,0
1721937600,0.035,,0
1721941200,0.035,,0
1721944800,0.035,,0
1721948400,0.035,,0
1721952000,0.035,,0
1721955600,0.035,,0
1721959200,0.035,,0
1721962800,0.035,,0
1721966400,0.035,,0
1721970000,0.035,,0
1721973600,0.035,,0
1721977200,0.035,,0
1721980800,0.035,,0
1721984400,0.035,,0
1721988000,0.035,,0
1721991600,0.035,,0
1721995200,0.035,,0
1721998800,0.035,,0
1722002400,0.035,,0
1722006000,0.035,,0
1722009600,0.035,,0
1722013200,0.035,,0
1722016800,0.035,,0
1722020400,0.035,,0
1722024000,0.035,,0
1722027600,0.035,,0
1722031200,0.035,,0
1722034800,0.035,,0
1722038400,0.035,,0
1722042000,0.035,,0
1722045600,0.035,,0
1722049200,0.035,,0
1722052800,0.035,,0
1722056400,0.035,,0
1722060000,0.035,,0
1722063600,0.035,,0
1722067200,0.035,,0
1722070800,0.035,,0
1722074400,0.035,0.007999992800000078,1
1722078000,0.035,,0
1722081600,0.035,,0
1722085200,0.035,,0
1722088800,0.035,,0
1722092400,0.035,,0
1722096000,0.035,,0
1722099600,0.035,,0
1722103200,0.035,,0
1722106800,0.035,,0
1722110400,0.035,,0
1722114000,0.035,,0
1722117600,0.035,,0
1722121200,0.035,,0
1722124800,0.035,,0
1722128400,0.035,,0
1722132000,0.035,,0
1722135600,0.035,,0
1722139200,0.035,,0
1722142800,0.035,,0
1722146400,0.035,,0
1722150000,0.035,,0
1722153600,0.035,,0
1722157200,0.035,,0
1722160800,0.035,,0
1722164400,0.035,,0
1722168000,0.035,,0
1722171600,0.035,,0
1722175200,0.035,,0
1722178800,0.035,,0
1722182400,0.035,,0
1722186000,0.035,,0
1722189600,0.035,,0
1722193200,0.035,,0
1722196800,0.035,,0
1722200400,0.035,,0
1722204000,0.035,,0
1722207600,0.0355,,0
1722211200,0.0355,,0
1722214800,0.035,,0
1722218400,0.035,,0
1722222000,0.035,,0
1722225600,0.035,,0
1722229200,0.035,,0
1722232800,0.035,,0
1722236400,0.035,,0
1722240000,0.035,,0
1722243600,0.035,,0
1722247200,0.035,,0
1722250800,0.035,,0
1722254400,0.035,,0
1722258000,0.035,,0
1722261600,0.035,,0
1722265200,0.035,,0
1722268800,0.035,,0
1722272400,0.035,,0
1722276000,0.035,,0
1722279600,0.035,,0
1722283200,0.035,,0
1722286800,0.035,,0
1722290400,0.035,,0
1722294000,0.0345,,0
1722297600,0.0345,,0
1722301200,0.0345,,0
1722304800,0.0345,,0
1722308400,0.0345,,0
1722312000,0.0345,,0
1722315600,0.0345,,0
1722319200,0.0345,,0
1722322800,0.0345,,0
1722326400,0.0345,,0
1722330000,0.0345,,0
1722333600,0.0345,,0
1722337200,0.0345,,0
1722340800,0.0345,,0
1722344400,0.0345,,0
1722348000,0.0345,,0
1722351600,0.0345,,0
1722355200,0.0345,,0
1722358800,0.0345,,0
1722362400,0.0345,,0
1722366000,0.0345,,0
1722369600,0.0345,,0
1722373200,0.0345,,0
1722376800,0.0345,,0
1722380400,0.0345,,0
1722384000,0.0345,,0
1722387600,0.0345,,0
1722391200,0.0345,,0
1722394800,0.0345,,0
1722398400,0.0345,,0
1722402000,0.0345,,0
1722405600,0.0345,,0
1722409200,0.0345,,0
1722412800,0.0345,,0
1722416400,0.0345,,0
1722420000,0.0345,,0
1722423600,0.0345,,0
1722427200,0.0345,,0
1722430800,0.0345,,0
1722434400,0.0345,,0
1722438000,0.0345,,0
1722441600,0.0345,,0
1722445200,0.0345,,0
1722448800,0.0345,,0
1722452400,0.0345,,0
1722456000,0.0345,,0
1722459600,0.0345,,0
1722463200,0.0345,,0
1722466800,0.0345,,0
1722470400,0.0345,,0
1722474000,0.0345,,0
1722477600,0.0345,,0
1722481200,0.0345,,0
1722484800,0.0345,,0
1722488400,0.0345,,0
1722492000,0.0345,,0
1722495600,0.035,,0
1722499200,0.0345,,0
1722502800,0.0345,,0
1722506400,0.0345,,0
1722510000,0.0345,,0
1722513600,0.0345,,0
1722517200,0.0345,,0
1722520800,0.0345,,0
1722524400,0.0345,,0
1722528000,0.0345,,0
1722531600,0.0345,,0
1722535200,0.0345,,0
1722538800,0.0345,,0
1722542400,0.0345,,0
1722546000,0.0345,,0
1722549600,0.0345,,0
1722553200,0.0345,,0
1722556800,0.0345,,0
1722560400,0.0345,,0
1722564000,0.0345,,0
1722567600,0.0345,,0
1722571200,0.0345,,0
1722574800,0.0345,,0
1722578400,0.0345,,0
1722582000,0.0345,,0
1722585600,0.0345,,0
1722589200,0.0345,,0
1722592800,0.0345,,0
1722596400,0.0345,,0
1722600000,0.0345,,0
1722603600,0.035,,0
1722607200,0.035,0.004016000000000006,1
1722610800,0.0335,,0
1722614400,0.0335,,0
1722618000,0.0335,,0
1722621600,0.0335,,0
1722625200,0.0335,,0
1722628800,0.0335,,0
1722632400,0.0335,,0
1722636000,0.0335,,0
1722639600,0.0335,,0
1722643200,0.0335,,0
1722646800,0.0335,,0
1722650400,0.0335,,0
1722654000,0.0335,,0
1722657600,0.0335,,0
1722661200,0.0335,,0
1722664800,0.0335,,0
1722668400,0.0335,,0
1722672000,0.0335,,0
1722675600,0.0335,,0
1722679200,0.0335,,0
1722682800,0.0335,,0
1722686400,0.0335,,0
1722690000,0.0335,,0
1722693600,0.0335,,0
1722697200,0.0335,,0
1722700800,0.0335,,0
1722704400,0.0335,,0
1722708000,0.0335,,0
1722711600,0.0335,,0
1722715200,0.0335,,0
1722718800,0.0335,,0
1722722400,0.0335,,0
1722726000,0.0335,,0
1722729600,0.0335,,0
1722733200,0.0335,,0
1722736800,0.0335,,0
1722740400,0.0335,,0
1722744000,0.0335,,0
1722747600,0.0335,,0
1722751200,0.0335,,0
1722754800,0.034,,0
1722758400,0.0335,,0
1722762000,0.0335,,0
1722765600,0.0335,0.0029999999999998916,6
1722769200,0.034,,0
1722772800,0.034,,0
1722776400,0.034,,0
1722780000,0.0335,,0
1722783600,0.0335,,0
1722787200,0.0335,,0
1722790800,0.0335,,0
1722794400,0.034,,0
1722798000,0.034,,0
1722801600,0.034,,0
1722805200,0.0335,,0
1722808800,0.0335,,0
1722812400,0.0335,,0
1722816000,0.034,,0
1722819600,0.034,,0
1722823200,0.034,,0
1722826800,0.0335,,0
1722830400,0.0335,,0
1722834000,0.0335,,0
1722837600,0.0335,0.0049999999999999906,1
1722841200,0.0315,0.0010000000000000009,2
1722844800,0.034,,0
1722848400,0.034,,0
1722852000,0.034,,0
1722855600,0.034,,0
1722859200,0.034,,0
1722862800,0.034,,0
1722866400,0.034,,0
1722870000,0.034,,0
1722873600,0.034,,0
1722877200,0.034,,0
1722880800,0.034,,0
1722884400,0.034,,0
1722888000,0.034,,0
1722891600,0.034,,0
1722895200,0.034,,0
1722898800,0.034,,0
1722902400,0.034,,0
1722906000,0.034,,0
1722909600,0.034,,0
1722913200,0.034,0.0059999999999999915,1
1722916800,0.034,,0
1722920400,0.034,,0
1722924000,0.034,,0
1722927600,0.034,,0
1722931200,0.034,,0
1722934800,0.034,,0
1722938400,0.034,,0
1722942000,0.034,,0
1722945600,0.034,,0
1722949200,0.034,,0
1722952800,0.034,,0
1722956400,0.034,0.006000000000000005,1
1722960000,0.034,,0
1722963600,0.034,,0
1722967200,0.034,,0
1722970800,0.034,,0
1722974400,0.034,,0
1722978000,0.034,,0
1722981600,0.034,,0
1722985200,0.034,,0
1722988800,0.034,,0
1722992400,0.034,,0
1722996000,0.034,,0
1722999600,0.034,,0
1723003200,0.034,0.006000000000000005,1
1723006800,0.0325,,0
1723010400,0.0325,0.0030000000000000027,1
1723014000,0.035,,0
1723017600,0.034,,0
1723021200,0.035,,0
1723024800,0.0345,,0
1723028400,0.0345,,0
1723032000,0.0345,0.0030000000000000027,1
1723035600,0.0345,,0
1723039200,0.0345,,0
1723042800,0.0345,,0
1723046400,0.0345,,0
1723050000,0.0335,,0
1723053600,0.0335,,0
1723057200,0.0335,,0
1723060800,0.0335,,0
1723064400,0.033,,0
1723068000,0.033,,0
1723071600,0.033,0.0040000000000000036,1
1723075200,0.0345,,0
1723078800,0.0345,,0
1723082400,0.0345,,0
1723086000,0.0345,,0
1723089600,0.0345,,0
1723093200,0.0345,,0
1723096800,0.0345,,0
1723100400,0.0345,0.0050000000000000044,1
1723104000,0.0345,,0
1723107600,0.0345,0.00770854480000005,1
1723111200,0.026,0.0040000000000000036,11
1723114800,0.0295,,0
1723118400,0.03,,0
1723122000,0.03,,0
1723125600,0.0295,0.014768666599999994,1
1723129200,0.0285,,0
1723132800,0.0265,0.017999999999999974,4
1723136400,0.018,,0
1723140000,0.018,,0
1723143600,0.018,,0
1723147200,0.0175,,0
1723150800,0.0175,,0
1723154400,0.0175,,0
1723158000,0.0175,,0
1723161600,0.0175,,0
1723165200,0.0175,,0
1723168800,0.0175,0.0050000000000000044,1
1723172400,0.018,,0
1723176000,0.018,,0
1723179600,0.018,,0
1723183200,0.018,,0
1723186800,0.018,,0
1723190400,0.018,,0
1723194000,0.018,,0
1723197600,0.018,,0
1723201200,0.018,,0
1723204800,0.018,,0
1723208400,0.018,,0
1723212000,0.018,,0
1723215600,0.0175,,0
1723219200,0.0175,,0
1723222800,0.0175,,0
1723226400,0.0175,,0
1723230000,0.0175,,0
1723233600,0.0175,,0
1723237200,0.0175,,0
1723240800,0.0175,,0
1723244400,0.0175,,0
1723248000,0.0175,,0
1723251600,0.0175,,0
1723255200,0.0175,,0
1723258800,0.0175,,0
1723262400,0.0175,,0
1723266000,0.0175,0.0049999999999999975,1
1723269600,0.018,,0
1723273200,0.018,0.0040000000000000036,1
1723276800,0.02,,0
1723280400,0.02,0.00999991785000004,4
1723284000,0.02,0.008000000000000007,1
1723287600,0.0205,,0
1723291200,0.0205,,0
1723294800,0.0205,,0
1723298400,0.021,,0
1723302000,0.0215,,0
1723305600,0.0215,,0
1723309200,0.019,0.003999982600000118,1
1723312800,0.019,0.003999845000000057,2
1723316400,0.019,,0
1723320000,0.019,,0
1723323600,0.019,,0
1723327200,0.019,,0
1723330800,0.019,,0
1723334400,0.019,,0
1723338000,0.019,,0
1723341600,0.019,,0
1723345200,0.019,,0
1723348800,0.019,,0
1723352400,0.019,,0
1723356000,0.019,0.009245768600000037,2
1723359600,0.021,,0
1723363200,0.021,,0
1723366800,0.0205,,0
1723370400,0.0205,,0
1723374000,0.0205,,0
1723377600,0.0205,,0
1723381200,0.0205,,0
1723384800,0.0205,,0
1723388400,0.0205,,0
1723392000,0.021,,0
1723395600,0.021,,0
1723399200,0.021,,0
1723402800,0.0205,,0
1723406400,0.0205,,0
1723410000,0.0205,,0
1723413600,0.019,,0
1723417200,0.019,,0
1723420800,0.019,,0
1723424400,0.019,,0
1723428000,0.019,,0
1723431600,0.019,,0
1723435200,0.019,,0
1723438800,0.019,0.003999990200000081,1
1723442400,0.019,,0
1723446000,0.019,,0
1723449600,0.019,,0
1723453200,0.019,,0
1723456800,0.019,,0
1723460400,0.019,0.0049188002000000175,2
1723464000,0.0195,,0
1723467600,0.0195,,0
1723471200,0.0195,,0
1723474800,0.0195,,0
1723478400,0.0195,,0
1723482000,0.0195,,0
1723485600,0.0195,,0
1723489200,0.0195,,0
1723492800,0.0195,,0
1723496400,0.0195,,0
1723500000,0.0195,,0
1723503600,0.0195,,0
1723507200,0.0195,,0
1723510800,0.0195,,0
1723514400,0.0195,,0
1723518000,0.0195,,0
1723521600,0.0195,,0
1723525200,0.0195,,0
1723528800,0.0195,,0
1723532400,0.0195,,0
1723536000,0.019,0.003999999999999997,1
1723539600,0.0195,,0
1723543200,0.0195,,0
1723546800,0.0195,,0
1723550400,0.0195,,0
1723554000,0.0195,,0
1723557600,0.0195,,0
1723561200,0.0195,,0
1723564800,0.0195,,0
1723568400,0.0195,,0
1723572000,0.0195,,0
1723575600,0.0195,,0
1723579200,0.0195,,0
1723582800,0.0195,,0
1723586400,0.0195,,0
1723590000,0.0195,,0
1723593600,0.0195,,0
1723597200,0.0195,,0
1723600800,0.0195,,0
1723604400,0.0195,,0
1723608000,0.0195,,0
1723611600,0.0195,,0
1723615200,0.0195,,0
1723618800,0.0195,,0
1723622400,0.0195,,0
1723626000,0.0195,,0
1723629600,0.0195,,0
1723633200,0.0195,,0
1723636800,0.0195,,0
1723640400,0.0195,,0
1723644000,0.0195,,0
1723647600,0.0195,,0
1723651200,0.0195,,0
1723654800,0.0195,,0
1723658400,0.0195,,0
1723662000,0.0195,,0
1723665600,0.0195,,0
1723669200,0.0195,,0
1723672800,0.0195,,0
1723676400,0.0195,,0
1723680000,0.0195,,0
1723683600,0.0195,,0
1723687200,0.0195,,0
1723690800,0.0195,,0
1723694400,0.0195,,0
1723698000,0.0195,,0
1723701600,0.0195,,0
1723705200,0.0195,,0
1723708800,0.0195,,0
1723712400,0.0195,,0
1723716000,0.0195,,0
1723719600,0.0195,,0
1723723200,0.0195,,0
1723726800,0.0195,,0
1723730400,0.0195,,0
1723734000,0.0195,,0
1723737600,0.0195,,0
1723741200,0.0195,,0
1723744800,0.0195,,0
1723748400,0.0195,,0
1723752000,0.0195,,0
1723755600,0.0195,,0
1723759200,0.0195,,0
1723762800,0.0195,,0
1723766400,0.019,,0
1723770000,0.019,,0
1723773600,0.0195,,0
1723777200,0.0195,,0
1723780800,0.0195,0.0049999999999999975,1
1723784400,0.0195,,0
1723788000,0.0185,,0
1723791600,0.018,,0
1723795200,0.0185,,0
1723798800,0.0185,,0
1723802400,0.0185,,0
1723806000,0.0185,,0
1723809600,0.0185,,0
1723813200,0.0185,,0
1723816800,0.0185,,0
1723820400,0.0185,,0
1723824000,0.0185,,0
1723827600,0.0185,,0
1723831200,0.0185,,0
1723834800,0.0185,,0
1723838400,0.0185,,0
1723842000,0.0185,,0
1723845600,0.0185,,0
1723849200,0.0185,,0
1723852800,0.0185,,0
1723856400,0.0185,,0
1723860000,0.0185,,0
1723863600,0.0185,,0
1723867200,0.018,,0
1723870800,0.0185,,0
1723874400,0.018,,0
1723878000,0.0175,,0
1723881600,0.0175,,0
1723885200,0.0175,,0
1723888800,0.0175,,0
1723892400,0.0175,,0
1723896000,0.0175,,0
1723899600,0.0175,,0
1723903200,0.0175,,0
1723906800,0.0175,,0
1723910400,0.0175,,0
1723914000,0.0175,,0
1723917600,0.0175,,0
1723921200,0.0175,,0
1723924800,0.0175,,0
1723928400,0.0175,,0
1723932000,0.0175,,0
1723935600,0.0175,,0
1723939200,0.0175,,0
1723942800,0.0175,,0
1723946400,0.0175,,0
1723950000,0.0175,,0
1723953600,0.0175,,0
1723957200,0.017,0.0020000000000000018,1
1723960800,0.0165,,0
1723964400,0.016,,0
1723968000,0.016,,0
1723971600,0.016,,0
1723975200,0.016,,0
1723978800,0.016,,0
1723982400,0.016,,0
1723986000,0.016,,0
1723989600,0.016,,0
1723993200,0.016,,0
1723996800,0.016,,0
1724000400,0.016,,0
1724004000,0.016,,0
1724007600,0.016,,0
1724011200,0.016,,0
1724014800,0.016,,0
1724018400,0.016,,0
1724022000,0.016,,0
1724025600,0.016,,0
1724029200,0.016,,0
1724032800,0.016,,0
1724036400,0.016,,0
1724040000,0.016,,0
1724043600,0.016,,0
1724047200,0.016,,0
1724050800,0.016,,0
1724054400,0.016,,0
1724058000,0.016,,0
1724061600,0.016,,0
1724065200,0.016,,0
1724068800,0.016,,0
1724072400,0.016,,0
1724076000,0.016,,0
1724079600,0.016,,0
1724083200,0.016,,0
1724086800,0.016,,0
1724090400,0.016,,0
1724094000,0.016,,0
1724097600,0.016,,0
1724101200,0.016,,0
1724104800,0.016,,0
1724108400,0.016,,0
1724112000,0.016,,0
1724115600,0.016,,0
1724119200,0.016,,0
1724122800,0.016,,0
1724126400,0.016,,0
1724130000,0.016,,0
1724133600,0.016,,0
1724137200,0.016,,0
1724140800,0.016,,0
1724144400,0.016,,0
1724148000,0.016,,0
1724151600,0.016,,0
1724155200,0.016,,0
1724158800,0.016,,0
1724162400,0.016,,0
1724166000,0.016,,0
1724169600,0.016,,0
1724173200,0.016,,0
1724176800,0.0155,,0
1724180400,0.0155,,0
1724184000,0.0155,,0
1724187600,0.0155,,0
1724191200,0.0155,,0
1724194800,0.0155,,0
1724198400,0.0155,,0
1724202000,0.0155,,0
1724205600,0.0155,,0
1724209200,0.0155,,0
1724212800,0.0155,,0
1724216400,0.0155,,0
1724220000,0.0155,,0
1724223600,0.0155,,0
1724227200,0.0155,,0
1724230800,0.0155,,0
1724234400,0.0155,,0
1724238000,0.0155,,0
1724241600,0.0155,,0
1724245200,0.0155,,0
1724248800,0.0155,,0
1724252400,0.0155,,0
1724256000,0.0155,,0
1724259600,0.0155,,0
1724263200,0.0155,,0
1724266800,0.0155,,0
1724270400,0.0155,,0
1724274000,0.0155,,0
1724277600,0.0155,,0
1724281200,0.0155,,0
1724284800,0.0155,,0
1724288400,0.0155,,0
1724292000,0.0155,,0
1724295600,0.0155,,0
1724299200,0.0155,,0
1724302800,0.0155,,0
1724306400,0.0155,,0
1724310000,0.0155,,0
1724313600,0.0155,,0
1724317200,0.0155,,0
1724320800,0.0155,,0
1724324400,0.0155,0.0009999997999998733,1
1724328000,0.0155,,0
1724331600,0.0155,,0
1724335200,0.0155,,0
1724338800,0.0155,,0
1724342400,0.0155,,0
1724346000,0.0155,,0
1724349600,0.0155,,0
1724353200,0.0155,,0
1724356800,0.0155,,0
1724360400,0.0155,,0
1724364000,0.0155,,0
1724367600,0.0155,,0
1724371200,0.0155,,0
1724374800,0.0155,,0
1724378400,0.0155,0.0038518713999999843,1
1724382000,0.0175,,0
1724385600,0.0175,,0
1724389200,0.0175,,0
1724392800,0.0175,,0
1724396400,0.0175,0.004999999799999877,1
1724400000,0.0175,,0
1724403600,0.0175,,0
1724407200,0.0175,,0
1724410800,0.0175,,0
1724414400,0.0175,,0
1724418000,0.0175,,0
1724421600,0.0175,,0
1724425200,0.0175,,0
1724428800,0.0175,,0
1724432400,0.0175,,0
1724436000,0.0175,,0
1724439600,0.0175,,0
1724443200,0.0175,,0
1724446800,0.0175,,0
1724450400,0.0175,,0
1724454000,0.0175,,0
1724457600,0.0175,,0
1724461200,0.017,,0
1724464800,0.0165,,0
1724468400,0.0165,0.0030000000000001137,1
1724472000,0.0165,0.0030000000000001137,1
1724475600,0.0165,,0
1724479200,0.0165,,0
1724482800,0.0165,,0
1724486400,0.0165,,0
1724490000,0.0165,,0
1724493600,0.0165,,0
1724497200,0.0165,,0
1724500800,0.0165,,0
1724504400,0.0165,,0
1724508000,0.0165,,0
1724511600,0.0165,,0
1724515200,0.0165,,0
1724518800,0.0165,,0
1724522400,0.0165,,0
1724526000,0.0165,,0
1724529600,0.0165,,0
1724533200,0.0165,0.0030000000000001137,1
1724536800,0.0165,,0
1724540400,0.0165,,0
1724544000,0.0165,,0
1724547600,0.0165,,0
1724551200,0.0165,,0
1724554800,0.0165,,0
1724558400,0.0165,,0
1724562000,0.0165,0.0029999999999998916,1
1724565600,0.0165,,0
1724569200,0.0165,0.0030000000000000027,2
1724572800,0.0165,,0
1724576400,0.0165,0.012354391999999999,1
1724580000,0.0195,,0
1724583600,0.02,,0
1724587200,0.02,0.005999982400000103,1
1724590800,0.02,0.004999996799999962,2
1724594400,0.02,,0
1724598000,0.02,0.0059999986000001115,1
1724601600,0.0185,,0
1724605200,0.02,,0
1724608800,0.0205,,0
1724612400,0.0195,,0
1724616000,0.019,,0
1724619600,0.0195,,0
1724623200,0.018,,0
1724626800,0.018,,0
1724630400,0.018,,0
1724634000,0.018,,0
1724637600,0.018,,0
1724641200,0.018,,0
1724644800,0.018,,0
1724648400,0.018,,0
1724652000,0.018,0.0040000000000000036,1
1724655600,0.019,,0
1724659200,0.019,,0
1724662800,0.018,,0
1724666400,0.018,,0
1724670000,0.018,,0
1724673600,0.018,0.005513633500000004,2
1724677200,0.0185,0.0050000000000001155,1
1724680800,0.0185,,0
1724684400,0.019,,0
1724688000,0.019,0.0040000000000000036,1
1724691600,0.0195,,0
1724695200,0.0195,,0
1724698800,0.0195,,0
1724702400,0.0195,0.0010000000000000009,1
1724706000,0.0195,,0
1724709600,0.0195,,0
1724713200,0.0195,,0
1724716800,0.0195,,0
1724720400,0.0195,,0
1724724000,0.0195,,0
1724727600,0.0195,,0
1724731200,0.0195,,0
1724734800,0.0195,,0
1724738400,0.0195,,0
1724742000,0.0195,,0
1724745600,0.0195,,0
1724749200,0.0195,,0
1724752800,0.0195,,0
1724756400,0.0195,,0
1724760000,0.0195,,0
1724763600,0.0195,,0
1724767200,0.0195,,0
1724770800,0.0195,,0
1724774400,0.0195,,0
1724778000,0.0195,,0
1724781600,0.0195,,0
1724785200,0.0195,,0
1724788800,0.0195,,0
1724792400,0.0195,,0
1724796000,0.0195,,0
1724799600,0.0195,,0
1724803200,0.0185,,0
1724806800,0.0185,,0
1724810400,0.0185,,0
1724814000,0.0185,,0
1724817600,0.0185,,0
1724821200,0.0185,,0
1724824800,0.0185,,0
1724828400,0.0185,,0
1724832000,0.0185,,0
1724835600,0.0185,,0
1724839200,0.0185,0.0029999999999999957,1
1724842800,0.0185,,0
1724846400,0.0185,,0
1724850000,0.0185,,0
1724853600,0.0185,,0
1724857200,0.0185,,0
1724860800,0.0185,,0
1724864400,0.0185,,0
1724868000,0.0185,,0
1724871600,0.0185,,0
1724875200,0.0185,,0
1724878800,0.0185,,0
1724882400,0.0185,,0
1724886000,0.0185,,0
1724889600,0.0185,,0
1724893200,0.0185,,0
1724896800,0.0185,,0
1724900400,0.0185,,0
1724904000,0.0185,,0
1724907600,0.0185,,0
1724911200,0.0185,,0
1724914800,0.0185,,0
1724918400,0.0185,,0
1724922000,0.0185,,0
1724925600,0.0185,,0
1724929200,0.0185,,0
1724932800,0.0185,,0
1724936400,0.0185,,0
1724940000,0.0185,,0
1724943600,0.0185,,0
1724947200,0.0185,,0
1724950800,0.0185,,0
1724954400,0.0185,,0
1724958000,0.0185,,0
1724961600,0.0185,,0
1724965200,0.0185,,0
1724968800,0.0185,,0
1724972400,0.0185,,0
1724976000,0.0185,,0
1724979600,0.0185,0.013420496699999951,2
1724983200,0.0155,,0
1724986800,0.0155,,0
1724990400,0.0155,,0
1724994000,0.0155,,0
1724997600,0.0155,,0
1725001200,0.0155,,0
1725004800,0.0155,,0
1725008400,0.0155,,0
1725012000,0.0155,,0
1725015600,0.0155,,0
1725019200,0.0155,,0
1725022800,0.0155,,0
1725026400,0.0155,,0
1725030000,0.0155,,0
1725033600,0.0155,,0
1725037200,0.0155,,0
1725040800,0.0155,0.008999947900000027,2
1725044400,0.0155,,0
1725048000,0.0155,,0
1725051600,0.0155,,0
1725055200,0.0155,,0
1725058800,0.0155,0.008000000000000007,2
1725062400,0.014,,0
1725066000,0.0135,,0
1725069600,0.013,,0
1725073200,0.0125,,0
1725076800,0.0115,,0
1725080400,0.0115,,0
1725084000,0.0115,,0
1725087600,0.0115,,0
1725091200,0.0115,,0
1725094800,0.0115,,0
1725098400,0.0115,,0
1725102000,0.0115,,0
1725105600,0.0145,,0
1725109200,0.0145,,0
1725112800,0.0145,,0
1725116400,0.0135,,0
1725120000,0.014,,0
1725123600,0.013,,0
1725127200,0.0125,0.004999999999999893,1
1725130800,0.0115,0.0030000000000001137,1
1725134400,0.0115,,0
1725138000,0.0115,,0
1725141600,0.011,,0
1725145200,0.011,,0
1725148800,0.011,,0
1725152400,0.011,,0
1725156000,0.011,,0
1725159600,0.011,,0
1725163200,0.011,,0
1725166800,0.011,,0
1725170400,0.011,,0
1725174000,0.011,,0
1725177600,0.011,,0
1725181200,0.011,,0
1725184800,0.011,0.0020000000000000018,2
1725188400,0.011,,0
1725192000,0.011,0.0020000000000000018,1
1725195600,0.011,,0
1725199200,0.011,,0
1725202800,0.011,,0
1725206400,0.011,,0
1725210000,0.011,,0
1725213600,0.011,,0
1725217200,0.011,,0
1725220800,0.011,,0
1725224400,0.011,,0
1725228000,0.011,,0
1725231600,0.011,,0
1725235200,0.011,,0
1725238800,0.011,,0
1725242400,0.011,,0
1725246000,0.011,,0
1725249600,0.011,,0
1725253200,0.011,,0
1725256800,0.011,,0
1725260400,0.011,,0
1725264000,0.011,,0
1725267600,0.011,,0
1725271200,0.011,,0
1725274800,0.011,,0
1725278400,0.011,,0
1725282000,0.011,,0
1725285600,0.011,,0
1725289200,0.011,,0
1725292800,0.011,,0
1725296400,0.011,,0
1725300000,0.011,,0
1725303600,0.011,,0
1725307200,0.011,,0
1725310800,0.011,,0
1725314400,0.011,,0
1725318000,0.0105,,0
1725321600,0.0105,,0
1725325200,0.0105,,0
1725328800,0.0105,,0
1725332400,0.0105,,0
1725336000,0.0105,,0
1725339600,0.0105,,0
1725343200,0.0105,,0
1725346800,0.0105,,0
1725350400,0.0105,,0
1725354000,0.0105,,0
1725357600,0.0105,,0
1725361200,0.0105,,0
1725364800,0.0105,,0
1725368400,0.0105,,0
1725372000,0.0105,,0
1725375600,0.0105,,0
1725379200,0.0105,,0
1725382800,0.0105,,0
1725386400,0.0105,,0
1725390000,0.0105,,0
1725393600,0.0105,,0
1725397200,0.0105,,0
1725400800,0.0105,,0
1725404400,0.0105,,0
1725408000,0.0105,,0
1725411600,0.0105,,0
1725415200,0.0105,,0
1725418800,0.0105,0.0009999999999999992,2
1725422400,0.0105,,0
1725426000,0.0105,,0
1725429600,0.0105,,0
1725433200,0.0105,,0
1725436800,0.0105,0.001000000000000112,1
1725440400,0.0105,,0
1725444000,0.0105,,0
1725447600,0.0105,,0
1725451200,0.0105,,0
1725454800,0.0105,,0
1725458400,0.0105,,0
1725462000,0.0105,,0
1725465600,0.0105,,0
1725469200,0.0105,,0
1725472800,0.0105,,0
1725476400,0.0105,,0
1725480000,0.0105,,0
1725483600,0.0105,,0
1725487200,0.0105,,0
1725490800,0.0105,,0
1725494400,0.0105,,0
1725498000,0.0105,,0
1725501600,0.0105,,0
1725505200,0.0105,,0
1725508800,0.0105,,0
1725512400,0.0105,,0
1725516000,0.0105,0.0009999999999999992,2
1725519600,0.0105,,0
1725523200,0.0105,0.0009999999999999992,2
1725526800,0.0105,0.0009999999999999992,2
1725530400,0.0105,,0
1725534000,0.0105,,0
1725537600,0.0105,,0
1725541200,0.0105,,0
1725544800,0.0105,,0
1725548400,0.0105,,0
1725552000,0.0105,,0
1725555600,0.0105,,0
1725559200,0.0105,,0
1725562800,0.0105,,0
1725566400,0.0105,,0
1725570000,0.0105,,0
1725573600,0.0105,,0
1725577200,0.0105,,0
1725580800,0.0105,,0
1725584400,0.0105,,0
1725588000,0.0105,,0
1725591600,0.0105,,0
1725595200,0.0105,,0
1725598800,0.0105,,0
1725602400,0.0105,0.0013333006999999997,2
1725606000,0.0095,,0
1725609600,0.0095,,0
1725613200,0.0095,,0
1725616800,0.0095,,0
1725620400,0.0095,,0
1725624000,0.0095,,0
1725627600,0.0095,,0
1725631200,0.0095,,0
1725634800,0.0095,,0
1725638400,0.0095,,0
1725642000,0.0095,,0
1725645600,0.0095,,0
1725649200,0.0095,,0
1725652800,0.0095,,0
1725656400,0.0095,,0
1725660000,0.0095,,0
1725663600,0.0095,,0
1725667200,0.0095,,0
1725670800,0.009,,0
1725674400,0.009,,0
1725678000,0.009,,0
1725681600,0.0095,,0
1725685200,0.0095,,0
1725688800,0.0095,,0
1725692400,0.0095,,0
1725696000,0.0095,,0
1725699600,0.0095,,0
1725703200,0.0095,,0
1725706800,0.0095,,0
1725710400,0.0095,,0
1725714000,0.0095,,0
1725717600,0.0095,,0
1725721200,0.0095,,0
1725724800,0.0095,,0
1725728400,0.0095,,0
1725732000,0.0095,,0
1725735600,0.0095,,0
1725739200,0.0095,,0
1725742800,0.0095,,0
1725746400,0.0095,,0
1725750000,0.0095,,0
1725753600,0.0095,,0
1725757200,0.0095,,0
1725760800,0.0095,,0
1725764400,0.0095,,0
1725768000,0.0095,,0
1725771600,0.0095,,0
1725775200,0.0095,,0
1725778800,0.0095,,0
1725782400,0.0095,,0
1725786000,0.0095,,0
1725789600,0.0095,,0
1725793200,0.0095,,0
1725796800,0.0095,,0
1725800400,0.0095,,0
1725804000,0.0095,,0
1725807600,0.0095,,0
1725811200,0.0095,,0
1725814800,0.0095,,0
1725818400,0.009,,0
1725822000,0.0095,,0
1725825600,0.0095,,0
1725829200,0.0095,,0
1725832800,0.0095,,0
1725836400,0.0095,,0
1725840000,0.009,,0
1725843600,0.0095,,0
1725847200,0.0095,,0
1725850800,0.009,,0
1725854400,0.0095,,0
1725858000,0.009,,0
1725861600,0.0095,,0
1725865200,0.0095,,0
1725868800,0.009,,0
1725872400,0.009,,0
1725876000,0.009,,0
1725879600,0.009,,0
1725883200,0.0095,,0
1725886800,0.0095,,0
1725890400,0.009,,0
1725894000,0.0095,,0
1725897600,0.0095,,0
1725901200,0.009,,0
1725904800,0.0095,,0
1725908400,0.0095,,0
1725912000,0.009,,0
1725915600,0.0095,,0
1725919200,0.0095,,0
1725922800,0.0095,,0
1725926400,0.009,,0
1725930000,0.009,,0
1725933600,0.0095,,0
1725937200,0.009,,0
1725940800,0.009,,0
1725944400,0.0095,,0
1725948000,0.0095,,0
1725951600,0.009,,0
1725955200,0.0095,,0
1725958800,0.009,,0
1725962400,0.0095,,0
1725966000,0.0095,,0
1725969600,0.0095,,0
1725973200,0.0095,,0
1725976800,0.0095,,0
1725980400,0.0095,,0
1725984000,0.009,,0
1725987600,0.009,,0
1725991200,0.0095,0.003999995699999981,2
1725994800,0.009,,0
1725998400,0.009,,0
1726002000,0.0095,,0
1726005600,0.009,,0
1726009200,0.009,,0
1726012800,0.0095,,0
1726016400,0.0095,,0
1726020000,0.0095,,0
1726023600,0.0095,,0
1726027200,0.0095,,0
1726030800,0.0095,,0
1726034400,0.0095,,0
1726038000,0.0095,,0
1726041600,0.0095,,0
1726045200,0.0095,,0
1726048800,0.0095,,0
1726052400,0.0095,,0
1726056000,0.0095,,0
1726059600,0.009,,0
1726063200,0.0095,,0
1726066800,0.009,,0
1726070400,0.0095,,0
1726074000,0.009,,0
1726077600,0.0095,,0
1726081200,0.009,,0
1726084800,0.0095,,0
1726088400,0.009,,0
1726092000,0.0095,,0
1726095600,0.009,,0
1726099200,0.0095,,0
1726102800,0.0095,,0
1726106400,0.009,,0
1726110000,0.0095,,0
1726113600,0.0085,,0
1726117200,0.0085,,0
1726120800,0.0085,,0
1726124400,0.0085,,0
1726128000,0.0085,,0
1726131600,0.0085,,0
1726135200,0.0085,,0
1726138800,0.0085,,0
1726142400,0.0085,,0
1726146000,0.0085,,0
1726149600,0.0085,,0
1726153200,0.0085,,0
1726156800,0.0085,,0
1726160400,0.0085,,0
1726164000,0.0085,,0
1726167600,0.0085,,0
1726171200,0.0085,,0
1726174800,0.0085,,0
1726178400,0.0085,,0
1726182000,0.0085,0.003000000000000001,1
1726185600,0.0085,,0
1726189200,0.0085,,0
1726192800,0.0085,,0
1726196400,0.0085,,0
1726200000,0.0085,,0
1726203600,0.0085,,0
1726207200,0.0085,,0
1726210800,0.0085,,0
1726214400,0.0085,,0
1726218000,0.0085,,0
1726221600,0.0085,,0
1726225200,0.0085,,0
1726228800,0.0085,,0
1726232400,0.0085,,0
1726236000,0.0085,,0
1726239600,0.0085,,0
1726243200,0.0085,,0
1726246800,0.0085,,0
1726250400,0.0085,,0
1726254000,0.0085,,0
1726257600,0.0085,,0
1726261200,0.0085,,0
1726264800,0.0085,,0
1726268400,0.0085,,0
1726272000,0.0085,,0
1726275600,0.0085,,0
1726279200,0.0085,,0
1726282800,0.0085,,0
1726286400,0.0085,,0
1726290000,0.0085,,0
1726293600,0.0085,,0
1726297200,0.0085,,0
1726300800,0.0085,,0
1726304400,0.0085,,0
1726308000,0.0085,,0
1726311600,0.0085,,0
1726315200,0.0085,,0
1726318800,0.0085,,0
1726322400,0.0085,,0
1726326000,0.0085,,0
1726329600,0.0085,,0
1726333200,0.0085,,0
1726336800,0.0085,,0
1726340400,0.0085,,0
1726344000,0.0085,,0
1726347600,0.0085,,0
1726351200,0.0085,,0
1726354800,0.0085,,0
1726358400,0.0085,,0
1726362000,0.0085,,0
1726365600,0.0075,,0
1726369200,0.0075,,0
1726372800,0.0075,,0
1726376400,0.0075,,0
1726380000,0.0075,,0
1726383600,0.0075,,0
1726387200,0.0075,,0
1726390800,0.0075,,0
1726394400,0.0075,,0
1726398000,0.0075,,0
1726401600,0.0075,,0
1726405200,0.0075,,0
1726408800,0.0075,,0
1726412400,0.0075,,0
1726416000,0.0075,,0
1726419600,0.0075,,0
1726423200,0.0075,,0
1726426800,0.0075,,0
1726430400,0.0075,,0
1726434000,0.0075,,0
1726437600,0.0075,,0
1726441200,0.0075,,0
1726444800,0.0075,,0
1726448400,0.0075,,0
1726452000,0.0075,,0
1726455600,0.0075,,0
1726459200,0.0075,,0
1726462800,0.0075,0.00099999449999999,2
1726466400,0.0075,,0
1726470000,0.0075,,0
1726473600,0.0075,,0
1726477200,0.0075,,0
1726480800,0.0075,,0
1726484400,0.0075,0.001000000000000038,3
1726488000,0.0075,,0
1726491600,0.0075,,0
1726495200,0.0075,,0
1726498800,0.0075,,0
1726502400,0.0075,,0
1726506000,0.0075,,0
1726509600,0.0075,,0
1726513200,0.0075,,0
1726516800,0.0075,,0
1726520400,0.0075,,0
1726524000,0.0075,,0
1726527600,0.0075,,0
1726531200,0.0075,,0
1726534800,0.0075,,0
1726538400,0.0075,,0
1726542000,0.0075,,0
1726545600,0.0075,,0
1726549200,0.0075,,0
1726552800,0.0075,,0
1726556400,0.0075,,0
1726560000,0.0075,,0
1726563600,0.0075,,0
1726567200,0.0075,,0
1726570800,0.0075,,0
1726574400,0.0075,,0
1726578000,0.0075,,0
1726581600,0.0075,,0
1726585200,0.0075,,0
1726588800,0.0075,,0
1726592400,0.0075,,0
1726596000,0.0075,,0
1726599600,0.0075,,0
1726603200,0.0075,0.0010000000000000009,4
1726606800,0.0075,,0
1726610400,0.0075,,0
1726614000,0.0075,,0
1726617600,0.0075,,0
1726621200,0.0075,,0
1726624800,0.0075,,0
1726628400,0.0075,,0
1726632000,0.0075,,0
1726635600,0.0075,,0
1726639200,0.0075,,0
1726642800,0.0075,,0
1726646400,0.0075,,0
1726650000,0.0075,,0
1726653600,0.0075,0.0010000000000000009,2
1726657200,0.0075,,0
1726660800,0.0075,0.0010000000000000009,1
1726664400,0.0095,,0
1726668000,0.0095,,0
1726671600,0.0095,,0
1726675200,0.0095,,0
1726678800,0.0095,,0
1726682400,0.0095,,0
1726686000,0.0095,,0
1726689600,0.0095,0.0029999999999998916,1
1726693200,0.009,,0
1726696800,0.009,,0
1726700400,0.009,,0
1726704000,0.009,,0
1726707600,0.009,,0
1726711200,0.009,,0
1726714800,0.009,,0
1726718400,0.009,,0
1726722000,0.009,,0
1726725600,0.009,,0
1726729200,0.009,,0
1726732800,0.009,,0
1726736400,0.009,,0
1726740000,0.009,,0
1726743600,0.009,,0
1726747200,0.009,,0
1726750800,0.009,,0
1726754400,0.009,,0
1726758000,0.009,,0
1726761600,0.009,,0
1726765200,0.009,,0
1726768800,0.009,,0
1726772400,0.009,,0
1726776000,0.009,,0
1726779600,0.009,,0
1726783200,0.009,,0
1726786800,0.009,,0
1726790400,0.009,0.0020000000000000018,2
1726794000,0.009,,0
1726797600,0.009,,0
1726801200,0.009,,0
1726804800,0.009,,0
1726808400,0.009,,0
1726812000,0.009,,0
1726815600,0.009,,0
1726819200,0.009,,0
1726822800,0.009,,0
1726826400,0.009,,0
1726830000,0.009,,0
1726833600,0.009,,0
1726837200,0.009,,0
1726840800,0.009,,0
1726844400,0.009,,0
1726848000,0.009,,0
1726851600,0.009,,0
1726855200,0.009,,0
1726858800,0.009,,0
1726862400,0.009,,0
1726866000,0.009,,0
1726869600,0.009,,0
1726873200,0.009,,0
1726876800,0.009,,0
1726880400,0.009,,0
1726884000,0.009,,0
1726887600,0.009,,0
1726891200,0.009,,0
1726894800,0.009,,0
1726898400,0.009,,0
1726902000,0.009,,0
1726905600,0.009,,0
1726909200,0.009,,0
1726912800,0.009,,0
1726916400,0.009,,0
1726920000,0.009,,0
1726923600,0.009,,0
1726927200,0.009,,0
1726930800,0.009,,0
1726934400,0.009,,0
1726938000,0.009,,0
1726941600,0.009,,0
1726945200,0.009,,0
1726948800,0.009,,0
1726952400,0.009,,0
1726956000,0.009,,0
1726959600,0.0085,,0
1726963200,0.008,,0
1726966800,0.008,,0
1726970400,0.008,,0
1726974000,0.008,,0
1726977600,0.008,,0
1726981200,0.008,,0
1726984800,0.008,,0
1726988400,0.008,,0
1726992000,0.008,,0
1726995600,0.008,,0
1726999200,0.008,,0
1727002800,0.008,,0
1727006400,0.008,,0
1727010000,0.008,,0
1727013600,0.008,,0
1727017200,0.008,,0
1727020800,0.008,,0
1727024400,0.008,,0
1727028000,0.008,,0
1727031600,0.008,,0
1727035200,0.008,,0
1727038800,0.008,,0
1727042400,0.008,,0
1727046000,0.008,,0
1727049600,0.008,,0
1727053200,0.008,,0
1727056800,0.008,,0
1727060400,0.008,,0
1727064000,0.008,,0
1727067600,0.008,,0
1727071200,0.008,,0
1727074800,0.008,,0
1727078400,0.008,,0
1727082000,0.008,,0
1727085600,0.008,,0
1727089200,0.008,,0
1727092800,0.008,,0
1727096400,0.008,,0
1727100000,0.008,,0
1727103600,0.008,,0
1727107200,0.008,,0
1727110800,0.008,,0
1727114400,0.008,,0
1727118000,0.008,,0
1727121600,0.008,,0
1727125200,0.008,,0
1727128800,0.008,,0
1727132400,0.008,,0
1727136000,0.008,,0
1727139600,0.008,,0
1727143200,0.008,,0
1727146800,0.008,,0
1727150400,0.008,,0
1727154000,0.008,,0
1727157600,0.008,,0
1727161200,0.008,0.001999999699999977,2
1727164800,0.008,0.001999999699999977,4
1727168400,0.008,0.0019999997999999852,2
1727172000,0.008,0.001999999879999992,5
1727175600,0.008,,0
1727179200,0.008,0.0019999998999999935,2
1727182800,0.008,0.0020000000000000018,1
1727186400,0.008,0.001999958050000028,4
1727190000,0.008,0.0019999991999999356,1
1727193600,0.008,0.0019999998999999935,2
1727197200,0.008,0.0019999997199999786,5
1727200800,0.008,,0
1727204400,0.008,0.0020000000000000018,2
1727208000,0.008,0.001999999724999979,8
1727211600,0.008,0.0020000000000000018,2
1727215200,0.008,,0
1727218800,0.008,0.0019999997999999852,2
1727222400,0.008,0.001999999699999977,6
1727226000,0.008,0.0020000000000000018,2
1727229600,0.008,,0
1727233200,0.008,0.0019999997999999852,4
1727236800,0.008,0.001999933666666657,3
1727240400,0.008,0.0020000000000000018,1
1727244000,0.008,,0
1727247600,0.008,,0
1727251200,0.008,,0
1727254800,0.008,0.001999999760000026,5
1727258400,0.008,0.0019999998999999935,2
1727262000,0.008,0.0020000000000000018,1
1727265600,0.008,0.0020000000000000018,1
1727269200,0.008,,0
1727272800,0.008,0.0019999998999999935,2
1727276400,0.008,0.0009999995999999678,2
1727280000,0.0075,0.0009999998999999926,2
1727283600,0.0075,,0
1727287200,0.0075,0.001499999849999989,4
1727290800,0.007,0.0019999999499999976,4
1727294400,0.007,0.0019999997999999852,2
1727298000,0.0085,0.0027142857142857324,7
1727301600,0.0075,,0
1727305200,0.0075,0.002999999799999964,5
1727308800,0.0075,0.002999999866666695,3
1727312400,0.0075,,0
1727316000,0.0075,0.0030000000000000027,2
1727319600,0.0075,0.0029999998399999673,5
1727323200,0.0075,0.002999999799999986,2
1727326800,0.0075,0.0029999999714285875,7
1727330400,0.0075,0.002999999799999986,4
1727334000,0.0075,0.0030000000000000027,2
1727337600,0.0075,,0
1727341200,0.007,0.0019999888333333362,6
1727344800,0.007,0.0019999997999999852,5
1727348400,0.007,0.001999999399999952,1
1727352000,0.007,0.0019999998666666574,3
1727355600,0.007,,0
1727359200,0.007,0.0019999997999999852,2
1727362800,0.007,,0
1727366400,0.007,0.0019999962666666557,3
1727370000,0.007,0.0020000000000000018,1
1727373600,0.007,0.0019999997999999852,1
1727377200,0.007,0.0019999999428571397,7
1727380800,0.007,0.0019999998999999935,4
1727384400,0.007,0.001999999666666641,3
1727388000,0.007,0.0020000000000000018,1
1727391600,0.007,0.001999999699999977,2
1727395200,0.007,,0
1727398800,0.007,0.0019999998999999935,2
1727402400,0.007,,0
1727406000,0.007,,0
1727409600,0.007,,0
1727413200,0.007,,0
1727416800,0.007,,0
1727420400,0.007,,0
1727424000,0.007,0.0020000000000000018,1
1727427600,0.007,,0
1727431200,0.007,,0
1727434800,0.007,,0
1727438400,0.007,0.0019999999199999943,5
1727442000,0.007,0.0019999998999999926,2
1727445600,0.007,0.0019999999333333296,3
1727449200,0.007,0.002702146040000002,5
1727452800,0.0065,0.0029999999999998916,1
1727456400,0.0065,0.0030000000000001137,1
1727460000,0.0065,0.0030000000000000027,2
1727463600,0.0065,0.0030000000000000027,2
1727467200,0.0065,0.0030000000000000027,4
1727470800,0.0065,0.0030000000000000027,2
1727474400,0.0065,0.0030000000000000027,2
1727478000,0.0065,,0
1727481600,0.0065,,0
1727485200,0.0065,,0
1727488800,0.006,,0
1727492400,0.006,0.002,4
1727496000,0.006,,0
1727499600,0.006,,0
1727503200,0.006,,0
1727506800,0.006,,0
1727510400,0.0055,0.0010000000000000009,2
1727514000,0.0055,0.0010000000000000009,2
1727517600,0.0055,0.0010000000000000009,4
1727521200,0.0055,0.0010000000000000009,4
1727524800,0.0055,0.0010000000000000009,4
1727528400,0.0055,0.0010000000000000009,2
1727532000,0.0055,0.0010000000000000009,4
1727535600,0.0055,0.0010000000000000009,2
1727539200,0.0055,0.0010000000000000009,2
1727542800,0.0055,0.0010000000000000009,2
1727546400,0.0055,0.0010000000000000009,2
1727550000,0.0055,,0
1727553600,0.0055,0.0009999999999998899,1
1727557200,0.0055,0.001000000000000038,3
1727560800,0.0055,0.0009999999999999454,4
1727564400,0.0055,0.001000000000000038,6
1727568000,0.0055,0.0010000000000000009,2
1727571600,0.0055,0.0010000000000000009,6
1727575200,0.0055,0.0010000000000000009,2
1727578800,0.0055,0.0010000000000000009,2
1727582400,0.0055,0.0010000000000000009,2
1727586000,0.0055,,0
1727589600,0.0055,,0
1727593200,0.0055,,0
1727596800,0.0055,0.0010000000000000009,2
1727600400,0.0055,,0
1727604000,0.0055,0.0009999999999998899,1
1727607600,0.0055,0.001000000000000038,3
1727611200,0.0055,0.0010000000000000009,6
1727614800,0.0055,0.0010000000000000009,2
1727618400,0.0055,0.0010000000000000167,7
1727622000,0.0055,0.0010000000000000009,2
1727625600,0.0055,,0
1727629200,0.0055,0.0010000000000000009,4
1727632800,0.0055,0.001285714285714287,7
1727636400,0.006,,0
1727640000,0.006,,0
1727643600,0.006,,0
1727647200,0.006,,0
1727650800,0.006,,0
1727654400,0.006,,0
1727658000,0.006,,0
1727661600,0.006,,0
1727665200,0.006,,0
1727668800,0.006,,0
1727672400,0.006,0.0020000000000000018,1
1727676000,0.006,0.0020000000000000018,2
1727679600,0.006,,0
1727683200,0.006,0.0020000000000000018,2
1727686800,0.006,,0
1727690400,0.006,0.0020000000000000018,2
1727694000,0.006,0.0020000000000000018,2
1727697600,0.006,0.0020000000000000013,7
1727701200,0.006,,0
1727704800,0.006,0.0020000000000000018,2
1727708400,0.006,0.0020000000000000018,3
1727712000,0.006,0.0020000000000000018,3
1727715600,0.006,0.0020000000000000018,4
1727719200,0.006,0.0020000000000000018,1
1727722800,0.006,0.0020000000000000018,6
1727726400,0.006,0.0020000000000000018,5
1727730000,0.006,0.0020000000000000013,3
1727733600,0.006,0.0020000000000000018,2
1727737200,0.006,0.002,1
1727740800,0.006,0.0020000000000000018,5
1727744400,0.006,0.0020000000000000018,7
1727748000,0.006,0.0020000000000000018,2
1727751600,0.006,0.0020000000000000018,2
1727755200,0.006,0.0020000000000000018,2
1727758800,0.006,0.0020000000000000018,2
1727762400,0.006,0.0020000000000000018,4
1727766000,0.006,0.0020000000000000018,5
1727769600,0.006,0.0020000000000000018,1
1727773200,0.006,0.0020000000000000018,4
1727776800,0.006,0.0020000000000000018,4
1727780400,0.006,0.0020000000000000018,2
1727784000,0.006,0.0020000000000000018,4
1727787600,0.006,0.0020000000000000018,2
1727791200,0.006,0.0020000000000000018,2
1727794800,0.006,0.0020000000000000018,4
1727798400,0.006,0.0020000000000000018,2
1727802000,0.006,0.0020000000000000018,2
1727805600,0.006,0.0020000000000000018,2
1727809200,0.006,,0
1727812800,0.006,,0
1727816400,0.006,,0
1727820000,0.006,,0
1727823600,0.006,,0
1727827200,0.006,,0
1727830800,0.006,,0
1727834400,0.006,,0
1727838000,0.006,,0
1727841600,0.006,,0
1727845200,0.006,,0
1727848800,0.006,,0
1727852400,0.006,,0
1727856000,0.006,0.0020000000000000018,1
1727859600,0.006,0.0020000000000000018,2
1727863200,0.006,0.0020000000000000018,1
1727866800,0.006,0.0020000000000000018,2
1727870400,0.006,0.0020000000000000018,3
1727874000,0.006,,0
1727877600,0.006,0.0020000000000000018,1
1727881200,0.006,0.0020000000000000018,3
1727884800,0.006,0.0020000000000000018,5
1727888400,0.006,0.0020000000000000018,7
1727892000,0.006,0.0020000000000000018,5
1727895600,0.006,0.0020000000000000018,2
1727899200,0.006,0.0020000000000000018,6
1727902800,0.006,0.0020000000000000018,4
1727906400,0.006,,0
1727910000,0.006,0.0010000000000000009,2
1727913600,0.0055,0.0010000000000000007,11
1727917200,0.0055,0.0010000000000000009,2
1727920800,0.0055,0.0010000000000000009,2
1727924400,0.0055,,0
1727928000,0.0055,,0
1727931600,0.0055,,0
1727935200,0.0055,,0
1727938800,0.0055,,0
1727942400,0.0055,0.001000000000000112,1
1727946000,0.0055,,0
1727949600,0.0055,,0
1727953200,0.0055,0.001000000000000112,1
1727956800,0.0055,,0
1727960400,0.0055,,0
1727964000,0.0055,0.0009999999999998899,1
1727967600,0.0055,0.0009999999999999343,5
1727971200,0.0055,0.001000000000000112,3
1727974800,0.0055,0.0009999999999999638,6
1727978400,0.0055,0.0010000000000000167,7
1727982000,0.0055,0.0010000000000000009,8
1727985600,0.0055,0.0010000000000000484,7
1727989200,0.0055,0.0010000000000000009,2
1727992800,0.0055,0.0010000000000000009,4
1727996400,0.0055,0.0009999999999999638,3
1728000000,0.0055,0.001000000000000038,3
1728003600,0.0055,0.0010000000000000009,4
1728007200,0.0055,0.0010000000000000009,2
1728010800,0.0055,0.0010000000000000009,4
1728014400,0.0055,0.0009999999999998899,1
1728018000,0.0055,0.001000000000000038,3
1728021600,0.0055,0.001000000000000038,3
1728025200,0.0055,,0
1728028800,0.0055,0.0010000000000000009,6
1728032400,0.0055,,0
1728036000,0.0055,0.0010000000000000009,2
1728039600,0.0055,0.0009999999999999992,1
1728043200,0.0055,0.0009999999999999638,6
1728046800,0.0055,0.0010000000000000009,8
1728050400,0.0055,0.0010000000000000009,8
1728054000,0.0055,0.001000000000000038,6
1728057600,0.0055,0.0010000000000000009,2
1728061200,0.0055,0.0009999999999999885,9
1728064800,0.0055,0.0009999999999999885,9
1728068400,0.0055,0.001000000000000112,2
1728072000,0.0055,,0
1728075600,0.0055,,0
1728079200,0.0055,0.0010000000000000009,2
1728082800,0.0055,,0
1728086400,0.0055,,0
1728090000,0.0055,,0
1728093600,0.0055,0.0010000000000000009,2
1728097200,0.0055,,0
1728100800,0.0055,,0
1728104400,0.0055,,0
1728108000,0.0055,,0
1728111600,0.0055,0.0010000000000000009,2
1728115200,0.0055,,0
1728118800,0.0055,,0
1728122400,0.0055,,0
1728126000,0.0055,,0
1728129600,0.0055,,0
1728133200,0.0055,,0
1728136800,0.0055,,0
1728140400,0.0055,,0
1728144000,0.0055,,0
1728147600,0.0055,0.0010000000000000009,2
1728151200,0.0055,0.0009999999999999638,6
1728154800,0.0055,0.001000000000000011,11
1728158400,0.0055,0.0010000000000000132,9
1728162000,0.0055,0.0010000000000000009,2
1728165600,0.0055,,0
1728169200,0.0055,,0
1728172800,0.0055,,0
1728176400,0.0055,,0
1728180000,0.0055,0.0010000000000000009,2
1728183600,0.0055,,0
1728187200,0.0055,,0
1728190800,0.0055,,0
1728194400,0.0055,,0
1728198000,0.0055,,0
1728201600,0.0055,0.0010000000000000009,2
1728205200,0.0055,0.0010000000000000009,2
1728208800,0.0055,,0
1728212400,0.0055,,0
1728216000,0.0055,,0
1728219600,0.0055,,0
1728223200,0.0055,,0
1728226800,0.0055,0.0010000000000000009,2
1728230400,0.0055,,0
1728234000,0.0055,,0
1728237600,0.0055,0.0010000000000000009,2
1728241200,0.0055,,0
1728244800,0.0055,,0
1728248400,0.0055,,0
1728252000,0.0055,,0
1728255600,0.0055,,0
1728259200,0.0055,,0
1728262800,0.0055,0.0009999999999999638,3
1728266400,0.0055,,0
1728270000,0.0055,,0
1728273600,0.0055,,0
1728277200,0.0055,,0
1728280800,0.0055,,0
1728284400,0.0055,,0
1728288000,0.0055,,0
1728291600,0.0055,,0
1728295200,0.0055,,0
1728298800,0.0055,,0
1728302400,0.0055,,0
1728306000,0.0055,0.0009999999999998899,1
1728309600,0.0055,0.001000000000000112,1
1728313200,0.0055,,0
1728316800,0.0055,,0
1728320400,0.0055,,0
1728324000,0.0055,,0
1728327600,0.0055,0.0010000000000000009,2
1728331200,0.0055,,0
1728334800,0.0055,,0
1728338400,0.0055,,0
1728342000,0.005,0.0020000000000000018,5
1728345600,0.005,0.0013333333333333346,3
1728349200,0.0045,0.001666666666666667,3
1728352800,0.004,0.0020000000000000018,2
1728356400,0.004,0.0020000000000000013,3
1728360000,0.0045,0.0010000000000000009,2
1728363600,0.0045,0.0010000000000000009,2
1728367200,0.0045,,0
1728370800,0.0045,,0
1728374400,0.0045,,0
1728378000,0.0045,,0
1728381600,0.0045,,0
1728385200,0.0045,0.0010000000000000009,2
1728388800,0.0045,,0
1728392400,0.0045,0.0010000000000000009,2
1728396000,0.0045,0.0010000000000000009,2
1728399600,0.0045,,0
1728403200,0.0045,0.0009999999999999638,3
1728406800,0.0045,0.001000000000000112,1
1728410400,0.0045,0.0010000000000000009,4
1728414000,0.0045,0.0009999999999999638,3
1728417600,0.0045,0.0010000000000000009,2
1728421200,0.0045,0.0010000000000000009,8
1728424800,0.0045,0.001000000000000023,5
1728428400,0.0045,0.0010000000000000009,4
1728432000,0.0045,0.0010000000000000009,6
1728435600,0.0035,,0
1728439200,0.0035,0.0009999998999999926,4
1728442800,0.0035,0.0009999998799999688,5
1728446400,0.0035,0.001000000000000112,1
1728450000,0.0035,0.0009999995999998568,1
1728453600,0.0035,0.0009999996249999699,8
1728457200,0.0035,0.0010000000000000009,2
1728460800,0.0035,0.00099999877142855,7
1728464400,0.0035,0.0009999997499999802,4
1728468000,0.0035,,0
1728471600,0.0035,,0
1728475200,0.0035,,0
1728478800,0.0035,0.0009999999999999638,3
1728482400,0.0035,0.0009999996000000049,3
1728486000,0.0035,0.0009999980000000575,2
1728489600,0.0035,0.0009999993999999512,2
1728493200,0.0035,0.0009999916999999803,2
1728496800,0.0035,0.0009999991599999535,5
1728500400,0.0035,0.0009999997333333492,3
1728504000,0.0035,0.0009999991999998237,1
1728507600,0.0035,,0
1728511200,0.0035,,0
1728514800,0.0035,,0
1728518400,0.0035,,0
1728522000,0.0035,,0
1728525600,0.0035,0.000999999999999945,2
1728529200,0.0035,0.0010000000000000009,8
1728532800,0.0035,0.0010000000000000009,4
1728536400,0.0035,0.0010000000000000132,9
1728540000,0.0035,0.0009999997499999802,4
1728543600,0.0035,,0
1728547200,0.0035,,0
1728550800,0.0035,0.0009999994666665863,3
1728554400,0.0035,0.0009999997999999843,2
1728558000,0.0035,0.001000000000000112,1
1728561600,0.0035,,0
1728565200,0.0035,,0
1728568800,0.0035,0.000999999699999976,2
1728572400,0.0035,,0
1728576000,0.0035,,0
1728579600,0.0035,,0
1728583200,0.0035,0.0010000000000000009,2
1728586800,0.0035,0.0010000000000000009,2
1728590400,0.0035,,0
1728594000,0.0035,0.0009999995999999678,2
1728597600,0.0035,0.0010000000000000009,2
1728601200,0.0035,,0
1728604800,0.0035,,0
1728608400,0.0035,,0
1728612000,0.0035,,0
1728615600,0.0035,,0
1728619200,0.0035,,0
1728622800,0.0035,,0
1728626400,0.0035,,0
1728630000,0.0035,,0
1728633600,0.0035,0.0010000000000000746,3
1728637200,0.0045,0.0010000000000000167,7
1728640800,0.0045,0.0009999999999999788,5
1728644400,0.0045,0.001000000000000038,6
1728648000,0.0045,,0
1728651600,0.0045,0.0010000000000000009,4
1728655200,0.0045,0.0010000000000000009,6
1728658800,0.0045,,0
1728662400,0.0045,0.0010000000000000009,6
1728666000,0.0045,,0
1728669600,0.0045,,0
1728673200,0.0045,,0
1728676800,0.0045,,0
1728680400,0.0045,,0
1728684000,0.0045,,0
1728687600,0.0045,,0
1728691200,0.0045,,0
1728694800,0.0045,,0
1728698400,0.0045,,0
1728702000,0.0045,,0
1728705600,0.0045,,0
1728709200,0.004,,0
1728712800,0.004,,0
1728716400,0.004,,0
1728720000,0.004,,0
1728723600,0.004,,0
1728727200,0.004,,0
1728730800,0.004,,0
1728734400,0.004,0.001999999399999952,1
1728738000,0.004,0.0020000000000000018,1
1728741600,0.004,0.0019999998999999935,6
1728745200,0.004,0.001999999699999977,2
1728748800,0.004,0.001999999639999972,10
1728752400,0.004,,0
1728756000,0.004,0.0019999996285713995,7
1728759600,0.004,0.0020000000000000018,5
1728763200,0.004,0.0019999991999999356,1
1728766800,0.004,0.0019999995599999654,5
1728770400,0.004,0.001999999733333313,3
1728774000,0.004,0.0009999993999999512,2
1728777600,0.004,,0
1728781200,0.004,0.0020000000000000018,2
1728784800,0.004,,0
1728788400,0.004,,0
1728792000,0.004,,0
1728795600,0.004,0.001999999699999977,2
1728799200,0.004,,0
1728802800,0.004,,0
1728806400,0.004,,0
1728810000,0.004,,0
1728813600,0.004,,0
1728817200,0.004,,0
1728820800,0.004,,0
1728824400,0.004,,0
1728828000,0.004,,0
1728831600,0.004,,0
1728835200,0.004,,0
1728838800,0.004,,0
1728842400,0.004,,0
1728846000,0.004,0.0019999995333332965,3
1728849600,0.004,0.0019999998333333213,6
1728853200,0.004,0.0019999998749999914,8
1728856800,0.004,0.0020000000000000018,3
1728860400,0.004,0.0020000000000000018,2
1728864000,0.004,0.0019999991999999356,1
1728867600,0.004,0.0019999996571428307,7
1728871200,0.004,,0
1728874800,0.004,0.0019999994999999604,4
1728878400,0.004,,0
1728882000,0.004,0.0020000000000000018,2
1728885600,0.004,,0
1728889200,0.004,0.001999999699999977,2
1728892800,0.004,,0
1728896400,0.004,,0
1728900000,0.004,,0
1728903600,0.004,,0
1728907200,0.004,,0
1728910800,0.004,,0
1728914400,0.004,,0
1728918000,0.004,,0
1728921600,0.0045,,0
1728925200,0.0045,,0
1728928800,0.0045,,0
1728932400,0.004,,0
1728936000,0.004,,0
1728939600,0.004,,0
1728943200,0.004,,0
1728946800,0.004,,0
1728950400,0.004,,0
1728954000,0.004,,0
1728957600,0.004,,0
1728961200,0.004,,0
1728964800,0.004,,0
1728968400,0.004,,0
1728972000,0.004,,0
1728975600,0.0035,0.001000000000000112,1
1728979200,0.0035,0.0009999993999999512,2
1728982800,0.0035,0.000999999699999976,2
1728986400,0.0035,0.0009999997999999843,2
1728990000,0.0035,0.0009999995999999678,2
1728993600,0.0035,0.0009999995666665946,6
1728997200,0.0035,0.0009999998333333575,6
1729000800,0.0035,0.000999999666666603,6
1729004400,0.0035,0.0010000000000000564,4
1729008000,0.0035,,0
1729011600,0.0035,0.001000000000000038,3
1729015200,0.0035,0.000999999699999976,4
1729018800,0.0035,0.0009999995999999457,5
1729022400,0.0035,0.001000000000000112,1
1729026000,0.0035,0.0009999997999999843,2
1729029600,0.0035,0.0009999996399999045,5
1729033200,0.0035,0.001000000000000023,5
1729036800,0.0035,0.0009999997600000031,5
1729040400,0.0035,0.0009999995499999637,4
1729044000,0.0035,0.0010000000000000009,2
1729047600,0.0035,0.0009999999999998899,1
1729051200,0.0035,0.0009999998000000214,3
1729054800,0.0035,,0
1729058400,0.0035,0.0019999997999999852,4
1729062000,0.004,,0
1729065600,0.004,,0
1729069200,0.004,,0
1729072800,0.004,0.0020000000000000018,1
1729076400,0.004,0.0020000000000000018,1
1729080000,0.004,,0
1729083600,0.004,,0
1729087200,0.004,,0
1729090800,0.004,,0
1729094400,0.004,,0
1729098000,0.004,,0
1729101600,0.004,,0
1729105200,0.004,0.002,1
1729108800,0.004,,0
1729112400,0.004,,0
1729116000,0.004,,0
1729119600,0.004,,0
1729123200,0.004,,0
1729126800,0.004,,0
1729130400,0.004,,0
1729134000,0.004,,0
1729137600,0.004,,0
1729141200,0.004,0.0020000000000000018,3
1729144800,0.004,0.001999997800000042,1
1729148400,0.004,,0
1729152000,0.004,,0
1729155600,0.004,,0
1729159200,0.004,0.0019999940999999577,2
1729162800,0.004,,0
1729166400,0.004,,0
1729170000,0.004,,0
1729173600,0.004,0.0019999997999999852,2
1729177200,0.004,0.001999999699999977,2
1729180800,0.004,0.001999999733333313,3
1729184400,0.004,0.0015999999199999948,5
1729188000,0.0035,0.0009999998499999885,8
1729191600,0.004,0.0016666663333333072,6
1729195200,0.0035,0.0009999992666665698,3
1729198800,0.0035,0.001000000000000112,1
1729202400,0.0035,,0
1729206000,0.0035,,0
1729209600,0.0035,0.0009999999999998899,1
1729213200,0.0035,0.001000000000000112,1
1729216800,0.0035,,0
1729220400,0.0035,0.0009999999999998899,2
1729224000,0.0035,0.0009999999999998899,2
1729227600,0.0035,0.0009999968999999664,4
1729231200,0.0035,0.0009999999999998899,3
1729234800,0.0035,0.0009999997999998733,1
1729238400,0.0035,,0
1729242000,0.0035,,0
1729245600,0.0035,,0
1729249200,0.0035,,0
1729252800,0.0035,,0
1729256400,0.0035,,0
1729260000,0.0035,,0
1729263600,0.0035,,0
1729267200,0.0035,0.000999993800000043,2
1729270800,0.0035,,0
1729274400,0.0035,,0
1729278000,0.0035,,0
1729281600,0.0035,,0
1729285200,0.0035,0.0010000000000000009,2
1729288800,0.0035,,0
1729292400,0.0035,,0
1729296000,0.0035,,0
1729299600,0.0035,,0
1729303200,0.0035,,0
1729306800,0.0035,0.0009999999999998899,2
1729310400,0.0035,0.0009999999999998899,2
1729314000,0.0035,,0
1729317600,0.0035,,0
1729321200,0.0035,,0
1729324800,0.0035,,0
1729328400,0.0035,,0
1729332000,0.0035,,0
1729335600,0.0035,,0
1729339200,0.0035,,0
1729342800,0.0035,,0
1729346400,0.0035,,0
1729350000,0.0035,,0
1729353600,0.0035,0.0009999999999999534,7
1729357200,0.0035,0.001000000000000023,10
1729360800,0.0035,0.0010000000000000009,8
1729364400,0.0035,0.0010000000000000009,10
1729368000,0.0035,0.0010000000000000009,10
1729371600,0.0035,0.0009999999999999907,11
1729375200,0.0035,0.0010000000000000167,7
1729378800,0.0035,0.001000000000000023,5
1729382400,0.0035,0.0010000000000000009,2
1729386000,0.0035,0.0010000000000000009,2
1729389600,0.0035,,0
1729393200,0.0035,0.0009999940999999568,2
1729396800,0.0035,,0
1729400400,0.0035,,0
1729404000,0.0035,,0
1729407600,0.0035,,0
1729411200,0.0035,,0
1729414800,0.0035,,0
1729418400,0.0035,0.0010000000000000009,2
1729422000,0.0035,0.0009999997333332998,9
1729425600,0.0035,0.00099999966666664,6
1729429200,0.0035,0.0009999997428571223,7
1729432800,0.0035,0.000999999666666603,3
1729436400,0.0035,0.0009999998249999864,8
1729440000,0.0035,0.0010000000000000009,12
1729443600,0.0035,0.0009999999999999907,11
1729447200,0.0035,0.0009999999999999907,11
1729450800,0.0035,0.0010000000000000167,14
1729454400,0.0035,0.0010000000000000009,10
1729458000,0.0035,0.0010000000000000009,2
1729461600,0.0035,0.0010000000000000132,9
1729465200,0.0035,0.0009999999999998899,1
1729468800,0.0035,0.0009999998499999885,4
1729472400,0.0035,0.001000000000000112,1
1729476000,0.0035,,0
1729479600,0.0035,,0
1729483200,0.0035,0.001,1
1729486800,0.0035,,0
1729490400,0.0035,,0
1729494000,0.0035,,0
1729497600,0.0035,,0
1729501200,0.0035,,0
1729504800,0.0035,,0
1729508400,0.0035,,0
1729512000,0.0035,0.0009999999999999638,3
1729515600,0.0035,0.001000000000000112,1
1729519200,0.0035,,0
1729522800,0.0035,,0
1729526400,0.0035,,0
1729530000,0.0035,,0
1729533600,0.0035,,0
1729537200,0.0035,,0
1729540800,0.0035,,0
1729544400,0.0035,,0
1729548000,0.0035,,0
1729551600,0.0035,,0
1729555200,0.0035,,0
1729558800,0.0035,,0
1729562400,0.0035,0.0009999999999998899,1
1729566000,0.0035,,0
1729569600,0.0035,,0
1729573200,0.0035,,0
1729576800,0.0035,0.0009999984999999878,2
1729580400,0.0035,0.0009999992000000457,2
1729584000,0.0035,,0
1729587600,0.0035,,0
1729591200,0.0035,,0
1729594800,0.0035,0.001,2
1729598400,0.0035,,0
1729602000,0.0035,,0
1729605600,0.0035,,0
1729609200,0.0035,,0
1729612800,0.0035,,0
1729616400,0.0035,,0
1729620000,0.0035,,0
1729623600,0.0035,,0
1729627200,0.0035,,0
1729630800,0.0035,,0
1729634400,0.0035,,0
1729638000,0.0035,0.001,1
1729641600,0.0035,,0
1729645200,0.0035,,0
1729648800,0.0035,,0
1729652400,0.0035,,0
1729656000,0.0035,,0
1729659600,0.0035,,0
1729663200,0.0035,,0
1729666800,0.0035,,0
1729670400,0.0035,,0
1729674000,0.0035,,0
1729677600,0.0035,,0
1729681200,0.0035,,0
1729684800,0.0035,,0
1729688400,0.0035,,0
1729692000,0.0035,,0
1729695600,0.0035,,0
1729699200,0.0035,,0
1729702800,0.0035,,0
1729706400,0.0035,,0
1729710000,0.0035,,0
1729713600,0.0035,,0
1729717200,0.0035,,0
1729720800,0.0035,,0
1729724400,0.0035,,0
1729728000,0.0035,,0
1729731600,0.0035,,0
1729735200,0.0035,,0
1729738800,0.0035,,0
1729742400,0.0035,,0
1729746000,0.0035,,0
1729749600,0.0035,,0
1729753200,0.0035,,0
1729756800,0.0035,,0
1729760400,0.0035,,0
1729764000,0.0035,,0
1729767600,0.0035,,0
1729771200,0.0035,,0
1729774800,0.0035,,0
1729778400,0.0035,,0
1729782000,0.0035,,0
1729785600,0.0035,,0
1729789200,0.0035,,0
1729792800,0.0035,,0
1729796400,0.0035,,0
1729800000,0.0035,,0
1729803600,0.0035,,0
1729807200,0.0035,,0
1729810800,0.0035,,0
1729814400,0.0035,,0
1729818000,0.0035,,0
1729821600,0.0035,0.001,1
1729825200,0.0035,,0
1729828800,0.0035,0.0009999999999999638,3
1729832400,0.0035,0.001000000000000023,5
1729836000,0.0035,,0
1729839600,0.0035,,0
1729843200,0.0035,,0
1729846800,0.0035,0.0009999966999999499,2
1729850400,0.0035,,0
1729854000,0.0035,,0
1729857600,0.0035,0.0009999935999998044,1
1729861200,0.0035,0.0010000000000000746,3
1729864800,0.0035,,0
1729868400,0.0035,,0
1729872000,0.0035,0.001,1
1729875600,0.0035,,0
1729879200,0.0035,,0
1729882800,0.0035,,0
1729886400,0.0035,,0
1729890000,0.0035,,0
1729893600,0.0035,,0
1729897200,0.0035,,0
1729900800,0.0035,,0
1729904400,0.0035,,0
1729908000,0.0035,0.0009999999999999788,5
1729911600,0.0035,0.001000000000000112,1
1729915200,0.0035,0.0009999999999999788,5
1729918800,0.0035,0.0010000000000000009,8
1729922400,0.0035,0.001000000000000023,5
1729926000,0.0035,,0
1729929600,0.0035,,0
1729933200,0.0035,0.001000000000000112,1
1729936800,0.0035,,0
1729940400,0.0035,,0
1729944000,0.0035,,0
1729947600,0.0035,0.001,5
1729951200,0.0035,0.001,1
1729954800,0.0035,,0
1729958400,0.0035,,0
1729962000,0.0035,,0
1729965600,0.0035,,0
1729969200,0.0035,,0
1729972800,0.0035,,0
1729976400,0.0035,,0
1729980000,0.0035,0.0009999968999999664,2
1729983600,0.0035,,0
1729987200,0.0035,,0
1729990800,0.0035,0.0009999999999998899,1
1729994400,0.0035,0.0010000000000000009,4
1729998000,0.0035,0.001000000000000112,1
1730001600,0.0035,0.0010000000000000009,2
1730005200,0.0035,0.0010000000000000009,4
1730008800,0.0035,,0
1730012400,0.0035,,0
1730016000,0.0035,,0
1730019600,0.0035,0.001,2
1730023200,0.0035,,0
1730026800,0.0035,,0
1730030400,0.0035,0.001,1
1730034000,0.0035,,0
1730037600,0.0035,,0
1730041200,0.0035,,0
1730044800,0.0035,,0
1730048400,0.0035,0.0010000000000000009,2
1730052000,0.0035,,0
1730055600,0.0035,0.001,1
1730059200,0.0035,0.0009999995999999955,8
1730062800,0.0035,0.0010000000000000009,6
1730066400,0.0035,0.0009999999999999638,6
1730070000,0.0035,0.0010000000000000009,4
1730073600,0.0035,0.001000000000000038,6
1730077200,0.0035,0.0010000000000000009,2
1730080800,0.0035,0.0009999999999999454,4
1730084400,0.0035,0.001000000000000038,3
1730088000,0.0035,0.0010000000000000009,4
1730091600,0.0035,0.001000000000000112,1
1730095200,0.0035,0.0010000000000000009,2
1730098800,0.0035,,0
1730102400,0.0035,0.001000000000000038,3
1730106000,0.0035,0.001000000000000112,2
1730109600,0.0035,0.001,1
1730113200,0.0035,,0
1730116800,0.0035,,0
1730120400,0.0035,,0
1730124000,0.0035,,0
1730127600,0.0035,,0
1730131200,0.0035,,0
1730134800,0.0035,,0
1730138400,0.0035,,0
1730142000,0.0035,,0
1730145600,0.0035,0.001,2
1730149200,0.004,,0
1730152800,0.004,,0
1730156400,0.004,,0
1730160000,0.004,,0
1730163600,0.004,,0
1730167200,0.004,,0
1730170800,0.004,,0
1730174400,0.004,,0
1730178000,0.004,,0
1730181600,0.004,0.002,1
1730185200,0.004,0.0020000000000000018,2
1730188800,0.004,,0
1730192400,0.004,,0
1730196000,0.004,,0
1730199600,0.004,,0
1730203200,0.004,,0
1730206800,0.004,0.0032425494999999997,2
1730210400,0.0045,,0
1730214000,0.0045,0.0030000000000000027,2
1730217600,0.0045,,0
1730221200,0.0045,,0
1730224800,0.005,,0
1730228400,0.005,,0
1730232000,0.005,,0
1730235600,0.005,,0
1730239200,0.005,,0
1730242800,0.005,,0
1730246400,0.005,,0
1730250000,0.005,,0
1730253600,0.005,,0
1730257200,0.005,0.0020378332000000002,1
1730260800,0.0055,,0
1730264400,0.0055,,0
1730268000,0.0055,,0
1730271600,0.0055,,0
1730275200,0.0055,,0
1730278800,0.0055,,0
1730282400,0.0055,,0
1730286000,0.0055,,0
1730289600,0.0055,,0
1730293200,0.0055,,0
1730296800,0.0055,,0
1730300400,0.0055,,0
1730304000,0.0055,,0
1730307600,0.0055,,0
1730311200,0.0055,,0
1730314800,0.0055,,0
1730318400,0.0055,,0
1730322000,0.0055,,0
1730325600,0.0055,,0
1730329200,0.0055,,0
1730332800,0.0055,,0
1730336400,0.0055,,0
1730340000,0.0055,,0
1730343600,0.0055,,0
1730347200,0.0055,,0
1730350800,0.0055,,0
1730354400,0.0055,,0
1730358000,0.0055,,0
1730361600,0.0055,,0
1730365200,0.0055,,0
1730368800,0.0055,,0
1730372400,0.0055,,0
1730376000,0.0055,,0
1730379600,0.0045,,0
1730383200,0.0055,,0
1730386800,0.0055,,0
1730390400,0.0055,0.003000000000000001,1
1730394000,0.0055,0.003000000000000001,1
1730397600,0.0055,,0
1730401200,0.0045,,0
1730404800,0.0055,,0
1730408400,0.0055,0.003000000000000001,1
1730412000,0.0055,,0
1730415600,0.0055,,0
1730419200,0.0055,,0
1730422800,0.0055,,0
1730426400,0.0055,,0
1730430000,0.0055,,0
1730433600,0.0055,0.0030000000000000027,2
1730437200,0.0055,,0
1730440800,0.0055,0.0029999999999998916,1
1730444400,0.0055,,0
1730448000,0.0055,0.0029999999999998916,1
1730451600,0.0055,,0
1730455200,0.0055,,0
1730458800,0.0055,,0
1730462400,0.0055,,0
1730466000,0.0055,,0
1730469600,0.0055,,0
1730473200,0.0055,,0
1730476800,0.0055,0.003000000000000001,1
1730480400,0.0055,,0
1730484000,0.0055,,0
1730487600,0.0055,,0
1730491200,0.0055,,0
1730494800,0.0055,,0
1730498400,0.0055,0.003000000000000001,1
1730502000,0.0055,,0
1730505600,0.0055,,0
1730509200,0.0055,,0
1730512800,0.0055,,0
1730516400,0.0055,,0
1730520000,0.0055,,0
1730523600,0.0055,,0
1730527200,0.0055,,0
1730530800,0.0055,,0
1730534400,0.0055,,0
1730538000,0.0055,,0
1730541600,0.0055,,0
1730545200,0.0055,,0
1730548800,0.0055,,0
1730552400,0.0055,0.002999999999999999,1
1730556000,0.0035,,0
1730559600,0.0035,,0
1730563200,0.0035,0.0009999999999998899,1
1730566800,0.0035,0.0009999999999998899,1
1730570400,0.0035,,0
1730574000,0.0035,,0
1730577600,0.0035,,0
1730581200,0.0035,,0
1730584800,0.0035,,0
1730588400,0.0035,,0
1730592000,0.0035,,0
1730595600,0.0035,,0
1730599200,0.0035,,0
1730602800,0.0035,,0
1730606400,0.0035,,0
1730610000,0.0035,0.001000000000000112,1
1730613600,0.0035,,0
1730617200,0.0035,,0
1730620800,0.0035,,0
1730624400,0.0035,,0
1730628000,0.0035,,0
1730631600,0.0035,,0
1730635200,0.0035,,0
1730638800,0.0035,0.0009999854799998876,5
1730642400,0.0035,0.0009999840857141593,7
1730646000,0.0035,0.0009999859999998664,9
1730649600,0.0035,0.004313455999999979,3
1730653200,0.009,0.010000000000000009,3
1730656800,0.009,0.010000000000000009,2
1730660400,0.009,0.010000000000000009,5
1730664000,0.009,0.010000000000000009,4
1730667600,0.009,0.010000000000000009,3
1730671200,0.009,0.010000000000000009,7
1730674800,0.009,0.010000000000000009,7
1730678400,0.009,0.010000000000000009,12
1730682000,0.009,0.010000000000000009,3
1730685600,0.009,0.011076153377777774,9
1730689200,0.008,0.009999764400000055,2
1730692800,0.0085,0.010999759836363527,11
1730696400,0.0085,0.010999940999999902,10
1730700000,0.0085,0.01124990419999991,8
1730703600,0.0085,0.010999960755555439,9
1730707200,0.0085,0.010999959333333222,9
1730710800,0.008,0.009999793615384629,13
1730714400,0.008,0.009999532759999985,10
1730718000,0.008,0.009999951200000004,6
1730721600,0.008,0.009999984600000022,5
1730725200,0.008,,0
1730728800,0.008,0.009999402028571414,7
1730732400,0.008,0.00999992945,4
1730736000,0.008,0.009998964799999954,4
1730739600,0.008,0.009999608700000015,6
1730743200,0.008,0.009999873900000011,2
1730746800,0.008,0.009999985000000017,8
1730750400,0.008,0.00999998660000001,1
1730754000,0.008,,0
1730757600,0.008,,0
1730761200,0.008,,0
1730764800,0.008,,0
1730768400,0.008,,0
1730772000,0.008,,0
1730775600,0.008,,0
1730779200,0.008,,0
1730782800,0.008,,0
1730786400,0.008,,0
1730790000,0.008,,0
1730793600,0.008,,0
1730797200,0.008,0.009999984999999989,2
1730800800,0.008,,0
1730804400,0.008,,0
1730808000,0.008,,0
1730811600,0.008,,0
1730815200,0.003,0.0039603064,1
1730818800,0.0035,,0
1730822400,0.0035,,0
1730826000,0.0035,,0
1730829600,0.0035,,0
1730833200,0.0035,,0
1730836800,0.0035,,0
1730840400,0.0035,0.003,1
1730847600,0.0035,,0
1730851200,0.0035,,0
1730854800,0.0035,,0
1730858400,0.0035,,0
1730862000,0.0035,,0
1730865600,0.0035,,0
1730869200,0.0035,0.003,1
1730872800,0.0025,,0
1730876400,0.0025,,0
1730880000,0.0025,,0
1730883600,0.0025,,0
1730887200,0.0025,0.002999999999999946,2
1730890800,0.002,,0
1730894400,0.002,,0
1730898000,0.002,,0
1730901600,0.002,,0
1730905200,0.002,,0
