timestamp,mid_yes,heuristic_effective_spread,n_trades
1750698000,0.5,,0
1750701600,0.25,,0
1750705200,0.25,,0
1750708800,0.2,,0
1750712400,0.2,,0
1750716000,0.2,,0
1750719600,0.2,,0
1750723200,0.2,,0
1750726800,0.2,,0
1750730400,0.2,,0
1750734000,0.2,,0
1750737600,0.2,,0
1750741200,0.2,,0
1750744800,0.205,,0
1750748400,0.205,,0
1750752000,0.205,,0
1750755600,0.205,,0
1750759200,0.205,,0
1750762800,0.205,,0
1750766400,0.205,,0
1750770000,0.205,,0
1750773600,0.205,,0
1750777200,0.205,,0
1750780800,0.205,,0
1750784400,0.205,,0
1750788000,0.205,,0
1750791600,0.205,,0
1750795200,0.205,,0
1750798800,0.205,,0
1750802400,0.205,,0
1750806000,0.205,,0
1750809600,0.175,,0
1750813200,0.205,,0
1750816800,0.205,,0
1750820400,0.205,,0
1750824000,0.205,,0
1750827600,0.205,,0
1750831200,0.205,,0
1750834800,0.205,,0
1750838400,0.205,,0
1750842000,0.205,,0
1750845600,0.205,,0
1750849200,0.205,,0
1750852800,0.205,,0
1750856400,0.205,,0
1750860000,0.205,,0
1750863600,0.205,,0
1750867200,0.2,,0
1750870800,0.2,,0
1750874400,0.2,,0
1750878000,0.205,,0
1750881600,0.205,,0
1750885200,0.205,,0
1750888800,0.2,,0
1750892400,0.205,,0
1750896000,0.205,,0
1750899600,0.205,,0
1750903200,0.205,,0
1750906800,0.205,,0
1750910400,0.205,,0
1750914000,0.205,,0
1750917600,0.205,,0
1750921200,0.205,,0
1750924800,0.2,,0
1750928400,0.2,,0
1750932000,0.2,,0
1750935600,0.2,,0
1750939200,0.2,,0
1750942800,0.175,,0
1750946400,0.2,,0
1750950000,0.2,,0
1750953600,0.205,,0
1750957200,0.205,,0
1750960800,0.205,,0
1750964400,0.205,,0
1750968000,0.205,,0
1750971600,0.205,,0
1750975200,0.205,,0
1750978800,0.205,,0
1750982400,0.205,,0
1750986000,0.205,,0
1750989600,0.205,,0
1750993200,0.205,,0
1750996800,0.205,,0
1751000400,0.205,,0
1751004000,0.205,,0
1751007600,0.205,,0
1751011200,0.205,,0
1751014800,0.205,,0
1751018400,0.205,,0
1751022000,0.205,,0
1751025600,0.205,,0
1751029200,0.205,,0
1751032800,0.205,,0
1751036400,0.205,,0
1751040000,0.205,,0
1751043600,0.205,,0
1751047200,0.205,0.3899999999999999,2
1751050800,0.2,,0
1751054400,0.2,,0
1751058000,0.2,,0
1751061600,0.2,,0
1751065200,0.2,,0
1751068800,0.2,,0
1751072400,0.2,,0
1751076000,0.2,,0
1751079600,0.2,,0
1751083200,0.2,,0
1751086800,0.2,,0
1751090400,0.2,,0
1751094000,0.2,,0
1751097600,0.2,,0
1751101200,0.2,,0
1751104800,0.2,,0
1751108400,0.2,,0
1751112000,0.2,,0
1751115600,0.2,,0
1751119200,0.2,,0
1751122800,0.2,,0
1751126400,0.2,,0
1751130000,0.2,,0
1751133600,0.2,,0
1751137200,0.2,,0
1751140800,0.2,,0
1751144400,0.2,,0
1751148000,0.2,,0
1751151600,0.2,,0
1751155200,0.2,,0
1751158800,0.2,,0
1751162400,0.2,,0
1751166000,0.2,,0
1751169600,0.2,,0
1751173200,0.2,,0
1751176800,0.2,,0
1751180400,0.2,,0
1751184000,0.2,,0
1751187600,0.2,,0
1751191200,0.2,,0
1751194800,0.2,,0
1751198400,0.2,,0
1751202000,0.2,,0
1751205600,0.2,,0
1751209200,0.2,,0
1751212800,0.2,,0
1751216400,0.2,,0
1751220000,0.2,,0
1751223600,0.2,,0
1751227200,0.2,,0
1751230800,0.2,,0
1751234400,0.2,,0
1751238000,0.2,,0
1751241600,0.2,,0
1751245200,0.2,,0
1751248800,0.2,,0
1751252400,0.2,,0
1751256000,0.2,,0
1751259600,0.2,,0
1751263200,0.2,,0
1751266800,0.2,,0
1751270400,0.2,,0
1751274000,0.2,,0
1751277600,0.2,,0
1751281200,0.2,,0
1751284800,0.2,,0
1751288400,0.2,,0
1751292000,0.2,,0
1751295600,0.2,,0
1751299200,0.2,,0
1751302800,0.2,,0
1751306400,0.2,,0
1751310000,0.2,,0
1751313600,0.2,,0
1751317200,0.2,,0
1751320800,0.2,,0
1751324400,0.175,,0
1751328000,0.175,,0
1751331600,0.175,,0
1751335200,0.175,,0
1751338800,0.175,,0
1751342400,0.175,,0
1751346000,0.175,,0
1751349600,0.175,,0
1751353200,0.175,,0
1751356800,0.17,,0
1751360400,0.17,,0
1751364000,0.17,,0
1751367600,0.17,,0
1751371200,0.14,,0
1751374800,0.14,,0
1751378400,0.14,,0
1751382000,0.14,,0
1751385600,0.14,,0
1751389200,0.14,,0
1751392800,0.14,,0
1751396400,0.14,,0
1751400000,0.14,,0
1751403600,0.14,,0
1751407200,0.14,,0
1751410800,0.14,,0
1751414400,0.14,,0
1751418000,0.14,,0
1751421600,0.14,,0
1751425200,0.14,,0
1751428800,0.14,,0
1751432400,0.14,,0
1751436000,0.14,,0
1751439600,0.14,,0
1751443200,0.14,,0
1751446800,0.14,,0
1751450400,0.14,,0
1751454000,0.14,,0
1751457600,0.14,,0
1751461200,0.14,,0
1751464800,0.14,,0
1751468400,0.14,,0
1751472000,0.14,,0
1751475600,0.14,,0
1751479200,0.14,,0
1751482800,0.14,,0
1751486400,0.14,,0
1751490000,0.14,,0
1751493600,0.1,,0
1751497200,0.1,,0
1751500800,0.1,,0
1751504400,0.1,,0
1751508000,0.1,,0
1751511600,0.1,,0
1751515200,0.1,,0
1751518800,0.1,,0
1751522400,0.1,,0
1751526000,0.1,,0
1751529600,0.1,,0
1751533200,0.1,,0
1751536800,0.1,,0
1751540400,0.1,,0
1751544000,0.1,,0
1751547600,0.1,,0
1751551200,0.1,,0
1751554800,0.1,,0
1751558400,0.1,,0
1751562000,0.1,,0
1751565600,0.1,,0
1751569200,0.1,,0
1751572800,0.1,,0
1751576400,0.1,,0
1751580000,0.1,,0
1751583600,0.1,,0
1751587200,0.1,,0
1751590800,0.1,,0
1751594400,0.1,,0
1751598000,0.1,,0
1751601600,0.1,,0
1751605200,0.1,,0
1751608800,0.1,,0
1751612400,0.1,,0
1751616000,0.1,,0
1751619600,0.1,,0
1751623200,0.1,,0
1751626800,0.1,,0
1751630400,0.1,,0
1751634000,0.1,,0
1751637600,0.1,,0
1751641200,0.1,,0
1751644800,0.1,,0
1751648400,0.1,,0
1751652000,0.1,,0
1751655600,0.1,,0
1751659200,0.1,,0
1751662800,0.1,,0
1751666400,0.1,,0
1751670000,0.1,,0
1751673600,0.1,,0
1751677200,0.1,,0
1751680800,0.1,,0
1751684400,0.1,,0
1751688000,0.1,,0
1751691600,0.1,,0
1751695200,0.1,,0
1751698800,0.1,,0
1751702400,0.1,,0
1751706000,0.1,,0
1751709600,0.1,,0
1751713200,0.1,,0
1751716800,0.1,,0
1751720400,0.1,,0
1751724000,0.1,,0
1751727600,0.1,,0
1751731200,0.1,,0
1751734800,0.1,,0
1751738400,0.1,,0
1751742000,0.1,,0
1751745600,0.1,,0
1751749200,0.1,,0
1751752800,0.1,,0
1751756400,0.1,,0
1751760000,0.1,,0
1751763600,0.1,,0
1751767200,0.1,,0
1751770800,0.1,,0
1751774400,0.1,,0
1751778000,0.1,,0
1751781600,0.1,,0
1751785200,0.1,,0
1751788800,0.1,,0
1751792400,0.1,,0
1751796000,0.1,,0
1751799600,0.1,,0
1751803200,0.1,,0
1751806800,0.1,,0
1751810400,0.1,,0
1751814000,0.1,,0
1751817600,0.1,,0
1751821200,0.1,,0
1751824800,0.1,,0
1751828400,0.1,,0
1751832000,0.1,,0
1751835600,0.1,,0
1751839200,0.1,,0
1751842800,0.1,,0
1751846400,0.1,,0
1751850000,0.1,,0
1751853600,0.1,,0
1751857200,0.1,,0
1751860800,0.1,,0
1751864400,0.1,,0
1751868000,0.1,,0
1751871600,0.1,,0
1751875200,0.1,,0
1751878800,0.1,,0
1751882400,0.1,,0
1751886000,0.1,,0
1751889600,0.1,,0
1751893200,0.1,,0
1751896800,0.1,,0
1751900400,0.1,,0
1751904000,0.1,,0
1751907600,0.1,,0
1751911200,0.1,,0
1751914800,0.1,,0
1751918400,0.1,,0
1751922000,0.1,,0
1751925600,0.1,,0
1751929200,0.1,,0
1751932800,0.1,,0
1751936400,0.1,,0
1751940000,0.1,,0
1751943600,0.1,,0
1751947200,0.1,,0
1751950800,0.1,,0
1751954400,0.1,,0
1751958000,0.1,,0
1751961600,0.1,,0
1751965200,0.1,,0
1751968800,0.1,,0
1751972400,0.1,,0
1751976000,0.1,,0
1751979600,0.1,,0
1751983200,0.1,,0
1751986800,0.1,,0
1751990400,0.1,,0
1751994000,0.1,,0
1751997600,0.1,,0
1752001200,0.1,,0
1752004800,0.1,,0
1752008400,0.1,,0
1752012000,0.1,,0
1752015600,0.1,,0
1752019200,0.1,,0
1752022800,0.1,,0
1752026400,0.1,,0
1752030000,0.1,,0
1752033600,0.1,,0
1752037200,0.1,,0
1752040800,0.1,,0
1752044400,0.1,,0
1752048000,0.1,,0
1752051600,0.1,,0
1752055200,0.1,,0
1752058800,0.1,,0
1752062400,0.1,,0
1752066000,0.1,,0
1752069600,0.1,,0
1752073200,0.1,,0
1752076800,0.1,,0
1752080400,0.1,,0
1752084000,0.1,,0
1752087600,0.1,,0
1752091200,0.1,,0
1752094800,0.1,,0
1752098400,0.1,,0
1752102000,0.1,,0
1752105600,0.1,,0
1752109200,0.1,,0
1752112800,0.1,,0
1752116400,0.1,,0
1752120000,0.1,,0
1752123600,0.1,,0
1752127200,0.1,,0
1752130800,0.1,,0
1752134400,0.1,,0
1752138000,0.1,,0
1752141600,0.1,,0
1752145200,0.1,,0
1752148800,0.1,,0
1752152400,0.1,,0
1752156000,0.1,,0
1752159600,0.1,,0
1752163200,0.1,,0
1752166800,0.1,,0
1752170400,0.1,,0
1752174000,0.1,,0
1752177600,0.1,,0
1752181200,0.1,,0
1752184800,0.1,,0
1752188400,0.1,,0
1752192000,0.1,,0
1752195600,0.1,,0
1752199200,0.1,,0
1752202800,0.1,,0
1752206400,0.1,,0
1752210000,0.1,,0
1752213600,0.1,,0
1752217200,0.1,,0
1752220800,0.1,,0
1752224400,0.1,,0
1752228000,0.1,,0
1752231600,0.1,,0
1752235200,0.1,,0
1752238800,0.1,,0
1752242400,0.1,,0
1752246000,0.1,,0
1752249600,0.1,,0
1752253200,0.1,,0
1752256800,0.1,,0
1752260400,0.1,,0
1752264000,0.1,,0
1752267600,0.1,,0
1752271200,0.1,,0
1752274800,0.1,,0
1752278400,0.1,,0
1752282000,0.1,,0
1752285600,0.1,,0
1752289200,0.1,,0
1752292800,0.1,,0
1752296400,0.1,,0
1752300000,0.1,,0
1752303600,0.1,,0
1752307200,0.1,,0
1752310800,0.1,,0
1752314400,0.1,,0
1752318000,0.1,,0
1752321600,0.1,,0
1752325200,0.1,,0
1752328800,0.1,,0
1752332400,0.1,,0
1752336000,0.1,,0
1752339600,0.1,,0
1752343200,0.1,,0
1752346800,0.1,,0
1752350400,0.1,,0
1752354000,0.1,,0
1752357600,0.1,,0
1752361200,0.1,,0
1752364800,0.1,,0
1752368400,0.1,,0
1752372000,0.1,,0
1752375600,0.1,,0
1752379200,0.1,,0
1752382800,0.1,,0
1752386400,0.1,,0
1752390000,0.1,,0
1752393600,0.1,,0
1752397200,0.1,,0
1752400800,0.1,,0
1752404400,0.1,,0
1752408000,0.1,,0
1752411600,0.1,,0
1752415200,0.1,,0
1752418800,0.1,,0
1752422400,0.1,,0
1752426000,0.1,,0
1752429600,0.1,,0
1752433200,0.1,,0
1752436800,0.1,,0
1752440400,0.1,,0
1752444000,0.1,,0
1752447600,0.1,,0
1752451200,0.1,,0
1752454800,0.1,,0
1752458400,0.1,,0
1752462000,0.1,,0
1752465600,0.1,,0
1752469200,0.1,,0
1752472800,0.1,,0
1752476400,0.1,,0
1752480000,0.1,,0
1752483600,0.1,,0
1752487200,0.1,,0
1752490800,0.1,,0
1752494400,0.1,,0
1752498000,0.1,,0
1752501600,0.1,,0
1752505200,0.1,,0
1752508800,0.1,,0
1752512400,0.1,,0
1752516000,0.1,,0
1752519600,0.1,,0
1752523200,0.1,,0
1752526800,0.1,,0
1752530400,0.1,,0
1752534000,0.1,,0
1752537600,0.1,,0
1752541200,0.1,,0
1752544800,0.1,,0
1752548400,0.1,,0
1752552000,0.1,,0
1752555600,0.1,,0
1752559200,0.1,,0
1752562800,0.1,,0
1752566400,0.095,,0
1752570000,0.09,,0
1752573600,0.095,,0
1752577200,0.1,,0
1752580800,0.095,,0
1752584400,0.1,,0
1752588000,0.095,,0
1752591600,0.075,,0
1752595200,0.07,,0
1752598800,0.07,,0
1752602400,0.07,,0
1752606000,0.07,,0
1752609600,0.065,,0
1752613200,0.08,,0
1752616800,0.07,,0
1752620400,0.07,,0
1752624000,0.07,,0
1752627600,0.07,,0
1752631200,0.07,,0
1752634800,0.07,,0
1752638400,0.07,,0
1752642000,0.07,,0
1752645600,0.07,,0
1752649200,0.09,,0
1752652800,0.085,,0
1752656400,0.09,,0
1752660000,0.095,,0
1752663600,0.08,,0
1752667200,0.07,,0
1752670800,0.1,,0
1752674400,0.085,,0
1752678000,0.085,,0
1752681600,0.09,,0
1752685200,0.07,,0
1752688800,0.09,,0
1752692400,0.085,,0
1752696000,0.075,,0
1752699600,0.1,0.18000000000000002,1
1752703200,0.1,,0
1752706800,0.1,0.17999999999999994,1
1752710400,0.1,,0
1752714000,0.1,,0
1752717600,0.1,,0
1752721200,0.1,,0
1752724800,0.1,,0
1752728400,0.1,,0
1752732000,0.1,,0
1752735600,0.1,,0
1752739200,0.1,,0
1752742800,0.1,,0
1752746400,0.1,,0
1752750000,0.1,,0
1752753600,0.1,,0
1752757200,0.1,,0
1752760800,0.1,,0
1752764400,0.1,,0
1752768000,0.1,,0
1752771600,0.1,,0
1752775200,0.1,,0
1752778800,0.1,,0
1752782400,0.1,,0
1752786000,0.1,,0
1752789600,0.1,,0
1752793200,0.1,,0
1752796800,0.1,,0
1752800400,0.1,,0
1752804000,0.1,,0
1752807600,0.1,,0
1752811200,0.1,,0
1752814800,0.1,,0
1752818400,0.1,,0
1752822000,0.1,,0
1752825600,0.1,,0
1752829200,0.095,,0
1752832800,0.1,,0
1752836400,0.1,,0
1752840000,0.095,,0
1752843600,0.1,,0
1752847200,0.1,,0
1752850800,0.09,,0
1752854400,0.1,,0
1752858000,0.1,,0
1752861600,0.1,,0
1752865200,0.1,,0
1752868800,0.1,,0
1752872400,0.1,,0
1752876000,0.1,,0
1752879600,0.1,,0
1752883200,0.1,,0
1752886800,0.1,,0
1752890400,0.1,,0
1752894000,0.1,,0
1752897600,0.1,,0
1752901200,0.1,,0
1752904800,0.1,,0
1752908400,0.1,,0
1752912000,0.1,,0
1752915600,0.1,,0
1752919200,0.1,,0
1752922800,0.1,,0
1752926400,0.1,,0
1752930000,0.1,,0
1752933600,0.1,,0
1752937200,0.1,,0
1752940800,0.1,,0
1752944400,0.1,,0
1752948000,0.1,,0
1752951600,0.1,,0
1752955200,0.1,,0
1752958800,0.1,,0
1752962400,0.1,,0
1752966000,0.1,,0
1752969600,0.1,,0
1752973200,0.1,,0
1752976800,0.1,,0
1752980400,0.1,,0
1752984000,0.1,,0
1752987600,0.1,,0
1752991200,0.1,,0
1752994800,0.1,,0
1752998400,0.1,,0
1753002000,0.1,,0
1753005600,0.1,,0
1753009200,0.1,,0
1753012800,0.1,,0
1753016400,0.1,,0
1753020000,0.1,,0
1753023600,0.1,,0
1753027200,0.1,,0
1753030800,0.1,,0
1753034400,0.1,,0
1753038000,0.1,,0
1753041600,0.1,,0
1753045200,0.1,,0
1753048800,0.1,,0
1753052400,0.1,,0
1753056000,0.1,,0
1753059600,0.1,,0
1753063200,0.1,,0
1753066800,0.1,,0
1753070400,0.1,,0
1753074000,0.1,,0
1753077600,0.1,,0
1753081200,0.1,,0
1753084800,0.1,,0
1753088400,0.1,,0
1753092000,0.09,,0
1753095600,0.1,,0
1753099200,0.1,,0
1753102800,0.1,,0
1753106400,0.1,,0
1753110000,0.1,,0
1753113600,0.1,,0
1753117200,0.09,,0
1753120800,0.1,,0
1753124400,0.1,,0
1753128000,0.1,,0
1753131600,0.1,,0
1753135200,0.1,,0
1753138800,0.1,,0
1753142400,0.1,,0
1753146000,0.1,,0
1753149600,0.095,,0
1753153200,0.1,,0
1753156800,0.1,,0
1753160400,0.1,,0
1753164000,0.1,,0
1753167600,0.1,,0
1753171200,0.095,,0
1753174800,0.1,,0
1753178400,0.095,,0
1753182000,0.1,,0
1753185600,0.1,,0
1753189200,0.1,,0
1753192800,0.1,,0
1753196400,0.1,,0
1753200000,0.095,,0
1753203600,0.095,,0
1753207200,0.095,,0
1753210800,0.1,,0
1753214400,0.1,,0
1753218000,0.095,,0
1753221600,0.095,,0
1753225200,0.085,,0
1753228800,0.095,,0
1753232400,0.095,,0
1753236000,0.095,,0
1753239600,0.1,,0
1753243200,0.09,,0
1753246800,0.09,,0
1753250400,0.09,,0
1753254000,0.095,,0
1753257600,0.1,,0
1753261200,0.1,,0
1753264800,0.095,,0
1753268400,0.1,,0
1753272000,0.1,,0
1753275600,0.1,,0
1753279200,0.1,,0
1753282800,0.1,,0
1753286400,0.1,,0
1753290000,0.1,,0
1753293600,0.1,,0
1753297200,0.1,,0
1753300800,0.1,,0
1753304400,0.1,,0
1753308000,0.1,,0
1753311600,0.095,,0
1753315200,0.1,,0
1753318800,0.095,,0
1753322400,0.095,,0
1753326000,0.095,,0
1753329600,0.09,,0
1753333200,0.095,,0
1753336800,0.095,,0
1753340400,0.1,,0
1753344000,0.1,,0
1753347600,0.095,,0
1753351200,0.095,,0
1753354800,0.095,,0
1753358400,0.1,,0
1753362000,0.1,,0
1753365600,0.1,,0
1753369200,0.1,,0
1753372800,0.1,,0
1753376400,0.1,,0
1753380000,0.1,,0
1753383600,0.1,,0
1753387200,0.1,,0
1753390800,0.1,,0
1753394400,0.1,,0
1753398000,0.1,,0
1753401600,0.1,,0
1753405200,0.1,,0
1753408800,0.1,,0
1753412400,0.1,,0
1753416000,0.1,,0
1753419600,0.1,,0
1753423200,0.1,,0
1753426800,0.1,,0
1753430400,0.1,,0
1753434000,0.1,,0
1753437600,0.1,,0
1753441200,0.1,,0
1753444800,0.1,,0
1753448400,0.1,,0
1753452000,0.1,,0
1753455600,0.1,,0
1753459200,0.1,,0
1753462800,0.1,,0
1753466400,0.1,,0
1753470000,0.1,,0
1753473600,0.1,,0
1753477200,0.1,,0
1753480800,0.1,,0
1753484400,0.1,,0
1753488000,0.1,,0
1753491600,0.1,,0
1753495200,0.1,,0
1753498800,0.1,,0
1753502400,0.1,,0
1753506000,0.1,,0
1753509600,0.1,,0
1753513200,0.1,,0
1753516800,0.1,,0
1753520400,0.1,,0
1753524000,0.1,,0
1753527600,0.1,,0
1753531200,0.1,,0
1753534800,0.1,,0
1753538400,0.1,,0
1753542000,0.1,,0
1753545600,0.1,,0
1753549200,0.1,,0
1753552800,0.1,,0
1753556400,0.1,,0
1753560000,0.1,,0
1753563600,0.1,,0
1753567200,0.1,,0
1753570800,0.1,,0
1753574400,0.1,,0
1753578000,0.1,,0
1753581600,0.1,,0
1753585200,0.1,,0
1753588800,0.1,,0
1753592400,0.1,,0
1753596000,0.1,,0
1753599600,0.1,,0
1753603200,0.1,,0
1753606800,0.1,,0
1753610400,0.1,,0
1753614000,0.1,,0
1753617600,0.1,,0
1753621200,0.1,,0
1753624800,0.1,,0
1753628400,0.1,,0
1753632000,0.1,,0
1753635600,0.1,,0
1753639200,0.1,,0
1753642800,0.1,,0
1753646400,0.1,,0
1753650000,0.1,,0
1753653600,0.1,,0
1753657200,0.1,,0
1753660800,0.1,,0
1753664400,0.1,,0
1753668000,0.1,,0
1753671600,0.1,,0
1753675200,0.1,,0
1753678800,0.1,,0
1753682400,0.1,,0
1753686000,0.1,,0
1753689600,0.1,,0
1753693200,0.1,,0
1753696800,0.1,,0
1753700400,0.1,,0
1753704000,0.1,,0
1753707600,0.1,,0
1753711200,0.1,,0
1753714800,0.1,,0
1753718400,0.1,,0
1753722000,0.1,,0
1753725600,0.09,,0
1753729200,0.09,,0
1753732800,0.09,,0
1753736400,0.09,,0
1753740000,0.09,,0
1753743600,0.09,,0
1753747200,0.09,,0
1753750800,0.09,,0
1753754400,0.09,,0
1753758000,0.09,,0
1753761600,0.09,,0
1753765200,0.09,,0
1753768800,0.09,,0
1753772400,0.09,,0
1753776000,0.09,,0
1753779600,0.09,,0
1753783200,0.09,,0
1753786800,0.09,,0
1753790400,0.09,,0
1753794000,0.09,,0
1753797600,0.09,,0
1753801200,0.09,,0
1753804800,0.09,,0
1753808400,0.09,,0
1753812000,0.09,,0
1753815600,0.09,,0
1753819200,0.09,,0
1753822800,0.09,,0
1753826400,0.09,,0
1753830000,0.09,,0
1753833600,0.09,,0
1753837200,0.09,,0
1753840800,0.09,,0
1753844400,0.09,,0
1753848000,0.09,,0
1753851600,0.09,,0
1753855200,0.09,,0
1753858800,0.09,,0
1753862400,0.09,,0
1753866000,0.09,,0
1753869600,0.09,,0
1753873200,0.09,,0
1753876800,0.09,,0
1753880400,0.09,,0
1753884000,0.09,,0
1753887600,0.09,,0
1753891200,0.09,,0
1753894800,0.09,,0
1753898400,0.09,,0
1753902000,0.09,,0
1753905600,0.09,,0
1753909200,0.09,,0
1753912800,0.09,,0
1753916400,0.09,,0
1753920000,0.09,,0
1753923600,0.09,,0
1753927200,0.09,,0
1753930800,0.09,,0
1753934400,0.09,,0
1753938000,0.09,,0
1753941600,0.09,,0
1753945200,0.09,,0
1753948800,0.09,,0
1753952400,0.09,,0
1753956000,0.09,,0
1753959600,0.09,,0
1753963200,0.09,,0
1753966800,0.09,,0
1753970400,0.09,,0
1753974000,0.09,,0
1753977600,0.09,,0
1753981200,0.09,,0
1753984800,0.09,,0
1753988400,0.09,,0
1753992000,0.09,,0
1753995600,0.09,,0
1753999200,0.09,,0
1754002800,0.09,,0
1754006400,0.09,,0
1754010000,0.09,,0
1754013600,0.09,,0
1754017200,0.09,,0
1754020800,0.09,,0
1754024400,0.09,,0
1754028000,0.09,,0
1754031600,0.09,,0
1754035200,0.09,,0
1754038800,0.09,,0
1754042400,0.09,,0
1754046000,0.09,,0
1754049600,0.09,,0
1754053200,0.09,,0
1754056800,0.09,,0
1754060400,0.09,,0
1754064000,0.09,,0
1754067600,0.09,,0
1754071200,0.09,,0
1754074800,0.09,,0
1754078400,0.09,,0
1754082000,0.09,,0
1754085600,0.09,,0
1754089200,0.09,,0
1754092800,0.09,,0
1754096400,0.09,,0
1754100000,0.09,,0
1754103600,0.09,,0
1754107200,0.09,,0
1754110800,0.09,,0
1754114400,0.09,,0
1754118000,0.09,,0
1754121600,0.09,,0
1754125200,0.09,,0
1754128800,0.09,,0
1754132400,0.09,,0
1754136000,0.09,,0
1754139600,0.09,,0
1754143200,0.09,,0
1754146800,0.09,,0
1754150400,0.09,,0
1754154000,0.09,,0
1754157600,0.09,,0
1754161200,0.09,,0
1754164800,0.09,,0
1754168400,0.09,,0
1754172000,0.09,,0
1754175600,0.09,,0
1754179200,0.09,,0
1754182800,0.09,,0
1754186400,0.09,,0
1754190000,0.09,,0
1754193600,0.09,,0
1754197200,0.09,,0
1754200800,0.09,,0
1754204400,0.09,,0
1754208000,0.09,,0
1754211600,0.09,,0
1754215200,0.09,,0
1754218800,0.09,,0
1754222400,0.09,,0
1754226000,0.09,,0
1754229600,0.09,,0
1754233200,0.09,,0
1754236800,0.09,,0
1754240400,0.09,,0
1754244000,0.08,,0
1754247600,0.08,,0
1754251200,0.08,,0
1754254800,0.08,,0
1754258400,0.08,,0
1754262000,0.08,,0
1754265600,0.08,,0
1754269200,0.08,,0
1754272800,0.08,,0
1754276400,0.08,,0
1754280000,0.08,,0
1754283600,0.08,,0
1754287200,0.08,,0
1754290800,0.08,,0
1754294400,0.08,,0
1754298000,0.08,,0
1754301600,0.08,,0
1754305200,0.08,,0
1754308800,0.08,,0
1754312400,0.08,,0
1754316000,0.08,,0
1754319600,0.08,,0
1754323200,0.08,,0
1754326800,0.08,,0
1754330400,0.08,,0
1754334000,0.08,,0
1754337600,0.08,,0
1754341200,0.08,,0
1754344800,0.08,,0
1754348400,0.08,,0
1754352000,0.08,,0
1754355600,0.08,,0
1754359200,0.08,,0
1754362800,0.08,,0
1754366400,0.08,,0
1754370000,0.08,,0
1754373600,0.08,,0
1754377200,0.08,,0
1754380800,0.08,,0
1754384400,0.08,,0
1754388000,0.08,,0
1754391600,0.08,,0
1754395200,0.08,,0
1754398800,0.08,,0
1754402400,0.08,,0
1754406000,0.08,,0
1754409600,0.08,,0
1754413200,0.08,,0
1754416800,0.08,,0
1754420400,0.08,,0
1754424000,0.08,,0
1754427600,0.08,,0
1754431200,0.08,,0
1754434800,0.08,,0
1754438400,0.08,,0
1754442000,0.08,,0
1754445600,0.08,,0
1754449200,0.08,,0
1754452800,0.08,,0
1754456400,0.08,,0
1754460000,0.08,,0
1754463600,0.08,,0
1754467200,0.08,,0
1754470800,0.08,,0
1754474400,0.08,,0
1754478000,0.08,,0
1754481600,0.08,,0
1754485200,0.08,,0
1754488800,0.08,,0
1754492400,0.08,,0
1754496000,0.08,,0
1754499600,0.08,,0
1754503200,0.08,,0
1754506800,0.08,,0
1754510400,0.08,,0
1754514000,0.08,,0
1754517600,0.08,,0
1754521200,0.08,,0
1754524800,0.08,,0
1754528400,0.08,,0
1754532000,0.08,,0
1754535600,0.08,,0
1754539200,0.08,,0
1754542800,0.08,,0
1754546400,0.08,,0
1754550000,0.08,,0
1754553600,0.08,,0
1754557200,0.08,,0
1754560800,0.08,,0
1754564400,0.08,,0
1754568000,0.08,,0
1754571600,0.08,,0
1754575200,0.08,,0
1754578800,0.08,,0
1754582400,0.08,,0
1754586000,0.08,,0
1754589600,0.08,,0
1754593200,0.08,,0
1754596800,0.08,,0
1754600400,0.08,,0
1754604000,0.08,,0
1754607600,0.08,,0
1754611200,0.08,,0
1754614800,0.08,,0
1754618400,0.08,,0
1754622000,0.08,,0
1754625600,0.08,,0
1754629200,0.08,,0
1754632800,0.08,,0
1754636400,0.08,,0
1754640000,0.08,,0
1754643600,0.08,,0
1754647200,0.08,,0
1754650800,0.08,,0
1754654400,0.08,,0
1754658000,0.08,,0
1754661600,0.08,,0
1754665200,0.08,,0
1754668800,0.08,,0
1754672400,0.08,,0
1754676000,0.07,,0
1754679600,0.07,,0
1754683200,0.07,,0
1754686800,0.07,,0
1754690400,0.07,,0
1754694000,0.07,,0
1754697600,0.07,,0
1754701200,0.07,,0
1754704800,0.07,,0
1754708400,0.07,,0
1754712000,0.07,,0
1754715600,0.07,,0
1754719200,0.07,,0
1754722800,0.07,,0
1754726400,0.07,,0
1754730000,0.07,,0
1754733600,0.07,,0
1754737200,0.07,,0
1754740800,0.07,,0
1754744400,0.07,,0
1754748000,0.07,,0
1754751600,0.07,,0
1754755200,0.07,,0
1754758800,0.07,,0
1754762400,0.07,,0
1754766000,0.07,,0
1754769600,0.07,,0
1754773200,0.07,,0
1754776800,0.07,,0
1754780400,0.07,,0
1754784000,0.07,,0
1754787600,0.07,,0
1754791200,0.07,,0
1754794800,0.07,,0
1754798400,0.07,,0
1754802000,0.07,,0
1754805600,0.07,,0
1754809200,0.07,,0
1754812800,0.07,,0
1754816400,0.07,,0
1754820000,0.07,,0
1754823600,0.07,,0
1754827200,0.07,,0
1754830800,0.07,,0
1754834400,0.07,,0
1754838000,0.08,,0
1754841600,0.08,,0
1754845200,0.08,,0
1754848800,0.08,,0
1754852400,0.08,,0
1754856000,0.08,,0
1754859600,0.08,,0
1754863200,0.08,,0
1754866800,0.08,,0
1754870400,0.08,,0
1754874000,0.08,,0
1754877600,0.08,,0
1754881200,0.08,,0
1754884800,0.08,,0
1754888400,0.08,,0
1754892000,0.08,,0
1754895600,0.08,,0
1754899200,0.08,,0
1754902800,0.08,,0
1754906400,0.08,,0
1754910000,0.08,,0
1754913600,0.08,,0
1754917200,0.08,,0
1754920800,0.08,,0
1754924400,0.08,,0
1754928000,0.08,,0
1754931600,0.08,,0
1754935200,0.08,,0
1754938800,0.08,,0
1754942400,0.08,,0
1754946000,0.08,,0
1754949600,0.08,,0
1754953200,0.08,,0
1754956800,0.08,,0
1754960400,0.08,,0
1754964000,0.08,,0
1754967600,0.08,,0
1754971200,0.08,,0
1754974800,0.08,,0
1754978400,0.08,,0
1754982000,0.08,,0
1754985600,0.08,,0
1754989200,0.08,,0
1754992800,0.08,,0
1754996400,0.08,,0
1755000000,0.08,,0
1755003600,0.08,,0
1755007200,0.08,,0
1755010800,0.08,,0
1755014400,0.08,,0
1755018000,0.08,,0
1755021600,0.08,,0
1755025200,0.08,,0
1755028800,0.08,,0
1755032400,0.08,,0
1755036000,0.08,,0
1755039600,0.08,,0
1755043200,0.08,,0
1755046800,0.08,,0
1755050400,0.08,,0
1755054000,0.08,,0
1755057600,0.08,,0
1755061200,0.08,,0
1755064800,0.08,,0
1755068400,0.08,,0
1755072000,0.08,,0
1755075600,0.08,,0
1755079200,0.08,,0
1755082800,0.08,,0
1755086400,0.08,,0
1755090000,0.08,,0
1755093600,0.08,,0
1755097200,0.08,,0
1755100800,0.08,,0
1755104400,0.08,,0
1755108000,0.08,,0
1755111600,0.08,,0
1755115200,0.08,,0
1755118800,0.08,,0
1755122400,0.08,,0
1755126000,0.08,,0
1755129600,0.08,,0
1755133200,0.08,,0
1755136800,0.08,,0
1755140400,0.08,,0
1755144000,0.08,,0
1755147600,0.08,,0
1755151200,0.08,,0
1755154800,0.08,,0
1755158400,0.08,,0
1755162000,0.08,,0
1755165600,0.08,,0
1755169200,0.08,,0
1755172800,0.08,,0
1755176400,0.08,,0
1755180000,0.08,,0
1755183600,0.08,,0
1755187200,0.08,,0
1755190800,0.08,,0
1755194400,0.08,,0
1755198000,0.08,,0
1755201600,0.08,,0
1755205200,0.08,,0
1755208800,0.08,,0
1755212400,0.08,,0
1755216000,0.08,,0
1755219600,0.08,,0
1755223200,0.08,,0
1755226800,0.08,,0
1755230400,0.08,,0
1755234000,0.08,,0
1755237600,0.08,,0
1755241200,0.08,,0
1755244800,0.08,,0
1755248400,0.08,,0
1755252000,0.08,,0
1755255600,0.08,,0
1755259200,0.08,,0
1755262800,0.08,,0
1755266400,0.08,,0
1755270000,0.08,,0
1755273600,0.08,,0
1755277200,0.08,,0
1755280800,0.08,,0
1755284400,0.08,0.11999999999999988,1
1755288000,0.08,0.11999999999999988,1
1755291600,0.08,0.11999999999999994,2
1755295200,0.06,0.06,1
1755298800,0.035,,0
1755302400,0.0195,,0
1755306000,0.0185,,0
1755309600,0.0175,,0
1755313200,0.075,,0
1755316800,0.0695,,0
1755320400,0.055,,0
1755324000,0.045,,0
1755327600,0.0435,,0
1755331200,0.0425,,0
1755334800,0.039,,0
1755338400,0.038,,0
1755342000,0.034,,0
1755345600,0.033,,0
1755349200,0.0295,,0
1755352800,0.0285,,0
1755356400,0.085,,0
1755360000,0.0845,,0
1755363600,0.0845,,0
1755367200,0.0845,,0
1755370800,0.0845,,0
1755374400,0.085,,0
1755378000,0.085,,0
1755381600,0.085,,0
1755385200,0.085,,0
1755388800,0.085,,0
1755392400,0.085,,0
1755396000,0.085,,0
1755399600,0.085,,0
1755403200,0.085,,0
1755406800,0.085,,0
1755410400,0.085,,0
1755414000,0.085,,0
1755417600,0.085,,0
1755421200,0.085,,0
1755424800,0.085,,0
1755428400,0.085,,0
1755432000,0.085,,0
1755435600,0.085,,0
1755439200,0.0845,,0
1755442800,0.0845,,0
1755446400,0.0845,,0
1755450000,0.0845,,0
1755453600,0.0845,,0
1755457200,0.0845,,0
1755460800,0.0845,,0
1755464400,0.085,,0
1755468000,0.083,,0
1755471600,0.0795,,0
1755475200,0.075,,0
1755478800,0.08,,0
1755482400,0.075,,0
1755486000,0.083,,0
1755489600,0.078,,0
1755493200,0.0835,,0
1755496800,0.078,,0
1755500400,0.083,,0
1755504000,0.08,,0
1755507600,0.0845,,0
1755511200,0.0845,,0
1755514800,0.0845,,0
1755518400,0.0815,,0
1755522000,0.0825,,0
1755525600,0.08,,0
1755529200,0.077,,0
1755532800,0.0845,,0
1755536400,0.0825,,0
1755540000,0.0795,,0
1755543600,0.0785,,0
1755547200,0.0765,,0
1755550800,0.0775,,0
1755554400,0.0795,,0
1755558000,0.08,,0
1755561600,0.0795,,0
1755565200,0.08,,0
1755568800,0.08,,0
1755572400,0.08,,0
1755576000,0.0785,,0
1755579600,0.077,,0
1755583200,0.0755,,0
1755586800,0.0795,,0
1755590400,0.08,,0
1755594000,0.0785,,0
1755597600,0.0795,,0
1755601200,0.0795,,0
1755604800,0.0795,,0
1755608400,0.079,,0
1755612000,0.079,,0
1755615600,0.08,,0
1755619200,0.08,,0
1755622800,0.0795,,0
1755626400,0.0795,,0
1755630000,0.0795,,0
1755633600,0.079,,0
1755637200,0.079,,0
1755640800,0.079,,0
1755644400,0.079,,0
1755648000,0.08,,0
1755651600,0.08,,0
1755655200,0.08,,0
1755658800,0.08,,0
1755662400,0.08,,0
1755666000,0.08,,0
1755669600,0.08,,0
1755673200,0.08,,0
1755676800,0.08,,0
1755680400,0.08,,0
1755684000,0.08,,0
1755687600,0.08,,0
1755691200,0.08,,0
1755694800,0.0795,,0
1755698400,0.0795,,0
1755702000,0.0795,,0
1755705600,0.0795,,0
1755709200,0.0795,,0
1755712800,0.08,,0
1755716400,0.08,,0
1755720000,0.078,,0
1755723600,0.076,,0
1755727200,0.074,,0
1755730800,0.072,,0
1755734400,0.07,,0
1755738000,0.071,,0
1755741600,0.0685,,0
1755745200,0.0665,,0
1755748800,0.0645,,0
1755752400,0.0625,,0
1755756000,0.063,,0
1755759600,0.061,,0
1755763200,0.059,,0
1755766800,0.0595,,0
1755770400,0.058,,0
1755774000,0.0555,,0
1755777600,0.0535,,0
1755781200,0.0525,,0
1755784800,0.0785,,0
1755788400,0.076,,0
1755792000,0.0745,,0
1755795600,0.0795,,0
1755799200,0.0795,,0
1755802800,0.0795,,0
1755806400,0.08,,0
1755810000,0.0795,,0
1755813600,0.079,,0
1755817200,0.0795,,0
1755820800,0.08,,0
1755824400,0.08,,0
1755828000,0.08,,0
1755831600,0.08,,0
1755835200,0.08,,0
1755838800,0.08,,0
1755842400,0.08,,0
1755846000,0.08,,0
1755849600,0.08,,0
1755853200,0.08,,0
1755856800,0.08,,0
1755860400,0.079,,0
1755864000,0.079,,0
1755867600,0.079,,0
1755871200,0.08,,0
1755874800,0.08,,0
1755878400,0.079,,0
1755882000,0.08,,0
1755885600,0.079,,0
1755889200,0.08,,0
1755892800,0.08,,0
1755896400,0.08,,0
1755900000,0.08,,0
1755903600,0.08,,0
1755907200,0.08,,0
1755910800,0.08,,0
1755914400,0.08,,0
1755918000,0.08,,0
1755921600,0.08,,0
1755925200,0.08,,0
1755928800,0.08,,0
1755932400,0.08,,0
1755936000,0.08,,0
1755939600,0.08,,0
1755943200,0.08,,0
1755946800,0.08,,0
1755950400,0.08,,0
1755954000,0.08,,0
1755957600,0.08,,0
1755961200,0.08,,0
1755964800,0.08,,0
1755968400,0.08,,0
1755972000,0.08,,0
1755975600,0.08,,0
1755979200,0.08,,0
1755982800,0.08,,0
1755986400,0.08,,0
1755990000,0.08,,0
1755993600,0.08,,0
1755997200,0.0785,,0
1756000800,0.0785,,0
1756004400,0.0785,,0
1756008000,0.0785,,0
1756011600,0.0785,,0
1756015200,0.0785,,0
1756018800,0.0785,,0
1756022400,0.0785,,0
1756026000,0.0785,,0
1756029600,0.0785,,0
1756033200,0.0785,,0
1756036800,0.0785,,0
1756040400,0.0785,,0
1756044000,0.0785,,0
1756047600,0.0785,,0
1756051200,0.0785,,0
1756054800,0.0785,,0
1756058400,0.0785,,0
1756062000,0.0785,,0
1756065600,0.0785,,0
1756069200,0.0785,,0
1756072800,0.0785,,0
1756076400,0.0785,,0
1756080000,0.0785,,0
1756083600,0.0785,,0
1756087200,0.0785,,0
1756090800,0.0785,,0
1756094400,0.0785,,0
1756098000,0.0785,,0
1756101600,0.0785,,0
1756105200,0.0785,,0
1756108800,0.0785,,0
1756112400,0.0785,,0
1756116000,0.0785,,0
1756119600,0.0785,,0
1756123200,0.0785,,0
1756126800,0.0785,,0
1756130400,0.0785,,0
1756134000,0.0785,,0
1756137600,0.0785,,0
1756141200,0.0785,,0
1756144800,0.0785,,0
1756148400,0.0785,,0
1756152000,0.0785,,0
1756155600,0.0785,,0
1756159200,0.0785,,0
1756162800,0.0785,,0
1756166400,0.0785,,0
1756170000,0.0785,,0
1756173600,0.0785,,0
1756177200,0.0785,,0
1756180800,0.0785,,0
1756184400,0.0785,,0
1756188000,0.0785,,0
1756191600,0.0785,,0
1756195200,0.0785,,0
1756198800,0.0785,,0
1756202400,0.0785,,0
1756206000,0.0785,,0
1756209600,0.0785,,0
1756213200,0.0785,,0
1756216800,0.0785,,0
1756220400,0.0785,,0
1756224000,0.0785,,0
1756227600,0.0785,,0
1756231200,0.0785,,0
1756234800,0.0785,,0
1756238400,0.0785,,0
1756242000,0.0785,,0
1756245600,0.0785,,0
1756249200,0.0785,,0
1756252800,0.0785,,0
1756256400,0.0785,,0
1756260000,0.0785,,0
1756263600,0.0785,,0
1756267200,0.0785,,0
1756270800,0.0785,,0
1756274400,0.0785,,0
1756278000,0.0785,,0
1756281600,0.0785,,0
1756285200,0.0785,,0
1756288800,0.0785,,0
1756292400,0.0785,,0
1756296000,0.0785,,0
1756299600,0.0785,,0
1756303200,0.0785,,0
1756306800,0.0785,,0
1756310400,0.0785,,0
1756314000,0.0785,,0
1756317600,0.0785,,0
1756321200,0.076,,0
1756324800,0.0485,,0
1756328400,0.0445,,0
1756332000,0.042,,0
1756335600,0.0455,,0
1756339200,0.043,,0
1756342800,0.04,,0
1756346400,0.0425,,0
1756350000,0.0485,,0
1756353600,0.0455,,0
1756357200,0.043,,0
1756360800,0.0405,,0
1756364400,0.045,,0
1756368000,0.042,,0
1756371600,0.047,,0
1756375200,0.0435,,0
1756378800,0.0405,,0
1756382400,0.046,,0
1756386000,0.043,,0
1756389600,0.0405,,0
1756393200,0.0445,,0
1756396800,0.042,,0
1756400400,0.048,,0
1756404000,0.044,,0
1756407600,0.0415,,0
1756411200,0.0485,,0
1756414800,0.044,,0
1756418400,0.041,,0
1756422000,0.046,,0
1756425600,0.043,,0
1756429200,0.0405,,0
1756432800,0.044,,0
1756436400,0.042,,0
1756440000,0.046,,0
1756443600,0.043,,0
1756447200,0.0405,,0
1756450800,0.0445,,0
1756454400,0.0415,,0
1756458000,0.045,,0
1756461600,0.042,,0
1756465200,0.047,,0
1756468800,0.0435,,0
1756472400,0.0405,,0
1756476000,0.0455,,0
1756479600,0.048,,0
1756483200,0.0455,,0
1756486800,0.043,,0
1756490400,0.04,,0
1756494000,0.0395,,0
1756497600,0.0385,,0
1756501200,0.0385,,0
1756504800,0.0455,,0
1756508400,0.0425,,0
1756512000,0.04,,0
1756515600,0.04,,0
1756519200,0.04,,0
1756522800,0.04,,0
1756526400,0.04,,0
1756530000,0.04,,0
1756533600,0.04,,0
1756537200,0.04,,0
1756540800,0.04,,0
1756544400,0.0445,,0
1756548000,0.042,,0
1756551600,0.0405,,0
1756555200,0.044,,0
1756558800,0.0465,,0
1756562400,0.044,,0
1756566000,0.041,,0
1756569600,0.045,,0
1756573200,0.0435,,0
1756576800,0.04,,0
1756580400,0.0445,,0
1756584000,0.041,,0
1756587600,0.0455,,0
1756591200,0.0435,,0
1756594800,0.045,,0
1756598400,0.0455,,0
1756602000,0.0455,,0
1756605600,0.045,,0
1756609200,0.046,,0
1756612800,0.0455,,0
1756616400,0.0465,,0
1756620000,0.045,,0
1756623600,0.0455,,0
1756627200,0.045,,0
1756630800,0.0455,,0
1756634400,0.045,,0
1756638000,0.045,,0
1756641600,0.045,,0
1756645200,0.046,,0
1756648800,0.045,,0
1756652400,0.045,,0
1756656000,0.045,,0
1756659600,0.046,,0
1756663200,0.046,,0
1756666800,0.046,,0
1756670400,0.046,,0
1756674000,0.0435,,0
1756677600,0.048,,0
1756681200,0.045,,0
1756684800,0.042,,0
1756688400,0.047,,0
1756692000,0.0435,,0
1756695600,0.0405,,0
1756699200,0.0445,,0
1756702800,0.0415,,0
1756706400,0.0475,,0
1756710000,0.0435,,0
1756713600,0.041,,0
1756717200,0.044,,0
1756720800,0.0415,,0
1756724400,0.0455,,0
1756728000,0.0465,,0
1756731600,0.043,,0
1756735200,0.048,,0
1756738800,0.045,,0
1756742400,0.042,,0
1756746000,0.0445,,0
1756749600,0.04,,0
1756753200,0.04,,0
1756756800,0.04,,0
1756760400,0.0395,,0
1756764000,0.0395,,0
1756767600,0.0395,,0
1756771200,0.0395,,0
1756774800,0.0395,,0
1756778400,0.0395,,0
1756782000,0.0395,,0
1756785600,0.0395,,0
1756789200,0.0395,,0
1756792800,0.0395,,0
1756796400,0.0395,,0
1756800000,0.0395,,0
1756803600,0.0395,,0
1756807200,0.0395,,0
1756810800,0.0395,,0
1756814400,0.0395,,0
1756818000,0.0395,,0
1756821600,0.0395,,0
1756825200,0.04,,0
1756828800,0.04,,0
1756832400,0.04,,0
1756836000,0.04,,0
1756839600,0.04,,0
1756843200,0.04,,0
1756846800,0.04,,0
1756850400,0.04,,0
1756854000,0.0395,,0
1756857600,0.0395,,0
1756861200,0.0395,,0
1756864800,0.0395,,0
1756868400,0.0395,,0
1756872000,0.0395,,0
1756875600,0.0395,,0
1756879200,0.0395,,0
1756882800,0.0395,,0
1756886400,0.0395,,0
1756890000,0.0395,,0
1756893600,0.0395,,0
1756897200,0.0395,,0
1756900800,0.0395,,0
1756904400,0.0395,,0
1756908000,0.039,,0
1756911600,0.039,,0
1756915200,0.039,,0
1756918800,0.039,,0
1756922400,0.039,,0
1756926000,0.039,,0
1756929600,0.039,,0
1756933200,0.039,,0
1756936800,0.039,,0
1756940400,0.039,,0
1756944000,0.039,,0
1756947600,0.039,,0
1756951200,0.039,,0
1756954800,0.039,,0
1756958400,0.038,,0
1756962000,0.036,,0
1756965600,0.0365,,0
1756969200,0.0365,,0
1756972800,0.0355,,0
1756976400,0.036,,0
1756980000,0.0365,,0
1756983600,0.036,,0
1756987200,0.035,,0
1756990800,0.0355,,0
1756994400,0.0385,,0
1756998000,0.036,,0
1757001600,0.034,,0
1757005200,0.034,,0
1757008800,0.034,,0
1757012400,0.034,,0
1757016000,0.034,,0
1757019600,0.034,,0
1757023200,0.034,,0
1757026800,0.034,,0
1757030400,0.034,,0
1757034000,0.034,,0
1757037600,0.034,,0
1757041200,0.034,,0
1757044800,0.034,,0
1757048400,0.034,,0
1757052000,0.034,0.04558375230000006,4
1757055600,0.034,,0
1757059200,0.034,,0
1757062800,0.034,,0
1757066400,0.034,,0
1757070000,0.034,,0
1757073600,0.034,,0
1757077200,0.034,,0
1757080800,0.034,,0
1757084400,0.034,,0
1757088000,0.034,,0
1757091600,0.034,,0
1757095200,0.034,,0
1757098800,0.034,,0
1757102400,0.034,,0
1757106000,0.034,,0
1757109600,0.034,,0
1757113200,0.034,0.044000000000000004,1
1757116800,0.029,,0
1757120400,0.024,,0
1757124000,0.032,,0
1757127600,0.0265,,0
1757131200,0.02,0.0176740526000001,1
1757134800,0.032,,0
1757138400,0.028,,0
1757142000,0.0235,,0
1757145600,0.0295,,0
1757149200,0.0255,,0
1757152800,0.0225,,0
1757156400,0.027,,0
1757160000,0.024,,0
1757163600,0.031,,0
1757167200,0.0265,,0
1757170800,0.0235,,0
1757174400,0.0275,,0
1757178000,0.0245,,0
1757181600,0.0285,,0
1757185200,0.0255,,0
1757188800,0.0225,,0
1757192400,0.028,,0
1757196000,0.025,,0
1757199600,0.022,,0
1757203200,0.026,,0
1757206800,0.022,,0
1757210400,0.026,,0
1757214000,0.0225,,0
1757217600,0.0305,0.038999999999999924,2
1757221200,0.0255,,0
1757224800,0.022,,0
1757228400,0.032,,0
1757232000,0.0265,,0
1757235600,0.022,,0
1757239200,0.0195,,0
1757242800,0.0255,0.028999999999999915,1
1757246400,0.0305,,0
1757250000,0.0275,,0
1757253600,0.0245,,0
1757257200,0.0285,,0
1757260800,0.026,,0
1757264400,0.032,,0
1757268000,0.0285,,0
1757271600,0.026,,0
1757275200,0.029,,0
1757278800,0.026,,0
1757282400,0.031,0.04,2
1757286000,0.02,,0
1757289600,0.0185,,0
1757293200,0.019,,0
1757296800,0.029,,0
1757300400,0.026,,0
1757304000,0.0295,,0
1757307600,0.0265,0.033,1
1757311200,0.031,,0
1757314800,0.029,,0
1757318400,0.0255,,0
1757322000,0.03,,0
1757325600,0.027,,0
1757329200,0.016,,0
1757332800,0.0275,,0
1757336400,0.025,,0
1757340000,0.0305,,0
1757343600,0.0285,,0
1757347200,0.0255,,0
1757350800,0.0295,,0
1757354400,0.0265,,0
1757358000,0.0245,,0
1757361600,0.028,,0
1757365200,0.0225,,0
1757368800,0.028,,0
1757372400,0.0325,,0
1757376000,0.0325,,0
1757379600,0.0325,,0
1757383200,0.0325,,0
1757386800,0.0325,,0
1757390400,0.0325,,0
1757394000,0.0325,,0
1757397600,0.0325,,0
1757401200,0.0325,,0
1757404800,0.0325,,0
1757408400,0.0325,0.04886457653333324,3
1757412000,0.031,,0
1757415600,0.0295,,0
1757419200,0.0295,,0
1757422800,0.0295,,0
1757426400,0.0295,,0
1757430000,0.0295,,0
1757433600,0.0295,,0
1757437200,0.0295,,0
1757440800,0.0295,,0
1757444400,0.0295,,0
1757448000,0.0295,,0
1757451600,0.0295,0.04299999999999993,1
1757455200,0.0295,,0
1757458800,0.028,,0
1757462400,0.032,,0
1757466000,0.0305,,0
1757469600,0.0315,,0
1757473200,0.0305,,0
1757476800,0.0305,,0
1757480400,0.0305,,0
1757484000,0.0305,,0
1757487600,0.0315,,0
1757491200,0.032,,0
1757494800,0.032,,0
1757498400,0.03,,0
1757502000,0.03,,0
1757505600,0.03,,0
1757509200,0.03,,0
1757512800,0.03,,0
1757516400,0.03,,0
1757520000,0.03,,0
1757523600,0.03,,0
1757527200,0.03,,0
1757530800,0.03,,0
1757534400,0.03,,0
1757538000,0.03,,0
1757541600,0.03,,0
1757545200,0.03,,0
1757548800,0.03,,0
1757552400,0.03,,0
1757556000,0.03,,0
1757559600,0.03,0.04400000000000004,1
1757563200,0.03,,0
1757566800,0.03,,0
1757570400,0.03,,0
1757574000,0.03,,0
1757577600,0.03,,0
1757581200,0.03,,0
1757584800,0.0315,,0
1757588400,0.031,,0
1757592000,0.031,,0
1757595600,0.031,,0
1757599200,0.031,,0
1757602800,0.031,,0
1757606400,0.0305,,0
1757610000,0.032,,0
1757613600,0.032,0.04800000000000004,1
1757617200,0.032,,0
1757620800,0.032,,0
1757624400,0.032,,0
1757628000,0.032,,0
1757631600,0.032,,0
1757635200,0.0315,,0
1757638800,0.0315,,0
1757642400,0.0315,,0
1757646000,0.0315,,0
1757649600,0.0315,,0
1757653200,0.0315,,0
1757656800,0.0315,,0
1757660400,0.0315,,0
1757664000,0.0315,,0
1757667600,0.0315,,0
1757671200,0.0315,,0
1757674800,0.0305,,0
1757678400,0.0305,,0
1757682000,0.0305,,0
1757685600,0.031,,0
1757689200,0.031,,0
1757692800,0.031,,0
1757696400,0.031,,0
1757700000,0.031,,0
1757703600,0.031,,0
1757707200,0.031,,0
1757710800,0.031,,0
1757714400,0.031,,0
1757718000,0.031,,0
1757721600,0.031,,0
1757725200,0.031,,0
1757728800,0.031,,0
1757732400,0.03,,0
1757736000,0.03,,0
1757739600,0.03,,0
1757743200,0.03,,0
1757746800,0.03,,0
1757750400,0.03,,0
1757754000,0.03,,0
1757757600,0.0315,,0
1757761200,0.0315,,0
1757764800,0.0315,,0
1757768400,0.0315,,0
1757772000,0.0315,,0
1757775600,0.0315,,0
1757779200,0.0315,,0
1757782800,0.0315,,0
1757786400,0.0315,,0
1757790000,0.0315,,0
1757793600,0.032,,0
1757797200,0.027,,0
1757800800,0.028,,0
1757804400,0.028,,0
1757808000,0.028,,0
1757811600,0.028,,0
1757815200,0.028,,0
1757818800,0.028,,0
1757822400,0.028,,0
1757826000,0.028,,0
1757829600,0.028,,0
1757833200,0.028,,0
1757836800,0.028,0.040000000000000036,1
1757840400,0.028,,0
1757844000,0.028,,0
1757847600,0.028,,0
1757851200,0.028,,0
1757854800,0.028,,0
1757858400,0.028,,0
1757862000,0.029,,0
1757865600,0.027,,0
1757869200,0.025,,0
1757872800,0.0255,0.03133333333333325,6
1757876400,0.023,0.026000000000000023,1
1757880000,0.0105,0.0029999999999998916,2
1757883600,0.0105,0.0029999999999998916,1
1757887200,0.0105,,0
1757890800,0.0105,,0
1757894400,0.0105,,0
1757898000,0.0105,,0
1757901600,0.0105,,0
1757905200,0.0105,,0
1757908800,0.0105,,0
1757912400,0.0105,,0
1757916000,0.0105,,0
1757919600,0.0105,,0
1757923200,0.0105,,0
1757926800,0.0105,,0
1757930400,0.0105,,0
1757934000,0.0105,,0
1757937600,0.0105,,0
1757941200,0.0105,,0
1757944800,0.0105,,0
1757948400,0.0105,,0
1757952000,0.0105,,0
1757955600,0.0105,,0
1757959200,0.0105,,0
1757962800,0.0105,,0
1757966400,0.0105,,0
1757970000,0.0105,,0
1757973600,0.0105,,0
1757977200,0.0105,,0
1757980800,0.0105,,0
1757984400,0.01,,0
1757988000,0.01,,0
1757991600,0.01,,0
1757995200,0.01,,0
1757998800,0.01,,0
1758002400,0.01,,0
1758006000,0.01,,0
1758009600,0.01,,0
1758013200,0.01,,0
1758016800,0.01,,0
1758020400,0.01,,0
1758024000,0.01,,0
1758027600,0.01,,0
1758031200,0.01,,0
1758034800,0.01,,0
1758038400,0.01,,0
1758042000,0.01,,0
1758045600,0.01,,0
1758049200,0.01,,0
1758052800,0.01,,0
1758056400,0.01,,0
1758060000,0.01,,0
1758063600,0.01,,0
1758067200,0.01,,0
1758070800,0.01,,0
1758074400,0.01,,0
1758078000,0.01,,0
1758081600,0.01,,0
1758085200,0.01,,0
1758088800,0.01,,0
1758092400,0.01,,0
1758096000,0.01,,0
1758099600,0.01,,0
1758103200,0.01,,0
1758106800,0.01,,0
1758110400,0.01,,0
1758114000,0.01,,0
1758117600,0.01,,0
1758121200,0.01,,0
1758124800,0.01,,0
1758128400,0.01,,0
1758135600,0.01,,0
1758139200,0.01,,0
1758142800,0.01,,0
1758146400,0.01,,0
1758150000,0.01,,0
1758153600,0.01,,0
1758157200,0.01,,0
1758160800,0.01,,0
1758164400,0.01,,0
1758168000,0.01,,0
1758171600,0.01,,0
1758175200,0.01,,0
1758178800,0.01,,0
1758182400,0.01,,0
1758186000,0.01,,0
1758189600,0.01,,0
1758193200,0.01,,0
1758196800,0.01,,0
1758200400,0.01,,0
1758204000,0.01,,0
1758207600,0.01,,0
1758211200,0.01,,0
1758214800,0.01,,0
1758218400,0.01,,0
1758222000,0.01,,0
1758225600,0.01,,0
1758229200,0.01,,0
1758232800,0.01,,0
1758236400,0.01,,0
1758240000,0.01,,0
1758243600,0.01,0.004,1
1758247200,0.01,,0
1758250800,0.01,,0
1758254400,0.01,,0
1758258000,0.01,,0
1758261600,0.01,,0
1758265200,0.01,,0
1758268800,0.01,,0
1758272400,0.01,,0
1758276000,0.01,,0
1758279600,0.01,,0
1758283200,0.01,,0
1758286800,0.01,,0
1758290400,0.01,,0
1758294000,0.01,,0
1758297600,0.01,,0
1758301200,0.01,,0
1758304800,0.01,,0
1758308400,0.01,,0
1758312000,0.01,,0
1758315600,0.01,,0
1758319200,0.01,,0
1758322800,0.01,,0
1758326400,0.01,,0
1758330000,0.01,,0
1758333600,0.01,,0
1758337200,0.01,,0
1758340800,0.01,,0
1758344400,0.01,0.004,1
1758348000,0.01,,0
1758351600,0.01,,0
1758355200,0.01,,0
1758358800,0.01,,0
1758362400,0.01,,0
1758366000,0.01,,0
1758369600,0.01,,0
1758373200,0.0075,,0
1758376800,0.0075,,0
1758380400,0.0075,,0
1758384000,0.0075,,0
1758387600,0.0075,,0
1758391200,0.0075,,0
1758394800,0.0075,,0
1758398400,0.0075,,0
1758402000,0.0075,,0
1758405600,0.0075,,0
1758409200,0.0065,,0
1758412800,0.0065,,0
1758416400,0.0065,,0
1758420000,0.0065,,0
1758423600,0.0065,,0
1758427200,0.0065,0.006999999999999999,1
1758430800,0.0065,0.0070000000000000435,3
1758434400,0.0065,,0
1758438000,0.007,,0
1758441600,0.007,,0
1758445200,0.007,,0
1758448800,0.007,,0
1758452400,0.007,,0
1758456000,0.007,0.006,2
1758459600,0.007,0.006,2
1758463200,0.007,,0
1758466800,0.007,,0
1758470400,0.007,0.006,1
1758474000,0.007,,0
1758477600,0.007,,0
1758481200,0.007,,0
1758484800,0.007,,0
1758488400,0.007,,0
1758492000,0.007,,0
1758495600,0.007,,0
1758499200,0.007,,0
1758502800,0.007,0.006,2
1758506400,0.007,,0
1758510000,0.007,,0
1758513600,0.007,,0
1758517200,0.007,,0
1758520800,0.007,,0
1758524400,0.007,,0
1758528000,0.007,,0
1758531600,0.007,,0
1758535200,0.007,,0
1758538800,0.007,,0
1758542400,0.007,,0
1758546000,0.007,,0
1758549600,0.007,,0
1758553200,0.007,,0
1758556800,0.007,,0
1758560400,0.007,,0
1758564000,0.007,,0
1758567600,0.007,,0
1758571200,0.007,,0
1758574800,0.007,,0
1758578400,0.007,,0
1758582000,0.007,,0
1758585600,0.007,,0
1758589200,0.007,,0
1758592800,0.007,,0
1758596400,0.007,,0
1758600000,0.007,,0
1758603600,0.007,,0
1758607200,0.007,,0
1758610800,0.007,,0
1758614400,0.007,,0
1758618000,0.007,,0
1758621600,0.007,,0
1758625200,0.007,,0
1758628800,0.007,,0
1758632400,0.007,,0
1758636000,0.007,,0
1758639600,0.007,,0
1758643200,0.007,,0
1758646800,0.007,,0
1758650400,0.007,,0
1758654000,0.007,,0
1758657600,0.007,,0
1758661200,0.007,,0
1758664800,0.007,,0
1758668400,0.007,,0
1758672000,0.007,,0
1758675600,0.007,,0
1758679200,0.007,,0
1758682800,0.007,,0
1758686400,0.0075,,0
1758690000,0.0075,,0
1758693600,0.0075,,0
1758697200,0.0075,,0
1758700800,0.0075,,0
1758704400,0.0075,,0
1758708000,0.0075,,0
1758711600,0.0075,,0
1758715200,0.0075,,0
1758718800,0.0075,,0
1758722400,0.0075,,0
1758726000,0.0075,,0
1758729600,0.0075,,0
1758733200,0.0075,,0
1758736800,0.0075,,0
1758740400,0.0075,,0
1758744000,0.0075,,0
1758747600,0.0075,,0
1758751200,0.0075,,0
1758754800,0.0075,,0
1758758400,0.0075,,0
1758762000,0.0075,,0
1758765600,0.0075,,0
1758769200,0.008,,0
1758772800,0.008,,0
1758776400,0.008,,0
1758780000,0.008,,0
1758783600,0.008,,0
1758787200,0.008,,0
1758790800,0.008,,0
1758794400,0.008,,0
1758798000,0.008,0.004,2
1758801600,0.008,,0
1758805200,0.008,,0
1758808800,0.008,,0
1758812400,0.008,,0
1758816000,0.008,,0
1758819600,0.008,,0
1758823200,0.008,,0
1758826800,0.008,,0
1758830400,0.008,,0
1758834000,0.008,,0
1758837600,0.008,,0
1758841200,0.008,,0
1758844800,0.008,,0
1758848400,0.008,,0
1758852000,0.008,,0
1758855600,0.008,,0
1758859200,0.008,,0
1758862800,0.008,,0
1758866400,0.008,,0
1758870000,0.008,,0
1758873600,0.008,,0
1758877200,0.008,,0
1758880800,0.008,0.004000000000000002,2
1758884400,0.0075,,0
1758888000,0.0075,,0
1758891600,0.0075,,0
1758895200,0.0075,,0
1758898800,0.0075,,0
1758902400,0.0075,,0
1758906000,0.0075,,0
1758909600,0.0075,,0
1758913200,0.0075,,0
1758916800,0.0075,,0
1758920400,0.0075,,0
1758924000,0.0075,,0
1758927600,0.0075,,0
1758931200,0.0075,,0
1758934800,0.0075,,0
1758938400,0.0075,,0
1758942000,0.0075,,0
1758945600,0.0075,,0
1758949200,0.0075,,0
1758952800,0.0075,,0
1758956400,0.0075,,0
1758960000,0.0075,,0
1758963600,0.0075,,0
1758967200,0.0075,,0
1758970800,0.0075,,0
1758974400,0.0075,,0
1758978000,0.0075,,0
1758981600,0.0075,,0
1758985200,0.0075,,0
1758988800,0.0075,,0
1758992400,0.0075,,0
1758996000,0.0075,,0
1758999600,0.0075,,0
1759003200,0.0075,,0
1759006800,0.0075,,0
1759010400,0.0075,,0
1759014000,0.0075,,0
1759017600,0.0075,0.0029999999999999454,2
1759021200,0.0075,,0
1759024800,0.0075,,0
1759028400,0.0075,,0
1759032000,0.0075,,0
1759035600,0.0075,,0
1759039200,0.0075,,0
1759042800,0.0075,,0
1759046400,0.0075,,0
1759050000,0.0075,,0
1759053600,0.0075,,0
1759057200,0.0075,,0
1759060800,0.0075,,0
1759064400,0.0075,,0
1759068000,0.0075,,0
1759071600,0.0075,,0
1759075200,0.0075,,0
1759078800,0.0075,,0
1759082400,0.0075,,0
1759086000,0.0075,,0
1759089600,0.0075,,0
1759093200,0.0075,,0
1759096800,0.0075,,0
1759100400,0.0075,,0
1759104000,0.0075,,0
1759107600,0.0075,,0
1759111200,0.0075,,0
1759114800,0.0075,,0
1759118400,0.0075,,0
1759122000,0.0075,,0
1759125600,0.0075,,0
1759129200,0.0075,,0
1759132800,0.0075,,0
1759136400,0.0075,,0
1759140000,0.0075,,0
1759143600,0.0075,,0
1759147200,0.0075,,0
1759150800,0.0075,,0
1759154400,0.0075,,0
1759158000,0.0075,,0
1759161600,0.0075,,0
1759165200,0.0075,,0
1759168800,0.0075,,0
1759172400,0.0075,,0
1759176000,0.0075,,0
1759179600,0.0075,,0
1759183200,0.0075,,0
1759186800,0.0075,,0
1759190400,0.0075,,0
1759194000,0.0075,,0
1759197600,0.0075,,0
1759201200,0.0075,,0
1759204800,0.0075,,0
1759208400,0.0075,,0
1759212000,0.0075,,0
1759215600,0.0075,,0
1759219200,0.0075,,0
1759222800,0.0075,,0
1759226400,0.0075,,0
1759230000,0.0075,,0
1759233600,0.0075,,0
1759237200,0.0075,,0
1759240800,0.0075,,0
1759244400,0.0075,,0
1759248000,0.0075,,0
1759251600,0.0075,,0
1759255200,0.0075,,0
1759258800,0.0075,,0
1759262400,0.0075,,0
1759266000,0.0075,,0
1759269600,0.0075,,0
1759273200,0.0075,,0
1759276800,0.0075,,0
1759280400,0.0075,,0
1759284000,0.0075,,0
1759287600,0.0075,,0
1759291200,0.0075,,0
1759294800,0.0075,,0
1759298400,0.0075,,0
1759302000,0.0075,,0
1759305600,0.0075,,0
1759309200,0.0075,,0
1759312800,0.0075,,0
1759316400,0.0075,,0
1759320000,0.0075,,0
1759323600,0.0075,,0
1759327200,0.0075,,0
1759330800,0.0075,,0
1759334400,0.0075,,0
1759338000,0.0075,,0
1759341600,0.0075,,0
1759345200,0.0075,,0
1759348800,0.0075,,0
1759352400,0.0075,,0
1759356000,0.0075,,0
1759359600,0.0075,,0
1759363200,0.0075,,0
1759366800,0.0075,,0
1759370400,0.0075,,0
1759374000,0.0075,,0
1759377600,0.0075,,0
1759381200,0.0075,,0
1759384800,0.0075,,0
1759388400,0.0075,,0
1759392000,0.0075,,0
1759395600,0.0075,,0
1759399200,0.0075,,0
1759402800,0.0075,,0
1759406400,0.0075,,0
1759410000,0.0075,,0
1759413600,0.0075,,0
1759417200,0.0075,,0
1759420800,0.0075,,0
1759424400,0.0075,,0
1759428000,0.0075,,0
1759431600,0.0075,,0
1759435200,0.0075,,0
1759438800,0.0075,,0
1759442400,0.0075,,0
1759446000,0.0075,,0
1759449600,0.0075,,0
1759453200,0.0075,,0
1759456800,0.0075,,0
1759460400,0.0075,,0
1759464000,0.0075,,0
1759467600,0.0075,,0
1759471200,0.0075,,0
1759474800,0.0075,,0
1759478400,0.0075,,0
1759482000,0.0075,,0
1759485600,0.0075,,0
1759489200,0.0075,,0
1759492800,0.0075,,0
1759496400,0.0075,,0
1759500000,0.0075,,0
1759503600,0.0075,,0
1759507200,0.0075,,0
1759510800,0.0075,,0
1759514400,0.0075,,0
1759518000,0.0075,,0
1759521600,0.0075,,0
1759525200,0.0075,,0
1759528800,0.0075,,0
1759532400,0.0075,,0
1759536000,0.0075,,0
1759539600,0.0075,,0
1759543200,0.0075,,0
1759546800,0.0075,,0
1759550400,0.0075,,0
1759554000,0.0075,,0
1759557600,0.0075,,0
1759561200,0.0075,,0
1759564800,0.0075,,0
1759568400,0.0075,,0
1759572000,0.0075,,0
1759575600,0.0075,,0
1759579200,0.0075,,0
1759582800,0.008,,0
1759586400,0.008,,0
1759590000,0.008,,0
1759593600,0.008,,0
1759597200,0.008,,0
1759600800,0.008,,0
1759604400,0.008,,0
1759608000,0.008,,0
1759611600,0.008,,0
1759615200,0.008,,0
1759618800,0.008,,0
1759622400,0.008,,0
1759626000,0.008,,0
1759629600,0.008,,0
1759633200,0.008,,0
1759636800,0.008,,0
1759640400,0.008,,0
1759644000,0.008,,0
1759647600,0.008,,0
1759651200,0.008,,0
1759654800,0.008,,0
1759658400,0.008,,0
1759662000,0.008,,0
1759665600,0.008,,0
1759669200,0.008,,0
1759672800,0.008,,0
1759676400,0.008,,0
1759680000,0.008,,0
1759683600,0.008,,0
1759687200,0.008,,0
1759690800,0.008,,0
1759694400,0.008,,0
1759698000,0.008,,0
1759701600,0.008,,0
1759705200,0.008,,0
1759708800,0.008,,0
1759712400,0.008,,0
1759716000,0.008,,0
1759719600,0.008,0.004,1
1759723200,0.008,,0
1759726800,0.008,,0
1759730400,0.008,,0
1759734000,0.008,,0
1759737600,0.008,,0
1759741200,0.008,,0
1759744800,0.008,,0
1759748400,0.008,,0
1759752000,0.008,,0
1759755600,0.008,,0
1759759200,0.008,,0
1759762800,0.008,,0
1759766400,0.008,,0
1759770000,0.008,,0
1759773600,0.008,,0
1759777200,0.008,,0
1759780800,0.008,,0
1759784400,0.008,,0
1759788000,0.008,,0
1759791600,0.008,,0
1759795200,0.008,,0
1759798800,0.008,,0
1759802400,0.008,,0
1759806000,0.008,,0
1759809600,0.0085,0.0029999991999998254,1
1759813200,0.0085,,0
1759816800,0.0085,,0
1759820400,0.0085,,0
1759824000,0.0085,,0
1759827600,0.0085,,0
1759831200,0.0085,,0
1759834800,0.009,,0
1759838400,0.009,,0
1759842000,0.009,,0
1759845600,0.009,,0
1759849200,0.009,,0
1759852800,0.009,,0
1759856400,0.009,0.0040000000000000036,1
1759860000,0.009,,0
1759863600,0.009,,0
1759867200,0.009,,0
1759870800,0.009,,0
1759874400,0.009,,0
1759878000,0.009,,0
1759881600,0.009,,0
1759885200,0.009,,0
1759888800,0.009,,0
1759892400,0.009,,0
1759896000,0.009,,0
1759899600,0.009,,0
1759903200,0.009,,0
1759906800,0.009,,0
1759910400,0.009,,0
1759914000,0.009,,0
1759917600,0.009,,0
1759921200,0.009,0.0040000000000000036,1
1759924800,0.009,0.003999999999999998,1
1759928400,0.009,,0
1759932000,0.009,,0
1759935600,0.009,,0
1759939200,0.009,,0
1759942800,0.009,0.004000000000000002,3
1759946400,0.009,,0
1759950000,0.009,,0
1759953600,0.009,,0
1759957200,0.009,,0
1759960800,0.009,0.003999999999999998,1
1759964400,0.009,0.004000000000000001,2
1759968000,0.009,,0
1759971600,0.009,,0
1759975200,0.009,,0
1759978800,0.009,,0
1759982400,0.009,,0
1759986000,0.009,,0
1759989600,0.009,,0
1759993200,0.009,,0
1759996800,0.009,,0
1760000400,0.009,,0
1760004000,0.009,,0
1760007600,0.009,,0
1760011200,0.009,,0
1760014800,0.009,,0
1760018400,0.009,,0
1760022000,0.009,,0
1760025600,0.009,0.003999999999999998,3
1760029200,0.009,,0
1760032800,0.009,,0
1760036400,0.009,,0
1760040000,0.009,,0
1760043600,0.009,,0
1760047200,0.009,,0
1760050800,0.009,,0
1760054400,0.009,,0
1760058000,0.009,,0
1760061600,0.009,0.004,1
1760065200,0.009,0.003999999999999998,1
1760068800,0.009,,0
1760072400,0.009,,0
1760076000,0.009,,0
1760079600,0.009,,0
1760083200,0.009,0.004000000000000001,2
1760086800,0.009,,0
1760090400,0.009,,0
1760094000,0.009,,0
1760097600,0.009,,0
1760101200,0.009,,0
1760104800,0.009,,0
1760108400,0.009,,0
1760112000,0.009,,0
1760115600,0.01,0.006,1
1760119200,0.009,,0
1760122800,0.009,,0
1760126400,0.009,,0
1760130000,0.009,,0
1760133600,0.009,,0
1760137200,0.009,,0
1760140800,0.009,,0
1760144400,0.009,,0
1760148000,0.009,,0
1760151600,0.009,,0
1760155200,0.009,,0
1760158800,0.009,,0
1760162400,0.009,,0
1760166000,0.009,,0
1760169600,0.009,,0
1760173200,0.009,,0
1760176800,0.009,,0
1760180400,0.009,,0
1760184000,0.009,,0
1760187600,0.009,,0
1760191200,0.009,,0
1760194800,0.009,,0
1760198400,0.009,,0
1760202000,0.009,,0
1760205600,0.009,,0
1760209200,0.009,,0
1760212800,0.009,,0
1760216400,0.009,,0
1760220000,0.009,,0
1760223600,0.009,,0
1760227200,0.009,,0
1760230800,0.009,,0
1760234400,0.01,,0
1760238000,0.01,,0
1760241600,0.01,,0
1760245200,0.01,,0
1760248800,0.01,,0
1760252400,0.01,,0
1760256000,0.01,,0
1760259600,0.01,,0
1760263200,0.0105,0.0030000000000000027,1
1760266800,0.017,,0
1760270400,0.017,,0
1760274000,0.017,,0
1760277600,0.017,0.015999999914285714,7
1760281200,0.0135,,0
1760284800,0.014,,0
1760288400,0.0115,0.004999999999999947,2
1760292000,0.0105,0.00479999999999999,10
1760295600,0.0105,,0
1760299200,0.012,,0
1760302800,0.016,,0
1760306400,0.0135,0.008999998399999987,1
1760310000,0.013,0.007999999933333333,3
1760313600,0.0135,,0
1760317200,0.014,,0
1760320800,0.0135,,0
1760324400,0.0145,,0
1760328000,0.015,,0
1760331600,0.0145,,0
1760335200,0.015,,0
1760338800,0.015,,0
1760342400,0.015,,0
1760346000,0.014,,0
1760349600,0.0145,,0
1760353200,0.0145,,0
1760356800,0.013,,0
1760360400,0.0115,0.004714285714285717,7
1760364000,0.0105,,0
1760367600,0.016,0.014000000000000002,1
1760371200,0.014,,0
1760374800,0.014,,0
1760378400,0.014,0.010000000000000002,1
1760382000,0.014,0.010000000000000007,3
1760385600,0.014,,0
1760389200,0.014,,0
1760392800,0.014,,0
1760396400,0.014,,0
1760400000,0.014,,0
1760403600,0.014,,0
1760407200,0.014,,0
1760410800,0.014,,0
1760414400,0.014,,0
1760418000,0.014,,0
1760421600,0.014,,0
1760425200,0.014,,0
1760428800,0.014,,0
1760432400,0.014,,0
1760436000,0.014,0.011116714799999983,1
1760439600,0.016,,0
1760443200,0.016,,0
1760446800,0.016,,0
1760450400,0.016,,0
1760454000,0.016,,0
1760457600,0.016,,0
1760461200,0.016,,0
1760464800,0.016,,0
1760468400,0.016,,0
1760472000,0.016,,0
1760475600,0.009,,0
1760479200,0.009,,0
1760482800,0.009,,0
1760486400,0.009,,0
1760490000,0.009,,0
1760493600,0.009,,0
1760497200,0.009,,0
1760500800,0.009,0.0023333333333333335,6
1760504400,0.0085,,0
1760508000,0.0085,,0
1760511600,0.0085,,0
1760515200,0.0085,0.0029999999999998916,1
1760518800,0.0085,0.003000000000000001,1
1760522400,0.0085,,0
1760526000,0.0085,,0
1760529600,0.0085,,0
1760533200,0.0085,,0
1760536800,0.0085,,0
1760540400,0.0085,,0
1760544000,0.0085,,0
1760547600,0.0085,,0
1760551200,0.0085,,0
1760554800,0.0085,,0
1760558400,0.0085,,0
1760562000,0.0085,,0
1760565600,0.0085,,0
1760569200,0.0085,,0
1760572800,0.0085,,0
1760576400,0.0085,,0
1760580000,0.0085,,0
1760583600,0.0085,,0
1760587200,0.0085,,0
1760590800,0.0085,,0
1760594400,0.0085,,0
1760598000,0.0085,,0
1760601600,0.0085,,0
1760605200,0.0085,,0
1760608800,0.0085,,0
1760612400,0.0085,,0
1760616000,0.0085,,0
1760619600,0.0085,,0
1760623200,0.0085,,0
1760626800,0.0085,,0
1760630400,0.0085,,0
1760634000,0.0085,,0
1760637600,0.0085,,0
1760641200,0.0085,,0
1760644800,0.0085,,0
1760648400,0.0085,,0
1760652000,0.0085,,0
1760655600,0.0085,,0
1760659200,0.0085,,0
1760662800,0.0085,,0
1760666400,0.0085,,0
1760670000,0.0085,,0
1760673600,0.0085,,0
1760677200,0.0085,,0
1760680800,0.0085,,0
1760684400,0.0085,,0
1760688000,0.0085,,0
1760691600,0.0085,,0
1760695200,0.0085,,0
1760698800,0.0085,,0
1760702400,0.0085,,0
1760706000,0.01,,0
1760709600,0.01,,0
1760713200,0.01,,0
1760716800,0.01,,0
1760720400,0.0095,0.004999999999999999,1
1760724000,0.0095,,0
1760727600,0.0095,,0
1760731200,0.0095,0.004999999999999893,1
1760734800,0.0095,,0
1760738400,0.0095,,0
1760742000,0.0095,,0
1760745600,0.0095,,0
1760749200,0.0095,,0
1760752800,0.0095,,0
1760756400,0.0095,,0
1760760000,0.0095,,0
1760763600,0.0095,,0
1760767200,0.0095,,0
1760770800,0.0095,,0
1760774400,0.0095,,0
1760778000,0.0095,,0
1760781600,0.0095,,0
1760785200,0.0095,,0
1760788800,0.01,0.006,1
1760792400,0.01,,0
1760796000,0.01,,0
1760799600,0.01,,0
1760803200,0.01,,0
1760806800,0.0095,,0
1760810400,0.0095,,0
1760814000,0.0095,,0
1760817600,0.0095,,0
1760821200,0.0095,,0
1760824800,0.0095,,0
1760828400,0.0095,,0
1760832000,0.0095,,0
1760835600,0.0095,,0
1760839200,0.0095,,0
1760842800,0.0095,,0
1760846400,0.0095,,0
1760850000,0.0095,,0
1760853600,0.0095,,0
1760857200,0.0095,,0
1760860800,0.0095,,0
1760864400,0.0095,,0
1760868000,0.01,,0
1760871600,0.01,,0
1760875200,0.01,,0
1760878800,0.01,,0
1760882400,0.011,,0
1760886000,0.011,,0
1760889600,0.0105,,0
1760893200,0.0105,,0
1760896800,0.0105,,0
1760900400,0.0105,,0
1760904000,0.0105,,0
1760907600,0.0105,0.002999999999999999,1
1760911200,0.0115,,0
1760914800,0.0115,,0
1760918400,0.0115,,0
1760922000,0.0115,0.0029999999999999454,2
1760925600,0.011,,0
1760929200,0.011,,0
1760932800,0.011,,0
1760936400,0.0115,,0
1760940000,0.0115,,0
1760943600,0.0115,,0
1760947200,0.0115,,0
1760950800,0.012,,0
1760954400,0.012,,0
1760958000,0.012,,0
1760961600,0.012,0.003979798600000001,1
1760965200,0.0125,,0
1760968800,0.0125,0.0030000000000000027,1
1760972400,0.0125,,0
1760976000,0.0125,,0
1760979600,0.0125,,0
1760983200,0.0125,,0
1760986800,0.0125,,0
1760990400,0.0125,,0
1760994000,0.0125,,0
1760997600,0.0125,,0
1761001200,0.0125,,0
1761004800,0.0125,,0
1761008400,0.0125,,0
1761012000,0.0125,,0
1761015600,0.0125,,0
1761019200,0.0125,,0
1761022800,0.0125,0.0009999999999999454,4
1761026400,0.013,,0
1761030000,0.013,0.0019999999999999983,1
1761033600,0.0125,,0
1761037200,0.0125,,0
1761040800,0.0125,0.0033999999999999577,5
1761044400,0.012,,0
1761048000,0.011,,0
1761051600,0.011,0.0040000000000000036,1
1761055200,0.011,0.005000000000000001,2
1761058800,0.012,,0
1761062400,0.012,,0
1761066000,0.0115,,0
1761069600,0.0115,,0
1761073200,0.0115,0.000999999999999927,3
1761076800,0.0115,0.0020828215999999997,1
1761080400,0.012,0.0004897728499999995,4
1761084000,0.0185,,0
1761087600,0.0175,,0
1761091200,0.012,,0
1761094800,0.012,,0
1761098400,0.012,,0
1761102000,0.012,,0
1761105600,0.012,,0
1761109200,0.012,0.0020000000000000018,1
1761112800,0.012,,0
1761116400,0.012,,0
1761120000,0.012,,0
1761123600,0.012,,0
1761127200,0.012,,0
1761130800,0.012,0.001999980199999918,1
1761134400,0.012,0.00199999009999996,2
1761138000,0.012,,0
1761141600,0.012,0.0,1
1761145200,0.012,,0
1761148800,0.012,,0
1761152400,0.012,,0
1761156000,0.012,,0
1761159600,0.012,,0
1761163200,0.012,0.0020000000000000018,3
1761166800,0.012,,0
1761170400,0.012,,0
1761174000,0.012,,0
1761177600,0.012,0.0020000000000000018,3
1761181200,0.012,0.0020000000000000018,2
1761184800,0.012,,0
1761188400,0.012,,0
1761192000,0.012,,0
1761195600,0.012,,0
1761199200,0.012,,0
1761202800,0.012,,0
1761206400,0.012,,0
1761210000,0.012,,0
1761213600,0.012,,0
1761217200,0.012,0.0082061192,1
1761220800,0.021,,0
1761224400,0.0125,0.0010000000000000547,4
1761228000,0.0125,,0
1761231600,0.0125,0.0009999991999998237,1
1761235200,0.0125,0.0010000000000000009,1
1761238800,0.0125,,0
1761242400,0.0125,,0
1761246000,0.0125,,0
1761249600,0.0125,,0
1761253200,0.0125,,0
1761256800,0.0125,,0
1761260400,0.0125,,0
1761264000,0.0125,,0
1761267600,0.0125,,0
1761271200,0.0125,0.0009999999999998899,1
1761274800,0.0125,0.0010000000000000009,3
1761278400,0.0125,0.0010000000000000009,8
1761282000,0.0125,,0
1761285600,0.0125,,0
1761289200,0.0125,,0
1761292800,0.0125,,0
1761296400,0.0125,,0
1761300000,0.0125,,0
1761303600,0.0125,0.0009999991999998237,1
1761307200,0.0125,0.0010000000000000009,2
1761310800,0.0125,,0
1761314400,0.0125,,0
1761318000,0.0125,,0
1761321600,0.0125,,0
1761325200,0.0125,,0
1761328800,0.0125,,0
1761332400,0.0125,,0
1761336000,0.0125,,0
1761339600,0.0125,,0
1761343200,0.0125,0.0010000000000000547,2
1761346800,0.0125,,0
1761350400,0.0125,0.0009999999999998899,1
1761354000,0.0125,,0
1761357600,0.0125,,0
1761361200,0.0125,,0
1761364800,0.0125,,0
1761368400,0.0125,,0
1761372000,0.0125,,0
1761375600,0.0125,,0
1761379200,0.0125,,0
1761382800,0.0125,,0
1761386400,0.0125,,0
1761390000,0.0125,,0
1761393600,0.0125,,0
1761397200,0.0125,0.001000000000000112,1
1761400800,0.0125,,0
1761404400,0.0125,,0
1761408000,0.0125,0.0009999999999998899,1
1761411600,0.0125,,0
1761415200,0.0125,,0
1761418800,0.0125,,0
1761422400,0.0125,,0
1761426000,0.0125,0.0010000000000000009,1
1761429600,0.0125,,0
1761433200,0.0125,,0
1761436800,0.0125,,0
1761440400,0.0125,,0
1761444000,0.0125,,0
1761447600,0.0125,,0
1761451200,0.0125,,0
1761454800,0.0125,,0
1761458400,0.0125,,0
1761462000,0.0125,,0
1761465600,0.0125,,0
1761469200,0.0125,,0
1761472800,0.0125,,0
1761476400,0.0125,,0
1761480000,0.0125,,0
1761483600,0.0125,,0
1761487200,0.0125,,0
1761490800,0.0125,,0
1761494400,0.0125,,0
1761498000,0.0125,,0
1761501600,0.0125,,0
1761505200,0.0125,,0
1761508800,0.0125,,0
1761512400,0.0125,,0
1761516000,0.0125,,0
1761519600,0.0125,0.0009999999999998899,5
1761523200,0.0125,,0
1761526800,0.0125,,0
1761530400,0.0125,,0
1761534000,0.0125,,0
1761537600,0.0125,,0
1761541200,0.0125,,0
1761544800,0.0125,,0
1761548400,0.0125,,0
1761552000,0.0125,,0
1761555600,0.0125,,0
1761559200,0.0125,,0
1761562800,0.0125,,0
1761566400,0.0125,,0
1761570000,0.0125,,0
1761573600,0.0125,0.0010000000000000009,4
1761577200,0.0125,0.0010000000000000009,2
1761580800,0.012,0.0020000000000000018,2
1761584400,0.012,,0
1761588000,0.012,,0
1761591600,0.012,,0
1761595200,0.012,,0
1761598800,0.012,0.0019999999999999983,1
1761602400,0.018,,0
1761606000,0.0185,,0
1761609600,0.0185,,0
1761613200,0.012,0.0020000000000000018,7
1761616800,0.012,,0
1761620400,0.012,0.0020000000000000018,1
1761624000,0.012,,0
1761627600,0.012,,0
1761631200,0.012,,0
1761634800,0.012,,0
1761638400,0.012,,0
1761642000,0.012,,0
1761645600,0.012,,0
1761649200,0.012,,0
1761652800,0.012,,0
1761656400,0.012,,0
1761660000,0.012,0.0019999999999999983,1
1761663600,0.0125,,0
1761667200,0.0125,,0
1761670800,0.0125,,0
1761674400,0.0125,,0
1761678000,0.0125,,0
1761681600,0.0125,0.003000000000000001,2
1761685200,0.02,,0
1761688800,0.0195,,0
1761692400,0.019,,0
1761696000,0.0195,,0
1761699600,0.0195,,0
1761703200,0.02,,0
1761706800,0.0195,,0
1761710400,0.0195,0.017,1
1761714000,0.02,0.018000000000000013,3
1761717600,0.019,,0
1761721200,0.0195,,0
1761724800,0.0195,0.01700000000000001,22
1761728400,0.02,0.018000000000000006,11
1761746400,0.0155,,0
1761750000,0.0155,0.008999997799999937,3
1761753600,0.0135,0.005000000000000001,2
1761757200,0.014,0.006000000000000002,1
1761760800,0.0135,,0
1761764400,0.0135,0.0067340882,2
1761768000,0.014,0.008000000000000002,6
1761771600,0.014,,0
1761775200,0.014,,0
1761778800,0.014,,0
1761782400,0.014,0.006000000000000002,5
1761786000,0.014,,0
1761789600,0.014,,0
1761793200,0.014,,0
1761796800,0.014,,0
1761800400,0.014,,0
1761804000,0.012,,0
1761807600,0.012,0.004,1
1761811200,0.0135,,0
1761814800,0.0135,,0
1761818400,0.0135,,0
1761822000,0.0135,,0
1761825600,0.0135,,0
1761829200,0.0135,,0
1761832800,0.0135,,0
1761836400,0.0115,0.0029698816000000017,1
1761840000,0.012,,0
1761843600,0.012,,0
1761847200,0.012,,0
1761850800,0.012,,0
1761854400,0.012,,0
1761858000,0.012,,0
1761861600,0.012,,0
1761865200,0.0145,,0
1761868800,0.0145,,0
1761872400,0.0145,0.008797726089999994,20
1761876000,0.018,0.016,5
1761879600,0.018,,0
1761883200,0.017,,0
1761886800,0.018,,0
1761890400,0.017,0.01799995,1
1761894000,0.023,,0
1761897600,0.022,,0
1761901200,0.024,,0
1761904800,0.024,,0
1761908400,0.024,,0
1761912000,0.024,,0
1761915600,0.023,0.006000000000000002,2
1761919200,0.016,,0
1761922800,0.016,,0
1761926400,0.016,,0
1761930000,0.016,,0
1761933600,0.016,,0
1761937200,0.016,,0
1761940800,0.016,0.0020000001999999975,1
1761944400,0.014,,0
1761948000,0.014,,0
1761951600,0.014,,0
1761955200,0.014,,0
1761958800,0.014,,0
1761962400,0.0155,,0
1761966000,0.0155,,0
1761969600,0.0155,,0
1761973200,0.0155,0.0029999998666665833,3
1761976800,0.015,,0
1761980400,0.015,,0
1761984000,0.015,0.0019999999999999983,1
1761987600,0.015,0.004566544199999978,5
1761991200,0.0105,0.0009999999999998899,3
1761994800,0.0115,,0
1761998400,0.0105,0.0009999999999998899,2
1762002000,0.0115,,0
1762005600,0.0115,,0
1762009200,0.0115,,0
1762012800,0.0115,,0
1762016400,0.0115,,0
1762020000,0.0115,,0
1762023600,0.0115,,0
1762027200,0.0115,,0
1762030800,0.0115,,0
1762034400,0.0115,,0
1762038000,0.0115,,0
1762041600,0.0115,,0
1762045200,0.0115,,0
1762048800,0.0115,,0
1762052400,0.0115,,0
1762056000,0.0115,,0
1762059600,0.0115,,0
1762063200,0.0115,,0
1762066800,0.0115,0.0029999999999998916,2
1762070400,0.0115,0.0029999999999998916,4
1762074000,0.0115,0.0029999999999999532,7
1762077600,0.0115,,0
1762081200,0.0115,,0
1762084800,0.0115,,0
1762088400,0.0115,,0
1762092000,0.0115,,0
1762095600,0.0115,,0
1762099200,0.0115,0.0029999999999998916,1
1762102800,0.0115,,0
1762106400,0.0115,0.0029999999999999454,4
1762110000,0.0115,0.002999999999999999,1
1762113600,0.0115,,0
1762117200,0.0115,,0
1762120800,0.0115,,0
1762124400,0.0115,,0
1762128000,0.0115,0.004269931966666658,12
1762131600,0.0105,,0
1762135200,0.0105,0.0029999988000000144,1
1762138800,0.01,,0
1762142400,0.01,,0
1762146000,0.01,,0
1762149600,0.01,,0
1762153200,0.01,,0
1762156800,0.01,,0
1762160400,0.01,,0
1762164000,0.01,,0
1762167600,0.01,,0
1762171200,0.01,,0
1762174800,0.01,,0
1762178400,0.01,0.0020000000000000018,1
1762182000,0.01,,0
1762185600,0.01,,0
1762189200,0.01,,0
1762192800,0.01,,0
1762196400,0.0105,,0
1762200000,0.0105,,0
1762203600,0.0105,,0
1762207200,0.0105,0.0009999999999999974,1
1762210800,0.011,,0
1762214400,0.011,,0
1762218000,0.011,,0
1762221600,0.0105,0.0009999999999998899,3
1762225200,0.011,,0
1762228800,0.011,0.0020000000000000018,1
1762232400,0.011,0.0020000000000000018,8
1762236000,0.011,0.0019999999999999983,1
1762239600,0.011,0.0020000000000000005,14
1762243200,0.011,,0
1762246800,0.0105,,0
1762250400,0.0105,0.0010000000000000009,2
1762254000,0.0105,0.001000000000000038,3
1762257600,0.011,0.0019999999999999983,1
1762261200,0.011,0.0020000000000000018,2
1762264800,0.011,0.0043979305333333345,3
1762268400,0.02,,0
1762272000,0.0135,,0
1762275600,0.0135,0.004999995200000051,2
1762279200,0.0135,0.003999999950000055,4
1762282800,0.0135,0.004999999200000049,3
1762286400,0.0135,0.004999999799999988,2
1762290000,0.0135,0.004999999200000049,2
1762293600,0.0135,0.004999999799999988,2
1762297200,0.0135,0.003999998399999982,2
1762300800,0.013,0.004799999560000013,5
1762304400,0.0135,,0
1762308000,0.0135,,0
1762311600,0.0135,0.0050000000000000044,2
1762315200,0.0135,,0
1762318800,0.0135,0.004999999879999927,5
1762322400,0.0135,0.004999999999999893,2
1762326000,0.0135,,0
1762329600,0.0135,,0
1762333200,0.0135,0.004999999119999954,5
1762336800,0.0135,0.004999999066666557,3
1762340400,0.0135,0.00499999969999998,4
1762344000,0.0135,,0
1762347600,0.0135,,0
1762351200,0.0135,,0
1762354800,0.0135,0.004999999749999953,4
1762358400,0.019,0.016000000000000014,1
1762362000,0.014,,0
1762365600,0.014,,0
1762369200,0.014,,0
1762372800,0.0135,0.006999999999999999,2
1762376400,0.0185,,0
1762380000,0.019,0.010540091000000085,2
1762383600,0.018,0.009999999999999998,1
1762387200,0.0175,,0
1762390800,0.0175,,0
1762394400,0.0175,,0
1762398000,0.0175,,0
1762401600,0.0145,,0
1762405200,0.0145,,0
1762408800,0.0145,0.0029999995999998585,1
1762412400,0.0145,,0
1762416000,0.0145,,0
1762419600,0.0145,,0
1762423200,0.0145,,0
1762426800,0.014,0.0020000000000000018,1
1762430400,0.014,0.0020000000000000018,1
1762434000,0.014,0.0020000000000000018,1
1762437600,0.014,0.0020000000000000018,2
1762441200,0.0135,,0
1762444800,0.0135,,0
1762448400,0.0135,,0
1762452000,0.0135,0.001000000000000112,1
1762455600,0.0145,0.001000000000000112,2
1762459200,0.014,0.0019999999111111055,9
1762462800,0.0135,,0
1762466400,0.0135,,0
1762470000,0.0135,,0
1762473600,0.0135,,0
1762477200,0.0135,,0
1762480800,0.0135,0.0009999999999998899,1
1762484400,0.0115,0.0010000000000000009,1
1762488000,0.0125,,0
1762491600,0.0125,,0
1762495200,0.0125,0.0009999999999998899,1
1762498800,0.0125,0.004645813399999997,1
1762502400,0.0135,,0
1762506000,0.0135,,0
1762509600,0.0135,,0
1762513200,0.0135,,0
1762516800,0.0135,,0
1762520400,0.0135,,0
1762524000,0.0135,,0
1762527600,0.0135,,0
1762531200,0.0135,,0
1762534800,0.0135,,0
1762538400,0.0135,,0
1762542000,0.0145,,0
1762545600,0.0145,,0
1762549200,0.0145,,0
1762552800,0.0145,0.0009999377999998504,1
1762556400,0.0145,0.001000000000000038,3
1762560000,0.013,,0
1762563600,0.013,,0
1762567200,0.013,0.0020000000000000018,1
1762570800,0.013,0.0020000000000000018,1
1762574400,0.013,,0
1762578000,0.013,,0
1762581600,0.0135,,0
1762585200,0.0135,,0
1762588800,0.0135,0.0023333333333334463,3
1762592400,0.0145,,0
1762596000,0.0155,0.0009999999999998899,1
1762599600,0.0155,0.001000000000000112,1
1762603200,0.0145,,0
1762606800,0.0145,,0
1762610400,0.0145,,0
1762614000,0.0145,,0
1762617600,0.0145,,0
1762621200,0.0145,,0
1762624800,0.0145,0.0030000000000001137,1
1762628400,0.0155,,0
1762632000,0.0155,,0
1762635600,0.0155,0.0009998295499999421,4
1762639200,0.0155,0.003999999999999948,2
1762642800,0.014,0.0039999992666666815,3
1762646400,0.0135,,0
1762650000,0.0135,,0
1762653600,0.0135,,0
1762657200,0.0135,,0
1762660800,0.0135,,0
1762664400,0.0135,,0
1762668000,0.013,0.0019999985999999952,2
1762671600,0.013,,0
1762675200,0.013,,0
1762678800,0.013,,0
1762682400,0.013,,0
1762686000,0.013,,0
1762689600,0.013,,0
1762693200,0.013,,0
1762696800,0.013,,0
1762700400,0.013,,0
1762704000,0.013,,0
1762707600,0.013,,0
1762711200,0.013,,0
1762714800,0.013,0.0019999995333332965,3
1762718400,0.013,,0
1762722000,0.013,,0
1762725600,0.013,,0
1762729200,0.013,,0
1762732800,0.013,,0
1762736400,0.013,,0
1762740000,0.013,,0
1762743600,0.013,0.0019999999999999983,1
1762747200,0.013,,0
1762750800,0.013,,0
1762754400,0.013,,0
1762758000,0.013,,0
1762761600,0.013,,0
1762765200,0.013,,0
1762768800,0.013,,0
1762772400,0.013,,0
1762776000,0.013,,0
1762779600,0.013,,0
1762783200,0.013,,0
1762786800,0.013,,0
1762790400,0.013,,0
1762794000,0.0125,,0
1762797600,0.0125,,0
1762801200,0.0125,,0
1762804800,0.0125,,0
1762808400,0.0125,,0
1762812000,0.0125,0.0010000000000000009,1
1762815600,0.0125,0.0009999999999998899,1
1762819200,0.0125,0.001000000000000112,1
1762822800,0.0125,,0
1762826400,0.0125,,0
1762830000,0.0125,,0
1762833600,0.0125,0.00099999559999997,1
1762837200,0.0125,0.0009999997333333492,3
1762840800,0.0125,,0
1762844400,0.0125,0.0009999999999998899,1
1762848000,0.0115,,0
1762851600,0.0115,0.0009999994999999595,2
1762855200,0.0115,,0
1762858800,0.0115,0.0009999999999998899,1
1762862400,0.0115,0.0009999999999998899,1
1762866000,0.0115,,0
1762869600,0.0115,0.0009999999999998899,1
1762873200,0.0115,,0
1762876800,0.0115,0.0009999994999999595,2
1762880400,0.0115,0.0009999994999998485,2
1762884000,0.012,0.001000006100000006,4
1762887600,0.0115,0.0009999993999998402,1
1762891200,0.0115,0.0010000000000000009,2
1762894800,0.0115,0.0009999999333333658,3
1762898400,0.0115,0.0009999998999999926,2
1762902000,0.0115,0.0009999997999999843,4
1762905600,0.0115,0.0009999999999998899,1
1762909200,0.0115,0.0009999992399999601,5
1762912800,0.0115,0.000999999833333265,6
1762916400,0.0115,0.00099999933333339,3
1762920000,0.0115,0.0009999998499999885,4
1762923600,0.0115,0.0009999999999998899,1
1762927200,0.0115,0.0009999991333332996,3
1762930800,0.0115,,0
1762934400,0.0115,0.001000000000000112,1
1762938000,0.0115,,0
1762941600,0.0115,0.000999999759999959,5
1762945200,0.0115,0.001000000000000112,2
1762948800,0.0115,,0
1762952400,0.0115,0.0009999990000000292,2
1762956000,0.0115,,0
1762959600,0.0115,,0
1762963200,0.0115,,0
1762966800,0.0115,0.0009999993999998402,1
1762970400,0.0115,0.0009999999000000204,4
1762974000,0.0115,,0
1762977600,0.0115,,0
1762981200,0.0115,,0
1762984800,0.0115,0.0009999995999998568,1
1762988400,0.0115,0.0009999988666666848,3
1762992000,0.0115,0.0009999982999999713,2
1762995600,0.0115,0.0010000000000000009,2
1762999200,0.0115,0.000999999666666677,3
1763002800,0.0115,0.0009999999333333658,3
1763006400,0.0115,0.001000000000000112,1
1763010000,0.0115,0.0009999957999999864,1
1763013600,0.0115,0.0009999989499999695,4
1763017200,0.0115,0.001000000000000112,2
1763020800,0.0115,0.0009999997999998733,1
1763024400,0.0115,0.001000000000000112,1
1763028000,0.0115,0.0009999996545453562,11
1763031600,0.0115,0.0009999981142856226,7
1763035200,0.012,,0
1763038800,0.0115,0.0010000000000000009,2
1763042400,0.0115,0.0009999999999998899,1
1763046000,0.012,0.0020000000000000018,1
1763049600,0.012,,0
1763053200,0.012,0.0020000000000000018,1
1763056800,0.012,0.0020000000000000018,1
1763060400,0.012,0.001500007750000032,4
1763064000,0.0125,0.0009999824000000619,3
1763067600,0.0125,,0
1763071200,0.0125,0.0022890082499999465,4
1763074800,0.012,0.0020000000000000018,2
1763078400,0.012,,0
1763082000,0.0125,0.0009999491999999794,3
1763085600,0.0125,0.001000000000000112,1
1763089200,0.0125,0.0017665151000000323,2
1763092800,0.012,0.001999999399999952,1
1763096400,0.012,0.001999999333333354,3
1763100000,0.012,0.001999998000000003,4
1763103600,0.012,0.0014285707714285817,7
1763107200,0.0115,0.0009999999999998899,1
1763110800,0.0115,,0
1763114400,0.0115,0.000999996399999814,1
1763118000,0.0115,0.0009999999333333658,3
1763121600,0.0115,,0
1763125200,0.0115,0.000999996733333323,3
1763128800,0.0115,0.0009999986800000027,5
1763132400,0.0115,0.001000000000000112,1
1763136000,0.0115,,0
1763139600,0.0115,0.0009999999999999731,4
1763143200,0.0115,0.000999998199999963,1
1763146800,0.0115,0.0009999995999999678,2
1763150400,0.0115,,0
1763154000,0.0115,,0
1763157600,0.0115,0.0009999999999998899,2
1763161200,0.0115,0.0009999999999998899,1
1763164800,0.0115,0.0009999999999998899,1
1763168400,0.0115,,0
1763172000,0.0115,,0
1763175600,0.0115,,0
1763179200,0.0115,,0
1763182800,0.0115,,0
1763186400,0.0115,,0
1763190000,0.0115,0.002333333288888776,9
1763193600,0.0105,,0
1763197200,0.011,,0
1763200800,0.011,,0
1763204400,0.011,0.0020000000000000018,1
1763208000,0.0115,0.002999999999999963,3
1763211600,0.0115,,0
1763215200,0.011,,0
1763218800,0.0115,,0
1763222400,0.0115,,0
1763226000,0.0115,,0
1763229600,0.0115,,0
1763233200,0.0115,,0
1763236800,0.0115,,0
1763240400,0.0115,0.0029999999999998916,1
1763244000,0.0115,0.0029999999999998916,1
1763247600,0.0115,,0
1763251200,0.0115,,0
1763254800,0.0115,,0
1763258400,0.0115,,0
1763262000,0.0115,,0
1763265600,0.0115,0.002999999999999999,1
1763269200,0.0115,0.002999999999999967,10
1763272800,0.0115,,0
1763276400,0.0115,,0
1763280000,0.0115,,0
1763283600,0.0115,0.0029999999999998916,1
1763287200,0.0115,0.0029999999999998916,1
1763290800,0.0115,,0
1763294400,0.0115,,0
1763298000,0.0115,,0
1763301600,0.0115,,0
1763305200,0.012,0.0019999997999999852,1
1763308800,0.012,,0
1763312400,0.0115,,0
1763316000,0.0115,,0
1763319600,0.0115,,0
1763323200,0.0115,,0
1763326800,0.0115,,0
1763330400,0.0115,,0
1763334000,0.0115,,0
1763337600,0.0115,,0
1763341200,0.0115,,0
1763344800,0.0115,0.0009999999999999454,2
1763348400,0.0115,,0
1763352000,0.0115,,0
1763355600,0.0115,,0
1763359200,0.0115,,0
1763362800,0.0115,,0
1763366400,0.0115,,0
1763370000,0.0115,0.001000000000000112,1
1763373600,0.0115,,0
1763377200,0.0115,,0
1763380800,0.0115,0.0009999999999999343,5
1763384400,0.0115,,0
1763388000,0.0115,0.0009999997999998733,1
1763391600,0.0115,,0
1763395200,0.0115,,0
1763398800,0.011,,0
1763402400,0.011,,0
1763406000,0.011,,0
1763409600,0.011,,0
1763413200,0.011,,0
1763416800,0.011,,0
1763420400,0.011,,0
1763424000,0.011,,0
1763427600,0.011,,0
1763431200,0.011,,0
1763434800,0.011,,0
1763438400,0.011,,0
1763442000,0.011,,0
1763445600,0.011,,0
1763449200,0.011,,0
1763452800,0.011,,0
1763456400,0.011,,0
1763460000,0.011,,0
1763463600,0.011,,0
1763467200,0.011,,0
1763470800,0.011,,0
1763474400,0.011,,0
1763478000,0.011,,0
1763481600,0.011,,0
1763485200,0.011,,0
1763488800,0.011,,0
1763492400,0.011,,0
1763496000,0.011,,0
1763499600,0.011,,0
1763503200,0.011,,0
1763506800,0.011,,0
1763510400,0.011,,0
1763514000,0.011,,0
1763517600,0.011,,0
1763521200,0.011,,0
1763524800,0.0115,,0
1763528400,0.0115,,0
1763532000,0.0115,0.0010000000000000009,1
1763535600,0.0115,,0
1763539200,0.0115,0.0009999999999998899,1
1763542800,0.0115,0.0019455308999999366,2
1763546400,0.012,,0
1763550000,0.012,,0
1763553600,0.012,,0
1763557200,0.012,,0
1763560800,0.012,,0
1763564400,0.012,,0
1763568000,0.012,0.0019999999533333312,30
1763571600,0.012,0.0019999996799999753,5
1763575200,0.012,,0
1763578800,0.012,,0
1763582400,0.012,0.0020000000000000018,2
1763586000,0.012,,0
1763589600,0.012,,0
1763593200,0.012,0.0019999991666666364,6
1763596800,0.012,,0
1763600400,0.012,,0
1763604000,0.012,,0
1763607600,0.012,,0
1763611200,0.012,,0
1763614800,0.012,,0
1763618400,0.012,,0
1763622000,0.0125,0.0013333331999999347,6
1763625600,0.0115,,0
1763629200,0.0115,,0
1763632800,0.0115,,0
1763636400,0.0115,,0
1763640000,0.0115,,0
1763643600,0.0115,,0
1763647200,0.0115,0.000999999999999987,8
1763650800,0.0115,0.000999999999999927,3
1763654400,0.0115,0.0009999999999999454,2
1763658000,0.0115,,0
1763661600,0.0115,0.0009999999999998899,1
1763665200,0.0115,,0
1763668800,0.0115,,0
1763672400,0.0115,,0
1763676000,0.0115,,0
1763679600,0.0115,,0
1763683200,0.0115,,0
1763686800,0.0115,,0
1763690400,0.0115,0.001000000000000038,3
1763694000,0.0115,0.0009999999999998899,2
1763697600,0.0115,,0
1763701200,0.011,,0
1763704800,0.011,0.002,6
1763708400,0.011,0.0020000000000000005,8
1763712000,0.0115,0.001000000000000112,2
1763715600,0.0125,0.001000000000000112,1
1763719200,0.0115,,0
1763722800,0.0125,0.002000000000000113,2
1763726400,0.0145,,0
1763730000,0.015,,0
1763733600,0.015,,0
1763737200,0.015,,0
1763740800,0.015,0.0040000000000000036,1
1763744400,0.016,0.0020000000000000018,1
1763748000,0.014,,0
1763751600,0.014,,0
1763755200,0.014,,0
1763758800,0.014,0.0020000000000000018,1
1763762400,0.0125,0.0010000000000000009,4
1763766000,0.013,,0
1763769600,0.014,0.0020000000000000018,2
1763773200,0.0145,,0
1763776800,0.0145,,0
1763780400,0.0145,,0
1763784000,0.016,0.0020000000000000018,1
1763787600,0.0145,,0
1763791200,0.0145,,0
1763794800,0.0145,0.0049999986,1
1763798400,0.014,0.004000000000000002,2
1763802000,0.014,0.0,1
1763805600,0.014,,0
1763809200,0.014,,0
1763812800,0.0135,,0
1763816400,0.0135,,0
1763820000,0.014,,0
1763823600,0.014,,0
1763827200,0.014,0.0,1
1763830800,0.013,,0
1763834400,0.013,0.0020000000000000018,1
1763838000,0.013,0.0020000000000000018,1
1763841600,0.0115,,0
1763845200,0.0115,,0
1763848800,0.0115,,0
1763852400,0.0115,,0
1763856000,0.0115,,0
1763859600,0.0115,,0
1763863200,0.0115,,0
1763866800,0.0115,,0
1763870400,0.0115,,0
1763874000,0.0115,,0
1763877600,0.0115,,0
1763881200,0.0115,,0
1763884800,0.0115,,0
1763888400,0.0115,,0
1763892000,0.0115,,0
1763895600,0.0115,,0
1763899200,0.0115,,0
1763902800,0.0115,,0
1763906400,0.0115,,0
1763910000,0.0115,0.0009999999333332916,3
1763913600,0.0115,,0
1763917200,0.0115,,0
1763920800,0.0115,0.0009999999999998899,1
1763924400,0.0115,,0
1763928000,0.0115,,0
1763931600,0.0115,,0
1763935200,0.0115,,0
1763938800,0.0115,,0
1763942400,0.0115,,0
1763946000,0.0115,0.0010000082363636224,11
1763949600,0.0125,0.0019999900999998488,2
1763953200,0.012,,0
1763956800,0.012,0.0020000000000000018,1
1763960400,0.0125,0.0009999999999998899,1
1763964000,0.0125,0.0009999999999998899,3
1763967600,0.0125,,0
1763971200,0.0125,,0
1763974800,0.0125,0.002102607119999939,5
1763978400,0.012,,0
1763982000,0.012,,0
1763985600,0.012,0.0019999998999999935,2
1763989200,0.012,,0
1763992800,0.012,,0
1763996400,0.012,,0
1764000000,0.012,,0
1764003600,0.012,,0
1764007200,0.012,,0
1764010800,0.012,,0
1764014400,0.012,,0
1764018000,0.012,,0
1764021600,0.012,,0
1764025200,0.012,,0
1764028800,0.012,,0
1764032400,0.012,,0
1764036000,0.012,0.0037142857142857142,7
1764039600,0.013,,0
1764043200,0.013,,0
1764046800,0.013,,0
1764050400,0.013,,0
1764054000,0.013,,0
1764057600,0.013,,0
1764061200,0.013,,0
1764064800,0.013,,0
1764068400,0.013,,0
1764072000,0.013,,0
1764075600,0.013,,0
1764079200,0.013,,0
1764082800,0.013,,0
1764086400,0.013,,0
1764090000,0.013,0.004000000000000002,4
1764093600,0.013,,0
1764097200,0.013,,0
1764100800,0.013,,0
1764104400,0.013,0.004750000000000001,8
1764108000,0.0125,,0
1764111600,0.013,,0
1764115200,0.013,,0
1764118800,0.013,,0
1764122400,0.013,,0
1764126000,0.013,,0
1764129600,0.013,,0
1764133200,0.013,,0
1764136800,0.013,,0
1764140400,0.013,,0
1764144000,0.013,,0
1764147600,0.013,0.0040000000000000036,1
1764151200,0.013,,0
1764154800,0.013,,0
1764158400,0.013,,0
1764162000,0.013,,0
1764165600,0.013,,0
1764169200,0.013,0.003857606699999976,6
1764172800,0.0125,,0
1764176400,0.0125,,0
1764180000,0.0125,,0
1764183600,0.0125,,0
1764187200,0.0125,,0
1764190800,0.0125,,0
1764194400,0.0125,,0
1764198000,0.0125,,0
1764201600,0.0125,,0
1764205200,0.0125,,0
1764208800,0.0125,,0
1764212400,0.0125,,0
1764216000,0.0125,,0
1764219600,0.0125,,0
1764223200,0.0125,,0
1764226800,0.0125,,0
1764230400,0.0125,,0
1764234000,0.0125,,0
1764237600,0.0125,0.00457072031999994,5
1764241200,0.013,,0
1764244800,0.013,,0
1764248400,0.013,,0
1764252000,0.013,,0
1764255600,0.013,,0
1764259200,0.013,,0
1764262800,0.013,,0
1764266400,0.013,0.0061672462142857215,14
1764270000,0.011,0.005000000000000002,6
1764273600,0.012,0.005999999999999998,1
1764277200,0.0125,0.008283562266666633,3
1764280800,0.011,,0
1764284400,0.011,,0
1764288000,0.011,,0
1764291600,0.0105,,0
1764295200,0.0105,,0
1764298800,0.0105,,0
1764302400,0.0105,,0
1764306000,0.0105,,0
1764309600,0.0105,0.0037381651600000058,5
1764313200,0.0105,0.004999999999999893,1
1764316800,0.0105,,0
1764320400,0.0105,,0
1764324000,0.0105,0.0016666666666665941,3
1764327600,0.0105,,0
1764331200,0.0105,0.0029999998333332667,6
1764334800,0.0105,,0
1764338400,0.0105,,0
1764342000,0.0105,,0
1764345600,0.0105,,0
1764349200,0.0105,,0
1764352800,0.0105,0.0029999999999998916,1
1764356400,0.01,,0
1764360000,0.01,,0
1764363600,0.01,,0
1764367200,0.01,,0
1764370800,0.01,,0
1764374400,0.01,,0
1764378000,0.01,,0
1764381600,0.01,,0
1764385200,0.01,,0
1764388800,0.01,,0
1764392400,0.01,,0
1764396000,0.01,,0
1764399600,0.01,,0
1764403200,0.01,0.004851574599999964,2
1764406800,0.0115,,0
1764410400,0.0115,,0
1764414000,0.0115,,0
1764417600,0.0115,,0
1764421200,0.0115,,0
1764424800,0.0115,,0
1764428400,0.0115,,0
1764432000,0.0115,,0
1764435600,0.0115,,0
1764439200,0.0115,,0
1764442800,0.0115,,0
1764446400,0.0115,,0
1764450000,0.0115,,0
1764453600,0.0115,,0
1764457200,0.0115,,0
1764460800,0.0115,,0
1764464400,0.011,0.006000000000000004,14
1764468000,0.011,,0
1764471600,0.011,,0
1764475200,0.011,,0
1764478800,0.011,,0
1764482400,0.011,,0
1764486000,0.01,,0
1764489600,0.01,,0
1764493200,0.01,,0
1764496800,0.01,,0
1764500400,0.01,,0
1764507600,0.0105,,0
1764511200,0.01,,0
1764514800,0.01,,0
1764518400,0.01,,0
1764522000,0.01,,0
1764525600,0.01,,0
1764529200,0.01,,0
1764532800,0.01,,0
1764536400,0.01,,0
1764540000,0.009,,0
1764543600,0.009,,0
1764547200,0.009,,0
1764550800,0.009,,0
1764554400,0.009,,0
1764558000,0.009,0.003695220400000032,1
1764561600,0.0085,0.0029999998999998834,2
1764565200,0.0085,,0
1764568800,0.0085,,0
1764572400,0.0085,,0
1764576000,0.0085,,0
1764579600,0.0085,,0
1764583200,0.0085,,0
1764586800,0.0085,0.0029999999999998916,1
1764590400,0.0085,,0
1764594000,0.0085,,0
1764597600,0.0085,,0
1764601200,0.0085,,0
1764604800,0.0085,,0
1764608400,0.0085,,0
1764612000,0.0085,,0
1764615600,0.0085,,0
1764619200,0.0085,,0
1764622800,0.0085,,0
1764626400,0.0085,,0
1764630000,0.0085,,0
1764633600,0.0085,,0
1764637200,0.0085,,0
1764640800,0.0085,,0
1764644400,0.0085,,0
1764648000,0.0085,,0
1764651600,0.009,0.0029042835714285726,7
1764655200,0.0115,,0
1764658800,0.0115,,0
1764662400,0.0115,,0
1764666000,0.011,,0
1764669600,0.0115,,0
1764673200,0.012,,0
1764676800,0.012,,0
1764680400,0.011,,0
1764684000,0.011,0.0020000000000000005,3
1764687600,0.012,0.005565275759999986,5
1764691200,0.012,,0
1764694800,0.012,,0
1764698400,0.012,0.005000000000000003,2
1764702000,0.011,0.004,1
1764705600,0.011,,0
1764709200,0.011,,0
1764712800,0.011,,0
1764716400,0.0105,,0
1764720000,0.0105,,0
1764723600,0.0105,,0
1764727200,0.0105,,0
1764730800,0.0105,,0
1764734400,0.0105,,0
1764738000,0.01,,0
1764741600,0.01,,0
1764745200,0.01,,0
1764748800,0.0095,0.002999999999999928,21
1764752400,0.0095,0.0029999999999999376,7
1764756000,0.0095,0.002999999999999999,1
1764759600,0.0095,,0
1764763200,0.0095,0.0029999999999999276,3
1764766800,0.0095,0.0029999999999999224,7
1764770400,0.01,,0
1764774000,0.0095,,0
1764777600,0.0095,0.0029999999999999858,8
1764781200,0.0095,,0
1764784800,0.0095,,0
1764788400,0.0095,0.0029999999999998916,2
1764792000,0.0095,0.002999999999999999,1
1764795600,0.0095,,0
1764799200,0.0095,,0
1764802800,0.0095,,0
1764806400,0.0095,,0
1764810000,0.0095,,0
1764813600,0.0095,,0
1764817200,0.0095,,0
1764820800,0.0095,,0
1764824400,0.0095,,0
1764828000,0.0085,,0
1764831600,0.0085,,0
1764835200,0.0085,,0
1764838800,0.0085,0.0009999999999999974,1
1764842400,0.009,,0
1764846000,0.009,,0
1764849600,0.009,0.0020000000000000018,1
1764853200,0.009,,0
1764856800,0.009,,0
1764860400,0.009,,0
1764864000,0.009,,0
1764867600,0.009,,0
1764871200,0.009,0.0020000000000000018,7
1764874800,0.009,,0
1764878400,0.009,,0
1764882000,0.009,,0
1764885600,0.009,,0
1764889200,0.009,0.0019999999999999983,1
1764892800,0.009,0.0036001611142857143,7
1764896400,0.0085,,0
1764900000,0.0085,,0
1764903600,0.0085,,0
1764907200,0.0085,,0
1764910800,0.0085,,0
1764914400,0.0085,,0
1764918000,0.0085,,0
1764921600,0.0085,,0
1764925200,0.0085,,0
1764928800,0.0085,,0
1764932400,0.0085,,0
1764936000,0.0085,,0
1764939600,0.0085,,0
1764943200,0.0085,0.0009999999999999974,1
1764946800,0.0085,,0
1764950400,0.0085,,0
1764954000,0.0085,,0
1764957600,0.0085,,0
1764961200,0.0085,0.0009999999999999974,1
1764964800,0.0085,,0
1764968400,0.0085,,0
1764972000,0.0085,,0
1764975600,0.0085,,0
1764979200,0.0085,,0
1764982800,0.0085,0.0009999999999999974,1
1764986400,0.0085,0.0009999999999999974,1
1764990000,0.0085,0.0009999999999999974,1
1764993600,0.0085,,0
1764997200,0.0085,,0
1765000800,0.0085,0.0009999999999999974,1
1765004400,0.0085,0.0009999999999999974,1
1765008000,0.0085,,0
1765011600,0.0085,,0
1765015200,0.0085,0.0009999999999999974,1
1765018800,0.0085,,0
1765022400,0.0085,,0
1765026000,0.0085,,0
1765029600,0.0085,,0
1765033200,0.0085,0.001999999999999999,2
1765036800,0.0085,,0
1765040400,0.0085,,0
1765044000,0.0085,0.0009999999999999974,1
1765047600,0.0085,0.0009999999999999974,1
1765051200,0.0085,,0
1765054800,0.0085,0.0009999999999999974,1
1765058400,0.0085,,0
1765062000,0.0085,,0
1765065600,0.0085,0.0009999999999999974,1
1765069200,0.0085,,0
1765072800,0.0085,0.0009999999999999974,1
1765076400,0.0085,0.0009999999999999974,2
1765080000,0.0085,,0
1765083600,0.0085,0.0009999999999999974,1
1765087200,0.0085,0.0009999999999999974,1
1765090800,0.0085,,0
1765094400,0.0085,0.0009999999999999974,1
1765098000,0.0085,0.0009999999999999974,1
1765101600,0.0085,,0
1765105200,0.0085,,0
1765108800,0.0085,0.0009999999999999974,3
1765112400,0.0085,,0
1765116000,0.0085,,0
1765119600,0.0085,,0
1765123200,0.0085,,0
1765126800,0.0085,0.0009999999999999974,1
1765130400,0.0085,,0
1765134000,0.0085,,0
1765137600,0.0085,0.0009999999999999974,1
1765141200,0.0085,0.0009999999999999974,2
1765144800,0.0085,0.0009999999999999974,2
1765148400,0.0085,0.0009999999999999974,2
1765152000,0.0085,0.0009999999999999974,1
1765155600,0.0085,0.0010000000000000009,2
1765159200,0.008,0.0,1
1765162800,0.008,0.0,1
1765166400,0.008,0.0019999995999999687,1
1765170000,0.008,,0
1765173600,0.008,0.000999999699999976,2
1765177200,0.008,0.0013333333333333322,3
1765180800,0.009,0.0020000000000000018,2
1765184400,0.009,,0
1765188000,0.009,0.0020000000000000018,2
1765191600,0.009,0.0020000000000000018,1
1765195200,0.009,0.0010000000000000009,2
1765198800,0.009,0.0,2
1765202400,0.009,0.0,1
1765206000,0.0095,0.0009999999999998899,2
1765209600,0.0095,,0
1765213200,0.0095,,0
1765216800,0.0095,,0
1765220400,0.0095,,0
1765224000,0.0095,,0
1765227600,0.0095,,0
1765231200,0.0095,,0
1765234800,0.0095,,0
1765238400,0.0095,,0
1765242000,0.0095,0.002277777777777712,9
1765245600,0.009,0.0,3
1765249200,0.009,0.0,1
1765252800,0.009,0.0020000000000000018,4
1765256400,0.009,0.0,1
1765260000,0.009,0.0,1
1765263600,0.009,0.0,3
1765267200,0.009,0.0,1
1765270800,0.0095,,0
1765274400,0.0095,0.0009999999999998899,7
1765278000,0.009,0.0,2
1765281600,0.009,0.0,3
1765285200,0.009,0.0,1
1765288800,0.009,0.0,1
1765292400,0.009,0.0,2
1765296000,0.009,,0
1765299600,0.009,0.0,2
1765303200,0.0085,0.0009999999999999974,2
1765306800,0.0085,,0
1765310400,0.0085,0.0009999999999999974,4
1765314000,0.0085,0.0009999999999999974,3
1765317600,0.0085,0.0009999999999999974,1
1765321200,0.0085,0.0009999999999999974,6
1765324800,0.0085,0.0009999999999999974,3
1765328400,0.0085,0.0009999999999999974,1
1765332000,0.0085,,0
1765335600,0.0085,,0
1765339200,0.0085,,0
1765342800,0.0085,0.0009999999999999974,3
1765346400,0.0085,0.0009999999999999974,1
1765350000,0.0085,0.0009999999999999974,1
1765353600,0.0085,0.0009999999999999974,1
1765357200,0.0085,,0
1765360800,0.0085,0.0009999999999999974,2
1765364400,0.0085,,0
1765368000,0.0085,0.0029999999999998916,1
1765371600,0.0085,0.0009999999999999974,3
1765375200,0.0085,,0
1765378800,0.0085,0.002999999799999875,2
1765382400,0.0085,0.0009999999999999974,1
1765386000,0.0085,0.0009999999999999974,2
1765389600,0.0085,0.00166666639999994,6
1765393200,0.0085,0.0009999999999999974,2
1765396800,0.0085,0.0009999999999999974,3
1765400400,0.0085,0.0016666666666666288,3
1765404000,0.0085,0.0009999999999999974,1
1765407600,0.0085,0.0009999999999999974,3
1765411200,0.0085,0.0009999999999999974,2
1765414800,0.0085,0.0009999999999999974,2
1765418400,0.0085,0.0009999999999999974,1
1765422000,0.0085,0.0009999999999999974,2
1765425600,0.0085,0.0009999999999999974,4
1765429200,0.0085,0.0009999999999999974,2
1765432800,0.0085,0.0009999999999999974,1
1765436400,0.0085,0.0009999999999999974,1
1765440000,0.0085,0.0009999999999999974,2
1765443600,0.0085,0.0009999999999999974,1
1765447200,0.0085,0.0009999999999999974,2
1765450800,0.0085,0.0009999999999999974,3
1765454400,0.0085,,0
1765458000,0.0085,0.0009999999999999974,3
1765461600,0.0085,0.0009999999999999974,1
1765465200,0.0085,,0
1765468800,0.0085,,0
1765472400,0.0085,0.0009999999999999974,1
1765476000,0.0085,,0
1765479600,0.0085,,0
1765483200,0.0085,,0
1765486800,0.0085,,0
1765490400,0.0085,,0
1765494000,0.0085,,0
1765497600,0.0085,,0
1765501200,0.0085,,0
1765504800,0.0085,,0
1765508400,0.0085,0.003000000000000001,1
1765512000,0.0085,0.006256277599999999,1
1765515600,0.0105,,0
1765519200,0.011,,0
1765522800,0.0105,,0
1765526400,0.011,,0
1765530000,0.0115,0.002999999999999999,1
1765533600,0.0115,,0
1765537200,0.0115,,0
1765540800,0.0115,0.002999999999999999,1
1765544400,0.0115,0.002999999999999999,1
1765548000,0.0115,0.002999999999999999,1
1765551600,0.0115,,0
1765555200,0.0115,0.0010000000000000009,1
1765558800,0.011,0.0020000000000000018,3
1765562400,0.011,0.0020000000000000018,4
1765566000,0.011,0.0020000000000000018,4
1765569600,0.011,0.0020000000000000018,3
1765573200,0.011,0.0020000000000000018,4
1765576800,0.011,0.0020000000000000018,3
1765580400,0.011,0.0020000000000000018,7
1765584000,0.011,0.002400000000000002,5
1765587600,0.009,0.0,3
1765591200,0.009,0.0,2
1765594800,0.0095,,0
1765598400,0.0095,,0
1765602000,0.0095,0.0037999999999998924,5
1765605600,0.0085,,0
1765609200,0.008,,0
1765612800,0.0085,0.0029999999999998916,1
1765616400,0.0085,0.0029999999999998916,1
1765620000,0.008,,0
1765623600,0.009,,0
1765627200,0.0085,0.002999999799999875,3
1765630800,0.009,,0
1765634400,0.009,,0
1765638000,0.009,,0
1765641600,0.009,0.0020000000000000018,1
1765645200,0.009,0.0038087967000000056,2
1765648800,0.0085,0.002999999971428461,7
1765652400,0.0085,,0
1765656000,0.0085,,0
1765659600,0.0085,,0
1765663200,0.0085,,0
1765666800,0.0085,,0
1765670400,0.0085,,0
1765674000,0.008,0.0019999998999999935,2
1765677600,0.0085,,0
1765681200,0.0085,,0
1765684800,0.0085,0.0029999999999998916,1
1765688400,0.009,,0
1765692000,0.0085,,0
1765695600,0.0085,,0
1765699200,0.0085,,0
1765702800,0.0085,,0
1765706400,0.0085,,0
1765710000,0.0085,,0
1765713600,0.0085,,0
1765717200,0.0085,,0
1765720800,0.0085,,0
1765724400,0.0085,,0
1765728000,0.0085,,0
1765731600,0.0085,,0
1765735200,0.0085,,0
1765738800,0.0085,,0
1765742400,0.0085,,0
1765746000,0.0085,,0
1765749600,0.0085,,0
1765753200,0.0085,,0
1765756800,0.0085,,0
1765760400,0.0085,0.0009999999999999974,1
1765764000,0.0085,0.0009999999999999974,2
1765767600,0.0085,0.0009999999999999974,1
1765771200,0.0085,0.0009999999999999974,1
1765774800,0.0085,0.0009999999999999974,1
1765778400,0.0085,0.0009999999999999974,2
1765782000,0.0085,0.0009999999999999974,1
1765785600,0.0085,,0
1765789200,0.0085,0.0009999999999999974,1
1765792800,0.0085,0.0009999999999999974,3
1765796400,0.0085,0.0009999999999999974,1
1765800000,0.009,0.0006666666666666673,3
1765803600,0.009,,0
1765807200,0.009,,0
1765810800,0.009,,0
1765814400,0.009,,0
1765818000,0.009,,0
1765821600,0.009,,0
1765825200,0.009,,0
1765828800,0.009,,0
1765832400,0.009,,0
1765836000,0.009,,0
1765839600,0.009,,0
1765843200,0.009,,0
1765846800,0.009,,0
1765850400,0.009,0.0020000000000000005,9
1765854000,0.009,,0
1765857600,0.009,,0
1765861200,0.009,0.0030548337555555464,9
1765864800,0.01,,0
1765868400,0.01,,0
1765872000,0.01,,0
1765875600,0.01,,0
1765879200,0.0095,,0
1765882800,0.0095,0.0029999999999998916,2
1765886400,0.0095,0.002966951900000068,4
1765890000,0.009,,0
1765893600,0.009,,0
1765897200,0.009,0.0019999999999999983,1
1765900800,0.009,,0
1765904400,0.009,0.0020000000000000018,1
1765908000,0.009,,0
1765911600,0.009,,0
1765915200,0.009,,0
1765918800,0.009,,0
1765922400,0.009,,0
1765926000,0.009,,0
1765929600,0.009,0.002,4
1765933200,0.009,,0
1765936800,0.009,0.0020000000000000005,5
1765940400,0.009,,0
1765944000,0.009,,0
1765947600,0.009,,0
1765951200,0.009,,0
1765954800,0.009,,0
1765958400,0.009,,0
1765962000,0.009,,0
1765965600,0.009,,0
1765969200,0.009,,0
1765972800,0.009,,0
1765976400,0.009,,0
1765980000,0.009,,0
1765983600,0.009,0.0020000000000000018,1
1765987200,0.0085,0.0009999999999999302,11
1765990800,0.009,,0
1765994400,0.009,0.0019999999999999983,1
1765998000,0.009,0.0020000000000000018,1
1766001600,0.009,,0
1766005200,0.009,,0
1766008800,0.009,,0
1766012400,0.009,,0
1766016000,0.009,,0
1766019600,0.009,,0
1766023200,0.009,,0
1766026800,0.009,,0
1766030400,0.009,,0
1766034000,0.009,0.0020000000000000018,5
1766037600,0.009,,0
1766041200,0.009,,0
1766044800,0.009,,0
1766048400,0.009,,0
1766052000,0.009,0.0025000000000000014,8
1766055600,0.0095,,0
1766059200,0.0095,,0
1766062800,0.0095,,0
1766066400,0.0095,,0
1766070000,0.0095,0.002999999999999999,1
1766073600,0.0095,,0
1766077200,0.0095,,0
1766080800,0.0095,,0
1766084400,0.0095,,0
1766088000,0.0095,0.0029999999999999563,5
1766091600,0.01,,0
1766095200,0.01,,0
1766098800,0.01,0.0040000000000000036,6
1766102400,0.009,0.0040000000000000036,1
1766106000,0.0085,,0
1766109600,0.0085,,0
1766113200,0.0085,,0
1766116800,0.0085,,0
1766120400,0.0085,,0
1766124000,0.0085,,0
1766127600,0.0085,,0
1766131200,0.0085,0.003969918000000128,1
1766134800,0.009,,0
1766138400,0.009,,0
1766142000,0.009,,0
1766145600,0.009,,0
1766149200,0.009,,0
1766152800,0.009,,0
1766156400,0.009,,0
1766160000,0.009,,0
1766163600,0.009,,0
1766167200,0.009,,0
1766170800,0.009,,0
1766174400,0.009,,0
1766178000,0.009,,0
1766181600,0.009,,0
1766185200,0.009,,0
1766188800,0.009,,0
1766192400,0.009,,0
1766196000,0.009,,0
1766199600,0.009,,0
1766203200,0.009,,0
1766206800,0.009,,0
1766210400,0.009,,0
1766214000,0.009,,0
1766217600,0.009,,0
1766221200,0.009,,0
1766224800,0.009,,0
1766228400,0.009,,0
1766232000,0.009,0.0040000000000000036,1
1766235600,0.0095,,0
1766239200,0.0095,,0
1766242800,0.0095,,0
1766246400,0.0095,,0
1766250000,0.0095,0.005481858266666604,3
1766253600,0.0095,0.004999999799999877,1
1766257200,0.009,,0
1766260800,0.009,,0
1766264400,0.0095,0.004999999999999946,2
1766268000,0.009,0.003999999999999998,1
1766271600,0.009,,0
1766275200,0.0085,,0
1766278800,0.0085,,0
1766282400,0.0085,0.0029999995999998585,2
1766286000,0.0085,,0
1766289600,0.0115,0.000898523200000001,1
1766293200,0.01,,0
1766296800,0.01,,0
1766300400,0.01,,0
1766304000,0.01,,0
1766307600,0.01,,0
1766311200,0.01,,0
1766314800,0.01,0.004965980849999993,8
1766318400,0.0105,,0
1766322000,0.01,0.004935323400000002,2
1766325600,0.01,,0
1766329200,0.01,,0
1766332800,0.01,,0
1766336400,0.01,0.005843749999999981,4
1766340000,0.009,,0
1766343600,0.009,,0
1766347200,0.009,,0
1766350800,0.009,,0
1766354400,0.009,,0
1766358000,0.009,,0
1766361600,0.009,,0
1766365200,0.009,,0
1766368800,0.009,,0
1766372400,0.009,,0
1766376000,0.009,,0
1766379600,0.009,,0
1766383200,0.009,,0
1766386800,0.009,0.0039999995999999705,1
1766390400,0.009,,0
1766394000,0.009,,0
1766397600,0.009,,0
1766401200,0.009,,0
1766404800,0.009,,0
1766408400,0.009,,0
1766412000,0.009,,0
1766415600,0.009,,0
1766419200,0.009,,0
1766422800,0.009,0.0040000000000000036,1
1766426400,0.009,0.004464947633333344,6
1766430000,0.01,0.00587800000000005,1
1766433600,0.0095,,0
1766437200,0.0095,,0
1766440800,0.0095,,0
1766444400,0.0095,0.00499999959999986,1
1766448000,0.009,,0
1766451600,0.009,,0
1766455200,0.009,,0
1766458800,0.009,,0
1766462400,0.011,,0
1766466000,0.011,,0
1766469600,0.011,,0
1766473200,0.011,,0
1766476800,0.011,,0
1766480400,0.011,,0
1766484000,0.011,0.0020000000000000018,1
1766487600,0.009,0.0040000000000000036,2
1766491200,0.0085,,0
1766494800,0.0085,,0
1766498400,0.009,0.0040000000000000036,2
1766502000,0.009,0.00013860499999999998,1
1766505600,0.0105,,0
1766509200,0.0105,,0
1766512800,0.0105,,0
1766516400,0.0105,,0
1766520000,0.0105,,0
1766523600,0.0105,,0
1766527200,0.0105,,0
1766530800,0.0105,,0
1766534400,0.0105,0.004999999999999893,1
1766538000,0.0105,,0
1766541600,0.0105,,0
1766545200,0.0105,,0
1766548800,0.0105,,0
1766552400,0.0105,,0
1766556000,0.011,,0
1766559600,0.011,,0
1766563200,0.011,,0
1766566800,0.011,0.003999998800000015,2
1766570400,0.011,,0
1766574000,0.011,,0
1766577600,0.011,,0
1766581200,0.011,,0
1766584800,0.011,,0
1766588400,0.011,,0
1766592000,0.011,0.0036852510999999515,2
1766595600,0.0105,0.005000000000000039,3
1766599200,0.011,,0
1766602800,0.011,,0
1766606400,0.011,,0
1766610000,0.011,0.003666666633333334,12
1766613600,0.0115,0.0009999995999998568,2
1766617200,0.012,,0
1766620800,0.012,0.0022708733142857073,7
1766624400,0.0125,,0
1766628000,0.0125,0.003000000000000047,5
1766631600,0.0125,,0
1766635200,0.0125,,0
1766638800,0.0125,,0
1766642400,0.0125,,0
1766646000,0.0125,,0
1766649600,0.0125,,0
1766653200,0.0125,,0
1766656800,0.0125,,0
1766660400,0.0125,,0
1766664000,0.0125,,0
1766667600,0.0125,,0
1766671200,0.0125,,0
1766674800,0.0125,,0
1766678400,0.0125,,0
1766682000,0.0125,,0
1766685600,0.0125,,0
1766689200,0.0125,,0
1766692800,0.0125,0.0037496210199998935,10
1766696400,0.012,,0
1766700000,0.012,,0
1766703600,0.012,0.0040000000000000036,1
1766707200,0.012,0.0047500000000000025,8
1766710800,0.0165,,0
1766714400,0.0165,,0
1766718000,0.0165,,0
1766721600,0.0165,,0
1766725200,0.0165,,0
1766728800,0.0165,,0
1766732400,0.0165,,0
1766736000,0.0165,,0
1766739600,0.0165,,0
1766743200,0.0165,0.0009999999999998899,1
1766746800,0.0165,0.0009999969999998637,1
1766750400,0.0165,,0
1766754000,0.0165,0.002200709166666648,6
1766757600,0.015,,0
1766761200,0.015,,0
1766764800,0.015,,0
1766768400,0.015,,0
1766772000,0.015,,0
1766775600,0.015,,0
1766779200,0.015,,0
1766782800,0.015,,0
1766786400,0.015,,0
1766790000,0.015,,0
1766793600,0.015,,0
1766797200,0.015,0.001999994599999999,1
1766800800,0.0155,0.0030000000000001137,1
1766804400,0.0155,,0
1766808000,0.0155,,0
1766811600,0.0155,,0
1766815200,0.0155,0.0029324419499999893,8
1766818800,0.014,0.004748271657142848,7
1766822400,0.014,,0
1766826000,0.014,,0
1766829600,0.014,,0
1766833200,0.014,,0
1766836800,0.014,,0
1766840400,0.014,0.003999996999999977,1
1766844000,0.014,,0
1766847600,0.014,0.005009708800000002,1
1766851200,0.015,0.004336708024999994,8
1766854800,0.015,0.003999991599999975,3
1766858400,0.015,,0
1766862000,0.015,0.004727272727272732,11
1766865600,0.014,,0
1766869200,0.014,0.0050000000000000044,2
1766872800,0.0135,,0
1766876400,0.0135,0.004796957871428571,14
1766880000,0.0145,0.006749999874999885,8
1766887200,0.0155,0.002999999999999999,1
1766890800,0.013,,0
1766894400,0.013,,0
1766898000,0.013,0.0040000000000000036,2
1766901600,0.013,,0
1766905200,0.013,,0
1766908800,0.013,,0
1766912400,0.013,0.003999998700000007,2
1766916000,0.013,,0
1766919600,0.013,,0
1766923200,0.013,,0
1766926800,0.013,0.0040000000000000036,2
1766930400,0.013,0.003999999899999995,2
1766934000,0.013,,0
1766937600,0.013,,0
1766941200,0.013,,0
1766944800,0.013,0.006519137000000001,2
1766948400,0.0145,,0
1766952000,0.0145,,0
1766955600,0.0145,,0
1766959200,0.0145,,0
1766962800,0.0145,,0
1766966400,0.0145,,0
1766973600,0.014,0.0051904746000000015,2
1766977200,0.0145,,0
1766980800,0.0145,,0
1766984400,0.0145,,0
1766988000,0.0145,,0
1766991600,0.0145,,0
1766995200,0.0145,,0
1766998800,0.0145,,0
1767002400,0.0145,,0
1767006000,0.015,,0
1767009600,0.015,,0
1767013200,0.015,,0
1767016800,0.015,,0
1767020400,0.015,,0
1767024000,0.015,,0
1767027600,0.015,,0
1767031200,0.015,0.003999915400000109,1
1767034800,0.015,,0
1767038400,0.015,,0
1767042000,0.015,0.003999995999999999,1
1767045600,0.014,,0
1767049200,0.014,,0
1767052800,0.014,,0
1767056400,0.014,,0
1767060000,0.014,0.0055849444999999664,4
1767063600,0.014,,0
1767067200,0.013,,0
1767070800,0.013,,0
1767074400,0.013,,0
1767078000,0.013,,0
1767081600,0.013,,0
1767085200,0.013,,0
1767088800,0.013,,0
1767092400,0.013,,0
1767096000,0.013,,0
1767099600,0.013,,0
1767103200,0.0135,0.0029999999999998916,1
1767106800,0.0135,0.0037954154999999545,2
1767110400,0.014,,0
1767114000,0.014,,0
1767117600,0.014,,0
1767121200,0.014,,0
1767124800,0.014,,0
1767128400,0.014,,0
1767132000,0.014,,0
1767135600,0.014,,0
1767139200,0.014,,0
1767142800,0.014,0.003999999799999987,1
1767146400,0.014,0.0040000000000000036,1
1767150000,0.0135,,0
1767153600,0.0135,,0
1767157200,0.0135,,0
1767160800,0.0135,0.0037060248000000406,2
1767164400,0.014,0.004000000000000002,5
1767168000,0.014,,0
1767171600,0.014,,0
1767175200,0.014,,0
1767178800,0.0155,,0
1767182400,0.014,,0
1767186000,0.014,,0
1767189600,0.014,,0
1767193200,0.014,,0
1767196800,0.014,0.004,1
1767200400,0.014,,0
1767204000,0.014,,0
1767207600,0.014,,0
1767211200,0.014,,0
1767214800,0.014,,0
1767218400,0.014,0.004,1
1767222000,0.014,,0
1767225600,0.014,,0
1767229200,0.014,,0
1767232800,0.014,0.0058982001999999985,1
1767236400,0.015,,0
1767240000,0.015,0.003999971600000096,1
1767243600,0.015,,0
1767247200,0.015,0.005548716400000098,1
1767250800,0.014,0.003999999799999987,1
1767254400,0.014,,0
1767258000,0.014,,0
1767261600,0.014,,0
1767265200,0.015,,0
1767268800,0.015,,0
1767272400,0.015,,0
1767276000,0.015,0.0020000000000000018,1
1767279600,0.0145,0.003734180942857203,7
1767283200,0.014,,0
1767286800,0.014,,0
1767290400,0.014,,0
1767294000,0.014,,0
1767297600,0.014,,0
1767301200,0.014,,0
1767304800,0.014,,0
1767308400,0.014,,0
1767312000,0.014,,0
1767315600,0.014,,0
1767319200,0.014,0.004725582249999995,4
1767322800,0.013,,0
1767326400,0.0125,0.002999999699999867,2
1767330000,0.0125,,0
1767333600,0.0125,,0
1767337200,0.0125,,0
1767340800,0.0125,,0
1767344400,0.0125,,0
1767348000,0.0125,,0
1767351600,0.0125,,0
1767355200,0.0125,,0
1767358800,0.0125,,0
1767362400,0.0125,,0
1767366000,0.0125,0.0029999987999999034,2
1767369600,0.0125,,0
1767373200,0.0125,0.0029999999999999454,2
1767376800,0.013,,0
1767380400,0.013,,0
1767384000,0.0145,,0
1767387600,0.0145,0.0029999991999998697,5
1767391200,0.0145,,0
1767394800,0.0145,,0
1767398400,0.0145,0.0029999998999999944,2
1767405600,0.0145,,0
1767409200,0.0145,,0
1767412800,0.0145,,0
1767416400,0.0145,,0
1767420000,0.0145,,0
1767423600,0.0145,,0
1767427200,0.0145,,0
1767430800,0.0145,,0
1767434400,0.0145,,0
1767438000,0.0145,,0
1767441600,0.0145,,0
1767445200,0.0145,,0
1767448800,0.0145,,0
1767452400,0.0145,,0
1767456000,0.0145,0.0029999996666665307,3
1767459600,0.0145,0.0019999970999999266,2
1767463200,0.0155,0.0009999991999998681,5
1767466800,0.0155,,0
1767470400,0.0155,,0
1767474000,0.0155,,0
1767477600,0.0155,,0
1767481200,0.0155,,0
1767484800,0.0155,0.0010000000000000009,1
1767488400,0.0165,,0
1767492000,0.0165,,0
1767495600,0.0165,,0
1767499200,0.0165,,0
1767502800,0.0165,0.0009999999999998899,1
1767506400,0.0165,0.0010000000000000009,1
1767510000,0.0165,0.0010000000000000009,1
1767513600,0.0165,,0
1767517200,0.0165,0.0009999999999999454,2
1767520800,0.0165,,0
1767524400,0.0165,,0
1767528000,0.0165,,0
1767531600,0.0165,,0
1767535200,0.0165,,0
1767538800,0.0165,0.0009999999999998899,2
1767542400,0.0155,0.0009999999999998899,1
1767546000,0.0155,,0
1767549600,0.0155,,0
1767553200,0.0155,0.0009999999999998899,1
1767556800,0.0155,0.0009999999999998899,1
1767560400,0.0155,0.0009999999999998899,2
1767564000,0.0155,0.0010000000000000564,6
1767567600,0.0155,0.008462878600000001,1
1767571200,0.02,0.008000000000000007,1
1767574800,0.0155,0.001000000000000112,1
1767578400,0.0155,0.0009999999999998899,1
1767582000,0.0155,0.0011790413750000367,8
1767585600,0.015,0.0020000000000000018,1
1767589200,0.015,,0
1767592800,0.015,,0
1767596400,0.015,,0
1767600000,0.015,0.0020000000000000018,2
1767603600,0.015,0.0020000000000000018,3
1767607200,0.015,,0
1767610800,0.015,,0
1767614400,0.015,,0
1767618000,0.015,,0
1767621600,0.015,,0
1767625200,0.015,0.002,2
1767628800,0.0145,,0
1767632400,0.0145,,0
1767636000,0.0145,0.0010000000000000009,2
1767639600,0.0145,0.0009999997999998733,4
1767643200,0.0145,0.000999999400000005,2
1767646800,0.015,,0
1767650400,0.015,,0
1767654000,0.015,0.0020000000000000018,1
1767657600,0.015,0.0020000000000000018,1
1767661200,0.015,0.0020000000000000018,2
1767664800,0.015,0.0020000000000000018,1
1767668400,0.0155,,0
1767672000,0.0155,,0
1767675600,0.0155,,0
1767679200,0.0155,0.0019999999999998908,2
1767682800,0.0145,,0
1767686400,0.0145,,0
1767690000,0.0145,,0
1767693600,0.0145,0.0010000000000000009,1
1767697200,0.0145,,0
1767700800,0.0145,0.000999999699999865,2
1767704400,0.0145,,0
1767708000,0.0145,,0
1767711600,0.0145,,0
1767715200,0.0145,,0
1767718800,0.0145,,0
1767722400,0.0145,,0
1767726000,0.0145,0.0009999999999998899,1
1767729600,0.0145,,0
1767733200,0.0145,,0
1767736800,0.0145,0.0009999999999998899,5
1767740400,0.0145,,0
1767744000,0.0145,,0
1767747600,0.0145,0.0009999999999999974,1
1767751200,0.0145,,0
1767754800,0.0145,0.0010000000000000009,2
1767758400,0.0145,,0
1767762000,0.0145,0.0009999929999999976,1
1767765600,0.0145,,0
1767769200,0.0145,,0
1767772800,0.0145,,0
1767776400,0.0145,,0
1767780000,0.0145,0.0009999999999998899,1
1767783600,0.0145,0.0009999999999999436,2
1767787200,0.017,0.0040000000000000036,1
1767790800,0.016,,0
1767794400,0.016,,0
1767798000,0.016,,0
1767801600,0.017,,0
1767805200,0.017,0.0020000000000000018,2
1767808800,0.017,0.0050000000000000044,4
1767812400,0.015,0.0020000000000000018,1
1767816000,0.015,,0
1767819600,0.015,0.0020000000000000018,3
1767823200,0.015,,0
1767826800,0.0155,0.0019999999999998908,2
1767830400,0.015,0.0010000000000000009,2
1767834000,0.0145,0.0009999999999998899,1
1767837600,0.0145,0.0009999999999998899,2
1767841200,0.0145,,0
1767844800,0.0145,0.0009999999999998899,3
1767848400,0.0145,0.0009999999999998899,2
1767852000,0.0145,0.0010000000000000009,2
1767855600,0.0145,0.0009999999999998899,4
1767859200,0.0145,0.001000000000000112,1
1767862800,0.0155,0.001000000000000112,1
1767866400,0.017,0.0,2
1767870000,0.0175,0.001000000000000112,1
1767873600,0.0175,0.001000000000000112,5
1767877200,0.0185,0.0011742424166666283,12
1767880800,0.0185,0.001000000000000112,3
1767884400,0.0185,0.0009999749999999974,5
1767888000,0.02,0.0030000000000000027,4
1767891600,0.0195,,0
1767895200,0.02,0.0017568292285714282,7
1767898800,0.0195,0.0050000000000000044,2
1767902400,0.0225,,0
1767906000,0.0225,0.0025000000000001132,4
1767909600,0.0235,0.0023333088666666058,3
1767913200,0.0225,,0
1767916800,0.0235,0.0010000000000000009,1
1767920400,0.0235,0.001000000000000112,1
1767924000,0.0235,0.0038155530666666437,3
1767927600,0.0215,0.0050000000000001155,1
1767931200,0.022,0.005870976323076922,13
1767934800,0.0175,,0
1767938400,0.018,0.0020000000000000018,3
1767942000,0.018,,0
1767945600,0.018,,0
1767949200,0.018,,0
1767952800,0.018,,0
1767956400,0.018,,0
1767960000,0.018,,0
1767963600,0.0175,,0
1767967200,0.017,,0
1767970800,0.0175,,0
1767974400,0.0175,,0
1767978000,0.0175,,0
1767981600,0.0175,,0
1767985200,0.0175,,0
1767988800,0.017,,0
1767992400,0.0175,,0
1767996000,0.0175,,0
1767999600,0.017,,0
1768003200,0.0175,0.0009999999999998899,1
1768006800,0.0175,0.0029999999999998916,1
1768010400,0.017,,0
1768014000,0.017,,0
1768017600,0.017,0.0,1
1768021200,0.0175,0.0009999999999998899,1
1768024800,0.0175,,0
1768028400,0.0175,0.007847287199999997,1
1768032000,0.0195,0.004999999999999893,2
1768035600,0.019,,0
1768039200,0.019,,0
1768042800,0.019,,0
1768046400,0.019,,0
1768050000,0.019,,0
1768053600,0.019,,0
1768057200,0.019,,0
1768060800,0.019,0.005508838400000012,6
1768064400,0.0165,0.0009999999999998899,1
1768068000,0.0165,,0
1768071600,0.0165,,0
1768075200,0.0165,,0
1768078800,0.0165,0.0009999999999998899,3
1768082400,0.0165,,0
1768086000,0.0165,,0
1768089600,0.0165,,0
1768093200,0.0165,0.012051829799999997,1
1768096800,0.0195,0.004999999999999893,1
1768100400,0.019,0.003999997199999994,1
1768104000,0.019,,0
1768107600,0.019,0.0040000000000000036,1
1768111200,0.019,0.0040000000000000036,3
1768114800,0.019,,0
1768118400,0.0195,0.0029999999999998916,1
1768122000,0.0195,,0
1768125600,0.0195,,0
1768129200,0.0195,,0
1768132800,0.0195,0.0010000000000000009,1
1768136400,0.0195,0.0009999795333332322,3
1768140000,0.019,,0
1768143600,0.0185,,0
1768147200,0.0185,0.0009999999999998899,1
1768150800,0.0185,,0
1768154400,0.0185,,0
1768158000,0.0185,0.0009999950399999236,5
1768161600,0.0185,,0
1768165200,0.0185,,0
1768168800,0.0185,,0
1768172400,0.0185,,0
1768176000,0.0185,,0
1768179600,0.0185,,0
1768183200,0.0185,,0
1768186800,0.0185,,0
1768190400,0.0185,,0
1768194000,0.0185,,0
1768197600,0.0185,0.0009999999999998899,2
1768201200,0.0185,0.0009999999999998899,3
1768204800,0.018,0.0020000000000000018,1
1768208400,0.018,,0
1768212000,0.018,0.001999997914285734,7
1768215600,0.018,0.0019999984000000914,1
1768219200,0.018,,0
1768222800,0.018,,0
1768226400,0.018,,0
1768230000,0.018,,0
1768233600,0.018,0.001999999999999995,1
1768237200,0.018,0.0020000000000000018,2
1768240800,0.018,,0
1768244400,0.018,,0
1768248000,0.018,0.0,4
1768251600,0.0185,0.002537253333333297,3
1768255200,0.02,,0
1768258800,0.02,0.003999999888888883,9
1768262400,0.021,0.005500000000000005,4
1768269600,0.0195,0.0009999999999998899,3
1768273200,0.0195,,0
1768276800,0.0205,0.002999999699999867,4
1768280400,0.0205,0.0029999999999998916,5
1768284000,0.0195,0.0009999993999998402,1
1768287600,0.0195,0.0009999999999998899,1
1768291200,0.019,0.00033333333333333365,6
1768294800,0.019,,0
1768298400,0.019,,0
1768302000,0.0195,,0
1768305600,0.019,,0
1768312800,0.019,,0
1768316400,0.0195,,0
1768320000,0.019,0.0018571425857142807,14
1768323600,0.019,0.0020000000000000018,2
1768327200,0.0185,0.003045472949999949,4
1768334400,0.02,,0
1768338000,0.02,0.003999999999999997,1
1768341600,0.0205,,0
1768345200,0.0195,,0
1768348800,0.0195,0.0009999999999998899,3
1768352400,0.0195,0.0009999999999998899,4
1768356000,0.0195,,0
1768359600,0.0195,0.0009999999999998899,3
1768363200,0.019,,0
1768366800,0.019,,0
1768370400,0.019,0.007350928600000001,1
1768374000,0.02,0.003999999799999987,3
1768377600,0.02,,0
1768381200,0.02,0.004153846138461541,13
1768384800,0.0185,,0
1768388400,0.018,,0
1768392000,0.018,,0
1768395600,0.018,,0
1768399200,0.0185,,0
1768402800,0.018,0.0020000000000000018,1
1768406400,0.018,0.0027106393519999994,25
1768410000,0.0165,0.0018301886641508348,53
1768413600,0.016,0.0020000000000000018,5
1768417200,0.016,0.0020000000000000018,1
1768420800,0.016,,0
1768424400,0.016,,0
1768428000,0.0165,0.0010000000000000009,1
1768431600,0.016,,0
1768435200,0.016,0.0025263154526315884,19
1768438800,0.0155,0.0009999999999998899,1
1768442400,0.016,0.0020000000000000018,1
1768446000,0.016,0.0020000000000000018,2
1768449600,0.016,0.0020000000000000018,2
1768453200,0.016,0.0020000000000000018,1
1768456800,0.0155,,0
1768460400,0.0155,0.002999999799999875,8
1768464000,0.0155,0.0029999998666665473,6
1768467600,0.0165,0.0009999999999998899,1
1768471200,0.0155,0.0024999997999998747,4
1768474800,0.0145,0.0009999998133332151,30
1768478400,0.0145,0.0009999999999998899,3
1768482000,0.0145,0.001000000000000112,1
1768485600,0.0155,0.0010000000000000009,2
1768489200,0.0155,0.0009999958999999947,2
1768492800,0.0155,,0
1768496400,0.0155,0.0010039215600000228,5
1768500000,0.015,0.0010000000000000009,2
1768503600,0.0145,,0
1768507200,0.0145,0.001000000000000112,1
1768510800,0.0145,0.0009999999999998899,1
1768514400,0.0145,0.0009999999999999627,3
1768518000,0.014,0.0020000000000000018,1
1768521600,0.014,0.0020000000000000018,1
1768525200,0.014,0.0020000000000000005,3
1768528800,0.014,0.0020000000000000018,1
1768532400,0.014,,0
1768536000,0.014,0.0,2
1768539600,0.0145,0.0010000000000000009,2
1768543200,0.0145,0.0010000000000000009,2
1768546800,0.0145,0.0009999999999998899,4
1768550400,0.0145,0.0009999911999999927,2
1768554000,0.0145,0.0009999837999998817,2
1768557600,0.014,,0
1768561200,0.014,,0
1768564800,0.014,,0
1768568400,0.014,,0
1768572000,0.014,,0
1768575600,0.014,0.001999996399999926,1
1768579200,0.014,,0
1768582800,0.014,,0
1768586400,0.014,,0
1768590000,0.014,,0
1768593600,0.014,,0
1768597200,0.014,,0
1768600800,0.014,,0
1768604400,0.014,,0
1768608000,0.014,,0
1768611600,0.014,,0
1768615200,0.014,,0
1768618800,0.0145,0.0009999999999999974,1
1768622400,0.0155,,0
1768626000,0.0155,,0
1768629600,0.0155,,0
1768633200,0.0155,,0
1768636800,0.0155,0.0009999991999999347,2
1768640400,0.0155,,0
1768644000,0.0155,0.0009999999999998899,1
1768647600,0.0155,0.0009999999636363009,11
1768651200,0.0155,,0
1768654800,0.0155,,0
1768658400,0.0155,,0
1768662000,0.0155,,0
1768665600,0.0155,,0
1768669200,0.0155,,0
1768672800,0.0155,,0
1768676400,0.0155,,0
1768680000,0.0155,,0
1768683600,0.0155,,0
1768687200,0.0155,,0
1768690800,0.0155,,0
1768694400,0.0155,,0
1768698000,0.0155,,0
1768701600,0.0155,0.0009999999999999454,2
1768705200,0.0155,,0
1768708800,0.0155,,0
1768712400,0.0155,,0
1768716000,0.0155,,0
1768719600,0.0155,,0
1768723200,0.0155,,0
1768726800,0.0155,,0
1768730400,0.0155,,0
1768734000,0.0155,,0
1768737600,0.0155,,0
1768741200,0.0155,,0
1768744800,0.0155,,0
1768748400,0.0155,,0
1768752000,0.0155,,0
1768755600,0.0155,,0
1768759200,0.0155,0.0009999999999998899,1
1768762800,0.0155,0.0010000000000000009,1
1768766400,0.0155,0.0009999999999999454,2
1768770000,0.0155,,0
1768773600,0.0155,,0
1768777200,0.0155,0.0009999999999998899,1
1768780800,0.0155,0.0010724939999999631,3
1768788000,0.0175,0.005091838599999947,4
1768791600,0.0195,,0
1768795200,0.0195,0.0085247528,1
1768798800,0.0205,0.007669365599999978,1
1768802400,0.0195,0.0010000000000000748,3
1768806000,0.018,0.005499999450000013,4
1768809600,0.017,,0
1768813200,0.017,0.0040000000000000036,2
1768816800,0.017,,0
1768820400,0.018,0.0020000000000000018,3
1768824000,0.018,0.0020000000000000018,2
1768827600,0.0155,0.0009999999999998899,4
1768831200,0.0155,,0
1768834800,0.015,0.0020000000000000018,2
1768838400,0.015,0.0020000000000000018,2
1768842000,0.0155,0.0009999999999999638,3
1768845600,0.0155,0.0009999999999998899,10
1768849200,0.0155,0.0009999999999999215,7
1768852800,0.0155,0.003888888888888905,9
1768856400,0.015,0.0020000000000000018,4
1768860000,0.015,0.0013333333333333346,9
1768863600,0.0155,0.0027499999999998914,8
1768867200,0.015,0.0020000000000000018,2
1768870800,0.015,0.0020000000000000018,2
1768874400,0.015,0.0009807265333333336,3
1768878000,0.015,0.0015000000000000013,4
1768881600,0.0155,0.0019999999999998908,4
1768885200,0.015,0.0020000000000000018,1
1768888800,0.015,0.0010000000000000009,4
1768892400,0.015,,0
1768896000,0.0155,0.0010000000000000009,7
1768899600,0.0155,0.0019999999999998908,2
1768903200,0.015,0.00040000000000000034,5
1768906800,0.015,,0
1768910400,0.0155,0.001666666666666557,3
1768914000,0.0155,0.0014999999999999458,4
1768917600,0.0145,0.0009999999999998899,1
1768921200,0.0155,0.0011388213999999034,9
1768924800,0.015,0.0020000000000000018,20
1768928400,0.015,0.0018666664133333362,30
1768932000,0.014,0.0008640702818181738,22
1768935600,0.015,0.0020000000000000018,1
1768939200,0.0155,0.0021999999999999056,15
1768942800,0.0155,0.002710091021052543,19
1768946400,0.0155,0.0029999999999998916,3
1768950000,0.014,0.0021839076266666683,30
1768953600,0.016,0.0074445887200000034,10
1768957200,0.015,0.0019999997199999786,5
1768960800,0.015,0.0020000000000000018,1
1768964400,0.0155,0.0023333333333332242,3
1768968000,0.015,0.006615384615384621,13
1768971600,0.0205,0.0016666666666665941,6
1768975200,0.0215,0.004628342833333243,6
1768978800,0.0225,0.0009999999999998899,1
1768982400,0.0225,0.0009999999999998899,2
1768986000,0.0215,0.0009999999999998899,2
1768989600,0.02,,0
1768993200,0.0185,,0
1768996800,0.0185,0.001000000000000112,1
1769000400,0.0195,,0
1769004000,0.0195,0.004449998720000003,5
1769007600,0.0155,0.0009999999999998899,1
1769011200,0.0155,0.0009999999999998899,1
1769014800,0.0155,0.001000000000000112,1
1769018400,0.0155,0.0010000000000000009,1
1769022000,0.019,0.0020000000000000018,5
1769025600,0.0205,0.0009999999999998899,1
1769032800,0.0195,0.000999999266666644,3
1769036400,0.02,0.0020000000000000018,2
1769040000,0.0195,0.001000000000000038,3
1769043600,0.0195,0.001000000000000112,2
1769047200,0.0205,0.0009999999999998899,1
1769050800,0.0195,0.001000000000000112,2
1769054400,0.0205,0.000999979700000056,2
1769058000,0.0205,0.0019999999999998908,4
1769061600,0.02,0.0014545454545454558,11
1769065200,0.0195,0.0012499999999999734,8
1769068800,0.0185,0.0009999999999999176,8
1769072400,0.0185,0.0020000000000000018,2
1769076000,0.018,0.0020000000000000018,3
1769079600,0.018,0.0020000000000000018,4
1769083200,0.018,0.001666666666666668,6
1769086800,0.0175,0.0013333333333333346,6
1769090400,0.0185,0.001036466133333298,6
1769094000,0.0185,0.0009999999999998899,3
1769097600,0.0175,0.0010000000000000009,2
1769101200,0.0185,0.0009999999999999454,4
1769104800,0.0175,0.001000000000000112,3
1769108400,0.0195,0.0016666666666666312,3
1769112000,0.0175,0.001000000000000112,3
1769115600,0.0185,0.003147886600000085,4
1769119200,0.0205,0.001000000000000112,1
1769122800,0.0205,0.0010000000000000009,2
1769126400,0.0205,,0
1769130000,0.0205,0.0019999999999998908,2
1769133600,0.0185,0.002499999999999891,8
1769137200,0.0175,0.0030000000000001137,6
1769140800,0.0195,0.0042409858200000905,10
1769144400,0.0225,0.000999999999999912,10
1769148000,0.023,0.0028571428571428597,14
1769151600,0.02,0.0,6
1769155200,0.0205,0.0020000000000000295,8
1769158800,0.0205,0.0011904761904761069,21
1769162400,0.02,0.0008235294117647066,17
1769166000,0.0205,0.0019333333333332759,15
1769169600,,0.0026470588235294207,17
1769173200,0.0215,0.0016666666666665757,12
1769176800,0.0215,0.0018000000000001127,10
1769180400,0.0225,0.003249999999999905,8
1769184000,0.02,0.0021404612800000012,5
1769187600,0.0205,0.0018888888888889152,9
1769191200,0.02,0.0005882352941176475,17
1769194800,0.02,0.0015517911692307675,26
1769198400,0.0195,0.0035217391304348195,23
1769202000,0.0225,0.005490881647058735,17
1769205600,0.0265,0.01137205279166664,24
1769209200,0.028,0.011068227760000016,20
1769212800,0.0215,0.0031428571428570346,14
1769216400,0.0195,0.0014000000000001123,5
1769220000,0.0205,0.001267462627272741,22
1769223600,,0.00033333333333333365,6
1769227200,0.0205,0.0012908333333333645,18
1769230800,0.0225,0.0010000000000000484,7
1769234400,,0.003823529411764598,17
1769238000,0.0215,0.0027894736842106163,19
1769241600,0.0245,0.005333329833333226,30
1769245200,0.022,0.0018666666666666684,15
1769248800,0.022,0.0011428571428571438,21
1769252400,0.0215,0.0018421052631579957,19
1769256000,0.0225,0.001571428571428557,7
1769259600,0.0215,0.019894411350000064,12
1769263200,0.036,0.014348357142857173,14
1769266800,0.026,0.002153846153846156,13
1769270400,0.0275,0.0014982498666665806,12
1769274000,0.0265,0.002809456924999898,16
1769277600,0.0245,0.001833333333333372,12
1769281200,0.0245,0.0013891523538462048,13
1769284800,0.0255,0.004058823529411657,17
1769288400,0.0225,0.001999999999999921,22
1769292000,0.0215,0.0013199952879999841,25
1769295600,0.0215,0.0028983286636364344,22
1769299200,0.0235,0.0028407301499999565,16
1769302800,0.0215,0.0022320667200000873,15
1769306400,0.023,0.0033750001124999984,32
1769310000,0.0235,0.003418400000000077,10
1769313600,0.025,0.0014000000000000013,20
1769317200,0.0265,0.0022434891333332394,9
1769320800,0.0255,0.00299999999999997,7
1769324400,0.0235,0.0009999999999999825,12
1769328000,0.0245,0.0015555555555555817,18
1769331600,,0.0018530769230770043,13
1769335200,0.0295,0.0025000363333333906,12
1769338800,0.0295,0.004999999999999893,14
1769346000,0.0285,0.0014999999999998903,4
1769349600,0.027,0.0006666666666666673,3
1769353200,0.0265,0.005098427942857245,7
1769356800,0.036,0.016293849173333343,15
1769360400,0.0265,0.0009999999999999343,10
1769364000,0.0255,0.002875000000000086,16
1769367600,0.0275,0.001666666666666557,6
1769371200,0.0255,0.0011127272727272754,11
1769374800,0.0265,0.0020000000000000907,10
1769378400,0.0285,0.001999999999999902,20
1769382000,0.028,0.0008571428571428579,14
1769385600,0.0285,0.0010000000000000215,27
1769389200,0.0285,0.0009999999999999155,13
1769392800,0.0285,,0
1769396400,0.0285,0.0009999997777777232,9
1769400000,0.0285,0.006294985784000043,25
1769403600,0.0405,0.0020808744285713793,14
1769407200,0.0375,0.0042443666666667655,30
1769410800,0.039,0.0037287241111111247,18
1769414400,0.041,0.0036726975644444456,45
1769418000,0.0445,0.0016315716315789038,19
1769421600,0.0425,0.0015333333333334457,15
1769425200,0.0435,0.0011333333333333566,15
1769428800,0.0435,0.0019999940142856965,14
1769432400,0.0435,0.0016313684239999738,25
1769436000,0.043,0.0023033325764705947,17
1769439600,0.0405,0.002393476243478212,23
1769443200,0.0405,0.002191473577777837,9
1769446800,0.0395,0.002000000000000014,18
1769450400,0.0395,0.0014705882352940864,17
1769454000,0.0405,0.005181818181818298,11
1769457600,0.042,0.00036023503000000084,20
1769461200,0.044,0.0020000000000000018,11
1769464800,0.0415,0.0016607061142856721,14
1769468400,0.042,0.0012294586545454596,22
1769472000,0.0415,0.0024666666666666023,15
1769475600,0.0405,0.0012175806333333257,30
1769479200,0.0415,0.00376923217692306,26
1769482800,0.04,0.0027692307692307717,13
1769486400,0.0405,0.004010204989473593,19
1769490000,0.0385,0.0014360608342857478,35
1769493600,0.0395,0.0025624999999999676,32
1769497200,0.0375,0.0027625252111111737,36
1769500800,0.0375,0.0019999996799999384,30
1769504400,0.0365,0.0019411764705882957,17
1769508000,0.0385,0.005916666666666561,24
1769511600,0.036,0.0023076881692307705,26
1769515200,0.0345,0.0028181818181818915,22
1769518800,0.0375,0.0020588235294118386,17
1769522400,0.0375,0.0027391302347825413,23
1769526000,0.0365,0.0028638424000000896,37
1769529600,0.0395,0.0022000000000000687,10
1769533200,0.041,0.0064595290080000116,25
1769536800,0.0375,0.0022941176470588974,17
1769540400,0.0385,0.003562499999999906,32
1769544000,0.0365,0.00260000000000008,20
1769547600,0.0365,0.0023488250049999325,40
1769551200,0.0365,0.002060353355999933,50
1769554800,0.0365,0.0030585033368421034,38
1769558400,0.0355,0.0016470586705882176,34
1769562000,0.0355,0.0050200012727273716,55
1769565600,0.035,0.0020601967762711904,59
1769569200,0.04,0.004006971221621621,37
1769572800,0.041,0.0025972790697674415,43
1769576400,0.038,0.004901531511111111,27
1769580000,0.041,0.0028965614137930963,29
1769583600,0.0415,0.005516121048484753,33
1769587200,0.0355,0.002321444444444416,36
1769590800,0.0335,0.0018888888888889687,27
1769594400,0.0345,0.001432560735714223,28
1769598000,0.0345,0.0010000000000000312,11
1769601600,0.0345,0.0015769640782608316,23
1769605200,0.0345,0.0012173901043478147,46
1769608800,0.0355,0.003888884311111032,18
1769612400,0.0335,0.0028399998479999144,25
1769616000,0.031,0.0022387522869565272,23
1769619600,0.0345,0.005575616966666567,24
1769623200,0.031,0.002250000000000002,32
1769626800,0.033,0.0025263157894736864,19
1769630400,0.0345,0.0022769682064515523,31
1769634000,0.0325,0.0033002262857141943,21
1769637600,0.031,0.0010071217760000062,25
1769641200,0.0305,0.001428568864285654,28
1769644800,0.0295,0.0009999999354838806,31
1769648400,0.0295,0.001172924652941237,34
1769652000,0.0295,0.0013000000000000789,20
1769655600,0.0305,0.0009999999999999215,7
1769659200,0.0305,0.0010000000000000245,33
1769662800,0.0305,0.00151181174782606,46
1769666400,0.0285,0.0013773388301886354,53
1769670000,0.0285,0.0013720874697674044,43
1769673600,0.0285,0.002023255813953503,43
1769677200,0.0295,0.00238377041428574,28
1769680800,0.0345,0.004299999999999915,20
1769684400,0.0335,0.004466666666666567,30
1769688000,0.0315,0.0042592592592591684,27
1769691600,0.0275,0.0023745831435898392,39
1769695200,0.0295,0.001334675681481502,27
1769698800,0.0285,0.001278262305882356,17
1769702400,0.0285,0.0019441656170731422,82
1769706000,0.0275,0.001581817749090917,55
1769709600,0.0295,0.0022903225806450525,31
1769713200,0.0285,0.0045987123350001045,40
1769716800,0.031,0.0010774550833333328,36
1769720400,0.0315,0.002617022693617115,47
1769724000,0.032,0.0023999988850000042,40
1769727600,0.0295,0.0024393918952380555,42
1769731200,0.0285,0.0012856018533333488,45
1769734800,0.0285,0.0024210247636364678,33
1769738400,0.0295,0.001230769230769266,26
1769742000,0.0305,0.0029920577081080685,37
1769745600,0.0275,0.001500000000000063,36
1769749200,0.0285,0.0017741935483871697,31
1769752800,0.0285,0.0012857099571428755,42
1769756400,0.0295,0.0021707160146340982,41
1769760000,0.0275,0.0010000000000000009,28
1769763600,0.0275,0.0010476190476190566,42
1769767200,0.0275,0.00166248493333326,45
1769770800,0.0275,0.001923599145762682,59
1769774400,0.0255,0.0020251458730770116,52
1769778000,0.0275,0.0009999940074073763,27
1769781600,0.0265,0.0016666560074073472,54
1769785200,0.0265,0.0019268292682925899,41
1769788800,0.0255,0.002090907395454639,44
1769792400,0.0265,0.0015607777799999125,30
1769796000,0.0255,0.0009999999999999766,41
1769799600,0.0255,0.0014186046511627532,43
1769803200,0.0255,0.001257241857142872,35
1769806800,0.026,0.00365957446808511,47
1769810400,0.0255,0.0016519066650000352,40
1769814000,0.0265,0.0021561438190476965,42
1769817600,0.0255,0.0010000000000000074,34
1769821200,0.0255,0.0010909090909090667,44
1769824800,0.0255,0.003869049423999995,50
1769828400,0.0285,0.0016521438055556294,36
1769832000,0.0295,0.0029495847045453733,44
1769835600,0.0285,0.0018437906199998929,30
1769839200,0.0285,0.003739127143478161,46
1769842800,0.0255,0.0018333333333332364,36
1769846400,0.0245,0.0014166666666666217,48
1769850000,0.0245,0.0018076950961539034,52
1769853600,0.0245,0.0017441860465115442,43
1769857200,0.0235,0.0010000000000000009,36
1769860800,0.0235,0.001725998462500054,48
1769864400,0.025,0.0017073170731707332,41
1769868000,0.0245,0.001758620689655216,29
1769871600,0.0255,0.0017499944049999216,40
1769875200,0.024,0.0013488372093023269,43
1769878800,0.0255,0.002172855652000022,50
1769882400,0.0275,0.003432637364285824,28
1769886000,0.0285,0.0022515201846153546,39
1769889600,0.0275,0.003586707604878025,41
1769893200,0.022,0.001250003529999999,40
1769896800,0.0235,0.0029674701348836345,43
1769900400,0.023,0.0028594143644444497,45
1769904000,0.0235,0.0018867806756757324,37
1769911200,0.0215,0.0018372058186045892,43
1769914800,0.0205,0.00273913134782616,46
1769918400,0.0205,0.002632397154838769,31
1769922000,0.0235,0.0033333333333334363,30
1769925600,0.0255,0.002333406866666678,21
1769929200,0.028,0.005976370723529419,34
1769932800,0.0245,0.0012400000000000588,25
1769936400,0.025,0.0018571428571428589,28
1769940000,0.028,0.004040779436734699,49
1769943600,0.0255,0.0010784517891891672,37
1769947200,0.025,0.007227276533333339,45
1769950800,0.022,0.0019259283333333368,27
1769954400,0.0215,0.001692307284615412,26
1769958000,0.022,0.0015675731027027,37
1769961600,0.0245,0.0018648743135135858,37
1769965200,0.0255,0.002622454377272669,44
1769968800,0.0235,0.0019199930319999047,50
1769972400,0.0225,0.0010689655172413306,29
1769976000,0.023,0.002068965517241381,29
1769979600,0.0235,0.003478070371428469,35
1769983200,0.021,0.001050000000000001,40
1769986800,0.021,0.020904779744444463,36
1769990400,0.0375,0.0020134847809523656,21
1769994000,0.0355,0.0071223561476191485,42
1769997600,0.0405,0.0017316634511627205,43
1770001200,0.0385,0.001999999929999996,20
1770004800,0.0365,0.0012380143230769337,39
1770008400,0.0375,0.0012857142857143028,14
1770012000,0.0395,0.001500000000000029,16
1770015600,0.0395,0.0015842034933333101,15
1770019200,0.04,0.0032837133478260962,23
1770022800,0.0415,0.003457142857142762,35
1770026400,0.0385,0.003050752685714383,21
1770030000,0.0385,0.005103162514285823,14
1770033600,0.0405,0.00244058411538458,26
1770037200,0.0405,0.0014018110090908496,22
1770040800,0.039,0.0006776843499999852,32
1770044400,0.0395,0.0028461220923075956,26
1770048000,0.0385,0.005315329378947267,19
1770051600,0.0335,0.002400000000000091,10
1770055200,0.0355,0.002824183325925978,27
1770058800,0.0375,0.00162847005333329,30
1770062400,0.0375,0.0012666666666666234,15
1770066000,0.036,0.0013750000000000012,16
1770069600,0.0355,0.002431253610526281,19
1770073200,0.0335,0.0009999999999998899,1
1770076800,0.0345,0.002764705882352846,17
1770080400,0.0355,0.005571428571428518,21
1770084000,0.0275,0.0016153846153846596,13
1770087600,0.0275,0.0037058835529412593,17
1770091200,0.0285,0.003142857142857225,14
1770094800,0.0335,0.0027333333333333727,15
1770098400,0.0335,0.0046842091894735835,19
1770102000,0.0315,0.0031111109888888014,18
1770105600,0.0295,0.0016874754937499375,32
1770109200,0.0305,0.002512007896969717,33
1770112800,0.0325,0.0042627586206895616,29
1770116400,0.03,0.0010693958384615425,26
1770120000,0.03,0.002260869269565224,23
1770123600,0.0295,0.002213868979310339,29
1770127200,0.0295,0.004857142857142972,14
1770130800,0.0335,0.001265047063157922,19
1770134400,0.0345,0.0025384540256409983,39
1770138000,0.0295,0.00187896881739128,46
1770141600,0.0285,0.0011176470588235338,34
1770145200,0.0295,0.0018181854909091642,22
1770148800,0.0295,0.0021636077185184684,27
1770152400,0.0285,0.0021381904761904073,21
1770156000,0.028,0.0023448328620689677,29
1770159600,0.0315,0.0021111111111112076,27
1770163200,0.033,0.0013999926533333374,30
1770166800,0.0325,0.0019090909090909512,22
1770170400,0.0335,0.0030300123652173246,23
1770174000,0.0335,0.0027391261826086115,23
1770177600,0.0305,0.001545454545454577,11
1770181200,0.0285,0.0014540699866667209,15
1770184800,0.03,0.0020000000000000018,2
1770188400,0.0305,0.0010000000000000009,2
1770192000,0.0305,,0
1770195600,0.0305,0.0015000000000000013,4
1770199200,0.0315,0.001999949599999995,4
1770202800,0.0305,0.0029999677599999537,5
1770206400,0.0305,0.00420747211428574,7
1770210000,0.0305,0.00301864709999994,12
1770213600,0.031,0.004000000000000002,4
1770217200,0.031,0.003733327946666668,15
1770220800,0.0295,0.002333306399999957,3
1770224400,0.0295,0.0029998485999999103,2
1770228000,0.0295,0.002999999999999911,16
1770231600,0.0295,0.0032857142857141775,7
1770235200,0.029,0.003999999733333339,9
1770238800,0.029,0.003999998640000013,20
1770242400,0.029,0.004770649050000001,4
1770246000,0.0305,0.001526399449999936,4
1770249600,0.03,0.0040000000000000036,1
1770253200,0.029,,0
1770256800,0.029,,0
1770260400,0.029,,0
1770264000,0.0285,0.003666666266666674,3
1770267600,0.029,0.003333333333333336,6
1770271200,0.028,0.0020000000000000018,10
1770274800,0.0305,0.004499991637499909,16
1770278400,0.029,0.003293255808695656,23
1770282000,0.0265,0.003936520129411822,17
1770285600,0.0315,0.010191010844444416,9
1770289200,0.0275,0.0049999997199999795,5
1770292800,0.0265,0.003909090909090901,11
1770296400,0.0285,0.0050000000000001155,1
1770300000,0.0285,,0
1770303600,0.0285,0.0049999735999999295,3
1770307200,0.0285,0.006346007399999909,3
1770310800,0.0275,0.0050000000000000044,2
1770314400,0.0275,0.007400000000000073,5
1770318000,0.0295,0.006599999759999919,5
1770321600,0.028,0.0040000000000000036,4
1770325200,0.0265,0.011670425622222307,18
1770328800,0.0345,0.0028709002571428244,7
1770332400,0.033,0.00333332813333335,12
1770336000,0.03,0.005483016562499984,16
1770339600,0.028,0.004666658586666698,15
1770343200,0.026,0.005942624333333331,12
1770346800,0.0295,0.0071176469411763825,17
1770350400,0.026,0.002999944300000029,8
1770354000,0.025,0.0020000000000000018,2
1770357600,0.0255,0.0016666666666667052,3
1770361200,0.0255,0.0029999984666665793,3
1770364800,0.0255,0.002000000000000113,2
1770368400,0.0265,0.001222222222222248,18
1770372000,0.0275,0.0022192368153846407,13
1770375600,0.028,0.0026230756799999976,10
1770379200,0.029,0.004636925199999993,6
1770382800,0.03,0.006000000000000005,3
1770386400,0.0295,0.00317110091111111,36
1770390000,0.031,0.006509893845454573,22
1770393600,0.0295,0.003399990160000065,10
1770397200,0.031,0.0050000000000000044,2
1770400800,0.029,0.0040000000000000036,1
1770404400,0.029,0.004727272218181821,11
1770408000,0.0275,0.002999999699999867,2
1770411600,0.028,0.0036156605000000064,20
1770415200,0.028,0.005100004640000011,20
1770418800,0.03,0.004117647058823528,17
1770422400,0.028,0.007049424626666652,15
1770429600,0.0285,0.0038409618100000596,20
1770433200,0.0295,0.0031449465833333357,12
1770436800,0.0315,0.003599721514285733,14
1770440400,0.0305,0.004333330966666639,12
1770444000,0.029,0.002793154860000002,20
1770447600,0.0275,0.004435090690909054,22
1770451200,0.0285,0.0050000000000001155,2
1770454800,0.028,0.0040000000000000036,1
1770458400,0.028,0.0040000000000000036,7
1770462000,0.028,0.0040000000000000036,1
1770465600,0.028,0.0046666666666666705,3
1770469200,0.0285,0.004000000000000115,2
1770472800,0.0285,0.004718651566666614,6
1770476400,0.0265,0.0020476009111111016,9
1770480000,0.0285,0.0009999999999998899,1
1770483600,0.027,0.0039997096666667025,3
1770487200,0.027,,0
1770490800,0.027,0.0040000000000000036,1
1770494400,0.027,,0
1770498000,0.027,,0
1770501600,0.027,0.003999999999999997,4
1770505200,0.027,0.0040000000000000036,1
1770508800,0.028,0.004249993450000017,8
1770512400,0.028,0.0025000000000000022,4
1770516000,0.028,0.004827292200000111,1
1770519600,0.0275,0.0050000000000001155,1
1770523200,0.027,0.003999962200000038,4
1770526800,0.027,0.0040000000000000036,1
1770530400,0.027,0.003999990466666693,3
1770534000,0.027,0.003999999999999997,2
1770537600,0.025,0.006275883555555565,9
1770541200,0.0255,0.0036666666666666328,3
1770544800,0.0255,0.004000000000000115,2
1770548400,0.026,0.003999999999999999,3
1770552000,0.0275,0.009333333333333414,6
1770555600,0.029,0.005000000000000003,4
1770559200,0.027,0.002624961050000001,4
1770562800,0.025,0.0036000000000000034,5
1770566400,0.026,0.004,4
1770570000,0.026,,0
1770573600,0.025,0.002249998625000013,16
1770577200,0.025,,0
1770580800,0.026,,0
1770584400,0.0265,0.003571350028571403,7
1770588000,0.026,0.003999999999999997,1
1770591600,0.026,0.0035999991200000164,5
1770595200,0.026,0.0040000000000000036,1
1770598800,0.026,0.002499999950000026,8
1770602400,0.0255,0.002999999699999919,2
1770606000,0.026,0.003888573483333348,12
1770609600,0.0245,,0
1770613200,0.0245,0.0029999992749999566,8
1770616800,0.0245,0.0030000000000000027,1
1770620400,0.0245,0.0019999997999999852,2
1770624000,0.0245,0.002999998933333322,3
1770627600,0.0245,0.0019999998999999657,4
1770631200,0.0245,0.002999999199999992,4
1770634800,0.0245,0.004166502159999941,5
1770638400,,0.002000000000000113,6
1770642000,0.0235,0.0029999999999999285,3
1770645600,0.0235,0.0030000000000000395,3
1770649200,0.0235,0.0029999967142856515,7
1770652800,0.0235,0.002555554200000001,9
1770656400,0.0235,0.0020502959764705946,17
1770660000,0.025,0.005111110977777796,9
1770663600,0.027,0.00814680225128206,39
1770667200,0.0265,0.006999999999999999,1
1770670800,0.0245,0.00474454515294108,17
1770674400,0.022,0.0021666629999999997,12
1770678000,0.0225,0.003999999960000023,10
1770681600,0.026,0.002999999766666686,6
1770685200,0.026,0.003666666666666676,12
1770688800,0.026,0.0039004678000000097,6
1770692400,0.0285,0.003895763989473707,19
1770696000,0.0325,0.005682936449999926,4
1770699600,0.0315,0.0032857142857143024,7
1770703200,0.0305,0.0023038413764705883,17
1770706800,0.028,0.003333333333333336,3
1770710400,0.028,0.0040000000000000036,1
1770714000,0.0275,0.0050000000000001155,2
1770717600,0.0285,0.0019626660666667295,6
1770721200,0.029,0.003472180023529415,17
1770724800,,0.0026376258959999177,25
1770728400,0.031,0.0020000000000000018,4
1770732000,0.031,0.0014187313999999656,3
1770735600,0.028,0.0040000000000000036,1
1770739200,0.028,0.0029951240166666473,12
1770742800,0.029,0.002884171650000017,8
1770746400,0.0285,0.0016394812299999838,20
1770750000,0.028,0.002342912769230795,13
1770753600,0.0265,0.0029999999999999437,4
1770757200,0.026,0.0025920952799999954,5
1770760800,0.027,0.0025000000000000014,16
1770764400,0.027,0.003032060815384635,13
1770768000,0.025,0.0038770806470588264,17
1770771600,0.0285,0.0030000000000001137,8
1770775200,0.031,0.0020383690599999893,10
1770778800,0.033,0.002369268323076917,13
1770782400,0.0335,0.0017006036117646977,17
1770786000,0.034,0.0011948317437499995,32
1770789600,0.034,0.0008235299529411567,17
1770793200,0.0345,0.001218033095999962,25
1770796800,0.0335,0.002662652799999948,22
1770800400,0.032,0.0023187063142857283,28
1770804000,0.03,0.002922915235294127,17
1770807600,0.0295,0.0009999999999999924,13
1770811200,0.0295,0.0017110677777777787,18
1770814800,0.0305,0.007724435709999922,20
1770818400,0.026,0.001974316240000018,10
1770822000,0.026,0.0017833621111111124,18
1770825600,0.028,0.0033909342162162276,37
1770829200,0.024,0.003248251919999991,15
1770832800,0.024,0.001899999990000001,20
1770836400,0.025,0.0018749994375000106,16
1770840000,0.0245,0.0010000000000000312,11
1770843600,,0.0012298293520000047,25
1770847200,0.0255,0.002852468041379231,29
1770850800,0.025,0.0026649938461538523,13
1770854400,0.023,0.003215461300000013,26
1770858000,0.025,0.002506639392592596,27
1770861600,0.024,0.0019999999555555537,9
1770865200,0.024,0.0015769619769230902,26
1770868800,0.0235,0.0019090897636363817,11
1770872400,0.024,0.0020000000000000018,14
1770876000,0.024,0.0020000000000000018,25
1770879600,0.024,0.0019999999875000007,16
1770883200,0.024,0.0019999999636363622,11
1770886800,,0.0020000000000000018,12
1770890400,0.024,0.0020000000000000018,13
1770894000,0.024,0.0016470588235294131,17
1770897600,0.0235,0.0009999999999999788,5
1770901200,0.0235,0.0009999999384614916,13
1770904800,0.0235,0.000999999971428554,14
1770908400,0.0235,0.0010000000000000074,17
1770912000,0.0235,0.0013364844000000042,11
1770915600,0.0225,0.0010000000000000067,19
1770919200,0.0225,0.0012764258666666676,15
1770922800,0.022,0.0019999999599999946,20
1770926400,0.022,0.0022222222222222244,18
1770930000,,0.004596617788888961,36
1770933600,0.0275,0.003928571442857219,28
1770937200,0.03,0.0016000000000000005,15
1770940800,0.029,0.0020000000000000018,4
1770944400,0.029,0.0024374201920000084,25
1770948000,0.028,0.0023223176266666664,15
1770951600,0.0265,0.0029999999999998916,1
1770955200,0.0255,0.0026105858782608186,23
1770958800,0.024,0.0034020248714285673,14
1770962400,0.023,0.0019877366333333297,30
1770966000,0.022,0.002612237836363641,22
1770969600,0.023,0.0029131027499999973,20
1770973200,0.0245,0.0017488761555555163,18
1770976800,0.023,0.002498877277419357,31
1770980400,0.024,0.0018364819666666736,12
1770984000,0.0235,0.002442243071999961,25
1770987600,0.0235,0.0016000042888888752,27
1770991200,0.0225,0.0021124885757575415,33
1770994800,0.021,0.002073413545454537,11
1770998400,0.0215,0.0017947919624999634,16
1771002000,0.021,0.001975099600000002,16
1771005600,0.021,0.0016881776500000112,20
1771009200,0.0205,0.0023333306666666453,9
1771012800,0.02,0.0019999997999999852,2
1771016400,0.02,0.0019999997999999852,1
1771020000,0.02,0.0020000000000000018,1
1771023600,0.02,0.0032304998000000024,13
1771027200,0.0235,0.0009999997999998733,1
1771030800,0.0235,0.0010000000000000009,2
1771034400,0.0235,0.001526315778947363,19
1771038000,0.024,0.0013750000000000012,16
1771041600,0.0235,0.001000000000000038,6
1771045200,0.0235,0.000999999993333341,30
1771048800,0.0235,0.0010000000000000009,10
1771052400,0.0235,0.000999999900000005,18
1771056000,0.0235,0.0023312635733334047,15
1771059600,0.026,0.002348185642857135,14
1771063200,0.0285,0.0033640515360000654,25
1771066800,0.0315,0.0015008950421052658,19
1771070400,0.031,0.0020000000000000018,4
1771074000,0.031,0.0020000000000000018,13
1771077600,0.031,0.0010597859571428447,14
1771081200,0.0315,0.0010000000000000009,10
1771084800,0.0315,0.0009999996199999805,10
1771088400,0.0315,0.0047133500916666194,24
1771092000,0.027,0.0014102287692307693,13
1771095600,0.026,0.0020000184333333238,12
1771102800,0.0265,0.0027702441333332848,12
1771106400,0.0245,0.0011818169454545753,11
1771110000,0.0245,0.0010000000000000167,14
1771113600,0.0245,0.0010000000000000193,24
1771117200,0.0245,0.0010000000000000132,9
1771120800,0.0245,0.000999999189473694,19
1771124400,0.0245,0.0010000000000000009,20
1771128000,0.0245,0.0010000000000000148,16
1771131600,0.0245,0.0009999999900000057,20
1771135200,0.0245,0.0010000000000000093,13
1771138800,0.0245,0.0010000000000000312,11
1771142400,0.0245,0.0010000000000000009,9
1771146000,0.0245,0.0010000000000000009,14
1771149600,0.0245,0.0009999995625000202,16
1771153200,0.0245,0.0010000000000000009,18
1771156800,0.0245,0.0010000000000000484,7
1771160400,0.0245,0.0010000000000000009,8
1771164000,0.0245,0.0010000000000000009,20
1771167600,0.0245,0.000999999999999985,7
1771171200,0.0245,0.0009999999874999999,16
1771174800,0.0245,0.0009998917750000114,8
1771178400,0.0245,0.001000000000000023,20
1771182000,0.0245,0.000999999971428554,7
1771185600,0.0245,0.0009999999555555157,9
1771189200,0.0245,0.0010000000000000302,19
1771192800,0.0245,0.0010000000000000312,11
1771196400,0.0245,0.0009999999749999433,16
1771200000,,0.0020909090909090222,11
1771203600,0.02,0.0013333333999999998,3
1771207200,0.0195,0.001000000000000112,5
1771210800,0.0195,0.001000000000000112,1
1771214400,0.0195,0.0009999999999998899,1
1771218000,0.0195,,0
1771221600,0.0195,0.001000000000000112,1
1771225200,0.0195,0.0009999999999998899,1
1771228800,0.0195,0.0009999999999998899,1
1771236000,0.0195,0.0009999999499999968,4
1771239600,0.0195,,0
1771243200,,0.0009999999333333658,3
1771246800,0.0195,0.0009999997999998733,1
1771250400,0.0195,,0
1771257600,0.0195,0.0009999999999998899,1
1771261200,0.0195,0.0009999997999998733,1
1771264800,0.0195,0.0009999999999998899,1
1771268400,0.0195,0.001000000000000112,1
1771272000,0.0195,0.001000000000000112,2
1771275600,0.0195,0.0009999999999998899,2
1771279200,0.0195,0.000999997971428468,7
1771282800,0.0195,0.0010000000000000009,2
1771286400,0.019,0.0020000000000000018,6
1771290000,0.019,0.0020000000000000018,2
1771293600,0.019,0.0019999998999999935,2
1771297200,0.019,0.0020000000000000018,2
1771300800,0.019,0.0020000000000000018,2
1771304400,0.019,0.0020000000000000018,2
1771308000,0.019,0.0019999999333333296,3
1771311600,0.019,0.0020000000000000018,1
1771315200,0.019,0.0019999994000000076,8
1771318800,0.0215,0.0025000000000000577,8
1771322400,0.0235,0.0019181416000000155,12
1771326000,0.021,0.0040000000000000036,12
1771333200,0.023,0.0020000000000000018,11
1771336800,0.023,0.0019151083076923093,13
1771340400,0.0235,0.0084860114,1
1771344000,0.0275,0.001000000000000112,1
1771347600,0.0275,,0
1771351200,0.0275,0.0050000000000001155,1
1771354800,0.0285,0.0050000000000001155,5
1771358400,0.031,0.001600000020000003,10
1771362000,0.0315,0.0011999999599999756,10
1771365600,0.0285,0.0031993210000000514,6
1771369200,0.028,0.0016287598500000129,12
1771372800,0.0285,0.0009999999714285699,14
1771376400,0.0285,0.000999998720000006,5
1771380000,0.0285,0.0010000000000000167,7
1771383600,0.0285,0.001000000000000023,5
1771387200,0.0285,0.0009999999454545216,11
1771390800,0.0285,0.0009999999749999919,16
1771394400,0.0285,0.0010000000000000167,7
1771398000,0.0285,0.0010000000000000484,7
1771401600,0.0285,0.0010000000000000083,15
1771405200,,0.0009999991111110755,9
1771408800,0.0285,0.0010000000000000009,6
1771412400,0.0285,0.0010000000000000167,7
1771416000,0.0285,0.001000000000000011,11
1771419600,0.0285,0.0010000000000000009,9
1771423200,0.0285,0.0009999989166666519,12
1771430400,0.035,0.004222222222222226,9
1771434000,0.0325,0.0017368421052631653,19
1771437600,0.033,0.0017500000000000016,8
1771441200,0.0335,0.0010000000000000009,8
1771448400,0.0385,0.0009999999461538383,26
1771452000,0.0385,0.0010000000000000009,9
1771455600,0.0385,0.0010000000000000009,9
1771459200,,0.0011268542714285568,14
1771462800,0.0365,0.0020588235294116686,17
1771466400,0.0355,0.001956565266666625,15
1771470000,0.0345,0.0018404539375,16
1771473600,0.0345,0.0010000000000000009,10
1771477200,0.0345,0.0010000000000000009,8
1771484400,0.0345,0.004430226285714196,7
1771488000,0.026,,0
1771491600,0.026,0.0020000000000000018,6
1771495200,0.0245,0.0010000000000000132,9
1771498800,0.0245,0.001666666666666668,15
1771506000,0.025,0.0020000000000000018,7
1771509600,0.025,0.0018823529411764722,17
1771513200,0.0255,0.0012500000000000427,16
1771516800,0.026,0.0018631251199999975,10
1771520400,0.025,0.0022515727857142748,14
1771524000,0.0235,0.0010000000000000009,8
1771527600,0.0235,0.0018889840875000036,16
1771531200,0.023,0.0020000000000000018,12
1771534800,0.023,0.0020000000000000018,14
1771538400,0.023,0.0020000000000000018,14
1771542000,0.023,0.0019874455900000033,20
1771545600,0.023,0.0020000000000000018,16
1771549200,0.023,0.001999999600000018,9
1771552800,0.023,0.0018571428571428589,14
1771556400,0.0235,0.0010000000000000193,12
1771560000,0.0235,0.0011739130434782667,23
1771563600,0.025,0.002321206517647081,17
1771567200,0.024,0.0020703838000000196,7
1771570800,0.023,0.0021152688631579084,19
1771574400,0.0225,0.001000000000000006,21
1771578000,0.0225,0.0014028699619047672,21
1771581600,0.023,0.0020000000000000018,1
1771585200,0.023,0.0020000000000000018,14
1771588800,0.023,0.0020000000000000018,6
1771592400,0.023,0.0017972457625000104,16
1771596000,0.022,0.0020000000000000018,6
1771599600,0.022,0.001999999988235295,17
1771603200,0.022,0.0012857142857142863,14
1771606800,0.0215,0.00187723667000001,20
1771610400,0.023,0.0012078035749999994,16
1771614000,0.0215,0.0023333333444445275,18
1771617600,0.023,0.0015833333333333348,24
1771621200,0.0235,0.0019230769230769162,13
1771624800,0.023,0.0020000000000000018,11
1771628400,0.023,0.0020000000000000018,7
1771632000,0.023,0.0020000000000000018,8
1771635600,0.023,0.001999999990909092,22
1771639200,0.023,0.002400000900000002,10
1771642800,0.022,0.0020000000000000018,3
1771646400,0.022,0.0020000000000000013,19
1771650000,0.0225,0.0019849100000000506,15
1771653600,,0.0015000000000000198,12
1771657200,0.024,0.0009230769230769239,13
1771660800,0.0245,0.0010000000000000009,8
1771664400,0.0245,0.0009999999999999916,12
1771668000,0.0245,0.0010000000000000009,11
1771671600,0.0245,0.0010000000000000074,17
1771675200,0.0245,0.0009999998333333389,12
1771678800,0.0245,0.0010000000000000167,7
1771682400,0.0245,0.0010000000000000093,13
1771686000,0.0245,0.0010000000000000009,4
1771689600,0.0245,0.0013157894631578891,19
1771693200,0.024,0.0017142857142857157,21
1771696800,0.0235,0.001000000000000014,17
1771700400,0.0235,0.0012238372642857137,28
1771704000,0.0235,0.000999999419999975,10
1771707600,0.0235,0.0010000000000000093,13
1771711200,0.0235,0.001000000000000011,11
1771714800,0.0235,0.0010000000000000009,12
1771718400,0.0235,0.0018571428571428534,21
1771722000,0.023,0.002062153838461542,26
1771725600,0.0225,0.0018895023833332642,24
1771729200,0.0215,0.0009999990999999958,16
1771732800,0.0215,0.0013969802315789291,19
1771736400,0.0215,0.0010000000000000009,8
1771740000,0.0215,0.0011666666666666585,12
1771743600,,0.0010000000000000009,20
1771747200,0.0215,0.0011130516086956407,23
1771750800,0.021,0.001833333333333335,12
1771754400,0.021,0.001100000000000001,20
1771758000,0.0215,0.001199999989999989,20
1771761600,0.021,0.0020000000000000018,9
1771765200,0.021,0.0038202339714285788,21
1771768800,,0.0010000000000000009,10
1771772400,0.0235,0.0010000000000000286,24
1771776000,0.0235,0.0009999995899999726,20
1771779600,0.0235,0.00099999995789474,19
1771783200,0.0235,0.0010000000000000009,12
1771786800,0.0235,0.0012222222111110928,18
1771790400,0.0225,0.0020196330666666,15
1771794000,0.0215,0.0010000000000000009,6
1771797600,0.0215,0.0012394199826087236,23
1771801200,0.0225,0.0009999851999999774,11
1771804800,0.0225,0.0017571558249999952,8
1771812000,0.022,0.0020000000000000018,5
1771815600,0.0225,0.0010000000000000009,4
1771819200,0.0225,0.0009999999999999935,15
1771822800,0.0225,0.0009999999857142697,14
1771826400,0.0225,0.0010000000000000167,7
1771830000,0.0225,0.0016698109571428507,14
1771833600,0.023,0.002461538461538464,13
1771837200,0.0235,0.0017499998750000467,8
1771840800,0.0245,0.0010000000000000009,5
1771844400,0.0245,0.0009999999846153928,13
1771848000,0.0245,0.0010000000000000009,8
1771851600,0.0245,0.0018461426999999632,26
1771855200,0.0235,0.0009999995272727193,11
1771858800,0.0235,0.0013775640444443965,9
1771862400,0.023,0.00185588280000001,14
1771866000,0.022,0.0017432655600000096,15
1771869600,0.022,0.0017333331866666698,15
1771873200,0.0225,0.0010000000000000009,4
1771876800,0.0225,0.0010878579999999277,3
1771880400,0.023,0.0020000000000000018,5
1771884000,0.023,0.001818199054545449,11
1771887600,0.0235,0.0009999999285714314,14
1771891200,0.0235,0.000999999591304341,23
1771894800,0.0235,0.0009999997999999178,5
1771898400,0.0235,,0
1771902000,0.0235,0.0010000000400000888,5
1771905600,0.0235,0.000999999949999969,8
1771909200,0.0235,0.0009999689999999894,6
1771912800,0.0235,0.001000000000000112,2
1771916400,0.0235,0.001000000000000112,2
1771920000,0.0235,,0
1771923600,0.0235,0.0009999994444444364,9
1771927200,0.0235,0.0009999995999998568,1
1771930800,0.0235,0.0009999997999998733,2
1771938000,0.0235,0.001000000000000112,5
1771941600,0.024,0.003500000000000003,4
1771945200,0.0225,0.0010000000000000009,2
1771948800,0.0215,0.0009999997999998733,1
1771952400,0.0215,0.002000000000000113,2
1771956000,0.022,0.002999993900000053,2
1771959600,0.0225,0.0029999980000000592,2
1771963200,0.022,0.00199999989999999,2
1771966800,0.0215,0.0030000000000000395,3
1771970400,0.021,0.001200000000000001,5
1771974000,0.022,0.0031850991714285825,7
1771977600,0.021,0.0030000000000000027,2
1771981200,0.021,0.0020000000000000018,1
1771984800,0.021,0.0072389479000000145,4
1771988400,0.0235,0.003123928599999999,1
1771995600,0.021,0.0018855724999999983,2
1771999200,0.0215,0.0030000000000001137,1
1772002800,0.0225,0.0030000000000000547,2
1772006400,0.0225,0.004380357490909071,11
1772010000,0.022,0.003999999999999997,3
1772013600,0.022,0.0040000000000000036,1
1772017200,0.0235,0.005928668399999964,29
1772020800,0.022,0.003910529749999996,12
1772024400,0.022,0.003999999999999998,10
1772028000,0.0205,0.0009999998857142453,7
1772031600,0.0205,0.0009999982857142955,14
1772035200,0.0215,0.00268952084999996,8
1772038800,0.021,0.0021501301692307727,13
1772042400,0.021,0.003333333333333336,3
1772046000,0.0215,0.0029699798857142495,7
1772049600,0.02,0.0,1
1772053200,0.0205,0.0019126199124999965,16
1772056800,0.0215,0.0023333333333333726,3
1772060400,0.022,0.0040000000000000036,2
1772064000,0.022,0.003333274533333354,3
1772067600,0.0215,0.002582993349999997,12
1772071200,0.022,0.0040719033,10
1772074800,,0.0033721446399999967,5
1772078400,0.0225,0.003803551293333309,15
1772082000,0.022,0.0040000000000000036,4
1772085600,0.022,0.0036194932999999963,10
1772089200,0.0235,0.0030000000000000027,2
1772092800,0.023,,0
1772096400,0.023,0.0030000000000000027,2
1772100000,0.023,,0
1772103600,0.022,,0
1772110800,0.022,,0
1772114400,0.022,,0
1772118000,0.022,,0
1772121600,0.0215,0.0020000000000000018,2
1772125200,0.0215,0.0029999999999998916,1
1772128800,0.0215,0.0029999999999998916,1
1772132400,0.021,0.0033333337999999677,3
1772136000,0.0215,0.0023333333333333726,3
1772139600,0.0225,0.002499999999999891,4
1772143200,0.021,0.002500976711111121,9
1772146800,0.0205,0.0018540146000000646,4
1772150400,0.02,0.0020881012166666566,12
1772154000,0.021,0.0021410179818181847,11
1772157600,0.0205,0.0014641132857142881,14
1772161200,0.0215,0.002666664866666646,6
1772164800,0.0235,0.0012074771142856885,7
1772168400,0.024,0.0020545312142857025,14
1772172000,0.024,0.0016343997444444468,18
1772175600,0.024,0.0018874726857142882,7
1772179200,0.024,0.002064089576470581,17
1772182800,0.025,0.003714289942857147,7
1772186400,0.027,0.005930627573333343,15
1772190000,0.026,0.0028738753916666623,24
1772197200,0.0275,0.0010000000000000009,4
1772200800,0.0275,0.001000000000000023,5
1772204400,0.0275,0.0034647325714285337,14
1772208000,0.023,0.0019999999333333296,6
1772215200,0.023,0.0026248158307692246,13
1772218800,0.0255,0.0029999999999999437,2
1772222400,0.026,0.0040000000000000036,1
1772226000,0.026,0.00663659645714286,7
1772229600,0.026,0.0038465974000000402,2
1772233200,0.025,,0
1772236800,0.025,0.005666666666666671,6
1772240400,0.024,0.003999698799999951,1
1772244000,0.024,0.00342222271111112,9
1772247600,0.024,0.003599976760000012,10
1772251200,0.0225,0.0010000000000000009,2
1772254800,0.0225,0.0010000000000000009,4
1772258400,0.0225,,0
1772262000,0.0225,0.0012592652000000075,6
1772265600,0.0235,0.001000000000000112,1
1772272800,0.0235,0.0015926660000000314,5
1772276400,0.0225,0.0024333303199999034,5
1772280000,0.022,,0
1772283600,0.022,0.0020000000000000005,6
1772287200,0.0215,0.001000000000000112,1
1772290800,0.0215,0.0010000000000000009,2
1772294400,0.0215,0.0023840752571429513,7
1772301600,0.023,0.0029999967000000054,4
1772305200,0.0225,,0
1772308800,0.0225,,0
1772312400,0.0225,0.000999985333333409,3
1772316000,0.0225,0.002499952499999958,4
1772319600,0.022,0.0020000000000000018,1
1772326800,0.022,0.0027129883600000237,5
1772330400,0.021,0.0028034233750000026,8
1772334000,0.021,0.002554547563636378,11
1772337600,0.0215,0.002483611719999947,15
1772341200,0.022,0.0027487718200000177,10
1772348400,0.022,0.002477013592000024,25
1772352000,0.0215,0.00293287086,10
1772355600,0.022,0.003862981500000001,2
1772359200,0.022,0.002764373200000003,2
1772362800,0.022,0.0030307159500000402,4
1772366400,0.0215,,0
1772370000,0.0215,,0
1772373600,0.0215,,0
1772377200,0.0215,0.0023525704000000314,2
1772380800,0.02,0.0020000000000000018,2
1772384400,0.021,0.001851789299999999,6
1772388000,0.0205,0.0018428058999999664,2
1772391600,0.021,0.0020000000000000018,2
1772395200,0.02,,0
1772398800,0.02,0.0020000000000000018,1
1772402400,0.02,,0
1772406000,0.02,,0
1772413200,0.0195,0.0010000000000000009,1
1772416800,0.0195,,0
1772420400,0.0195,,0
1772424000,0.0195,,0
1772427600,0.0195,,0
1772431200,0.0195,,0
1772434800,0.0195,,0
1772438400,0.0195,,0
1772442000,0.0195,,0
1772445600,0.0195,0.001000000000000112,1
1772449200,0.0195,,0
1772452800,0.0195,,0
1772456400,0.0195,,0
1772460000,0.0195,,0
1772467200,0.0195,,0
1772478000,0.0195,,0
1772481600,0.0195,0.0010000000000000009,5
1772485200,0.0195,0.0010000000000000009,1
1772488800,0.0195,0.003378592675555662,45
1772492400,0.021,0.003265344199999983,6
1772496000,0.027,0.003999999999999997,1
1772499600,0.027,,0
1772503200,0.026,0.005864843700000004,2
1772506800,0.0275,,0
1772510400,0.029,0.003999941,2
1772514000,0.0285,,0
1772521200,0.029,,0
1772524800,0.029,,0
1772528400,0.029,,0
1772532000,0.029,0.0040000000000000036,1
1772535600,0.029,,0
1772539200,0.029,,0
1772542800,0.029,,0
1772550000,0.029,0.008136572571428571,7
1772553600,0.0245,0.00394954234999996,8
1772557200,0.024,0.004159524619999999,10
1772560800,0.021,0.004285686257142858,7
1772564400,0.02,0.0020000000000000018,1
1772568000,0.0195,0.0010000000000000009,2
1772571600,0.0185,,0
1772575200,0.0185,0.001000000000000112,1
1772578800,0.0185,0.001000000000000112,1
1772582400,0.0185,0.0010000000000000009,4
1772586000,0.0185,0.001000000000000038,3
1772589600,0.0185,0.0010000000000000009,2
1772593200,0.0185,,0
1772596800,0.0185,0.0009999994666666696,12
1772600400,0.0185,,0
1772604000,0.0185,0.0010000000000000009,1
1772607600,0.0185,0.003615046450000048,4
1772611200,0.023,0.0021358174363636366,22
1772614800,0.0215,0.0049999999999999455,2
1772618400,0.0185,0.0010000000000000009,6
1772622000,0.0185,0.0009999999999998899,1
1772625600,0.0185,0.0009994515999998121,1
1772629200,0.0185,0.0009999870799999977,5
1772632800,0.0185,0.000999994727272746,11
1772640000,0.0185,0.0024511211999999616,4
1772647200,0.018,0.001999999300000003,4
1772650800,0.0185,0.0030000000000000027,1
1772654400,0.02,0.0020000000000000018,2
1772658000,0.0235,0.004999999616666652,12
1772661600,0.0225,0.0029999999999998916,1
1772665200,0.0215,0.002985374749999977,8
1772668800,0.0225,0.0032402900833333275,12
1772672400,0.0235,0.005407589413333335,15
1772676000,0.022,0.0036363636363636364,11
1772679600,0.0205,,0
1772683200,0.0205,0.0009999999999999454,8
1772686800,0.0205,0.0029999993000000003,2
1772690400,0.02,0.0020000000000000018,1
1772694000,0.02,0.0020000000000000018,3
1772697600,0.02,,0
1772701200,0.02,0.0019999999499999976,8
1772704800,0.02,0.001999999879999992,5
1772708400,0.0195,0.001000000000000112,1
1772715600,0.0195,0.0009999999999998899,3
1772719200,0.0195,0.0009999999999998899,1
1772722800,0.0195,0.000999999039999966,5
1772726400,0.0195,,0
1772733600,0.0195,,0
1772737200,0.0195,0.0010000000000000564,6
1772744400,0.02,0.0,9
1772748000,0.0205,0.0009999999999999638,6
1772751600,0.02,0.0019999997999999852,4
1772755200,0.02,0.0020000000000000018,2
1772758800,0.02,,0
1772762400,0.02,0.0020000000000000018,3
1772766000,0.02,,0
1772769600,0.02,0.0020000000000000018,5
1772773200,0.02,0.001333329866666677,3
1772776800,0.019,0.0019999987600000323,5
1772780400,0.0185,,0
1772784000,0.0185,0.0009999995999998568,2
1772787600,0.0185,0.0010000000000000009,2
1772791200,0.02,0.0033333329333333403,6
1772794800,0.019,0.0019999991000000383,6
1772798400,0.019,0.001999998933333321,3
1772802000,,0.0019999990500000064,8
1772805600,0.019,,0
1772809200,,0.000999999879999902,10
1772812800,0.0185,0.0009999980666665815,6
1772816400,0.0185,,0
1772820000,0.019,0.0,1
1772823600,0.02,0.0020000000000000018,1
1772827200,0.019,,0
1772830800,0.0195,0.000999999571428505,7
1772834400,0.0195,0.000999996623999926,25
1772838000,0.0195,,0
1772841600,0.0195,,0
1772845200,0.0185,0.0023846140769229873,13
1772848800,0.018,0.001999997199999992,2
1772852400,0.018,,0
1772856000,0.018,0.0019999997888888875,54
1772859600,0.0175,0.002081965895081931,61
1772863200,0.0165,,0
1772866800,0.0165,,0
1772870400,0.0165,0.0009999984999998768,4
1772874000,0.0165,0.001000000000000112,1
1772877600,0.0165,,0
1772881200,0.0165,,0
1772884800,0.0165,0.0010000000000000009,2
1772888400,0.0165,,0
1772892000,0.0165,0.001000000000000112,1
1772895600,0.0165,0.0009999999999998899,1
1772899200,0.0165,0.0009999995999998568,2
1772902800,0.0165,0.0009999999999999638,6
1772906400,0.0165,0.0009999999999999454,2
1772910000,0.0165,,0
1772913600,0.0165,,0
1772917200,0.0165,,0
1772920800,0.0165,0.001000000000000112,1
1772924400,0.0165,,0
1772928000,0.0165,0.0010000000000000009,1
1772931600,0.017,,0
1772935200,0.017,,0
1772938800,0.017,,0
1772942400,0.017,0.0020000000000000018,8
1772946000,0.017,,0
1772949600,0.017,,0
1772953200,0.017,0.001999999999999995,1
1772956800,0.017,0.0,1
1772960400,0.0165,,0
1772964000,0.0165,,0
1772967600,0.0165,,0
1772971200,0.0165,,0
1772974800,0.0165,,0
1772978400,0.0165,,0
1772982000,0.0165,,0
1772985600,0.0165,0.000999998933333246,3
1772989200,,0.000999998599999885,2
1772992800,0.0165,,0
1772996400,0.0165,,0
1773000000,0.0165,,0
1773003600,0.0165,,0
1773007200,0.0165,0.0009999999999998899,1
1773010800,0.0165,0.000999999699999976,6
1773014400,0.0165,,0
1773018000,0.0165,0.0009999995999999088,6
1773021600,0.017,0.0019999997272727266,11
1773025200,0.017,0.0019999987272727245,11
1773028800,0.017,0.0020000000000000018,7
1773032400,0.0165,0.0010000000000000009,1
1773036000,0.0165,0.000999999924999967,8
1773039600,0.0165,0.0009999999999998899,1
1773043200,0.0165,0.0009999999999999454,4
1773046800,0.0165,,0
1773050400,0.0165,,0
1773054000,0.0165,,0
1773057600,0.0165,0.002455540999999966,10
1773061200,0.0155,0.0009999995999999678,4
1773064800,0.0155,,0
1773068400,0.0155,,0
1773072000,0.0155,0.0010000000000000009,2
1773075600,0.0155,,0
1773079200,0.0155,0.0009999999999999083,6
1773082800,0.0155,0.0010000000000000009,2
1773086400,0.0155,,0
1773090000,0.0155,,0
1773093600,0.0155,,0
1773097200,0.0155,,0
1773100800,0.0155,0.0010000000000000009,3
1773104400,0.0155,0.001000000000000112,1
1773108000,0.0155,,0
1773111600,0.0155,0.0009999999999998899,1
1773115200,0.0155,0.0017500002500000032,8
1773118800,0.016,0.0020875459500000206,12
1773122400,0.0155,0.0009999996666666584,12
1773126000,0.016,0.0020000000000000018,13
1773129600,0.016,0.0020000000000000018,5
1773133200,0.016,0.0019999992000000245,5
1773136800,0.016,0.001999999914285709,7
1773140400,0.016,,0
1773144000,0.016,,0
1773147600,0.0155,0.0010000000000000009,1
1773151200,0.0155,0.0009999999142856605,7
1773154800,0.0155,,0
1773158400,0.0155,0.0010000000000000009,4
1773162000,0.0155,0.0009999991238095103,21
1773165600,0.0155,0.0009999909999998113,1
1773169200,0.0155,0.0009999999999998899,3
1773172800,0.0155,0.0010000000000000009,1
1773176400,0.0155,0.0010000000000000009,1
1773180000,0.0155,,0
1773183600,0.0155,,0
1773187200,0.0155,0.0010000000000000009,2
1773190800,0.0155,0.000999999750000008,8
1773194400,0.0155,0.0009999999999999454,2
1773198000,0.0155,0.0009999998272726936,22
1773201600,0.0155,0.0009999999999999762,9
1773205200,0.0155,0.001000000000000038,3
1773208800,0.0155,0.0010000000000000009,1
1773212400,0.0155,,0
1773216000,0.0155,0.0009999999999999924,13
1773219600,0.0155,0.0012999038500000153,12
1773223200,0.016,0.001999999666666641,3
1773226800,0.0155,,0
1773234000,0.0155,,0
1773237600,0.0155,,0
1773244800,0.0155,,0
1773252000,0.0155,0.0024999999999999927,16
1773255600,0.015,0.0008617683428571426,14
1773259200,0.015,,0
1773262800,0.015,,0
1773266400,0.015,0.0019999999999999983,6
1773270000,0.015,0.0019999999999999983,17
1773273600,0.015,,0
1773277200,0.015,,0
1773280800,0.015,0.0019999999999999983,2
1773284400,0.015,,0
1773288000,0.015,0.0019999999999999983,3
1773291600,0.015,0.001999999842857145,14
1773295200,0.015,0.0019999999999999996,3
1773298800,0.015,0.0013333333333333333,6
1773302400,0.0155,,0
1773306000,0.0155,0.000999999666666566,3
1773313200,0.0155,0.0010000000000000009,2
1773320400,,0.002999995066666594,6
1773324000,0.015,0.0,2
1773327600,0.0145,,0
1773331200,0.0145,0.000999997224999924,8
1773342000,0.0145,0.0009999999999999974,1
1773345600,0.0155,0.0009999909999998113,1
1773349200,0.0155,,0
1773352800,0.0155,,0
1773356400,0.0155,,0
1773363600,0.0155,0.00253046559999996,8
1773367200,0.015,,0
1773370800,0.015,0.0019999999999999983,2
1773374400,0.015,0.0020000000000000018,1
1773378000,0.015,0.0018461538461538472,13
1773381600,0.015,,0
1773385200,0.015,,0
1773388800,0.015,0.0020000000000000018,1
1773392400,0.015,0.003982743799999997,1
1773396000,0.014,0.0038561999999999763,1
1773399600,0.0155,,0
1773403200,,0.004999999999999893,1
1773406800,0.014,0.001999999866666676,12
1773410400,0.014,0.001999999783333336,12
1773417600,0.014,0.001999999872727264,11
1773421200,0.0135,0.0009999999999999675,10
1773424800,0.0135,,0
1773428400,0.0135,,0
1773432000,0.0135,0.0009999999999999825,12
1773439200,0.0145,0.000999999967999896,25
1773442800,0.0145,0.002020386533333216,9
1773446400,,0.0017999993999999002,15
1773450000,0.014,,0
1773453600,0.014,0.0019999999333333296,12
1773460800,0.0145,0.0016666624666666907,3
1773464400,0.014,0.0019999941600000017,5
1773471600,0.014,0.002,2
1773475200,0.014,,0
1773478800,0.014,0.0019999991999999356,1
1773482400,0.0145,0.002909408,3
1773486000,0.014,,0
1773496800,0.0135,,0
1773504000,0.0135,,0
1773511200,0.0135,0.0010000000000000009,1
1773514800,0.0125,0.0009999854000000141,1
1773518400,0.0125,,0
1773522000,0.0125,0.0009999925999999437,1
1773525600,0.0125,0.0009999999999999974,1
1773529200,0.0135,,0
1773536400,0.0135,,0
1773540000,0.0135,0.001000000000000112,2
1773547200,0.0135,,0
1773550800,0.0135,0.0028099123999999996,1
1773554400,0.013,0.0020000000000000018,2
1773558000,0.013,,0
1773561600,0.013,,0
1773565200,0.013,0.0019999999999999996,3
1773568800,0.013,0.0020000000000000018,1
1773572400,0.013,0.001999999799999984,3
1773576000,,0.0020000000000000018,5
1773579600,0.013,,0
1773583200,0.013,,0
1773590400,0.0135,,0
1773601200,0.0135,,0
1773604800,0.0135,,0
1773608400,0.0135,0.0013999999999999562,5
1773612000,0.013,0.0011666666499999994,4
1773615600,0.0135,,0
1773622800,0.0135,0.0013333333333332975,6
1773626400,0.013,0.001999999799999983,3
1773630000,0.013,0.0023999999199999936,5
1773633600,0.0125,0.002999999999999941,9
1773637200,0.0125,0.0024000022199999744,10
1773644400,0.0125,0.002999996399999816,1
1773648000,0.0125,,0
1773651600,0.0125,0.0030000000000000027,1
1773655200,0.0115,,0
1773658800,0.0115,,0
1773662400,0.0115,,0
1773666000,0.0115,0.0009999999999998899,1
1773669600,0.0115,0.0010000000000000009,1
1773673200,0.0115,0.002613203571428515,7
1773676800,0.0105,0.000999999999999912,15
1773680400,0.0105,0.0009999999999998899,4
1773684000,0.0105,0.001000000000000112,1
1773687600,0.0105,0.0013620499333332574,3
1773691200,0.011,,0
1773694800,0.011,,0
1773698400,0.011,,0
1773702000,0.011,,0
1773705600,0.011,1.8199999951562518e-08,1
1773709200,0.0115,0.0029999999999998916,1
1773712800,0.011,0.0020000000000000018,1
1773716400,0.011,0.0020000000000000018,1
1773720000,0.011,,0
1773723600,0.011,0.0020000000000000018,1
1773727200,0.011,,0
1773730800,0.0105,,0
1773734400,0.0105,,0
1773738000,0.0105,0.001000000000000112,1
1773741600,0.0105,,0
1773745200,0.0105,,0
1773748800,0.0105,0.0009999999999999233,10
1773752400,0.0105,0.001000000000000112,1
1773756000,0.0105,0.0009999999999998899,2
1773759600,0.0105,0.0009999999999998899,3
1773763200,0.0105,,0
1773766800,0.0105,,0
1773770400,0.0105,0.0010000000000000009,1
1773774000,0.0105,,0
1773777600,0.0105,0.0009999999999999974,2
1773781200,0.0105,0.0009999999999999998,3
1773784800,0.0105,,0
1773788400,0.0105,,0
1773792000,0.0105,0.0009999999999998899,6
1773795600,0.01,0.0005333333333333338,15
1773799200,0.0105,0.0009999999999999215,7
1773802800,0.0105,0.001243944859999923,10
1773806400,0.0105,0.001000000000000112,1
1773810000,0.011,,0
1773813600,0.011,0.0027500000250000006,8
1773817200,0.011,,0
1773820800,0.011,,0
1773824400,0.011,0.0020000000000000018,1
1773828000,0.0115,0.0009999999999999454,2
1773831600,0.011,0.0006666666888888909,9
1773838800,0.0105,,0
1773842400,0.0105,,0
1773849600,0.0105,,0
1773853200,0.0105,,0
1773860400,0.0105,,0
1773864000,0.0105,,0
1773871200,0.0105,,0
1773874800,0.0105,0.0010000000000000009,2
1773882000,0.0105,,0
1773885600,0.0105,,0
1773892800,0.0105,,0
1773896400,0.0105,,0
1773907200,0.0105,0.0009999999999999558,18
1773914400,0.0105,0.0010000000000000009,1
1773921600,0.0105,,0
1773925200,0.0105,,0
1773928800,0.0105,,0
1773932400,0.0105,0.001000000000000112,1
1773936000,0.0105,,0
1773943200,0.0105,0.0019063154499999449,4
1773946800,0.01,0.0019999823142857276,14
1773950400,0.0105,,0
1773954000,0.0105,,0
1773957600,0.0105,,0
1773961200,0.0105,,0
1773964800,0.0105,0.0009999999999998899,4
1773968400,0.01,0.0020000000000000018,1
1773972000,0.01,0.0017500000000000016,8
1773979200,0.0105,,0
1773982800,0.0105,,0
1773986400,0.0105,,0
1773990000,0.0105,0.000999999954545371,22
1773993600,0.0105,0.004207982280000071,5
1773997200,0.0115,,0
1774004400,0.0115,0.0010000000000000009,2
1774008000,0.0115,,0
1774011600,0.0115,0.0010000000000000009,2
1774015200,0.0115,,0
1774018800,0.0115,,0
1774022400,0.0115,0.0010000001000000647,6
1774026000,0.0125,0.0010000000000000009,1
1774029600,0.0115,,0
1774033200,0.0115,,0
1774036800,0.0115,,0
1774044000,0.0115,,0
1774047600,0.0115,,0
1774051200,0.0115,0.0010000000000000009,1
1774054800,0.0115,,0
1774058400,0.0115,,0
1774062000,0.0115,,0
1774065600,0.0115,0.000999980199999806,1
1774069200,0.0115,,0
1774072800,0.0115,,0
1774076400,0.0115,,0
1774080000,0.0115,,0
1774083600,0.0115,,0
1774087200,0.0115,0.0010000000000000009,1
1774090800,0.011,,0
1774094400,0.0115,,0
1774098000,0.0115,,0
1774101600,0.0115,,0
1774108800,0.0115,0.001649371428571429,7
1774116000,0.011,,0
1774119600,0.0105,,0
1774123200,0.0105,,0
1774126800,0.0105,,0
1774130400,0.0105,0.0024897555999999973,1
1774134000,0.011,,0
1774137600,0.011,,0
1774141200,0.011,,0
1774144800,0.011,0.0020000000000000018,1
1774148400,0.011,,0
1774152000,0.011,,0
1774155600,0.011,,0
1774159200,0.0115,,0
1774162800,0.0115,0.0018637500000000008,1
1774166400,0.011,0.0,1
1774170000,0.0115,0.0009999979999999464,1
1774173600,0.0115,,0
1774177200,0.0115,,0
1774180800,0.0115,,0
1774184400,0.0115,0.0009999999599999531,5
1774188000,0.0115,0.0019878090999999997,2
1774191600,0.0105,,0
1774195200,0.0105,,0
1774202400,0.0105,,0
1774206000,0.0105,0.002636129600000002,1
1774209600,0.01,,0
1774213200,0.01,,0
1774216800,0.01,,0
1774220400,0.01,,0
1774224000,0.01,,0
1774227600,0.01,,0
1774231200,0.01,,0
1774234800,0.01,0.0019999996400000162,5
1774238400,0.01,0.001999997199999992,1
1774242000,0.01,0.0020000000000000018,1
1774245600,0.01,0.001456790099999999,2
1774249200,0.0105,0.0020000000000000556,2
1774252800,0.011,,0
1774256400,0.011,0.0019999999999999983,1
1774260000,0.011,,0
1774263600,0.011,,0
1774267200,0.011,0.0020000000000000005,3
1774270800,0.0095,,0
1774274400,0.0095,,0
1774278000,0.0095,,0
1774281600,0.0095,0.0012857142857143021,7
1774288800,0.0115,,0
1774292400,0.0115,0.000999999999999912,5
1774296000,0.0115,,0
1774299600,0.0115,,0
1774303200,0.0115,,0
1774306800,0.0115,,0
1774310400,0.011,0.0020000000000000018,2
1774314000,0.011,0.0020000000000000018,1
1774317600,0.011,,0
1774321200,0.011,0.0,4
1774324800,0.011,,0
1774328400,0.011,,0
1774332000,0.011,0.0020000000000000018,1
1774335600,0.011,0.0,1
1774339200,0.011,0.0,2
1774342800,0.011,,0
1774346400,0.011,,0
1774353600,0.011,,0
1774357200,0.011,,0
1774360800,0.011,,0
1774364400,0.011,,0
1774368000,0.011,,0
1774371600,0.0105,,0
1774375200,0.0105,,0
1774378800,0.0105,,0
1774382400,0.0105,0.001000000000000112,1
1774386000,0.0105,,0
1774389600,0.0105,,0
1774393200,0.0105,,0
1774396800,0.0105,0.0011328655249999084,16
1774400400,0.0095,0.001666666666666704,3
1774404000,0.0105,,0
1774407600,0.0105,,0
1774411200,0.0105,,0
1774414800,0.0105,0.0011842105333332881,12
1774418400,0.0105,0.0010000000000000009,1
1774422000,0.0105,,0
1774425600,0.0105,,0
1774429200,0.0105,,0
1774432800,0.0105,,0
1774436400,0.0105,0.0009999999999999974,2
1774440000,0.0105,,0
1774443600,0.0105,,0
1774447200,0.0105,,0
1774450800,0.0105,,0
1774454400,0.0105,,0
1774458000,0.0105,,0
1774461600,0.0105,,0
1774465200,0.0105,,0
1774468800,0.0105,,0
1774472400,0.0105,,0
1774476000,0.0105,,0
1774479600,0.0105,,0
1774483200,0.0105,,0
1774486800,0.0105,,0
1774490400,0.0105,0.0009999999999998899,1
1774494000,0.0105,0.001000000000000112,1
1774497600,0.0105,,0
1774501200,0.0105,,0
1774504800,0.0105,,0
1774508400,0.0105,0.0009999999999999987,5
1774512000,0.0105,0.0009999999999999992,2
1774515600,0.0105,0.0009999999999998899,1
1774519200,0.0105,0.001000000000000112,1
1774522800,0.0105,,0
1774530000,0.0105,,0
1774533600,0.0105,0.0009999999999998899,1
1774537200,0.0105,0.001000000000000112,1
1774540800,0.0105,,0
1774548000,0.0105,,0
1774551600,0.0105,,0
1774555200,0.0105,,0
1774558800,0.0105,,0
1774562400,0.0105,0.0009999999999999638,3
1774566000,0.0105,0.0010000000000000564,2
1774569600,0.0105,0.000999978399999879,1
1774573200,0.0105,0.001000000000000112,1
1774576800,0.0105,0.0019998690000000013,2
1774580400,0.0085,0.0015627900000000014,1
1774584000,0.0075,0.0026058288799999745,5
1774587600,0.007,0.0020000000000000018,1
1774591200,0.007,0.0,3
1774594800,0.0075,,0
1774598400,0.0075,,0
1774602000,0.0075,0.0009999663999999964,1
1774605600,0.0075,0.001000000000000112,1
1774609200,0.0075,0.0009999999999999992,1
1774612800,0.0065,0.000999999999999897,31
1774616400,0.0055,0.0014066785333333536,3
1774620000,0.0065,,0
1774623600,0.0065,,0
1774627200,0.0065,0.0010000000000000009,1
1774638000,0.007,,0
1774641600,0.007,,0
1774645200,0.007,,0
1774648800,0.007,,0
1774652400,0.007,,0
1774659600,0.007,,0
1774663200,0.007,,0
1774666800,0.007,,0
1774670400,0.007,,0
1774674000,0.007,0.002,1
1774677600,0.008,,0
1774681200,0.0075,0.0009999999999998899,1
1774684800,0.0075,0.0009999999999998899,2
1774688400,0.0075,,0
1774692000,0.0075,,0
1774695600,0.0075,,0
1774706400,,0.0009999845000000507,2
1774713600,0.0075,,0
1774724400,0.0085,,0
1774728000,0.0085,,0
1774735200,0.008,,0
1774738800,0.008,,0
1774746000,0.0085,,0
1774756800,0.0085,,0
1774760400,,0.002646966599999967,1
1774764000,,0.0020000000000000018,1
1774771200,0.008,0.002,2
1774774800,,0.0023393210666665296,3
1774778400,,0.0010502354000001546,1
1774796400,,0.0020000000000000018,1
1774800000,0.0085,0.001000000000000112,1
1774807200,,0.0009999999999998899,1
1774810800,0.0085,0.001000000000000112,1
1774832400,,0.0009999997999998733,1
1774836000,,0.0009999997333333492,3
1774861200,,0.0013171700909090265,11
1774864800,0.006,0.002303844444444444,9
1774886400,,0.0020000000000000018,1
1774897200,,0.001000000000000112,1
1774976400,0.006,,0
1774987200,0.006,,0
1775005200,0.006,0.002,1
1775008800,0.0055,0.0009999999999999773,5
1775012400,,0.0029999852666665236,3
1775016000,,0.000999979099999937,2
1775019600,0.0055,0.0029999999999999775,10
1775023200,0.0055,0.0013636363636363542,11
1775026800,,0.002399999999999891,10
1775034000,0.0055,0.0009999999999999992,1
1775037600,0.0055,0.0009999999999998899,2
1775041200,0.0055,0.001000000000000112,1
1775048400,0.0055,0.001000000000000112,1
1775052000,0.0055,0.0009999999999999992,1
1775066400,,0.0010000000000000009,2
1775077200,0.0055,,0
1775080800,0.0055,,0
1775095200,0.0055,0.0009999999999999992,1
1775102400,0.0055,,0
1775106000,0.0055,,0
1775113200,0.0055,0.0010000000000000009,2
1775116800,0.0055,0.0010000000000000009,1
1775120400,0.0055,,0
1775124000,0.0055,,0
1775142000,0.0055,0.0010000000000000009,1
1775145600,0.0055,0.0009999999999999992,1
1775149200,0.0055,,0
1775156400,0.0055,,0
1775160000,0.0055,,0
1775170800,0.0055,,0
1775178000,0.005,0.0016666666666666676,6
1775188800,0.005,,0
1775192400,0.005,0.002,1
1775199600,0.005,,0
1775203200,0.005,,0
1775206800,,0.0020000000000000018,2
1775210400,0.005,0.0020000000000000018,1
1775214000,0.0045,0.0026739484000000147,1
1775217600,,0.0020000000000000018,1
1775224800,,0.0020000000000000018,3
1775232000,,0.001000000000000112,1
1775235600,0.0045,,0
1775239200,0.0045,0.0009999999999998899,1
1775242800,0.0045,0.001000000000000112,1
1775250000,0.0045,0.0010000000000000009,1
1775253600,,0.0009999999999998899,1
1775271600,,0.0009999999999998899,1
1775278800,,0.0009999999999998899,1
1775286000,,0.001000000000000112,1
1775300400,0.0055,0.0009999999999999992,1
1775311200,0.0055,0.0009999999999999992,1
1775322000,0.005,0.002,2
1775329200,0.0045,0.0009999999999999992,1
1775347200,0.0045,,0
1775350800,0.0045,0.0009999999999998899,1
1775383200,,0.0009999999999998899,9
1775397600,0.0045,,0
1775408400,0.0045,0.0019180337999999998,1
1775422800,0.0035,,0
1775430000,,0.0009999999999998899,1
1775440800,,0.001000000000000112,1
1775444400,,0.0010000000000000009,2
1775451600,,0.0009999999999999638,3
1775458800,,0.001000000000000038,3
1775462400,,0.0009999999999998899,1
1775466000,0.0035,,0
1775484000,,0.001000000000000112,1
1775491200,0.0035,,0
1775498400,0.0035,0.001,3
1775509200,,0.0009999999999998899,1
1775512800,,0.0009999999999998899,1
1775516400,,0.0009999999999999,22
1775523600,,0.0009999999999998899,1
1775527200,,0.0009999999999998899,2
1775530800,,0.0009999999999999788,5
1775534400,,0.001000000000000112,1
1775541600,0.0035,,0
1775570400,0.0035,,0
1775574000,0.0035,,0
1775581200,0.0035,0.001,1
1775584800,0.0035,,0
1775588400,0.0035,,0
1775592000,0.0035,,0
1775599200,0.0035,0.001,5
1775610000,0.0035,,0
1775613600,0.0035,0.001999999999999946,2
1775624400,0.0025,0.001,6
1775638800,0.0015,,0
1775646000,,0.0009999999999998899,4
1775653200,0.0015,,0
1775660400,0.0015,,0
1775674800,,0.001000000000000112,1
1775678400,,0.0009999999999998899,1
1775689200,0.0015,0.001,8
1775692800,0.0015,0.001000000000000016,7
1775696400,0.0025,0.0012666666666666451,30
1775700000,0.0025,0.0011818181818181656,33
1775703600,,0.0029999999999998916,3
1775707200,0.002,,0
1775710800,0.0015,,0
1775718000,0.0015,,0
1775721600,0.0015,0.0010000000000000284,4
1775728800,0.0015,,0
1775732400,0.0015,,0
1775743200,,0.0009999999999998899,1
1775746800,0.0015,0.001,1
1775782800,,0.0020000000000000018,2
1775786400,,0.0020000000000000018,4
1775793600,,0.0009999999999999343,5
1775797200,,0.0009999999999998899,2
1775800800,0.0015,,0
1775808000,0.0015,0.001,1
1775811600,0.0015,0.001,1
1775826000,0.0015,0.001,1
1775833200,0.0015,0.001,2
1775836800,0.0015,,0
1775840400,0.0015,0.001,2
1775851200,0.0015,,0
1775862000,0.0015,,0
1775887200,0.0015,0.001,1
1775901600,0.0015,,0
1775916000,,0.0010000000000000009,2
1775923200,,0.001000000000000112,1
1775944800,0.0015,,0
1775952000,0.0015,0.001,4
