timestamp,mid_yes,heuristic_effective_spread,n_trades
1728399600,0.5,,0
1728403200,0.205,,0
1728406800,0.06,0.020000000000000018,1
1728410400,0.07,,0
1728414000,0.075,0.016666666599999935,1
1728417600,0.065,,0
1728421200,0.065,,0
1728424800,0.065,,0
1728428400,0.065,,0
1728432000,0.065,,0
1728435600,0.065,,0
1728439200,0.065,0.019999995800000017,2
1728442800,0.065,,0
1728446400,0.065,,0
1728450000,0.065,,0
1728453600,0.065,,0
1728457200,0.065,,0
1728460800,0.065,,0
1728464400,0.07,,0
1728468000,0.07,,0
1728471600,0.07,,0
1728475200,0.07,,0
1728478800,0.07,,0
1728482400,0.07,,0
1728486000,0.07,,0
1728489600,0.07,,0
1728493200,0.07,,0
1728496800,0.07,,0
1728500400,0.07,,0
1728504000,0.07,,0
1728507600,0.065,0.010000000000000009,1
1728511200,0.065,0.029006211199999993,1
1728514800,0.065,0.009999999999999787,2
1728518400,0.065,,0
1728522000,0.07,,0
1728525600,0.07,,0
1728529200,0.065,0.009999999999999898,2
1728532800,0.07,0.019999999999999796,1
1728536400,0.065,,0
1728540000,0.065,,0
1728543600,0.065,,0
1728547200,0.065,,0
1728550800,0.065,,0
1728554400,0.065,0.009999999999999787,1
1728558000,0.065,,0
1728561600,0.065,,0
1728565200,0.065,,0
1728568800,0.065,,0
1728572400,0.065,,0
1728576000,0.065,,0
1728579600,0.065,,0
1728583200,0.065,0.010000000000000009,1
1728586800,0.065,0.009999999999999787,1
1728590400,0.065,,0
1728594000,0.065,,0
1728597600,0.065,,0
1728601200,0.065,,0
1728604800,0.065,,0
1728608400,0.065,,0
1728612000,0.065,,0
1728615600,0.065,,0
1728619200,0.065,,0
1728622800,0.065,0.010000000000000009,1
1728626400,0.065,,0
1728630000,0.065,,0
1728633600,0.065,,0
1728637200,0.065,,0
1728640800,0.065,,0
1728644400,0.065,,0
1728648000,0.065,,0
1728651600,0.065,,0
1728655200,0.065,0.02064876639999999,1
1728658800,0.075,,0
1728662400,0.075,,0
1728666000,0.075,,0
1728669600,0.075,,0
1728673200,0.075,0.010000000000000009,1
1728676800,0.075,,0
1728680400,0.075,,0
1728684000,0.075,,0
1728687600,0.075,0.010000000000000009,1
1728691200,0.07,,0
1728694800,0.07,,0
1728698400,0.07,,0
1728702000,0.07,,0
1728705600,0.065,,0
1728709200,0.07,,0
1728712800,0.065,,0
1728716400,0.065,0.009999999999999787,3
1728720000,0.07,0.01999999999999986,3
1728723600,0.07,,0
1728727200,0.07,,0
1728730800,0.07,0.020000000000000018,1
1728734400,0.07,,0
1728738000,0.075,0.010000000000000009,1
1728741600,0.07,,0
1728745200,0.07,,0
1728748800,0.07,,0
1728752400,0.07,,0
1728756000,0.07,,0
1728759600,0.07,,0
1728763200,0.07,,0
1728766800,0.065,,0
1728770400,0.065,,0
1728774000,0.065,,0
1728777600,0.065,,0
1728781200,0.065,,0
1728784800,0.065,0.009999999999999787,2
1728788400,0.07,,0
1728792000,0.065,,0
1728795600,0.065,,0
1728799200,0.065,,0
1728802800,0.065,,0
1728806400,0.065,,0
1728810000,0.065,,0
1728813600,0.07,0.0160647082,1
1728817200,0.07,,0
1728820800,0.07,,0
1728824400,0.07,,0
1728828000,0.07,,0
1728831600,0.07,,0
1728835200,0.07,,0
1728838800,0.07,,0
1728842400,0.07,,0
1728846000,0.07,,0
1728849600,0.07,0.0,1
1728853200,0.07,,0
1728856800,0.07,,0
1728860400,0.07,,0
1728864000,0.07,,0
1728867600,0.07,,0
1728871200,0.07,,0
1728874800,0.07,,0
1728878400,0.065,,0
1728882000,0.065,,0
1728885600,0.065,,0
1728889200,0.065,,0
1728892800,0.065,,0
1728896400,0.065,,0
1728900000,0.065,0.009999999199999943,1
1728903600,0.065,0.009999999599999976,2
1728907200,0.07,,0
1728910800,0.07,,0
1728914400,0.07,,0
1728918000,0.07,,0
1728921600,0.065,0.009999999999999787,1
1728925200,0.065,,0
1728928800,0.065,,0
1728932400,0.065,0.010000000000000009,1
1728936000,0.065,,0
1728939600,0.065,,0
1728943200,0.065,0.009999999999999787,1
1728946800,0.065,,0
1728950400,0.065,,0
1728954000,0.065,,0
1728957600,0.065,,0
1728961200,0.065,,0
1728964800,0.065,,0
1728968400,0.065,,0
1728972000,0.065,,0
1728975600,0.065,0.011617857599999892,2
1728979200,0.07,,0
1728982800,0.07,,0
1728986400,0.07,,0
1728990000,0.07,,0
1728993600,0.07,,0
1728997200,0.07,,0
1729000800,0.07,,0
1729004400,0.07,0.019999999999999796,1
1729008000,0.07,,0
1729011600,0.07,,0
1729015200,0.065,0.009999999999999787,2
1729018800,0.07,0.019999999999999796,1
1729022400,0.065,0.010000000000000009,1
1729026000,0.065,,0
1729029600,0.065,,0
1729033200,0.065,0.009999999999999787,2
1729036800,0.065,,0
1729040400,0.065,,0
1729044000,0.065,,0
1729047600,0.065,,0
1729051200,0.065,,0
1729054800,0.065,,0
1729058400,0.065,,0
1729062000,0.065,,0
1729065600,0.065,,0
1729069200,0.065,,0
1729072800,0.065,,0
1729076400,0.065,0.010000000000000009,1
1729080000,0.065,,0
1729083600,0.065,,0
1729087200,0.065,0.010000000000000009,1
1729090800,0.065,,0
1729094400,0.065,0.010016514728571232,14
1729098000,0.07,0.020000000000000018,1
1729101600,0.07,,0
1729105200,0.07,,0
1729108800,0.065,,0
1729112400,0.065,,0
1729116000,0.07,,0
1729119600,0.07,,0
1729123200,0.07,,0
1729126800,0.07,,0
1729130400,0.07,0.019999999999999796,1
1729134000,0.07,,0
1729137600,0.07,,0
1729141200,0.07,,0
1729144800,0.07,,0
1729148400,0.07,0.019999999999999796,1
1729152000,0.065,,0
1729155600,0.065,,0
1729159200,0.065,0.019999999999999907,2
1729162800,0.07,,0
1729166400,0.07,,0
1729170000,0.07,0.019999999999999796,1
1729173600,0.07,0.009999999999999898,2
1729177200,0.07,,0
1729180800,0.07,,0
1729184400,0.07,,0
1729188000,0.07,0.023999999999999973,5
1729191600,0.055,,0
1729195200,0.06,,0
1729198800,0.055,,0
1729202400,0.055,,0
1729206000,0.055,,0
1729209600,0.055,,0
1729213200,0.055,,0
1729216800,0.055,,0
1729220400,0.055,,0
1729224000,0.055,,0
1729227600,0.055,,0
1729231200,0.055,,0
1729234800,0.055,,0
1729238400,0.055,,0
1729242000,0.055,,0
1729245600,0.055,,0
1729249200,0.055,,0
1729252800,0.055,,0
1729256400,0.055,,0
1729260000,0.055,,0
1729263600,0.055,,0
1729267200,0.055,,0
1729270800,0.055,,0
1729274400,0.055,,0
1729278000,0.055,,0
1729281600,0.055,,0
1729285200,0.055,,0
1729288800,0.055,,0
1729292400,0.055,,0
1729296000,0.055,,0
1729299600,0.055,,0
1729303200,0.055,,0
1729306800,0.055,0.009999999999999995,1
1729310400,0.06,,0
1729314000,0.06,,0
1729317600,0.06,,0
1729321200,0.06,,0
1729324800,0.06,,0
1729328400,0.06,,0
1729332000,0.06,,0
1729335600,0.06,,0
1729339200,0.06,,0
1729342800,0.06,,0
1729346400,0.06,,0
1729350000,0.06,,0
1729353600,0.06,,0
1729357200,0.06,,0
1729360800,0.06,,0
1729364400,0.06,,0
1729368000,0.06,,0
1729371600,0.06,,0
1729375200,0.06,,0
1729378800,0.06,,0
1729382400,0.06,,0
1729386000,0.06,,0
1729389600,0.06,,0
1729393200,0.06,,0
1729396800,0.06,,0
1729400400,0.06,,0
1729404000,0.06,,0
1729407600,0.06,,0
1729411200,0.06,0.019999999999999907,4
1729414800,0.06,,0
1729418400,0.06,0.019999999999999907,2
1729422000,0.06,,0
1729425600,0.06,,0
1729429200,0.06,,0
1729432800,0.06,0.019450975600000014,5
1729436400,0.06,,0
1729440000,0.06,,0
1729443600,0.06,,0
1729447200,0.06,,0
1729450800,0.06,,0
1729454400,0.06,,0
1729458000,0.06,,0
1729461600,0.055,,0
1729465200,0.055,,0
1729468800,0.06,,0
1729472400,0.055,,0
1729476000,0.06,,0
1729479600,0.06,,0
1729483200,0.06,,0
1729486800,0.06,,0
1729490400,0.06,0.019121152800000013,1
1729494000,0.06,,0
1729497600,0.06,,0
1729501200,0.06,,0
1729504800,0.06,0.019999999999999907,2
1729508400,0.06,,0
1729512000,0.06,0.019999999999999907,2
1729515600,0.06,,0
1729519200,0.06,,0
1729522800,0.06,,0
1729526400,0.06,,0
1729530000,0.06,,0
1729533600,0.06,,0
1729537200,0.06,,0
1729540800,0.06,,0
1729544400,0.06,,0
1729548000,0.06,0.020000000000000018,1
1729551600,0.06,,0
1729555200,0.06,,0
1729558800,0.06,,0
1729562400,0.06,,0
1729566000,0.06,,0
1729569600,0.06,,0
1729573200,0.06,,0
1729576800,0.06,,0
1729580400,0.06,,0
1729584000,0.06,,0
1729587600,0.06,,0
1729591200,0.06,,0
1729594800,0.06,,0
1729598400,0.06,0.019999999999999907,2
1729602000,0.06,0.019999872599999996,1
1729605600,0.06,,0
1729609200,0.06,,0
1729612800,0.06,,0
1729616400,0.06,,0
1729620000,0.06,,0
1729623600,0.06,,0
1729627200,0.06,,0
1729630800,0.06,,0
1729634400,0.06,,0
1729638000,0.06,,0
1729641600,0.06,,0
1729645200,0.06,,0
1729648800,0.06,,0
1729652400,0.06,,0
1729656000,0.06,0.019999974800000014,1
1729659600,0.06,,0
1729663200,0.06,,0
1729666800,0.06,,0
1729670400,0.06,,0
1729674000,0.06,,0
1729677600,0.06,,0
1729681200,0.06,,0
1729684800,0.06,,0
1729688400,0.06,,0
1729692000,0.06,,0
1729695600,0.06,,0
1729699200,0.06,,0
1729702800,0.06,,0
1729706400,0.06,,0
1729710000,0.06,0.020000000000000018,1
1729713600,0.07,,0
1729717200,0.07,,0
1729720800,0.07,,0
1729724400,0.07,,0
1729728000,0.07,,0
1729731600,0.07,,0
1729735200,0.07,,0
1729738800,0.07,,0
1729742400,0.07,,0
1729746000,0.07,,0
1729749600,0.07,,0
1729753200,0.07,,0
1729756800,0.07,,0
1729760400,0.07,,0
1729764000,0.07,0.01999999999999999,1
1729767600,0.07,,0
1729771200,0.07,,0
1729774800,0.07,,0
1729778400,0.07,,0
1729782000,0.07,,0
1729785600,0.07,,0
1729789200,0.07,,0
1729792800,0.07,0.01999999999999999,1
1729796400,0.07,,0
1729800000,0.07,,0
1729803600,0.07,,0
1729807200,0.07,,0
1729810800,0.07,,0
1729814400,0.07,,0
1729818000,0.07,,0
1729821600,0.07,,0
1729825200,0.07,,0
1729828800,0.07,,0
1729832400,0.07,,0
1729836000,0.07,,0
1729839600,0.07,,0
1729843200,0.07,,0
1729846800,0.07,,0
1729850400,0.07,0.01999999999999999,2
1729854000,0.07,,0
1729857600,0.07,,0
1729861200,0.07,,0
1729864800,0.07,,0
1729868400,0.07,,0
1729872000,0.07,,0
1729875600,0.07,,0
1729879200,0.07,,0
1729882800,0.07,,0
1729886400,0.07,,0
1729890000,0.07,,0
1729893600,0.07,,0
1729897200,0.07,,0
1729900800,0.07,,0
1729904400,0.07,,0
1729908000,0.07,,0
1729911600,0.07,,0
1729915200,0.07,0.019999999999999934,3
1729918800,0.07,0.01999999999999999,1
1729922400,0.07,,0
1729926000,0.07,,0
1729929600,0.075,,0
1729933200,0.075,,0
1729936800,0.075,,0
1729940400,0.075,,0
1729944000,0.075,0.016666666666666663,3
1729947600,0.07,,0
1729951200,0.07,,0
1729954800,0.07,,0
1729958400,0.07,,0
1729962000,0.07,0.019999999999999796,1
1729965600,0.07,,0
1729969200,0.07,0.01999999999999986,17
1729972800,0.07,0.019999999999999796,1
1729976400,0.07,0.019999999999999796,1
1729980000,0.065,0.009999999999999787,2
1729983600,0.065,,0
1729987200,0.065,0.009999999999999861,3
1729990800,0.07,,0
1729994400,0.07,,0
1729998000,0.07,,0
1730001600,0.07,,0
1730005200,0.07,,0
1730008800,0.07,,0
1730012400,0.07,,0
1730016000,0.07,,0
1730019600,0.07,0.019999971899999913,2
1730023200,0.07,,0
1730026800,0.065,,0
1730030400,0.065,,0
1730034000,0.065,0.010000000000000009,1
1730037600,0.065,,0
1730041200,0.065,,0
1730044800,0.065,,0
1730048400,0.065,,0
1730052000,0.065,,0
1730055600,0.065,,0
1730059200,0.065,,0
1730062800,0.065,,0
1730066400,0.065,0.010000000000000009,1
1730070000,0.065,,0
1730073600,0.065,,0
1730077200,0.065,,0
1730080800,0.065,,0
1730084400,0.065,,0
1730088000,0.065,,0
1730091600,0.065,,0
1730095200,0.065,,0
1730098800,0.065,,0
1730102400,0.065,,0
1730106000,0.065,0.010000000000000009,1
1730109600,0.065,0.009999705714285684,7
1730113200,0.065,,0
1730116800,0.065,,0
1730120400,0.065,0.010000000000000009,1
1730124000,0.065,,0
1730127600,0.065,,0
1730131200,0.065,,0
1730134800,0.065,,0
1730138400,0.065,,0
1730142000,0.065,,0
1730145600,0.065,,0
1730149200,0.065,,0
1730152800,0.065,,0
1730156400,0.065,,0
1730160000,0.065,0.010000000000000009,1
1730163600,0.07,,0
1730167200,0.07,,0
1730170800,0.065,,0
1730174400,0.065,,0
1730178000,0.065,,0
1730181600,0.065,,0
1730185200,0.065,,0
1730188800,0.065,,0
1730192400,0.065,,0
1730196000,0.065,,0
1730199600,0.065,,0
1730203200,0.065,,0
1730206800,0.065,,0
1730210400,0.065,0.009999986299999986,2
1730214000,0.065,,0
1730217600,0.065,,0
1730221200,0.065,,0
1730224800,0.065,,0
1730228400,0.065,,0
1730232000,0.065,,0
1730235600,0.065,,0
1730239200,0.065,,0
1730242800,0.065,,0
1730246400,0.065,,0
1730250000,0.065,,0
1730253600,0.065,,0
1730257200,0.065,,0
1730260800,0.065,,0
1730264400,0.065,,0
1730268000,0.065,,0
1730271600,0.065,,0
1730275200,0.065,,0
1730278800,0.065,,0
1730282400,0.065,,0
1730286000,0.065,,0
1730289600,0.065,,0
1730293200,0.065,,0
1730296800,0.065,,0
1730300400,0.065,,0
1730304000,0.065,,0
1730307600,0.065,,0
1730311200,0.065,0.010000000000000009,1
1730314800,0.065,,0
1730318400,0.065,,0
1730322000,0.065,,0
1730325600,0.065,,0
1730329200,0.065,,0
1730332800,0.065,,0
1730336400,0.065,,0
1730340000,0.065,,0
1730343600,0.065,,0
1730347200,0.065,,0
1730350800,0.065,,0
1730354400,0.065,,0
1730358000,0.065,,0
1730361600,0.065,,0
1730365200,0.065,,0
1730368800,0.065,,0
1730372400,0.065,,0
1730376000,0.065,,0
1730379600,0.065,,0
1730383200,0.065,,0
1730386800,0.065,,0
1730390400,0.065,,0
1730394000,0.065,,0
1730397600,0.065,0.010000000000000009,1
1730401200,0.065,,0
1730404800,0.065,,0
1730408400,0.065,,0
1730412000,0.065,,0
1730415600,0.065,,0
1730419200,0.065,,0
1730422800,0.065,,0
1730426400,0.065,,0
1730430000,0.065,0.009999954799999988,1
1730433600,0.065,0.0099871198,1
1730437200,0.065,,0
1730440800,0.065,0.0099871198,1
1730444400,0.065,,0
1730448000,0.065,,0
1730451600,0.065,,0
1730455200,0.065,0.009999974800000005,2
1730458800,0.065,,0
1730462400,0.065,,0
1730466000,0.065,,0
1730469600,0.065,,0
1730473200,0.065,,0
1730476800,0.065,,0
1730480400,0.065,,0
1730484000,0.065,,0
1730487600,0.065,,0
1730491200,0.065,,0
1730494800,0.065,,0
1730498400,0.065,,0
1730502000,0.065,,0
1730505600,0.065,,0
1730509200,0.065,,0
1730512800,0.065,,0
1730516400,0.065,,0
1730520000,0.065,,0
1730523600,0.065,,0
1730527200,0.065,,0
1730530800,0.065,,0
1730534400,0.065,,0
1730538000,0.065,,0
1730541600,0.065,0.009996884999999983,1
1730545200,0.065,,0
1730548800,0.065,,0
1730552400,0.065,,0
1730556000,0.065,0.0099914599,2
1730559600,0.065,,0
1730563200,0.065,,0
1730566800,0.065,,0
1730570400,0.065,,0
1730574000,0.065,,0
1730577600,0.065,,0
1730581200,0.065,,0
1730584800,0.065,,0
1730588400,0.065,,0
1730592000,0.065,,0
1730595600,0.065,,0
1730599200,0.065,,0
1730602800,0.065,,0
1730606400,0.065,,0
1730610000,0.065,0.0099871198,1
1730613600,0.065,,0
1730617200,0.065,,0
1730620800,0.065,0.0099871198,1
1730624400,0.065,,0
1730628000,0.065,0.017485978600000007,1
1730631600,0.07,,0
1730635200,0.07,,0
1730638800,0.07,,0
1730642400,0.07,,0
1730646000,0.07,,0
1730649600,0.07,,0
1730653200,0.07,,0
1730656800,0.07,,0
1730660400,0.07,,0
1730664000,0.07,,0
1730667600,0.07,,0
1730671200,0.07,,0
1730674800,0.07,,0
1730678400,0.07,,0
1730682000,0.07,,0
1730685600,0.07,,0
1730689200,0.07,,0
1730692800,0.07,,0
1730696400,0.07,,0
1730700000,0.07,,0
1730703600,0.07,0.019999924800000013,1
1730707200,0.07,,0
1730710800,0.07,,0
1730714400,0.07,,0
1730718000,0.07,,0
1730721600,0.07,,0
1730725200,0.07,,0
1730728800,0.07,0.019999999999999796,1
1730732400,0.07,,0
1730736000,0.07,,0
1730739600,0.07,,0
1730743200,0.07,,0
1730746800,0.07,0.01999999999999999,1
1730750400,0.07,,0
1730754000,0.07,,0
1730757600,0.07,,0
1730761200,0.07,,0
1730764800,0.07,,0
1730768400,0.07,,0
1730772000,0.07,,0
1730775600,0.07,0.019999999999999796,1
1730779200,0.07,,0
1730782800,0.07,,0
1730786400,0.07,,0
1730790000,0.07,0.019999999999999907,2
1730793600,0.07,,0
1730797200,0.07,,0
1730800800,0.07,,0
1730804400,0.07,,0
1730808000,0.07,,0
1730811600,0.07,0.01999999999999985,4
1730815200,0.065,0.009999999999999898,2
1730818800,0.07,,0
1730822400,0.07,,0
1730826000,0.07,,0
1730829600,0.07,,0
1730833200,0.07,,0
1730836800,0.07,,0
1730840400,0.07,,0
1730847600,0.07,,0
1730851200,0.07,,0
1730854800,0.07,,0
1730858400,0.07,0.01999999999999999,1
1730862000,0.07,,0
1730865600,0.07,,0
1730869200,0.07,,0
1730872800,0.07,,0
1730876400,0.07,0.020000000000000018,1
1730880000,0.07,,0
1730883600,0.07,,0
1730887200,0.07,,0
1730890800,0.07,,0
1730894400,0.07,,0
1730898000,0.07,0.019999999999999907,2
1730901600,0.07,,0
1730905200,0.07,,0
1730908800,0.075,0.01,3
1730912400,0.075,0.010000000000000009,1
1730916000,0.075,,0
1730919600,0.075,,0
1730923200,0.075,,0
1730926800,0.075,,0
1730930400,0.075,0.010191666599999927,1
1730934000,0.07,,0
1730937600,0.07,0.019999999999999907,2
1730941200,0.07,,0
1730944800,0.07,,0
1730948400,0.07,0.01999999999999999,1
1730952000,0.07,,0
1730955600,0.07,,0
1730959200,0.07,0.01999999999999999,1
1730962800,0.07,,0
1730966400,0.07,,0
1730970000,0.07,,0
1730973600,0.07,,0
1730977200,0.07,,0
1730980800,0.07,,0
1730984400,0.07,,0
1730988000,0.075,,0
1730991600,0.075,,0
1730995200,0.075,,0
1730998800,0.075,,0
1731002400,0.075,,0
1731006000,0.075,,0
1731009600,0.075,,0
1731013200,0.075,,0
1731016800,0.075,0.009999999999999995,2
1731020400,0.075,,0
1731024000,0.075,0.010000000000000009,1
1731027600,0.075,,0
1731031200,0.075,0.00999999999999999,3
1731034800,0.075,,0
1731038400,0.075,,0
1731042000,0.075,,0
1731045600,0.075,,0
1731049200,0.075,0.010000000000000009,1
1731052800,0.075,,0
1731056400,0.075,0.009999961199999907,2
1731060000,0.075,,0
1731063600,0.075,,0
1731067200,0.075,,0
1731070800,0.075,,0
1731074400,0.075,,0
1731078000,0.075,,0
1731081600,0.075,,0
1731085200,0.075,0.010000000000000004,5
1731088800,0.075,,0
1731092400,0.075,0.010000000000000009,3
1731096000,0.075,0.009999690000000006,2
1731099600,0.075,,0
1731103200,0.075,,0
1731106800,0.075,0.009999998599999893,1
1731110400,0.075,,0
1731114000,0.075,0.010000000000000009,2
1731117600,0.075,0.010000000000000009,3
1731121200,0.075,0.010000000000000009,1
1731124800,0.075,,0
1731128400,0.075,0.010000000000000009,4
1731132000,0.075,0.010000000000000009,2
1731135600,0.075,,0
1731139200,0.075,,0
1731142800,0.075,,0
1731146400,0.075,0.010000000000000009,1
1731150000,0.075,0.010000000000000009,1
1731153600,0.075,,0
1731157200,0.075,0.010000000000000009,1
1731160800,0.075,0.010000000000000002,4
1731164400,0.075,,0
1731168000,0.075,0.010000000000000009,1
1731171600,0.075,0.009999999999999992,5
1731175200,0.075,0.009999956699999979,2
1731178800,0.075,0.020000000000000004,2
1731182400,0.07,0.019999658199999937,2
1731186000,0.07,0.020000000000000018,1
1731189600,0.07,,0
1731193200,0.07,0.019999999999999907,2
1731196800,0.07,,0
1731200400,0.07,,0
1731204000,0.07,0.010000042300000067,2
1731207600,0.075,0.009999999999999981,1
1731211200,0.075,0.010000000000000009,4
1731214800,0.075,,0
1731218400,0.075,0.010000000000000009,6
1731222000,0.075,0.009999972666666634,3
1731225600,0.075,,0
1731229200,0.075,,0
1731232800,0.075,0.010000000000000009,2
1731236400,0.075,,0
1731240000,0.075,0.009999452999999825,1
1731243600,0.075,0.010000000000000002,4
1731247200,0.075,0.009999939299999983,2
1731250800,0.075,,0
1731254400,0.075,,0
1731258000,0.075,0.010000000000000009,1
1731261600,0.075,0.010000000000000009,1
1731265200,0.075,0.010000000000000009,2
1731268800,0.08,,0
1731272400,0.08,,0
1731276000,0.08,,0
1731279600,0.08,0.019999923599999914,2
1731283200,0.08,,0
1731286800,0.08,,0
1731290400,0.08,0.0199999461,2
1731294000,0.08,,0
1731297600,0.08,,0
1731301200,0.08,,0
1731304800,0.08,,0
1731308400,0.08,0.019999976699999977,2
1731312000,0.08,,0
1731315600,0.08,0.019999943159999933,5
1731319200,0.08,0.020000000000000018,1
1731322800,0.08,,0
1731326400,0.08,,0
1731330000,0.08,,0
1731333600,0.08,,0
1731337200,0.08,0.0199980419,2
1731340800,0.08,,0
1731344400,0.085,0.010000000000000009,2
1731348000,0.085,0.009999837999999983,1
1731351600,0.085,0.009999173899999936,2
1731355200,0.085,,0
1731358800,0.085,0.010000000000000009,2
1731362400,0.085,,0
1731366000,0.085,,0
1731369600,0.085,0.010000000000000009,1
1731373200,0.08,0.01999987999999997,2
1731376800,0.08,,0
1731380400,0.08,0.01999994890000001,2
1731384000,0.08,,0
1731387600,0.08,0.019999837999999992,1
1731391200,0.08,0.020000000000000018,1
1731394800,0.08,,0
1731398400,0.08,,0
1731402000,0.08,0.019999854699999986,2
1731405600,0.08,,0
1731409200,0.08,,0
1731412800,0.08,0.019999919799999988,1
1731416400,0.08,,0
1731420000,0.08,0.019999959600000006,2
1731423600,0.08,,0
1731427200,0.08,,0
1731430800,0.08,,0
1731434400,0.08,,0
1731438000,0.08,,0
1731441600,0.08,,0
1731445200,0.08,,0
1731448800,0.08,,0
1731452400,0.08,,0
1731456000,0.08,,0
1731459600,0.08,,0
1731463200,0.08,,0
1731466800,0.08,,0
1731470400,0.08,,0
1731474000,0.08,,0
1731477600,0.08,0.019999946400000024,1
1731481200,0.08,,0
1731484800,0.08,,0
1731488400,0.08,,0
1731492000,0.08,,0
1731495600,0.08,,0
1731499200,0.08,0.019999992999999994,2
1731502800,0.08,0.020000000000000018,2
1731506400,0.08,0.020000000000000018,2
1731510000,0.08,0.02,5
1731513600,0.08,0.019999999999999993,9
1731517200,0.08,0.01999999999999999,1
1731520800,0.08,,0
1731524400,0.08,,0
1731528000,0.08,,0
1731531600,0.08,,0
1731535200,0.08,,0
1731538800,0.075,,0
1731542400,0.075,,0
1731546000,0.075,,0
1731549600,0.075,0.009999984999999989,2
1731553200,0.075,,0
1731556800,0.075,,0
1731560400,0.075,,0
1731564000,0.075,0.009999999999999981,1
1731567600,0.075,,0
1731571200,0.075,,0
1731574800,0.075,,0
1731578400,0.075,0.009999999999999981,1
1731582000,0.07,,0
1731585600,0.07,,0
1731589200,0.07,0.011189132099999999,2
1731592800,0.07,,0
1731596400,0.07,,0
1731600000,0.07,,0
1731603600,0.065,,0
1731607200,0.065,,0
1731610800,0.065,0.010000000000000009,1
1731614400,0.065,,0
1731618000,0.065,,0
1731621600,0.065,,0
1731625200,0.065,,0
1731628800,0.065,,0
1731632400,0.065,0.010000000000000009,1
1731636000,0.065,,0
1731639600,0.065,,0
1731643200,0.065,,0
1731646800,0.065,,0
1731650400,0.065,,0
1731654000,0.065,,0
1731657600,0.065,,0
1731661200,0.065,,0
1731664800,0.065,,0
1731668400,0.065,,0
1731672000,0.065,,0
1731675600,0.065,,0
1731679200,0.065,,0
1731682800,0.065,,0
1731686400,0.065,,0
1731690000,0.065,,0
1731693600,0.065,,0
1731697200,0.065,,0
1731700800,0.065,,0
1731704400,0.065,,0
1731708000,0.065,,0
1731711600,0.065,,0
1731715200,0.065,,0
1731718800,0.065,,0
1731722400,0.065,,0
1731726000,0.065,,0
1731729600,0.065,,0
1731733200,0.065,,0
1731736800,0.065,,0
1731740400,0.065,,0
1731744000,0.065,,0
1731747600,0.065,,0
1731751200,0.065,,0
1731754800,0.065,,0
1731758400,0.065,,0
1731762000,0.065,,0
1731765600,0.065,,0
1731769200,0.065,0.009999974800000005,1
1731772800,0.065,,0
1731776400,0.065,,0
1731780000,0.065,,0
1731783600,0.065,,0
1731787200,0.065,,0
1731790800,0.065,,0
1731794400,0.065,,0
1731798000,0.065,,0
1731801600,0.065,,0
1731805200,0.065,,0
1731808800,0.065,,0
1731812400,0.065,,0
1731816000,0.065,,0
1731819600,0.065,,0
1731823200,0.065,,0
1731826800,0.065,,0
1731830400,0.065,,0
1731834000,0.065,,0
1731837600,0.065,,0
1731841200,0.065,,0
1731844800,0.065,0.009999974800000005,1
1731848400,0.065,,0
1731852000,0.065,,0
1731855600,0.065,0.009999749299999916,2
1731859200,0.065,0.00999989559999992,2
1731862800,0.065,,0
1731866400,0.065,0.009999999999999898,2
1731870000,0.065,0.009999658199999928,2
1731873600,0.065,,0
1731877200,0.065,,0
1731880800,0.065,0.009999999999999898,4
1731884400,0.065,,0
1731888000,0.065,0.009999978399999943,4
1731891600,0.065,,0
1731895200,0.065,0.009999955199999966,2
1731898800,0.065,,0
1731902400,0.065,,0
1731906000,0.065,,0
1731909600,0.065,0.010000000000000009,1
1731913200,0.07,,0
1731916800,0.07,,0
1731920400,0.07,,0
1731924000,0.07,,0
1731927600,0.07,,0
1731931200,0.07,,0
1731934800,0.07,,0
1731938400,0.07,,0
1731942000,0.07,,0
1731945600,0.07,,0
1731949200,0.07,,0
1731952800,0.07,,0
1731956400,0.07,,0
1731960000,0.07,,0
1731963600,0.07,,0
1731967200,0.07,,0
1731970800,0.07,,0
1731974400,0.07,,0
1731978000,0.07,,0
1731981600,0.07,,0
1731985200,0.07,,0
1731988800,0.07,,0
1731992400,0.07,,0
1731996000,0.07,0.019999999999999907,4
1731999600,0.07,0.020000000000000018,9
1732003200,0.07,,0
1732006800,0.07,,0
1732010400,0.07,,0
1732014000,0.07,,0
1732017600,0.07,,0
1732021200,0.07,,0
1732024800,0.07,,0
1732028400,0.07,,0
1732032000,0.07,,0
1732035600,0.07,,0
1732039200,0.07,,0
1732042800,0.07,,0
1732046400,0.07,,0
1732050000,0.07,,0
1732053600,0.07,0.01999999999999999,1
1732057200,0.07,,0
1732060800,0.07,,0
1732064400,0.07,,0
1732068000,0.07,,0
1732071600,0.07,0.01999999999999999,1
1732075200,0.07,,0
1732078800,0.07,,0
1732082400,0.07,,0
1732086000,0.07,,0
1732089600,0.07,,0
1732093200,0.07,,0
1732096800,0.07,,0
1732100400,0.07,,0
1732104000,0.07,,0
1732107600,0.07,,0
1732111200,0.07,,0
1732114800,0.07,,0
1732118400,0.07,0.019999999999999796,1
1732122000,0.07,0.020000000000000018,1
1732125600,0.07,,0
1732129200,0.07,,0
1732132800,0.07,,0
1732136400,0.07,,0
1732140000,0.07,,0
1732143600,0.07,,0
1732147200,0.07,,0
1732150800,0.07,,0
1732154400,0.07,,0
1732158000,0.07,0.01999999999999999,1
1732161600,0.07,0.019999999999999952,10
1732165200,0.07,,0
1732168800,0.07,,0
1732172400,0.07,,0
1732176000,0.07,,0
1732179600,0.07,,0
1732183200,0.07,,0
1732186800,0.07,,0
1732190400,0.07,,0
1732194000,0.065,,0
1732197600,0.065,,0
1732201200,0.065,,0
1732204800,0.065,,0
1732208400,0.065,,0
1732212000,0.065,,0
1732215600,0.065,0.010000000000000009,1
1732219200,0.07,0.020000000000000018,1
1732222800,0.07,,0
1732226400,0.07,,0
1732230000,0.07,,0
1732233600,0.07,,0
1732237200,0.07,,0
1732240800,0.07,,0
1732244400,0.07,,0
1732248000,0.07,,0
1732251600,0.07,,0
1732255200,0.07,,0
1732258800,0.07,,0
1732262400,0.07,,0
1732266000,0.07,,0
1732269600,0.07,,0
1732273200,0.07,,0
1732276800,0.07,,0
1732280400,0.07,,0
1732284000,0.07,,0
1732287600,0.07,,0
1732291200,0.07,,0
1732294800,0.07,,0
1732298400,0.07,,0
1732302000,0.07,,0
1732305600,0.07,,0
1732309200,0.07,,0
1732312800,0.07,,0
1732316400,0.07,,0
1732320000,0.07,,0
1732323600,0.07,,0
1732327200,0.07,,0
1732330800,0.07,,0
1732334400,0.07,,0
1732338000,0.07,,0
1732341600,0.07,,0
1732345200,0.07,,0
1732348800,0.07,,0
1732352400,0.07,,0
1732356000,0.07,,0
1732359600,0.07,,0
1732363200,0.07,,0
1732366800,0.07,,0
1732370400,0.07,,0
1732374000,0.07,,0
1732377600,0.07,,0
1732381200,0.07,,0
1732384800,0.07,,0
1732388400,0.07,0.020000000000000018,2
1732392000,0.07,0.019999999999999796,1
1732395600,0.07,,0
1732399200,0.07,,0
1732402800,0.07,,0
1732406400,0.07,,0
1732410000,0.07,0.019999247799999953,1
1732413600,0.07,,0
1732417200,0.07,,0
1732420800,0.07,,0
1732424400,0.07,,0
1732428000,0.07,,0
1732431600,0.07,,0
1732435200,0.07,,0
1732438800,0.07,,0
1732442400,0.07,,0
1732446000,0.07,,0
1732449600,0.07,,0
1732453200,0.07,,0
1732456800,0.07,,0
1732460400,0.07,,0
1732464000,0.07,,0
1732467600,0.07,,0
1732471200,0.07,,0
1732474800,0.07,0.01999999999999999,2
1732478400,0.07,,0
1732482000,0.07,0.020000000000000018,1
1732485600,0.07,,0
1732489200,0.07,,0
1732492800,0.07,,0
1732496400,0.07,,0
1732500000,0.07,,0
1732503600,0.07,,0
1732507200,0.07,,0
1732510800,0.07,,0
1732514400,0.07,,0
1732518000,0.07,,0
1732521600,0.07,0.020000000000000018,3
1732525200,0.07,,0
1732528800,0.07,,0
1732532400,0.07,,0
1732536000,0.07,,0
1732539600,0.07,,0
1732543200,0.07,,0
1732546800,0.07,,0
1732550400,0.07,0.019999963319999915,5
1732554000,0.07,0.01999999999999998,6
1732557600,0.07,0.01999999999999998,6
1732561200,0.07,0.020000000000000018,2
1732564800,0.07,0.019999980199999934,2
1732568400,0.07,0.019999942999999964,2
1732572000,0.07,,0
1732575600,0.07,,0
1732579200,0.07,,0
1732582800,0.07,0.019999949199999922,4
1732586400,0.07,,0
1732590000,0.07,,0
1732593600,0.07,0.019999999999999907,2
1732597200,0.07,,0
1732600800,0.07,,0
1732604400,0.07,0.019999966400000013,2
1732608000,0.07,0.019999999733333256,3
1732611600,0.07,,0
1732615200,0.07,,0
1732618800,0.07,,0
1732622400,0.07,,0
1732626000,0.07,,0
1732629600,0.07,,0
1732633200,0.07,,0
1732636800,0.07,,0
1732640400,0.07,,0
1732644000,0.07,,0
1732647600,0.065,,0
1732651200,0.065,,0
1732654800,0.065,,0
1732658400,0.07,,0
1732662000,0.07,,0
1732665600,0.07,,0
1732669200,0.07,,0
1732672800,0.075,,0
1732676400,0.075,,0
1732680000,0.075,,0
1732683600,0.075,0.010000000000000009,2
1732687200,0.075,0.010000000000000009,1
1732690800,0.075,,0
1732694400,0.075,,0
1732698000,0.075,,0
1732701600,0.075,,0
1732705200,0.075,,0
1732708800,0.075,0.00998882879999985,1
1732712400,0.075,,0
1732716000,0.075,0.010000000000000009,1
1732719600,0.075,,0
1732723200,0.075,,0
1732726800,0.075,,0
1732730400,0.075,,0
1732734000,0.075,,0
1732737600,0.075,,0
1732741200,0.075,,0
1732744800,0.075,,0
1732748400,0.075,0.010000000000000009,1
1732752000,0.07,0.01999999999999999,1
1732755600,0.07,,0
1732759200,0.07,,0
1732762800,0.07,,0
1732766400,0.07,,0
1732770000,0.07,,0
1732773600,0.07,,0
1732777200,0.07,,0
1732780800,0.07,,0
1732784400,0.07,,0
1732788000,0.07,,0
1732791600,0.07,,0
1732795200,0.07,,0
1732798800,0.07,,0
1732802400,0.07,,0
1732806000,0.07,,0
1732809600,0.07,,0
1732813200,0.07,,0
1732816800,0.07,,0
1732820400,0.07,,0
1732824000,0.065,,0
1732827600,0.065,,0
1732831200,0.065,,0
1732834800,0.065,,0
1732838400,0.065,,0
1732842000,0.065,,0
1732845600,0.065,,0
1732849200,0.065,,0
1732852800,0.065,,0
1732856400,0.065,,0
1732860000,0.065,,0
1732863600,0.065,,0
1732867200,0.065,,0
1732870800,0.065,,0
1732874400,0.065,,0
1732878000,0.065,,0
1732881600,0.065,,0
1732885200,0.065,,0
1732888800,0.065,,0
1732892400,0.065,0.010000000000000009,1
1732896000,0.065,,0
1732899600,0.065,,0
1732903200,0.065,,0
1732906800,0.065,,0
1732910400,0.065,,0
1732914000,0.065,,0
1732917600,0.065,,0
1732921200,0.065,,0
1732924800,0.065,,0
1732928400,0.065,,0
1732932000,0.065,,0
1732935600,0.065,,0
1732939200,0.065,,0
1732942800,0.065,,0
1732946400,0.065,,0
1732950000,0.065,,0
1732953600,0.065,,0
1732957200,0.065,,0
1732960800,0.065,,0
1732964400,0.065,,0
1732968000,0.065,,0
1732971600,0.065,,0
1732975200,0.065,,0
1732978800,0.065,,0
1732982400,0.065,,0
1732986000,0.065,,0
1732989600,0.065,,0
1732993200,0.065,,0
1732996800,0.065,,0
1733000400,0.065,,0
1733004000,0.065,0.009999999999999802,15
1733007600,0.065,,0
1733011200,0.065,0.009999999999999787,4
1733014800,0.065,0.009999999999999787,2
1733018400,0.065,,0
1733022000,0.065,,0
1733025600,0.065,,0
1733029200,0.065,,0
1733032800,0.065,,0
1733036400,0.065,,0
1733040000,0.065,0.009999999999999861,6
1733043600,0.07,,0
1733047200,0.07,,0
1733050800,0.07,,0
1733054400,0.07,,0
1733058000,0.07,0.019999999999999796,3
1733061600,0.07,0.019999999999999796,1
1733065200,0.07,0.019999999999999796,1
1733068800,0.07,,0
1733072400,0.07,0.019999999999999796,1
1733076000,0.07,0.019999999999999796,1
1733079600,0.07,,0
1733083200,0.07,,0
1733086800,0.07,,0
1733090400,0.07,,0
1733094000,0.07,,0
1733097600,0.07,,0
1733101200,0.07,,0
1733104800,0.07,,0
1733108400,0.07,,0
1733112000,0.07,,0
1733115600,0.07,,0
1733119200,0.07,,0
1733122800,0.07,0.0,2
1733126400,0.07,,0
1733130000,0.07,,0
1733133600,0.07,,0
1733137200,0.07,0.01999999999999999,1
1733140800,0.07,,0
1733144400,0.07,0.019999316399999856,1
1733148000,0.07,,0
1733151600,0.07,0.01999999999999999,1
1733155200,0.07,,0
1733158800,0.07,,0
1733162400,0.07,,0
1733166000,0.07,,0
1733169600,0.07,,0
1733173200,0.065,,0
1733176800,0.065,,0
1733180400,0.065,,0
1733184000,0.065,,0
1733187600,0.065,,0
1733191200,0.065,,0
1733194800,0.065,,0
1733198400,0.065,,0
1733202000,0.065,,0
1733205600,0.065,0.009999960699999866,2
1733209200,0.065,0.009999987499999863,2
1733212800,0.065,,0
1733216400,0.065,,0
1733220000,0.065,,0
1733223600,0.065,,0
1733227200,0.065,,0
1733230800,0.065,,0
1733234400,0.065,,0
1733238000,0.065,,0
1733241600,0.065,,0
1733245200,0.065,,0
1733248800,0.065,0.010000000000000009,1
1733252400,0.055,0.009999999999999995,1
1733256000,0.065,,0
1733259600,0.065,,0
1733263200,0.065,,0
1733266800,0.065,,0
1733270400,0.065,,0
1733274000,0.065,,0
1733277600,0.065,,0
1733281200,0.065,,0
1733284800,0.065,,0
1733288400,0.065,,0
1733292000,0.065,,0
1733295600,0.065,0.009999954299999891,2
1733299200,0.065,,0
1733302800,0.065,0.019999999999999907,2
1733306400,0.06,,0
1733310000,0.06,,0
1733313600,0.06,0.020000000000000018,2
1733317200,0.06,,0
1733320800,0.06,,0
1733324400,0.06,,0
1733328000,0.06,,0
1733331600,0.06,,0
1733335200,0.06,,0
1733338800,0.06,,0
1733342400,0.06,,0
1733346000,0.06,,0
1733349600,0.06,,0
1733353200,0.06,,0
1733356800,0.06,,0
1733360400,0.06,,0
1733364000,0.06,,0
1733367600,0.06,,0
1733371200,0.06,,0
1733374800,0.06,,0
1733378400,0.06,,0
1733382000,0.06,,0
1733385600,0.06,,0
1733389200,0.06,,0
1733392800,0.06,,0
1733396400,0.06,0.019999999999999907,2
1733400000,0.06,0.020000000000000018,1
1733403600,0.06,,0
1733407200,0.06,,0
1733410800,0.06,,0
1733414400,0.06,,0
1733418000,0.065,,0
1733421600,0.065,,0
1733425200,0.065,,0
1733428800,0.065,,0
1733432400,0.065,,0
1733436000,0.06,,0
1733439600,0.06,,0
1733443200,0.06,,0
1733446800,0.06,,0
1733450400,0.06,,0
1733454000,0.06,,0
1733457600,0.06,,0
1733461200,0.06,,0
1733464800,0.06,,0
1733468400,0.06,,0
1733472000,0.06,,0
1733475600,0.06,,0
1733479200,0.06,,0
1733482800,0.06,,0
1733486400,0.06,,0
1733490000,0.06,,0
1733493600,0.06,,0
1733497200,0.06,,0
1733500800,0.06,,0
1733504400,0.06,,0
1733508000,0.06,,0
1733511600,0.06,,0
1733515200,0.06,,0
1733518800,0.06,,0
1733522400,0.06,,0
1733526000,0.06,,0
1733529600,0.06,0.020000000000000018,1
1733533200,0.06,0.005333333333333338,30
1733536800,0.065,,0
1733540400,0.065,0.009999999999999787,3
1733544000,0.065,,0
1733547600,0.065,,0
1733551200,0.065,,0
1733554800,0.065,0.009999999999999787,2
1733558400,0.065,,0
1733562000,0.065,,0
1733565600,0.065,,0
1733569200,0.065,,0
1733572800,0.065,,0
1733576400,0.065,0.00999973139999999,1
1733580000,0.065,,0
1733583600,0.065,,0
1733587200,0.065,,0
1733590800,0.065,,0
1733594400,0.065,,0
1733598000,0.065,,0
1733601600,0.065,,0
1733605200,0.065,,0
1733608800,0.065,0.009999999099999934,2
1733612400,0.065,,0
1733616000,0.065,,0
1733619600,0.065,,0
1733623200,0.065,,0
1733626800,0.065,,0
1733630400,0.065,,0
1733634000,0.065,,0
1733637600,0.065,,0
1733641200,0.065,0.010000000000000009,1
1733644800,0.065,,0
1733648400,0.065,,0
1733652000,0.065,0.009999999999999842,4
1733655600,0.065,,0
1733659200,0.065,0.009999999999999787,2
1733662800,0.065,,0
1733666400,0.065,,0
1733670000,0.065,,0
1733673600,0.065,0.009999749299999805,2
1733677200,0.065,,0
1733680800,0.065,0.009999999999999787,1
1733684400,0.065,0.009999999999999861,6
1733688000,0.065,,0
1733691600,0.065,0.009999999999999898,2
1733695200,0.065,,0
1733698800,0.065,,0
1733702400,0.065,,0
1733706000,0.065,,0
1733709600,0.065,,0
1733713200,0.065,,0
1733716800,0.065,,0
1733720400,0.065,,0
1733724000,0.065,,0
1733727600,0.065,0.010000000000000009,1
1733731200,0.06,,0
1733734800,0.06,,0
1733738400,0.06,,0
1733742000,0.06,,0
1733745600,0.06,7.599999962693005e-09,1
1733749200,0.065,,0
1733752800,0.065,0.010000000000000009,1
1733756400,0.06,0.019999999999999907,2
1733760000,0.06,0.019999999999999907,2
1733763600,0.06,,0
1733767200,0.055,0.010833333333333334,24
1733770800,0.065,0.009999983199999951,4
1733774400,0.065,0.00999993939999999,2
1733778000,0.065,0.009999942499999914,4
1733781600,0.065,,0
1733785200,0.065,,0
1733788800,0.065,0.009999749266666655,3
1733792400,0.065,0.009999999999999787,4
1733796000,0.065,0.009999971533333207,3
1733799600,0.065,0.009999999999999787,4
1733803200,0.065,0.009999999999999842,4
1733806800,0.065,0.009999999999999787,2
1733810400,0.065,0.009999999999999818,7
1733814000,0.065,0.009999999999999787,8
1733817600,0.065,0.009999999999999787,1
1733821200,0.065,0.010000000000000009,1
1733824800,0.055,,0
1733828400,0.055,,0
1733832000,0.055,,0
1733835600,0.055,,0
1733839200,0.055,,0
1733842800,0.055,,0
1733846400,0.055,,0
1733850000,0.055,,0
1733853600,0.055,,0
1733857200,0.055,0.009999999999999995,1
1733860800,0.055,0.009999999999999995,3
1733864400,0.055,0.010000000000000009,1
1733868000,0.055,0.010000000000000009,1
1733871600,0.055,,0
1733875200,0.055,,0
1733878800,0.055,0.01,7
1733882400,0.055,,0
1733886000,0.055,0.010000000000000009,3
1733889600,0.055,,0
1733893200,0.055,,0
1733896800,0.055,,0
1733900400,0.055,,0
1733904000,0.055,,0
1733907600,0.055,0.009999999999999995,1
1733911200,0.055,,0
1733914800,0.055,,0
1733918400,0.055,,0
1733922000,0.055,,0
1733925600,0.055,,0
1733929200,0.055,,0
1733932800,0.055,,0
1733936400,0.055,,0
1733940000,0.055,0.010000000000000009,1
1733943600,0.055,,0
1733947200,0.055,,0
1733950800,0.055,,0
1733954400,0.055,,0
1733958000,0.055,,0
1733961600,0.055,,0
1733965200,0.055,,0
1733968800,0.055,,0
1733972400,0.055,,0
1733976000,0.055,,0
1733979600,0.055,,0
1733983200,0.055,,0
1733986800,0.055,,0
1733990400,0.055,,0
1733994000,0.055,0.010000000000000009,5
1733997600,0.055,0.010000000000000005,4
1734001200,0.055,0.010000000000000009,4
1734004800,0.055,,0
1734008400,0.055,,0
1734012000,0.055,,0
1734015600,0.055,0.009999999999999995,2
1734019200,0.055,0.010000000000000002,2
1734022800,0.055,0.010000000000000009,1
1734026400,0.055,0.010000000000000009,3
1734030000,0.055,,0
1734033600,0.055,,0
1734037200,0.055,,0
1734040800,0.055,,0
1734044400,0.055,,0
1734048000,0.055,,0
1734051600,0.055,,0
1734055200,0.055,0.010000000000000009,1
1734058800,0.055,0.010000000000000009,1
1734062400,0.055,,0
1734066000,0.055,,0
1734069600,0.055,,0
1734073200,0.055,,0
1734076800,0.055,,0
1734080400,0.055,,0
1734084000,0.055,,0
1734087600,0.055,,0
1734091200,0.055,0.010000000000000009,1
1734094800,0.055,,0
1734098400,0.055,,0
1734102000,0.055,,0
1734105600,0.055,0.010000000000000005,10
1734109200,0.055,0.010000000000000009,1
1734112800,0.055,,0
1734116400,0.055,,0
1734120000,0.055,,0
1734123600,0.055,0.009999999999999995,1
1734127200,0.045,,0
1734130800,0.045,,0
1734134400,0.045,,0
1734138000,0.045,,0
1734141600,0.045,,0
1734145200,0.045,,0
1734148800,0.045,,0
1734152400,0.045,,0
1734156000,0.045,,0
1734159600,0.045,0.010000000000000009,2
1734163200,0.045,0.010000000000000009,1
1734166800,0.045,,0
1734170400,0.045,,0
1734174000,0.045,,0
1734177600,0.045,,0
1734181200,0.045,0.010000000000000009,2
1734184800,0.045,,0
1734188400,0.045,,0
1734192000,0.045,,0
1734195600,0.045,0.010000000000000009,2
1734199200,0.045,,0
1734202800,0.045,,0
1734206400,0.045,,0
1734210000,0.045,,0
1734213600,0.045,,0
1734217200,0.045,,0
1734220800,0.045,,0
1734224400,0.045,0.010000000000000009,1
1734228000,0.045,0.010000000000000009,1
1734231600,0.045,,0
1734235200,0.045,0.010000000000000009,1
1734238800,0.045,,0
1734242400,0.045,,0
1734246000,0.05,0.020000000000000018,1
1734249600,0.045,,0
1734253200,0.045,,0
1734256800,0.045,0.010000000000000009,1
1734260400,0.045,,0
1734264000,0.045,0.010000000000000009,3
1734267600,0.045,0.009999999999999995,1
1734271200,0.045,0.01,3
1734274800,0.045,,0
1734278400,0.045,,0
1734282000,0.045,0.010000000000000009,1
1734285600,0.045,,0
1734289200,0.045,,0
1734292800,0.045,,0
1734296400,0.045,,0
1734300000,0.045,,0
1734303600,0.045,,0
1734307200,0.045,,0
1734310800,0.045,,0
1734314400,0.045,0.010000000000000009,1
1734318000,0.045,0.010000000000000002,2
1734321600,0.035,,0
1734325200,0.035,0.008000000000000007,1
1734328800,0.035,,0
1734332400,0.035,0.009992035999999996,3
1734336000,0.042,,0
1734339600,0.042,,0
1734343200,0.042,,0
1734346800,0.042,,0
1734350400,0.042,,0
1734354000,0.042,,0
1734357600,0.042,,0
1734361200,0.042,,0
1734364800,0.042,,0
1734368400,0.042,,0
1734372000,0.0405,,0
1734375600,0.0405,,0
1734379200,0.0405,,0
1734382800,0.0405,,0
1734386400,0.0405,,0
1734390000,0.0405,,0
1734393600,0.0405,,0
1734397200,0.0405,,0
1734400800,0.0405,,0
1734404400,0.0405,,0
1734408000,0.0405,,0
1734411600,0.0405,,0
1734415200,0.0405,,0
1734418800,0.0405,,0
1734422400,0.0405,,0
1734426000,0.0405,0.002999943999999921,1
1734429600,0.0405,,0
1734433200,0.0405,,0
1734436800,0.0405,,0
1734440400,0.0405,,0
1734444000,0.0405,,0
1734447600,0.0405,,0
1734451200,0.0405,,0
1734454800,0.0405,,0
1734458400,0.0405,,0
1734462000,0.0405,,0
1734465600,0.0405,0.008270317400000005,1
1734469200,0.035,,0
1734472800,0.035,,0
1734476400,0.035,,0
1734480000,0.035,,0
1734483600,0.0355,0.010999999999999899,1
1734487200,0.0345,0.008999999999999897,2
1734490800,0.0345,,0
1734494400,0.0345,,0
1734498000,0.0345,,0
1734501600,0.0345,,0
1734505200,0.0345,0.008999999999999897,5
1734508800,0.0345,0.008999999999999897,3
1734512400,0.0345,,0
1734516000,0.0345,,0
1734519600,0.0345,,0
1734523200,0.0345,0.008999999999999897,2
1734526800,0.0345,,0
1734530400,0.0345,,0
1734534000,0.0345,,0
1734537600,0.0345,,0
1734541200,0.0345,,0
1734544800,0.0345,,0
1734548400,0.0345,,0
1734552000,0.0345,0.009000000000000008,1
1734555600,0.0345,,0
1734559200,0.0345,,0
1734562800,0.033,,0
1734566400,0.033,0.011999961000000114,1
1734570000,0.033,,0
1734573600,0.033,,0
1734577200,0.033,,0
1734580800,0.033,0.011999961000000114,1
1734584400,0.033,0.012000000000000004,1
1734588000,0.0295,,0
1734591600,0.0295,,0
1734595200,0.0295,0.0030000000000000027,1
1734598800,0.0295,,0
1734602400,0.0295,,0
1734606000,0.0295,,0
1734609600,0.0295,0.0030000000000000027,1
1734613200,0.0315,0.0011235023000000233,2
1734616800,0.0295,,0
1734620400,0.0295,,0
1734624000,0.0295,,0
1734627600,0.0295,0.004999987599999978,2
1734631200,0.0295,,0
1734634800,0.0295,,0
1734638400,0.0295,,0
1734642000,0.0295,,0
1734645600,0.0295,0.0049999999999999975,1
1734649200,0.0285,,0
1734652800,0.0285,0.002999984700000069,2
1734656400,0.0285,0.002999993900000053,2
1734660000,0.0285,0.0009999999999998899,8
1734663600,0.0285,0.001222222222222137,9
1734667200,0.0275,0.0010000000000000009,10
1734670800,0.0275,0.0010000000000000286,4
1734674400,0.0275,0.0010000000000000009,13
1734678000,0.0275,0.0010000000000000009,2
1734681600,0.0275,0.0017272693818181993,11
1734685200,0.0285,,0
1734688800,0.0285,,0
1734692400,0.0285,,0
1734696000,0.0285,,0
1734699600,0.0285,0.004600000000000044,5
1734703200,0.0315,0.0009999528999999896,2
1734706800,0.0315,,0
1734710400,0.0315,0.0009999887500000137,4
1734714000,0.0315,0.0010000000000000009,11
1734717600,0.0315,0.0010000000000000009,2
1734721200,0.0315,0.0017995715999999718,5
1734724800,0.0305,0.0023333333333334463,3
1734728400,0.0305,,0
1734732000,0.0305,,0
1734735600,0.0305,,0
1734739200,0.0305,,0
1734742800,0.0305,0.0009580888799999521,5
1734746400,0.0295,,0
1734750000,0.0295,,0
1734753600,0.0295,,0
1734757200,0.0295,0.0029999956000000827,2
1734760800,0.0295,0.002333304533333358,6
1734764400,0.029,0.0020000000000000018,8
1734768000,0.029,0.0020000000000000018,4
1734771600,0.029,0.0010000000000000009,2
1734775200,0.0295,0.0017999999999999794,5
1734778800,0.029,,0
1734782400,0.029,0.0020000000000000018,6
1734786000,0.029,0.0020000000000000018,4
1734789600,0.029,0.0020000000000000018,2
1734793200,0.029,0.0020000000000000018,4
1734796800,0.029,0.0020000000000000018,2
1734800400,0.029,0.0020000000000000018,4
1734804000,0.029,0.0020000000000000018,6
1734807600,0.029,0.0020000000000000018,8
1734811200,0.029,0.0020000000000000018,2
1734814800,0.029,,0
1734818400,0.029,0.0020000000000000018,8
1734822000,0.029,,0
1734825600,0.029,0.0020000000000000018,6
1734829200,0.029,0.0020000000000000018,6
1734832800,0.029,,0
1734836400,0.029,0.0020000000000000018,4
1734840000,0.029,0.0020000000000000018,8
1734843600,0.029,0.0020000000000000018,4
1734847200,0.029,0.0,1
1734850800,0.029,0.000999990300000031,4
1734854400,0.0295,0.0009999999999999454,4
1734858000,0.0285,0.0012857142857143186,7
1734861600,0.0285,0.0009999995666666688,6
1734865200,0.0285,0.0009999996571428773,7
1734868800,0.028,0.0016000335199999772,5
1734872400,0.0285,0.0009999478000000117,5
1734876000,0.0285,0.001000000000000011,11
1734879600,0.0285,0.03401181,2
1734883200,0.0445,,0
1734886800,0.0445,,0
1734890400,0.0445,,0
1734894000,0.0445,,0
1734897600,0.0445,0.008999999999999994,1
1734901200,0.036,,0
1734904800,0.036,,0
1734908400,0.036,,0
1734912000,0.0375,,0
1734915600,0.0375,,0
1734919200,0.0375,,0
1734922800,0.0375,,0
1734926400,0.0375,,0
1734930000,0.037,0.007292164699999999,2
1734933600,0.033,0.0040000000000000036,2
1734937200,0.031,0.0020000000000000018,2
1734940800,0.031,9.523809523809532e-05,63
1734944400,0.0315,0.0068967422055554485,36
1734948000,0.0285,0.0010000000000000009,2
1734951600,0.0285,0.0028846153846152803,52
1734955200,0.0275,0.000999999999999987,16
1734958800,0.0285,0.000999999680000041,5
1734962400,0.0285,0.0009999639333333477,3
1734966000,0.0285,0.001000000000000038,3
1734969600,0.0275,,0
1734973200,0.0275,,0
1734976800,0.0275,,0
1734980400,0.0275,,0
1734984000,0.028,0.0020000000000000018,2
1734987600,0.028,,0
1734991200,0.028,0.0020000000000000018,4
1734994800,0.028,,0
1734998400,0.028,0.0020000000000000018,4
1735002000,0.028,0.0020000000000000018,2
1735005600,0.028,0.0034285714285714314,7
1735009200,0.0305,0.0050000000000000044,2
1735012800,0.03,0.006666666666666672,3
1735016400,0.031,,0
1735020000,0.03,0.0040000000000000036,1
1735023600,0.03,,0
1735027200,0.03,,0
1735030800,0.031,0.0022773494285714324,7
1735034400,0.0295,,0
1735038000,0.0295,0.0036666666666666328,3
1735041600,0.0295,,0
1735045200,0.0295,0.0010952380952380487,21
1735048800,0.0305,0.0026923068974358186,39
1735052400,0.0305,0.0014444444444444457,9
1735056000,0.0305,0.000999993919999957,5
1735059600,0.0305,0.001000000000000038,3
1735063200,0.0305,0.005375536320000001,5
1735066800,0.0265,,0
1735070400,0.0265,0.002999988599999929,3
1735074000,0.0265,,0
1735077600,0.0265,,0
1735081200,0.0265,,0
1735084800,0.0265,,0
1735088400,0.0265,,0
1735092000,0.027,,0
1735095600,0.027,,0
1735099200,0.027,0.0020000000000000018,2
1735102800,0.027,,0
1735106400,0.027,0.0020000000000000018,2
1735110000,0.027,0.0020000000000000018,3
1735113600,0.0265,,0
1735117200,0.0265,0.002999999999999975,4
1735120800,0.0265,,0
1735124400,0.0265,,0
1735128000,0.0265,0.0030000000000001137,1
1735131600,0.0265,0.0030000000000000547,2
1735135200,0.0265,,0
1735138800,0.0265,,0
1735142400,0.026,,0
1735146000,0.026,0.0020000000000000018,2
1735149600,0.026,0.004584320000000003,1
1735153200,0.0265,,0
1735156800,0.0265,,0
1735160400,0.0265,,0
1735164000,0.027,,0
1735167600,0.0265,,0
1735171200,0.0265,,0
1735174800,0.0265,0.004486695800000003,1
1735178400,0.027,,0
1735182000,0.027,,0
1735185600,0.027,0.001833333333333335,36
1735189200,0.0285,0.001000000000000038,3
1735192800,0.0285,0.0010000000000000193,6
1735196400,0.0285,0.0009999999999999788,5
1735200000,0.027,0.001974688529113925,79
1735203600,0.0285,0.0010000000000000009,4
1735207200,0.0285,0.0010000000000000009,2
1735210800,0.0285,0.0010000000000000009,2
1735214400,0.0285,0.0009999999999998899,1
1735218000,0.028,0.0040000000000000036,145
1735221600,0.027,0.002400000000000002,5
1735225200,0.0275,,0
1735228800,0.0275,0.0030000000000000027,1
1735232400,0.0275,,0
1735236000,0.0275,,0
1735239600,0.0275,,0
1735243200,0.0275,,0
1735246800,0.0275,,0
1735250400,0.0275,,0
1735254000,0.0275,,0
1735257600,0.0275,,0
1735261200,0.0275,,0
1735264800,0.0275,,0
1735268400,0.0275,0.0020000000000000018,2
1735272000,0.027,0.0020000000000000018,6
1735275600,0.027,0.0020000000000000018,4
1735279200,0.027,0.0020000000000000018,2
1735282800,0.027,,0
1735286400,0.0275,0.0010000000000000009,4
1735290000,0.0275,0.0009999994181818315,11
1735293600,0.0275,0.0009999960533333704,15
1735297200,0.0275,0.000999999240000049,5
1735300800,0.0275,0.0010000000000000009,2
1735304400,0.0275,,0
1735308000,0.0275,0.0009999998999999926,2
1735311600,0.0275,0.0010000000000000009,4
1735315200,0.0275,0.0010000000000000009,4
1735318800,0.0275,,0
1735322400,0.0275,0.0010000000000000009,8
1735326000,0.0275,0.0010000000000000009,2
1735329600,0.0275,0.0010000000000000009,3
1735333200,0.0275,0.0010654648000000266,2
1735336800,0.0285,,0
1735340400,0.028,,0
1735344000,0.027,0.0040000000000000036,1
1735347600,0.0275,0.0010225988700564585,177
1735351200,0.028,1.4925373134328372e-05,268
1735354800,0.028,0.00017021276595744695,47
1735358400,0.028,0.0020000000000000018,2
1735362000,0.028,0.0034637770895927632,221
1735365600,0.027,0.0021481481481481495,27
1735369200,0.021,5.309734513274341e-05,113
1735372800,0.021,8.274914615384706e-05,52
1735376400,0.0215,0.0009999999999998988,25
1735380000,0.0215,0.0014761884380952875,21
1735383600,0.0215,0.0009999999999999454,4
1735387200,0.0215,0.0013999999999999347,5
1735390800,0.021,0.0020000000000000018,2
1735394400,0.021,0.0025000000000000022,4
1735398000,0.0225,0.0009999999999999731,8
1735401600,0.021,,0
1735405200,0.021,0.0020000000000000018,2
1735408800,0.0225,0.0009999999999998899,1
1735412400,0.0215,,0
1735416000,0.0215,0.0035018172,1
1735419600,0.0225,0.0049999999999999975,1
1735423200,0.022,0.006406617999999975,1
1735426800,0.0255,,0
1735430400,0.0265,,0
1735434000,0.0265,,0
1735437600,0.0265,,0
1735441200,0.0265,0.008333333333333264,3
1735444800,0.022,0.0005000000000000004,4
1735448400,0.021,0.0020000000000000018,2
1735452000,0.021,0.0020000000000000018,4
1735455600,0.0215,,0
1735459200,0.0215,,0
1735462800,0.0215,0.0030000000000000027,2
1735466400,0.0215,,0
1735470000,0.0215,,0
1735473600,0.0215,,0
1735477200,0.0215,0.0029999999999998916,1
1735480800,0.0215,,0
1735484400,0.0215,0.0029999999999998916,1
1735488000,0.0215,,0
1735491600,0.0215,,0
1735495200,0.0215,,0
1735498800,0.0215,,0
1735502400,0.0215,,0
1735506000,0.0215,,0
1735509600,0.0215,,0
1735513200,0.0215,,0
1735516800,0.0215,0.0029999999999999957,1
1735520400,0.017,,0
1735524000,0.017,,0
1735527600,0.016,,0
1735531200,0.0165,0.002000000000000024,10
1735534800,0.018,,0
1735538400,0.018,0.0019999932000001053,1
1735542000,0.017,,0
1735545600,0.017,,0
1735549200,0.017,,0
1735552800,0.017,,0
1735556400,0.017,,0
1735560000,0.017,0.0020000000000000018,2
1735563600,0.018,0.001999996000000115,2
1735567200,0.018,0.0,1
1735570800,0.0175,,0
1735574400,0.0175,0.001666666666666557,3
1735578000,0.0165,0.0016666666666667052,3
1735581600,0.0175,,0
1735585200,0.0175,,0
1735588800,0.0175,,0
1735592400,0.0175,,0
1735596000,0.0175,,0
1735599600,0.0175,,0
1735603200,0.0175,0.001000000000000112,1
1735606800,0.0175,0.003000000000000058,2
1735610400,0.017,0.0020000000000000018,7
1735614000,0.017,0.001999992400000039,1
1735617600,0.017,0.0020000000000000018,3
1735621200,0.017,0.0023333333333333353,6
1735624800,0.0155,,0
1735628400,0.0155,,0
1735632000,0.0155,0.002000000000000113,2
1735635600,0.016,,0
1735639200,0.016,,0
1735642800,0.016,,0
1735646400,0.0165,,0
1735650000,0.0165,0.0009983153999999494,1
1735653600,0.0165,0.0010000000000000009,2
1735657200,0.0165,0.001000000000000112,1
1735660800,0.0165,,0
1735664400,0.0165,0.0014999999999998903,4
1735668000,0.0155,0.0010000000000000009,2
1735671600,0.016,,0
1735675200,0.016,,0
1735678800,0.016,,0
1735682400,0.016,0.0020000000000000018,1
1735686000,0.016,,0
1735689600,0.016,0.0020000000000000018,2
1735693200,0.016,,0
1735696800,0.016,,0
1735700400,0.016,0.0020000000000000018,2
1735704000,0.016,,0
1735707600,0.016,,0
1735711200,0.016,0.0020000000000000018,3
1735714800,0.0165,0.005047405600000002,1
1735718400,0.0145,,0
1735722000,0.0145,,0
1735725600,0.0145,,0
1735729200,0.0145,0.002999999799999875,1
1735732800,0.0145,,0
1735736400,0.0145,0.0030000000000001137,1
1735740000,0.0145,,0
1735743600,0.0145,,0
1735747200,0.0145,,0
1735750800,0.0145,,0
1735754400,0.0145,,0
1735758000,0.0145,,0
1735761600,0.0145,0.0020000000000000018,2
1735765200,0.015,,0
1735768800,0.015,,0
1735772400,0.015,,0
1735776000,0.015,0.0020000000000000018,1
1735779600,0.015,,0
1735783200,0.0155,,0
1735786800,0.0155,0.0009999999999998899,1
1735790400,0.0155,0.00099999340000001,1
1735794000,0.0155,,0
1735797600,0.0155,0.0009999999999998899,1
1735801200,0.0155,,0
1735804800,0.0155,,0
1735808400,0.0155,0.0010000000000000009,1
1735812000,0.0155,,0
1735815600,0.0155,0.0010000000000000009,6
1735819200,0.0155,0.0010000000000000009,2
1735822800,0.019,,0
1735826400,0.019,,0
1735830000,0.019,,0
1735833600,0.019,,0
1735837200,0.019,0.0020000000000000018,2
1735840800,0.019,0.0020000000000000018,1
1735844400,0.017,0.007171614600000001,1
1735848000,0.015,,0
1735851600,0.0145,,0
1735855200,0.0145,,0
1735858800,0.0145,,0
1735862400,0.0145,,0
1735866000,0.0145,,0
1735869600,0.0145,,0
1735873200,0.0145,,0
1735876800,0.0145,,0
1735880400,0.0145,,0
1735884000,0.0145,,0
1735887600,0.0145,,0
1735891200,0.0145,,0
1735894800,0.0145,,0
1735898400,0.0145,,0
1735902000,0.0145,,0
1735905600,0.0145,,0
1735909200,0.0145,,0
1735912800,0.0145,,0
1735916400,0.0145,,0
1735920000,0.0145,,0
1735923600,0.0145,,0
1735927200,0.0145,,0
1735930800,0.0145,,0
1735934400,0.0145,0.0024037629999999997,1
1735938000,0.016,,0
1735941600,0.016,,0
1735945200,0.016,0.0019999997999999852,1
1735948800,0.016,,0
1735952400,0.016,0.0019999998999999935,2
1735956000,0.016,,0
1735959600,0.016,,0
1735963200,0.016,0.0020000000000000018,2
1735966800,0.016,0.0019999991000000383,2
1735970400,0.016,,0
1735974000,0.016,0.0020000000000000018,1
1735977600,0.016,,0
1735981200,0.016,0.0020000000000000018,1
1735984800,0.016,,0
1735988400,0.016,0.0026476213999999665,2
1735992000,0.0165,0.0029999999333333673,3
1735995600,0.0165,0.0030000000000001137,1
1735999200,0.0165,0.002999999399999842,1
1736002800,0.0165,,0
1736006400,0.0165,0.0030000000000001137,1
1736010000,0.0165,0.002999999799999875,1
1736013600,0.0165,0.0029999998999999944,2
1736017200,0.016,,0
1736020800,0.016,0.0020000000000000018,1
1736024400,0.016,0.001999999399999952,1
1736028000,0.016,0.0020000000000000018,1
1736031600,0.0145,0.001000000000000023,5
1736035200,0.0145,,0
1736038800,0.0145,,0
1736042400,0.0145,0.0009999997999998733,1
1736046000,0.0145,0.0009999995999998568,1
1736049600,0.0145,0.001000000000000112,1
1736053200,0.0145,0.001000000000000038,3
1736056800,0.0145,0.0009999993999998402,1
1736060400,0.0145,0.0009999995999999307,3
1736064000,0.0145,0.001000000000000112,1
1736067600,0.0145,0.0009999999333332548,6
1736071200,0.0145,0.000999999999999927,6
1736074800,0.0145,0.0009999999999998899,6
1736078400,0.0145,0.0009999999999998899,6
1736082000,0.0145,0.0009999999999998899,4
1736085600,0.0145,0.0014719478666666008,6
1736089200,0.0155,0.0029999983999999813,1
1736092800,0.0155,0.0030000000000001137,3
1736096400,0.0155,0.0030000000000001137,4
1736100000,0.0155,0.003000000000000058,4
1736103600,0.0155,0.00299999994285722,7
1736107200,0.0155,0.003666666666666781,3
1736110800,0.016,0.0040000000000000036,1
1736114400,0.016,0.003999999919999997,5
1736118000,0.016,0.0040000000000000036,6
1736121600,0.016,0.0040000000000000036,1
1736125200,0.016,0.003999999799999987,2
1736128800,0.016,0.0040000000000000036,1
1736132400,0.016,0.0051940239999999985,1
1736136000,0.0165,,0
1736139600,0.0165,0.0029999999999998916,1
1736143200,0.0165,0.0030000000000001137,1
1736146800,0.017,0.0040000000000000036,1
1736150400,0.017,0.0040000000000000036,1
1736154000,0.017,0.0040000000000000036,1
1736157600,0.017,0.0040000000000000036,3
1736161200,0.017,0.0040000000000000036,1
1736164800,0.017,,0
1736168400,0.017,,0
1736172000,0.017,,0
1736175600,0.0165,,0
1736179200,0.0165,,0
1736182800,0.0165,0.0037832114,1
1736186400,0.019,,0
1736190000,0.0175,,0
1736193600,0.0175,,0
1736197200,0.0175,,0
1736200800,0.0175,,0
1736204400,0.0185,,0
1736208000,0.0185,,0
1736211600,0.019,,0
1736215200,0.019,,0
1736218800,0.019,,0
1736222400,0.019,0.0020000000000000018,1
1736226000,0.019,,0
1736229600,0.019,,0
1736233200,0.019,0.0020000000000000018,1
1736236800,0.019,0.0020000000000000018,4
1736240400,0.019,,0
1736244000,0.019,0.0020000000000000018,1
1736247600,0.019,,0
1736251200,0.019,,0
1736254800,0.019,,0
1736258400,0.019,,0
1736262000,0.019,,0
1736265600,0.019,,0
1736269200,0.019,,0
1736272800,0.019,,0
1736276400,0.019,,0
1736280000,0.019,,0
1736283600,0.019,,0
1736287200,0.019,,0
1736290800,0.019,,0
1736294400,0.019,,0
1736298000,0.019,,0
1736301600,0.019,,0
1736305200,0.019,0.0020000000000000018,1
1736308800,0.019,,0
1736312400,0.019,,0
1736316000,0.019,0.0020000000000000018,1
1736319600,0.02,0.0020000000000000018,1
1736323200,0.019,,0
1736326800,0.019,,0
1736330400,0.019,,0
1736334000,0.019,,0
1736337600,0.019,,0
1736341200,0.019,,0
1736344800,0.019,,0
1736348400,0.019,,0
1736352000,0.019,,0
1736355600,0.019,,0
1736359200,0.019,,0
1736362800,0.019,,0
1736366400,0.019,0.0020000000000000018,1
1736370000,0.019,0.0020000000000000018,2
1736373600,0.019,,0
1736377200,0.019,0.0020000000000000018,1
1736380800,0.019,0.0010000001000000022,2
1736384400,0.0185,,0
1736388000,0.0185,,0
1736391600,0.0185,0.0009999971999998802,1
1736395200,0.0185,0.0010000000000000009,2
1736398800,0.0185,0.0009999997999999843,2
1736402400,0.0185,0.0010000000000000009,1
1736406000,0.0195,,0
1736409600,0.0195,,0
1736413200,0.0195,,0
1736416800,0.0195,0.0010000000000000009,1
1736420400,0.02,,0
1736424000,0.0205,0.0010199767999999887,2
1736427600,0.02,,0
1736431200,0.02,0.0020000000000000018,1
1736434800,0.02,,0
1736438400,0.02,,0
1736442000,0.02,0.0020000000000000018,1
1736445600,0.02,,0
1736449200,0.02,,0
1736452800,0.02,,0
1736456400,0.02,,0
1736460000,0.02,,0
1736463600,0.02,,0
1736467200,0.02,,0
1736470800,0.02,0.0020000000000000018,1
1736474400,0.0195,0.0009999852999999503,2
1736478000,0.0195,0.001000000000000112,2
1736481600,0.0195,,0
1736485200,0.0195,0.0014999998000000125,4
1736488800,0.02,,0
1736492400,0.02,,0
1736496000,0.02,,0
1736499600,0.0195,,0
1736503200,0.0195,,0
1736506800,0.0195,0.0009999999999998899,3
1736510400,0.0195,0.0009999994499998999,8
1736514000,0.0195,0.0009999999999999454,4
1736517600,0.02,0.0020000000000000018,2
1736521200,0.02,0.0019999992000000466,2
1736524800,0.02,0.0020000000000000018,1
1736528400,0.02,,0
1736532000,0.02,0.0020000000000000018,1
1736535600,0.02,,0
1736539200,0.02,0.0020000000000000018,1
1736542800,0.02,,0
1736546400,0.02,,0
1736550000,0.02,,0
1736553600,0.02,0.0020000000000000018,1
1736557200,0.02,0.0020000000000000018,1
1736560800,0.02,0.0020000000000000018,1
1736564400,0.02,0.0020000000000000018,1
1736568000,0.02,0.0020000000000000018,2
1736571600,0.02,,0
1736575200,0.02,,0
1736578800,0.02,,0
1736582400,0.02,,0
1736586000,0.02,,0
1736589600,0.02,,0
1736593200,0.02,,0
1736596800,0.02,,0
1736600400,0.02,,0
1736604000,0.02,,0
1736607600,0.02,,0
1736611200,0.02,,0
1736614800,0.02,,0
1736618400,0.02,,0
1736622000,0.02,,0
1736625600,0.02,,0
1736629200,0.02,,0
1736632800,0.02,,0
1736636400,0.02,,0
1736640000,0.02,0.0020000000000000018,1
1736643600,0.02,,0
1736647200,0.02,0.0020000000000000018,1
1736650800,0.02,,0
1736654400,0.02,,0
1736658000,0.02,,0
1736661600,0.02,,0
1736665200,0.02,,0
1736668800,0.02,,0
1736672400,0.02,,0
1736676000,0.02,,0
1736679600,0.02,0.0020000000000000018,1
1736683200,0.02,0.0020000000000000018,1
1736686800,0.02,,0
1736690400,0.02,,0
1736694000,0.02,,0
1736697600,0.0195,,0
1736701200,0.0195,0.0010000000000000009,2
1736704800,0.0195,,0
1736708400,0.0195,,0
1736712000,0.0195,,0
1736715600,0.0195,,0
1736719200,0.0195,,0
1736722800,0.0195,,0
1736726400,0.0195,,0
1736730000,0.0195,,0
1736733600,0.0195,,0
1736737200,0.0195,0.0009999998999999926,2
1736740800,0.0195,0.0010000000000000009,1
1736744400,0.0195,0.0009999995000000705,2
1736748000,0.0195,,0
1736751600,0.0195,,0
1736755200,0.0195,0.0010000000000000009,1
1736758800,0.0205,0.001000000000000112,1
1736762400,0.0205,0.0010000000000000009,3
1736766000,0.0205,,0
1736769600,0.0205,0.0012848005000000006,4
1736773200,0.021,0.0020000000000000018,2
1736776800,0.021,,0
1736780400,0.021,,0
1736784000,0.021,,0
1736787600,0.021,,0
1736791200,0.021,0.001999999999999995,1
1736794800,0.0215,0.0009999992000000457,2
1736798400,0.0215,,0
1736802000,0.0215,0.000999999699999976,2
1736805600,0.0215,,0
1736809200,0.0215,0.0010000000000000009,2
1736812800,0.0215,,0
1736816400,0.0215,,0
1736820000,0.0215,,0
1736823600,0.0215,0.0009999998999999926,2
1736827200,0.0215,0.0009999997000000131,6
1736830800,0.0215,0.0010000000000000009,1
1736834400,0.0215,0.0055618210400000204,5
1736838000,0.015,0.0010000000000000009,2
1736841600,0.0145,,0
1736845200,0.0145,0.0010000000000000009,5
1736848800,0.0145,0.0010000000000000547,2
1736852400,0.0145,0.0009999999999999974,2
1736856000,0.02,,0
1736859600,0.0195,,0
1736863200,0.02,,0
1736866800,0.0195,,0
1736870400,0.0195,,0
1736874000,0.0195,,0
1736877600,0.0195,,0
1736881200,0.0195,,0
1736884800,0.0195,,0
1736888400,0.0195,0.0043192017999999985,1
1736892000,0.02,,0
1736895600,0.02,,0
1736899200,0.02,0.0040000000000000036,2
1736902800,0.02,,0
1736906400,0.02,0.0040000000000000036,1
1736910000,0.02,,0
1736913600,0.02,,0
1736917200,0.02,,0
1736920800,0.02,,0
1736924400,0.02,,0
1736928000,0.02,,0
1736931600,0.02,,0
1736935200,0.02,,0
1736938800,0.02,,0
1736942400,0.02,,0
1736946000,0.02,,0
1736949600,0.0175,,0
1736953200,0.0175,,0
1736956800,0.0175,,0
1736960400,0.0175,,0
1736964000,0.0175,,0
1736967600,0.0175,,0
1736971200,0.0175,,0
1736974800,0.0175,,0
1736978400,0.019,,0
1736982000,0.0195,,0
1736985600,0.0195,,0
1736989200,0.0195,,0
1736992800,0.0195,,0
1736996400,0.0195,,0
1737000000,0.0195,,0
1737003600,0.0195,,0
1737007200,0.0195,,0
1737010800,0.0195,,0
1737014400,0.0195,,0
1737018000,0.0195,,0
1737021600,0.0195,0.0030000000000001137,1
1737025200,0.0195,,0
1737028800,0.0195,,0
1737032400,0.0195,,0
1737036000,0.0195,,0
1737039600,0.0195,,0
1737043200,0.0195,,0
1737046800,0.0195,,0
1737050400,0.0195,,0
1737054000,0.0195,,0
1737057600,0.0195,,0
1737061200,0.0195,,0
1737064800,0.0195,,0
1737068400,0.0195,,0
1737072000,0.0195,,0
1737075600,0.0195,,0
1737079200,0.0195,,0
1737082800,0.0195,,0
1737086400,0.0195,,0
1737090000,0.0195,,0
1737093600,0.0195,0.0010000000000000009,1
1737097200,0.0195,,0
1737100800,0.0195,,0
1737104400,0.0195,0.0030000000000001137,1
1737108000,0.0195,,0
1737111600,0.0195,,0
1737115200,0.0195,,0
1737118800,0.0195,,0
1737122400,0.0195,,0
1737126000,0.0195,,0
1737129600,0.0195,,0
1737133200,0.0195,0.0029999993000000558,2
1737136800,0.0195,,0
1737140400,0.0195,,0
1737144000,0.0195,,0
1737147600,0.0195,,0
1737151200,0.0195,,0
1737154800,0.0195,,0
1737158400,0.0195,,0
1737162000,0.0195,,0
1737165600,0.0195,,0
1737169200,0.0195,,0
1737172800,0.0195,,0
1737176400,0.0195,,0
1737180000,0.0195,0.0020000000000000573,2
1737183600,0.0205,,0
1737187200,0.0205,,0
1737190800,0.0205,,0
1737194400,0.0205,0.001000000000000112,1
1737198000,0.0205,0.0057479157999999475,2
1737201600,0.017,,0
1737205200,0.017,,0
1737208800,0.0165,,0
1737212400,0.0165,0.0009999999999999638,3
1737216000,0.0165,0.0009999990000000292,2
1737219600,0.0165,0.0009999999999999454,4
1737223200,0.0165,,0
1737226800,0.0165,,0
1737230400,0.0165,,0
1737234000,0.0165,0.0009999998666666565,6
1737237600,0.0165,0.0010000000000000009,1
1737241200,0.0205,,0
1737244800,0.0205,,0
1737248400,0.0205,,0
1737252000,0.0205,,0
1737255600,0.0205,,0
1737259200,0.0205,,0
1737262800,0.021,,0
1737266400,0.021,,0
1737270000,0.021,,0
1737273600,0.021,,0
1737277200,0.021,,0
1737280800,0.021,,0
1737284400,0.021,,0
1737288000,0.021,,0
1737291600,0.021,,0
1737295200,0.021,,0
1737298800,0.021,,0
1737302400,0.021,,0
1737306000,0.021,,0
1737309600,0.021,0.001999995800000001,2
1737313200,0.021,,0
1737316800,0.021,,0
1737320400,0.021,0.0020000000000000018,1
1737324000,0.021,,0
1737327600,0.021,,0
1737331200,0.021,,0
1737334800,0.021,,0
1737338400,0.021,0.0020000000000000018,1
1737342000,0.021,,0
1737345600,0.021,,0
1737349200,0.021,,0
1737352800,0.021,,0
1737356400,0.021,,0
1737360000,0.021,,0
1737363600,0.021,,0
1737367200,0.021,0.0037532348,3
1737370800,0.0195,0.007208137000000003,1
1737374400,0.0165,,0
1737378000,0.0165,,0
1737381600,0.0165,0.0010000000000000009,1
1737385200,0.019,,0
1737388800,0.0175,,0
1737392400,0.0175,,0
1737396000,0.0175,,0
1737399600,0.0175,,0
1737403200,0.0175,0.000999999999999994,1
1737406800,0.02,,0
1737410400,0.02,,0
1737414000,0.02,,0
1737417600,0.02,,0
1737421200,0.02,,0
1737424800,0.02,,0
1737428400,0.02,,0
1737432000,0.02,,0
1737435600,0.02,,0
1737439200,0.02,,0
1737442800,0.02,,0
1737446400,0.02,0.003999972599999957,1
1737450000,0.02,,0
1737453600,0.02,,0
1737457200,0.02,,0
1737460800,0.02,,0
1737464400,0.02,,0
1737468000,0.02,,0
1737471600,0.02,,0
1737475200,0.02,0.0010000000000000009,2
1737478800,0.021,,0
1737482400,0.021,,0
1737486000,0.021,,0
1737489600,0.021,,0
1737493200,0.021,,0
1737496800,0.021,0.0040000000000000036,1
1737500400,0.021,0.0010000000000000009,6
1737504000,0.021,0.0010909090909090918,11
1737507600,0.021,0.0009090909090909098,11
1737511200,0.021,,0
1737514800,0.021,,0
1737518400,0.021,,0
1737522000,0.021,,0
1737525600,0.021,0.0011428571428571438,7
1737529200,0.021,0.0010000000000000009,6
1737532800,0.021,0.0008888888888888897,9
1737536400,0.021,,0
1737540000,0.021,,0
1737543600,0.021,,0
1737547200,0.021,,0
1737550800,0.021,,0
1737554400,0.021,,0
1737558000,0.021,,0
1737561600,0.021,,0
1737565200,0.021,,0
1737568800,0.021,,0
1737572400,0.021,,0
1737576000,0.021,,0
1737579600,0.021,0.0010588235294117657,17
1737583200,0.021,0.0010000000000000009,12
1737586800,0.021,0.0010000000000000009,16
1737590400,0.021,0.0010000000000000009,4
1737594000,0.021,0.0006666666666666673,3
1737597600,0.021,0.0013333333333333346,3
1737601200,0.021,0.0,1
1737604800,0.021,0.0029999980000000592,2
1737608400,0.021,,0
1737612000,0.021,0.0009999999999999974,2
1737615600,0.021,0.0010000000000000009,2
1737619200,0.021,0.0010000000000000009,2
1737622800,0.021,,0
1737626400,0.021,,0
1737630000,0.021,,0
1737633600,0.021,,0
1737637200,0.021,,0
1737640800,0.021,,0
1737644400,0.021,,0
1737648000,0.021,,0
1737651600,0.021,,0
1737655200,0.021,0.0039999982,1
1737658800,0.021,,0
1737662400,0.021,,0
1737666000,0.021,,0
1737669600,0.021,,0
1737673200,0.021,,0
1737676800,0.021,,0
1737680400,0.021,,0
1737684000,0.021,,0
1737687600,0.021,0.0040000000000000036,1
1737691200,0.021,0.001999999999999995,1
1737694800,0.021,,0
1737698400,0.021,0.001999999999999995,1
1737702000,0.021,0.001999999999999995,1
1737705600,0.021,,0
1737709200,0.021,,0
1737712800,0.021,,0
1737716400,0.021,0.001999999999999995,1
1737720000,0.021,0.0029999961000000096,2
1737723600,0.021,0.0040000000000000036,1
1737727200,0.021,,0
1737730800,0.0205,,0
1737734400,0.0205,,0
1737738000,0.0205,,0
1737741600,0.0205,,0
1737745200,0.0205,,0
1737748800,0.0205,,0
1737752400,0.0205,0.0029999916000000015,1
1737756000,0.0205,,0
1737759600,0.0205,,0
1737763200,0.0205,,0
1737766800,0.0205,,0
1737770400,0.0205,,0
1737774000,0.0205,,0
1737777600,0.0205,,0
1737781200,0.0205,,0
1737784800,0.0205,,0
1737788400,0.0205,,0
1737792000,0.0205,,0
1737795600,0.0205,,0
1737799200,0.0205,,0
1737802800,0.0205,,0
1737806400,0.0205,0.0029999999999999957,1
1737810000,0.0205,,0
1737813600,0.0205,,0
1737817200,0.0205,,0
1737820800,0.0205,,0
1737824400,0.0205,0.0029999999999998916,1
1737828000,0.0205,0.005631606699999996,2
1737831600,0.023,,0
1737835200,0.023,,0
1737838800,0.023,,0
1737842400,0.023,,0
1737846000,0.023,,0
1737849600,0.023,,0
1737853200,0.023,,0
1737856800,0.023,0.0040000000000000036,1
1737860400,0.0225,,0
1737864000,0.0225,,0
1737867600,0.0225,0.0009692400000000032,1
1737871200,0.023,,0
1737874800,0.023,,0
1737878400,0.023,,0
1737882000,0.023,0.0039997605999999575,1
1737885600,0.023,0.0040000000000000036,1
1737889200,0.023,,0
1737892800,0.023,,0
1737896400,0.023,,0
1737900000,0.023,,0
1737903600,0.023,,0
1737907200,0.023,,0
1737910800,0.023,,0
1737914400,0.023,,0
1737918000,0.023,,0
1737921600,0.023,,0
1737925200,0.023,,0
1737928800,0.023,,0
1737932400,0.023,,0
1737936000,0.023,,0
1737939600,0.023,0.0020000000000000018,1
1737943200,0.0225,,0
1737946800,0.0225,,0
1737950400,0.0225,,0
1737954000,0.0225,,0
1737957600,0.0225,,0
1737961200,0.0225,0.0029999999999999957,1
1737964800,0.0225,,0
1737968400,0.0225,,0
1737972000,0.0225,,0
1737975600,0.0225,,0
1737979200,0.0225,0.0020769232999999984,2
1737982800,0.0225,,0
1737986400,0.0225,,0
1737990000,0.0225,,0
1737993600,0.0225,,0
1737997200,0.0225,,0
1738000800,0.0225,,0
1738004400,0.0225,,0
1738008000,0.0225,,0
1738011600,0.0225,,0
1738015200,0.0225,,0
1738018800,0.0225,,0
1738022400,0.0225,,0
1738026000,0.0225,,0
1738029600,0.0225,,0
1738033200,0.0225,,0
1738036800,0.0225,,0
1738040400,0.0225,,0
1738044000,0.0225,,0
1738047600,0.0225,,0
1738051200,0.0225,,0
1738054800,0.0225,,0
1738058400,0.0225,,0
1738062000,0.0225,,0
1738065600,0.0225,,0
1738069200,0.0225,,0
1738072800,0.0225,,0
1738076400,0.0225,,0
1738080000,0.0225,,0
1738083600,0.0225,,0
1738087200,0.0225,,0
1738090800,0.0225,,0
1738094400,0.0225,0.004676108800000023,1
1738098000,0.0215,,0
1738101600,0.0205,,0
1738105200,0.0205,,0
1738108800,0.0205,,0
1738112400,0.0205,,0
1738116000,0.0205,,0
1738119600,0.0205,,0
1738123200,0.0205,,0
1738126800,0.0205,,0
1738130400,0.0205,,0
1738134000,0.0205,,0
1738137600,0.02,,0
1738141200,0.02,,0
1738144800,0.02,0.0020000000000000018,1
1738148400,0.02,,0
1738152000,0.02,,0
1738155600,0.02,,0
1738159200,0.02,,0
1738162800,0.02,,0
1738166400,0.02,,0
1738170000,0.02,,0
1738173600,0.02,,0
1738177200,0.02,0.0020000001999999975,1
1738180800,0.02,,0
1738184400,0.02,,0
1738188000,0.02,,0
1738191600,0.02,,0
1738195200,0.02,,0
1738198800,0.02,,0
1738202400,0.02,,0
1738206000,0.02,,0
1738209600,0.02,,0
1738213200,0.02,,0
1738216800,0.02,,0
1738220400,0.02,,0
1738224000,0.02,,0
1738227600,0.02,,0
1738231200,0.02,0.0020000000000000018,1
1738234800,0.02,,0
1738238400,0.0205,,0
1738242000,0.0205,,0
1738245600,0.0205,,0
1738249200,0.0205,,0
1738252800,0.0205,,0
1738256400,0.0205,,0
1738260000,0.0205,,0
1738263600,0.0205,,0
1738267200,0.0205,,0
1738270800,0.0205,,0
1738274400,0.0205,,0
1738278000,0.0205,,0
1738281600,0.0205,,0
1738285200,0.0205,,0
1738288800,0.0205,,0
1738292400,0.0205,,0
1738296000,0.0205,,0
1738299600,0.0205,,0
1738303200,0.0205,0.0010000001999999966,1
1738306800,0.0205,,0
1738310400,0.0205,,0
1738314000,0.0205,0.0022614104000000003,2
1738317600,0.0205,0.0030000000000000027,1
1738321200,0.0205,0.0030000000000000027,1
1738324800,0.0205,,0
1738328400,0.0205,,0
1738332000,0.0205,,0
1738335600,0.0205,,0
1738339200,0.0205,,0
1738342800,0.0205,,0
1738346400,0.0205,,0
1738350000,0.0205,,0
1738353600,0.0205,,0
1738357200,0.0205,,0
1738360800,0.0205,,0
1738364400,0.0205,,0
1738368000,0.0205,,0
1738371600,0.0205,,0
1738375200,0.0205,,0
1738378800,0.0205,,0
1738382400,0.0205,,0
1738386000,0.0205,,0
1738389600,0.0205,,0
1738393200,0.0205,,0
1738396800,0.0205,,0
1738400400,0.0205,0.0030000003333333337,3
1738404000,0.0205,0.0010000000000000009,1
1738407600,0.0205,,0
1738411200,0.0205,,0
1738414800,0.0205,,0
1738418400,0.0205,0.0010000000000000009,1
1738422000,0.0205,,0
1738425600,0.021,,0
1738429200,0.021,,0
1738432800,0.021,,0
1738436400,0.021,,0
1738440000,0.021,,0
1738443600,0.021,,0
1738447200,0.021,,0
1738450800,0.021,,0
1738454400,0.021,,0
1738458000,0.021,,0
1738461600,0.021,,0
1738465200,0.021,,0
1738468800,0.021,,0
1738472400,0.021,0.0,1
1738476000,0.021,,0
1738479600,0.021,,0
1738483200,0.021,0.0020000000000000018,1
1738486800,0.021,,0
1738490400,0.021,,0
1738494000,0.021,0.0,1
1738497600,0.021,,0
1738501200,0.021,,0
1738504800,0.021,,0
1738508400,0.021,,0
1738512000,0.021,,0
1738515600,0.021,,0
1738519200,0.021,,0
1738522800,0.021,,0
1738526400,0.021,,0
1738530000,0.021,,0
1738533600,0.021,,0
1738537200,0.021,,0
1738540800,0.021,,0
1738544400,0.021,,0
1738548000,0.021,0.0019999623999999994,1
1738551600,0.021,,0
1738555200,0.021,,0
1738558800,0.021,0.0,1
1738562400,0.021,,0
1738566000,0.021,,0
1738569600,0.021,0.0021696536999999995,2
1738573200,0.0205,0.0029999794999999996,2
1738576800,0.0205,,0
1738580400,0.0195,0.0010119539999999632,3
1738584000,0.019,0.0,1
1738587600,0.019,,0
1738591200,0.019,0.0020000000000000018,1
1738594800,0.019,,0
1738598400,0.019,0.003926813799999998,1
1738602000,0.02,,0
1738605600,0.02,0.003999999999999997,1
1738609200,0.02,,0
1738612800,0.02,,0
1738616400,0.02,,0
1738620000,0.02,,0
1738623600,0.02,,0
1738627200,0.02,,0
1738630800,0.02,,0
1738634400,0.02,0.0030000000000000027,2
1738638000,0.02,,0
1738641600,0.02,,0
1738645200,0.02,,0
1738648800,0.02,,0
1738652400,0.02,,0
1738656000,0.02,,0
1738659600,0.02,,0
1738663200,0.02,,0
1738666800,0.02,0.0040000000000000036,1
1738670400,0.02,0.0020000000000000018,1
1738674000,0.02,,0
1738677600,0.02,0.0033333334000000014,3
1738681200,0.02,,0
1738684800,0.02,,0
1738688400,0.02,,0
1738692000,0.02,0.0039999818,2
1738695600,0.02,,0
1738699200,0.02,0.00399997975,4
1738702800,0.02,,0
1738706400,0.02,,0
1738710000,0.02,,0
1738713600,0.02,0.0020000000000000018,1
1738717200,0.02,,0
1738720800,0.02,,0
1738724400,0.02,,0
1738728000,0.02,,0
1738731600,0.02,,0
1738735200,0.02,0.0039999805,2
1738738800,0.02,,0
1738742400,0.02,,0
1738746000,0.02,,0
1738749600,0.02,,0
1738753200,0.02,,0
1738756800,0.02,,0
1738760400,0.02,,0
1738764000,0.02,,0
1738767600,0.02,,0
1738771200,0.02,0.003999957399999997,1
1738774800,0.02,0.0040000000000000036,1
1738778400,0.02,,0
1738782000,0.02,,0
1738785600,0.02,,0
1738789200,0.02,,0
1738792800,0.02,,0
1738796400,0.02,,0
1738800000,0.02,,0
1738803600,0.02,,0
1738807200,0.02,,0
1738810800,0.02,,0
1738814400,0.02,0.003999981200000002,2
1738818000,0.02,,0
1738821600,0.02,,0
1738825200,0.02,,0
1738828800,0.02,0.003999980200000003,2
1738832400,0.02,,0
1738836000,0.02,,0
1738839600,0.02,,0
1738843200,0.02,,0
1738846800,0.02,0.004,2
1738850400,0.02,,0
1738854000,0.02,,0
1738857600,0.02,0.004000000100000001,2
1738861200,0.02,,0
1738864800,0.02,0.0039999968666667,3
1738868400,0.02,,0
1738872000,0.02,,0
1738875600,0.02,,0
1738879200,0.02,,0
1738882800,0.02,,0
1738886400,0.02,,0
1738890000,0.02,,0
1738893600,0.02,,0
1738897200,0.02,0.00399998980000002,4
1738900800,0.02,0.0040000000000000036,1
1738904400,0.02,,0
1738908000,0.02,,0
1738911600,0.02,,0
1738915200,0.02,0.004000000199999999,1
1738918800,0.02,0.0040000000000000036,1
1738922400,0.02,,0
1738926000,0.02,,0
1738929600,0.02,,0
1738933200,0.02,,0
1738936800,0.02,0.0039999787,2
1738940400,0.02,,0
1738944000,0.02,,0
1738947600,0.02,,0
1738951200,0.02,,0
1738954800,0.02,,0
1738958400,0.02,,0
1738962000,0.02,,0
1738965600,0.02,,0
1738969200,0.02,,0
1738972800,0.02,0.0048594740000000025,2
1738976400,0.02,,0
1738980000,0.02,,0
1738983600,0.0205,,0
1738987200,0.02,,0
1738990800,0.02,,0
1738994400,0.02,0.004774510400000001,2
1738998000,0.02,,0
1739001600,0.02,,0
1739005200,0.02,,0
1739008800,0.0205,,0
1739012400,0.021,,0
1739016000,0.021,,0
1739019600,0.021,0.0040000000000000036,1
1739023200,0.021,0.004,2
1739026800,0.021,,0
1739030400,0.021,,0
1739034000,0.021,,0
1739037600,0.021,,0
1739041200,0.021,,0
1739044800,0.021,,0
1739048400,0.021,,0
1739052000,0.021,,0
1739055600,0.021,,0
1739059200,0.021,,0
1739062800,0.021,,0
1739066400,0.021,,0
1739070000,0.021,,0
1739073600,0.021,,0
1739077200,0.021,,0
1739080800,0.021,,0
1739084400,0.021,,0
1739088000,0.021,,0
1739091600,0.021,,0
1739095200,0.021,0.001999999999999995,1
1739098800,0.021,,0
1739102400,0.021,,0
1739106000,0.021,0.00399998,2
1739109600,0.021,,0
1739113200,0.021,0.008026202400000002,1
1739116800,0.0195,,0
1739120400,0.0205,,0
1739124000,0.021,,0
1739127600,0.021,,0
1739131200,0.021,,0
1739134800,0.021,,0
1739138400,0.021,,0
1739142000,0.021,,0
1739145600,0.021,,0
1739149200,0.021,,0
1739152800,0.021,,0
1739156400,0.021,0.003999979600000002,2
1739160000,0.021,,0
1739163600,0.021,,0
1739167200,0.021,,0
1739170800,0.021,,0
1739174400,0.021,,0
1739178000,0.021,,0
1739181600,0.021,0.003999996000000117,1
1739185200,0.021,0.0039999904,1
1739188800,0.021,,0
1739192400,0.021,,0
1739196000,0.021,,0
1739199600,0.021,,0
1739203200,0.021,,0
1739206800,0.021,,0
1739210400,0.021,,0
1739214000,0.021,,0
1739217600,0.021,,0
1739221200,0.021,,0
1739224800,0.021,0.003999979100000002,2
1739228400,0.021,,0
1739232000,0.021,,0
1739235600,0.021,,0
1739239200,0.021,,0
1739242800,0.021,,0
1739246400,0.021,,0
1739250000,0.021,0.003999999999999999,3
1739253600,0.0215,0.0029999999999999957,1
1739257200,0.0215,,0
1739260800,0.0215,,0
1739264400,0.0215,0.0029999999999998916,1
1739268000,0.0215,0.0032551957000000013,2
1739271600,0.021,0.0040000000000000036,1
1739275200,0.021,,0
1739278800,0.021,,0
1739282400,0.021,,0
1739286000,0.021,,0
1739289600,0.021,,0
1739293200,0.021,,0
1739296800,0.021,,0
1739300400,0.021,,0
1739304000,0.021,,0
1739307600,0.021,,0
1739311200,0.021,,0
1739314800,0.021,,0
1739318400,0.0205,,0
1739322000,0.0205,,0
1739325600,0.0205,,0
1739329200,0.0205,,0
1739332800,0.0205,,0
1739336400,0.021,,0
1739340000,0.021,,0
1739343600,0.021,,0
1739347200,0.021,,0
1739350800,0.021,0.0019999999999999996,3
1739354400,0.021,0.0020000000000000018,1
1739358000,0.021,,0
1739361600,0.021,,0
1739365200,0.021,0.0020000000000000018,1
1739368800,0.021,,0
1739372400,0.021,,0
1739376000,0.021,,0
1739379600,0.021,,0
1739383200,0.021,,0
1739386800,0.021,,0
1739390400,0.021,,0
1739394000,0.021,,0
1739397600,0.021,,0
1739401200,0.021,,0
1739404800,0.021,,0
1739408400,0.0215,0.001782332000000001,2
1739412000,0.021,0.0020000000000000018,1
1739415600,0.021,,0
1739419200,0.021,,0
1739422800,0.021,,0
1739426400,0.021,,0
1739430000,0.021,,0
1739433600,0.021,,0
1739437200,0.021,,0
1739440800,0.021,,0
1739444400,0.021,,0
1739448000,0.021,,0
1739451600,0.021,,0
1739455200,0.021,,0
1739458800,0.021,,0
1739462400,0.021,0.0020000000000000018,1
1739466000,0.021,,0
1739469600,0.021,,0
1739473200,0.0205,,0
1739476800,0.0205,,0
1739480400,0.0205,,0
1739484000,0.0205,0.0010000000000000009,2
1739487600,0.0205,,0
1739491200,0.0205,,0
1739494800,0.0205,,0
1739498400,0.0205,,0
1739502000,0.0205,,0
1739505600,0.0205,,0
1739509200,0.0205,0.0010000000000000009,2
1739512800,0.0205,0.0010000000000000009,2
1739516400,0.0205,,0
1739520000,0.0205,,0
1739523600,0.0205,,0
1739527200,0.0205,,0
1739530800,0.0205,,0
1739534400,0.0205,,0
1739538000,0.0205,0.0010000000000000009,2
1739541600,0.0205,,0
1739545200,0.0205,,0
1739548800,0.0205,,0
1739552400,0.0205,0.004608992000000003,2
1739556000,0.0195,,0
1739559600,0.0195,0.004354495999999999,1
1739563200,0.018,,0
1739566800,0.018,,0
1739570400,0.018,0.001999999000000141,1
1739574000,0.018,0.003950272666666667,3
1739577600,0.017,0.0038416514,2
1739581200,0.0165,,0
1739584800,0.0165,0.0050000000000001155,1
1739588400,0.017,,0
1739592000,0.016,,0
1739595600,0.016,,0
1739599200,0.016,,0
1739602800,0.016,,0
1739606400,0.016,,0
1739610000,0.016,,0
1739613600,0.016,,0
1739617200,0.016,,0
1739620800,0.016,0.0020000000000000018,1
1739624400,0.016,,0
1739628000,0.016,,0
1739631600,0.016,,0
1739635200,0.016,,0
1739638800,0.016,0.001999986000000002,2
1739642400,0.016,,0
1739646000,0.016,,0
1739649600,0.016,,0
1739653200,0.016,,0
1739656800,0.016,,0
1739660400,0.016,,0
1739664000,0.016,,0
1739667600,0.016,0.0020000001999999975,1
1739671200,0.016,0.0020000000000000018,1
1739674800,0.016,0.0020000000000000018,6
1739678400,0.016,,0
1739682000,0.016,,0
1739685600,0.016,,0
1739689200,0.016,0.001999983599999977,1
1739692800,0.016,,0
1739696400,0.016,,0
1739700000,0.016,,0
1739703600,0.016,,0
1739707200,0.016,,0
1739710800,0.016,0.0020000000000000018,1
1739714400,0.016,,0
1739718000,0.016,0.001999992400000039,1
1739721600,0.016,,0
1739725200,0.016,,0
1739728800,0.016,0.0019999997999999852,1
1739732400,0.016,,0
1739736000,0.016,,0
1739739600,0.016,,0
1739743200,0.016,,0
1739746800,0.016,,0
1739750400,0.016,,0
1739754000,0.016,0.001999983599999977,1
1739757600,0.016,,0
1739761200,0.016,,0
1739764800,0.0165,0.001000000000000112,1
1739768400,0.0165,,0
1739772000,0.0165,0.0009999997999999843,4
1739775600,0.0165,0.000999994900000001,6
1739779200,0.0165,0.000999998599999996,1
1739782800,0.0165,0.001000000000000112,1
1739786400,0.0165,0.0026007474666666923,6
1739790000,0.017,0.003333331266666647,3
1739793600,0.0165,,0
1739797200,0.0165,,0
1739800800,0.0165,,0
1739804400,0.0165,,0
1739808000,0.0165,,0
1739811600,0.017,,0
1739815200,0.017,,0
1739818800,0.017,,0
1739822400,0.017,,0
1739826000,0.017,,0
1739829600,0.017,,0
1739833200,0.017,,0
1739836800,0.017,,0
1739840400,0.017,,0
1739844000,0.017,,0
1739847600,0.017,,0
1739851200,0.017,,0
1739854800,0.017,0.0,1
1739858400,0.017,,0
1739862000,0.017,,0
1739865600,0.0165,,0
1739869200,0.0165,,0
1739872800,0.0165,,0
1739876400,0.0165,0.0036111669999999985,1
1739880000,0.019,0.005642520599999999,1
1739883600,0.019,,0
1739887200,0.019,,0
1739890800,0.0185,,0
1739894400,0.019,,0
1739898000,0.019,0.0039999797,2
1739901600,0.019,,0
1739905200,0.019,0.0040000000000000036,1
1739908800,0.019,,0
1739912400,0.019,,0
1739916000,0.019,,0
1739919600,0.019,,0
1739923200,0.019,,0
1739926800,0.019,,0
1739930400,0.019,,0
1739934000,0.019,,0
1739937600,0.0185,,0
1739941200,0.019,0.003999999999999997,1
1739944800,0.0165,0.0009999883999998183,1
1739948400,0.0165,0.0039683176,3
1739952000,0.021,,0
1739955600,0.022,0.0081638822,1
1739959200,0.0195,0.004144177250000021,4
1739962800,0.022,0.004582445533333333,3
1739966400,0.019,,0
1739970000,0.019,,0
1739973600,0.019,,0
1739977200,0.019,,0
1739980800,0.019,,0
1739984400,0.019,,0
1739988000,0.019,,0
1739991600,0.019,,0
1739995200,0.019,,0
1739998800,0.019,0.0020000000000000018,2
1740002400,0.019,,0
1740006000,0.019,0.0020000000000000018,2
1740009600,0.019,,0
1740013200,0.019,,0
1740016800,0.019,,0
1740020400,0.019,,0
1740024000,0.019,,0
1740027600,0.019,,0
1740031200,0.019,,0
1740034800,0.019,,0
1740038400,0.019,0.0020000000000000018,2
1740042000,0.019,,0
1740045600,0.019,,0
1740049200,0.019,0.0019999995000000714,2
1740052800,0.019,0.001999993950000001,4
1740056400,0.019,,0
1740060000,0.019,,0
1740063600,0.019,0.0020000000000000018,1
1740067200,0.018,,0
1740070800,0.018,,0
1740074400,0.018,0.0020000000000000018,1
1740078000,0.018,,0
1740081600,0.018,,0
1740085200,0.018,,0
1740088800,0.018,,0
1740092400,0.0185,,0
1740096000,0.0185,,0
1740099600,0.0185,,0
1740103200,0.0185,0.0010000000000000009,2
1740106800,0.0185,0.0010000000000000009,1
1740110400,0.018,,0
1740114000,0.0175,,0
1740117600,0.0175,,0
1740121200,0.0175,,0
1740124800,0.0175,,0
1740128400,0.0175,0.0009999994000000623,2
1740132000,0.0175,0.0009999999999999974,2
1740135600,0.0175,,0
1740139200,0.0175,0.006601026425000034,8
1740142800,0.0215,,0
1740146400,0.0215,0.0029999999999998916,1
1740150000,0.0215,,0
1740153600,0.0215,0.0029999570000000045,1
1740157200,0.0215,0.0029999999999999957,1
1740160800,0.0215,0.0029999812999999993,2
1740164400,0.0215,,0
1740168000,0.0215,,0
1740171600,0.0215,,0
1740175200,0.0215,0.0030000001999999984,2
1740178800,0.0215,,0
1740182400,0.0215,0.0029999799999999993,2
1740186000,0.0215,,0
1740189600,0.0215,,0
1740193200,0.0215,,0
1740196800,0.022,0.0025705074000000015,2
1740200400,0.0215,,0
1740204000,0.0215,,0
1740207600,0.0215,,0
1740211200,0.0215,,0
1740214800,0.0215,,0
1740218400,0.0215,,0
1740222000,0.0215,,0
1740225600,0.0215,0.0029999999999998916,1
1740229200,0.0215,0.0029999875333332968,3
1740232800,0.0215,,0
1740236400,0.0215,,0
1740240000,0.0215,,0
1740243600,0.0215,,0
1740247200,0.0215,,0
1740250800,0.0215,0.0029999999999998916,1
1740254400,0.0215,0.0029999785,2
1740258000,0.0215,,0
1740261600,0.0215,,0
1740265200,0.0215,,0
1740268800,0.0215,,0
1740272400,0.0215,,0
1740276000,0.0215,,0
1740279600,0.0215,,0
1740283200,0.0215,,0
1740286800,0.0215,,0
1740290400,0.0215,,0
1740294000,0.0215,,0
1740297600,0.0215,,0
1740301200,0.0215,,0
1740304800,0.0215,,0
1740308400,0.0215,,0
1740312000,0.0215,,0
1740315600,0.0215,0.0029999999999999957,1
1740319200,0.0215,,0
1740322800,0.0215,0.0049999999999999975,2
1740326400,0.017,,0
1740330000,0.017,,0
1740333600,0.017,,0
1740337200,0.017,,0
1740340800,0.017,,0
1740344400,0.017,,0
1740348000,0.017,,0
1740351600,0.017,0.0020000000000000018,1
1740355200,0.017,,0
1740358800,0.017,,0
1740362400,0.017,,0
1740366000,0.017,,0
1740369600,0.017,,0
1740373200,0.017,,0
1740376800,0.017,,0
1740380400,0.017,,0
1740384000,0.017,,0
1740387600,0.017,,0
1740391200,0.017,,0
1740394800,0.017,,0
1740398400,0.017,,0
1740402000,0.017,,0
1740405600,0.017,0.0020000000000000018,1
1740409200,0.017,0.001999999399999952,3
1740412800,0.017,,0
1740416400,0.017,0.0020000000000000018,2
1740420000,0.017,,0
1740423600,0.017,,0
1740427200,0.017,,0
1740430800,0.0175,,0
1740434400,0.0175,,0
1740438000,0.0175,,0
1740441600,0.0175,,0
1740445200,0.0175,0.0009999999999998899,1
1740448800,0.0175,,0
1740452400,0.0175,,0
1740456000,0.0175,,0
1740459600,0.0175,,0
1740463200,0.0175,,0
1740466800,0.0175,0.001000000000000112,1
1740470400,0.0175,,0
1740474000,0.0175,,0
1740477600,0.0175,,0
1740481200,0.0175,,0
1740484800,0.0175,0.001000000000000112,1
1740488400,0.0175,,0
1740492000,0.0175,,0
1740495600,0.0175,,0
1740499200,0.0175,0.0009999995999998568,1
1740502800,0.0175,,0
1740506400,0.0175,0.0009999990000000292,1
1740510000,0.0175,,0
1740513600,0.0175,,0
1740517200,0.0175,,0
1740520800,0.0175,,0
1740524400,0.0175,,0
1740528000,0.0175,,0
1740531600,0.0175,,0
1740535200,0.0175,0.0010000201999999742,7
1740538800,0.02,,0
1740542400,0.0195,,0
1740546000,0.02,0.0040000000000000036,2
1740549600,0.0195,,0
1740553200,0.0195,,0
1740556800,0.0195,,0
1740560400,0.0195,,0
1740564000,0.0195,0.0029999999999999285,3
1740567600,0.0195,,0
1740571200,0.0195,,0
1740574800,0.0195,0.0030000000000000027,1
1740578400,0.0195,,0
1740582000,0.02,,0
1740585600,0.0195,0.0029999999999998916,1
1740589200,0.0195,,0
1740592800,0.02,,0
1740596400,0.02,,0
1740600000,0.02,,0
1740603600,0.02,,0
1740607200,0.02,,0
1740610800,0.02,,0
1740614400,0.02,,0
1740618000,0.02,,0
1740621600,0.02,0.0020000000000000018,3
1740625200,0.0195,0.0009999976399999832,5
1740628800,0.0195,,0
1740632400,0.0195,,0
1740636000,0.0195,,0
1740639600,0.0195,,0
1740643200,0.0195,,0
1740646800,0.0195,0.0009999961999999085,2
1740650400,0.0195,0.0009999949999999203,1
1740654000,0.0195,,0
1740657600,0.0195,,0
1740661200,0.0195,,0
1740664800,0.0195,,0
1740668400,0.0195,,0
1740672000,0.0195,,0
1740675600,0.0195,,0
1740679200,0.0195,,0
1740682800,0.0195,,0
1740686400,0.0195,,0
1740690000,0.0195,,0
1740693600,0.0195,,0
1740697200,0.0195,,0
1740700800,0.0195,,0
1740704400,0.0195,,0
1740708000,0.0195,,0
1740711600,0.0195,,0
1740715200,0.0195,,0
1740718800,0.0195,,0
1740722400,0.0195,0.003073497999999987,4
1740726000,0.0195,,0
1740729600,0.02,,0
1740733200,0.02,,0
1740736800,0.0195,,0
1740740400,0.02,,0
1740744000,0.02,,0
1740747600,0.02,,0
1740751200,0.02,,0
1740754800,0.0195,0.002999997999999948,2
1740758400,0.02,0.003999998466666692,3
1740762000,0.0195,,0
1740765600,0.02,,0
1740769200,0.02,,0
1740772800,0.02,,0
1740776400,0.0195,,0
1740780000,0.02,,0
1740783600,0.0195,,0
1740787200,0.02,,0
1740790800,0.0195,,0
1740794400,0.0195,,0
1740798000,0.02,,0
1740801600,0.02,,0
1740805200,0.02,,0
1740808800,0.02,,0
1740812400,0.02,,0
1740816000,0.0195,,0
1740819600,0.02,,0
1740823200,0.02,,0
1740826800,0.02,,0
1740830400,0.02,,0
1740834000,0.02,,0
1740837600,0.02,,0
1740841200,0.02,,0
1740844800,0.02,,0
1740848400,0.0195,0.002999999000000031,1
1740852000,0.0195,,0
1740855600,0.0195,,0
1740859200,0.0195,,0
1740862800,0.0195,,0
1740866400,0.0195,,0
1740870000,0.0195,,0
1740873600,0.0195,0.002999999839999945,5
1740877200,0.019,,0
1740880800,0.02,0.004466020000000001,2
1740884400,0.0175,,0
1740888000,0.0175,0.0009999966000000526,2
1740891600,0.0175,,0
1740895200,0.0175,,0
1740898800,0.0175,,0
1740902400,0.0175,0.0009999998666666936,3
1740906000,0.0175,0.0009999983999999795,1
1740909600,0.0175,0.0009999991999998237,1
1740913200,0.0175,,0
1740916800,0.0175,0.0009999962000000195,1
1740920400,0.0175,,0
1740924000,0.0175,,0
1740927600,0.0175,,0
1740931200,0.0175,,0
1740934800,0.0175,,0
1740938400,0.0175,,0
1740942000,0.0175,,0
1740945600,0.0175,,0
1740949200,0.0175,0.0009999999999998899,1
1740952800,0.0175,0.001000000000000112,1
1740956400,0.0175,0.0009999999999999454,2
1740960000,0.0175,,0
1740963600,0.0175,,0
1740967200,0.0175,0.002333333333333249,9
1740970800,0.017,0.0020000000000000018,11
1740974400,0.017,0.001999999999999998,11
1740978000,0.0175,0.0009999990000000292,4
1740981600,0.0175,,0
1740985200,0.0175,,0
1740988800,0.0175,,0
1740992400,0.0175,0.0009999996999999206,2
1740996000,0.0175,0.000999999999999994,1
1740999600,0.0175,,0
1741003200,0.0175,0.0027049085333333348,3
1741006800,0.015,0.0019999998999999918,2
1741010400,0.0145,0.0009999991999998237,1
1741014000,0.0145,0.001000000000000112,1
1741017600,0.0145,,0
1741021200,0.0145,0.0009999999199999722,5
1741024800,0.0145,,0
1741028400,0.0145,,0
1741032000,0.0145,,0
1741035600,0.0145,,0
1741039200,0.0145,,0
1741042800,0.0145,,0
1741046400,0.0145,,0
1741050000,0.0145,0.0009999882000000238,2
1741053600,0.0145,0.0009999999999999974,1
1741057200,0.017,,0
1741060800,0.017,0.001999999999999995,1
1741064400,0.02,,0
1741068000,0.02,,0
1741071600,0.0205,,0
1741075200,0.0205,,0
1741078800,0.021,0.0020000000000000018,12
1741082400,0.0205,0.0011249999999998965,16
1741086000,0.0205,0.0019999999999999983,2
1741089600,0.021,,0
1741093200,0.021,,0
1741096800,0.021,0.001999959700000057,2
1741100400,0.021,0.000399999999999999,15
1741104000,0.0215,0.0009999999999998992,12
1741107600,0.0215,0.000999999999999901,20
1741111200,0.0215,0.0009999999999998957,19
1741114800,0.0215,0.0009999999999998992,12
1741118400,0.0215,0.000999999999999895,21
1741122000,0.0215,0.0009999999999998899,8
1741125600,0.0215,,0
1741129200,0.0215,,0
1741132800,0.0215,,0
1741136400,0.0215,0.001285714285714176,7
1741140000,0.0215,0.0009999999999998899,13
1741143600,0.0215,0.0009999999999998899,1
1741147200,0.0215,,0
1741150800,0.0215,,0
1741154400,0.0215,0.0012676488666666004,9
1741158000,0.021,,0
1741161600,0.021,,0
1741165200,0.021,0.0020000000000000018,1
1741168800,0.021,,0
1741172400,0.021,0.0019996570000000435,2
1741176000,0.021,0.0020000000000000018,1
1741179600,0.021,,0
1741183200,0.021,0.0020000000000000018,2
1741186800,0.021,0.001999990200000079,1
1741190400,0.021,0.0020000000000000018,2
1741194000,0.021,0.0020000000000000018,1
1741197600,0.021,0.002126446666666696,3
1741201200,0.019,0.0020000000000000018,1
1741204800,0.019,,0
1741208400,0.019,0.0020000000000000018,1
1741212000,0.0195,,0
1741215600,0.02,,0
1741219200,0.02,,0
1741222800,0.02,,0
1741226400,0.02,0.001999996399999926,1
1741230000,0.02,,0
1741233600,0.02,,0
1741237200,0.02,,0
1741240800,0.02,0.0010476663333333334,3
1741244400,0.0205,0.001000000000000112,1
1741248000,0.0205,,0
1741251600,0.0205,0.0022751772000000857,2
1741255200,0.0225,,0
1741258800,0.0225,,0
1741262400,0.0225,0.003765816700000065,4
1741266000,0.0205,0.00500000000000006,4
1741269600,0.0215,0.0050000000000001155,2
1741273200,0.021,0.003999998800000126,1
1741276800,0.021,,0
1741280400,0.02,,0
1741284000,0.02,,0
1741287600,0.02,0.0020000000000000018,2
1741291200,0.02,,0
1741294800,0.02,,0
1741298400,0.02,,0
1741302000,0.0195,,0
1741305600,0.0195,,0
1741309200,0.0195,,0
1741312800,0.0195,0.0009999998499999607,4
1741316400,0.0195,0.0009999985333333055,6
1741320000,0.0195,0.001500000000000029,4
1741323600,0.02,,0
1741327200,0.02,0.0019999995999999687,1
1741330800,0.0195,0.001272724045454552,22
1741334400,0.0195,,0
1741338000,0.019,0.001999999333333428,3
1741341600,0.019,0.0019999943999999825,1
1741345200,0.019,,0
1741348800,0.019,,0
1741352400,0.019,,0
1741356000,0.019,,0
1741359600,0.0185,,0
1741363200,0.0185,,0
1741366800,0.0185,0.0009999984399999384,5
1741370400,0.0185,0.002999999866666566,6
1741374000,0.017,0.0020000000000000018,8
1741377600,0.017,0.0020000000000000018,2
1741381200,0.017,0.001999999903225807,31
1741384800,0.017,0.0019999996333333416,12
1741388400,0.017,0.0020000000000000018,2
1741392000,0.017,0.0020000000000000018,5
1741395600,0.017,,0
1741399200,0.017,,0
1741402800,0.017,0.0020000000000000018,2
1741406400,0.017,,0
1741410000,0.017,,0
1741413600,0.017,0.0,1
1741417200,0.017,,0
1741420800,0.017,,0
1741424400,0.017,0.0019999929999999985,1
1741428000,0.017,,0
1741431600,0.017,,0
1741435200,0.017,0.0020000000000000018,2
1741438800,0.017,0.0040000000000000036,1
1741442400,0.017,,0
1741446000,0.017,,0
1741449600,0.017,,0
1741453200,0.017,0.0026666666666666666,3
1741456800,0.0175,0.0029999999999998916,1
1741460400,0.0175,0.0029999999999998916,3
1741464000,0.0175,0.0029999999999998916,1
1741467600,0.0175,0.0012857142857141918,7
1741471200,0.018,0.0,2
1741474800,0.018,,0
1741478400,0.018,,0
1741482000,0.018,,0
1741485600,0.0175,0.0029999995999998585,1
1741489200,0.0175,0.002999997999999948,1
1741492800,0.0175,,0
1741496400,0.0175,,0
1741500000,0.0175,0.0029999999999998916,1
1741503600,0.0175,,0
1741507200,0.0175,,0
1741510800,0.0175,,0
1741514400,0.018,,0
1741518000,0.018,,0
1741521600,0.018,,0
1741525200,0.018,0.0019999999999999983,2
1741528800,0.018,0.001999999999999995,1
1741532400,0.018,,0
1741536000,0.018,,0
1741539600,0.018,,0
1741543200,0.018,,0
1741546800,0.018,,0
1741550400,0.018,,0
1741554000,0.018,,0
1741557600,0.018,,0
1741561200,0.018,,0
1741564800,0.018,,0
1741568400,0.018,0.0,2
1741572000,0.018,,0
1741575600,0.018,,0
1741579200,0.018,,0
1741582800,0.018,0.001999990200000079,1
1741586400,0.018,,0
1741590000,0.018,,0
1741593600,0.018,0.003550478499999999,2
1741597200,0.015,,0
1741600800,0.0145,,0
1741604400,0.015,,0
1741608000,0.015,0.0010000000000000009,18
1741611600,0.016,0.0022857142857142876,28
1741615200,0.0155,0.0010952380952380645,21
1741618800,0.0155,0.0009999999999998899,3
1741622400,0.0155,0.0009999999999999083,6
1741626000,0.0155,0.000999999999999927,3
1741629600,0.016,,0
1741633200,0.0155,,0
1741636800,0.0155,0.0010000000000000009,1
1741640400,0.0145,,0
1741644000,0.0145,,0
1741647600,0.0145,,0
1741651200,0.0145,,0
1741654800,0.0145,,0
1741658400,0.0145,,0
1741662000,0.0145,,0
1741665600,0.0145,0.0009999981999999977,1
1741669200,0.0145,,0
1741672800,0.0145,,0
1741676400,0.0145,0.000999999300000054,2
1741680000,0.0145,,0
1741683600,0.0145,0.0009999997999998954,10
1741687200,0.0145,0.0009999999999998933,31
1741690800,0.0145,0.0009999999999998899,16
1741694400,0.0145,0.0010810937176469876,17
1741698000,0.015,0.0009999897000000368,2
1741701600,0.015,0.0019999690999999986,2
1741705200,0.015,0.0019999999999999983,1
1741708800,0.015,0.0,3
1741712400,0.015,0.001176470588235295,17
1741716000,0.0145,0.0009999999999998899,14
1741719600,0.0145,0.0009999999999998899,20
1741723200,0.0145,0.0009999999999998899,20
1741726800,0.0145,0.0009999999999998899,4
1741730400,0.0145,0.0010000000000000009,1
1741734000,0.0135,,0
1741737600,0.0135,0.0009999999999998899,2
1741741200,0.0135,,0
1741744800,0.0135,0.000999774244776118,67
1741748400,0.0135,0.0011377853517241176,29
1741752000,0.0135,0.001307665430769126,13
1741755600,0.013,0.0007500000000000002,8
1741759200,0.0135,0.0009999999999998979,14
1741762800,0.0135,0.0009999999999998899,11
1741766400,0.0135,0.001235337015384522,13
1741770000,0.013,,0
1741773600,0.013,0.0,3
1741777200,0.013,0.0003999999199999937,5
1741780800,0.013,0.0,7
1741784400,0.013,0.0019999980000000583,1
1741788000,0.013,0.0020000000000000018,1
1741791600,0.013,,0
1741795200,0.013,0.001999999333333353,3
1741798800,0.013,0.0020000000000000018,1
1741802400,0.013,,0
1741806000,0.013,,0
1741809600,0.013,,0
1741813200,0.013,,0
1741816800,0.013,,0
1741820400,0.013,,0
1741824000,0.013,,0
1741827600,0.013,,0
1741831200,0.013,0.0,6
1741834800,0.013,,0
1741838400,0.013,,0
1741842000,0.013,,0
1741845600,0.013,0.0,1
1741849200,0.013,0.0006666666666666661,3
1741852800,0.013,,0
1741856400,0.013,,0
1741860000,0.013,0.0020000000000000018,1
1741863600,0.013,0.0019999984000000914,1
1741867200,0.013,0.001999999685714293,7
1741870800,0.013,0.001999999833333321,6
1741874400,0.013,0.0019999997999999835,6
1741878000,0.013,,0
1741881600,0.013,,0
1741885200,0.013,,0
1741888800,0.013,,0
1741892400,0.013,0.0020000000000000018,1
1741896000,0.013,,0
1741899600,0.013,,0
1741903200,0.013,,0
1741906800,0.013,,0
1741910400,0.013,,0
1741914000,0.013,0.0020000000000000018,1
1741917600,0.0145,0.006000000000000116,2
1741921200,0.0145,,0
1741924800,0.015,,0
1741928400,0.0145,,0
1741932000,0.0145,,0
1741935600,0.015,,0
1741939200,0.0145,,0
1741942800,0.015,,0
1741946400,0.015,,0
1741950000,0.0145,,0
1741953600,0.0145,0.00499999959999986,1
1741957200,0.015,,0
1741960800,0.0145,,0
1741964400,0.015,,0
1741968000,0.015,,0
1741971600,0.015,,0
1741975200,0.0145,,0
1741978800,0.0145,,0
1741982400,0.0145,,0
1741986000,0.0145,,0
1741989600,0.0145,,0
1741993200,0.0155,,0
1741996800,0.0155,,0
1742000400,0.0155,,0
1742004000,0.0155,,0
1742007600,0.0155,,0
1742011200,0.0155,,0
1742014800,0.0155,0.004999999999999893,1
1742018400,0.0155,0.0010000000000000009,1
1742022000,0.0155,,0
1742025600,0.0155,,0
1742029200,0.0155,,0
1742032800,0.0155,,0
1742036400,0.0155,,0
1742040000,0.0155,,0
1742043600,0.0155,,0
1742047200,0.0155,,0
1742050800,0.0155,,0
1742054400,0.0155,0.004999999199999827,1
1742058000,0.0155,,0
1742061600,0.0155,,0
1742065200,0.0155,0.0009999999999999454,2
1742068800,0.0155,0.0016666666666666126,6
1742072400,0.016,,0
1742076000,0.016,0.0,7
1742079600,0.016,,0
1742083200,0.016,0.0,6
1742086800,0.016,,0
1742090400,0.016,0.0,1
1742094000,0.016,0.0040000000000000036,1
1742097600,0.016,,0
1742101200,0.016,0.0,6
1742104800,0.016,0.0,7
1742108400,0.0165,0.0012258064516128216,31
1742112000,0.017,0.0020000000000000018,1
1742115600,0.0165,0.0016666661333332906,3
1742119200,0.0165,0.000999999999999927,3
1742122800,0.017,0.00033333333333333365,6
1742126400,0.017,4.0666666330698336e-09,3
1742130000,0.0175,,0
1742133600,0.0175,,0
1742137200,0.0175,,0
1742140800,0.0175,,0
1742144400,0.0175,,0
1742148000,0.0175,,0
1742151600,0.0175,,0
1742155200,0.0175,,0
1742158800,0.0175,,0
1742162400,0.0175,0.0009999995999998568,1
1742166000,0.0175,,0
1742169600,0.0175,,0
1742173200,0.0175,,0
1742176800,0.0175,,0
1742180400,0.0175,,0
1742184000,0.0175,0.0009999947999999037,1
1742187600,0.0175,0.005506065799999994,1
1742191200,0.0195,0.0009999999999998899,4
1742194800,0.019,0.009396169199999999,1
1742198400,0.0165,,0
1742202000,0.0165,,0
1742205600,0.0165,0.0009999999999999593,8
1742209200,0.016,0.0017187500000000015,13
1742212800,0.016,,0
1742216400,0.016,0.013498999999999997,1
1742220000,0.0175,0.004672967028571513,7
1742223600,0.019,0.004054405600000001,7
1742227200,0.0185,0.0010000000000000748,3
1742230800,0.0195,,0
1742234400,0.019,0.0,1
1742238000,0.019,,0
1742241600,0.019,0.0,5
1742245200,0.019,,0
1742248800,0.019,0.0,1
1742252400,0.019,,0
1742256000,0.019,,0
1742259600,0.019,,0
1742263200,0.019,,0
1742266800,0.019,0.0007058823529411771,17
1742270400,0.019,0.0007058823529411771,17
1742274000,0.019,0.0008000000000000007,10
1742277600,0.019,0.000833333333333334,12
1742281200,0.019,0.0010000000000000009,16
1742284800,0.019,0.000947368063157901,19
1742288400,0.019,0.0010000000000000009,12
1742292000,0.019,0.001272727272727274,11
1742295600,0.016,0.0015644232142857214,14
1742299200,0.017,0.0007826086956521746,23
1742302800,0.017,0.0015000000000000013,12
1742306400,0.017,0.0007000000000000006,20
1742310000,0.017,0.0013750000000000008,16
1742313600,0.017,0.0010909090909090918,11
1742317200,0.017,0.0010000000000000009,12
1742320800,0.017,0.0008571428571428579,7
1742324400,0.017,0.0008571428571428579,21
1742328000,0.017,0.0010000000000000009,16
1742331600,0.017,0.0010000000000000009,12
1742335200,0.017,0.0008571428571428579,7
1742338800,0.017,0.0011428571428571438,7
1742342400,0.017,0.0010000000000000009,4
1742346000,0.018,0.0030000000000000027,2
1742349600,0.017,0.0,1
1742353200,0.017,0.0,8
1742356800,0.017,,0
1742360400,0.017,,0
1742364000,0.0165,0.002990825407999984,25
1742367600,0.016,0.0040000000000000036,1
1742371200,0.016,,0
1742374800,0.016,0.0,9
1742378400,0.016,,0
1742382000,0.016,,0
1742385600,0.016,0.0,12
1742389200,0.016,0.0040000000000000036,2
1742392800,0.016,0.0,2
1742396400,0.016,0.0,4
1742400000,0.016,,0
1742403600,0.016,0.0,6
1742407200,0.016,,0
1742410800,0.016,,0
1742414400,0.016,,0
1742418000,0.016,,0
1742421600,0.016,0.0,3
1742425200,0.016,,0
1742428800,0.016,0.0,3
1742432400,0.016,0.0013333333333333346,3
1742436000,0.016,0.0008571428571428579,7
1742439600,0.016,,0
1742443200,0.016,0.0039999964000000015,3
1742446800,0.016,0.0040000000000000036,1
1742450400,0.015,0.003999993200000107,1
1742454000,0.015,0.0040000000000000036,1
1742457600,0.015,,0
1742461200,0.015,,0
1742464800,0.015,0.0,2
1742468400,0.015,,0
1742472000,0.015,,0
1742475600,0.015,,0
1742479200,0.015,0.0037194989000000067,6
1742482800,0.017,0.0020000000000000018,4
1742486400,0.017,0.0006666666666666673,3
1742490000,0.017,0.0022326530285714276,21
1742493600,0.015,0.0040783816,1
1742497200,0.015,0.0,3
1742500800,0.015,,0
1742504400,0.015,0.0,4
1742508000,0.015,,0
1742511600,0.015,0.0,8
1742515200,0.015,0.0006250000000000025,14
1742518800,0.015,0.008169219799999999,1
1742522400,0.013,,0
1742526000,0.014,,0
1742529600,0.014,0.0010000000000000009,8
1742533200,0.014,0.003999998228571444,21
1742536800,0.014,0.0036799987359999965,25
1742540400,0.013,0.003999998490000012,20
1742544000,0.013,0.0,7
1742547600,0.013,,0
1742551200,0.013,,0
1742554800,0.013,,0
1742558400,0.013,0.003999999799999987,1
1742562000,0.013,0.0040000000000000036,1
1742565600,0.013,,0
1742569200,0.013,0.0005000000000000004,8
1742572800,0.013,0.0040000000000000036,1
1742576400,0.013,0.0070620419,2
1742580000,0.011,,0
1742583600,0.0115,,0
1742587200,0.0115,,0
1742590800,0.0105,,0
1742594400,0.0105,,0
1742598000,0.0115,,0
1742601600,0.0115,,0
1742605200,0.0115,,0
1742608800,0.0115,,0
1742612400,0.0115,,0
1742616000,0.0115,0.0010000000000000803,14
1742619600,0.0115,0.0009999989999998071,1
1742623200,0.0115,0.0009999999999998899,1
1742626800,0.0115,0.001000000000000112,1
1742630400,0.0115,0.0009999995999998568,1
1742634000,0.0115,,0
1742637600,0.0115,,0
1742641200,0.0115,,0
1742644800,0.0115,0.0009999999999999226,17
1742648400,0.011,0.0,5
1742652000,0.011,0.00021052631578947386,19
1742655600,0.011,,0
1742659200,0.011,,0
1742662800,0.011,0.0020000000000000018,1
1742666400,0.011,0.0,1
1742670000,0.011,0.0005714285714285719,7
1742673600,0.012,,0
1742677200,0.012,0.0,2
1742680800,0.012,0.00028571428571428546,7
1742684400,0.012,0.0,10
1742688000,0.012,0.0,7
1742691600,0.012,0.0,7
1742695200,0.012,0.0,1
1742698800,0.012,0.0,6
1742702400,0.012,0.00040000000000000034,10
1742706000,0.012,,0
1742709600,0.012,0.0,7
1742713200,0.012,,0
1742716800,0.012,,0
1742720400,0.012,,0
1742724000,0.012,0.0040000000000000036,2
1742727600,0.012,0.0,13
1742731200,0.012,0.0013333333333333346,3
1742734800,0.012,0.0008780487804878057,41
1742738400,0.0115,0.002083333333333289,24
1742742000,0.0115,0.0011428571428571438,14
1742745600,0.0115,0.0009999999999999944,17
1742749200,0.0115,0.0010000000000000074,17
1742752800,0.0115,0.0010000000000000009,16
1742756400,0.0115,0.0009999999999999807,11
1742760000,0.0115,0.0009999999999999423,36
1742763600,0.0115,0.0009999999999999681,17
1742767200,0.0115,0.0009999999999999757,22
1742770800,0.0115,0.0009999999999999582,13
1742774400,0.0115,0.0010000000000000009,16
1742778000,0.0115,0.0011249999999999871,16
1742781600,0.0115,0.002333333333333333,3
1742785200,0.0115,0.0030000000000001137,1
1742788800,0.0115,,0
1742792400,0.0115,0.0009999999999999155,13
1742796000,0.0115,0.0029999999999998916,1
1742799600,0.0115,,0
1742803200,0.0115,0.0009999999999999534,7
1742806800,0.0115,,0
1742810400,0.0115,,0
1742814000,0.0115,,0
1742817600,0.0115,0.0023761690888888117,9
1742821200,0.011,0.0010000000000000009,16
1742824800,0.011,0.0010000000000000009,4
1742828400,0.011,0.0010000000000000009,14
1742832000,0.011,0.000833333333333334,12
1742835600,0.011,0.0005000000000000004,16
1742839200,0.011,0.0010666666666666676,15
1742842800,0.011,0.0010000000000000009,10
1742846400,0.011,0.0013043478260869577,23
1742850000,0.011,0.0007000000000000006,20
1742853600,0.011,0.000516129032258065,31
1742857200,0.0115,0.001000000000000011,11
1742860800,0.0115,0.0010000000000000009,12
1742864400,0.0115,0.0009999999999999454,14
1742868000,0.0115,0.0010000000000000093,13
1742871600,0.0115,0.000999999999999985,7
1742875200,0.0115,0.0011666666666666863,12
1742878800,0.0115,0.0009999999999999306,30
1742882400,0.0115,0.0014444444444443965,9
1742886000,0.0115,0.0009999999999999454,16
1742889600,0.0115,0.0009999999999999393,9
1742893200,0.0115,0.0011176470588236153,17
1742896800,0.012,0.00014285697142857323,14
1742900400,0.012,,0
1742904000,0.012,0.0014285714285714299,7
1742907600,0.011,0.00026086956521739155,23
1742911200,0.0105,,0
1742914800,0.0105,0.0009999999999998899,2
1742918400,0.0105,,0
1742922000,0.0105,0.0009999999999999998,3
1742925600,0.0105,0.001000000000000105,16
1742929200,0.0105,,0
1742932800,0.0105,,0
1742936400,0.0105,0.0010000000000000833,31
1742940000,0.0105,0.0010000000000000935,18
1742943600,0.0105,,0
1742947200,0.0105,0.001000000000000088,14
1742950800,0.01,,0
1742954400,0.01,0.00020000000000000017,10
1742958000,0.01,,0
1742961600,0.01,0.0020000000000000018,1
1742965200,0.01,0.0017142857142857153,7
1742968800,0.0115,0.0009999999999998899,6
1742972400,0.0115,,0
1742976000,0.0115,0.0009999999999999564,5
1742979600,0.0115,,0
1742983200,0.0115,0.0009999999999999454,2
1742986800,0.0115,0.0033999999999999135,5
1742990400,0.0095,0.0010226327499999709,4
1742994000,0.0105,0.0030000000000000027,1
1742997600,0.0105,,0
1743001200,0.0105,,0
1743004800,0.0105,0.0009999999999998979,14
1743008400,0.01,,0
1743012000,0.01,,0
1743015600,0.01,0.0,3
1743019200,0.01,,0
1743022800,0.01,,0
1743026400,0.01,,0
1743030000,0.01,0.00013333333333333323,15
1743033600,0.01,0.0,10
1743037200,0.01,0.0,8
1743040800,0.01,0.0020000000000000018,1
1743044400,0.01,0.0019999890999999916,2
1743048000,0.01,,0
1743051600,0.01,,0
1743055200,0.01,,0
1743058800,0.01,,0
1743062400,0.01,0.0020000000000000018,1
1743066000,0.01,,0
1743069600,0.01,0.0,3
1743073200,0.01,,0
1743076800,0.01,,0
1743080400,0.01,,0
1743084000,0.01,,0
1743087600,0.01,,0
1743091200,0.01,,0
1743094800,0.01,0.0,5
1743098400,0.01,,0
1743102000,0.01,,0
1743105600,0.0105,0.0009999999999998899,93
1743109200,0.0105,,0
1743112800,0.0105,0.0009999999999998912,85
1743116400,0.0105,,0
1743120000,0.0105,,0
1743123600,0.0105,0.0009999999999999454,2
1743127200,0.0105,0.000999999999999891,105
1743130800,0.0105,0.0009999999999998899,1
1743134400,0.0105,,0
1743138000,0.0105,0.0010000000000000688,18
1743141600,0.0095,0.0029999999999998916,2
1743145200,0.0095,,0
1743148800,0.0095,,0
1743152400,0.0095,,0
1743156000,0.0095,0.000999999999999907,13
1743159600,0.0095,,0
1743163200,0.0095,,0
1743166800,0.0095,,0
1743170400,0.0095,0.0036021591000000015,8
1743174000,0.01,,0
1743177600,0.01,0.000548148144444445,18
1743181200,0.01,,0
1743184800,0.01,0.0040000000000000036,1
1743188400,0.01,0.004,1
1743192000,0.008,,0
1743195600,0.008,0.0,10
1743199200,0.0075,,0
1743202800,0.0075,,0
1743206400,0.0075,0.000999999999999908,12
1743210000,0.008,,0
1743213600,0.008,,0
1743217200,0.0075,,0
1743220800,0.0075,,0
1743224400,0.008,,0
1743228000,0.008,0.0,2
1743231600,0.0075,,0
1743235200,0.0075,0.0029999999999998916,1
1743238800,0.0075,,0
1743242400,0.0075,,0
1743246000,0.0075,0.0029999995999998585,1
1743249600,0.0075,0.0029999995999998585,1
1743253200,0.0075,0.002999999866666619,3
1743256800,0.008,0.0020000000000000018,1
1743260400,0.008,,0
1743264000,0.008,,0
1743267600,0.008,0.0,10
1743271200,0.008,,0
1743274800,0.008,,0
1743278400,0.008,,0
1743282000,0.008,,0
1743285600,0.008,0.0,6
1743289200,0.008,,0
1743292800,0.008,0.0020000000000000018,1
1743296400,0.008,,0
1743300000,0.008,0.0,6
1743303600,0.008,0.002000000000000001,2
1743307200,0.0075,0.0009999997999998733,1
1743310800,0.0075,0.001000000000000112,1
1743314400,0.0075,0.0009999999999998899,1
1743318000,0.0075,0.001000000000000112,1
1743321600,0.0075,,0
1743325200,0.0075,,0
1743328800,0.0075,,0
1743332400,0.0075,,0
1743336000,0.0075,,0
1743339600,0.0075,0.0010000000000000009,1
1743343200,0.0075,,0
1743346800,0.0075,0.0010000000000000987,17
1743350400,0.0075,,0
1743354000,0.0075,,0
1743357600,0.0075,,0
1743361200,0.0075,,0
1743364800,0.0075,,0
1743368400,0.0075,,0
1743372000,0.0075,,0
1743375600,0.0075,,0
1743379200,0.0075,0.001000000000000061,11
1743382800,0.0075,0.0009999999999999445,2
1743386400,0.0065,,0
1743390000,0.0065,0.0013999999999999777,5
1743393600,0.0055,,0
1743397200,0.0055,,0
1743400800,0.0055,,0
1743404400,0.0055,,0
1743408000,0.0055,,0
1743411600,0.0055,,0
1743415200,0.0055,0.0010000000000000009,1
1743418800,0.0055,,0
1743422400,0.0055,0.0010000000000000009,1
1743426000,0.0055,0.0010000000000000009,1
1743429600,0.0065,,0
1743433200,0.0065,0.0009999999999998899,1
1743436800,0.0065,,0
1743440400,0.0065,,0
1743444000,0.0065,,0
1743447600,0.0065,,0
1743451200,0.0065,,0
1743454800,0.0065,0.007000000000000001,1
1743458400,0.01,,0
1743462000,0.01,,0
1743465600,0.01,,0
1743469200,0.01,,0
1743472800,0.01,,0
1743476400,0.01,0.0040000003999999985,1
1743480000,0.01,,0
1743483600,0.01,,0
1743487200,0.01,,0
1743490800,0.009,,0
1743494400,0.009,0.0,1
1743498000,0.009,0.0035264188,1
1743501600,0.009,0.0006666666666666666,6
1743505200,0.009,0.0019994286000000194,1
1743508800,0.009,0.0,3
1743512400,0.009,,0
1743516000,0.009,,0
1743519600,0.009,0.0,3
1743523200,0.009,,0
1743526800,0.009,0.0020000000000000018,1
1743530400,0.0095,0.0009999999800000658,10
1743534000,0.0095,,0
1743537600,0.0095,,0
1743541200,0.0095,,0
1743544800,0.0095,,0
1743548400,0.0095,,0
1743552000,0.0095,0.0010000000000000842,8
1743555600,0.0095,0.0010000000000000009,1
1743559200,0.0095,0.0010000000000000009,1
1743562800,0.0095,0.0010000000000000009,1
1743566400,0.0085,,0
1743570000,0.0085,,0
1743573600,0.0085,,0
1743577200,0.0085,,0
1743580800,0.0085,,0
1743584400,0.0085,0.0009999999999998899,1
1743588000,0.0085,0.0009999999999999974,1
1743591600,0.0085,0.0010000000000000009,2
1743595200,0.0085,,0
1743598800,0.0085,0.0029999999999998916,1
1743602400,0.0065,,0
1743606000,0.0065,0.0009999999999998899,1
1743609600,0.0065,,0
1743613200,0.0065,,0
1743616800,0.0065,,0
1743620400,0.0065,,0
1743624000,0.0065,,0
1743627600,0.0065,,0
1743631200,0.0065,,0
1743634800,0.0065,,0
1743638400,0.0065,0.0010000000000000009,1
1743642000,0.0065,,0
1743645600,0.0065,0.0010000000000000009,2
1743649200,0.0065,0.0013668816000000014,1
1743652800,0.0105,,0
1743656400,0.0105,,0
1743660000,0.0105,0.001000000000000038,3
1743663600,0.0105,,0
1743667200,0.0105,,0
1743670800,0.0105,0.0009999999999998899,1
1743674400,0.0105,,0
1743678000,0.0105,,0
1743681600,0.0105,,0
1743685200,0.0105,,0
1743688800,0.0105,0.0010000000000000009,1
1743692400,0.0085,,0
1743696000,0.0085,,0
1743699600,0.0085,,0
1743703200,0.009,,0
1743706800,0.009,,0
1743710400,0.009,,0
1743714000,0.009,,0
1743717600,0.009,,0
1743721200,0.009,,0
1743724800,0.009,,0
1743728400,0.009,,0
1743732000,0.009,,0
1743735600,0.009,,0
1743739200,0.009,0.0,3
1743742800,0.009,,0
1743746400,0.009,0.002,2
1743750000,0.0075,,0
1743753600,0.0075,,0
1743757200,0.0075,,0
1743760800,0.0075,,0
1743764400,0.0075,,0
1743768000,0.0075,,0
1743771600,0.0075,,0
1743775200,0.0075,0.0009999999999999454,4
1743778800,0.0075,0.004908369599999851,2
1743782400,0.0065,,0
1743786000,0.0075,,0
1743789600,0.0075,,0
1743793200,0.007,,0
1743796800,0.007,,0
1743800400,0.007,,0
1743804000,0.007,0.0,4
1743807600,0.0065,0.0029913766,1
1743811200,0.0075,0.001181818181818072,11
1743814800,0.007,0.0008000000000000004,5
1743818400,0.0085,0.001000000000000112,1
1743822000,0.0085,,0
1743825600,0.0085,,0
1743829200,0.0085,0.001000000000000112,1
1743832800,0.0085,,0
1743836400,0.0085,0.001000000000000112,2
1743840000,0.0085,,0
1743843600,0.0085,0.0010000000000000009,1
1743847200,0.008,0.0,3
1743850800,0.008,,0
1743854400,0.008,0.0020000000000000018,1
1743858000,0.008,,0
1743861600,0.008,,0
1743865200,0.008,0.0020000000000000018,1
1743868800,0.01,0.0019999999999999996,3
1743872400,0.0115,,0
1743876000,0.0115,0.000999999999999912,5
1743879600,0.0115,0.006999999999999999,3
1743883200,0.0065,,0
1743886800,0.0065,0.0009999999999999992,5
1743890400,0.008,,0
1743894000,0.008,,0
1743897600,0.008,0.0008580863428571429,7
1743901200,0.0055,,0
1743904800,0.0055,0.001999999999999999,2
1743908400,0.0045,,0
1743912000,0.0045,,0
1743915600,0.0045,,0
1743919200,0.0045,,0
1743922800,0.0045,,0
1743926400,0.0045,,0
1743930000,0.0045,,0
1743933600,0.0045,,0
1743937200,0.0045,,0
1743940800,0.0045,,0
1743944400,0.0045,0.0009999999999998899,1
1743948000,0.0045,0.0009999999999998899,2
1743951600,0.0045,0.0010000000000000555,2
1743955200,0.0045,0.001000000000000112,1
1743958800,0.0045,,0
1743962400,0.0045,0.001000000000000112,1
1743966000,0.0045,0.0009999999999998899,1
1743969600,0.0045,,0
1743973200,0.0045,,0
1743976800,0.0045,,0
1743980400,0.0045,,0
1743984000,0.0045,,0
1743987600,0.0045,0.0023333333333333327,3
1743991200,0.003,,0
1743994800,0.003,,0
1743998400,0.003,,0
1744002000,0.0025,,0
1744005600,0.0025,0.0010000000000000009,2
1744009200,0.0025,,0
1744012800,0.0025,0.0010000000000000009,40
1744016400,0.0025,0.0010000000000000009,22
1744020000,0.0025,,0
1744023600,0.0025,,0
1744027200,0.0025,,0
1744030800,0.0025,,0
1744034400,0.0025,,0
1744038000,0.0025,0.0010000000000000009,2
1744041600,0.0025,0.0009999999999998899,1
1744045200,0.0025,,0
1744048800,0.0025,0.001000000000000112,1
1744052400,0.0025,,0
1744056000,0.0025,,0
1744059600,0.0025,,0
1744063200,0.0025,,0
1744066800,0.0025,0.001,1
1744070400,0.0015,,0
1744074000,0.0015,0.0010000000000000009,8
1744077600,0.0015,0.0010000000000000009,100
1744081200,0.0015,0.001000000000000112,1
1744084800,0.0015,,0
1744088400,0.0015,0.0010000000000000007,5
1744092000,0.0015,0.0010000000000000009,2
1744095600,0.0015,,0
1744099200,0.0015,0.0009999999999999638,3
1744102800,0.0015,,0
1744106400,0.0015,,0
1744110000,0.0015,,0
1744113600,0.0015,,0
1744117200,0.0015,0.001000000000000112,1
1744120800,0.0015,0.001000000000000112,3
1744124400,0.0015,,0
1744128000,0.0015,0.0009999999999998899,1
1744131600,0.0015,0.0010000000000000009,2
1744135200,0.0015,0.0009999999999998899,2
1744138800,0.0015,0.0010000000000000009,2
1744142400,0.0015,0.001000000000000112,1
1744146000,0.0015,0.0009999999999998899,1
1744149600,0.0015,0.001000000000000112,1
1744153200,0.0015,0.001,3
1744156800,0.0015,0.0009999999999998899,2
1744160400,0.0015,0.001000000000000112,2
1744164000,0.0015,,0
1744167600,0.0015,,0
1744171200,0.0015,0.0010000000000000009,2
1744174800,0.0015,0.001,1
1744178400,0.0015,0.001,2
1744182000,0.0015,0.001,2
1744185600,0.0005,,0
1744189200,0.0005,,0
1744192800,0.0005,,0
1744196400,0.0005,,0
1744200000,0.0005,,0
1744203600,0.0005,,0
1744207200,0.0005,,0
1744210800,0.0005,,0
1744214400,0.0005,,0
1744218000,0.0005,,0
1744221600,0.0005,,0
1744225200,0.0005,,0
1744228800,0.0005,,0
1744232400,0.0005,,0
1744236000,0.0005,,0
1744239600,0.0005,,0
1744243200,0.0005,,0
1744246800,0.0005,,0
1744250400,0.0005,,0
1744254000,0.0005,,0
1744257600,0.0005,,0
1744261200,0.0005,,0
1744264800,0.0005,,0
1744268400,0.0005,,0
1744272000,0.0005,,0
1744275600,0.0005,,0
1744279200,0.0005,,0
1744282800,0.0005,,0
1744286400,0.0005,,0
1744290000,0.0005,,0
1744293600,0.0005,,0
1744297200,0.0005,,0
1744300800,0.0005,,0
1744304400,0.0005,,0
1744308000,0.0005,,0
1744311600,0.0005,,0
1744315200,0.0005,,0
1744318800,0.0005,,0
1744322400,0.0005,,0
1744326000,0.0005,,0
1744329600,0.0005,,0
1744333200,0.0005,,0
1744336800,0.0005,,0
1744340400,0.0005,,0
1744344000,0.0005,,0
1744347600,0.0005,,0
1744351200,0.0005,,0
1744354800,0.0005,,0
1744358400,0.0005,,0
1744362000,0.0005,,0
1744365600,0.0005,,0
1744369200,0.0005,,0
1744372800,0.0005,,0
1744376400,0.0005,,0
1744380000,0.0005,,0
1744383600,0.0005,,0
1744387200,0.0005,,0
1744390800,0.0005,,0
1744394400,0.0005,,0
1744398000,0.0005,,0
1744401600,0.0005,,0
1744405200,0.0005,,0
1744408800,0.0005,,0
1744412400,0.0005,,0
1744416000,0.0005,,0
1744419600,0.0005,,0
1744423200,0.0005,0.002,2
1744426800,0.0005,,0
1744430400,0.001,,0
1744434000,0.001,,0
1744437600,0.001,,0
1744441200,0.001,,0
1744444800,0.001,,0
1744448400,0.001,,0
1744452000,0.001,,0
1744455600,0.001,,0
1744459200,0.001,,0
1744462800,0.001,,0
1744466400,0.001,,0
1744470000,0.001,,0
1744473600,0.001,0.0020000000000000018,1
1744477200,0.001,,0
1744480800,0.001,0.002,1
1744484400,0.001,,0
1744488000,0.001,,0
1744491600,0.001,,0
1744495200,0.0005,,0
1744498800,0.0005,,0
1744502400,0.0005,,0
1744506000,0.0005,,0
