timestamp,price
1750698006,0.5
1750701606,0.75
1750705206,0.75
1750708806,0.8
1750712406,0.8
1750716007,0.8
1750719606,0.8
1750723207,0.795
1750726806,0.795
1750730407,0.795
1750734007,0.795
1750737607,0.795
1750741206,0.795
1750744806,0.79
1750748407,0.79
1750752007,0.79
1750755607,0.79
1750759206,0.79
1750762807,0.79
1750766406,0.79
1750770007,0.79
1750773607,0.79
1750777207,0.79
1750780806,0.79
1750784406,0.79
1750788007,0.79
1750791606,0.785
1750795206,0.785
1750798807,0.785
1750802407,0.785
1750806007,0.785
1750809607,0.8
1750813208,0.785
1750816808,0.785
1750820407,0.785
1750824007,0.785
1750827607,0.785
1750831207,0.785
1750834807,0.775
1750838408,0.775
1750842008,0.775
1750845608,0.775
1750849208,0.775
1750852808,0.775
1750856408,0.775
1750860008,0.775
1750863608,0.775
1750867207,0.77
1750870807,0.77
1750874407,0.77
1750878007,0.77
1750881608,0.77
1750885207,0.77
1750888808,0.77
1750892408,0.77
1750896008,0.77
1750899607,0.77
1750903207,0.77
1750906807,0.77
1750910408,0.77
1750914007,0.77
1750917607,0.77
1750921207,0.77
1750924807,0.77
1750928407,0.77
1750932007,0.77
1750935607,0.77
1750939207,0.77
1750942808,0.785
1750946407,0.77
1750950007,0.77
1750953608,0.77
1750957207,0.77
1750960807,0.77
1750964406,0.77
1750968008,0.77
1750971608,0.77
1750975208,0.77
1750978807,0.77
1750982407,0.77
1750986007,0.77
1750989608,0.77
1750993208,0.77
1750996807,0.77
1751000407,0.77
1751004007,0.77
1751007608,0.77
1751011207,0.77
1751014807,0.77
1751018407,0.77
1751022008,0.77
1751025608,0.77
1751029207,0.77
1751032808,0.77
1751036408,0.77
1751040008,0.77
1751043608,0.77
1751047208,0.77
1751050808,0.675
1751054408,0.675
1751058009,0.675
1751061607,0.675
1751065208,0.68
1751068807,0.68
1751072407,0.68
1751076008,0.68
1751079607,0.68
1751083208,0.68
1751086807,0.68
1751090407,0.68
1751094008,0.68
1751097607,0.68
1751101207,0.68
1751104807,0.68
1751108407,0.685
1751112007,0.685
1751115608,0.685
1751119207,0.685
1751122808,0.685
1751126408,0.685
1751130008,0.685
1751133608,0.69
1751137208,0.685
1751140807,0.685
1751144407,0.685
1751148008,0.69
1751151608,0.685
1751155208,0.685
1751158807,0.685
1751162407,0.685
1751166007,0.685
1751169608,0.685
1751173208,0.685
1751176807,0.685
1751180407,0.685
1751184007,0.685
1751187607,0.685
1751191206,0.685
1751194807,0.69
1751198407,0.69
1751202007,0.685
1751205607,0.685
1751209207,0.685
1751212807,0.685
1751216407,0.685
1751220007,0.685
1751223607,0.685
1751227207,0.69
1751230807,0.685
1751234407,0.69
1751238007,0.695
1751241607,0.7
1751245207,0.7
1751248807,0.7
1751252406,0.7
1751256007,0.7
1751259607,0.7
1751263207,0.7
1751266806,0.7
1751270407,0.7
1751274008,0.705
1751277607,0.705
1751281208,0.705
1751284807,0.705
1751288406,0.705
1751292007,0.705
1751295606,0.705
1751299207,0.705
1751302807,0.705
1751306407,0.705
1751310007,0.705
1751313607,0.705
1751317207,0.705
1751320807,0.775
1751324407,0.785
1751328008,0.785
1751331607,0.8
1751335207,0.8
1751338808,0.8
1751342407,0.8
1751346007,0.8
1751349607,0.8
1751353207,0.8
1751356807,0.8
1751360406,0.8
1751364007,0.8
1751367607,0.8
1751371207,0.8
1751374806,0.8
1751378407,0.8
1751382007,0.8
1751385606,0.8
1751389207,0.8
1751392807,0.8
1751396407,0.8
1751400008,0.8
1751403608,0.8
1751407208,0.8
1751410808,0.8
1751414407,0.8
1751418008,0.8
1751421607,0.8
1751425207,0.8
1751428808,0.8
1751432408,0.8
1751436007,0.8
1751439607,0.8
1751443207,0.8
1751446807,0.8
1751450408,0.8
1751454007,0.8
1751457607,0.8
1751461207,0.8
1751464807,0.8
1751468407,0.8
1751472008,0.8
1751475608,0.8
1751479207,0.8
1751482808,0.8
1751486408,0.8
1751490008,0.8
1751493607,0.8
1751497208,0.8
1751500808,0.8
1751504408,0.8
1751508007,0.8
1751511607,0.8
1751515208,0.8
1751518807,0.8
1751522408,0.8
1751526008,0.8
1751529608,0.8
1751533207,0.8
1751536808,0.8
1751540408,0.8
1751544008,0.8
1751547607,0.8
1751551207,0.8
1751554808,0.8
1751558407,0.8
1751562008,0.8
1751565608,0.8
1751569207,0.8
1751572809,0.8
1751576408,0.8
1751580008,0.8
1751583607,0.8
1751587208,0.8
1751590808,0.8
1751594407,0.8
1751598008,0.8
1751601608,0.8
1751605207,0.8
1751608807,0.8
1751612407,0.8
1751616007,0.8
1751619607,0.8
1751623207,0.8
1751626807,0.8
1751630407,0.8
1751634008,0.8
1751637608,0.8
1751641208,0.8
1751644807,0.8
1751648409,0.8
1751652008,0.8
1751655608,0.8
1751659208,0.8
1751662807,0.8
1751666408,0.8
1751670008,0.8
1751673608,0.8
1751677208,0.8
1751680808,0.8
1751684407,0.8
1751688008,0.8
1751691608,0.775
1751695208,0.775
1751698808,0.775
1751702408,0.775
1751706007,0.775
1751709608,0.775
1751713207,0.775
1751716808,0.775
1751720408,0.775
1751724008,0.775
1751727607,0.775
1751731207,0.775
1751734807,0.775
1751738407,0.775
1751742007,0.775
1751745608,0.775
1751749207,0.775
1751752808,0.78
1751756408,0.78
1751760007,0.78
1751763607,0.78
1751767208,0.78
1751770808,0.78
1751774407,0.78
1751778007,0.78
1751781607,0.78
1751785206,0.78
1751788807,0.78
1751792408,0.78
1751796007,0.78
1751799608,0.78
1751803207,0.78
1751806807,0.78
1751810408,0.78
1751814006,0.78
1751817607,0.78
1751821207,0.78
1751824808,0.78
1751828407,0.78
1751832008,0.78
1751835608,0.78
1751839208,0.78
1751842807,0.78
1751846407,0.78
1751850007,0.78
1751853606,0.78
1751857207,0.78
1751860807,0.78
1751864406,0.78
1751868006,0.78
1751871607,0.78
1751875206,0.78
1751878806,0.78
1751882407,0.78
1751886006,0.78
1751889607,0.78
1751893207,0.78
1751896807,0.78
1751900407,0.78
1751904007,0.78
1751907607,0.78
1751911207,0.78
1751914807,0.78
1751918407,0.78
1751922007,0.78
1751925608,0.78
1751929206,0.78
1751932808,0.78
1751936407,0.78
1751940007,0.78
1751943607,0.78
1751947208,0.78
1751950808,0.78
1751954408,0.78
1751958007,0.78
1751961607,0.78
1751965207,0.78
1751968807,0.78
1751972407,0.78
1751976007,0.78
1751979607,0.78
1751983208,0.78
1751986807,0.78
1751990407,0.78
1751994008,0.78
1751997607,0.78
1752001208,0.78
1752004807,0.78
1752008407,0.78
1752012007,0.78
1752015607,0.78
1752019207,0.78
1752022808,0.78
1752026407,0.78
1752030007,0.78
1752033608,0.78
1752037208,0.78
1752040808,0.78
1752044408,0.78
1752048008,0.78
1752051607,0.78
1752055207,0.78
1752058808,0.78
1752062408,0.78
1752066008,0.78
1752069607,0.78
1752073208,0.78
1752076809,0.78
1752080408,0.78
1752084007,0.78
1752087608,0.78
1752091207,0.78
1752094808,0.78
1752098408,0.78
1752102008,0.78
1752105608,0.78
1752109208,0.78
1752112808,0.78
1752116408,0.78
1752120009,0.78
1752123608,0.78
1752127208,0.78
1752130808,0.78
1752134407,0.78
1752138007,0.78
1752141608,0.78
1752145208,0.78
1752148808,0.78
1752152407,0.78
1752156008,0.78
1752159607,0.78
1752163207,0.78
1752166808,0.78
1752170408,0.78
1752174008,0.78
1752177609,0.78
1752181208,0.78
1752184807,0.78
1752188408,0.78
1752192008,0.78
1752195608,0.78
1752199208,0.78
1752202808,0.78
1752206408,0.78
1752210008,0.78
1752213608,0.78
1752217207,0.78
1752220808,0.78
1752224409,0.78
1752228008,0.78
1752231609,0.78
1752235209,0.78
1752238809,0.78
1752242408,0.78
1752246009,0.78
1752249608,0.78
1752253209,0.78
1752256808,0.78
1752260408,0.78
1752264009,0.78
1752267608,0.78
1752271208,0.78
1752274808,0.78
1752278409,0.78
1752282008,0.78
1752285608,0.78
1752289208,0.78
1752292809,0.78
1752296408,0.78
1752300008,0.78
1752303609,0.78
1752307208,0.78
1752310809,0.78
1752314408,0.78
1752318007,0.78
1752321608,0.78
1752325208,0.78
1752328809,0.78
1752332407,0.78
1752336009,0.78
1752339608,0.78
1752343208,0.78
1752346808,0.78
1752350407,0.78
1752354008,0.78
1752357608,0.78
1752361208,0.78
1752364808,0.78
1752368408,0.78
1752372008,0.78
1752375608,0.78
1752379208,0.78
1752382808,0.78
1752386407,0.78
1752390008,0.78
1752393608,0.78
1752397208,0.78
1752400808,0.78
1752404408,0.78
1752408007,0.78
1752411608,0.78
1752415207,0.78
1752418808,0.78
1752422408,0.78
1752426008,0.78
1752429608,0.78
1752433208,0.78
1752436808,0.675
1752440408,0.69
1752444006,0.685
1752447606,0.71
1752451207,0.685
1752454807,0.675
1752458407,0.675
1752462007,0.695
1752465608,0.685
1752469207,0.7
1752472807,0.69
1752476406,0.685
1752480007,0.685
1752483607,0.705
1752487207,0.715
1752490807,0.715
1752494407,0.715
1752498007,0.715
1752501608,0.715
1752505207,0.715
1752508807,0.715
1752512407,0.715
1752516007,0.715
1752519607,0.715
1752523207,0.715
1752526807,0.715
1752530407,0.715
1752534007,0.715
1752537608,0.715
1752541207,0.715
1752544807,0.715
1752548407,0.715
1752552007,0.715
1752555608,0.725
1752559208,0.715
1752562808,0.725
1752566407,0.73
1752570007,0.735
1752573606,0.73
1752577208,0.73
1752580808,0.73
1752584407,0.73
1752588008,0.73
1752591607,0.76
1752595207,0.77
1752598808,0.77
1752602408,0.77
1752606007,0.77
1752609608,0.77
1752613208,0.755
1752616808,0.765
1752620408,0.765
1752624008,0.765
1752627608,0.765
1752631208,0.765
1752634808,0.765
1752638408,0.765
1752642008,0.765
1752645607,0.765
1752649208,0.755
1752652808,0.755
1752656408,0.755
1752660008,0.73
1752663607,0.765
1752667208,0.76
1752670809,0.725
1752674407,0.75
1752678007,0.74
1752681608,0.745
1752685208,0.75
1752688807,0.74
1752692408,0.745
1752696008,0.75
1752699608,0.735
1752703208,0.725
1752706807,0.725
1752710408,0.725
1752714008,0.715
1752717608,0.715
1752721208,0.715
1752724808,0.715
1752728408,0.715
1752732008,0.715
1752735608,0.715
1752739208,0.715
1752742808,0.715
1752746408,0.715
1752750008,0.715
1752753607,0.715
1752757208,0.715
1752760807,0.715
1752764409,0.715
1752768008,0.715
1752771608,0.715
1752775208,0.715
1752778808,0.72
1752782408,0.715
1752786007,0.72
1752789608,0.715
1752793209,0.72
1752796808,0.725
1752800408,0.72
1752804008,0.725
1752807608,0.725
1752811207,0.725
1752814808,0.725
1752818407,0.725
1752822007,0.725
1752825607,0.715
1752829209,0.735
1752832808,0.725
1752836408,0.73
1752840008,0.725
1752843608,0.725
1752847208,0.715
1752850808,0.73
1752854408,0.725
1752858009,0.73
1752861608,0.73
1752865208,0.73
1752868808,0.73
1752872409,0.725
1752876009,0.725
1752879609,0.725
1752883209,0.725
1752886807,0.72
1752890408,0.725
1752894008,0.735
1752897607,0.735
1752901208,0.75
1752904808,0.745
1752908407,0.755
1752912008,0.755
1752915609,0.755
1752919208,0.745
1752922808,0.745
1752926408,0.75
1752930009,0.745
1752933608,0.75
1752937208,0.75
1752940808,0.75
1752944408,0.75
1752948007,0.75
1752951608,0.755
1752955209,0.75
1752958808,0.75
1752962408,0.755
1752966008,0.755
1752969608,0.755
1752973208,0.755
1752976808,0.755
1752980409,0.755
1752984008,0.755
1752987608,0.755
1752991208,0.75
1752994807,0.75
1752998408,0.75
1753002008,0.75
1753005607,0.75
1753009207,0.75
1753012808,0.75
1753016408,0.75
1753020007,0.75
1753023608,0.76
1753027207,0.76
1753030807,0.755
1753034408,0.74
1753038008,0.745
1753041607,0.75
1753045207,0.75
1753048807,0.75
1753052407,0.75
1753056007,0.75
1753059607,0.75
1753063208,0.75
1753066807,0.75
1753070408,0.755
1753074007,0.77
1753077608,0.77
1753081207,0.77
1753084807,0.77
1753088408,0.77
1753092007,0.77
1753095608,0.77
1753099207,0.77
1753102809,0.77
1753106408,0.77
1753110007,0.77
1753113608,0.765
1753117208,0.77
1753120808,0.77
1753124408,0.77
1753128008,0.77
1753131608,0.765
1753135209,0.77
1753138808,0.77
1753142409,0.77
1753146009,0.77
1753149609,0.77
1753153208,0.77
1753156809,0.775
1753160408,0.775
1753164008,0.77
1753167609,0.77
1753171208,0.77
1753174808,0.77
1753178408,0.77
1753182009,0.77
1753185609,0.77
1753189210,0.775
1753192810,0.765
1753196408,0.77
1753200008,0.775
1753203610,0.77
1753207209,0.765
1753210809,0.775
1753214409,0.775
1753218009,0.77
1753221609,0.77
1753225209,0.77
1753228809,0.77
1753232409,0.77
1753236009,0.77
1753239608,0.77
1753243209,0.77
1753246803,0.77
1753246824,0.77
1753250408,0.77
1753254008,0.765
1753257609,0.77
1753261209,0.775
1753264809,0.775
1753268408,0.775
1753272009,0.775
1753275608,0.775
1753279209,0.775
1753282809,0.775
1753286410,0.775
1753290009,0.775
1753293609,0.775
1753297208,0.775
1753300809,0.775
1753304409,0.775
1753308009,0.775
1753311609,0.775
1753315209,0.775
1753318808,0.775
1753322409,0.775
1753326009,0.775
1753329609,0.775
1753333209,0.775
1753336809,0.775
1753340409,0.775
1753344009,0.775
1753347610,0.775
1753351210,0.775
1753354810,0.775
1753358409,0.775
1753362008,0.775
1753365608,0.775
1753369209,0.775
1753372809,0.775
1753376409,0.775
1753380010,0.775
1753383609,0.775
1753387209,0.775
1753390808,0.775
1753394409,0.775
1753398009,0.775
1753401609,0.775
1753405209,0.775
1753408809,0.775
1753412409,0.775
1753416009,0.775
1753419609,0.775
1753423209,0.775
1753426808,0.775
1753430408,0.775
1753434009,0.775
1753437608,0.775
1753441209,0.775
1753444809,0.775
1753448409,0.775
1753452010,0.775
1753455609,0.775
1753459210,0.775
1753462809,0.775
1753466410,0.775
1753470009,0.775
1753473610,0.775
1753477210,0.775
1753480810,0.775
1753484409,0.775
1753488009,0.775
1753491610,0.775
1753495210,0.775
1753498810,0.775
1753502409,0.775
1753506009,0.775
1753509608,0.775
1753513209,0.775
1753516809,0.775
1753520409,0.775
1753524009,0.775
1753527609,0.775
1753531210,0.775
1753534810,0.775
1753538410,0.775
1753542009,0.775
1753545609,0.775
1753549209,0.775
1753552809,0.775
1753556409,0.775
1753560009,0.775
1753563608,0.775
1753567210,0.775
1753570809,0.775
1753574410,0.775
1753578009,0.775
1753581609,0.775
1753585209,0.775
1753588808,0.775
1753592407,0.775
1753596009,0.775
1753599609,0.775
1753603209,0.775
1753606808,0.775
1753610408,0.775
1753614008,0.775
1753617609,0.775
1753621208,0.775
1753624809,0.775
1753628409,0.775
1753632009,0.775
1753635608,0.775
1753639208,0.775
1753642808,0.775
1753646408,0.765
1753650008,0.765
1753653608,0.765
1753657208,0.765
1753660809,0.765
1753664408,0.765
1753668008,0.765
1753671607,0.765
1753675208,0.765
1753678808,0.765
1753682407,0.765
1753686007,0.765
1753689608,0.765
1753693208,0.765
1753696808,0.765
1753700408,0.765
1753704009,0.765
1753707609,0.765
1753711208,0.765
1753714808,0.765
1753718408,0.77
1753722008,0.77
1753725608,0.77
1753729209,0.77
1753732810,0.77
1753736409,0.77
1753740009,0.77
1753743610,0.77
1753747210,0.77
1753750808,0.77
1753754408,0.77
1753758009,0.77
1753761610,0.77
1753765209,0.77
1753768810,0.77
1753772409,0.77
1753776008,0.77
1753779609,0.77
1753783210,0.77
1753786808,0.77
1753790408,0.77
1753794010,0.77
1753797609,0.77
1753801209,0.77
1753804808,0.77
1753808409,0.77
1753812010,0.775
1753815609,0.775
1753819210,0.775
1753822809,0.775
1753826408,0.775
1753830010,0.775
1753833610,0.775
1753837209,0.775
1753840809,0.775
1753844410,0.775
1753848010,0.775
1753851610,0.775
1753855208,0.775
1753858808,0.775
1753862409,0.775
1753866010,0.775
1753869609,0.775
1753873210,0.775
1753876809,0.775
1753880408,0.775
1753884010,0.775
1753887609,0.775
1753891210,0.775
1753894809,0.775
1753898409,0.775
1753902009,0.775
1753905609,0.775
1753909210,0.775
1753912809,0.775
1753916409,0.775
1753920008,0.775
1753923610,0.775
1753927210,0.775
1753930808,0.78
1753934409,0.78
1753938010,0.78
1753941609,0.78
1753945210,0.78
1753948809,0.78
1753952409,0.78
1753956010,0.78
1753959608,0.78
1753963208,0.78
1753966810,0.78
1753970409,0.78
1753974009,0.78
1753977609,0.78
1753981208,0.78
1753984810,0.78
1753988409,0.78
1753992009,0.78
1753995610,0.78
1753999209,0.78
1754002809,0.78
1754006409,0.78
1754010009,0.78
1754013610,0.78
1754017208,0.78
1754020809,0.78
1754024408,0.78
1754028008,0.78
1754031608,0.78
1754035208,0.78
1754038808,0.78
1754042408,0.78
1754046009,0.78
1754049609,0.78
1754053209,0.78
1754056809,0.78
1754060409,0.78
1754064009,0.78
1754067609,0.78
1754071210,0.78
1754074808,0.78
1754078409,0.78
1754082009,0.78
1754085609,0.78
1754089210,0.78
1754092809,0.78
1754096409,0.78
1754100009,0.78
1754103609,0.78
1754107209,0.78
1754110809,0.78
1754114409,0.78
1754118009,0.78
1754121609,0.78
1754125209,0.78
1754128809,0.78
1754132409,0.78
1754136010,0.78
1754139609,0.78
1754143209,0.78
1754146810,0.78
1754150409,0.78
1754154010,0.78
1754157609,0.78
1754161208,0.78
1754164810,0.78
1754168409,0.78
1754172009,0.78
1754175609,0.78
1754179208,0.78
1754182809,0.78
1754186410,0.78
1754190009,0.78
1754193608,0.78
1754197208,0.78
1754200809,0.78
1754204409,0.78
1754208010,0.78
1754211609,0.78
1754215208,0.78
1754218809,0.78
1754222408,0.78
1754226009,0.78
1754229609,0.78
1754233209,0.78
1754236809,0.78
1754240409,0.785
1754244008,0.785
1754247609,0.785
1754251208,0.785
1754254808,0.785
1754258408,0.785
1754262008,0.785
1754265607,0.785
1754269208,0.785
1754272808,0.785
1754276408,0.785
1754280007,0.785
1754283608,0.785
1754287208,0.785
1754290807,0.785
1754294407,0.785
1754298008,0.785
1754301608,0.785
1754305208,0.785
1754308808,0.785
1754312408,0.785
1754316008,0.785
1754319608,0.785
1754323208,0.785
1754326808,0.785
1754330408,0.785
1754334008,0.785
1754337610,0.785
1754341209,0.785
1754344808,0.785
1754348410,0.785
1754352008,0.785
1754355608,0.785
1754359208,0.785
1754362808,0.785
1754366409,0.785
1754370009,0.785
1754373609,0.785
1754377210,0.785
1754380809,0.785
1754384410,0.785
1754388009,0.785
1754391609,0.785
1754395209,0.785
1754398809,0.785
1754402409,0.785
1754406009,0.785
1754409609,0.785
1754413209,0.785
1754416808,0.785
1754420409,0.785
1754424009,0.785
1754427610,0.785
1754431209,0.785
1754434808,0.785
1754438409,0.785
1754442009,0.785
1754445610,0.785
1754449209,0.785
1754452810,0.785
1754456410,0.785
1754460009,0.785
1754463609,0.785
1754467209,0.785
1754470809,0.785
1754474409,0.785
1754478009,0.785
1754481608,0.785
1754485209,0.785
1754488809,0.785
1754492410,0.785
1754496009,0.785
1754499608,0.785
1754503209,0.8
1754506806,0.785
1754510403,0.79
1754514005,0.785
1754517613,0.785
1754521212,0.785
1754524805,0.795
1754528403,0.81
1754532010,0.785
1754535614,0.8
1754539205,0.82
1754542806,0.8
1754546403,0.82
1754550005,0.8
1754553607,0.795
1754557202,0.79
1754560811,0.785
1754564402,0.785
1754568017,0.795
1754571607,0.785
1754575202,0.785
1754578804,0.79
1754582408,0.785
1754586015,0.785
1754589612,0.785
1754593209,0.795
1754596806,0.785
1754600417,0.795
1754604010,0.79
1754607607,0.785
1754611208,0.79
1754614807,0.785
1754618403,0.795
1754622013,0.79
1754625612,0.795
1754629212,0.79
1754632811,0.785
1754636408,0.795
1754640006,0.79
1754643612,0.785
1754647205,0.795
1754650808,0.785
1754654412,0.795
1754658008,0.79
1754661612,0.785
1754665206,0.785
1754668816,0.785
1754672405,0.795
1754676006,0.79
1754679608,0.79
1754683215,0.79
1754686808,0.79
1754690417,0.79
1754694009,0.795
1754697614,0.795
1754701209,0.795
1754704810,0.79
1754708405,0.795
1754712007,0.795
1754715603,0.795
1754719209,0.79
1754722802,0.795
1754726413,0.795
1754730014,0.79
1754733612,0.795
1754737206,0.795
1754740805,0.795
1754744412,0.795
1754748006,0.795
1754751615,0.79
1754755213,0.795
1754758816,0.795
1754762404,0.795
1754766017,0.795
1754769612,0.795
1754773202,0.795
1754776812,0.79
1754780406,0.79
1754784008,0.79
1754787609,0.79
1754791203,0.79
1754794808,0.79
1754798407,0.785
1754802005,0.785
1754805612,0.785
1754809205,0.785
1754812804,0.785
1754816413,0.785
1754820011,0.785
1754823613,0.785
1754827217,0.785
1754830802,0.785
1754834405,0.785
1754838017,0.78
1754841604,0.78
1754845205,0.78
1754848809,0.78
1754852407,0.78
1754856002,0.78
1754859617,0.78
1754863208,0.78
1754866811,0.78
1754870414,0.78
1754874006,0.78
1754877604,0.78
1754881205,0.78
1754884805,0.78
1754888411,0.78
1754892016,0.78
1754895606,0.78
1754899205,0.78
1754902814,0.78
1754906404,0.78
1754910005,0.78
1754913617,0.78
1754917215,0.78
1754920811,0.78
1754924411,0.78
1754928003,0.78
1754931605,0.78
1754935209,0.78
1754938803,0.78
1754942405,0.78
1754946009,0.78
1754949605,0.78
1754953209,0.78
1754956805,0.78
1754960406,0.78
1754964002,0.78
1754967609,0.78
1754971210,0.78
1754974810,0.78
1754978413,0.78
1754982012,0.78
1754985607,0.78
1754989214,0.78
1754992812,0.78
1754996413,0.78
1755000007,0.78
1755003605,0.78
1755007205,0.78
1755010803,0.78
1755014409,0.78
1755018006,0.78
1755021607,0.78
1755025204,0.78
1755028815,0.78
1755032407,0.78
1755036006,0.78
1755039612,0.78
1755043213,0.78
1755046809,0.78
1755050409,0.78
1755054009,0.78
1755057602,0.78
1755061202,0.78
1755064810,0.78
1755068413,0.78
1755072006,0.78
1755075614,0.78
1755079203,0.78
1755082805,0.78
1755086415,0.78
1755090018,0.78
1755093606,0.78
1755097208,0.78
1755100807,0.78
1755104402,0.78
1755108009,0.78
1755111610,0.78
1755115213,0.78
1755118815,0.78
1755122414,0.78
1755126006,0.78
1755129606,0.78
1755133204,0.78
1755136804,0.78
1755140415,0.78
1755144002,0.78
1755147612,0.78
1755151203,0.78
1755154811,0.78
1755158406,0.78
1755162010,0.78
1755165608,0.78
1755169207,0.785
1755172814,0.785
1755176402,0.785
1755180011,0.785
1755183614,0.785
1755187203,0.785
1755190804,0.785
1755194404,0.785
1755198012,0.785
1755201606,0.785
1755205216,0.785
1755208807,0.785
1755212412,0.785
1755216007,0.785
1755219607,0.785
1755223210,0.785
1755226813,0.785
1755230409,0.785
1755234009,0.785
1755237611,0.785
1755241208,0.785
1755244802,0.785
1755248411,0.785
1755252017,0.785
1755255614,0.785
1755259206,0.785
1755262812,0.785
1755266413,0.785
1755270003,0.785
1755273613,0.785
1755277209,0.785
1755280813,0.785
1755284411,0.785
1755288010,0.79
1755291618,0.785
1755295203,0.795
1755298809,0.82
1755302408,0.83
1755306006,0.84
1755309606,0.85
1755313211,0.86
1755316803,0.86
1755320403,0.86
1755324011,0.86
1755327608,0.86
1755331210,0.86
1755334814,0.86
1755338416,0.86
1755342005,0.86
1755345605,0.86
1755349203,0.86
1755352810,0.86
1755356409,0.785
1755360013,0.79
1755363604,0.79
1755367204,0.79
1755370812,0.79
1755374414,0.795
1755378007,0.785
1755381604,0.785
1755385210,0.785
1755388805,0.785
1755392402,0.785
1755396012,0.785
1755399617,0.785
1755403214,0.785
1755406806,0.785
1755410412,0.79
1755414012,0.785
1755417605,0.785
1755421204,0.785
1755424802,0.785
1755428407,0.785
1755432002,0.785
1755435606,0.785
1755439212,0.79
1755442812,0.79
1755446406,0.79
1755450002,0.79
1755453611,0.79
1755457212,0.79
1755460810,0.79
1755464402,0.785
1755468015,0.805
1755471606,0.79
1755475205,0.79
1755478810,0.79
1755482409,0.79
1755486012,0.79
1755489603,0.795
1755493210,0.8
1755496804,0.805
1755500404,0.805
1755504004,0.79
1755507609,0.785
1755511203,0.785
1755514805,0.785
1755518412,0.805
1755522005,0.8
1755525606,0.785
1755529209,0.79
1755532814,0.79
1755536412,0.79
1755540011,0.79
1755543608,0.795
1755547212,0.79
1755550812,0.795
1755554410,0.795
1755558009,0.79
1755561605,0.79
1755565213,0.79
1755568810,0.79
1755572415,0.79
1755576018,0.79
1755579604,0.79
1755583206,0.79
1755586817,0.79
1755590412,0.79
1755594016,0.79
1755597605,0.79
1755601213,0.79
1755604806,0.79
1755608406,0.79
1755612011,0.79
1755615610,0.79
1755619204,0.79
1755622811,0.79
1755626408,0.79
1755630007,0.79
1755633614,0.79
1755637202,0.79
1755640807,0.79
1755644411,0.79
1755648008,0.79
1755651602,0.79
1755655208,0.79
1755658808,0.79
1755662409,0.79
1755666003,0.79
1755669603,0.79
1755673206,0.79
1755676813,0.79
1755680408,0.79
1755684014,0.79
1755687615,0.79
1755691215,0.79
1755694804,0.79
1755698415,0.79
1755702010,0.79
1755705609,0.79
1755709213,0.79
1755712814,0.79
1755716416,0.79
1755720014,0.795
1755723610,0.795
1755727204,0.795
1755730803,0.795
1755734406,0.795
1755738002,0.795
1755741609,0.795
1755745211,0.795
1755748810,0.795
1755752416,0.795
1755756006,0.795
1755759614,0.795
1755763214,0.795
1755766810,0.795
1755770407,0.795
1755774006,0.795
1755777613,0.795
1755781202,0.79
1755784811,0.795
1755788409,0.795
1755792018,0.795
1755795607,0.795
1755799206,0.795
1755802805,0.795
1755806417,0.79
1755810002,0.795
1755813615,0.795
1755817214,0.795
1755820809,0.79
1755824404,0.79
1755828009,0.79
1755831612,0.79
1755835204,0.79
1755838807,0.79
1755842408,0.79
1755846013,0.79
1755849602,0.79
1755853205,0.79
1755856806,0.79
1755860404,0.79
1755864014,0.79
1755867615,0.79
1755871207,0.79
1755874805,0.79
1755878417,0.79
1755882006,0.79
1755885613,0.79
1755889211,0.79
1755892810,0.79
1755896418,0.79
1755900006,0.79
1755903619,0.79
1755907214,0.79
1755910813,0.79
1755914410,0.79
1755918014,0.79
1755921615,0.79
1755925219,0.79
1755928806,0.79
1755932407,0.79
1755936005,0.79
1755939618,0.79
1755943203,0.79
1755946815,0.79
1755950406,0.79
1755954002,0.79
1755957605,0.79
1755961209,0.79
1755964807,0.79
1755968408,0.79
1755972012,0.79
1755975614,0.79
1755979204,0.79
1755982812,0.79
1755986409,0.79
1755990010,0.79
1755993610,0.79
1755997208,0.795
1756000808,0.795
1756004404,0.795
1756008006,0.795
1756011610,0.795
1756015215,0.795
1756018802,0.795
1756022410,0.795
1756026015,0.795
1756029607,0.795
1756033214,0.795
1756036812,0.795
1756040403,0.795
1756044015,0.795
1756047608,0.795
1756051204,0.795
1756054802,0.795
1756058412,0.795
1756062007,0.795
1756065603,0.795
1756069206,0.795
1756072819,0.795
1756076413,0.795
1756080002,0.795
1756083606,0.795
1756087211,0.795
1756090802,0.795
1756094414,0.795
1756098012,0.795
1756101613,0.795
1756105202,0.795
1756108804,0.795
1756112407,0.795
1756116009,0.795
1756119606,0.795
1756123215,0.795
1756126806,0.795
1756130409,0.795
1756134013,0.795
1756137611,0.795
1756141209,0.795
1756144818,0.795
1756148417,0.795
1756152010,0.795
1756155608,0.795
1756159214,0.795
1756162802,0.795
1756166409,0.795
1756170009,0.795
1756173602,0.795
1756177216,0.795
1756177224,0.795
1756180808,0.795
1756184405,0.795
1756188011,0.795
1756191610,0.795
1756195210,0.795
1756198808,0.795
1756202406,0.795
1756206018,0.795
1756209615,0.795
1756213215,0.795
1756216808,0.795
1756220406,0.795
1756224016,0.795
1756227618,0.795
1756231205,0.795
1756234807,0.795
1756238416,0.795
1756242004,0.795
1756245603,0.795
1756249211,0.795
1756252807,0.795
1756256402,0.795
1756260002,0.795
1756263607,0.795
1756267213,0.795
1756270805,0.795
1756274419,0.795
1756278008,0.795
1756281617,0.795
1756285209,0.795
1756288819,0.795
1756292409,0.795
1756296014,0.795
1756299608,0.795
1756303204,0.795
1756306812,0.795
1756310411,0.795
1756314019,0.795
1756317602,0.795
1756321217,0.82
1756324818,0.84
1756328418,0.84
1756332006,0.84
1756335606,0.84
1756339209,0.84
1756342804,0.84
1756346405,0.84
1756350003,0.84
1756353609,0.84
1756357212,0.84
1756360805,0.84
1756364411,0.84
1756368005,0.84
1756371616,0.84
1756375218,0.84
1756378811,0.84
1756382423,0.84
1756386015,0.84
1756389602,0.84
1756393206,0.84
1756396808,0.84
1756400405,0.84
1756404003,0.84
1756407616,0.84
1756411207,0.84
1756414806,0.84
1756418411,0.84
1756422007,0.84
1756425606,0.84
1756429214,0.84
1756432808,0.84
1756436418,0.84
1756440016,0.84
1756443607,0.84
1756447212,0.84
1756450815,0.84
1756454419,0.84
1756458018,0.84
1756461621,0.84
1756465218,0.84
1756468802,0.84
1756472407,0.84
1756476019,0.84
1756479609,0.84
1756483206,0.84
1756486808,0.84
1756490420,0.84
1756494016,0.84
1756497622,0.84
1756501202,0.84
1756504807,0.84
1756508417,0.84
1756512011,0.84
1756515608,0.84
1756519213,0.84
1756522806,0.84
1756526420,0.84
1756530017,0.84
1756533616,0.84
1756537207,0.84
1756540814,0.84
1756544411,0.84
1756548004,0.84
1756551608,0.84
1756555210,0.84
1756558809,0.84
1756562419,0.84
1756566009,0.84
1756569609,0.84
1756573207,0.84
1756576817,0.84
1756580402,0.84
1756584021,0.84
1756587609,0.84
1756591204,0.84
1756594811,0.845
1756598415,0.845
1756602011,0.845
1756605616,0.845
1756609218,0.845
1756612802,0.845
1756616421,0.845
1756620015,0.845
1756623623,0.845
1756627208,0.845
1756630812,0.845
1756634421,0.845
1756638007,0.845
1756641613,0.845
1756645204,0.845
1756648814,0.845
1756652419,0.845
1756656004,0.845
1756659611,0.845
1756663203,0.845
1756666813,0.845
1756670406,0.845
1756674012,0.845
1756677612,0.845
1756681202,0.845
1756684806,0.845
1756688411,0.845
1756692008,0.845
1756695615,0.845
1756699220,0.845
1756702812,0.845
1756706405,0.845
1756710019,0.845
1756713612,0.845
1756717218,0.845
1756720803,0.845
1756724402,0.845
1756728024,0.845
1756731602,0.845
1756735202,0.845
1756738816,0.845
1756742415,0.845
1756746007,0.845
1756749622,0.845
1756753216,0.845
1756756814,0.845
1756760417,0.845
1756764017,0.845
1756767605,0.845
1756771217,0.845
1756774814,0.845
1756778415,0.845
1756782011,0.845
1756785614,0.845
1756789221,0.845
1756792821,0.845
1756796404,0.845
1756800016,0.845
1756803618,0.845
1756807222,0.845
1756810809,0.845
1756814411,0.845
1756818005,0.845
1756821616,0.845
1756825217,0.845
1756828810,0.845
1756832404,0.845
1756836006,0.845
1756839621,0.845
1756843205,0.845
1756846815,0.845
1756850419,0.845
1756854005,0.845
1756857615,0.845
1756861212,0.845
1756864806,0.845
1756868404,0.845
1756872021,0.845
1756875617,0.845
1756879214,0.845
1756882812,0.845
1756886414,0.845
1756890020,0.845
1756893617,0.845
1756897215,0.845
1756900803,0.845
1756904419,0.845
1756908017,0.845
1756911602,0.845
1756915202,0.845
1756918810,0.845
1756922423,0.845
1756926017,0.845
1756929610,0.845
1756933207,0.845
1756936810,0.845
1756940413,0.845
1756944013,0.845
1756947614,0.845
1756951202,0.845
1756954815,0.845
1756958412,0.845
1756962011,0.845
1756965611,0.845
1756969210,0.85
1756972812,0.85
1756976421,0.85
1756980013,0.85
1756983613,0.85
1756987226,0.845
1756990808,0.845
1756994413,0.845
1756998015,0.845
1757001616,0.85
1757005202,0.85
1757008808,0.85
1757012417,0.85
1757016018,0.85
1757019626,0.85
1757023212,0.85
1757026817,0.85
1757030406,0.85
1757034009,0.85
1757037604,0.85
1757041217,0.85
1757044813,0.85
1757048421,0.85
1757052016,0.85
1757055603,0.85
1757059210,0.85
1757062811,0.85
1757066418,0.85
1757070009,0.85
1757073616,0.85
1757077211,0.85
1757080804,0.85
1757084409,0.85
1757088015,0.85
1757091626,0.85
1757095207,0.85
1757098813,0.85
1757102403,0.85
1757106016,0.85
1757109618,0.85
1757113208,0.85
1757116802,0.865
1757120404,0.86
1757124008,0.865
1757127623,0.865
1757131211,0.865
1757134812,0.86
1757138414,0.855
1757142021,0.855
1757145614,0.855
1757149211,0.855
1757152810,0.855
1757156419,0.855
1757160027,0.855
1757163617,0.855
1757167209,0.855
1757170804,0.855
1757174416,0.855
1757178021,0.855
1757181621,0.855
1757185207,0.855
1757188811,0.855
1757192416,0.855
1757196017,0.855
1757199605,0.855
1757203213,0.855
1757206805,0.855
1757210405,0.855
1757214014,0.855
1757217611,0.855
1757221218,0.855
1757224825,0.855
1757228414,0.86
1757232014,0.86
1757235623,0.86
1757239211,0.86
1757242821,0.86
1757246429,0.855
1757250017,0.855
1757253618,0.855
1757257202,0.855
1757260820,0.855
1757264411,0.855
1757268015,0.855
1757271605,0.855
1757275217,0.855
1757278820,0.855
1757282414,0.855
1757286004,0.86
1757289611,0.86
1757293213,0.86
1757296802,0.855
1757300414,0.855
1757304017,0.855
1757307622,0.855
1757311207,0.855
1757314817,0.855
1757318412,0.855
1757322005,0.855
1757325622,0.855
1757329208,0.86
1757332810,0.855
1757336416,0.855
1757340010,0.86
1757343604,0.86
1757347218,0.86
1757350821,0.855
1757354402,0.855
1757358020,0.855
1757361613,0.855
1757365212,0.85
1757368805,0.85
1757372411,0.85
1757376003,0.85
1757379610,0.85
1757383210,0.85
1757386821,0.85
1757390413,0.85
1757394014,0.85
1757397606,0.85
1757401208,0.85
1757404809,0.85
1757408421,0.85
1757412014,0.85
1757415612,0.85
1757419218,0.85
1757422807,0.85
1757426410,0.85
1757430004,0.85
1757433621,0.85
1757437219,0.85
1757440807,0.85
1757444408,0.85
1757448004,0.85
1757451621,0.85
1757455213,0.85
1757458817,0.85
1757462406,0.85
1757466012,0.85
1757469604,0.85
1757473216,0.85
1757476803,0.85
1757480408,0.85
1757484022,0.85
1757487612,0.85
1757491206,0.85
1757494812,0.85
1757498412,0.85
1757502013,0.85
1757505611,0.85
1757509211,0.85
1757512813,0.85
1757516420,0.85
1757520010,0.85
1757523616,0.85
1757527208,0.85
1757530812,0.85
1757534415,0.85
1757538010,0.85
1757541616,0.85
1757545218,0.85
1757548810,0.85
1757552404,0.85
1757556002,0.85
1757559618,0.85
1757563215,0.84
1757566810,0.84
1757570402,0.84
1757574012,0.84
1757577618,0.84
1757581203,0.84
1757584814,0.84
1757588416,0.84
1757592027,0.84
1757595620,0.84
1757599203,0.84
1757602818,0.84
1757606420,0.84
1757610016,0.84
1757613606,0.84
1757617221,0.84
1757620809,0.84
1757624412,0.84
1757628022,0.84
1757631612,0.845
1757635214,0.845
1757638818,0.845
1757642410,0.85
1757646016,0.845
1757649625,0.845
1757653222,0.845
1757656815,0.845
1757660417,0.845
1757664022,0.845
1757667629,0.845
1757671220,0.845
1757674806,0.845
1757678435,0.845
1757682010,0.845
1757685614,0.845
1757689202,0.84
1757692802,0.845
1757696402,0.845
1757700019,0.845
1757703626,0.845
1757707208,0.845
1757710818,0.835
1757714405,0.845
1757718021,0.845
1757721610,0.845
1757725212,0.845
1757728815,0.845
1757732424,0.845
1757736013,0.845
1757739617,0.845
1757743215,0.845
1757746802,0.845
1757750414,0.845
1757754002,0.845
1757757612,0.845
1757761216,0.845
1757764818,0.845
1757768413,0.85
1757772022,0.85
1757775617,0.85
1757779204,0.85
1757782806,0.845
1757786411,0.845
1757790018,0.845
1757793615,0.84
1757797224,0.855
1757800815,0.855
1757804418,0.855
1757808015,0.855
1757811605,0.835
1757815211,0.84
1757818821,0.84
1757822419,0.84
1757826021,0.84
1757829603,0.845
1757833220,0.845
1757836809,0.845
1757840417,0.855
1757844026,0.845
1757847613,0.845
1757851224,0.845
1757854819,0.845
1757858410,0.84
1757862005,0.84
1757865612,0.845
1757869209,0.845
1757872816,0.845
1757876422,0.85
1757880018,0.865
1757883611,0.865
1757887217,0.83
1757890806,0.825
1757894413,0.845
1757898013,0.845
1757901605,0.83
1757905223,0.83
1757908822,0.835
1757912421,0.835
1757916002,0.84
1757919604,0.84
1757923208,0.83
1757926811,0.835
1757930416,0.835
1757934008,0.84
1757937623,0.835
1757941218,0.835
1757944819,0.85
1757948411,0.85
1757952021,0.85
1757955623,0.85
1757959215,0.85
1757962817,0.85
1757966408,0.85
1757970009,0.85
1757973615,0.85
1757977210,0.85
1757980806,0.85
1757984407,0.835
1757988013,0.835
1757991619,0.835
1757995204,0.835
1757998823,0.835
1758002421,0.835
1758006002,0.835
1758009626,0.835
1758013228,0.83
1758016817,0.83
1758020416,0.83
1758024016,0.83
1758027615,0.83
1758031213,0.83
1758034815,0.83
1758038420,0.835
1758042008,0.835
1758045628,0.835
1758049213,0.835
1758052821,0.835
1758056404,0.835
1758060018,0.835
1758063620,0.835
1758067206,0.835
1758070814,0.835
1758074412,0.835
1758078002,0.835
1758081606,0.835
1758085215,0.835
1758088811,0.835
1758092414,0.835
1758096015,0.835
1758099624,0.835
1758103212,0.835
1758106807,0.835
1758110417,0.835
1758114012,0.835
1758117614,0.835
1758121214,0.835
1758124819,0.835
1758128413,0.835
1758135606,0.835
1758139203,0.835
1758142802,0.835
1758146402,0.835
1758150019,0.835
1758153614,0.835
1758157212,0.835
1758160806,0.835
1758164411,0.835
1758168013,0.835
1758171609,0.835
1758175214,0.835
1758178810,0.835
1758182404,0.835
1758186018,0.835
1758189603,0.835
1758193209,0.835
1758196823,0.835
1758200418,0.835
1758204019,0.835
1758207602,0.835
1758211208,0.835
1758214803,0.835
1758218404,0.835
1758222012,0.835
1758225618,0.84
1758229204,0.84
1758232803,0.84
1758236411,0.84
1758240017,0.84
1758243611,0.835
1758247204,0.835
1758250812,0.835
1758254414,0.835
1758258015,0.835
1758261615,0.835
1758265208,0.835
1758268815,0.835
1758272418,0.835
1758276025,0.835
1758279609,0.835
1758283221,0.835
1758286802,0.835
1758290406,0.835
1758294017,0.835
1758297604,0.835
1758301221,0.835
1758304825,0.835
1758308402,0.835
1758312011,0.835
1758315621,0.835
1758319212,0.835
1758322824,0.835
1758326410,0.835
1758330015,0.835
1758333604,0.835
1758337212,0.835
1758340808,0.835
1758344407,0.835
1758348027,0.835
1758351606,0.835
1758355210,0.835
1758358826,0.835
1758362415,0.835
1758366023,0.835
1758369617,0.835
1758373207,0.835
1758376806,0.845
1758380418,0.845
1758384016,0.845
1758387618,0.845
1758391204,0.845
1758394825,0.845
1758398412,0.845
1758402012,0.845
1758405612,0.845
1758409215,0.845
1758412804,0.845
1758416411,0.845
1758420006,0.845
1758423606,0.845
1758427221,0.845
1758430819,0.845
1758434414,0.845
1758438011,0.84
1758441612,0.84
1758445213,0.84
1758448812,0.84
1758452411,0.84
1758456027,0.84
1758459616,0.84
1758463207,0.84
1758466804,0.84
1758470408,0.84
1758474020,0.845
1758477608,0.845
1758481209,0.845
1758484808,0.845
1758488409,0.845
1758492011,0.845
1758495608,0.845
1758499202,0.845
1758502810,0.845
1758506404,0.845
1758510018,0.845
1758513605,0.845
1758517215,0.845
1758520804,0.845
1758524407,0.845
1758528019,0.845
1758531616,0.845
1758535222,0.845
1758538802,0.845
1758542405,0.845
1758546011,0.845
1758549618,0.845
1758553212,0.845
1758556804,0.845
1758560416,0.845
1758564013,0.845
1758567616,0.845
1758571204,0.845
1758574822,0.845
1758578417,0.845
1758582006,0.845
1758585605,0.845
1758589204,0.845
1758592804,0.845
1758596415,0.845
1758600022,0.845
1758603611,0.845
1758607209,0.845
1758610821,0.845
1758614423,0.845
1758618018,0.845
1758621617,0.845
1758625215,0.845
1758628828,0.84
1758632411,0.84
1758636021,0.84
1758639620,0.84
1758643213,0.84
1758646807,0.84
1758650416,0.84
1758654004,0.84
1758657620,0.84
1758661205,0.84
1758664808,0.84
1758668414,0.84
1758672013,0.84
1758675616,0.84
1758679214,0.84
1758682807,0.84
1758686423,0.84
1758690004,0.84
1758693617,0.84
1758697218,0.84
1758700802,0.84
1758704420,0.845
1758708012,0.845
1758711614,0.845
1758715207,0.845
1758718802,0.845
1758722409,0.84
1758726010,0.845
1758729606,0.845
1758733208,0.845
1758736808,0.845
1758740411,0.845
1758744006,0.845
1758747607,0.845
1758751208,0.845
1758754814,0.845
1758758409,0.845
1758762009,0.845
1758765611,0.845
1758769211,0.85
1758772804,0.85
1758776409,0.85
1758780016,0.85
1758783602,0.85
1758787210,0.85
1758790808,0.85
1758794408,0.85
1758798002,0.85
1758801617,0.845
1758805206,0.845
1758808808,0.845
1758812402,0.845
1758816011,0.845
1758819607,0.845
1758823205,0.845
1758826813,0.845
1758830411,0.845
1758834007,0.845
1758837610,0.845
1758841202,0.845
1758844812,0.845
1758848411,0.845
1758852012,0.845
1758855616,0.845
1758859211,0.845
1758862810,0.845
1758866415,0.85
1758870007,0.845
1758873615,0.845
1758877210,0.845
1758880816,0.845
1758884407,0.85
1758888013,0.85
1758891615,0.85
1758895213,0.85
1758898813,0.85
1758902410,0.85
1758906009,0.85
1758909614,0.85
1758913206,0.85
1758916815,0.85
1758920416,0.85
1758924011,0.85
1758927612,0.85
1758931208,0.85
1758934807,0.85
1758938404,0.85
1758942013,0.85
1758945609,0.85
1758949208,0.85
1758952807,0.85
1758956404,0.85
1758960015,0.85
1758963615,0.85
1758967207,0.855
1758970814,0.855
1758974404,0.855
1758978011,0.855
1758981607,0.855
1758985209,0.855
1758988810,0.855
1758992417,0.855
1758996007,0.855
1758999613,0.855
1759003213,0.855
1759006811,0.855
1759010415,0.855
1759014013,0.855
1759017605,0.855
1759021208,0.855
1759024805,0.855
1759028403,0.855
1759032010,0.855
1759035607,0.855
1759039208,0.855
1759042805,0.855
1759046414,0.855
1759050005,0.855
1759053611,0.855
1759057208,0.855
1759060804,0.855
1759064416,0.855
1759068013,0.855
1759071612,0.855
1759075207,0.855
1759078808,0.855
1759082407,0.855
1759086005,0.855
1759089608,0.855
1759093213,0.855
1759096809,0.855
1759100415,0.855
1759104006,0.855
1759107609,0.86
1759111210,0.86
1759114808,0.86
1759118412,0.86
1759122007,0.86
1759125613,0.86
1759129207,0.86
1759132802,0.86
1759136408,0.86
1759140008,0.86
1759143602,0.86
1759147217,0.86
1759150804,0.86
1759154409,0.86
1759158007,0.86
1759161610,0.88
1759165210,0.88
1759168810,0.88
1759172407,0.915
1759176003,0.915
1759179612,0.905
1759183206,0.905
1759186803,0.905
1759190411,0.905
1759194012,0.905
1759197605,0.905
1759201211,0.905
1759204804,0.905
1759208410,0.905
1759212004,0.905
1759215607,0.905
1759219207,0.905
1759222812,0.905
1759226405,0.905
1759230009,0.905
1759233608,0.905
1759237206,0.905
1759240813,0.92
1759244412,0.915
1759248003,0.92
1759251613,0.915
1759255206,0.915
1759258813,0.915
1759262406,0.915
1759266014,0.915
1759269602,0.915
1759273214,0.915
1759276806,0.915
1759280402,0.915
1759284002,0.915
1759287604,0.915
1759291212,0.915
1759294803,0.915
1759298410,0.915
1759302008,0.915
1759305605,0.915
1759309205,0.915
1759312804,0.915
1759316413,0.915
1759320013,0.92
1759323611,0.92
1759327203,0.92
1759330808,0.92
1759334408,0.92
1759338016,0.92
1759341612,0.92
1759345213,0.92
1759348802,0.92
1759352402,0.92
1759356002,0.92
1759359612,0.92
1759363208,0.92
1759366808,0.92
1759370409,0.92
1759374014,0.92
1759377604,0.915
1759381213,0.915
1759384803,0.915
1759388404,0.915
1759392005,0.915
1759395603,0.915
1759399207,0.915
1759402804,0.915
1759406412,0.915
1759410002,0.915
1759413607,0.915
1759417205,0.915
1759420803,0.915
1759424409,0.915
1759428014,0.915
1759431611,0.915
1759435203,0.915
1759438813,0.915
1759442410,0.915
1759446002,0.915
1759449604,0.915
1759453205,0.915
1759456803,0.915
1759460407,0.915
1759464005,0.915
1759467612,0.915
1759471212,0.915
1759474816,0.915
1759478403,0.915
1759482007,0.915
1759485602,0.915
1759489207,0.915
1759492807,0.915
1759496409,0.915
1759500002,0.915
1759503608,0.915
1759507203,0.915
1759510810,0.915
1759514406,0.915
1759518007,0.915
1759521608,0.915
1759525205,0.915
1759528803,0.915
1759532403,0.915
1759536004,0.915
1759539604,0.915
1759543204,0.915
1759546804,0.915
1759550402,0.915
1759554002,0.915
1759557602,0.915
1759561206,0.915
1759564804,0.915
1759568403,0.915
1759572003,0.915
1759575607,0.915
1759579217,0.915
1759582812,0.915
1759586406,0.915
1759590004,0.915
1759593608,0.915
1759597210,0.905
1759600804,0.905
1759604402,0.9
1759608007,0.9
1759611605,0.9
1759615208,0.9
1759618807,0.9
1759622405,0.9
1759626005,0.9
1759629604,0.9
1759633205,0.9
1759636803,0.895
1759640406,0.895
1759644005,0.895
1759647604,0.895
1759651202,0.895
1759654803,0.895
1759658407,0.895
1759662003,0.895
1759665603,0.895
1759669208,0.895
1759672804,0.895
1759676402,0.895
1759680008,0.895
1759683614,0.895
1759687213,0.895
1759690811,0.895
1759694406,0.895
1759698007,0.895
1759701607,0.895
1759705205,0.895
1759708808,0.895
1759712403,0.895
1759716004,0.895
1759719603,0.895
1759723203,0.895
1759726807,0.895
1759730403,0.895
1759734015,0.895
1759737603,0.895
1759741207,0.895
1759744803,0.895
1759748402,0.895
1759752004,0.895
1759755605,0.895
1759759203,0.895
1759762805,0.895
1759766403,0.9
1759770005,0.9
1759773605,0.9
1759777202,0.9
1759780814,0.9
1759784415,0.9
1759788005,0.9
1759791612,0.9
1759795207,0.905
1759798809,0.905
1759802411,0.905
1759806009,0.9
1759809614,0.9
1759813203,0.9
1759816817,0.9
1759820413,0.9
1759824009,0.9
1759827614,0.9
1759831209,0.9
1759834806,0.9
1759838402,0.9
1759842014,0.9
1759845609,0.9
1759849214,0.9
1759852802,0.9
1759856417,0.9
1759860013,0.9
1759863614,0.9
1759867214,0.9
1759870819,0.9
1759874403,0.9
1759878010,0.9
1759881610,0.9
1759885212,0.9
1759888813,0.9
1759892419,0.9
1759896017,0.9
1759899615,0.9
1759903211,0.9
1759906812,0.9
1759910403,0.9
1759914003,0.9
1759917607,0.9
1759921210,0.9
1759924815,0.905
1759928406,0.91
1759932008,0.91
1759935613,0.91
1759939205,0.91
1759942812,0.905
1759946409,0.905
1759950016,0.905
1759953606,0.905
1759957212,0.91
1759960815,0.905
1759964406,0.91
1759968013,0.91
1759971608,0.91
1759975206,0.905
1759978807,0.91
1759982409,0.91
1759986006,0.91
1759989604,0.91
1759993209,0.91
1759996808,0.91
1760000413,0.91
1760004005,0.905
1760007607,0.91
1760011207,0.91
1760014806,0.91
1760018411,0.9
1760022020,0.905
1760025618,0.9
1760029218,0.905
1760032808,0.905
1760036410,0.905
1760040009,0.905
1760043621,0.905
1760047208,0.91
1760050809,0.91
1760054410,0.91
1760058004,0.91
1760061615,0.91
1760065213,0.9
1760068818,0.9
1760072416,0.9
1760076020,0.9
1760079608,0.905
1760083209,0.905
1760086808,0.905
1760090408,0.905
1760094017,0.905
1760097611,0.905
1760101216,0.905
1760104812,0.905
1760108411,0.905
1760112008,0.905
1760115614,0.9
1760119222,0.9
1760122815,0.9
1760126406,0.9
1760130010,0.9
1760133620,0.9
1760137215,0.9
1760140809,0.9
1760144410,0.9
1760148003,0.9
1760151611,0.9
1760155215,0.9
1760158812,0.9
1760162407,0.9
1760166006,0.9
1760169617,0.9
1760173212,0.9
1760176805,0.9
1760180405,0.9
1760184008,0.9
1760187604,0.9
1760191210,0.9
1760194803,0.9
1760198418,0.9
1760202007,0.9
1760205603,0.9
1760209212,0.9
1760212811,0.9
1760216423,0.9
1760220005,0.9
1760223607,0.9
1760227208,0.9
1760230810,0.9
1760234413,0.89
1760238015,0.89
1760241619,0.89
1760245204,0.89
1760248806,0.89
1760252407,0.89
1760256017,0.89
1760259605,0.89
1760263217,0.88
1760266814,0.88
1760270423,0.88
1760274017,0.88
1760277608,0.88
1760281206,0.895
1760284807,0.895
1760288421,0.895
1760292018,0.895
1760295610,0.89
1760299211,0.895
1760302824,0.895
1760306411,0.895
1760310005,0.895
1760313614,0.89
1760317211,0.89
1760320807,0.89
1760324421,0.89
1760328005,0.89
1760331612,0.89
1760335204,0.89
1760338811,0.89
1760342409,0.89
1760346022,0.89
1760349613,0.89
1760353208,0.89
1760356824,0.89
1760360416,0.895
1760364010,0.89
1760367620,0.88
1760371216,0.885
1760374811,0.885
1760378421,0.885
1760382009,0.885
1760385609,0.885
1760389225,0.88
1760392817,0.885
1760396409,0.88
1760400004,0.88
1760403610,0.88
1760407210,0.88
1760410824,0.88
1760414414,0.89
1760418015,0.89
1760421618,0.89
1760425211,0.89
1760428811,0.89
1760432405,0.89
1760436017,0.89
1760439605,0.89
1760443213,0.89
1760446804,0.89
1760450404,0.89
1760454009,0.89
1760457618,0.89
1760461209,0.89
1760464822,0.89
1760468417,0.89
1760472013,0.89
1760475620,0.89
1760479207,0.89
1760482803,0.89
1760486406,0.89
1760490007,0.89
1760493607,0.89
1760497208,0.89
1760500811,0.89
1760504410,0.85
1760508015,0.85
1760511610,0.855
1760515217,0.85
1760518821,0.85
1760522414,0.845
1760526009,0.845
1760529613,0.85
1760533203,0.85
1760536808,0.895
1760540423,0.895
1760544008,0.895
1760547608,0.895
1760551225,0.895
1760554819,0.895
1760558404,0.895
1760562010,0.895
1760565609,0.895
1760569207,0.895
1760572818,0.895
1760576415,0.895
1760580013,0.895
1760583618,0.895
1760587216,0.895
1760590817,0.895
1760594410,0.87
1760598005,0.87
1760601617,0.87
1760605206,0.87
1760608816,0.865
1760612410,0.86
1760616026,0.86
1760619612,0.88
1760623219,0.88
1760626803,0.88
1760630410,0.88
1760634010,0.875
1760637619,0.88
1760641218,0.88
1760644820,0.88
1760648422,0.885
1760652019,0.88
1760655616,0.885
1760659207,0.895
1760662811,0.895
1760666412,0.895
1760670015,0.895
1760673615,0.895
1760677205,0.895
1760680822,0.895
1760684404,0.895
1760688009,0.895
1760691628,0.895
1760695218,0.895
1760698808,0.895
1760702409,0.895
1760706017,0.89
1760709617,0.895
1760713210,0.895
1760716821,0.895
1760720414,0.895
1760724024,0.9
1760727620,0.895
1760731213,0.895
1760734811,0.895
1760738412,0.895
1760742012,0.895
1760745614,0.895
1760749212,0.895
1760752811,0.895
1760756409,0.895
1760760019,0.895
1760763606,0.89
1760767209,0.89
1760770804,0.89
1760774414,0.89
1760778005,0.89
1760781614,0.89
1760785210,0.89
1760788831,0.885
1760792414,0.865
1760796011,0.865
1760799619,0.865
1760803220,0.865
1760806812,0.865
1760810427,0.87
1760814019,0.87
1760817605,0.87
1760821218,0.87
1760824805,0.875
1760828406,0.87
1760832016,0.875
1760835604,0.865
1760839213,0.86
1760842825,0.87
1760846420,0.87
1760850017,0.875
1760853607,0.865
1760857210,0.87
1760860812,0.875
1760864425,0.865
1760868010,0.875
1760871608,0.875
1760875220,0.865
1760878818,0.865
1760882408,0.875
1760886009,0.865
1760889607,0.88
1760893208,0.875
1760896822,0.875
1760900408,0.875
1760904004,0.875
1760907607,0.875
1760911207,0.875
1760914818,0.875
1760918423,0.875
1760922013,0.88
1760925603,0.895
1760929212,0.89
1760932821,0.885
1760936414,0.885
1760940024,0.885
1760943612,0.885
1760947214,0.885
1760950823,0.885
1760954416,0.885
1760958006,0.88
1760961610,0.88
1760965210,0.885
1760968808,0.885
1760972414,0.895
1760976015,0.885
1760979606,0.885
1760983204,0.885
1760986814,0.885
1760990405,0.885
1760994008,0.885
1760997604,0.89
1761001205,0.885
1761004814,0.885
1761008407,0.89
1761012012,0.89
1761015614,0.885
1761019211,0.89
1761022806,0.89
1761026403,0.9
1761030009,0.9
1761033618,0.9
1761037226,0.9
1761040819,0.905
1761044411,0.895
1761048027,0.895
1761051617,0.895
1761055207,0.905
1761058825,0.905
1761062408,0.9
1761066005,0.9
1761069630,0.9
1761073212,0.9
1761076811,0.905
1761080415,0.905
1761084021,0.905
1761087611,0.905
1761091217,0.905
1761094812,0.905
1761098411,0.905
1761102021,0.905
1761105616,0.905
1761109216,0.905
1761112817,0.9
1761116410,0.895
1761120012,0.9
1761123616,0.895
1761127215,0.895
1761130811,0.895
1761134422,0.895
1761138016,0.895
1761141614,0.895
1761145221,0.895
1761148816,0.895
1761152419,0.89
1761156023,0.89
1761159616,0.895
1761163217,0.89
1761166820,0.89
1761170416,0.895
1761174016,0.89
1761177609,0.895
1761181209,0.89
1761184810,0.89
1761188411,0.89
1761192010,0.89
1761195611,0.89
1761199213,0.895
1761202809,0.895
1761206412,0.89
1761210011,0.895
1761213611,0.895
1761217213,0.895
1761220815,0.885
1761224412,0.885
1761228042,0.885
1761231612,0.89
1761235213,0.89
1761238814,0.89
1761242413,0.895
1761246014,0.9
1761249614,0.895
1761253215,0.905
1761256814,0.91
1761260414,0.91
1761264014,0.91
1761267612,0.915
1761271214,0.91
1761274814,0.91
1761278415,0.905
1761282014,0.9
1761285616,0.9
1761289215,0.9
1761292814,0.9
1761296415,0.9
1761300014,0.9
1761303614,0.9
1761307217,0.9
1761310814,0.905
1761314415,0.905
1761318017,0.905
1761321615,0.905
1761325216,0.905
1761328815,0.905
1761332416,0.905
1761336015,0.905
1761339617,0.905
1761343215,0.905
1761346814,0.915
1761350413,0.915
1761354011,0.915
1761357612,0.915
1761361215,0.915
1761364815,0.915
1761368415,0.915
1761372016,0.915
1761375616,0.915
1761379214,0.915
1761382817,0.915
1761386416,0.91
1761390015,0.91
1761393618,0.91
1761397214,0.91
1761400815,0.91
1761404416,0.91
1761408015,0.915
1761411617,0.915
1761415217,0.915
1761418815,0.915
1761422415,0.915
1761426017,0.915
1761429615,0.915
1761433214,0.915
1761436815,0.915
1761440412,0.915
1761444013,0.915
1761447615,0.915
1761451214,0.915
1761454814,0.915
1761458415,0.915
1761462014,0.915
1761465614,0.915
1761469216,0.915
1761472814,0.915
1761476413,0.915
1761480019,0.915
1761483613,0.915
1761487214,0.915
1761490814,0.915
1761494412,0.915
1761498013,0.915
1761501615,0.915
1761505212,0.915
1761508813,0.915
1761512415,0.915
1761516013,0.915
1761519612,0.915
1761523214,0.915
1761526810,0.915
1761530413,0.915
1761534014,0.92
1761537612,0.92
1761541212,0.92
1761544814,0.92
1761548411,0.92
1761552012,0.92
1761555614,0.92
1761559212,0.92
1761562812,0.92
1761566417,0.92
1761570013,0.92
1761573611,0.92
1761577215,0.92
1761580813,0.92
1761584414,0.92
1761588015,0.92
1761591613,0.92
1761595215,0.92
1761598816,0.92
1761602413,0.92
1761606013,0.92
1761609617,0.92
1761613213,0.92
1761616813,0.92
1761620422,0.92
1761624019,0.92
1761627613,0.92
1761631216,0.92
1761634812,0.92
1761638414,0.92
1761642014,0.92
1761645618,0.92
1761649218,0.92
1761652815,0.92
1761656418,0.92
1761660016,0.92
1761663619,0.92
1761667219,0.92
1761670820,0.92
1761674419,0.92
1761678017,0.92
1761681619,0.92
1761685219,0.92
1761688818,0.92
1761692418,0.92
1761696016,0.92
1761699612,0.92
1761703211,0.92
1761706818,0.92
1761710417,0.92
1761714018,0.92
1761717615,0.92
1761721212,0.92
1761724819,0.92
1761728419,0.92
1761746413,0.925
1761750016,0.925
1761753613,0.925
1761757215,0.925
1761760815,0.925
1761764414,0.925
1761768015,0.925
1761771615,0.925
1761775215,0.925
1761778815,0.925
1761782416,0.925
1761786013,0.925
1761789614,0.925
1761793216,0.925
1761796816,0.925
1761800416,0.925
1761804016,0.925
1761807616,0.925
1761811215,0.925
1761814816,0.925
1761818411,0.925
1761822015,0.925
1761825618,0.925
1761829216,0.925
1761832816,0.925
1761836416,0.925
1761840015,0.925
1761843617,0.925
1761847217,0.925
1761850815,0.925
1761854415,0.925
1761858018,0.925
1761861617,0.925
1761865217,0.925
1761868811,0.925
1761872410,0.925
1761876013,0.925
1761879614,0.915
1761883215,0.915
1761886815,0.915
1761890416,0.915
1761894016,0.915
1761897620,0.915
1761901215,0.915
1761904816,0.915
1761908415,0.915
1761912017,0.915
1761915615,0.915
1761919215,0.92
1761922815,0.92
1761926416,0.92
1761930017,0.92
1761933616,0.92
1761937216,0.92
1761940815,0.92
1761944417,0.915
1761948016,0.915
1761951616,0.915
1761955215,0.915
1761958814,0.915
1761962415,0.915
1761966017,0.915
1761969615,0.915
1761973216,0.915
1761976817,0.92
1761980417,0.92
1761984016,0.92
1761987617,0.92
1761991217,0.925
1761994816,0.925
1761998420,0.925
1762002015,0.92
1762005616,0.92
1762009217,0.92
1762012816,0.92
1762016418,0.92
1762020016,0.92
1762023616,0.92
1762027217,0.92
1762030818,0.92
1762034417,0.92
1762038016,0.92
1762041612,0.92
1762045212,0.915
1762048813,0.92
1762052414,0.92
1762056014,0.92
1762059615,0.92
1762063215,0.92
1762066815,0.925
1762070414,0.925
1762074015,0.925
1762077615,0.915
1762081216,0.92
1762084817,0.92
1762088414,0.92
1762092015,0.92
1762095615,0.92
1762099215,0.925
1762102816,0.925
1762106417,0.925
1762110016,0.925
1762113615,0.92
1762117217,0.92
1762120816,0.92
1762124415,0.92
1762128014,0.92
1762131614,0.92
1762135214,0.92
1762138814,0.92
1762142416,0.91
1762146014,0.91
1762149616,0.91
1762153215,0.91
1762156814,0.91
1762160415,0.91
1762164015,0.91
1762167614,0.91
1762171216,0.915
1762174815,0.915
1762178414,0.92
1762182014,0.92
1762185615,0.92
1762189216,0.92
1762192816,0.92
1762196415,0.92
1762200016,0.92
1762203618,0.92
1762207216,0.92
1762210816,0.92
1762214415,0.925
1762218012,0.925
1762221613,0.925
1762225216,0.92
1762228816,0.92
1762232415,0.925
1762236017,0.925
1762239616,0.925
1762243216,0.92
1762246817,0.925
1762250416,0.925
1762254016,0.925
1762257619,0.925
1762261216,0.925
1762264817,0.925
1762268416,0.925
1762272017,0.925
1762275617,0.925
1762279217,0.925
1762282817,0.925
1762286416,0.925
1762290019,0.925
1762293617,0.925
1762297216,0.925
1762300815,0.925
1762304414,0.925
1762308015,0.925
1762311617,0.925
1762315216,0.925
1762318817,0.925
1762322419,0.925
1762326018,0.925
1762329617,0.925
1762333218,0.925
1762336816,0.925
1762340416,0.925
1762344019,0.93
1762347615,0.93
1762351216,0.93
1762354817,0.93
1762358415,0.94
1762362017,0.94
1762365617,0.94
1762369216,0.94
1762372816,0.935
1762376418,0.935
1762380016,0.935
1762383616,0.935
1762387210,0.94
1762390811,0.94
1762394413,0.94
1762398016,0.94
1762401616,0.94
1762405215,0.94
1762408816,0.94
1762412416,0.94
1762416013,0.94
1762419616,0.94
1762423210,0.94
1762426815,0.94
1762430420,0.94
1762434015,0.945
1762437615,0.945
1762441216,0.945
1762444815,0.94
1762448418,0.94
1762452017,0.94
1762455616,0.94
1762459218,0.94
1762462820,0.93
1762466416,0.93
1762470016,0.93
1762473615,0.93
1762477213,0.93
1762480818,0.93
1762484418,0.93
1762488016,0.93
1762491618,0.93
1762495220,0.925
1762498817,0.925
1762502416,0.925
1762506017,0.925
1762509617,0.925
1762513216,0.925
1762516820,0.925
1762520417,0.935
1762524019,0.935
1762527628,0.935
1762531217,0.935
1762534835,0.935
1762538419,0.935
1762542019,0.935
1762545629,0.935
1762549218,0.93
1762552816,0.93
1762556432,0.93
1762560011,0.93
1762563612,0.93
1762567207,0.93
1762570815,0.93
1762574415,0.93
1762578008,0.93
1762581616,0.93
1762585216,0.93
1762588813,0.93
1762592416,0.93
1762596015,0.93
1762599627,0.93
1762603232,0.93
1762606815,0.93
1762610415,0.93
1762614016,0.93
1762617615,0.93
1762621217,0.93
1762624816,0.93
1762628416,0.93
1762632015,0.93
1762635617,0.935
1762639216,0.935
1762642816,0.935
1762646427,0.935
1762650013,0.935
1762653615,0.935
1762657216,0.935
1762660826,0.935
1762664415,0.935
1762668016,0.935
1762671616,0.935
1762675215,0.935
1762678815,0.935
1762682415,0.935
1762686016,0.935
1762689617,0.935
1762693214,0.935
1762696814,0.935
1762700415,0.935
1762704014,0.935
1762707615,0.935
1762711216,0.935
1762714814,0.935
1762718414,0.935
1762722017,0.935
1762725616,0.935
1762729214,0.935
1762732810,0.935
1762736423,0.935
1762740012,0.935
1762743614,0.935
1762747215,0.935
1762750815,0.935
1762754416,0.935
1762758014,0.935
1762761614,0.935
1762765227,0.935
1762768816,0.935
1762772414,0.935
1762776017,0.935
1762779616,0.935
1762783215,0.935
1762786817,0.935
1762790417,0.935
1762794015,0.935
1762797617,0.935
1762801215,0.935
1762804816,0.935
1762808417,0.935
1762812015,0.935
1762815616,0.935
1762819216,0.935
1762822816,0.935
1762826417,0.935
1762830019,0.935
1762833619,0.935
1762837216,0.935
1762840824,0.935
1762844418,0.935
1762848029,0.935
1762851617,0.935
1762855217,0.935
1762858832,0.935
1762862433,0.935
1762866015,0.935
1762869617,0.935
1762873231,0.925
1762876816,0.925
1762880418,0.925
1762884017,0.925
1762887616,0.925
1762891217,0.925
1762894819,0.925
1762898416,0.92
1762902017,0.92
1762905615,0.92
1762909212,0.92
1762912813,0.92
1762916417,0.925
1762920017,0.925
1762923615,0.925
1762927218,0.925
1762930818,0.925
1762934415,0.925
1762938018,0.925
1762941615,0.925
1762945216,0.925
1762948819,0.925
1762952416,0.925
1762956017,0.925
1762959617,0.925
1762963217,0.925
1762966832,0.925
1762970418,0.925
1762974018,0.925
1762977617,0.925
1762981219,0.925
1762984816,0.925
1762988418,0.925
1762992015,0.925
1762995614,0.925
1762999209,0.925
1763002818,0.925
1763006418,0.925
1763010017,0.925
1763013619,0.925
1763017219,0.925
1763020816,0.925
1763024419,0.925
1763028016,0.925
1763031618,0.925
1763035221,0.925
1763038817,0.925
1763042418,0.925
1763046019,0.92
1763049619,0.92
1763053222,0.92
1763056820,0.92
1763060433,0.92
1763064018,0.92
1763067620,0.92
1763071218,0.92
1763074819,0.925
1763078414,0.925
1763082013,0.925
1763085615,0.925
1763089217,0.925
1763092818,0.92
1763096417,0.92
1763100019,0.92
1763103619,0.91
1763107217,0.915
1763110819,0.915
1763114417,0.92
1763118019,0.92
1763121621,0.92
1763125230,0.92
1763128819,0.92
1763132417,0.92
1763136017,0.915
1763139620,0.92
1763143219,0.915
1763146820,0.915
1763150418,0.915
1763154033,0.92
1763157619,0.92
1763161217,0.925
1763164817,0.935
1763168415,0.935
1763172017,0.935
1763175619,0.935
1763179218,0.935
1763182818,0.935
1763186420,0.93
1763190018,0.93
1763193617,0.935
1763197219,0.92
1763200819,0.92
1763204419,0.915
1763208022,0.915
1763211617,0.935
1763215218,0.935
1763218819,0.935
1763222418,0.935
1763226021,0.93
1763229620,0.935
1763233220,0.935
1763236819,0.935
1763240420,0.935
1763244018,0.93
1763247618,0.93
1763251212,0.935
1763254822,0.93
1763258413,0.925
1763262016,0.92
1763265615,0.925
1763269215,0.925
1763272816,0.925
1763276416,0.925
1763280015,0.925
1763283617,0.925
1763287216,0.925
1763290817,0.925
1763294420,0.925
1763298016,0.925
1763301616,0.925
1763305217,0.925
1763308816,0.925
1763312418,0.925
1763316021,0.925
1763319617,0.925
1763323217,0.925
1763326820,0.93
1763330417,0.93
1763334016,0.93
1763337615,0.93
1763341213,0.935
1763344815,0.935
1763348417,0.93
1763352015,0.93
1763355616,0.93
1763359217,0.93
1763362817,0.93
1763366430,0.93
1763370035,0.93
1763373620,0.93
1763377217,0.93
1763380818,0.935
1763384416,0.93
1763388015,0.935
1763391633,0.93
1763395215,0.93
1763398818,0.93
1763402418,0.93
1763406018,0.93
1763409618,0.925
1763413219,0.925
1763416820,0.925
1763420419,0.925
1763424012,0.925
1763427612,0.925
1763431213,0.925
1763434816,0.925
1763438416,0.93
1763442016,0.93
1763445618,0.93
1763449217,0.93
1763452816,0.93
1763456418,0.93
1763460017,0.93
1763463614,0.93
1763467220,0.93
1763470819,0.925
1763474417,0.93
1763478018,0.93
1763481618,0.93
1763485218,0.93
1763488818,0.93
1763492419,0.93
1763496018,0.93
1763499621,0.93
1763503218,0.93
1763506833,0.93
1763510418,0.93
1763514017,0.93
1763517617,0.93
1763521218,0.93
1763524819,0.93
1763528418,0.93
1763532020,0.93
1763535619,0.93
1763539218,0.93
1763542820,0.93
1763546419,0.93
1763550019,0.935
1763553623,0.935
1763557217,0.935
1763560830,0.935
1763564419,0.935
1763568031,0.935
1763571620,0.935
1763575227,0.935
1763578819,0.935
1763582418,0.935
1763586020,0.935
1763589618,0.935
1763593234,0.935
1763596812,0.935
1763600412,0.935
1763604015,0.935
1763607617,0.935
1763611218,0.935
1763614817,0.935
1763618419,0.935
1763622026,0.935
1763625617,0.935
1763629220,0.935
1763632817,0.935
1763636418,0.935
1763640013,0.935
1763643610,0.935
1763647210,0.935
1763650811,0.935
1763654410,0.935
1763658013,0.935
1763661613,0.935
1763665210,0.935
1763668812,0.935
1763672414,0.935
1763676025,0.935
1763679611,0.935
1763683218,0.935
1763686810,0.935
1763690410,0.935
1763694012,0.935
1763697624,0.935
1763701216,0.935
1763704812,0.935
1763708410,0.945
1763712010,0.945
1763715611,0.945
1763719210,0.945
1763722812,0.945
1763726413,0.945
1763730024,0.945
1763733612,0.945
1763737212,0.945
1763740811,0.945
1763744422,0.935
1763748011,0.935
1763751611,0.935
1763755212,0.935
1763758812,0.935
1763762411,0.935
1763766016,0.935
1763769613,0.935
1763773210,0.935
1763776810,0.935
1763780412,0.935
1763784026,0.935
1763787617,0.935
1763791220,0.935
1763794809,0.935
1763798409,0.935
1763802012,0.935
1763805610,0.935
1763809211,0.935
1763812813,0.935
1763816423,0.935
1763820011,0.935
1763823611,0.935
1763827210,0.935
1763830821,0.935
1763834411,0.935
1763838010,0.935
1763841610,0.935
1763845212,0.935
1763848809,0.935
1763852410,0.935
1763856014,0.935
1763859623,0.935
1763863210,0.935
1763866813,0.935
1763870409,0.935
1763874009,0.935
1763877618,0.935
1763881209,0.935
1763884809,0.935
1763888411,0.935
1763892009,0.935
1763895611,0.935
1763899212,0.935
1763902809,0.935
1763906411,0.935
1763910011,0.935
1763913609,0.945
1763917225,0.945
1763920812,0.945
1763924410,0.945
1763928010,0.945
1763931627,0.945
1763935210,0.935
1763938809,0.935
1763942413,0.935
1763946008,0.935
1763949607,0.935
1763953208,0.935
1763956807,0.935
1763960408,0.935
1763964016,0.935
1763967608,0.935
1763971207,0.935
1763974808,0.935
1763978408,0.935
1763982007,0.935
1763985609,0.935
1763989208,0.935
1763992810,0.935
1763996409,0.935
1764000008,0.935
1764003612,0.935
1764007209,0.935
1764010809,0.935
1764014410,0.935
1764018019,0.935
1764021618,0.935
1764025218,0.935
1764028816,0.935
1764032416,0.935
1764036016,0.935
1764039618,0.935
1764043218,0.935
1764046818,0.935
1764050418,0.935
1764054019,0.935
1764057618,0.935
1764061219,0.935
1764064818,0.935
1764068418,0.935
1764072020,0.935
1764075618,0.935
1764079219,0.935
1764082819,0.935
1764086419,0.935
1764090021,0.935
1764093619,0.935
1764097219,0.935
1764100819,0.935
1764104421,0.935
1764108019,0.935
1764111619,0.935
1764115214,0.935
1764118814,0.935
1764122415,0.935
1764126018,0.935
1764129619,0.935
1764133218,0.935
1764136831,0.935
1764140418,0.935
1764144022,0.935
1764147620,0.935
1764151219,0.935
1764154819,0.935
1764158436,0.935
1764162018,0.935
1764165620,0.935
1764169219,0.935
1764172820,0.935
1764176422,0.935
1764180020,0.935
1764183621,0.935
1764187219,0.935
1764190822,0.935
1764194419,0.935
1764198020,0.935
1764201616,0.935
1764205227,0.935
1764208818,0.935
1764212420,0.935
1764216020,0.935
1764219620,0.935
1764223221,0.935
1764226821,0.935
1764230419,0.935
1764234021,0.935
1764237621,0.935
1764241220,0.935
1764244825,0.935
1764248419,0.935
1764252020,0.935
1764255619,0.935
1764259220,0.935
1764262823,0.935
1764266420,0.93
1764270021,0.93
1764273621,0.935
1764277222,0.935
1764280820,0.925
1764284421,0.925
1764288015,0.925
1764291616,0.925
1764295217,0.925
1764298819,0.925
1764302420,0.925
1764306019,0.925
1764309620,0.925
1764313221,0.925
1764316819,0.925
1764320421,0.925
1764324019,0.925
1764327619,0.925
1764331224,0.925
1764334819,0.92
1764338421,0.925
1764342020,0.925
1764345634,0.925
1764349224,0.925
1764352821,0.92
1764356422,0.915
1764360020,0.915
1764363624,0.915
1764367224,0.92
1764370820,0.92
1764374421,0.92
1764378019,0.92
1764381620,0.92
1764385212,0.92
1764388820,0.92
1764392420,0.92
1764396021,0.92
1764399622,0.92
1764403220,0.92
1764406823,0.92
1764410435,0.92
1764414021,0.92
1764417625,0.92
1764421220,0.92
1764424821,0.92
1764428422,0.925
1764432021,0.925
1764435623,0.925
1764439221,0.925
1764442822,0.925
1764446421,0.925
1764450023,0.925
1764453612,0.925
1764457220,0.925
1764460816,0.925
1764464416,0.92
1764468017,0.92
1764471620,0.92
1764475219,0.92
1764478818,0.92
1764482418,0.92
1764486021,0.92
1764489611,0.92
1764493221,0.92
1764496833,0.92
1764500419,0.92
1764504049,0.92
1764507610,0.92
1764511220,0.92
1764514832,0.92
1764518431,0.92
1764522020,0.92
1764525621,0.92
1764529221,0.925
1764532821,0.925
1764536422,0.925
1764540019,0.925
1764543624,0.925
1764547217,0.925
1764550817,0.925
1764554417,0.925
1764558030,0.925
1764561619,0.925
1764565220,0.925
1764568818,0.925
1764572419,0.925
1764576017,0.925
1764579632,0.925
1764583232,0.925
1764586818,0.925
1764590432,0.925
1764594018,0.925
1764597618,0.925
1764601231,0.925
1764604829,0.925
1764608420,0.925
1764612031,0.925
1764615619,0.925
1764619219,0.925
1764622820,0.925
1764626419,0.925
1764630019,0.925
1764633612,0.925
1764637213,0.925
1764640814,0.925
1764644416,0.925
1764648017,0.925
1764651616,0.925
1764655218,0.925
1764658818,0.925
1764662416,0.925
1764666018,0.925
1764669617,0.925
1764673218,0.925
1764676821,0.925
1764680417,0.925
1764684018,0.925
1764687618,0.925
1764691209,0.925
1764694820,0.925
1764698419,0.925
1764702019,0.925
1764705618,0.925
1764709220,0.925
1764712818,0.925
1764716419,0.925
1764720018,0.925
1764723616,0.925
1764727217,0.925
1764730819,0.925
1764734420,0.925
1764738019,0.925
1764741620,0.925
1764745220,0.925
1764748818,0.925
1764752421,0.925
1764756019,0.925
1764759620,0.925
1764763224,0.925
1764766818,0.925
1764770420,0.925
1764774011,0.925
1764777620,0.925
1764781221,0.925
1764784821,0.925
1764788421,0.925
1764792020,0.925
1764795623,0.925
1764799220,0.925
1764802820,0.925
1764806413,0.925
1764810013,0.925
1764813615,0.925
1764817218,0.925
1764820820,0.925
1764824417,0.925
1764828019,0.925
1764831619,0.925
1764835217,0.925
1764838825,0.925
1764842418,0.925
1764846018,0.925
1764849624,0.925
1764853218,0.925
1764856819,0.925
1764860418,0.925
1764864010,0.925
1764867613,0.925
1764871212,0.925
1764874810,0.925
1764878410,0.925
1764882011,0.925
1764885609,0.925
1764889211,0.925
1764892814,0.925
1764896410,0.925
1764900010,0.925
1764903613,0.925
1764907211,0.925
1764910810,0.925
1764914412,0.925
1764918010,0.925
1764921610,0.925
1764925212,0.925
1764928811,0.925
1764932410,0.925
1764936016,0.925
1764939610,0.925
1764943211,0.925
1764946813,0.925
1764950411,0.925
1764954013,0.925
1764957612,0.925
1764961215,0.925
1764964811,0.925
1764968414,0.925
1764972011,0.925
1764975610,0.925
1764979215,0.925
1764982812,0.925
1764986412,0.925
1764990013,0.925
1764993611,0.925
1764997211,0.925
1765000813,0.925
1765004422,0.925
1765008012,0.925
1765011615,0.925
1765015212,0.925
1765018812,0.925
1765022416,0.925
1765026012,0.925
1765029611,0.925
1765033213,0.925
1765036812,0.925
1765040417,0.925
1765044013,0.925
1765047614,0.925
1765051212,0.925
1765054814,0.925
1765058411,0.925
1765062011,0.925
1765065628,0.925
1765069212,0.925
1765072811,0.925
1765076414,0.925
1765080010,0.925
1765083611,0.925
1765087222,0.925
1765090811,0.925
1765094411,0.925
1765098012,0.925
1765101611,0.925
1765105211,0.925
1765108817,0.925
1765112411,0.925
1765116011,0.925
1765119612,0.925
1765123210,0.925
1765126815,0.925
1765130421,0.925
1765134012,0.925
1765137626,0.925
1765141214,0.925
1765144811,0.925
1765148410,0.925
1765152027,0.925
1765155624,0.925
1765159210,0.925
1765162811,0.925
1765166410,0.925
1765170009,0.925
1765173612,0.925
1765177210,0.925
1765180810,0.925
1765184412,0.925
1765188009,0.925
1765191609,0.925
1765195228,0.925
1765198812,0.925
1765202409,0.925
1765206011,0.925
1765209624,0.925
1765213211,0.925
1765216810,0.925
1765220410,0.925
1765224011,0.925
1765227626,0.925
1765231210,0.925
1765234811,0.925
1765238425,0.925
1765242016,0.925
1765245613,0.915
1765249212,0.915
1765252810,0.915
1765256411,0.915
1765260014,0.915
1765263617,0.915
1765267214,0.915
1765270813,0.91
1765274411,0.91
1765278012,0.91
1765281614,0.91
1765285214,0.91
1765288827,0.91
1765292415,0.91
1765296010,0.91
1765299614,0.91
1765303212,0.91
1765306810,0.91
1765310412,0.91
1765314014,0.91
1765317611,0.91
1765321213,0.91
1765324813,0.91
1765328421,0.91
1765332008,0.91
1765335610,0.915
1765339209,0.915
1765342811,0.915
1765346412,0.92
1765350009,0.92
1765353610,0.92
1765357224,0.92
1765360809,0.92
1765364409,0.925
1765368023,0.925
1765371609,0.925
1765375208,0.925
1765378812,0.92
1765382409,0.92
1765386011,0.92
1765389610,0.92
1765393209,0.92
1765396809,0.92
1765400411,0.92
1765404009,0.92
1765407609,0.92
1765411213,0.92
1765414814,0.92
1765418421,0.92
1765422012,0.92
1765425626,0.92
1765429220,0.92
1765432811,0.92
1765436410,0.92
1765440010,0.92
1765443611,0.92
1765447212,0.92
1765450820,0.92
1765454415,0.92
1765458011,0.925
1765461609,0.925
1765465212,0.925
1765468820,0.925
1765472413,0.925
1765476011,0.925
1765479623,0.925
1765483212,0.925
1765486812,0.925
1765490410,0.925
1765494012,0.925
1765497614,0.925
1765501210,0.925
1765504810,0.925
1765508413,0.925
1765512011,0.925
1765515623,0.925
1765519213,0.925
1765522811,0.925
1765526410,0.925
1765530012,0.925
1765533610,0.925
1765537211,0.925
1765540815,0.925
1765544410,0.925
1765548011,0.925
1765551612,0.925
1765555211,0.925
1765558817,0.925
1765562413,0.925
1765566011,0.925
1765569613,0.925
1765573213,0.925
1765576814,0.925
1765580411,0.925
1765584015,0.925
1765587611,0.925
1765591211,0.925
1765594813,0.925
1765598412,0.92
1765602011,0.925
1765605622,0.925
1765609211,0.925
1765612811,0.925
1765616413,0.925
1765620011,0.925
1765623611,0.925
1765627217,0.925
1765630811,0.925
1765634422,0.925
1765638013,0.925
1765641611,0.925
1765645214,0.925
1765648814,0.925
1765652411,0.92
1765656012,0.925
1765659614,0.925
1765663213,0.925
1765666812,0.925
1765670416,0.925
1765674011,0.925
1765677611,0.915
1765681214,0.92
1765684811,0.915
1765688411,0.92
1765692013,0.92
1765695611,0.915
1765699211,0.915
1765702814,0.915
1765706412,0.915
1765710011,0.915
1765713615,0.915
1765717211,0.915
1765720811,0.915
1765724414,0.915
1765728011,0.915
1765731614,0.915
1765735213,0.915
1765738813,0.915
1765742414,0.915
1765746014,0.915
1765749611,0.915
1765753211,0.915
1765756817,0.915
1765760411,0.915
1765764010,0.915
1765767613,0.915
1765771213,0.915
1765774811,0.915
1765778414,0.915
1765782010,0.915
1765785611,0.915
1765789218,0.915
1765792810,0.915
1765796413,0.915
1765800015,0.915
1765803624,0.915
1765807210,0.915
1765810813,0.915
1765814411,0.915
1765818013,0.92
1765821629,0.92
1765825210,0.92
1765828810,0.92
1765832412,0.92
1765836026,0.92
1765839611,0.92
1765843214,0.92
1765846815,0.92
1765850410,0.925
1765854012,0.915
1765857610,0.915
1765861210,0.915
1765864812,0.915
1765868417,0.915
1765872018,0.915
1765875612,0.915
1765879210,0.915
1765882810,0.915
1765886427,0.91
1765890010,0.91
1765893625,0.91
1765897212,0.91
1765900827,0.91
1765904412,0.91
1765908013,0.91
1765911612,0.91
1765915211,0.915
1765918813,0.91
1765922411,0.91
1765926012,0.91
1765929611,0.91
1765929634,0.91
1765933211,0.925
1765936811,0.925
1765940426,0.925
1765944011,0.925
1765947612,0.925
1765951222,0.925
1765954813,0.925
1765958423,0.925
1765962014,0.925
1765965613,0.925
1765969213,0.925
1765972818,0.925
1765976411,0.925
1765980011,0.925
1765983615,0.925
1765987212,0.925
1765990811,0.925
1765994413,0.925
1765998015,0.925
1766001611,0.925
1766005215,0.925
1766008811,0.925
1766012411,0.925
1766016023,0.925
1766019609,0.925
1766023210,0.925
1766026812,0.925
1766030410,0.925
1766034018,0.925
1766037612,0.925
1766041210,0.925
1766044810,0.925
1766048412,0.925
1766052020,0.925
1766055610,0.925
1766059214,0.925
1766062812,0.925
1766066425,0.92
1766070012,0.92
1766073620,0.92
1766077215,0.92
1766080814,0.92
1766084414,0.92
1766088013,0.92
1766091614,0.92
1766095213,0.92
1766098810,0.92
1766102414,0.92
1766106011,0.92
1766109611,0.92
1766113213,0.92
1766116812,0.92
1766120412,0.92
1766124013,0.92
1766127612,0.92
1766131212,0.92
1766134816,0.92
1766138412,0.92
1766142011,0.92
1766145616,0.92
1766149212,0.92
1766152812,0.92
1766156428,0.92
1766160027,0.915
1766163614,0.915
1766167213,0.91
1766170811,0.91
1766174411,0.915
1766178012,0.915
1766181610,0.91
1766185211,0.91
1766188814,0.91
1766192412,0.91
1766196010,0.91
1766199624,0.91
1766203212,0.91
1766206811,0.91
1766210412,0.91
1766214012,0.91
1766217611,0.91
1766221216,0.91
1766224811,0.91
1766228412,0.91
1766232016,0.91
1766235611,0.91
1766239212,0.91
1766242813,0.91
1766246412,0.91
1766250015,0.91
1766253613,0.91
1766257213,0.91
1766260815,0.91
1766264416,0.91
1766268013,0.91
1766271616,0.91
1766275214,0.91
1766278811,0.91
1766282411,0.91
1766286022,0.91
1766289620,0.91
1766293210,0.91
1766296814,0.91
1766300410,0.91
1766304011,0.91
1766307613,0.91
1766311211,0.91
1766314811,0.91
1766318414,0.91
1766322012,0.91
1766325611,0.91
1766329213,0.91
1766332810,0.91
1766336416,0.91
1766340014,0.91
1766343611,0.91
1766347214,0.91
1766350813,0.91
1766354411,0.91
1766358011,0.91
1766361614,0.91
1766365211,0.91
1766368811,0.91
1766372413,0.91
1766376018,0.91
1766379611,0.915
1766383212,0.915
1766386811,0.91
1766390424,0.91
1766394026,0.91
1766397612,0.91
1766401211,0.91
1766404814,0.91
1766408410,0.91
1766412012,0.91
1766415614,0.91
1766419210,0.91
1766422814,0.91
1766426413,0.91
1766430012,0.91
1766433624,0.91
1766437213,0.91
1766440824,0.91
1766444412,0.91
1766448016,0.915
1766451612,0.915
1766455211,0.915
1766458815,0.915
1766462424,0.915
1766466032,0.915
1766469629,0.915
1766473212,0.915
1766476825,0.915
1766480413,0.915
1766484012,0.915
1766487612,0.915
1766491217,0.915
1766494812,0.915
1766498412,0.915
1766502015,0.915
1766505611,0.915
1766509231,0.915
1766512814,0.915
1766516412,0.915
1766520012,0.915
1766523613,0.915
1766527213,0.915
1766530812,0.915
1766534416,0.915
1766538013,0.915
1766541611,0.915
1766545214,0.915
1766548812,0.915
1766552413,0.915
1766556015,0.915
1766559612,0.915
1766563213,0.915
1766566815,0.915
1766570413,0.915
1766574013,0.915
1766577615,0.915
1766581213,0.915
1766584812,0.915
1766588413,0.915
1766592012,0.91
1766595615,0.91
1766599214,0.91
1766602814,0.91
1766606412,0.91
1766610015,0.91
1766613613,0.91
1766617211,0.91
1766620825,0.91
1766624411,0.91
1766628012,0.91
1766631615,0.91
1766635213,0.91
1766638812,0.91
1766642414,0.91
1766646012,0.91
1766649614,0.91
1766653213,0.91
1766656812,0.91
1766660412,0.91
1766664016,0.91
1766667613,0.91
1766671212,0.91
1766674814,0.91
1766678412,0.91
1766682017,0.915
1766685616,0.91
1766689212,0.91
1766692815,0.915
1766696414,0.91
1766700015,0.91
1766703612,0.91
1766707211,0.91
1766710809,0.91
1766714410,0.91
1766718010,0.91
1766721610,0.91
1766725211,0.91
1766728811,0.91
1766732410,0.915
1766736010,0.91
1766739611,0.91
1766743210,0.91
1766746811,0.91
1766750414,0.91
1766754010,0.91
1766757610,0.91
1766761212,0.91
1766764810,0.91
1766768415,0.91
1766772011,0.91
1766775611,0.91
1766779211,0.91
1766782814,0.91
1766786411,0.91
1766790010,0.91
1766793615,0.91
1766797212,0.91
1766800811,0.91
1766804413,0.91
1766808013,0.91
1766811614,0.91
1766815213,0.91
1766818822,0.91
1766822412,0.91
1766826013,0.91
1766829612,0.91
1766833215,0.91
1766836815,0.91
1766840413,0.91
1766844013,0.91
1766847613,0.91
1766851212,0.91
1766854812,0.91
1766858414,0.91
1766862013,0.91
1766865612,0.91
1766869213,0.91
1766872813,0.91
1766876413,0.915
1766880016,0.91
1766887212,0.91
1766890814,0.91
1766894413,0.91
1766898012,0.91
1766901613,0.91
1766905212,0.91
1766908813,0.91
1766912413,0.91
1766916014,0.91
1766919612,0.91
1766923215,0.91
1766926812,0.915
1766930412,0.915
1766934024,0.915
1766937627,0.915
1766941215,0.915
1766944814,0.915
1766948412,0.915
1766952027,0.915
1766955615,0.915
1766959214,0.915
1766962815,0.915
1766966432,0.915
1766973613,0.915
1766977227,0.915
1766980812,0.915
1766984422,0.915
1766988014,0.915
1766991615,0.915
1766995223,0.915
1766998813,0.915
1767002415,0.915
1767006015,0.915
1767009616,0.915
1767013213,0.915
1767016812,0.915
1767020414,0.915
1767024012,0.915
1767027614,0.915
1767031213,0.915
1767034814,0.915
1767038412,0.915
1767042013,0.915
1767045614,0.915
1767049224,0.915
1767052819,0.915
1767056412,0.915
1767060013,0.915
1767063615,0.915
1767067213,0.915
1767070822,0.915
1767074413,0.915
1767078018,0.915
1767081613,0.915
1767085216,0.915
1767088812,0.915
1767092415,0.915
1767096017,0.915
1767099613,0.915
1767103212,0.915
1767106814,0.915
1767110413,0.915
1767114016,0.915
1767117618,0.915
1767121213,0.915
1767124826,0.915
1767128414,0.915
1767132014,0.915
1767135614,0.915
1767139215,0.915
1767142813,0.915
1767146414,0.915
1767150016,0.915
1767153627,0.915
1767157213,0.915
1767160814,0.915
1767164413,0.915
1767168015,0.915
1767171615,0.915
1767175214,0.915
1767178824,0.915
1767182416,0.915
1767186013,0.915
1767189615,0.915
1767193214,0.915
1767196816,0.915
1767200417,0.915
1767204016,0.915
1767207642,0.915
1767211214,0.915
1767214816,0.915
1767218414,0.915
1767222013,0.915
1767225616,0.915
1767229213,0.915
1767232813,0.915
1767236414,0.915
1767240028,0.915
1767243613,0.915
1767247215,0.915
1767250813,0.915
1767254412,0.915
1767258015,0.915
1767261613,0.915
1767265212,0.915
1767268817,0.915
1767272431,0.915
1767276011,0.915
1767279614,0.915
1767283211,0.915
1767286815,0.915
1767290414,0.915
1767294011,0.915
1767297624,0.915
1767301213,0.915
1767304822,0.915
1767308413,0.915
1767312015,0.915
1767315612,0.915
1767319213,0.915
1767322825,0.915
1767326411,0.915
1767330013,0.915
1767333613,0.915
1767337212,0.915
1767340814,0.915
1767344414,0.915
1767348015,0.915
1767351613,0.915
1767355215,0.915
1767358812,0.915
1767362412,0.915
1767366015,0.915
1767369613,0.915
1767373215,0.915
1767376828,0.915
1767380414,0.915
1767384014,0.915
1767387615,0.915
1767391215,0.915
1767394813,0.915
1767398414,0.915
1767405611,0.915
1767409213,0.915
1767412813,0.915
1767416423,0.915
1767420024,0.915
1767423612,0.915
1767427210,0.915
1767430826,0.915
1767434411,0.915
1767438012,0.915
1767441616,0.915
1767445211,0.915
1767448813,0.915
1767452429,0.915
1767456012,0.915
1767459616,0.915
1767463213,0.915
1767466812,0.915
1767470414,0.915
1767474015,0.915
1767477612,0.915
1767481212,0.915
1767484815,0.915
1767488413,0.915
1767492012,0.915
1767495627,0.915
1767499214,0.915
1767502812,0.915
1767506413,0.915
1767510013,0.915
1767513612,0.915
1767517213,0.915
1767520811,0.915
1767524418,0.915
1767528017,0.915
1767531612,0.915
1767535214,0.915
1767538819,0.915
1767542423,0.915
1767546014,0.915
1767549616,0.915
1767553212,0.915
1767556831,0.915
1767560416,0.915
1767564013,0.915
1767567613,0.915
1767571218,0.915
1767574812,0.915
1767578413,0.915
1767582014,0.915
1767585612,0.915
1767589227,0.915
1767592814,0.915
1767596413,0.915
1767600013,0.915
1767603619,0.915
1767607212,0.915
1767610812,0.915
1767614415,0.915
1767618012,0.915
1767621612,0.915
1767625215,0.915
1767628813,0.915
1767632425,0.915
1767636015,0.915
1767639613,0.915
1767643213,0.915
1767646816,0.915
1767650430,0.915
1767654013,0.915
1767657619,0.915
1767661219,0.915
1767664814,0.915
1767668415,0.915
1767672016,0.915
1767675613,0.915
1767679219,0.915
1767682817,0.915
1767686418,0.915
1767690016,0.915
1767693613,0.915
1767697218,0.915
1767700816,0.915
1767704425,0.915
1767708015,0.915
1767711620,0.925
1767715214,0.925
1767718817,0.925
1767722416,0.925
1767726014,0.925
1767729614,0.925
1767733215,0.925
1767736814,0.925
1767740426,0.925
1767744016,0.925
1767747613,0.925
1767751214,0.925
1767754816,0.925
1767758413,0.925
1767762014,0.925
1767765620,0.925
1767769214,0.925
1767772816,0.925
1767776416,0.925
1767780019,0.925
1767783613,0.925
1767787221,0.925
1767790815,0.925
1767794414,0.925
1767798019,0.925
1767801615,0.925
1767805220,0.925
1767808816,0.925
1767812416,0.925
1767816015,0.925
1767819622,0.925
1767823219,0.925
1767826815,0.925
1767830432,0.925
1767834028,0.925
1767837614,0.925
1767841216,0.925
1767844814,0.925
1767848414,0.925
1767852016,0.925
1767855615,0.925
1767859225,0.925
1767862815,0.925
1767866426,0.925
1767870015,0.925
1767873630,0.925
1767877214,0.925
1767880818,0.925
1767884416,0.925
1767888029,0.925
1767891619,0.925
1767895216,0.925
1767898815,0.925
1767902416,0.925
1767906017,0.925
1767909617,0.925
1767913216,0.925
1767916817,0.925
1767920415,0.925
1767924015,0.925
1767927618,0.925
1767931215,0.925
1767934815,0.925
1767938417,0.925
1767942014,0.925
1767945615,0.925
1767949216,0.925
1767952816,0.925
1767956414,0.925
1767960031,0.925
1767963615,0.925
1767967215,0.925
1767970818,0.925
1767974417,0.925
1767978019,0.925
1767981619,0.925
1767985216,0.925
1767988829,0.925
1767992418,0.925
1767996017,0.925
1767999615,0.925
1768003218,0.925
1768006817,0.925
1768010414,0.925
1768014016,0.925
1768017614,0.925
1768021214,0.925
1768024818,0.925
1768028415,0.925
1768032030,0.925
1768035618,0.925
1768039217,0.925
1768042817,0.925
1768046419,0.925
1768050016,0.925
1768053619,0.925
1768057218,0.925
1768060827,0.925
1768064419,0.925
1768068020,0.925
1768071615,0.925
1768075215,0.925
1768078821,0.925
1768082416,0.925
1768086028,0.925
1768089616,0.925
1768093214,0.925
1768096827,0.925
1768100415,0.925
1768104015,0.925
1768107612,0.925
1768111216,0.925
1768114815,0.925
1768118414,0.925
1768122014,0.925
1768125612,0.925
1768129223,0.925
1768132816,0.925
1768136414,0.925
1768140014,0.925
1768143626,0.925
1768147212,0.925
1768150826,0.925
1768154418,0.925
1768158015,0.925
1768161617,0.925
1768165234,0.925
1768168817,0.925
1768172414,0.925
1768176018,0.925
1768179614,0.925
1768183224,0.925
1768186831,0.925
1768190415,0.925
1768194014,0.925
1768197615,0.925
1768201215,0.925
1768204816,0.925
1768208415,0.925
1768212013,0.925
1768215624,0.925
1768219222,0.925
1768222815,0.925
1768226413,0.925
1768230018,0.925
1768233613,0.925
1768237215,0.925
1768240843,0.925
1768244415,0.925
1768248018,0.925
1768251619,0.925
1768255243,0.925
1768258819,0.925
1768262418,0.925
1768269614,0.925
1768273219,0.925
1768276815,0.925
1768280415,0.925
1768284018,0.925
1768287629,0.925
1768291228,0.925
1768294820,0.925
1768298415,0.925
1768302016,0.925
1768305621,0.925
1768309259,0.925
1768312830,0.925
1768316417,0.925
1768320027,0.925
1768323618,0.925
1768327218,0.925
1768330856,0.925
1768334416,0.925
1768338018,0.925
1768341617,0.925
1768345217,0.925
1768348819,0.925
1768352416,0.925
1768356017,0.925
1768359618,0.925
1768363218,0.925
1768366819,0.925
1768370419,0.925
1768374017,0.925
1768377631,0.925
1768381217,0.925
1768384815,0.925
1768388415,0.925
1768392020,0.925
1768395618,0.925
1768399215,0.925
1768402829,0.925
1768406430,0.925
1768410020,0.925
1768413620,0.925
1768417216,0.925
1768420817,0.925
1768424421,0.925
1768428019,0.925
1768431617,0.925
1768435220,0.925
1768438815,0.925
1768442416,0.925
1768446027,0.925
1768449617,0.925
1768453216,0.925
1768456819,0.925
1768460417,0.925
1768464016,0.925
1768467621,0.925
1768471217,0.925
1768474817,0.925
1768478420,0.925
1768482018,0.925
1768485616,0.925
1768489218,0.925
1768492816,0.925
1768496422,0.925
1768500022,0.925
1768503621,0.925
1768507219,0.925
1768510823,0.925
1768514417,0.925
1768518018,0.925
1768521623,0.925
1768525220,0.925
1768528818,0.925
1768532422,0.925
1768536017,0.925
1768539617,0.925
1768543220,0.925
1768546817,0.925
1768550418,0.925
1768554019,0.925
1768557617,0.925
1768561216,0.925
1768564821,0.925
1768568417,0.925
1768572017,0.925
1768575618,0.925
1768579217,0.925
1768582819,0.925
1768586420,0.925
1768590020,0.925
1768593617,0.925
1768597222,0.925
1768600831,0.925
1768604417,0.925
1768608020,0.925
1768611618,0.925
1768615217,0.925
1768618821,0.925
1768622416,0.925
1768626017,0.925
1768629619,0.925
1768633219,0.925
1768636817,0.925
1768640420,0.925
1768644031,0.925
1768647617,0.925
1768651226,0.925
1768654818,0.925
1768658431,0.925
1768662023,0.925
1768665617,0.925
1768669231,0.925
1768672822,0.925
1768676419,0.925
1768680030,0.925
1768683633,0.925
1768687218,0.925
1768690818,0.925
1768694429,0.925
1768698016,0.925
1768701648,0.925
1768705221,0.925
1768708819,0.925
1768712428,0.925
1768716047,0.925
1768719616,0.925
1768723241,0.925
1768726818,0.925
1768730415,0.925
1768734018,0.925
1768737635,0.925
1768741230,0.925
1768744818,0.925
1768748418,0.925
1768752015,0.925
1768755635,0.925
1768759235,0.925
1768762816,0.925
1768766420,0.925
1768770019,0.925
1768773616,0.925
1768777219,0.925
1768780817,0.925
1768788025,0.925
1768791616,0.925
1768795219,0.925
1768798824,0.925
1768802416,0.925
1768806025,0.925
1768809625,0.925
1768813218,0.925
1768816814,0.925
1768820424,0.925
1768824020,0.925
1768827613,0.925
1768831213,0.925
1768834817,0.925
1768838414,0.925
1768842028,0.925
1768845619,0.925
1768849216,0.925
1768852820,0.925
1768856418,0.925
1768860018,0.93
1768863627,0.93
1768867219,0.93
1768870814,0.93
1768874414,0.93
1768878032,0.93
1768881628,0.93
1768885229,0.93
1768888820,0.96
1768892415,0.96
1768896016,0.9645
1768899616,0.9655
1768903217,0.9675
1768906815,0.9675
1768910419,0.9675
1768914016,0.9675
1768917615,0.9675
1768921218,0.9675
1768924814,0.9665
1768928416,0.967
1768932017,0.9685
1768935615,0.9605
1768939216,0.9625
1768942835,0.964
1768946416,0.9635
1768950015,0.9615
1768953620,0.9585
1768957215,0.9585
1768960817,0.9485
1768964420,0.948
1768968014,0.9425
1768971615,0.9455
1768975219,0.9445
1768978817,0.947
1768982416,0.9525
1768986037,0.9465
1768989616,0.9485
1768993216,0.954
1768996840,0.9595
1769000416,0.9595
1769004018,0.9615
1769007618,0.9615
1769011218,0.9615
1769014822,0.9525
1769018439,0.961
1769022030,0.961
1769025618,0.9605
1769029252,0.9595
1769032817,0.9595
1769036418,0.9525
1769040027,0.9485
1769043616,0.9465
1769047220,0.9385
1769050824,0.9375
1769054416,0.937
1769058015,0.937
1769061618,0.937
1769065217,0.9325
1769068819,0.9335
1769072423,0.9375
1769076017,0.9375
1769079616,0.9375
1769083244,0.9315
1769086817,0.9315
1769090416,0.9315
1769094031,0.93
1769097617,0.9295
1769101219,0.937
1769104832,0.937
1769108417,0.937
1769112018,0.937
1769115625,0.945
1769119218,0.9455
1769122818,0.9455
1769126436,0.938
1769130016,0.9385
1769133618,0.9385
1769137228,0.9385
1769140818,0.947
1769144415,0.9515
1769148020,0.9545
1769151617,0.954
1769155217,0.9485
1769158820,0.9485
1769162430,0.9475
1769166018,0.942
1769169641,0.947
1769173216,0.9455
1769176816,0.9495
1769180419,0.949
1769184016,0.9485
1769187635,0.939
1769191234,0.939
1769194819,0.934
1769198418,0.934
1769202020,0.9385
1769205620,0.936
1769209221,0.943
1769212830,0.9435
1769216419,0.9475
1769220021,0.947
1769223639,0.9475
1769227217,0.9475
1769230838,0.9485
1769234437,0.9495
1769238018,0.928
1769241620,0.931
1769245225,0.9445
1769248829,0.9485
1769252422,0.9305
1769256030,0.9245
1769259618,0.931
1769263226,0.936
1769266825,0.946
1769270418,0.946
1769274022,0.945
1769277621,0.9435
1769281219,0.9465
1769284818,0.945
1769288426,0.9475
1769292017,0.9365
1769295617,0.9385
1769299239,0.9455
1769302817,0.9455
1769306416,0.9355
1769310024,0.94
1769313616,0.9455
1769317216,0.9455
1769320817,0.9455
1769324420,0.9455
1769328017,0.9455
1769331638,0.9455
1769335231,0.9455
1769338816,0.9455
1769342444,0.9445
1769346029,0.945
1769349618,0.9445
1769353220,0.9435
1769356830,0.9445
1769360430,0.9445
1769364025,0.9455
1769367617,0.9415
1769371217,0.9395
1769374824,0.934
1769378420,0.937
1769382017,0.9345
1769385637,0.933
1769389217,0.9365
1769392820,0.936
1769396418,0.9365
1769400017,0.9355
1769403616,0.9355
1769407226,0.9325
1769410818,0.9345
1769414417,0.935
1769418027,0.933
1769421616,0.9355
1769425220,0.9345
1769428829,0.9355
1769432421,0.9365
1769436017,0.9315
1769439621,0.9315
1769443218,0.934
1769446824,0.932
1769450425,0.9325
1769454018,0.9315
1769457621,0.9315
1769461221,0.93
1769464818,0.9295
1769468418,0.9355
1769472032,0.933
1769475615,0.9335
1769479215,0.935
1769482823,0.9365
1769486416,0.935
1769490015,0.9315
1769493616,0.932
1769497223,0.9325
1769500817,0.9365
1769504418,0.9365
1769508024,0.936
1769511616,0.933
1769515221,0.9345
1769518829,0.9355
1769522416,0.9335
1769526017,0.9315
1769529615,0.9325
1769533216,0.933
1769536818,0.9335
1769540417,0.9325
1769544016,0.9355
1769547617,0.935
1769551216,0.9345
1769554817,0.9365
1769558423,0.9325
1769562025,0.9335
1769565619,0.9305
1769569220,0.934
1769572830,0.9315
1769576416,0.93
1769580017,0.9305
1769583617,0.9345
1769587217,0.9315
1769590821,0.9355
1769594435,0.936
1769598017,0.9365
1769601624,0.9345
1769605231,0.936
1769608817,0.933
1769612418,0.936
1769616017,0.9345
1769619619,0.934
1769623233,0.9295
1769626818,0.934
1769630421,0.932
1769634018,0.935
1769637618,0.9355
1769641218,0.9345
1769644837,0.9335
1769648418,0.9345
1769652018,0.9355
1769655621,0.935
1769659219,0.9345
1769662818,0.9315
1769666419,0.9345
1769670019,0.9325
1769673618,0.935
1769677221,0.9335
1769680821,0.935
1769684419,0.9345
1769688026,0.9345
1769691618,0.9325
1769695219,0.93
1769698820,0.9305
1769702418,0.9285
1769706019,0.931
1769709621,0.9275
1769713219,0.929
1769716830,0.9325
1769720422,0.9355
1769724020,0.9355
1769727619,0.9345
1769731225,0.9375
1769734819,0.9375
1769738420,0.9365
1769742021,0.9365
1769745619,0.93
1769749219,0.928
1769752820,0.9355
1769756419,0.9345
1769760019,0.928
1769763637,0.928
1769767219,0.9265
1769770835,0.9275
1769774439,0.9275
1769778019,0.9285
1769781620,0.9295
1769785223,0.9265
1769788821,0.93
1769792422,0.9345
1769796021,0.9365
1769799620,0.9355
1769803220,0.9375
1769806822,0.9365
1769810424,0.9355
1769814019,0.9375
1769817625,0.9375
1769821219,0.9355
1769824820,0.934
1769828421,0.9325
1769832020,0.9315
1769835620,0.931
1769839221,0.9315
1769842820,0.9305
1769846420,0.933
1769850037,0.9305
1769853620,0.93
1769857219,0.9335
1769860830,0.934
1769864422,0.9335
1769868019,0.9355
1769871624,0.9365
1769875220,0.9365
1769878832,0.9345
1769882425,0.9375
1769886022,0.9365
1769889620,0.9355
1769893239,0.9345
1769896835,0.934
1769900419,0.9355
1769904031,0.9335
1769911218,0.9375
1769914822,0.935
1769918419,0.9345
1769922033,0.934
1769925622,0.9375
1769929218,0.9335
1769932818,0.936
1769936425,0.937
1769940018,0.9375
1769943621,0.9375
1769947228,0.941
1769950818,0.943
1769954432,0.942
1769958033,0.9495
1769961633,0.9505
1769965218,0.954
1769968820,0.9545
1769972417,0.9575
1769976021,0.9585
1769979621,0.9585
1769983219,0.9545
1769986818,0.9565
1769990424,0.9595
1769994018,0.9615
1769997645,0.9615
1770001219,0.9635
1770004818,0.9595
1770008432,0.9565
1770012020,0.9555
1770015619,0.956
1770019218,0.957
1770022821,0.9575
1770026419,0.9565
1770030019,0.9565
1770033628,0.9585
1770037217,0.9515
1770040831,0.9515
1770044423,0.9485
1770048018,0.9505
1770051620,0.948
1770055221,0.949
1770058818,0.9485
1770062420,0.9495
1770066021,0.948
1770069618,0.9465
1770073218,0.9505
1770076827,0.9515
1770080418,0.9505
1770084018,0.9505
1770087626,0.953
1770091218,0.951
1770094820,0.9515
1770098421,0.9505
1770102020,0.9515
1770105620,0.9495
1770109223,0.9505
1770112821,0.951
1770116418,0.9505
1770120032,0.946
1770123618,0.9505
1770127233,0.9585
1770130821,0.9645
1770134419,0.9665
1770138027,0.965
1770141623,0.9665
1770145219,0.962
1770148821,0.965
1770152424,0.9645
1770156018,0.941
1770159622,0.9455
1770163238,0.9465
1770166815,0.9475
1770170417,0.9475
1770174018,0.939
1770177616,0.9445
1770181218,0.939
1770184818,0.942
1770188416,0.9445
1770192016,0.9445
1770195624,0.9435
1770199216,0.9445
1770202818,0.9455
1770206428,0.944
1770210017,0.947
1770213617,0.947
1770217225,0.9455
1770220831,0.947
1770224425,0.9525
1770228026,0.9515
1770231616,0.9535
1770235219,0.95
1770238824,0.952
1770242417,0.952
1770246017,0.9535
1770249624,0.9545
1770253217,0.9555
1770256817,0.957
1770260434,0.958
1770264017,0.959
1770267617,0.959
1770271221,0.9585
1770274818,0.956
1770278417,0.9555
1770282023,0.9565
1770285619,0.958
1770289218,0.9555
1770292831,0.955
1770296420,0.955
1770300018,0.9555
1770303634,0.956
1770307218,0.955
1770310821,0.9565
1770314423,0.9555
1770318033,0.9555
1770321634,0.9555
1770325226,0.9545
1770328833,0.9545
1770332419,0.9555
1770336029,0.9585
1770339626,0.9585
1770343218,0.9605
1770346831,0.9635
1770350429,0.965
1770354019,0.9635
1770357622,0.965
1770361222,0.964
1770364820,0.9665
1770368425,0.965
1770372019,0.964
1770375619,0.9655
1770379231,0.965
1770382818,0.9615
1770386420,0.9625
1770390028,0.963
1770393619,0.964
1770397224,0.9625
1770400826,0.962
1770404421,0.964
1770408019,0.9635
1770411621,0.9635
1770415218,0.963
1770418820,0.9665
1770422436,0.9665
1770429619,0.9665
1770433222,0.9665
1770436833,0.9665
1770440419,0.961
1770444024,0.9635
1770447621,0.9585
1770451219,0.9615
1770454826,0.9605
1770458420,0.9595
1770462022,0.9585
1770465633,0.9595
1770469223,0.961
1770472821,0.961
1770476428,0.9625
1770480020,0.9655
1770483620,0.9705
1770487227,0.9705
1770490821,0.963
1770494421,0.9635
1770498030,0.966
1770501620,0.9655
1770505220,0.9615
1770508832,0.961
1770512421,0.9585
1770516020,0.962
1770519622,0.96
1770523248,0.9615
1770526820,0.962
1770530424,0.964
1770534034,0.9645
1770537619,0.9645
1770541238,0.9655
1770544834,0.9655
1770548419,0.9645
1770552040,0.9635
1770555633,0.959
1770559219,0.958
1770562840,0.9585
1770566419,0.9605
1770570023,0.9615
1770573622,0.9595
1770577218,0.9625
1770580822,0.9595
1770584426,0.9605
1770588021,0.9595
1770591619,0.9615
1770595231,0.962
1770598820,0.9595
1770602418,0.962
1770606023,0.963
1770609629,0.9625
1770613217,0.9635
1770616823,0.9645
1770620418,0.963
1770624032,0.9635
1770627630,0.9625
1770631218,0.96
1770634817,0.9595
1770638446,0.961
1770642017,0.961
1770645619,0.961
1770649228,0.9625
1770652834,0.9625
1770656417,0.96
1770660028,0.9625
1770663620,0.9625
1770667218,0.9645
1770670827,0.9655
1770674418,0.9645
1770678019,0.9645
1770681634,0.9645
1770685218,0.9645
1770688832,0.964
1770692426,0.963
1770696019,0.9625
1770699618,0.9615
1770703235,0.9625
1770706829,0.9635
1770710419,0.9625
1770714026,0.9625
1770717619,0.9635
1770721219,0.963
1770724842,0.963
1770728420,0.9625
1770732018,0.9625
1770735628,0.9625
1770739220,0.9625
1770742821,0.9625
1770746426,0.9625
1770750023,0.9625
1770753634,0.9625
1770757227,0.9625
1770760818,0.9625
1770764422,0.9625
1770768034,0.9665
1770771618,0.9655
1770775219,0.9655
1770778828,0.966
1770782421,0.9675
1770786019,0.9675
1770789623,0.9675
1770793219,0.9675
1770796818,0.9675
1770800429,0.9675
1770804018,0.9675
1770807618,0.9675
1770811234,0.9675
1770814818,0.9685
1770818421,0.971
1770822042,0.971
1770825619,0.9705
1770829225,0.9695
1770832827,0.971
1770836419,0.972
1770840037,0.979
1770843640,0.9785
1770847220,0.9775
1770850821,0.9775
1770854444,0.9775
1770858016,0.9775
1770861621,0.9775
1770865227,0.9775
1770868817,0.9775
1770872417,0.978
1770876021,0.9775
1770879618,0.9775
1770883230,0.9775
1770886842,0.9775
1770890424,0.9785
1770894018,0.9785
1770897633,0.9785
1770901217,0.9785
1770904818,0.9775
1770908426,0.9775
1770912018,0.9785
1770915635,0.979
1770919221,0.9775
1770922818,0.978
1770926420,0.9815
1770930042,0.982
1770933617,0.9875
1770937218,0.9875
1770940832,0.985
1770944431,0.985
1770948018,0.985
1770951635,0.985
1770955217,0.99
1770958818,0.9795
1770962426,0.9795
1770966020,0.968
1770969617,0.966
1770973227,0.9655
1770976818,0.9665
1770980418,0.976
1770984036,0.972
1770987621,0.971
1770991219,0.968
1770994829,0.9655
1770998421,0.9655
1771002035,0.9695
1771005627,0.9665
1771009218,0.969
1771012822,0.9675
1771016429,0.9675
1771020019,0.973
1771023620,0.9695
1771027236,0.972
1771030819,0.9715
1771034423,0.975
1771038022,0.9765
1771041619,0.976
1771045220,0.9755
1771048827,0.9755
1771052420,0.9755
1771056020,0.9755
1771059631,0.976
1771063219,0.9755
1771066824,0.972
1771070437,0.971
1771074019,0.9715
1771077620,0.9715
1771081229,0.9715
1771084820,0.9715
1771088426,0.9715
1771092028,0.9715
1771095621,0.9715
1771102831,0.9715
1771106423,0.9715
1771110036,0.9715
1771113635,0.9715
1771117220,0.971
1771120834,0.9705
1771124425,0.9705
1771128019,0.9705
1771131619,0.9715
1771135230,0.9725
1771138820,0.973
1771142420,0.977
1771146030,0.98
1771149624,0.98
1771153235,0.981
1771156839,0.981
1771160420,0.981
1771164020,0.981
1771167643,0.981
1771171221,0.981
1771174824,0.9815
1771178435,0.9815
1771182022,0.9815
1771185622,0.9815
1771189233,0.9815
1771192820,0.972
1771196420,0.9715
1771200047,0.9715
1771203632,0.9715
1771207220,0.972
1771210824,0.972
1771214419,0.972
1771218023,0.9715
1771221629,0.9735
1771225221,0.9735
1771228820,0.9735
1771232447,0.9735
1771236020,0.9735
1771239620,0.9735
1771243244,0.9735
1771246823,0.9735
1771250422,0.9735
1771254050,0.9735
1771257622,0.989
1771261220,0.9895
1771264834,0.9855
1771268422,0.986
1771272021,0.9855
1771275633,0.984
1771279225,0.983
1771282820,0.9815
1771286437,0.9815
1771290023,0.9815
1771293620,0.9815
1771297231,0.9785
1771300824,0.978
1771304420,0.9765
1771308030,0.9695
1771311621,0.967
1771315230,0.9685
1771318832,0.969
1771322423,0.968
1771326021,0.969
1771329647,0.969
1771333221,0.9695
1771336820,0.9695
1771340443,0.9695
1771344021,0.9695
1771347643,0.9695
1771351244,0.9695
1771354800,0.9695
1771354836,0.9695
1771358421,0.9695
1771362032,0.9695
1771365624,0.9695
1771369221,0.9695
1771372840,0.9695
1771376419,0.9695
1771380021,0.9695
1771383622,0.9695
1771387220,0.9695
1771390835,0.9695
1771394431,0.9695
1771398020,0.9695
1771401621,0.9695
1771405242,0.9695
1771408822,0.9705
1771412422,0.9705
1771416040,0.9745
1771419620,0.978
1771423222,0.978
1771426851,0.978
1771430423,0.975
1771434020,0.9735
1771437633,0.973
1771441222,0.9715
1771444849,0.9715
1771448445,0.9715
1771452025,0.9715
1771455621,0.9715
1771459241,0.9715
1771462822,0.9715
1771466423,0.9715
1771470033,0.9715
1771473622,0.9715
1771477223,0.9715
1771480846,0.9715
1771484422,0.9715
1771488021,0.9715
1771491635,0.9715
1771495223,0.9715
1771498824,0.9735
1771506022,0.9735
1771509623,0.9735
1771513236,0.9745
1771516825,0.975
1771520436,0.9835
1771524036,0.9835
1771527624,0.9835
1771531223,0.9835
1771534838,0.9835
1771538425,0.9835
1771542024,0.9835
1771545640,0.9835
1771549229,0.9835
1771552820,0.9835
1771556440,0.9835
1771560019,0.9835
1771563619,0.9805
1771567231,0.9805
1771570819,0.9805
1771574420,0.981
1771578030,0.982
1771581620,0.982
1771585221,0.9855
1771588825,0.986
1771592436,0.986
1771596019,0.986
1771599624,0.9865
1771603239,0.9865
1771606833,0.986
1771610424,0.9865
1771614027,0.986
1771617622,0.987
1771621224,0.987
1771624822,0.9865
1771628421,0.9855
1771632028,0.9855
1771635625,0.9825
1771639220,0.9845
1771642826,0.9845
1771646429,0.982
1771650020,0.979
1771653640,0.979
1771657223,0.979
1771660822,0.979
1771664426,0.979
1771668023,0.9795
1771671630,0.9795
1771675228,0.9805
1771678828,0.981
1771682422,0.9785
1771686028,0.9765
1771689622,0.978
1771693232,0.978
1771696826,0.978
1771700427,0.978
1771704027,0.978
1771707628,0.9785
1771711223,0.978
1771714823,0.978
1771718428,0.9775
1771722023,0.9775
1771725624,0.983
1771729240,0.9855
1771732821,0.9865
1771736421,0.9865
1771740024,0.987
1771743640,0.988
1771747226,0.988
1771750826,0.9855
1771754424,0.986
1771758023,0.986
1771761633,0.987
1771765222,0.987
1771768840,0.9825
1771772426,0.981
1771776025,0.978
1771779636,0.978
1771783231,0.978
1771786826,0.978
1771790425,0.98
1771794032,0.981
1771797624,0.981
1771801224,0.9805
1771804832,0.9795
1771812023,0.978
1771815626,0.977
1771819225,0.9775
1771822822,0.9775
1771826428,0.9775
1771830022,0.9775
1771833637,0.9775
1771837227,0.9775
1771840821,0.9775
1771844433,0.9775
1771848035,0.9785
1771851621,0.9785
1771855221,0.9785
1771858827,0.979
1771862422,0.9785
1771866023,0.9785
1771869642,0.9785
1771873222,0.979
1771876822,0.979
1771880426,0.9795
1771884022,0.9805
1771887622,0.9805
1771891232,0.9835
1771894822,0.9765
1771898426,0.9785
1771902026,0.98
1771905623,0.9795
1771909239,0.9785
1771912827,0.978
1771916421,0.9775
1771920027,0.9775
1771923634,0.9765
1771927223,0.977
1771930822,0.9785
1771934440,0.9785
1771938025,0.979
1771941622,0.978
1771945228,0.9795
1771948823,0.9805
1771952433,0.981
1771956030,0.98
1771959624,0.977
1771963224,0.975
1771966827,0.9745
1771970438,0.9745
1771974039,0.976
1771977636,0.975
1771981223,0.975
1771984838,0.976
1771988427,0.976
1771992046,0.976
1771995623,0.977
1771999227,0.977
1772002823,0.976
1772006425,0.976
1772010028,0.9785
1772013622,0.9785
1772017223,0.9785
1772020840,0.981
1772024421,0.9835
1772028027,0.9855
1772031632,0.9845
1772035222,0.984
1772038822,0.9845
1772042428,0.984
1772046025,0.984
1772049632,0.9845
1772053229,0.9815
1772056824,0.9785
1772060424,0.9785
1772064033,0.9745
1772067624,0.967
1772071224,0.9675
1772074842,0.9675
1772078435,0.9675
1772082024,0.9675
1772085629,0.9675
1772089225,0.9675
1772092826,0.9665
1772096437,0.9655
1772100025,0.9725
1772103623,0.9725
1772107247,0.9725
1772110825,0.9725
1772114429,0.9725
1772118034,0.972
1772121643,0.9725
1772125231,0.973
1772128840,0.973
1772132429,0.972
1772136028,0.9725
1772139632,0.9715
1772143227,0.9735
1772146827,0.9735
1772150437,0.973
1772154027,0.976
1772157627,0.9755
1772161231,0.9745
1772164827,0.9765
1772168442,0.977
1772172031,0.9775
1772175627,0.9775
1772179229,0.9775
1772182837,0.972
1772186428,0.972
1772190028,0.9735
1772193651,0.9665
1772197230,0.966
1772200827,0.967
1772204434,0.9665
1772208040,0.9655
1772211646,0.966
1772215240,0.97
1772218828,0.971
1772222429,0.9705
1772226034,0.968
1772229630,0.9685
1772233233,0.9685
1772236838,0.9675
1772240427,0.968
1772244032,0.968
1772247629,0.967
1772251228,0.969
1772254828,0.9705
1772258433,0.9705
1772262032,0.9705
1772265638,0.9705
1772269245,0.971
1772272833,0.9705
1772276429,0.9705
1772280058,0.9695
1772283630,0.9695
1772287244,0.9695
1772290831,0.9695
1772294431,0.9695
1772298053,0.9695
1772301633,0.9695
1772305230,0.9725
1772308830,0.972
1772312432,0.972
1772316035,0.972
1772319628,0.9735
1772323249,0.9725
1772326832,0.9725
1772330430,0.9725
1772334033,0.972
1772337631,0.9725
1772341228,0.9695
1772344848,0.973
1772348426,0.9695
1772352029,0.969
1772355643,0.9695
1772359233,0.9665
1772362828,0.9715
1772366441,0.971
1772370028,0.9715
1772373631,0.9735
1772377237,0.9725
1772380831,0.9715
1772384428,0.9735
1772388031,0.973
1772391628,0.9725
1772395230,0.971
1772398836,0.9725
1772402430,0.968
1772406028,0.968
1772409649,0.969
1772413227,0.9665
1772416828,0.966
1772420432,0.961
1772424026,0.966
1772427625,0.972
1772431227,0.9715
1772434826,0.972
1772438427,0.969
1772442031,0.993
1772445627,0.989
1772449226,0.9885
1772452840,0.9875
1772456428,0.989
1772460029,0.989
1772463649,0.989
1772467229,0.989
1772470857,0.989
1772474452,0.989
1772478031,0.989
1772481631,0.989
1772485231,0.989
1772488830,0.989
1772492427,0.989
1772496041,0.989
1772499628,0.989
1772503241,0.989
1772506834,0.989
1772510428,0.989
1772514028,0.989
1772517637,0.993
1772521230,0.993
1772524829,0.993
1772528432,0.993
1772532029,0.9935
1772535640,0.993
1772539243,0.993
1772542830,0.993
1772546449,0.9915
1772550039,0.983
1772553631,0.985
1772557230,0.986
1772560837,0.9865
1772564432,0.986
1772568032,0.986
1772571656,0.986
1772575233,0.986
1772578832,0.986
1772582443,0.9855
1772586031,0.9855
1772589632,0.9855
1772593235,0.9855
1772596831,0.9855
1772600428,0.9915
1772604035,0.99
1772607628,0.99
1772611228,0.9915
1772614834,0.9925
1772618431,0.9895
1772622031,0.9885
1772625639,0.989
1772629231,0.989
1772632832,0.9895
1772636444,0.9895
1772640032,0.9895
1772643652,0.9895
1772647234,0.9895
1772650830,0.9895
1772654437,0.9895
1772658036,0.9895
1772661630,0.9895
1772665229,0.986
1772668839,0.9865
1772672434,0.987
1772676031,0.9875
1772679629,0.9875
1772683226,0.988
1772686829,0.9885
1772690429,0.9885
1772694026,0.9875
1772697632,0.9885
1772701228,0.9885
1772704844,0.9885
1772708437,0.9885
1772712054,0.9885
1772715629,0.988
1772719229,0.9875
1772722840,0.987
1772726427,0.9885
1772730047,0.987
1772733634,0.987
1772737226,0.987
1772740850,0.9875
1772744429,0.988
1772748027,0.988
1772751641,0.9885
1772755238,0.9885
1772758832,0.9885
1772762429,0.9885
1772766030,0.9885
1772769628,0.9815
1772773239,0.9855
1772776831,0.9855
1772780428,0.9875
1772784027,0.988
1772787629,0.989
1772791229,0.989
1772794827,0.989
1772798439,0.99
1772802044,0.9885
1772805631,0.9885
1772809246,0.9885
1772812831,0.989
1772816430,0.995
1772820032,0.9955
1772823629,0.996
1772827227,0.996
1772830831,0.996
1772834427,0.9965
1772838027,0.9965
1772841643,0.996
1772845228,0.995
1772848826,0.9955
1772852433,0.995
1772856026,0.995
1772859629,0.9955
1772863238,0.992
1772866826,0.9945
1772870441,0.992
1772874034,0.995
1772877627,0.995
1772881232,0.995
1772884842,0.994
1772888429,0.994
1772892028,0.994
1772895635,0.994
1772899232,0.994
1772902840,0.994
1772906436,0.994
1772910027,0.994
1772913628,0.994
1772917235,0.9965
1772920827,0.9965
1772924425,0.996
1772928036,0.996
1772931625,0.9955
1772935226,0.996
1772938845,0.996
1772942428,0.9945
1772946025,0.9945
1772949634,0.994
1772953231,0.994
1772956825,0.994
1772960432,0.994
1772964026,0.994
1772967626,0.9945
1772971234,0.9945
1772974824,0.9945
1772978429,0.9945
1772982032,0.996
1772985623,0.9955
1772989242,0.9955
1772992831,0.9955
1772996424,0.9955
1773000026,0.9955
1773003645,0.9955
1773007222,0.996
1773010824,0.996
1773014431,0.996
1773018026,0.996
1773021623,0.996
1773025230,0.996
1773028824,0.996
1773032423,0.9965
1773036034,0.9965
1773039623,0.9965
1773043223,0.9965
1773046830,0.996
1773050424,0.9965
1773054021,0.9955
1773057630,0.995
1773061221,0.996
1773064822,0.996
1773068430,0.996
1773072021,0.996
1773075634,0.997
1773079232,0.9965
1773082826,0.9955
1773086425,0.996
1773090033,0.997
1773093625,0.997
1773097226,0.997
1773100838,0.997
1773104425,0.997
1773108026,0.997
1773111630,0.997
1773115230,0.997
1773118827,0.997
1773122432,0.997
1773126029,0.997
1773129626,0.9975
1773133242,0.9975
1773136840,0.9975
1773140426,0.9975
1773144041,0.9975
1773147631,0.9965
1773151230,0.9965
1773154841,0.9965
1773158435,0.996
1773162027,0.995
1773165638,0.996
1773169230,0.9965
1773172831,0.997
1773176439,0.997
1773180030,0.997
1773183630,0.997
1773187241,0.9955
1773190830,0.997
1773194431,0.996
1773198040,0.997
1773201630,0.9875
1773205230,0.9885
1773208839,0.994
1773212431,0.9965
1773216030,0.9965
1773219636,0.989
1773223235,0.9895
1773226832,0.9875
1773230452,0.996
1773234030,0.995
1773237631,0.9945
1773241250,0.996
1773244831,0.9865
1773248447,0.988
1773252037,0.9885
1773255632,0.989
1773259233,0.9905
1773262842,0.9905
1773266432,0.9905
1773270029,0.9905
1773273642,0.9915
1773277230,0.9915
1773280830,0.9915
1773284441,0.9915
1773288030,0.9915
1773291633,0.9925
1773295241,0.9935
1773298832,0.9935
1773302433,0.994
1773306037,0.994
1773309655,0.9935
1773313230,0.994
1773316852,0.994
1773320443,0.989
1773324034,0.9895
1773327642,0.9895
1773331232,0.9895
1773334859,0.9905
1773338447,0.989
1773342028,0.99
1773345634,0.9905
1773349241,0.9905
1773352831,0.9905
1773356434,0.9905
1773360058,0.9905
1773363633,0.9905
1773367232,0.9935
1773370839,0.9915
1773374432,0.991
1773378029,0.991
1773381640,0.991
1773385238,0.9905
1773388828,0.991
1773392441,0.991
1773396031,0.9905
1773399645,0.9915
1773403255,0.9915
1773406840,0.992
1773410447,0.992
1773414057,0.99
1773417648,0.9905
1773421236,0.9905
1773424854,0.9905
1773428448,0.9905
1773432035,0.99
1773439246,0.99
1773442833,0.99
1773446454,0.99
1773450035,0.9905
1773453634,0.9905
1773457254,0.9905
1773460833,0.9905
1773464434,0.9905
1773468054,0.9905
1773471634,0.9905
1773475236,0.9905
1773478852,0.9945
1773482434,0.9945
1773486036,0.9975
1773496837,0.9975
1773500456,0.997
1773504039,0.9975
1773511253,0.9975
1773514841,0.9975
1773518434,0.9965
1773522053,0.996
1773525643,0.994
1773529233,0.9895
1773532859,0.9805
1773536433,0.988
1773540037,0.987
1773543656,0.9885
1773547234,0.9875
1773550835,0.9865
1773554450,0.9865
1773558034,0.9865
1773561637,0.985
1773565251,0.9855
1773568846,0.985
1773572433,0.985
1773576055,0.985
1773579642,0.985
1773583245,0.985
1773590436,0.9855
1773597658,0.9865
1773601243,0.9865
1773604840,0.9865
1773608453,0.9855
1773612046,0.9855
1773615639,0.9855
1773622832,0.9845
1773626433,0.9845
1773630047,0.985
1773633639,0.9855
1773637232,0.9855
1773640859,0.9845
1773644431,0.9845
1773648033,0.9845
1773651637,0.9835
1773655234,0.989
1773658831,0.989
1773662438,0.989
1773666036,0.994
1773669642,0.9945
1773673240,0.9955
1773676835,0.9955
1773680435,0.9965
1773684039,0.996
1773687640,0.996
1773691235,0.996
1773694850,0.996
1773698437,0.996
1773702038,0.996
1773705644,0.996
1773709237,0.9955
1773712839,0.995
1773716441,0.995
1773720042,0.995
1773723652,0.995
1773727242,0.995
1773730848,0.995
1773734442,0.995
1773738045,0.995
1773741648,0.996
1773745238,0.996
1773748848,0.996
1773752439,0.996
1773756042,0.996
1773759649,0.996
1773763240,0.996
1773766841,0.9965
1773770447,0.9965
1773774042,0.9965
1773777643,0.9965
1773781248,0.9965
1773784816,0.9965
1773788437,0.9965
1773792047,0.9965
1773795638,0.996
1773799238,0.996
1773802844,0.996
1773806436,0.996
1773810041,0.996
1773813647,0.9955
1773817242,0.9955
1773820837,0.9965
1773824452,0.9965
1773828041,0.9975
1773831638,0.9975
1773838838,0.9975
1773842443,0.9975
1773849643,0.9975
1773853237,0.9975
1773860442,0.9975
1773864052,0.9975
1773867658,0.9975
1773871249,0.9975
1773874836,0.9975
1773882038,0.9975
1773885639,0.9975
1773889259,0.9975
1773892840,0.9975
1773896439,0.9975
1773903655,0.9965
1773907240,0.9965
1773914442,0.9975
1773921648,0.9975
1773925241,0.9975
1773928841,0.9975
1773932447,0.9975
1773936040,0.997
1773943247,0.997
1773946841,0.997
1773950444,0.997
1773954047,0.997
1773957642,0.997
1773961240,0.997
1773964851,0.997
1773968439,0.997
1773972044,0.997
1773975646,0.997
1773979236,0.997
1773982843,0.997
1773986454,0.997
1773990042,0.997
1773993640,0.997
1773997248,0.997
1774004439,0.997
1774008046,0.997
1774011644,0.997
1774015244,0.9975
1774018847,0.997
1774022438,0.997
1774026039,0.997
1774029651,0.997
1774033240,0.997
1774036841,0.9965
1774040459,0.9965
1774044048,0.9965
1774047646,0.9965
1774051250,0.9965
1774054847,0.997
1774058454,0.997
1774062041,0.997
1774065642,0.997
1774069239,0.997
1774072847,0.997
1774076447,0.997
1774080038,0.997
1774083639,0.997
1774087236,0.997
1774090843,0.997
1774094443,0.9965
1774098043,0.9965
1774101650,0.9965
1774105255,0.9965
1774116047,0.9965
1774119641,0.9965
1774123240,0.997
1774126844,0.997
1774130443,0.997
1774134040,0.997
1774137647,0.997
1774141238,0.997
1774144834,0.9965
1774148436,0.9965
1774152034,0.997
1774155640,0.997
1774159238,0.997
1774162832,0.997
1774166434,0.997
1774170036,0.9965
1774173634,0.997
1774177231,0.997
1774180854,0.997
1774184450,0.9965
1774188034,0.9965
1774191636,0.9975
1774195237,0.9975
1774202439,0.9975
1774206035,0.9975
1774209634,0.9975
1774213238,0.9975
1774216836,0.9975
1774220437,0.9975
1774224041,0.9975
1774227633,0.9975
1774231235,0.9975
1774234841,0.9975
1774238430,0.9975
1774242039,0.9975
1774245641,0.997
1774249236,0.997
1774252840,0.997
1774256449,0.997
1774260034,0.997
1774263631,0.997
1774267239,0.9965
1774270841,0.9975
1774274434,0.9975
1774278033,0.9975
1774281633,0.9975
1774285255,0.9975
1774288835,0.9975
1774292451,0.9975
1774296037,0.9975
1774299641,0.9975
1774303234,0.9975
1774306834,0.9975
1774310436,0.9975
1774314029,0.9975
1774317632,0.9975
1774321234,0.9975
1774324834,0.9975
1774328434,0.997
1774332043,0.997
1774335630,0.997
1774339230,0.997
1774342836,0.997
1774346430,0.997
1774350057,0.997
1774353643,0.9975
1774357240,0.9975
1774360828,0.9975
1774364431,0.9975
1774368027,0.997
1774371629,0.9975
1774375234,0.9975
1774378828,0.9975
1774382431,0.9975
1774386036,0.9975
1774389626,0.9975
1774393230,0.9975
1774396835,0.9975
1774400428,0.9975
1774404030,0.9975
1774407629,0.9975
1774411231,0.9975
1774414831,0.9975
1774418433,0.9975
1774422028,0.9975
1774425627,0.9975
1774429232,0.9975
1774432832,0.9975
1774436433,0.997
1774440037,0.997
1774443632,0.997
1774447241,0.9965
1774450835,0.997
1774454432,0.997
1774458029,0.997
1774461634,0.997
1774465231,0.997
1774468832,0.997
1774472431,0.997
1774476028,0.997
1774479628,0.997
1774483238,0.997
1774486831,0.997
1774490431,0.9975
1774494035,0.997
1774497632,0.997
1774501228,0.997
1774504836,0.997
1774508442,0.9965
1774512031,0.9965
1774515630,0.9965
1774519233,0.997
1774522827,0.9975
1774526449,0.9975
1774530039,0.9965
1774533633,0.997
1774537234,0.997
1774540832,0.9975
1774544454,0.9975
1774548032,0.9975
1774551626,0.9975
1774555228,0.9975
1774558829,0.9975
1774562429,0.9975
1774566026,0.9975
1774569634,0.9975
1774573228,0.997
1774576832,0.9975
1774580433,0.9975
1774584027,0.997
1774587629,0.9975
1774591231,0.9965
1774594829,0.9965
1774598425,0.997
1774602030,0.997
1774605625,0.997
1774609229,0.997
1774612834,0.9975
1774616430,0.9975
1774620031,0.9975
1774623629,0.9975
1774627230,0.9975
1774630835,0.9975
1774634435,0.9975
1774638032,0.9975
1774641637,0.9975
1774645235,0.9975
1774648830,0.9975
1774652445,0.9975
1774656036,0.9975
1774659632,0.9975
1774663231,0.9975
1774666831,0.997
1774670431,0.997
1774674028,0.997
1774677635,0.997
1774681230,0.997
1774684833,0.997
1774688434,0.9965
1774692032,0.9975
1774695642,0.9975
1774699236,0.9975
1774702835,0.9975
1774706436,0.9975
1774710035,0.9975
1774713632,0.9975
1774717238,0.9975
1774720841,0.9975
1774724435,0.9975
1774728032,0.9975
1774731636,0.9975
1774735234,0.9975
1774738834,0.9975
1774742440,0.9975
1774746040,0.9975
1774749636,0.9975
1774753235,0.9975
1774756835,0.9975
1774760436,0.9975
1774764040,0.9975
1774767636,0.9975
1774771239,0.9975
1774774842,0.9975
1774778433,0.9975
1774782034,0.9975
1774785645,0.9975
1774789235,0.9975
1774792839,0.9975
1774796439,0.9975
1774800037,0.9975
1774803639,0.9975
1774807245,0.9975
1774810837,0.9975
1774814438,0.9975
1774818041,0.9975
1774821649,0.9975
1774825255,0.9975
1774828851,0.9975
1774832439,0.9975
1774836040,0.9995
1774839646,0.9995
1774843251,0.9995
1774846853,0.9995
1774850441,0.9995
1774854053,0.9995
1774857639,0.9995
1774861242,0.9995
1774864838,0.9995
1774868440,0.9995
1774872045,0.9995
1774875654,0.9995
1774879250,0.9995
1774882843,0.9995
1774886443,0.9995
1774890053,0.9995
1774893648,0.9995
1774897246,0.9995
1774900853,0.9995
1774904442,0.9995
1774908039,0.9995
1774911640,0.9995
1774915248,0.9995
1774918843,0.9995
1774922453,0.9995
1774926058,0.9995
1774929639,0.9995
1774933241,0.9995
1774936845,0.9995
1774940449,0.9995
1774944039,0.9995
1774947649,0.9995
1774951243,0.9995
1774954843,0.9995
1774962043,0.9995
1774965650,0.9995
1774969217,0.9995
1774972852,0.9995
1774976409,0.9995
1774980035,0.9995
1774987257,0.9995
1774990847,0.9995
1774994443,0.9995
1774998045,0.9995
1775001655,0.9995
1775005238,0.9995
1775008841,0.9995
1775012445,0.9995
1775016054,0.9995
1775019638,0.9995
1775023240,0.9995
1775026839,0.9995
1775030446,0.9995
1775034044,0.9995
1775037636,0.9995
1775041238,0.9995
1775044855,0.9995
1775048438,0.9995
1775052044,0.9995
1775055645,0.9995
1775059246,0.9995
1775062852,0.9995
1775066444,0.9995
1775070045,0.9995
1775073650,0.9995
1775080841,0.9995
1775084452,0.9995
1775088050,0.9995
1775091650,0.9995
1775095240,0.9995
1775098859,0.9995
1775102443,0.9995
1775106041,0.9995
1775109652,0.9995
1775113237,0.9995
1775116838,0.9995
1775120439,0.9995
1775124038,0.9995
1775127640,0.9995
1775131246,0.9995
1775134856,0.9995
1775138453,0.9995
1775149209,0.9995
1775152841,0.9995
1775156438,0.9995
1775160041,0.9995
1775163657,0.9995
1775167241,0.9995
1775170840,0.9995
1775174458,0.9995
1775178040,0.9995
1775181642,0.9995
1775188840,0.9995
1775192451,0.9995
1775199640,0.9995
1775203240,0.9995
1775206845,0.9995
1775210440,0.9995
1775214040,0.9995
1775217648,0.9995
1775221246,0.9995
1775224845,0.9995
1775228448,0.9995
1775232041,0.9995
1775235659,0.9995
1775246448,0.9995
1775250059,0.9995
1775253637,0.9995
1775257251,0.9995
1775260857,0.9995
1775264451,0.9995
1775268039,0.9995
1775271644,0.9995
1775278841,0.9995
1775282446,0.9995
1775286042,0.9995
1775289644,0.9995
1775293248,0.9995
1775296857,0.9995
1775300450,0.9995
1775304052,0.9995
1775307644,0.9995
1775314851,0.9995
1775318444,0.9995
1775325647,0.9995
1775332853,0.9995
1775336448,0.9995
1775340053,0.9995
1775350848,0.9995
1775354459,0.9995
