timestamp,price
1750698006,0.5
1750701606,0.25
1750705206,0.25
1750708806,0.2
1750712406,0.2
1750716007,0.2
1750719606,0.2
1750723207,0.205
1750726806,0.205
1750730407,0.205
1750734007,0.205
1750737607,0.205
1750741206,0.205
1750744806,0.21
1750748407,0.21
1750752007,0.21
1750755607,0.21
1750759206,0.21
1750762807,0.21
1750766406,0.21
1750770007,0.21
1750773607,0.21
1750777207,0.21
1750780806,0.21
1750784406,0.21
1750788007,0.21
1750791606,0.215
1750795206,0.215
1750798807,0.215
1750802407,0.215
1750806007,0.215
1750809607,0.2
1750813208,0.215
1750816808,0.215
1750820407,0.215
1750824007,0.215
1750827607,0.215
1750831207,0.215
1750834807,0.225
1750838408,0.225
1750842008,0.225
1750845608,0.225
1750849208,0.225
1750852808,0.225
1750856408,0.225
1750860008,0.225
1750863608,0.225
1750867207,0.23
1750870807,0.23
1750874407,0.23
1750878007,0.23
1750881608,0.23
1750885207,0.23
1750888808,0.23
1750892408,0.23
1750896008,0.23
1750899607,0.23
1750903207,0.23
1750906807,0.23
1750910408,0.23
1750914007,0.23
1750917607,0.23
1750921207,0.23
1750924807,0.23
1750928407,0.23
1750932007,0.23
1750935607,0.23
1750939207,0.23
1750942808,0.215
1750946407,0.23
1750950007,0.23
1750953608,0.23
1750957207,0.23
1750960807,0.23
1750964406,0.23
1750968008,0.23
1750971608,0.23
1750975208,0.23
1750978807,0.23
1750982407,0.23
1750986007,0.23
1750989608,0.23
1750993208,0.23
1750996807,0.23
1751000407,0.23
1751004007,0.23
1751007608,0.23
1751011207,0.23
1751014807,0.23
1751018407,0.23
1751022008,0.23
1751025608,0.23
1751029207,0.23
1751032808,0.23
1751036408,0.23
1751040008,0.23
1751043608,0.23
1751047208,0.23
1751050808,0.325
1751054408,0.325
1751058009,0.325
1751061607,0.325
1751065208,0.32
1751068807,0.32
1751072407,0.32
1751076008,0.32
1751079607,0.32
1751083208,0.32
1751086807,0.32
1751090407,0.32
1751094008,0.32
1751097607,0.32
1751101207,0.32
1751104807,0.32
1751108407,0.315
1751112007,0.315
1751115608,0.315
1751119207,0.315
1751122808,0.315
1751126408,0.315
1751130008,0.315
1751133608,0.31
1751137208,0.315
1751140807,0.315
1751144407,0.315
1751148008,0.31
1751151608,0.315
1751155208,0.315
1751158807,0.315
1751162407,0.315
1751166007,0.315
1751169608,0.315
1751173208,0.315
1751176807,0.315
1751180407,0.315
1751184007,0.315
1751187607,0.315
1751191206,0.315
1751194807,0.31
1751198407,0.31
1751202007,0.315
1751205607,0.315
1751209207,0.315
1751212807,0.315
1751216407,0.315
1751220007,0.315
1751223607,0.315
1751227207,0.31
1751230807,0.315
1751234407,0.31
1751238007,0.305
1751241607,0.3
1751245207,0.3
1751248807,0.3
1751252406,0.3
1751256007,0.3
1751259607,0.3
1751263207,0.3
1751266806,0.3
1751270407,0.3
1751274008,0.295
1751277607,0.295
1751281208,0.295
1751284807,0.295
1751288406,0.295
1751292007,0.295
1751295606,0.295
1751299207,0.295
1751302807,0.295
1751306407,0.295
1751310007,0.295
1751313607,0.295
1751317207,0.295
1751320807,0.225
1751324407,0.215
1751328008,0.215
1751331607,0.2
1751335207,0.2
1751338808,0.2
1751342407,0.2
1751346007,0.2
1751349607,0.2
1751353207,0.2
1751356807,0.2
1751360406,0.2
1751364007,0.2
1751367607,0.2
1751371207,0.2
1751374806,0.2
1751378407,0.2
1751382007,0.2
1751385606,0.2
1751389207,0.2
1751392807,0.2
1751396407,0.2
1751400008,0.2
1751403608,0.2
1751407208,0.2
1751410808,0.2
1751414407,0.2
1751418008,0.2
1751421607,0.2
1751425207,0.2
1751428808,0.2
1751432408,0.2
1751436007,0.2
1751439607,0.2
1751443207,0.2
1751446807,0.2
1751450408,0.2
1751454007,0.2
1751457607,0.2
1751461207,0.2
1751464807,0.2
1751468407,0.2
1751472008,0.2
1751475608,0.2
1751479207,0.2
1751482808,0.2
1751486408,0.2
1751490008,0.2
1751493607,0.2
1751497208,0.2
1751500808,0.2
1751504408,0.2
1751508007,0.2
1751511607,0.2
1751515208,0.2
1751518807,0.2
1751522408,0.2
1751526008,0.2
1751529608,0.2
1751533207,0.2
1751536808,0.2
1751540408,0.2
1751544008,0.2
1751547607,0.2
1751551207,0.2
1751554808,0.2
1751558407,0.2
1751562008,0.2
1751565608,0.2
1751569207,0.2
1751572809,0.2
1751576408,0.2
1751580008,0.2
1751583607,0.2
1751587208,0.2
1751590808,0.2
1751594407,0.2
1751598008,0.2
1751601608,0.2
1751605207,0.2
1751608807,0.2
1751612407,0.2
1751616007,0.2
1751619607,0.2
1751623207,0.2
1751626807,0.2
1751630407,0.2
1751634008,0.2
1751637608,0.2
1751641208,0.2
1751644807,0.2
1751648409,0.2
1751652008,0.2
1751655608,0.2
1751659208,0.2
1751662807,0.2
1751666408,0.2
1751670008,0.2
1751673608,0.2
1751677208,0.2
1751680808,0.2
1751684407,0.2
1751688008,0.2
1751691608,0.225
1751695208,0.225
1751698808,0.225
1751702408,0.225
1751706007,0.225
1751709608,0.225
1751713207,0.225
1751716808,0.225
1751720408,0.225
1751724008,0.225
1751727607,0.225
1751731207,0.225
1751734807,0.225
1751738407,0.225
1751742007,0.225
1751745608,0.225
1751749207,0.225
1751752808,0.22
1751756408,0.22
1751760007,0.22
1751763607,0.22
1751767208,0.22
1751770808,0.22
1751774407,0.22
1751778007,0.22
1751781607,0.22
1751785206,0.22
1751788807,0.22
1751792408,0.22
1751796007,0.22
1751799608,0.22
1751803207,0.22
1751806807,0.22
1751810408,0.22
1751814006,0.22
1751817607,0.22
1751821207,0.22
1751824808,0.22
1751828407,0.22
1751832008,0.22
1751835608,0.22
1751839208,0.22
1751842807,0.22
1751846407,0.22
1751850007,0.22
1751853606,0.22
1751857207,0.22
1751860807,0.22
1751864406,0.22
1751868006,0.22
1751871607,0.22
1751875206,0.22
1751878806,0.22
1751882407,0.22
1751886006,0.22
1751889607,0.22
1751893207,0.22
1751896807,0.22
1751900407,0.22
1751904007,0.22
1751907607,0.22
1751911207,0.22
1751914807,0.22
1751918407,0.22
1751922007,0.22
1751925608,0.22
1751929206,0.22
1751932808,0.22
1751936407,0.22
1751940007,0.22
1751943607,0.22
1751947208,0.22
1751950808,0.22
1751954408,0.22
1751958007,0.22
1751961607,0.22
1751965207,0.22
1751968807,0.22
1751972407,0.22
1751976007,0.22
1751979607,0.22
1751983208,0.22
1751986807,0.22
1751990407,0.22
1751994008,0.22
1751997607,0.22
1752001208,0.22
1752004807,0.22
1752008407,0.22
1752012007,0.22
1752015607,0.22
1752019207,0.22
1752022808,0.22
1752026407,0.22
1752030007,0.22
1752033608,0.22
1752037208,0.22
1752040808,0.22
1752044408,0.22
1752048008,0.22
1752051607,0.22
1752055207,0.22
1752058808,0.22
1752062408,0.22
1752066008,0.22
1752069607,0.22
1752073208,0.22
1752076809,0.22
1752080408,0.22
1752084007,0.22
1752087608,0.22
1752091207,0.22
1752094808,0.22
1752098408,0.22
1752102008,0.22
1752105608,0.22
1752109208,0.22
1752112808,0.22
1752116408,0.22
1752120009,0.22
1752123608,0.22
1752127208,0.22
1752130808,0.22
1752134407,0.22
1752138007,0.22
1752141608,0.22
1752145208,0.22
1752148808,0.22
1752152407,0.22
1752156008,0.22
1752159607,0.22
1752163207,0.22
1752166808,0.22
1752170408,0.22
1752174008,0.22
1752177609,0.22
1752181208,0.22
1752184807,0.22
1752188408,0.22
1752192008,0.22
1752195608,0.22
1752199208,0.22
1752202808,0.22
1752206408,0.22
1752210008,0.22
1752213608,0.22
1752217207,0.22
1752220808,0.22
1752224409,0.22
1752228008,0.22
1752231609,0.22
1752235209,0.22
1752238809,0.22
1752242408,0.22
1752246009,0.22
1752249608,0.22
1752253209,0.22
1752256808,0.22
1752260408,0.22
1752264009,0.22
1752267608,0.22
1752271208,0.22
1752274808,0.22
1752278409,0.22
1752282008,0.22
1752285608,0.22
1752289208,0.22
1752292809,0.22
1752296408,0.22
1752300008,0.22
1752303609,0.22
1752307208,0.22
1752310809,0.22
1752314408,0.22
1752318007,0.22
1752321608,0.22
1752325208,0.22
1752328809,0.22
1752332407,0.22
1752336009,0.22
1752339608,0.22
1752343208,0.22
1752346808,0.22
1752350407,0.22
1752354008,0.22
1752357608,0.22
1752361208,0.22
1752364808,0.22
1752368408,0.22
1752372008,0.22
1752375608,0.22
1752379208,0.22
1752382808,0.22
1752386407,0.22
1752390008,0.22
1752393608,0.22
1752397208,0.22
1752400808,0.22
1752404408,0.22
1752408007,0.22
1752411608,0.22
1752415207,0.22
1752418808,0.22
1752422408,0.22
1752426008,0.22
1752429608,0.22
1752433208,0.22
1752436808,0.325
1752440408,0.31
1752444006,0.315
1752447606,0.29
1752451207,0.315
1752454807,0.325
1752458407,0.325
1752462007,0.305
1752465608,0.315
1752469207,0.3
1752472807,0.31
1752476406,0.315
1752480007,0.315
1752483607,0.295
1752487207,0.285
1752490807,0.285
1752494407,0.285
1752498007,0.285
1752501608,0.285
1752505207,0.285
1752508807,0.285
1752512407,0.285
1752516007,0.285
1752519607,0.285
1752523207,0.285
1752526807,0.285
1752530407,0.285
1752534007,0.285
1752537608,0.285
1752541207,0.285
1752544807,0.285
1752548407,0.285
1752552007,0.285
1752555608,0.275
1752559208,0.285
1752562808,0.275
1752566407,0.27
1752570007,0.265
1752573606,0.27
1752577208,0.27
1752580808,0.27
1752584407,0.27
1752588008,0.27
1752591607,0.24
1752595207,0.23
1752598808,0.23
1752602408,0.23
1752606007,0.23
1752609608,0.23
1752613208,0.245
1752616808,0.235
1752620408,0.235
1752624008,0.235
1752627608,0.235
1752631208,0.235
1752634808,0.235
1752638408,0.235
1752642008,0.235
1752645607,0.235
1752649208,0.245
1752652808,0.245
1752656408,0.245
1752660008,0.27
1752663607,0.235
1752667208,0.24
1752670809,0.275
1752674407,0.25
1752678007,0.26
1752681608,0.255
1752685208,0.25
1752688807,0.26
1752692408,0.255
1752696008,0.25
1752699608,0.265
1752703208,0.275
1752706807,0.275
1752710408,0.275
1752714008,0.285
1752717608,0.285
1752721208,0.285
1752724808,0.285
1752728408,0.285
1752732008,0.285
1752735608,0.285
1752739208,0.285
1752742808,0.285
1752746408,0.285
1752750008,0.285
1752753607,0.285
1752757208,0.285
1752760807,0.285
1752764409,0.285
1752768008,0.285
1752771608,0.285
1752775208,0.285
1752778808,0.28
1752782408,0.285
1752786007,0.28
1752789608,0.285
1752793209,0.28
1752796808,0.275
1752800408,0.28
1752804008,0.275
1752807608,0.275
1752811207,0.275
1752814808,0.275
1752818407,0.275
1752822007,0.275
1752825607,0.285
1752829209,0.265
1752832808,0.275
1752836408,0.27
1752840008,0.275
1752843608,0.275
1752847208,0.285
1752850808,0.27
1752854408,0.275
1752858009,0.27
1752861608,0.27
1752865208,0.27
1752868808,0.27
1752872409,0.275
1752876009,0.275
1752879609,0.275
1752883209,0.275
1752886807,0.28
1752890408,0.275
1752894008,0.265
1752897607,0.265
1752901208,0.25
1752904808,0.255
1752908407,0.245
1752912008,0.245
1752915609,0.245
1752919208,0.255
1752922808,0.255
1752926408,0.25
1752930009,0.255
1752933608,0.25
1752937208,0.25
1752940808,0.25
1752944408,0.25
1752948007,0.25
1752951608,0.245
1752955209,0.25
1752958808,0.25
1752962408,0.245
1752966008,0.245
1752969608,0.245
1752973208,0.245
1752976808,0.245
1752980409,0.245
1752984008,0.245
1752987608,0.245
1752991208,0.25
1752994807,0.25
1752998408,0.25
1753002008,0.25
1753005607,0.25
1753009207,0.25
1753012808,0.25
1753016408,0.25
1753020007,0.25
1753023608,0.24
1753027207,0.24
1753030807,0.245
1753034408,0.26
1753038008,0.255
1753041607,0.25
1753045207,0.25
1753048807,0.25
1753052407,0.25
1753056007,0.25
1753059607,0.25
1753063208,0.25
1753066807,0.25
1753070408,0.245
1753074007,0.23
1753077608,0.23
1753081207,0.23
1753084807,0.23
1753088408,0.23
1753092007,0.23
1753095608,0.23
1753099207,0.23
1753102809,0.23
1753106408,0.23
1753110007,0.23
1753113608,0.235
1753117208,0.23
1753120808,0.23
1753124408,0.23
1753128008,0.23
1753131608,0.235
1753135209,0.23
1753138808,0.23
1753142409,0.23
1753146009,0.23
1753149609,0.23
1753153208,0.23
1753156809,0.225
1753160408,0.225
1753164008,0.23
1753167609,0.23
1753171208,0.23
1753174808,0.23
1753178408,0.23
1753182009,0.23
1753185609,0.23
1753189210,0.225
1753192810,0.235
1753196408,0.23
1753200008,0.225
1753203610,0.23
1753207209,0.235
1753210809,0.225
1753214409,0.225
1753218009,0.23
1753221609,0.23
1753225209,0.23
1753228809,0.23
1753232409,0.23
1753236009,0.23
1753239608,0.23
1753243209,0.23
1753246803,0.23
1753246824,0.23
1753250408,0.23
1753254008,0.235
1753257609,0.23
1753261209,0.225
1753264809,0.225
1753268408,0.225
1753272009,0.225
1753275608,0.225
1753279209,0.225
1753282809,0.225
1753286410,0.225
1753290009,0.225
1753293609,0.225
1753297208,0.225
1753300809,0.225
1753304409,0.225
1753308009,0.225
1753311609,0.225
1753315209,0.225
1753318808,0.225
1753322409,0.225
1753326009,0.225
1753329609,0.225
1753333209,0.225
1753336809,0.225
1753340409,0.225
1753344009,0.225
1753347610,0.225
1753351210,0.225
1753354810,0.225
1753358409,0.225
1753362008,0.225
1753365608,0.225
1753369209,0.225
1753372809,0.225
1753376409,0.225
1753380010,0.225
1753383609,0.225
1753387209,0.225
1753390808,0.225
1753394409,0.225
1753398009,0.225
1753401609,0.225
1753405209,0.225
1753408809,0.225
1753412409,0.225
1753416009,0.225
1753419609,0.225
1753423209,0.225
1753426808,0.225
1753430408,0.225
1753434009,0.225
1753437608,0.225
1753441209,0.225
1753444809,0.225
1753448409,0.225
1753452010,0.225
1753455609,0.225
1753459210,0.225
1753462809,0.225
1753466410,0.225
1753470009,0.225
1753473610,0.225
1753477210,0.225
1753480810,0.225
1753484409,0.225
1753488009,0.225
1753491610,0.225
1753495210,0.225
1753498810,0.225
1753502409,0.225
1753506009,0.225
1753509608,0.225
1753513209,0.225
1753516809,0.225
1753520409,0.225
1753524009,0.225
1753527609,0.225
1753531210,0.225
1753534810,0.225
1753538410,0.225
1753542009,0.225
1753545609,0.225
1753549209,0.225
1753552809,0.225
1753556409,0.225
1753560009,0.225
1753563608,0.225
1753567210,0.225
1753570809,0.225
1753574410,0.225
1753578009,0.225
1753581609,0.225
1753585209,0.225
1753588808,0.225
1753592407,0.225
1753596009,0.225
1753599609,0.225
1753603209,0.225
1753606808,0.225
1753610408,0.225
1753614008,0.225
1753617609,0.225
1753621208,0.225
1753624809,0.225
1753628409,0.225
1753632009,0.225
1753635608,0.225
1753639208,0.225
1753642808,0.225
1753646408,0.235
1753650008,0.235
1753653608,0.235
1753657208,0.235
1753660809,0.235
1753664408,0.235
1753668008,0.235
1753671607,0.235
1753675208,0.235
1753678808,0.235
1753682407,0.235
1753686007,0.235
1753689608,0.235
1753693208,0.235
1753696808,0.235
1753700408,0.235
1753704009,0.235
1753707609,0.235
1753711208,0.235
1753714808,0.235
1753718408,0.23
1753722008,0.23
1753725608,0.23
1753729209,0.23
1753732810,0.23
1753736409,0.23
1753740009,0.23
1753743610,0.23
1753747210,0.23
1753750808,0.23
1753754408,0.23
1753758009,0.23
1753761610,0.23
1753765209,0.23
1753768810,0.23
1753772409,0.23
1753776008,0.23
1753779609,0.23
1753783210,0.23
1753786808,0.23
1753790408,0.23
1753794010,0.23
1753797609,0.23
1753801209,0.23
1753804808,0.23
1753808409,0.23
1753812010,0.225
1753815609,0.225
1753819210,0.225
1753822809,0.225
1753826408,0.225
1753830010,0.225
1753833610,0.225
1753837209,0.225
1753840809,0.225
1753844410,0.225
1753848010,0.225
1753851610,0.225
1753855208,0.225
1753858808,0.225
1753862409,0.225
1753866010,0.225
1753869609,0.225
1753873210,0.225
1753876809,0.225
1753880408,0.225
1753884010,0.225
1753887609,0.225
1753891210,0.225
1753894809,0.225
1753898409,0.225
1753902009,0.225
1753905609,0.225
1753909210,0.225
1753912809,0.225
1753916409,0.225
1753920008,0.225
1753923610,0.225
1753927210,0.225
1753930808,0.22
1753934409,0.22
1753938010,0.22
1753941609,0.22
1753945210,0.22
1753948809,0.22
1753952409,0.22
1753956010,0.22
1753959608,0.22
1753963208,0.22
1753966810,0.22
1753970409,0.22
1753974009,0.22
1753977609,0.22
1753981208,0.22
1753984810,0.22
1753988409,0.22
1753992009,0.22
1753995610,0.22
1753999209,0.22
1754002809,0.22
1754006409,0.22
1754010009,0.22
1754013610,0.22
1754017208,0.22
1754020809,0.22
1754024408,0.22
1754028008,0.22
1754031608,0.22
1754035208,0.22
1754038808,0.22
1754042408,0.22
1754046009,0.22
1754049609,0.22
1754053209,0.22
1754056809,0.22
1754060409,0.22
1754064009,0.22
1754067609,0.22
1754071210,0.22
1754074808,0.22
1754078409,0.22
1754082009,0.22
1754085609,0.22
1754089210,0.22
1754092809,0.22
1754096409,0.22
1754100009,0.22
1754103609,0.22
1754107209,0.22
1754110809,0.22
1754114409,0.22
1754118009,0.22
1754121609,0.22
1754125209,0.22
1754128809,0.22
1754132409,0.22
1754136010,0.22
1754139609,0.22
1754143209,0.22
1754146810,0.22
1754150409,0.22
1754154010,0.22
1754157609,0.22
1754161208,0.22
1754164810,0.22
1754168409,0.22
1754172009,0.22
1754175609,0.22
1754179208,0.22
1754182809,0.22
1754186410,0.22
1754190009,0.22
1754193608,0.22
1754197208,0.22
1754200809,0.22
1754204409,0.22
1754208010,0.22
1754211609,0.22
1754215208,0.22
1754218809,0.22
1754222408,0.22
1754226009,0.22
1754229609,0.22
1754233209,0.22
1754236809,0.22
1754240409,0.215
1754244008,0.215
1754247609,0.215
1754251208,0.215
1754254808,0.215
1754258408,0.215
1754262008,0.215
1754265607,0.215
1754269208,0.215
1754272808,0.215
1754276408,0.215
1754280007,0.215
1754283608,0.215
1754287208,0.215
1754290807,0.215
1754294407,0.215
1754298008,0.215
1754301608,0.215
1754305208,0.215
1754308808,0.215
1754312408,0.215
1754316008,0.215
1754319608,0.215
1754323208,0.215
1754326808,0.215
1754330408,0.215
1754334008,0.215
1754337610,0.215
1754341209,0.215
1754344808,0.215
1754348410,0.215
1754352008,0.215
1754355608,0.215
1754359208,0.215
1754362808,0.215
1754366409,0.215
1754370009,0.215
1754373609,0.215
1754377210,0.215
1754380809,0.215
1754384410,0.215
1754388009,0.215
1754391609,0.215
1754395209,0.215
1754398809,0.215
1754402409,0.215
1754406009,0.215
1754409609,0.215
1754413209,0.215
1754416808,0.215
1754420409,0.215
1754424009,0.215
1754427610,0.215
1754431209,0.215
1754434808,0.215
1754438409,0.215
1754442009,0.215
1754445610,0.215
1754449209,0.215
1754452810,0.215
1754456410,0.215
1754460009,0.215
1754463609,0.215
1754467209,0.215
1754470809,0.215
1754474409,0.215
1754478009,0.215
1754481608,0.215
1754485209,0.215
1754488809,0.215
1754492410,0.215
1754496009,0.215
1754499608,0.215
1754503209,0.2
1754506806,0.215
1754510403,0.21
1754514005,0.215
1754517611,0.215
1754521212,0.215
1754524804,0.205
1754528403,0.19
1754532009,0.215
1754535613,0.2
1754539204,0.18
1754542805,0.2
1754546402,0.18
1754550004,0.2
1754553606,0.205
1754557210,0.21
1754560815,0.215
1754564405,0.215
1754568005,0.205
1754571609,0.215
1754575205,0.215
1754578808,0.21
1754582412,0.215
1754586004,0.215
1754589615,0.215
1754593213,0.205
1754596810,0.215
1754600404,0.205
1754604014,0.21
1754607611,0.215
1754611210,0.21
1754614809,0.215
1754618406,0.205
1754622013,0.21
1754625606,0.205
1754629205,0.21
1754632802,0.215
1754636415,0.205
1754640012,0.21
1754643612,0.215
1754647205,0.205
1754650808,0.215
1754654414,0.205
1754658008,0.21
1754661613,0.215
1754665206,0.215
1754668803,0.215
1754672406,0.205
1754676007,0.21
1754679608,0.21
1754683215,0.21
1754686808,0.21
1754690402,0.21
1754694009,0.205
1754697615,0.205
1754701210,0.205
1754704811,0.21
1754708407,0.205
1754712008,0.205
1754715603,0.205
1754719211,0.21
1754722804,0.205
1754726413,0.205
1754730014,0.21
1754733611,0.205
1754737206,0.205
1754740803,0.205
1754744412,0.205
1754748006,0.205
1754751615,0.21
1754755213,0.205
1754758816,0.205
1754762402,0.205
1754766017,0.205
1754769612,0.205
1754773202,0.205
1754776812,0.21
1754780406,0.21
1754784008,0.21
1754787609,0.21
1754791213,0.21
1754794806,0.21
1754798406,0.215
1754802005,0.215
1754805610,0.215
1754809205,0.215
1754812804,0.215
1754816413,0.215
1754820011,0.215
1754823613,0.215
1754827217,0.215
1754830802,0.215
1754834405,0.215
1754838017,0.22
1754841604,0.22
1754845205,0.22
1754848809,0.22
1754852407,0.22
1754856002,0.22
1754859617,0.22
1754863206,0.22
1754866811,0.22
1754870414,0.22
1754874006,0.22
1754877604,0.22
1754881205,0.22
1754884805,0.22
1754888411,0.22
1754892016,0.22
1754895606,0.22
1754899205,0.22
1754902802,0.22
1754906411,0.22
1754910012,0.22
1754913608,0.22
1754917208,0.22
1754920803,0.22
1754924420,0.22
1754928005,0.22
1754931613,0.22
1754935217,0.22
1754938812,0.22
1754942413,0.22
1754946016,0.22
1754949611,0.22
1754953215,0.22
1754956808,0.22
1754960408,0.22
1754964007,0.22
1754967603,0.22
1754971205,0.22
1754974806,0.22
1754978406,0.22
1754982004,0.22
1754985612,0.22
1754989213,0.22
1754992811,0.22
1754996413,0.22
1755000005,0.22
1755003605,0.22
1755007204,0.22
1755010803,0.22
1755014407,0.22
1755018005,0.22
1755021613,0.22
1755025211,0.22
1755028808,0.22
1755032415,0.22
1755036011,0.22
1755039605,0.22
1755043210,0.22
1755046807,0.22
1755050405,0.22
1755054005,0.22
1755057605,0.22
1755061203,0.22
1755064813,0.22
1755068414,0.22
1755072007,0.22
1755075614,0.22
1755079203,0.22
1755082805,0.22
1755086415,0.22
1755090016,0.22
1755093606,0.22
1755097208,0.22
1755100806,0.22
1755104402,0.22
1755108007,0.22
1755111610,0.22
1755115213,0.22
1755118814,0.22
1755122413,0.22
1755126005,0.22
1755129605,0.22
1755133204,0.22
1755136804,0.22
1755140415,0.22
1755144002,0.22
1755147612,0.22
1755151202,0.22
1755154809,0.22
1755158406,0.22
1755162005,0.22
1755165604,0.22
1755169203,0.215
1755172810,0.215
1755176412,0.215
1755180007,0.215
1755183610,0.215
1755187214,0.215
1755190816,0.215
1755194415,0.215
1755198008,0.215
1755201602,0.215
1755205211,0.215
1755208804,0.215
1755212408,0.215
1755216003,0.215
1755219604,0.215
1755223206,0.215
1755226809,0.215
1755230405,0.215
1755234005,0.215
1755237607,0.215
1755241204,0.215
1755244813,0.215
1755248403,0.215
1755252009,0.215
1755255606,0.215
1755259217,0.215
1755262804,0.215
1755266406,0.215
1755270013,0.215
1755273606,0.215
1755277218,0.215
1755280806,0.215
1755284404,0.215
1755288003,0.21
1755291609,0.215
1755295212,0.205
1755298802,0.18
1755302404,0.17
1755306002,0.16
1755309613,0.15
1755313204,0.14
1755316812,0.14
1755320412,0.14
1755324004,0.14
1755327617,0.14
1755331204,0.14
1755334818,0.14
1755338405,0.14
1755342008,0.14
1755345610,0.14
1755349207,0.14
1755352814,0.14
1755356412,0.215
1755360016,0.21
1755363606,0.21
1755367208,0.21
1755370816,0.21
1755374418,0.205
1755378009,0.215
1755381608,0.215
1755385214,0.215
1755388809,0.215
1755392405,0.215
1755396002,0.215
1755399605,0.215
1755403202,0.215
1755406810,0.215
1755410416,0.21
1755414015,0.215
1755417607,0.215
1755421218,0.215
1755424811,0.215
1755428402,0.215
1755432013,0.215
1755435615,0.215
1755439205,0.21
1755442806,0.21
1755446414,0.21
1755450012,0.21
1755453604,0.21
1755457205,0.21
1755460805,0.21
1755464413,0.215
1755468010,0.195
1755471616,0.21
1755475210,0.21
1755478807,0.21
1755482406,0.21
1755486007,0.21
1755489613,0.205
1755493205,0.2
1755496813,0.195
1755500413,0.195
1755504012,0.21
1755507620,0.215
1755511212,0.215
1755514814,0.215
1755518404,0.195
1755522014,0.2
1755525614,0.215
1755529203,0.21
1755532808,0.21
1755536405,0.21
1755540004,0.21
1755543616,0.205
1755547205,0.21
1755550804,0.205
1755554403,0.205
1755558002,0.21
1755561613,0.21
1755565207,0.21
1755568804,0.21
1755572408,0.21
1755576011,0.21
1755579613,0.21
1755583216,0.21
1755586810,0.21
1755590405,0.21
1755594012,0.21
1755597604,0.21
1755601210,0.21
1755604803,0.21
1755608403,0.21
1755612009,0.21
1755615607,0.21
1755619219,0.21
1755622809,0.21
1755626405,0.21
1755630005,0.21
1755633613,0.21
1755637218,0.21
1755640804,0.21
1755644408,0.21
1755648008,0.21
1755651609,0.21
1755655207,0.21
1755658806,0.21
1755662406,0.21
1755666015,0.21
1755669614,0.21
1755673206,0.21
1755676811,0.21
1755680417,0.21
1755684008,0.21
1755687610,0.21
1755691207,0.21
1755694805,0.21
1755698410,0.21
1755702004,0.21
1755705617,0.21
1755709207,0.21
1755712807,0.21
1755716410,0.21
1755720008,0.205
1755723603,0.205
1755727212,0.205
1755730811,0.205
1755734402,0.205
1755738004,0.205
1755741610,0.205
1755745214,0.205
1755748813,0.205
1755752404,0.205
1755756015,0.205
1755759608,0.205
1755763209,0.205
1755766817,0.205
1755770415,0.205
1755774013,0.205
1755777604,0.205
1755781208,0.21
1755784817,0.205
1755788416,0.205
1755792009,0.205
1755795615,0.205
1755799214,0.205
1755802813,0.205
1755806408,0.21
1755810011,0.205
1755813606,0.205
1755817206,0.205
1755820805,0.21
1755824407,0.21
1755828002,0.21
1755831605,0.21
1755835202,0.21
1755838814,0.21
1755842415,0.21
1755846010,0.21
1755849614,0.21
1755853207,0.21
1755856815,0.21
1755860413,0.21
1755864005,0.21
1755867607,0.21
1755871216,0.21
1755874814,0.21
1755878408,0.21
1755882016,0.21
1755885605,0.21
1755889220,0.21
1755892802,0.21
1755896408,0.21
1755900017,0.21
1755903611,0.21
1755907206,0.21
1755910808,0.21
1755914417,0.21
1755918006,0.21
1755921607,0.21
1755925211,0.21
1755928816,0.21
1755932417,0.21
1755936015,0.21
1755939615,0.21
1755943202,0.21
1755946812,0.21
1755950402,0.21
1755954018,0.21
1755957602,0.21
1755961206,0.21
1755964805,0.21
1755968405,0.21
1755972010,0.21
1755975612,0.21
1755979203,0.21
1755982810,0.21
1755986407,0.21
1755990008,0.21
1755993609,0.21
1755997207,0.205
1756000806,0.205
1756004402,0.205
1756008003,0.205
1756011607,0.205
1756015214,0.205
1756018817,0.205
1756022408,0.205
1756026004,0.205
1756029611,0.205
1756033202,0.205
1756036816,0.205
1756040407,0.205
1756044002,0.205
1756047612,0.205
1756051210,0.205
1756054806,0.205
1756058417,0.205
1756062011,0.205
1756065607,0.205
1756069210,0.205
1756072805,0.205
1756076417,0.205
1756080005,0.205
1756083609,0.205
1756087214,0.205
1756090807,0.205
1756094402,0.205
1756098016,0.205
1756101617,0.205
1756105206,0.205
1756108807,0.205
1756112419,0.205
1756116003,0.205
1756119617,0.205
1756123207,0.205
1756126816,0.205
1756130403,0.205
1756134008,0.205
1756137605,0.205
1756141204,0.205
1756144812,0.205
1756148410,0.205
1756152004,0.205
1756155602,0.205
1756159209,0.205
1756162811,0.205
1756166406,0.205
1756170005,0.205
1756173610,0.205
1756177217,0.205
1756177224,0.205
1756180810,0.205
1756184406,0.205
1756188013,0.205
1756191612,0.205
1756195213,0.205
1756198804,0.205
1756202405,0.205
1756206013,0.205
1756209611,0.205
1756213212,0.205
1756216804,0.205
1756220402,0.205
1756224012,0.205
1756227613,0.205
1756231218,0.205
1756234803,0.205
1756238411,0.205
1756242018,0.205
1756245615,0.205
1756249207,0.205
1756252813,0.205
1756256412,0.205
1756260012,0.205
1756263603,0.205
1756267207,0.205
1756270816,0.205
1756274415,0.205
1756278004,0.205
1756281612,0.205
1756285218,0.205
1756288806,0.205
1756292416,0.205
1756296005,0.205
1756299602,0.205
1756303217,0.205
1756306805,0.205
1756310406,0.205
1756314009,0.205
1756317613,0.205
1756321205,0.18
1756324809,0.16
1756328405,0.16
1756332015,0.16
1756335615,0.16
1756339205,0.16
1756342807,0.16
1756346410,0.16
1756350012,0.16
1756353618,0.16
1756357212,0.16
1756360803,0.16
1756364406,0.16
1756368017,0.16
1756371618,0.16
1756375219,0.16
1756378812,0.16
1756382425,0.16
1756386016,0.16
1756389617,0.16
1756393210,0.16
1756396812,0.16
1756400410,0.16
1756404007,0.16
1756407603,0.16
1756411211,0.16
1756414811,0.16
1756418415,0.16
1756422012,0.16
1756425610,0.16
1756429203,0.16
1756432811,0.16
1756436403,0.16
1756440020,0.16
1756443611,0.16
1756447216,0.16
1756450819,0.16
1756454403,0.16
1756458024,0.16
1756461604,0.16
1756465204,0.16
1756468811,0.16
1756472412,0.16
1756476006,0.16
1756479615,0.16
1756483204,0.16
1756486808,0.16
1756490418,0.16
1756494016,0.16
1756497620,0.16
1756501209,0.16
1756504812,0.16
1756508403,0.16
1756512002,0.16
1756515611,0.16
1756519215,0.16
1756522811,0.16
1756526414,0.16
1756530012,0.16
1756533611,0.16
1756537221,0.16
1756540808,0.16
1756544420,0.16
1756548016,0.16
1756551618,0.16
1756555223,0.16
1756558818,0.16
1756562409,0.16
1756566019,0.16
1756569620,0.16
1756573218,0.16
1756576806,0.16
1756580412,0.16
1756584011,0.16
1756587619,0.16
1756591212,0.16
1756594820,0.155
1756598406,0.155
1756602003,0.155
1756605608,0.155
1756609208,0.155
1756612813,0.155
1756616410,0.155
1756620004,0.155
1756623612,0.155
1756627219,0.155
1756630810,0.155
1756634419,0.155
1756638005,0.155
1756641609,0.155
1756645202,0.155
1756648813,0.155
1756652415,0.155
1756656002,0.155
1756659609,0.155
1756663222,0.155
1756666812,0.155
1756670404,0.155
1756674011,0.155
1756677610,0.155
1756681222,0.155
1756684805,0.155
1756688410,0.155
1756692007,0.155
1756695614,0.155
1756699218,0.155
1756702809,0.155
1756706404,0.155
1756710017,0.155
1756713611,0.155
1756717223,0.155
1756720806,0.155
1756724407,0.155
1756728027,0.155
1756731606,0.155
1756735205,0.155
1756738820,0.155
1756742417,0.155
1756746012,0.155
1756749606,0.155
1756753202,0.155
1756756818,0.155
1756760420,0.155
1756764002,0.155
1756767609,0.155
1756771205,0.155
1756774802,0.155
1756778418,0.155
1756782015,0.155
1756785618,0.155
1756789204,0.155
1756792804,0.155
1756796409,0.155
1756800020,0.155
1756803603,0.155
1756807209,0.155
1756810817,0.155
1756814419,0.155
1756818014,0.155
1756821603,0.155
1756825202,0.155
1756828817,0.155
1756832414,0.155
1756836016,0.155
1756839608,0.155
1756843211,0.155
1756846802,0.155
1756850408,0.155
1756854012,0.155
1756857608,0.155
1756861206,0.155
1756864811,0.155
1756868413,0.155
1756872019,0.155
1756875613,0.155
1756879209,0.155
1756882822,0.155
1756886405,0.155
1756890023,0.155
1756893620,0.155
1756897217,0.155
1756900805,0.155
1756904422,0.155
1756908020,0.155
1756911604,0.155
1756915205,0.155
1756918812,0.155
1756922424,0.155
1756926019,0.155
1756929611,0.155
1756933209,0.155
1756936811,0.155
1756940416,0.155
1756944014,0.155
1756947615,0.155
1756951204,0.155
1756954816,0.155
1756958414,0.155
1756962012,0.155
1756965612,0.155
1756969212,0.15
1756972814,0.15
1756976416,0.15
1756980007,0.15
1756983604,0.15
1756987215,0.155
1756990820,0.155
1756994404,0.155
1756998006,0.155
1757001608,0.15
1757005220,0.15
1757008823,0.15
1757012409,0.15
1757016011,0.15
1757019618,0.15
1757023205,0.15
1757026810,0.15
1757030413,0.15
1757034006,0.15
1757037602,0.15
1757041219,0.15
1757044815,0.15
1757048404,0.15
1757052004,0.15
1757055612,0.15
1757059219,0.15
1757062818,0.15
1757066405,0.15
1757070016,0.15
1757073627,0.15
1757077218,0.15
1757080811,0.15
1757084416,0.15
1757088024,0.15
1757091610,0.15
1757095215,0.15
1757098819,0.15
1757102411,0.15
1757106024,0.15
1757109605,0.15
1757113214,0.15
1757116812,0.135
1757120409,0.14
1757124014,0.135
1757127609,0.135
1757131220,0.135
1757134813,0.14
1757138421,0.145
1757142007,0.145
1757145620,0.145
1757149206,0.145
1757152806,0.145
1757156415,0.145
1757160022,0.145
1757163612,0.145
1757167205,0.145
1757170820,0.145
1757174412,0.145
1757178017,0.145
1757181617,0.145
1757185203,0.145
1757188807,0.145
1757192410,0.145
1757196014,0.145
1757199620,0.145
1757203211,0.145
1757206812,0.145
1757210416,0.145
1757214009,0.145
1757217607,0.145
1757221214,0.145
1757224821,0.145
1757228410,0.14
1757232010,0.14
1757235623,0.14
1757239211,0.14
1757242802,0.14
1757246429,0.145
1757250018,0.145
1757253618,0.145
1757257220,0.145
1757260819,0.145
1757264409,0.145
1757268014,0.145
1757271604,0.145
1757275217,0.145
1757278818,0.145
1757282413,0.145
1757286002,0.14
1757289611,0.14
1757293213,0.14
1757296817,0.145
1757300413,0.145
1757304004,0.145
1757307610,0.145
1757311219,0.145
1757314818,0.145
1757318413,0.145
1757322005,0.145
1757325621,0.145
1757329206,0.14
1757332807,0.145
1757336414,0.145
1757340008,0.14
1757343602,0.14
1757347218,0.14
1757350819,0.145
1757354423,0.145
1757358019,0.145
1757361613,0.145
1757365210,0.15
1757368805,0.15
1757372409,0.15
1757376017,0.15
1757379610,0.15
1757383209,0.15
1757386821,0.15
1757390412,0.15
1757394013,0.15
1757397604,0.15
1757401222,0.15
1757404804,0.15
1757408412,0.15
1757412007,0.15
1757415605,0.15
1757419212,0.15
1757422821,0.15
1757426404,0.15
1757430018,0.15
1757433616,0.15
1757437212,0.15
1757440825,0.15
1757444402,0.15
1757448016,0.15
1757451614,0.15
1757455207,0.15
1757458813,0.15
1757462402,0.15
1757466008,0.15
1757469616,0.15
1757473209,0.15
1757476819,0.15
1757480402,0.15
1757484015,0.15
1757487607,0.15
1757491219,0.15
1757494806,0.15
1757498408,0.15
1757502009,0.15
1757505603,0.15
1757509206,0.15
1757512809,0.15
1757516408,0.15
1757520017,0.15
1757523606,0.15
1757527219,0.15
1757530803,0.15
1757534406,0.15
1757538018,0.15
1757541606,0.15
1757545208,0.15
1757548814,0.15
1757552409,0.15
1757556009,0.15
1757559604,0.15
1757563207,0.16
1757566817,0.16
1757570415,0.16
1757574004,0.16
1757577608,0.16
1757581226,0.16
1757584809,0.16
1757588413,0.16
1757592021,0.16
1757595617,0.16
1757599220,0.16
1757602814,0.16
1757606417,0.16
1757610011,0.16
1757613625,0.16
1757617218,0.16
1757620804,0.16
1757624405,0.16
1757628020,0.16
1757631607,0.155
1757635209,0.155
1757638816,0.155
1757642405,0.15
1757646011,0.155
1757649620,0.155
1757653217,0.155
1757656810,0.155
1757660412,0.155
1757664018,0.155
1757667608,0.155
1757671227,0.155
1757674814,0.155
1757678411,0.155
1757682016,0.155
1757685622,0.155
1757689211,0.16
1757692810,0.155
1757696409,0.155
1757700029,0.155
1757703609,0.155
1757707202,0.155
1757710826,0.165
1757714411,0.155
1757718005,0.155
1757721613,0.155
1757725205,0.155
1757728805,0.155
1757732407,0.155
1757736018,0.155
1757739604,0.155
1757743221,0.155
1757746809,0.155
1757750418,0.155
1757754002,0.155
1757757612,0.155
1757761216,0.155
1757764816,0.155
1757768413,0.15
1757772021,0.15
1757775617,0.15
1757779204,0.15
1757782806,0.155
1757786409,0.155
1757790017,0.155
1757793614,0.16
1757797223,0.145
1757800807,0.145
1757804409,0.145
1757808006,0.145
1757811613,0.165
1757815220,0.16
1757818811,0.16
1757822409,0.16
1757826011,0.16
1757829608,0.155
1757833210,0.155
1757836820,0.155
1757840417,0.145
1757844026,0.155
1757847612,0.155
1757851224,0.155
1757854819,0.155
1757858408,0.16
1757862004,0.16
1757865611,0.155
1757869209,0.155
1757872815,0.155
1757876421,0.15
1757880018,0.135
1757883611,0.135
1757887215,0.17
1757890806,0.175
1757894412,0.155
1757898012,0.155
1757901605,0.17
1757905223,0.17
1757908821,0.165
1757912420,0.165
1757916025,0.16
1757919604,0.16
1757923206,0.17
1757926821,0.165
1757930402,0.165
1757934016,0.16
1757937632,0.165
1757941205,0.165
1757944806,0.15
1757948417,0.15
1757952008,0.15
1757955609,0.15
1757959223,0.15
1757962802,0.15
1757966415,0.15
1757970017,0.15
1757973622,0.15
1757977218,0.15
1757980821,0.15
1757984417,0.165
1757988006,0.165
1757991611,0.165
1757995202,0.165
1757998822,0.165
1758002419,0.165
1758006022,0.165
1758009621,0.165
1758013205,0.17
1758016828,0.17
1758020428,0.17
1758024031,0.17
1758027602,0.17
1758031222,0.17
1758034825,0.17
1758038407,0.165
1758042019,0.165
1758045615,0.165
1758049203,0.165
1758052806,0.165
1758056419,0.165
1758060009,0.165
1758063609,0.165
1758067216,0.165
1758070808,0.165
1758074419,0.165
1758078018,0.165
1758081613,0.165
1758085206,0.165
1758088821,0.165
1758092407,0.165
1758096005,0.165
1758099629,0.165
1758103217,0.165
1758106811,0.165
1758110423,0.165
1758114017,0.165
1758117604,0.165
1758121219,0.165
1758124804,0.165
1758128418,0.165
1758135613,0.165
1758139210,0.165
1758142814,0.165
1758146408,0.165
1758150006,0.165
1758153606,0.165
1758157203,0.165
1758160812,0.165
1758164421,0.165
1758168003,0.165
1758171614,0.165
1758175223,0.165
1758178802,0.165
1758182410,0.165
1758186004,0.165
1758189609,0.165
1758193216,0.165
1758196805,0.165
1758200409,0.165
1758204007,0.165
1758207613,0.165
1758211217,0.165
1758214808,0.165
1758218409,0.165
1758222016,0.165
1758225621,0.16
1758229209,0.16
1758232807,0.16
1758236415,0.16
1758240002,0.16
1758243613,0.165
1758247208,0.165
1758250816,0.165
1758254418,0.165
1758258018,0.165
1758261619,0.165
1758265211,0.165
1758268819,0.165
1758272416,0.165
1758276023,0.165
1758279606,0.165
1758283219,0.165
1758286822,0.165
1758290404,0.165
1758294016,0.165
1758297626,0.165
1758301217,0.165
1758304824,0.165
1758308425,0.165
1758312009,0.165
1758315619,0.165
1758319211,0.165
1758322822,0.165
1758326408,0.165
1758330014,0.165
1758333602,0.165
1758337209,0.165
1758340807,0.165
1758344406,0.165
1758348026,0.165
1758351604,0.165
1758355209,0.165
1758358824,0.165
1758362414,0.165
1758366023,0.165
1758369615,0.165
1758373205,0.165
1758376804,0.155
1758380417,0.155
1758384015,0.155
1758387617,0.155
1758391202,0.155
1758394824,0.155
1758398412,0.155
1758402012,0.155
1758405611,0.155
1758409214,0.155
1758412804,0.155
1758416410,0.155
1758420005,0.155
1758423605,0.155
1758427220,0.155
1758430818,0.155
1758434413,0.155
1758438009,0.16
1758441612,0.16
1758445217,0.16
1758448816,0.16
1758452415,0.16
1758456007,0.16
1758459620,0.16
1758463211,0.16
1758466808,0.16
1758470412,0.16
1758474024,0.155
1758477612,0.155
1758481213,0.155
1758484812,0.155
1758488414,0.155
1758492015,0.155
1758495612,0.155
1758499207,0.155
1758502812,0.155
1758506408,0.155
1758510002,0.155
1758513610,0.155
1758517219,0.155
1758520809,0.155
1758524410,0.155
1758528002,0.155
1758531622,0.155
1758535206,0.155
1758538809,0.155
1758542412,0.155
1758546017,0.155
1758549602,0.155
1758553217,0.155
1758556809,0.155
1758560422,0.155
1758564018,0.155
1758567622,0.155
1758571211,0.155
1758574806,0.155
1758578402,0.155
1758582011,0.155
1758585607,0.155
1758589208,0.155
1758592809,0.155
1758596421,0.155
1758600006,0.155
1758603617,0.155
1758607215,0.155
1758610804,0.155
1758614407,0.155
1758618019,0.155
1758621620,0.155
1758625216,0.155
1758628830,0.16
1758632412,0.16
1758636023,0.16
1758639602,0.16
1758643214,0.16
1758646809,0.16
1758650417,0.16
1758654007,0.16
1758657602,0.16
1758661207,0.16
1758664809,0.16
1758668417,0.16
1758672016,0.16
1758675602,0.16
1758679217,0.16
1758682811,0.16
1758686404,0.16
1758690008,0.16
1758693621,0.16
1758697222,0.16
1758700807,0.16
1758704421,0.155
1758708013,0.155
1758711602,0.155
1758715208,0.155
1758718803,0.155
1758722410,0.16
1758726012,0.155
1758729607,0.155
1758733208,0.155
1758736809,0.155
1758740412,0.155
1758744007,0.155
1758747609,0.155
1758751209,0.155
1758754803,0.155
1758758402,0.155
1758762002,0.155
1758765611,0.155
1758769212,0.15
1758772805,0.15
1758776410,0.15
1758780004,0.15
1758783603,0.15
1758787211,0.15
1758790806,0.15
1758794406,0.15
1758798013,0.15
1758801615,0.155
1758805205,0.155
1758808805,0.155
1758812413,0.155
1758816008,0.155
1758819605,0.155
1758823202,0.155
1758826811,0.155
1758830409,0.155
1758834005,0.155
1758837607,0.155
1758841214,0.155
1758844810,0.155
1758848409,0.155
1758852009,0.155
1758855613,0.155
1758859208,0.155
1758862808,0.155
1758866413,0.15
1758870004,0.155
1758873614,0.155
1758877213,0.155
1758880805,0.155
1758884410,0.15
1758888016,0.15
1758891605,0.15
1758895215,0.15
1758898802,0.15
1758902412,0.15
1758906012,0.15
1758909602,0.15
1758913209,0.15
1758916804,0.15
1758920404,0.15
1758924013,0.15
1758927615,0.15
1758931209,0.15
1758934808,0.15
1758938407,0.15
1758942016,0.15
1758945612,0.15
1758949210,0.15
1758952810,0.15
1758956407,0.15
1758960004,0.15
1758963615,0.15
1758967207,0.145
1758970813,0.145
1758974403,0.145
1758978010,0.145
1758981606,0.145
1758985209,0.145
1758988809,0.145
1758992416,0.145
1758996007,0.145
1758999612,0.145
1759003212,0.145
1759006811,0.145
1759010414,0.145
1759014012,0.145
1759017604,0.145
1759021207,0.145
1759024804,0.145
1759028402,0.145
1759032009,0.145
1759035607,0.145
1759039207,0.145
1759042803,0.145
1759046413,0.145
1759050006,0.145
1759053612,0.145
1759057209,0.145
1759060805,0.145
1759064403,0.145
1759068013,0.145
1759071613,0.145
1759075208,0.145
1759078808,0.145
1759082407,0.145
1759086006,0.145
1759089609,0.145
1759093214,0.145
1759096809,0.145
1759100403,0.145
1759104006,0.145
1759107609,0.14
1759111210,0.14
1759114809,0.14
1759118412,0.14
1759122007,0.14
1759125613,0.14
1759129207,0.14
1759132803,0.14
1759136409,0.14
1759140008,0.14
1759143603,0.14
1759147203,0.14
1759150804,0.14
1759154409,0.14
1759158007,0.14
1759161610,0.12
1759165210,0.12
1759168809,0.12
1759172407,0.085
1759176003,0.085
1759179612,0.095
1759183206,0.095
1759186802,0.095
1759190412,0.095
1759194010,0.095
1759197603,0.095
1759201207,0.095
1759204814,0.095
1759208407,0.095
1759212015,0.095
1759215604,0.095
1759219203,0.095
1759222808,0.095
1759226403,0.095
1759230006,0.095
1759233603,0.095
1759237202,0.095
1759240811,0.08
1759244408,0.085
1759248002,0.08
1759251610,0.085
1759255203,0.085
1759258810,0.085
1759262403,0.085
1759266011,0.085
1759269613,0.085
1759273213,0.085
1759276805,0.085
1759280402,0.085
1759284003,0.085
1759287604,0.085
1759291202,0.085
1759294803,0.085
1759298412,0.085
1759302008,0.085
1759305606,0.085
1759309210,0.085
1759312809,0.085
1759316409,0.085
1759320009,0.08
1759323606,0.08
1759327206,0.08
1759330804,0.08
1759334403,0.08
1759338011,0.08
1759341607,0.08
1759345208,0.08
1759348810,0.08
1759352411,0.08
1759356009,0.08
1759359608,0.08
1759363204,0.08
1759366804,0.08
1759370405,0.08
1759374004,0.08
1759377607,0.085
1759381205,0.085
1759384807,0.085
1759388407,0.085
1759392009,0.085
1759395603,0.085
1759399207,0.085
1759402804,0.085
1759406410,0.085
1759410012,0.085
1759413606,0.085
1759417205,0.085
1759420802,0.085
1759424407,0.085
1759428013,0.085
1759431610,0.085
1759435202,0.085
1759438812,0.085
1759442409,0.085
1759446002,0.085
1759449603,0.085
1759453204,0.085
1759456803,0.085
1759460407,0.085
1759464004,0.085
1759467612,0.085
1759471211,0.085
1759474816,0.085
1759478403,0.085
1759482005,0.085
1759485606,0.085
1759489205,0.085
1759492803,0.085
1759496405,0.085
1759500006,0.085
1759503605,0.085
1759507206,0.085
1759510805,0.085
1759514410,0.085
1759518004,0.085
1759521605,0.085
1759525209,0.085
1759528807,0.085
1759532407,0.085
1759536009,0.085
1759539607,0.085
1759543207,0.085
1759546808,0.085
1759550406,0.085
1759554006,0.085
1759557607,0.085
1759561215,0.085
1759564808,0.085
1759568412,0.085
1759572008,0.085
1759575606,0.085
1759579211,0.085
1759582808,0.085
1759586405,0.085
1759590002,0.085
1759593606,0.085
1759597208,0.095
1759600802,0.095
1759604407,0.1
1759608005,0.1
1759611603,0.1
1759615206,0.1
1759618806,0.1
1759622403,0.1
1759626005,0.1
1759629603,0.1
1759633204,0.1
1759636807,0.105
1759640405,0.105
1759644003,0.105
1759647602,0.105
1759651207,0.105
1759654806,0.105
1759658402,0.105
1759662005,0.105
1759665607,0.105
1759669204,0.105
1759672806,0.105
1759676406,0.105
1759680004,0.105
1759683605,0.105
1759687219,0.105
1759690804,0.105
1759694408,0.105
1759698003,0.105
1759701604,0.105
1759705202,0.105
1759708803,0.105
1759712405,0.105
1759716006,0.105
1759719606,0.105
1759723205,0.105
1759726803,0.105
1759730406,0.105
1759734007,0.105
1759737605,0.105
1759741202,0.105
1759744805,0.105
1759748404,0.105
1759752008,0.105
1759755607,0.105
1759759205,0.105
1759762808,0.105
1759766406,0.1
1759770008,0.1
1759773607,0.1
1759777204,0.1
1759780806,0.1
1759784415,0.1
1759788005,0.1
1759791612,0.1
1759795207,0.095
1759798809,0.095
1759802402,0.095
1759806009,0.1
1759809614,0.1
1759813203,0.1
1759816817,0.1
1759820413,0.1
1759824009,0.1
1759827604,0.1
1759831214,0.1
1759834811,0.1
1759838409,0.1
1759842005,0.1
1759845614,0.1
1759849204,0.1
1759852807,0.1
1759856406,0.1
1759860003,0.1
1759863604,0.1
1759867206,0.1
1759870808,0.1
1759874408,0.1
1759878015,0.1
1759881614,0.1
1759885204,0.1
1759888804,0.1
1759892408,0.1
1759896007,0.1
1759899606,0.1
1759903217,0.1
1759906805,0.1
1759910408,0.1
1759914003,0.1
1759917606,0.1
1759921210,0.1
1759924815,0.095
1759928406,0.09
1759932010,0.09
1759935617,0.09
1759939209,0.09
1759942816,0.095
1759946413,0.095
1759950006,0.095
1759953610,0.095
1759957216,0.09
1759960805,0.095
1759964410,0.09
1759968005,0.09
1759971610,0.09
1759975209,0.095
1759978812,0.09
1759982411,0.09
1759986010,0.09
1759989611,0.09
1759993212,0.09
1759996812,0.09
1760000405,0.09
1760004011,0.095
1760007614,0.09
1760011217,0.09
1760014813,0.09
1760018420,0.1
1760022011,0.095
1760025610,0.1
1760029207,0.095
1760032818,0.095
1760036419,0.095
1760040017,0.095
1760043611,0.095
1760047216,0.09
1760050817,0.09
1760054418,0.09
1760058011,0.09
1760061607,0.09
1760065222,0.1
1760068810,0.1
1760072407,0.1
1760076011,0.1
1760079617,0.095
1760083217,0.095
1760086812,0.095
1760090412,0.095
1760094020,0.095
1760097616,0.095
1760101206,0.095
1760104804,0.095
1760108403,0.095
1760112013,0.095
1760115620,0.1
1760119208,0.1
1760122820,0.1
1760126411,0.1
1760130016,0.1
1760133606,0.1
1760137220,0.1
1760140809,0.1
1760144411,0.1
1760148003,0.1
1760151612,0.1
1760155216,0.1
1760158813,0.1
1760162408,0.1
1760166008,0.1
1760169618,0.1
1760173211,0.1
1760176805,0.1
1760180405,0.1
1760184006,0.1
1760187603,0.1
1760191210,0.1
1760194803,0.1
1760198417,0.1
1760202005,0.1
1760205603,0.1
1760209212,0.1
1760212810,0.1
1760216422,0.1
1760220005,0.1
1760223606,0.1
1760227208,0.1
1760230810,0.1
1760234413,0.11
1760238015,0.11
1760241619,0.11
1760245203,0.11
1760248805,0.11
1760252406,0.11
1760256016,0.11
1760259615,0.11
1760263207,0.12
1760266804,0.12
1760270410,0.12
1760274007,0.12
1760277614,0.12
1760281215,0.105
1760284814,0.105
1760288410,0.105
1760292006,0.105
1760295616,0.11
1760299216,0.105
1760302811,0.105
1760306417,0.105
1760310011,0.105
1760313604,0.11
1760317205,0.11
1760320811,0.11
1760324409,0.11
1760328011,0.11
1760331602,0.11
1760335213,0.11
1760338818,0.11
1760342415,0.11
1760346019,0.11
1760349611,0.11
1760353205,0.11
1760356820,0.11
1760360414,0.105
1760364007,0.11
1760367617,0.12
1760371213,0.115
1760374808,0.115
1760378417,0.115
1760382006,0.115
1760385606,0.115
1760389222,0.12
1760392815,0.115
1760396406,0.12
1760400018,0.12
1760403608,0.12
1760407208,0.12
1760410821,0.12
1760414412,0.11
1760418013,0.11
1760421614,0.11
1760425209,0.11
1760428809,0.11
1760432422,0.11
1760436014,0.11
1760439616,0.11
1760443207,0.11
1760446816,0.11
1760450414,0.11
1760454003,0.11
1760457614,0.11
1760461205,0.11
1760464817,0.11
1760468413,0.11
1760472019,0.11
1760475608,0.11
1760479214,0.11
1760482810,0.11
1760486416,0.11
1760490003,0.11
1760493604,0.11
1760497221,0.11
1760500807,0.11
1760504403,0.15
1760508008,0.15
1760511606,0.145
1760515212,0.15
1760518805,0.15
1760522416,0.155
1760526011,0.155
1760529617,0.15
1760533205,0.15
1760536809,0.105
1760540403,0.105
1760544010,0.105
1760547611,0.105
1760551203,0.105
1760554803,0.105
1760558407,0.105
1760562013,0.105
1760565611,0.105
1760569209,0.105
1760572819,0.105
1760576415,0.105
1760580013,0.105
1760583620,0.105
1760587216,0.105
1760590817,0.105
1760594410,0.13
1760598006,0.13
1760601617,0.13
1760605224,0.13
1760608814,0.135
1760612408,0.14
1760616023,0.14
1760619609,0.12
1760623217,0.12
1760626820,0.12
1760630407,0.12
1760634007,0.125
1760637615,0.12
1760641215,0.12
1760644818,0.12
1760648419,0.115
1760652009,0.12
1760655607,0.115
1760659212,0.105
1760662810,0.105
1760666411,0.105
1760670012,0.105
1760673606,0.105
1760677213,0.105
1760680810,0.105
1760684413,0.105
1760688017,0.105
1760691614,0.105
1760695206,0.105
1760698816,0.105
1760702418,0.105
1760706008,0.11
1760709606,0.105
1760713222,0.105
1760716811,0.105
1760720422,0.105
1760724012,0.1
1760727608,0.105
1760731221,0.105
1760734822,0.105
1760738420,0.105
1760742020,0.105
1760745622,0.105
1760749218,0.105
1760752819,0.105
1760756421,0.105
1760760008,0.105
1760763615,0.11
1760767220,0.11
1760770813,0.11
1760774404,0.11
1760778025,0.11
1760781608,0.11
1760785204,0.11
1760788824,0.115
1760792408,0.135
1760796005,0.135
1760799612,0.135
1760803215,0.135
1760806805,0.135
1760810420,0.13
1760814014,0.13
1760817619,0.13
1760821211,0.13
1760824819,0.125
1760828419,0.13
1760832011,0.125
1760835612,0.135
1760839209,0.14
1760842819,0.13
1760846415,0.13
1760850012,0.125
1760853625,0.135
1760857204,0.13
1760860807,0.125
1760864418,0.135
1760868004,0.125
1760871621,0.125
1760875214,0.135
1760878813,0.135
1760882404,0.125
1760886026,0.135
1760889620,0.12
1760893222,0.125
1760896818,0.125
1760900404,0.125
1760904016,0.125
1760907625,0.125
1760911219,0.125
1760914813,0.125
1760918419,0.125
1760922009,0.12
1760925615,0.105
1760929206,0.11
1760932816,0.115
1760936408,0.115
1760940018,0.115
1760943606,0.115
1760947210,0.115
1760950816,0.115
1760954413,0.115
1760958017,0.12
1760961628,0.12
1760965205,0.115
1760968804,0.115
1760972407,0.105
1760976011,0.115
1760979618,0.115
1760983221,0.115
1760986811,0.115
1760990416,0.115
1760994023,0.115
1760997615,0.11
1761001216,0.115
1761004809,0.115
1761008403,0.11
1761012009,0.11
1761015621,0.115
1761019214,0.11
1761022812,0.11
1761026413,0.1
1761030015,0.1
1761033606,0.1
1761037223,0.1
1761040817,0.095
1761044409,0.105
1761048025,0.105
1761051615,0.105
1761055205,0.095
1761058822,0.095
1761062405,0.1
1761066003,0.1
1761069626,0.1
1761073210,0.1
1761076808,0.095
1761080411,0.095
1761084023,0.095
1761087612,0.095
1761091218,0.095
1761094813,0.095
1761098411,0.095
1761102021,0.095
1761105616,0.095
1761109216,0.095
1761112818,0.1
1761116410,0.105
1761120012,0.1
1761123617,0.105
1761127216,0.105
1761130811,0.105
1761134423,0.105
1761138017,0.105
1761141615,0.105
1761145222,0.105
1761148817,0.105
1761152419,0.11
1761156023,0.11
1761159617,0.105
1761163217,0.11
1761166821,0.11
1761170417,0.105
1761174017,0.11
1761177610,0.105
1761181209,0.11
1761184810,0.11
1761188412,0.11
1761192011,0.11
1761195612,0.11
1761199214,0.105
1761202810,0.105
1761206413,0.11
1761210012,0.105
1761213612,0.105
1761217213,0.105
1761220816,0.115
1761224413,0.115
1761228043,0.115
1761231613,0.11
1761235214,0.11
1761238815,0.11
1761242414,0.105
1761246014,0.1
1761249615,0.105
1761253216,0.095
1761256814,0.09
1761260415,0.09
1761264014,0.09
1761267612,0.085
1761271214,0.09
1761274815,0.09
1761278415,0.095
1761282014,0.1
1761285616,0.1
1761289215,0.1
1761292815,0.1
1761296416,0.1
1761300015,0.1
1761303615,0.1
1761307218,0.1
1761310814,0.095
1761314416,0.095
1761318017,0.095
1761321615,0.095
1761325217,0.095
1761328816,0.095
1761332416,0.095
1761336016,0.095
1761339618,0.095
1761343216,0.095
1761346815,0.085
1761350414,0.085
1761354011,0.085
1761357613,0.085
1761361216,0.085
1761364815,0.085
1761368415,0.085
1761372017,0.085
1761375617,0.085
1761379214,0.085
1761382818,0.085
1761386417,0.09
1761390016,0.09
1761393619,0.09
1761397215,0.09
1761400815,0.09
1761404417,0.09
1761408015,0.085
1761411618,0.085
1761415218,0.085
1761418816,0.085
1761422416,0.085
1761426018,0.085
1761429615,0.085
1761433215,0.085
1761436815,0.085
1761440412,0.085
1761444014,0.085
1761447616,0.085
1761451215,0.085
1761454815,0.085
1761458416,0.085
1761462015,0.085
1761465615,0.085
1761469217,0.085
1761472815,0.085
1761476414,0.085
1761480020,0.085
1761483614,0.085
1761487215,0.085
1761490815,0.085
1761494413,0.085
1761498014,0.085
1761501616,0.085
1761505212,0.085
1761508814,0.085
1761512416,0.085
1761516014,0.085
1761519613,0.085
1761523214,0.085
1761526811,0.085
1761530413,0.085
1761534015,0.08
1761537613,0.08
1761541213,0.08
1761544814,0.08
1761548411,0.08
1761552013,0.08
1761555615,0.08
1761559212,0.08
1761562812,0.08
1761566418,0.08
1761570014,0.08
1761573612,0.08
1761577216,0.08
1761580814,0.08
1761584415,0.08
1761588016,0.08
1761591613,0.08
1761595215,0.08
1761598817,0.08
1761602413,0.08
1761606014,0.08
1761609617,0.08
1761613214,0.08
1761616814,0.08
1761620423,0.08
1761624020,0.08
1761627614,0.08
1761631217,0.08
1761634813,0.08
1761638415,0.08
1761642015,0.08
1761645619,0.08
1761649219,0.08
1761652816,0.08
1761656420,0.08
1761660017,0.08
1761663620,0.08
1761667220,0.08
1761670821,0.08
1761674420,0.08
1761678018,0.08
1761681620,0.08
1761685220,0.08
1761688819,0.08
1761692419,0.08
1761696016,0.08
1761699612,0.08
1761703212,0.08
1761706820,0.08
1761710418,0.08
1761714019,0.08
1761717615,0.08
1761721213,0.08
1761724820,0.08
1761728420,0.08
1761746414,0.075
1761750016,0.075
1761753614,0.075
1761757216,0.075
1761760816,0.075
1761764415,0.075
1761768016,0.075
1761771616,0.075
1761775216,0.075
1761778816,0.075
1761782416,0.075
1761786013,0.075
1761789614,0.075
1761793217,0.075
1761796816,0.075
1761800416,0.075
1761804017,0.075
1761807616,0.075
1761811215,0.075
1761814817,0.075
1761818412,0.075
1761822016,0.075
1761825618,0.075
1761829216,0.075
1761832816,0.075
1761836416,0.075
1761840016,0.075
1761843618,0.075
1761847217,0.075
1761850816,0.075
1761854415,0.075
1761858019,0.075
1761861617,0.075
1761865218,0.075
1761868811,0.075
1761872411,0.075
1761876013,0.075
1761879614,0.085
1761883215,0.085
1761886816,0.085
1761890417,0.085
1761894016,0.085
1761897621,0.085
1761901217,0.085
1761904816,0.085
1761908415,0.085
1761912019,0.085
1761915616,0.085
1761919215,0.08
1761922816,0.08
1761926417,0.08
1761930018,0.08
1761933617,0.08
1761937217,0.08
1761940816,0.08
1761944417,0.085
1761948017,0.085
1761951617,0.085
1761955216,0.085
1761958814,0.085
1761962415,0.085
1761966018,0.085
1761969616,0.085
1761973217,0.085
1761976818,0.08
1761980417,0.08
1761984017,0.08
1761987618,0.08
1761991218,0.075
1761994817,0.075
1761998421,0.075
1762002015,0.08
1762005617,0.08
1762009218,0.08
1762012816,0.08
1762016419,0.08
1762020017,0.08
1762023617,0.08
1762027217,0.08
1762030818,0.08
1762034418,0.08
1762038017,0.08
1762041613,0.08
1762045212,0.085
1762048813,0.08
1762052415,0.08
1762056015,0.08
1762059615,0.08
1762063216,0.08
1762066816,0.075
1762070415,0.075
1762074016,0.075
1762077615,0.085
1762081217,0.08
1762084818,0.08
1762088415,0.08
1762092016,0.08
1762095616,0.08
1762099216,0.075
1762102817,0.075
1762106418,0.075
1762110017,0.075
1762113616,0.08
1762117218,0.08
1762120816,0.08
1762124416,0.08
1762128014,0.08
1762131614,0.08
1762135214,0.08
1762138815,0.08
1762142416,0.09
1762146015,0.09
1762149617,0.09
1762153216,0.09
1762156815,0.09
1762160416,0.09
1762164016,0.09
1762167615,0.09
1762171217,0.085
1762174815,0.085
1762178415,0.08
1762182015,0.08
1762185615,0.08
1762189217,0.08
1762192817,0.08
1762196416,0.08
1762200016,0.08
1762203619,0.08
1762207217,0.08
1762210817,0.08
1762214415,0.075
1762218012,0.075
1762221614,0.075
1762225216,0.08
1762228817,0.08
1762232416,0.075
1762236018,0.075
1762239617,0.075
1762243217,0.08
1762246818,0.075
1762250417,0.075
1762254017,0.075
1762257620,0.075
1762261217,0.075
1762264818,0.075
1762268417,0.075
1762272018,0.075
1762275618,0.075
1762279218,0.075
1762282818,0.075
1762286417,0.075
1762290020,0.075
1762293618,0.075
1762297217,0.075
1762300816,0.075
1762304415,0.075
1762308016,0.075
1762311617,0.075
1762315216,0.075
1762318818,0.075
1762322419,0.075
1762326018,0.075
1762329617,0.075
1762333218,0.075
1762336817,0.075
1762340417,0.075
1762344020,0.07
1762347616,0.07
1762351217,0.07
1762354818,0.07
1762358416,0.06
1762362017,0.06
1762365617,0.06
1762369217,0.06
1762372817,0.065
1762376419,0.065
1762380016,0.065
1762383617,0.065
1762387210,0.06
1762390811,0.06
1762394413,0.06
1762398017,0.06
1762401617,0.06
1762405216,0.06
1762408817,0.06
1762412417,0.06
1762416014,0.06
1762419617,0.06
1762423212,0.06
1762426815,0.06
1762430421,0.06
1762434015,0.055
1762437616,0.055
1762441217,0.055
1762444817,0.06
1762448419,0.06
1762452018,0.06
1762455617,0.06
1762459219,0.06
1762462821,0.07
1762466417,0.07
1762470017,0.07
1762473616,0.07
1762477214,0.07
1762480819,0.07
1762484419,0.07
1762488017,0.07
1762491619,0.07
1762495221,0.075
1762498818,0.075
1762502416,0.075
1762506017,0.075
1762509617,0.075
1762513216,0.075
1762516821,0.075
1762520418,0.065
1762524019,0.065
1762527629,0.065
1762531218,0.065
1762534836,0.065
1762538420,0.065
1762542020,0.065
1762545630,0.065
1762549219,0.07
1762552817,0.07
1762556433,0.07
1762560011,0.07
1762563612,0.07
1762567208,0.07
1762570816,0.07
1762574416,0.07
1762578008,0.07
1762581617,0.07
1762585217,0.07
1762588814,0.07
1762592417,0.07
1762596015,0.07
1762599628,0.07
1762603233,0.07
1762606815,0.07
1762610416,0.07
1762614017,0.07
1762617616,0.07
1762621218,0.07
1762624817,0.07
1762628417,0.07
1762632015,0.07
1762635618,0.065
1762639217,0.065
1762642817,0.065
1762646428,0.065
1762650013,0.065
1762653615,0.065
1762657216,0.065
1762660827,0.065
1762664415,0.065
1762668017,0.065
1762671616,0.065
1762675215,0.065
1762678816,0.065
1762682415,0.065
1762686016,0.065
1762689618,0.065
1762693215,0.065
1762696815,0.065
1762700416,0.065
1762704015,0.065
1762707616,0.065
1762711216,0.065
1762714815,0.065
1762718415,0.065
1762722017,0.065
1762725616,0.065
1762729215,0.065
1762732811,0.065
1762736424,0.065
1762740013,0.065
1762743615,0.065
1762747216,0.065
1762750816,0.065
1762754417,0.065
1762758015,0.065
1762761614,0.065
1762765228,0.065
1762768817,0.065
1762772415,0.065
1762776018,0.065
1762779616,0.065
1762783216,0.065
1762786818,0.065
1762790418,0.065
1762794016,0.065
1762797618,0.065
1762801217,0.065
1762804817,0.065
1762808418,0.065
1762812016,0.065
1762815617,0.065
1762819217,0.065
1762822816,0.065
1762826418,0.065
1762830020,0.065
1762833620,0.065
1762837217,0.065
1762840825,0.065
1762844419,0.065
1762848030,0.065
1762851618,0.065
1762855218,0.065
1762858833,0.065
1762862434,0.065
1762866016,0.065
1762869618,0.065
1762873232,0.075
1762876817,0.075
1762880419,0.075
1762884018,0.075
1762887617,0.075
1762891218,0.075
1762894820,0.075
1762898417,0.08
1762902018,0.08
1762905615,0.08
1762909212,0.08
1762912814,0.08
1762916418,0.075
1762920018,0.075
1762923616,0.075
1762927219,0.075
1762930819,0.075
1762934416,0.075
1762938019,0.075
1762941616,0.075
1762945217,0.075
1762948820,0.075
1762952417,0.075
1762956018,0.075
1762959618,0.075
1762963218,0.075
1762966833,0.075
1762970420,0.075
1762974019,0.075
1762977618,0.075
1762981221,0.075
1762984818,0.075
1762988419,0.075
1762992015,0.075
1762995615,0.075
1762999209,0.075
1763002819,0.075
1763006419,0.075
1763010018,0.075
1763013620,0.075
1763017220,0.075
1763020818,0.075
1763024419,0.075
1763028017,0.075
1763031618,0.075
1763035222,0.075
1763038818,0.075
1763042419,0.075
1763046020,0.08
1763049620,0.08
1763053223,0.08
1763056821,0.08
1763060434,0.08
1763064019,0.08
1763067621,0.08
1763071219,0.08
1763074819,0.075
1763078415,0.075
1763082013,0.075
1763085616,0.075
1763089218,0.075
1763092819,0.08
1763096417,0.08
1763100020,0.08
1763103620,0.09
1763107217,0.085
1763110820,0.085
1763114418,0.08
1763118019,0.08
1763121622,0.08
1763125231,0.08
1763128820,0.08
1763132418,0.08
1763136018,0.085
1763139621,0.08
1763143220,0.085
1763146820,0.085
1763150419,0.085
1763154034,0.08
1763157621,0.08
1763161218,0.075
1763164818,0.065
1763168415,0.065
1763172017,0.065
1763175621,0.065
1763179219,0.065
1763182819,0.065
1763186420,0.07
1763190019,0.07
1763193618,0.065
1763197221,0.08
1763200820,0.08
1763204419,0.085
1763208023,0.085
1763211618,0.065
1763215219,0.065
1763218820,0.065
1763222419,0.065
1763226022,0.07
1763229621,0.065
1763233221,0.065
1763236820,0.065
1763240421,0.065
1763244019,0.07
1763247619,0.07
1763251212,0.065
1763254823,0.07
1763258414,0.075
1763262017,0.08
1763265616,0.075
1763269216,0.075
1763272816,0.075
1763276417,0.075
1763280016,0.075
1763283618,0.075
1763287217,0.075
1763290817,0.075
1763294421,0.075
1763298017,0.075
1763301617,0.075
1763305218,0.075
1763308817,0.075
1763312419,0.075
1763316022,0.075
1763319618,0.075
1763323218,0.075
1763326820,0.07
1763330417,0.07
1763334017,0.07
1763337615,0.07
1763341214,0.065
1763344815,0.065
1763348417,0.07
1763352016,0.07
1763355617,0.07
1763359218,0.07
1763362818,0.07
1763366431,0.07
1763370036,0.07
1763373621,0.07
1763377217,0.07
1763380819,0.065
1763384417,0.07
1763388016,0.065
1763391634,0.07
1763395216,0.07
1763398819,0.07
1763402418,0.07
1763406019,0.07
1763409618,0.075
1763413220,0.075
1763416821,0.075
1763420419,0.075
1763424013,0.075
1763427612,0.075
1763431214,0.075
1763434817,0.075
1763438417,0.07
1763442017,0.07
1763445619,0.07
1763449218,0.07
1763452817,0.07
1763456419,0.07
1763460017,0.07
1763463615,0.07
1763467221,0.07
1763470820,0.075
1763474418,0.07
1763478019,0.07
1763481619,0.07
1763485219,0.07
1763488819,0.07
1763492419,0.07
1763496019,0.07
1763499622,0.07
1763503219,0.07
1763506834,0.07
1763510418,0.07
1763514018,0.07
1763517619,0.07
1763521220,0.07
1763524820,0.07
1763528419,0.07
1763532021,0.07
1763535619,0.07
1763539219,0.07
1763542820,0.07
1763546419,0.07
1763550019,0.065
1763553623,0.065
1763557218,0.065
1763560831,0.065
1763564420,0.065
1763568031,0.065
1763571621,0.065
1763575228,0.065
1763578820,0.065
1763582419,0.065
1763586021,0.065
1763589619,0.065
1763593234,0.065
1763596812,0.065
1763600413,0.065
1763604015,0.065
1763607618,0.065
1763611219,0.065
1763614817,0.065
1763618420,0.065
1763622027,0.065
1763625618,0.065
1763629221,0.065
1763632817,0.065
1763636419,0.065
1763640013,0.065
1763643610,0.065
1763647210,0.065
1763650811,0.065
1763654410,0.065
1763658014,0.065
1763661613,0.065
1763665210,0.065
1763668812,0.065
1763672415,0.065
1763676025,0.065
1763679611,0.065
1763683219,0.065
1763686810,0.065
1763690410,0.065
1763694012,0.065
1763697624,0.065
1763701216,0.065
1763704812,0.065
1763708411,0.055
1763712010,0.055
1763715611,0.055
1763719210,0.055
1763722812,0.055
1763726413,0.055
1763730024,0.055
1763733612,0.055
1763737212,0.055
1763740812,0.055
1763744424,0.065
1763748012,0.065
1763751611,0.065
1763755212,0.065
1763758812,0.065
1763762411,0.065
1763766017,0.065
1763769613,0.065
1763773211,0.065
1763776810,0.065
1763780412,0.065
1763784026,0.065
1763787617,0.065
1763791221,0.065
1763794810,0.065
1763798410,0.065
1763802013,0.065
1763805611,0.065
1763809212,0.065
1763812813,0.065
1763816423,0.065
1763820011,0.065
1763823611,0.065
1763827211,0.065
1763830822,0.065
1763834411,0.065
1763838010,0.065
1763841611,0.065
1763845212,0.065
1763848809,0.065
1763852410,0.065
1763856014,0.065
1763859623,0.065
1763863210,0.065
1763866813,0.065
1763870410,0.065
1763874009,0.065
1763877619,0.065
1763881209,0.065
1763884810,0.065
1763888411,0.065
1763892010,0.065
1763895611,0.065
1763899213,0.065
1763902810,0.065
1763906411,0.065
1763910011,0.065
1763913609,0.055
1763917226,0.055
1763920813,0.055
1763924410,0.055
1763928011,0.055
1763931627,0.055
1763935210,0.065
1763938810,0.065
1763942414,0.065
1763946008,0.065
1763949608,0.065
1763953209,0.065
1763956808,0.065
1763960408,0.065
1763964016,0.065
1763967608,0.065
1763971208,0.065
1763974808,0.065
1763978408,0.065
1763982008,0.065
1763985609,0.065
1763989208,0.065
1763992810,0.065
1763996409,0.065
1764000008,0.065
1764003613,0.065
1764007210,0.065
1764010809,0.065
1764014410,0.065
1764018020,0.065
1764021618,0.065
1764025219,0.065
1764028817,0.065
1764032416,0.065
1764036017,0.065
1764039618,0.065
1764043219,0.065
1764046819,0.065
1764050419,0.065
1764054019,0.065
1764057618,0.065
1764061220,0.065
1764064819,0.065
1764068419,0.065
1764072021,0.065
1764075618,0.065
1764079220,0.065
1764082819,0.065
1764086420,0.065
1764090021,0.065
1764093620,0.065
1764097220,0.065
1764100820,0.065
1764104422,0.065
1764108020,0.065
1764111620,0.065
1764115214,0.065
1764118814,0.065
1764122416,0.065
1764126019,0.065
1764129620,0.065
1764133219,0.065
1764136832,0.065
1764140420,0.065
1764144022,0.065
1764147621,0.065
1764151219,0.065
1764154820,0.065
1764158436,0.065
1764162019,0.065
1764165621,0.065
1764169219,0.065
1764172821,0.065
1764176423,0.065
1764180021,0.065
1764183622,0.065
1764187220,0.065
1764190823,0.065
1764194420,0.065
1764198021,0.065
1764201617,0.065
1764205228,0.065
1764208819,0.065
1764212420,0.065
1764216021,0.065
1764219621,0.065
1764223222,0.065
1764226822,0.065
1764230420,0.065
1764234022,0.065
1764237621,0.065
1764241221,0.065
1764244826,0.065
1764248419,0.065
1764252021,0.065
1764255620,0.065
1764259221,0.065
1764262824,0.065
1764266421,0.07
1764270022,0.07
1764273621,0.065
1764277223,0.065
1764280821,0.075
1764284422,0.075
1764288016,0.075
1764291616,0.075
1764295218,0.075
1764298820,0.075
1764302420,0.075
1764306019,0.075
1764309621,0.075
1764313222,0.075
1764316820,0.075
1764320422,0.075
1764324020,0.075
1764327620,0.075
1764331225,0.075
1764334820,0.08
1764338422,0.075
1764342021,0.075
1764345635,0.075
1764349225,0.075
1764352822,0.08
1764356423,0.085
1764360021,0.085
1764363625,0.085
1764367224,0.08
1764370822,0.08
1764374422,0.08
1764378019,0.08
1764381621,0.08
1764385212,0.08
1764388821,0.08
1764392421,0.08
1764396022,0.08
1764399623,0.08
1764403221,0.08
1764406824,0.08
1764410436,0.08
1764414022,0.08
1764417626,0.08
1764421220,0.08
1764424822,0.08
1764428422,0.075
1764432022,0.075
1764435624,0.075
1764439222,0.075
1764442823,0.075
1764446421,0.075
1764450024,0.075
1764453612,0.075
1764457221,0.075
1764460816,0.075
1764464417,0.08
1764468018,0.08
1764471620,0.08
1764475220,0.08
1764478819,0.08
1764482420,0.08
1764486022,0.08
1764489611,0.08
1764493222,0.08
1764496834,0.08
1764500420,0.08
1764504050,0.08
1764507610,0.08
1764511220,0.08
1764514832,0.08
1764518432,0.08
1764522022,0.08
1764525622,0.08
1764529222,0.075
1764532822,0.075
1764536423,0.075
1764540021,0.075
1764543626,0.075
1764547218,0.075
1764550818,0.075
1764554418,0.075
1764558032,0.075
1764561620,0.075
1764565220,0.075
1764568820,0.075
1764572419,0.075
1764576018,0.075
1764579633,0.075
1764583233,0.075
1764586819,0.075
1764590433,0.075
1764594019,0.075
1764597619,0.075
1764601232,0.075
1764604831,0.075
1764608421,0.075
1764612032,0.075
1764615619,0.075
1764619220,0.075
1764622821,0.075
1764626420,0.075
1764630020,0.075
1764633613,0.075
1764637213,0.075
1764640815,0.075
1764644417,0.075
1764648018,0.075
1764651616,0.075
1764655219,0.075
1764658819,0.075
1764662417,0.075
1764666019,0.075
1764669618,0.075
1764673219,0.075
1764676822,0.075
1764680417,0.075
1764684019,0.075
1764687618,0.075
1764691209,0.075
1764694821,0.075
1764698420,0.075
1764702020,0.075
1764705619,0.075
1764709221,0.075
1764712819,0.075
1764716419,0.075
1764720019,0.075
1764723617,0.075
1764727218,0.075
1764730820,0.075
1764734420,0.075
1764738020,0.075
1764741621,0.075
1764745222,0.075
1764748819,0.075
1764752423,0.075
1764756020,0.075
1764759621,0.075
1764763225,0.075
1764766819,0.075
1764770421,0.075
1764774011,0.075
1764777621,0.075
1764781222,0.075
1764784821,0.075
1764788422,0.075
1764792020,0.075
1764795623,0.075
1764799221,0.075
1764802820,0.075
1764806414,0.075
1764810013,0.075
1764813616,0.075
1764817218,0.075
1764820820,0.075
1764824419,0.075
1764828020,0.075
1764831620,0.075
1764835217,0.075
1764838826,0.075
1764842419,0.075
1764846019,0.075
1764849626,0.075
1764853218,0.075
1764856819,0.075
1764860419,0.075
1764864010,0.075
1764867614,0.075
1764871213,0.075
1764874810,0.075
1764878411,0.075
1764882011,0.075
1764885610,0.075
1764889211,0.075
1764892815,0.075
1764896410,0.075
1764900011,0.075
1764903613,0.075
1764907211,0.075
1764910811,0.075
1764914412,0.075
1764918011,0.075
1764921611,0.075
1764925213,0.075
1764928811,0.075
1764932410,0.075
1764936016,0.075
1764939611,0.075
1764943211,0.075
1764946813,0.075
1764950411,0.075
1764954013,0.075
1764957612,0.075
1764961215,0.075
1764964812,0.075
1764968414,0.075
1764972011,0.075
1764975611,0.075
1764979216,0.075
1764982812,0.075
1764986412,0.075
1764990013,0.075
1764993612,0.075
1764997212,0.075
1765000813,0.075
1765004423,0.075
1765008012,0.075
1765011616,0.075
1765015213,0.075
1765018813,0.075
1765022417,0.075
1765026012,0.075
1765029612,0.075
1765033214,0.075
1765036812,0.075
1765040418,0.075
1765044014,0.075
1765047614,0.075
1765051213,0.075
1765054814,0.075
1765058411,0.075
1765062011,0.075
1765065628,0.075
1765069213,0.075
1765072811,0.075
1765076415,0.075
1765080011,0.075
1765083611,0.075
1765087223,0.075
1765090811,0.075
1765094412,0.075
1765098012,0.075
1765101611,0.075
1765105211,0.075
1765108818,0.075
1765112411,0.075
1765116011,0.075
1765119613,0.075
1765123211,0.075
1765126815,0.075
1765130422,0.075
1765134012,0.075
1765137626,0.075
1765141214,0.075
1765144811,0.075
1765148411,0.075
1765152028,0.075
1765155624,0.075
1765159210,0.075
1765162811,0.075
1765166410,0.075
1765170009,0.075
1765173612,0.075
1765177210,0.075
1765180811,0.075
1765184412,0.075
1765188010,0.075
1765191610,0.075
1765195229,0.075
1765198813,0.075
1765202409,0.075
1765206011,0.075
1765209624,0.075
1765213212,0.075
1765216811,0.075
1765220410,0.075
1765224012,0.075
1765227626,0.075
1765231210,0.075
1765234812,0.075
1765238425,0.075
1765242017,0.075
1765245613,0.085
1765249212,0.085
1765252811,0.085
1765256411,0.085
1765260014,0.085
1765263618,0.085
1765267214,0.085
1765270814,0.09
1765274411,0.09
1765278013,0.09
1765281614,0.09
1765285214,0.09
1765288827,0.09
1765292416,0.09
1765296011,0.09
1765299615,0.09
1765303212,0.09
1765306810,0.09
1765310412,0.09
1765314015,0.09
1765317612,0.09
1765321213,0.09
1765324813,0.09
1765328421,0.09
1765332008,0.09
1765335610,0.085
1765339209,0.085
1765342811,0.085
1765346412,0.08
1765350009,0.08
1765353610,0.08
1765357225,0.08
1765360809,0.08
1765364409,0.075
1765368024,0.075
1765371609,0.075
1765375208,0.075
1765378812,0.08
1765382409,0.08
1765386012,0.08
1765389610,0.08
1765393209,0.08
1765396809,0.08
1765400411,0.08
1765404009,0.08
1765407609,0.08
1765411214,0.08
1765414815,0.08
1765418422,0.08
1765422012,0.08
1765425627,0.08
1765429220,0.08
1765432811,0.08
1765436410,0.08
1765440011,0.08
1765443612,0.08
1765447212,0.08
1765450820,0.08
1765454416,0.08
1765458011,0.075
1765461609,0.075
1765465212,0.075
1765468820,0.075
1765472414,0.075
1765476011,0.075
1765479624,0.075
1765483213,0.075
1765486812,0.075
1765490410,0.075
1765494012,0.075
1765497614,0.075
1765501210,0.075
1765504810,0.075
1765508414,0.075
1765512011,0.075
1765515624,0.075
1765519213,0.075
1765522811,0.075
1765526410,0.075
1765530012,0.075
1765533610,0.075
1765537212,0.075
1765540815,0.075
1765544411,0.075
1765548011,0.075
1765551612,0.075
1765555211,0.075
1765558818,0.075
1765562413,0.075
1765566012,0.075
1765569614,0.075
1765573214,0.075
1765576814,0.075
1765580411,0.075
1765584016,0.075
1765587611,0.075
1765591211,0.075
1765594813,0.075
1765598413,0.08
1765602011,0.075
1765605622,0.075
1765609211,0.075
1765612812,0.075
1765616414,0.075
1765620011,0.075
1765623611,0.075
1765627217,0.075
1765630811,0.075
1765634422,0.075
1765638014,0.075
1765641611,0.075
1765645215,0.075
1765648814,0.075
1765652411,0.08
1765656012,0.075
1765659614,0.075
1765663213,0.075
1765666812,0.075
1765670416,0.075
1765674012,0.075
1765677612,0.085
1765681214,0.08
1765684811,0.085
1765688411,0.08
1765692014,0.08
1765695611,0.085
1765699212,0.085
1765702814,0.085
1765706412,0.085
1765710011,0.085
1765713616,0.085
1765717211,0.085
1765720811,0.085
1765724414,0.085
1765728012,0.085
1765731615,0.085
1765735214,0.085
1765738814,0.085
1765742414,0.085
1765746014,0.085
1765749611,0.085
1765753211,0.085
1765756818,0.085
1765760411,0.085
1765764011,0.085
1765767613,0.085
1765771214,0.085
1765774811,0.085
1765778415,0.085
1765782011,0.085
1765785611,0.085
1765789220,0.085
1765792810,0.085
1765796414,0.085
1765800015,0.085
1765803624,0.085
1765807211,0.085
1765810814,0.085
1765814411,0.085
1765818014,0.08
1765821629,0.08
1765825211,0.08
1765828811,0.08
1765832413,0.08
1765836026,0.08
1765839611,0.08
1765843215,0.08
1765846815,0.08
1765850410,0.075
1765854012,0.085
1765857611,0.085
1765861210,0.085
1765864813,0.085
1765868417,0.085
1765872020,0.085
1765875612,0.085
1765879211,0.085
1765882810,0.085
1765886428,0.09
1765890010,0.09
1765893625,0.09
1765897212,0.09
1765900827,0.09
1765904412,0.09
1765908013,0.09
1765911613,0.09
1765915212,0.085
1765918813,0.09
1765922411,0.09
1765926012,0.09
1765929612,0.09
1765929634,0.09
1765933211,0.075
1765936812,0.075
1765940427,0.075
1765944011,0.075
1765947612,0.075
1765951223,0.075
1765954813,0.075
1765958423,0.075
1765962014,0.075
1765965613,0.075
1765969213,0.075
1765972819,0.075
1765976411,0.075
1765980012,0.075
1765983616,0.075
1765987213,0.075
1765990812,0.075
1765994413,0.075
1765998015,0.075
1766001611,0.075
1766005215,0.075
1766008812,0.075
1766012411,0.075
1766016023,0.075
1766019610,0.075
1766023210,0.075
1766026812,0.075
1766030410,0.075
1766034019,0.075
1766037612,0.075
1766041211,0.075
1766044810,0.075
1766048412,0.075
1766052021,0.075
1766055611,0.075
1766059215,0.075
1766062812,0.075
1766066425,0.08
1766070012,0.08
1766073621,0.08
1766077215,0.08
1766080814,0.08
1766084415,0.08
1766088013,0.08
1766091614,0.08
1766095213,0.08
1766098811,0.08
1766102415,0.08
1766106011,0.08
1766109612,0.08
1766113213,0.08
1766116813,0.08
1766120412,0.08
1766124014,0.08
1766127612,0.08
1766131213,0.08
1766134817,0.08
1766138412,0.08
1766142012,0.08
1766145616,0.08
1766149212,0.08
1766152812,0.08
1766156428,0.08
1766160027,0.085
1766163614,0.085
1766167213,0.09
1766170811,0.09
1766174411,0.085
1766178013,0.085
1766181611,0.09
1766185211,0.09
1766188814,0.09
1766192413,0.09
1766196011,0.09
1766199624,0.09
1766203212,0.09
1766206812,0.09
1766210413,0.09
1766214012,0.09
1766217611,0.09
1766221217,0.09
1766224811,0.09
1766228412,0.09
1766232016,0.09
1766235612,0.09
1766239212,0.09
1766242814,0.09
1766246413,0.09
1766250016,0.09
1766253613,0.09
1766257213,0.09
1766260816,0.09
1766264417,0.09
1766268013,0.09
1766271617,0.09
1766275215,0.09
1766278811,0.09
1766282411,0.09
1766286023,0.09
1766289621,0.09
1766293211,0.09
1766296814,0.09
1766300411,0.09
1766304012,0.09
1766307613,0.09
1766311211,0.09
1766314812,0.09
1766318414,0.09
1766322012,0.09
1766325611,0.09
1766329214,0.09
1766332811,0.09
1766336417,0.09
1766340014,0.09
1766343611,0.09
1766347214,0.09
1766350813,0.09
1766354411,0.09
1766358011,0.09
1766361614,0.09
1766365212,0.09
1766368812,0.09
1766372413,0.09
1766376018,0.09
1766379611,0.085
1766383213,0.085
1766386811,0.09
1766390424,0.09
1766394027,0.09
1766397612,0.09
1766401211,0.09
1766404814,0.09
1766408411,0.09
1766412012,0.09
1766415614,0.09
1766419211,0.09
1766422814,0.09
1766426413,0.09
1766430012,0.09
1766433625,0.09
1766437214,0.09
1766440824,0.09
1766444412,0.09
1766448016,0.085
1766451613,0.085
1766455212,0.085
1766458815,0.085
1766462424,0.085
1766466033,0.085
1766469629,0.085
1766473213,0.085
1766476825,0.085
1766480413,0.085
1766484012,0.085
1766487612,0.085
1766491218,0.085
1766494812,0.085
1766498412,0.085
1766502015,0.085
1766505612,0.085
1766509231,0.085
1766512814,0.085
1766516412,0.085
1766520012,0.085
1766523614,0.085
1766527214,0.085
1766530812,0.085
1766534416,0.085
1766538014,0.085
1766541611,0.085
1766545214,0.085
1766548813,0.085
1766552413,0.085
1766556015,0.085
1766559612,0.085
1766563214,0.085
1766566815,0.085
1766570414,0.085
1766574013,0.085
1766577616,0.085
1766581213,0.085
1766584813,0.085
1766588414,0.085
1766592012,0.09
1766595616,0.09
1766599214,0.09
1766602815,0.09
1766606412,0.09
1766610016,0.09
1766613613,0.09
1766617211,0.09
1766620825,0.09
1766624411,0.09
1766628013,0.09
1766631615,0.09
1766635213,0.09
1766638813,0.09
1766642415,0.09
1766646012,0.09
1766649614,0.09
1766653214,0.09
1766656812,0.09
1766660412,0.09
1766664017,0.09
1766667613,0.09
1766671213,0.09
1766674814,0.09
1766678412,0.09
1766682018,0.085
1766685616,0.09
1766689212,0.09
1766692815,0.085
1766696414,0.09
1766700015,0.09
1766703613,0.09
1766707212,0.09
1766710810,0.09
1766714410,0.09
1766718011,0.09
1766721610,0.09
1766725211,0.09
1766728811,0.09
1766732410,0.085
1766736010,0.09
1766739611,0.09
1766743210,0.09
1766746811,0.09
1766750415,0.09
1766754010,0.09
1766757610,0.09
1766761212,0.09
1766764811,0.09
1766768416,0.09
1766772011,0.09
1766775611,0.09
1766779212,0.09
1766782814,0.09
1766786411,0.09
1766790011,0.09
1766793616,0.09
1766797212,0.09
1766800811,0.09
1766804414,0.09
1766808014,0.09
1766811614,0.09
1766815213,0.09
1766818823,0.09
1766822412,0.09
1766826014,0.09
1766829613,0.09
1766833215,0.09
1766836816,0.09
1766840413,0.09
1766844013,0.09
1766847613,0.09
1766851213,0.09
1766854812,0.09
1766858414,0.09
1766862013,0.09
1766865612,0.09
1766869213,0.09
1766872813,0.09
1766876413,0.085
1766880016,0.09
1766887213,0.09
1766890814,0.09
1766894413,0.09
1766898013,0.09
1766901613,0.09
1766905212,0.09
1766908814,0.09
1766912413,0.09
1766916014,0.09
1766919613,0.09
1766923216,0.09
1766926812,0.085
1766930412,0.085
1766934024,0.085
1766937628,0.085
1766941216,0.085
1766944815,0.085
1766948412,0.085
1766952027,0.085
1766955616,0.085
1766959214,0.085
1766962815,0.085
1766966432,0.085
1766973613,0.085
1766977228,0.085
1766980812,0.085
1766984423,0.085
1766988015,0.085
1766991616,0.085
1766995224,0.085
1766998814,0.085
1767002415,0.085
1767006015,0.085
1767009616,0.085
1767013213,0.085
1767016813,0.085
1767020414,0.085
1767024012,0.085
1767027614,0.085
1767031213,0.085
1767034815,0.085
1767038413,0.085
1767042013,0.085
1767045614,0.085
1767049225,0.085
1767052819,0.085
1767056412,0.085
1767060013,0.085
1767063615,0.085
1767067213,0.085
1767070823,0.085
1767074414,0.085
1767078018,0.085
1767081614,0.085
1767085216,0.085
1767088813,0.085
1767092415,0.085
1767096018,0.085
1767099613,0.085
1767103213,0.085
1767106815,0.085
1767110414,0.085
1767114017,0.085
1767117619,0.085
1767121213,0.085
1767124826,0.085
1767128414,0.085
1767132014,0.085
1767135614,0.085
1767139216,0.085
1767142814,0.085
1767146414,0.085
1767150016,0.085
1767153628,0.085
1767157213,0.085
1767160815,0.085
1767164413,0.085
1767168016,0.085
1767171615,0.085
1767175214,0.085
1767178825,0.085
1767182416,0.085
1767186013,0.085
1767189615,0.085
1767193215,0.085
1767196816,0.085
1767200418,0.085
1767204016,0.085
1767207643,0.085
1767211215,0.085
1767214817,0.085
1767218415,0.085
1767222014,0.085
1767225616,0.085
1767229213,0.085
1767232813,0.085
1767236414,0.085
1767240029,0.085
1767243613,0.085
1767247216,0.085
1767250813,0.085
1767254412,0.085
1767258015,0.085
1767261614,0.085
1767265212,0.085
1767268818,0.085
1767272433,0.085
1767276012,0.085
1767279615,0.085
1767283212,0.085
1767286815,0.085
1767290414,0.085
1767294012,0.085
1767297624,0.085
1767301213,0.085
1767304823,0.085
1767308413,0.085
1767312015,0.085
1767315612,0.085
1767319213,0.085
1767322826,0.085
1767326412,0.085
1767330014,0.085
1767333613,0.085
1767337212,0.085
1767340815,0.085
1767344414,0.085
1767348015,0.085
1767351614,0.085
1767355216,0.085
1767358812,0.085
1767362413,0.085
1767366015,0.085
1767369614,0.085
1767373216,0.085
1767376829,0.085
1767380415,0.085
1767384015,0.085
1767387615,0.085
1767391215,0.085
1767394813,0.085
1767398414,0.085
1767405611,0.085
1767409213,0.085
1767412813,0.085
1767416423,0.085
1767420024,0.085
1767423612,0.085
1767427211,0.085
1767430826,0.085
1767434411,0.085
1767438013,0.085
1767441616,0.085
1767445211,0.085
1767448813,0.085
1767452429,0.085
1767456012,0.085
1767459616,0.085
1767463214,0.085
1767466812,0.085
1767470414,0.085
1767474015,0.085
1767477612,0.085
1767481212,0.085
1767484816,0.085
1767488414,0.085
1767492012,0.085
1767495628,0.085
1767499215,0.085
1767502812,0.085
1767506414,0.085
1767510013,0.085
1767513612,0.085
1767517213,0.085
1767520811,0.085
1767524419,0.085
1767528018,0.085
1767531612,0.085
1767535214,0.085
1767538820,0.085
1767542423,0.085
1767546015,0.085
1767549616,0.085
1767553213,0.085
1767556831,0.085
1767560417,0.085
1767564013,0.085
1767567613,0.085
1767571218,0.085
1767574813,0.085
1767578413,0.085
1767582015,0.085
1767585612,0.085
1767589227,0.085
1767592815,0.085
1767596413,0.085
1767600014,0.085
1767603619,0.085
1767607212,0.085
1767610812,0.085
1767614415,0.085
1767618012,0.085
1767621613,0.085
1767625216,0.085
1767628813,0.085
1767632427,0.085
1767636015,0.085
1767639613,0.085
1767643213,0.085
1767646816,0.085
1767650430,0.085
1767654013,0.085
1767657620,0.085
1767661219,0.085
1767664815,0.085
1767668416,0.085
1767672016,0.085
1767675613,0.085
1767679219,0.085
1767682818,0.085
1767686418,0.085
1767690017,0.085
1767693614,0.085
1767697219,0.085
1767700817,0.085
1767704426,0.085
1767708015,0.085
1767711621,0.075
1767715214,0.075
1767718818,0.075
1767722416,0.075
1767726014,0.075
1767729615,0.075
1767733215,0.075
1767736814,0.075
1767740427,0.075
1767744017,0.075
1767747614,0.075
1767751215,0.075
1767754816,0.075
1767758414,0.075
1767762014,0.075
1767765620,0.075
1767769215,0.075
1767772816,0.075
1767776417,0.075
1767780020,0.075
1767783613,0.075
1767787222,0.075
1767790815,0.075
1767794414,0.075
1767798019,0.075
1767801615,0.075
1767805220,0.075
1767808816,0.075
1767812416,0.075
1767816015,0.075
1767819622,0.075
1767823219,0.075
1767826815,0.075
1767830433,0.075
1767834029,0.075
1767837615,0.075
1767841216,0.075
1767844815,0.075
1767848415,0.075
1767852016,0.075
1767855615,0.075
1767859225,0.075
1767862816,0.075
1767866428,0.075
1767870015,0.075
1767873632,0.075
1767877214,0.075
1767880819,0.075
1767884416,0.075
1767888030,0.075
1767891620,0.075
1767895216,0.075
1767898815,0.075
1767902416,0.075
1767906018,0.075
1767909618,0.075
1767913217,0.075
1767916817,0.075
1767920415,0.075
1767924015,0.075
1767927618,0.075
1767931215,0.075
1767934815,0.075
1767938418,0.075
1767942015,0.075
1767945616,0.075
1767949217,0.075
1767952816,0.075
1767956415,0.075
1767960031,0.075
1767963616,0.075
1767967215,0.075
1767970818,0.075
1767974417,0.075
1767978019,0.075
1767981619,0.075
1767985217,0.075
1767988829,0.075
1767992418,0.075
1767996017,0.075
1767999615,0.075
1768003218,0.075
1768006817,0.075
1768010414,0.075
1768014017,0.075
1768017615,0.075
1768021214,0.075
1768024819,0.075
1768028415,0.075
1768032030,0.075
1768035619,0.075
1768039218,0.075
1768042817,0.075
1768046420,0.075
1768050017,0.075
1768053620,0.075
1768057218,0.075
1768060828,0.075
1768064419,0.075
1768068020,0.075
1768071616,0.075
1768075216,0.075
1768078821,0.075
1768082417,0.075
1768086029,0.075
1768089616,0.075
1768093215,0.075
1768096827,0.075
1768100415,0.075
1768104015,0.075
1768107612,0.075
1768111216,0.075
1768114815,0.075
1768118414,0.075
1768122014,0.075
1768125612,0.075
1768129225,0.075
1768132816,0.075
1768136414,0.075
1768140014,0.075
1768143627,0.075
1768147212,0.075
1768150827,0.075
1768154418,0.075
1768158015,0.075
1768161617,0.075
1768165234,0.075
1768168817,0.075
1768172414,0.075
1768176018,0.075
1768179614,0.075
1768183225,0.075
1768186832,0.075
1768190415,0.075
1768194014,0.075
1768197616,0.075
1768201216,0.075
1768204816,0.075
1768208416,0.075
1768212014,0.075
1768215625,0.075
1768219223,0.075
1768222816,0.075
1768226414,0.075
1768230019,0.075
1768233613,0.075
1768237215,0.075
1768240843,0.075
1768244415,0.075
1768248018,0.075
1768251620,0.075
1768255243,0.075
1768258820,0.075
1768262419,0.075
1768269614,0.075
1768273219,0.075
1768276815,0.075
1768280415,0.075
1768284018,0.075
1768287631,0.075
1768291229,0.075
1768294821,0.075
1768298415,0.075
1768302016,0.075
1768305622,0.075
1768312830,0.075
1768316418,0.075
1768320027,0.075
1768323619,0.075
1768327219,0.075
1768330857,0.075
1768334416,0.075
1768338019,0.075
1768341618,0.075
1768345217,0.075
1768348819,0.075
1768352416,0.075
1768356017,0.075
1768359618,0.075
1768363218,0.075
1768366819,0.075
1768370419,0.075
1768374017,0.075
1768377632,0.075
1768381218,0.075
1768384815,0.075
1768388415,0.075
1768392021,0.075
1768395618,0.075
1768399216,0.075
1768402831,0.075
1768406430,0.075
1768410021,0.075
1768413621,0.075
1768417217,0.075
1768420817,0.075
1768424421,0.075
1768428019,0.075
1768431617,0.075
1768435221,0.075
1768438816,0.075
1768442416,0.075
1768446028,0.075
1768449617,0.075
1768453216,0.075
1768456819,0.075
1768460417,0.075
1768464016,0.075
1768467622,0.075
1768471217,0.075
1768474817,0.075
1768478421,0.075
1768482018,0.075
1768485617,0.075
1768489219,0.075
1768492817,0.075
1768496423,0.075
1768500023,0.075
1768503621,0.075
1768507220,0.075
1768510824,0.075
1768514418,0.075
1768518019,0.075
1768521624,0.075
1768525221,0.075
1768528819,0.075
1768532423,0.075
1768536018,0.075
1768539618,0.075
1768543220,0.075
1768546818,0.075
1768550418,0.075
1768554019,0.075
1768557617,0.075
1768561217,0.075
1768564821,0.075
1768568418,0.075
1768572018,0.075
1768575619,0.075
1768579217,0.075
1768582819,0.075
1768586421,0.075
1768590020,0.075
1768593618,0.075
1768597223,0.075
1768600832,0.075
1768604418,0.075
1768608021,0.075
1768611618,0.075
1768615218,0.075
1768618821,0.075
1768622417,0.075
1768626018,0.075
1768629620,0.075
1768633219,0.075
1768636817,0.075
1768640420,0.075
1768644031,0.075
1768647617,0.075
1768651227,0.075
1768654819,0.075
1768658433,0.075
1768662024,0.075
1768665617,0.075
1768669231,0.075
1768672823,0.075
1768676420,0.075
1768680031,0.075
1768683633,0.075
1768687218,0.075
1768690818,0.075
1768694430,0.075
1768698017,0.075
1768701649,0.075
1768705222,0.075
1768708820,0.075
1768712428,0.075
1768716048,0.075
1768719616,0.075
1768723243,0.075
1768726818,0.075
1768730416,0.075
1768734019,0.075
1768737636,0.075
1768741230,0.075
1768744818,0.075
1768748419,0.075
1768752016,0.075
1768755636,0.075
1768759235,0.075
1768762817,0.075
1768766420,0.075
1768770020,0.075
1768773616,0.075
1768777219,0.075
1768780818,0.075
1768788025,0.075
1768791617,0.075
1768795220,0.075
1768798824,0.075
1768802417,0.075
1768806026,0.075
1768809625,0.075
1768813218,0.075
1768816814,0.075
1768820424,0.075
1768824020,0.075
1768827613,0.075
1768831213,0.075
1768834818,0.075
1768838415,0.075
1768842028,0.075
1768845620,0.075
1768849216,0.075
1768852820,0.075
1768856419,0.075
1768860018,0.07
1768863628,0.07
1768867219,0.07
1768870815,0.07
1768874415,0.07
1768878033,0.07
1768881629,0.07
1768885230,0.07
1768888821,0.04
1768892416,0.04
1768896016,0.0355
1768899617,0.0345
1768903217,0.0325
1768906815,0.0325
1768910420,0.0325
1768914016,0.0325
1768917615,0.0325
1768921219,0.0325
1768924815,0.0335
1768928417,0.033
1768932018,0.0315
1768935615,0.0395
1768939216,0.0375
1768942835,0.036
1768946416,0.0365
1768950015,0.0385
1768953620,0.0415
1768957215,0.0415
1768960817,0.0515
1768964420,0.052
1768968015,0.0575
1768971615,0.0545
1768975219,0.0555
1768978818,0.053
1768982416,0.0475
1768986039,0.0535
1768989617,0.0515
1768993217,0.046
1768996841,0.0405
1769000416,0.0405
1769004019,0.0385
1769007619,0.0385
1769011218,0.0385
1769014823,0.0475
1769018440,0.039
1769022031,0.039
1769025618,0.0395
1769029253,0.0405
1769032817,0.0405
1769036418,0.0475
1769040028,0.0515
1769043617,0.0535
1769047220,0.0615
1769050825,0.0625
1769054416,0.063
1769058016,0.063
1769061619,0.063
1769065218,0.0675
1769068819,0.0665
1769072425,0.0625
1769076017,0.0625
1769079617,0.0625
1769083245,0.0685
1769086817,0.0685
1769090416,0.0685
1769094032,0.07
1769097617,0.0705
1769101220,0.063
1769104833,0.063
1769108417,0.063
1769112019,0.063
1769115626,0.055
1769119218,0.0545
1769122818,0.0545
1769126437,0.062
1769130017,0.0615
1769133618,0.0615
1769137229,0.0615
1769140818,0.053
1769144416,0.0485
1769148020,0.0455
1769151618,0.046
1769155218,0.0515
1769158821,0.0515
1769162431,0.0525
1769166019,0.058
1769169644,0.053
1769173216,0.0545
1769176817,0.0505
1769180420,0.051
1769184016,0.0515
1769187636,0.061
1769191235,0.061
1769194819,0.066
1769198418,0.066
1769202021,0.0615
1769205621,0.064
1769209222,0.057
1769212831,0.0565
1769216419,0.0525
1769220022,0.053
1769223640,0.0525
1769227217,0.0525
1769230839,0.0515
1769234441,0.0505
1769238019,0.072
1769241621,0.069
1769245226,0.0555
1769248830,0.0515
1769252423,0.0695
1769256031,0.0755
1769259618,0.069
1769263227,0.064
1769266825,0.054
1769270418,0.054
1769274023,0.055
1769277622,0.0565
1769281220,0.0535
1769284818,0.055
1769288428,0.0525
1769292018,0.0635
1769295618,0.0615
1769299240,0.0545
1769302818,0.0545
1769306417,0.0645
1769310025,0.06
1769313616,0.0545
1769317216,0.0545
1769320818,0.0545
1769324420,0.0545
1769328017,0.0545
1769331640,0.0545
1769335232,0.0545
1769338817,0.0545
1769342445,0.0555
1769346029,0.055
1769349619,0.0555
1769353221,0.0565
1769356831,0.0555
1769360431,0.0555
1769364025,0.0545
1769367617,0.0585
1769371218,0.0605
1769374825,0.066
1769378420,0.063
1769382018,0.0655
1769385638,0.067
1769389217,0.0635
1769392820,0.064
1769396419,0.0635
1769400017,0.0645
1769403617,0.0645
1769407227,0.0675
1769410819,0.0655
1769414418,0.065
1769418027,0.067
1769421617,0.0645
1769425220,0.0655
1769428830,0.0645
1769432421,0.0635
1769436017,0.0685
1769439621,0.0685
1769443218,0.066
1769446824,0.068
1769450425,0.0675
1769454019,0.0685
1769457622,0.0685
1769461222,0.07
1769464818,0.0705
1769468419,0.0645
1769472033,0.067
1769475615,0.0665
1769479215,0.065
1769482824,0.0635
1769486417,0.065
1769490015,0.0685
1769493616,0.068
1769497223,0.0675
1769500817,0.0635
1769504418,0.0635
1769508024,0.064
1769511617,0.067
1769515222,0.0655
1769518829,0.0645
1769522416,0.0665
1769526017,0.0685
1769529616,0.0675
1769533216,0.067
1769536818,0.0665
1769540417,0.0675
1769544016,0.0645
1769547618,0.065
1769551216,0.0655
1769554817,0.0635
1769558423,0.0675
1769562026,0.0665
1769565619,0.0695
1769569220,0.066
1769572832,0.0685
1769576417,0.07
1769580017,0.0695
1769583617,0.0655
1769587217,0.0685
1769590822,0.0645
1769594437,0.064
1769598017,0.0635
1769601624,0.0655
1769605232,0.064
1769608817,0.067
1769612419,0.064
1769616017,0.0655
1769619619,0.066
1769623234,0.0705
1769626818,0.066
1769630421,0.068
1769634018,0.065
1769637618,0.0645
1769641218,0.0655
1769644838,0.0665
1769648418,0.0655
1769652018,0.0645
1769655622,0.065
1769659219,0.0655
1769662818,0.0685
1769666420,0.0655
1769670020,0.0675
1769673619,0.065
1769677222,0.0665
1769680821,0.065
1769684420,0.0655
1769688027,0.0655
1769691619,0.0675
1769695219,0.07
1769698820,0.0695
1769702419,0.0715
1769706019,0.069
1769709621,0.0725
1769713220,0.071
1769716830,0.0675
1769720423,0.0645
1769724020,0.0645
1769727620,0.0655
1769731226,0.0625
1769734819,0.0625
1769738420,0.0635
1769742021,0.0635
1769745620,0.07
1769749219,0.072
1769752821,0.0645
1769756419,0.0655
1769760019,0.072
1769763639,0.072
1769767219,0.0735
1769770836,0.0725
1769774440,0.0725
1769778020,0.0715
1769781620,0.0705
1769785223,0.0735
1769788821,0.07
1769792422,0.0655
1769796021,0.0635
1769799620,0.0645
1769803221,0.0625
1769806823,0.0635
1769810424,0.0645
1769814020,0.0625
1769817626,0.0625
1769821220,0.0645
1769824820,0.066
1769828422,0.0675
1769832021,0.0685
1769835620,0.069
1769839222,0.0685
1769842821,0.0695
1769846421,0.067
1769850039,0.0695
1769853621,0.07
1769857220,0.0665
1769860831,0.066
1769864423,0.0665
1769868020,0.0645
1769871625,0.0635
1769875220,0.0635
1769878833,0.0655
1769882426,0.0625
1769886023,0.0635
1769889621,0.0645
1769893240,0.0655
1769896836,0.066
1769900420,0.0645
1769904031,0.0665
1769911218,0.0625
1769914823,0.065
1769918420,0.0655
1769922034,0.066
1769925623,0.0625
1769929218,0.0665
1769932818,0.064
1769936426,0.063
1769940019,0.0625
1769943621,0.0625
1769947228,0.059
1769950819,0.057
1769954433,0.058
1769958033,0.0505
1769961634,0.0495
1769965218,0.046
1769968820,0.0455
1769972418,0.0425
1769976021,0.0415
1769979622,0.0415
1769983219,0.0455
1769986818,0.0435
1769990425,0.0405
1769994018,0.0385
1769997645,0.0385
1770001220,0.0365
1770004818,0.0405
1770008432,0.0435
1770012021,0.0445
1770015619,0.044
1770019218,0.043
1770022821,0.0425
1770026419,0.0435
1770030020,0.0435
1770033629,0.0415
1770037217,0.0485
1770040832,0.0485
1770044423,0.0515
1770048018,0.0495
1770051620,0.052
1770055222,0.051
1770058818,0.0515
1770062420,0.0505
1770066022,0.052
1770069618,0.0535
1770073218,0.0495
1770076828,0.0485
1770080418,0.0495
1770084018,0.0495
1770087626,0.047
1770091218,0.049
1770094821,0.0485
1770098421,0.0495
1770102020,0.0485
1770105621,0.0505
1770109224,0.0495
1770112822,0.049
1770116418,0.0495
1770120032,0.054
1770123618,0.0495
1770127234,0.0415
1770130821,0.0355
1770134419,0.0335
1770138027,0.035
1770141624,0.0335
1770145220,0.038
1770148821,0.035
1770152425,0.0355
1770156018,0.059
1770159622,0.0545
1770163239,0.0535
1770166816,0.0525
1770170417,0.0525
1770174018,0.061
1770177617,0.0555
1770181218,0.061
1770184818,0.058
1770188416,0.0555
1770192017,0.0555
1770195624,0.0565
1770199216,0.0555
1770202819,0.0545
1770206429,0.056
1770210018,0.053
1770213617,0.053
1770217226,0.0545
1770220832,0.053
1770224426,0.0475
1770228026,0.0485
1770231617,0.0465
1770235219,0.05
1770238825,0.048
1770242417,0.048
1770246017,0.0465
1770249624,0.0455
1770253217,0.0445
1770256818,0.043
1770260436,0.042
1770264017,0.041
1770267617,0.041
1770271221,0.0415
1770274818,0.044
1770278417,0.0445
1770282024,0.0435
1770285620,0.042
1770289218,0.0445
1770292832,0.045
1770296421,0.045
1770300018,0.0445
1770303634,0.044
1770307218,0.045
1770310821,0.0435
1770314424,0.0445
1770318035,0.0445
1770321635,0.0445
1770325227,0.0455
1770328833,0.0455
1770332419,0.0445
1770336031,0.0415
1770339626,0.0415
1770343218,0.0395
1770346832,0.0365
1770350430,0.035
1770354019,0.0365
1770357622,0.035
1770361222,0.036
1770364820,0.0335
1770368426,0.035
1770372019,0.036
1770375619,0.0345
1770379231,0.035
1770382819,0.0385
1770386420,0.0375
1770390029,0.037
1770393620,0.036
1770397225,0.0375
1770400826,0.038
1770404421,0.036
1770408020,0.0365
1770411622,0.0365
1770415219,0.037
1770418821,0.0335
1770422436,0.0335
1770429619,0.0335
1770433223,0.0335
1770436835,0.0335
1770440420,0.039
1770444024,0.0365
1770447622,0.0415
1770451220,0.0385
1770454827,0.0395
1770458421,0.0405
1770462023,0.0415
1770465634,0.0405
1770469224,0.039
1770472821,0.039
1770476429,0.0375
1770480021,0.0345
1770483620,0.0295
1770487228,0.0295
1770490821,0.037
1770494421,0.0365
1770498031,0.034
1770501621,0.0345
1770505220,0.0385
1770508833,0.039
1770512422,0.0415
1770516020,0.038
1770519623,0.04
1770523249,0.0385
1770526820,0.038
1770530424,0.036
1770534035,0.0355
1770537619,0.0355
1770541238,0.0345
1770544834,0.0345
1770548419,0.0355
1770552042,0.0365
1770555634,0.041
1770559219,0.042
1770562841,0.0415
1770566420,0.0395
1770570024,0.0385
1770573622,0.0405
1770577219,0.0375
1770580822,0.0405
1770584427,0.0395
1770588021,0.0405
1770591619,0.0385
1770595232,0.038
1770598820,0.0405
1770602419,0.038
1770606023,0.037
1770609630,0.0375
1770613218,0.0365
1770616824,0.0355
1770620418,0.037
1770624032,0.0365
1770627631,0.0375
1770631218,0.04
1770634818,0.0405
1770638448,0.039
1770642018,0.039
1770645619,0.039
1770649230,0.0375
1770652835,0.0375
1770656418,0.04
1770660029,0.0375
1770663620,0.0375
1770667218,0.0355
1770670828,0.0345
1770674418,0.0355
1770678019,0.0355
1770681635,0.0355
1770685219,0.0355
1770688833,0.036
1770692426,0.037
1770696019,0.0375
1770699619,0.0385
1770703236,0.0375
1770706830,0.0365
1770710419,0.0375
1770714027,0.0375
1770717619,0.0365
1770721220,0.037
1770724845,0.037
1770728421,0.0375
1770732019,0.0375
1770735629,0.0375
1770739222,0.0375
1770742821,0.0375
1770746427,0.0375
1770750025,0.0375
1770753636,0.0375
1770757228,0.0375
1770760819,0.0375
1770764422,0.0375
1770768036,0.0335
1770771619,0.0345
1770775220,0.0345
1770778829,0.034
1770782421,0.0325
1770786019,0.0325
1770789624,0.0325
1770793220,0.0325
1770796819,0.0325
1770800430,0.0325
1770804019,0.0325
1770807619,0.0325
1770811234,0.0325
1770814819,0.0315
1770818422,0.029
1770822043,0.029
1770825619,0.0295
1770829225,0.0305
1770832828,0.029
1770836419,0.028
1770840038,0.021
1770843643,0.0215
1770847220,0.0225
1770850821,0.0225
1770854445,0.0225
1770858016,0.0225
1770861621,0.0225
1770865228,0.0225
1770868817,0.0225
1770872417,0.022
1770876021,0.0225
1770879618,0.0225
1770883231,0.0225
1770886843,0.0225
1770890424,0.0215
1770894018,0.0215
1770897633,0.0215
1770901217,0.0215
1770904819,0.0225
1770908427,0.0225
1770912018,0.0215
1770915637,0.021
1770919222,0.0225
1770922819,0.022
1770926420,0.0185
1770930043,0.018
1770933618,0.0125
1770937219,0.0125
1770940833,0.015
1770944432,0.015
1770948019,0.015
1770951637,0.015
1770955218,0.01
1770958818,0.0205
1770962428,0.0205
1770966021,0.032
1770969618,0.034
1770973228,0.0345
1770976819,0.0335
1770980418,0.024
1770984037,0.028
1770987621,0.029
1770991219,0.032
1770994831,0.0345
1770998422,0.0345
1771002037,0.0305
1771005628,0.0335
1771009219,0.031
1771012822,0.0325
1771016430,0.0325
1771020020,0.027
1771023621,0.0305
1771027237,0.028
1771030819,0.0285
1771034423,0.025
1771038022,0.0235
1771041620,0.024
1771045220,0.0245
1771048828,0.0245
1771052421,0.0245
1771056021,0.0245
1771059633,0.024
1771063220,0.0245
1771066825,0.028
1771070439,0.029
1771074019,0.0285
1771077620,0.0285
1771081230,0.0285
1771084821,0.0285
1771088427,0.0285
1771092029,0.0285
1771095621,0.0285
1771102832,0.0285
1771106424,0.0285
1771110038,0.0285
1771113637,0.0285
1771117221,0.029
1771120835,0.0295
1771124426,0.0295
1771128019,0.0295
1771131619,0.0285
1771135231,0.0275
1771138821,0.027
1771142421,0.023
1771146030,0.02
1771149624,0.02
1771153236,0.019
1771156840,0.019
1771160420,0.019
1771164020,0.019
1771167644,0.019
1771171222,0.019
1771174825,0.0185
1771178436,0.0185
1771182023,0.0185
1771185623,0.0185
1771189234,0.0185
1771192820,0.028
1771196420,0.0285
1771200048,0.0285
1771203633,0.0285
1771207220,0.028
1771210825,0.028
1771214420,0.028
1771218023,0.0285
1771221630,0.0265
1771225221,0.0265
1771228821,0.0265
1771232448,0.0265
1771236021,0.0265
1771239621,0.0265
1771243246,0.0265
1771246824,0.0265
1771250422,0.0265
1771254051,0.0265
1771257622,0.011
1771261221,0.0105
1771264835,0.0145
1771268422,0.014
1771272021,0.0145
1771275634,0.016
1771279226,0.017
1771282821,0.0185
1771286438,0.0185
1771290023,0.0185
1771293620,0.0185
1771297233,0.0215
1771300825,0.022
1771304420,0.0235
1771308032,0.0305
1771311622,0.033
1771315231,0.0315
1771318834,0.031
1771322423,0.032
1771326021,0.031
1771329648,0.031
1771333221,0.0305
1771336821,0.0305
1771340444,0.0305
1771344022,0.0305
1771347644,0.0305
1771351245,0.0305
1771354801,0.0305
1771354836,0.0305
1771358421,0.0305
1771362033,0.0305
1771365625,0.0305
1771369221,0.0305
1771372842,0.0305
1771376420,0.0305
1771380021,0.0305
1771383623,0.0305
1771387221,0.0305
1771390835,0.0305
1771394433,0.0305
1771398021,0.0305
1771401621,0.0305
1771405244,0.0305
1771408823,0.0295
1771412423,0.0295
1771416041,0.0255
1771419621,0.022
1771423223,0.022
1771426853,0.022
1771430424,0.025
1771434021,0.0265
1771437634,0.027
1771441223,0.0285
1771444850,0.0285
1771448446,0.0285
1771452025,0.0285
1771455622,0.0285
1771459243,0.0285
1771462822,0.0285
1771466423,0.0285
1771470034,0.0285
1771473622,0.0285
1771477223,0.0285
1771480849,0.0285
1771484422,0.0285
1771488022,0.0285
1771491636,0.0285
1771495224,0.0285
1771498824,0.0265
1771506022,0.0265
1771509624,0.0265
1771513238,0.0255
1771516825,0.025
1771520437,0.0165
1771524038,0.0165
1771527625,0.0165
1771531224,0.0165
1771534840,0.0165
1771538425,0.0165
1771542024,0.0165
1771545641,0.0165
1771549229,0.0165
1771552821,0.0165
1771556441,0.0165
1771560020,0.0165
1771563619,0.0195
1771567232,0.0195
1771570820,0.0195
1771574420,0.019
1771578030,0.018
1771581620,0.018
1771585221,0.0145
1771588826,0.014
1771592437,0.014
1771596019,0.014
1771599625,0.0135
1771603241,0.0135
1771606834,0.014
1771610425,0.0135
1771614027,0.014
1771617623,0.013
1771621225,0.013
1771624822,0.0135
1771628422,0.0145
1771632029,0.0145
1771635625,0.0175
1771639221,0.0155
1771642826,0.0155
1771646429,0.018
1771650021,0.021
1771653643,0.021
1771657223,0.021
1771660822,0.021
1771664426,0.021
1771668024,0.0205
1771671630,0.0205
1771675229,0.0195
1771678829,0.019
1771682423,0.0215
1771686028,0.0235
1771689623,0.022
1771693233,0.022
1771696827,0.022
1771700427,0.022
1771704028,0.022
1771707628,0.0215
1771711223,0.022
1771714824,0.022
1771718429,0.0225
1771722023,0.0225
1771725624,0.017
1771729241,0.0145
1771732821,0.0135
1771736421,0.0135
1771740025,0.013
1771743641,0.012
1771747227,0.012
1771750827,0.0145
1771754424,0.014
1771758023,0.014
1771761634,0.013
1771765222,0.013
1771768841,0.0175
1771772426,0.019
1771776026,0.022
1771779639,0.022
1771783232,0.022
1771786826,0.022
1771790426,0.02
1771794033,0.019
1771797624,0.019
1771801224,0.0195
1771804833,0.0205
1771812023,0.022
1771815626,0.023
1771819226,0.0225
1771822822,0.0225
1771826429,0.0225
1771830023,0.0225
1771833637,0.0225
1771837227,0.0225
1771840821,0.0225
1771844434,0.0225
1771848036,0.0215
1771851621,0.0215
1771855221,0.0215
1771858828,0.021
1771862422,0.0215
1771866024,0.0215
1771869642,0.0215
1771873222,0.021
1771876822,0.021
1771880427,0.0205
1771884022,0.0195
1771887623,0.0195
1771891233,0.0165
1771894822,0.0235
1771898427,0.0215
1771902027,0.02
1771905623,0.0205
1771909240,0.0215
1771912827,0.022
1771916422,0.0225
1771920028,0.0225
1771923635,0.0235
1771927223,0.023
1771930822,0.0215
1771934441,0.0215
1771938026,0.021
1771941623,0.022
1771945229,0.0205
1771948823,0.0195
1771952434,0.019
1771956030,0.02
1771959624,0.023
1771963224,0.025
1771966828,0.0255
1771970439,0.0255
1771974040,0.024
1771977637,0.025
1771981224,0.025
1771984839,0.024
1771988428,0.024
1771992047,0.024
1771995624,0.023
1771999228,0.023
1772002823,0.024
1772006426,0.024
1772010029,0.0215
1772013622,0.0215
1772017224,0.0215
1772020841,0.019
1772024422,0.0165
1772028028,0.0145
1772031633,0.0155
1772035223,0.016
1772038823,0.0155
1772042429,0.016
1772046026,0.016
1772049633,0.0155
1772053230,0.0185
1772056825,0.0215
1772060425,0.0215
1772064034,0.0255
1772067624,0.033
1772071225,0.0325
1772074843,0.0325
1772078436,0.0325
1772082025,0.0325
1772085630,0.0325
1772089226,0.0325
1772092827,0.0335
1772096439,0.0345
1772100025,0.0275
1772103623,0.0275
1772107248,0.0275
1772110826,0.0275
1772114429,0.0275
1772118035,0.028
1772121644,0.0275
1772125232,0.027
1772128841,0.027
1772132430,0.028
1772136029,0.0275
1772139632,0.0285
1772143227,0.0265
1772146828,0.0265
1772150439,0.027
1772154027,0.024
1772157627,0.0245
1772161232,0.0255
1772164828,0.0235
1772168442,0.023
1772172033,0.0225
1772175627,0.0225
1772179230,0.0225
1772182839,0.028
1772186428,0.028
1772190029,0.0265
1772193653,0.0335
1772197230,0.034
1772200828,0.033
1772204435,0.0335
1772208040,0.0345
1772211649,0.034
1772215241,0.03
1772218829,0.029
1772222429,0.0295
1772226036,0.032
1772229631,0.0315
1772233234,0.0315
1772236839,0.0325
1772240427,0.032
1772244032,0.032
1772247630,0.033
1772251229,0.031
1772254828,0.0295
1772258434,0.0295
1772262032,0.0295
1772265639,0.0295
1772269247,0.029
1772272833,0.0295
1772276429,0.0295
1772280058,0.0305
1772283630,0.0305
1772287244,0.0305
1772290831,0.0305
1772294432,0.0305
1772298056,0.0305
1772301633,0.0305
1772305231,0.0275
1772308831,0.028
1772312433,0.028
1772316035,0.028
1772319628,0.0265
1772323250,0.0275
1772326832,0.0275
1772330430,0.0275
1772334033,0.028
1772337631,0.0275
1772341229,0.0305
1772344850,0.027
1772348427,0.0305
1772352030,0.031
1772355644,0.0305
1772359234,0.0335
1772362828,0.0285
1772366442,0.029
1772370028,0.0285
1772373632,0.0265
1772377237,0.0275
1772380832,0.0285
1772384428,0.0265
1772388032,0.027
1772391629,0.0275
1772395230,0.029
1772398837,0.0275
1772402431,0.032
1772406028,0.032
1772409650,0.031
1772413228,0.0335
1772416828,0.034
1772420433,0.039
1772424027,0.034
1772427625,0.028
1772431228,0.0285
1772434826,0.028
1772438427,0.031
1772442031,0.007
1772445628,0.011
1772449226,0.0115
1772452840,0.0125
1772456428,0.011
1772460029,0.011
1772463651,0.011
1772467229,0.011
1772474454,0.011
1772478032,0.011
1772481631,0.011
1772485232,0.011
1772488830,0.011
1772492428,0.011
1772496042,0.011
1772499629,0.011
1772503242,0.011
1772506835,0.011
1772510428,0.011
1772514028,0.011
1772517639,0.007
1772521231,0.007
1772524829,0.007
1772528432,0.007
1772532030,0.0065
1772535641,0.007
1772539244,0.007
1772542830,0.007
1772546451,0.0085
1772550040,0.017
1772553632,0.015
1772557231,0.014
1772560837,0.0135
1772564432,0.014
1772568033,0.014
1772571657,0.014
1772575233,0.014
1772578832,0.014
1772582443,0.0145
1772586032,0.0145
1772589633,0.0145
1772593235,0.0145
1772596831,0.0145
1772600429,0.0085
1772604035,0.01
1772607628,0.01
1772611228,0.0085
1772614835,0.0075
1772618432,0.0105
1772622031,0.0115
1772625640,0.011
1772629231,0.011
1772632832,0.0105
1772636445,0.0105
1772640033,0.0105
1772643653,0.0105
1772647235,0.0105
1772650831,0.0105
1772654438,0.0105
1772658037,0.0105
1772661631,0.0105
1772665230,0.014
1772668841,0.0135
1772672435,0.013
1772676031,0.0125
1772679630,0.0125
1772683226,0.012
1772686829,0.0115
1772690430,0.0115
1772694027,0.0125
1772697633,0.0115
1772701229,0.0115
1772704845,0.0115
1772708437,0.0115
1772712057,0.0115
1772715630,0.012
1772719230,0.0125
1772722840,0.013
1772726427,0.0115
1772730048,0.013
1772733635,0.013
1772737227,0.013
1772740851,0.0125
1772744430,0.012
1772748027,0.012
1772751641,0.0115
1772755239,0.0115
1772758833,0.0115
1772762429,0.0115
1772766031,0.0115
1772769629,0.0185
1772773239,0.0145
1772776832,0.0145
1772780428,0.0125
1772784027,0.012
1772787630,0.011
1772791230,0.011
1772794827,0.011
1772798440,0.01
1772802045,0.0115
1772805631,0.0115
1772809247,0.0115
1772812832,0.011
1772816431,0.005
1772820033,0.0045
1772823629,0.004
1772827227,0.004
1772830832,0.004
1772834427,0.0035
1772838028,0.0035
1772841644,0.004
1772845228,0.005
1772848827,0.0045
1772852434,0.005
1772856027,0.005
1772859629,0.0045
1772863239,0.008
1772866826,0.0055
1772870443,0.008
1772874035,0.005
1772877627,0.005
1772881233,0.005
1772884844,0.006
1772888430,0.006
1772892029,0.006
1772895636,0.006
1772899233,0.006
1772902841,0.006
1772906438,0.006
1772910028,0.006
1772913629,0.006
1772917236,0.0035
1772920828,0.0035
1772924426,0.004
1772928036,0.004
1772931626,0.0045
1772935226,0.004
1772938846,0.004
1772942428,0.0055
1772946025,0.0055
1772949634,0.006
1772953232,0.006
1772956825,0.006
1772960433,0.006
1772964026,0.006
1772967627,0.0055
1772971235,0.0055
1772974824,0.0055
1772978430,0.0055
1772982033,0.004
1772985624,0.0045
1772989244,0.0045
1772992832,0.0045
1772996425,0.0045
1773000026,0.0045
1773003646,0.0045
1773007222,0.004
1773010824,0.004
1773014432,0.004
1773018027,0.004
1773021624,0.004
1773025231,0.004
1773028824,0.004
1773032424,0.0035
1773036035,0.0035
1773039624,0.0035
1773043223,0.0035
1773046831,0.004
1773050425,0.0035
1773054022,0.0045
1773057630,0.005
1773061221,0.004
1773064822,0.004
1773068431,0.004
1773072021,0.004
1773075635,0.003
1773079233,0.0035
1773082827,0.0045
1773086426,0.004
1773090033,0.003
1773093625,0.003
1773097227,0.003
1773100838,0.003
1773104425,0.003
1773108026,0.003
1773111630,0.003
1773115231,0.003
1773118827,0.003
1773122432,0.003
1773126029,0.003
1773129626,0.0025
1773133243,0.0025
1773136840,0.0025
1773140427,0.0025
1773144043,0.0025
1773147632,0.0035
1773151231,0.0035
1773154843,0.0035
1773158435,0.004
1773162027,0.005
1773165639,0.004
1773169230,0.0035
1773172831,0.003
1773176440,0.003
1773180030,0.003
1773183630,0.003
1773187242,0.0045
1773190831,0.003
1773194431,0.004
1773198041,0.003
1773201631,0.0125
1773205231,0.0115
1773208840,0.006
1773212431,0.0035
1773216031,0.0035
1773219636,0.011
1773223236,0.0105
1773226832,0.0125
1773230453,0.004
1773234031,0.005
1773237631,0.0055
1773241252,0.004
1773244832,0.0135
1773248448,0.012
1773252039,0.0115
1773255632,0.011
1773259233,0.0095
1773262843,0.0095
1773266433,0.0095
1773270030,0.0095
1773273643,0.0085
1773277230,0.0085
1773280830,0.0085
1773284441,0.0085
1773288031,0.0085
1773291633,0.0075
1773295242,0.0065
1773298832,0.0065
1773302433,0.006
1773306038,0.006
1773309656,0.0065
1773313230,0.006
1773316853,0.006
1773320444,0.011
1773324035,0.0105
1773327643,0.0105
1773331233,0.0105
1773338448,0.011
1773342029,0.01
1773345634,0.0095
1773349242,0.0095
1773352832,0.0095
1773356435,0.0095
1773360059,0.0095
1773363633,0.0095
1773367233,0.0065
1773370840,0.0085
1773374433,0.009
1773378029,0.009
1773381642,0.009
1773385239,0.0095
1773388829,0.009
1773392442,0.009
1773396031,0.0095
1773399645,0.0085
1773403255,0.0085
1773406840,0.008
1773410447,0.008
1773414058,0.01
1773417648,0.0095
1773421236,0.0095
1773424854,0.0095
1773428448,0.0095
1773432036,0.01
1773439246,0.01
1773442833,0.01
1773446455,0.01
1773450035,0.0095
1773453634,0.0095
1773457255,0.0095
1773460833,0.0095
1773464434,0.0095
1773468054,0.0095
1773471634,0.0095
1773475236,0.0095
1773478853,0.0055
1773482434,0.0055
1773486037,0.0025
1773496838,0.0025
1773500456,0.003
1773504039,0.0025
1773511253,0.0025
1773514842,0.0025
1773518435,0.0035
1773522053,0.004
1773525643,0.006
1773529233,0.0105
1773536434,0.012
1773540037,0.013
1773543657,0.0115
1773547234,0.0125
1773550835,0.0135
1773554450,0.0135
1773558034,0.0135
1773561638,0.015
1773565252,0.0145
1773568846,0.015
1773572434,0.015
1773576055,0.015
1773579643,0.015
1773583246,0.015
1773590436,0.0145
1773597658,0.0135
1773601244,0.0135
1773604840,0.0135
1773608453,0.0145
1773612046,0.0145
1773615639,0.0145
1773622832,0.0155
1773626433,0.0155
1773630047,0.015
1773633640,0.0145
1773637232,0.0145
1773640859,0.0155
1773644431,0.0155
1773648033,0.0155
1773651637,0.0165
1773655234,0.011
1773658831,0.011
1773662438,0.011
1773666036,0.006
1773669643,0.0055
1773673240,0.0045
1773676835,0.0045
1773680435,0.0035
1773684039,0.004
1773687640,0.004
1773691235,0.004
1773694850,0.004
1773698437,0.004
1773702038,0.004
1773705645,0.004
1773709238,0.0045
1773712839,0.005
1773716442,0.005
1773720043,0.005
1773723653,0.005
1773727242,0.005
1773730849,0.005
1773734442,0.005
1773738046,0.005
1773741649,0.004
1773745238,0.004
1773748848,0.004
1773752439,0.004
1773756043,0.004
1773759649,0.004
1773763240,0.004
1773766841,0.0035
1773770447,0.0035
1773774042,0.0035
1773777643,0.0035
1773781248,0.0035
1773784816,0.0035
1773788438,0.0035
1773792047,0.0035
1773795639,0.004
1773799239,0.004
1773802844,0.004
1773806436,0.004
1773810041,0.004
1773813647,0.0045
1773817242,0.0045
1773820837,0.0035
1773824452,0.0035
1773828042,0.0025
1773831638,0.0025
1773838838,0.0025
1773842443,0.0025
1773849643,0.0025
1773853238,0.0025
1773860442,0.0025
1773864052,0.0025
1773867658,0.0025
1773871250,0.0025
1773874836,0.0025
1773882038,0.0025
1773885639,0.0025
1773889259,0.0025
1773892841,0.0025
1773896439,0.0025
1773903655,0.0035
1773907240,0.0035
1773914442,0.0025
1773921649,0.0025
1773925241,0.0025
1773928841,0.0025
1773932447,0.0025
1773936040,0.003
1773943248,0.003
1773946841,0.003
1773950444,0.003
1773954047,0.003
1773957643,0.003
1773961241,0.003
1773964851,0.003
1773968440,0.003
1773972055,0.003
1773979245,0.003
1773982843,0.003
1773986454,0.003
1773990042,0.003
1773993641,0.003
1773997248,0.003
1774004439,0.003
1774008047,0.003
1774011645,0.003
1774015244,0.0025
1774018848,0.003
1774022438,0.003
1774026039,0.003
1774029651,0.003
1774033240,0.003
1774036841,0.0035
1774044048,0.0035
1774047646,0.0035
1774051250,0.0035
1774054848,0.003
1774058454,0.003
1774062041,0.003
1774065643,0.003
1774069239,0.003
1774072848,0.003
1774076448,0.003
1774080039,0.003
1774083640,0.003
1774087237,0.003
1774090843,0.003
1774094443,0.0035
1774098043,0.0035
1774101650,0.0035
1774105256,0.0035
1774116047,0.0035
1774119642,0.0035
1774123241,0.003
1774126844,0.003
1774130443,0.003
1774134040,0.003
1774137648,0.003
1774141238,0.003
1774144834,0.0035
1774148437,0.0035
1774152034,0.003
1774155640,0.003
1774159239,0.003
1774162832,0.003
1774166434,0.003
1774170036,0.0035
1774173634,0.003
1774177231,0.003
1774180854,0.003
1774184450,0.0035
1774188035,0.0035
1774191636,0.0025
1774195237,0.0025
1774202439,0.0025
1774206035,0.0025
1774209634,0.0025
1774213238,0.0025
1774216836,0.0025
1774220437,0.0025
1774224041,0.0025
1774227633,0.0025
1774231235,0.0025
1774234841,0.0025
1774238431,0.0025
1774242040,0.0025
1774245641,0.003
1774249236,0.003
1774252840,0.003
1774256450,0.003
1774260035,0.003
1774263631,0.003
1774267239,0.0035
1774270841,0.0025
1774274434,0.0025
1774278034,0.0025
1774281634,0.0025
1774285255,0.0025
1774288835,0.0025
1774292451,0.0025
1774296037,0.0025
1774299641,0.0025
1774303234,0.0025
1774306835,0.0025
1774310436,0.0025
1774314029,0.0025
1774317632,0.0025
1774321234,0.0025
1774324834,0.0025
1774328434,0.003
1774332043,0.003
1774335631,0.003
1774339230,0.003
1774342836,0.003
1774346430,0.003
1774350057,0.003
1774353643,0.0025
1774357246,0.0025
1774360835,0.0025
1774364442,0.0025
1774368034,0.003
1774371637,0.0025
1774375246,0.0025
1774378836,0.0025
1774382439,0.0025
1774386056,0.0025
1774389633,0.0025
1774393237,0.0025
1774396847,0.0025
1774400435,0.0025
1774404037,0.0025
1774407640,0.0025
1774411239,0.0025
1774414838,0.0025
1774418445,0.0025
1774422036,0.0025
1774425634,0.0025
1774429243,0.0025
1774432840,0.0025
1774436442,0.003
1774440050,0.003
1774443640,0.003
1774447249,0.0035
1774450847,0.003
1774454440,0.003
1774458037,0.003
1774461647,0.003
1774465240,0.003
1774468840,0.003
1774472442,0.003
1774476037,0.003
1774479638,0.003
1774483251,0.003
1774486841,0.003
1774490438,0.0025
1774494047,0.003
1774497641,0.003
1774501237,0.003
1774504850,0.003
1774508451,0.0035
1774512044,0.0035
1774515642,0.0035
1774519245,0.003
1774522834,0.0025
1774530053,0.0035
1774533641,0.003
1774537247,0.003
1774540846,0.0025
1774548047,0.0025
1774551649,0.0025
1774555241,0.0025
1774558848,0.0025
1774562442,0.0025
1774566038,0.0025
1774569655,0.0025
1774573248,0.003
1774576848,0.0025
1774580453,0.0025
1774584043,0.003
1774587645,0.0025
1774591251,0.0035
1774594842,0.0035
1774598438,0.003
1774602048,0.003
1774605639,0.003
1774609243,0.003
1774612854,0.0025
1774616452,0.0025
1774620045,0.0025
1774623650,0.0025
1774627244,0.0025
1774634458,0.0025
1774638045,0.0025
1774641657,0.0025
1774645256,0.0025
1774648845,0.0025
1774652458,0.0025
1774659646,0.0025
1774663245,0.0025
1774666853,0.003
1774670445,0.003
1774674042,0.003
1774677658,0.003
1774681245,0.003
1774684847,0.003
1774688458,0.0035
1774692055,0.0025
1774695656,0.0025
1774713650,0.0025
1774724450,0.0025
1774728051,0.0025
1774731659,0.0025
1774735256,0.0025
1774738855,0.0025
1774746058,0.0025
1774756854,0.0025
1774771255,0.0025
1774800054,0.0025
1774810856,0.0025
1774814458,0.0025
1774864856,0.0005
1774933259,0.0005
1774976437,0.0005
1774987205,0.0005
1775005252,0.0005
1775008855,0.0005
1775019652,0.0005
1775023256,0.0005
1775030459,0.0005
1775034000,0.0005
1775037652,0.0005
1775041251,0.0005
1775048452,0.0005
1775052057,0.0005
1775077228,0.0005
1775080855,0.0005
1775095258,0.0005
1775102457,0.0005
1775106056,0.0005
1775113254,0.0005
1775116854,0.0005
1775120457,0.0005
1775124053,0.0005
1775127659,0.0005
1775142012,0.0005
1775145614,0.0005
1775149225,0.0005
1775156454,0.0005
1775160057,0.0005
1775170855,0.0005
1775178055,0.0005
1775181659,0.0005
1775188855,0.0005
1775192408,0.0005
1775199657,0.0005
1775203257,0.0005
1775210458,0.0005
1775214057,0.0005
1775232059,0.0005
1775235602,0.0005
1775239228,0.0005
1775242824,0.0005
1775250012,0.0005
1775311211,0.0005
1775322018,0.0005
1775329214,0.0005
1775347223,0.0005
1775350801,0.0005
