timestamp,price
1750698006,0.5
1750701606,0.25
1750705206,0.25
1750708806,0.2
1750712406,0.2
1750716007,0.2
1750719606,0.2
1750723207,0.2
1750726806,0.2
1750730407,0.2
1750734007,0.2
1750737607,0.2
1750741206,0.2
1750744806,0.205
1750748407,0.205
1750752007,0.205
1750755607,0.205
1750759206,0.205
1750762807,0.205
1750766406,0.205
1750770007,0.205
1750773607,0.205
1750777207,0.205
1750780806,0.205
1750784406,0.205
1750788007,0.205
1750791606,0.205
1750795206,0.205
1750798807,0.205
1750802407,0.205
1750806007,0.205
1750809607,0.175
1750813208,0.205
1750816808,0.205
1750820407,0.205
1750824007,0.205
1750827607,0.205
1750831207,0.205
1750834807,0.205
1750838408,0.205
1750842008,0.205
1750845608,0.205
1750849208,0.205
1750852808,0.205
1750856408,0.205
1750860008,0.205
1750863608,0.205
1750867207,0.2
1750870807,0.2
1750874407,0.2
1750878007,0.205
1750881608,0.205
1750885207,0.205
1750888808,0.2
1750892408,0.205
1750896008,0.205
1750899607,0.205
1750903207,0.205
1750906807,0.205
1750910408,0.205
1750914007,0.205
1750917607,0.205
1750921207,0.205
1750924807,0.2
1750928407,0.2
1750932007,0.2
1750935607,0.2
1750939207,0.2
1750942808,0.175
1750946407,0.2
1750950007,0.2
1750953608,0.205
1750957207,0.205
1750960807,0.205
1750964406,0.205
1750968008,0.205
1750971608,0.205
1750975208,0.205
1750978807,0.205
1750982407,0.205
1750986007,0.205
1750989608,0.205
1750993208,0.205
1750996807,0.205
1751000407,0.205
1751004007,0.205
1751007608,0.205
1751011207,0.205
1751014807,0.205
1751018407,0.205
1751022008,0.205
1751025608,0.205
1751029207,0.205
1751032808,0.205
1751036408,0.205
1751040008,0.205
1751043608,0.205
1751047208,0.205
1751050808,0.2
1751054408,0.2
1751058009,0.2
1751061607,0.2
1751065208,0.2
1751068807,0.2
1751072407,0.2
1751076008,0.2
1751079607,0.2
1751083208,0.2
1751086807,0.2
1751090407,0.2
1751094008,0.2
1751097607,0.2
1751101207,0.2
1751104807,0.2
1751108407,0.2
1751112007,0.2
1751115608,0.2
1751119207,0.2
1751122808,0.2
1751126408,0.2
1751130008,0.2
1751133608,0.2
1751137208,0.2
1751140807,0.2
1751144407,0.2
1751148008,0.2
1751151608,0.2
1751155208,0.2
1751158807,0.2
1751162407,0.2
1751166007,0.2
1751169608,0.2
1751173208,0.2
1751176807,0.2
1751180407,0.2
1751184007,0.2
1751187607,0.2
1751191206,0.2
1751194807,0.2
1751198407,0.2
1751202007,0.2
1751205607,0.2
1751209207,0.2
1751212807,0.2
1751216407,0.2
1751220007,0.2
1751223607,0.2
1751227207,0.2
1751230807,0.2
1751234407,0.2
1751238007,0.2
1751241607,0.2
1751245207,0.2
1751248807,0.2
1751252406,0.2
1751256007,0.2
1751259607,0.2
1751263207,0.2
1751266806,0.2
1751270407,0.2
1751274008,0.2
1751277607,0.2
1751281208,0.2
1751284807,0.2
1751288406,0.2
1751292007,0.2
1751295606,0.2
1751299207,0.2
1751302807,0.2
1751306407,0.2
1751310007,0.2
1751313607,0.2
1751317207,0.2
1751320807,0.2
1751324407,0.175
1751328008,0.175
1751331607,0.175
1751335207,0.175
1751338808,0.175
1751342407,0.175
1751346007,0.175
1751349607,0.175
1751353207,0.175
1751356807,0.17
1751360406,0.17
1751364007,0.17
1751367607,0.17
1751371207,0.14
1751374806,0.14
1751378407,0.14
1751382007,0.14
1751385606,0.14
1751389207,0.14
1751392807,0.14
1751396407,0.14
1751400008,0.14
1751403608,0.14
1751407208,0.14
1751410808,0.14
1751414407,0.14
1751418008,0.14
1751421607,0.14
1751425207,0.14
1751428808,0.14
1751432408,0.14
1751436007,0.14
1751439607,0.14
1751443207,0.14
1751446807,0.14
1751450408,0.14
1751454007,0.14
1751457607,0.14
1751461207,0.14
1751464807,0.14
1751468407,0.14
1751472008,0.14
1751475608,0.14
1751479207,0.14
1751482808,0.14
1751486408,0.14
1751490008,0.14
1751493607,0.1
1751497208,0.1
1751500808,0.1
1751504408,0.1
1751508007,0.1
1751511607,0.1
1751515208,0.1
1751518807,0.1
1751522408,0.1
1751526008,0.1
1751529608,0.1
1751533207,0.1
1751536808,0.1
1751540408,0.1
1751544008,0.1
1751547607,0.1
1751551207,0.1
1751554808,0.1
1751558407,0.1
1751562008,0.1
1751565608,0.1
1751569207,0.1
1751572809,0.1
1751576408,0.1
1751580008,0.1
1751583607,0.1
1751587208,0.1
1751590808,0.1
1751594407,0.1
1751598008,0.1
1751601608,0.1
1751605207,0.1
1751608807,0.1
1751612407,0.1
1751616007,0.1
1751619607,0.1
1751623207,0.1
1751626807,0.1
1751630407,0.1
1751634008,0.1
1751637608,0.1
1751641208,0.1
1751644807,0.1
1751648409,0.1
1751652008,0.1
1751655608,0.1
1751659208,0.1
1751662807,0.1
1751666408,0.1
1751670008,0.1
1751673608,0.1
1751677208,0.1
1751680808,0.1
1751684407,0.1
1751688008,0.1
1751691608,0.1
1751695208,0.1
1751698808,0.1
1751702408,0.1
1751706007,0.1
1751709608,0.1
1751713207,0.1
1751716808,0.1
1751720408,0.1
1751724008,0.1
1751727607,0.1
1751731207,0.1
1751734807,0.1
1751738407,0.1
1751742007,0.1
1751745608,0.1
1751749207,0.1
1751752808,0.1
1751756408,0.1
1751760007,0.1
1751763607,0.1
1751767208,0.1
1751770808,0.1
1751774407,0.1
1751778007,0.1
1751781607,0.1
1751785206,0.1
1751788807,0.1
1751792408,0.1
1751796007,0.1
1751799608,0.1
1751803207,0.1
1751806807,0.1
1751810408,0.1
1751814006,0.1
1751817607,0.1
1751821207,0.1
1751824808,0.1
1751828407,0.1
1751832008,0.1
1751835608,0.1
1751839208,0.1
1751842807,0.1
1751846407,0.1
1751850007,0.1
1751853606,0.1
1751857207,0.1
1751860807,0.1
1751864406,0.1
1751868006,0.1
1751871607,0.1
1751875206,0.1
1751878806,0.1
1751882407,0.1
1751886006,0.1
1751889607,0.1
1751893207,0.1
1751896807,0.1
1751900407,0.1
1751904007,0.1
1751907607,0.1
1751911207,0.1
1751914807,0.1
1751918407,0.1
1751922007,0.1
1751925608,0.1
1751929206,0.1
1751932808,0.1
1751936407,0.1
1751940007,0.1
1751943607,0.1
1751947208,0.1
1751950808,0.1
1751954408,0.1
1751958007,0.1
1751961607,0.1
1751965207,0.1
1751968807,0.1
1751972407,0.1
1751976007,0.1
1751979607,0.1
1751983208,0.1
1751986807,0.1
1751990407,0.1
1751994008,0.1
1751997607,0.1
1752001208,0.1
1752004807,0.1
1752008407,0.1
1752012007,0.1
1752015607,0.1
1752019207,0.1
1752022808,0.1
1752026407,0.1
1752030007,0.1
1752033608,0.1
1752037208,0.1
1752040808,0.1
1752044408,0.1
1752048008,0.1
1752051607,0.1
1752055207,0.1
1752058808,0.1
1752062408,0.1
1752066008,0.1
1752069607,0.1
1752073208,0.1
1752076809,0.1
1752080408,0.1
1752084007,0.1
1752087608,0.1
1752091207,0.1
1752094808,0.1
1752098408,0.1
1752102008,0.1
1752105608,0.1
1752109208,0.1
1752112808,0.1
1752116408,0.1
1752120009,0.1
1752123608,0.1
1752127208,0.1
1752130808,0.1
1752134407,0.1
1752138007,0.1
1752141608,0.1
1752145208,0.1
1752148808,0.1
1752152407,0.1
1752156008,0.1
1752159607,0.1
1752163207,0.1
1752166808,0.1
1752170408,0.1
1752174008,0.1
1752177609,0.1
1752181208,0.1
1752184807,0.1
1752188408,0.1
1752192008,0.1
1752195608,0.1
1752199208,0.1
1752202808,0.1
1752206408,0.1
1752210008,0.1
1752213608,0.1
1752217207,0.1
1752220808,0.1
1752224409,0.1
1752228008,0.1
1752231609,0.1
1752235209,0.1
1752238809,0.1
1752242408,0.1
1752246009,0.1
1752249608,0.1
1752253209,0.1
1752256808,0.1
1752260408,0.1
1752264009,0.1
1752267608,0.1
1752271208,0.1
1752274808,0.1
1752278409,0.1
1752282008,0.1
1752285608,0.1
1752289208,0.1
1752292809,0.1
1752296408,0.1
1752300008,0.1
1752303609,0.1
1752307208,0.1
1752310809,0.1
1752314408,0.1
1752318007,0.1
1752321608,0.1
1752325208,0.1
1752328809,0.1
1752332407,0.1
1752336009,0.1
1752339608,0.1
1752343208,0.1
1752346808,0.1
1752350407,0.1
1752354008,0.1
1752357608,0.1
1752361208,0.1
1752364808,0.1
1752368408,0.1
1752372008,0.1
1752375608,0.1
1752379208,0.1
1752382808,0.1
1752386407,0.1
1752390008,0.1
1752393608,0.1
1752397208,0.1
1752400808,0.1
1752404408,0.1
1752408007,0.1
1752411608,0.1
1752415207,0.1
1752418808,0.1
1752422408,0.1
1752426008,0.1
1752429608,0.1
1752433208,0.1
1752436808,0.1
1752440408,0.1
1752444006,0.1
1752447606,0.1
1752451207,0.1
1752454807,0.1
1752458407,0.1
1752462007,0.1
1752465608,0.1
1752469207,0.1
1752472807,0.1
1752476406,0.1
1752480007,0.1
1752483607,0.1
1752487207,0.1
1752490807,0.1
1752494407,0.1
1752498007,0.1
1752501608,0.1
1752505207,0.1
1752508807,0.1
1752512407,0.1
1752516007,0.1
1752519607,0.1
1752523207,0.1
1752526807,0.1
1752530407,0.1
1752534007,0.1
1752537608,0.1
1752541207,0.1
1752544807,0.1
1752548407,0.1
1752552007,0.1
1752555608,0.1
1752559208,0.1
1752562808,0.1
1752566407,0.095
1752570007,0.09
1752573606,0.095
1752577208,0.1
1752580808,0.095
1752584407,0.1
1752588008,0.095
1752591607,0.075
1752595207,0.07
1752598808,0.07
1752602408,0.07
1752606007,0.07
1752609608,0.065
1752613208,0.08
1752616808,0.07
1752620408,0.07
1752624008,0.07
1752627608,0.07
1752631208,0.07
1752634808,0.07
1752638408,0.07
1752642008,0.07
1752645607,0.07
1752649208,0.09
1752652808,0.085
1752656408,0.09
1752660008,0.095
1752663607,0.08
1752667208,0.07
1752670809,0.1
1752674407,0.085
1752678007,0.085
1752681608,0.09
1752685208,0.07
1752688807,0.09
1752692408,0.085
1752696008,0.075
1752699608,0.1
1752703208,0.1
1752706807,0.1
1752710408,0.1
1752714008,0.1
1752717608,0.1
1752721208,0.1
1752724808,0.1
1752728408,0.1
1752732008,0.1
1752735608,0.1
1752739208,0.1
1752742808,0.1
1752746408,0.1
1752750008,0.1
1752753607,0.1
1752757208,0.1
1752760807,0.1
1752764409,0.1
1752768008,0.1
1752771608,0.1
1752775208,0.1
1752778808,0.1
1752782408,0.1
1752786007,0.1
1752789608,0.1
1752793209,0.1
1752796808,0.1
1752800408,0.1
1752804008,0.1
1752807608,0.1
1752811207,0.1
1752814808,0.1
1752818407,0.1
1752822007,0.1
1752825607,0.1
1752829209,0.095
1752832808,0.1
1752836408,0.1
1752840008,0.095
1752843608,0.1
1752847208,0.1
1752850808,0.09
1752854408,0.1
1752858009,0.1
1752861608,0.1
1752865208,0.1
1752868808,0.1
1752872409,0.1
1752876009,0.1
1752879609,0.1
1752883209,0.1
1752886807,0.1
1752890408,0.1
1752894008,0.1
1752897607,0.1
1752901208,0.1
1752904808,0.1
1752908407,0.1
1752912008,0.1
1752915609,0.1
1752919208,0.1
1752922808,0.1
1752926408,0.1
1752930009,0.1
1752933608,0.1
1752937208,0.1
1752940808,0.1
1752944408,0.1
1752948007,0.1
1752951608,0.1
1752955209,0.1
1752958808,0.1
1752962408,0.1
1752966008,0.1
1752969608,0.1
1752973208,0.1
1752976808,0.1
1752980409,0.1
1752984008,0.1
1752987608,0.1
1752991208,0.1
1752994807,0.1
1752998408,0.1
1753002008,0.1
1753005607,0.1
1753009207,0.1
1753012808,0.1
1753016408,0.1
1753020007,0.1
1753023608,0.1
1753027207,0.1
1753030807,0.1
1753034408,0.1
1753038008,0.1
1753041607,0.1
1753045207,0.1
1753048807,0.1
1753052407,0.1
1753056007,0.1
1753059607,0.1
1753063208,0.1
1753066807,0.1
1753070408,0.1
1753074007,0.1
1753077608,0.1
1753081207,0.1
1753084807,0.1
1753088408,0.1
1753092007,0.09
1753095608,0.1
1753099207,0.1
1753102809,0.1
1753106408,0.1
1753110007,0.1
1753113608,0.1
1753117208,0.09
1753120808,0.1
1753124408,0.1
1753128008,0.1
1753131608,0.1
1753135209,0.1
1753138808,0.1
1753142409,0.1
1753146009,0.1
1753149609,0.095
1753153208,0.1
1753156809,0.1
1753160408,0.1
1753164008,0.1
1753167609,0.1
1753171208,0.095
1753174808,0.1
1753178408,0.095
1753182009,0.1
1753185609,0.1
1753189210,0.1
1753192810,0.1
1753196408,0.1
1753200008,0.095
1753203610,0.095
1753207209,0.095
1753210809,0.1
1753214409,0.1
1753218009,0.095
1753221609,0.095
1753225209,0.085
1753228809,0.095
1753232409,0.095
1753236009,0.095
1753239608,0.1
1753243209,0.09
1753246803,0.09
1753246824,0.09
1753250408,0.09
1753254008,0.095
1753257609,0.1
1753261209,0.1
1753264809,0.095
1753268408,0.1
1753272009,0.1
1753275608,0.1
1753279209,0.1
1753282809,0.1
1753286410,0.1
1753290009,0.1
1753293609,0.1
1753297208,0.1
1753300809,0.1
1753304409,0.1
1753308009,0.1
1753311609,0.095
1753315209,0.1
1753318808,0.095
1753322409,0.095
1753326009,0.095
1753329609,0.09
1753333209,0.095
1753336809,0.095
1753340409,0.1
1753344009,0.1
1753347610,0.095
1753351210,0.095
1753354810,0.095
1753358409,0.1
1753362008,0.1
1753365608,0.1
1753369209,0.1
1753372809,0.1
1753376409,0.1
1753380010,0.1
1753383609,0.1
1753387209,0.1
1753390808,0.1
1753394409,0.1
1753398009,0.1
1753401609,0.1
1753405209,0.1
1753408809,0.1
1753412409,0.1
1753416009,0.1
1753419609,0.1
1753423209,0.1
1753426808,0.1
1753430408,0.1
1753434009,0.1
1753437608,0.1
1753441209,0.1
1753444809,0.1
1753448409,0.1
1753452010,0.1
1753455609,0.1
1753459210,0.1
1753462809,0.1
1753466410,0.1
1753470009,0.1
1753473610,0.1
1753477210,0.1
1753480810,0.1
1753484409,0.1
1753488009,0.1
1753491610,0.1
1753495210,0.1
1753498810,0.1
1753502409,0.1
1753506009,0.1
1753509608,0.1
1753513209,0.1
1753516809,0.1
1753520409,0.1
1753524009,0.1
1753527609,0.1
1753531210,0.1
1753534810,0.1
1753538410,0.1
1753542009,0.1
1753545609,0.1
1753549209,0.1
1753552809,0.1
1753556409,0.1
1753560009,0.1
1753563608,0.1
1753567210,0.1
1753570809,0.1
1753574410,0.1
1753578009,0.1
1753581609,0.1
1753585209,0.1
1753588808,0.1
1753592407,0.1
1753596009,0.1
1753599609,0.1
1753603209,0.1
1753606808,0.1
1753610408,0.1
1753614008,0.1
1753617609,0.1
1753621208,0.1
1753624809,0.1
1753628409,0.1
1753632009,0.1
1753635608,0.1
1753639208,0.1
1753642808,0.1
1753646408,0.1
1753650008,0.1
1753653608,0.1
1753657208,0.1
1753660809,0.1
1753664408,0.1
1753668008,0.1
1753671607,0.1
1753675208,0.1
1753678808,0.1
1753682407,0.1
1753686007,0.1
1753689608,0.1
1753693208,0.1
1753696808,0.1
1753700408,0.1
1753704009,0.1
1753707609,0.1
1753711208,0.1
1753714808,0.1
1753718408,0.1
1753722008,0.1
1753725608,0.09
1753729209,0.09
1753732810,0.09
1753736409,0.09
1753740009,0.09
1753743610,0.09
1753747210,0.09
1753750808,0.09
1753754408,0.09
1753758009,0.09
1753761610,0.09
1753765209,0.09
1753768810,0.09
1753772409,0.09
1753776008,0.09
1753779609,0.09
1753783210,0.09
1753786808,0.09
1753790408,0.09
1753794010,0.09
1753797609,0.09
1753801209,0.09
1753804808,0.09
1753808409,0.09
1753812010,0.09
1753815609,0.09
1753819210,0.09
1753822809,0.09
1753826408,0.09
1753830010,0.09
1753833610,0.09
1753837209,0.09
1753840809,0.09
1753844410,0.09
1753848010,0.09
1753851610,0.09
1753855208,0.09
1753858808,0.09
1753862409,0.09
1753866010,0.09
1753869609,0.09
1753873210,0.09
1753876809,0.09
1753880408,0.09
1753884010,0.09
1753887609,0.09
1753891210,0.09
1753894809,0.09
1753898409,0.09
1753902009,0.09
1753905609,0.09
1753909210,0.09
1753912809,0.09
1753916409,0.09
1753920008,0.09
1753923610,0.09
1753927210,0.09
1753930808,0.09
1753934409,0.09
1753938010,0.09
1753941609,0.09
1753945210,0.09
1753948809,0.09
1753952409,0.09
1753956010,0.09
1753959608,0.09
1753963208,0.09
1753966810,0.09
1753970409,0.09
1753974009,0.09
1753977609,0.09
1753981208,0.09
1753984810,0.09
1753988409,0.09
1753992009,0.09
1753995610,0.09
1753999209,0.09
1754002809,0.09
1754006409,0.09
1754010009,0.09
1754013610,0.09
1754017208,0.09
1754020809,0.09
1754024408,0.09
1754028008,0.09
1754031608,0.09
1754035208,0.09
1754038808,0.09
1754042408,0.09
1754046009,0.09
1754049609,0.09
1754053209,0.09
1754056809,0.09
1754060409,0.09
1754064009,0.09
1754067609,0.09
1754071210,0.09
1754074808,0.09
1754078409,0.09
1754082009,0.09
1754085609,0.09
1754089210,0.09
1754092809,0.09
1754096409,0.09
1754100009,0.09
1754103609,0.09
1754107209,0.09
1754110809,0.09
1754114409,0.09
1754118009,0.09
1754121609,0.09
1754125209,0.09
1754128809,0.09
1754132409,0.09
1754136010,0.09
1754139609,0.09
1754143209,0.09
1754146810,0.09
1754150409,0.09
1754154010,0.09
1754157609,0.09
1754161208,0.09
1754164810,0.09
1754168409,0.09
1754172009,0.09
1754175609,0.09
1754179208,0.09
1754182809,0.09
1754186410,0.09
1754190009,0.09
1754193608,0.09
1754197208,0.09
1754200809,0.09
1754204409,0.09
1754208010,0.09
1754211609,0.09
1754215208,0.09
1754218809,0.09
1754222408,0.09
1754226009,0.09
1754229609,0.09
1754233209,0.09
1754236809,0.09
1754240409,0.09
1754244008,0.08
1754247609,0.08
1754251208,0.08
1754254808,0.08
1754258408,0.08
1754262008,0.08
1754265607,0.08
1754269208,0.08
1754272808,0.08
1754276408,0.08
1754280007,0.08
1754283608,0.08
1754287208,0.08
1754290807,0.08
1754294407,0.08
1754298008,0.08
1754301608,0.08
1754305208,0.08
1754308808,0.08
1754312408,0.08
1754316008,0.08
1754319608,0.08
1754323208,0.08
1754326808,0.08
1754330408,0.08
1754334008,0.08
1754337610,0.08
1754341209,0.08
1754344808,0.08
1754348410,0.08
1754352008,0.08
1754355608,0.08
1754359208,0.08
1754362808,0.08
1754366409,0.08
1754370009,0.08
1754373609,0.08
1754377210,0.08
1754380809,0.08
1754384410,0.08
1754388009,0.08
1754391609,0.08
1754395209,0.08
1754398809,0.08
1754402409,0.08
1754406009,0.08
1754409609,0.08
1754413209,0.08
1754416808,0.08
1754420409,0.08
1754424009,0.08
1754427610,0.08
1754431209,0.08
1754434808,0.08
1754438409,0.08
1754442009,0.08
1754445610,0.08
1754449209,0.08
1754452810,0.08
1754456410,0.08
1754460009,0.08
1754463609,0.08
1754467209,0.08
1754470809,0.08
1754474409,0.08
1754478009,0.08
1754481608,0.08
1754485209,0.08
1754488809,0.08
1754492410,0.08
1754496009,0.08
1754499608,0.08
1754503209,0.08
1754506806,0.08
1754510408,0.08
1754514012,0.08
1754517604,0.08
1754521203,0.08
1754524808,0.08
1754528407,0.08
1754532004,0.08
1754535607,0.08
1754539211,0.08
1754542812,0.08
1754546409,0.08
1754550012,0.08
1754553613,0.08
1754557205,0.08
1754560812,0.08
1754564402,0.08
1754568002,0.08
1754571607,0.08
1754575202,0.08
1754578805,0.08
1754582410,0.08
1754586017,0.08
1754589612,0.08
1754593211,0.08
1754596808,0.08
1754600417,0.08
1754604011,0.08
1754607609,0.08
1754611209,0.08
1754614808,0.08
1754618404,0.08
1754622015,0.08
1754625608,0.08
1754629208,0.08
1754632805,0.08
1754636404,0.08
1754640002,0.08
1754643604,0.08
1754647213,0.08
1754650815,0.08
1754654404,0.08
1754658002,0.08
1754661606,0.08
1754665214,0.08
1754668810,0.08
1754672415,0.08
1754676015,0.07
1754679617,0.07
1754683208,0.07
1754686818,0.07
1754690410,0.07
1754694002,0.07
1754697609,0.07
1754701206,0.07
1754704804,0.07
1754708415,0.07
1754712016,0.07
1754715612,0.07
1754719203,0.07
1754722812,0.07
1754726407,0.07
1754730014,0.07
1754733612,0.07
1754737206,0.07
1754740805,0.07
1754744412,0.07
1754748006,0.07
1754751615,0.07
1754755213,0.07
1754758816,0.07
1754762404,0.07
1754766017,0.07
1754769612,0.07
1754773202,0.07
1754776812,0.07
1754780406,0.07
1754784008,0.07
1754787609,0.07
1754791203,0.07
1754794808,0.07
1754798407,0.07
1754802005,0.07
1754805612,0.07
1754809205,0.07
1754812804,0.07
1754816411,0.07
1754820010,0.07
1754823611,0.07
1754827215,0.07
1754830816,0.07
1754834404,0.07
1754838016,0.08
1754841602,0.08
1754845203,0.08
1754848807,0.08
1754852405,0.08
1754856016,0.08
1754859616,0.08
1754863206,0.08
1754866810,0.08
1754870413,0.08
1754874005,0.08
1754877603,0.08
1754881204,0.08
1754884804,0.08
1754888410,0.08
1754892015,0.08
1754895606,0.08
1754899204,0.08
1754902818,0.08
1754906407,0.08
1754910008,0.08
1754913602,0.08
1754917204,0.08
1754920814,0.08
1754924415,0.08
1754928004,0.08
1754931608,0.08
1754935212,0.08
1754938806,0.08
1754942408,0.08
1754946012,0.08
1754949607,0.08
1754953212,0.08
1754956806,0.08
1754960406,0.08
1754964004,0.08
1754967612,0.08
1754971213,0.08
1754974802,0.08
1754978416,0.08
1754982014,0.08
1754985609,0.08
1754989218,0.08
1754992802,0.08
1754996404,0.08
1755000010,0.08
1755003608,0.08
1755007203,0.08
1755010806,0.08
1755014411,0.08
1755018009,0.08
1755021615,0.08
1755025211,0.08
1755028808,0.08
1755032415,0.08
1755036012,0.08
1755039605,0.08
1755043203,0.08
1755046810,0.08
1755050410,0.08
1755054011,0.08
1755057613,0.08
1755061211,0.08
1755064808,0.08
1755068409,0.08
1755072003,0.08
1755075616,0.08
1755079204,0.08
1755082806,0.08
1755086416,0.08
1755090019,0.08
1755093607,0.08
1755097209,0.08
1755100809,0.08
1755104403,0.08
1755108010,0.08
1755111612,0.08
1755115202,0.08
1755118816,0.08
1755122402,0.08
1755126006,0.08
1755129606,0.08
1755133205,0.08
1755136805,0.08
1755140416,0.08
1755144004,0.08
1755147613,0.08
1755151203,0.08
1755154812,0.08
1755158407,0.08
1755162008,0.08
1755165607,0.08
1755169205,0.08
1755172813,0.08
1755176414,0.08
1755180010,0.08
1755183613,0.08
1755187202,0.08
1755190802,0.08
1755194418,0.08
1755198010,0.08
1755201605,0.08
1755205214,0.08
1755208806,0.08
1755212411,0.08
1755216006,0.08
1755219606,0.08
1755223207,0.08
1755226812,0.08
1755230408,0.08
1755234008,0.08
1755237609,0.08
1755241207,0.08
1755244815,0.08
1755248414,0.08
1755252004,0.08
1755255616,0.08
1755259209,0.08
1755262814,0.08
1755266416,0.08
1755270006,0.08
1755273615,0.08
1755277211,0.08
1755280815,0.08
1755284414,0.08
1755288012,0.08
1755291602,0.08
1755295206,0.06
1755298812,0.035
1755302410,0.0195
1755306008,0.0185
1755309608,0.0175
1755313213,0.075
1755316806,0.0695
1755320406,0.055
1755324014,0.045
1755327611,0.0435
1755331212,0.0425
1755334802,0.039
1755338406,0.038
1755342011,0.034
1755345611,0.033
1755349208,0.0295
1755352815,0.0285
1755356413,0.085
1755360002,0.0845
1755363609,0.0845
1755367209,0.0845
1755370817,0.0845
1755374402,0.085
1755378011,0.085
1755381610,0.085
1755385216,0.085
1755388810,0.085
1755392406,0.085
1755396003,0.085
1755399606,0.085
1755403203,0.085
1755406811,0.085
1755410403,0.085
1755414018,0.085
1755417609,0.085
1755421204,0.085
1755424803,0.085
1755428407,0.085
1755432002,0.085
1755435606,0.085
1755439212,0.0845
1755442813,0.0845
1755446406,0.0845
1755450002,0.0845
1755453611,0.0845
1755457212,0.0845
1755460810,0.0845
1755464404,0.085
1755468017,0.083
1755471606,0.0795
1755475205,0.075
1755478810,0.08
1755482410,0.075
1755486013,0.083
1755489603,0.078
1755493210,0.0835
1755496804,0.078
1755500404,0.083
1755504004,0.08
1755507615,0.0845
1755511209,0.0845
1755514810,0.0845
1755518416,0.0815
1755522010,0.0825
1755525610,0.08
1755529214,0.077
1755532804,0.0845
1755536416,0.0825
1755540016,0.0795
1755543612,0.0785
1755547217,0.0765
1755550816,0.0775
1755554414,0.0795
1755558013,0.08
1755561608,0.0795
1755565203,0.08
1755568815,0.08
1755572404,0.08
1755576006,0.0785
1755579608,0.077
1755583212,0.0755
1755586804,0.0795
1755590416,0.08
1755594010,0.0785
1755597617,0.0795
1755601208,0.0795
1755604802,0.0795
1755608418,0.079
1755612007,0.079
1755615606,0.08
1755619216,0.08
1755622807,0.0795
1755626404,0.0795
1755630003,0.0795
1755633610,0.079
1755637215,0.079
1755640803,0.079
1755644407,0.079
1755648007,0.08
1755651608,0.08
1755655205,0.08
1755658805,0.08
1755662405,0.08
1755666013,0.08
1755669613,0.08
1755673205,0.08
1755676810,0.08
1755680404,0.08
1755684011,0.08
1755687612,0.08
1755691211,0.08
1755694803,0.0795
1755698412,0.0795
1755702006,0.0795
1755705605,0.0795
1755709210,0.0795
1755712811,0.08
1755716412,0.08
1755720011,0.078
1755723606,0.076
1755727215,0.074
1755730813,0.072
1755734404,0.07
1755738009,0.071
1755741607,0.0685
1755745208,0.0665
1755748808,0.0645
1755752414,0.0625
1755756016,0.063
1755759609,0.061
1755763210,0.059
1755766814,0.0595
1755770411,0.058
1755774009,0.0555
1755777617,0.0535
1755781204,0.0525
1755784814,0.0785
1755788412,0.076
1755792005,0.0745
1755795611,0.0795
1755799210,0.0795
1755802809,0.0795
1755806405,0.08
1755810007,0.0795
1755813602,0.079
1755817202,0.0795
1755820802,0.08
1755824406,0.08
1755828011,0.08
1755831615,0.08
1755835205,0.08
1755838811,0.08
1755842411,0.08
1755846002,0.08
1755849608,0.08
1755853210,0.08
1755856809,0.08
1755860407,0.079
1755864016,0.079
1755867617,0.079
1755871210,0.08
1755874807,0.08
1755878419,0.079
1755882009,0.08
1755885615,0.079
1755889213,0.08
1755892812,0.08
1755896421,0.08
1755900011,0.08
1755903605,0.08
1755907216,0.08
1755910802,0.08
1755914412,0.08
1755918017,0.08
1755921618,0.08
1755925204,0.08
1755928809,0.08
1755932410,0.08
1755936009,0.08
1755939615,0.08
1755943219,0.08
1755946812,0.08
1755950422,0.08
1755954016,0.08
1755957602,0.08
1755961206,0.08
1755964803,0.08
1755968405,0.08
1755972010,0.08
1755975612,0.08
1755979218,0.08
1755982810,0.08
1755986406,0.08
1755990008,0.08
1755993609,0.08
1755997206,0.0785
1756000806,0.0785
1756004402,0.0785
1756008003,0.0785
1756011607,0.0785
1756015213,0.0785
1756018816,0.0785
1756022406,0.0785
1756026012,0.0785
1756029602,0.0785
1756033210,0.0785
1756036807,0.0785
1756040414,0.0785
1756044010,0.0785
1756047604,0.0785
1756051216,0.0785
1756054815,0.0785
1756058406,0.0785
1756062002,0.0785
1756065614,0.0785
1756069218,0.0785
1756072814,0.0785
1756076407,0.0785
1756080012,0.0785
1756083602,0.0785
1756087207,0.0785
1756090815,0.0785
1756094409,0.0785
1756098008,0.0785
1756101608,0.0785
1756105215,0.0785
1756108814,0.0785
1756112409,0.0785
1756116010,0.0785
1756119606,0.0785
1756123215,0.0785
1756126806,0.0785
1756130409,0.0785
1756134014,0.0785
1756137611,0.0785
1756141209,0.0785
1756144802,0.0785
1756148417,0.0785
1756152010,0.0785
1756155609,0.0785
1756159214,0.0785
1756162802,0.0785
1756166409,0.0785
1756170009,0.0785
1756173603,0.0785
1756177215,0.0785
1756177224,0.0785
1756180807,0.0785
1756184404,0.0785
1756188010,0.0785
1756191609,0.0785
1756195210,0.0785
1756198815,0.0785
1756202404,0.0785
1756206009,0.0785
1756209605,0.0785
1756213207,0.0785
1756216815,0.0785
1756220413,0.0785
1756224006,0.0785
1756227608,0.0785
1756231213,0.0785
1756234815,0.0785
1756238406,0.0785
1756242012,0.0785
1756245610,0.0785
1756249202,0.0785
1756252806,0.0785
1756256409,0.0785
1756260009,0.0785
1756263615,0.0785
1756267203,0.0785
1756270813,0.0785
1756274410,0.0785
1756278016,0.0785
1756281608,0.0785
1756285205,0.0785
1756288815,0.0785
1756292403,0.0785
1756296010,0.0785
1756299605,0.0785
1756303220,0.0785
1756306809,0.0785
1756310408,0.0785
1756314007,0.0785
1756317610,0.0785
1756321204,0.076
1756324808,0.0485
1756328404,0.0445
1756332013,0.042
1756335614,0.0455
1756339202,0.043
1756342807,0.04
1756346409,0.0425
1756350009,0.0485
1756353616,0.0455
1756357207,0.043
1756360819,0.0405
1756364410,0.045
1756368004,0.042
1756371610,0.047
1756375209,0.0435
1756378802,0.0405
1756382414,0.046
1756386008,0.043
1756389606,0.0405
1756393206,0.0445
1756396808,0.042
1756400405,0.048
1756404003,0.044
1756407617,0.0415
1756411208,0.0485
1756414806,0.044
1756418411,0.041
1756422008,0.046
1756425608,0.043
1756429214,0.0405
1756432809,0.044
1756436419,0.042
1756440016,0.046
1756443607,0.043
1756447213,0.0405
1756450815,0.0445
1756454421,0.0415
1756458004,0.045
1756461609,0.042
1756465207,0.047
1756468814,0.0435
1756472416,0.0405
1756476008,0.0455
1756479618,0.048
1756483203,0.0455
1756486806,0.043
1756490417,0.04
1756494014,0.0395
1756497619,0.0385
1756501209,0.0385
1756504812,0.0455
1756508421,0.0425
1756512013,0.04
1756515611,0.04
1756519215,0.04
1756522811,0.04
1756526415,0.04
1756530012,0.04
1756533611,0.04
1756537222,0.04
1756540809,0.04
1756544419,0.0445
1756548015,0.042
1756551617,0.0405
1756555221,0.044
1756558818,0.0465
1756562408,0.044
1756566019,0.041
1756569618,0.045
1756573217,0.0435
1756576806,0.04
1756580411,0.0445
1756584010,0.041
1756587618,0.0455
1756591212,0.0435
1756594819,0.045
1756598404,0.0455
1756602002,0.0455
1756605606,0.045
1756609207,0.046
1756612812,0.0455
1756616408,0.0465
1756620002,0.045
1756623611,0.0455
1756627218,0.045
1756630827,0.0455
1756634407,0.045
1756638023,0.045
1756641630,0.045
1756645218,0.046
1756648804,0.045
1756652407,0.045
1756656015,0.045
1756659623,0.046
1756663215,0.046
1756666802,0.046
1756670417,0.046
1756674002,0.0435
1756677623,0.048
1756681215,0.045
1756684812,0.042
1756688406,0.047
1756692015,0.0435
1756695606,0.0405
1756699211,0.0445
1756702802,0.0415
1756706418,0.0475
1756710009,0.0435
1756713604,0.041
1756717212,0.044
1756720816,0.0415
1756724416,0.0455
1756728015,0.0465
1756731616,0.043
1756735215,0.048
1756738810,0.045
1756742407,0.042
1756746022,0.0445
1756749615,0.04
1756753211,0.04
1756756808,0.04
1756760410,0.0395
1756764012,0.0395
1756767617,0.0395
1756771213,0.0395
1756774810,0.0395
1756778410,0.0395
1756782004,0.0395
1756785606,0.0395
1756789215,0.0395
1756792815,0.0395
1756796419,0.0395
1756800011,0.0395
1756803625,0.0395
1756807207,0.0395
1756810816,0.0395
1756814417,0.0395
1756818012,0.0395
1756821622,0.0395
1756825224,0.04
1756828817,0.04
1756832412,0.04
1756836014,0.04
1756839608,0.04
1756843211,0.04
1756846822,0.04
1756850407,0.04
1756854010,0.0395
1756857607,0.0395
1756861205,0.0395
1756864811,0.0395
1756868413,0.0395
1756872006,0.0395
1756875620,0.0395
1756879221,0.0395
1756882806,0.0395
1756886410,0.0395
1756890013,0.0395
1756893613,0.0395
1756897210,0.0395
1756900822,0.0395
1756904414,0.0395
1756908011,0.039
1756911619,0.039
1756915217,0.039
1756918805,0.039
1756922417,0.039
1756926012,0.039
1756929605,0.039
1756933220,0.039
1756936805,0.039
1756940409,0.039
1756944010,0.039
1756947610,0.039
1756951215,0.039
1756954809,0.039
1756958408,0.038
1756962006,0.036
1756965602,0.0365
1756969206,0.0365
1756972807,0.0355
1756976418,0.036
1756980009,0.0365
1756983609,0.036
1756987220,0.035
1756990804,0.0355
1756994409,0.0385
1756998010,0.036
1757001613,0.034
1757005211,0.034
1757008818,0.034
1757012403,0.034
1757016005,0.034
1757019610,0.034
1757023221,0.034
1757026804,0.034
1757030410,0.034
1757034002,0.034
1757037605,0.034
1757041205,0.034
1757044817,0.034
1757048407,0.034
1757052012,0.034
1757055618,0.034
1757059206,0.034
1757062803,0.034
1757066413,0.034
1757070002,0.034
1757073606,0.034
1757077205,0.034
1757080817,0.034
1757084403,0.034
1757088008,0.034
1757091618,0.034
1757095222,0.034
1757098805,0.034
1757102416,0.034
1757106009,0.034
1757109611,0.034
1757113220,0.034
1757116818,0.029
1757120413,0.024
1757124019,0.032
1757127617,0.0265
1757131204,0.02
1757134816,0.032
1757138415,0.028
1757142022,0.0235
1757145616,0.0295
1757149221,0.0255
1757152820,0.0225
1757156408,0.027
1757160011,0.024
1757163606,0.031
1757167217,0.0265
1757170814,0.0235
1757174404,0.0275
1757178008,0.0245
1757181609,0.0285
1757185217,0.0255
1757188819,0.0225
1757192426,0.028
1757196005,0.025
1757199614,0.022
1757203206,0.026
1757206810,0.022
1757210412,0.026
1757214022,0.0225
1757217618,0.0305
1757221207,0.0255
1757224812,0.022
1757228402,0.032
1757232023,0.0265
1757235602,0.022
1757239221,0.0195
1757242810,0.0255
1757246411,0.0305
1757250007,0.0275
1757253606,0.0245
1757257209,0.0285
1757260806,0.026
1757264416,0.032
1757268021,0.0285
1757271610,0.026
1757275205,0.029
1757278805,0.026
1757282419,0.031
1757286009,0.02
1757289617,0.0185
1757293202,0.019
1757296807,0.029
1757300420,0.026
1757304006,0.0295
1757307612,0.0265
1757311221,0.031
1757314802,0.029
1757318418,0.0255
1757322020,0.03
1757325612,0.027
1757329219,0.016
1757332826,0.0275
1757336406,0.025
1757340021,0.0305
1757343616,0.0285
1757347210,0.0255
1757350810,0.0295
1757354414,0.0265
1757358011,0.0245
1757361605,0.028
1757365224,0.0225
1757368816,0.028
1757372402,0.0325
1757376012,0.0325
1757379605,0.0325
1757383202,0.0325
1757386813,0.0325
1757390404,0.0325
1757394006,0.0325
1757397618,0.0325
1757401222,0.0325
1757404804,0.0325
1757408412,0.0325
1757412007,0.031
1757415605,0.0295
1757419212,0.0295
1757422821,0.0295
1757426404,0.0295
1757430018,0.0295
1757433616,0.0295
1757437212,0.0295
1757440825,0.0295
1757444402,0.0295
1757448016,0.0295
1757451614,0.0295
1757455207,0.0295
1757458813,0.028
1757462402,0.032
1757466008,0.0305
1757469616,0.0315
1757473209,0.0305
1757476819,0.0305
1757480402,0.0305
1757484015,0.0305
1757487607,0.0315
1757491219,0.032
1757494806,0.032
1757498408,0.03
1757502009,0.03
1757505603,0.03
1757509206,0.03
1757512809,0.03
1757516403,0.03
1757520012,0.03
1757523620,0.03
1757527212,0.03
1757530814,0.03
1757534419,0.03
1757538013,0.03
1757541603,0.03
1757545205,0.03
1757548812,0.03
1757552406,0.03
1757556005,0.03
1757559620,0.03
1757563203,0.03
1757566813,0.03
1757570407,0.03
1757574014,0.03
1757577602,0.03
1757581228,0.03
1757584811,0.0315
1757588413,0.031
1757592023,0.031
1757595617,0.031
1757599222,0.031
1757602816,0.031
1757606417,0.0305
1757610011,0.032
1757613603,0.032
1757617218,0.032
1757620806,0.032
1757624407,0.032
1757628020,0.032
1757631609,0.032
1757635211,0.0315
1757638817,0.0315
1757642405,0.0315
1757646012,0.0315
1757649622,0.0315
1757653219,0.0315
1757656812,0.0315
1757660414,0.0315
1757664019,0.0315
1757667608,0.0315
1757671227,0.0315
1757674814,0.0305
1757678411,0.0305
1757682016,0.0305
1757685622,0.031
1757689211,0.031
1757692810,0.031
1757696409,0.031
1757700029,0.031
1757703609,0.031
1757707202,0.031
1757710826,0.031
1757714411,0.031
1757718005,0.031
1757721613,0.031
1757725205,0.031
1757728805,0.031
1757732407,0.03
1757736018,0.03
1757739604,0.03
1757743221,0.03
1757746809,0.03
1757750418,0.03
1757754027,0.03
1757757608,0.0315
1757761212,0.0315
1757764810,0.0315
1757768410,0.0315
1757772017,0.0315
1757775613,0.0315
1757779222,0.0315
1757782826,0.0315
1757786405,0.0315
1757790013,0.0315
1757793610,0.032
1757797218,0.027
1757800802,0.028
1757804406,0.028
1757808022,0.028
1757811612,0.028
1757815218,0.028
1757818808,0.028
1757822404,0.028
1757826009,0.028
1757829607,0.028
1757833205,0.028
1757836817,0.028
1757840419,0.028
1757844002,0.028
1757847615,0.028
1757851226,0.028
1757854821,0.028
1757858411,0.028
1757862007,0.029
1757865613,0.027
1757869212,0.025
1757872818,0.0255
1757876404,0.023
1757880002,0.0105
1757883615,0.0105
1757887218,0.0105
1757890809,0.0105
1757894413,0.0105
1757898013,0.0105
1757901607,0.0105
1757905225,0.0105
1757908803,0.0105
1757912402,0.0105
1757916004,0.0105
1757919606,0.0105
1757923209,0.0105
1757926813,0.0105
1757930418,0.0105
1757934010,0.0105
1757937625,0.0105
1757941219,0.0105
1757944820,0.0105
1757948412,0.0105
1757952002,0.0105
1757955602,0.0105
1757959217,0.0105
1757962818,0.0105
1757966410,0.0105
1757970011,0.0105
1757973617,0.0105
1757977211,0.0105
1757980817,0.0105
1757984414,0.01
1757988020,0.01
1757991604,0.01
1757995204,0.01
1757998823,0.01
1758002421,0.01
1758006010,0.01
1758009607,0.01
1758013208,0.01
1758016830,0.01
1758020428,0.01
1758024031,0.01
1758027602,0.01
1758031223,0.01
1758034825,0.01
1758038407,0.01
1758042005,0.01
1758045627,0.01
1758049212,0.01
1758052820,0.01
1758056402,0.01
1758060017,0.01
1758063617,0.01
1758067204,0.01
1758070813,0.01
1758074410,0.01
1758078030,0.01
1758081605,0.01
1758085214,0.01
1758088807,0.01
1758092413,0.01
1758096014,0.01
1758099625,0.01
1758103214,0.01
1758106809,0.01
1758110419,0.01
1758114013,0.01
1758117615,0.01
1758121215,0.01
1758124820,0.01
1758128414,0.01
1758135610,0.01
1758139220,0.01
1758142827,0.01
1758146418,0.01
1758150015,0.01
1758153612,0.01
1758157210,0.01
1758160804,0.01
1758164408,0.01
1758168011,0.01
1758171607,0.01
1758175210,0.01
1758178809,0.01
1758182419,0.01
1758186015,0.01
1758189617,0.01
1758193206,0.01
1758196816,0.01
1758200415,0.01
1758204014,0.01
1758207621,0.01
1758211204,0.01
1758214806,0.01
1758218407,0.01
1758222014,0.01
1758225620,0.01
1758229207,0.01
1758232806,0.01
1758236413,0.01
1758240019,0.01
1758243612,0.01
1758247207,0.01
1758250814,0.01
1758254417,0.01
1758258017,0.01
1758261618,0.01
1758265211,0.01
1758268818,0.01
1758272414,0.01
1758276023,0.01
1758279606,0.01
1758283217,0.01
1758286821,0.01
1758290402,0.01
1758294016,0.01
1758297625,0.01
1758301217,0.01
1758304822,0.01
1758308425,0.01
1758312008,0.01
1758315618,0.01
1758319210,0.01
1758322822,0.01
1758326408,0.01
1758330013,0.01
1758333602,0.01
1758337209,0.01
1758340807,0.01
1758344404,0.01
1758348024,0.01
1758351603,0.01
1758355207,0.01
1758358804,0.01
1758362425,0.01
1758366010,0.01
1758369633,0.01
1758373216,0.0075
1758376816,0.0075
1758380404,0.0075
1758384004,0.0075
1758387604,0.0075
1758391215,0.0075
1758394812,0.0075
1758398422,0.0075
1758402023,0.0075
1758405622,0.0075
1758409203,0.0065
1758412808,0.0065
1758416406,0.0065
1758420012,0.0065
1758423612,0.0065
1758427210,0.0065
1758430809,0.0065
1758434402,0.0065
1758438020,0.007
1758441620,0.007
1758445210,0.007
1758448809,0.007
1758452407,0.007
1758456022,0.007
1758459614,0.007
1758463204,0.007
1758466820,0.007
1758470405,0.007
1758474017,0.007
1758477603,0.007
1758481206,0.007
1758484805,0.007
1758488405,0.007
1758492008,0.007
1758495604,0.007
1758499217,0.007
1758502806,0.007
1758506418,0.007
1758510015,0.007
1758513602,0.007
1758517211,0.007
1758520824,0.007
1758524402,0.007
1758528016,0.007
1758531619,0.007
1758535225,0.007
1758538804,0.007
1758542406,0.007
1758546013,0.007
1758549619,0.007
1758553213,0.007
1758556805,0.007
1758560419,0.007
1758564014,0.007
1758567618,0.007
1758571207,0.007
1758574823,0.007
1758578419,0.007
1758582008,0.007
1758585605,0.007
1758589205,0.007
1758592806,0.007
1758596417,0.007
1758600023,0.007
1758603614,0.007
1758607212,0.007
1758610822,0.007
1758614402,0.007
1758618008,0.007
1758621606,0.007
1758625204,0.007
1758628817,0.007
1758632423,0.007
1758636012,0.007
1758639612,0.007
1758643202,0.007
1758646821,0.007
1758650406,0.007
1758654019,0.007
1758657612,0.007
1758661219,0.007
1758664819,0.007
1758668411,0.007
1758672010,0.007
1758675613,0.007
1758679211,0.007
1758682802,0.007
1758686419,0.0075
1758690023,0.0075
1758693613,0.0075
1758697213,0.0075
1758700820,0.0075
1758704406,0.0075
1758708006,0.0075
1758711606,0.0075
1758715213,0.0075
1758718807,0.0075
1758722402,0.0075
1758726002,0.0075
1758729612,0.0075
1758733212,0.0075
1758736814,0.0075
1758740404,0.0075
1758744011,0.0075
1758747613,0.0075
1758751212,0.0075
1758754807,0.0075
1758758406,0.0075
1758762005,0.0075
1758765606,0.0075
1758769203,0.008
1758772809,0.008
1758776403,0.008
1758780009,0.008
1758783606,0.008
1758787202,0.008
1758790808,0.008
1758794408,0.008
1758798015,0.008
1758801617,0.008
1758805206,0.008
1758808807,0.008
1758812402,0.008
1758816010,0.008
1758819607,0.008
1758823204,0.008
1758826813,0.008
1758830411,0.008
1758834007,0.008
1758837609,0.008
1758841215,0.008
1758844811,0.008
1758848411,0.008
1758852011,0.008
1758855615,0.008
1758859211,0.008
1758862810,0.008
1758866415,0.008
1758870006,0.008
1758873615,0.008
1758877209,0.008
1758880815,0.008
1758884406,0.0075
1758888012,0.0075
1758891614,0.0075
1758895212,0.0075
1758898812,0.0075
1758902409,0.0075
1758906008,0.0075
1758909613,0.0075
1758913205,0.0075
1758916814,0.0075
1758920415,0.0075
1758924010,0.0075
1758927612,0.0075
1758931208,0.0075
1758934806,0.0075
1758938404,0.0075
1758942012,0.0075
1758945608,0.0075
1758949207,0.0075
1758952806,0.0075
1758956403,0.0075
1758960014,0.0075
1758963609,0.0075
1758967216,0.0075
1758970807,0.0075
1758974414,0.0075
1758978005,0.0075
1758981616,0.0075
1758985202,0.0075
1758988804,0.0075
1758992409,0.0075
1758996016,0.0075
1758999607,0.0075
1759003207,0.0075
1759006804,0.0075
1759010409,0.0075
1759014006,0.0075
1759017612,0.0075
1759021202,0.0075
1759024812,0.0075
1759028412,0.0075
1759032004,0.0075
1759035615,0.0075
1759039217,0.0075
1759042814,0.0075
1759046407,0.0075
1759050005,0.0075
1759053611,0.0075
1759057208,0.0075
1759060804,0.0075
1759064416,0.0075
1759068013,0.0075
1759071612,0.0075
1759075207,0.0075
1759078807,0.0075
1759082407,0.0075
1759086005,0.0075
1759089608,0.0075
1759093213,0.0075
1759096809,0.0075
1759100415,0.0075
1759104006,0.0075
1759107609,0.0075
1759111210,0.0075
1759114808,0.0075
1759118412,0.0075
1759122007,0.0075
1759125613,0.0075
1759129207,0.0075
1759132802,0.0075
1759136408,0.0075
1759140008,0.0075
1759143602,0.0075
1759147217,0.0075
1759150804,0.0075
1759154407,0.0075
1759158005,0.0075
1759161609,0.0075
1759165207,0.0075
1759168808,0.0075
1759172405,0.0075
1759176012,0.0075
1759179609,0.0075
1759183205,0.0075
1759186813,0.0075
1759190410,0.0075
1759194007,0.0075
1759197611,0.0075
1759201203,0.0075
1759204811,0.0075
1759208403,0.0075
1759212012,0.0075
1759215614,0.0075
1759219213,0.0075
1759222804,0.0075
1759226402,0.0075
1759230002,0.0075
1759233616,0.0075
1759237212,0.0075
1759240807,0.0075
1759244404,0.0075
1759248011,0.0075
1759251605,0.0075
1759255214,0.0075
1759258806,0.0075
1759262412,0.0075
1759266006,0.0075
1759269609,0.0075
1759273204,0.0075
1759276808,0.0075
1759280405,0.0075
1759284008,0.0075
1759287610,0.0075
1759291204,0.0075
1759294807,0.0075
1759298403,0.0075
1759302002,0.0075
1759305607,0.0075
1759309207,0.0075
1759312807,0.0075
1759316405,0.0075
1759320004,0.0075
1759323603,0.0075
1759327205,0.0075
1759330802,0.0075
1759334413,0.0075
1759338007,0.0075
1759341602,0.0075
1759345205,0.0075
1759348807,0.0075
1759352407,0.0075
1759356005,0.0075
1759359605,0.0075
1759363202,0.0075
1759366811,0.0075
1759370402,0.0075
1759374005,0.0075
1759377608,0.0075
1759381206,0.0075
1759384809,0.0075
1759388408,0.0075
1759392010,0.0075
1759395612,0.0075
1759399205,0.0075
1759402803,0.0075
1759406407,0.0075
1759410010,0.0075
1759413604,0.0075
1759417215,0.0075
1759420813,0.0075
1759424403,0.0075
1759428010,0.0075
1759431607,0.0075
1759435211,0.0075
1759438808,0.0075
1759442406,0.0075
1759446010,0.0075
1759449610,0.0075
1759453203,0.0075
1759456810,0.0075
1759460406,0.0075
1759464015,0.0075
1759467608,0.0075
1759471207,0.0075
1759474813,0.0075
1759478407,0.0075
1759482007,0.0075
1759485608,0.0075
1759489206,0.0075
1759492806,0.0075
1759496408,0.0075
1759500008,0.0075
1759503608,0.0075
1759507202,0.0075
1759510809,0.0075
1759514405,0.0075
1759518006,0.0075
1759521607,0.0075
1759525204,0.0075
1759528802,0.0075
1759532403,0.0075
1759536004,0.0075
1759539604,0.0075
1759543203,0.0075
1759546803,0.0075
1759550408,0.0075
1759554008,0.0075
1759557610,0.0075
1759561204,0.0075
1759564804,0.0075
1759568409,0.0075
1759572007,0.0075
1759575605,0.0075
1759579209,0.0075
1759582806,0.008
1759586404,0.008
1759590008,0.008
1759593605,0.008
1759597207,0.008
1759600809,0.008
1759604406,0.008
1759608004,0.008
1759611609,0.008
1759615205,0.008
1759618805,0.008
1759622408,0.008
1759626004,0.008
1759629602,0.008
1759633203,0.008
1759636806,0.008
1759640404,0.008
1759644008,0.008
1759647607,0.008
1759651206,0.008
1759654809,0.008
1759658406,0.008
1759662002,0.008
1759665610,0.008
1759669207,0.008
1759672803,0.008
1759676409,0.008
1759680007,0.008
1759683612,0.008
1759687210,0.008
1759690809,0.008
1759694405,0.008
1759698006,0.008
1759701606,0.008
1759705205,0.008
1759708806,0.008
1759712408,0.008
1759716003,0.008
1759719610,0.008
1759723208,0.008
1759726806,0.008
1759730402,0.008
1759734013,0.008
1759737607,0.008
1759741208,0.008
1759744804,0.008
1759748403,0.008
1759752005,0.008
1759755606,0.008
1759759204,0.008
1759762806,0.008
1759766404,0.008
1759770006,0.008
1759773606,0.008
1759777203,0.008
1759780803,0.008
1759784410,0.008
1759788015,0.008
1759791607,0.008
1759795204,0.008
1759798807,0.008
1759802409,0.008
1759806005,0.008
1759809611,0.0085
1759813211,0.0085
1759816813,0.0085
1759820409,0.0085
1759824006,0.0085
1759827608,0.0085
1759831204,0.0085
1759834814,0.009
1759838413,0.009
1759842008,0.009
1759845603,0.009
1759849208,0.009
1759852810,0.009
1759856410,0.009
1759860006,0.009
1759863608,0.009
1759867209,0.009
1759870812,0.009
1759874411,0.009
1759878004,0.009
1759881605,0.009
1759885207,0.009
1759888808,0.009
1759892412,0.009
1759896010,0.009
1759899609,0.009
1759903202,0.009
1759906808,0.009
1759910411,0.009
1759914013,0.009
1759917614,0.009
1759921206,0.009
1759924810,0.009
1759928413,0.009
1759932007,0.009
1759935612,0.009
1759939205,0.009
1759942811,0.009
1759946408,0.009
1759950016,0.009
1759953606,0.009
1759957211,0.009
1759960814,0.009
1759964406,0.009
1759968013,0.009
1759971608,0.009
1759975205,0.009
1759978805,0.009
1759982408,0.009
1759986005,0.009
1759989604,0.009
1759993209,0.009
1759996807,0.009
1760000416,0.009
1760004008,0.009
1760007610,0.009
1760011212,0.009
1760014809,0.009
1760018414,0.009
1760022007,0.009
1760025604,0.009
1760029221,0.009
1760032813,0.009
1760036414,0.009
1760040013,0.009
1760043605,0.009
1760047212,0.009
1760050812,0.009
1760054413,0.009
1760058008,0.009
1760061618,0.009
1760065218,0.009
1760068804,0.009
1760072419,0.009
1760076005,0.009
1760079612,0.009
1760083213,0.009
1760086824,0.009
1760090403,0.009
1760094013,0.009
1760097606,0.009
1760101203,0.009
1760104804,0.009
1760108421,0.009
1760112015,0.009
1760115603,0.01
1760119211,0.009
1760122804,0.009
1760126414,0.009
1760130020,0.009
1760133609,0.009
1760137205,0.009
1760140814,0.009
1760144405,0.009
1760148010,0.009
1760151619,0.009
1760155206,0.009
1760158802,0.009
1760162417,0.009
1760166015,0.009
1760169608,0.009
1760173213,0.009
1760176807,0.009
1760180407,0.009
1760184011,0.009
1760187605,0.009
1760191212,0.009
1760194806,0.009
1760198419,0.009
1760202009,0.009
1760205605,0.009
1760209214,0.009
1760212813,0.009
1760216424,0.009
1760220007,0.009
1760223609,0.009
1760227209,0.009
1760230812,0.009
1760234415,0.01
1760238017,0.01
1760241603,0.01
1760245206,0.01
1760248808,0.01
1760252408,0.01
1760256003,0.01
1760259611,0.01
1760263204,0.0105
1760266818,0.017
1760270407,0.017
1760274004,0.017
1760277612,0.017
1760281211,0.0135
1760284812,0.014
1760288407,0.0115
1760292002,0.0105
1760295613,0.0105
1760299214,0.012
1760302807,0.016
1760306414,0.0135
1760310008,0.013
1760313616,0.0135
1760317202,0.014
1760320810,0.0135
1760324406,0.0145
1760328009,0.015
1760331615,0.0145
1760335210,0.015
1760338815,0.015
1760342412,0.015
1760346006,0.014
1760349617,0.0145
1760353213,0.0145
1760356806,0.013
1760360405,0.0115
1760364015,0.0105
1760367607,0.016
1760371203,0.014
1760374816,0.014
1760378404,0.014
1760382014,0.014
1760385613,0.014
1760389209,0.014
1760392805,0.014
1760396414,0.014
1760400010,0.014
1760403614,0.014
1760407215,0.014
1760410809,0.014
1760414404,0.014
1760418004,0.014
1760421624,0.014
1760425215,0.014
1760428816,0.014
1760432417,0.014
1760436010,0.014
1760439612,0.016
1760443224,0.016
1760446812,0.016
1760450411,0.016
1760454022,0.016
1760457610,0.016
1760461218,0.016
1760464810,0.016
1760468409,0.016
1760472019,0.016
1760475607,0.009
1760479213,0.009
1760482809,0.009
1760486417,0.009
1760490005,0.009
1760493611,0.009
1760497218,0.009
1760500815,0.009
1760504416,0.0085
1760508024,0.0085
1760511603,0.0085
1760515208,0.0085
1760518807,0.0085
1760522403,0.0085
1760526011,0.0085
1760529618,0.0085
1760533207,0.0085
1760536810,0.0085
1760540404,0.0085
1760544011,0.0085
1760547612,0.0085
1760551205,0.0085
1760554805,0.0085
1760558408,0.0085
1760562015,0.0085
1760565613,0.0085
1760569211,0.0085
1760572821,0.0085
1760576408,0.0085
1760580004,0.0085
1760583603,0.0085
1760587210,0.0085
1760590809,0.0085
1760594423,0.0085
1760598012,0.0085
1760601608,0.0085
1760605217,0.0085
1760608808,0.0085
1760612417,0.0085
1760616012,0.0085
1760619618,0.0085
1760623209,0.0085
1760626812,0.0085
1760630418,0.0085
1760634018,0.0085
1760637607,0.0085
1760641207,0.0085
1760644810,0.0085
1760648407,0.0085
1760652016,0.0085
1760655613,0.0085
1760659205,0.0085
1760662811,0.0085
1760666412,0.0085
1760670016,0.0085
1760673614,0.0085
1760677203,0.0085
1760680820,0.0085
1760684421,0.0085
1760688007,0.0085
1760691605,0.0085
1760695219,0.0085
1760698810,0.0085
1760702411,0.0085
1760706019,0.01
1760709618,0.01
1760713214,0.01
1760716805,0.01
1760720416,0.0095
1760724005,0.0095
1760727622,0.0095
1760731215,0.0095
1760734814,0.0095
1760738415,0.0095
1760742014,0.0095
1760745616,0.0095
1760749213,0.0095
1760752813,0.0095
1760756413,0.0095
1760760021,0.0095
1760763609,0.0095
1760767211,0.0095
1760770806,0.0095
1760774417,0.0095
1760778017,0.0095
1760781622,0.0095
1760785218,0.0095
1760788814,0.01
1760792421,0.01
1760796020,0.01
1760799603,0.01
1760803209,0.01
1760806821,0.0095
1760810413,0.0095
1760814007,0.0095
1760817613,0.0095
1760821229,0.0095
1760824813,0.0095
1760828413,0.0095
1760832005,0.0095
1760835609,0.0095
1760839203,0.0095
1760842812,0.0095
1760846410,0.0095
1760850007,0.0095
1760853618,0.0095
1760857218,0.0095
1760860818,0.0095
1760864424,0.0095
1760868008,0.01
1760871607,0.01
1760875219,0.01
1760878817,0.01
1760882408,0.011
1760886008,0.011
1760889606,0.0105
1760893207,0.0105
1760896822,0.0105
1760900408,0.0105
1760904003,0.0105
1760907606,0.0105
1760911206,0.0115
1760914817,0.0115
1760918422,0.0115
1760922013,0.0115
1760925618,0.011
1760929211,0.011
1760932820,0.011
1760936413,0.0115
1760940023,0.0115
1760943610,0.0115
1760947213,0.0115
1760950821,0.012
1760954415,0.012
1760958005,0.012
1760961607,0.012
1760965209,0.0125
1760968808,0.0125
1760972413,0.0125
1760976015,0.0125
1760979605,0.0125
1760983226,0.0125
1760986813,0.0125
1760990405,0.0125
1760994007,0.0125
1760997618,0.0125
1761001204,0.0125
1761004813,0.0125
1761008406,0.0125
1761012012,0.0125
1761015608,0.0125
1761019208,0.0125
1761022820,0.0125
1761026425,0.013
1761030004,0.013
1761033615,0.0125
1761037206,0.0125
1761040807,0.0125
1761044415,0.012
1761048012,0.011
1761051604,0.011
1761055212,0.011
1761058806,0.012
1761062414,0.012
1761066013,0.0115
1761069611,0.0115
1761073218,0.0115
1761076817,0.0115
1761080422,0.012
1761084017,0.0185
1761087618,0.0175
1761091225,0.012
1761094818,0.012
1761098417,0.012
1761102033,0.012
1761105625,0.012
1761109225,0.012
1761112827,0.012
1761116416,0.012
1761120019,0.012
1761123626,0.012
1761127224,0.012
1761130817,0.012
1761134434,0.012
1761138026,0.012
1761141623,0.012
1761145233,0.012
1761148827,0.012
1761152429,0.012
1761156041,0.012
1761159626,0.012
1761163228,0.012
1761166836,0.012
1761170428,0.012
1761174029,0.012
1761177612,0.012
1761181212,0.012
1761184814,0.012
1761188417,0.012
1761192015,0.012
1761195618,0.012
1761199220,0.012
1761202814,0.012
1761206419,0.012
1761210017,0.012
1761213617,0.012
1761217220,0.012
1761220823,0.021
1761224420,0.0125
1761228050,0.0125
1761231619,0.0125
1761235221,0.0125
1761238823,0.0125
1761242422,0.0125
1761246022,0.0125
1761249621,0.0125
1761253223,0.0125
1761256822,0.0125
1761260422,0.0125
1761264021,0.0125
1761267617,0.0125
1761271221,0.0125
1761274823,0.0125
1761278423,0.0125
1761282023,0.0125
1761285624,0.0125
1761289224,0.0125
1761292824,0.0125
1761296425,0.0125
1761300024,0.0125
1761303622,0.0125
1761307227,0.0125
1761310822,0.0125
1761314424,0.0125
1761318025,0.0125
1761321623,0.0125
1761325225,0.0125
1761328824,0.0125
1761332424,0.0125
1761336023,0.0125
1761339627,0.0125
1761343224,0.0125
1761346822,0.0125
1761350418,0.0125
1761354016,0.0125
1761357618,0.0125
1761361224,0.0125
1761364823,0.0125
1761368422,0.0125
1761372024,0.0125
1761375625,0.0125
1761379222,0.0125
1761382825,0.0125
1761386425,0.0125
1761390023,0.0125
1761393628,0.0125
1761397222,0.0125
1761400824,0.0125
1761404425,0.0125
1761408023,0.0125
1761411629,0.0125
1761415227,0.0125
1761418824,0.0125
1761422424,0.0125
1761426026,0.0125
1761429623,0.0125
1761433223,0.0125
1761436823,0.0125
1761440418,0.0125
1761444020,0.0125
1761447624,0.0125
1761451223,0.0125
1761454823,0.0125
1761458425,0.0125
1761462024,0.0125
1761465623,0.0125
1761469225,0.0125
1761472823,0.0125
1761476422,0.0125
1761480030,0.0125
1761483622,0.0125
1761487223,0.0125
1761490822,0.0125
1761494421,0.0125
1761498023,0.0125
1761501624,0.0125
1761505219,0.0125
1761508822,0.0125
1761512424,0.0125
1761516021,0.0125
1761519621,0.0125
1761523220,0.0125
1761526815,0.0125
1761530419,0.0125
1761534021,0.0125
1761537618,0.0125
1761541220,0.0125
1761544821,0.0125
1761548417,0.0125
1761552020,0.0125
1761555622,0.0125
1761559220,0.0125
1761562818,0.0125
1761566425,0.0125
1761570022,0.0125
1761573618,0.0125
1761577224,0.0125
1761580822,0.012
1761584423,0.012
1761588023,0.012
1761591621,0.012
1761595223,0.012
1761598825,0.012
1761602421,0.018
1761606021,0.0185
1761609624,0.0185
1761613220,0.012
1761616821,0.012
1761620434,0.012
1761624030,0.012
1761627621,0.012
1761631225,0.012
1761634820,0.012
1761638423,0.012
1761642023,0.012
1761645628,0.012
1761649229,0.012
1761652824,0.012
1761656431,0.012
1761660029,0.012
1761663633,0.0125
1761667232,0.0125
1761670835,0.0125
1761674433,0.0125
1761678032,0.0125
1761681634,0.0125
1761685233,0.02
1761688830,0.0195
1761692433,0.019
1761696023,0.0195
1761699617,0.0195
1761703217,0.02
1761706830,0.0195
1761710427,0.0195
1761714030,0.02
1761717624,0.019
1761721220,0.0195
1761724830,0.0195
1761728431,0.02
1761746421,0.0155
1761750023,0.0155
1761753621,0.0135
1761757224,0.014
1761760825,0.0135
1761764424,0.0135
1761768025,0.014
1761771624,0.014
1761775225,0.014
1761778825,0.014
1761782423,0.014
1761786019,0.014
1761789621,0.014
1761793225,0.014
1761796827,0.014
1761800425,0.014
1761804026,0.012
1761807625,0.012
1761811224,0.0135
1761814827,0.0135
1761818422,0.0135
1761822026,0.0135
1761825628,0.0135
1761829224,0.0135
1761832825,0.0135
1761836425,0.0115
1761840025,0.012
1761843627,0.012
1761847227,0.012
1761850825,0.012
1761854424,0.012
1761858028,0.012
1761861626,0.012
1761865227,0.0145
1761868815,0.0145
1761872414,0.0145
1761876018,0.018
1761879621,0.018
1761883223,0.017
1761886823,0.018
1761890424,0.017
1761894024,0.023
1761897628,0.022
1761901225,0.024
1761904824,0.024
1761908422,0.024
1761912028,0.024
1761915623,0.023
1761919223,0.016
1761922824,0.016
1761926425,0.016
1761930027,0.016
1761933625,0.016
1761937225,0.016
1761940824,0.016
1761944427,0.014
1761948025,0.014
1761951625,0.014
1761955223,0.014
1761958820,0.014
1761962423,0.0155
1761966026,0.0155
1761969624,0.0155
1761973226,0.0155
1761976827,0.015
1761980426,0.015
1761984025,0.015
1761987627,0.015
1761991226,0.0105
1761994825,0.0115
1761998431,0.0105
1762002024,0.0115
1762005625,0.0115
1762009227,0.0115
1762012825,0.0115
1762016428,0.0115
1762020026,0.0115
1762023626,0.0115
1762027226,0.0115
1762030828,0.0115
1762034426,0.0115
1762038025,0.0115
1762041618,0.0115
1762045216,0.0115
1762048819,0.0115
1762052423,0.0115
1762056023,0.0115
1762059623,0.0115
1762063225,0.0115
1762066824,0.0115
1762070422,0.0115
1762074024,0.0115
1762077623,0.0115
1762081225,0.0115
1762084827,0.0115
1762088423,0.0115
1762092023,0.0115
1762095624,0.0115
1762099224,0.0115
1762102825,0.0115
1762106427,0.0115
1762110025,0.0115
1762113624,0.0115
1762117227,0.0115
1762120824,0.0115
1762124424,0.0115
1762128022,0.0115
1762131620,0.0105
1762135221,0.0105
1762138824,0.01
1762142425,0.01
1762146023,0.01
1762149626,0.01
1762153225,0.01
1762156823,0.01
1762160425,0.01
1762164024,0.01
1762167624,0.01
1762171227,0.01
1762174823,0.01
1762178423,0.01
1762182024,0.01
1762185624,0.01
1762189225,0.01
1762192825,0.01
1762196424,0.0105
1762200025,0.0105
1762203628,0.0105
1762207226,0.0105
1762210826,0.011
1762214421,0.011
1762218017,0.011
1762221620,0.0105
1762225225,0.011
1762228826,0.011
1762232424,0.011
1762236027,0.011
1762239626,0.011
1762243225,0.011
1762246827,0.0105
1762250425,0.0105
1762254025,0.0105
1762257630,0.011
1762261225,0.011
1762264827,0.011
1762268426,0.02
1762272027,0.0135
1762275629,0.0135
1762279229,0.0135
1762282827,0.0135
1762286426,0.0135
1762290031,0.0135
1762293627,0.0135
1762297226,0.0135
1762300824,0.013
1762304422,0.0135
1762308024,0.0135
1762311627,0.0135
1762315226,0.0135
1762318827,0.0135
1762322430,0.0135
1762326028,0.0135
1762329626,0.0135
1762333229,0.0135
1762336826,0.0135
1762340427,0.0135
1762344031,0.0135
1762347625,0.0135
1762351227,0.0135
1762354827,0.0135
1762358426,0.019
1762362027,0.014
1762365628,0.014
1762369228,0.014
1762372826,0.0135
1762376429,0.0185
1762380027,0.019
1762383626,0.018
1762387214,0.0175
1762390815,0.0175
1762394419,0.0175
1762398025,0.0175
1762401625,0.0145
1762405224,0.0145
1762408827,0.0145
1762412426,0.0145
1762416022,0.0145
1762419627,0.0145
1762423220,0.0145
1762426824,0.014
1762430433,0.014
1762434024,0.014
1762437626,0.014
1762441225,0.0135
1762444826,0.0135
1762448429,0.0135
1762452027,0.0135
1762455627,0.0145
1762459228,0.014
1762462831,0.0135
1762466426,0.0135
1762470026,0.0135
1762473624,0.0135
1762477220,0.0135
1762480826,0.0135
1762484428,0.0115
1762488026,0.0125
1762491628,0.0125
1762495230,0.0125
1762498827,0.0125
1762502425,0.0135
1762506028,0.0135
1762509627,0.0135
1762513226,0.0135
1762516832,0.0135
1762520426,0.0135
1762524029,0.0135
1762527638,0.0135
1762531227,0.0135
1762534846,0.0135
1762538430,0.0135
1762542030,0.0145
1762545640,0.0145
1762549229,0.0145
1762552827,0.0145
1762556442,0.0145
1762560015,0.013
1762563616,0.013
1762567210,0.013
1762570824,0.013
1762574423,0.013
1762578010,0.013
1762581625,0.0135
1762585225,0.0135
1762588821,0.0135
1762592425,0.0145
1762596024,0.0155
1762599636,0.0155
1762603243,0.0145
1762606824,0.0145
1762610424,0.0145
1762614025,0.0145
1762617624,0.0145
1762621228,0.0145
1762624826,0.0145
1762628426,0.0155
1762632024,0.0155
1762635628,0.0155
1762639226,0.0155
1762642825,0.014
1762646435,0.0135
1762650019,0.0135
1762653622,0.0135
1762657226,0.0135
1762660836,0.0135
1762664424,0.0135
1762668025,0.013
1762671625,0.013
1762675224,0.013
1762678826,0.013
1762682424,0.013
1762686024,0.013
1762689628,0.013
1762693223,0.013
1762696823,0.013
1762700425,0.013
1762704023,0.013
1762707626,0.013
1762711227,0.013
1762714824,0.013
1762718423,0.013
1762722027,0.013
1762725624,0.013
1762729224,0.013
1762732815,0.013
1762736428,0.013
1762740018,0.013
1762743622,0.013
1762747224,0.013
1762750823,0.013
1762754425,0.013
1762758023,0.013
1762761622,0.013
1762765236,0.013
1762768825,0.013
1762772423,0.013
1762776028,0.013
1762779625,0.013
1762783224,0.013
1762786827,0.013
1762790426,0.013
1762794026,0.0125
1762797627,0.0125
1762801225,0.0125
1762804824,0.0125
1762808428,0.0125
1762812025,0.0125
1762815626,0.0125
1762819225,0.0125
1762822823,0.0125
1762826426,0.0125
1762830029,0.0125
1762833629,0.0125
1762837226,0.0125
1762840835,0.0125
1762844428,0.0125
1762848039,0.0115
1762851628,0.0115
1762855227,0.0115
1762858842,0.0115
1762862445,0.0115
1762866025,0.0115
1762869628,0.0115
1762873241,0.0115
1762876826,0.0115
1762880428,0.0115
1762884029,0.012
1762887627,0.0115
1762891228,0.0115
1762894831,0.0115
1762898427,0.0115
1762902027,0.0115
1762905621,0.0115
1762909218,0.0115
1762912821,0.0115
1762916427,0.0115
1762920027,0.0115
1762923625,0.0115
1762927229,0.0115
1762930829,0.0115
1762934425,0.0115
1762938029,0.0115
1762941625,0.0115
1762945227,0.0115
1762948832,0.0115
1762952425,0.0115
1762956028,0.0115
1762959628,0.0115
1762963228,0.0115
1762966844,0.0115
1762970430,0.0115
1762974029,0.0115
1762977628,0.0115
1762981232,0.0115
1762984828,0.0115
1762988429,0.0115
1762992023,0.0115
1762995621,0.0115
1762999213,0.0115
1763002829,0.0115
1763006429,0.0115
1763010028,0.0115
1763013631,0.0115
1763017231,0.0115
1763020828,0.0115
1763024431,0.0115
1763028026,0.0115
1763031629,0.0115
1763035235,0.012
1763038827,0.0115
1763042430,0.0115
1763046030,0.012
1763049630,0.012
1763053235,0.012
1763056831,0.012
1763060445,0.012
1763064029,0.0125
1763067632,0.0125
1763071230,0.0125
1763074830,0.012
1763078422,0.012
1763082019,0.0125
1763085623,0.0125
1763089228,0.0125
1763092828,0.012
1763096426,0.012
1763100030,0.012
1763103630,0.012
1763107226,0.0115
1763110830,0.0115
1763114428,0.0115
1763118029,0.0115
1763121635,0.0115
1763125240,0.0115
1763128830,0.0115
1763132428,0.0115
1763136028,0.0115
1763139633,0.0115
1763143231,0.0115
1763146831,0.0115
1763150429,0.0115
1763154045,0.0115
1763157631,0.0115
1763161229,0.0115
1763164827,0.0115
1763168423,0.0115
1763172027,0.0115
1763175631,0.0115
1763179229,0.0115
1763182829,0.0115
1763186431,0.0115
1763190031,0.0115
1763193628,0.0105
1763197233,0.011
1763200831,0.011
1763204430,0.011
1763208036,0.0115
1763211628,0.0115
1763215230,0.011
1763218832,0.0115
1763222429,0.0115
1763226033,0.0115
1763229633,0.0115
1763233232,0.0115
1763236830,0.0115
1763240433,0.0115
1763244031,0.0115
1763247629,0.0115
1763251218,0.0115
1763254827,0.0115
1763258421,0.0115
1763262025,0.0115
1763265624,0.0115
1763269224,0.0115
1763272826,0.0115
1763276425,0.0115
1763280023,0.0115
1763283628,0.0115
1763287225,0.0115
1763290826,0.0115
1763294431,0.0115
1763298025,0.0115
1763301625,0.0115
1763305227,0.012
1763308826,0.012
1763312430,0.0115
1763316032,0.0115
1763319627,0.0115
1763323226,0.0115
1763326831,0.0115
1763330427,0.0115
1763334026,0.0115
1763337624,0.0115
1763341221,0.0115
1763344823,0.0115
1763348427,0.0115
1763352025,0.0115
1763355626,0.0115
1763359228,0.0115
1763362828,0.0115
1763366440,0.0115
1763370047,0.0115
1763373630,0.0115
1763377227,0.0115
1763380830,0.0115
1763384426,0.0115
1763388025,0.0115
1763391643,0.0115
1763395225,0.0115
1763398829,0.011
1763402428,0.011
1763406028,0.011
1763409627,0.011
1763413230,0.011
1763416830,0.011
1763420430,0.011
1763424018,0.011
1763427618,0.011
1763431220,0.011
1763434825,0.011
1763438426,0.011
1763442025,0.011
1763445627,0.011
1763449227,0.011
1763452824,0.011
1763456429,0.011
1763460026,0.011
1763463625,0.011
1763467232,0.011
1763470828,0.011
1763474427,0.011
1763478029,0.011
1763481628,0.011
1763485229,0.011
1763488830,0.011
1763492430,0.011
1763496028,0.011
1763499633,0.011
1763503228,0.011
1763506844,0.011
1763510427,0.011
1763514025,0.011
1763517627,0.011
1763521231,0.011
1763524829,0.0115
1763528429,0.0115
1763532032,0.0115
1763535630,0.0115
1763539229,0.0115
1763542833,0.0115
1763546429,0.012
1763550029,0.012
1763553636,0.012
1763557228,0.012
1763560842,0.012
1763564431,0.012
1763568041,0.012
1763571632,0.012
1763575240,0.012
1763578832,0.012
1763582429,0.012
1763586034,0.012
1763589630,0.012
1763593245,0.012
1763596817,0.012
1763600418,0.012
1763604022,0.012
1763607629,0.012
1763611229,0.012
1763614827,0.012
1763618431,0.012
1763622038,0.0125
1763625627,0.0115
1763629233,0.0115
1763632827,0.0115
1763636429,0.0115
1763640019,0.0115
1763643614,0.0115
1763647214,0.0115
1763650816,0.0115
1763654414,0.0115
1763658020,0.0115
1763661619,0.0115
1763665214,0.0115
1763668816,0.0115
1763672421,0.0115
1763676029,0.0115
1763679615,0.0115
1763683230,0.0115
1763686814,0.0115
1763690414,0.0115
1763694017,0.0115
1763697628,0.0115
1763701220,0.011
1763704817,0.011
1763708415,0.011
1763712014,0.0115
1763715617,0.0125
1763719214,0.0115
1763722818,0.0125
1763726419,0.0145
1763730028,0.015
1763733617,0.015
1763737217,0.015
1763740815,0.015
1763744435,0.016
1763748017,0.014
1763751615,0.014
1763755216,0.014
1763758817,0.014
1763762415,0.0125
1763766021,0.013
1763769619,0.014
1763773215,0.0145
1763776813,0.0145
1763780417,0.0145
1763784029,0.016
1763787620,0.0145
1763791232,0.0145
1763794813,0.0145
1763798413,0.014
1763802017,0.014
1763805614,0.014
1763809216,0.014
1763812819,0.0135
1763816427,0.0135
1763820016,0.014
1763823616,0.014
1763827214,0.014
1763830836,0.013
1763834415,0.013
1763838013,0.013
1763841614,0.0115
1763845217,0.0115
1763848813,0.0115
1763852414,0.0115
1763856020,0.0115
1763859626,0.0115
1763863213,0.0115
1763866819,0.0115
1763870413,0.0115
1763874013,0.0115
1763877631,0.0115
1763881213,0.0115
1763884813,0.0115
1763888416,0.0115
1763892013,0.0115
1763895616,0.0115
1763899218,0.0115
1763902813,0.0115
1763906416,0.0115
1763910016,0.0115
1763913613,0.0115
1763917238,0.0115
1763920818,0.0115
1763924414,0.0115
1763928014,0.0115
1763931632,0.0115
1763935213,0.0115
1763938814,0.0115
1763942416,0.0115
1763946010,0.0115
1763949610,0.0125
1763953211,0.012
1763956810,0.012
1763960410,0.0125
1763964025,0.0125
1763967610,0.0125
1763971210,0.0125
1763974811,0.0125
1763978410,0.012
1763982010,0.012
1763985612,0.012
1763989210,0.012
1763992813,0.012
1763996411,0.012
1764000010,0.012
1764003618,0.012
1764007212,0.012
1764010811,0.012
1764014412,0.012
1764018030,0.012
1764021628,0.012
1764025228,0.012
1764028825,0.012
1764032424,0.012
1764036026,0.012
1764039629,0.013
1764043229,0.013
1764046829,0.013
1764050430,0.013
1764054030,0.013
1764057628,0.013
1764061231,0.013
1764064830,0.013
1764068430,0.013
1764072034,0.013
1764075629,0.013
1764079230,0.013
1764082830,0.013
1764086430,0.013
1764090032,0.013
1764093631,0.013
1764097230,0.013
1764100831,0.013
1764104434,0.013
1764108030,0.0125
1764111630,0.013
1764115219,0.013
1764118820,0.013
1764122423,0.013
1764126028,0.013
1764129630,0.013
1764133227,0.013
1764136843,0.013
1764140430,0.013
1764144031,0.013
1764147631,0.013
1764151229,0.013
1764154830,0.013
1764158448,0.013
1764162029,0.013
1764165631,0.013
1764169229,0.013
1764172832,0.0125
1764176436,0.0125
1764180033,0.0125
1764183635,0.0125
1764187231,0.0125
1764190835,0.0125
1764194431,0.0125
1764198032,0.0125
1764201625,0.0125
1764205235,0.0125
1764208828,0.0125
1764212431,0.0125
1764216033,0.0125
1764219632,0.0125
1764223234,0.0125
1764226834,0.0125
1764230431,0.0125
1764234034,0.0125
1764237632,0.0125
1764241232,0.013
1764244840,0.013
1764248429,0.013
1764252033,0.013
1764255630,0.013
1764259233,0.013
1764262837,0.013
1764266433,0.013
1764270034,0.011
1764273633,0.012
1764277236,0.0125
1764280832,0.011
1764284433,0.011
1764288023,0.011
1764291622,0.0105
1764295226,0.0105
1764298830,0.0105
1764302431,0.0105
1764306030,0.0105
1764309632,0.0105
1764313234,0.0105
1764316830,0.0105
1764320434,0.0105
1764324031,0.0105
1764327632,0.0105
1764331239,0.0105
1764334831,0.0105
1764338434,0.0105
1764342033,0.0105
1764345647,0.0105
1764349239,0.0105
1764352834,0.0105
1764356435,0.01
1764360033,0.01
1764363638,0.01
1764367236,0.01
1764370834,0.01
1764374432,0.01
1764378028,0.01
1764381631,0.01
1764385217,0.01
1764388833,0.01
1764392432,0.01
1764396034,0.01
1764399636,0.01
1764403232,0.01
1764406836,0.0115
1764410448,0.0115
1764414033,0.0115
1764417639,0.0115
1764421232,0.0115
1764424834,0.0115
1764428435,0.0115
1764432034,0.0115
1764435637,0.0115
1764439234,0.0115
1764442836,0.0115
1764446434,0.0115
1764450037,0.0115
1764453622,0.0115
1764457233,0.0115
1764460823,0.0115
1764464423,0.011
1764468025,0.011
1764471630,0.011
1764475231,0.011
1764478828,0.011
1764482430,0.011
1764486033,0.01
1764489615,0.01
1764493234,0.01
1764496844,0.01
1764500430,0.01
1764507614,0.0105
1764511231,0.01
1764514843,0.01
1764518443,0.01
1764522035,0.01
1764525634,0.01
1764529233,0.01
1764532832,0.01
1764536435,0.01
1764540031,0.009
1764543637,0.009
1764547227,0.009
1764550826,0.009
1764554427,0.009
1764558043,0.009
1764561629,0.0085
1764565231,0.0085
1764568831,0.0085
1764572431,0.0085
1764576029,0.0085
1764579645,0.0085
1764583243,0.0085
1764586829,0.0085
1764590445,0.0085
1764594028,0.0085
1764597629,0.0085
1764601243,0.0085
1764604841,0.0085
1764608431,0.0085
1764612044,0.0085
1764615631,0.0085
1764619230,0.0085
1764622833,0.0085
1764626431,0.0085
1764630031,0.0085
1764633617,0.0085
1764637218,0.0085
1764640821,0.0085
1764644425,0.0085
1764648027,0.0085
1764651625,0.009
1764655228,0.0115
1764658828,0.0115
1764662425,0.0115
1764666029,0.011
1764669627,0.0115
1764673228,0.012
1764676833,0.012
1764680426,0.011
1764684028,0.011
1764687628,0.012
1764691211,0.012
1764694832,0.012
1764698431,0.012
1764702031,0.011
1764705629,0.011
1764709232,0.011
1764712829,0.011
1764716430,0.0105
1764720028,0.0105
1764723624,0.0105
1764727226,0.0105
1764730830,0.0105
1764734432,0.0105
1764738030,0.01
1764741631,0.01
1764745233,0.01
1764748828,0.0095
1764752434,0.0095
1764756030,0.0095
1764759631,0.0095
1764763238,0.0095
1764766829,0.0095
1764770432,0.01
1764774015,0.0095
1764777631,0.0095
1764781234,0.0095
1764784833,0.0095
1764788433,0.0095
1764792030,0.0095
1764795636,0.0095
1764799232,0.0095
1764802832,0.0095
1764806418,0.0095
1764810017,0.0095
1764813622,0.0095
1764817228,0.0095
1764820831,0.0095
1764824428,0.0095
1764828030,0.0085
1764831631,0.0085
1764835226,0.0085
1764838838,0.0085
1764842428,0.009
1764846029,0.009
1764849638,0.009
1764853228,0.009
1764856830,0.009
1764860429,0.009
1764864013,0.009
1764867620,0.009
1764871218,0.009
1764874813,0.009
1764878414,0.009
1764882016,0.009
1764885613,0.009
1764889214,0.009
1764892820,0.009
1764896414,0.0085
1764900014,0.0085
1764903619,0.0085
1764907215,0.0085
1764910814,0.0085
1764914416,0.0085
1764918014,0.0085
1764921614,0.0085
1764925217,0.0085
1764928814,0.0085
1764932414,0.0085
1764936023,0.0085
1764939614,0.0085
1764943215,0.0085
1764946818,0.0085
1764950415,0.0085
1764954019,0.0085
1764957617,0.0085
1764961220,0.0085
1764964816,0.0085
1764968421,0.0085
1764972015,0.0085
1764975615,0.0085
1764979221,0.0085
1764982815,0.0085
1764986416,0.0085
1764990018,0.0085
1764993615,0.0085
1764997215,0.0085
1765000818,0.0085
1765004435,0.0085
1765008016,0.0085
1765011622,0.0085
1765015218,0.0085
1765018817,0.0085
1765022423,0.0085
1765026016,0.0085
1765029616,0.0085
1765033218,0.0085
1765036816,0.0085
1765040426,0.0085
1765044019,0.0085
1765047619,0.0085
1765051217,0.0085
1765054819,0.0085
1765058415,0.0085
1765062015,0.0085
1765065634,0.0085
1765069218,0.0085
1765072815,0.0085
1765076420,0.0085
1765080015,0.0085
1765083615,0.0085
1765087235,0.0085
1765090816,0.0085
1765094416,0.0085
1765098017,0.0085
1765101615,0.0085
1765105215,0.0085
1765108826,0.0085
1765112415,0.0085
1765116015,0.0085
1765119618,0.0085
1765123215,0.0085
1765126822,0.0085
1765130435,0.0085
1765134016,0.0085
1765137630,0.0085
1765141220,0.0085
1765144815,0.0085
1765148415,0.0085
1765152032,0.0085
1765155628,0.0085
1765159214,0.008
1765162815,0.008
1765166414,0.008
1765170013,0.008
1765173617,0.008
1765177214,0.008
1765180814,0.009
1765184417,0.009
1765188013,0.009
1765191613,0.009
1765195235,0.009
1765198816,0.009
1765202413,0.009
1765206015,0.0095
1765209627,0.0095
1765213217,0.0095
1765216815,0.0095
1765220413,0.0095
1765224016,0.0095
1765227630,0.0095
1765231213,0.0095
1765234817,0.0095
1765238430,0.0095
1765242025,0.0095
1765245618,0.009
1765249216,0.009
1765252814,0.009
1765256414,0.009
1765260020,0.009
1765263629,0.009
1765267219,0.009
1765270819,0.0095
1765274415,0.0095
1765278016,0.009
1765281620,0.009
1765285219,0.009
1765288832,0.009
1765292422,0.009
1765296014,0.009
1765299621,0.009
1765303217,0.0085
1765306814,0.0085
1765310416,0.0085
1765314021,0.0085
1765317615,0.0085
1765321217,0.0085
1765324817,0.0085
1765328423,0.0085
1765332010,0.0085
1765335613,0.0085
1765339211,0.0085
1765342813,0.0085
1765346416,0.0085
1765350011,0.0085
1765353613,0.0085
1765357228,0.0085
1765360811,0.0085
1765364411,0.0085
1765368036,0.0085
1765371611,0.0085
1765375211,0.0085
1765378816,0.0085
1765382411,0.0085
1765386016,0.0085
1765389614,0.0085
1765393213,0.0085
1765396812,0.0085
1765400415,0.0085
1765404012,0.0085
1765407612,0.0085
1765411218,0.0085
1765414821,0.0085
1765418424,0.0085
1765422016,0.0085
1765425631,0.0085
1765429230,0.0085
1765432815,0.0085
1765436413,0.0085
1765440014,0.0085
1765443615,0.0085
1765447216,0.0085
1765450832,0.0085
1765454421,0.0085
1765458016,0.0085
1765461612,0.0085
1765465216,0.0085
1765468822,0.0085
1765472419,0.0085
1765476015,0.0085
1765479628,0.0085
1765483217,0.0085
1765486816,0.0085
1765490413,0.0085
1765494015,0.0085
1765497619,0.0085
1765501213,0.0085
1765504813,0.0085
1765508418,0.0085
1765512014,0.0085
1765515627,0.0105
1765519217,0.011
1765522814,0.0105
1765526413,0.011
1765530016,0.0115
1765533613,0.0115
1765537216,0.0115
1765540821,0.0115
1765544414,0.0115
1765548014,0.0115
1765551617,0.0115
1765555214,0.0115
1765558825,0.011
1765562418,0.011
1765566015,0.011
1765569619,0.011
1765573219,0.011
1765576819,0.011
1765580415,0.011
1765584022,0.011
1765587615,0.009
1765591215,0.009
1765594818,0.0095
1765598416,0.0095
1765602015,0.0095
1765605635,0.0085
1765609215,0.008
1765612815,0.0085
1765616418,0.0085
1765620015,0.008
1765623615,0.009
1765627224,0.0085
1765630815,0.009
1765634434,0.009
1765638019,0.009
1765641615,0.009
1765645220,0.009
1765648820,0.0085
1765652416,0.0085
1765656017,0.0085
1765659619,0.0085
1765663219,0.0085
1765666816,0.0085
1765670423,0.0085
1765674015,0.008
1765677616,0.0085
1765681219,0.0085
1765684815,0.0085
1765688415,0.009
1765692019,0.0085
1765695615,0.0085
1765699215,0.0085
1765702819,0.0085
1765706416,0.0085
1765710015,0.0085
1765713622,0.0085
1765717215,0.0085
1765720815,0.0085
1765724420,0.0085
1765728016,0.0085
1765731621,0.0085
1765735219,0.0085
1765738819,0.0085
1765742420,0.0085
1765746020,0.0085
1765749615,0.0085
1765753215,0.0085
1765756825,0.0085
1765760415,0.0085
1765764015,0.0085
1765767618,0.0085
1765771219,0.0085
1765774815,0.0085
1765778421,0.0085
1765782015,0.0085
1765785615,0.0085
1765789233,0.0085
1765792814,0.0085
1765796417,0.0085
1765800021,0.009
1765803629,0.009
1765807215,0.009
1765810819,0.009
1765814415,0.009
1765818019,0.009
1765821636,0.009
1765825215,0.009
1765828815,0.009
1765832418,0.009
1765836030,0.009
1765839615,0.009
1765843221,0.009
1765846822,0.009
1765850414,0.009
1765854017,0.009
1765857614,0.009
1765861214,0.009
1765864818,0.01
1765868423,0.01
1765872029,0.01
1765875617,0.01
1765879214,0.0095
1765882814,0.0095
1765886434,0.0095
1765890014,0.009
1765893628,0.009
1765897217,0.009
1765900831,0.009
1765904417,0.009
1765908018,0.009
1765911617,0.009
1765915215,0.009
1765918818,0.009
1765922415,0.009
1765926016,0.009
1765929618,0.009
1765929637,0.009
1765933215,0.009
1765936816,0.009
1765940433,0.009
1765944015,0.009
1765947617,0.009
1765951236,0.009
1765954817,0.009
1765958427,0.009
1765962019,0.009
1765965617,0.009
1765969219,0.009
1765972833,0.009
1765976415,0.009
1765980015,0.009
1765983623,0.009
1765987217,0.0085
1765990816,0.009
1765994419,0.009
1765998021,0.009
1766001615,0.009
1766005222,0.009
1766008816,0.009
1766012416,0.009
1766016028,0.009
1766019612,0.009
1766023212,0.009
1766026816,0.009
1766030412,0.009
1766034027,0.009
1766037617,0.009
1766041213,0.009
1766044812,0.009
1766048416,0.009
1766052030,0.009
1766055613,0.0095
1766059220,0.0095
1766062816,0.0095
1766066427,0.0095
1766070016,0.0095
1766073633,0.0095
1766077221,0.0095
1766080818,0.0095
1766084417,0.0095
1766088016,0.0095
1766091618,0.01
1766095216,0.01
1766098813,0.01
1766102419,0.009
1766106014,0.0085
1766109614,0.0085
1766113218,0.0085
1766116815,0.0085
1766120415,0.0085
1766124018,0.0085
1766127615,0.0085
1766131216,0.0085
1766134822,0.009
1766138415,0.009
1766142015,0.009
1766145622,0.009
1766149215,0.009
1766152815,0.009
1766156433,0.009
1766160030,0.009
1766163619,0.009
1766167217,0.009
1766170814,0.009
1766174415,0.009
1766178017,0.009
1766181614,0.009
1766185214,0.009
1766188820,0.009
1766192416,0.009
1766196014,0.009
1766199629,0.009
1766203215,0.009
1766206815,0.009
1766210417,0.009
1766214015,0.009
1766217615,0.009
1766221231,0.009
1766224815,0.009
1766228415,0.009
1766232023,0.009
1766235615,0.0095
1766239215,0.0095
1766242819,0.0095
1766246416,0.0095
1766250022,0.0095
1766253618,0.0095
1766257217,0.009
1766260821,0.009
1766264423,0.0095
1766268017,0.009
1766271621,0.009
1766275220,0.0085
1766278815,0.0085
1766282415,0.0085
1766286035,0.0085
1766289633,0.0115
1766293214,0.01
1766296819,0.01
1766300414,0.01
1766304015,0.01
1766307618,0.01
1766311215,0.01
1766314815,0.01
1766318420,0.0105
1766322016,0.01
1766325614,0.01
1766329219,0.01
1766332815,0.01
1766336423,0.01
1766340020,0.009
1766343615,0.009
1766347218,0.009
1766350819,0.009
1766354415,0.009
1766358015,0.009
1766361620,0.009
1766365215,0.009
1766368815,0.009
1766372418,0.009
1766376022,0.009
1766379615,0.009
1766383218,0.009
1766386815,0.009
1766390429,0.009
1766394032,0.009
1766397616,0.009
1766401215,0.009
1766404820,0.009
1766408414,0.009
1766412017,0.009
1766415620,0.009
1766419214,0.009
1766422821,0.009
1766426418,0.009
1766430016,0.01
1766433629,0.0095
1766437219,0.0095
1766440828,0.0095
1766444416,0.0095
1766448022,0.009
1766451618,0.009
1766455216,0.009
1766458822,0.009
1766462429,0.011
1766466045,0.011
1766469635,0.011
1766473217,0.011
1766476830,0.011
1766480419,0.011
1766484016,0.011
1766487616,0.009
1766491226,0.0085
1766494817,0.0085
1766498416,0.009
1766502022,0.009
1766505616,0.0105
1766509239,0.0105
1766512820,0.0105
1766516417,0.0105
1766520017,0.0105
1766523619,0.0105
1766527219,0.0105
1766530817,0.0105
1766534422,0.0105
1766538018,0.0105
1766541615,0.0105
1766545219,0.0105
1766548816,0.0105
1766552417,0.0105
1766556021,0.011
1766559616,0.011
1766563218,0.011
1766566820,0.011
1766570419,0.011
1766574017,0.011
1766577622,0.011
1766581218,0.011
1766584817,0.011
1766588419,0.011
1766592016,0.011
1766595622,0.0105
1766599219,0.011
1766602820,0.011
1766606416,0.011
1766610023,0.011
1766613618,0.0115
1766617215,0.012
1766620831,0.012
1766624415,0.0125
1766628016,0.0125
1766631622,0.0125
1766635218,0.0125
1766638816,0.0125
1766642421,0.0125
1766646017,0.0125
1766649619,0.0125
1766653219,0.0125
1766656816,0.0125
1766660416,0.0125
1766664023,0.0125
1766667617,0.0125
1766671217,0.0125
1766674819,0.0125
1766678416,0.0125
1766682025,0.0125
1766685622,0.0125
1766689216,0.0125
1766692821,0.0125
1766696419,0.012
1766700021,0.012
1766703617,0.012
1766707216,0.012
1766710812,0.0165
1766714412,0.0165
1766718014,0.0165
1766721613,0.0165
1766725214,0.0165
1766728814,0.0165
1766732413,0.0165
1766736013,0.0165
1766739614,0.0165
1766743213,0.0165
1766746813,0.0165
1766750420,0.0165
1766754013,0.0165
1766757613,0.015
1766761215,0.015
1766764813,0.015
1766768421,0.015
1766772014,0.015
1766775614,0.015
1766779215,0.015
1766782819,0.015
1766786414,0.015
1766790013,0.015
1766793620,0.015
1766797215,0.015
1766800819,0.0155
1766804417,0.0155
1766808018,0.0155
1766811618,0.0155
1766815217,0.0155
1766818837,0.014
1766822415,0.014
1766826017,0.014
1766829615,0.014
1766833220,0.014
1766836820,0.014
1766840416,0.014
1766844016,0.014
1766847617,0.014
1766851216,0.015
1766854815,0.015
1766858418,0.015
1766862016,0.015
1766865616,0.014
1766869217,0.014
1766872817,0.0135
1766876416,0.0135
1766880021,0.0145
1766887216,0.0155
1766890818,0.013
1766894416,0.013
1766898016,0.013
1766901617,0.013
1766905216,0.013
1766908818,0.013
1766912418,0.013
1766916019,0.013
1766919616,0.013
1766923221,0.013
1766926816,0.013
1766930416,0.013
1766934037,0.013
1766937632,0.013
1766941222,0.013
1766944819,0.013
1766948416,0.0145
1766952033,0.0145
1766955622,0.0145
1766959218,0.0145
1766962819,0.0145
1766966438,0.0145
1766973617,0.014
1766977232,0.0145
1766980816,0.0145
1766984431,0.0145
1766988019,0.0145
1766991622,0.0145
1766995235,0.0145
1766998818,0.0145
1767002420,0.0145
1767006021,0.015
1767009621,0.015
1767013217,0.015
1767016817,0.015
1767020419,0.015
1767024016,0.015
1767027619,0.015
1767031218,0.015
1767034820,0.015
1767038417,0.015
1767042018,0.015
1767045620,0.014
1767049237,0.014
1767052825,0.014
1767056416,0.014
1767060017,0.014
1767063620,0.014
1767067217,0.013
1767070835,0.013
1767074419,0.013
1767078026,0.013
1767081619,0.013
1767085221,0.013
1767088817,0.013
1767092421,0.013
1767096025,0.013
1767099617,0.013
1767103217,0.0135
1767106820,0.0135
1767110418,0.014
1767114023,0.014
1767117624,0.014
1767121217,0.014
1767124839,0.014
1767128420,0.014
1767132019,0.014
1767135619,0.014
1767139222,0.014
1767142818,0.014
1767146419,0.014
1767150021,0.0135
1767153641,0.0135
1767157217,0.0135
1767160820,0.0135
1767164418,0.014
1767168022,0.014
1767171620,0.014
1767175218,0.014
1767178829,0.0155
1767182422,0.014
1767186017,0.014
1767189621,0.014
1767193220,0.014
1767196821,0.014
1767200424,0.014
1767204022,0.014
1767207649,0.014
1767211220,0.014
1767214822,0.014
1767218419,0.014
1767222019,0.014
1767225622,0.014
1767229218,0.014
1767232818,0.014
1767236419,0.015
1767240033,0.015
1767243617,0.015
1767247221,0.015
1767250818,0.014
1767254416,0.014
1767258020,0.014
1767261618,0.014
1767265216,0.015
1767268824,0.015
1767272443,0.015
1767276015,0.015
1767279620,0.0145
1767283216,0.014
1767286821,0.014
1767290419,0.014
1767294016,0.014
1767297629,0.014
1767301218,0.014
1767304834,0.014
1767308417,0.014
1767312021,0.014
1767315616,0.014
1767319217,0.014
1767322837,0.013
1767326415,0.0125
1767330017,0.0125
1767333618,0.0125
1767337216,0.0125
1767340820,0.0125
1767344419,0.0125
1767348019,0.0125
1767351618,0.0125
1767355221,0.0125
1767358816,0.0125
1767362417,0.0125
1767366021,0.0125
1767369618,0.0125
1767373221,0.0125
1767376834,0.013
1767380420,0.013
1767384019,0.0145
1767387620,0.0145
1767391221,0.0145
1767394818,0.0145
1767398418,0.0145
1767405613,0.0145
1767409216,0.0145
1767412824,0.0145
1767416426,0.0145
1767420036,0.0145
1767423615,0.0145
1767427213,0.0145
1767430830,0.0145
1767434414,0.0145
1767438016,0.0145
1767441621,0.0145
1767445214,0.0145
1767448816,0.0145
1767452433,0.0145
1767456015,0.0145
1767459622,0.0145
1767463218,0.0155
1767466815,0.0155
1767470418,0.0155
1767474019,0.0155
1767477615,0.0155
1767481215,0.0155
1767484821,0.0155
1767488418,0.0165
1767492015,0.0165
1767495632,0.0165
1767499219,0.0165
1767502815,0.0165
1767506418,0.0165
1767510017,0.0165
1767513616,0.0165
1767517218,0.0165
1767520815,0.0165
1767524424,0.0165
1767528024,0.0165
1767531615,0.0165
1767535219,0.0165
1767538824,0.0165
1767542435,0.0155
1767546019,0.0155
1767549621,0.0155
1767553216,0.0155
1767556835,0.0155
1767560421,0.0155
1767564017,0.0155
1767567616,0.0155
1767571224,0.02
1767574816,0.0155
1767578416,0.0155
1767582019,0.0155
1767585616,0.015
1767589230,0.015
1767592820,0.015
1767596417,0.015
1767600017,0.015
1767603624,0.015
1767607216,0.015
1767610815,0.015
1767614421,0.015
1767618016,0.015
1767621616,0.015
1767625222,0.015
1767628817,0.0145
1767632440,0.0145
1767636020,0.0145
1767639617,0.0145
1767643217,0.0145
1767646821,0.015
1767650434,0.015
1767654017,0.015
1767657626,0.015
1767661223,0.015
1767664820,0.015
1767668421,0.0155
1767672022,0.0155
1767675617,0.0155
1767679226,0.0155
1767682826,0.0145
1767686424,0.0145
1767690022,0.0145
1767693618,0.0145
1767697223,0.0145
1767700824,0.0145
1767704438,0.0145
1767708021,0.0145
1767711626,0.0145
1767715218,0.0145
1767718825,0.0145
1767722422,0.0145
1767726019,0.0145
1767729620,0.0145
1767733221,0.0145
1767736819,0.0145
1767740440,0.0145
1767744023,0.0145
1767747618,0.0145
1767751219,0.0145
1767754822,0.0145
1767758418,0.0145
1767762019,0.0145
1767765626,0.0145
1767769221,0.0145
1767772821,0.0145
1767776422,0.0145
1767780024,0.0145
1767783618,0.0145
1767787228,0.017
1767790821,0.016
1767794418,0.016
1767798026,0.016
1767801619,0.017
1767805229,0.017
1767808822,0.017
1767812421,0.015
1767816021,0.015
1767819628,0.015
1767823224,0.015
1767826820,0.0155
1767830440,0.015
1767834035,0.0145
1767837619,0.0145
1767841222,0.0145
1767844819,0.0145
1767848419,0.0145
1767852022,0.0145
1767855620,0.0145
1767859230,0.0145
1767862822,0.0155
1767866441,0.017
1767870020,0.0175
1767873647,0.0175
1767877219,0.0185
1767880823,0.0185
1767884422,0.0185
1767888034,0.02
1767891626,0.0195
1767895222,0.02
1767898820,0.0195
1767902421,0.0225
1767906023,0.0225
1767909624,0.0235
1767913222,0.0225
1767916824,0.0235
1767920420,0.0235
1767924020,0.0235
1767927624,0.0215
1767931220,0.022
1767934820,0.0175
1767938423,0.018
1767942019,0.018
1767945621,0.018
1767949223,0.018
1767952821,0.018
1767956419,0.018
1767960038,0.018
1767963620,0.0175
1767967220,0.017
1767970825,0.0175
1767974422,0.0175
1767978026,0.0175
1767981625,0.0175
1767985221,0.0175
1767988843,0.017
1767992424,0.0175
1767996021,0.0175
1767999620,0.017
1768003225,0.0175
1768006821,0.0175
1768010419,0.017
1768014023,0.017
1768017619,0.017
1768021219,0.0175
1768024825,0.0175
1768028420,0.0175
1768032035,0.0195
1768035625,0.019
1768039224,0.019
1768042822,0.019
1768046428,0.019
1768050022,0.019
1768053624,0.019
1768057224,0.019
1768060833,0.019
1768064425,0.0165
1768068026,0.0165
1768071620,0.0165
1768075221,0.0165
1768078828,0.0165
1768082422,0.0165
1768086043,0.0165
1768089621,0.0165
1768093217,0.0165
1768096830,0.0195
1768100420,0.019
1768104018,0.019
1768107615,0.019
1768111221,0.019
1768114818,0.019
1768118418,0.0195
1768122018,0.0195
1768125615,0.0195
1768129237,0.0195
1768132821,0.0195
1768136417,0.0195
1768140019,0.019
1768143640,0.0185
1768147216,0.0185
1768150841,0.0185
1768154425,0.0185
1768158018,0.0185
1768161623,0.0185
1768165239,0.0185
1768168822,0.0185
1768172418,0.0185
1768176024,0.0185
1768179618,0.0185
1768183228,0.0185
1768186837,0.0185
1768190420,0.0185
1768194018,0.0185
1768197621,0.0185
1768201220,0.0185
1768204820,0.018
1768208421,0.018
1768212017,0.018
1768215628,0.018
1768219228,0.018
1768222819,0.018
1768226417,0.018
1768230025,0.018
1768233617,0.018
1768237220,0.018
1768240848,0.018
1768244419,0.018
1768248024,0.018
1768251627,0.0185
1768255247,0.02
1768258823,0.02
1768262425,0.021
1768269618,0.0195
1768273224,0.0195
1768276819,0.0205
1768280419,0.0205
1768284024,0.0195
1768287643,0.0195
1768291233,0.019
1768294827,0.019
1768298419,0.019
1768302020,0.0195
1768305629,0.019
1768312834,0.019
1768316424,0.0195
1768320041,0.019
1768323629,0.019
1768327226,0.0185
1768334420,0.02
1768338025,0.02
1768341624,0.0205
1768345221,0.0195
1768348826,0.0195
1768352421,0.0195
1768356021,0.0195
1768359624,0.0195
1768363224,0.019
1768366825,0.019
1768370425,0.019
1768374022,0.02
1768377636,0.02
1768381224,0.02
1768384820,0.0185
1768388420,0.018
1768392028,0.018
1768395625,0.018
1768399220,0.0185
1768402845,0.018
1768406435,0.018
1768410026,0.0165
1768413628,0.016
1768417222,0.016
1768420822,0.016
1768424427,0.016
1768428026,0.0165
1768431622,0.016
1768435229,0.016
1768438820,0.0155
1768442421,0.016
1768446041,0.016
1768449622,0.016
1768453221,0.016
1768456826,0.0155
1768460423,0.0155
1768464021,0.0155
1768467630,0.0165
1768471222,0.0155
1768474822,0.0145
1768478428,0.0145
1768482023,0.0145
1768485621,0.0155
1768489225,0.0155
1768492821,0.0155
1768496429,0.0155
1768500041,0.015
1768503628,0.0145
1768507225,0.0145
1768510833,0.0145
1768514423,0.0145
1768518024,0.014
1768521631,0.014
1768525227,0.014
1768528824,0.014
1768532431,0.014
1768536023,0.014
1768539622,0.0145
1768543227,0.0145
1768546823,0.0145
1768550423,0.0145
1768554026,0.0145
1768557622,0.014
1768561221,0.014
1768564829,0.014
1768568423,0.014
1768572023,0.014
1768575626,0.014
1768579222,0.014
1768582826,0.014
1768586428,0.014
1768590027,0.014
1768593623,0.014
1768597231,0.014
1768600847,0.014
1768604423,0.014
1768608028,0.014
1768611623,0.014
1768615223,0.014
1768618828,0.0145
1768622422,0.0155
1768626023,0.0155
1768629627,0.0155
1768633225,0.0155
1768636822,0.0155
1768640427,0.0155
1768644038,0.0155
1768647622,0.0155
1768651246,0.0155
1768654824,0.0155
1768658448,0.0155
1768662032,0.0155
1768665622,0.0155
1768669238,0.0155
1768672829,0.0155
1768676427,0.0155
1768680047,0.0155
1768683640,0.0155
1768687223,0.0155
1768690823,0.0155
1768694444,0.0155
1768698021,0.0155
1768701653,0.0155
1768705230,0.0155
1768708826,0.0155
1768712433,0.0155
1768716055,0.0155
1768719622,0.0155
1768723258,0.0155
1768726826,0.0155
1768730421,0.0155
1768734024,0.0155
1768737644,0.0155
1768741235,0.0155
1768744823,0.0155
1768748426,0.0155
1768752021,0.0155
1768755644,0.0155
1768759244,0.0155
1768762822,0.0155
1768766428,0.0155
1768770027,0.0155
1768773622,0.0155
1768777226,0.0155
1768780823,0.0155
1768788034,0.0175
1768791622,0.0195
1768795222,0.0195
1768798828,0.0205
1768802423,0.0195
1768806038,0.018
1768809629,0.017
1768813225,0.017
1768816817,0.017
1768820427,0.018
1768824028,0.018
1768827617,0.0155
1768831216,0.0155
1768834825,0.015
1768838418,0.015
1768842033,0.0155
1768845627,0.0155
1768849219,0.0155
1768852826,0.0155
1768856424,0.015
1768860023,0.015
1768863633,0.0155
1768867226,0.015
1768870818,0.015
1768874418,0.015
1768878038,0.015
1768881643,0.0155
1768885233,0.015
1768888829,0.015
1768892420,0.015
1768896020,0.0155
1768899622,0.0155
1768903223,0.015
1768906819,0.015
1768910427,0.0155
1768914020,0.0155
1768917619,0.0145
1768921225,0.0155
1768924818,0.015
1768928422,0.015
1768932024,0.014
1768935618,0.015
1768939220,0.0155
1768942841,0.0155
1768946420,0.0155
1768950019,0.014
1768953627,0.016
1768957219,0.015
1768960821,0.015
1768964428,0.0155
1768968019,0.015
1768971619,0.0205
1768975226,0.0215
1768978823,0.0225
1768982421,0.0225
1768986059,0.0215
1768989622,0.02
1768993222,0.0185
1768996852,0.0185
1769000420,0.0195
1769004024,0.0195
1769007625,0.0155
1769011224,0.0155
1769014830,0.0155
1769018451,0.0155
1769022036,0.019
1769025624,0.0205
1769032823,0.0195
1769036423,0.02
1769040041,0.0195
1769043621,0.0195
1769047225,0.0205
1769050834,0.0195
1769054421,0.0205
1769058021,0.0205
1769061625,0.02
1769065223,0.0195
1769068827,0.0185
1769072435,0.0185
1769076022,0.018
1769079622,0.018
1769083259,0.018
1769086822,0.0175
1769090428,0.0185
1769094048,0.0185
1769097622,0.0175
1769101227,0.0185
1769104848,0.0175
1769108422,0.0195
1769112024,0.0175
1769115637,0.0185
1769119223,0.0205
1769122823,0.0205
1769126445,0.0205
1769130022,0.0205
1769133623,0.0185
1769137239,0.0175
1769140823,0.0195
1769144421,0.0225
1769148027,0.023
1769151623,0.02
1769155224,0.0205
1769158829,0.0205
1769162446,0.02
1769166024,0.0205
1769173221,0.0215
1769176822,0.0215
1769180427,0.0225
1769184021,0.02
1769187644,0.0205
1769191255,0.02
1769194825,0.02
1769198424,0.0195
1769202027,0.0225
1769205628,0.0265
1769209229,0.028
1769212843,0.0215
1769216424,0.0195
1769220027,0.0205
1769227222,0.0205
1769230846,0.0225
1769238024,0.0215
1769241627,0.0245
1769245237,0.022
1769248837,0.022
1769252430,0.0215
1769256043,0.0225
1769259624,0.0215
1769263234,0.036
1769266833,0.026
1769270424,0.0275
1769274029,0.0265
1769277629,0.0245
1769281225,0.0245
1769284824,0.0255
1769288439,0.0225
1769292024,0.0215
1769295623,0.0215
1769299248,0.0235
1769302823,0.0215
1769306422,0.023
1769310035,0.0235
1769313621,0.025
1769317221,0.0265
1769320825,0.0255
1769324426,0.0235
1769328023,0.0245
1769335247,0.0295
1769338822,0.0295
1769346035,0.0285
1769349626,0.027
1769353230,0.0265
1769356846,0.036
1769360438,0.0265
1769364035,0.0255
1769367622,0.0275
1769371223,0.0255
1769374834,0.0265
1769378427,0.0285
1769382023,0.028
1769385647,0.0285
1769389222,0.0285
1769392827,0.0285
1769396426,0.0285
1769400022,0.0285
1769403622,0.0405
1769407239,0.0375
1769410824,0.039
1769414423,0.041
1769418039,0.0445
1769421622,0.0425
1769425228,0.0435
1769428841,0.0435
1769432427,0.0435
1769436023,0.043
1769439628,0.0405
1769443223,0.0405
1769446831,0.0395
1769450435,0.0395
1769454024,0.0405
1769457630,0.042
1769461231,0.044
1769464824,0.0415
1769468424,0.042
1769472040,0.0415
1769475618,0.0405
1769479218,0.0415
1769482828,0.04
1769486420,0.0405
1769490019,0.0385
1769493621,0.0395
1769497227,0.0375
1769500821,0.0375
1769504422,0.0365
1769508027,0.0385
1769511620,0.036
1769515227,0.0345
1769518832,0.0375
1769522419,0.0375
1769526022,0.0365
1769529619,0.0395
1769533219,0.041
1769536822,0.0375
1769540421,0.0385
1769544019,0.0365
1769547622,0.0365
1769551219,0.0365
1769554821,0.0365
1769558429,0.0355
1769562038,0.0355
1769565625,0.035
1769569226,0.04
1769572847,0.041
1769576420,0.038
1769580022,0.041
1769583622,0.0415
1769587221,0.0355
1769590829,0.0335
1769594452,0.0345
1769598021,0.0345
1769601631,0.0345
1769605246,0.0345
1769608821,0.0355
1769612424,0.0335
1769616022,0.031
1769619625,0.0345
1769623251,0.031
1769626822,0.033
1769630428,0.0345
1769634024,0.0325
1769637623,0.031
1769641223,0.0305
1769644844,0.0295
1769648422,0.0295
1769652022,0.0295
1769655627,0.0305
1769659224,0.0305
1769662823,0.0305
1769666426,0.0285
1769670025,0.0285
1769673624,0.0285
1769677227,0.0295
1769680827,0.0345
1769684424,0.0335
1769688035,0.0315
1769691624,0.0275
1769695224,0.0295
1769698826,0.0285
1769702424,0.0285
1769706024,0.0275
1769709627,0.0295
1769713225,0.0285
1769716835,0.031
1769720429,0.0315
1769724025,0.032
1769727625,0.0295
1769731234,0.0285
1769734824,0.0285
1769738425,0.0295
1769742028,0.0305
1769745625,0.0275
1769749225,0.0285
1769752826,0.0285
1769756425,0.0295
1769760025,0.0275
1769763657,0.0275
1769767225,0.0275
1769770853,0.0275
1769774450,0.0255
1769778025,0.0275
1769781626,0.0265
1769785229,0.0265
1769788827,0.0255
1769792429,0.0265
1769796028,0.0255
1769799626,0.0255
1769803227,0.0255
1769806830,0.026
1769810431,0.0255
1769814025,0.0265
1769817634,0.0255
1769821225,0.0255
1769824825,0.0255
1769828427,0.0285
1769832027,0.0295
1769835626,0.0285
1769839228,0.0285
1769842827,0.0255
1769846426,0.0245
1769850058,0.0245
1769853627,0.0245
1769857225,0.0235
1769860840,0.0235
1769864428,0.025
1769868025,0.0245
1769871632,0.0255
1769875225,0.024
1769878849,0.0255
1769882432,0.0275
1769886030,0.0285
1769889626,0.0275
1769893246,0.022
1769896852,0.0235
1769900425,0.023
1769904042,0.0235
1769911223,0.0215
1769914830,0.0205
1769918424,0.0205
1769922050,0.0235
1769925631,0.0255
1769929223,0.028
1769932822,0.0245
1769936434,0.025
1769940023,0.028
1769943628,0.0255
1769947237,0.025
1769950823,0.022
1769954449,0.0215
1769958040,0.022
1769961650,0.0245
1769965223,0.0255
1769968826,0.0235
1769972423,0.0225
1769976028,0.023
1769979628,0.0235
1769983224,0.021
1769986823,0.021
1769990433,0.0375
1769994023,0.0355
1769997650,0.0405
1770001226,0.0385
1770004823,0.0365
1770008437,0.0375
1770012027,0.0395
1770015625,0.0395
1770019223,0.04
1770022828,0.0415
1770026425,0.0385
1770030026,0.0385
1770033638,0.0405
1770037222,0.0405
1770040848,0.039
1770044430,0.0395
1770048023,0.0385
1770051627,0.0335
1770055229,0.0355
1770058824,0.0375
1770062426,0.0375
1770066030,0.036
1770069623,0.0355
1770073224,0.0335
1770076837,0.0345
1770080423,0.0355
1770084023,0.0275
1770087635,0.0275
1770091224,0.0285
1770094828,0.0335
1770098427,0.0335
1770102035,0.0315
1770105626,0.0295
1770109231,0.0305
1770112829,0.0325
1770116423,0.03
1770120044,0.03
1770123624,0.0295
1770127251,0.0295
1770130828,0.0335
1770134425,0.0345
1770138037,0.0295
1770141632,0.0285
1770145225,0.0295
1770148828,0.0295
1770152432,0.0285
1770156023,0.028
1770159630,0.0315
1770163246,0.033
1770166819,0.0325
1770170421,0.0335
1770174023,0.0335
1770177620,0.0305
1770181222,0.0285
1770184823,0.03
1770188420,0.0305
1770192020,0.0305
1770195632,0.0305
1770199219,0.0315
1770202823,0.0305
1770206438,0.0305
1770210021,0.0305
1770213620,0.031
1770217234,0.031
1770220846,0.0295
1770224435,0.0295
1770228034,0.0295
1770231620,0.0295
1770235223,0.029
1770238832,0.029
1770242421,0.029
1770246021,0.0305
1770249631,0.03
1770253220,0.029
1770256821,0.029
1770260451,0.029
1770264021,0.0285
1770267621,0.029
1770271227,0.028
1770274824,0.0305
1770278421,0.029
1770282031,0.0265
1770285626,0.0315
1770289222,0.0275
1770292843,0.0265
1770296425,0.0285
1770300022,0.0285
1770303643,0.0285
1770307222,0.0285
1770310827,0.0275
1770314431,0.0275
1770318052,0.0295
1770321639,0.028
1770325235,0.0265
1770328840,0.0345
1770332424,0.033
1770336040,0.03
1770339630,0.028
1770343222,0.026
1770346848,0.0295
1770350434,0.026
1770354024,0.025
1770357629,0.0255
1770361228,0.0255
1770364827,0.0255
1770368436,0.0265
1770372024,0.0275
1770375624,0.028
1770379243,0.029
1770382824,0.03
1770386427,0.0295
1770390037,0.031
1770393625,0.0295
1770397235,0.031
1770400834,0.029
1770404426,0.029
1770408025,0.0275
1770411628,0.028
1770415224,0.028
1770418826,0.03
1770422449,0.028
1770429624,0.0285
1770433229,0.0295
1770436851,0.0315
1770440425,0.0305
1770444032,0.029
1770447627,0.0275
1770451225,0.0285
1770454837,0.028
1770458426,0.028
1770462031,0.028
1770465646,0.028
1770469232,0.0285
1770472827,0.0285
1770476438,0.0265
1770480026,0.0285
1770483625,0.027
1770487237,0.027
1770490826,0.027
1770494426,0.027
1770498042,0.027
1770501626,0.027
1770505226,0.027
1770508845,0.028
1770512427,0.028
1770516026,0.028
1770519630,0.0275
1770523255,0.027
1770526825,0.027
1770530432,0.027
1770534040,0.027
1770537624,0.025
1770541247,0.0255
1770544840,0.0255
1770548424,0.026
1770552058,0.0275
1770555641,0.029
1770559224,0.027
1770562851,0.025
1770566425,0.026
1770570044,0.026
1770573629,0.025
1770577224,0.025
1770580828,0.026
1770584438,0.0265
1770588026,0.026
1770591624,0.026
1770595243,0.026
1770598825,0.026
1770602424,0.0255
1770606030,0.026
1770609634,0.0245
1770613223,0.0245
1770616831,0.0245
1770620424,0.0245
1770624038,0.0245
1770627640,0.0245
1770631223,0.0245
1770634822,0.0245
1770642023,0.0235
1770645624,0.0235
1770649242,0.0235
1770652851,0.0235
1770656422,0.0235
1770660040,0.025
1770663625,0.027
1770667224,0.0265
1770670837,0.0245
1770674423,0.022
1770678024,0.0225
1770681646,0.026
1770685224,0.026
1770688838,0.026
1770692436,0.0285
1770696024,0.0325
1770699624,0.0315
1770703254,0.0305
1770706835,0.028
1770710424,0.028
1770714036,0.0275
1770717624,0.0285
1770721225,0.029
1770728428,0.031
1770732024,0.031
1770735641,0.028
1770739229,0.028
1770742829,0.029
1770746436,0.0285
1770750044,0.028
1770753657,0.0265
1770757238,0.026
1770760824,0.027
1770764428,0.027
1770768055,0.025
1770771624,0.0285
1770775225,0.031
1770778842,0.033
1770782428,0.0335
1770786024,0.034
1770789633,0.034
1770793226,0.0345
1770796825,0.0335
1770800443,0.032
1770804024,0.03
1770807624,0.0295
1770811247,0.0295
1770814824,0.0305
1770818429,0.026
1770822056,0.026
1770825624,0.028
1770829237,0.024
1770832839,0.024
1770836425,0.025
1770840055,0.0245
1770847226,0.0255
1770850826,0.025
1770854455,0.023
1770858020,0.025
1770861625,0.024
1770865236,0.024
1770868821,0.0235
1770872421,0.024
1770876027,0.024
1770879623,0.024
1770883244,0.024
1770890428,0.024
1770894022,0.024
1770897646,0.0235
1770901221,0.0235
1770904822,0.0235
1770908436,0.0235
1770912022,0.0235
1770915656,0.0225
1770919227,0.0225
1770922822,0.022
1770926425,0.022
1770933621,0.0275
1770937223,0.03
1770940846,0.029
1770944444,0.029
1770948023,0.028
1770951653,0.0265
1770955222,0.0255
1770958822,0.024
1770962437,0.023
1770966025,0.022
1770969622,0.023
1770973238,0.0245
1770976823,0.023
1770980422,0.024
1770984051,0.0235
1770987627,0.0235
1770991224,0.0225
1770994842,0.021
1770998428,0.0215
1771002054,0.021
1771005638,0.021
1771009223,0.0205
1771012829,0.02
1771016440,0.02
1771020024,0.02
1771023625,0.02
1771027251,0.0235
1771030824,0.0235
1771034428,0.0235
1771038029,0.024
1771041625,0.0235
1771045225,0.0235
1771048844,0.0235
1771052427,0.0235
1771056028,0.0235
1771059644,0.026
1771063225,0.0285
1771066830,0.0315
1771070456,0.031
1771074024,0.031
1771077625,0.031
1771081241,0.0315
1771084826,0.0315
1771088439,0.0315
1771092040,0.027
1771095627,0.026
1771102842,0.0265
1771106429,0.0245
1771110055,0.0245
1771113652,0.0245
1771117226,0.0245
1771120849,0.0245
1771124435,0.0245
1771128025,0.0245
1771131625,0.0245
1771135242,0.0245
1771138827,0.0245
1771142427,0.0245
1771146042,0.0245
1771149633,0.0245
1771153242,0.0245
1771156857,0.0245
1771160426,0.0245
1771164026,0.0245
1771167657,0.0245
1771171227,0.0245
1771174832,0.0245
1771178450,0.0245
1771182029,0.0245
1771185629,0.0245
1771189247,0.0245
1771192826,0.0245
1771196426,0.0245
1771203638,0.02
1771207226,0.0195
1771210833,0.0195
1771214426,0.0195
1771218029,0.0195
1771221641,0.0195
1771225227,0.0195
1771228826,0.0195
1771236026,0.0195
1771239626,0.0195
1771246831,0.0195
1771250428,0.0195
1771257627,0.0195
1771261226,0.0195
1771264849,0.0195
1771268428,0.0195
1771272027,0.0195
1771275647,0.0195
1771279234,0.0195
1771282826,0.0195
1771286454,0.019
1771290030,0.019
1771293626,0.019
1771297244,0.019
1771300832,0.019
1771304425,0.019
1771308044,0.019
1771311627,0.019
1771315238,0.019
1771318845,0.0215
1771322431,0.0235
1771326026,0.021
1771333227,0.023
1771336826,0.023
1771340455,0.0235
1771344027,0.0275
1771347654,0.0275
1771351257,0.0275
1771354807,0.0285
1771354840,0.0285
1771358426,0.031
1771362044,0.0315
1771365632,0.0285
1771369226,0.028
1771372859,0.0285
1771376425,0.0285
1771380026,0.0285
1771383630,0.0285
1771387226,0.0285
1771390840,0.0285
1771394444,0.0285
1771398027,0.0285
1771401627,0.0285
1771408829,0.0285
1771412430,0.0285
1771416056,0.0285
1771419626,0.0285
1771423228,0.0285
1771430431,0.035
1771434026,0.0325
1771437647,0.033
1771441228,0.0335
1771448459,0.0385
1771452032,0.0385
1771455627,0.0385
1771462828,0.0365
1771466429,0.0355
1771470048,0.0345
1771473628,0.0345
1771477229,0.0345
1771484428,0.0345
1771488028,0.026
1771491652,0.026
1771495230,0.0245
1771498830,0.0245
1771506028,0.025
1771509630,0.025
1771513251,0.0255
1771516833,0.026
1771520453,0.025
1771524053,0.0235
1771527631,0.0235
1771531231,0.023
1771534853,0.023
1771538431,0.023
1771542030,0.023
1771545656,0.023
1771549237,0.023
1771552825,0.023
1771556453,0.0235
1771560024,0.0235
1771563623,0.025
1771567245,0.024
1771570824,0.023
1771574425,0.0225
1771578037,0.0225
1771581625,0.023
1771585225,0.023
1771588834,0.023
1771592454,0.023
1771596023,0.022
1771599632,0.022
1771603259,0.022
1771606851,0.0215
1771610432,0.023
1771614032,0.0215
1771617627,0.023
1771621232,0.0235
1771624827,0.023
1771628426,0.023
1771632037,0.023
1771635632,0.023
1771639225,0.023
1771642834,0.022
1771646434,0.022
1771650025,0.0225
1771657228,0.024
1771660827,0.0245
1771664434,0.0245
1771668029,0.0245
1771671638,0.0245
1771675237,0.0245
1771678836,0.0245
1771682428,0.0245
1771686036,0.0245
1771689628,0.0245
1771693245,0.024
1771696835,0.0235
1771700435,0.0235
1771704036,0.0235
1771707636,0.0235
1771711229,0.0235
1771714829,0.0235
1771718437,0.0235
1771722029,0.023
1771725630,0.0225
1771729249,0.0215
1771732826,0.0215
1771736427,0.0215
1771740033,0.0215
1771747234,0.0215
1771750836,0.021
1771754430,0.021
1771758029,0.0215
1771761647,0.021
1771765228,0.021
1771772435,0.0235
1771776032,0.0235
1771779656,0.0235
1771783243,0.0235
1771786832,0.0235
1771790432,0.0225
1771794044,0.0215
1771797630,0.0215
1771801230,0.0225
1771804845,0.0225
1771812029,0.022
1771815635,0.0225
1771819233,0.0225
1771822828,0.0225
1771826439,0.0225
1771830029,0.0225
1771833643,0.023
1771837236,0.0235
1771840827,0.0245
1771844440,0.0245
1771848051,0.0245
1771851627,0.0245
1771855227,0.0235
1771858850,0.0235
1771862428,0.023
1771866032,0.022
1771869652,0.022
1771873228,0.0225
1771876828,0.0225
1771880436,0.023
1771884029,0.023
1771887632,0.0235
1771891246,0.0235
1771894828,0.0235
1771898435,0.0235
1771902035,0.0235
1771905629,0.0235
1771909246,0.0235
1771912836,0.0235
1771916440,0.0235
1771920046,0.0235
1771923644,0.0235
1771927229,0.0235
1771930828,0.0235
1771938033,0.0235
1771941629,0.024
1771945238,0.0225
1771948829,0.0215
1771952451,0.0215
1771956039,0.022
1771959629,0.0225
1771963229,0.022
1771966836,0.0215
1771970444,0.021
1771974059,0.022
1771977652,0.021
1771981230,0.021
1771984844,0.021
1771988436,0.0235
1771995629,0.021
1771999236,0.0215
1772002830,0.0225
1772006433,0.0225
1772010037,0.022
1772013628,0.022
1772017229,0.0235
1772020858,0.022
1772024427,0.022
1772028035,0.0205
1772031643,0.0205
1772035229,0.0215
1772038828,0.021
1772042437,0.021
1772046031,0.0215
1772049645,0.02
1772053238,0.0205
1772056831,0.0215
1772060435,0.022
1772064046,0.022
1772067629,0.0215
1772071231,0.022
1772078442,0.0225
1772082031,0.022
1772085639,0.022
1772089233,0.0235
1772092834,0.023
1772096455,0.023
1772100031,0.023
1772103629,0.022
1772110832,0.022
1772114435,0.022
1772118046,0.022
1772121650,0.0215
1772125238,0.0215
1772128858,0.0215
1772132436,0.021
1772136037,0.0215
1772139642,0.0225
1772143234,0.021
1772146834,0.0205
1772150452,0.02
1772154034,0.021
1772157634,0.0205
1772161242,0.0215
1772164834,0.0235
1772168449,0.024
1772172042,0.024
1772175634,0.024
1772179239,0.024
1772182848,0.025
1772186436,0.027
1772190038,0.026
1772197237,0.0275
1772200834,0.0275
1772204447,0.0275
1772208047,0.023
1772215251,0.023
1772218836,0.0255
1772222436,0.026
1772226045,0.026
1772229638,0.026
1772233243,0.025
1772236849,0.025
1772240432,0.024
1772244037,0.024
1772247635,0.024
1772251234,0.0225
1772254833,0.0225
1772258440,0.0225
1772262039,0.0225
1772265644,0.0235
1772272839,0.0235
1772276434,0.0225
1772280002,0.022
1772283635,0.022
1772287249,0.0215
1772290838,0.0215
1772294437,0.0215
1772301639,0.023
1772305237,0.0225
1772308837,0.0225
1772312439,0.0225
1772316040,0.0225
1772319634,0.022
1772326840,0.022
1772330436,0.021
1772334040,0.021
1772337637,0.0215
1772341234,0.022
1772348432,0.022
1772352035,0.0215
1772355651,0.022
1772359242,0.022
1772362834,0.022
1772366453,0.0215
1772370034,0.0215
1772373638,0.0215
1772377245,0.0215
1772380838,0.02
1772384434,0.021
1772388039,0.0205
1772391635,0.021
1772395236,0.02
1772398844,0.02
1772402438,0.02
1772406034,0.02
1772413233,0.0195
1772416834,0.0195
1772420440,0.0195
1772424033,0.0195
1772427631,0.0195
1772431235,0.0195
1772434832,0.0195
1772438433,0.0195
1772442038,0.0195
1772445634,0.0195
1772449232,0.0195
1772452851,0.0195
1772456434,0.0195
1772460035,0.0195
1772467235,0.0195
1772478039,0.0195
1772481638,0.0195
1772485240,0.0195
1772488837,0.0195
1772492434,0.021
1772496056,0.027
1772499635,0.027
1772503248,0.026
1772506843,0.0275
1772510435,0.029
1772514035,0.0285
1772521238,0.029
1772524837,0.029
1772528442,0.029
1772532037,0.029
1772535648,0.029
1772539258,0.029
1772542838,0.029
1772550050,0.029
1772553638,0.0245
1772557238,0.024
1772560846,0.021
1772564439,0.02
1772568040,0.0195
1772571606,0.0185
1772575248,0.0185
1772578839,0.0185
1772582456,0.0185
1772586039,0.0185
1772589640,0.0185
1772593242,0.0185
1772596837,0.0185
1772600434,0.0185
1772604043,0.0185
1772607634,0.0185
1772611234,0.023
1772614842,0.0215
1772618439,0.0185
1772622038,0.0185
1772625651,0.0185
1772629238,0.0185
1772632838,0.0185
1772640038,0.0185
1772647243,0.018
1772650837,0.0185
1772654449,0.02
1772658045,0.0235
1772661637,0.0225
1772665236,0.0215
1772668853,0.0225
1772672443,0.0235
1772676037,0.022
1772679638,0.0205
1772683232,0.0205
1772686837,0.0205
1772690438,0.02
1772694034,0.02
1772697644,0.02
1772701236,0.02
1772704851,0.02
1772708443,0.0195
1772715636,0.0195
1772719239,0.0195
1772722848,0.0195
1772726434,0.0195
1772733646,0.0195
1772737233,0.0195
1772744438,0.02
1772748034,0.0205
1772751648,0.02
1772755252,0.02
1772758841,0.02
1772762435,0.02
1772766039,0.02
1772769635,0.02
1772773245,0.02
1772776840,0.019
1772780436,0.0185
1772784034,0.0185
1772787637,0.0185
1772791236,0.02
1772794833,0.019
1772798453,0.019
1772805637,0.019
1772812838,0.0185
1772816436,0.0185
1772820041,0.019
1772823636,0.02
1772827241,0.019
1772830840,0.0195
1772834434,0.0195
1772838034,0.0195
1772841656,0.0195
1772845234,0.0185
1772848832,0.018
1772852443,0.018
1772856032,0.018
1772859636,0.0175
1772863251,0.0165
1772866833,0.0165
1772870457,0.0165
1772874046,0.0165
1772877634,0.0165
1772881244,0.0165
1772884857,0.0165
1772888436,0.0165
1772892035,0.0165
1772895645,0.0165
1772899244,0.0165
1772902857,0.0165
1772906447,0.0165
1772910034,0.0165
1772913636,0.0165
1772917245,0.0165
1772920834,0.0165
1772924432,0.0165
1772928045,0.0165
1772931630,0.017
1772935231,0.017
1772938854,0.017
1772942433,0.017
1772946029,0.017
1772949643,0.017
1772953241,0.017
1772956830,0.017
1772960442,0.0165
1772964031,0.0165
1772967633,0.0165
1772971244,0.0165
1772974829,0.0165
1772978439,0.0165
1772982042,0.0165
1772985629,0.0165
1772992841,0.0165
1772996430,0.0165
1773000031,0.0165
1773003655,0.0165
1773007228,0.0165
1773010830,0.0165
1773014441,0.0165
1773018035,0.0165
1773021628,0.017
1773025240,0.017
1773028828,0.017
1773032428,0.0165
1773036048,0.0165
1773039631,0.0165
1773043228,0.0165
1773046840,0.0165
1773050431,0.0165
1773054026,0.0165
1773057640,0.0165
1773061226,0.0155
1773064828,0.0155
1773068439,0.0155
1773072026,0.0155
1773075647,0.0155
1773079242,0.0155
1773082832,0.0155
1773086432,0.0155
1773090043,0.0155
1773093631,0.0155
1773097232,0.0155
1773100850,0.0155
1773104430,0.0155
1773108032,0.0155
1773111638,0.0155
1773115236,0.0155
1773118833,0.016
1773122443,0.0155
1773126036,0.016
1773129632,0.016
1773133259,0.016
1773136851,0.016
1773140432,0.016
1773144054,0.016
1773147639,0.0155
1773151237,0.0155
1773154856,0.0155
1773158441,0.0155
1773162033,0.0155
1773165650,0.0155
1773169236,0.0155
1773172837,0.0155
1773176450,0.0155
1773180036,0.0155
1773183636,0.0155
1773187254,0.0155
1773190838,0.0155
1773194437,0.0155
1773198051,0.0155
1773201637,0.0155
1773205236,0.0155
1773208851,0.0155
1773212438,0.0155
1773216037,0.0155
1773219647,0.0155
1773223245,0.016
1773226838,0.0155
1773234036,0.0155
1773237637,0.0155
1773244838,0.0155
1773252051,0.0155
1773255638,0.015
1773259241,0.015
1773262855,0.015
1773266443,0.015
1773270036,0.015
1773273656,0.015
1773277236,0.015
1773280836,0.015
1773284452,0.015
1773288037,0.015
1773291643,0.015
1773295253,0.015
1773298840,0.015
1773302440,0.0155
1773306049,0.0155
1773313236,0.0155
1773324041,0.015
1773327654,0.0145
1773331239,0.0145
1773342035,0.0145
1773345643,0.0155
1773349254,0.0155
1773352838,0.0155
1773356446,0.0155
1773363640,0.0155
1773367239,0.015
1773370852,0.015
1773374440,0.015
1773378035,0.015
1773381656,0.015
1773385246,0.015
1773388836,0.015
1773392454,0.015
1773396038,0.014
1773399652,0.0155
1773406847,0.014
1773410452,0.014
1773417651,0.014
1773421239,0.0135
1773424859,0.0135
1773428454,0.0135
1773432039,0.0135
1773439252,0.0145
1773442836,0.0145
1773450038,0.014
1773453637,0.014
1773460836,0.0145
1773464437,0.014
1773471638,0.014
1773475239,0.014
1773478857,0.014
1773482439,0.0145
1773486039,0.014
1773496840,0.0135
1773504043,0.0135
1773511258,0.0135
1773514847,0.0125
1773518438,0.0125
1773522058,0.0125
1773525647,0.0125
1773529236,0.0135
1773536436,0.0135
1773540041,0.0135
1773547237,0.0135
1773550838,0.0135
1773554455,0.013
1773558037,0.013
1773561645,0.013
1773565256,0.013
1773568849,0.013
1773572437,0.013
1773579653,0.013
1773583251,0.013
1773590439,0.0135
1773601249,0.0135
1773604844,0.0135
1773608458,0.0135
1773612052,0.013
1773615642,0.0135
1773622834,0.0135
1773626435,0.013
1773630052,0.013
1773633644,0.0125
1773637235,0.0125
1773644433,0.0125
1773648036,0.0125
1773651640,0.0125
1773655236,0.0115
1773658834,0.0115
1773662442,0.0115
1773666039,0.0115
1773669648,0.0115
1773673244,0.0115
1773676838,0.0105
1773680438,0.0105
1773684043,0.0105
1773687643,0.0105
1773691237,0.011
1773694856,0.011
1773698440,0.011
1773702041,0.011
1773705648,0.011
1773709240,0.0115
1773712841,0.011
1773716445,0.011
1773720046,0.011
1773723655,0.011
1773727246,0.011
1773730854,0.0105
1773734445,0.0105
1773738050,0.0105
1773741654,0.0105
1773745241,0.0105
1773748852,0.0105
1773752442,0.0105
1773756046,0.0105
1773759654,0.0105
1773763243,0.0105
1773766845,0.0105
1773770451,0.0105
1773774045,0.0105
1773777646,0.0105
1773781253,0.0105
1773784819,0.0105
1773788440,0.0105
1773792051,0.0105
1773795641,0.01
1773799241,0.0105
1773802848,0.0105
1773806439,0.0105
1773810044,0.011
1773813651,0.011
1773817245,0.011
1773820840,0.011
1773824456,0.011
1773828045,0.0115
1773831641,0.011
1773838841,0.0105
1773842447,0.0105
1773849647,0.0105
1773853240,0.0105
1773860445,0.0105
1773864055,0.0105
1773871256,0.0105
1773874839,0.0105
1773882041,0.0105
1773885642,0.0105
1773892844,0.0105
1773896442,0.0105
1773907243,0.0105
1773914447,0.0105
1773921657,0.0105
1773925244,0.0105
1773928845,0.0105
1773932451,0.0105
1773936043,0.0105
1773943252,0.0105
1773946844,0.01
1773950448,0.0105
1773954051,0.0105
1773957646,0.0105
1773961244,0.0105
1773964855,0.0105
1773968443,0.01
1773972057,0.01
1773979246,0.0105
1773982846,0.0105
1773986458,0.0105
1773990046,0.0105
1773993644,0.0105
1773997254,0.0115
1774004443,0.0115
1774008051,0.0115
1774011653,0.0115
1774015248,0.0115
1774018853,0.0115
1774022441,0.0115
1774026043,0.0125
1774029656,0.0115
1774033243,0.0115
1774036844,0.0115
1774044052,0.0115
1774047650,0.0115
1774051254,0.0115
1774054853,0.0115
1774058457,0.0115
1774062045,0.0115
1774065648,0.0115
1774069242,0.0115
1774072855,0.0115
1774076459,0.0115
1774080042,0.0115
1774083644,0.0115
1774087242,0.0115
1774090846,0.011
1774094448,0.0115
1774098047,0.0115
1774101656,0.0115
1774108800,0.0115
1774116051,0.011
1774119645,0.0105
1774123245,0.0105
1774126848,0.0105
1774130447,0.0105
1774134043,0.011
1774137652,0.011
1774141241,0.011
1774144838,0.011
1774148441,0.011
1774152037,0.011
1774155645,0.011
1774159242,0.0115
1774162835,0.0115
1774166437,0.011
1774170040,0.0115
1774173637,0.0115
1774177234,0.0115
1774180858,0.0115
1774184457,0.0115
1774188038,0.0115
1774191640,0.0105
1774195241,0.0105
1774202445,0.0105
1774206038,0.0105
1774209637,0.01
1774213242,0.01
1774216840,0.01
1774220440,0.01
1774224045,0.01
1774227636,0.01
1774231238,0.01
1774234845,0.01
1774238433,0.01
1774242043,0.01
1774245646,0.01
1774249239,0.0105
1774252842,0.011
1774256453,0.011
1774260038,0.011
1774263634,0.011
1774267243,0.011
1774270845,0.0095
1774274438,0.0095
1774278038,0.0095
1774281637,0.0095
1774288839,0.0115
1774292455,0.0115
1774296041,0.0115
1774299646,0.0115
1774303237,0.0115
1774306838,0.0115
1774310440,0.011
1774314031,0.011
1774317634,0.011
1774321238,0.011
1774324837,0.011
1774328436,0.011
1774332049,0.011
1774335636,0.011
1774339233,0.011
1774342840,0.011
1774346433,0.011
1774353647,0.011
1774357248,0.011
1774360837,0.011
1774364443,0.011
1774368035,0.011
1774371642,0.0105
1774375248,0.0105
1774378837,0.0105
1774382440,0.0105
1774386059,0.0105
1774389635,0.0105
1774393238,0.0105
1774396849,0.0105
1774400436,0.0095
1774404038,0.0105
1774407641,0.0105
1774411240,0.0105
1774414839,0.0105
1774418447,0.0105
1774422037,0.0105
1774425636,0.0105
1774429246,0.0105
1774432841,0.0105
1774436443,0.0105
1774440052,0.0105
1774443641,0.0105
1774447251,0.0105
1774450848,0.0105
1774454441,0.0105
1774458038,0.0105
1774461650,0.0105
1774465241,0.0105
1774468841,0.0105
1774472444,0.0105
1774476038,0.0105
1774479640,0.0105
1774483253,0.0105
1774486842,0.0105
1774490440,0.0105
1774494048,0.0105
1774497642,0.0105
1774501239,0.0105
1774504852,0.0105
1774508452,0.0105
1774512047,0.0105
1774515644,0.0105
1774519246,0.0105
1774522836,0.0105
1774530054,0.0105
1774533642,0.0105
1774537249,0.0105
1774540848,0.0105
1774548050,0.0105
1774551650,0.0105
1774555242,0.0105
1774558849,0.0105
1774562442,0.0105
1774566039,0.0105
1774569656,0.0105
1774573249,0.0105
1774576849,0.0105
1774580454,0.0085
1774584044,0.0075
1774587646,0.007
1774591252,0.007
1774594843,0.0075
1774598439,0.0075
1774602049,0.0075
1774605640,0.0075
1774609244,0.0075
1774612855,0.0065
1774616453,0.0055
1774620046,0.0065
1774623651,0.0065
1774627245,0.0065
1774638046,0.007
1774641658,0.007
1774645257,0.007
1774648846,0.007
1774652459,0.007
1774659647,0.007
1774663246,0.007
1774666855,0.007
1774670446,0.007
1774674043,0.007
1774677659,0.008
1774681245,0.0075
1774684848,0.0075
1774688459,0.0075
1774692057,0.0075
1774695657,0.0075
1774713651,0.0075
1774724450,0.0085
1774728052,0.0085
1774735257,0.008
1774738856,0.008
1774746059,0.0085
1774756856,0.0085
1774771257,0.008
1774800055,0.0085
1774810858,0.0085
1774864857,0.006
1774976439,0.006
1774987207,0.006
1775005252,0.006
1775008856,0.0055
1775019653,0.0055
1775023257,0.0055
1775034002,0.0055
1775037653,0.0055
1775041252,0.0055
1775048453,0.0055
1775052058,0.0055
1775077229,0.0055
1775080856,0.0055
1775095259,0.0055
1775102458,0.0055
1775106057,0.0055
1775113255,0.0055
1775116855,0.0055
1775120458,0.0055
1775124054,0.0055
1775142014,0.0055
1775145615,0.0055
1775149226,0.0055
1775156455,0.0055
1775160058,0.0055
1775170856,0.0055
1775178056,0.005
1775188856,0.005
1775192409,0.005
1775199658,0.005
1775203258,0.005
1775210459,0.005
1775214058,0.0045
1775235604,0.0045
1775239230,0.0045
1775242826,0.0045
1775250014,0.0045
1775300402,0.0055
1775311213,0.0055
1775322020,0.005
1775329217,0.0045
1775347226,0.0045
1775350803,0.0045
1775397603,0.0045
1775408402,0.0045
1775422816,0.0035
1775466015,0.0035
1775491212,0.0035
1775498453,0.0035
1775541613,0.0035
1775570455,0.0035
1775574000,0.0035
1775581245,0.0035
1775584859,0.0035
1775588459,0.0035
1775592004,0.0035
1775599204,0.0035
1775610004,0.0035
1775613645,0.0035
1775624402,0.0025
1775638822,0.0015
1775653259,0.0015
1775660438,0.0015
1775689249,0.0015
1775692841,0.0015
1775696457,0.0025
1775700059,0.0025
1775707258,0.002
1775710857,0.0015
1775718055,0.0015
1775721655,0.0015
1775728857,0.0015
1775732457,0.0015
1775746821,0.0015
1775800848,0.0015
1775808016,0.0015
1775811616,0.0015
1775826019,0.0015
1775833253,0.0015
1775836805,0.0015
1775840440,0.0015
1775851220,0.0015
1775862026,0.0015
1775887208,0.0015
1775901630,0.0015
1775944815,0.0015
1775952025,0.0015
