transaction_hash,wallet,side,outcome,asset_token_id,condition_id,price,size,usdc_size,timestamp,title
0xb92cc8207eef5a8f32e919afd166c159a621f3ed86ab48fb078541c054043e04,0x46fe6db91d96fc8ab2c1b52657064e6e9273b72e,SELL,Yes,6511320115012073314258114900202512333073214818740802888332361452934837274686,0x5450fdfa7f5d9198c8bb06894478ab983dcf181c7796a84980fd7fd13d364e7b,0.001,253.68,0.25368,1730881431,Will a Democrat win Nebraska Presidential Election?
0x16315ea8b557f4e2a0a925940d903a7cab2073c4de409466f1876239c1cb62d3,0x08f27ce60913bc34af6564dcfc0431a413b5731a,BUY,Yes,6511320115012073314258114900202512333073214818740802888332361452934837274686,0x5450fdfa7f5d9198c8bb06894478ab983dcf181c7796a84980fd7fd13d364e7b,0.0375730321,585.526314,21.999998991316676,1730881061,Will a Democrat win Nebraska Presidential Election?
0x3ffd525e642b52ff0983b9954c2f67013ea1093e5f342048a121de3784b84e95,0xb77cec06b41ebf81764d63d5d2a07270cf4eded9,BUY,No,35770901684551795669491368577279542243430622770277005790758177182695013574212,0x5450fdfa7f5d9198c8bb06894478ab983dcf181c7796a84980fd7fd13d364e7b,0.999,0.01,0.00999,1730880643,Will a Democrat win Nebraska Presidential Election?
0x2c86d0595d08ee81e81b15cfb94c64249863f2810c159443b69bfe9ad97a73f4,0x294d5627b8c1b91b75c9d00b801e677011367d08,SELL,Yes,6511320115012073314258114900202512333073214818740802888332361452934837274686,0x5450fdfa7f5d9198c8bb06894478ab983dcf181c7796a84980fd7fd13d364e7b,0.0015730657,333.33,0.524349989781,1730876267,Will a Democrat win Nebraska Presidential Election?
0x6457d06e285b3a18f204877503637560d2de6a7da38c1f6a4c81a12770a73281,0xc91142170343bdbbfda1b6ccb695f3fafb3934af,BUY,No,35770901684551795669491368577279542243430622770277005790758177182695013574212,0x5450fdfa7f5d9198c8bb06894478ab983dcf181c7796a84980fd7fd13d364e7b,0.9979039824,0.010019,0.0099979999996656,1730875393,Will a Democrat win Nebraska Presidential Election?
0x17e17f592351d02e5b57b7e231379d57c7ac85d946fd02217e3ade2dc2254a50,0x7b41dc135d2201a75fc42c8b97949a8f7f2bdfcd,SELL,Yes,6511320115012073314258114900202512333073214818740802888332361452934837274686,0x5450fdfa7f5d9198c8bb06894478ab983dcf181c7796a84980fd7fd13d364e7b,0.002,3.44,0.00688,1730874531,Will a Democrat win Nebraska Presidential Election?
0xa1ec76a0d8066090d41067c8ea75b3f3590708e29b02517c3596de67ba2fd235,0x891a1f911b2074c279c2df730e18b81e94961636,SELL,Yes,6511320115012073314258114900202512333073214818740802888332361452934837274686,0x5450fdfa7f5d9198c8bb06894478ab983dcf181c7796a84980fd7fd13d364e7b,0.002,736.64,1.47328,1730873583,Will a Democrat win Nebraska Presidential Election?
0xd162f6ca392c40fa49e00d721a41c36c7f00032ef97a1acd359f39ea45812a92,0xb532895e91e79422299d365c6bd0367ac35a916b,BUY,No,35770901684551795669491368577279542243430622770277005790758177182695013574212,0x5450fdfa7f5d9198c8bb06894478ab983dcf181c7796a84980fd7fd13d364e7b,0.997,250,249.25,1730866115,Will a Democrat win Nebraska Presidential Election?
0x17a5b23e052080cc38e2a72106cf63ffae533b6796fa814f51e0107d40a61fc5,0x1a4ad07f182ab26bee6efbdd38d39cb5d77cc5e5,BUY,Yes,6511320115012073314258114900202512333073214818740802888332361452934837274686,0x5450fdfa7f5d9198c8bb06894478ab983dcf181c7796a84980fd7fd13d364e7b,0.0979999915,102.040815,9.999999002653071,1730863999,Will a Democrat win Nebraska Presidential Election?
0x512e339894a9c091292aa131868d78f7a97e63330a4e098a2b4c45e1bbfc735c,0x25a7fcfe11abd6ae873148584fa3e1b6aa98a4c8,BUY,Yes,6511320115012073314258114900202512333073214818740802888332361452934837274686,0x5450fdfa7f5d9198c8bb06894478ab983dcf181c7796a84980fd7fd13d364e7b,0.0989999832,50.505049,4.999999002515177,1730863047,Will a Democrat win Nebraska Presidential Election?
0x91cde3513c6f833b499ba479a03936a9ec76748f2e6f12eee6f00744fa82f14b,0xb925a994b73c55ac81ef7e2ae2b7244d61cd0f4a,BUY,Yes,6511320115012073314258114900202512333073214818740802888332361452934837274686,0x5450fdfa7f5d9198c8bb06894478ab983dcf181c7796a84980fd7fd13d364e7b,0.099,750,74.25,1730860455,Will a Democrat win Nebraska Presidential Election?
0x447311ecda7eabfa561002f0f6c9c64af67b3cdf6bc71ef5faaf159be6838366,0xb925a994b73c55ac81ef7e2ae2b7244d61cd0f4a,BUY,Yes,6511320115012073314258114900202512333073214818740802888332361452934837274686,0x5450fdfa7f5d9198c8bb06894478ab983dcf181c7796a84980fd7fd13d364e7b,0.098,753,73.794,1730860429,Will a Democrat win Nebraska Presidential Election?
0x4d7a3b35095776eb430f5a8b12b791dd59350d32cbb15450037a25595f658056,0x6ffb4354cbe6e0f9989e3b55564ec5fb8646a834,BUY,No,35770901684551795669491368577279542243430622770277005790758177182695013574212,0x5450fdfa7f5d9198c8bb06894478ab983dcf181c7796a84980fd7fd13d364e7b,0.94,41.56,39.0664,1730860043,Will a Democrat win Nebraska Presidential Election?
0xec3a1fbbc8776ee4d05331ff306129cd6a475dd6506fe32f4e226acec00a5d38,0xb9fea50bf36bc62273e534ac8726d020be6f60ad,BUY,No,35770901684551795669491368577279542243430622770277005790758177182695013574212,0x5450fdfa7f5d9198c8bb06894478ab983dcf181c7796a84980fd7fd13d364e7b,0.94,6.37,5.9878,1730859959,Will a Democrat win Nebraska Presidential Election?
0xbbadae098aa097ff7ceb2e5c43f4735a212f00544706e99aba57a6c9c2acaadc,0xb9fea50bf36bc62273e534ac8726d020be6f60ad,BUY,No,35770901684551795669491368577279542243430622770277005790758177182695013574212,0x5450fdfa7f5d9198c8bb06894478ab983dcf181c7796a84980fd7fd13d364e7b,0.94,5,4.699999999999999,1730859883,Will a Democrat win Nebraska Presidential Election?
0xd13877c601886a6ad12d073a1c97ca5aedadc9df0bdfd9897c962b5db0d1b12e,0x58caa2f2787c73901336ce36282a7b28c1a6cc33,BUY,No,35770901684551795669491368577279542243430622770277005790758177182695013574212,0x5450fdfa7f5d9198c8bb06894478ab983dcf181c7796a84980fd7fd13d364e7b,0.94,20,18.799999999999997,1730859771,Will a Democrat win Nebraska Presidential Election?
0x6c7352dbef802ee89da24b914eebb365262ae42be2ad498f6f497b91f123d260,0x7e6c7c56139d1a3795c39867ff7b8ddef776d40b,BUY,Yes,6511320115012073314258114900202512333073214818740802888332361452934837274686,0x5450fdfa7f5d9198c8bb06894478ab983dcf181c7796a84980fd7fd13d364e7b,0.06,20,1.2,1730859769,Will a Democrat win Nebraska Presidential Election?
0x58d60e9a3e57d78e6d2b0174ee8632e86079f765df31ba42af275f887e1e49ef,0x1d099afffcb0589a1e32f2d4ac9ac7e50c806d4e,BUY,Yes,6511320115012073314258114900202512333073214818740802888332361452934837274686,0x5450fdfa7f5d9198c8bb06894478ab983dcf181c7796a84980fd7fd13d364e7b,0.0658937182,564.545453,37.19999899107334,1730859297,Will a Democrat win Nebraska Presidential Election?
0xf7eddba852d84022d222254c20a5bff5624d54bdc9d1c59accfc6272a0e8f95f,0x891a1f911b2074c279c2df730e18b81e94961636,BUY,Yes,6511320115012073314258114900202512333073214818740802888332361452934837274686,0x5450fdfa7f5d9198c8bb06894478ab983dcf181c7796a84980fd7fd13d364e7b,0.0271500498,736.6469,20.00000002001562,1730857263,Will a Democrat win Nebraska Presidential Election?
0x98a76b0f9701dd27c189cce80c6ae3a5ddad4a23956dda77d039a7ed331b2453,0x4f2ba33b080882c0f6b296f48cfd07b6c326f448,BUY,No,35770901684551795669491368577279542243430622770277005790758177182695013574212,0x5450fdfa7f5d9198c8bb06894478ab983dcf181c7796a84980fd7fd13d364e7b,0.998,1000,998.0,1730852909,Will a Democrat win Nebraska Presidential Election?
0xbd1b426b35012eb1d77b23bb46c94d4b2889b2a3e496c5d01c4385554180c48e,0xd218e474776403a330142299f7796e8ba32eb5c9,BUY,No,35770901684551795669491368577279542243430622770277005790758177182695013574212,0x5450fdfa7f5d9198c8bb06894478ab983dcf181c7796a84980fd7fd13d364e7b,0.98,1000,980.0,1730852907,Will a Democrat win Nebraska Presidential Election?
0x0456cb81f813aa07ad474a51cf31f69a7e1044fa0f9fc13ab14ebcc8ddd34f4a,0xcf7e4dafc21f1505d73bc381f71bf893f56ad8af,BUY,Yes,6511320115012073314258114900202512333073214818740802888332361452934837274686,0x5450fdfa7f5d9198c8bb06894478ab983dcf181c7796a84980fd7fd13d364e7b,0.0269996761,247,6.668919996700001,1730850084,Will a Democrat win Nebraska Presidential Election?
0xf76e516646237b7c33a7c48fba001886ef7648970ac764b2aca0d7dbbc910c67,0xcf7e4dafc21f1505d73bc381f71bf893f56ad8af,BUY,Yes,6511320115012073314258114900202512333073214818740802888332361452934837274686,0x5450fdfa7f5d9198c8bb06894478ab983dcf181c7796a84980fd7fd13d364e7b,0.026,67,1.742,1730850064,Will a Democrat win Nebraska Presidential Election?
0x193ebe5b5c0c50c56ca23fedda82d1eba4b6702d90f9d67f496a4a385f6bb90a,0xe3726a1b9c6ba2f06585d1c9e01d00afaedaeb38,SELL,Yes,6511320115012073314258114900202512333073214818740802888332361452934837274686,0x5450fdfa7f5d9198c8bb06894478ab983dcf181c7796a84980fd7fd13d364e7b,0.006,23.21,0.13926,1730848875,Will a Democrat win Nebraska Presidential Election?
0x49a322b580c1bf863b20267c294f98b796bae0322c3fe562da84a8067279eeec,0x368d7f58791154eb42fdabdbd234ea2018bed476,SELL,No,35770901684551795669491368577279542243430622770277005790758177182695013574212,0x5450fdfa7f5d9198c8bb06894478ab983dcf181c7796a84980fd7fd13d364e7b,0.974,7,6.818,1730847308,Will a Democrat win Nebraska Presidential Election?
0x0531ef504480733a4d30033968eb653cdd1c5d81b7f491d5077e7de12bb96a17,0xe3726a1b9c6ba2f06585d1c9e01d00afaedaeb38,SELL,Yes,6511320115012073314258114900202512333073214818740802888332361452934837274686,0x5450fdfa7f5d9198c8bb06894478ab983dcf181c7796a84980fd7fd13d364e7b,0.006,26.79,0.16074,1730846910,Will a Democrat win Nebraska Presidential Election?
0x5908676152b751a978591bfc45cb307ea2404104691cec9974943f84eaae0ce0,0xe3726a1b9c6ba2f06585d1c9e01d00afaedaeb38,SELL,Yes,6511320115012073314258114900202512333073214818740802888332361452934837274686,0x5450fdfa7f5d9198c8bb06894478ab983dcf181c7796a84980fd7fd13d364e7b,0.01,2.42,0.0242,1730846898,Will a Democrat win Nebraska Presidential Election?
0xe4f50c2f317469d43bc95158ac36434fb027ce85d8e7166aefaf28b8f9ce4f1e,0xdde7588dcd6d6f9bc624da86337d788557261a2f,BUY,No,35770901684551795669491368577279542243430622770277005790758177182695013574212,0x5450fdfa7f5d9198c8bb06894478ab983dcf181c7796a84980fd7fd13d364e7b,0.9892509237,29.77,29.449999998549,1730838223,Will a Democrat win Nebraska Presidential Election?
0xe19f5ab6b571e5276d1a1d73f1f03684fc1ba306fd33ef2df66db657d4ce576b,0x02a0d7507c413c49abf88c08500b8843646800be,BUY,Yes,6511320115012073314258114900202512333073214818740802888332361452934837274686,0x5450fdfa7f5d9198c8bb06894478ab983dcf181c7796a84980fd7fd13d364e7b,0.0270000149,2.222221,0.0600000001110929,1730836416,Will a Democrat win Nebraska Presidential Election?
0x2ec8b1797a9252e9e7f80f1a0d762655160f135fb095eca222d5c72efb022e82,0x72ea1002cddf4fd3f0faafa135ee3d75224df5e4,BUY,Yes,6511320115012073314258114900202512333073214818740802888332361452934837274686,0x5450fdfa7f5d9198c8bb06894478ab983dcf181c7796a84980fd7fd13d364e7b,0.0260000017,19.230768,0.5000000006923057,1730834176,Will a Democrat win Nebraska Presidential Election?
0x2da65df79d825b9a45ac6f8b8f5da293b74a56e4583e43bf8b7184f4debe54c8,0x305daba733d25c7cd70cdc967c78528d9bc2c28a,BUY,No,35770901684551795669491368577279542243430622770277005790758177182695013574212,0x5450fdfa7f5d9198c8bb06894478ab983dcf181c7796a84980fd7fd13d364e7b,0.99,0.101,0.09999000000000001,1730832892,Will a Democrat win Nebraska Presidential Election?
0xc2c754fd3c2fa25dfaedcc75bc72feab73e34a91dccab5df4849d0c60cd02f8c,0x75b2c71f56d503027ebafce29d497179f033094e,BUY,No,35770901684551795669491368577279542243430622770277005790758177182695013574212,0x5450fdfa7f5d9198c8bb06894478ab983dcf181c7796a84980fd7fd13d364e7b,0.997,1.003,0.9999909999999999,1730830694,Will a Democrat win Nebraska Presidential Election?
0x7b378fc6e3a9bcb72c2b566beb3d47b5045fdae22c61479b9e76c59ba2b4ff43,0x22f7cae92409fd4a51c40935a58382a4e60afa3d,SELL,Yes,6511320115012073314258114900202512333073214818740802888332361452934837274686,0x5450fdfa7f5d9198c8bb06894478ab983dcf181c7796a84980fd7fd13d364e7b,0.003,3.07,0.00921,1730827109,Will a Democrat win Nebraska Presidential Election?
0x9b16da25487d1c644d91f4e555ee10d6f7a99e7561311569a41ff273338465fb,0x22f7cae92409fd4a51c40935a58382a4e60afa3d,BUY,Yes,6511320115012073314258114900202512333073214818740802888332361452934837274686,0x5450fdfa7f5d9198c8bb06894478ab983dcf181c7796a84980fd7fd13d364e7b,0.0260000091,3.076922,0.0799999999999902,1730827103,Will a Democrat win Nebraska Presidential Election?
0x76ea9a66233f2a66fff5796d5aa61cec8f868c482be618cb0741ae541aaf9128,0x6844b9cdfedcbf1070a1d7d65a4c365d88fdf4d2,BUY,Yes,6511320115012073314258114900202512333073214818740802888332361452934837274686,0x5450fdfa7f5d9198c8bb06894478ab983dcf181c7796a84980fd7fd13d364e7b,0.027,50,1.35,1730826081,Will a Democrat win Nebraska Presidential Election?
0xd3d08711d112c0735538fa82d1614127b3d9c25c1ca1e135c6e5b88360a837ae,0xb532895e91e79422299d365c6bd0367ac35a916b,BUY,No,35770901684551795669491368577279542243430622770277005790758177182695013574212,0x5450fdfa7f5d9198c8bb06894478ab983dcf181c7796a84980fd7fd13d364e7b,0.9917995952,2494.95,2474.49040004424,1730821775,Will a Democrat win Nebraska Presidential Election?
0xe1c264da65acc8d9857b62e0e0b2608395becca32930519eb7128bd3cd1aa8d8,0x7b41dc135d2201a75fc42c8b97949a8f7f2bdfcd,BUY,Yes,6511320115012073314258114900202512333073214818740802888332361452934837274686,0x5450fdfa7f5d9198c8bb06894478ab983dcf181c7796a84980fd7fd13d364e7b,0.0289997257,3.448274,0.0999990001384418,1730821265,Will a Democrat win Nebraska Presidential Election?
0xf674a174d9c481e401f70db88054f6292a95eb2c634e0383a7df4f230f2cb081,0x9a2d2e911c25da0b95f5d61816e49e6e82b67701,BUY,Yes,6511320115012073314258114900202512333073214818740802888332361452934837274686,0x5450fdfa7f5d9198c8bb06894478ab983dcf181c7796a84980fd7fd13d364e7b,0.0206485045,968.593102,19.99999902531596,1730821241,Will a Democrat win Nebraska Presidential Election?
0x34dacc451ce67bf1decfff5b095b86453b57b793cb41331a853cdab556abdc65,0x80516a4ec591616c6622760c7257613475fd354a,BUY,Yes,6511320115012073314258114900202512333073214818740802888332361452934837274686,0x5450fdfa7f5d9198c8bb06894478ab983dcf181c7796a84980fd7fd13d364e7b,0.02,50,1.0,1730820329,Will a Democrat win Nebraska Presidential Election?
0x5d44ad8f6373502eaee512fc68d5f5d977c3d5bd1e3386baeaa98c53d4c649a4,0x184425ff3666a12093035d00eedbdd6f5b427943,SELL,No,35770901684551795669491368577279542243430622770277005790758177182695013574212,0x5450fdfa7f5d9198c8bb06894478ab983dcf181c7796a84980fd7fd13d364e7b,0.982,49.92,49.02144,1730819865,Will a Democrat win Nebraska Presidential Election?
0xa89007b481eb7b14718d0083187d09784fafb1261976f7f94c025d54c7675ed3,0x666aa2af89353be48d3c81900b5ef41154128116,BUY,No,35770901684551795669491368577279542243430622770277005790758177182695013574212,0x5450fdfa7f5d9198c8bb06894478ab983dcf181c7796a84980fd7fd13d364e7b,0.9919999143,5.040321,4.99999800004449,1730814919,Will a Democrat win Nebraska Presidential Election?
0xae3e44837a060bc2ae17ee647fb695a759c1812996403728305234f2615bcba4,0xc7858655e88b4d52b10019d8266f4387e9cdf7e0,BUY,No,35770901684551795669491368577279542243430622770277005790758177182695013574212,0x5450fdfa7f5d9198c8bb06894478ab983dcf181c7796a84980fd7fd13d364e7b,0.991999508,1.008063,0.999998000033004,1730811899,Will a Democrat win Nebraska Presidential Election?
0xd32fa66d74fd11898b414d0cf75006039248cc061ee381ab5e9bc7cdbe9f78b1,0x1444c6f321d21edfb9ed71ecb6e37ee247d8ca22,BUY,No,35770901684551795669491368577279542243430622770277005790758177182695013574212,0x5450fdfa7f5d9198c8bb06894478ab983dcf181c7796a84980fd7fd13d364e7b,0.9919999853,25.010079,24.80999800035184,1730811016,Will a Democrat win Nebraska Presidential Election?
0x166262149a272bd7dcac2c415e0479bb43b471d68aa7094f49688b542e862158,0xb8dad8a44f115bae36f37f9f2998129ba768a875,BUY,No,35770901684551795669491368577279542243430622770277005790758177182695013574212,0x5450fdfa7f5d9198c8bb06894478ab983dcf181c7796a84980fd7fd13d364e7b,0.991999508,1.008063,0.999998000033004,1730809140,Will a Democrat win Nebraska Presidential Election?
0x1b5cc02f5e1ea49579843b8a05a73195c383d090162863bcd4772348106f118a,0x63d43bbb87f85af03b8f2f9e2fad7b54334fa2f1,BUY,No,35770901684551795669491368577279542243430622770277005790758177182695013574212,0x5450fdfa7f5d9198c8bb06894478ab983dcf181c7796a84980fd7fd13d364e7b,0.981,285.92,280.48752,1730808618,Will a Democrat win Nebraska Presidential Election?
0x6d606bf571c6dc37e981db324f87f223ae6ee9bfb7f56d8b86e413d19bc299ba,0x8e095c686c4e78658fab5dede0c6b7e1e27f3cb2,BUY,No,35770901684551795669491368577279542243430622770277005790758177182695013574212,0x5450fdfa7f5d9198c8bb06894478ab983dcf181c7796a84980fd7fd13d364e7b,0.981,200,196.2,1730808618,Will a Democrat win Nebraska Presidential Election?
0xcd5275df03787efc09083fc6587fcf6c63c2706111f724c10fe40d9686f7d80b,0xa4682fe59924d28ddde9df64606cacc9878bd55b,BUY,No,35770901684551795669491368577279542243430622770277005790758177182695013574212,0x5450fdfa7f5d9198c8bb06894478ab983dcf181c7796a84980fd7fd13d364e7b,0.9809999997,9.174263,8.99995200024772,1730808618,Will a Democrat win Nebraska Presidential Election?
0x93453084a87422d76dbf9264a87e4146c9f32250260ce262919992d7e607c29f,0xe3726a1b9c6ba2f06585d1c9e01d00afaedaeb38,SELL,Yes,6511320115012073314258114900202512333073214818740802888332361452934837274686,0x5450fdfa7f5d9198c8bb06894478ab983dcf181c7796a84980fd7fd13d364e7b,0.019,4.9,0.0931,1730808618,Will a Democrat win Nebraska Presidential Election?
0x0c4a3a5fdf5cdaea86c1ebdc2b998a936dccf7bf5e6500be895452eb2f20f435,0x8d3df56bc2bbbe88220f2df065069aeba6d4e50d,BUY,Yes,6511320115012073314258114900202512333073214818740802888332361452934837274686,0x5450fdfa7f5d9198c8bb06894478ab983dcf181c7796a84980fd7fd13d364e7b,0.019,500,9.5,1730808616,Will a Democrat win Nebraska Presidential Election?
0x20fe5a6a868cc2570a6b2b908960270397ae91833d862773b68b9de5321413f6,0xafa0a1f703fa579beabd717735cfa8332f51f31a,SELL,No,35770901684551795669491368577279542243430622770277005790758177182695013574212,0x5450fdfa7f5d9198c8bb06894478ab983dcf181c7796a84980fd7fd13d364e7b,0.98,38.7,37.926,1730807962,Will a Democrat win Nebraska Presidential Election?
0xebd83df518bf15ed62728161715e6f239394f5a1a8b0a681217687978f7ff65d,0xedfe7add0050a1ea3da087c3dd5de36188f9c74e,BUY,Yes,6511320115012073314258114900202512333073214818740802888332361452934837274686,0x5450fdfa7f5d9198c8bb06894478ab983dcf181c7796a84980fd7fd13d364e7b,0.02,6,0.12,1730804740,Will a Democrat win Nebraska Presidential Election?
0x93062e53f33e35e592f22df064c1a67cd34c470cf02ae3107bccb366615776c2,0xbfd95a4f878c40aebbbc4d4e41cc323d7320a140,BUY,No,35770901684551795669491368577279542243430622770277005790758177182695013574212,0x5450fdfa7f5d9198c8bb06894478ab983dcf181c7796a84980fd7fd13d364e7b,0.9919995159,2.016128,1.9999979999924353,1730804152,Will a Democrat win Nebraska Presidential Election?
0x72f7b80e9b2d852686f3437cad60e897977b4327b8b8edf45950b10d5704e220,0x20fafdc9f8706dcbdcdd9068c008b3e19c792d9c,BUY,Yes,6511320115012073314258114900202512333073214818740802888332361452934837274686,0x5450fdfa7f5d9198c8bb06894478ab983dcf181c7796a84980fd7fd13d364e7b,0.02,6.5,0.13,1730803972,Will a Democrat win Nebraska Presidential Election?
0xc552d86fb18db7347c0179d172870d1cdf9d6b0f3ec29c7191ba1dff599c89a5,0x302831adc9db31cfbf3c5e1b12c8608cf5f81617,BUY,No,35770901684551795669491368577279542243430622770277005790758177182695013574212,0x5450fdfa7f5d9198c8bb06894478ab983dcf181c7796a84980fd7fd13d364e7b,0.991999989,39.102821,38.789998001868966,1730802417,Will a Democrat win Nebraska Presidential Election?
0x3221f53281a1264405da08ba5642ea674d5915579f69d23199d45b8e1efc1cd9,0x3a8f2344c1c2ef589f41a9d49a0009c62886e02e,BUY,No,35770901684551795669491368577279542243430622770277005790758177182695013574212,0x5450fdfa7f5d9198c8bb06894478ab983dcf181c7796a84980fd7fd13d364e7b,0.991999508,1.008063,0.999998000033004,1730800087,Will a Democrat win Nebraska Presidential Election?
0x5fdddf41b1735885b3a3d0cdc858e24678d0d25fbe2aada5545325b6f884392c,0x7ac0f916665de8791e1593e98113b32be34791fb,BUY,No,35770901684551795669491368577279542243430622770277005790758177182695013574212,0x5450fdfa7f5d9198c8bb06894478ab983dcf181c7796a84980fd7fd13d364e7b,0.9919930843,0.141128,0.1399980000010904,1730800015,Will a Democrat win Nebraska Presidential Election?
0xc1cf3a5157fdfcf9cf4421aa579aee9b5ceb76c0fb09a95865cac079b5e43c0f,0x66f083b71939aaa85bb2bd939f503553a7c5c05d,BUY,No,35770901684551795669491368577279542243430622770277005790758177182695013574212,0x5450fdfa7f5d9198c8bb06894478ab983dcf181c7796a84980fd7fd13d364e7b,0.9919930843,0.141128,0.1399980000010904,1730799237,Will a Democrat win Nebraska Presidential Election?
0xb5b38a293e94b771aad66375f11ef16bbe313af44631253e8e69bfbe94f4fd38,0xb453416905b31e9b6dff0cac8bf4891cc0534f43,BUY,No,35770901684551795669491368577279542243430622770277005790758177182695013574212,0x5450fdfa7f5d9198c8bb06894478ab983dcf181c7796a84980fd7fd13d364e7b,0.9919930843,0.141128,0.1399980000010904,1730799125,Will a Democrat win Nebraska Presidential Election?
0x8fca16544d6d55dc315287ae2c04da42674bf277604ff36b615d60e35352a960,0x113a015d64265c778018c87b52bf466b1ecb95f8,BUY,No,35770901684551795669491368577279542243430622770277005790758177182695013574212,0x5450fdfa7f5d9198c8bb06894478ab983dcf181c7796a84980fd7fd13d364e7b,0.9919999802,38.004031,37.699997999520185,1730798303,Will a Democrat win Nebraska Presidential Election?
0x58b9b31547cff393fded9b0b1fc9d84d6876be90acca67dd68295ffb4e69ca34,0x6a7815a96aae08f5043f1588308975b31912f36d,BUY,No,35770901684551795669491368577279542243430622770277005790758177182695013574212,0x5450fdfa7f5d9198c8bb06894478ab983dcf181c7796a84980fd7fd13d364e7b,0.9919952383,0.131047,0.1299979999935001,1730798095,Will a Democrat win Nebraska Presidential Election?
0x8211da97a8e516c2e3f7c6ed3936c3092d310a94b696db1cce853b20d5346cec,0x8d6e5388fb6b494718c193acc0c08526a82841d3,BUY,No,35770901684551795669491368577279542243430622770277005790758177182695013574212,0x5450fdfa7f5d9198c8bb06894478ab983dcf181c7796a84980fd7fd13d364e7b,0.991999508,1.008063,0.999998000033004,1730797875,Will a Democrat win Nebraska Presidential Election?
0xbbfd2d167376011cf55da685109b68a221db549fc86df16696da3f64b0daa338,0x06262e48ef6b069da0da3ab8e587f5dd2c00703a,BUY,No,35770901684551795669491368577279542243430622770277005790758177182695013574212,0x5450fdfa7f5d9198c8bb06894478ab983dcf181c7796a84980fd7fd13d364e7b,0.9919977779,0.151208,0.1499980000007032,1730797743,Will a Democrat win Nebraska Presidential Election?
0x0834e69e48d8cf605f4f37b46bcec7dcd2e52fbb4a860229d1f4bd72098cf4ff,0xc0a90116563ea3e7216d90799aa39c30d7f899b4,BUY,No,35770901684551795669491368577279542243430622770277005790758177182695013574212,0x5450fdfa7f5d9198c8bb06894478ab983dcf181c7796a84980fd7fd13d364e7b,0.9919930843,0.141128,0.1399980000010904,1730797544,Will a Democrat win Nebraska Presidential Election?
0xcbce83e62f730eb84fd7e827aaac92b287914a303bee718b51d35e973c1da197,0x111d786185869acae01dc2bff41b0a856c94c107,BUY,No,35770901684551795669491368577279542243430622770277005790758177182695013574212,0x5450fdfa7f5d9198c8bb06894478ab983dcf181c7796a84980fd7fd13d364e7b,0.991999508,1.008063,0.999998000033004,1730796686,Will a Democrat win Nebraska Presidential Election?
0x673335dcc9c9e97f60bdfea6cf7103e3b6277688bfbd4f183d22d035ba3d4937,0x2b0014a91833883596473f7a43f74b14d5259a53,BUY,No,35770901684551795669491368577279542243430622770277005790758177182695013574212,0x5450fdfa7f5d9198c8bb06894478ab983dcf181c7796a84980fd7fd13d364e7b,0.991999508,1.008063,0.999998000033004,1730796196,Will a Democrat win Nebraska Presidential Election?
0xdebb95543a1f3e3263bfea9a0fb22cd2aef77ddc7f1c59a17b5e0bd878c410ca,0xd805987ade87ead5f2b021d2145584df7dc51ce9,BUY,No,35770901684551795669491368577279542243430622770277005790758177182695013574212,0x5450fdfa7f5d9198c8bb06894478ab983dcf181c7796a84980fd7fd13d364e7b,0.991999508,1.008063,0.999998000033004,1730795399,Will a Democrat win Nebraska Presidential Election?
0xf6e1db298cf380f4159e835399db8306f85be503eba09184f43487ad9b255a89,0xcabab103410d124fea441449cd517258073ab0ab,BUY,No,35770901684551795669491368577279542243430622770277005790758177182695013574212,0x5450fdfa7f5d9198c8bb06894478ab983dcf181c7796a84980fd7fd13d364e7b,0.9919944447,0.100805,0.0999979999979835,1730795139,Will a Democrat win Nebraska Presidential Election?
0xa3ab4cbec667e12c374bf2ef73d8cb852648af5ee30669c39fd76c7b4896c24a,0xf0b0ef1d6320c6be896b4c9c54dd74407e7f8cab,SELL,No,35770901684551795669491368577279542243430622770277005790758177182695013574212,0x5450fdfa7f5d9198c8bb06894478ab983dcf181c7796a84980fd7fd13d364e7b,0.97,48.97,47.500899999999994,1730795061,Will a Democrat win Nebraska Presidential Election?
0xf1576e87b96ef71a2387601526a496c4523379fa0b8d228af2ebe6f15fbffb7c,0xad3df08ac1c18717b05f5b4461edbccf28737a40,BUY,Yes,6511320115012073314258114900202512333073214818740802888332361452934837274686,0x5450fdfa7f5d9198c8bb06894478ab983dcf181c7796a84980fd7fd13d364e7b,0.0180668473,26.568,0.47999999906640006,1730795061,Will a Democrat win Nebraska Presidential Election?
0xb829f5399e3235c4781f1884b44275add9a585ca5044ba505e557b8818332d9d,0x28c850b0116ce3de59ffa2066e8eb0108570d098,BUY,No,35770901684551795669491368577279542243430622770277005790758177182695013574212,0x5450fdfa7f5d9198c8bb06894478ab983dcf181c7796a84980fd7fd13d364e7b,0.9909997225,1.00908,0.9999979999803,1730794289,Will a Democrat win Nebraska Presidential Election?
0x39c2bb5d4f48b83a1786a5f0b26abf7e71159d4a87dad825716c9ad5b040ba56,0x755bce18d49ca676d7423a91800d1563f9a8311d,BUY,No,35770901684551795669491368577279542243430622770277005790758177182695013574212,0x5450fdfa7f5d9198c8bb06894478ab983dcf181c7796a84980fd7fd13d364e7b,0.9909811695,0.02018,0.01999800000051,1730793121,Will a Democrat win Nebraska Presidential Election?
0x96e2ae1f716ff9083ee20b339ae712c03c115d351043799bce5afc8977471083,0x46fe6db91d96fc8ab2c1b52657064e6e9273b72e,BUY,Yes,6511320115012073314258114900202512333073214818740802888332361452934837274686,0x5450fdfa7f5d9198c8bb06894478ab983dcf181c7796a84980fd7fd13d364e7b,0.0166961787,5989.394444,99.99999994181114,1730792837,Will a Democrat win Nebraska Presidential Election?
0xef01753d0e3294b2b83fa30ca8f224695dbedc94115bc4e0d4e1dc26a269c1ce,0x9e5b121ec43361b576040e2f2642a49aee9351b9,BUY,No,35770901684551795669491368577279542243430622770277005790758177182695013574212,0x5450fdfa7f5d9198c8bb06894478ab983dcf181c7796a84980fd7fd13d364e7b,0.9909997225,1.00908,0.9999979999803,1730789121,Will a Democrat win Nebraska Presidential Election?
0x7a994e107a8337f211c1e89c36509ea57a06adeb25eebc6eb1c6ab1760b97e29,0xad3df08ac1c18717b05f5b4461edbccf28737a40,BUY,Yes,6511320115012073314258114900202512333073214818740802888332361452934837274686,0x5450fdfa7f5d9198c8bb06894478ab983dcf181c7796a84980fd7fd13d364e7b,0.0128687389,388.538461,5.0000000072168325,1730782486,Will a Democrat win Nebraska Presidential Election?
0x25e39025b2d005f970e5b4cbe64399db3571a54f516c3b35e18c2ae33479b61c,0xb7d54bf1d0a362beb916d9cb58a04c41d67e0789,SELL,Yes,6511320115012073314258114900202512333073214818740802888332361452934837274686,0x5450fdfa7f5d9198c8bb06894478ab983dcf181c7796a84980fd7fd13d364e7b,0.008,0.31,0.00248,1730762784,Will a Democrat win Nebraska Presidential Election?
0x8248f9527740bcebc418953a54eb4f9a26fce6e337cbf4fd047481953d0de6fc,0xb7d54bf1d0a362beb916d9cb58a04c41d67e0789,SELL,Yes,6511320115012073314258114900202512333073214818740802888332361452934837274686,0x5450fdfa7f5d9198c8bb06894478ab983dcf181c7796a84980fd7fd13d364e7b,0.008,0.15,0.0012,1730762522,Will a Democrat win Nebraska Presidential Election?
0x98a208aacf92b4fc4da760fcc23d2ff8ca69c3ed26c2c06a120f7d26944f25fe,0xa081466145baae2fd4f31165e2840784f147f2a9,BUY,No,35770901684551795669491368577279542243430622770277005790758177182695013574212,0x5450fdfa7f5d9198c8bb06894478ab983dcf181c7796a84980fd7fd13d364e7b,0.9919930843,0.141128,0.1399980000010904,1730755274,Will a Democrat win Nebraska Presidential Election?
0x400b19cc49c067823c012ba5a0ea96b5c526bafc2239dc93e437bcf47a0efc73,0x905ce9dc26c6b3cb2f26dc141522bf947f48eff2,BUY,No,35770901684551795669491368577279542243430622770277005790758177182695013574212,0x5450fdfa7f5d9198c8bb06894478ab983dcf181c7796a84980fd7fd13d364e7b,0.9919944447,0.100805,0.0999979999979835,1730753868,Will a Democrat win Nebraska Presidential Election?
0xccb5784fdd5304362c6c13525249eddc25e3ac4c573a037445034e89a8df721b,0xa5535d6aef8fe34ca1f77a48c003cab12bbb9eef,BUY,No,35770901684551795669491368577279542243430622770277005790758177182695013574212,0x5450fdfa7f5d9198c8bb06894478ab983dcf181c7796a84980fd7fd13d364e7b,0.9919977514,0.120966,0.11999799999585241,1730753409,Will a Democrat win Nebraska Presidential Election?
0xaa87d25c480bbecba71e4c867ff1c5b2c5fcfc21fb158790364feafb35f347b5,0xae360719cfe8dd8ee51f04a5e71e5b174a6a1b00,BUY,No,35770901684551795669491368577279542243430622770277005790758177182695013574212,0x5450fdfa7f5d9198c8bb06894478ab983dcf181c7796a84980fd7fd13d364e7b,0.9919999931,62.852821,62.34999799831553,1730752413,Will a Democrat win Nebraska Presidential Election?
0x53b1e976fd6d576bb724f3f4e3fc176135f766a8c05b16cc7861e0bfe488b4ec,0xb76dd1171b6e6010e3162ae43ad6136d18e03b35,BUY,No,35770901684551795669491368577279542243430622770277005790758177182695013574212,0x5450fdfa7f5d9198c8bb06894478ab983dcf181c7796a84980fd7fd13d364e7b,0.9919930843,0.141128,0.1399980000010904,1730748441,Will a Democrat win Nebraska Presidential Election?
0x5de602da07cb17868690650af863700883ddeedbec71e581e275dc88b6b31e97,0xf95073e2314fa76ecfb32500ba1c336005641ce8,BUY,No,35770901684551795669491368577279542243430622770277005790758177182695013574212,0x5450fdfa7f5d9198c8bb06894478ab983dcf181c7796a84980fd7fd13d364e7b,0.9919917753,0.110886,0.10999799999591581,1730746729,Will a Democrat win Nebraska Presidential Election?
0x3cdd58ac1eadb708c15fde78fdb875462ff852df80645db713a67df5f6f03cef,0x9e9433bf0d9387b10df9ebb12fe3d9cfe8dc938f,BUY,No,35770901684551795669491368577279542243430622770277005790758177182695013574212,0x5450fdfa7f5d9198c8bb06894478ab983dcf181c7796a84980fd7fd13d364e7b,0.9919977514,0.120966,0.11999799999585241,1730746412,Will a Democrat win Nebraska Presidential Election?
0x6b38d633e2a39e99141b08094a6cf55253ff97cb585977fe8b045b8639a82ace,0xd218e474776403a330142299f7796e8ba32eb5c9,BUY,No,35770901684551795669491368577279542243430622770277005790758177182695013574212,0x5450fdfa7f5d9198c8bb06894478ab983dcf181c7796a84980fd7fd13d364e7b,0.991,40.24,39.87784,1730742696,Will a Democrat win Nebraska Presidential Election?
0xd8bc32343a5aa3c7814956588cab769c890e08dc4f7b52f03a50126ab8025e8c,0xb7d54bf1d0a362beb916d9cb58a04c41d67e0789,BUY,No,35770901684551795669491368577279542243430622770277005790758177182695013574212,0x5450fdfa7f5d9198c8bb06894478ab983dcf181c7796a84980fd7fd13d364e7b,0.9919032665,95.21,94.439110003465,1730742696,Will a Democrat win Nebraska Presidential Election?
0x8fa79469f9b094d619649c10c7cc0181193964c74d87fe80126d74a156d3886f,0x0efab3317bfc6d8d36b915a004aa708167473a51,BUY,No,35770901684551795669491368577279542243430622770277005790758177182695013574212,0x5450fdfa7f5d9198c8bb06894478ab983dcf181c7796a84980fd7fd13d364e7b,0.9909999189,0.110999,0.1099999999979811,1730742053,Will a Democrat win Nebraska Presidential Election?
0x25a0a087b08db0e0bf3fe0fd1a98b978368344d1766f925135d79d927003c33d,0xa4b9f3d221169657fd169137f24d8569e215b097,BUY,No,35770901684551795669491368577279542243430622770277005790758177182695013574212,0x5450fdfa7f5d9198c8bb06894478ab983dcf181c7796a84980fd7fd13d364e7b,0.9909999189,0.110999,0.1099999999979811,1730740947,Will a Democrat win Nebraska Presidential Election?
0x0aff759e60629ea5bbc62330fff3ec067ae151112d1f6af556b691de04267268,0xb7d54bf1d0a362beb916d9cb58a04c41d67e0789,BUY,No,35770901684551795669491368577279542243430622770277005790758177182695013574212,0x5450fdfa7f5d9198c8bb06894478ab983dcf181c7796a84980fd7fd13d364e7b,0.991,0.11,0.10901,1730740633,Will a Democrat win Nebraska Presidential Election?
0xac04fa318acde365c2c27b108d4b3682c585bfb7d91a4f6fb14546dabfbfb93a,0x1b07fe1370e26444fdd35d98da60275dcea99379,BUY,Yes,6511320115012073314258114900202512333073214818740802888332361452934837274686,0x5450fdfa7f5d9198c8bb06894478ab983dcf181c7796a84980fd7fd13d364e7b,0.0129999937,153.846152,1.9999990067692424,1730740491,Will a Democrat win Nebraska Presidential Election?
0x07edf528dc8f70566bd814591689c2dd33b84fc4e74826bc419f52a0a870d6eb,0xb7d54bf1d0a362beb916d9cb58a04c41d67e0789,BUY,No,35770901684551795669491368577279542243430622770277005790758177182695013574212,0x5450fdfa7f5d9198c8bb06894478ab983dcf181c7796a84980fd7fd13d364e7b,0.991,0.11,0.10901,1730739988,Will a Democrat win Nebraska Presidential Election?
0xb209386e1d2b6072abde63bbb00c3391426eaac69cc7cfe88fe899f1027dbefb,0xeefc91d2151c0a8e30595852e30fb2ec446d7f7f,BUY,No,35770901684551795669491368577279542243430622770277005790758177182695013574212,0x5450fdfa7f5d9198c8bb06894478ab983dcf181c7796a84980fd7fd13d364e7b,0.9909982822,0.121088,0.11999799999503359,1730739466,Will a Democrat win Nebraska Presidential Election?
0x7c9492f7d2adfd092d2d780e17ea0f1431d86d82011f2b145313661c74aad1a9,0xb7d54bf1d0a362beb916d9cb58a04c41d67e0789,BUY,No,35770901684551795669491368577279542243430622770277005790758177182695013574212,0x5450fdfa7f5d9198c8bb06894478ab983dcf181c7796a84980fd7fd13d364e7b,0.991,0.1,0.09910000000000001,1730738948,Will a Democrat win Nebraska Presidential Election?
0xd25711090ff913ca738ac6d9fe76604c6db6f99032ae9ff53a57cdcdf8968369,0x2444ce0f26334948ad5d89bbfd1761ab891b38f4,BUY,No,35770901684551795669491368577279542243430622770277005790758177182695013574212,0x5450fdfa7f5d9198c8bb06894478ab983dcf181c7796a84980fd7fd13d364e7b,0.9909999189,0.110999,0.1099999999979811,1730738414,Will a Democrat win Nebraska Presidential Election?
0x0fbff274d11fdbd949e97303d9ee7a0fd96b6389c698aa5d856cc8437fce63c2,0x26acaba00d34b786bf4e9a278e8e455412dba748,BUY,No,35770901684551795669491368577279542243430622770277005790758177182695013574212,0x5450fdfa7f5d9198c8bb06894478ab983dcf181c7796a84980fd7fd13d364e7b,0.9909982822,0.121088,0.11999799999503359,1730737848,Will a Democrat win Nebraska Presidential Election?
0x56642b06cafc6ed016a71fc780bc66c3fc983a86f184e8f743a497cfd3a6fd72,0x1599ff38267585d2415a65477d304229ac1d422e,BUY,No,35770901684551795669491368577279542243430622770277005790758177182695013574212,0x5450fdfa7f5d9198c8bb06894478ab983dcf181c7796a84980fd7fd13d364e7b,0.9909959652,0.14127,0.139998000003804,1730737298,Will a Democrat win Nebraska Presidential Election?
0x0b4cea811455cfbc8155536369d89ada60e9d0a683d2ef39078a027b55f98c4c,0xb7d54bf1d0a362beb916d9cb58a04c41d67e0789,BUY,No,35770901684551795669491368577279542243430622770277005790758177182695013574212,0x5450fdfa7f5d9198c8bb06894478ab983dcf181c7796a84980fd7fd13d364e7b,0.991,0.14,0.13874,1730737184,Will a Democrat win Nebraska Presidential Election?
0x5af92d64dc69b78b446af6a04e54af6206d0da54cb38eac2b2d484f9e96e6731,0x4ca124131a6803885374b8249d2763ddcdc50e4a,BUY,No,35770901684551795669491368577279542243430622770277005790758177182695013574212,0x5450fdfa7f5d9198c8bb06894478ab983dcf181c7796a84980fd7fd13d364e7b,0.9909982822,0.121088,0.11999799999503359,1730736246,Will a Democrat win Nebraska Presidential Election?
0x542a155b2f1a578a786da62ece17f906f4b0692bd01fb109f82edd2b32164aa0,0xbfa9f62a6fc625ec931a721e6ac5dc8fe7e343bb,BUY,No,35770901684551795669491368577279542243430622770277005790758177182695013574212,0x5450fdfa7f5d9198c8bb06894478ab983dcf181c7796a84980fd7fd13d364e7b,0.9909999189,0.110999,0.1099999999979811,1730736150,Will a Democrat win Nebraska Presidential Election?
0xad28294a938be892f6e47f80bd46a2fce1dfe5ddadcd86acbf5e398fa8436ec1,0x2b2e25ed86ba49aad448c55a0a7e95ae6f3ba718,BUY,No,35770901684551795669491368577279542243430622770277005790758177182695013574212,0x5450fdfa7f5d9198c8bb06894478ab983dcf181c7796a84980fd7fd13d364e7b,0.9909959652,0.14127,0.139998000003804,1730735915,Will a Democrat win Nebraska Presidential Election?
0x8b0a2ebd8362350ac9c456753b2e9f2de8bef661426ac4a1ad39b5759f6ebb8e,0xd4b1057b2f548556e796d50bac67aab0ab7f50d9,BUY,Yes,6511320115012073314258114900202512333073214818740802888332361452934837274686,0x5450fdfa7f5d9198c8bb06894478ab983dcf181c7796a84980fd7fd13d364e7b,0.0128961921,1550.845383,19.999999976566077,1730735663,Will a Democrat win Nebraska Presidential Election?
0x97fae59c68c5256a741853ca1709f738455f16040e95777a3628c930d0fa978f,0xa41d08f1341eed6dfc8f463bee3f28c44f146f19,BUY,No,35770901684551795669491368577279542243430622770277005790758177182695013574212,0x5450fdfa7f5d9198c8bb06894478ab983dcf181c7796a84980fd7fd13d364e7b,0.9919917753,0.110886,0.10999799999591581,1730735612,Will a Democrat win Nebraska Presidential Election?
0xb8dcf15de64aef9ece3a88d6ae011e06a2889e69b2cb6c044494cf607d2e6b46,0xf3b17621f403ff331a76be5e322264df1027c44b,BUY,No,35770901684551795669491368577279542243430622770277005790758177182695013574212,0x5450fdfa7f5d9198c8bb06894478ab983dcf181c7796a84980fd7fd13d364e7b,0.9919977779,0.151208,0.1499980000007032,1730735271,Will a Democrat win Nebraska Presidential Election?
0xadec582a1c2f161bcacb7ab484cd6a477e7535fe397049ecd0818e47c7ae09a1,0x071575f51a5dbf4e5eaae695612204817bc062cc,BUY,No,35770901684551795669491368577279542243430622770277005790758177182695013574212,0x5450fdfa7f5d9198c8bb06894478ab983dcf181c7796a84980fd7fd13d364e7b,0.9919917753,0.110886,0.10999799999591581,1730735093,Will a Democrat win Nebraska Presidential Election?
0x4beadf5536e8dd03093e7332fa653a2a8b8afffe8e1743da3b92169d89d4b5bc,0xe318a44d04863a60864a5f41fbe1771d2f691515,BUY,No,35770901684551795669491368577279542243430622770277005790758177182695013574212,0x5450fdfa7f5d9198c8bb06894478ab983dcf181c7796a84980fd7fd13d364e7b,0.9919977779,0.151208,0.1499980000007032,1730734699,Will a Democrat win Nebraska Presidential Election?
0x26eeb92c71e3e267c0b35aa24656c0d17125ee796fbd4b49fbae7c56c1d259a3,0xaaa9f71bf51a703a64f44e552f7e81730ee12224,BUY,No,35770901684551795669491368577279542243430622770277005790758177182695013574212,0x5450fdfa7f5d9198c8bb06894478ab983dcf181c7796a84980fd7fd13d364e7b,0.9919999959,89.697579,88.97999800023993,1730733494,Will a Democrat win Nebraska Presidential Election?
0x607813ca4de870cd9884cc9311aec533701e5a5c631228172856d91ceb52fb35,0xb3d529e16fb094f574007864620a8ff2eba90535,BUY,No,35770901684551795669491368577279542243430622770277005790758177182695013574212,0x5450fdfa7f5d9198c8bb06894478ab983dcf181c7796a84980fd7fd13d364e7b,0.9919917753,0.110886,0.10999799999591581,1730733412,Will a Democrat win Nebraska Presidential Election?
0x14e78a8defc682f8db10ce767bf0d0d97cd6d89ded3b5cf0a188d6d5c7f30f20,0x03b09a5b0683de1ae16488fc73de03538020e215,BUY,No,35770901684551795669491368577279542243430622770277005790758177182695013574212,0x5450fdfa7f5d9198c8bb06894478ab983dcf181c7796a84980fd7fd13d364e7b,0.9919977514,0.120966,0.11999799999585241,1730732108,Will a Democrat win Nebraska Presidential Election?
0xdd0e688bbc6255eb5d04fad575d9ec31d61b9a472f27e39bcc426797a6f28aae,0x07802874413da958e4ee90f03c92f514137f0ce0,BUY,No,35770901684551795669491368577279542243430622770277005790758177182695013574212,0x5450fdfa7f5d9198c8bb06894478ab983dcf181c7796a84980fd7fd13d364e7b,0.9919930843,0.141128,0.1399980000010904,1730731976,Will a Democrat win Nebraska Presidential Election?
0x425713f0e6553a44dcec572d6186bf605bcf070268774d3012a8f22f6f8a6d92,0xa0f30bfa7a70c7d773c1a978a1f2a612d748a3ec,BUY,No,35770901684551795669491368577279542243430622770277005790758177182695013574212,0x5450fdfa7f5d9198c8bb06894478ab983dcf181c7796a84980fd7fd13d364e7b,0.9919917753,0.110886,0.10999799999591581,1730731350,Will a Democrat win Nebraska Presidential Election?
0x527e23498820d2d32dd28636a27ff697b3bfcf7acd12a4e3f9b69afc6ba65c54,0x66f083b71939aaa85bb2bd939f503553a7c5c05d,BUY,No,35770901684551795669491368577279542243430622770277005790758177182695013574212,0x5450fdfa7f5d9198c8bb06894478ab983dcf181c7796a84980fd7fd13d364e7b,0.9919917753,0.110886,0.10999799999591581,1730730670,Will a Democrat win Nebraska Presidential Election?
0x31a6b8a66964d70538d109cfa107c4ee41d40837bef7d4b1b34a0cfafccedfdc,0xbe3c00e7f5bace6bd97751a983d5b2648b9b32d0,BUY,No,35770901684551795669491368577279542243430622770277005790758177182695013574212,0x5450fdfa7f5d9198c8bb06894478ab983dcf181c7796a84980fd7fd13d364e7b,0.9919917753,0.110886,0.10999799999591581,1730730622,Will a Democrat win Nebraska Presidential Election?
0x1b3bab7f5b508efb27283e4544c148fdec38a8e7175971da6c47253de872d132,0x06262e48ef6b069da0da3ab8e587f5dd2c00703a,BUY,No,35770901684551795669491368577279542243430622770277005790758177182695013574212,0x5450fdfa7f5d9198c8bb06894478ab983dcf181c7796a84980fd7fd13d364e7b,0.9919952383,0.131047,0.1299979999935001,1730729876,Will a Democrat win Nebraska Presidential Election?
0xa5315ca54a41e93bb136ba9589702576e85ae580b8d47acfe4bfad8eec250635,0x877beed3a9adda7256df95537c7a52b678690508,BUY,No,35770901684551795669491368577279542243430622770277005790758177182695013574212,0x5450fdfa7f5d9198c8bb06894478ab983dcf181c7796a84980fd7fd13d364e7b,0.9919952383,0.131047,0.1299979999935001,1730723876,Will a Democrat win Nebraska Presidential Election?
0xdf3fd1f724a2f997d8d13ed1f4398a35c7cc18bc364522a309f94401e6d4bd66,0xacf40bdc304271119d2fdcd2afd4246b1ec3ebce,BUY,No,35770901684551795669491368577279542243430622770277005790758177182695013574212,0x5450fdfa7f5d9198c8bb06894478ab983dcf181c7796a84980fd7fd13d364e7b,0.9919977779,0.151208,0.1499980000007032,1730723632,Will a Democrat win Nebraska Presidential Election?
0x20e3a8d3b63044760f38f89a4826118583142eb0628e9a02718ed44d5f71f834,0x401746a3bcd88d2b8f954904c4548024d86a862b,BUY,No,35770901684551795669491368577279542243430622770277005790758177182695013574212,0x5450fdfa7f5d9198c8bb06894478ab983dcf181c7796a84980fd7fd13d364e7b,0.9919944447,0.100805,0.0999979999979835,1730723468,Will a Democrat win Nebraska Presidential Election?
0x71ea4aea5721dc3194d8b3cac91a12183ceeb36a88a2a9625cace10db9bf5261,0x3f9584b7139ff363dde146feb17b4c4c34a1ab43,BUY,No,35770901684551795669491368577279542243430622770277005790758177182695013574212,0x5450fdfa7f5d9198c8bb06894478ab983dcf181c7796a84980fd7fd13d364e7b,0.9919930843,0.141128,0.1399980000010904,1730723324,Will a Democrat win Nebraska Presidential Election?
0xe550eb8e9a52beb4196eea393f1ab1b60bacb5798bf1876a8ba4d0f868ec4969,0xa914e90a72adc2dfa7b98189afc65eb3284df8db,BUY,No,35770901684551795669491368577279542243430622770277005790758177182695013574212,0x5450fdfa7f5d9198c8bb06894478ab983dcf181c7796a84980fd7fd13d364e7b,0.9919977779,0.151208,0.1499980000007032,1730722498,Will a Democrat win Nebraska Presidential Election?
0x0309a1ce87315154823c3db79e33114edfb28d75c75cd510300d9e92f6e44412,0xed9fb8a7c3e56f4781b10f2634ea1273c51a45d4,BUY,No,35770901684551795669491368577279542243430622770277005790758177182695013574212,0x5450fdfa7f5d9198c8bb06894478ab983dcf181c7796a84980fd7fd13d364e7b,0.9919952383,0.131047,0.1299979999935001,1730721484,Will a Democrat win Nebraska Presidential Election?
0xc3beb8f7746b3f0dc929df9869bfa08ad4dff03bd8fe016903f0fd83ed65b154,0xf86149ccf34243b619489d4ce5510d7a027ee013,BUY,No,35770901684551795669491368577279542243430622770277005790758177182695013574212,0x5450fdfa7f5d9198c8bb06894478ab983dcf181c7796a84980fd7fd13d364e7b,0.9919930843,0.141128,0.1399980000010904,1730720706,Will a Democrat win Nebraska Presidential Election?
0x857c96566ca2a2bad69819d97c8ba2af024d47bff13d94e864d26d85b6985cf7,0xdc2b61b471a1602296f4b456b953e274e2a7ef10,BUY,No,35770901684551795669491368577279542243430622770277005790758177182695013574212,0x5450fdfa7f5d9198c8bb06894478ab983dcf181c7796a84980fd7fd13d364e7b,0.9919930843,0.141128,0.1399980000010904,1730720306,Will a Democrat win Nebraska Presidential Election?
0x843c0c20d2af948e31b0cbc78aa21d6697a8d6cc699ec30556261fdf0357905c,0x68d51907f046e0ba76a2f27d82cd6299e14a49db,BUY,No,35770901684551795669491368577279542243430622770277005790758177182695013574212,0x5450fdfa7f5d9198c8bb06894478ab983dcf181c7796a84980fd7fd13d364e7b,0.9919952383,0.131047,0.1299979999935001,1730719141,Will a Democrat win Nebraska Presidential Election?
0xeea6b4396c1f55ccb5f057ef212e1db8c71d290667614d5e54322918a3568a8b,0xba1e51c8279c823d11cf21a6e7f0ecdbe5dfaf82,BUY,No,35770901684551795669491368577279542243430622770277005790758177182695013574212,0x5450fdfa7f5d9198c8bb06894478ab983dcf181c7796a84980fd7fd13d364e7b,0.9919977514,0.120966,0.11999799999585241,1730719069,Will a Democrat win Nebraska Presidential Election?
0x30b79a7de8390d625b20bbd4434c60b749364831fe0ce7238ac7d2f28ec426c2,0xfd637bf28179da6c1752ad68e545bc7ac99c336a,BUY,No,35770901684551795669491368577279542243430622770277005790758177182695013574212,0x5450fdfa7f5d9198c8bb06894478ab983dcf181c7796a84980fd7fd13d364e7b,0.9919977779,0.151208,0.1499980000007032,1730719017,Will a Democrat win Nebraska Presidential Election?
0xe60ecfa879e77b758438417d4d1b43f19071f65d96bd32c2768e347e46f3bf67,0x4a5799d32357476e1c2377f8fb72037e57d1ca4e,BUY,No,35770901684551795669491368577279542243430622770277005790758177182695013574212,0x5450fdfa7f5d9198c8bb06894478ab983dcf181c7796a84980fd7fd13d364e7b,0.9919930843,0.141128,0.1399980000010904,1730718515,Will a Democrat win Nebraska Presidential Election?
0x6c4b4e923e25601f1cfe84925c087a8d10425b196b5e996ae8c92c3766c97f83,0x14eef1652bd912d6788ce4e58466017d98e5f0fd,BUY,No,35770901684551795669491368577279542243430622770277005790758177182695013574212,0x5450fdfa7f5d9198c8bb06894478ab983dcf181c7796a84980fd7fd13d364e7b,0.9919944447,0.100805,0.0999979999979835,1730718505,Will a Democrat win Nebraska Presidential Election?
0xd9717b1be6bea0b045b5597497c7351133b94505e8a6eb1f5cb80a381b8828e1,0x5d408fbf70d0010ddc824b29936c36d37ffa9527,BUY,No,35770901684551795669491368577279542243430622770277005790758177182695013574212,0x5450fdfa7f5d9198c8bb06894478ab983dcf181c7796a84980fd7fd13d364e7b,0.9919917753,0.110886,0.10999799999591581,1730718329,Will a Democrat win Nebraska Presidential Election?
0x54373bd58f549e3229a9596d9c85ca451d68c5152a785e2aa4b5fb2e250ba545,0x676d98e7d059944b1d9d61d8c746411303fce4b8,BUY,No,35770901684551795669491368577279542243430622770277005790758177182695013574212,0x5450fdfa7f5d9198c8bb06894478ab983dcf181c7796a84980fd7fd13d364e7b,0.9919977514,0.120966,0.11999799999585241,1730718231,Will a Democrat win Nebraska Presidential Election?
0xbf9ac122a2540f390695ac5f811ac2b5dca22cf8b6223347ce4b90398a1881a8,0x3995ea87129d26eeb5c8ecaf2f164f5a7c63a0f0,BUY,No,35770901684551795669491368577279542243430622770277005790758177182695013574212,0x5450fdfa7f5d9198c8bb06894478ab983dcf181c7796a84980fd7fd13d364e7b,0.9919917753,0.110886,0.10999799999591581,1730718153,Will a Democrat win Nebraska Presidential Election?
0x7cec7106ba2ba8da00decd6a275754c39eeef2054ff54081c858e59d6dd6cc26,0xae761d28bfd6aebc2cfcf1c8d6afd1bfd7abdda9,BUY,No,35770901684551795669491368577279542243430622770277005790758177182695013574212,0x5450fdfa7f5d9198c8bb06894478ab983dcf181c7796a84980fd7fd13d364e7b,0.9919944447,0.100805,0.0999979999979835,1730717775,Will a Democrat win Nebraska Presidential Election?
0x6281d1f206320d55f25a6f885e5a70e6f7b057da23d7d9e8edb5dfd286625fb1,0xd25a806f0b2be1742b8ae4b5a059ba668ae877e1,BUY,No,35770901684551795669491368577279542243430622770277005790758177182695013574212,0x5450fdfa7f5d9198c8bb06894478ab983dcf181c7796a84980fd7fd13d364e7b,0.9919952383,0.131047,0.1299979999935001,1730717743,Will a Democrat win Nebraska Presidential Election?
0x44231837de9b0e6091c91929f5f074171976a4c6b3d252ed43417517f31536d2,0x94b57b6987d4504664a3c26cd823f726ae15d663,BUY,No,35770901684551795669491368577279542243430622770277005790758177182695013574212,0x5450fdfa7f5d9198c8bb06894478ab983dcf181c7796a84980fd7fd13d364e7b,0.9919930843,0.141128,0.1399980000010904,1730717631,Will a Democrat win Nebraska Presidential Election?
0x6ff4af9f849135fb4d182b7435eaa9e928f6c943c7fabaff96927b477713b622,0xa9bea6c3ee1d91d0d95780ad6d774c2d27edc7f9,BUY,No,35770901684551795669491368577279542243430622770277005790758177182695013574212,0x5450fdfa7f5d9198c8bb06894478ab983dcf181c7796a84980fd7fd13d364e7b,0.9919917753,0.110886,0.10999799999591581,1730717491,Will a Democrat win Nebraska Presidential Election?
0xc5ca24589bdcf62f8620f6bc49713da83ff034b9fe915e327632586b3fdf6d10,0xe43bfdb334d4309071ce640a394ed46797f47b03,BUY,No,35770901684551795669491368577279542243430622770277005790758177182695013574212,0x5450fdfa7f5d9198c8bb06894478ab983dcf181c7796a84980fd7fd13d364e7b,0.9919930843,0.141128,0.1399980000010904,1730716773,Will a Democrat win Nebraska Presidential Election?
0x4b2c1597829aaf498aa916af01b2f230955084892d8ca63c7f0fd7f99bd7f067,0x0858298c3221fa147ce6de4045825823a37d9dd0,BUY,No,35770901684551795669491368577279542243430622770277005790758177182695013574212,0x5450fdfa7f5d9198c8bb06894478ab983dcf181c7796a84980fd7fd13d364e7b,0.9919952383,0.131047,0.1299979999935001,1730716389,Will a Democrat win Nebraska Presidential Election?
0x44394de85faf010e34b61a742f9feda781d310a3bafc0ee4439c472e9189c3f3,0x311798f7660d5b97cc0df344819c57f39d7d7d2a,BUY,No,35770901684551795669491368577279542243430622770277005790758177182695013574212,0x5450fdfa7f5d9198c8bb06894478ab983dcf181c7796a84980fd7fd13d364e7b,0.9919944447,0.100805,0.0999979999979835,1730716255,Will a Democrat win Nebraska Presidential Election?
0x80e2b61d93e222a2cd73360681399b1df48be7a1a8fb5b785a276bde951120dc,0x79db8fe8a14415e8917f1ea9a821037581e457d3,BUY,No,35770901684551795669491368577279542243430622770277005790758177182695013574212,0x5450fdfa7f5d9198c8bb06894478ab983dcf181c7796a84980fd7fd13d364e7b,0.9919952383,0.131047,0.1299979999935001,1730715807,Will a Democrat win Nebraska Presidential Election?
0xe6b3c6ff577a1f6479fcb5aea89249293f0a2a7265e5868ede2374d76a8869af,0x07ed7fa9067fa01c56e2a34772cdb64d4a984648,BUY,No,35770901684551795669491368577279542243430622770277005790758177182695013574212,0x5450fdfa7f5d9198c8bb06894478ab983dcf181c7796a84980fd7fd13d364e7b,0.9919977779,0.151208,0.1499980000007032,1730715075,Will a Democrat win Nebraska Presidential Election?
0x24cdfc8565223bc47d5e8dadebd4d8427503fb5dd268fbdf33b60ae445ccb14b,0xc5f6f7faa76b9dedb550db541eb84b9fb129dab4,BUY,No,35770901684551795669491368577279542243430622770277005790758177182695013574212,0x5450fdfa7f5d9198c8bb06894478ab983dcf181c7796a84980fd7fd13d364e7b,0.9919952383,0.131047,0.1299979999935001,1730715023,Will a Democrat win Nebraska Presidential Election?
0x96e22a00d4df6aa1de849307b84e4a645087d6a04fbbd9219d6bfbec96deb032,0xf9c793fa5022020e1d93135336002dc3a5f99213,BUY,No,35770901684551795669491368577279542243430622770277005790758177182695013574212,0x5450fdfa7f5d9198c8bb06894478ab983dcf181c7796a84980fd7fd13d364e7b,0.9919917753,0.110886,0.10999799999591581,1730714679,Will a Democrat win Nebraska Presidential Election?
0x0c6e6c71e95e73f5965f11f8a3d6feaf0b59b6ec86d81c5bbd4d8a8fd5299357,0xb0b90c9b9b3bb4113dd70db9aa6a35b35eb67bc2,BUY,No,35770901684551795669491368577279542243430622770277005790758177182695013574212,0x5450fdfa7f5d9198c8bb06894478ab983dcf181c7796a84980fd7fd13d364e7b,0.9919917753,0.110886,0.10999799999591581,1730714329,Will a Democrat win Nebraska Presidential Election?
0x5753a57b64ed77bb219cbd825d22588d902666de9f6e1284a9e4670373c8792c,0xd774f93efcdb7aa620f265c79dbff458fce102dd,BUY,No,35770901684551795669491368577279542243430622770277005790758177182695013574212,0x5450fdfa7f5d9198c8bb06894478ab983dcf181c7796a84980fd7fd13d364e7b,0.9919917753,0.110886,0.10999799999591581,1730714239,Will a Democrat win Nebraska Presidential Election?
0xe98a14538f1a5a7ad39eb569c8053ac515fafd8f19eeb9ecd68134737de3ca04,0x11a42f87915f3dc14d9e35d6b47336e96ff62600,BUY,No,35770901684551795669491368577279542243430622770277005790758177182695013574212,0x5450fdfa7f5d9198c8bb06894478ab983dcf181c7796a84980fd7fd13d364e7b,0.9919977514,0.120966,0.11999799999585241,1730714037,Will a Democrat win Nebraska Presidential Election?
0x6ff5dacb94e6ec3fa012172b91dac1cda9f11579098a0b60ebb1106bdfcc63f1,0xb8e603280a6890c3c4842a75f2011b0ece7dbcf8,BUY,No,35770901684551795669491368577279542243430622770277005790758177182695013574212,0x5450fdfa7f5d9198c8bb06894478ab983dcf181c7796a84980fd7fd13d364e7b,0.9919917753,0.110886,0.10999799999591581,1730713853,Will a Democrat win Nebraska Presidential Election?
0xf4f531a7c938674222462bf538310c2bd1f8d9e830b1dae5893eb143d1e7c6fd,0x887fa1b0cc0519f11a2c66bc06e984e2495cd677,BUY,No,35770901684551795669491368577279542243430622770277005790758177182695013574212,0x5450fdfa7f5d9198c8bb06894478ab983dcf181c7796a84980fd7fd13d364e7b,0.9919952383,0.131047,0.1299979999935001,1730713107,Will a Democrat win Nebraska Presidential Election?
0xa19e78a3694643852e42ad44ce0cc34271537ab890505e9c05c1c7f78011ae14,0xcb76ac20653bc4ff0084403978441b64c322b74e,BUY,No,35770901684551795669491368577279542243430622770277005790758177182695013574212,0x5450fdfa7f5d9198c8bb06894478ab983dcf181c7796a84980fd7fd13d364e7b,0.9919977514,0.120966,0.11999799999585241,1730713029,Will a Democrat win Nebraska Presidential Election?
0x30c529c7c96516c6103cc5fb3c64995cda310df6e67ec849b8a357dbc1250e3d,0xe3726a1b9c6ba2f06585d1c9e01d00afaedaeb38,SELL,Yes,6511320115012073314258114900202512333073214818740802888332361452934837274686,0x5450fdfa7f5d9198c8bb06894478ab983dcf181c7796a84980fd7fd13d364e7b,0.009,10.02,0.09018,1730712639,Will a Democrat win Nebraska Presidential Election?
0x042336eeaf8db0a5ba36a66e58391be647357fd1d4f70b1998390abec2c79b5e,0xd7e1ad50eca7b520e69159c1628d4b24bdd34b85,BUY,No,35770901684551795669491368577279542243430622770277005790758177182695013574212,0x5450fdfa7f5d9198c8bb06894478ab983dcf181c7796a84980fd7fd13d364e7b,0.9909970346,0.131179,0.1299980000017934,1730712615,Will a Democrat win Nebraska Presidential Election?
0x41ca950852fa9fb9f4b88982542b4d89efd53fc616e9399c56b96c2b508841f3,0xf1e24da2275df11360249aae33e9a1aa9947200a,BUY,No,35770901684551795669491368577279542243430622770277005790758177182695013574212,0x5450fdfa7f5d9198c8bb06894478ab983dcf181c7796a84980fd7fd13d364e7b,0.9909950384,0.151361,0.1499980000072624,1730712593,Will a Democrat win Nebraska Presidential Election?
0xc3c53a53175e2ece86746cfafa0369e29ccd930681276a4b0c21700e1a956f90,0x9f0899775d04b879d714a9f21805cdb4da9e7797,BUY,No,35770901684551795669491368577279542243430622770277005790758177182695013574212,0x5450fdfa7f5d9198c8bb06894478ab983dcf181c7796a84980fd7fd13d364e7b,0.9909970346,0.131179,0.1299980000017934,1730712107,Will a Democrat win Nebraska Presidential Election?
0x5cdcc6a60033c1401f8a24e692880334621c260b732ea5f8d6607cd128a123da,0xd8992d711e64b3a456edb75c4bcbe9c580667e7f,BUY,No,35770901684551795669491368577279542243430622770277005790758177182695013574212,0x5450fdfa7f5d9198c8bb06894478ab983dcf181c7796a84980fd7fd13d364e7b,0.9909982822,0.121088,0.11999799999503359,1730712065,Will a Democrat win Nebraska Presidential Election?
0xf221d026b4473c1ad2ce085892193ba5bcb8ea57c74782791e25a11843f5cd2b,0xb7d54bf1d0a362beb916d9cb58a04c41d67e0789,SELL,Yes,6511320115012073314258114900202512333073214818740802888332361452934837274686,0x5450fdfa7f5d9198c8bb06894478ab983dcf181c7796a84980fd7fd13d364e7b,0.009,0.76,0.00684,1730711825,Will a Democrat win Nebraska Presidential Election?
0x90b742f8eb515090b7da53c902ddca60869687c53f783d33d043a166349b99e0,0xb7d54bf1d0a362beb916d9cb58a04c41d67e0789,BUY,No,35770901684551795669491368577279542243430622770277005790758177182695013574212,0x5450fdfa7f5d9198c8bb06894478ab983dcf181c7796a84980fd7fd13d364e7b,0.991,0.13,0.12883,1730711771,Will a Democrat win Nebraska Presidential Election?
0xe39ffef682eac716f2d4c218feef90bc77fe08683228f839dfc9ce117156c91b,0xb7d54bf1d0a362beb916d9cb58a04c41d67e0789,BUY,No,35770901684551795669491368577279542243430622770277005790758177182695013574212,0x5450fdfa7f5d9198c8bb06894478ab983dcf181c7796a84980fd7fd13d364e7b,0.991,0.1,0.09910000000000001,1730711479,Will a Democrat win Nebraska Presidential Election?
0x320396669af6d2a5304315ab7ed8b2266704af5bbe679933706d02c62da325df,0xb7d54bf1d0a362beb916d9cb58a04c41d67e0789,BUY,No,35770901684551795669491368577279542243430622770277005790758177182695013574212,0x5450fdfa7f5d9198c8bb06894478ab983dcf181c7796a84980fd7fd13d364e7b,0.991,0.13,0.12883,1730711125,Will a Democrat win Nebraska Presidential Election?
0x7f413b43ad25c49be341fc2011ddbc18916126fb36c1bed3e25513324544ddc8,0x5efcf067bc6d7829e8e328f3f0f1c16314bcb33c,BUY,No,35770901684551795669491368577279542243430622770277005790758177182695013574212,0x5450fdfa7f5d9198c8bb06894478ab983dcf181c7796a84980fd7fd13d364e7b,0.9909970346,0.131179,0.1299980000017934,1730710969,Will a Democrat win Nebraska Presidential Election?
0xb149c45190d43e051b458fa8c3e6ce7ced6e87531613fa96973c5474eec07e97,0x160adf58cde13cf718db291fea2e4eebc3c34572,BUY,No,35770901684551795669491368577279542243430622770277005790758177182695013574212,0x5450fdfa7f5d9198c8bb06894478ab983dcf181c7796a84980fd7fd13d364e7b,0.9909959652,0.14127,0.139998000003804,1730710411,Will a Democrat win Nebraska Presidential Election?
0x93e977a810f8347a3cd0e3089f1d156e98d2e8eb0db2df66da744d840fe965a1,0xb7d54bf1d0a362beb916d9cb58a04c41d67e0789,BUY,No,35770901684551795669491368577279542243430622770277005790758177182695013574212,0x5450fdfa7f5d9198c8bb06894478ab983dcf181c7796a84980fd7fd13d364e7b,0.991,11.52,11.416319999999999,1730709941,Will a Democrat win Nebraska Presidential Election?
0x0aabfb59cc8d8372a9b86ffa9ccb2348bf5cde147594dac3f751741c13d8818a,0x386dad48f31caa507aa3105b2bf9263bc132dc79,BUY,No,35770901684551795669491368577279542243430622770277005790758177182695013574212,0x5450fdfa7f5d9198c8bb06894478ab983dcf181c7796a84980fd7fd13d364e7b,0.9909959652,0.14127,0.139998000003804,1730709609,Will a Democrat win Nebraska Presidential Election?
0x346743e7525623f58d6db311237d6cc0209aea98d85a6ef96d22db05ac66c275,0xb7d54bf1d0a362beb916d9cb58a04c41d67e0789,BUY,No,35770901684551795669491368577279542243430622770277005790758177182695013574212,0x5450fdfa7f5d9198c8bb06894478ab983dcf181c7796a84980fd7fd13d364e7b,0.991,0.14,0.13874,1730709523,Will a Democrat win Nebraska Presidential Election?
0xe47b05b8a76a252e4a261eb4a7cb05dca5ffca3fee8c42bfefd65dc07b3f838c,0xbd28200c7a076bc8256c997f863173061441bf3e,BUY,No,35770901684551795669491368577279542243430622770277005790758177182695013574212,0x5450fdfa7f5d9198c8bb06894478ab983dcf181c7796a84980fd7fd13d364e7b,0.9909970346,0.131179,0.1299980000017934,1730709163,Will a Democrat win Nebraska Presidential Election?
0x56e300be90cd1497dae49e53cbfcacf04eb8f27cef0d7ad381a0762614c20350,0x4f75cb280cca36e40d2bb4cd37ecde8da7d6a447,BUY,No,35770901684551795669491368577279542243430622770277005790758177182695013574212,0x5450fdfa7f5d9198c8bb06894478ab983dcf181c7796a84980fd7fd13d364e7b,0.9909982822,0.121088,0.11999799999503359,1730708681,Will a Democrat win Nebraska Presidential Election?
0x3196815a4b71e52f464451f62099d34a56ca4b8c29b84508f1fd6e868777ebf7,0xb7d54bf1d0a362beb916d9cb58a04c41d67e0789,BUY,No,35770901684551795669491368577279542243430622770277005790758177182695013574212,0x5450fdfa7f5d9198c8bb06894478ab983dcf181c7796a84980fd7fd13d364e7b,0.991,0.13,0.12883,1730708581,Will a Democrat win Nebraska Presidential Election?
0xda274681c9b425cc9b2994afac73707fc83a72404b2c7f206aa4f75577a7a104,0x9053aabce1dcc3ba6950d496b1bf602c905b1ed6,BUY,No,35770901684551795669491368577279542243430622770277005790758177182695013574212,0x5450fdfa7f5d9198c8bb06894478ab983dcf181c7796a84980fd7fd13d364e7b,0.9909999189,0.110999,0.1099999999979811,1730708525,Will a Democrat win Nebraska Presidential Election?
0x85dd39e61fb7d09c218a3369b7e0a78233a4e89b95dcf79636206f18bcb0c589,0x9b84dc91a62e1d1e4b933d58cd1b77f37a1ec5ea,BUY,No,35770901684551795669491368577279542243430622770277005790758177182695013574212,0x5450fdfa7f5d9198c8bb06894478ab983dcf181c7796a84980fd7fd13d364e7b,0.9909970346,0.131179,0.1299980000017934,1730708327,Will a Democrat win Nebraska Presidential Election?
0x6e8a01c1a13294523c1760bf8b40e45fe0c8a1d58f41c771d763c34975440f29,0xfef05c3c62a32fc020be19a15b77dc3a2f94d067,BUY,No,35770901684551795669491368577279542243430622770277005790758177182695013574212,0x5450fdfa7f5d9198c8bb06894478ab983dcf181c7796a84980fd7fd13d364e7b,0.9909959652,0.14127,0.139998000003804,1730707609,Will a Democrat win Nebraska Presidential Election?
0x8c65e277658a6cd9fdf6b2d4b1821456ae31c7fdb68c3bccda93c6e8b4639607,0x1b306cdd96c4a84407edb3e2bfced57289abd7d5,BUY,No,35770901684551795669491368577279542243430622770277005790758177182695013574212,0x5450fdfa7f5d9198c8bb06894478ab983dcf181c7796a84980fd7fd13d364e7b,0.9909950384,0.151361,0.1499980000072624,1730707519,Will a Democrat win Nebraska Presidential Election?
0x004d9002dc1f57baa97c3ca3a155675f91297484a656ffa633ecc07b36b8162c,0xac47f3ab343e4a7022ae4d7adf26b1eb8dcac580,BUY,No,35770901684551795669491368577279542243430622770277005790758177182695013574212,0x5450fdfa7f5d9198c8bb06894478ab983dcf181c7796a84980fd7fd13d364e7b,0.9909999189,0.110999,0.1099999999979811,1730707119,Will a Democrat win Nebraska Presidential Election?
0xe9799385e19ea441e56c9520d08843bb941536b6bc1eb4513dd16775e2a6fa0e,0x8f6274b20f7819814cdafa826dcee50a9e8604df,BUY,No,35770901684551795669491368577279542243430622770277005790758177182695013574212,0x5450fdfa7f5d9198c8bb06894478ab983dcf181c7796a84980fd7fd13d364e7b,0.9909917052,0.100907,0.0999979999966164,1730706951,Will a Democrat win Nebraska Presidential Election?
0x6282c0d7e4eadda935268c28ea6d489dd6c2d09d7d581be5155dfd024968b0aa,0xb7d54bf1d0a362beb916d9cb58a04c41d67e0789,BUY,No,35770901684551795669491368577279542243430622770277005790758177182695013574212,0x5450fdfa7f5d9198c8bb06894478ab983dcf181c7796a84980fd7fd13d364e7b,0.991,0.13,0.12883,1730706855,Will a Democrat win Nebraska Presidential Election?
0x41e677a526576149238308111174ff6cd8ae2d464e7d7cdc389f5a39a07483de,0xb7d54bf1d0a362beb916d9cb58a04c41d67e0789,BUY,No,35770901684551795669491368577279542243430622770277005790758177182695013574212,0x5450fdfa7f5d9198c8bb06894478ab983dcf181c7796a84980fd7fd13d364e7b,0.991,0.11,0.10901,1730706575,Will a Democrat win Nebraska Presidential Election?
0x1acdcbe95455a99d560cf61426826700871c299e53dbb4444685de5928da1d3d,0x2427a95a04409e42def7656b4a04c814e47d7a87,BUY,No,35770901684551795669491368577279542243430622770277005790758177182695013574212,0x5450fdfa7f5d9198c8bb06894478ab983dcf181c7796a84980fd7fd13d364e7b,0.9909982822,0.121088,0.11999799999503359,1730706471,Will a Democrat win Nebraska Presidential Election?
0xa3740ec0dadea074a6fe4fc9f91ea095d35e0e5ba50f16d6b8f29ab42b53c80d,0xb7d54bf1d0a362beb916d9cb58a04c41d67e0789,BUY,No,35770901684551795669491368577279542243430622770277005790758177182695013574212,0x5450fdfa7f5d9198c8bb06894478ab983dcf181c7796a84980fd7fd13d364e7b,0.991,0.11,0.10901,1730706465,Will a Democrat win Nebraska Presidential Election?
0x435abef87b58c60b9c90f83156bf9bc950e76b24858fd65052359b2a82d1dd0c,0x31085ff0ae8c1c311e118ec282992a028bdc8211,BUY,No,35770901684551795669491368577279542243430622770277005790758177182695013574212,0x5450fdfa7f5d9198c8bb06894478ab983dcf181c7796a84980fd7fd13d364e7b,0.9909970346,0.131179,0.1299980000017934,1730705963,Will a Democrat win Nebraska Presidential Election?
0xd0a51c37cfe3fc82878e53a6a85fcfff32bb229d2c86876fa2709a06e8e8f381,0xb7d54bf1d0a362beb916d9cb58a04c41d67e0789,BUY,No,35770901684551795669491368577279542243430622770277005790758177182695013574212,0x5450fdfa7f5d9198c8bb06894478ab983dcf181c7796a84980fd7fd13d364e7b,0.991,0.14,0.13874,1730705799,Will a Democrat win Nebraska Presidential Election?
0xeb564d30a464e4c8a2a2538f98fdaee8e16f1951b7ceca5bc225c0906739c620,0xb7d54bf1d0a362beb916d9cb58a04c41d67e0789,BUY,No,35770901684551795669491368577279542243430622770277005790758177182695013574212,0x5450fdfa7f5d9198c8bb06894478ab983dcf181c7796a84980fd7fd13d364e7b,0.991,0.13,0.12883,1730705705,Will a Democrat win Nebraska Presidential Election?
0xbd1eb90004ebc814eb082b9da21762457fb63e35d444aa11379c2592e90aa173,0xb7d54bf1d0a362beb916d9cb58a04c41d67e0789,BUY,No,35770901684551795669491368577279542243430622770277005790758177182695013574212,0x5450fdfa7f5d9198c8bb06894478ab983dcf181c7796a84980fd7fd13d364e7b,0.991,0.1,0.09910000000000001,1730705093,Will a Democrat win Nebraska Presidential Election?
0x54da64fb8ab5f567d5c40c6eb20cf2207e89f5b31fb84e6136f208ea1e0eee3c,0x6cb6f3d42816ccaeda4999b96e516d491b85f74b,BUY,No,35770901684551795669491368577279542243430622770277005790758177182695013574212,0x5450fdfa7f5d9198c8bb06894478ab983dcf181c7796a84980fd7fd13d364e7b,0.9909950384,0.151361,0.1499980000072624,1730704545,Will a Democrat win Nebraska Presidential Election?
0x552e3a62ccc3fa7b3530f0cf4fab38714a6f6438520a26929d21d96bce130991,0xc6add6f786c3b87c47e79b1796b10366f3499f9e,BUY,No,35770901684551795669491368577279542243430622770277005790758177182695013574212,0x5450fdfa7f5d9198c8bb06894478ab983dcf181c7796a84980fd7fd13d364e7b,0.9909999189,0.110999,0.1099999999979811,1730704377,Will a Democrat win Nebraska Presidential Election?
0x0303ad9989f63d969bfb96f09193a0669d3eeee800f39ff54a32d8c4cb9aa87e,0xb7d54bf1d0a362beb916d9cb58a04c41d67e0789,BUY,No,35770901684551795669491368577279542243430622770277005790758177182695013574212,0x5450fdfa7f5d9198c8bb06894478ab983dcf181c7796a84980fd7fd13d364e7b,0.991,0.14,0.13874,1730704351,Will a Democrat win Nebraska Presidential Election?
0xb6209cd069440e218da1d1e874400546c4f8c7a48eafee870a9c0ff23e480a79,0xbaa6c73e51da21a2eba2256aad874d4b0fdf75e7,BUY,No,35770901684551795669491368577279542243430622770277005790758177182695013574212,0x5450fdfa7f5d9198c8bb06894478ab983dcf181c7796a84980fd7fd13d364e7b,0.9909959652,0.14127,0.139998000003804,1730704055,Will a Democrat win Nebraska Presidential Election?
0xd4c7dbc629754647213eba94f16deb2c325271ff9a422d9e508e14108c094dd9,0x28967ec55dcd712bc759ed39b676ef06f9ef1301,BUY,No,35770901684551795669491368577279542243430622770277005790758177182695013574212,0x5450fdfa7f5d9198c8bb06894478ab983dcf181c7796a84980fd7fd13d364e7b,0.9909950384,0.151361,0.1499980000072624,1730703634,Will a Democrat win Nebraska Presidential Election?
0x26ace09226b5c65289b2f964c04bc9ac167b6ba5c8bc742f9ac4a55098a3747d,0xaff731bc52c10e4df72ac32e186b773e0893fb54,BUY,No,35770901684551795669491368577279542243430622770277005790758177182695013574212,0x5450fdfa7f5d9198c8bb06894478ab983dcf181c7796a84980fd7fd13d364e7b,0.9909917052,0.100907,0.0999979999966164,1730702968,Will a Democrat win Nebraska Presidential Election?
0x2e06a838a25b4d269be23e330d7fbf8c28efc00859b8f0262d79859a2dc18b2f,0x11fbadc8a6e8764254e93408202fd287a837d573,BUY,No,35770901684551795669491368577279542243430622770277005790758177182695013574212,0x5450fdfa7f5d9198c8bb06894478ab983dcf181c7796a84980fd7fd13d364e7b,0.9909999189,0.110999,0.1099999999979811,1730702502,Will a Democrat win Nebraska Presidential Election?
0x56c4d2a39967d2c2973ba81621b8a8ed582ee6fdaffe6539c1558d662e85b313,0xdc7e48013d3d1a61d37cf4fb36ab949abbede205,BUY,No,35770901684551795669491368577279542243430622770277005790758177182695013574212,0x5450fdfa7f5d9198c8bb06894478ab983dcf181c7796a84980fd7fd13d364e7b,0.9909950384,0.151361,0.1499980000072624,1730701518,Will a Democrat win Nebraska Presidential Election?
0x8cd32bd47ce4fbbdef2503fb28eabb49ee1e9cb2c54dd3bdb00db7be59059e76,0x4421f89d12016e64d39700761327198d8b8d8332,BUY,No,35770901684551795669491368577279542243430622770277005790758177182695013574212,0x5450fdfa7f5d9198c8bb06894478ab983dcf181c7796a84980fd7fd13d364e7b,0.9909982822,0.121088,0.11999799999503359,1730701252,Will a Democrat win Nebraska Presidential Election?
0xb4e8def493606e1e4a039727c1a88d960548e743cf9d6aa49a6be584b671180a,0x68d5fb3b4fae159bb78840addd12eeb065e16a05,BUY,No,35770901684551795669491368577279542243430622770277005790758177182695013574212,0x5450fdfa7f5d9198c8bb06894478ab983dcf181c7796a84980fd7fd13d364e7b,0.9909970346,0.131179,0.1299980000017934,1730700972,Will a Democrat win Nebraska Presidential Election?
0x011e718925d4918bc836b650a4a773fda59ca5ec7adf44bef0dae2b11213b5ea,0xb7d54bf1d0a362beb916d9cb58a04c41d67e0789,BUY,No,35770901684551795669491368577279542243430622770277005790758177182695013574212,0x5450fdfa7f5d9198c8bb06894478ab983dcf181c7796a84980fd7fd13d364e7b,0.991,0.12,0.11892,1730700910,Will a Democrat win Nebraska Presidential Election?
0x2b989a1d168607aa2de01782344c4d4a7899307602eac9ec0d07171819f3bec7,0xb7d54bf1d0a362beb916d9cb58a04c41d67e0789,BUY,No,35770901684551795669491368577279542243430622770277005790758177182695013574212,0x5450fdfa7f5d9198c8bb06894478ab983dcf181c7796a84980fd7fd13d364e7b,0.991,0.12,0.11892,1730700621,Will a Democrat win Nebraska Presidential Election?
0xe68c00606d7424f256ef0f42688ea80c6ed64bd4ab7206e8b27e645be9a67efa,0x98b2152d87cef7495f787e1435fb57a8fa2bbbc2,BUY,No,35770901684551795669491368577279542243430622770277005790758177182695013574212,0x5450fdfa7f5d9198c8bb06894478ab983dcf181c7796a84980fd7fd13d364e7b,0.9909917052,0.100907,0.0999979999966164,1730700367,Will a Democrat win Nebraska Presidential Election?
0xafaaa8b9807d4ea8d93ede5ba9190f0ead2661c623966ac3f2ad7efc6fcbeccf,0x6847d69ab49bb3c99b636c469ffa749a7c3dc47b,BUY,No,35770901684551795669491368577279542243430622770277005790758177182695013574212,0x5450fdfa7f5d9198c8bb06894478ab983dcf181c7796a84980fd7fd13d364e7b,0.9909959652,0.14127,0.139998000003804,1730699383,Will a Democrat win Nebraska Presidential Election?
0xaa9677c3a39176a20a94af39d55c8fa2a9b9247343d78558e5bf4777fb446e29,0xf22746e985988fb31b2c42f2fe87a8208043244e,BUY,No,35770901684551795669491368577279542243430622770277005790758177182695013574212,0x5450fdfa7f5d9198c8bb06894478ab983dcf181c7796a84980fd7fd13d364e7b,0.9909970346,0.131179,0.1299980000017934,1730698715,Will a Democrat win Nebraska Presidential Election?
0xd4bb8fbfd834ba988882050b988cff7453518903ca566b3a05b284009cbd4365,0xb7d54bf1d0a362beb916d9cb58a04c41d67e0789,BUY,No,35770901684551795669491368577279542243430622770277005790758177182695013574212,0x5450fdfa7f5d9198c8bb06894478ab983dcf181c7796a84980fd7fd13d364e7b,0.991,0.12,0.11892,1730698589,Will a Democrat win Nebraska Presidential Election?
0xad7308eb63a724605e3de7aefd1ad7b69c722c4dd790d069dd887cc89f6f1999,0x5a2772e2be991caa36fa43d70e684b59a1d226bc,BUY,No,35770901684551795669491368577279542243430622770277005790758177182695013574212,0x5450fdfa7f5d9198c8bb06894478ab983dcf181c7796a84980fd7fd13d364e7b,0.9909970346,0.131179,0.1299980000017934,1730698527,Will a Democrat win Nebraska Presidential Election?
0x3ee2fbcdb85d2e278ff72562b34d55f8447581de15620d36e3985a80d5116b62,0x816ebeca6441a1a01c7054e45d7f104e26de69a2,BUY,No,35770901684551795669491368577279542243430622770277005790758177182695013574212,0x5450fdfa7f5d9198c8bb06894478ab983dcf181c7796a84980fd7fd13d364e7b,0.9909999189,0.110999,0.1099999999979811,1730698427,Will a Democrat win Nebraska Presidential Election?
0xe09c5a414605054934750a69b8cdf5fe267754f5ae92bfd5c26aacb046ed46dc,0xb7d54bf1d0a362beb916d9cb58a04c41d67e0789,BUY,No,35770901684551795669491368577279542243430622770277005790758177182695013574212,0x5450fdfa7f5d9198c8bb06894478ab983dcf181c7796a84980fd7fd13d364e7b,0.991,0.12,0.11892,1730698189,Will a Democrat win Nebraska Presidential Election?
0xa1f9487b39c513c32866bce707b79c3c8692357e47d0aa895c6dda30d7c8fa86,0xb7d54bf1d0a362beb916d9cb58a04c41d67e0789,BUY,No,35770901684551795669491368577279542243430622770277005790758177182695013574212,0x5450fdfa7f5d9198c8bb06894478ab983dcf181c7796a84980fd7fd13d364e7b,0.991,0.11,0.10901,1730698051,Will a Democrat win Nebraska Presidential Election?
0xe2e3d88eb98d7143e4d096fff2cac61ba7eee787d9bf6e0f8b90c8b3d401c06f,0xb7d54bf1d0a362beb916d9cb58a04c41d67e0789,BUY,No,35770901684551795669491368577279542243430622770277005790758177182695013574212,0x5450fdfa7f5d9198c8bb06894478ab983dcf181c7796a84980fd7fd13d364e7b,0.991,0.15,0.14865,1730697789,Will a Democrat win Nebraska Presidential Election?
0xc1b7886f6df736790c4f4bf538237f8d03fb61094763cb7b8960eadc3e538be1,0xb7d54bf1d0a362beb916d9cb58a04c41d67e0789,BUY,No,35770901684551795669491368577279542243430622770277005790758177182695013574212,0x5450fdfa7f5d9198c8bb06894478ab983dcf181c7796a84980fd7fd13d364e7b,0.991,0.13,0.12883,1730697719,Will a Democrat win Nebraska Presidential Election?
0xb750b3645bfaaaf71fdd478c2ad8f08510b25dd664150a2d5d4cefc19e8aabb9,0xb7d54bf1d0a362beb916d9cb58a04c41d67e0789,BUY,No,35770901684551795669491368577279542243430622770277005790758177182695013574212,0x5450fdfa7f5d9198c8bb06894478ab983dcf181c7796a84980fd7fd13d364e7b,0.991,0.13,0.12883,1730697157,Will a Democrat win Nebraska Presidential Election?
0xc6df68226f83da9e48143ac2fa3ca3fef240257a672ef11fd97f57a5c3d2b0d8,0xfdaff93f68eb4dc3b60d992a08dbb5684a99fbf8,BUY,No,35770901684551795669491368577279542243430622770277005790758177182695013574212,0x5450fdfa7f5d9198c8bb06894478ab983dcf181c7796a84980fd7fd13d364e7b,0.9909970346,0.131179,0.1299980000017934,1730696685,Will a Democrat win Nebraska Presidential Election?
0x19afb104ba0bc99023221210884c5c2dddb5a14164839af3473e6545b677715a,0xb7d54bf1d0a362beb916d9cb58a04c41d67e0789,BUY,No,35770901684551795669491368577279542243430622770277005790758177182695013574212,0x5450fdfa7f5d9198c8bb06894478ab983dcf181c7796a84980fd7fd13d364e7b,0.991,0.15,0.14865,1730696486,Will a Democrat win Nebraska Presidential Election?
0x81a5d91273b24535f2888e5d8a7b740e504e69b4566e27d581cdcbca6ceaaae7,0xb7d54bf1d0a362beb916d9cb58a04c41d67e0789,BUY,No,35770901684551795669491368577279542243430622770277005790758177182695013574212,0x5450fdfa7f5d9198c8bb06894478ab983dcf181c7796a84980fd7fd13d364e7b,0.991,0.12,0.11892,1730696194,Will a Democrat win Nebraska Presidential Election?
0xc27c01288a7fb82e58690baaa9f39f0f3e6b180a0555c605f473017cbadb60d4,0xfe681765a1bd788d9f959b4379ac94465df731a4,BUY,No,35770901684551795669491368577279542243430622770277005790758177182695013574212,0x5450fdfa7f5d9198c8bb06894478ab983dcf181c7796a84980fd7fd13d364e7b,0.9909959652,0.14127,0.139998000003804,1730696184,Will a Democrat win Nebraska Presidential Election?
0x3ce22d9dc860a7337986fe322bdd8f1354af594592ec414f5919152f46365453,0x6b41126133e3e94cfaf0513996aae80941db81a9,BUY,No,35770901684551795669491368577279542243430622770277005790758177182695013574212,0x5450fdfa7f5d9198c8bb06894478ab983dcf181c7796a84980fd7fd13d364e7b,0.9909959652,0.14127,0.139998000003804,1730696160,Will a Democrat win Nebraska Presidential Election?
0xaf4cd92ebf185d6f1e034ff833901019b0eed04ab11a05c960fdce0579099ae3,0xb7d54bf1d0a362beb916d9cb58a04c41d67e0789,BUY,No,35770901684551795669491368577279542243430622770277005790758177182695013574212,0x5450fdfa7f5d9198c8bb06894478ab983dcf181c7796a84980fd7fd13d364e7b,0.991,0.12,0.11892,1730695895,Will a Democrat win Nebraska Presidential Election?
0x62a174d7abac1d99a0ccbf41f0e25f0944b23d03b6123b1dfd1ce19e6b18551f,0xdebf1f9cf1a7f92aa8f354aa1bef251ac9dfa6aa,BUY,No,35770901684551795669491368577279542243430622770277005790758177182695013574212,0x5450fdfa7f5d9198c8bb06894478ab983dcf181c7796a84980fd7fd13d364e7b,0.9909950384,0.151361,0.1499980000072624,1730695621,Will a Democrat win Nebraska Presidential Election?
0x87df8167b6d9a4f49fb5ab6367855d7c2b1563a4277f5a4ee36384664a5a8e8c,0x04ea2b93e886cc9a98e65632668ef3cfa19f9e60,BUY,No,35770901684551795669491368577279542243430622770277005790758177182695013574212,0x5450fdfa7f5d9198c8bb06894478ab983dcf181c7796a84980fd7fd13d364e7b,0.9909959652,0.14127,0.139998000003804,1730695186,Will a Democrat win Nebraska Presidential Election?
0x896a2228fc4a5e878e3728c913d6ea303935f3f0fd91371978f3146c2f6469db,0xb7d54bf1d0a362beb916d9cb58a04c41d67e0789,BUY,No,35770901684551795669491368577279542243430622770277005790758177182695013574212,0x5450fdfa7f5d9198c8bb06894478ab983dcf181c7796a84980fd7fd13d364e7b,0.991,0.12,0.11892,1730694836,Will a Democrat win Nebraska Presidential Election?
0x7534826bbde38bcda9477dcbf300083d96c007ddff15d1610f8cf262b4cd02ab,0x447489749e1ab7517187907c2b1000a6ac189da0,BUY,No,35770901684551795669491368577279542243430622770277005790758177182695013574212,0x5450fdfa7f5d9198c8bb06894478ab983dcf181c7796a84980fd7fd13d364e7b,0.9909959652,0.14127,0.139998000003804,1730694133,Will a Democrat win Nebraska Presidential Election?
0x03bc59757ba35ebb5d646cd28272eb94c925a35d441cf491c6a30c58cca627ed,0x26ce53d2bb58af41eb8c239c77f21006fffbfcab,BUY,No,35770901684551795669491368577279542243430622770277005790758177182695013574212,0x5450fdfa7f5d9198c8bb06894478ab983dcf181c7796a84980fd7fd13d364e7b,0.9909999189,0.110999,0.1099999999979811,1730693907,Will a Democrat win Nebraska Presidential Election?
0x04ccf3526947085dd63fc00b5de09f30f492f764f3daaded2b7b1a0f84074759,0x0c88d1f61edfac3b887bb5853db70c3a0fe743ce,BUY,No,35770901684551795669491368577279542243430622770277005790758177182695013574212,0x5450fdfa7f5d9198c8bb06894478ab983dcf181c7796a84980fd7fd13d364e7b,0.9909959652,0.14127,0.139998000003804,1730692968,Will a Democrat win Nebraska Presidential Election?
0x74025fb26908b4565b3d731b257ef4b087ede596c17b3f9bcf1f6ea5831c9e5c,0xad3df08ac1c18717b05f5b4461edbccf28737a40,BUY,Yes,6511320115012073314258114900202512333073214818740802888332361452934837274686,0x5450fdfa7f5d9198c8bb06894478ab983dcf181c7796a84980fd7fd13d364e7b,0.013,384.615384,4.999999992,1730692960,Will a Democrat win Nebraska Presidential Election?
0xf2750c22fdce00ebfca3e6e3972be6c36f3a7dd7776580b73523b674b5ba94e1,0x19eab64c25ba668a557d38d27dfed6bbfe8c90d1,BUY,No,35770901684551795669491368577279542243430622770277005790758177182695013574212,0x5450fdfa7f5d9198c8bb06894478ab983dcf181c7796a84980fd7fd13d364e7b,0.9909999189,0.110999,0.1099999999979811,1730692378,Will a Democrat win Nebraska Presidential Election?
0x8307e699adb9a23e3622d51612e5572ebe3cb33a930edf477c0ef1ef3495ce41,0xcd75073ab8a127384901e0364076161445515182,BUY,No,35770901684551795669491368577279542243430622770277005790758177182695013574212,0x5450fdfa7f5d9198c8bb06894478ab983dcf181c7796a84980fd7fd13d364e7b,0.9909982822,0.121088,0.11999799999503359,1730691462,Will a Democrat win Nebraska Presidential Election?
0x0062fc3ffe10b1e2aba2cf24efc73790f432b8c640747b6952c94272fd70b227,0x5365cb65e776966f26f61e520e3c1d77dc53b362,BUY,No,35770901684551795669491368577279542243430622770277005790758177182695013574212,0x5450fdfa7f5d9198c8bb06894478ab983dcf181c7796a84980fd7fd13d364e7b,0.9909959652,0.14127,0.139998000003804,1730691262,Will a Democrat win Nebraska Presidential Election?
0xce343d3fd4621735551a7c532a8356dcb3a827dca9706e18669f67b8a45ae2d9,0xb7d54bf1d0a362beb916d9cb58a04c41d67e0789,BUY,No,35770901684551795669491368577279542243430622770277005790758177182695013574212,0x5450fdfa7f5d9198c8bb06894478ab983dcf181c7796a84980fd7fd13d364e7b,0.991,0.15,0.14865,1730691078,Will a Democrat win Nebraska Presidential Election?
0x631e892109a48843019afd2f39568e7cde319de45bc4858ba4a0cc774631638e,0x310906a7ba5a7676ce3db90b4383fc2ec14cd15a,BUY,No,35770901684551795669491368577279542243430622770277005790758177182695013574212,0x5450fdfa7f5d9198c8bb06894478ab983dcf181c7796a84980fd7fd13d364e7b,0.9909950384,0.151361,0.1499980000072624,1730690982,Will a Democrat win Nebraska Presidential Election?
0x4d077152911d049b9ad3fd07b28045c18e6e908d19acef5ff6ac1ea905a3776e,0xf5e5076aa995fd851cc0931727fe072814dc6236,BUY,No,35770901684551795669491368577279542243430622770277005790758177182695013574212,0x5450fdfa7f5d9198c8bb06894478ab983dcf181c7796a84980fd7fd13d364e7b,0.9909917052,0.100907,0.0999979999966164,1730690950,Will a Democrat win Nebraska Presidential Election?
0xfc53f8aa615d11352579142df12b6e8362a22bfa8291bd24a8afb056022ef91a,0xb7d54bf1d0a362beb916d9cb58a04c41d67e0789,BUY,No,35770901684551795669491368577279542243430622770277005790758177182695013574212,0x5450fdfa7f5d9198c8bb06894478ab983dcf181c7796a84980fd7fd13d364e7b,0.991,0.14,0.13874,1730690870,Will a Democrat win Nebraska Presidential Election?
0x7cb4e1e363dcb5fada9865f0552ab04af2c913c49dc80de937b3c52796d420e7,0xb7d54bf1d0a362beb916d9cb58a04c41d67e0789,BUY,No,35770901684551795669491368577279542243430622770277005790758177182695013574212,0x5450fdfa7f5d9198c8bb06894478ab983dcf181c7796a84980fd7fd13d364e7b,0.991,0.11,0.10901,1730690508,Will a Democrat win Nebraska Presidential Election?
0x28e50d71ebe98382bfc08bb06a6e3ce32b0bc1bc5df2ae754302c98234ecb708,0xb7d54bf1d0a362beb916d9cb58a04c41d67e0789,BUY,No,35770901684551795669491368577279542243430622770277005790758177182695013574212,0x5450fdfa7f5d9198c8bb06894478ab983dcf181c7796a84980fd7fd13d364e7b,0.991,0.11,0.10901,1730690480,Will a Democrat win Nebraska Presidential Election?
0xe7193baf7c16b584fdcce23262fb8e722c3bab979ad3ef0cff9861164ef6f315,0xb7d54bf1d0a362beb916d9cb58a04c41d67e0789,BUY,No,35770901684551795669491368577279542243430622770277005790758177182695013574212,0x5450fdfa7f5d9198c8bb06894478ab983dcf181c7796a84980fd7fd13d364e7b,0.991,0.15,0.14865,1730690338,Will a Democrat win Nebraska Presidential Election?
0x99a8b3c247fd500d114b0306974a5935e69566fbe75b8bde560eb0e241f61fcd,0xb7d54bf1d0a362beb916d9cb58a04c41d67e0789,BUY,No,35770901684551795669491368577279542243430622770277005790758177182695013574212,0x5450fdfa7f5d9198c8bb06894478ab983dcf181c7796a84980fd7fd13d364e7b,0.991,0.15,0.14865,1730690108,Will a Democrat win Nebraska Presidential Election?
0xe58e2ee53fc594257ee019b00cc9ad71f212db5d394e09333d7bbc8fba713736,0x310fb2e8211f7a656da382ab260b1280ee2aef60,BUY,No,35770901684551795669491368577279542243430622770277005790758177182695013574212,0x5450fdfa7f5d9198c8bb06894478ab983dcf181c7796a84980fd7fd13d364e7b,0.9909970346,0.131179,0.1299980000017934,1730690023,Will a Democrat win Nebraska Presidential Election?
0x2adb2b8e7163b561bae2fe6af1def70698e7243e91a9779599993448ac3aa6c8,0x446a2abd3ddf900d16cd649cf129a6c5755ff962,BUY,No,35770901684551795669491368577279542243430622770277005790758177182695013574212,0x5450fdfa7f5d9198c8bb06894478ab983dcf181c7796a84980fd7fd13d364e7b,0.9909999189,0.110999,0.1099999999979811,1730687952,Will a Democrat win Nebraska Presidential Election?
0x869c90a68a465dd2778d1994a58f34e531fd31d9fbc32288f6d0c784355b9b42,0x910a7481855229497891f6880259d969ea9cdfc7,BUY,No,35770901684551795669491368577279542243430622770277005790758177182695013574212,0x5450fdfa7f5d9198c8bb06894478ab983dcf181c7796a84980fd7fd13d364e7b,0.9909982822,0.121088,0.11999799999503359,1730686823,Will a Democrat win Nebraska Presidential Election?
0x9af83d9a33d9b0419bce5e8b159dec58c82c678d9ddd01ff40ead4584db2a7be,0x1b57ad2cfd297e1946e1ff70913abcee56fa56d2,BUY,No,35770901684551795669491368577279542243430622770277005790758177182695013574212,0x5450fdfa7f5d9198c8bb06894478ab983dcf181c7796a84980fd7fd13d364e7b,0.9909917052,0.100907,0.0999979999966164,1730686344,Will a Democrat win Nebraska Presidential Election?
0xea0d374c4ec397cdd323ed604d9f726b87e6c05f5730dda2b0f894e174a27bc3,0x2dc09162ba28f2ca14fa88d5b2ca8dfafe40adc0,BUY,No,35770901684551795669491368577279542243430622770277005790758177182695013574212,0x5450fdfa7f5d9198c8bb06894478ab983dcf181c7796a84980fd7fd13d364e7b,0.9909982822,0.121088,0.11999799999503359,1730686264,Will a Democrat win Nebraska Presidential Election?
0x4b6e6a52ce89213d5da4dcf771a4c8243f9acc67728a976d307b5d501e4bd45f,0xd27a737aacb6015cbe707075b84a96668093c7ae,BUY,No,35770901684551795669491368577279542243430622770277005790758177182695013574212,0x5450fdfa7f5d9198c8bb06894478ab983dcf181c7796a84980fd7fd13d364e7b,0.9909959652,0.14127,0.139998000003804,1730686202,Will a Democrat win Nebraska Presidential Election?
0xfe0ab06ae9a6eefd153afb871a986d78fa8732ccd9b7a54af88db606af9d4e07,0x7ecf54ada2401dadf7b5b87a4de9b0f5f94daf24,BUY,No,35770901684551795669491368577279542243430622770277005790758177182695013574212,0x5450fdfa7f5d9198c8bb06894478ab983dcf181c7796a84980fd7fd13d364e7b,0.9909999189,0.110999,0.1099999999979811,1730685924,Will a Democrat win Nebraska Presidential Election?
0x084a7373d83973957673b957c66bb87e26cf46ac53cdb891c683f498e4571eca,0xbffe2fb58efc17cb05687bd478251f969983d70f,BUY,No,35770901684551795669491368577279542243430622770277005790758177182695013574212,0x5450fdfa7f5d9198c8bb06894478ab983dcf181c7796a84980fd7fd13d364e7b,0.9909999189,0.110999,0.1099999999979811,1730685330,Will a Democrat win Nebraska Presidential Election?
0x2254777ef2179d6277808a37dce9c8fb17345e9ac5f67977cac75a09f79d02ee,0x864b89c27e3a8da3c921c52ea61c3ab991135b48,BUY,No,35770901684551795669491368577279542243430622770277005790758177182695013574212,0x5450fdfa7f5d9198c8bb06894478ab983dcf181c7796a84980fd7fd13d364e7b,0.9909970346,0.131179,0.1299980000017934,1730684877,Will a Democrat win Nebraska Presidential Election?
0x68986a8014147a140f500be00acbbd1256734ccd797ac1d965140d7a0696af6c,0x7da9002cfb7e6889d8881dd6be702c2a7f14319b,BUY,No,35770901684551795669491368577279542243430622770277005790758177182695013574212,0x5450fdfa7f5d9198c8bb06894478ab983dcf181c7796a84980fd7fd13d364e7b,0.9909950384,0.151361,0.1499980000072624,1730684590,Will a Democrat win Nebraska Presidential Election?
0x3a931f227c65a84027ad767b3b0cfd88b917df9157be5fbef1a9bfa675987fa8,0x768b9ac5534946e5e7c6e506ff4b1c09028bac0a,BUY,No,35770901684551795669491368577279542243430622770277005790758177182695013574212,0x5450fdfa7f5d9198c8bb06894478ab983dcf181c7796a84980fd7fd13d364e7b,0.9909982822,0.121088,0.11999799999503359,1730684490,Will a Democrat win Nebraska Presidential Election?
0xa238e43edfb7ebe11b983aa9d5ca84820eddf742ff26200980a7b6298ef3fef8,0x4f9337e036c1e9c17cc5d0ee2e87cf4a7492ef73,BUY,No,35770901684551795669491368577279542243430622770277005790758177182695013574212,0x5450fdfa7f5d9198c8bb06894478ab983dcf181c7796a84980fd7fd13d364e7b,0.9909959652,0.14127,0.139998000003804,1730684177,Will a Democrat win Nebraska Presidential Election?
0x1dc922e885ee85faef432710087f68b169dabfa645c0ced9a07637bc92916805,0xbec94cd09508ec4950ef10f69ab814449fc6a22a,BUY,Yes,6511320115012073314258114900202512333073214818740802888332361452934837274686,0x5450fdfa7f5d9198c8bb06894478ab983dcf181c7796a84980fd7fd13d364e7b,0.0120000005,33.333332,0.40000000066666597,1730683939,Will a Democrat win Nebraska Presidential Election?
0x95f91d50781be200c5e9b7e30cab083e2a46b7bfebc2a85e8c169ee2e1b984c3,0x83e43e030fe2c9221743ae73f716fc2b28b3d896,BUY,No,35770901684551795669491368577279542243430622770277005790758177182695013574212,0x5450fdfa7f5d9198c8bb06894478ab983dcf181c7796a84980fd7fd13d364e7b,0.9919944447,0.100805,0.0999979999979835,1730683451,Will a Democrat win Nebraska Presidential Election?
0x5beef7dc10c2d0d17599b02bababdb98e072e22545675823c43e7ed98a1fe170,0xafbfa50ff01032be06cfe0092401e61377453869,BUY,No,35770901684551795669491368577279542243430622770277005790758177182695013574212,0x5450fdfa7f5d9198c8bb06894478ab983dcf181c7796a84980fd7fd13d364e7b,0.9919952383,0.131047,0.1299979999935001,1730683417,Will a Democrat win Nebraska Presidential Election?
0x5015e9def76f275d725bc223c88dc08ff28bd80ffa4fe2af34f53d25a3318ec4,0x3d8534c3ea537c3f4e660b99b82a7980635cecdc,BUY,No,35770901684551795669491368577279542243430622770277005790758177182695013574212,0x5450fdfa7f5d9198c8bb06894478ab983dcf181c7796a84980fd7fd13d364e7b,0.9919917753,0.110886,0.10999799999591581,1730683125,Will a Democrat win Nebraska Presidential Election?
0x70515c7e233d2ec5ea4c88810eb254e5b657734550958b464688842dd0f4f840,0x7a2dd00c37b9eea49b00bb26dc89edf6f8cdb23c,BUY,No,35770901684551795669491368577279542243430622770277005790758177182695013574212,0x5450fdfa7f5d9198c8bb06894478ab983dcf181c7796a84980fd7fd13d364e7b,0.9919944447,0.100805,0.0999979999979835,1730682932,Will a Democrat win Nebraska Presidential Election?
0x17b2160781c1d70b1e38ea351400dee1a6777796ddabfe84530d5c64a4a952ee,0xebca16f454872c298e48a6ad57273e110d6dadbd,BUY,No,35770901684551795669491368577279542243430622770277005790758177182695013574212,0x5450fdfa7f5d9198c8bb06894478ab983dcf181c7796a84980fd7fd13d364e7b,0.9919917753,0.110886,0.10999799999591581,1730682476,Will a Democrat win Nebraska Presidential Election?
0x82b25ca2071d6efeaf8369a7f68211593f23a5ef6437d6a506b52df54e6e7aaa,0xa9962c2c675f36736010e18af5900a5df42d9ca7,BUY,No,35770901684551795669491368577279542243430622770277005790758177182695013574212,0x5450fdfa7f5d9198c8bb06894478ab983dcf181c7796a84980fd7fd13d364e7b,0.9919917753,0.110886,0.10999799999591581,1730682288,Will a Democrat win Nebraska Presidential Election?
0x04b38e277fdd86ae00ec7453b8feb7a6915401ce0466c0c1811cb38f1587d724,0x030b8cd2d7238404851d9318e8aeb0e16ef9d717,BUY,No,35770901684551795669491368577279542243430622770277005790758177182695013574212,0x5450fdfa7f5d9198c8bb06894478ab983dcf181c7796a84980fd7fd13d364e7b,0.9919917753,0.110886,0.10999799999591581,1730682121,Will a Democrat win Nebraska Presidential Election?
0x2739ecbbf6ce5b7bf2a210c5fcfc21ae859b867bf94d59ad2e8d73b778a9afaa,0x0c1ac0eaada588e2d1fb87f95d303c29e351f703,BUY,No,35770901684551795669491368577279542243430622770277005790758177182695013574212,0x5450fdfa7f5d9198c8bb06894478ab983dcf181c7796a84980fd7fd13d364e7b,0.9919952383,0.131047,0.1299979999935001,1730681651,Will a Democrat win Nebraska Presidential Election?
0x94ef76bd85090bd68653c4c165568d2152198177bc8c7a140580f12595bf8a62,0x04a5a44f005709b695b60175539b450f8227e192,BUY,No,35770901684551795669491368577279542243430622770277005790758177182695013574212,0x5450fdfa7f5d9198c8bb06894478ab983dcf181c7796a84980fd7fd13d364e7b,0.9919952383,0.131047,0.1299979999935001,1730680155,Will a Democrat win Nebraska Presidential Election?
0xea91aa57b1434432d38df508e5328ed292c1d8ba9ea1164695d23d048bbc1c21,0x298906cbb5cb825f4f6d0b156a054d00eb78ab0a,BUY,No,35770901684551795669491368577279542243430622770277005790758177182695013574212,0x5450fdfa7f5d9198c8bb06894478ab983dcf181c7796a84980fd7fd13d364e7b,0.9919977779,0.151208,0.1499980000007032,1730679889,Will a Democrat win Nebraska Presidential Election?
0xf1cb58a6e5ea1a270723621092e37c5d2c250c80f229e82ee2e1dff367a2d68c,0xed134cce6b6b2b37981dd7243ca65b0a502c5cd5,BUY,No,35770901684551795669491368577279542243430622770277005790758177182695013574212,0x5450fdfa7f5d9198c8bb06894478ab983dcf181c7796a84980fd7fd13d364e7b,0.9919977514,0.120966,0.11999799999585241,1730679157,Will a Democrat win Nebraska Presidential Election?
0xfbfa7368e2d06d408ec0dd3c68ecbdaa30f4c10551e98637077ce474b80fdc42,0x2276bdd1b132774bb077945bcf4e5edd4ce31c21,BUY,No,35770901684551795669491368577279542243430622770277005790758177182695013574212,0x5450fdfa7f5d9198c8bb06894478ab983dcf181c7796a84980fd7fd13d364e7b,0.9919930843,0.141128,0.1399980000010904,1730678895,Will a Democrat win Nebraska Presidential Election?
0x8968c39fda70952ce9a81559bfa1a4297012bd6a82cd8216c1770bb695079670,0x4aa2a7bb07668f3bbd01f01522acf3d5b93057ad,BUY,No,35770901684551795669491368577279542243430622770277005790758177182695013574212,0x5450fdfa7f5d9198c8bb06894478ab983dcf181c7796a84980fd7fd13d364e7b,0.9919917753,0.110886,0.10999799999591581,1730678699,Will a Democrat win Nebraska Presidential Election?
0x9adf1768d187a452aad5dffe6d0f2e12e948f4bff5d27267edf064058e62ba72,0xef01223d535daa0331f9595c9375ffa5896aff1f,BUY,No,35770901684551795669491368577279542243430622770277005790758177182695013574212,0x5450fdfa7f5d9198c8bb06894478ab983dcf181c7796a84980fd7fd13d364e7b,0.9919952383,0.131047,0.1299979999935001,1730678454,Will a Democrat win Nebraska Presidential Election?
0x3fb4b90773384cfe5b307bb0427e28f098f0e6bbec2b1476304c8b527f55071b,0x6767cef03aa21b83fa780651b50530172af84210,BUY,No,35770901684551795669491368577279542243430622770277005790758177182695013574212,0x5450fdfa7f5d9198c8bb06894478ab983dcf181c7796a84980fd7fd13d364e7b,0.9919930843,0.141128,0.1399980000010904,1730676846,Will a Democrat win Nebraska Presidential Election?
0x380e5859d65a9ea55248517b50dd9c057ccbbd655e4f4e5479f380afd4c9a23d,0xd41678ea0a243c42950f5696068974853a729961,BUY,No,35770901684551795669491368577279542243430622770277005790758177182695013574212,0x5450fdfa7f5d9198c8bb06894478ab983dcf181c7796a84980fd7fd13d364e7b,0.9919977514,0.120966,0.11999799999585241,1730676082,Will a Democrat win Nebraska Presidential Election?
0x46ef7f4bbd5c7e8d105c8784b699d4430590f248f1cd2b4c03df91ff0f994812,0xea6346dcc767720eb8dd4ce884a396bfd18b5046,BUY,No,35770901684551795669491368577279542243430622770277005790758177182695013574212,0x5450fdfa7f5d9198c8bb06894478ab983dcf181c7796a84980fd7fd13d364e7b,0.9919977514,0.120966,0.11999799999585241,1730675351,Will a Democrat win Nebraska Presidential Election?
0x4eb505565aa845fb4214a859ca1f43a056e7bb42b9716b06219789fe83f9ed98,0xf9af8b5d9362ff9b7e4c2af16c0a782cfe2d84fe,BUY,No,35770901684551795669491368577279542243430622770277005790758177182695013574212,0x5450fdfa7f5d9198c8bb06894478ab983dcf181c7796a84980fd7fd13d364e7b,0.9919917753,0.110886,0.10999799999591581,1730674670,Will a Democrat win Nebraska Presidential Election?
0xdd9b1c2e23300adce4e5c68c7967a07454bd280295324a8cd3bed766177ad73d,0x3f77489112e669bad9b85d56a5fa99c809f6e91b,BUY,No,35770901684551795669491368577279542243430622770277005790758177182695013574212,0x5450fdfa7f5d9198c8bb06894478ab983dcf181c7796a84980fd7fd13d364e7b,0.9919930843,0.141128,0.1399980000010904,1730674490,Will a Democrat win Nebraska Presidential Election?
0x3d9166d32bcd47f55acdd2b862253cee5a81c2d0e86fa5883dce6609b5b00013,0xf21c9273625b6aa2d26a47d56707048320960ec7,BUY,No,35770901684551795669491368577279542243430622770277005790758177182695013574212,0x5450fdfa7f5d9198c8bb06894478ab983dcf181c7796a84980fd7fd13d364e7b,0.9919952383,0.131047,0.1299979999935001,1730674212,Will a Democrat win Nebraska Presidential Election?
0x52e9800731efd9a034fa667fd1a9b09a82e556f0a315130f917d4bd6e4c24831,0x8bf1ad8d2425c3dbe7f3cb8264fd28f571e91673,BUY,No,35770901684551795669491368577279542243430622770277005790758177182695013574212,0x5450fdfa7f5d9198c8bb06894478ab983dcf181c7796a84980fd7fd13d364e7b,0.9919977514,0.120966,0.11999799999585241,1730673806,Will a Democrat win Nebraska Presidential Election?
0x4b147259812ff881d18c3e7616d77e1fd6bb4e867b1d992d412761f37f9e82d1,0x721642c2ac664600680ee6f3dd8ec6f5deff103d,BUY,No,35770901684551795669491368577279542243430622770277005790758177182695013574212,0x5450fdfa7f5d9198c8bb06894478ab983dcf181c7796a84980fd7fd13d364e7b,0.9919917753,0.110886,0.10999799999591581,1730673305,Will a Democrat win Nebraska Presidential Election?
0xd6d665c8b9cdcd1fbfc05bac39897acf22c3d12b526b5d601149a1a84a8b2644,0x73601f5a3dcf77422f13df28a3c29bd92804de14,BUY,No,35770901684551795669491368577279542243430622770277005790758177182695013574212,0x5450fdfa7f5d9198c8bb06894478ab983dcf181c7796a84980fd7fd13d364e7b,0.9919977779,0.151208,0.1499980000007032,1730672811,Will a Democrat win Nebraska Presidential Election?
0x114ef7e7c7aa7a92de72445776d0518f26c3c408e6bb642d6c65c7c981ec862e,0xdbd23c66589a0dbed2c14ac5f630742547f907db,BUY,No,35770901684551795669491368577279542243430622770277005790758177182695013574212,0x5450fdfa7f5d9198c8bb06894478ab983dcf181c7796a84980fd7fd13d364e7b,0.9919952383,0.131047,0.1299979999935001,1730670400,Will a Democrat win Nebraska Presidential Election?
0x41637e042aec150d4ae8b420c2e6928115837fa9b2077730f50c7a4856bb361d,0x3c6472d9e76ae755f3da4cb0f74cba702d6accc4,BUY,No,35770901684551795669491368577279542243430622770277005790758177182695013574212,0x5450fdfa7f5d9198c8bb06894478ab983dcf181c7796a84980fd7fd13d364e7b,0.9919930843,0.141128,0.1399980000010904,1730670122,Will a Democrat win Nebraska Presidential Election?
0x919a88b3717ddcfa3f6f4253ddba4e9c84709dd4953b60a8a872a64adfeee21d,0xafc2fe8d508628655f9dfa67b9a259a8e6d8bca6,BUY,No,35770901684551795669491368577279542243430622770277005790758177182695013574212,0x5450fdfa7f5d9198c8bb06894478ab983dcf181c7796a84980fd7fd13d364e7b,0.9919917753,0.110886,0.10999799999591581,1730669354,Will a Democrat win Nebraska Presidential Election?
0x770465536d71417945f577b56361dc407e9bb7f11874d96ab009f772ee49bc9a,0xa820341dd1ef78c8ebac392a9d450b092cf87d0b,BUY,No,35770901684551795669491368577279542243430622770277005790758177182695013574212,0x5450fdfa7f5d9198c8bb06894478ab983dcf181c7796a84980fd7fd13d364e7b,0.9919977779,0.151208,0.1499980000007032,1730669128,Will a Democrat win Nebraska Presidential Election?
0xefd023abc1abc6c50148ea31a740fb0b0657169e9904a3e7e039655d6dac5531,0x0701338cfb23af3b8e9d23f2971a988b05736e4a,BUY,No,35770901684551795669491368577279542243430622770277005790758177182695013574212,0x5450fdfa7f5d9198c8bb06894478ab983dcf181c7796a84980fd7fd13d364e7b,0.9919930843,0.141128,0.1399980000010904,1730668896,Will a Democrat win Nebraska Presidential Election?
0xd9ae74c005ac5ad7d0daea3db5d0b0e48ad168fd1d6ec42fbd80158d8835a3f3,0x6af1f8279ab02034fca2318582ff6635da0d47bc,BUY,No,35770901684551795669491368577279542243430622770277005790758177182695013574212,0x5450fdfa7f5d9198c8bb06894478ab983dcf181c7796a84980fd7fd13d364e7b,0.9919917753,0.110886,0.10999799999591581,1730668433,Will a Democrat win Nebraska Presidential Election?
0xadb24faa15ca410bf3747bbcd43c662b4fdaf9df7c3c0264975e40346ca5a146,0xad23d1b7095fcc73afa8794918d23eb14fc72d01,BUY,No,35770901684551795669491368577279542243430622770277005790758177182695013574212,0x5450fdfa7f5d9198c8bb06894478ab983dcf181c7796a84980fd7fd13d364e7b,0.9919930843,0.141128,0.1399980000010904,1730667891,Will a Democrat win Nebraska Presidential Election?
0x236e9723f19d6660f70de1b1cc288c8fb792b19f9f989d36417396478aad9630,0x8a8ea451d2c30eef241ca2c1b496ce5d1fb19f5b,BUY,No,35770901684551795669491368577279542243430622770277005790758177182695013574212,0x5450fdfa7f5d9198c8bb06894478ab983dcf181c7796a84980fd7fd13d364e7b,0.9919930843,0.141128,0.1399980000010904,1730667253,Will a Democrat win Nebraska Presidential Election?
0x2da96f5284649fa7ed0b5eaf25df2d1dc772339c8b057133821cfd3a49c58131,0x713a12c39de17be67fb8f5297270f8af7acf95c7,BUY,No,35770901684551795669491368577279542243430622770277005790758177182695013574212,0x5450fdfa7f5d9198c8bb06894478ab983dcf181c7796a84980fd7fd13d364e7b,0.9919917753,0.110886,0.10999799999591581,1730666748,Will a Democrat win Nebraska Presidential Election?
0xeb29aece89d8be69f6cdb5a1a872f42860e31b95f79bd61bb78de830cd349bb2,0xf819b098de2e85201bb5e36b7594094cfa324c24,BUY,No,35770901684551795669491368577279542243430622770277005790758177182695013574212,0x5450fdfa7f5d9198c8bb06894478ab983dcf181c7796a84980fd7fd13d364e7b,0.9919917753,0.110886,0.10999799999591581,1730666279,Will a Democrat win Nebraska Presidential Election?
0xefb9b3510fa8743759c19f101f1507985308844e5821fd79e13eb631c604ec48,0xba977803c7c43f3eb553d432a330558fbd0ee8d9,BUY,No,35770901684551795669491368577279542243430622770277005790758177182695013574212,0x5450fdfa7f5d9198c8bb06894478ab983dcf181c7796a84980fd7fd13d364e7b,0.9919917753,0.110886,0.10999799999591581,1730665363,Will a Democrat win Nebraska Presidential Election?
0x0f2626c54968a7ab17fc9a2116ce74962002b42a3a9b9445e63036dfa9754e4d,0xa2c4d541bea19124b45c1e121c6a92d1e011b238,BUY,No,35770901684551795669491368577279542243430622770277005790758177182695013574212,0x5450fdfa7f5d9198c8bb06894478ab983dcf181c7796a84980fd7fd13d364e7b,0.9919944447,0.100805,0.0999979999979835,1730664769,Will a Democrat win Nebraska Presidential Election?
0x70dabe624f1c1f8e59128abc400dd9ffa1d7568c2db9e75e8cd7cfa5065db4ea,0x2dc93a7088f51a4c94ab302e43a3d689b0501aad,BUY,No,35770901684551795669491368577279542243430622770277005790758177182695013574212,0x5450fdfa7f5d9198c8bb06894478ab983dcf181c7796a84980fd7fd13d364e7b,0.9919977514,0.120966,0.11999799999585241,1730664551,Will a Democrat win Nebraska Presidential Election?
0x7f36ea52ff684f3f9bfab69caa18301744b4f16f2ccd6cba0ed1f358ac8e7506,0x23b73a228b588a5394257204d1bcae652feeeda2,BUY,No,35770901684551795669491368577279542243430622770277005790758177182695013574212,0x5450fdfa7f5d9198c8bb06894478ab983dcf181c7796a84980fd7fd13d364e7b,0.9919977779,0.151208,0.1499980000007032,1730664107,Will a Democrat win Nebraska Presidential Election?
0xa49a3c9ef649ee9a0dfac6146934232ff0091d443fb810914e41dd2ff366bded,0xbd1ecd3d9f48332b6690877dacc97321b5b408a7,BUY,No,35770901684551795669491368577279542243430622770277005790758177182695013574212,0x5450fdfa7f5d9198c8bb06894478ab983dcf181c7796a84980fd7fd13d364e7b,0.9919917753,0.110886,0.10999799999591581,1730662021,Will a Democrat win Nebraska Presidential Election?
0xc66a64350ef80a45d54065cf178c2244bbd46e53b9b2a43cc54c77080185798a,0xf095f999e0e70e7ca8130e9beafccff9145212f4,BUY,No,35770901684551795669491368577279542243430622770277005790758177182695013574212,0x5450fdfa7f5d9198c8bb06894478ab983dcf181c7796a84980fd7fd13d364e7b,0.9919944447,0.100805,0.0999979999979835,1730661689,Will a Democrat win Nebraska Presidential Election?
0xf38d9b2b5e988129a2482b12c893355aa3982c2e71abf991ce2b4818ab2ed092,0x6fa0ff1d6bbe990641273f9bda40281f9c21f07a,BUY,No,35770901684551795669491368577279542243430622770277005790758177182695013574212,0x5450fdfa7f5d9198c8bb06894478ab983dcf181c7796a84980fd7fd13d364e7b,0.9919952383,0.131047,0.1299979999935001,1730660097,Will a Democrat win Nebraska Presidential Election?
0x1c51327ed2dd56e61c276bea90fa4f3cd9bc373a0e7cfbfc02eda51b87cff72b,0x315cd92b10f6ef175d110d775446362a42f47a86,BUY,No,35770901684551795669491368577279542243430622770277005790758177182695013574212,0x5450fdfa7f5d9198c8bb06894478ab983dcf181c7796a84980fd7fd13d364e7b,0.9919952383,0.131047,0.1299979999935001,1730659831,Will a Democrat win Nebraska Presidential Election?
0xb052279f7da5f4179fd8149c5e33a1e66b92c066b36106fe4997f9858b9d4163,0xff89295bd68b4d4ab5c29ce30ffd154add62f124,BUY,No,35770901684551795669491368577279542243430622770277005790758177182695013574212,0x5450fdfa7f5d9198c8bb06894478ab983dcf181c7796a84980fd7fd13d364e7b,0.9919917753,0.110886,0.10999799999591581,1730658902,Will a Democrat win Nebraska Presidential Election?
0xf7e8efbde8ae092d17c2408b76db35479a711d14b614e4b43580284670cd896a,0x9ec906151ec0d494413f253d2f4261b2df7f3ac0,BUY,No,35770901684551795669491368577279542243430622770277005790758177182695013574212,0x5450fdfa7f5d9198c8bb06894478ab983dcf181c7796a84980fd7fd13d364e7b,0.9919930843,0.141128,0.1399980000010904,1730657108,Will a Democrat win Nebraska Presidential Election?
0xd218c2bdb4562eaea560bd8de15010e4054740503a7ffc50717bf6d0ea23c53b,0xa09527cd5aa087b1a9d8112fd151e437fbbe86b9,BUY,No,35770901684551795669491368577279542243430622770277005790758177182695013574212,0x5450fdfa7f5d9198c8bb06894478ab983dcf181c7796a84980fd7fd13d364e7b,0.9919977514,0.120966,0.11999799999585241,1730655621,Will a Democrat win Nebraska Presidential Election?
0x025cfccf1406b0c1b72575fd6880a03a2bf565b70f77d3600c353e5400aa88dd,0x3bd366d3c3a5960e64dddf1d79e641afab2cabe7,BUY,No,35770901684551795669491368577279542243430622770277005790758177182695013574212,0x5450fdfa7f5d9198c8bb06894478ab983dcf181c7796a84980fd7fd13d364e7b,0.9919944447,0.100805,0.0999979999979835,1730655080,Will a Democrat win Nebraska Presidential Election?
0xaade08f6139fe2a59c520a86dc83de25359530277efa360ed9a3fdbee027316e,0xa5dd538390461f8a8e1cd7bc8c221f56af248597,BUY,No,35770901684551795669491368577279542243430622770277005790758177182695013574212,0x5450fdfa7f5d9198c8bb06894478ab983dcf181c7796a84980fd7fd13d364e7b,0.9919977514,0.120966,0.11999799999585241,1730654756,Will a Democrat win Nebraska Presidential Election?
0xa7965fec1b51d2667868988d8c026cf99130bf85c5b92ce3c85b54445b5cbd6d,0x8a1ec14863d35b2df2b599e5c228c00025a44fe3,BUY,No,35770901684551795669491368577279542243430622770277005790758177182695013574212,0x5450fdfa7f5d9198c8bb06894478ab983dcf181c7796a84980fd7fd13d364e7b,0.9919917753,0.110886,0.10999799999591581,1730654373,Will a Democrat win Nebraska Presidential Election?
0x78153a5849d8d3d2c23736e55cfb0dffb2282f24d20fd10ebe66b4de59c7f1a5,0xe0df54db5f615cce944e03f2b950755aa2455344,BUY,No,35770901684551795669491368577279542243430622770277005790758177182695013574212,0x5450fdfa7f5d9198c8bb06894478ab983dcf181c7796a84980fd7fd13d364e7b,0.9919930843,0.141128,0.1399980000010904,1730652930,Will a Democrat win Nebraska Presidential Election?
0x068b60512881444c525de26556380862e881b57a833350cbf6b7cba916853d76,0x0067e50a2d98b9189bf71e4654e0267783826985,BUY,No,35770901684551795669491368577279542243430622770277005790758177182695013574212,0x5450fdfa7f5d9198c8bb06894478ab983dcf181c7796a84980fd7fd13d364e7b,0.9919930843,0.141128,0.1399980000010904,1730650857,Will a Democrat win Nebraska Presidential Election?
0x7896453a3433de625c56bd7ee22797da16bd9bbe6e281f9dd50427509467abd8,0xb5f713a9c1501beec399fcc80fd85cf70f3e4194,BUY,No,35770901684551795669491368577279542243430622770277005790758177182695013574212,0x5450fdfa7f5d9198c8bb06894478ab983dcf181c7796a84980fd7fd13d364e7b,0.9919977779,0.151208,0.1499980000007032,1730649595,Will a Democrat win Nebraska Presidential Election?
0x14dbc2805cfd8295dd766769c07851aa2927509c9945bff3bdeac5ff18a4d110,0x16df62fb0287419d3f51983681dfddd7791a2959,BUY,No,35770901684551795669491368577279542243430622770277005790758177182695013574212,0x5450fdfa7f5d9198c8bb06894478ab983dcf181c7796a84980fd7fd13d364e7b,0.9919917753,0.110886,0.10999799999591581,1730648821,Will a Democrat win Nebraska Presidential Election?
0x7c198ef3a92356f011b60c0a6ac152da855714fb6a4d2ad4832744ee7e55beba,0x01a37c082f511d23e9b4ee3a800d3334d7dd3a3e,BUY,No,35770901684551795669491368577279542243430622770277005790758177182695013574212,0x5450fdfa7f5d9198c8bb06894478ab983dcf181c7796a84980fd7fd13d364e7b,0.9919944447,0.100805,0.0999979999979835,1730648417,Will a Democrat win Nebraska Presidential Election?
0xc2ae9c12aba0fcdc6606a8967c59f6e676b60b1304cb01638c7f9593b60ec3e2,0x3f12b8d85b38ba02a144b8d733a66124c00c56f4,BUY,No,35770901684551795669491368577279542243430622770277005790758177182695013574212,0x5450fdfa7f5d9198c8bb06894478ab983dcf181c7796a84980fd7fd13d364e7b,0.9919930843,0.141128,0.1399980000010904,1730648263,Will a Democrat win Nebraska Presidential Election?
0x44bffee86cbd450038df179332b72e3b798b49d8f8045395a7461fb6773cb0b4,0x14ccc69dd1b842f6044aef36a78ecbd237e7224d,BUY,No,35770901684551795669491368577279542243430622770277005790758177182695013574212,0x5450fdfa7f5d9198c8bb06894478ab983dcf181c7796a84980fd7fd13d364e7b,0.9919977514,0.120966,0.11999799999585241,1730648139,Will a Democrat win Nebraska Presidential Election?
0xefd2f2f6afe88c9e4d5896b218596985d193483272997990829181d9f34af227,0x7521596a1c4dcd3f18c365a0b2c6b6432e75cc3e,BUY,No,35770901684551795669491368577279542243430622770277005790758177182695013574212,0x5450fdfa7f5d9198c8bb06894478ab983dcf181c7796a84980fd7fd13d364e7b,0.9919977514,0.120966,0.11999799999585241,1730647555,Will a Democrat win Nebraska Presidential Election?
0x8b6fddca6816ae560fd4fa878dfb2ee2a7b18e7ea290afc02cc5fce903886cdd,0xf30838ca8f5df855489dca82415e5d1ffffb7778,BUY,No,35770901684551795669491368577279542243430622770277005790758177182695013574212,0x5450fdfa7f5d9198c8bb06894478ab983dcf181c7796a84980fd7fd13d364e7b,0.9919917753,0.110886,0.10999799999591581,1730647391,Will a Democrat win Nebraska Presidential Election?
0x933d6e567d9742efa2ac00b69d7193ed75992716696ae621b152f0f70a1162fb,0xa810ba4c5159478298e905c083403cb0ab1296bd,BUY,No,35770901684551795669491368577279542243430622770277005790758177182695013574212,0x5450fdfa7f5d9198c8bb06894478ab983dcf181c7796a84980fd7fd13d364e7b,0.9919930843,0.141128,0.1399980000010904,1730646849,Will a Democrat win Nebraska Presidential Election?
0x99e505beab4878675e6eb4338ecc7cc4feeda9830d1d88958916f7b9507bed56,0x6217bac4a8666c51bc0ba0247e21e6f30572ab12,BUY,No,35770901684551795669491368577279542243430622770277005790758177182695013574212,0x5450fdfa7f5d9198c8bb06894478ab983dcf181c7796a84980fd7fd13d364e7b,0.9919917753,0.110886,0.10999799999591581,1730646431,Will a Democrat win Nebraska Presidential Election?
0xfc09fbea51bd9ab49b5b9cec1d7f46926471259312a41d2bc0cd22d47a02c502,0x1db4d11c488b181d22770863b791dbc26ad99063,BUY,No,35770901684551795669491368577279542243430622770277005790758177182695013574212,0x5450fdfa7f5d9198c8bb06894478ab983dcf181c7796a84980fd7fd13d364e7b,0.9919952383,0.131047,0.1299979999935001,1730646245,Will a Democrat win Nebraska Presidential Election?
0x619011bd4a54c02949a9016f8181b2301048accd32156286b43576580371671b,0x17d621ac1f134d2a12baf2714e445a733b2a7519,BUY,No,35770901684551795669491368577279542243430622770277005790758177182695013574212,0x5450fdfa7f5d9198c8bb06894478ab983dcf181c7796a84980fd7fd13d364e7b,0.9919977779,0.151208,0.1499980000007032,1730646225,Will a Democrat win Nebraska Presidential Election?
0xb3bf462736e5e88c53bbea69fbc10a0ca945699dfbdb0effa62e2d1e8414bb13,0xd2536d2e4a5e43d3aba2a44ab0048e4c0217ab22,BUY,No,35770901684551795669491368577279542243430622770277005790758177182695013574212,0x5450fdfa7f5d9198c8bb06894478ab983dcf181c7796a84980fd7fd13d364e7b,0.9919952383,0.131047,0.1299979999935001,1730645807,Will a Democrat win Nebraska Presidential Election?
0xcbbf550bdef663a5bda8c512f9b2d3f4799ab41d28313a166b2edb28139a6f43,0x4a8e18afd33234ce484eec1833908d9c56730810,BUY,No,35770901684551795669491368577279542243430622770277005790758177182695013574212,0x5450fdfa7f5d9198c8bb06894478ab983dcf181c7796a84980fd7fd13d364e7b,0.9919917753,0.110886,0.10999799999591581,1730645421,Will a Democrat win Nebraska Presidential Election?
0x579c91f0177ee7f782a67692f6092de94a9ca4b36190a644a53920620486f7a6,0xb12b03f0d1f938585d94dcf878597d402f7f5388,BUY,No,35770901684551795669491368577279542243430622770277005790758177182695013574212,0x5450fdfa7f5d9198c8bb06894478ab983dcf181c7796a84980fd7fd13d364e7b,0.9919944447,0.100805,0.0999979999979835,1730645283,Will a Democrat win Nebraska Presidential Election?
0xcf22cdd666292ac28052aa75b620aba2ec5ee0c76f1d2f6b4153d47a241aefc3,0x8e7be6ef577c7f3de18dba2d6a6a15c3d1d9d40a,BUY,No,35770901684551795669491368577279542243430622770277005790758177182695013574212,0x5450fdfa7f5d9198c8bb06894478ab983dcf181c7796a84980fd7fd13d364e7b,0.9919977514,0.120966,0.11999799999585241,1730644621,Will a Democrat win Nebraska Presidential Election?
0xaa2b15ecd575aacb7cb12951afdde086ed46b0e402e2417bbb0173fe67b3bab6,0xedff2ed689a25066804edcc2b5395b3fe834dd88,BUY,No,35770901684551795669491368577279542243430622770277005790758177182695013574212,0x5450fdfa7f5d9198c8bb06894478ab983dcf181c7796a84980fd7fd13d364e7b,0.9919999974,116.854837,115.91999800017743,1730644189,Will a Democrat win Nebraska Presidential Election?
0x14043ce5659ac745f4904b65adf51701ca2820ab4abf354473af767f53ffa7eb,0x7c25479008c9b107a86ee78e6726cc885b1e242d,BUY,No,35770901684551795669491368577279542243430622770277005790758177182695013574212,0x5450fdfa7f5d9198c8bb06894478ab983dcf181c7796a84980fd7fd13d364e7b,0.9919917753,0.110886,0.10999799999591581,1730644179,Will a Democrat win Nebraska Presidential Election?
0x42c236ca773e1c015f8888b396148d58a554dac47c42a1efc102c2e2fc451613,0x4345f9490c758a874fa3ae818c2ba1f3abe14231,BUY,No,35770901684551795669491368577279542243430622770277005790758177182695013574212,0x5450fdfa7f5d9198c8bb06894478ab983dcf181c7796a84980fd7fd13d364e7b,0.9919977514,0.120966,0.11999799999585241,1730644047,Will a Democrat win Nebraska Presidential Election?
0x76d6f9ce194c94bb1ae02d95cd8f560f233f5b859989fd73a057c64dd4338303,0x011ff68b0cc54df6483ca32d72a4a733f6b28d95,BUY,No,35770901684551795669491368577279542243430622770277005790758177182695013574212,0x5450fdfa7f5d9198c8bb06894478ab983dcf181c7796a84980fd7fd13d364e7b,0.9919917753,0.110886,0.10999799999591581,1730643983,Will a Democrat win Nebraska Presidential Election?
0x175f339bcbdaaa417f0f9238342d9ea5a0f6bfff0e698d3425c288ccfdfba630,0x540a28877335e808e11424bcaff24c57701cd512,BUY,No,35770901684551795669491368577279542243430622770277005790758177182695013574212,0x5450fdfa7f5d9198c8bb06894478ab983dcf181c7796a84980fd7fd13d364e7b,0.9919917753,0.110886,0.10999799999591581,1730643621,Will a Democrat win Nebraska Presidential Election?
0xf4c9286992e8dbd60bc12feafeb9328f6364d8b4e8517a55dd5d3aef9af188f5,0x7e4928479c755a480f0b1d8afc3e49ef47e868dd,BUY,No,35770901684551795669491368577279542243430622770277005790758177182695013574212,0x5450fdfa7f5d9198c8bb06894478ab983dcf181c7796a84980fd7fd13d364e7b,0.9919952383,0.131047,0.1299979999935001,1730643513,Will a Democrat win Nebraska Presidential Election?
0x09b806c5fc8c1fbe74b18af9f848a7523f3eae69401f6cd3905fb16696973df8,0xc13a43ac54a8fc4163ad925ad272f6e01921d63b,BUY,No,35770901684551795669491368577279542243430622770277005790758177182695013574212,0x5450fdfa7f5d9198c8bb06894478ab983dcf181c7796a84980fd7fd13d364e7b,0.9919944447,0.100805,0.0999979999979835,1730643513,Will a Democrat win Nebraska Presidential Election?
0x805f90d9d60aaf0eacba07177741e2c7195cfecc99cbca18e290f5b122a52f9f,0x929d545ac21a5f6c6bd9c0f7ba2186a16678bd8a,BUY,No,35770901684551795669491368577279542243430622770277005790758177182695013574212,0x5450fdfa7f5d9198c8bb06894478ab983dcf181c7796a84980fd7fd13d364e7b,0.9919917753,0.110886,0.10999799999591581,1730643255,Will a Democrat win Nebraska Presidential Election?
0xd442418a533b2e451a44786b5726a71a6b7c81794aadbfa7dee29e1b97f60cc7,0x555115909d4911a2b3511f9ccca8e96ae011e872,BUY,No,35770901684551795669491368577279542243430622770277005790758177182695013574212,0x5450fdfa7f5d9198c8bb06894478ab983dcf181c7796a84980fd7fd13d364e7b,0.9919977779,0.151208,0.1499980000007032,1730643027,Will a Democrat win Nebraska Presidential Election?
0xd6eb2bdcf5ef3ce3d4388a25429c6467123c69e50d75b17ca13fd5ad39b8c9d6,0x70d90aabfcda50a91ab198bfaf95abdc097d504b,BUY,No,35770901684551795669491368577279542243430622770277005790758177182695013574212,0x5450fdfa7f5d9198c8bb06894478ab983dcf181c7796a84980fd7fd13d364e7b,0.9919952383,0.131047,0.1299979999935001,1730642937,Will a Democrat win Nebraska Presidential Election?
0xa4865475a1e7dafbda2837e0c49c75231d7d98a377f1a7c14e15528f6b7aee1f,0xabcb297af3210774ee2e4f291c1e32c8ecdafcdf,BUY,No,35770901684551795669491368577279542243430622770277005790758177182695013574212,0x5450fdfa7f5d9198c8bb06894478ab983dcf181c7796a84980fd7fd13d364e7b,0.9919917753,0.110886,0.10999799999591581,1730641777,Will a Democrat win Nebraska Presidential Election?
0x2412318aa4eca4381f29ba29a4dd53802db32e4118b1bc4e114f3efb400c8dc5,0xd6d620740823af00126097a80b8842fc167db245,BUY,No,35770901684551795669491368577279542243430622770277005790758177182695013574212,0x5450fdfa7f5d9198c8bb06894478ab983dcf181c7796a84980fd7fd13d364e7b,0.9919917753,0.110886,0.10999799999591581,1730641713,Will a Democrat win Nebraska Presidential Election?
0x2f4e32bc07aa7b6d9d5296c51da27a2872b52ad7e41f4c9579fcf098ad5c0fe1,0xf2d738a61efcc9baca52c1784671c52c69fde20a,BUY,No,35770901684551795669491368577279542243430622770277005790758177182695013574212,0x5450fdfa7f5d9198c8bb06894478ab983dcf181c7796a84980fd7fd13d364e7b,0.9919930843,0.141128,0.1399980000010904,1730641501,Will a Democrat win Nebraska Presidential Election?
0x828cae7ab24cb97f4e8df24c254916f9bd3f9dba3eefa558d2da26ac6ea9d912,0xfb07fa7fca45aab0a4022f0f2ffdd27a00b57c8d,BUY,No,35770901684551795669491368577279542243430622770277005790758177182695013574212,0x5450fdfa7f5d9198c8bb06894478ab983dcf181c7796a84980fd7fd13d364e7b,0.9919917753,0.110886,0.10999799999591581,1730641341,Will a Democrat win Nebraska Presidential Election?
0x17548c0590391e0c220b15c1c9d7d8dc83e4208d21f77eb5d0ad6c11fad75324,0x564610d6b1988f663cb6125a3dac52b39ae3ef5c,BUY,No,35770901684551795669491368577279542243430622770277005790758177182695013574212,0x5450fdfa7f5d9198c8bb06894478ab983dcf181c7796a84980fd7fd13d364e7b,0.9919944447,0.100805,0.0999979999979835,1730639769,Will a Democrat win Nebraska Presidential Election?
0x2fcc93a2cb80c77f877d17de414a58677b1881626681b8c4a5047d0c33591c9c,0x1aa37bd84be1c4f1e26dbc6ad1a0f60fc7d7e680,BUY,No,35770901684551795669491368577279542243430622770277005790758177182695013574212,0x5450fdfa7f5d9198c8bb06894478ab983dcf181c7796a84980fd7fd13d364e7b,0.9919917753,0.110886,0.10999799999591581,1730639171,Will a Democrat win Nebraska Presidential Election?
0x9ce430ded85f2c534ac8d95719e875af80227fb658aeedcfcc156b06fdc087d6,0xd4b1057b2f548556e796d50bac67aab0ab7f50d9,BUY,Yes,6511320115012073314258114900202512333073214818740802888332361452934837274686,0x5450fdfa7f5d9198c8bb06894478ab983dcf181c7796a84980fd7fd13d364e7b,0.0120498652,1169.307691,14.090000053873254,1730637952,Will a Democrat win Nebraska Presidential Election?
0xa996e93a0a5f8bcd01c825c00931eb5322e39566f9a86a8e8053d81af4a3b126,0x665f4e492cd792f915190b982ea967323937cd74,BUY,No,35770901684551795669491368577279542243430622770277005790758177182695013574212,0x5450fdfa7f5d9198c8bb06894478ab983dcf181c7796a84980fd7fd13d364e7b,0.9913912719,83.78125,83.05999999887187,1730539699,Will a Democrat win Nebraska Presidential Election?
0x6a72160975813e22ea85de79a86b57f5c5a6231d83b30d58b0b598a06e500347,0xd257481a744ef7f44f68618834117a58c551ffdc,BUY,No,35770901684551795669491368577279542243430622770277005790758177182695013574212,0x5450fdfa7f5d9198c8bb06894478ab983dcf181c7796a84980fd7fd13d364e7b,0.988,1124.24,1110.74912,1730510032,Will a Democrat win Nebraska Presidential Election?
0x624020bb3e16691d6dd110cdb8ec01ba1159aa34a7bba64107ea321506eb1a0b,0x63d43bbb87f85af03b8f2f9e2fad7b54334fa2f1,BUY,No,35770901684551795669491368577279542243430622770277005790758177182695013574212,0x5450fdfa7f5d9198c8bb06894478ab983dcf181c7796a84980fd7fd13d364e7b,0.988,166.72,164.71936,1730486158,Will a Democrat win Nebraska Presidential Election?
0x8489cd910a506e1b78b4cbc4ba30b818d83a2ab0e9947ba413aa945e24021143,0x63d43bbb87f85af03b8f2f9e2fad7b54334fa2f1,BUY,No,35770901684551795669491368577279542243430622770277005790758177182695013574212,0x5450fdfa7f5d9198c8bb06894478ab983dcf181c7796a84980fd7fd13d364e7b,0.988,190.42,188.13495999999998,1730486158,Will a Democrat win Nebraska Presidential Election?
0xa5d3d4f2b332f5bd049047cc76940cf4bf494d7b1104bbfdadcf207bd0094a96,0xb7d54bf1d0a362beb916d9cb58a04c41d67e0789,BUY,No,35770901684551795669491368577279542243430622770277005790758177182695013574212,0x5450fdfa7f5d9198c8bb06894478ab983dcf181c7796a84980fd7fd13d364e7b,0.988,410,405.08,1730486156,Will a Democrat win Nebraska Presidential Election?
0x11c6c1a404056e7aa122958fe1ac5cfb52af3877c14a45859b0cbfbd9a283ebb,0xe3726a1b9c6ba2f06585d1c9e01d00afaedaeb38,SELL,Yes,6511320115012073314258114900202512333073214818740802888332361452934837274686,0x5450fdfa7f5d9198c8bb06894478ab983dcf181c7796a84980fd7fd13d364e7b,0.012,45,0.54,1730486156,Will a Democrat win Nebraska Presidential Election?
0xc6c823079528be8fbcae0d4949c5d4a4589f9c048b78dd8ae535d29fb199b9cb,0xb7d54bf1d0a362beb916d9cb58a04c41d67e0789,BUY,No,35770901684551795669491368577279542243430622770277005790758177182695013574212,0x5450fdfa7f5d9198c8bb06894478ab983dcf181c7796a84980fd7fd13d364e7b,0.988,5,4.9399999999999995,1730484848,Will a Democrat win Nebraska Presidential Election?
0xc5269f6bf6f1c75f4c1685357ced3e26a056ea6e7b2f8b051af2741ccc209120,0x4f2ba33b080882c0f6b296f48cfd07b6c326f448,BUY,No,35770901684551795669491368577279542243430622770277005790758177182695013574212,0x5450fdfa7f5d9198c8bb06894478ab983dcf181c7796a84980fd7fd13d364e7b,0.988,115,113.62,1730482508,Will a Democrat win Nebraska Presidential Election?
0x88fb9ca2ef66fe05fefc5697349f5398a482f15daa2579760af2d8681767a114,0xd218e474776403a330142299f7796e8ba32eb5c9,BUY,No,35770901684551795669491368577279542243430622770277005790758177182695013574212,0x5450fdfa7f5d9198c8bb06894478ab983dcf181c7796a84980fd7fd13d364e7b,0.988,1000,988.0,1730482506,Will a Democrat win Nebraska Presidential Election?
0x47dde44391e5d208028ff5d04a4ae20d213c820d8e56e141216802988793524a,0x23d50fb2da411291ae0a925544d202a1b2605d94,SELL,Yes,6511320115012073314258114900202512333073214818740802888332361452934837274686,0x5450fdfa7f5d9198c8bb06894478ab983dcf181c7796a84980fd7fd13d364e7b,0.012,888.89,10.66668,1730481120,Will a Democrat win Nebraska Presidential Election?
0xc21886493c58aed34c713445b72cb994ed2fd3c589915cb26d190ce13d027758,0xe3726a1b9c6ba2f06585d1c9e01d00afaedaeb38,SELL,Yes,6511320115012073314258114900202512333073214818740802888332361452934837274686,0x5450fdfa7f5d9198c8bb06894478ab983dcf181c7796a84980fd7fd13d364e7b,0.012,5,0.06,1730481120,Will a Democrat win Nebraska Presidential Election?
0xb5615ac06c691a265c8a3242c624b477966bd20e6ef34e6c688cfa7a2b38b6b5,0x427e27a42ec0b696b8c0eb7d8f9eba8251ad03c7,BUY,Yes,6511320115012073314258114900202512333073214818740802888332361452934837274686,0x5450fdfa7f5d9198c8bb06894478ab983dcf181c7796a84980fd7fd13d364e7b,0.012,299.73,3.59676,1730480706,Will a Democrat win Nebraska Presidential Election?
0x6a7984afff8096e8e615e85c4e351826e4500976d8809764fc5aa21dd936155a,0x23d50fb2da411291ae0a925544d202a1b2605d94,BUY,Yes,6511320115012073314258114900202512333073214818740802888332361452934837274686,0x5450fdfa7f5d9198c8bb06894478ab983dcf181c7796a84980fd7fd13d364e7b,0.006995995,888.89,6.21866999555,1730479918,Will a Democrat win Nebraska Presidential Election?
0x577ca915cc7b7bdd57fa3d4a1abe355018793082b39ed68039b5ab5357188ed8,0x95ffad52476443d6839362f04dc2ea221f472f45,SELL,Yes,6511320115012073314258114900202512333073214818740802888332361452934837274686,0x5450fdfa7f5d9198c8bb06894478ab983dcf181c7796a84980fd7fd13d364e7b,0.002,6,0.012,1730461940,Will a Democrat win Nebraska Presidential Election?
0x8f2f2d82189c7c73b11ca72f38995b01b6e2e1dfbf2317c38b174cf6c46e19cf,0x95ffad52476443d6839362f04dc2ea221f472f45,BUY,Yes,6511320115012073314258114900202512333073214818740802888332361452934837274686,0x5450fdfa7f5d9198c8bb06894478ab983dcf181c7796a84980fd7fd13d364e7b,0.003,6,0.018000000000000002,1730461928,Will a Democrat win Nebraska Presidential Election?
0x701b766b7da95052596b7b8f81fee823d3c50c3415c1a4e7f246e42ec37cb414,0x5dfbeaf26c02bba4cb51acf049f9496de33048a2,SELL,No,35770901684551795669491368577279542243430622770277005790758177182695013574212,0x5450fdfa7f5d9198c8bb06894478ab983dcf181c7796a84980fd7fd13d364e7b,0.997,1680,1674.96,1730397524,Will a Democrat win Nebraska Presidential Election?
0x70ed4a99475f75940bb3f3fd5ee9554b7c570bba7ba0ce15e2c13b20d4f04f8a,0x5dfbeaf26c02bba4cb51acf049f9496de33048a2,BUY,No,35770901684551795669491368577279542243430622770277005790758177182695013574212,0x5450fdfa7f5d9198c8bb06894478ab983dcf181c7796a84980fd7fd13d364e7b,0.998,1680,1676.64,1730397514,Will a Democrat win Nebraska Presidential Election?
0xbc718b28cf2111373b836e54175bb7701e925f1ad803383dc068ddfcd661d521,0xf76ec903001cefd88ef7cb79dbd3417ebd6f1731,SELL,No,35770901684551795669491368577279542243430622770277005790758177182695013574212,0x5450fdfa7f5d9198c8bb06894478ab983dcf181c7796a84980fd7fd13d364e7b,0.997,174.34,173.81698,1730385500,Will a Democrat win Nebraska Presidential Election?
0x18f0894c6bfb8f992d1d0f8e029263d5b90218c631462d2e9c24f1c446d87370,0xf76ec903001cefd88ef7cb79dbd3417ebd6f1731,BUY,No,35770901684551795669491368577279542243430622770277005790758177182695013574212,0x5450fdfa7f5d9198c8bb06894478ab983dcf181c7796a84980fd7fd13d364e7b,0.998,174.3485,173.999803,1730385340,Will a Democrat win Nebraska Presidential Election?
0x1af2518d42715a360f9075b535f168848abbdf82422fe073ee1bd3dbde0c3799,0xceb72324fc8e63873cb1c554d014e11d0d647d4d,SELL,No,35770901684551795669491368577279542243430622770277005790758177182695013574212,0x5450fdfa7f5d9198c8bb06894478ab983dcf181c7796a84980fd7fd13d364e7b,0.997,175.35,174.82395,1730371966,Will a Democrat win Nebraska Presidential Election?
0x1ada5d71ad0e6c001b9b0816416c98b77d6c9db5c2475a555a75ed3cbc3fa2d2,0xceb72324fc8e63873cb1c554d014e11d0d647d4d,BUY,No,35770901684551795669491368577279542243430622770277005790758177182695013574212,0x5450fdfa7f5d9198c8bb06894478ab983dcf181c7796a84980fd7fd13d364e7b,0.998,175.3505,174.99979900000002,1730371752,Will a Democrat win Nebraska Presidential Election?
0x85fa23f25694aa1c98e7b6e1e9a75fa14244fa180c6a20a09fd3fd668a8c15a3,0x3aae7136762c7764f3f3d9f5664aa4646172da83,SELL,No,35770901684551795669491368577279542243430622770277005790758177182695013574212,0x5450fdfa7f5d9198c8bb06894478ab983dcf181c7796a84980fd7fd13d364e7b,0.997,5.97,5.95209,1730369562,Will a Democrat win Nebraska Presidential Election?
0x1c623c98c9eb0d2759729edd083beb59c83255f2aff2cfe3a681e33cc6998270,0xcf81fcae458ee3db4b875ca74dc0e646c33fafda,SELL,No,35770901684551795669491368577279542243430622770277005790758177182695013574212,0x5450fdfa7f5d9198c8bb06894478ab983dcf181c7796a84980fd7fd13d364e7b,0.997,69,68.793,1730368578,Will a Democrat win Nebraska Presidential Election?
0x69901580e21557324a88741b73abb3cb0021bbe85d37b1a0f865a2d840b6dc4c,0xcf81fcae458ee3db4b875ca74dc0e646c33fafda,BUY,No,35770901684551795669491368577279542243430622770277005790758177182695013574212,0x5450fdfa7f5d9198c8bb06894478ab983dcf181c7796a84980fd7fd13d364e7b,0.998,69,68.862,1730368186,Will a Democrat win Nebraska Presidential Election?
0x7641deb5b0692b3c480fed49aba71505fbde5caa58ffdb36330a7b423a2651c1,0xcd5965b0bdbab45e2216523be817fc0c67a5b550,BUY,No,35770901684551795669491368577279542243430622770277005790758177182695013574212,0x5450fdfa7f5d9198c8bb06894478ab983dcf181c7796a84980fd7fd13d364e7b,0.998,35.541,35.469918,1730366884,Will a Democrat win Nebraska Presidential Election?
0x941a814c8b3cef2f7ced29f472808083890ca8ee061c6a1dcfb079dab6b89b50,0xc613e6707bd115e5c04d303d944568232697662b,SELL,Yes,6511320115012073314258114900202512333073214818740802888332361452934837274686,0x5450fdfa7f5d9198c8bb06894478ab983dcf181c7796a84980fd7fd13d364e7b,0.002,600.85,1.2017,1730361574,Will a Democrat win Nebraska Presidential Election?
0x9812e4c86ccc8efe2d2c55acf01ebbbc0aee8a44588b732a04d17ec416e51a46,0xd999c1c7881ec1cb1cb08814806f739f4ed8a3b7,SELL,No,35770901684551795669491368577279542243430622770277005790758177182695013574212,0x5450fdfa7f5d9198c8bb06894478ab983dcf181c7796a84980fd7fd13d364e7b,0.997,36,35.892,1730361102,Will a Democrat win Nebraska Presidential Election?
0xb106b07a0d8d197b01a263a638e0af9105018f59b6bcc015f510c7df457bf947,0xd999c1c7881ec1cb1cb08814806f739f4ed8a3b7,SELL,No,35770901684551795669491368577279542243430622770277005790758177182695013574212,0x5450fdfa7f5d9198c8bb06894478ab983dcf181c7796a84980fd7fd13d364e7b,0.997,50,49.85,1730360324,Will a Democrat win Nebraska Presidential Election?
0x5ef49c60accb25f59c896737fbd8c9048e56195316175f310d318584b975d0e5,0xd999c1c7881ec1cb1cb08814806f739f4ed8a3b7,BUY,No,35770901684551795669491368577279542243430622770277005790758177182695013574212,0x5450fdfa7f5d9198c8bb06894478ab983dcf181c7796a84980fd7fd13d364e7b,0.998,36,35.928,1730359728,Will a Democrat win Nebraska Presidential Election?
0xa5083d6ac2df55be478e959b67239ecfc4c11d2ebfcab1de4281dea0d23f9315,0xd999c1c7881ec1cb1cb08814806f739f4ed8a3b7,BUY,No,35770901684551795669491368577279542243430622770277005790758177182695013574212,0x5450fdfa7f5d9198c8bb06894478ab983dcf181c7796a84980fd7fd13d364e7b,0.998,50,49.9,1730359104,Will a Democrat win Nebraska Presidential Election?
0x7ef6544028200aed5dc5f9bd00bee8023eef30ba2b43fc764eaac59a08e27c56,0x544ba7cc2e63726f11ebc6e74ba61f4ea869ade6,SELL,No,35770901684551795669491368577279542243430622770277005790758177182695013574212,0x5450fdfa7f5d9198c8bb06894478ab983dcf181c7796a84980fd7fd13d364e7b,0.997,70,69.79,1730352465,Will a Democrat win Nebraska Presidential Election?
0x1f74358fb8f3fb69a02ed2463bee58825108c0a278a56410460a63690f66f422,0x544ba7cc2e63726f11ebc6e74ba61f4ea869ade6,BUY,No,35770901684551795669491368577279542243430622770277005790758177182695013574212,0x5450fdfa7f5d9198c8bb06894478ab983dcf181c7796a84980fd7fd13d364e7b,0.998,70,69.86,1730350653,Will a Democrat win Nebraska Presidential Election?
0x327dce1635d0f8f685862962b4f018c95d23428a127c18d16c144f9224f29fd5,0xa3f21001ae2f23d3caf14ed5f47310f2f991fd43,SELL,No,35770901684551795669491368577279542243430622770277005790758177182695013574212,0x5450fdfa7f5d9198c8bb06894478ab983dcf181c7796a84980fd7fd13d364e7b,0.997,72,71.784,1730350123,Will a Democrat win Nebraska Presidential Election?
0x539472444960a284bea95db2aeffd3029bc0977ceb7d7ee228268b30493757de,0xa3f21001ae2f23d3caf14ed5f47310f2f991fd43,BUY,No,35770901684551795669491368577279542243430622770277005790758177182695013574212,0x5450fdfa7f5d9198c8bb06894478ab983dcf181c7796a84980fd7fd13d364e7b,0.998,72,71.856,1730348869,Will a Democrat win Nebraska Presidential Election?
0x9bcfe6f77c6b9be9ecddaed5ce2888320831dfdfe1e490a2bbb28c6c55ab48df,0xe7465c1f60ed117d2562d7e0496c11372bc35ab6,SELL,No,35770901684551795669491368577279542243430622770277005790758177182695013574212,0x5450fdfa7f5d9198c8bb06894478ab983dcf181c7796a84980fd7fd13d364e7b,0.997,25,24.925,1730348626,Will a Democrat win Nebraska Presidential Election?
0x991ae45e8fd8b7a4488dc47cb3d79ecb697e1f1db39a45452ac632823712df9e,0xe7465c1f60ed117d2562d7e0496c11372bc35ab6,BUY,No,35770901684551795669491368577279542243430622770277005790758177182695013574212,0x5450fdfa7f5d9198c8bb06894478ab983dcf181c7796a84980fd7fd13d364e7b,0.998,25,24.95,1730348216,Will a Democrat win Nebraska Presidential Election?
0xf5e68f9131801fa66674fd6f67538bc16eddcb52f5f478e6db9dad8f0e03da8b,0x4606939a82dc409bbfed09171702e455b329d45e,SELL,No,35770901684551795669491368577279542243430622770277005790758177182695013574212,0x5450fdfa7f5d9198c8bb06894478ab983dcf181c7796a84980fd7fd13d364e7b,0.997,70,69.79,1730347658,Will a Democrat win Nebraska Presidential Election?
0x57526a72265295913bdb084d97265430a5eb2fb39295b018245b513761a2b0a2,0xb3f2cc6722c6bf1e7c891a16cc2b013b6b8325b0,SELL,No,35770901684551795669491368577279542243430622770277005790758177182695013574212,0x5450fdfa7f5d9198c8bb06894478ab983dcf181c7796a84980fd7fd13d364e7b,0.997,5,4.985,1730346804,Will a Democrat win Nebraska Presidential Election?
0x3d403dd35d1301bb69e76f1e2e572c9c2901b8027c09dc4b91e9f0e314cdcd35,0x4606939a82dc409bbfed09171702e455b329d45e,BUY,No,35770901684551795669491368577279542243430622770277005790758177182695013574212,0x5450fdfa7f5d9198c8bb06894478ab983dcf181c7796a84980fd7fd13d364e7b,0.998,70,69.86,1730345770,Will a Democrat win Nebraska Presidential Election?
0xeff057b7d29d9cec596dd9d82ed95b65ae7d8103f4cc5fba95f10760fdf726e5,0xb3f2cc6722c6bf1e7c891a16cc2b013b6b8325b0,BUY,No,35770901684551795669491368577279542243430622770277005790758177182695013574212,0x5450fdfa7f5d9198c8bb06894478ab983dcf181c7796a84980fd7fd13d364e7b,0.998,5,4.99,1730345236,Will a Democrat win Nebraska Presidential Election?
0x14185d6d5800267fe53c8b341218b182bd75542abfc976ac4f46d2524b35f0fd,0x5de73336984aca2072e794980e32aecf8ae3ee38,SELL,No,35770901684551795669491368577279542243430622770277005790758177182695013574212,0x5450fdfa7f5d9198c8bb06894478ab983dcf181c7796a84980fd7fd13d364e7b,0.997,78,77.766,1730345112,Will a Democrat win Nebraska Presidential Election?
0x0e260a10c5ee6e86694318dbdb99cad420e251eacd3f68a865e6955dfc001693,0x5de73336984aca2072e794980e32aecf8ae3ee38,BUY,No,35770901684551795669491368577279542243430622770277005790758177182695013574212,0x5450fdfa7f5d9198c8bb06894478ab983dcf181c7796a84980fd7fd13d364e7b,0.998,78,77.844,1730343940,Will a Democrat win Nebraska Presidential Election?
0xd7e3b9982ae24e845ba5fb828785af240c91650e7599aab09748303cea75c5d8,0x9f936ce829ce395d7392b6d656ec892ccf31874c,SELL,No,35770901684551795669491368577279542243430622770277005790758177182695013574212,0x5450fdfa7f5d9198c8bb06894478ab983dcf181c7796a84980fd7fd13d364e7b,0.997,18,17.946,1730337675,Will a Democrat win Nebraska Presidential Election?
0x16ee2ada1a9fd6112c2d61a27edc7a4014a5d00abb1e1604ec2269ca23348491,0x9f936ce829ce395d7392b6d656ec892ccf31874c,BUY,No,35770901684551795669491368577279542243430622770277005790758177182695013574212,0x5450fdfa7f5d9198c8bb06894478ab983dcf181c7796a84980fd7fd13d364e7b,0.998,18,17.964,1730337377,Will a Democrat win Nebraska Presidential Election?
0xb008a4e34f812562f5b0d933f6999187341e61bd3f870740ef370a5b0c42a574,0xd28b545aa68de520f89fc9b64260ecf126c26566,SELL,No,35770901684551795669491368577279542243430622770277005790758177182695013574212,0x5450fdfa7f5d9198c8bb06894478ab983dcf181c7796a84980fd7fd13d364e7b,0.997,17,16.949,1730336903,Will a Democrat win Nebraska Presidential Election?
0x820953e4b38a19c98e2a5bb969d7dab680423cd9ab210f890942edd073218688,0x2246f21f399cfc7d1bcedb5eb8996d704746e3b7,SELL,No,35770901684551795669491368577279542243430622770277005790758177182695013574212,0x5450fdfa7f5d9198c8bb06894478ab983dcf181c7796a84980fd7fd13d364e7b,0.997,21,20.937,1730336571,Will a Democrat win Nebraska Presidential Election?
0xb7fdf9fa712145519ef7e48c8309edfa9a8b30a4f21f40e509e9601d4740e6d3,0x2246f21f399cfc7d1bcedb5eb8996d704746e3b7,BUY,No,35770901684551795669491368577279542243430622770277005790758177182695013574212,0x5450fdfa7f5d9198c8bb06894478ab983dcf181c7796a84980fd7fd13d364e7b,0.998,21,20.958,1730336173,Will a Democrat win Nebraska Presidential Election?
0xd6070774081b2a0877200817aded2044165651a2749bfbd9444a983a01b52f4c,0xae90012b0a0f0a55419a142554bc8dad3aec5f21,SELL,No,35770901684551795669491368577279542243430622770277005790758177182695013574212,0x5450fdfa7f5d9198c8bb06894478ab983dcf181c7796a84980fd7fd13d364e7b,0.997,59,58.823,1730335647,Will a Democrat win Nebraska Presidential Election?
0x484fb2daccbc4cce0c83c2dc5c60a33abab66de05a060cbcc418c6cf914a6498,0xd28b545aa68de520f89fc9b64260ecf126c26566,BUY,No,35770901684551795669491368577279542243430622770277005790758177182695013574212,0x5450fdfa7f5d9198c8bb06894478ab983dcf181c7796a84980fd7fd13d364e7b,0.998,17,16.966,1730335593,Will a Democrat win Nebraska Presidential Election?
0xc6fd17b29b85f1985e457fa17b3d039ae417cfd37ed4cd735f682b12bec6425c,0xae90012b0a0f0a55419a142554bc8dad3aec5f21,BUY,No,35770901684551795669491368577279542243430622770277005790758177182695013574212,0x5450fdfa7f5d9198c8bb06894478ab983dcf181c7796a84980fd7fd13d364e7b,0.998,59,58.882,1730335109,Will a Democrat win Nebraska Presidential Election?
0xd7672439a847844e37039b039ad2abeada6d88febe9e8155ec4e0b3a0989b1a7,0x4ffc7504c1f913ff6c2d17c3104c5b68768d4aa4,SELL,No,35770901684551795669491368577279542243430622770277005790758177182695013574212,0x5450fdfa7f5d9198c8bb06894478ab983dcf181c7796a84980fd7fd13d364e7b,0.997,13,12.961,1730333542,Will a Democrat win Nebraska Presidential Election?
0xe722d361309e2f854974b5bb2461ca57911c22d6ba4f0a7fe0908c881687f287,0x0a3386ecb03e85eb1f16c59785e67df9373de4ab,SELL,No,35770901684551795669491368577279542243430622770277005790758177182695013574212,0x5450fdfa7f5d9198c8bb06894478ab983dcf181c7796a84980fd7fd13d364e7b,0.997,48,47.856,1730332940,Will a Democrat win Nebraska Presidential Election?
0x91939f050c7bd0b945f05463b8f28e5a4f33c5356d7ad53e374ed0777888d7da,0x4ffc7504c1f913ff6c2d17c3104c5b68768d4aa4,BUY,No,35770901684551795669491368577279542243430622770277005790758177182695013574212,0x5450fdfa7f5d9198c8bb06894478ab983dcf181c7796a84980fd7fd13d364e7b,0.998,13,12.974,1730332450,Will a Democrat win Nebraska Presidential Election?
0xc755ff66a9b91e2737f4e15768e7aab0c51537b0c2b79768d49fff92a609e262,0x0a3386ecb03e85eb1f16c59785e67df9373de4ab,BUY,No,35770901684551795669491368577279542243430622770277005790758177182695013574212,0x5450fdfa7f5d9198c8bb06894478ab983dcf181c7796a84980fd7fd13d364e7b,0.998,48,47.903999999999996,1730331439,Will a Democrat win Nebraska Presidential Election?
0xf45e34270e4dc4fe6f1325e0b8509b01711168ca91aa9f074d7e1db12fe896f6,0x9dbccd8c426394d7fae7ce3a0f09df5743d0f0ba,SELL,No,35770901684551795669491368577279542243430622770277005790758177182695013574212,0x5450fdfa7f5d9198c8bb06894478ab983dcf181c7796a84980fd7fd13d364e7b,0.997,29,28.913,1730330333,Will a Democrat win Nebraska Presidential Election?
0xc1f3dc00afe9ac9f22caae6d96a4b3f766f23fac0a2f6188ad126e01c0ea9ce1,0x9dbccd8c426394d7fae7ce3a0f09df5743d0f0ba,BUY,No,35770901684551795669491368577279542243430622770277005790758177182695013574212,0x5450fdfa7f5d9198c8bb06894478ab983dcf181c7796a84980fd7fd13d364e7b,0.998,29,28.942,1730329479,Will a Democrat win Nebraska Presidential Election?
0x74b03c2a2e8bc0eea2e53c22e62d840f2c1e0b22ab07e74c41528938bf71ac68,0x3622e31bee612af60b3d80a076a5412d89925732,SELL,No,35770901684551795669491368577279542243430622770277005790758177182695013574212,0x5450fdfa7f5d9198c8bb06894478ab983dcf181c7796a84980fd7fd13d364e7b,0.997,72,71.784,1730328837,Will a Democrat win Nebraska Presidential Election?
0xc1a7bcf1de4f54ed1cf6c7da4739af3e7580943dcf8ce9286404a426d47e4053,0x3622e31bee612af60b3d80a076a5412d89925732,BUY,No,35770901684551795669491368577279542243430622770277005790758177182695013574212,0x5450fdfa7f5d9198c8bb06894478ab983dcf181c7796a84980fd7fd13d364e7b,0.998,72,71.856,1730328469,Will a Democrat win Nebraska Presidential Election?
0xafc6c6cbc797e2278705a947d3e26dba1fa19dbeae1108a517e4827b3ab60205,0x9a3b883e4a96d86f822404b06f5f790b3b1de1d7,SELL,No,35770901684551795669491368577279542243430622770277005790758177182695013574212,0x5450fdfa7f5d9198c8bb06894478ab983dcf181c7796a84980fd7fd13d364e7b,0.997,9,8.973,1730326115,Will a Democrat win Nebraska Presidential Election?
0x8cbee9e9e1e2694d49864e3df8ac933fc03890ba772006e3417a8425059fc9ea,0x9a3b883e4a96d86f822404b06f5f790b3b1de1d7,BUY,No,35770901684551795669491368577279542243430622770277005790758177182695013574212,0x5450fdfa7f5d9198c8bb06894478ab983dcf181c7796a84980fd7fd13d364e7b,0.998,9,8.982,1730325371,Will a Democrat win Nebraska Presidential Election?
0x0bbf157c6c193b9b29942ee606db0e08d9bc03e4a3a2b8f1419b0c44461aa555,0x9f936ce829ce395d7392b6d656ec892ccf31874c,SELL,No,35770901684551795669491368577279542243430622770277005790758177182695013574212,0x5450fdfa7f5d9198c8bb06894478ab983dcf181c7796a84980fd7fd13d364e7b,0.997,52,51.844,1730324943,Will a Democrat win Nebraska Presidential Election?
0x1762f7f5cf0f00ee49da86beee2f83d5c4dcf3308ca653deeea163394be16a83,0xd18b5883c05728b8cdd4a99e1ba1f581dbbcdf3e,SELL,No,35770901684551795669491368577279542243430622770277005790758177182695013574212,0x5450fdfa7f5d9198c8bb06894478ab983dcf181c7796a84980fd7fd13d364e7b,0.997,51,50.847,1730324875,Will a Democrat win Nebraska Presidential Election?
0x4e0beb9b0accebebedebfa86bdae2472edaaa307e90185180f4a6b75dbdb4ff7,0x9f936ce829ce395d7392b6d656ec892ccf31874c,BUY,No,35770901684551795669491368577279542243430622770277005790758177182695013574212,0x5450fdfa7f5d9198c8bb06894478ab983dcf181c7796a84980fd7fd13d364e7b,0.998,52,51.896,1730324077,Will a Democrat win Nebraska Presidential Election?
0x4850065b3253da68aaf2da39376a016dfda0f577bf1c783b821f04231465850d,0x59f14f0148577891c32495a87fe4db6a238c6bda,SELL,No,35770901684551795669491368577279542243430622770277005790758177182695013574212,0x5450fdfa7f5d9198c8bb06894478ab983dcf181c7796a84980fd7fd13d364e7b,0.997,8,7.976,1730323515,Will a Democrat win Nebraska Presidential Election?
0x89a02cd23726a33174b120cd13045250cfb62cf237de092b75615fdfe0cc2285,0xd18b5883c05728b8cdd4a99e1ba1f581dbbcdf3e,BUY,No,35770901684551795669491368577279542243430622770277005790758177182695013574212,0x5450fdfa7f5d9198c8bb06894478ab983dcf181c7796a84980fd7fd13d364e7b,0.998,51,50.898,1730323339,Will a Democrat win Nebraska Presidential Election?
0x1ae6f159a29c42dd9fcc6ae44114ee2e8e5e407eaeffc79a885c523069aea192,0x59f14f0148577891c32495a87fe4db6a238c6bda,BUY,No,35770901684551795669491368577279542243430622770277005790758177182695013574212,0x5450fdfa7f5d9198c8bb06894478ab983dcf181c7796a84980fd7fd13d364e7b,0.998,8,7.984,1730322141,Will a Democrat win Nebraska Presidential Election?
0x88b77f6919553a8fdc68b815269d2773f1d2e6c4832b2cb56951f8357ebb0824,0x2246f21f399cfc7d1bcedb5eb8996d704746e3b7,SELL,No,35770901684551795669491368577279542243430622770277005790758177182695013574212,0x5450fdfa7f5d9198c8bb06894478ab983dcf181c7796a84980fd7fd13d364e7b,0.997,15,14.955,1730321561,Will a Democrat win Nebraska Presidential Election?
0xb130da40fd5e608024c21092137eb658d76013a258883c70418de961ec8d9755,0x2246f21f399cfc7d1bcedb5eb8996d704746e3b7,BUY,No,35770901684551795669491368577279542243430622770277005790758177182695013574212,0x5450fdfa7f5d9198c8bb06894478ab983dcf181c7796a84980fd7fd13d364e7b,0.998,15,14.97,1730321147,Will a Democrat win Nebraska Presidential Election?
0x58da915b6eed3a44b4256f10c175708dd0cd1ad245f37bb9b72ab6d256d0d859,0x3d202a5da6b6582775f2d8a1840bc636783401a7,SELL,No,35770901684551795669491368577279542243430622770277005790758177182695013574212,0x5450fdfa7f5d9198c8bb06894478ab983dcf181c7796a84980fd7fd13d364e7b,0.997,84,83.748,1730320777,Will a Democrat win Nebraska Presidential Election?
0x4c79864b8f83cd1457e7b04541562032cf9f62044a34511bd243fcd85d61ff28,0x3d202a5da6b6582775f2d8a1840bc636783401a7,BUY,No,35770901684551795669491368577279542243430622770277005790758177182695013574212,0x5450fdfa7f5d9198c8bb06894478ab983dcf181c7796a84980fd7fd13d364e7b,0.998,84,83.832,1730319707,Will a Democrat win Nebraska Presidential Election?
0x42813ed474c139d4242b0159c7e6f90e87c720f999408af5755f68bd4d2b5d94,0xe826e1bdb8a1e02dd46e50764a72ed24615aa42f,SELL,No,35770901684551795669491368577279542243430622770277005790758177182695013574212,0x5450fdfa7f5d9198c8bb06894478ab983dcf181c7796a84980fd7fd13d364e7b,0.997,205.41,204.79377,1730317893,Will a Democrat win Nebraska Presidential Election?
0x8291f2f6a0b123d6ee9994c27504cad6d7060f5d38fdbdf94bb0328a687fe1b9,0xe826e1bdb8a1e02dd46e50764a72ed24615aa42f,BUY,No,35770901684551795669491368577279542243430622770277005790758177182695013574212,0x5450fdfa7f5d9198c8bb06894478ab983dcf181c7796a84980fd7fd13d364e7b,0.998,205.4105,204.99967900000001,1730317721,Will a Democrat win Nebraska Presidential Election?
0xf25bf82c78608f2a09fe47c682ff7c82bbfcf83e8220a8b7d5eac72c794d8805,0x0544f394a39274422606465434d17e02f466bdc2,BUY,No,35770901684551795669491368577279542243430622770277005790758177182695013574212,0x5450fdfa7f5d9198c8bb06894478ab983dcf181c7796a84980fd7fd13d364e7b,0.998,22.8555,22.809789,1730308756,Will a Democrat win Nebraska Presidential Election?
0xea8a65c56bd87dc3a5ef6d44c05b323468cc22258470b3d94f77bd8f7f8285f9,0xd02bdf75be94491a882e22306acf020250a4a108,SELL,No,35770901684551795669491368577279542243430622770277005790758177182695013574212,0x5450fdfa7f5d9198c8bb06894478ab983dcf181c7796a84980fd7fd13d364e7b,0.997,16,15.952,1730264818,Will a Democrat win Nebraska Presidential Election?
0x2967b9c19979f179875b5b09dffc61bbaab6db2550f36251681a8ad90118b683,0xd02bdf75be94491a882e22306acf020250a4a108,BUY,No,35770901684551795669491368577279542243430622770277005790758177182695013574212,0x5450fdfa7f5d9198c8bb06894478ab983dcf181c7796a84980fd7fd13d364e7b,0.998,16,15.968,1730263554,Will a Democrat win Nebraska Presidential Election?
0x229262cb3f556be8b39bc6ad295c611caa2cb32c0b463a2f8c0db65e4c6c715e,0xae90012b0a0f0a55419a142554bc8dad3aec5f21,SELL,No,35770901684551795669491368577279542243430622770277005790758177182695013574212,0x5450fdfa7f5d9198c8bb06894478ab983dcf181c7796a84980fd7fd13d364e7b,0.997,77,76.769,1730263126,Will a Democrat win Nebraska Presidential Election?
0x4f71cf279073a62cfe34f39789441e34b16cee64d3c3280cc17cb65fa177f4eb,0xae90012b0a0f0a55419a142554bc8dad3aec5f21,BUY,No,35770901684551795669491368577279542243430622770277005790758177182695013574212,0x5450fdfa7f5d9198c8bb06894478ab983dcf181c7796a84980fd7fd13d364e7b,0.998,77,76.846,1730261660,Will a Democrat win Nebraska Presidential Election?
0xf856ab55384cebf3eb575e604499ecf543a9405edf091f0e511ec24aa6a3c512,0x8049b6c4877fd03c631032ad22f8359f4c6e7fb2,SELL,No,35770901684551795669491368577279542243430622770277005790758177182695013574212,0x5450fdfa7f5d9198c8bb06894478ab983dcf181c7796a84980fd7fd13d364e7b,0.997,83,82.751,1730260656,Will a Democrat win Nebraska Presidential Election?
0x35b44d682a4fbad01e99a09456b79bb091f33ec9d1922ba4ed143309fae9b5d6,0x294d5627b8c1b91b75c9d00b801e677011367d08,BUY,Yes,6511320115012073314258114900202512333073214818740802888332361452934837274686,0x5450fdfa7f5d9198c8bb06894478ab983dcf181c7796a84980fd7fd13d364e7b,0.003,333.333333,0.9999999989999999,1730260540,Will a Democrat win Nebraska Presidential Election?
0x6c823541b4c52b76f39b5a1e7ff7ccc5228190df6e30f72a65c039e594f91424,0x8049b6c4877fd03c631032ad22f8359f4c6e7fb2,BUY,No,35770901684551795669491368577279542243430622770277005790758177182695013574212,0x5450fdfa7f5d9198c8bb06894478ab983dcf181c7796a84980fd7fd13d364e7b,0.998,83,82.834,1730259212,Will a Democrat win Nebraska Presidential Election?
0xb70147e10828dbc9bfd35b18e80e5daff6f64b45ff05608f514be2636da9ca0e,0x4a12acb4579393c835d5433d4dbae4fa226e3432,SELL,No,35770901684551795669491368577279542243430622770277005790758177182695013574212,0x5450fdfa7f5d9198c8bb06894478ab983dcf181c7796a84980fd7fd13d364e7b,0.997,89,88.733,1730258315,Will a Democrat win Nebraska Presidential Election?
0xe459d57f44fbdee12843994e1f11e44409cb531043746f9497d3dbaa0e7cc57a,0x4a12acb4579393c835d5433d4dbae4fa226e3432,BUY,No,35770901684551795669491368577279542243430622770277005790758177182695013574212,0x5450fdfa7f5d9198c8bb06894478ab983dcf181c7796a84980fd7fd13d364e7b,0.998,89,88.822,1730258003,Will a Democrat win Nebraska Presidential Election?
0x201738d1e8ac21fd8df556f34f04994b241ae68ccd5c1e170ed4606c8a729973,0x2ef31630cb009e9aa0f4b10d56747d10f5b91b7b,SELL,No,35770901684551795669491368577279542243430622770277005790758177182695013574212,0x5450fdfa7f5d9198c8bb06894478ab983dcf181c7796a84980fd7fd13d364e7b,0.997,30,29.91,1730256621,Will a Democrat win Nebraska Presidential Election?
0x8365ca1c613492efee28496d5cf991ab241bcefa20ecc62026d7f46698da379b,0xb6ac23f920396d95deb547f1d91798a6c5abd31b,SELL,No,35770901684551795669491368577279542243430622770277005790758177182695013574212,0x5450fdfa7f5d9198c8bb06894478ab983dcf181c7796a84980fd7fd13d364e7b,0.997,82,81.754,1730256557,Will a Democrat win Nebraska Presidential Election?
0x59e3beecad5f384d21bc2d4cd66f301b0f7a3416e4d0d5f378c9e7158f01f99b,0x2ef31630cb009e9aa0f4b10d56747d10f5b91b7b,BUY,No,35770901684551795669491368577279542243430622770277005790758177182695013574212,0x5450fdfa7f5d9198c8bb06894478ab983dcf181c7796a84980fd7fd13d364e7b,0.998,30,29.94,1730255583,Will a Democrat win Nebraska Presidential Election?
0xa6d67ec41135c16df2fb7f279ea58f682b86f38aa9bbf0a96a14ca5530f399a4,0x6be4a14c2265a26d0fcea8bf40bb2a4cd62a3edc,SELL,No,35770901684551795669491368577279542243430622770277005790758177182695013574212,0x5450fdfa7f5d9198c8bb06894478ab983dcf181c7796a84980fd7fd13d364e7b,0.997,43,42.871,1730255457,Will a Democrat win Nebraska Presidential Election?
0xbd0ed5c846168996fa5c0e5b382b9282338de532c05c2dc24fa79e533ef5e4cb,0xb6ac23f920396d95deb547f1d91798a6c5abd31b,BUY,No,35770901684551795669491368577279542243430622770277005790758177182695013574212,0x5450fdfa7f5d9198c8bb06894478ab983dcf181c7796a84980fd7fd13d364e7b,0.998,82,81.836,1730255047,Will a Democrat win Nebraska Presidential Election?
0xbc4a83dff08ada2f9a88efe8cc79a33248b8b22f8d5e4d9333aef83413a6c662,0x6be4a14c2265a26d0fcea8bf40bb2a4cd62a3edc,BUY,No,35770901684551795669491368577279542243430622770277005790758177182695013574212,0x5450fdfa7f5d9198c8bb06894478ab983dcf181c7796a84980fd7fd13d364e7b,0.998,43,42.914,1730254499,Will a Democrat win Nebraska Presidential Election?
0x0bbb95672ac828e18499b74b822883113b05bc4acec3ce0eb4911250bb6cfab2,0x026a26df8db00a44db73474dfdabbc306661f0a1,SELL,No,35770901684551795669491368577279542243430622770277005790758177182695013574212,0x5450fdfa7f5d9198c8bb06894478ab983dcf181c7796a84980fd7fd13d364e7b,0.997,10,9.97,1730254149,Will a Democrat win Nebraska Presidential Election?
0xf5eafa363a5089b7f56c0beb3291985760f38e501405c1033830d1a3d900f7d2,0x026a26df8db00a44db73474dfdabbc306661f0a1,BUY,No,35770901684551795669491368577279542243430622770277005790758177182695013574212,0x5450fdfa7f5d9198c8bb06894478ab983dcf181c7796a84980fd7fd13d364e7b,0.998,10,9.98,1730252717,Will a Democrat win Nebraska Presidential Election?
0x87bc9256af0e03787ca9bfe0dc164d248bfe8d3ce53f2f8ab5ae1d482ead9541,0xb6ac23f920396d95deb547f1d91798a6c5abd31b,SELL,No,35770901684551795669491368577279542243430622770277005790758177182695013574212,0x5450fdfa7f5d9198c8bb06894478ab983dcf181c7796a84980fd7fd13d364e7b,0.997,62,61.814,1730252265,Will a Democrat win Nebraska Presidential Election?
0x1c996dbdc65680e0c67915e603397bf2b708f9ccaed22ee7cd645de8690421a9,0xdb6df7aa663cd38ae56be713fbdc4d2e07d56d4e,SELL,No,35770901684551795669491368577279542243430622770277005790758177182695013574212,0x5450fdfa7f5d9198c8bb06894478ab983dcf181c7796a84980fd7fd13d364e7b,0.997,61,60.817,1730252165,Will a Democrat win Nebraska Presidential Election?
0xd03e48e1e1d103e0e62f17089b4d92933bca3ef1c48a7de05fcc10e79755f07c,0xf8db94ee9f7d5812e23f34334ed2d2b7d0e44ba6,SELL,No,35770901684551795669491368577279542243430622770277005790758177182695013574212,0x5450fdfa7f5d9198c8bb06894478ab983dcf181c7796a84980fd7fd13d364e7b,0.997,11,10.967,1730251425,Will a Democrat win Nebraska Presidential Election?
0xb310da213a2dd6bc06d5c6ef7ca85c2fbedfb57a9855b9e60819cd7b0359541a,0xb6ac23f920396d95deb547f1d91798a6c5abd31b,BUY,No,35770901684551795669491368577279542243430622770277005790758177182695013574212,0x5450fdfa7f5d9198c8bb06894478ab983dcf181c7796a84980fd7fd13d364e7b,0.998,62,61.876,1730251405,Will a Democrat win Nebraska Presidential Election?
0xf233bd35d37cdd55305e29cf2b17f4cbf994af7b4b83c683ca8a93645b9c57cd,0xdb6df7aa663cd38ae56be713fbdc4d2e07d56d4e,BUY,No,35770901684551795669491368577279542243430622770277005790758177182695013574212,0x5450fdfa7f5d9198c8bb06894478ab983dcf181c7796a84980fd7fd13d364e7b,0.998,61,60.878,1730250403,Will a Democrat win Nebraska Presidential Election?
0x1e3a07b539d21c084e375f9e99cf88b4cab94ab59f4e083e6f698d3e0d72768c,0x4ffc7504c1f913ff6c2d17c3104c5b68768d4aa4,SELL,No,35770901684551795669491368577279542243430622770277005790758177182695013574212,0x5450fdfa7f5d9198c8bb06894478ab983dcf181c7796a84980fd7fd13d364e7b,0.997,21,20.937,1730249793,Will a Democrat win Nebraska Presidential Election?
0x6da79d857860faf8fc56a671e3be20d99796a32f2f3b27ccc519de50448e6ec5,0xf8db94ee9f7d5812e23f34334ed2d2b7d0e44ba6,BUY,No,35770901684551795669491368577279542243430622770277005790758177182695013574212,0x5450fdfa7f5d9198c8bb06894478ab983dcf181c7796a84980fd7fd13d364e7b,0.998,11,10.978,1730249621,Will a Democrat win Nebraska Presidential Election?
0xc3fbd4845c79d29fdda6f8c4133a30a8081c393b58ffeed83cfb85b1f34db160,0x4ffc7504c1f913ff6c2d17c3104c5b68768d4aa4,BUY,No,35770901684551795669491368577279542243430622770277005790758177182695013574212,0x5450fdfa7f5d9198c8bb06894478ab983dcf181c7796a84980fd7fd13d364e7b,0.998,21,20.958,1730249105,Will a Democrat win Nebraska Presidential Election?
0xe8b0d499a81d8749a177341a7331df4966fd12a8f0fc2591caae0d1c3f706f61,0x0a3386ecb03e85eb1f16c59785e67df9373de4ab,SELL,No,35770901684551795669491368577279542243430622770277005790758177182695013574212,0x5450fdfa7f5d9198c8bb06894478ab983dcf181c7796a84980fd7fd13d364e7b,0.997,31,30.907,1730248071,Will a Democrat win Nebraska Presidential Election?
0x918e7bad19c5ba40501f6be0fc4184a3f2b91f0ffb1ea3e444af1248dc0acc3b,0x3433231ee2d825c352771f78805c943d82e9d2b8,SELL,No,35770901684551795669491368577279542243430622770277005790758177182695013574212,0x5450fdfa7f5d9198c8bb06894478ab983dcf181c7796a84980fd7fd13d364e7b,0.997,50,49.85,1730248041,Will a Democrat win Nebraska Presidential Election?
0xb5f5c7a012c064c0f3049c866e522ce09187192951b710f2c2728eea42e5241a,0x3433231ee2d825c352771f78805c943d82e9d2b8,BUY,No,35770901684551795669491368577279542243430622770277005790758177182695013574212,0x5450fdfa7f5d9198c8bb06894478ab983dcf181c7796a84980fd7fd13d364e7b,0.998,50,49.9,1730247745,Will a Democrat win Nebraska Presidential Election?
0xa8145b136f03f25c944905117c16a33c549e0f7d4bda9e0ecc8c3881cd51855b,0x0a3386ecb03e85eb1f16c59785e67df9373de4ab,BUY,No,35770901684551795669491368577279542243430622770277005790758177182695013574212,0x5450fdfa7f5d9198c8bb06894478ab983dcf181c7796a84980fd7fd13d364e7b,0.998,31,30.938,1730247157,Will a Democrat win Nebraska Presidential Election?
0x6c7cba92eb8c7d20b5c729dd5d73e654713dc8a2008f8558b5de7aa418cd8e7e,0xa33ac0bdc991148ec83331450b6507c6ab959a3c,SELL,No,35770901684551795669491368577279542243430622770277005790758177182695013574212,0x5450fdfa7f5d9198c8bb06894478ab983dcf181c7796a84980fd7fd13d364e7b,0.997,53,52.841,1730245115,Will a Democrat win Nebraska Presidential Election?
0xae98bef664f56606d4d7d8b2ec2861bab743d788befbad9a83d41f4be11f4be7,0x9afc15232fdaf5ec9521b089b6a6d6fc57dbcd1a,SELL,No,35770901684551795669491368577279542243430622770277005790758177182695013574212,0x5450fdfa7f5d9198c8bb06894478ab983dcf181c7796a84980fd7fd13d364e7b,0.997,71,70.787,1730244205,Will a Democrat win Nebraska Presidential Election?
0x8de1defb462dcc0fc4f15ca2b06b87202ae9841a647666b22a72758a639fd8bd,0xa33ac0bdc991148ec83331450b6507c6ab959a3c,BUY,No,35770901684551795669491368577279542243430622770277005790758177182695013574212,0x5450fdfa7f5d9198c8bb06894478ab983dcf181c7796a84980fd7fd13d364e7b,0.998,53,52.894,1730244086,Will a Democrat win Nebraska Presidential Election?
0xcf23fe622350d82e95e68c413a765e84e4f0799c8dc55f08dd628a80c14e4594,0xd232344e84c0478b51ddb5b67c548bddb9cc0848,SELL,No,35770901684551795669491368577279542243430622770277005790758177182695013574212,0x5450fdfa7f5d9198c8bb06894478ab983dcf181c7796a84980fd7fd13d364e7b,0.997,28,27.916,1730243823,Will a Democrat win Nebraska Presidential Election?
0xe8f4ef6b2779da02015ca21ea3a4c279faefd59cb6967fc08c0dfcc2555b10cd,0x9afc15232fdaf5ec9521b089b6a6d6fc57dbcd1a,BUY,No,35770901684551795669491368577279542243430622770277005790758177182695013574212,0x5450fdfa7f5d9198c8bb06894478ab983dcf181c7796a84980fd7fd13d364e7b,0.998,71,70.858,1730243697,Will a Democrat win Nebraska Presidential Election?
0xb99f1d1ed99312969bc03621daddb4f3ff376a2ba00c079a9681e792ab01d166,0xd232344e84c0478b51ddb5b67c548bddb9cc0848,BUY,No,35770901684551795669491368577279542243430622770277005790758177182695013574212,0x5450fdfa7f5d9198c8bb06894478ab983dcf181c7796a84980fd7fd13d364e7b,0.998,28,27.944,1730242346,Will a Democrat win Nebraska Presidential Election?
0xabebe011631e98cd96490f280c1acd90ac1e4984371a371c49de01877ce9a5af,0xf8db94ee9f7d5812e23f34334ed2d2b7d0e44ba6,SELL,No,35770901684551795669491368577279542243430622770277005790758177182695013574212,0x5450fdfa7f5d9198c8bb06894478ab983dcf181c7796a84980fd7fd13d364e7b,0.997,29,28.913,1730242190,Will a Democrat win Nebraska Presidential Election?
0xf5e549e9b9c0680c57be4d06573123e065e4861dababd7f1ff37dcc071ce4493,0xf8db94ee9f7d5812e23f34334ed2d2b7d0e44ba6,BUY,No,35770901684551795669491368577279542243430622770277005790758177182695013574212,0x5450fdfa7f5d9198c8bb06894478ab983dcf181c7796a84980fd7fd13d364e7b,0.998,29,28.942,1730241878,Will a Democrat win Nebraska Presidential Election?
0x2b511149bebaef458b2592a54a287e09d68dbd6adcb129697d270f7cd2a49f6d,0x4d065ebea3c00cfaaf00c8d5bc24d9fddb1547b3,SELL,No,35770901684551795669491368577279542243430622770277005790758177182695013574212,0x5450fdfa7f5d9198c8bb06894478ab983dcf181c7796a84980fd7fd13d364e7b,0.997,89,88.733,1730241041,Will a Democrat win Nebraska Presidential Election?
0x550cd4339d1eca308fabd233c9bdfd4d9fc166b74d1f735d40f585da774e494b,0x4d065ebea3c00cfaaf00c8d5bc24d9fddb1547b3,BUY,No,35770901684551795669491368577279542243430622770277005790758177182695013574212,0x5450fdfa7f5d9198c8bb06894478ab983dcf181c7796a84980fd7fd13d364e7b,0.998,89,88.822,1730240029,Will a Democrat win Nebraska Presidential Election?
0xb609b1b62e09a214559345c449e90d29e19aace56f67a657751eb914ebc7685b,0xb8c29292d58dbb3460102cb65ce6d1aae620e3b6,SELL,No,35770901684551795669491368577279542243430622770277005790758177182695013574212,0x5450fdfa7f5d9198c8bb06894478ab983dcf181c7796a84980fd7fd13d364e7b,0.997,35,34.895,1730239722,Will a Democrat win Nebraska Presidential Election?
0xafa6441eb6240c56027e15469c40bfe4af776468a108c6a4778073b2ee798180,0x7d9f5208e5eae06eb250ccae85dc878326718df7,SELL,No,35770901684551795669491368577279542243430622770277005790758177182695013574212,0x5450fdfa7f5d9198c8bb06894478ab983dcf181c7796a84980fd7fd13d364e7b,0.997,33,32.901,1730238748,Will a Democrat win Nebraska Presidential Election?
0x072241238884fbdfad428c9bd3e6879ba64a7fdde6761eaa96a2c1d9488cdad9,0xb8c29292d58dbb3460102cb65ce6d1aae620e3b6,BUY,No,35770901684551795669491368577279542243430622770277005790758177182695013574212,0x5450fdfa7f5d9198c8bb06894478ab983dcf181c7796a84980fd7fd13d364e7b,0.998,35,34.93,1730238706,Will a Democrat win Nebraska Presidential Election?
0x9e2097605b04659977aad0947f0aff8830f68fe9bc46a692b44b93bca44507d2,0x9a3b883e4a96d86f822404b06f5f790b3b1de1d7,SELL,No,35770901684551795669491368577279542243430622770277005790758177182695013574212,0x5450fdfa7f5d9198c8bb06894478ab983dcf181c7796a84980fd7fd13d364e7b,0.997,6,5.982,1730238423,Will a Democrat win Nebraska Presidential Election?
0x02f9e97ec31bc8e48b58081bec8be90c016a5a03833c57fb8b6c22e4235748c3,0x7d9f5208e5eae06eb250ccae85dc878326718df7,BUY,No,35770901684551795669491368577279542243430622770277005790758177182695013574212,0x5450fdfa7f5d9198c8bb06894478ab983dcf181c7796a84980fd7fd13d364e7b,0.998,33,32.934,1730238139,Will a Democrat win Nebraska Presidential Election?
0x4412d219c150f8e9269bf06d27afb21a2f0c5d7d1c4a597a6e2034369e2a88fa,0x3622e31bee612af60b3d80a076a5412d89925732,SELL,No,35770901684551795669491368577279542243430622770277005790758177182695013574212,0x5450fdfa7f5d9198c8bb06894478ab983dcf181c7796a84980fd7fd13d364e7b,0.997,66,65.802,1730237841,Will a Democrat win Nebraska Presidential Election?
0xc440b7e275494b7f7c2dfda413030953c957d46e10f72b72bfa80d9903af65d7,0x9a3b883e4a96d86f822404b06f5f790b3b1de1d7,BUY,No,35770901684551795669491368577279542243430622770277005790758177182695013574212,0x5450fdfa7f5d9198c8bb06894478ab983dcf181c7796a84980fd7fd13d364e7b,0.998,6,5.9879999999999995,1730237736,Will a Democrat win Nebraska Presidential Election?
0x5c4bc817fa55dd00f3144a1212cabe71fb2c01eb94da6862ee48857bc4e6e387,0x3622e31bee612af60b3d80a076a5412d89925732,BUY,No,35770901684551795669491368577279542243430622770277005790758177182695013574212,0x5450fdfa7f5d9198c8bb06894478ab983dcf181c7796a84980fd7fd13d364e7b,0.998,66,65.868,1730236440,Will a Democrat win Nebraska Presidential Election?
0x12a3a4e3e958238b31d37751756dba14ae4d96233ec712a727da2ade76283db6,0x6356fb47642a028bc09df92023c35a21a0b41885,SELL,Yes,6511320115012073314258114900202512333073214818740802888332361452934837274686,0x5450fdfa7f5d9198c8bb06894478ab983dcf181c7796a84980fd7fd13d364e7b,0.004,249.07,0.9962799999999999,1730209758,Will a Democrat win Nebraska Presidential Election?
0xec8ef796670f85b90720d833536d871e8cb37c24c893b0b17abab132b0afed33,0xd5adb63ed0ec548e5783600f4bbb45751c72f99a,SELL,No,35770901684551795669491368577279542243430622770277005790758177182695013574212,0x5450fdfa7f5d9198c8bb06894478ab983dcf181c7796a84980fd7fd13d364e7b,0.992,1.26,1.24992,1730199478,Will a Democrat win Nebraska Presidential Election?
0x1e84cf308c8351219eee42865a7460f66cecc11a47d4eadb5715907a6b5fc60e,0xd5adb63ed0ec548e5783600f4bbb45751c72f99a,BUY,No,35770901684551795669491368577279542243430622770277005790758177182695013574212,0x5450fdfa7f5d9198c8bb06894478ab983dcf181c7796a84980fd7fd13d364e7b,0.996,1.265,1.2599399999999998,1730199394,Will a Democrat win Nebraska Presidential Election?
0xcc6f55eb2a5ee45034f2005e255305b8a5f08782c9b74592efe798a1faa6b719,0xad3df08ac1c18717b05f5b4461edbccf28737a40,BUY,Yes,6511320115012073314258114900202512333073214818740802888332361452934837274686,0x5450fdfa7f5d9198c8bb06894478ab983dcf181c7796a84980fd7fd13d364e7b,0.008,250,2.0,1730187948,Will a Democrat win Nebraska Presidential Election?
0x2e7a04c59149ecdecf1296af8b69619813cc1cfbcb428e1e4b0e7cbd3c7f2d82,0xe907e229a93738879a4db78d379bd06da14bc114,SELL,Yes,6511320115012073314258114900202512333073214818740802888332361452934837274686,0x5450fdfa7f5d9198c8bb06894478ab983dcf181c7796a84980fd7fd13d364e7b,0.003,4089.48,12.26844,1730148613,Will a Democrat win Nebraska Presidential Election?
0x36d84d9b0b6e6cce6a186af45ad6190d56d58956312a503e9615310efb7a2b78,0x3f2fdab51b6ba0fb9bc4b7a38647901c90cc1e17,SELL,Yes,6511320115012073314258114900202512333073214818740802888332361452934837274686,0x5450fdfa7f5d9198c8bb06894478ab983dcf181c7796a84980fd7fd13d364e7b,0.0032406245,1037.55,3.3623099499749998,1730145789,Will a Democrat win Nebraska Presidential Election?
0x6d1d03c8475613fe06cc5e79feba05bf4e72b3394865fa5ee8caaa213b3052aa,0x336023aba9f7ca1f17eb9d600e1109b1b7c74255,SELL,No,35770901684551795669491368577279542243430622770277005790758177182695013574212,0x5450fdfa7f5d9198c8bb06894478ab983dcf181c7796a84980fd7fd13d364e7b,0.992,0.33,0.32736000000000004,1730116628,Will a Democrat win Nebraska Presidential Election?
0xfef62dab2c9cd1c2f15cc971b745597b72072e46494b0878250b6da74b226914,0x336023aba9f7ca1f17eb9d600e1109b1b7c74255,BUY,No,35770901684551795669491368577279542243430622770277005790758177182695013574212,0x5450fdfa7f5d9198c8bb06894478ab983dcf181c7796a84980fd7fd13d364e7b,0.996,0.33125,0.32992499999999997,1730116546,Will a Democrat win Nebraska Presidential Election?
0x1fed34a6e61f2086bfce68811b37de2c749d7020c6423b2f35885d67d9c24472,0x3f2fdab51b6ba0fb9bc4b7a38647901c90cc1e17,BUY,Yes,6511320115012073314258114900202512333073214818740802888332361452934837274686,0x5450fdfa7f5d9198c8bb06894478ab983dcf181c7796a84980fd7fd13d364e7b,0.0077104305,1037.555554,7.999999989005997,1730071110,Will a Democrat win Nebraska Presidential Election?
0x0aba3a8996c08414e6398469066b9ac7d37f3a0960d6233c955a0ed56aa67088,0xad3df08ac1c18717b05f5b4461edbccf28737a40,BUY,Yes,6511320115012073314258114900202512333073214818740802888332361452934837274686,0x5450fdfa7f5d9198c8bb06894478ab983dcf181c7796a84980fd7fd13d364e7b,0.0067946653,147.174285,1.0000000073418105,1730032055,Will a Democrat win Nebraska Presidential Election?
0x7ea14f0bfe5789cf88165d6ca52cfb622ed7a9cd8c0b4633571393c881b1ba48,0x307c7b007a766148f35f68b557b01030850a18b2,BUY,No,35770901684551795669491368577279542243430622770277005790758177182695013574212,0x5450fdfa7f5d9198c8bb06894478ab983dcf181c7796a84980fd7fd13d364e7b,0.996,0.01,0.00996,1730023583,Will a Democrat win Nebraska Presidential Election?
0x2e5070850983fea376a6ff44895a318c8b4d800217f8a80105959701e46ec7a2,0x368d7f58791154eb42fdabdbd234ea2018bed476,BUY,No,35770901684551795669491368577279542243430622770277005790758177182695013574212,0x5450fdfa7f5d9198c8bb06894478ab983dcf181c7796a84980fd7fd13d364e7b,0.996,29.44775,29.329959,1730022703,Will a Democrat win Nebraska Presidential Election?
0x8e11d44b4207135ca5b7964872ded62080bbec6418b0605f06217b7a5718732f,0xcd2f2ca1d51b9dc50824c9b4339443399f9b9c62,SELL,No,35770901684551795669491368577279542243430622770277005790758177182695013574212,0x5450fdfa7f5d9198c8bb06894478ab983dcf181c7796a84980fd7fd13d364e7b,0.994,7.44,7.39536,1730021662,Will a Democrat win Nebraska Presidential Election?
0x3895b4368cfca6999aa5e8d34c6cc9ecc6c9aef974002160a94cebf262f7ae63,0xcd2f2ca1d51b9dc50824c9b4339443399f9b9c62,BUY,No,35770901684551795669491368577279542243430622770277005790758177182695013574212,0x5450fdfa7f5d9198c8bb06894478ab983dcf181c7796a84980fd7fd13d364e7b,0.996,7.44,7.41024,1730021656,Will a Democrat win Nebraska Presidential Election?
0x4403cac87838cf911769bddda52cfc38578a38f9092fb5a173bec6ec6e0f7993,0x6356fb47642a028bc09df92023c35a21a0b41885,SELL,Yes,6511320115012073314258114900202512333073214818740802888332361452934837274686,0x5450fdfa7f5d9198c8bb06894478ab983dcf181c7796a84980fd7fd13d364e7b,0.004,0.1,0.0004,1729948750,Will a Democrat win Nebraska Presidential Election?
0x93dbb927a9f1372d98ea064a84499aec0e0c0a1a5f68698dbe82154c66bc4e14,0xd577198bfd17adae31e528d5075fe7afff4c3cc1,SELL,No,35770901684551795669491368577279542243430622770277005790758177182695013574212,0x5450fdfa7f5d9198c8bb06894478ab983dcf181c7796a84980fd7fd13d364e7b,0.994,1.24,1.2325599999999999,1729931897,Will a Democrat win Nebraska Presidential Election?
0x78f62196aed75cb674a4c714b3f11f1188a59a79ce5031eb598e9683ee2a85b3,0xd577198bfd17adae31e528d5075fe7afff4c3cc1,BUY,No,35770901684551795669491368577279542243430622770277005790758177182695013574212,0x5450fdfa7f5d9198c8bb06894478ab983dcf181c7796a84980fd7fd13d364e7b,0.996,1.24475,1.239771,1729931725,Will a Democrat win Nebraska Presidential Election?
0xcb7108ff8616b5177d831e1f2d2efe6948f2a2fea87bfa18ee29e6f9dacfada2,0xbcd5f396f6b510518201a50d504d384363f20504,SELL,No,35770901684551795669491368577279542243430622770277005790758177182695013574212,0x5450fdfa7f5d9198c8bb06894478ab983dcf181c7796a84980fd7fd13d364e7b,0.994,0.35,0.3479,1729879839,Will a Democrat win Nebraska Presidential Election?
0x50cb164f68608b36de927da65235588ef3fa90a7ce95494c03816d075555010d,0xbcd5f396f6b510518201a50d504d384363f20504,BUY,No,35770901684551795669491368577279542243430622770277005790758177182695013574212,0x5450fdfa7f5d9198c8bb06894478ab983dcf181c7796a84980fd7fd13d364e7b,0.996,0.35125,0.349845,1729879639,Will a Democrat win Nebraska Presidential Election?
0x218e507a9a4bec471748f17f846c8d46be550cc9423a27e881e82eaec2dc8d0b,0xcd50108a7139e1a670af2a4ff6920437e959e374,BUY,No,35770901684551795669491368577279542243430622770277005790758177182695013574212,0x5450fdfa7f5d9198c8bb06894478ab983dcf181c7796a84980fd7fd13d364e7b,0.996,40.84325,40.679877,1729871651,Will a Democrat win Nebraska Presidential Election?
0xa5ffd5959a1dac2be8df5a18238de37a5418d965e195507f2fd85b0f2ba23915,0xafa0a1f703fa579beabd717735cfa8332f51f31a,BUY,No,35770901684551795669491368577279542243430622770277005790758177182695013574212,0x5450fdfa7f5d9198c8bb06894478ab983dcf181c7796a84980fd7fd13d364e7b,0.995,38.7034,38.509883,1729792021,Will a Democrat win Nebraska Presidential Election?
0xa8301ddfca5acbeb616da25730dcc498a7b5165cca0c6f37e76430d56af279d5,0xe2869fa4b45d5f4ea75e38b3d42af1a36dda8ea0,SELL,No,35770901684551795669491368577279542243430622770277005790758177182695013574212,0x5450fdfa7f5d9198c8bb06894478ab983dcf181c7796a84980fd7fd13d364e7b,0.992,0.54,0.53568,1729781761,Will a Democrat win Nebraska Presidential Election?
0x3ac191d88430875bbda7cb210ade189eb881349307e6b46cc5a44456dc21a574,0xe2869fa4b45d5f4ea75e38b3d42af1a36dda8ea0,BUY,No,35770901684551795669491368577279542243430622770277005790758177182695013574212,0x5450fdfa7f5d9198c8bb06894478ab983dcf181c7796a84980fd7fd13d364e7b,0.995,0.5426,0.539887,1729770267,Will a Democrat win Nebraska Presidential Election?
0x4d918d8c6d06d4d9b803977f96ee20f8ddc4dbce31b0fdddf6fda830e1014d30,0x184425ff3666a12093035d00eedbdd6f5b427943,BUY,No,35770901684551795669491368577279542243430622770277005790758177182695013574212,0x5450fdfa7f5d9198c8bb06894478ab983dcf181c7796a84980fd7fd13d364e7b,0.996,49.9295,49.729782,1729711091,Will a Democrat win Nebraska Presidential Election?
0xe0daaf09fc825c71eb545607aa72cc5be37ea9532b4b6f1deb43809caeb7e480,0xf3dbb25e530c1c734f35dbec3b0c4b442715c5f9,SELL,No,35770901684551795669491368577279542243430622770277005790758177182695013574212,0x5450fdfa7f5d9198c8bb06894478ab983dcf181c7796a84980fd7fd13d364e7b,0.99,0.45,0.4455,1729613457,Will a Democrat win Nebraska Presidential Election?
0x5e39000f403b5949421b1f9c93df616da40922b05fb9ef7670b40a5a8f0cd01d,0xf3dbb25e530c1c734f35dbec3b0c4b442715c5f9,BUY,No,35770901684551795669491368577279542243430622770277005790758177182695013574212,0x5450fdfa7f5d9198c8bb06894478ab983dcf181c7796a84980fd7fd13d364e7b,0.996,0.45175,0.449943,1729613287,Will a Democrat win Nebraska Presidential Election?
0xabdfa80ebad977470ae96117af46a441ae1209487b1a24b00eccd25223565f29,0xa91c8177c240bd3f2a84c91096ba00467281be49,SELL,No,35770901684551795669491368577279542243430622770277005790758177182695013574212,0x5450fdfa7f5d9198c8bb06894478ab983dcf181c7796a84980fd7fd13d364e7b,0.99,5.1,5.0489999999999995,1729504503,Will a Democrat win Nebraska Presidential Election?
0x954b53a4688b782eae084674b155fd0e76f67a005d2b6e54a5b302ca4b8d76c0,0xea9533df2e8e0d02f15f45c3cda5e4d7a324c53a,SELL,No,35770901684551795669491368577279542243430622770277005790758177182695013574212,0x5450fdfa7f5d9198c8bb06894478ab983dcf181c7796a84980fd7fd13d364e7b,0.99,1.37,1.3563,1729237371,Will a Democrat win Nebraska Presidential Election?
0x18088c0e0e28830c27e5710ead0585ea5fbc12da8d17ec878512e346ec18801e,0xea9533df2e8e0d02f15f45c3cda5e4d7a324c53a,BUY,No,35770901684551795669491368577279542243430622770277005790758177182695013574212,0x5450fdfa7f5d9198c8bb06894478ab983dcf181c7796a84980fd7fd13d364e7b,0.995,1.3768,1.369916,1729237305,Will a Democrat win Nebraska Presidential Election?
0x3d1ab6c9247cbba1944056167456473d299f3ba429c640877b5a92a11c098724,0xa8b7f8b34185e9cc62c471e1d353595148a3ee3c,SELL,Yes,6511320115012073314258114900202512333073214818740802888332361452934837274686,0x5450fdfa7f5d9198c8bb06894478ab983dcf181c7796a84980fd7fd13d364e7b,0.01,48,0.48,1728883375,Will a Democrat win Nebraska Presidential Election?
0x2c78a97f97529d7b67a1dfd764fd3c845c51bd6a6b549268af0e7ac1c5debda3,0x8f23aead02f055b69c7f7db51a2d74187bb2c7d0,SELL,Yes,6511320115012073314258114900202512333073214818740802888332361452934837274686,0x5450fdfa7f5d9198c8bb06894478ab983dcf181c7796a84980fd7fd13d364e7b,0.0071695798,2689,19.2790000822,1728732728,Will a Democrat win Nebraska Presidential Election?
0x4dc32a35979de67f8558df5f3098fd97c58095cf85ed6207a447bdf2822c374a,0x5904c943529be548a739f2bc8a3b62835c46d9e0,BUY,Yes,6511320115012073314258114900202512333073214818740802888332361452934837274686,0x5450fdfa7f5d9198c8bb06894478ab983dcf181c7796a84980fd7fd13d364e7b,0.014,178.571428,2.4999999920000002,1728732176,Will a Democrat win Nebraska Presidential Election?
0xcae33c43395a516856c7f4ed58f97d665a6dd64d396c6ea224cb768ed3c1d8f2,0xe907e229a93738879a4db78d379bd06da14bc114,BUY,Yes,6511320115012073314258114900202512333073214818740802888332361452934837274686,0x5450fdfa7f5d9198c8bb06894478ab983dcf181c7796a84980fd7fd13d364e7b,0.0122264848,4089.482857,49.99999999097107,1728679338,Will a Democrat win Nebraska Presidential Election?
0xcbbfde13b77577e0b982a2d5a66b107691e7a78de2128144c81c59ea142b4b78,0xe86ad769bca329c908e34f787719d1a03c4e183d,SELL,No,35770901684551795669491368577279542243430622770277005790758177182695013574212,0x5450fdfa7f5d9198c8bb06894478ab983dcf181c7796a84980fd7fd13d364e7b,0.988,0.16,0.15808,1728500204,Will a Democrat win Nebraska Presidential Election?
0xa51006825779e9fac229afb5fd46af820da0f31d3084077b20376a9b66d04d56,0xe86ad769bca329c908e34f787719d1a03c4e183d,BUY,No,35770901684551795669491368577279542243430622770277005790758177182695013574212,0x5450fdfa7f5d9198c8bb06894478ab983dcf181c7796a84980fd7fd13d364e7b,0.9909999752,0.161444,0.15999099999618882,1728500144,Will a Democrat win Nebraska Presidential Election?
0xb57ae415480e24f329fb6c170bb4e66b2f24a4f66e0689cc9839de93eaaf7c3e,0x85968ed25c5a05167b5345721ab9736d9a797fb8,SELL,No,35770901684551795669491368577279542243430622770277005790758177182695013574212,0x5450fdfa7f5d9198c8bb06894478ab983dcf181c7796a84980fd7fd13d364e7b,0.988,0.39,0.38532,1728458243,Will a Democrat win Nebraska Presidential Election?
0x3bbcb0eab2af004d955407c4bbdd4860653e39b38d302224757f7ce48591f463,0x85968ed25c5a05167b5345721ab9736d9a797fb8,BUY,No,35770901684551795669491368577279542243430622770277005790758177182695013574212,0x5450fdfa7f5d9198c8bb06894478ab983dcf181c7796a84980fd7fd13d364e7b,0.9909999898,0.393444,0.3899029999868712,1728458181,Will a Democrat win Nebraska Presidential Election?
0xccf876bd9ccdff98e727a78c15f12700a3986980cbc762f51a88f874e24f373a,0x2e6b1ddeba6ea71b301fe175b19eacab99c61795,SELL,No,35770901684551795669491368577279542243430622770277005790758177182695013574212,0x5450fdfa7f5d9198c8bb06894478ab983dcf181c7796a84980fd7fd13d364e7b,0.988,0.48,0.47424,1728455847,Will a Democrat win Nebraska Presidential Election?
0xc2e72dcce4ef9c2eed2599cad8f0a19e7c444cc816c075d2de1186fe6bb78648,0x2e6b1ddeba6ea71b301fe175b19eacab99c61795,BUY,No,35770901684551795669491368577279542243430622770277005790758177182695013574212,0x5450fdfa7f5d9198c8bb06894478ab983dcf181c7796a84980fd7fd13d364e7b,0.9909999938,0.484333,0.4799739999971354,1728455785,Will a Democrat win Nebraska Presidential Election?
0x1dace06ed06104802edf2b8cf278dbecb96e01ccf0f38e09827ed935d6b7f1c3,0xe43f4fe23fb4ea9e33833daebf68784fdb92f290,SELL,No,35770901684551795669491368577279542243430622770277005790758177182695013574212,0x5450fdfa7f5d9198c8bb06894478ab983dcf181c7796a84980fd7fd13d364e7b,0.988,0.87,0.85956,1728447858,Will a Democrat win Nebraska Presidential Election?
0x77eb42e46df88e24ddaaa9515c7c4f63a5aedfd50a94968520248dbe36ff47bc,0xe43f4fe23fb4ea9e33833daebf68784fdb92f290,BUY,No,35770901684551795669491368577279542243430622770277005790758177182695013574212,0x5450fdfa7f5d9198c8bb06894478ab983dcf181c7796a84980fd7fd13d364e7b,0.9909999909,0.877888,0.8699870000112192,1728447794,Will a Democrat win Nebraska Presidential Election?
0x8ba6c777e87299bc9c613dd73d699daa21637489cdd9785b8a8e1ef12a87f3b1,0xf9cc0e400dd6f11358537174ddcaa840227d11e7,SELL,No,35770901684551795669491368577279542243430622770277005790758177182695013574212,0x5450fdfa7f5d9198c8bb06894478ab983dcf181c7796a84980fd7fd13d364e7b,0.988,0.56,0.55328,1728446126,Will a Democrat win Nebraska Presidential Election?
0xd5f0b7b417712f389c4b4d00982e4843828b6493ad51acea6aac1ecf330139e9,0xf9cc0e400dd6f11358537174ddcaa840227d11e7,BUY,No,35770901684551795669491368577279542243430622770277005790758177182695013574212,0x5450fdfa7f5d9198c8bb06894478ab983dcf181c7796a84980fd7fd13d364e7b,0.991,0.565,0.5599149999999999,1728446040,Will a Democrat win Nebraska Presidential Election?
0xa310d538db9db247aaa303c58ee54a1dfef1207f63ce95c00d32bac7e111d9b9,0xf0b0ef1d6320c6be896b4c9c54dd74407e7f8cab,SELL,Yes,6511320115012073314258114900202512333073214818740802888332361452934837274686,0x5450fdfa7f5d9198c8bb06894478ab983dcf181c7796a84980fd7fd13d364e7b,0.011,0.32,0.0035199999999999997,1728390820,Will a Democrat win Nebraska Presidential Election?
0x8c205ace8fad9e68038f80471e18b5797d9e67fb60b6efb97eaadf81b9261797,0xc39ef90453ea0389908fb8a612cd5460c2a1f070,BUY,Yes,6511320115012073314258114900202512333073214818740802888332361452934837274686,0x5450fdfa7f5d9198c8bb06894478ab983dcf181c7796a84980fd7fd13d364e7b,0.012,83.333333,0.999999996,1728384693,Will a Democrat win Nebraska Presidential Election?
0xe704127ce885aff349b40c5633483b2464abca0a8859ec2a9d0d05e99846f0fe,0xd37c294f07e1784da42795dbf9da0da657061e05,SELL,No,35770901684551795669491368577279542243430622770277005790758177182695013574212,0x5450fdfa7f5d9198c8bb06894478ab983dcf181c7796a84980fd7fd13d364e7b,0.988,0.32,0.31616,1728384027,Will a Democrat win Nebraska Presidential Election?
0xcc50f40992a38e05630de01343e3b6caefa282f3ac0af1fd9db9a5521c50e3bc,0xd37c294f07e1784da42795dbf9da0da657061e05,BUY,No,35770901684551795669491368577279542243430622770277005790758177182695013574212,0x5450fdfa7f5d9198c8bb06894478ab983dcf181c7796a84980fd7fd13d364e7b,0.9969999938,0.320666,0.3197040000118708,1728383947,Will a Democrat win Nebraska Presidential Election?
0x70cc7eb12a07528dc55a8ef3212cee7788991e435139f10fa8001840afc77eca,0xa8b7f8b34185e9cc62c471e1d353595148a3ee3c,BUY,Yes,6511320115012073314258114900202512333073214818740802888332361452934837274686,0x5450fdfa7f5d9198c8bb06894478ab983dcf181c7796a84980fd7fd13d364e7b,0.005,1482,7.41,1728357166,Will a Democrat win Nebraska Presidential Election?
0xacd083cce76812234f674a18b88a550d382a7c2cb72ef8645b908be149574f52,0x595dc726fa2c7a9b64f36efcc3680318ca2030e7,SELL,No,35770901684551795669491368577279542243430622770277005790758177182695013574212,0x5450fdfa7f5d9198c8bb06894478ab983dcf181c7796a84980fd7fd13d364e7b,0.986,0.7,0.6901999999999999,1728323454,Will a Democrat win Nebraska Presidential Election?
0xa4c1871087bbf2d903e1e1bc1a4829141c03bdda1c64748003dc334c4eb19584,0x595dc726fa2c7a9b64f36efcc3680318ca2030e7,BUY,No,35770901684551795669491368577279542243430622770277005790758177182695013574212,0x5450fdfa7f5d9198c8bb06894478ab983dcf181c7796a84980fd7fd13d364e7b,0.988,0.7085,0.699998,1728323394,Will a Democrat win Nebraska Presidential Election?
0x1f692898910280a7a6a68da206bcb0272e6b3b20dd34b070b1c61a47ace30b3a,0xf1dafebe8a5b1f1d2e88266acf1d09944e60be8f,SELL,No,35770901684551795669491368577279542243430622770277005790758177182695013574212,0x5450fdfa7f5d9198c8bb06894478ab983dcf181c7796a84980fd7fd13d364e7b,0.986,0.89,0.87754,1728314341,Will a Democrat win Nebraska Presidential Election?
0x352d823edc4b40029789c1048e18cde5bba23e7b2cff50b78addb0e3b2bfd827,0xf1dafebe8a5b1f1d2e88266acf1d09944e60be8f,BUY,No,35770901684551795669491368577279542243430622770277005790758177182695013574212,0x5450fdfa7f5d9198c8bb06894478ab983dcf181c7796a84980fd7fd13d364e7b,0.987999991,0.890666,0.8799779999840059,1728314281,Will a Democrat win Nebraska Presidential Election?
0x60e0c7a65af2566b3b0cb0c3fb52915105491f87ce2f4b65a6964aa1627b64e5,0xd66e8747f64aacf782778e1c3e1720d5c5703b02,SELL,No,35770901684551795669491368577279542243430622770277005790758177182695013574212,0x5450fdfa7f5d9198c8bb06894478ab983dcf181c7796a84980fd7fd13d364e7b,0.986,0.29,0.28593999999999997,1728312137,Will a Democrat win Nebraska Presidential Election?
0x5276e8a295fdab2a4bd96e8f85714edd91e77dda72f24938d939f92b600228db,0xd66e8747f64aacf782778e1c3e1720d5c5703b02,BUY,No,35770901684551795669491368577279542243430622770277005790758177182695013574212,0x5450fdfa7f5d9198c8bb06894478ab983dcf181c7796a84980fd7fd13d364e7b,0.988,0.2935,0.28997799999999996,1728312077,Will a Democrat win Nebraska Presidential Election?
0x0382fdfba56d395fa27b6d69d857ebfac08440d88a2450510eaad31366ae9139,0x4cc3522b689a6bf1fb4a2444c523e7776db47552,SELL,Yes,6511320115012073314258114900202512333073214818740802888332361452934837274686,0x5450fdfa7f5d9198c8bb06894478ab983dcf181c7796a84980fd7fd13d364e7b,0.012,1818.26,21.81912,1728236326,Will a Democrat win Nebraska Presidential Election?
0x65f402b3cc4e751bbeb88e10b3f5fc3a0380bfc0f59b2274cc2cd41f397fe907,0xf939276579bec450ca64dbe6a69e8adf2c1cdc28,BUY,Yes,6511320115012073314258114900202512333073214818740802888332361452934837274686,0x5450fdfa7f5d9198c8bb06894478ab983dcf181c7796a84980fd7fd13d364e7b,0.0140000042,1.428571,0.019999999999998203,1728210945,Will a Democrat win Nebraska Presidential Election?
0x3ca17d165d8a6e5f9eb3a2c3768545ca0d8762ea005b95a3273389c2fbbd5b94,0xf4939d43dcabcf79dce155be5432825a747a027b,SELL,No,35770901684551795669491368577279542243430622770277005790758177182695013574212,0x5450fdfa7f5d9198c8bb06894478ab983dcf181c7796a84980fd7fd13d364e7b,0.986,0.91,0.8972600000000001,1728203988,Will a Democrat win Nebraska Presidential Election?
0x0949c44e0748f6a53ad6c8d5cd976886caf7147d59b1c8f0cc61b0e99bb06680,0xf4939d43dcabcf79dce155be5432825a747a027b,BUY,No,35770901684551795669491368577279542243430622770277005790758177182695013574212,0x5450fdfa7f5d9198c8bb06894478ab983dcf181c7796a84980fd7fd13d364e7b,0.9879999912,0.910916,0.8999849999839392,1728203914,Will a Democrat win Nebraska Presidential Election?
0x284f10fd6b5a282dd736156832dd9b242de02ae5bec1d96f75868ce64d3cf95f,0xb4cbc27fbd0f98320fcada206f9d2339716cf82c,SELL,No,35770901684551795669491368577279542243430622770277005790758177182695013574212,0x5450fdfa7f5d9198c8bb06894478ab983dcf181c7796a84980fd7fd13d364e7b,0.985,0.39,0.38415,1728105049,Will a Democrat win Nebraska Presidential Election?
0xef93ad96c666bc23d76c6e8de6bff20f4795450ba8e6451934ed7d5bb72de1ce,0xb4cbc27fbd0f98320fcada206f9d2339716cf82c,BUY,No,35770901684551795669491368577279542243430622770277005790758177182695013574212,0x5450fdfa7f5d9198c8bb06894478ab983dcf181c7796a84980fd7fd13d364e7b,0.9879999797,0.394666,0.3899299999882802,1728104983,Will a Democrat win Nebraska Presidential Election?
0x86da4387790dd76f812ffd58d7f73dd848da79bb6027cd8af28dd1d145a84aea,0x9e2931bf9c969662be9e616b7f2483cc44a9f277,SELL,No,35770901684551795669491368577279542243430622770277005790758177182695013574212,0x5450fdfa7f5d9198c8bb06894478ab983dcf181c7796a84980fd7fd13d364e7b,0.985,0.2,0.197,1728096298,Will a Democrat win Nebraska Presidential Election?
0x861c89a6e6ee0255dd58d690617badfca263f8e802b06565e09d31f69986c8a4,0x9e2931bf9c969662be9e616b7f2483cc44a9f277,BUY,No,35770901684551795669491368577279542243430622770277005790758177182695013574212,0x5450fdfa7f5d9198c8bb06894478ab983dcf181c7796a84980fd7fd13d364e7b,0.9879999605,0.202416,0.199987000004568,1728096228,Will a Democrat win Nebraska Presidential Election?
0xad06584fae6244d05ecef718794e8e63d5ad0ad6f402cb51db86e4244c52fc3b,0xf939276579bec450ca64dbe6a69e8adf2c1cdc28,BUY,Yes,6511320115012073314258114900202512333073214818740802888332361452934837274686,0x5450fdfa7f5d9198c8bb06894478ab983dcf181c7796a84980fd7fd13d364e7b,0.0149985375,0.666665,0.009999000002437499,1728073759,Will a Democrat win Nebraska Presidential Election?
0xff26cec93db13680a34604f15c455daf48e4c02d1df05079f86f76f08ded63df,0xf939276579bec450ca64dbe6a69e8adf2c1cdc28,BUY,Yes,6511320115012073314258114900202512333073214818740802888332361452934837274686,0x5450fdfa7f5d9198c8bb06894478ab983dcf181c7796a84980fd7fd13d364e7b,0.0149985375,0.666665,0.009999000002437499,1728073743,Will a Democrat win Nebraska Presidential Election?
0x3518ec23135dfe30613f2da1e4d25f02fcd84bb406a8a612d9a11f0b101c8eb7,0x20823def4eb99d44b0ab05b57c0c154a93250a87,SELL,No,35770901684551795669491368577279542243430622770277005790758177182695013574212,0x5450fdfa7f5d9198c8bb06894478ab983dcf181c7796a84980fd7fd13d364e7b,0.985,0.25,0.24625,1728004274,Will a Democrat win Nebraska Presidential Election?
0x5c80f57673852467ed0a204f584a00c51a76161906cd1b54d362fd48a2ad6480,0x20823def4eb99d44b0ab05b57c0c154a93250a87,BUY,No,35770901684551795669491368577279542243430622770277005790758177182695013574212,0x5450fdfa7f5d9198c8bb06894478ab983dcf181c7796a84980fd7fd13d364e7b,0.988,0.253,0.249964,1728004192,Will a Democrat win Nebraska Presidential Election?
0xe30e069e96b611b88a5be753d23f78bfd1a6b30c58a728781ffb636e00a5d220,0x6ba7e8bc5482c741cf6f18dc80f27a6b744ca18b,BUY,No,35770901684551795669491368577279542243430622770277005790758177182695013574212,0x5450fdfa7f5d9198c8bb06894478ab983dcf181c7796a84980fd7fd13d364e7b,0.988,0.15175,0.149929,1727972425,Will a Democrat win Nebraska Presidential Election?
0xefaf70c4f8b96d3eaa51d96cac046d306062c4a3c41c84714e8a092bc400ea22,0xc3956be9421878aa4775082dbab16235a91d5c8c,SELL,Yes,6511320115012073314258114900202512333073214818740802888332361452934837274686,0x5450fdfa7f5d9198c8bb06894478ab983dcf181c7796a84980fd7fd13d364e7b,0.012,200,2.4,1727969355,Will a Democrat win Nebraska Presidential Election?
0x5c920c4b425f7a12b309d352c33cbea52755b2b1729bb6b7e981b5abd5a41914,0x4cc3522b689a6bf1fb4a2444c523e7776db47552,SELL,Yes,6511320115012073314258114900202512333073214818740802888332361452934837274686,0x5450fdfa7f5d9198c8bb06894478ab983dcf181c7796a84980fd7fd13d364e7b,0.0189095993,2146,40.5800000978,1727968687,Will a Democrat win Nebraska Presidential Election?
0x5345a2fa70b453b940a677105d45c179c3feb4829a91ed23fea2ea15208ea9a4,0x6356fb47642a028bc09df92023c35a21a0b41885,SELL,Yes,6511320115012073314258114900202512333073214818740802888332361452934837274686,0x5450fdfa7f5d9198c8bb06894478ab983dcf181c7796a84980fd7fd13d364e7b,0.02,5266.44,105.3288,1727968301,Will a Democrat win Nebraska Presidential Election?
0xd1ea48b154b9fae08a8919fae6332083f41bc77c0b057d123c3c90a9abf65dee,0xc3956be9421878aa4775082dbab16235a91d5c8c,SELL,Yes,6511320115012073314258114900202512333073214818740802888332361452934837274686,0x5450fdfa7f5d9198c8bb06894478ab983dcf181c7796a84980fd7fd13d364e7b,0.02,200,4.0,1727968269,Will a Democrat win Nebraska Presidential Election?
0x3eaee17a2155581f87867fd01cd605e561ff61f49e8f9aabf353d3d40dbaa587,0x6356fb47642a028bc09df92023c35a21a0b41885,SELL,Yes,6511320115012073314258114900202512333073214818740802888332361452934837274686,0x5450fdfa7f5d9198c8bb06894478ab983dcf181c7796a84980fd7fd13d364e7b,0.021,200,4.2,1727968237,Will a Democrat win Nebraska Presidential Election?
0x4c7be3756871630539aeda82a247c686077171df68866e4c178e24541215d71b,0x1a1bec66bd00891883f2aec3282375a4042464c1,SELL,No,35770901684551795669491368577279542243430622770277005790758177182695013574212,0x5450fdfa7f5d9198c8bb06894478ab983dcf181c7796a84980fd7fd13d364e7b,0.978,0.67,0.6552600000000001,1727967237,Will a Democrat win Nebraska Presidential Election?
0x0240fea00da504c616cccdf76819c12a1b115c312ec626db545d4ef8f16fa1d2,0x1a1bec66bd00891883f2aec3282375a4042464c1,BUY,No,35770901684551795669491368577279542243430622770277005790758177182695013574212,0x5450fdfa7f5d9198c8bb06894478ab983dcf181c7796a84980fd7fd13d364e7b,0.9789999733,0.674142,0.6599850000004086,1727967159,Will a Democrat win Nebraska Presidential Election?
0x9d1e5ce2dc2e789feedcf93ef40eb97be7a3f0a9feeb486154ba6a725b22e867,0x4809967fbb50d03ab181a0860b6fcb626406a212,SELL,No,35770901684551795669491368577279542243430622770277005790758177182695013574212,0x5450fdfa7f5d9198c8bb06894478ab983dcf181c7796a84980fd7fd13d364e7b,0.978,0.76,0.7432799999999999,1727965573,Will a Democrat win Nebraska Presidential Election?
0x4443e1ef8f18ac9eb38db80a78986add6cc541bb35b3ed9ac34b0acef1e8c4fd,0x4809967fbb50d03ab181a0860b6fcb626406a212,BUY,No,35770901684551795669491368577279542243430622770277005790758177182695013574212,0x5450fdfa7f5d9198c8bb06894478ab983dcf181c7796a84980fd7fd13d364e7b,0.978999983,0.766047,0.7499599999772011,1727965497,Will a Democrat win Nebraska Presidential Election?
0x185fc7c730e7cbdc62c1f640321d33c8582f1fe4339eea633e9fa1703368ee37,0x571080e37b2d37f65830e8795e38e3ca9a28ce1d,SELL,Yes,6511320115012073314258114900202512333073214818740802888332361452934837274686,0x5450fdfa7f5d9198c8bb06894478ab983dcf181c7796a84980fd7fd13d364e7b,0.021,3.36,0.07056,1727919394,Will a Democrat win Nebraska Presidential Election?
0x17434af840d2c0c4285f77dc2b1f528c4002658b553030da245be9b016ca7338,0x9d42a97beb1af45f309f6bb66056b47d11766809,SELL,No,35770901684551795669491368577279542243430622770277005790758177182695013574212,0x5450fdfa7f5d9198c8bb06894478ab983dcf181c7796a84980fd7fd13d364e7b,0.978,0.79,0.77262,1727857554,Will a Democrat win Nebraska Presidential Election?
0x88e2ead3909f32144cb1df7b894be6c8174b889652b2b7f123ffc22e3e62d59d,0x9d42a97beb1af45f309f6bb66056b47d11766809,BUY,No,35770901684551795669491368577279542243430622770277005790758177182695013574212,0x5450fdfa7f5d9198c8bb06894478ab983dcf181c7796a84980fd7fd13d364e7b,0.9789999925,0.796714,0.779983000024645,1727857456,Will a Democrat win Nebraska Presidential Election?
0xef53624ab588420d5245407d28ac17abc1671dc4e137afd128e6b64464006c1e,0x571080e37b2d37f65830e8795e38e3ca9a28ce1d,SELL,Yes,6511320115012073314258114900202512333073214818740802888332361452934837274686,0x5450fdfa7f5d9198c8bb06894478ab983dcf181c7796a84980fd7fd13d364e7b,0.021,5.13,0.10773,1727788426,Will a Democrat win Nebraska Presidential Election?
0x1a1f8b9b8e47bdc1fee18729c4662eea9c0cef2ce1799685449d807f47597882,0xa91c8177c240bd3f2a84c91096ba00467281be49,BUY,No,35770901684551795669491368577279542243430622770277005790758177182695013574212,0x5450fdfa7f5d9198c8bb06894478ab983dcf181c7796a84980fd7fd13d364e7b,0.9789999996,5.107238,4.999985999957104,1727788310,Will a Democrat win Nebraska Presidential Election?
0xa0b3acd36a89d061e8ae9dc33a881d157ae102685c26ff9aff007c9419fb8f6e,0x3aae7136762c7764f3f3d9f5664aa4646172da83,BUY,No,35770901684551795669491368577279542243430622770277005790758177182695013574212,0x5450fdfa7f5d9198c8bb06894478ab983dcf181c7796a84980fd7fd13d364e7b,0.9789999993,5.975476,5.849990999817167,1727768250,Will a Democrat win Nebraska Presidential Election?
0xcaed387dd4e4a7995e5a2935ce3ee3012751e897e827ff7867f3110baff3d04d,0x571080e37b2d37f65830e8795e38e3ca9a28ce1d,BUY,No,35770901684551795669491368577279542243430622770277005790758177182695013574212,0x5450fdfa7f5d9198c8bb06894478ab983dcf181c7796a84980fd7fd13d364e7b,0.979,2.04,1.99716,1727700744,Will a Democrat win Nebraska Presidential Election?
0x10ddb9646b7dbde794e386770c4b3579f86a05f8a761125f0b69c5161687b180,0x571080e37b2d37f65830e8795e38e3ca9a28ce1d,BUY,No,35770901684551795669491368577279542243430622770277005790758177182695013574212,0x5450fdfa7f5d9198c8bb06894478ab983dcf181c7796a84980fd7fd13d364e7b,0.979,0.02,0.01958,1727699355,Will a Democrat win Nebraska Presidential Election?
0x91440b221875a716b3e2b92ca8d65fd6cbb200608dd1ffb9ef512edef08c3eb3,0x571080e37b2d37f65830e8795e38e3ca9a28ce1d,BUY,No,35770901684551795669491368577279542243430622770277005790758177182695013574212,0x5450fdfa7f5d9198c8bb06894478ab983dcf181c7796a84980fd7fd13d364e7b,0.979,0.1,0.0979,1727688489,Will a Democrat win Nebraska Presidential Election?
0x24dbb026b4fc5e1f3a4c22cbec1b60a62a5fe0c325e5afcf6fa05898d9cd5375,0xa40d51396185d72e7505402357b929c4f6f3ea7a,SELL,Yes,6511320115012073314258114900202512333073214818740802888332361452934837274686,0x5450fdfa7f5d9198c8bb06894478ab983dcf181c7796a84980fd7fd13d364e7b,0.021,263.88,5.54148,1727682814,Will a Democrat win Nebraska Presidential Election?
0x7134840b5e9c110b87560d373df25c1ad3656a5dda18dde83ab53a944e56c274,0x571080e37b2d37f65830e8795e38e3ca9a28ce1d,BUY,No,35770901684551795669491368577279542243430622770277005790758177182695013574212,0x5450fdfa7f5d9198c8bb06894478ab983dcf181c7796a84980fd7fd13d364e7b,0.979,0.21,0.20559,1727671131,Will a Democrat win Nebraska Presidential Election?
0xa3064792e9634aaf4a451babdb1da945f4c4be60f0faf13f66c4d8108c8a65af,0xd218e474776403a330142299f7796e8ba32eb5c9,BUY,No,35770901684551795669491368577279542243430622770277005790758177182695013574212,0x5450fdfa7f5d9198c8bb06894478ab983dcf181c7796a84980fd7fd13d364e7b,0.979,0.2,0.1958,1727644966,Will a Democrat win Nebraska Presidential Election?
0x4101ae0f7675d8c568aa083a25f836d3a1b9856d9e56d7f74bf4f8746935c25a,0x6ba7e8bc5482c741cf6f18dc80f27a6b744ca18b,BUY,No,35770901684551795669491368577279542243430622770277005790758177182695013574212,0x5450fdfa7f5d9198c8bb06894478ab983dcf181c7796a84980fd7fd13d364e7b,0.9789994126,0.020428,0.019999000000592803,1727626086,Will a Democrat win Nebraska Presidential Election?
0x2ef7184235d08430c6d593421ec5fabee392b1c8730e687f7d6ce58d0c91243e,0x6d57da09ef86a327524853b36fbd2e39cf0cbfc5,SELL,Yes,6511320115012073314258114900202512333073214818740802888332361452934837274686,0x5450fdfa7f5d9198c8bb06894478ab983dcf181c7796a84980fd7fd13d364e7b,0.0216972072,3650.78,79.211730101616,1727625668,Will a Democrat win Nebraska Presidential Election?
0xa0044ef71064dad944edfb856b4db34f5ff110db31dc4bc7df121084af60cebb,0x571080e37b2d37f65830e8795e38e3ca9a28ce1d,BUY,No,35770901684551795669491368577279542243430622770277005790758177182695013574212,0x5450fdfa7f5d9198c8bb06894478ab983dcf181c7796a84980fd7fd13d364e7b,0.978,0.02,0.01956,1727623846,Will a Democrat win Nebraska Presidential Election?
0x6958878adf04b7a810820bcf208ff1c3a97deec9b839eaabab2f28ed8effa379,0x7789806c754eb0af4c3abeb026c218b4ba78f823,SELL,Yes,6511320115012073314258114900202512333073214818740802888332361452934837274686,0x5450fdfa7f5d9198c8bb06894478ab983dcf181c7796a84980fd7fd13d364e7b,0.022,283.34,6.233479999999999,1727622274,Will a Democrat win Nebraska Presidential Election?
0xcbf50da6c97480ebbad8dba1a2c959d95baebc455f6e654e9835ca31b22611d7,0x571080e37b2d37f65830e8795e38e3ca9a28ce1d,BUY,No,35770901684551795669491368577279542243430622770277005790758177182695013574212,0x5450fdfa7f5d9198c8bb06894478ab983dcf181c7796a84980fd7fd13d364e7b,0.978,155,151.59,1727622250,Will a Democrat win Nebraska Presidential Election?
0x991755a805db86bc9f15a2a2433339b3ff3f57ced7baeb1f23a3aa4dfbe4bcdf,0x6ba7e8bc5482c741cf6f18dc80f27a6b744ca18b,BUY,No,35770901684551795669491368577279542243430622770277005790758177182695013574212,0x5450fdfa7f5d9198c8bb06894478ab983dcf181c7796a84980fd7fd13d364e7b,0.977999902,0.020409,0.019959999999917998,1727601404,Will a Democrat win Nebraska Presidential Election?
0x3f745a267a3ffe4a745f088f8a7527ca9d649c1c0718584a7eed3944ffacca32,0xb13c693adaf23c00960fe09d94bcd29249cd4c4c,SELL,No,35770901684551795669491368577279542243430622770277005790758177182695013574212,0x5450fdfa7f5d9198c8bb06894478ab983dcf181c7796a84980fd7fd13d364e7b,0.976,0.2,0.1952,1727583518,Will a Democrat win Nebraska Presidential Election?
0x7f349331da55ce2e4892dd4aaf55d6e436ddc9f97a059b3b83fe4dd37c849ded,0xb13c693adaf23c00960fe09d94bcd29249cd4c4c,BUY,No,35770901684551795669491368577279542243430622770277005790758177182695013574212,0x5450fdfa7f5d9198c8bb06894478ab983dcf181c7796a84980fd7fd13d364e7b,0.9769999267,0.204695,0.19998699999585648,1727583304,Will a Democrat win Nebraska Presidential Election?
0x5f6d1a55663174fee267fc81366b700324fcf9e1b61b6b00641e8d67a6b35903,0xfac96099e20c9ec16d5bdb8ed2e0e266c251a69c,SELL,No,35770901684551795669491368577279542243430622770277005790758177182695013574212,0x5450fdfa7f5d9198c8bb06894478ab983dcf181c7796a84980fd7fd13d364e7b,0.976,0.6,0.5856,1727576693,Will a Democrat win Nebraska Presidential Election?
0x742143e6de9384b3abb2714723d69509c7356a46e032b9db4b00452b2b491cda,0xfac96099e20c9ec16d5bdb8ed2e0e266c251a69c,BUY,No,35770901684551795669491368577279542243430622770277005790758177182695013574212,0x5450fdfa7f5d9198c8bb06894478ab983dcf181c7796a84980fd7fd13d364e7b,0.9769999785,0.603869,0.5899800000168165,1727576485,Will a Democrat win Nebraska Presidential Election?
0x40f44f317181473eace3e4319340dd7af787f10e9dfdf755887dfbf6fff4edf7,0x571080e37b2d37f65830e8795e38e3ca9a28ce1d,BUY,No,35770901684551795669491368577279542243430622770277005790758177182695013574212,0x5450fdfa7f5d9198c8bb06894478ab983dcf181c7796a84980fd7fd13d364e7b,0.977,0.02,0.01954,1727556388,Will a Democrat win Nebraska Presidential Election?
0x1d6d883b8d0b228240b98fdf54de6c322fadd919ef9bdc5a1976f06d3bdb546e,0x6ba7e8bc5482c741cf6f18dc80f27a6b744ca18b,BUY,No,35770901684551795669491368577279542243430622770277005790758177182695013574212,0x5450fdfa7f5d9198c8bb06894478ab983dcf181c7796a84980fd7fd13d364e7b,0.9769991191,0.020434,0.0199639999996894,1727554008,Will a Democrat win Nebraska Presidential Election?
0xa8278a1e9b653545efc44744856a6c29f9da0fcc512c55098fbc9d745ae8589d,0x571080e37b2d37f65830e8795e38e3ca9a28ce1d,SELL,Yes,6511320115012073314258114900202512333073214818740802888332361452934837274686,0x5450fdfa7f5d9198c8bb06894478ab983dcf181c7796a84980fd7fd13d364e7b,0.023,10.27,0.23620999999999998,1727376573,Will a Democrat win Nebraska Presidential Election?
0xe670f22ba34a94979d8c2a06f79058fffaaf9d4956040dfe8b114aa8a7724708,0xd218e474776403a330142299f7796e8ba32eb5c9,BUY,No,35770901684551795669491368577279542243430622770277005790758177182695013574212,0x5450fdfa7f5d9198c8bb06894478ab983dcf181c7796a84980fd7fd13d364e7b,0.977,0.13,0.12701,1727362661,Will a Democrat win Nebraska Presidential Election?
0x1e67acda395b20635d25af2938e89d5a6c5539f7fcd0794394cef74aa1db2e7d,0x365af1e4b15f0529ab6fae1f6159e7e6a569596f,SELL,No,35770901684551795669491368577279542243430622770277005790758177182695013574212,0x5450fdfa7f5d9198c8bb06894478ab983dcf181c7796a84980fd7fd13d364e7b,0.975,0.24,0.23399999999999999,1727360434,Will a Democrat win Nebraska Presidential Election?
0x776c8d5dd1358d3b551a59505f34eca856532014f4cc292b5b2938900b1bf691,0x365af1e4b15f0529ab6fae1f6159e7e6a569596f,BUY,No,35770901684551795669491368577279542243430622770277005790758177182695013574212,0x5450fdfa7f5d9198c8bb06894478ab983dcf181c7796a84980fd7fd13d364e7b,0.9769999349,0.245608,0.2399590000109192,1727360254,Will a Democrat win Nebraska Presidential Election?
0x69d9ac97746fb8842530331cdea6e5e515dd371a2f7b41bd0fed3d15fd7c8bec,0xd218e474776403a330142299f7796e8ba32eb5c9,BUY,No,35770901684551795669491368577279542243430622770277005790758177182695013574212,0x5450fdfa7f5d9198c8bb06894478ab983dcf181c7796a84980fd7fd13d364e7b,0.977,6.58,6.42866,1727358193,Will a Democrat win Nebraska Presidential Election?
0x5896ded0a2122706049e174128b156f0476bba3961cefc5d995fa3346cfbffdd,0x571080e37b2d37f65830e8795e38e3ca9a28ce1d,BUY,No,35770901684551795669491368577279542243430622770277005790758177182695013574212,0x5450fdfa7f5d9198c8bb06894478ab983dcf181c7796a84980fd7fd13d364e7b,0.977,0.52,0.50804,1727322664,Will a Democrat win Nebraska Presidential Election?
0x2d25fd362d9df1a26c4a807b5b0ca3b514bcef3baf04ec7f1769dd66d0268b7c,0xd218e474776403a330142299f7796e8ba32eb5c9,BUY,No,35770901684551795669491368577279542243430622770277005790758177182695013574212,0x5450fdfa7f5d9198c8bb06894478ab983dcf181c7796a84980fd7fd13d364e7b,0.977,1.01,0.98677,1727195143,Will a Democrat win Nebraska Presidential Election?
0xbc2b673e96837e6b6c9ac3a7d552e21dccf25e3368705e1d38cbdcfa0cef6f73,0xf5895ac50437de52756f61ecb9837d82e3495ba2,SELL,No,35770901684551795669491368577279542243430622770277005790758177182695013574212,0x5450fdfa7f5d9198c8bb06894478ab983dcf181c7796a84980fd7fd13d364e7b,0.975,10,9.75,1727187869,Will a Democrat win Nebraska Presidential Election?
0x8fb98674a6aee91e8f28301d60372c89332565aae645aab4e4fbe8af179bd628,0xf5895ac50437de52756f61ecb9837d82e3495ba2,BUY,No,35770901684551795669491368577279542243430622770277005790758177182695013574212,0x5450fdfa7f5d9198c8bb06894478ab983dcf181c7796a84980fd7fd13d364e7b,0.977,10,9.77,1727177570,Will a Democrat win Nebraska Presidential Election?
0xc664ef644a1f5e66fe92f7b45bcf61c1a158b893bc66cf97161700d6a45a4f88,0x41c7015a77eef9db80aa0b4c2ead6a5e6a5d75bd,SELL,No,35770901684551795669491368577279542243430622770277005790758177182695013574212,0x5450fdfa7f5d9198c8bb06894478ab983dcf181c7796a84980fd7fd13d364e7b,0.975,0.36,0.351,1727066251,Will a Democrat win Nebraska Presidential Election?
0xab73d4c55f99aa0e8a15d65159b9c730aa72ea904dbe9cef239567674128d33e,0x41c7015a77eef9db80aa0b4c2ead6a5e6a5d75bd,BUY,No,35770901684551795669491368577279542243430622770277005790758177182695013574212,0x5450fdfa7f5d9198c8bb06894478ab983dcf181c7796a84980fd7fd13d364e7b,0.9769999511,0.368434,0.3599599999835774,1727066065,Will a Democrat win Nebraska Presidential Election?
0x2d6fbcedd8620ac52e76fa568b0545337940f9a8870373b13289bb8376e1af43,0xbd40a2f5a1d1cfe3210bfe3f2ed56e26099d1f6b,BUY,No,35770901684551795669491368577279542243430622770277005790758177182695013574212,0x5450fdfa7f5d9198c8bb06894478ab983dcf181c7796a84980fd7fd13d364e7b,0.9769997766,0.071608,0.0699610000027728,1726996302,Will a Democrat win Nebraska Presidential Election?
0xf2936fe15838975bfa49cc64c9bc6969a3292849379d9436878f122a6a356b76,0xf0b0ef1d6320c6be896b4c9c54dd74407e7f8cab,SELL,Yes,6511320115012073314258114900202512333073214818740802888332361452934837274686,0x5450fdfa7f5d9198c8bb06894478ab983dcf181c7796a84980fd7fd13d364e7b,0.023,0.27,0.00621,1726868364,Will a Democrat win Nebraska Presidential Election?
0x73c0cee8c41e025dd315f1ac76995ea7b93899d4c0798248e636ba158a0f9fe6,0xf0b0ef1d6320c6be896b4c9c54dd74407e7f8cab,SELL,No,35770901684551795669491368577279542243430622770277005790758177182695013574212,0x5450fdfa7f5d9198c8bb06894478ab983dcf181c7796a84980fd7fd13d364e7b,0.971,0.27,0.26217,1726868214,Will a Democrat win Nebraska Presidential Election?
0x14ba762fa03b1ffc60059476aff6c0af98f01be068ae88c560509aac948ddd34,0x46c3dec76f1c9905a0a6d29034463920c051ab28,SELL,No,35770901684551795669491368577279542243430622770277005790758177182695013574212,0x5450fdfa7f5d9198c8bb06894478ab983dcf181c7796a84980fd7fd13d364e7b,0.972,0.27,0.26244,1726868206,Will a Democrat win Nebraska Presidential Election?
0xd0333ef25c61df714f21779092bb9410b1c7d91452c20159a406359e79a198dc,0x46c3dec76f1c9905a0a6d29034463920c051ab28,BUY,No,35770901684551795669491368577279542243430622770277005790758177182695013574212,0x5450fdfa7f5d9198c8bb06894478ab983dcf181c7796a84980fd7fd13d364e7b,0.976,0.276625,0.269986,1726868048,Will a Democrat win Nebraska Presidential Election?
0xaf13f841203afb52722248256dc21a3e0d6b66f859ad5595bf6aa49653a305ea,0x9210b5bdfe3295dac15113a8e0b80d0f5b098cf7,SELL,No,35770901684551795669491368577279542243430622770277005790758177182695013574212,0x5450fdfa7f5d9198c8bb06894478ab983dcf181c7796a84980fd7fd13d364e7b,0.971,0.35,0.33985,1726811007,Will a Democrat win Nebraska Presidential Election?
0xf38370e5dce8d71f19d14272e84ec5d3c54ebb5cdb1bdd19762ae0cbbf92cca1,0x9210b5bdfe3295dac15113a8e0b80d0f5b098cf7,BUY,No,35770901684551795669491368577279542243430622770277005790758177182695013574212,0x5450fdfa7f5d9198c8bb06894478ab983dcf181c7796a84980fd7fd13d364e7b,0.9769999749,0.358217,0.3499780000087533,1726810813,Will a Democrat win Nebraska Presidential Election?
0x9a9d066e65c5bbeffaea9b42e213b7abcf6e9cd953b2197bb2d9610262fd8db9,0x571080e37b2d37f65830e8795e38e3ca9a28ce1d,SELL,Yes,6511320115012073314258114900202512333073214818740802888332361452934837274686,0x5450fdfa7f5d9198c8bb06894478ab983dcf181c7796a84980fd7fd13d364e7b,0.023,0.34,0.00782,1726652983,Will a Democrat win Nebraska Presidential Election?
0x749138d9f061f01843e76fb50e5b7734304739c858cca0e2125fe5a6d7e3c405,0x571080e37b2d37f65830e8795e38e3ca9a28ce1d,SELL,Yes,6511320115012073314258114900202512333073214818740802888332361452934837274686,0x5450fdfa7f5d9198c8bb06894478ab983dcf181c7796a84980fd7fd13d364e7b,0.023,0.17,0.00391,1726613088,Will a Democrat win Nebraska Presidential Election?
0x6e84e7679554a830b05d0457bab4029886e5d649b910ba0856ebddcdd32e15bf,0xe2210f5a71fe5422e114de6cc2324e0c74b737d7,SELL,No,35770901684551795669491368577279542243430622770277005790758177182695013574212,0x5450fdfa7f5d9198c8bb06894478ab983dcf181c7796a84980fd7fd13d364e7b,0.971,0.45,0.43695,1726586912,Will a Democrat win Nebraska Presidential Election?
0x66a3f16e04f8e2ba86cec421182b23ee9f7721d7b0c590c2ec607ebd25444309,0xe2210f5a71fe5422e114de6cc2324e0c74b737d7,BUY,No,35770901684551795669491368577279542243430622770277005790758177182695013574212,0x5450fdfa7f5d9198c8bb06894478ab983dcf181c7796a84980fd7fd13d364e7b,0.9769999578,0.450347,0.4399889999953566,1726586736,Will a Democrat win Nebraska Presidential Election?
0x00b3e031fea69a5a05a62b87a79f9e44b308741f321a32c51cf1d02131f54bc6,0x571080e37b2d37f65830e8795e38e3ca9a28ce1d,BUY,No,35770901684551795669491368577279542243430622770277005790758177182695013574212,0x5450fdfa7f5d9198c8bb06894478ab983dcf181c7796a84980fd7fd13d364e7b,0.977,0.18,0.17586,1726551041,Will a Democrat win Nebraska Presidential Election?
0x82ecae98524c36bc6221be57cd5220641150332e6bc6a7ffe06e75c6758d3c34,0x571080e37b2d37f65830e8795e38e3ca9a28ce1d,BUY,No,35770901684551795669491368577279542243430622770277005790758177182695013574212,0x5450fdfa7f5d9198c8bb06894478ab983dcf181c7796a84980fd7fd13d364e7b,0.977,0.18,0.17586,1726548235,Will a Democrat win Nebraska Presidential Election?
0xcae7ffe9c88f43e480e7760e26c3ef5c8619180bb6067b6248755b49feacb6e3,0x571080e37b2d37f65830e8795e38e3ca9a28ce1d,BUY,No,35770901684551795669491368577279542243430622770277005790758177182695013574212,0x5450fdfa7f5d9198c8bb06894478ab983dcf181c7796a84980fd7fd13d364e7b,0.977,0.11,0.10747,1726539765,Will a Democrat win Nebraska Presidential Election?
0xcf24fc14081adf3e16eef6871e22ec33e6c902cba41ec3273afafd02315a193f,0x571080e37b2d37f65830e8795e38e3ca9a28ce1d,BUY,No,35770901684551795669491368577279542243430622770277005790758177182695013574212,0x5450fdfa7f5d9198c8bb06894478ab983dcf181c7796a84980fd7fd13d364e7b,0.977,0.17,0.16609000000000002,1726530760,Will a Democrat win Nebraska Presidential Election?
0xa2718730b262580d4af271ea87f9de880f4d6b68f3ba283281b0e642604a2b4b,0x571080e37b2d37f65830e8795e38e3ca9a28ce1d,SELL,Yes,6511320115012073314258114900202512333073214818740802888332361452934837274686,0x5450fdfa7f5d9198c8bb06894478ab983dcf181c7796a84980fd7fd13d364e7b,0.023,0.49,0.011269999999999999,1726479841,Will a Democrat win Nebraska Presidential Election?
0xe7e0440db484a8e995a23b83f2dedbf6a656083ec51f1499711c32c55ac96af1,0x571080e37b2d37f65830e8795e38e3ca9a28ce1d,SELL,Yes,6511320115012073314258114900202512333073214818740802888332361452934837274686,0x5450fdfa7f5d9198c8bb06894478ab983dcf181c7796a84980fd7fd13d364e7b,0.023,0.14,0.00322,1726436225,Will a Democrat win Nebraska Presidential Election?
0x0569954102350d8a51a6e7075b8a12cafc994a88bd51f9888bd75619899c057e,0x571080e37b2d37f65830e8795e38e3ca9a28ce1d,SELL,Yes,6511320115012073314258114900202512333073214818740802888332361452934837274686,0x5450fdfa7f5d9198c8bb06894478ab983dcf181c7796a84980fd7fd13d364e7b,0.023,0.12,0.00276,1726422490,Will a Democrat win Nebraska Presidential Election?
0xb76640148185208e2e9bdca4923d701e63183eb19ea4fd1bf70b09042032174b,0x571080e37b2d37f65830e8795e38e3ca9a28ce1d,BUY,No,35770901684551795669491368577279542243430622770277005790758177182695013574212,0x5450fdfa7f5d9198c8bb06894478ab983dcf181c7796a84980fd7fd13d364e7b,0.977,0.13,0.12701,1726417687,Will a Democrat win Nebraska Presidential Election?
0x6373f248beb92aa7c30483c6393d9eb1afb58e73315084cf4689f6e0da801468,0x571080e37b2d37f65830e8795e38e3ca9a28ce1d,BUY,No,35770901684551795669491368577279542243430622770277005790758177182695013574212,0x5450fdfa7f5d9198c8bb06894478ab983dcf181c7796a84980fd7fd13d364e7b,0.977,0.11,0.10747,1726403934,Will a Democrat win Nebraska Presidential Election?
0xfe3bc886cd52b1d23cbba118a96dd94c60638bc1e4096d18bb7f9054a799fa17,0x8ef58cbba39585a2033ce0a6d300964f9a43e67e,SELL,No,35770901684551795669491368577279542243430622770277005790758177182695013574212,0x5450fdfa7f5d9198c8bb06894478ab983dcf181c7796a84980fd7fd13d364e7b,0.972,25.56,24.84432,1726403092,Will a Democrat win Nebraska Presidential Election?
0xac0cc2fabbbaebff3712332eaa0a566fb10bfd46e3e32dbe67a00292ae2e7aa1,0xa40d51396185d72e7505402357b929c4f6f3ea7a,BUY,Yes,6511320115012073314258114900202512333073214818740802888332361452934837274686,0x5450fdfa7f5d9198c8bb06894478ab983dcf181c7796a84980fd7fd13d364e7b,0.024,228.09,5.47416,1726390255,Will a Democrat win Nebraska Presidential Election?
0x1c8a35d72c446e4bad6b210e043b5f2f366651fad6d623975fd89e22c9bf6c65,0x571080e37b2d37f65830e8795e38e3ca9a28ce1d,BUY,No,35770901684551795669491368577279542243430622770277005790758177182695013574212,0x5450fdfa7f5d9198c8bb06894478ab983dcf181c7796a84980fd7fd13d364e7b,0.977,5,4.885,1726376730,Will a Democrat win Nebraska Presidential Election?
0xe617a0d30bf29293aeefc12d37e1288aa871284f41d547ca66b83fb113a8cc22,0x571080e37b2d37f65830e8795e38e3ca9a28ce1d,SELL,Yes,6511320115012073314258114900202512333073214818740802888332361452934837274686,0x5450fdfa7f5d9198c8bb06894478ab983dcf181c7796a84980fd7fd13d364e7b,0.023,10,0.22999999999999998,1726329282,Will a Democrat win Nebraska Presidential Election?
0x234331b50e6f82a00432a7137ef0d1fec31928d43ba0a6f99e7833e8fca59ccb,0x571080e37b2d37f65830e8795e38e3ca9a28ce1d,SELL,Yes,6511320115012073314258114900202512333073214818740802888332361452934837274686,0x5450fdfa7f5d9198c8bb06894478ab983dcf181c7796a84980fd7fd13d364e7b,0.022,20.57,0.45254,1726288457,Will a Democrat win Nebraska Presidential Election?
0xa9955c95a2c3e97320737f5b0cb002573016549473498ddb595e75222805243f,0x571080e37b2d37f65830e8795e38e3ca9a28ce1d,BUY,No,35770901684551795669491368577279542243430622770277005790758177182695013574212,0x5450fdfa7f5d9198c8bb06894478ab983dcf181c7796a84980fd7fd13d364e7b,0.978,5,4.89,1726245362,Will a Democrat win Nebraska Presidential Election?
0x7f411d9adfd31940510b38eef847cfd0a8f327ec90cc198b3e3f24e2aee4bf44,0x571080e37b2d37f65830e8795e38e3ca9a28ce1d,BUY,No,35770901684551795669491368577279542243430622770277005790758177182695013574212,0x5450fdfa7f5d9198c8bb06894478ab983dcf181c7796a84980fd7fd13d364e7b,0.978,5,4.89,1726239018,Will a Democrat win Nebraska Presidential Election?
0x5ad4aaac61d0effb8d52dcdb9c6187922d3d51f38cea33e9b6b46568f71570dc,0x571080e37b2d37f65830e8795e38e3ca9a28ce1d,BUY,No,35770901684551795669491368577279542243430622770277005790758177182695013574212,0x5450fdfa7f5d9198c8bb06894478ab983dcf181c7796a84980fd7fd13d364e7b,0.978,5,4.89,1726235074,Will a Democrat win Nebraska Presidential Election?
0xfc6118d9c63b0b0e9f5791b016fd1f8e2f99c5ea5e4c5dc51d5747a144569077,0x571080e37b2d37f65830e8795e38e3ca9a28ce1d,BUY,No,35770901684551795669491368577279542243430622770277005790758177182695013574212,0x5450fdfa7f5d9198c8bb06894478ab983dcf181c7796a84980fd7fd13d364e7b,0.978,5,4.89,1726229636,Will a Democrat win Nebraska Presidential Election?
0x2eff8f9bcaff5bae11feddf1c82120bec2094e7980cd3cd6ac407c4af5a4a1e3,0x43c46611137dc11f59ad929f37216c3724dcfb23,SELL,Yes,6511320115012073314258114900202512333073214818740802888332361452934837274686,0x5450fdfa7f5d9198c8bb06894478ab983dcf181c7796a84980fd7fd13d364e7b,0.022,18.75,0.4125,1726211691,Will a Democrat win Nebraska Presidential Election?
0x0e4617335f3ef659e4d348c0bcdfd1015a15987f9c467d54c02665d826b0c4f0,0x571080e37b2d37f65830e8795e38e3ca9a28ce1d,SELL,Yes,6511320115012073314258114900202512333073214818740802888332361452934837274686,0x5450fdfa7f5d9198c8bb06894478ab983dcf181c7796a84980fd7fd13d364e7b,0.022,204.91,4.508019999999999,1726175765,Will a Democrat win Nebraska Presidential Election?
0x471b45c1af74f3c311057d128802d36d686d4351eab7dabf8c0b7d13b4c9471f,0x9cd7cb415eb7fac5c35397848c9bd8406050d7a0,SELL,Yes,6511320115012073314258114900202512333073214818740802888332361452934837274686,0x5450fdfa7f5d9198c8bb06894478ab983dcf181c7796a84980fd7fd13d364e7b,0.022,70.41,1.5490199999999998,1726164644,Will a Democrat win Nebraska Presidential Election?
0x618af381d99c0a9a8ce1b30793ee0f527704a3bcc6ce7f3da0eb910f21d12a1a,0x9cd7cb415eb7fac5c35397848c9bd8406050d7a0,BUY,Yes,6511320115012073314258114900202512333073214818740802888332361452934837274686,0x5450fdfa7f5d9198c8bb06894478ab983dcf181c7796a84980fd7fd13d364e7b,0.0239999864,70.416665,1.6899990023333558,1726164556,Will a Democrat win Nebraska Presidential Election?
0xc10e6ac28e422a1c37180ef8cd3791c2ee7e9d095db5e26fddd77beccc2eac73,0x43c46611137dc11f59ad929f37216c3724dcfb23,BUY,Yes,6511320115012073314258114900202512333073214818740802888332361452934837274686,0x5450fdfa7f5d9198c8bb06894478ab983dcf181c7796a84980fd7fd13d364e7b,0.024,18.75,0.45,1726161476,Will a Democrat win Nebraska Presidential Election?
0x68dafdea7f67ffe87a975056ede07d4e3e75033476ee68aae407b1b0049e237b,0x3f2aeb02922a016486943871ce016235df8ea4b5,SELL,No,35770901684551795669491368577279542243430622770277005790758177182695013574212,0x5450fdfa7f5d9198c8bb06894478ab983dcf181c7796a84980fd7fd13d364e7b,0.975,0.61,0.59475,1726136161,Will a Democrat win Nebraska Presidential Election?
0x4cc9184f3fc3dafa3cd271308a8d021a33e7e0b366baf03473f5cc7ca2c4c3ab,0x3f2aeb02922a016486943871ce016235df8ea4b5,BUY,No,35770901684551795669491368577279542243430622770277005790758177182695013574212,0x5450fdfa7f5d9198c8bb06894478ab983dcf181c7796a84980fd7fd13d364e7b,0.9779999804,0.613454,0.5999579999763016,1726135887,Will a Democrat win Nebraska Presidential Election?
0xc3c51619f66cd805adb248fd09bdec101f94c1d36dc12de080e1e42b5ef365ce,0x4a727c160e97e6531eaf933acf3bfe32549d12de,BUY,Yes,6511320115012073314258114900202512333073214818740802888332361452934837274686,0x5450fdfa7f5d9198c8bb06894478ab983dcf181c7796a84980fd7fd13d364e7b,0.025,20,0.5,1726130506,Will a Democrat win Nebraska Presidential Election?
0xef63f78a7a189775ead973fc0f0c7c07507d3d1dc2a817de2c87fee6e05b5442,0x6356fb47642a028bc09df92023c35a21a0b41885,SELL,Yes,6511320115012073314258114900202512333073214818740802888332361452934837274686,0x5450fdfa7f5d9198c8bb06894478ab983dcf181c7796a84980fd7fd13d364e7b,0.022,458,10.075999999999999,1725916914,Will a Democrat win Nebraska Presidential Election?
0xd27fc04ccf517fe7373f6ce30165643739089c4bd67d2a2d81f3d43910acbca0,0xc613e6707bd115e5c04d303d944568232697662b,SELL,Yes,6511320115012073314258114900202512333073214818740802888332361452934837274686,0x5450fdfa7f5d9198c8bb06894478ab983dcf181c7796a84980fd7fd13d364e7b,0.022,258,5.675999999999999,1725870294,Will a Democrat win Nebraska Presidential Election?
0x280363aff0e33cb370de68c15edd3cb2e58d12028b7e728de9a0ed8b5d737452,0xc3956be9421878aa4775082dbab16235a91d5c8c,SELL,Yes,6511320115012073314258114900202512333073214818740802888332361452934837274686,0x5450fdfa7f5d9198c8bb06894478ab983dcf181c7796a84980fd7fd13d364e7b,0.022,200,4.3999999999999995,1725766683,Will a Democrat win Nebraska Presidential Election?
0xe22689a6caefac2ab5c2e16471a4c7e51580e73a5dbf08daf66802153e156029,0xd42f6a1634a3707e27cbae14ca966068e5d1047d,SELL,Yes,6511320115012073314258114900202512333073214818740802888332361452934837274686,0x5450fdfa7f5d9198c8bb06894478ab983dcf181c7796a84980fd7fd13d364e7b,0.027,302.75,8.17425,1725509213,Will a Democrat win Nebraska Presidential Election?
0x55849b46636ec651f98ab36eacb5644908c7f78dae2c378ccf100e1ab2106856,0xa9c1ead20a771f2b918772415b54bebe517093bb,SELL,No,35770901684551795669491368577279542243430622770277005790758177182695013574212,0x5450fdfa7f5d9198c8bb06894478ab983dcf181c7796a84980fd7fd13d364e7b,0.969,7.15,6.92835,1725437670,Will a Democrat win Nebraska Presidential Election?
0x86671760dbb54f5a20cd9f7dcaee760083067131ebd2c2d40e71fd3471bea5c1,0x6356fb47642a028bc09df92023c35a21a0b41885,SELL,Yes,6511320115012073314258114900202512333073214818740802888332361452934837274686,0x5450fdfa7f5d9198c8bb06894478ab983dcf181c7796a84980fd7fd13d364e7b,0.029,102.17,2.96293,1725416768,Will a Democrat win Nebraska Presidential Election?
0x13dca45a9534fee8439c619f6de8f5ebfa267be2547d02a300ee43e3f5ef37c8,0xd42f6a1634a3707e27cbae14ca966068e5d1047d,SELL,Yes,6511320115012073314258114900202512333073214818740802888332361452934837274686,0x5450fdfa7f5d9198c8bb06894478ab983dcf181c7796a84980fd7fd13d364e7b,0.03,200,6.0,1725306810,Will a Democrat win Nebraska Presidential Election?
0x69adea628841738aab5ce551ca1d4069ad6b70bc72042d6d422a3d4699fbd935,0x571080e37b2d37f65830e8795e38e3ca9a28ce1d,BUY,No,35770901684551795669491368577279542243430622770277005790758177182695013574212,0x5450fdfa7f5d9198c8bb06894478ab983dcf181c7796a84980fd7fd13d364e7b,0.97,0.58,0.5626,1725281249,Will a Democrat win Nebraska Presidential Election?
0x54aa9e12a89b748cac6f9c41924e20b80ed837657cdbccd7ca284cb2aa208df7,0x571080e37b2d37f65830e8795e38e3ca9a28ce1d,BUY,No,35770901684551795669491368577279542243430622770277005790758177182695013574212,0x5450fdfa7f5d9198c8bb06894478ab983dcf181c7796a84980fd7fd13d364e7b,0.977,8.56,8.36312,1725224801,Will a Democrat win Nebraska Presidential Election?
0x8a5b30b410648782bc4b0dc2d149c63940f5b62ae4f948d29c85a5410145750c,0xe28780fe7a84f41b1bd41f48b52f3112d827f803,SELL,No,35770901684551795669491368577279542243430622770277005790758177182695013574212,0x5450fdfa7f5d9198c8bb06894478ab983dcf181c7796a84980fd7fd13d364e7b,0.969,0.37,0.35852999999999996,1725190861,Will a Democrat win Nebraska Presidential Election?
0xc28a7974517de428382e01d1d4eb7f9e9a0ea679147ac3def5a4d3a5a79e4549,0xe28780fe7a84f41b1bd41f48b52f3112d827f803,BUY,No,35770901684551795669491368577279542243430622770277005790758177182695013574212,0x5450fdfa7f5d9198c8bb06894478ab983dcf181c7796a84980fd7fd13d364e7b,0.9769981701,0.378709,0.3699980000004009,1725190354,Will a Democrat win Nebraska Presidential Election?
0xf5a9c457e2d39479b0fbd2a002ba84e9c2a5f3c80bdc739ad446add939f63837,0x1abd9ac307e33327f17dcbc359da370d7ed5a239,BUY,No,35770901684551795669491368577279542243430622770277005790758177182695013574212,0x5450fdfa7f5d9198c8bb06894478ab983dcf181c7796a84980fd7fd13d364e7b,0.9779999983,7.157454,6.999989999832328,1725133133,Will a Democrat win Nebraska Presidential Election?
0x5bf6840f9f5b9d5d2ceac1e917280fa33bf3ebf3308efa6022ed0b1c22f9b260,0x571080e37b2d37f65830e8795e38e3ca9a28ce1d,BUY,No,35770901684551795669491368577279542243430622770277005790758177182695013574212,0x5450fdfa7f5d9198c8bb06894478ab983dcf181c7796a84980fd7fd13d364e7b,0.978,5.11,4.99758,1725133065,Will a Democrat win Nebraska Presidential Election?
0xa7e07e2bca8ccb7a0579116d9e0e5bf5264f00797e9b1f44e16e8f5865bef8f8,0xa9c1ead20a771f2b918772415b54bebe517093bb,BUY,No,35770901684551795669491368577279542243430622770277005790758177182695013574212,0x5450fdfa7f5d9198c8bb06894478ab983dcf181c7796a84980fd7fd13d364e7b,0.9779999983,7.157454,6.999989999832328,1725119796,Will a Democrat win Nebraska Presidential Election?
0xc9949496f763c71609d071ce443d21bd2c1eba164a6fffe31ec140636b623ae0,0x571080e37b2d37f65830e8795e38e3ca9a28ce1d,BUY,No,35770901684551795669491368577279542243430622770277005790758177182695013574212,0x5450fdfa7f5d9198c8bb06894478ab983dcf181c7796a84980fd7fd13d364e7b,0.978,8.18,8.00004,1725119788,Will a Democrat win Nebraska Presidential Election?
0x691a92c9b3b8cd6cd44f1e64808a98b8a1861d175d03254e9a1a5aaef9fe335c,0x571080e37b2d37f65830e8795e38e3ca9a28ce1d,BUY,No,35770901684551795669491368577279542243430622770277005790758177182695013574212,0x5450fdfa7f5d9198c8bb06894478ab983dcf181c7796a84980fd7fd13d364e7b,0.978,0.95,0.9290999999999999,1725115534,Will a Democrat win Nebraska Presidential Election?
0x571e1072811f90e1cf73fe654011e504f72afdafff0579e8b5989a92dfdff1ff,0x571080e37b2d37f65830e8795e38e3ca9a28ce1d,BUY,No,35770901684551795669491368577279542243430622770277005790758177182695013574212,0x5450fdfa7f5d9198c8bb06894478ab983dcf181c7796a84980fd7fd13d364e7b,0.978,5.11,4.99758,1725078861,Will a Democrat win Nebraska Presidential Election?
0x652a54efe14499c2e5db3f0032de419f6844f7262bb56ac1db422a7d7ca7ac00,0x93b3cb33192eb148e9f2e5b267a3f1f07fea02b4,SELL,No,35770901684551795669491368577279542243430622770277005790758177182695013574212,0x5450fdfa7f5d9198c8bb06894478ab983dcf181c7796a84980fd7fd13d364e7b,0.969,0.22,0.21318,1725050139,Will a Democrat win Nebraska Presidential Election?
0x2bf536f4dacc9ce8860637810a1ddafe25c272590ed63bf695477c4803e3a977,0x93b3cb33192eb148e9f2e5b267a3f1f07fea02b4,BUY,No,35770901684551795669491368577279542243430622770277005790758177182695013574212,0x5450fdfa7f5d9198c8bb06894478ab983dcf181c7796a84980fd7fd13d364e7b,0.9779999911,0.224909,0.2199609999983099,1725049955,Will a Democrat win Nebraska Presidential Election?
0x6d9820efd6e300c8eecbd6ecf5e230714d33818f7a61d296f64a94bb8de22a67,0xd9d4040f5395a6ad9f5d01518c2eee42981ffc77,SELL,No,35770901684551795669491368577279542243430622770277005790758177182695013574212,0x5450fdfa7f5d9198c8bb06894478ab983dcf181c7796a84980fd7fd13d364e7b,0.969,8.17,7.916729999999999,1725004820,Will a Democrat win Nebraska Presidential Election?
0x53d12c7b43a3abf0072719581edafd72d0b536bc2f98a3bd124420e20f5151d5,0x571080e37b2d37f65830e8795e38e3ca9a28ce1d,BUY,No,35770901684551795669491368577279542243430622770277005790758177182695013574212,0x5450fdfa7f5d9198c8bb06894478ab983dcf181c7796a84980fd7fd13d364e7b,0.978,0.78,0.76284,1724966881,Will a Democrat win Nebraska Presidential Election?
0xafe99eff0a8b325592f7e63fd43f77fd51bddf4157a2078e1e981d00f791537c,0x571080e37b2d37f65830e8795e38e3ca9a28ce1d,BUY,No,35770901684551795669491368577279542243430622770277005790758177182695013574212,0x5450fdfa7f5d9198c8bb06894478ab983dcf181c7796a84980fd7fd13d364e7b,0.978,0.71,0.69438,1724950314,Will a Democrat win Nebraska Presidential Election?
0xd5ad3aa503f090d1f106e42c0309a9682aa0994b64ea3c0f4cdd61ff710e26aa,0x571080e37b2d37f65830e8795e38e3ca9a28ce1d,BUY,No,35770901684551795669491368577279542243430622770277005790758177182695013574212,0x5450fdfa7f5d9198c8bb06894478ab983dcf181c7796a84980fd7fd13d364e7b,0.978,0.14,0.13692000000000001,1724943520,Will a Democrat win Nebraska Presidential Election?
0x402f069eb110a54c32727878c449a02dfa406532fc0d14f39ef5eca90161dd13,0x571080e37b2d37f65830e8795e38e3ca9a28ce1d,BUY,No,35770901684551795669491368577279542243430622770277005790758177182695013574212,0x5450fdfa7f5d9198c8bb06894478ab983dcf181c7796a84980fd7fd13d364e7b,0.978,25.58,25.017239999999997,1724941684,Will a Democrat win Nebraska Presidential Election?
0x1493406859dd03e92c12e3d0ff279033196fc9ef745df354fb3029434adfd940,0x8ef58cbba39585a2033ce0a6d300964f9a43e67e,BUY,No,35770901684551795669491368577279542243430622770277005790758177182695013574212,0x5450fdfa7f5d9198c8bb06894478ab983dcf181c7796a84980fd7fd13d364e7b,0.9779999995,25.562363,24.99999100121882,1724941674,Will a Democrat win Nebraska Presidential Election?
0x189d7d0a3220718a0a9ddc015bb7842209345aa11744c0080a4293e39d7d637c,0xd9d4040f5395a6ad9f5d01518c2eee42981ffc77,BUY,No,35770901684551795669491368577279542243430622770277005790758177182695013574212,0x5450fdfa7f5d9198c8bb06894478ab983dcf181c7796a84980fd7fd13d364e7b,0.9779999985,8.179954,7.9999949997300694,1724940358,Will a Democrat win Nebraska Presidential Election?
0x88a214206e8a36346a881ed3bddd1df23f758810a5c5daf8f04532afd9e589d8,0x571080e37b2d37f65830e8795e38e3ca9a28ce1d,BUY,No,35770901684551795669491368577279542243430622770277005790758177182695013574212,0x5450fdfa7f5d9198c8bb06894478ab983dcf181c7796a84980fd7fd13d364e7b,0.978,7.16,7.00248,1724940350,Will a Democrat win Nebraska Presidential Election?
0x3a9ebdde9809eec8173f7f9626564f457a4c2d3586b60281ca75ebe7e527bd85,0x571080e37b2d37f65830e8795e38e3ca9a28ce1d,BUY,No,35770901684551795669491368577279542243430622770277005790758177182695013574212,0x5450fdfa7f5d9198c8bb06894478ab983dcf181c7796a84980fd7fd13d364e7b,0.978,0.17,0.16626000000000002,1724840095,Will a Democrat win Nebraska Presidential Election?
0x1ed4da2161175b952d3b1a9e027f5d11ccc2fcf995a499b33fbf6a892c98468c,0x571080e37b2d37f65830e8795e38e3ca9a28ce1d,SELL,Yes,6511320115012073314258114900202512333073214818740802888332361452934837274686,0x5450fdfa7f5d9198c8bb06894478ab983dcf181c7796a84980fd7fd13d364e7b,0.023,200,4.6,1724732979,Will a Democrat win Nebraska Presidential Election?
0xe9d8e1acedb7cd313b0e581d20c5f774bf77fcce1e0b67e0070a25e89af529e7,0x571080e37b2d37f65830e8795e38e3ca9a28ce1d,BUY,No,35770901684551795669491368577279542243430622770277005790758177182695013574212,0x5450fdfa7f5d9198c8bb06894478ab983dcf181c7796a84980fd7fd13d364e7b,0.97,200,194.0,1724732947,Will a Democrat win Nebraska Presidential Election?
0x750f27458a654d58c068957db90a96638831418bcd773b29a4c4c6812899195f,0xc1942d3a9aa0ab53e1f965957c4586daef84ca7e,BUY,Yes,6511320115012073314258114900202512333073214818740802888332361452934837274686,0x5450fdfa7f5d9198c8bb06894478ab983dcf181c7796a84980fd7fd13d364e7b,0.0310000008,3.548387,0.1099999998387096,1724488317,Will a Democrat win Nebraska Presidential Election?
0xfaa9bd1493f161115f48378ac10b2f4a0c9fea9c7a65a3aa378d321c8f2132e6,0xe5c95614e4691154cc3440fc585f3ea1ff59fdf4,BUY,Yes,6511320115012073314258114900202512333073214818740802888332361452934837274686,0x5450fdfa7f5d9198c8bb06894478ab983dcf181c7796a84980fd7fd13d364e7b,0.032,93.75,3.0,1724337774,Will a Democrat win Nebraska Presidential Election?
0xb244750c966df35724b24f8b4bdfdfff067a76e70bc2d602b8cefe7fbec1b895,0xb49f468c15c49783f2664c7198a4949ade1b12e6,BUY,No,35770901684551795669491368577279542243430622770277005790758177182695013574212,0x5450fdfa7f5d9198c8bb06894478ab983dcf181c7796a84980fd7fd13d364e7b,0.977,100,97.7,1724320958,Will a Democrat win Nebraska Presidential Election?
0x29820ff0fd9d09cffc915ef2391fd2fffa37740caa7e3120b02bac00cf2f7e4e,0xd42f6a1634a3707e27cbae14ca966068e5d1047d,BUY,No,35770901684551795669491368577279542243430622770277005790758177182695013574212,0x5450fdfa7f5d9198c8bb06894478ab983dcf181c7796a84980fd7fd13d364e7b,0.9695,258,250.131,1723422545,Will a Democrat win Nebraska Presidential Election?
0x356d09d001640fb69abfa2944c6de73a7612d47f322d93050e0c31f731ca58e3,0x2f1f967c51d8223ff1a9209acf7a90230da4085b,BUY,Yes,6511320115012073314258114900202512333073214818740802888332361452934837274686,0x5450fdfa7f5d9198c8bb06894478ab983dcf181c7796a84980fd7fd13d364e7b,0.032,129.93,4.157760000000001,1723394514,Will a Democrat win Nebraska Presidential Election?
0xdd54c20239422e5ff1c1cbe30b628a053e68d39f77e08f1f33112ed25537cf45,0x2f1f967c51d8223ff1a9209acf7a90230da4085b,BUY,Yes,6511320115012073314258114900202512333073214818740802888332361452934837274686,0x5450fdfa7f5d9198c8bb06894478ab983dcf181c7796a84980fd7fd13d364e7b,0.031,33.46,1.03726,1723394406,Will a Democrat win Nebraska Presidential Election?
0x8234fdb1aa0050e16e0cc736b4aa4cdd3d7b66e0dbb024b7759f7f381a019736,0x035ab09a95aadade5772172ccbdb6a1306eb4398,SELL,No,35770901684551795669491368577279542243430622770277005790758177182695013574212,0x5450fdfa7f5d9198c8bb06894478ab983dcf181c7796a84980fd7fd13d364e7b,0.969,1.54,1.49226,1723322291,Will a Democrat win Nebraska Presidential Election?
0xc3e1cc67c4c7bcf00f38dfa22ca61cc61008cf6445f01683784077dd87a912ef,0x035ab09a95aadade5772172ccbdb6a1306eb4398,BUY,No,35770901684551795669491368577279542243430622770277005790758177182695013574212,0x5450fdfa7f5d9198c8bb06894478ab983dcf181c7796a84980fd7fd13d364e7b,0.9779999922,1.543954,1.509986999957159,1723321957,Will a Democrat win Nebraska Presidential Election?
0x12a5571b8874f0026f9a4f240dce0a1aa79b451b557bf7eb58b8e870627af8fe,0x9e41715a30ce73ce00ecaf9bd99be03d8615cf4d,SELL,Yes,6511320115012073314258114900202512333073214818740802888332361452934837274686,0x5450fdfa7f5d9198c8bb06894478ab983dcf181c7796a84980fd7fd13d364e7b,0.022,1742.99,38.34578,1723136228,Will a Democrat win Nebraska Presidential Election?
0x471b43acbb4f907158815af071fb2b0320d33b2fe2a7f0f9046ec101e2b4f0b5,0x9e41715a30ce73ce00ecaf9bd99be03d8615cf4d,SELL,Yes,6511320115012073314258114900202512333073214818740802888332361452934837274686,0x5450fdfa7f5d9198c8bb06894478ab983dcf181c7796a84980fd7fd13d364e7b,0.0271361868,257,6.9740000076,1723135146,Will a Democrat win Nebraska Presidential Election?
0xd8e520c410091a7ef4d376e52249cb6b7d35786768fd1efdf8b0c6a98a2fecba,0xe112c63994aef328d0da5621659cc616ca38efd8,BUY,Yes,6511320115012073314258114900202512333073214818740802888332361452934837274686,0x5450fdfa7f5d9198c8bb06894478ab983dcf181c7796a84980fd7fd13d364e7b,0.032,71.85,2.2992,1723086809,Will a Democrat win Nebraska Presidential Election?
0xa1618969d20029de19d9906347aa514f67cdb39d73a266d7eb426e04a3ae4473,0xe112c63994aef328d0da5621659cc616ca38efd8,BUY,Yes,6511320115012073314258114900202512333073214818740802888332361452934837274686,0x5450fdfa7f5d9198c8bb06894478ab983dcf181c7796a84980fd7fd13d364e7b,0.032,150.15,4.8048,1723086408,Will a Democrat win Nebraska Presidential Election?
0x76ebde0c5df2a53f58d80e0d6e5ef92c96d78a6b7e8d45c8d1fecf109dd3fcca,0x5904c943529be548a739f2bc8a3b62835c46d9e0,BUY,Yes,6511320115012073314258114900202512333073214818740802888332361452934837274686,0x5450fdfa7f5d9198c8bb06894478ab983dcf181c7796a84980fd7fd13d364e7b,0.0390000001,128.205128,5.000000004820513,1723041356,Will a Democrat win Nebraska Presidential Election?
0xdb2a6fd338bdc81a872e46e47fb6bc4de4a149c417b6fd02fdf96dec01922952,0x6356fb47642a028bc09df92023c35a21a0b41885,SELL,Yes,6511320115012073314258114900202512333073214818740802888332361452934837274686,0x5450fdfa7f5d9198c8bb06894478ab983dcf181c7796a84980fd7fd13d364e7b,0.0314498426,4446,139.8260001996,1723021990,Will a Democrat win Nebraska Presidential Election?
0xb486cbe52f2a4b9647d6a7a2bf6af22534fbc3b5592de3a7f907b1ab2dd28ad0,0x8f23aead02f055b69c7f7db51a2d74187bb2c7d0,SELL,Yes,6511320115012073314258114900202512333073214818740802888332361452934837274686,0x5450fdfa7f5d9198c8bb06894478ab983dcf181c7796a84980fd7fd13d364e7b,0.04,1111,44.44,1722822051,Will a Democrat win Nebraska Presidential Election?
0xb7c852ab38a4794b2e53b8f337d6832114efbaed871da6f5f0e92f3436f6d20a,0x4cc3522b689a6bf1fb4a2444c523e7776db47552,SELL,No,35770901684551795669491368577279542243430622770277005790758177182695013574212,0x5450fdfa7f5d9198c8bb06894478ab983dcf181c7796a84980fd7fd13d364e7b,0.95,4716.66,4480.826999999999,1721863341,Will a Democrat win Nebraska Presidential Election?
0xf63b770e3aa696ae1391e0dabf161985b710d1a4db2a1b254f107177d7ef87a4,0x9d84ce0306f8551e02efef1680475fc0f1dc1344,SELL,No,35770901684551795669491368577279542243430622770277005790758177182695013574212,0x5450fdfa7f5d9198c8bb06894478ab983dcf181c7796a84980fd7fd13d364e7b,0.951,6700,6371.7,1721863290,Will a Democrat win Nebraska Presidential Election?
0x0f2ec90c7be30fa2df79460ddfb9af0d5cffe8b28ecb792bc8da18000ec8254c,0x6356fb47642a028bc09df92023c35a21a0b41885,SELL,No,35770901684551795669491368577279542243430622770277005790758177182695013574212,0x5450fdfa7f5d9198c8bb06894478ab983dcf181c7796a84980fd7fd13d364e7b,0.951,1400,1331.3999999999999,1721863068,Will a Democrat win Nebraska Presidential Election?
0x21a1587dd218a4ba95489619fcaf08a786c2e245ac91595e427da97f1c3be96c,0xe09deadb8764aa731248e75fd49849c903d43c06,BUY,No,35770901684551795669491368577279542243430622770277005790758177182695013574212,0x5450fdfa7f5d9198c8bb06894478ab983dcf181c7796a84980fd7fd13d364e7b,0.9689990282,0.01029,0.009971000000178,1721699967,Will a Democrat win Nebraska Presidential Election?
0xf47fa99df4c5d5f5191aa1332af620660005a343756a60986f42e2e25d10c203,0x8f23aead02f055b69c7f7db51a2d74187bb2c7d0,BUY,Yes,6511320115012073314258114900202512333073214818740802888332361452934837274686,0x5450fdfa7f5d9198c8bb06894478ab983dcf181c7796a84980fd7fd13d364e7b,0.0448695652,2300,103.19999996,1721678258,Will a Democrat win Nebraska Presidential Election?
0xb086773df3760bed8cc224cba5d4eb92ba717d05e5770486aa6992a026242478,0x90dbd9e7b809fc95d263546cbf4472afc7fb46cb,BUY,Yes,6511320115012073314258114900202512333073214818740802888332361452934837274686,0x5450fdfa7f5d9198c8bb06894478ab983dcf181c7796a84980fd7fd13d364e7b,0.04,250,10.0,1720416090,Will a Democrat win Nebraska Presidential Election?
0x991c1275270d4372a759e421cec047a97c65c56d8292c67d652bf75007913b87,0x6356fb47642a028bc09df92023c35a21a0b41885,SELL,Yes,6511320115012073314258114900202512333073214818740802888332361452934837274686,0x5450fdfa7f5d9198c8bb06894478ab983dcf181c7796a84980fd7fd13d364e7b,0.04,150,6.0,1719664616,Will a Democrat win Nebraska Presidential Election?
0x4c4c907c7054097f726196747f54651fa8dcbca0056873b1377ac59955883ecc,0x4cc3522b689a6bf1fb4a2444c523e7776db47552,SELL,Yes,6511320115012073314258114900202512333073214818740802888332361452934837274686,0x5450fdfa7f5d9198c8bb06894478ab983dcf181c7796a84980fd7fd13d364e7b,0.04,250,10.0,1719645357,Will a Democrat win Nebraska Presidential Election?
0xc5dc5c109c5acbd2ba5523e17b0a5e6ea03f53c1e286f1f1abc968ea5a1bafb8,0x9d84ce0306f8551e02efef1680475fc0f1dc1344,BUY,No,35770901684551795669491368577279542243430622770277005790758177182695013574212,0x5450fdfa7f5d9198c8bb06894478ab983dcf181c7796a84980fd7fd13d364e7b,0.95,6250,5937.5,1719645135,Will a Democrat win Nebraska Presidential Election?
0x243047a841a9256d082042ccbae5159843dbfca52dde5f215c70a5b7d360e877,0xc9e31c6c3d1e425bd8bc07c16c412d3856cbc282,BUY,Yes,6511320115012073314258114900202512333073214818740802888332361452934837274686,0x5450fdfa7f5d9198c8bb06894478ab983dcf181c7796a84980fd7fd13d364e7b,0.059999946,16.666665,0.9999990000000899,1719612004,Will a Democrat win Nebraska Presidential Election?
0xaa8c65cb76c77127192d80df2019d3c99ffa889ef34ee7f8c396154bd03e7aa1,0x9d84ce0306f8551e02efef1680475fc0f1dc1344,BUY,No,35770901684551795669491368577279542243430622770277005790758177182695013574212,0x5450fdfa7f5d9198c8bb06894478ab983dcf181c7796a84980fd7fd13d364e7b,0.93,200,186.0,1717512013,Will a Democrat win Nebraska Presidential Election?
0xa3fe977db05931cf7f402d1ac4972da8a4bb540e936bca197bd05e6a2e9b0d3e,0x9d84ce0306f8551e02efef1680475fc0f1dc1344,BUY,Yes,6511320115012073314258114900202512333073214818740802888332361452934837274686,0x5450fdfa7f5d9198c8bb06894478ab983dcf181c7796a84980fd7fd13d364e7b,0.07,205,14.350000000000001,1716057140,Will a Democrat win Nebraska Presidential Election?
0x0f9dd39a7fa77f9affbbc1903dad30c9062f15b1dde7bede50dffdb0a74ec880,0x6d57da09ef86a327524853b36fbd2e39cf0cbfc5,BUY,Yes,6511320115012073314258114900202512333073214818740802888332361452934837274686,0x5450fdfa7f5d9198c8bb06894478ab983dcf181c7796a84980fd7fd13d364e7b,0.07,205,14.350000000000001,1715986513,Will a Democrat win Nebraska Presidential Election?
0x430adfa3f35f17c2f3f235749ddc442d525640471e9f70e998012d088636e46c,0xd42f6a1634a3707e27cbae14ca966068e5d1047d,BUY,No,35770901684551795669491368577279542243430622770277005790758177182695013574212,0x5450fdfa7f5d9198c8bb06894478ab983dcf181c7796a84980fd7fd13d364e7b,0.93,560,520.8000000000001,1714954875,Will a Democrat win Nebraska Presidential Election?
0xbbd9f581f01e7f75faee89053c17d56cb0f61e6d82e73cc286dd6216e7a8bec5,0x7789806c754eb0af4c3abeb026c218b4ba78f823,BUY,No,35770901684551795669491368577279542243430622770277005790758177182695013574212,0x5450fdfa7f5d9198c8bb06894478ab983dcf181c7796a84980fd7fd13d364e7b,0.92,500,460.0,1712449271,Will a Democrat win Nebraska Presidential Election?
0x72d690e1453ba1f1ac47c6674e597a37d7997d1c174f77b31f505614b792d2ad,0xd42f6a1634a3707e27cbae14ca966068e5d1047d,BUY,Yes,6511320115012073314258114900202512333073214818740802888332361452934837274686,0x5450fdfa7f5d9198c8bb06894478ab983dcf181c7796a84980fd7fd13d364e7b,0.09,205,18.45,1711662656,Will a Democrat win Nebraska Presidential Election?
