transaction_hash,wallet,side,outcome,asset_token_id,condition_id,price,size,usdc_size,timestamp,title
0x46c121def7bfbfcd935117b523dea7080b54db89c9350760e9c52bff857f1bcd,0x6b1a931f6846a96fc6b4ee4b7e9ad642e45f348c,BUY,Yes,37186597914715005452782013420453477339933223549152646647330111663702071863347,0x8f1218ccc9a3f8d28044433c4ca29a6b6769d9daf03d3d5eff6f12aef68c7751,0.01,100,1.0,1762513511,Will the September 2025 unemployment rate be 4.1%?
0xbc7f543148a248a6427d71a47b5801195067eacabf22a4371a4e115bf91950c5,0x3efd01ccde0708cf659f6002013c5dba6af20def,BUY,Yes,37186597914715005452782013420453477339933223549152646647330111663702071863347,0x8f1218ccc9a3f8d28044433c4ca29a6b6769d9daf03d3d5eff6f12aef68c7751,0.01,100,1.0,1762513181,Will the September 2025 unemployment rate be 4.1%?
0x8727dc098d03dec6a3af7e348d2b780d7f3378f549eb85a0f2a539d89dd7f5dc,0xe3726a1b9c6ba2f06585d1c9e01d00afaedaeb38,SELL,Yes,37186597914715005452782013420453477339933223549152646647330111663702071863347,0x8f1218ccc9a3f8d28044433c4ca29a6b6769d9daf03d3d5eff6f12aef68c7751,0.001,286.89,0.28689,1762435465,Will the September 2025 unemployment rate be 4.1%?
0x4fcba2139672df273e5b9fd1e3b99b9ddf501ee57f73bc2921ca94f6dff67bca,0x5188fa0e8a77e87bc6a58e6781fdfc4e165cc804,BUY,No,27530654147977907907423743227058670209375036605495295387670850772016950758706,0x8f1218ccc9a3f8d28044433c4ca29a6b6769d9daf03d3d5eff6f12aef68c7751,0.998,345.98,345.28804,1762435089,Will the September 2025 unemployment rate be 4.1%?
0xb5a19a6294311fac1731221d8fa48f83805102f6eb22abbed5efaf7bbe6a8a43,0xe78e4a3e1b794c710a853c29f096fcea31093c5b,BUY,No,27530654147977907907423743227058670209375036605495295387670850772016950758706,0x8f1218ccc9a3f8d28044433c4ca29a6b6769d9daf03d3d5eff6f12aef68c7751,0.998,100,99.8,1762435063,Will the September 2025 unemployment rate be 4.1%?
0x2415b9669b88786ae873139fc67f3c6d8a8900d8e800876ba818f956d1aaf39d,0xe78e4a3e1b794c710a853c29f096fcea31093c5b,BUY,No,27530654147977907907423743227058670209375036605495295387670850772016950758706,0x8f1218ccc9a3f8d28044433c4ca29a6b6769d9daf03d3d5eff6f12aef68c7751,0.998,50,49.9,1762435063,Will the September 2025 unemployment rate be 4.1%?
0x07c694acb4295991037644c21a0546019759740c5a864886e38ef211b597a6e8,0x5258935ad0fb6b0a893f9681abf5daeb5620ce5b,BUY,No,27530654147977907907423743227058670209375036605495295387670850772016950758706,0x8f1218ccc9a3f8d28044433c4ca29a6b6769d9daf03d3d5eff6f12aef68c7751,0.998,3.006,2.9999879999999997,1762418943,Will the September 2025 unemployment rate be 4.1%?
0x207ed33e9cae4277048f622b13f7c97dd1f7cb04d850b37127050036e5909dc8,0xbccebda06869c7b3829eaa455a1c28fb65f2fad4,BUY,No,27530654147977907907423743227058670209375036605495295387670850772016950758706,0x8f1218ccc9a3f8d28044433c4ca29a6b6769d9daf03d3d5eff6f12aef68c7751,0.998,1.002,0.999996,1762416409,Will the September 2025 unemployment rate be 4.1%?
0xc5c815cff837411f1650b3439c1ae9e059f7b66b2b6278e06d2aacbcebe9aa6a,0x2ff8b1589145dd9608dade6a0c082be13617bfae,BUY,No,27530654147977907907423743227058670209375036605495295387670850772016950758706,0x8f1218ccc9a3f8d28044433c4ca29a6b6769d9daf03d3d5eff6f12aef68c7751,0.999,4.334,4.329666,1762403753,Will the September 2025 unemployment rate be 4.1%?
0x3565d2d2cb32b7ca5180b7ef950ec25fcfe7a0353ff33784cc7aa279926bb62b,0xe3726a1b9c6ba2f06585d1c9e01d00afaedaeb38,SELL,Yes,37186597914715005452782013420453477339933223549152646647330111663702071863347,0x8f1218ccc9a3f8d28044433c4ca29a6b6769d9daf03d3d5eff6f12aef68c7751,0.001,11.38,0.011380000000000001,1762391515,Will the September 2025 unemployment rate be 4.1%?
0x74aba9a881aa14afb7edc241b2a372d0b95cd9d1ea36365f96e514f8b96fc013,0xe3726a1b9c6ba2f06585d1c9e01d00afaedaeb38,SELL,Yes,37186597914715005452782013420453477339933223549152646647330111663702071863347,0x8f1218ccc9a3f8d28044433c4ca29a6b6769d9daf03d3d5eff6f12aef68c7751,0.001,21.63,0.02163,1762391513,Will the September 2025 unemployment rate be 4.1%?
0xebab78baf44d612c36f7fad143a504a297d4e25933688bfd2bf7a8c63d8bdf9a,0xf6793daa1cd05fa8e5a103434fd854be12d8ad0b,BUY,No,27530654147977907907423743227058670209375036605495295387670850772016950758706,0x8f1218ccc9a3f8d28044433c4ca29a6b6769d9daf03d3d5eff6f12aef68c7751,0.999,30.03,29.99997,1762367217,Will the September 2025 unemployment rate be 4.1%?
0xe8b6ab6e4b70a9039a95dd3ed6fd59e91653cd18489af897deee8cae0fd74dd5,0x230ff290d2ff6c5ca442adbac8819cd7533cfa85,SELL,Yes,37186597914715005452782013420453477339933223549152646647330111663702071863347,0x8f1218ccc9a3f8d28044433c4ca29a6b6769d9daf03d3d5eff6f12aef68c7751,0.0033857805,1002.85,3.395429974425,1762323283,Will the September 2025 unemployment rate be 4.1%?
0x15d16dbf8e3c18f3a59ab5bba2c3df814a9a8425d9bc286cf67383b164c449ae,0x2ff8a41980e6a12f9db074af480623563071b71b,SELL,No,27530654147977907907423743227058670209375036605495295387670850772016950758706,0x8f1218ccc9a3f8d28044433c4ca29a6b6769d9daf03d3d5eff6f12aef68c7751,0.974,4.86,4.73364,1762315995,Will the September 2025 unemployment rate be 4.1%?
0x7589913a0c36a0298cf215ed08084c89763ed510cb8c9e5e78440eb1ca54352c,0x2ed8f7a10686dbb0fb15f5c3335f30e0043793d4,SELL,No,27530654147977907907423743227058670209375036605495295387670850772016950758706,0x8f1218ccc9a3f8d28044433c4ca29a6b6769d9daf03d3d5eff6f12aef68c7751,0.99,82.48,81.65520000000001,1762288817,Will the September 2025 unemployment rate be 4.1%?
0x4efe951520e7796b5f1050be624bd615d09cd6e58ee776c07359ae9a1a37fc90,0x154f0ebef20fc7af22ecc78832e47f28660d2ea3,BUY,No,27530654147977907907423743227058670209375036605495295387670850772016950758706,0x8f1218ccc9a3f8d28044433c4ca29a6b6769d9daf03d3d5eff6f12aef68c7751,0.9979998341,5.761522,5.749998000163501,1762245975,Will the September 2025 unemployment rate be 4.1%?
0xb26b7da03e8a20538bf311c3fbd1cea1069d1c24fdfb7e379a847aca72783b6b,0x67a4dbac51980f89d8f3ac356262388c2b9581db,SELL,No,27530654147977907907423743227058670209375036605495295387670850772016950758706,0x8f1218ccc9a3f8d28044433c4ca29a6b6769d9daf03d3d5eff6f12aef68c7751,0.973,2.38,2.31574,1762231333,Will the September 2025 unemployment rate be 4.1%?
0x896cce89556a759d9eb8885e09c261d7b206e9cdefc116196eb21642c25ac145,0x9eb601a236608325ee9d03261e83758008878255,BUY,Yes,37186597914715005452782013420453477339933223549152646647330111663702071863347,0x8f1218ccc9a3f8d28044433c4ca29a6b6769d9daf03d3d5eff6f12aef68c7751,0.0249598963,40.064229,0.9999990011794526,1762184457,Will the September 2025 unemployment rate be 4.1%?
0x2b30f5c3856c7091ae6723c59817c48ca57d1383f16a3ac528b2c679320dd402,0xcb990abfbe4050d6e7f229fee7c08cb7b05c3967,SELL,No,27530654147977907907423743227058670209375036605495295387670850772016950758706,0x8f1218ccc9a3f8d28044433c4ca29a6b6769d9daf03d3d5eff6f12aef68c7751,0.97,3.91,3.7927,1762174691,Will the September 2025 unemployment rate be 4.1%?
0x53181b56a855eae54dbc7ab1dfb709e4dd7bf687dfb256585846df08b2504ce2,0xf3609fe9a987466e2e6dabc21ef2b65d4c8d73d5,SELL,No,27530654147977907907423743227058670209375036605495295387670850772016950758706,0x8f1218ccc9a3f8d28044433c4ca29a6b6769d9daf03d3d5eff6f12aef68c7751,0.97,6.66,6.4602,1762174641,Will the September 2025 unemployment rate be 4.1%?
0xefcd06b8631f001c197211ea0c0280c326a7eb70c63279965716ec53e63014eb,0x8880d26483b6ba8dd310c6bf3f9acafd1a02400a,SELL,No,27530654147977907907423743227058670209375036605495295387670850772016950758706,0x8f1218ccc9a3f8d28044433c4ca29a6b6769d9daf03d3d5eff6f12aef68c7751,0.97,5.86,5.684200000000001,1762174457,Will the September 2025 unemployment rate be 4.1%?
0xcc936d558b3a1b0f54dc9e947537ad9f6af51eb1394b1ada8eeb7d08498226e4,0x06d050eee05eb3d5d9815c75253de13811438c1e,SELL,No,27530654147977907907423743227058670209375036605495295387670850772016950758706,0x8f1218ccc9a3f8d28044433c4ca29a6b6769d9daf03d3d5eff6f12aef68c7751,0.971,3.15,3.0586499999999996,1762150139,Will the September 2025 unemployment rate be 4.1%?
0xddb38ee7fa321605003f2403a3d73eee8fd142511a3e5eea8d4e19a9404990a8,0x8b2bafa03f97ff732b362d73c91543b86039d66d,BUY,No,27530654147977907907423743227058670209375036605495295387670850772016950758706,0x8f1218ccc9a3f8d28044433c4ca29a6b6769d9daf03d3d5eff6f12aef68c7751,0.9979999132,6.362724,6.349997999715557,1762091475,Will the September 2025 unemployment rate be 4.1%?
0x5bd5f9199e1b7586472c9b396c60b65aa05392765758df5d95170aa380bc27ab,0x2f8b5d2e916db344fc61f6d2215c90b4d4b5f139,BUY,Yes,37186597914715005452782013420453477339933223549152646647330111663702071863347,0x8f1218ccc9a3f8d28044433c4ca29a6b6769d9daf03d3d5eff6f12aef68c7751,0.016,201.875,3.23,1762051486,Will the September 2025 unemployment rate be 4.1%?
0x0f0752b9608c6c5e495714aedf49155424f775d430f0b21acf103f062c22f13a,0xdd8d258f7cbc06e03cb3fc026c4e114573ef321f,BUY,No,27530654147977907907423743227058670209375036605495295387670850772016950758706,0x8f1218ccc9a3f8d28044433c4ca29a6b6769d9daf03d3d5eff6f12aef68c7751,0.9979999329,5.901802,5.8899979999890855,1762031846,Will the September 2025 unemployment rate be 4.1%?
0xe8fa373adf1cfba971dc425be3eabc65e214d897b237543d08601728552da205,0xfdeacdc9b9935ca2c6d5900616d3a24ebc1eaad3,BUY,Yes,37186597914715005452782013420453477339933223549152646647330111663702071863347,0x8f1218ccc9a3f8d28044433c4ca29a6b6769d9daf03d3d5eff6f12aef68c7751,0.027,20,0.54,1762029440,Will the September 2025 unemployment rate be 4.1%?
0x517ea17e2fd8512a95d9821c0716b59fd848053a94e882104013f3bb81c17d0b,0xfdeacdc9b9935ca2c6d5900616d3a24ebc1eaad3,BUY,Yes,37186597914715005452782013420453477339933223549152646647330111663702071863347,0x8f1218ccc9a3f8d28044433c4ca29a6b6769d9daf03d3d5eff6f12aef68c7751,0.026,30,0.7799999999999999,1762023658,Will the September 2025 unemployment rate be 4.1%?
0xfecdb9f603e89d01a4f5e115edb0e887f7ab7f9742b395599471dd2fcfdc3524,0xb6ae337b3d4e690a93dec494a68356bfc32a2774,BUY,Yes,37186597914715005452782013420453477339933223549152646647330111663702071863347,0x8f1218ccc9a3f8d28044433c4ca29a6b6769d9daf03d3d5eff6f12aef68c7751,0.027184467,36.785713,1.000000001119971,1761934236,Will the September 2025 unemployment rate be 4.1%?
0x2cc83b8ac262be7c3de5f7b479a901e1835763312773facff110cdc478f35a2a,0x9c8270c92dbe79c63e76988203b6465021195b75,BUY,No,27530654147977907907423743227058670209375036605495295387670850772016950758706,0x8f1218ccc9a3f8d28044433c4ca29a6b6769d9daf03d3d5eff6f12aef68c7751,0.9989999773,34.224223,34.18999800011014,1761931676,Will the September 2025 unemployment rate be 4.1%?
0xd15d1f02a0d855dabd2119fe1d22e0f36d4b52d9fdf2cac7aaf0a62f91669add,0x27431e7aafd4833b9f8502621d4d1ca18605abb2,BUY,No,27530654147977907907423743227058670209375036605495295387670850772016950758706,0x8f1218ccc9a3f8d28044433c4ca29a6b6769d9daf03d3d5eff6f12aef68c7751,0.9989999772,42.042041,41.999998000441465,1761919910,Will the September 2025 unemployment rate be 4.1%?
0xd75c304b0653fae4cf59c164b44da51924cc914fdab843e5cba9f8bc762e4452,0x99a170c6099e1e46092a0dece1a2563562e469f7,BUY,No,27530654147977907907423743227058670209375036605495295387670850772016950758706,0x8f1218ccc9a3f8d28044433c4ca29a6b6769d9daf03d3d5eff6f12aef68c7751,0.9989998241,2.552551,2.549998000006279,1761913064,Will the September 2025 unemployment rate be 4.1%?
0x8cc049c1956538a1dae6c91557d92ecc077b2f616180ff7e718c86940e21e715,0xda10e732c0adaaa37e8e8c83b71f08b32b3100f5,BUY,No,27530654147977907907423743227058670209375036605495295387670850772016950758706,0x8f1218ccc9a3f8d28044433c4ca29a6b6769d9daf03d3d5eff6f12aef68c7751,0.998999649,1.48148,1.47999800000052,1761903116,Will the September 2025 unemployment rate be 4.1%?
0x9a954fbb5afa437e5c7387c1f0161ece7523a694c3c11796f088b438487e15a0,0x83d22f5ce87ac1346a05f219d7e48d466333573f,BUY,No,27530654147977907907423743227058670209375036605495295387670850772016950758706,0x8f1218ccc9a3f8d28044433c4ca29a6b6769d9daf03d3d5eff6f12aef68c7751,0.9989999829,35.395394,35.35999800073877,1761899152,Will the September 2025 unemployment rate be 4.1%?
0xbe2403eecfe7f85880539c3e9c9245de37eb2caaf55d0f547f5fd2394e2dab74,0xe16e1e58d088b66286638db673838f596a04ec5b,BUY,No,27530654147977907907423743227058670209375036605495295387670850772016950758706,0x8f1218ccc9a3f8d28044433c4ca29a6b6769d9daf03d3d5eff6f12aef68c7751,0.9989999986,33.953952,33.91999800046447,1761898516,Will the September 2025 unemployment rate be 4.1%?
0xf5dc4b66515652c54a384b903efb4cedaea877b1664c5da1233dac7a7b5d012a,0xc84fff720d5cb95975ceafdb02951cad2d06d318,BUY,No,27530654147977907907423743227058670209375036605495295387670850772016950758706,0x8f1218ccc9a3f8d28044433c4ca29a6b6769d9daf03d3d5eff6f12aef68c7751,0.9989999615,19.259258,19.23999800051857,1761893144,Will the September 2025 unemployment rate be 4.1%?
0x246baaf8f01c45fe2082b8e85cab0c4319ff216625027c1e502ce84f63302d5e,0xbbcc93f020dcafc192abcca7628aea8436bd4a90,BUY,No,27530654147977907907423743227058670209375036605495295387670850772016950758706,0x8f1218ccc9a3f8d28044433c4ca29a6b6769d9daf03d3d5eff6f12aef68c7751,0.9989999759,17.577576,17.559998000380418,1761891930,Will the September 2025 unemployment rate be 4.1%?
0x6be1229b4272d5b7e41cb58e884015fdb2fa90e8f6779c57c874ece8ebf0a6f2,0x31c5872e5b69d18d7ecbb06a0fc54e8dbc5efac4,BUY,No,27530654147977907907423743227058670209375036605495295387670850772016950758706,0x8f1218ccc9a3f8d28044433c4ca29a6b6769d9daf03d3d5eff6f12aef68c7751,0.9989999868,2.962961,2.9599979998889148,1761869509,Will the September 2025 unemployment rate be 4.1%?
0x24bda15e38fa0498c89c6ba26b21ed2bb5abd9c20dc44bd93d411280b430d9fa,0x48961ddb892fa67fbfff75b5ef4107f2df006151,BUY,No,27530654147977907907423743227058670209375036605495295387670850772016950758706,0x8f1218ccc9a3f8d28044433c4ca29a6b6769d9daf03d3d5eff6f12aef68c7751,0.9989999164,9.229228,9.21999800043654,1761868715,Will the September 2025 unemployment rate be 4.1%?
0x61f46b580ecab18d3069999c922a4326fee7dd5f38b9240e2461fe1f9d74bb60,0x6692af49750e5debe423b207562bb21358e1682b,BUY,No,27530654147977907907423743227058670209375036605495295387670850772016950758706,0x8f1218ccc9a3f8d28044433c4ca29a6b6769d9daf03d3d5eff6f12aef68c7751,0.9989997732,1.63163,1.629997999946316,1761861493,Will the September 2025 unemployment rate be 4.1%?
0x7e313eca67d8c13d46bf7654d8910a764d0ab748f40d1d0639556300f7cd4aa8,0x0f21760996c0d00b44839cecf1e110b2494bc40f,SELL,Yes,37186597914715005452782013420453477339933223549152646647330111663702071863347,0x8f1218ccc9a3f8d28044433c4ca29a6b6769d9daf03d3d5eff6f12aef68c7751,0.001,20,0.02,1761858687,Will the September 2025 unemployment rate be 4.1%?
0x2afa4f4a2f1b2f314ca72c59c0f6d1751bdf9be0aa62c9edf28c7694de40b447,0x90e8b0903689bee0e5a8ad795512f01fb5b90ac8,BUY,No,27530654147977907907423743227058670209375036605495295387670850772016950758706,0x8f1218ccc9a3f8d28044433c4ca29a6b6769d9daf03d3d5eff6f12aef68c7751,0.9989998195,2.542541,2.53999800007135,1761853747,Will the September 2025 unemployment rate be 4.1%?
0x10eaf436fe39734aaaf96506fdc448f5dc110b139f096de1df79a930015a4e63,0x8a5563097ab5358eeb06726891eb799142a11e86,BUY,No,27530654147977907907423743227058670209375036605495295387670850772016950758706,0x8f1218ccc9a3f8d28044433c4ca29a6b6769d9daf03d3d5eff6f12aef68c7751,0.9984495413,22.454,22.4191860003502,1761852083,Will the September 2025 unemployment rate be 4.1%?
0x77e5a9b350958217fb4b6f3b688ed5e1f1f1e28349ab729362363116969de781,0x15196a437113c891186da37c7398bb5359bee8ab,BUY,No,27530654147977907907423743227058670209375036605495295387670850772016950758706,0x8f1218ccc9a3f8d28044433c4ca29a6b6769d9daf03d3d5eff6f12aef68c7751,0.9979998413,6.012023,5.99999799989195,1761847109,Will the September 2025 unemployment rate be 4.1%?
0x4c9ef530ead27af074ffa5fa68e3c2340c7efe0f967a36aba55168c643938912,0x64999987410d9f83a39870b9aa0307b406c88a12,BUY,Yes,37186597914715005452782013420453477339933223549152646647330111663702071863347,0x8f1218ccc9a3f8d28044433c4ca29a6b6769d9daf03d3d5eff6f12aef68c7751,0.0569999484,17.543858,0.9999990007369272,1761845357,Will the September 2025 unemployment rate be 4.1%?
0x8fd8f659f41e4e6bec85eee4ce6a3f73df020627cf1a5aa1da28547d4fd0ecc7,0x006e1cfc13825aeaa91c56ab708adfbf9286bbc2,BUY,No,27530654147977907907423743227058670209375036605495295387670850772016950758706,0x8f1218ccc9a3f8d28044433c4ca29a6b6769d9daf03d3d5eff6f12aef68c7751,0.999,2.212,2.209788,1761843779,Will the September 2025 unemployment rate be 4.1%?
0x1b4067f49c5ead1503e848489391b990db530984fc3695d05d626f85eb2843b0,0x7ee98f9844ec425870ba1966d8d8c58446b4ec11,BUY,No,27530654147977907907423743227058670209375036605495295387670850772016950758706,0x8f1218ccc9a3f8d28044433c4ca29a6b6769d9daf03d3d5eff6f12aef68c7751,0.999,20.02,19.99998,1761836319,Will the September 2025 unemployment rate be 4.1%?
0x8b90180953943addce80979a3e9b25b11d3357fd138b06dffc6873dccf21e53d,0x30e39ec8655522445ddc21f0756253d99c6fc844,BUY,No,27530654147977907907423743227058670209375036605495295387670850772016950758706,0x8f1218ccc9a3f8d28044433c4ca29a6b6769d9daf03d3d5eff6f12aef68c7751,0.999,52.252,52.199748,1761834073,Will the September 2025 unemployment rate be 4.1%?
0x713623ea4dd5030226efc63fc3dacb4ae3380b71d79c03136a09e803ea1fe015,0x7179f5a778c16ed0a07ea3941f2624cf75aab288,BUY,No,27530654147977907907423743227058670209375036605495295387670850772016950758706,0x8f1218ccc9a3f8d28044433c4ca29a6b6769d9daf03d3d5eff6f12aef68c7751,0.999,3.963,3.959037,1761817745,Will the September 2025 unemployment rate be 4.1%?
0x364eea192e3e6d2cf129ca84e64e0522c9e1087a8930008afa2abb2f62d55eaa,0xf38d3c9ddf18680fd67cc6b15b3fafb8a6f6e770,BUY,No,27530654147977907907423743227058670209375036605495295387670850772016950758706,0x8f1218ccc9a3f8d28044433c4ca29a6b6769d9daf03d3d5eff6f12aef68c7751,0.999,26.006,25.979994,1761809299,Will the September 2025 unemployment rate be 4.1%?
0xa2a914cb2bf90136f60a68687c8d92ac0b45cf6d12d831c411079c6e67bf3389,0xa720c4b560d77f880288d0e57601fdf3abcc74f9,BUY,No,27530654147977907907423743227058670209375036605495295387670850772016950758706,0x8f1218ccc9a3f8d28044433c4ca29a6b6769d9daf03d3d5eff6f12aef68c7751,0.999,24.334,24.309666,1761805325,Will the September 2025 unemployment rate be 4.1%?
0x7605c3014ed776bc142c8d616908e0e08c6e3e0edfc06b20adc21b33832c127f,0x0e47ff265fdfbccbfb5b83d8687540f072e6b1e0,BUY,No,27530654147977907907423743227058670209375036605495295387670850772016950758706,0x8f1218ccc9a3f8d28044433c4ca29a6b6769d9daf03d3d5eff6f12aef68c7751,0.999,1.411,1.409589,1761786483,Will the September 2025 unemployment rate be 4.1%?
0x27756d6bab88767c9203bac87955606d37cd98c927ebf7fc09e1b43c7d1349bd,0x0e47ff265fdfbccbfb5b83d8687540f072e6b1e0,BUY,No,27530654147977907907423743227058670209375036605495295387670850772016950758706,0x8f1218ccc9a3f8d28044433c4ca29a6b6769d9daf03d3d5eff6f12aef68c7751,0.999,2.532,2.529468,1761785743,Will the September 2025 unemployment rate be 4.1%?
0x50e8a7dfe2f34236630c3770f67b5c1d38604e676687c873208a62a01be50b2c,0x220878172400dd5087cdf9282da4ad9bd2daee22,BUY,No,27530654147977907907423743227058670209375036605495295387670850772016950758706,0x8f1218ccc9a3f8d28044433c4ca29a6b6769d9daf03d3d5eff6f12aef68c7751,0.999,2.382,2.3796180000000002,1761771899,Will the September 2025 unemployment rate be 4.1%?
0x1555bb8c997e7144d2bd07f774e6691b19a5e85ebf6725a7a8ca18d10ba7c1eb,0x2ff34004c2b946704e5d48f8f23f508b3e809f22,BUY,No,27530654147977907907423743227058670209375036605495295387670850772016950758706,0x8f1218ccc9a3f8d28044433c4ca29a6b6769d9daf03d3d5eff6f12aef68c7751,0.999,1.211,1.209789,1761769091,Will the September 2025 unemployment rate be 4.1%?
0x7062d9dbd1afb2f84f2deb21e0d8b6fcdbc5d8df16d493d8b9cc1e5ac0176d7b,0x436914d845ab0c793aced7c5ce026b7eaa252e6d,BUY,No,27530654147977907907423743227058670209375036605495295387670850772016950758706,0x8f1218ccc9a3f8d28044433c4ca29a6b6769d9daf03d3d5eff6f12aef68c7751,0.999,2.392,2.389608,1761766637,Will the September 2025 unemployment rate be 4.1%?
0xb005b6d18dfc25c4d26c14f23a79cad099c3a84051b0fb55daf66625eafa4cd4,0xe7df9b252f8d930cdf9e6bc5842878ef1f9dd7b3,BUY,No,27530654147977907907423743227058670209375036605495295387670850772016950758706,0x8f1218ccc9a3f8d28044433c4ca29a6b6769d9daf03d3d5eff6f12aef68c7751,0.999,2.702,2.6992979999999998,1761758663,Will the September 2025 unemployment rate be 4.1%?
0xb8bdf39e576cbde671dc8f1261c418691fc65661a9400ec75a51f1a3f6455f3d,0x71f35ad776798cd817f95bec30f87517ca7abba4,SELL,Yes,37186597914715005452782013420453477339933223549152646647330111663702071863347,0x8f1218ccc9a3f8d28044433c4ca29a6b6769d9daf03d3d5eff6f12aef68c7751,0.001,14.92,0.014920000000000001,1761747203,Will the September 2025 unemployment rate be 4.1%?
0x9104d0212b9985e6ba9d50235980ec95a87a224201ddfbac0dc3fe80eead44fa,0xedb20c659ecb191d513478867a1141a7df056a36,BUY,No,27530654147977907907423743227058670209375036605495295387670850772016950758706,0x8f1218ccc9a3f8d28044433c4ca29a6b6769d9daf03d3d5eff6f12aef68c7751,0.999,1.731,1.7292690000000002,1761746457,Will the September 2025 unemployment rate be 4.1%?
0xfd152006f87b90614d00775e052545fa885f7cc3be4670228da4b11f2d403019,0x5d66937fcc90c287e20b1ce3181b229641a542b5,BUY,No,27530654147977907907423743227058670209375036605495295387670850772016950758706,0x8f1218ccc9a3f8d28044433c4ca29a6b6769d9daf03d3d5eff6f12aef68c7751,0.999,2.202,2.199798,1761742793,Will the September 2025 unemployment rate be 4.1%?
0xff3063ae17d9cc399f92f5044fa88c2a79d3ccefdc30e77e39a727be1b0e6b20,0x4d5a1bd011dc935be82190f3687778ef5abf3fc9,BUY,No,27530654147977907907423743227058670209375036605495295387670850772016950758706,0x8f1218ccc9a3f8d28044433c4ca29a6b6769d9daf03d3d5eff6f12aef68c7751,0.999,1.031,1.029969,1761731357,Will the September 2025 unemployment rate be 4.1%?
0xf162f64269c2c904af828fdb515a8b274cb9d0d0e07ede088e75788398d9b792,0x5aa62c3391619a4baf8779b1e0f22f618b19591f,BUY,No,27530654147977907907423743227058670209375036605495295387670850772016950758706,0x8f1218ccc9a3f8d28044433c4ca29a6b6769d9daf03d3d5eff6f12aef68c7751,0.999,1.491,1.4895090000000002,1761727291,Will the September 2025 unemployment rate be 4.1%?
0x57306f24859a319b09963e4fc9f0d9e7ee18780f68791d6514e5abaac90a8534,0x6978aa202fd2e457a883dcdc0b4865d892582bcb,BUY,No,27530654147977907907423743227058670209375036605495295387670850772016950758706,0x8f1218ccc9a3f8d28044433c4ca29a6b6769d9daf03d3d5eff6f12aef68c7751,0.999,2.832,2.8291679999999997,1761721427,Will the September 2025 unemployment rate be 4.1%?
0x0ee19d28fac77e63e15d9617f35817073f4c8afa103aff78ae8d9a9cd76942cb,0x51b27d52738089c2936632d43d354c2cb7e5978d,BUY,No,27530654147977907907423743227058670209375036605495295387670850772016950758706,0x8f1218ccc9a3f8d28044433c4ca29a6b6769d9daf03d3d5eff6f12aef68c7751,0.999,1.391,1.389609,1761708531,Will the September 2025 unemployment rate be 4.1%?
0x62c1b0351b3a25c1f657f0391695d52fcaeb197d4a1da2de165dd765f1e69316,0x0c0f1c8c22b6181409869c073dfca921d0464bc4,BUY,No,27530654147977907907423743227058670209375036605495295387670850772016950758706,0x8f1218ccc9a3f8d28044433c4ca29a6b6769d9daf03d3d5eff6f12aef68c7751,0.999,4.554,4.5494460000000005,1761643535,Will the September 2025 unemployment rate be 4.1%?
0x14583fafecc67a7f9e878e331779243afef3998b09533161c777d1cb92cdba43,0x3f8c52c9d2ffff6fdbf2dcdb31263f5802326f75,BUY,No,27530654147977907907423743227058670209375036605495295387670850772016950758706,0x8f1218ccc9a3f8d28044433c4ca29a6b6769d9daf03d3d5eff6f12aef68c7751,0.999,14.924,14.909075999999999,1761589869,Will the September 2025 unemployment rate be 4.1%?
0xd7fab208c05290e424d8b85082e9a9019d93a1c0175ea86f2eb227a1beef9b03,0x4fb7f2ca0ec1c2cf5dc504369cf093096d6776af,BUY,No,27530654147977907907423743227058670209375036605495295387670850772016950758706,0x8f1218ccc9a3f8d28044433c4ca29a6b6769d9daf03d3d5eff6f12aef68c7751,0.9956758578,13.056,12.9995439994368,1761588149,Will the September 2025 unemployment rate be 4.1%?
0xcaf49c94692b89b65c1a60eb2e87e0d3d5b4d2da6705bd372ea23395b6e892f7,0xc43b28a88dbc8b654fe2a7400d88e8a1736cd145,BUY,No,27530654147977907907423743227058670209375036605495295387670850772016950758706,0x8f1218ccc9a3f8d28044433c4ca29a6b6769d9daf03d3d5eff6f12aef68c7751,0.9949999754,20.100501,19.999998000527675,1761587115,Will the September 2025 unemployment rate be 4.1%?
0xbc9297706ea11eaefe1dcc1a7235e2bcfd80c8b828d119202d04ad8e0e6857b0,0xd57d2e5a4bdaaa9fab27571a8d65c4736ca8faaf,BUY,No,27530654147977907907423743227058670209375036605495295387670850772016950758706,0x8f1218ccc9a3f8d28044433c4ca29a6b6769d9daf03d3d5eff6f12aef68c7751,0.9939999705,4.607644,4.579998000074502,1761542233,Will the September 2025 unemployment rate be 4.1%?
0x7dfb828fff4e64a093c3eca857a633cd37eb6514ef235da22acdf3e102f08df9,0x674c54f68ebb3de8475519b2d899ef9c24feb4db,BUY,No,27530654147977907907423743227058670209375036605495295387670850772016950758706,0x8f1218ccc9a3f8d28044433c4ca29a6b6769d9daf03d3d5eff6f12aef68c7751,0.9939997387,3.199194,3.179998000050608,1761540439,Will the September 2025 unemployment rate be 4.1%?
0xf8c05303b078be42d811a0adc57d4edc78ce2f2c8aa417c2d860aa3bea6c8e4f,0x04d92e558a35081d8069256b4737028422f68f09,BUY,No,27530654147977907907423743227058670209375036605495295387670850772016950758706,0x8f1218ccc9a3f8d28044433c4ca29a6b6769d9daf03d3d5eff6f12aef68c7751,0.994999752,3.366833,3.3499980000254164,1761495015,Will the September 2025 unemployment rate be 4.1%?
0x76068319225a0cac3a8c69e438d878c3a34270b48a72761ccf95bca9b2386753,0x66ccca33279bce703d46e2f053b0d06a5635fdea,BUY,No,27530654147977907907423743227058670209375036605495295387670850772016950758706,0x8f1218ccc9a3f8d28044433c4ca29a6b6769d9daf03d3d5eff6f12aef68c7751,0.9939996888,1.15694,1.149997999960272,1761474977,Will the September 2025 unemployment rate be 4.1%?
0xb3e2d3cc735c320a5bb377d47412541242b32561e7ef61e263ca34ed07c95100,0x611981cba6cf64949d40202050ee9c883c447f77,BUY,No,27530654147977907907423743227058670209375036605495295387670850772016950758706,0x8f1218ccc9a3f8d28044433c4ca29a6b6769d9daf03d3d5eff6f12aef68c7751,0.9939996411,2.585512,2.5699980000597433,1761459011,Will the September 2025 unemployment rate be 4.1%?
0x7985c022cb8119f1ef3ef8b7b26ae002be437ebe3918e9f4165a016e250c1321,0x313517e9d4d070e9c677e9fcbb45b6b35b2b2981,BUY,No,27530654147977907907423743227058670209375036605495295387670850772016950758706,0x8f1218ccc9a3f8d28044433c4ca29a6b6769d9daf03d3d5eff6f12aef68c7751,0.9939999191,6.901407,6.859997999676173,1761444553,Will the September 2025 unemployment rate be 4.1%?
0x2e4e46b6d41a69bcaca35fb076d1c527f3043d8d31fadca5c331c30f9ba3b141,0xca32dfb10220adf9c1ef54943a4a4f5af5c5d719,BUY,No,27530654147977907907423743227058670209375036605495295387670850772016950758706,0x8f1218ccc9a3f8d28044433c4ca29a6b6769d9daf03d3d5eff6f12aef68c7751,0.9939997692,1.187121,1.1799980000124732,1761394131,Will the September 2025 unemployment rate be 4.1%?
0x44f2f1046b84cffb7c27aa89a441ad9dd8d866069495587f0d9d2cd6e0ec6a4d,0x67a4dbac51980f89d8f3ac356262388c2b9581db,BUY,No,27530654147977907907423743227058670209375036605495295387670850772016950758706,0x8f1218ccc9a3f8d28044433c4ca29a6b6769d9daf03d3d5eff6f12aef68c7751,0.9939999262,2.384304,2.369998000038365,1761386779,Will the September 2025 unemployment rate be 4.1%?
0x640611a463aa73dfd808b9d68acfcd2dae2136945e9929ad57449e750067dbd8,0xe6b844a889e3908f7cd3118f04c1bf35ff976fa7,BUY,No,27530654147977907907423743227058670209375036605495295387670850772016950758706,0x8f1218ccc9a3f8d28044433c4ca29a6b6769d9daf03d3d5eff6f12aef68c7751,0.9939998989,1.800803,1.7899979999388165,1761376727,Will the September 2025 unemployment rate be 4.1%?
0xeadca2a3e8bbfe748c19ed232ce32c594b1cf24680548e97392c14e37618bb10,0x0fc6a902e9f8ba8affc6371e66f0ace5b43dc626,BUY,No,27530654147977907907423743227058670209375036605495295387670850772016950758706,0x8f1218ccc9a3f8d28044433c4ca29a6b6769d9daf03d3d5eff6f12aef68c7751,0.9939999023,3.601608,3.579998000122899,1761359844,Will the September 2025 unemployment rate be 4.1%?
0x0f1efd17bc3e3703d5c5b3437359e4b4ef313c1cc6c5047bc185eb3327c29fe7,0xcb385d556126fa49e2e336a30e49d60cb0ca87a1,BUY,No,27530654147977907907423743227058670209375036605495295387670850772016950758706,0x8f1218ccc9a3f8d28044433c4ca29a6b6769d9daf03d3d5eff6f12aef68c7751,0.9939998034,3.702212,3.6799980001451207,1761359044,Will the September 2025 unemployment rate be 4.1%?
0x454d71ee0aec6f6c91a5fe92d3e9f991ef03ce76b73775f446751a69b46e97b7,0xcb990abfbe4050d6e7f229fee7c08cb7b05c3967,BUY,No,27530654147977907907423743227058670209375036605495295387670850772016950758706,0x8f1218ccc9a3f8d28044433c4ca29a6b6769d9daf03d3d5eff6f12aef68c7751,0.9939999678,3.913479,3.8899979999859764,1761356894,Will the September 2025 unemployment rate be 4.1%?
0x3fdc2c149e910b36bd6d113e978f214506b79c7dd0d0f42477208189480db0f1,0x8880d26483b6ba8dd310c6bf3f9acafd1a02400a,BUY,No,27530654147977907907423743227058670209375036605495295387670850772016950758706,0x8f1218ccc9a3f8d28044433c4ca29a6b6769d9daf03d3d5eff6f12aef68c7751,0.9939998534,5.86519,5.829998000163146,1761356662,Will the September 2025 unemployment rate be 4.1%?
0xd9f3db2743a21a469f983487fdb8cd8eeab5e924f6a45fece9ba6460e63ff31c,0xf3609fe9a987466e2e6dabc21ef2b65d4c8d73d5,BUY,No,27530654147977907907423743227058670209375036605495295387670850772016950758706,0x8f1218ccc9a3f8d28044433c4ca29a6b6769d9daf03d3d5eff6f12aef68c7751,0.9898963053,6.667363,6.599997999793923,1761355804,Will the September 2025 unemployment rate be 4.1%?
0xde1d84d331c544cc6f4fd9f0e4533cbfb95e90705b86374f4b22a53d62d520e1,0x9ef0d1510d56a42c15619a7a1b5ab800738a8ea6,BUY,Yes,37186597914715005452782013420453477339933223549152646647330111663702071863347,0x8f1218ccc9a3f8d28044433c4ca29a6b6769d9daf03d3d5eff6f12aef68c7751,0.069999997,301.42857,21.099998995714287,1761299347,Will the September 2025 unemployment rate be 4.1%?
0x1c18eefec45b19cdcaa60d2867fb57d245bfc5f9a9301a08a25a6b721ba581a7,0x9ef0d1510d56a42c15619a7a1b5ab800738a8ea6,BUY,Yes,37186597914715005452782013420453477339933223549152646647330111663702071863347,0x8f1218ccc9a3f8d28044433c4ca29a6b6769d9daf03d3d5eff6f12aef68c7751,0.0695369107,719.04257,49.99999897958849,1761299293,Will the September 2025 unemployment rate be 4.1%?
0x4d703b0ac8ceeb51ada1ad2ebfc06484ed4b7bb7326f596f5f960efc10ea731b,0xf70b8ac39e595f5ea4bbcc6e026a66f4e7fc51a9,BUY,No,27530654147977907907423743227058670209375036605495295387670850772016950758706,0x8f1218ccc9a3f8d28044433c4ca29a6b6769d9daf03d3d5eff6f12aef68c7751,0.985999875,2.768761,2.729997999904875,1761285399,Will the September 2025 unemployment rate be 4.1%?
0xfdad3ab668e2800f0499d12e48a4ef673a0a778b23c26d77a1b8bc0db23152fd,0x573077d2ee84738799376eb7e0ad03c0c11e058e,BUY,No,27530654147977907907423743227058670209375036605495295387670850772016950758706,0x8f1218ccc9a3f8d28044433c4ca29a6b6769d9daf03d3d5eff6f12aef68c7751,0.9859997428,2.09939,2.0699980000368923,1761260787,Will the September 2025 unemployment rate be 4.1%?
0x12a18d5b8623991c3ccfda2cb52f329f1a11429384ac785cb0951a3aa0b8aba5,0x9e2e70e5a0e403e488eb3b1b96679e1631464902,BUY,No,27530654147977907907423743227058670209375036605495295387670850772016950758706,0x8f1218ccc9a3f8d28044433c4ca29a6b6769d9daf03d3d5eff6f12aef68c7751,0.9859997473,2.089248,2.05999800004703,1761254819,Will the September 2025 unemployment rate be 4.1%?
0x8b641f8612b6d13c157c64e429f8e4f91f4994d377caaa3843dfebe14edabe83,0xe31f44baf78a0a9fc4df23b906cd288433df8d69,BUY,No,27530654147977907907423743227058670209375036605495295387670850772016950758706,0x8f1218ccc9a3f8d28044433c4ca29a6b6769d9daf03d3d5eff6f12aef68c7751,0.9859994774,1.450303,1.4299980000716521,1761218483,Will the September 2025 unemployment rate be 4.1%?
0x5633bc1e5841e74c43c44163a0d4060a0a8eb0d949346cf07546238816c68422,0xe3726a1b9c6ba2f06585d1c9e01d00afaedaeb38,SELL,Yes,37186597914715005452782013420453477339933223549152646647330111663702071863347,0x8f1218ccc9a3f8d28044433c4ca29a6b6769d9daf03d3d5eff6f12aef68c7751,0.014,16.42,0.22988000000000003,1761213989,Will the September 2025 unemployment rate be 4.1%?
0xadfea78a4bf138baa7edb408ba4694cc4b59e7732f04a42df50554954a865ad8,0x06d050eee05eb3d5d9815c75253de13811438c1e,BUY,No,27530654147977907907423743227058670209375036605495295387670850772016950758706,0x8f1218ccc9a3f8d28044433c4ca29a6b6769d9daf03d3d5eff6f12aef68c7751,0.9859997457,3.154157,3.109997999897875,1761199503,Will the September 2025 unemployment rate be 4.1%?
0x7a7af10911f697340999ad317066f0361110393ae9ceee9823e632b6e5996949,0x71f35ad776798cd817f95bec30f87517ca7abba4,BUY,Yes,37186597914715005452782013420453477339933223549152646647330111663702071863347,0x8f1218ccc9a3f8d28044433c4ca29a6b6769d9daf03d3d5eff6f12aef68c7751,0.0670000051,14.925372,1.0000000001193972,1761174354,Will the September 2025 unemployment rate be 4.1%?
0xd338daa7415f2b056691a76a97fe9da0a435aca163893e36c0fa919832dc0191,0x91f27df3535466b476210a1f686918ed7906663b,BUY,No,27530654147977907907423743227058670209375036605495295387670850772016950758706,0x8f1218ccc9a3f8d28044433c4ca29a6b6769d9daf03d3d5eff6f12aef68c7751,0.9859994109,1.612575,1.5899980000320675,1761140274,Will the September 2025 unemployment rate be 4.1%?
0xed57fdefd218820981e29156d5d9b98546ab9468fd3bfef840daccf735de22c0,0xdb660bdfd97a6501092d2551b977e13bdc3237fa,BUY,No,27530654147977907907423743227058670209375036605495295387670850772016950758706,0x8f1218ccc9a3f8d28044433c4ca29a6b6769d9daf03d3d5eff6f12aef68c7751,0.9859998145,3.924948,3.869997999922146,1761116776,Will the September 2025 unemployment rate be 4.1%?
0x8ac7e497a45dd58d99fa4f62ff8ed891fd3f69702ca91365ee41cea94857aa6d,0x62933212d674fe06a12674dfb7ee21d5d0c912e8,SELL,No,27530654147977907907423743227058670209375036605495295387670850772016950758706,0x8f1218ccc9a3f8d28044433c4ca29a6b6769d9daf03d3d5eff6f12aef68c7751,0.932,1.01,0.94132,1761063931,Will the September 2025 unemployment rate be 4.1%?
0x93b66c7eaae19b8f3fe6a476641f3cee6800be240ade64c7c45e69b2e04f7f78,0xc81a94169e0fedad82ce99b5899b8e2c4fb6aa1e,SELL,No,27530654147977907907423743227058670209375036605495295387670850772016950758706,0x8f1218ccc9a3f8d28044433c4ca29a6b6769d9daf03d3d5eff6f12aef68c7751,0.933,1.01,0.9423300000000001,1761044381,Will the September 2025 unemployment rate be 4.1%?
0xe3b876187757b0fbb3d83aba2d70021e40d81b106d99e6b3ff37faa47b3d50d7,0x20b5bfe0d431f95706f8771bd98932cc1dc44e6d,SELL,No,27530654147977907907423743227058670209375036605495295387670850772016950758706,0x8f1218ccc9a3f8d28044433c4ca29a6b6769d9daf03d3d5eff6f12aef68c7751,0.933,1.01,0.9423300000000001,1761043042,Will the September 2025 unemployment rate be 4.1%?
0x3afa9541b0cfd89b6a08f2f9027e8e2909908a4a02fefd75447f023e3160d83f,0x0f21760996c0d00b44839cecf1e110b2494bc40f,BUY,Yes,37186597914715005452782013420453477339933223549152646647330111663702071863347,0x8f1218ccc9a3f8d28044433c4ca29a6b6769d9daf03d3d5eff6f12aef68c7751,0.067,20,1.34,1760960587,Will the September 2025 unemployment rate be 4.1%?
0x6b382fc4890921f3c4dd6e8c48409e79cce86a4dd765719c789b262d24d8eb2b,0x0f21760996c0d00b44839cecf1e110b2494bc40f,SELL,Yes,37186597914715005452782013420453477339933223549152646647330111663702071863347,0x8f1218ccc9a3f8d28044433c4ca29a6b6769d9daf03d3d5eff6f12aef68c7751,0.0134965,20,0.26993,1760960333,Will the September 2025 unemployment rate be 4.1%?
0x3e07164e6e8e7c7547d4c3eb86108166a67ae4fc23c4fe16501c87dfd3544742,0x0f21760996c0d00b44839cecf1e110b2494bc40f,BUY,Yes,37186597914715005452782013420453477339933223549152646647330111663702071863347,0x8f1218ccc9a3f8d28044433c4ca29a6b6769d9daf03d3d5eff6f12aef68c7751,0.065403,20,1.30806,1760959493,Will the September 2025 unemployment rate be 4.1%?
0xa3fd258755de8649eceb52027b5a4fcc8814eb6cfc30b9a791fb41d9f626419f,0xe3726a1b9c6ba2f06585d1c9e01d00afaedaeb38,SELL,Yes,37186597914715005452782013420453477339933223549152646647330111663702071863347,0x8f1218ccc9a3f8d28044433c4ca29a6b6769d9daf03d3d5eff6f12aef68c7751,0.013,3.43,0.04459,1760938589,Will the September 2025 unemployment rate be 4.1%?
0xe82b9ee1d35ba1f060c1ca2e42821314cfd38d60429982b8d2bfaa47078fb91c,0x62933212d674fe06a12674dfb7ee21d5d0c912e8,BUY,No,27530654147977907907423743227058670209375036605495295387670850772016950758706,0x8f1218ccc9a3f8d28044433c4ca29a6b6769d9daf03d3d5eff6f12aef68c7751,0.9869999891,1.013153,0.9999819999566323,1760889787,Will the September 2025 unemployment rate be 4.1%?
0x28332f91cc7fb9fa87c60b6788f47274712181c7dba415ee5856fa7c64c55597,0xe00aa1bd26b0f1f608ae9c24c854ed883cfa3d91,BUY,No,27530654147977907907423743227058670209375036605495295387670850772016950758706,0x8f1218ccc9a3f8d28044433c4ca29a6b6769d9daf03d3d5eff6f12aef68c7751,0.987,16.97,16.74939,1760876705,Will the September 2025 unemployment rate be 4.1%?
0xbe347ca00d72ab18709f34969e60f1fb2fc1437c97635fb61bbe55c2acbb9a67,0x389b1ef8257904795161219d90c4d55bc3682cc0,BUY,No,27530654147977907907423743227058670209375036605495295387670850772016950758706,0x8f1218ccc9a3f8d28044433c4ca29a6b6769d9daf03d3d5eff6f12aef68c7751,0.9869999909,1.317076,1.2999540000146084,1760788566,Will the September 2025 unemployment rate be 4.1%?
0x12076a45c53b2936929f1a77d14cab509fed4c78af7e4e22b1e7e49f81d75577,0xa5fe7c3837a1d2ec3bd569c0cabe88107dd917a1,BUY,No,27530654147977907907423743227058670209375036605495295387670850772016950758706,0x8f1218ccc9a3f8d28044433c4ca29a6b6769d9daf03d3d5eff6f12aef68c7751,0.9869999963,1.884461,1.8599630000274943,1760758584,Will the September 2025 unemployment rate be 4.1%?
0x86f4dada532f0892a0e3395ecaf3930b9548a04ff5911c24695dfb0ad4d26bdd,0x2ff8a41980e6a12f9db074af480623563071b71b,BUY,No,27530654147977907907423743227058670209375036605495295387670850772016950758706,0x8f1218ccc9a3f8d28044433c4ca29a6b6769d9daf03d3d5eff6f12aef68c7751,0.9869999977,4.863153,4.799931999814747,1760758240,Will the September 2025 unemployment rate be 4.1%?
0x10a65564bff44848fc1101378549931bf040466ec7cc2bf56f1f5af1b3ff7d7f,0xcd91a549956854fdc38efad7e80ff5da8f5432b8,BUY,No,27530654147977907907423743227058670209375036605495295387670850772016950758706,0x8f1218ccc9a3f8d28044433c4ca29a6b6769d9daf03d3d5eff6f12aef68c7751,0.987,10.98,10.83726,1760704688,Will the September 2025 unemployment rate be 4.1%?
0x94e686671fa37dd4e0ae33cf36cbb8fb7bc611c000f5914de28da285f554840d,0x3a218ec09d2546e1194c6f5c6e9fa0b0ead409ab,SELL,No,27530654147977907907423743227058670209375036605495295387670850772016950758706,0x8f1218ccc9a3f8d28044433c4ca29a6b6769d9daf03d3d5eff6f12aef68c7751,0.933,1.01,0.9423300000000001,1760702054,Will the September 2025 unemployment rate be 4.1%?
0x2ab064f33f7414fcddcc8092b754a672486b504afa6ab00a05a4003ab891fa50,0xcd91a549956854fdc38efad7e80ff5da8f5432b8,BUY,No,27530654147977907907423743227058670209375036605495295387670850772016950758706,0x8f1218ccc9a3f8d28044433c4ca29a6b6769d9daf03d3d5eff6f12aef68c7751,0.987,16.48,16.26576,1760695220,Will the September 2025 unemployment rate be 4.1%?
0x5e5c636471187534647abc629fbfc48031276e2ce433486c9f10dd8ff205d199,0xe3726a1b9c6ba2f06585d1c9e01d00afaedaeb38,SELL,Yes,37186597914715005452782013420453477339933223549152646647330111663702071863347,0x8f1218ccc9a3f8d28044433c4ca29a6b6769d9daf03d3d5eff6f12aef68c7751,0.013,5,0.065,1760670495,Will the September 2025 unemployment rate be 4.1%?
0x8285c7f1712c7be83b85a242de7d158c5484f7dfe8ec4a2cc4be1eeaa56c5135,0xcd91a549956854fdc38efad7e80ff5da8f5432b8,SELL,No,27530654147977907907423743227058670209375036605495295387670850772016950758706,0x8f1218ccc9a3f8d28044433c4ca29a6b6769d9daf03d3d5eff6f12aef68c7751,0.933,0.86,0.80238,1760639709,Will the September 2025 unemployment rate be 4.1%?
0x0773d633cc50383575bd09f265be2c0433bbe50f58edf0faa3cd1033ee6c1093,0xe3726a1b9c6ba2f06585d1c9e01d00afaedaeb38,SELL,Yes,37186597914715005452782013420453477339933223549152646647330111663702071863347,0x8f1218ccc9a3f8d28044433c4ca29a6b6769d9daf03d3d5eff6f12aef68c7751,0.013,5,0.065,1760634173,Will the September 2025 unemployment rate be 4.1%?
0xa365f512740a63724ce25e723727e6836825670d3e5673e3c9974d150ee005c0,0xcd91a549956854fdc38efad7e80ff5da8f5432b8,BUY,No,27530654147977907907423743227058670209375036605495295387670850772016950758706,0x8f1218ccc9a3f8d28044433c4ca29a6b6769d9daf03d3d5eff6f12aef68c7751,0.987,54,53.298,1760626177,Will the September 2025 unemployment rate be 4.1%?
0xceefd71c2c95b7220130b7fe5321906b1a4ebb31b4fc5aa9d31c5b6d433e7fdd,0x63d43bbb87f85af03b8f2f9e2fad7b54334fa2f1,BUY,No,27530654147977907907423743227058670209375036605495295387670850772016950758706,0x8f1218ccc9a3f8d28044433c4ca29a6b6769d9daf03d3d5eff6f12aef68c7751,0.987,28.97,28.59339,1760626177,Will the September 2025 unemployment rate be 4.1%?
0x24dab4fff5e038b351c3071ebbef8416190f854df4e8ee8a785d26de57aef648,0xd218e474776403a330142299f7796e8ba32eb5c9,BUY,No,27530654147977907907423743227058670209375036605495295387670850772016950758706,0x8f1218ccc9a3f8d28044433c4ca29a6b6769d9daf03d3d5eff6f12aef68c7751,0.987,20,19.74,1760626175,Will the September 2025 unemployment rate be 4.1%?
0xbc69164b87d09739a9775c169b329cebe4059f3e4247f74b3231d2eb42e1eb5d,0x3bee6756feb2a4df02f12f0ec1aca87590bf7cbe,BUY,No,27530654147977907907423743227058670209375036605495295387670850772016950758706,0x8f1218ccc9a3f8d28044433c4ca29a6b6769d9daf03d3d5eff6f12aef68c7751,0.9869999998,5.460923,5.389930999907816,1760614961,Will the September 2025 unemployment rate be 4.1%?
0xf208d798d175c2fbdb0bff46a39a1bc86b44f3a14fdf7bb2fbca7d80803dad86,0x20b5bfe0d431f95706f8771bd98932cc1dc44e6d,BUY,No,27530654147977907907423743227058670209375036605495295387670850772016950758706,0x8f1218ccc9a3f8d28044433c4ca29a6b6769d9daf03d3d5eff6f12aef68c7751,0.9869999891,1.013153,0.9999819999566323,1760614759,Will the September 2025 unemployment rate be 4.1%?
0xef1dc8223b80a0e3eec2e66a1908e9c3d008946fe71ccc57b2a81c59a3ce4361,0xc81a94169e0fedad82ce99b5899b8e2c4fb6aa1e,BUY,No,27530654147977907907423743227058670209375036605495295387670850772016950758706,0x8f1218ccc9a3f8d28044433c4ca29a6b6769d9daf03d3d5eff6f12aef68c7751,0.9869999891,1.013153,0.9999819999566323,1760610533,Will the September 2025 unemployment rate be 4.1%?
0x2d703ff7ea95b4c8b84eef4de1ef7719b07e2008a6ba3dc7e0a26dc936644781,0x3a218ec09d2546e1194c6f5c6e9fa0b0ead409ab,BUY,No,27530654147977907907423743227058670209375036605495295387670850772016950758706,0x8f1218ccc9a3f8d28044433c4ca29a6b6769d9daf03d3d5eff6f12aef68c7751,0.9869999891,1.013153,0.9999819999566323,1760609441,Will the September 2025 unemployment rate be 4.1%?
0x338095c0ea5af5b70678c6b14d28691b4be8af8b4dcc89652950141cc08a62f6,0xa783d6b05c37039a41e3475dbd20489c2252d9e4,BUY,No,27530654147977907907423743227058670209375036605495295387670850772016950758706,0x8f1218ccc9a3f8d28044433c4ca29a6b6769d9daf03d3d5eff6f12aef68c7751,0.9869999891,1.013153,0.9999819999566323,1760598487,Will the September 2025 unemployment rate be 4.1%?
0x3ee771ed528755330d70dafff3e8d3c1e1388da3f4d45cacb3a0a2eeda108d57,0x57b7fd9f8ee632c3f521f33f80a5b3a3a118fed1,BUY,No,27530654147977907907423743227058670209375036605495295387670850772016950758706,0x8f1218ccc9a3f8d28044433c4ca29a6b6769d9daf03d3d5eff6f12aef68c7751,0.9869999958,1.651461,1.629992000063864,1760579239,Will the September 2025 unemployment rate be 4.1%?
0xd77192cedd3f8a9ae95c72dd1768ac16c38f3791284b5945590aa7b854bf08b8,0x6ad49545ba351a833a359aad1d9f2445496a5f1c,SELL,No,27530654147977907907423743227058670209375036605495295387670850772016950758706,0x8f1218ccc9a3f8d28044433c4ca29a6b6769d9daf03d3d5eff6f12aef68c7751,0.986,24.61,24.265459999999997,1760554373,Will the September 2025 unemployment rate be 4.1%?
0x552a5538319f2f291fc428fcedb0742d0e7b8d9d0e613b3497380dc287d23be0,0x76c28a0b99c7977e195ebf3ba0c7119dde091984,BUY,No,27530654147977907907423743227058670209375036605495295387670850772016950758706,0x8f1218ccc9a3f8d28044433c4ca29a6b6769d9daf03d3d5eff6f12aef68c7751,0.987,55.997923,55.269950001,1760552137,Will the September 2025 unemployment rate be 4.1%?
0x54782f24c44aa82ebd4acae9b05d9fed0e177dfee4e809b63a4cd522734a1680,0xd218e474776403a330142299f7796e8ba32eb5c9,BUY,No,27530654147977907907423743227058670209375036605495295387670850772016950758706,0x8f1218ccc9a3f8d28044433c4ca29a6b6769d9daf03d3d5eff6f12aef68c7751,0.987,20,19.74,1760548533,Will the September 2025 unemployment rate be 4.1%?
0x82039ac889a57059542baf9d77e1585c4b49c2d4c5143b65fb704d74bcfe0219,0x51373c6b56e4a38bf97c301efbff840fc8451556,SELL,Yes,37186597914715005452782013420453477339933223549152646647330111663702071863347,0x8f1218ccc9a3f8d28044433c4ca29a6b6769d9daf03d3d5eff6f12aef68c7751,0.013,50,0.65,1760544077,Will the September 2025 unemployment rate be 4.1%?
0xa2634fd2a7596cdb6ad468ba55236fe333ab3990fc61ce466543f47ec19f804a,0x51373c6b56e4a38bf97c301efbff840fc8451556,SELL,Yes,37186597914715005452782013420453477339933223549152646647330111663702071863347,0x8f1218ccc9a3f8d28044433c4ca29a6b6769d9daf03d3d5eff6f12aef68c7751,0.013,50,0.65,1760544047,Will the September 2025 unemployment rate be 4.1%?
0xf57a192afcf3e86482dcc046fbcb37e1c801ac09c5dd397a3701ac9aa337eb36,0xb48b9192dc52eed724fa58c66fa8926d06a3648e,BUY,No,27530654147977907907423743227058670209375036605495295387670850772016950758706,0x8f1218ccc9a3f8d28044433c4ca29a6b6769d9daf03d3d5eff6f12aef68c7751,0.987,625.66,617.5264199999999,1760544029,Will the September 2025 unemployment rate be 4.1%?
0xfa05483634df425bb4323d6e77f1cf425d9e9437345fa0736ebb34104bb5e716,0x51373c6b56e4a38bf97c301efbff840fc8451556,SELL,Yes,37186597914715005452782013420453477339933223549152646647330111663702071863347,0x8f1218ccc9a3f8d28044433c4ca29a6b6769d9daf03d3d5eff6f12aef68c7751,0.013,50,0.65,1760544029,Will the September 2025 unemployment rate be 4.1%?
0x2b9bc96de8dfa1984d54de81042d0b47c8b48ed2488833bf982ab7a72286d97e,0xcd91a549956854fdc38efad7e80ff5da8f5432b8,BUY,No,27530654147977907907423743227058670209375036605495295387670850772016950758706,0x8f1218ccc9a3f8d28044433c4ca29a6b6769d9daf03d3d5eff6f12aef68c7751,0.987,106.47,105.08588999999999,1760494057,Will the September 2025 unemployment rate be 4.1%?
0xadf389d6cc8ab1b0750cbe3cc2909fa2e75e5b9307f0afebcb8184a6d7e7e43f,0xcd91a549956854fdc38efad7e80ff5da8f5432b8,BUY,No,27530654147977907907423743227058670209375036605495295387670850772016950758706,0x8f1218ccc9a3f8d28044433c4ca29a6b6769d9daf03d3d5eff6f12aef68c7751,0.987,107.52,106.12223999999999,1760494053,Will the September 2025 unemployment rate be 4.1%?
0xf73d9a4003d0caf1ff8110ac56c7a512451257f270f048e43db3bd7498aab27d,0xd218e474776403a330142299f7796e8ba32eb5c9,BUY,No,27530654147977907907423743227058670209375036605495295387670850772016950758706,0x8f1218ccc9a3f8d28044433c4ca29a6b6769d9daf03d3d5eff6f12aef68c7751,0.987,9.26,9.139619999999999,1760491173,Will the September 2025 unemployment rate be 4.1%?
0x2c350f53ccf9172338ca8c7b7ff45153cf76c5988a10a5152689b36e355c13cc,0xcd91a549956854fdc38efad7e80ff5da8f5432b8,BUY,No,27530654147977907907423743227058670209375036605495295387670850772016950758706,0x8f1218ccc9a3f8d28044433c4ca29a6b6769d9daf03d3d5eff6f12aef68c7751,0.987,105.3,103.9311,1760490793,Will the September 2025 unemployment rate be 4.1%?
0x4a4cccc578946002b08102f0455ff3823b7acfa98ff19d4bd05fbee101d4591d,0xcd91a549956854fdc38efad7e80ff5da8f5432b8,BUY,No,27530654147977907907423743227058670209375036605495295387670850772016950758706,0x8f1218ccc9a3f8d28044433c4ca29a6b6769d9daf03d3d5eff6f12aef68c7751,0.987,108.69,107.27703,1760490775,Will the September 2025 unemployment rate be 4.1%?
0x011faca6d96578df693233036dce6eedc355b5cd5394ce7c721413a511301600,0x63d43bbb87f85af03b8f2f9e2fad7b54334fa2f1,BUY,No,27530654147977907907423743227058670209375036605495295387670850772016950758706,0x8f1218ccc9a3f8d28044433c4ca29a6b6769d9daf03d3d5eff6f12aef68c7751,0.987,28.31,27.941969999999998,1760490707,Will the September 2025 unemployment rate be 4.1%?
0x7f109c700ee4b175bfcfa3b6f4d6f68be3e2240d7a890f98a24afae1291f125e,0xd218e474776403a330142299f7796e8ba32eb5c9,BUY,No,27530654147977907907423743227058670209375036605495295387670850772016950758706,0x8f1218ccc9a3f8d28044433c4ca29a6b6769d9daf03d3d5eff6f12aef68c7751,0.987,80,78.96,1760490707,Will the September 2025 unemployment rate be 4.1%?
0xb6fb98ce0795f62d3545f655edf4af291e30f1a304c21b8f786ca434af87583a,0xe3726a1b9c6ba2f06585d1c9e01d00afaedaeb38,SELL,Yes,37186597914715005452782013420453477339933223549152646647330111663702071863347,0x8f1218ccc9a3f8d28044433c4ca29a6b6769d9daf03d3d5eff6f12aef68c7751,0.013,5,0.065,1760490707,Will the September 2025 unemployment rate be 4.1%?
0x2947dc7b93ce756bec5d9ef292a3832121fe767c065fa9d79e27aded5c0fa4fc,0xcd91a549956854fdc38efad7e80ff5da8f5432b8,BUY,No,27530654147977907907423743227058670209375036605495295387670850772016950758706,0x8f1218ccc9a3f8d28044433c4ca29a6b6769d9daf03d3d5eff6f12aef68c7751,0.987,53,52.311,1760490695,Will the September 2025 unemployment rate be 4.1%?
0x7c7747e7bb8db528c1838eae30714a1d1a204be082349a9aa781c6202d3ef36a,0x63d43bbb87f85af03b8f2f9e2fad7b54334fa2f1,BUY,No,27530654147977907907423743227058670209375036605495295387670850772016950758706,0x8f1218ccc9a3f8d28044433c4ca29a6b6769d9daf03d3d5eff6f12aef68c7751,0.987,8.91,8.79417,1760490695,Will the September 2025 unemployment rate be 4.1%?
0x0c85c5f214e1f7c1ac4528fb725a3406500477912287066a0f15cd105d49be21,0xe3726a1b9c6ba2f06585d1c9e01d00afaedaeb38,SELL,Yes,37186597914715005452782013420453477339933223549152646647330111663702071863347,0x8f1218ccc9a3f8d28044433c4ca29a6b6769d9daf03d3d5eff6f12aef68c7751,0.013,5,0.065,1760490695,Will the September 2025 unemployment rate be 4.1%?
0x7341af04fbcb29b864992517f0c3fcc49fdf42f4dead0ef678529783f5c43de5,0xd218e474776403a330142299f7796e8ba32eb5c9,BUY,No,27530654147977907907423743227058670209375036605495295387670850772016950758706,0x8f1218ccc9a3f8d28044433c4ca29a6b6769d9daf03d3d5eff6f12aef68c7751,0.987,60,59.22,1760490651,Will the September 2025 unemployment rate be 4.1%?
0x6a0ca3ffafb9238009726b63c4857cfdc3d66c617b6d2d791de16a8e638fa897,0xcd91a549956854fdc38efad7e80ff5da8f5432b8,BUY,No,27530654147977907907423743227058670209375036605495295387670850772016950758706,0x8f1218ccc9a3f8d28044433c4ca29a6b6769d9daf03d3d5eff6f12aef68c7751,0.987,53,52.311,1760490651,Will the September 2025 unemployment rate be 4.1%?
0xd5f9aa520c185b680adf125c585e4da287c7c9e5bfa8e5d7fc59d899383fd0ab,0x63d43bbb87f85af03b8f2f9e2fad7b54334fa2f1,BUY,No,27530654147977907907423743227058670209375036605495295387670850772016950758706,0x8f1218ccc9a3f8d28044433c4ca29a6b6769d9daf03d3d5eff6f12aef68c7751,0.987,8,7.896,1760490621,Will the September 2025 unemployment rate be 4.1%?
0xfeb60ceb758d77c1a68affdf343e3d4f9b6cf734e217a0ae1e1e01d7b6d2ac87,0xd218e474776403a330142299f7796e8ba32eb5c9,BUY,No,27530654147977907907423743227058670209375036605495295387670850772016950758706,0x8f1218ccc9a3f8d28044433c4ca29a6b6769d9daf03d3d5eff6f12aef68c7751,0.987,110.95,109.50765,1760490621,Will the September 2025 unemployment rate be 4.1%?
0xf4254c1806a5d639f77d39511bbbc74c1ee5323e0ed179108073d31e40c7f778,0xd218e474776403a330142299f7796e8ba32eb5c9,BUY,No,27530654147977907907423743227058670209375036605495295387670850772016950758706,0x8f1218ccc9a3f8d28044433c4ca29a6b6769d9daf03d3d5eff6f12aef68c7751,0.987,119.04,117.49248,1760490613,Will the September 2025 unemployment rate be 4.1%?
0x1b838cba7ebdf08f73846784928a8ceac0a0e8bfe5f761610ba6ae810f7e1e3e,0xd218e474776403a330142299f7796e8ba32eb5c9,BUY,No,27530654147977907907423743227058670209375036605495295387670850772016950758706,0x8f1218ccc9a3f8d28044433c4ca29a6b6769d9daf03d3d5eff6f12aef68c7751,0.987,10,9.87,1760490593,Will the September 2025 unemployment rate be 4.1%?
0xd289913723f5a5309ac1e954fd86425782e67dc30294895e049b1387090a6ac7,0xe3726a1b9c6ba2f06585d1c9e01d00afaedaeb38,SELL,Yes,37186597914715005452782013420453477339933223549152646647330111663702071863347,0x8f1218ccc9a3f8d28044433c4ca29a6b6769d9daf03d3d5eff6f12aef68c7751,0.013,5,0.065,1760490593,Will the September 2025 unemployment rate be 4.1%?
0x7255d01eacc91204d447d1a19c74971cc8da349cab3b9ffc0404c04b67b4da94,0xcd91a549956854fdc38efad7e80ff5da8f5432b8,BUY,No,27530654147977907907423743227058670209375036605495295387670850772016950758706,0x8f1218ccc9a3f8d28044433c4ca29a6b6769d9daf03d3d5eff6f12aef68c7751,0.987,26,25.662,1760490593,Will the September 2025 unemployment rate be 4.1%?
0xdfe9b41eadb3741a21b31543e8c1bfd173f37f5191f78d3183c7056d903b711e,0x63d43bbb87f85af03b8f2f9e2fad7b54334fa2f1,BUY,No,27530654147977907907423743227058670209375036605495295387670850772016950758706,0x8f1218ccc9a3f8d28044433c4ca29a6b6769d9daf03d3d5eff6f12aef68c7751,0.987,19.34,19.08858,1760490593,Will the September 2025 unemployment rate be 4.1%?
0x1cef612298d6830cc26baa67e2613237e7f6496250e919f999004281087affca,0x63d43bbb87f85af03b8f2f9e2fad7b54334fa2f1,BUY,No,27530654147977907907423743227058670209375036605495295387670850772016950758706,0x8f1218ccc9a3f8d28044433c4ca29a6b6769d9daf03d3d5eff6f12aef68c7751,0.987,107.63,106.23080999999999,1760490577,Will the September 2025 unemployment rate be 4.1%?
0x139ce80a53a742b05214f8a244916f62636521c31a180e94a93da197fac9d5b1,0xcd91a549956854fdc38efad7e80ff5da8f5432b8,BUY,No,27530654147977907907423743227058670209375036605495295387670850772016950758706,0x8f1218ccc9a3f8d28044433c4ca29a6b6769d9daf03d3d5eff6f12aef68c7751,0.9860888462,26,25.6383100012,1760389499,Will the September 2025 unemployment rate be 4.1%?
0xefc3a1ad44515b15c4495c782c00b13b7670b7bd7f775f354f14ca011d6de110,0xe3726a1b9c6ba2f06585d1c9e01d00afaedaeb38,SELL,Yes,37186597914715005452782013420453477339933223549152646647330111663702071863347,0x8f1218ccc9a3f8d28044433c4ca29a6b6769d9daf03d3d5eff6f12aef68c7751,0.014,9.09,0.12726,1760389497,Will the September 2025 unemployment rate be 4.1%?
0xd183b808f34b142c1b5d2039c05f7d791132a115bf96ceb93f4de628be44dea2,0x51373c6b56e4a38bf97c301efbff840fc8451556,SELL,Yes,37186597914715005452782013420453477339933223549152646647330111663702071863347,0x8f1218ccc9a3f8d28044433c4ca29a6b6769d9daf03d3d5eff6f12aef68c7751,0.018,9,0.16199999999999998,1760384195,Will the September 2025 unemployment rate be 4.1%?
0x60998484f39b54443d651b147936480bfcc26dcbb9333be051a917b06ec3e086,0x51373c6b56e4a38bf97c301efbff840fc8451556,SELL,Yes,37186597914715005452782013420453477339933223549152646647330111663702071863347,0x8f1218ccc9a3f8d28044433c4ca29a6b6769d9daf03d3d5eff6f12aef68c7751,0.018,50,0.8999999999999999,1760384177,Will the September 2025 unemployment rate be 4.1%?
0x8e705b9594c7cf127d6c7a4b0dbf254c1f415bf8ebca769a5b608a48ccc6958e,0x98651a30bfe8e7ab89ef1873f3b51fab47dfcf47,SELL,No,27530654147977907907423743227058670209375036605495295387670850772016950758706,0x8f1218ccc9a3f8d28044433c4ca29a6b6769d9daf03d3d5eff6f12aef68c7751,0.946,5.23,4.94758,1760219025,Will the September 2025 unemployment rate be 4.1%?
0x1822b4239b84ff45d0716d62922e326329850062d60ecf7ad60cce6926ccd134,0x791a9928cbe3a8716c6c9fe430ab8bb434c47039,SELL,No,27530654147977907907423743227058670209375036605495295387670850772016950758706,0x8f1218ccc9a3f8d28044433c4ca29a6b6769d9daf03d3d5eff6f12aef68c7751,0.946,8.94,8.457239999999999,1760201422,Will the September 2025 unemployment rate be 4.1%?
0x29472f7dab57a3422672707d35e9ca164601fcc44cd26df4a597a22ff771ebef,0x1109b1d29b7af73a6c1503e913a8e856b789e76f,SELL,No,27530654147977907907423743227058670209375036605495295387670850772016950758706,0x8f1218ccc9a3f8d28044433c4ca29a6b6769d9daf03d3d5eff6f12aef68c7751,0.942,13.01,12.255419999999999,1759766246,Will the September 2025 unemployment rate be 4.1%?
0x17ea50e22fc9f7099deb28e2c54e7ea8da1e5087513f0efc3feb5f0a2871636d,0xbdd626e33be9b53747c747124e9a2b5a1ac2b6f5,SELL,No,27530654147977907907423743227058670209375036605495295387670850772016950758706,0x8f1218ccc9a3f8d28044433c4ca29a6b6769d9daf03d3d5eff6f12aef68c7751,0.942,22.11,20.82762,1759765076,Will the September 2025 unemployment rate be 4.1%?
0x294f11fb76101327e2144d2ede67be4fb073acecd1be1ad02bef73d642768e23,0x09ad3fa46c945d6550e1f9c12b473d46310604e4,BUY,Yes,37186597914715005452782013420453477339933223549152646647330111663702071863347,0x8f1218ccc9a3f8d28044433c4ca29a6b6769d9daf03d3d5eff6f12aef68c7751,0.0498753117,401,19.9999999917,1759752571,Will the September 2025 unemployment rate be 4.1%?
0x3f54aa656c980d50175e07fb1750b72993c4a9b9058f87768bf0f780d130f47c,0x09ad3fa46c945d6550e1f9c12b473d46310604e4,BUY,Yes,37186597914715005452782013420453477339933223549152646647330111663702071863347,0x8f1218ccc9a3f8d28044433c4ca29a6b6769d9daf03d3d5eff6f12aef68c7751,0.033,84.4,2.7852,1759699395,Will the September 2025 unemployment rate be 4.1%?
0xc6b9b4c2a800b21eff8ae739dd482050b177e8c16c8b85d258c3513b95fb3c92,0xe3726a1b9c6ba2f06585d1c9e01d00afaedaeb38,SELL,Yes,37186597914715005452782013420453477339933223549152646647330111663702071863347,0x8f1218ccc9a3f8d28044433c4ca29a6b6769d9daf03d3d5eff6f12aef68c7751,0.011,10,0.10999999999999999,1759661147,Will the September 2025 unemployment rate be 4.1%?
0x6dae236350f7a6e990ab3b3ba0a40d951b53ba3ad947d891f6339a5d598117ef,0xe3726a1b9c6ba2f06585d1c9e01d00afaedaeb38,SELL,Yes,37186597914715005452782013420453477339933223549152646647330111663702071863347,0x8f1218ccc9a3f8d28044433c4ca29a6b6769d9daf03d3d5eff6f12aef68c7751,0.011,10,0.10999999999999999,1759661139,Will the September 2025 unemployment rate be 4.1%?
0x230a68f077aa11893e370bf14b1c2770455109fe309fea5f84f58df56ce4d7d6,0xe8d65e39783bbbb499e6be3ca189f9db1031b2a5,BUY,No,27530654147977907907423743227058670209375036605495295387670850772016950758706,0x8f1218ccc9a3f8d28044433c4ca29a6b6769d9daf03d3d5eff6f12aef68c7751,0.9889999991,10.111181,9.999957999899937,1759659989,Will the September 2025 unemployment rate be 4.1%?
0xac2766fce1516fd0ff34419ba7f76d082f70a8c3a737bba15a9d9bd870d82eca,0x51373c6b56e4a38bf97c301efbff840fc8451556,SELL,Yes,37186597914715005452782013420453477339933223549152646647330111663702071863347,0x8f1218ccc9a3f8d28044433c4ca29a6b6769d9daf03d3d5eff6f12aef68c7751,0.011,50,0.5499999999999999,1759650497,Will the September 2025 unemployment rate be 4.1%?
0x2e3ecbb24678e7323ca1a639ae9c97c9c9ebb389f0b156fdf70dcd41f3bff699,0x51373c6b56e4a38bf97c301efbff840fc8451556,SELL,Yes,37186597914715005452782013420453477339933223549152646647330111663702071863347,0x8f1218ccc9a3f8d28044433c4ca29a6b6769d9daf03d3d5eff6f12aef68c7751,0.012,47.21,0.56652,1759650419,Will the September 2025 unemployment rate be 4.1%?
0x7cd1e08b10e4500b9d75df43a46d9e4c9f577acb17077bd2537eb70c916bb6a1,0xb48b9192dc52eed724fa58c66fa8926d06a3648e,BUY,No,27530654147977907907423743227058670209375036605495295387670850772016950758706,0x8f1218ccc9a3f8d28044433c4ca29a6b6769d9daf03d3d5eff6f12aef68c7751,0.9883091286,516.29,510.25412000489393,1759650405,Will the September 2025 unemployment rate be 4.1%?
0x10d16e84eb196ffc85804ae61f40869808d932bbe657af8f85a7e01db9d0ef75,0x51373c6b56e4a38bf97c301efbff840fc8451556,SELL,Yes,37186597914715005452782013420453477339933223549152646647330111663702071863347,0x8f1218ccc9a3f8d28044433c4ca29a6b6769d9daf03d3d5eff6f12aef68c7751,0.015,2.67,0.040049999999999995,1759650405,Will the September 2025 unemployment rate be 4.1%?
0xb9f57d797298fab10baa0a61f3d084703dbdb5c823481bc70074d493823b4d07,0xe3726a1b9c6ba2f06585d1c9e01d00afaedaeb38,SELL,Yes,37186597914715005452782013420453477339933223549152646647330111663702071863347,0x8f1218ccc9a3f8d28044433c4ca29a6b6769d9daf03d3d5eff6f12aef68c7751,0.016,9.69,0.15503999999999998,1759646598,Will the September 2025 unemployment rate be 4.1%?
0x13f23204456989343fa53a390b403f5e0f6f7bd1b50377e2c5bae4b9d8690938,0xe3726a1b9c6ba2f06585d1c9e01d00afaedaeb38,SELL,Yes,37186597914715005452782013420453477339933223549152646647330111663702071863347,0x8f1218ccc9a3f8d28044433c4ca29a6b6769d9daf03d3d5eff6f12aef68c7751,0.015,2.79,0.04185,1759642772,Will the September 2025 unemployment rate be 4.1%?
0x5ea8efa8a899fa56d6ca9688151b8b2d483617f302200a6164623b46293ff14d,0xe3726a1b9c6ba2f06585d1c9e01d00afaedaeb38,SELL,Yes,37186597914715005452782013420453477339933223549152646647330111663702071863347,0x8f1218ccc9a3f8d28044433c4ca29a6b6769d9daf03d3d5eff6f12aef68c7751,0.02,27.21,0.5442,1759641208,Will the September 2025 unemployment rate be 4.1%?
0xe9364d0a45ddd16d80984e58792506dbe5460a5ea7596ef32d7f8d96ea24a710,0xe3726a1b9c6ba2f06585d1c9e01d00afaedaeb38,SELL,Yes,37186597914715005452782013420453477339933223549152646647330111663702071863347,0x8f1218ccc9a3f8d28044433c4ca29a6b6769d9daf03d3d5eff6f12aef68c7751,0.019,10,0.19,1759641004,Will the September 2025 unemployment rate be 4.1%?
0xe732bb283264557067d4c108830808c01b3b010bb0ad3d2431c9b8690023b826,0xe3726a1b9c6ba2f06585d1c9e01d00afaedaeb38,SELL,Yes,37186597914715005452782013420453477339933223549152646647330111663702071863347,0x8f1218ccc9a3f8d28044433c4ca29a6b6769d9daf03d3d5eff6f12aef68c7751,0.031,10,0.31,1759640872,Will the September 2025 unemployment rate be 4.1%?
0x098299860515b8547af441cdc6c8c0f6f2f86ae19f29233fa68cb118488cc33e,0xe3726a1b9c6ba2f06585d1c9e01d00afaedaeb38,SELL,Yes,37186597914715005452782013420453477339933223549152646647330111663702071863347,0x8f1218ccc9a3f8d28044433c4ca29a6b6769d9daf03d3d5eff6f12aef68c7751,0.032,3.2,0.1024,1759640438,Will the September 2025 unemployment rate be 4.1%?
0x3ff0f1b762dfeb9f229503c30e65b5ab57ff7eb2f02096223e49ea0579a143a5,0xe3726a1b9c6ba2f06585d1c9e01d00afaedaeb38,SELL,Yes,37186597914715005452782013420453477339933223549152646647330111663702071863347,0x8f1218ccc9a3f8d28044433c4ca29a6b6769d9daf03d3d5eff6f12aef68c7751,0.031,6.8,0.2108,1759640346,Will the September 2025 unemployment rate be 4.1%?
0x32b7482a432ea27e50328417dc2bca7cb86c66efd3eda34283dcf386df0a1e66,0x09ad3fa46c945d6550e1f9c12b473d46310604e4,BUY,Yes,37186597914715005452782013420453477339933223549152646647330111663702071863347,0x8f1218ccc9a3f8d28044433c4ca29a6b6769d9daf03d3d5eff6f12aef68c7751,0.0932444168,1072.45026,99.99999904070837,1759595042,Will the September 2025 unemployment rate be 4.1%?
0x74fe43a0aca7b3ce45cbff5fab7de8463e1ae02fa2b995afb4f3d41b200ac80e,0x06d7cca21a785095070a5852c6ad7100a296121f,SELL,No,27530654147977907907423743227058670209375036605495295387670850772016950758706,0x8f1218ccc9a3f8d28044433c4ca29a6b6769d9daf03d3d5eff6f12aef68c7751,0.944,15.88,14.99072,1759563987,Will the September 2025 unemployment rate be 4.1%?
0xd908d1e045d26701ae2e25e53e8dbfdd48788e973a3b49783265937fc9bd6efc,0xc0bc7ae164a8d8e074359424d2c4d35654d1a43a,BUY,No,27530654147977907907423743227058670209375036605495295387670850772016950758706,0x8f1218ccc9a3f8d28044433c4ca29a6b6769d9daf03d3d5eff6f12aef68c7751,0.9869998868,3.039512,2.9999979999272415,1759541819,Will the September 2025 unemployment rate be 4.1%?
0x19058aa9d24bf037982b18fdd508f8da06e9cb40aff4d61602049dfe5b4b4129,0xbe0348d915c8727cc05e9d5b156a59e6e21b2ba5,BUY,No,27530654147977907907423743227058670209375036605495295387670850772016950758706,0x8f1218ccc9a3f8d28044433c4ca29a6b6769d9daf03d3d5eff6f12aef68c7751,0.9879998693,1.346152,1.3299980000579337,1759525251,Will the September 2025 unemployment rate be 4.1%?
0x31e0cbc3ace8dd7dc3745642ef7c02cbbf245f0bb495eb89348bb0cdcf6313aa,0x9b9b7f51d2083e6f738b1c3f176732267b5b00f5,BUY,No,27530654147977907907423743227058670209375036605495295387670850772016950758706,0x8f1218ccc9a3f8d28044433c4ca29a6b6769d9daf03d3d5eff6f12aef68c7751,0.9880000011,7.257084,7.169998999982792,1759515202,Will the September 2025 unemployment rate be 4.1%?
0xd90d9b4f9305c90f3d2cb75e8a073fc7ec8c4f4fff00607bbb90b341fc6c614c,0x7948e2033dae84a658e78d0175a0d33644fb9d68,BUY,No,27530654147977907907423743227058670209375036605495295387670850772016950758706,0x8f1218ccc9a3f8d28044433c4ca29a6b6769d9daf03d3d5eff6f12aef68c7751,0.988,7.0445,6.9599660000000005,1759511468,Will the September 2025 unemployment rate be 4.1%?
0x34f3d78aff1c352532592d00e4079b25d0082a10c6fbe62cf9cafd5a0f7162ea,0x604bfd34f83c88ee338269b359016d97e705c0e3,BUY,No,27530654147977907907423743227058670209375036605495295387670850772016950758706,0x8f1218ccc9a3f8d28044433c4ca29a6b6769d9daf03d3d5eff6f12aef68c7751,0.988,6.7105,6.629974,1759511298,Will the September 2025 unemployment rate be 4.1%?
0x9c3dcb1d4a1baf73b01715b57ffe8685c95582230553f46db8a4303c14117e2a,0xb835e172bf595777afd6ee7bf5dab58a8fd345a7,BUY,No,27530654147977907907423743227058670209375036605495295387670850772016950758706,0x8f1218ccc9a3f8d28044433c4ca29a6b6769d9daf03d3d5eff6f12aef68c7751,0.9879998785,7.965586,7.869998000181301,1759507462,Will the September 2025 unemployment rate be 4.1%?
0x58ffd2ea1228f2abb9461cc7385718a770285ade56fa1c1b2dd8d709bf6a21a8,0xd84263f35c6733c6865d3ab7e0f1bbf8244590b7,BUY,No,27530654147977907907423743227058670209375036605495295387670850772016950758706,0x8f1218ccc9a3f8d28044433c4ca29a6b6769d9daf03d3d5eff6f12aef68c7751,0.9879999985,5.374416,5.309922999938376,1759504178,Will the September 2025 unemployment rate be 4.1%?
0x8ba26a263d8d2bb6b07e3ca03fbfc15f643f5c0aabb17319137a56ba209dced0,0x37b46a9d45509eed664e302eb70b14ffed50d5e5,BUY,Yes,37186597914715005452782013420453477339933223549152646647330111663702071863347,0x8f1218ccc9a3f8d28044433c4ca29a6b6769d9daf03d3d5eff6f12aef68c7751,0.042728125,560,23.92775,1759487996,Will the September 2025 unemployment rate be 4.1%?
0x31abf623d3675cf00cb010a603f43edcdcf21299bbfcdaf099b83ca38646c55a,0x81e94fbb802dc056896f06b983b04823959ed40d,BUY,Yes,37186597914715005452782013420453477339933223549152646647330111663702071863347,0x8f1218ccc9a3f8d28044433c4ca29a6b6769d9daf03d3d5eff6f12aef68c7751,0.0179494543,55.712,0.9999999979616001,1759483658,Will the September 2025 unemployment rate be 4.1%?
0x26a2c76ac3ff50887ae23a081c1f723eeb5e9ca2dd8d9f69dc4b3c36d46744ed,0xd218e474776403a330142299f7796e8ba32eb5c9,BUY,No,27530654147977907907423743227058670209375036605495295387670850772016950758706,0x8f1218ccc9a3f8d28044433c4ca29a6b6769d9daf03d3d5eff6f12aef68c7751,0.998,32.89,32.824220000000004,1759482270,Will the September 2025 unemployment rate be 4.1%?
0xe6b93ab3ee59cdb7112bc0bfa67d5686ccb7318ebf2ca00e059960f975b67fe0,0xe8dd7741ccb12350957ec71e9ee332e0d1e6ec86,BUY,No,27530654147977907907423743227058670209375036605495295387670850772016950758706,0x8f1218ccc9a3f8d28044433c4ca29a6b6769d9daf03d3d5eff6f12aef68c7751,0.998,25,24.95,1759482270,Will the September 2025 unemployment rate be 4.1%?
0xcbf61d058347f2dec424950221caeedba16aaf4ce3278604f1b4dcc9264647fe,0xe3726a1b9c6ba2f06585d1c9e01d00afaedaeb38,SELL,Yes,37186597914715005452782013420453477339933223549152646647330111663702071863347,0x8f1218ccc9a3f8d28044433c4ca29a6b6769d9daf03d3d5eff6f12aef68c7751,0.002,12.11,0.02422,1759482270,Will the September 2025 unemployment rate be 4.1%?
0xd43e7aa11982be1ab71b71e000de133e55a8baa5ef225cc25e63c213a610ef22,0xcd91a549956854fdc38efad7e80ff5da8f5432b8,SELL,No,27530654147977907907423743227058670209375036605495295387670850772016950758706,0x8f1218ccc9a3f8d28044433c4ca29a6b6769d9daf03d3d5eff6f12aef68c7751,0.996,24.18,24.08328,1759481936,Will the September 2025 unemployment rate be 4.1%?
0x211ea9de4803c5a8fa2a1f024de96747fe99fda792b28dd4c508b045ac4409ec,0xcd91a549956854fdc38efad7e80ff5da8f5432b8,BUY,No,27530654147977907907423743227058670209375036605495295387670850772016950758706,0x8f1218ccc9a3f8d28044433c4ca29a6b6769d9daf03d3d5eff6f12aef68c7751,0.9950984,25,24.877460000000003,1759481412,Will the September 2025 unemployment rate be 4.1%?
0x6ca28b894131c3e208af3e4f6ca5b037ad6dcd773b648b45e7bda1d3a8852bf2,0xec24e72b16d680b49a64fd137376fb7d8cd0d119,BUY,No,27530654147977907907423743227058670209375036605495295387670850772016950758706,0x8f1218ccc9a3f8d28044433c4ca29a6b6769d9daf03d3d5eff6f12aef68c7751,0.9949992911,1.206029,1.199998000046042,1759480814,Will the September 2025 unemployment rate be 4.1%?
0xb9402acb3c8c1870453fe5afa553d38b71f23e8fdc183e07639a2183c98a47cb,0xfe2d0b7350141c8413da4ab3eb72b5d71026da35,SELL,Yes,37186597914715005452782013420453477339933223549152646647330111663702071863347,0x8f1218ccc9a3f8d28044433c4ca29a6b6769d9daf03d3d5eff6f12aef68c7751,0.005,4.14,0.0207,1759479576,Will the September 2025 unemployment rate be 4.1%?
0x2798f910ab017cd335137d8d654686a7a8dfc5357d209b7403ecdaeb797d88bd,0xe3726a1b9c6ba2f06585d1c9e01d00afaedaeb38,SELL,Yes,37186597914715005452782013420453477339933223549152646647330111663702071863347,0x8f1218ccc9a3f8d28044433c4ca29a6b6769d9daf03d3d5eff6f12aef68c7751,0.006,29.31,0.17586,1759479336,Will the September 2025 unemployment rate be 4.1%?
0x44a4e8120915801c08f37d28e4564704ce9914cb1ce9d17049bd5ed25e1ed7d7,0xfe2d0b7350141c8413da4ab3eb72b5d71026da35,BUY,No,27530654147977907907423743227058670209375036605495295387670850772016950758706,0x8f1218ccc9a3f8d28044433c4ca29a6b6769d9daf03d3d5eff6f12aef68c7751,0.985,24.86,24.487099999999998,1759478946,Will the September 2025 unemployment rate be 4.1%?
0x6abdb7f331cf3baac098099622b5a7b98f3e08ac78903d739f1499501a269af0,0xe3726a1b9c6ba2f06585d1c9e01d00afaedaeb38,SELL,Yes,37186597914715005452782013420453477339933223549152646647330111663702071863347,0x8f1218ccc9a3f8d28044433c4ca29a6b6769d9daf03d3d5eff6f12aef68c7751,0.015,12.1,0.1815,1759478944,Will the September 2025 unemployment rate be 4.1%?
0xfdaa89bfbb50f0b90632e8debb0f71b5cdd9bfea65be88fa941927f66b982aec,0x63d43bbb87f85af03b8f2f9e2fad7b54334fa2f1,BUY,No,27530654147977907907423743227058670209375036605495295387670850772016950758706,0x8f1218ccc9a3f8d28044433c4ca29a6b6769d9daf03d3d5eff6f12aef68c7751,0.975,210,204.75,1759475628,Will the September 2025 unemployment rate be 4.1%?
0x341c3c890f94c95a4263c41135a37570a54935de2eb36a21eb9ebe4fc0d28e30,0xd218e474776403a330142299f7796e8ba32eb5c9,BUY,No,27530654147977907907423743227058670209375036605495295387670850772016950758706,0x8f1218ccc9a3f8d28044433c4ca29a6b6769d9daf03d3d5eff6f12aef68c7751,0.975,46.52,45.357,1759475628,Will the September 2025 unemployment rate be 4.1%?
0x539ed3b2d22bb689e7a8e12b91cb4b3416c0f3c1794d2059b1c0d319448da5c4,0xd218e474776403a330142299f7796e8ba32eb5c9,BUY,No,27530654147977907907423743227058670209375036605495295387670850772016950758706,0x8f1218ccc9a3f8d28044433c4ca29a6b6769d9daf03d3d5eff6f12aef68c7751,0.975,20,19.5,1759475620,Will the September 2025 unemployment rate be 4.1%?
0x91fcc6ce3f4c2dac67914a1eab5f1481b842d31aa984a357703973f41913ed3a,0xe3726a1b9c6ba2f06585d1c9e01d00afaedaeb38,SELL,Yes,37186597914715005452782013420453477339933223549152646647330111663702071863347,0x8f1218ccc9a3f8d28044433c4ca29a6b6769d9daf03d3d5eff6f12aef68c7751,0.025,10,0.25,1759475620,Will the September 2025 unemployment rate be 4.1%?
0x448cda1a7de2136fa516827fc24e75c307667b661062cf5b54ca9d42a11b562f,0xe3726a1b9c6ba2f06585d1c9e01d00afaedaeb38,SELL,Yes,37186597914715005452782013420453477339933223549152646647330111663702071863347,0x8f1218ccc9a3f8d28044433c4ca29a6b6769d9daf03d3d5eff6f12aef68c7751,0.025,4.6,0.11499999999999999,1759475620,Will the September 2025 unemployment rate be 4.1%?
0x2a5119e53ed3c5fd3c682e07d81f1e4b6b6a0fc9ca72dfb0042c03f1cab0f5a8,0x63d43bbb87f85af03b8f2f9e2fad7b54334fa2f1,BUY,No,27530654147977907907423743227058670209375036605495295387670850772016950758706,0x8f1218ccc9a3f8d28044433c4ca29a6b6769d9daf03d3d5eff6f12aef68c7751,0.975,26,25.349999999999998,1759473402,Will the September 2025 unemployment rate be 4.1%?
0xd47a536eaff667e3a8cde354109d01b96c34148f233d5ce1bd59619b219765d4,0xd218e474776403a330142299f7796e8ba32eb5c9,BUY,No,27530654147977907907423743227058670209375036605495295387670850772016950758706,0x8f1218ccc9a3f8d28044433c4ca29a6b6769d9daf03d3d5eff6f12aef68c7751,0.975,20,19.5,1759473402,Will the September 2025 unemployment rate be 4.1%?
0xaef65c7f58ba4958cca8715e3202b0e0829dcd553b2276280f9b77500a53e237,0xe8dd7741ccb12350957ec71e9ee332e0d1e6ec86,BUY,No,27530654147977907907423743227058670209375036605495295387670850772016950758706,0x8f1218ccc9a3f8d28044433c4ca29a6b6769d9daf03d3d5eff6f12aef68c7751,0.975,26,25.349999999999998,1759473402,Will the September 2025 unemployment rate be 4.1%?
0x2ab8de9cb64d8252acf76def51202af2e6f81ea99aaac194183d5edd70893a1d,0xe3726a1b9c6ba2f06585d1c9e01d00afaedaeb38,SELL,Yes,37186597914715005452782013420453477339933223549152646647330111663702071863347,0x8f1218ccc9a3f8d28044433c4ca29a6b6769d9daf03d3d5eff6f12aef68c7751,0.025,22.65,0.56625,1759473402,Will the September 2025 unemployment rate be 4.1%?
0x5057c9eb6ba5e8c7dca8a08a32340cc76d3f7683d99517688ec2bceeb620d842,0x63d43bbb87f85af03b8f2f9e2fad7b54334fa2f1,BUY,No,27530654147977907907423743227058670209375036605495295387670850772016950758706,0x8f1218ccc9a3f8d28044433c4ca29a6b6769d9daf03d3d5eff6f12aef68c7751,0.975,11.76,11.466,1759473198,Will the September 2025 unemployment rate be 4.1%?
0xac4360bc0ae674671af2a0b8a9be272d204cc4066dcb1ad974c0b2ff09c1b578,0xd218e474776403a330142299f7796e8ba32eb5c9,BUY,No,27530654147977907907423743227058670209375036605495295387670850772016950758706,0x8f1218ccc9a3f8d28044433c4ca29a6b6769d9daf03d3d5eff6f12aef68c7751,0.975,10,9.75,1759473198,Will the September 2025 unemployment rate be 4.1%?
0x3ad4a27b1f43dfb36267098fb863a3a1ff59e58c67dbcab3019b4b796c285369,0xe3726a1b9c6ba2f06585d1c9e01d00afaedaeb38,SELL,Yes,37186597914715005452782013420453477339933223549152646647330111663702071863347,0x8f1218ccc9a3f8d28044433c4ca29a6b6769d9daf03d3d5eff6f12aef68c7751,0.025,11.76,0.294,1759473196,Will the September 2025 unemployment rate be 4.1%?
0x727dae82783aa33a2ff2af88e2edce615b1ed51b30b5921a48ab364708c5358f,0x63d43bbb87f85af03b8f2f9e2fad7b54334fa2f1,BUY,No,27530654147977907907423743227058670209375036605495295387670850772016950758706,0x8f1218ccc9a3f8d28044433c4ca29a6b6769d9daf03d3d5eff6f12aef68c7751,0.975,24.99,24.36525,1759472996,Will the September 2025 unemployment rate be 4.1%?
0xf235f0c5f23fa41dd31d3897ff8d119797ef198826d99bdb3e68f22e44f658ee,0xd218e474776403a330142299f7796e8ba32eb5c9,BUY,No,27530654147977907907423743227058670209375036605495295387670850772016950758706,0x8f1218ccc9a3f8d28044433c4ca29a6b6769d9daf03d3d5eff6f12aef68c7751,0.975,20,19.5,1759472996,Will the September 2025 unemployment rate be 4.1%?
0x74832b18b31f56fb49c7791c0db9b50d802acc5fbdc19c810f48738f45e33230,0xe3726a1b9c6ba2f06585d1c9e01d00afaedaeb38,SELL,Yes,37186597914715005452782013420453477339933223549152646647330111663702071863347,0x8f1218ccc9a3f8d28044433c4ca29a6b6769d9daf03d3d5eff6f12aef68c7751,0.025,11.76,0.294,1759472996,Will the September 2025 unemployment rate be 4.1%?
0x8279d5048fb70a74cb1522297a06b2c4800d4a2dd2d060e8cf7a1323cae8423d,0xe3726a1b9c6ba2f06585d1c9e01d00afaedaeb38,SELL,Yes,37186597914715005452782013420453477339933223549152646647330111663702071863347,0x8f1218ccc9a3f8d28044433c4ca29a6b6769d9daf03d3d5eff6f12aef68c7751,0.025,10,0.25,1759472532,Will the September 2025 unemployment rate be 4.1%?
0x84407618dddf0bc8798617a5c41d0e7b05372c56c7a22f7e82ed620911f5ba80,0xd218e474776403a330142299f7796e8ba32eb5c9,BUY,No,27530654147977907907423743227058670209375036605495295387670850772016950758706,0x8f1218ccc9a3f8d28044433c4ca29a6b6769d9daf03d3d5eff6f12aef68c7751,0.975,20,19.5,1759472532,Will the September 2025 unemployment rate be 4.1%?
0x43261e29e0f08b2dba6c886997c0e0c968269d31173906d048f9664d98415eef,0xe3726a1b9c6ba2f06585d1c9e01d00afaedaeb38,SELL,Yes,37186597914715005452782013420453477339933223549152646647330111663702071863347,0x8f1218ccc9a3f8d28044433c4ca29a6b6769d9daf03d3d5eff6f12aef68c7751,0.026,28.71,0.74646,1759472148,Will the September 2025 unemployment rate be 4.1%?
0x9e07983fe3461783985ce52089a094447447378ae5b25460726c8c21b45d54a0,0x63d43bbb87f85af03b8f2f9e2fad7b54334fa2f1,BUY,No,27530654147977907907423743227058670209375036605495295387670850772016950758706,0x8f1218ccc9a3f8d28044433c4ca29a6b6769d9daf03d3d5eff6f12aef68c7751,0.974,11.28,10.986719999999998,1759472148,Will the September 2025 unemployment rate be 4.1%?
0xc112b9c135b2135a4c4ee4ce5e9b72865058bb3652de8fd06d44bb0dc9e9fcc2,0xe4d6a2f7a431f2ff351f32be2757b725f41ffdd3,BUY,Yes,37186597914715005452782013420453477339933223549152646647330111663702071863347,0x8f1218ccc9a3f8d28044433c4ca29a6b6769d9daf03d3d5eff6f12aef68c7751,0.036729748,148.01,5.436370001479999,1759471144,Will the September 2025 unemployment rate be 4.1%?
0xde79066263a5851f9e091db2b71b604e62bc67a20c4dabaa1bc4156579af27de,0xd218e474776403a330142299f7796e8ba32eb5c9,BUY,No,27530654147977907907423743227058670209375036605495295387670850772016950758706,0x8f1218ccc9a3f8d28044433c4ca29a6b6769d9daf03d3d5eff6f12aef68c7751,0.975,100,97.5,1759470186,Will the September 2025 unemployment rate be 4.1%?
0x1bea54c7928aab09c0740187f726c6d81342e28c24246e440409a35395a2fc12,0xd218e474776403a330142299f7796e8ba32eb5c9,BUY,No,27530654147977907907423743227058670209375036605495295387670850772016950758706,0x8f1218ccc9a3f8d28044433c4ca29a6b6769d9daf03d3d5eff6f12aef68c7751,0.975,10,9.75,1759464537,Will the September 2025 unemployment rate be 4.1%?
0x371836ee67f91444a8c9e9125a90f0f6be2f12a902bdbdd3a9e120a1ef628efb,0xe3726a1b9c6ba2f06585d1c9e01d00afaedaeb38,SELL,Yes,37186597914715005452782013420453477339933223549152646647330111663702071863347,0x8f1218ccc9a3f8d28044433c4ca29a6b6769d9daf03d3d5eff6f12aef68c7751,0.025,9.27,0.23175,1759464537,Will the September 2025 unemployment rate be 4.1%?
0xc23d2a426ab2db71e3d804a1b223b3ca5fa8a5620bebb54bfa7d044a26ad5e41,0x51373c6b56e4a38bf97c301efbff840fc8451556,SELL,Yes,37186597914715005452782013420453477339933223549152646647330111663702071863347,0x8f1218ccc9a3f8d28044433c4ca29a6b6769d9daf03d3d5eff6f12aef68c7751,0.025,50,1.25,1759464461,Will the September 2025 unemployment rate be 4.1%?
0xc8634bbb7438649f51ab0508840e45d7fcca439e2f93c10f0aa6b3658c28648a,0x51373c6b56e4a38bf97c301efbff840fc8451556,BUY,No,27530654147977907907423743227058670209375036605495295387670850772016950758706,0x8f1218ccc9a3f8d28044433c4ca29a6b6769d9daf03d3d5eff6f12aef68c7751,0.975,50,48.75,1759464391,Will the September 2025 unemployment rate be 4.1%?
0xabf188fdfcf72f2599c6349eff30bd03d92b087f19ed0c47c0b6e1bc0c8afdf1,0xe4cfbb89c05d3429280c69969aee2cfb7a4678c4,BUY,No,27530654147977907907423743227058670209375036605495295387670850772016950758706,0x8f1218ccc9a3f8d28044433c4ca29a6b6769d9daf03d3d5eff6f12aef68c7751,0.975,25.00512,24.379992,1759464373,Will the September 2025 unemployment rate be 4.1%?
0xf25d650e61c5f79c428edf6c66088b4f5930fec58b4c3c7e9c5b75ab7dcc00e8,0xb48b9192dc52eed724fa58c66fa8926d06a3648e,BUY,No,27530654147977907907423743227058670209375036605495295387670850772016950758706,0x8f1218ccc9a3f8d28044433c4ca29a6b6769d9daf03d3d5eff6f12aef68c7751,0.975,195.2,190.32,1759464373,Will the September 2025 unemployment rate be 4.1%?
0xfff17ac0cc456a17644d952fd6b92ae24abfce2e9e424396ea5af9129a1d3066,0xe3726a1b9c6ba2f06585d1c9e01d00afaedaeb38,SELL,Yes,37186597914715005452782013420453477339933223549152646647330111663702071863347,0x8f1218ccc9a3f8d28044433c4ca29a6b6769d9daf03d3d5eff6f12aef68c7751,0.025,8.01,0.20025,1759464373,Will the September 2025 unemployment rate be 4.1%?
0x3c7108ef47c5811a3e1af44c4cb22a53f9ecf17334f276d4d6f9c2a410010e68,0x51373c6b56e4a38bf97c301efbff840fc8451556,BUY,No,27530654147977907907423743227058670209375036605495295387670850772016950758706,0x8f1218ccc9a3f8d28044433c4ca29a6b6769d9daf03d3d5eff6f12aef68c7751,0.975,50,48.75,1759464373,Will the September 2025 unemployment rate be 4.1%?
0x8c04a3fd681e4a5dc4350a0d71cfc53a42b669009d713e0c8258c96f5f257154,0x9be5b67ba060e4c34c7d21620bce2d31ef75985e,SELL,No,27530654147977907907423743227058670209375036605495295387670850772016950758706,0x8f1218ccc9a3f8d28044433c4ca29a6b6769d9daf03d3d5eff6f12aef68c7751,0.952,29,27.607999999999997,1759460665,Will the September 2025 unemployment rate be 4.1%?
0x7c126948d90c8224bcb2d7b51b7ea86c17216b7b2a33ace87ba5c0ab867b6026,0x5f390e4b7d6f06d6756a6c92afdbf7b3176aa78c,BUY,No,27530654147977907907423743227058670209375036605495295387670850772016950758706,0x8f1218ccc9a3f8d28044433c4ca29a6b6769d9daf03d3d5eff6f12aef68c7751,0.975,8.01,7.809749999999999,1759458519,Will the September 2025 unemployment rate be 4.1%?
0x5bfd0128df89d8c1c4125913053cf5fa5b59937bc751b05eccb1efdce93701a2,0xe3726a1b9c6ba2f06585d1c9e01d00afaedaeb38,SELL,Yes,37186597914715005452782013420453477339933223549152646647330111663702071863347,0x8f1218ccc9a3f8d28044433c4ca29a6b6769d9daf03d3d5eff6f12aef68c7751,0.025,9.89,0.24725000000000003,1759458519,Will the September 2025 unemployment rate be 4.1%?
0xa292600c732f17bf595e4cb1e3d3677c52ea8cd00b1d5ab16317eb9d2502de3f,0x51373c6b56e4a38bf97c301efbff840fc8451556,SELL,Yes,37186597914715005452782013420453477339933223549152646647330111663702071863347,0x8f1218ccc9a3f8d28044433c4ca29a6b6769d9daf03d3d5eff6f12aef68c7751,0.025,27.04,0.676,1759458519,Will the September 2025 unemployment rate be 4.1%?
0x13998aabebd4c04c847ee0d106011fd7dacfa3ffa2c4c279bb2f842dfc9a6a15,0x2a315a8d15cfde768bcd47ba5cacf3ef5894f2f0,BUY,No,27530654147977907907423743227058670209375036605495295387670850772016950758706,0x8f1218ccc9a3f8d28044433c4ca29a6b6769d9daf03d3d5eff6f12aef68c7751,0.975,10,9.75,1759458519,Will the September 2025 unemployment rate be 4.1%?
0xe1dd32938d9b0e90d3d831b4aa9d44c8cc7ac9be9bfe93d28192a12ec8d89d47,0x91920219b97733a014f87969480f2f20e47f7ed9,BUY,No,27530654147977907907423743227058670209375036605495295387670850772016950758706,0x8f1218ccc9a3f8d28044433c4ca29a6b6769d9daf03d3d5eff6f12aef68c7751,0.9739999993,8.665269,8.439971999934313,1759445891,Will the September 2025 unemployment rate be 4.1%?
0x6cea64a4c2892bbd2709d97c1e3c37776a31b3d36545c9061c1bbb7487bd43b3,0xd218e474776403a330142299f7796e8ba32eb5c9,BUY,No,27530654147977907907423743227058670209375036605495295387670850772016950758706,0x8f1218ccc9a3f8d28044433c4ca29a6b6769d9daf03d3d5eff6f12aef68c7751,0.974,10,9.74,1759441253,Will the September 2025 unemployment rate be 4.1%?
0x413770b8f302ebb29668d50688830f4746bb97de694f4ef43b17f1a478d54740,0xe8dd7741ccb12350957ec71e9ee332e0d1e6ec86,BUY,No,27530654147977907907423743227058670209375036605495295387670850772016950758706,0x8f1218ccc9a3f8d28044433c4ca29a6b6769d9daf03d3d5eff6f12aef68c7751,0.975,20.53332,20.019987,1759436701,Will the September 2025 unemployment rate be 4.1%?
0x453915bc0f2f583d7117037bb428a73a4fe74f56eacb91ed485010cfd39a6ae6,0x98651a30bfe8e7ab89ef1873f3b51fab47dfcf47,BUY,No,27530654147977907907423743227058670209375036605495295387670850772016950758706,0x8f1218ccc9a3f8d28044433c4ca29a6b6769d9daf03d3d5eff6f12aef68c7751,0.975,5.23076,5.099991,1759436443,Will the September 2025 unemployment rate be 4.1%?
0x208a81afed7364a7e27adafa6fc897ce1a25fd2ee4da45c00c05c25046a4ae90,0x51373c6b56e4a38bf97c301efbff840fc8451556,SELL,Yes,37186597914715005452782013420453477339933223549152646647330111663702071863347,0x8f1218ccc9a3f8d28044433c4ca29a6b6769d9daf03d3d5eff6f12aef68c7751,0.025,50,1.25,1759433891,Will the September 2025 unemployment rate be 4.1%?
0xc33d058dc1b8e040769a988d6bfc70aafd992def9fe1826170081f4210c548a8,0x51373c6b56e4a38bf97c301efbff840fc8451556,SELL,Yes,37186597914715005452782013420453477339933223549152646647330111663702071863347,0x8f1218ccc9a3f8d28044433c4ca29a6b6769d9daf03d3d5eff6f12aef68c7751,0.025,50,1.25,1759433827,Will the September 2025 unemployment rate be 4.1%?
0xf06bc1ece677599ecda0f1960085810e59eca8b691cbcc759699ffda3f003260,0x51373c6b56e4a38bf97c301efbff840fc8451556,BUY,No,27530654147977907907423743227058670209375036605495295387670850772016950758706,0x8f1218ccc9a3f8d28044433c4ca29a6b6769d9daf03d3d5eff6f12aef68c7751,0.975,50,48.75,1759433809,Will the September 2025 unemployment rate be 4.1%?
0x7084825dd3ed1bf639f1fa9f18ddf59135a4dbd9a3ac12b0ad2b88a9823907b5,0xa17ee4260577a22acab1bf5802112efb8ed85180,BUY,No,27530654147977907907423743227058670209375036605495295387670850772016950758706,0x8f1218ccc9a3f8d28044433c4ca29a6b6769d9daf03d3d5eff6f12aef68c7751,0.975,5.46664,5.329974,1759431163,Will the September 2025 unemployment rate be 4.1%?
0x144cfcda1ee0c50e3c0d7222cf353359f1a5d30a8b259a9cf8c68234c238b7de,0x6ad49545ba351a833a359aad1d9f2445496a5f1c,BUY,No,27530654147977907907423743227058670209375036605495295387670850772016950758706,0x8f1218ccc9a3f8d28044433c4ca29a6b6769d9daf03d3d5eff6f12aef68c7751,0.975,24.61536,23.999976,1759430287,Will the September 2025 unemployment rate be 4.1%?
0x6ba7c936280cc3d05fb71aa3ddb3775536553efcf069e83999692683fcef0f5c,0x6ef589efb6ebf53d5efecb333b7f74615f129e19,SELL,Yes,37186597914715005452782013420453477339933223549152646647330111663702071863347,0x8f1218ccc9a3f8d28044433c4ca29a6b6769d9daf03d3d5eff6f12aef68c7751,0.026,88.69,2.3059399999999997,1759423333,Will the September 2025 unemployment rate be 4.1%?
0xdcab4a93ab8a8fe58601f9d37d591e070974de20d2f11633e9a8bac6fc5afedc,0x6ef589efb6ebf53d5efecb333b7f74615f129e19,BUY,Yes,37186597914715005452782013420453477339933223549152646647330111663702071863347,0x8f1218ccc9a3f8d28044433c4ca29a6b6769d9daf03d3d5eff6f12aef68c7751,0.0450980398,88.695651,3.99999999888491,1759415763,Will the September 2025 unemployment rate be 4.1%?
0xd68e0fb06d77cf5f608cc36512894267adf5273d86289e82abbc12e4038f5261,0xcd91a549956854fdc38efad7e80ff5da8f5432b8,BUY,No,27530654147977907907423743227058670209375036605495295387670850772016950758706,0x8f1218ccc9a3f8d28044433c4ca29a6b6769d9daf03d3d5eff6f12aef68c7751,0.974,25,24.349999999999998,1759401823,Will the September 2025 unemployment rate be 4.1%?
0x47c8ae11f89d91aedd701096e3d8dd0670547eb7c7fc643c9fe9e658740a7774,0x5143389adf6df76632034251bcc1656ce8fab6ce,BUY,No,27530654147977907907423743227058670209375036605495295387670850772016950758706,0x8f1218ccc9a3f8d28044433c4ca29a6b6769d9daf03d3d5eff6f12aef68c7751,0.9739999988,5.030769,4.899968999963077,1759399823,Will the September 2025 unemployment rate be 4.1%?
0x0d78573c614396b2fbfbebf54360454803a4e786db1203a13099c43456fc62cf,0xcd91a549956854fdc38efad7e80ff5da8f5432b8,BUY,No,27530654147977907907423743227058670209375036605495295387670850772016950758706,0x8f1218ccc9a3f8d28044433c4ca29a6b6769d9daf03d3d5eff6f12aef68c7751,0.974,25,24.349999999999998,1759398581,Will the September 2025 unemployment rate be 4.1%?
0xc2af1b626a6c97645e2a6475bff771805ab1c38de5b60a9967ff08092e5302c5,0x63d43bbb87f85af03b8f2f9e2fad7b54334fa2f1,BUY,No,27530654147977907907423743227058670209375036605495295387670850772016950758706,0x8f1218ccc9a3f8d28044433c4ca29a6b6769d9daf03d3d5eff6f12aef68c7751,0.975,6.9,6.7275,1759398569,Will the September 2025 unemployment rate be 4.1%?
0xd70322bc5e926a35b956fc21e573234b6b6b964b4104c1dc96a202b1f06a83b4,0xe8dd7741ccb12350957ec71e9ee332e0d1e6ec86,BUY,No,27530654147977907907423743227058670209375036605495295387670850772016950758706,0x8f1218ccc9a3f8d28044433c4ca29a6b6769d9daf03d3d5eff6f12aef68c7751,0.975,28.89228,28.169973,1759398569,Will the September 2025 unemployment rate be 4.1%?
0xf36169c2f9abb67d222ed3c266873ae1ad399391946a93fec665179d5a6e933d,0xd218e474776403a330142299f7796e8ba32eb5c9,BUY,No,27530654147977907907423743227058670209375036605495295387670850772016950758706,0x8f1218ccc9a3f8d28044433c4ca29a6b6769d9daf03d3d5eff6f12aef68c7751,0.975,20,19.5,1759398569,Will the September 2025 unemployment rate be 4.1%?
0x5a316584ec2f69eb8f5e96ed9dc1ba42f124250c908dbea01b26390262dfa40b,0xe3726a1b9c6ba2f06585d1c9e01d00afaedaeb38,SELL,Yes,37186597914715005452782013420453477339933223549152646647330111663702071863347,0x8f1218ccc9a3f8d28044433c4ca29a6b6769d9daf03d3d5eff6f12aef68c7751,0.025,28.89,0.7222500000000001,1759398567,Will the September 2025 unemployment rate be 4.1%?
0x8514a0468557405529155da461de4666fd20804b9983b2409abaf7f1c844ce88,0x527798b8dedcee32cdc388af1bf390ed09e8f94c,BUY,No,27530654147977907907423743227058670209375036605495295387670850772016950758706,0x8f1218ccc9a3f8d28044433c4ca29a6b6769d9daf03d3d5eff6f12aef68c7751,0.974,100,97.39999999999999,1759393261,Will the September 2025 unemployment rate be 4.1%?
0x6b568c5c8c68b4a154e34004ae082b925c45c61960a46bce5939a11860b09351,0x51373c6b56e4a38bf97c301efbff840fc8451556,SELL,Yes,37186597914715005452782013420453477339933223549152646647330111663702071863347,0x8f1218ccc9a3f8d28044433c4ca29a6b6769d9daf03d3d5eff6f12aef68c7751,0.026,50,1.3,1759390217,Will the September 2025 unemployment rate be 4.1%?
0xac1aabf61e8760a6a59892acd210a4cfcf5e90ecbc33b1df720eb9a04957ee5f,0xe8dd7741ccb12350957ec71e9ee332e0d1e6ec86,BUY,No,27530654147977907907423743227058670209375036605495295387670850772016950758706,0x8f1218ccc9a3f8d28044433c4ca29a6b6769d9daf03d3d5eff6f12aef68c7751,0.9739999996,54.85623,53.429967998057506,1759390217,Will the September 2025 unemployment rate be 4.1%?
0x999c91eaf72b8432b9c5f45b66067291f4c411db954fd8bb2b4e540ded26e5c2,0x51373c6b56e4a38bf97c301efbff840fc8451556,SELL,Yes,37186597914715005452782013420453477339933223549152646647330111663702071863347,0x8f1218ccc9a3f8d28044433c4ca29a6b6769d9daf03d3d5eff6f12aef68c7751,0.027,50,1.35,1759385655,Will the September 2025 unemployment rate be 4.1%?
0xe3eef75501028b14a61e685dacab826f4bb729ef09e9d091d9d47aaaa2631ddf,0xe4d6a2f7a431f2ff351f32be2757b725f41ffdd3,BUY,Yes,37186597914715005452782013420453477339933223549152646647330111663702071863347,0x8f1218ccc9a3f8d28044433c4ca29a6b6769d9daf03d3d5eff6f12aef68c7751,0.0541653591,299.53,16.224150011223,1759385643,Will the September 2025 unemployment rate be 4.1%?
0x7214fbc959cacdb35c9c38b6e79ad188da7547be282e3f42f7d07ed40bbd9ca9,0x9be5b67ba060e4c34c7d21620bce2d31ef75985e,BUY,No,27530654147977907907423743227058670209375036605495295387670850772016950758706,0x8f1218ccc9a3f8d28044433c4ca29a6b6769d9daf03d3d5eff6f12aef68c7751,0.974,29,28.246,1759382641,Will the September 2025 unemployment rate be 4.1%?
0x1ab04b47877be8489f57f9a4c30e8e33d90b059505a1f0aef7f702a9384b42b0,0x2a450c79e1e1c23a5e45c4656c17a17fdd13c42d,BUY,No,27530654147977907907423743227058670209375036605495295387670850772016950758706,0x8f1218ccc9a3f8d28044433c4ca29a6b6769d9daf03d3d5eff6f12aef68c7751,0.9739999998,20.533846,19.99996599989323,1759356047,Will the September 2025 unemployment rate be 4.1%?
0x99a0edfe892a4b6c63c8f6fe58f8dc09caa1006d61daa1c1494f2452b5c3729e,0x63d43bbb87f85af03b8f2f9e2fad7b54334fa2f1,BUY,No,27530654147977907907423743227058670209375036605495295387670850772016950758706,0x8f1218ccc9a3f8d28044433c4ca29a6b6769d9daf03d3d5eff6f12aef68c7751,0.973,6,5.838,1759322643,Will the September 2025 unemployment rate be 4.1%?
0x5bb4e711a4f46ee1904eaf4b07ac976899f153d1252b85c00d6e476ab9952f90,0xd218e474776403a330142299f7796e8ba32eb5c9,BUY,No,27530654147977907907423743227058670209375036605495295387670850772016950758706,0x8f1218ccc9a3f8d28044433c4ca29a6b6769d9daf03d3d5eff6f12aef68c7751,0.974,10,9.74,1759320541,Will the September 2025 unemployment rate be 4.1%?
0xceb7250a3ddf14db9b95bd53fc333e6d9c2467ac85ab9d914ce231ea16a3884d,0x131860b89e2392aca8d4d607a7112acd13dddf41,BUY,Yes,37186597914715005452782013420453477339933223549152646647330111663702071863347,0x8f1218ccc9a3f8d28044433c4ca29a6b6769d9daf03d3d5eff6f12aef68c7751,0.07,80,5.6000000000000005,1759316381,Will the September 2025 unemployment rate be 4.1%?
0x63d04f7725435c7c56808cc66def8983a68c3f8a7b7784904f2aa1033c847248,0x6caac7f4117588b67f34227f7a95c3caac6b85d4,BUY,No,27530654147977907907423743227058670209375036605495295387670850772016950758706,0x8f1218ccc9a3f8d28044433c4ca29a6b6769d9daf03d3d5eff6f12aef68c7751,0.9729999881,8.057552,7.839998000115131,1759314645,Will the September 2025 unemployment rate be 4.1%?
0x12379e2cfb8ea3d49eb2b903902644a45838cfb5d51a0a1efdb5eb5c1f2eb752,0x04dcbd9b805b220a9b2d27e4d9e649ed07902387,BUY,Yes,37186597914715005452782013420453477339933223549152646647330111663702071863347,0x8f1218ccc9a3f8d28044433c4ca29a6b6769d9daf03d3d5eff6f12aef68c7751,0.029,30,0.87,1759310427,Will the September 2025 unemployment rate be 4.1%?
0xa7b58dd8a4971d93a2fa2e34f5cd74cff53e8f474c9f763af3fe581b9031201c,0xe3726a1b9c6ba2f06585d1c9e01d00afaedaeb38,SELL,Yes,37186597914715005452782013420453477339933223549152646647330111663702071863347,0x8f1218ccc9a3f8d28044433c4ca29a6b6769d9daf03d3d5eff6f12aef68c7751,0.029,40,1.1600000000000001,1759306591,Will the September 2025 unemployment rate be 4.1%?
0x5970a68e732e3582b5efac179216e8d41425fa803d7f725f660e0d780339af86,0x04dcbd9b805b220a9b2d27e4d9e649ed07902387,BUY,Yes,37186597914715005452782013420453477339933223549152646647330111663702071863347,0x8f1218ccc9a3f8d28044433c4ca29a6b6769d9daf03d3d5eff6f12aef68c7751,0.065,669,43.485,1759303913,Will the September 2025 unemployment rate be 4.1%?
0xcfc8ac3cffba4c0792032163bb06ed34fb7b33b704504aca1237fc51a21caf99,0x04dcbd9b805b220a9b2d27e4d9e649ed07902387,BUY,Yes,37186597914715005452782013420453477339933223549152646647330111663702071863347,0x8f1218ccc9a3f8d28044433c4ca29a6b6769d9daf03d3d5eff6f12aef68c7751,0.065,1200,78.0,1759303825,Will the September 2025 unemployment rate be 4.1%?
0xe25822328eb8c4345db43a64eb51a1e288384492cea78e27c13e36ef7b7834be,0x04dcbd9b805b220a9b2d27e4d9e649ed07902387,BUY,Yes,37186597914715005452782013420453477339933223549152646647330111663702071863347,0x8f1218ccc9a3f8d28044433c4ca29a6b6769d9daf03d3d5eff6f12aef68c7751,0.06463058,1000,64.63058000000001,1759303747,Will the September 2025 unemployment rate be 4.1%?
0x831f1bc7a873c5e0dbde5eb9ce1b657b46df22a0e66a8a2a65a11fd434ef03dc,0x04dcbd9b805b220a9b2d27e4d9e649ed07902387,BUY,Yes,37186597914715005452782013420453477339933223549152646647330111663702071863347,0x8f1218ccc9a3f8d28044433c4ca29a6b6769d9daf03d3d5eff6f12aef68c7751,0.06372935,400,25.49174,1759303655,Will the September 2025 unemployment rate be 4.1%?
0x17f164c3f011ce3c5a8884e43ed5fb645307893213f2746b744d94f6be74e43b,0x51373c6b56e4a38bf97c301efbff840fc8451556,SELL,Yes,37186597914715005452782013420453477339933223549152646647330111663702071863347,0x8f1218ccc9a3f8d28044433c4ca29a6b6769d9daf03d3d5eff6f12aef68c7751,0.025,50,1.25,1759300303,Will the September 2025 unemployment rate be 4.1%?
0x9f2bfea14af0ec410f4c41190197b1c4e8d2f492ca905aee4405cf7490f00d2e,0x51373c6b56e4a38bf97c301efbff840fc8451556,SELL,Yes,37186597914715005452782013420453477339933223549152646647330111663702071863347,0x8f1218ccc9a3f8d28044433c4ca29a6b6769d9daf03d3d5eff6f12aef68c7751,0.025,50,1.25,1759300221,Will the September 2025 unemployment rate be 4.1%?
0x17cb40a04d45deae8e2cff18e0070caef8bf3e0ac6a72fd5275e37376895cbd8,0xebc0df15e665da95bf819105b723ae90042ffa41,BUY,No,27530654147977907907423743227058670209375036605495295387670850772016950758706,0x8f1218ccc9a3f8d28044433c4ca29a6b6769d9daf03d3d5eff6f12aef68c7751,0.975,25.00512,24.379992,1759300221,Will the September 2025 unemployment rate be 4.1%?
0xf258f11460209ef114ff78412f92c2e7fb19408ab17033903d16cf71e3105e93,0xe4cfbb89c05d3429280c69969aee2cfb7a4678c4,BUY,No,27530654147977907907423743227058670209375036605495295387670850772016950758706,0x8f1218ccc9a3f8d28044433c4ca29a6b6769d9daf03d3d5eff6f12aef68c7751,0.975,25.00512,24.379992,1759300221,Will the September 2025 unemployment rate be 4.1%?
0x869e9213d87ff8c3f367ee0ed14f31b3a43522b03ab55a35d67c960a52483484,0xb48b9192dc52eed724fa58c66fa8926d06a3648e,BUY,No,27530654147977907907423743227058670209375036605495295387670850772016950758706,0x8f1218ccc9a3f8d28044433c4ca29a6b6769d9daf03d3d5eff6f12aef68c7751,0.975,50,48.75,1759300221,Will the September 2025 unemployment rate be 4.1%?
0xb7e072c96078eb207097f8b024e3fcef209d64e48b215e2ea4d9b1f28d0b2b1b,0xe3726a1b9c6ba2f06585d1c9e01d00afaedaeb38,SELL,Yes,37186597914715005452782013420453477339933223549152646647330111663702071863347,0x8f1218ccc9a3f8d28044433c4ca29a6b6769d9daf03d3d5eff6f12aef68c7751,0.025,10.99,0.27475,1759296051,Will the September 2025 unemployment rate be 4.1%?
0x641198db9d35cea0c5b0717743d127900e1164cff550e4a8b07f90e7847a11e9,0xd218e474776403a330142299f7796e8ba32eb5c9,BUY,No,27530654147977907907423743227058670209375036605495295387670850772016950758706,0x8f1218ccc9a3f8d28044433c4ca29a6b6769d9daf03d3d5eff6f12aef68c7751,0.975,8.01,7.809749999999999,1759296023,Will the September 2025 unemployment rate be 4.1%?
0xbe9b8bd40b79d79ea93d367eb5a283b7838bb7fab9550a4506fee8bbb941a8a3,0xe3726a1b9c6ba2f06585d1c9e01d00afaedaeb38,SELL,Yes,37186597914715005452782013420453477339933223549152646647330111663702071863347,0x8f1218ccc9a3f8d28044433c4ca29a6b6769d9daf03d3d5eff6f12aef68c7751,0.025,11,0.275,1759296023,Will the September 2025 unemployment rate be 4.1%?
0xa0bc2a398bcf8721d52189be20f845e31cb6d1f3ddbc0a357b835f6cce4a63e2,0x63d43bbb87f85af03b8f2f9e2fad7b54334fa2f1,BUY,No,27530654147977907907423743227058670209375036605495295387670850772016950758706,0x8f1218ccc9a3f8d28044433c4ca29a6b6769d9daf03d3d5eff6f12aef68c7751,0.974,0.99,0.96426,1759296017,Will the September 2025 unemployment rate be 4.1%?
0x15dac707dc2dc4b6338150d4d05b9f839ceafc062f4b9ff66b40295e01f94330,0x63d43bbb87f85af03b8f2f9e2fad7b54334fa2f1,BUY,No,27530654147977907907423743227058670209375036605495295387670850772016950758706,0x8f1218ccc9a3f8d28044433c4ca29a6b6769d9daf03d3d5eff6f12aef68c7751,0.974,9,8.766,1759296017,Will the September 2025 unemployment rate be 4.1%?
0xda0acc1f7ba423e03a9eb11611431da28550d5093b55ac061ac357c4ea1d5434,0xd218e474776403a330142299f7796e8ba32eb5c9,BUY,No,27530654147977907907423743227058670209375036605495295387670850772016950758706,0x8f1218ccc9a3f8d28044433c4ca29a6b6769d9daf03d3d5eff6f12aef68c7751,0.974,30,29.22,1759296015,Will the September 2025 unemployment rate be 4.1%?
0xc8d28526ba24ec59485856a685d076b77990c9b9ba9326dc3d0548ca4f48936c,0x04dcbd9b805b220a9b2d27e4d9e649ed07902387,BUY,Yes,37186597914715005452782013420453477339933223549152646647330111663702071863347,0x8f1218ccc9a3f8d28044433c4ca29a6b6769d9daf03d3d5eff6f12aef68c7751,0.0435698925,93,4.0520000025,1759294407,Will the September 2025 unemployment rate be 4.1%?
0x2fa20a9cf8792b537824b053b6782bab5864cd4cffda290f8d83918065e02fcd,0xd218e474776403a330142299f7796e8ba32eb5c9,BUY,No,27530654147977907907423743227058670209375036605495295387670850772016950758706,0x8f1218ccc9a3f8d28044433c4ca29a6b6769d9daf03d3d5eff6f12aef68c7751,0.975,20,19.5,1759294227,Will the September 2025 unemployment rate be 4.1%?
0xd18d6d081a4bee52f31b30fa084449e6e9b60a3c75736944d3c056d3af41ac2a,0x4df7da721042bf8b75bd1cb7acbeb7f83aaf522d,BUY,No,27530654147977907907423743227058670209375036605495295387670850772016950758706,0x8f1218ccc9a3f8d28044433c4ca29a6b6769d9daf03d3d5eff6f12aef68c7751,0.975,14.9846,14.609985,1759293159,Will the September 2025 unemployment rate be 4.1%?
0x5d95cb2b623b188db6fa71e5bee85dce1762d0299e4f7d6f395d22f0e7081d4e,0xe8dd7741ccb12350957ec71e9ee332e0d1e6ec86,BUY,No,27530654147977907907423743227058670209375036605495295387670850772016950758706,0x8f1218ccc9a3f8d28044433c4ca29a6b6769d9daf03d3d5eff6f12aef68c7751,0.975,27.34356,26.659971,1759293157,Will the September 2025 unemployment rate be 4.1%?
0x696dbe5f402fb05ab2b177c1e9d25b09d9d0225e4b27d6058b6f4ddcc63e8b8f,0x63d43bbb87f85af03b8f2f9e2fad7b54334fa2f1,BUY,No,27530654147977907907423743227058670209375036605495295387670850772016950758706,0x8f1218ccc9a3f8d28044433c4ca29a6b6769d9daf03d3d5eff6f12aef68c7751,0.975,27.34,26.656499999999998,1759293157,Will the September 2025 unemployment rate be 4.1%?
0x8a211f83713530edd6036dca0b1203ef21ff00adf4d6a35e86b906ffb565697e,0xe3726a1b9c6ba2f06585d1c9e01d00afaedaeb38,SELL,Yes,37186597914715005452782013420453477339933223549152646647330111663702071863347,0x8f1218ccc9a3f8d28044433c4ca29a6b6769d9daf03d3d5eff6f12aef68c7751,0.025,27.34,0.6835,1759293157,Will the September 2025 unemployment rate be 4.1%?
0xc9efc36a92929dc0af3d475419800b6de972bdc852c3173c562002a38d7dcbe7,0xd218e474776403a330142299f7796e8ba32eb5c9,BUY,No,27530654147977907907423743227058670209375036605495295387670850772016950758706,0x8f1218ccc9a3f8d28044433c4ca29a6b6769d9daf03d3d5eff6f12aef68c7751,0.975,20,19.5,1759293157,Will the September 2025 unemployment rate be 4.1%?
0xa53ae7c80dd58a03c98b1a8a674e6a453ce47e0278a832f36e3f801e506f7987,0x63d43bbb87f85af03b8f2f9e2fad7b54334fa2f1,BUY,No,27530654147977907907423743227058670209375036605495295387670850772016950758706,0x8f1218ccc9a3f8d28044433c4ca29a6b6769d9daf03d3d5eff6f12aef68c7751,0.975,53.68,52.338,1759293077,Will the September 2025 unemployment rate be 4.1%?
0x2beedbdad320ccf8c92ab212617588a12d283e8279c4c0b7f7c0fcf4af41cc0e,0xe3726a1b9c6ba2f06585d1c9e01d00afaedaeb38,SELL,Yes,37186597914715005452782013420453477339933223549152646647330111663702071863347,0x8f1218ccc9a3f8d28044433c4ca29a6b6769d9daf03d3d5eff6f12aef68c7751,0.025,60,1.5,1759293077,Will the September 2025 unemployment rate be 4.1%?
0x5c388def332f784c3563bccc088588a50176810bab96971321fb3be82f109a3e,0xd218e474776403a330142299f7796e8ba32eb5c9,BUY,No,27530654147977907907423743227058670209375036605495295387670850772016950758706,0x8f1218ccc9a3f8d28044433c4ca29a6b6769d9daf03d3d5eff6f12aef68c7751,0.975,50,48.75,1759293077,Will the September 2025 unemployment rate be 4.1%?
0xf369800c4908a283e5b5b4eb48726518202ca2611bac5078906e27ed39854f17,0xe8dd7741ccb12350957ec71e9ee332e0d1e6ec86,BUY,No,27530654147977907907423743227058670209375036605495295387670850772016950758706,0x8f1218ccc9a3f8d28044433c4ca29a6b6769d9daf03d3d5eff6f12aef68c7751,0.975,53.68204,52.339989,1759293077,Will the September 2025 unemployment rate be 4.1%?
0xbf23efc8ae47aee4a34a123b7d0f868a3332503d85792591438f4d1c60dd6634,0xe3726a1b9c6ba2f06585d1c9e01d00afaedaeb38,SELL,Yes,37186597914715005452782013420453477339933223549152646647330111663702071863347,0x8f1218ccc9a3f8d28044433c4ca29a6b6769d9daf03d3d5eff6f12aef68c7751,0.025,6.32,0.15800000000000003,1759293031,Will the September 2025 unemployment rate be 4.1%?
0xbb698d3b73c863f185b0fc80c7b935f403b0f1c92dcd737bca622c89e8247d32,0x63d43bbb87f85af03b8f2f9e2fad7b54334fa2f1,BUY,No,27530654147977907907423743227058670209375036605495295387670850772016950758706,0x8f1218ccc9a3f8d28044433c4ca29a6b6769d9daf03d3d5eff6f12aef68c7751,0.975,16.64,16.224,1759292921,Will the September 2025 unemployment rate be 4.1%?
0x2c91a6118e6567e0ff1b0a2197b2cfe870f4d809f43683ce8c29d7357d5a8636,0xe3726a1b9c6ba2f06585d1c9e01d00afaedaeb38,SELL,Yes,37186597914715005452782013420453477339933223549152646647330111663702071863347,0x8f1218ccc9a3f8d28044433c4ca29a6b6769d9daf03d3d5eff6f12aef68c7751,0.025,10.33,0.25825000000000004,1759292921,Will the September 2025 unemployment rate be 4.1%?
0xff24d901f03fa3aa35f119c627ad8f3b906a74925749008ea8ad3576eb46fc51,0xe3726a1b9c6ba2f06585d1c9e01d00afaedaeb38,SELL,Yes,37186597914715005452782013420453477339933223549152646647330111663702071863347,0x8f1218ccc9a3f8d28044433c4ca29a6b6769d9daf03d3d5eff6f12aef68c7751,0.025,16.65,0.41625,1759292921,Will the September 2025 unemployment rate be 4.1%?
0x8f8f7a529b71b7e4a6bf0c927e942a40ebf1ddf6e101e5ba011582f47c4dc578,0x2a315a8d15cfde768bcd47ba5cacf3ef5894f2f0,BUY,No,27530654147977907907423743227058670209375036605495295387670850772016950758706,0x8f1218ccc9a3f8d28044433c4ca29a6b6769d9daf03d3d5eff6f12aef68c7751,0.975,10,9.75,1759292921,Will the September 2025 unemployment rate be 4.1%?
0xef7356a8ba2db63912e6485520acf1dc3d91160b7c88dcd6b0ec152f54f63e74,0x2a315a8d15cfde768bcd47ba5cacf3ef5894f2f0,BUY,No,27530654147977907907423743227058670209375036605495295387670850772016950758706,0x8f1218ccc9a3f8d28044433c4ca29a6b6769d9daf03d3d5eff6f12aef68c7751,0.975,10,9.75,1759292341,Will the September 2025 unemployment rate be 4.1%?
0x47ee5688cc2be88c02f7ec983bb9e283815d42b8e72ea9e55cd7bb23caa368ce,0xe8dd7741ccb12350957ec71e9ee332e0d1e6ec86,BUY,No,27530654147977907907423743227058670209375036605495295387670850772016950758706,0x8f1218ccc9a3f8d28044433c4ca29a6b6769d9daf03d3d5eff6f12aef68c7751,0.975,37.3846,36.449985,1759292341,Will the September 2025 unemployment rate be 4.1%?
0x57d6b3ef7424c5d6dc01cb929f5300331fdf40de2dc6057371e7a3f5a839daf4,0xe3726a1b9c6ba2f06585d1c9e01d00afaedaeb38,SELL,Yes,37186597914715005452782013420453477339933223549152646647330111663702071863347,0x8f1218ccc9a3f8d28044433c4ca29a6b6769d9daf03d3d5eff6f12aef68c7751,0.025,12.62,0.3155,1759292341,Will the September 2025 unemployment rate be 4.1%?
0x63b5ae57e747aef131ff356358a17fd6ca2458800f9ef8b83aaaf4d58a47e67a,0x63d43bbb87f85af03b8f2f9e2fad7b54334fa2f1,BUY,No,27530654147977907907423743227058670209375036605495295387670850772016950758706,0x8f1218ccc9a3f8d28044433c4ca29a6b6769d9daf03d3d5eff6f12aef68c7751,0.975,22,21.45,1759292249,Will the September 2025 unemployment rate be 4.1%?
0x37aa1529c5aa146f7ca307f69ba35a145ad6c57d5c00a701eb08fdcc9cfe46b9,0x63d43bbb87f85af03b8f2f9e2fad7b54334fa2f1,BUY,No,27530654147977907907423743227058670209375036605495295387670850772016950758706,0x8f1218ccc9a3f8d28044433c4ca29a6b6769d9daf03d3d5eff6f12aef68c7751,0.975,22,21.45,1759292247,Will the September 2025 unemployment rate be 4.1%?
0x5c98bc92a7bcf1a7620c154f8003e88258f5f70a5fa4184eeebb957c67dd5d98,0xe3726a1b9c6ba2f06585d1c9e01d00afaedaeb38,SELL,Yes,37186597914715005452782013420453477339933223549152646647330111663702071863347,0x8f1218ccc9a3f8d28044433c4ca29a6b6769d9daf03d3d5eff6f12aef68c7751,0.025,22.72,0.568,1759292247,Will the September 2025 unemployment rate be 4.1%?
0x97cde89c9dc4638acee2f68253b06c146a16fbc7c7a99b465c370cc620c28689,0x63d43bbb87f85af03b8f2f9e2fad7b54334fa2f1,BUY,No,27530654147977907907423743227058670209375036605495295387670850772016950758706,0x8f1218ccc9a3f8d28044433c4ca29a6b6769d9daf03d3d5eff6f12aef68c7751,0.975,64.23,62.62425,1759291583,Will the September 2025 unemployment rate be 4.1%?
0x992bada63be0f67c5a8a539119e0418e99eb2ada4dfb1e5a6dc4e3f9f63451b4,0x2a315a8d15cfde768bcd47ba5cacf3ef5894f2f0,BUY,No,27530654147977907907423743227058670209375036605495295387670850772016950758706,0x8f1218ccc9a3f8d28044433c4ca29a6b6769d9daf03d3d5eff6f12aef68c7751,0.975,40,39.0,1759291583,Will the September 2025 unemployment rate be 4.1%?
0xffcbd4b788d2d3f245080cd93fcfae13f5ce7d2af90414a3087086115200fa92,0xe3726a1b9c6ba2f06585d1c9e01d00afaedaeb38,SELL,Yes,37186597914715005452782013420453477339933223549152646647330111663702071863347,0x8f1218ccc9a3f8d28044433c4ca29a6b6769d9daf03d3d5eff6f12aef68c7751,0.025,59.52,1.4880000000000002,1759291583,Will the September 2025 unemployment rate be 4.1%?
0x4f59848ac6c38f5729169b03c43b53eb0e1f6cd3fda93f2ea5fe479c018080f9,0x51373c6b56e4a38bf97c301efbff840fc8451556,SELL,Yes,37186597914715005452782013420453477339933223549152646647330111663702071863347,0x8f1218ccc9a3f8d28044433c4ca29a6b6769d9daf03d3d5eff6f12aef68c7751,0.025,50,1.25,1759291583,Will the September 2025 unemployment rate be 4.1%?
0x5cd8025c89a41ddbd6941f8ad2c5db586d0c8b181f1290603c704f612b1c5640,0xe3726a1b9c6ba2f06585d1c9e01d00afaedaeb38,SELL,Yes,37186597914715005452782013420453477339933223549152646647330111663702071863347,0x8f1218ccc9a3f8d28044433c4ca29a6b6769d9daf03d3d5eff6f12aef68c7751,0.025,18,0.45,1759272005,Will the September 2025 unemployment rate be 4.1%?
0xfec306246b771572d0e9525cc865811efedc06a89cca1247d58f2ed90050857a,0xceae15533f441b29685bb41dd8d25835760c7a2d,BUY,No,27530654147977907907423743227058670209375036605495295387670850772016950758706,0x8f1218ccc9a3f8d28044433c4ca29a6b6769d9daf03d3d5eff6f12aef68c7751,0.975,100,97.5,1759255417,Will the September 2025 unemployment rate be 4.1%?
0x216ebf4bed2acb99854ef2f95d31ae582d13a66d9880f828bd1625c42dfd5c8e,0x63d43bbb87f85af03b8f2f9e2fad7b54334fa2f1,BUY,No,27530654147977907907423743227058670209375036605495295387670850772016950758706,0x8f1218ccc9a3f8d28044433c4ca29a6b6769d9daf03d3d5eff6f12aef68c7751,0.975,39.77,38.77575,1759255417,Will the September 2025 unemployment rate be 4.1%?
0x3ef7ff3c4c54c7600491c9fd2e3e52488e1361d5db13f9c532db242f9f3d1867,0x51373c6b56e4a38bf97c301efbff840fc8451556,SELL,Yes,37186597914715005452782013420453477339933223549152646647330111663702071863347,0x8f1218ccc9a3f8d28044433c4ca29a6b6769d9daf03d3d5eff6f12aef68c7751,0.025,50,1.25,1759255417,Will the September 2025 unemployment rate be 4.1%?
0x6da8d3ecd6e981eb3535f00bf712c803def506c75ed731048d71b53101f43139,0xd218e474776403a330142299f7796e8ba32eb5c9,BUY,No,27530654147977907907423743227058670209375036605495295387670850772016950758706,0x8f1218ccc9a3f8d28044433c4ca29a6b6769d9daf03d3d5eff6f12aef68c7751,0.975,30,29.25,1759255417,Will the September 2025 unemployment rate be 4.1%?
0x2a43e2489eaa12e5db8c7086ddd34fbaad4b3efef52d6dc17320064b874617a4,0xe3726a1b9c6ba2f06585d1c9e01d00afaedaeb38,SELL,Yes,37186597914715005452782013420453477339933223549152646647330111663702071863347,0x8f1218ccc9a3f8d28044433c4ca29a6b6769d9daf03d3d5eff6f12aef68c7751,0.025,45,1.125,1759196471,Will the September 2025 unemployment rate be 4.1%?
0xeb57eb7f1ea43b18c71062e13761ed4371a9c69c6a6a211bec9662b69c77cd12,0x2a315a8d15cfde768bcd47ba5cacf3ef5894f2f0,BUY,No,27530654147977907907423743227058670209375036605495295387670850772016950758706,0x8f1218ccc9a3f8d28044433c4ca29a6b6769d9daf03d3d5eff6f12aef68c7751,0.975,20,19.5,1759196471,Will the September 2025 unemployment rate be 4.1%?
0xfd136ca714623cadd8851e8e17a10ef27560849b549c31f07f0eba7424fa87b9,0xceae15533f441b29685bb41dd8d25835760c7a2d,BUY,No,27530654147977907907423743227058670209375036605495295387670850772016950758706,0x8f1218ccc9a3f8d28044433c4ca29a6b6769d9daf03d3d5eff6f12aef68c7751,0.975,200,195.0,1759196433,Will the September 2025 unemployment rate be 4.1%?
0xc59766d7e474cc28d13401d9e96a24cb6b8fa6d23c5691e9961f9086a02d6d4f,0xe8dd7741ccb12350957ec71e9ee332e0d1e6ec86,BUY,No,27530654147977907907423743227058670209375036605495295387670850772016950758706,0x8f1218ccc9a3f8d28044433c4ca29a6b6769d9daf03d3d5eff6f12aef68c7751,0.975,200,195.0,1759196419,Will the September 2025 unemployment rate be 4.1%?
0xd3e657d624f52665f6086953b3af11f8b6da90b2a640fd43783913939c9cbd8a,0xceae15533f441b29685bb41dd8d25835760c7a2d,BUY,No,27530654147977907907423743227058670209375036605495295387670850772016950758706,0x8f1218ccc9a3f8d28044433c4ca29a6b6769d9daf03d3d5eff6f12aef68c7751,0.975,400,390.0,1759196419,Will the September 2025 unemployment rate be 4.1%?
0x81873261cb11e7394c83c1b89c1524f4d9403937ef7adcd819a6029de770bc4b,0xceae15533f441b29685bb41dd8d25835760c7a2d,BUY,No,27530654147977907907423743227058670209375036605495295387670850772016950758706,0x8f1218ccc9a3f8d28044433c4ca29a6b6769d9daf03d3d5eff6f12aef68c7751,0.974,20,19.48,1759196301,Will the September 2025 unemployment rate be 4.1%?
0xfe66a2c5421f8f21d70ba3849aa30b97e522493fb5db32766c6a6ac57fc3c1f1,0xe8dd7741ccb12350957ec71e9ee332e0d1e6ec86,BUY,No,27530654147977907907423743227058670209375036605495295387670850772016950758706,0x8f1218ccc9a3f8d28044433c4ca29a6b6769d9daf03d3d5eff6f12aef68c7751,0.974,200,194.79999999999998,1759196301,Will the September 2025 unemployment rate be 4.1%?
0x08e84357ff5923e277262e08e9fe3c193e555de0974303bd7455efa4e41c238d,0xe8dd7741ccb12350957ec71e9ee332e0d1e6ec86,BUY,No,27530654147977907907423743227058670209375036605495295387670850772016950758706,0x8f1218ccc9a3f8d28044433c4ca29a6b6769d9daf03d3d5eff6f12aef68c7751,0.974,25,24.349999999999998,1759196161,Will the September 2025 unemployment rate be 4.1%?
0x95cdfd82ac003b810213449e45bfa920ff0e39917ae13c7565d8d009dcb72d5e,0x51373c6b56e4a38bf97c301efbff840fc8451556,BUY,No,27530654147977907907423743227058670209375036605495295387670850772016950758706,0x8f1218ccc9a3f8d28044433c4ca29a6b6769d9daf03d3d5eff6f12aef68c7751,0.974,50,48.699999999999996,1759196161,Will the September 2025 unemployment rate be 4.1%?
0x1109c087fe7e5fc59af14bac33a017d3e9fe374936f6780d9ba01eb57e9ad029,0x4df7da721042bf8b75bd1cb7acbeb7f83aaf522d,BUY,No,27530654147977907907423743227058670209375036605495295387670850772016950758706,0x8f1218ccc9a3f8d28044433c4ca29a6b6769d9daf03d3d5eff6f12aef68c7751,0.974,25,24.349999999999998,1759196161,Will the September 2025 unemployment rate be 4.1%?
0x06f6c80d95357a3c89e344aa97f3a8ac4556c83e62cda13a392821a8a2de0874,0xceae15533f441b29685bb41dd8d25835760c7a2d,BUY,No,27530654147977907907423743227058670209375036605495295387670850772016950758706,0x8f1218ccc9a3f8d28044433c4ca29a6b6769d9daf03d3d5eff6f12aef68c7751,0.974,40,38.96,1759196161,Will the September 2025 unemployment rate be 4.1%?
0xb85cc5f6a22bb7e439e1920653b056c2ae870d8a954df15270a71e66a4b27c56,0x63d43bbb87f85af03b8f2f9e2fad7b54334fa2f1,BUY,No,27530654147977907907423743227058670209375036605495295387670850772016950758706,0x8f1218ccc9a3f8d28044433c4ca29a6b6769d9daf03d3d5eff6f12aef68c7751,0.974,25,24.349999999999998,1759196161,Will the September 2025 unemployment rate be 4.1%?
0x37ec00155bc7a420225ee6ce233f803ae4364b4d339e364a2c3f9462cfc797be,0xebc0df15e665da95bf819105b723ae90042ffa41,BUY,No,27530654147977907907423743227058670209375036605495295387670850772016950758706,0x8f1218ccc9a3f8d28044433c4ca29a6b6769d9daf03d3d5eff6f12aef68c7751,0.974,25,24.349999999999998,1759196161,Will the September 2025 unemployment rate be 4.1%?
0x3f326b828f5133fe2ed2ed767ea19505d2bdc5a871cfbe8c9a9ef35acb7656df,0xceae15533f441b29685bb41dd8d25835760c7a2d,BUY,No,27530654147977907907423743227058670209375036605495295387670850772016950758706,0x8f1218ccc9a3f8d28044433c4ca29a6b6769d9daf03d3d5eff6f12aef68c7751,0.974,100,97.39999999999999,1759195255,Will the September 2025 unemployment rate be 4.1%?
0x09f84db461bccade12dbac0b58fc35465f835a0e5b7f91b7563cf793f9d407fd,0x51373c6b56e4a38bf97c301efbff840fc8451556,BUY,No,27530654147977907907423743227058670209375036605495295387670850772016950758706,0x8f1218ccc9a3f8d28044433c4ca29a6b6769d9daf03d3d5eff6f12aef68c7751,0.974,50,48.699999999999996,1759194547,Will the September 2025 unemployment rate be 4.1%?
0x459fc4c2cb1bcdc007928edbe1008de2f409305537fd59bd9b2c4a356a16d4d1,0xceae15533f441b29685bb41dd8d25835760c7a2d,BUY,No,27530654147977907907423743227058670209375036605495295387670850772016950758706,0x8f1218ccc9a3f8d28044433c4ca29a6b6769d9daf03d3d5eff6f12aef68c7751,0.974,100,97.39999999999999,1759194501,Will the September 2025 unemployment rate be 4.1%?
0xd602bc8d763bdefd266e2b15d9239b7db706804e6697ebb8f4a43da2bb7cf916,0xceae15533f441b29685bb41dd8d25835760c7a2d,BUY,No,27530654147977907907423743227058670209375036605495295387670850772016950758706,0x8f1218ccc9a3f8d28044433c4ca29a6b6769d9daf03d3d5eff6f12aef68c7751,0.974,10,9.74,1759194481,Will the September 2025 unemployment rate be 4.1%?
0xc382da79eb3aba5b5c27abdf7d0188605cdb997dc6cf278e603838ff92d47d42,0xe8dd7741ccb12350957ec71e9ee332e0d1e6ec86,BUY,No,27530654147977907907423743227058670209375036605495295387670850772016950758706,0x8f1218ccc9a3f8d28044433c4ca29a6b6769d9daf03d3d5eff6f12aef68c7751,0.974,15,14.61,1759193975,Will the September 2025 unemployment rate be 4.1%?
0xff2ed08c6547c6e381dea0c324d05444936d9f09176a4dda29d16288e284e7c8,0xe8dd7741ccb12350957ec71e9ee332e0d1e6ec86,BUY,No,27530654147977907907423743227058670209375036605495295387670850772016950758706,0x8f1218ccc9a3f8d28044433c4ca29a6b6769d9daf03d3d5eff6f12aef68c7751,0.975,100,97.5,1759193971,Will the September 2025 unemployment rate be 4.1%?
0x3d57e6c115701e245a01ed8a1c1af109bcc2bcf5029a83a7c32c67be4d47ea42,0x63d43bbb87f85af03b8f2f9e2fad7b54334fa2f1,BUY,No,27530654147977907907423743227058670209375036605495295387670850772016950758706,0x8f1218ccc9a3f8d28044433c4ca29a6b6769d9daf03d3d5eff6f12aef68c7751,0.975,12,11.7,1759193953,Will the September 2025 unemployment rate be 4.1%?
0x16ca8299d70ac80f151f797b2c2b5a7f4f5493996928ad928ed541bb57f97101,0xcf38936512a77aed53eeb38a05edb89574700912,BUY,No,27530654147977907907423743227058670209375036605495295387670850772016950758706,0x8f1218ccc9a3f8d28044433c4ca29a6b6769d9daf03d3d5eff6f12aef68c7751,0.975,512.82048,499.99996799999997,1759161449,Will the September 2025 unemployment rate be 4.1%?
0xcaba71f38114e6697fe2edc98b5f90489fab4946f9b7647e8276619bfdf7b9a6,0xed08754f5848030e710d6dbad5b03cae7d2556d3,BUY,No,27530654147977907907423743227058670209375036605495295387670850772016950758706,0x8f1218ccc9a3f8d28044433c4ca29a6b6769d9daf03d3d5eff6f12aef68c7751,0.975,8.49228,8.279972999999998,1759149727,Will the September 2025 unemployment rate be 4.1%?
0xbdf1e7e403a978580ff85f706d8288c5f7cfd9c67f1f352760e5848021b44d5f,0x54a36f684d7dd2bd2c4d672608a3837ba8bb4833,BUY,No,27530654147977907907423743227058670209375036605495295387670850772016950758706,0x8f1218ccc9a3f8d28044433c4ca29a6b6769d9daf03d3d5eff6f12aef68c7751,0.975,6.02048,5.869968,1759148351,Will the September 2025 unemployment rate be 4.1%?
0xc1447b6e6051b26d5902d7c55d4b50c538b5bd5db597c748d0ff693aa3b154b4,0x9af04a5165bd4f30d0d60b1fa2adc40b9b3ae66f,BUY,No,27530654147977907907423743227058670209375036605495295387670850772016950758706,0x8f1218ccc9a3f8d28044433c4ca29a6b6769d9daf03d3d5eff6f12aef68c7751,0.975,8.14356,7.939971000000001,1759148247,Will the September 2025 unemployment rate be 4.1%?
0x2e184f636240a47624b0ba8954dd2d893b60b4c11ef9c53f287d587217d0b16b,0xe4cfbb89c05d3429280c69969aee2cfb7a4678c4,BUY,No,27530654147977907907423743227058670209375036605495295387670850772016950758706,0x8f1218ccc9a3f8d28044433c4ca29a6b6769d9daf03d3d5eff6f12aef68c7751,0.975,7.18972,7.009977,1759146139,Will the September 2025 unemployment rate be 4.1%?
0x7b6095efe97800030c1b0d780b412da2ba2f39a26e0dc39c977f0277b9c4119e,0xebc0df15e665da95bf819105b723ae90042ffa41,BUY,No,27530654147977907907423743227058670209375036605495295387670850772016950758706,0x8f1218ccc9a3f8d28044433c4ca29a6b6769d9daf03d3d5eff6f12aef68c7751,0.975,11.00512,10.729992,1759146139,Will the September 2025 unemployment rate be 4.1%?
0x343af4e42e9783d0270fdb1991730c35df5481de572fd3acf31ec3542efca00e,0x63d43bbb87f85af03b8f2f9e2fad7b54334fa2f1,BUY,No,27530654147977907907423743227058670209375036605495295387670850772016950758706,0x8f1218ccc9a3f8d28044433c4ca29a6b6769d9daf03d3d5eff6f12aef68c7751,0.975,20.39,19.88025,1759074615,Will the September 2025 unemployment rate be 4.1%?
0x9bd4b8b88401eed313007b176cd852e31f52fd058e5c25e0489b49a3bb1a4e26,0x21738c94627c6d063abdcdd3705f657361227b17,SELL,No,27530654147977907907423743227058670209375036605495295387670850772016950758706,0x8f1218ccc9a3f8d28044433c4ca29a6b6769d9daf03d3d5eff6f12aef68c7751,0.971,10,9.709999999999999,1759074069,Will the September 2025 unemployment rate be 4.1%?
0xbc118b6e12f60f06b5c5410ea62871508901753174018531dedc4439fdaa140c,0x9025ae2b6fec8b7c0d8f82e10981b802c6c0a473,BUY,No,27530654147977907907423743227058670209375036605495295387670850772016950758706,0x8f1218ccc9a3f8d28044433c4ca29a6b6769d9daf03d3d5eff6f12aef68c7751,0.975,73.10768,71.279988,1759069803,Will the September 2025 unemployment rate be 4.1%?
0xc45356f8d3d144f94280ca86f4f7b717a24aa2dd631620d4772f0e08f2304c58,0x21738c94627c6d063abdcdd3705f657361227b17,BUY,No,27530654147977907907423743227058670209375036605495295387670850772016950758706,0x8f1218ccc9a3f8d28044433c4ca29a6b6769d9daf03d3d5eff6f12aef68c7751,0.975,10,9.75,1759010469,Will the September 2025 unemployment rate be 4.1%?
0xa11e30e60ba8fcc85647bd7a15a4a9a22bb33f2531109ea6f482146c395f83e9,0xd218e474776403a330142299f7796e8ba32eb5c9,BUY,No,27530654147977907907423743227058670209375036605495295387670850772016950758706,0x8f1218ccc9a3f8d28044433c4ca29a6b6769d9daf03d3d5eff6f12aef68c7751,0.975,30,29.25,1758959403,Will the September 2025 unemployment rate be 4.1%?
0xf9fb8e344b920907d2d515cfae3009f68c14313a3936a224ad1a18e303a763f9,0xe3726a1b9c6ba2f06585d1c9e01d00afaedaeb38,SELL,Yes,37186597914715005452782013420453477339933223549152646647330111663702071863347,0x8f1218ccc9a3f8d28044433c4ca29a6b6769d9daf03d3d5eff6f12aef68c7751,0.025,38.09,0.9522500000000002,1758959403,Will the September 2025 unemployment rate be 4.1%?
0xbf208f7316e962da9f5e73caba88009c2277a21adee4d3d0c062784bb09b8498,0x5ec94efdeffe65576ea6aac8a5280c227e62adee,SELL,Yes,37186597914715005452782013420453477339933223549152646647330111663702071863347,0x8f1218ccc9a3f8d28044433c4ca29a6b6769d9daf03d3d5eff6f12aef68c7751,0.025,10,0.25,1758959363,Will the September 2025 unemployment rate be 4.1%?
0x3e0781a7f712f548a6acfdf34f89c62508da05a4bb2c5a23ce96efe0cbe2d40c,0x2a315a8d15cfde768bcd47ba5cacf3ef5894f2f0,BUY,No,27530654147977907907423743227058670209375036605495295387670850772016950758706,0x8f1218ccc9a3f8d28044433c4ca29a6b6769d9daf03d3d5eff6f12aef68c7751,0.975,10,9.75,1758959349,Will the September 2025 unemployment rate be 4.1%?
0x0da3e9dbe8512b5bada783871748b594120adbfe63a49cf8850bbce007c491cb,0xceae15533f441b29685bb41dd8d25835760c7a2d,BUY,No,27530654147977907907423743227058670209375036605495295387670850772016950758706,0x8f1218ccc9a3f8d28044433c4ca29a6b6769d9daf03d3d5eff6f12aef68c7751,0.975,51,49.725,1758959349,Will the September 2025 unemployment rate be 4.1%?
0xfb49be0b777ec0779f2b6b807d06072aa2ac42b5283dda0c5c629f7a1a07783a,0x63d43bbb87f85af03b8f2f9e2fad7b54334fa2f1,BUY,No,27530654147977907907423743227058670209375036605495295387670850772016950758706,0x8f1218ccc9a3f8d28044433c4ca29a6b6769d9daf03d3d5eff6f12aef68c7751,0.975,28,27.3,1758959349,Will the September 2025 unemployment rate be 4.1%?
0x83b689014177958c0ab402d71f7acdc74b5c2828d28cc51e933344def89fb521,0xe3726a1b9c6ba2f06585d1c9e01d00afaedaeb38,SELL,Yes,37186597914715005452782013420453477339933223549152646647330111663702071863347,0x8f1218ccc9a3f8d28044433c4ca29a6b6769d9daf03d3d5eff6f12aef68c7751,0.025,28,0.7000000000000001,1758959349,Will the September 2025 unemployment rate be 4.1%?
0xcbfccaf2f962f8ae57ff124a686d2eca1d45a29e252a9801a27c3a06bb05cf5b,0xd218e474776403a330142299f7796e8ba32eb5c9,BUY,No,27530654147977907907423743227058670209375036605495295387670850772016950758706,0x8f1218ccc9a3f8d28044433c4ca29a6b6769d9daf03d3d5eff6f12aef68c7751,0.975,20,19.5,1758959349,Will the September 2025 unemployment rate be 4.1%?
0xcf4d61032dc710646b2882488fff81b4bcd8a06d4ef6b8e576424869994bc93f,0xe3726a1b9c6ba2f06585d1c9e01d00afaedaeb38,SELL,Yes,37186597914715005452782013420453477339933223549152646647330111663702071863347,0x8f1218ccc9a3f8d28044433c4ca29a6b6769d9daf03d3d5eff6f12aef68c7751,0.025,14,0.35000000000000003,1758959349,Will the September 2025 unemployment rate be 4.1%?
0x9cd1ad91a62ec9f32c92f1b165e10ae88f3de4309e13259601699a8680f40bbc,0x2165d8db50084e0d53c99bd79ca58f3dff6bc4e3,BUY,No,27530654147977907907423743227058670209375036605495295387670850772016950758706,0x8f1218ccc9a3f8d28044433c4ca29a6b6769d9daf03d3d5eff6f12aef68c7751,0.975,5.65128,5.5099979999999995,1758953221,Will the September 2025 unemployment rate be 4.1%?
0x424832994774c4ec846015f23f077932c443439019726d288bc020dd77f43229,0x1aba3c40acde42ce051c998abd1a9f064311c083,SELL,Yes,37186597914715005452782013420453477339933223549152646647330111663702071863347,0x8f1218ccc9a3f8d28044433c4ca29a6b6769d9daf03d3d5eff6f12aef68c7751,0.025,413.72,10.343000000000002,1758914851,Will the September 2025 unemployment rate be 4.1%?
0x3fec1bb0aa0ea905ea5c72d859eef3ca38b1682c84ced8ea92ae44789c87c57b,0x63d43bbb87f85af03b8f2f9e2fad7b54334fa2f1,BUY,No,27530654147977907907423743227058670209375036605495295387670850772016950758706,0x8f1218ccc9a3f8d28044433c4ca29a6b6769d9daf03d3d5eff6f12aef68c7751,0.975,99.82,97.32449999999999,1758913333,Will the September 2025 unemployment rate be 4.1%?
0xd2091c8efe755763139d0fee3be7299401a76e2364451c4a7ca4515216872309,0xd3a6e523c440f94f9259398fbcf7b5cc5ccffd55,BUY,Yes,37186597914715005452782013420453477339933223549152646647330111663702071863347,0x8f1218ccc9a3f8d28044433c4ca29a6b6769d9daf03d3d5eff6f12aef68c7751,0.025,45.87,1.14675,1758913329,Will the September 2025 unemployment rate be 4.1%?
0xa31b29c835428b7d71af5f6877b845a1c0573d86403d59dfced64023c04ac97d,0x37b46a9d45509eed664e302eb70b14ffed50d5e5,BUY,Yes,37186597914715005452782013420453477339933223549152646647330111663702071863347,0x8f1218ccc9a3f8d28044433c4ca29a6b6769d9daf03d3d5eff6f12aef68c7751,0.0244640669,89.75,2.195650004275,1758910325,Will the September 2025 unemployment rate be 4.1%?
0x93f821e51298bc97222393d781704dee9924dfc3309e0ac586d379b0dd502440,0xf0b0ef1d6320c6be896b4c9c54dd74407e7f8cab,SELL,Yes,37186597914715005452782013420453477339933223549152646647330111663702071863347,0x8f1218ccc9a3f8d28044433c4ca29a6b6769d9daf03d3d5eff6f12aef68c7751,0.018,100,1.7999999999999998,1758910229,Will the September 2025 unemployment rate be 4.1%?
0x9424a5e2e7ff25106e27c17b60b80a2f1dc10da3a2707d431794bb15ad1f2bc9,0x37b46a9d45509eed664e302eb70b14ffed50d5e5,BUY,Yes,37186597914715005452782013420453477339933223549152646647330111663702071863347,0x8f1218ccc9a3f8d28044433c4ca29a6b6769d9daf03d3d5eff6f12aef68c7751,0.0166887967,60.25,1.0055000011750002,1758910227,Will the September 2025 unemployment rate be 4.1%?
0x47f8992649166791b6a6ed7309041664349373ba46308983bff84eb632296da0,0xe4d6a2f7a431f2ff351f32be2757b725f41ffdd3,BUY,Yes,37186597914715005452782013420453477339933223549152646647330111663702071863347,0x8f1218ccc9a3f8d28044433c4ca29a6b6769d9daf03d3d5eff6f12aef68c7751,0.0193333333,45,0.8699999985000001,1758865449,Will the September 2025 unemployment rate be 4.1%?
0x05aceb0b42edfd57b9e04c56819d104387916d3bc3a46f706e39dc10a3d7f31b,0x5ec94efdeffe65576ea6aac8a5280c227e62adee,SELL,Yes,37186597914715005452782013420453477339933223549152646647330111663702071863347,0x8f1218ccc9a3f8d28044433c4ca29a6b6769d9daf03d3d5eff6f12aef68c7751,0.01,10,0.1,1758803461,Will the September 2025 unemployment rate be 4.1%?
0x22241b528fbba46512ff429fc4dbbe4d107d23ad5b7ba3d2ae968c65bae431bf,0x5be9694e717cfb880c05894ba49fcbe949dc9106,BUY,Yes,37186597914715005452782013420453477339933223549152646647330111663702071863347,0x8f1218ccc9a3f8d28044433c4ca29a6b6769d9daf03d3d5eff6f12aef68c7751,0.0306680014,976.51,29.947610047113997,1758803033,Will the September 2025 unemployment rate be 4.1%?
0xd5db9da221c89dfe8f274d4dcafe7b5379dfc4a6db66755d9f9389f11c9675ac,0x490f66ea703fc8fae19fd231c9921e3f4c0c17e5,BUY,No,27530654147977907907423743227058670209375036605495295387670850772016950758706,0x8f1218ccc9a3f8d28044433c4ca29a6b6769d9daf03d3d5eff6f12aef68c7751,0.965,23.49,22.667849999999998,1758803033,Will the September 2025 unemployment rate be 4.1%?
0x1f005eead52d915408e764a4acc90bd78661015a6ba272c21b17eb6ae5986af8,0xceae15533f441b29685bb41dd8d25835760c7a2d,BUY,No,27530654147977907907423743227058670209375036605495295387670850772016950758706,0x8f1218ccc9a3f8d28044433c4ca29a6b6769d9daf03d3d5eff6f12aef68c7751,0.99,50,49.5,1758802985,Will the September 2025 unemployment rate be 4.1%?
0x0d42af1df8e17eea8f7b4a1d87c5a41be1cd547a8f977f40df7f0442de771eb4,0x5f390e4b7d6f06d6756a6c92afdbf7b3176aa78c,BUY,No,27530654147977907907423743227058670209375036605495295387670850772016950758706,0x8f1218ccc9a3f8d28044433c4ca29a6b6769d9daf03d3d5eff6f12aef68c7751,0.99,4,3.96,1758802985,Will the September 2025 unemployment rate be 4.1%?
0x475597f0335e8ca536039420e3d88b0d13e5f51b41a753d8bd983493b711f427,0xd218e474776403a330142299f7796e8ba32eb5c9,BUY,No,27530654147977907907423743227058670209375036605495295387670850772016950758706,0x8f1218ccc9a3f8d28044433c4ca29a6b6769d9daf03d3d5eff6f12aef68c7751,0.989,90,89.01,1758802985,Will the September 2025 unemployment rate be 4.1%?
0xa8af1a4fc61f6e72b677083ddce22683dc4a640dbb79e41e69bf172d4bded6b8,0xcd91a549956854fdc38efad7e80ff5da8f5432b8,BUY,No,27530654147977907907423743227058670209375036605495295387670850772016950758706,0x8f1218ccc9a3f8d28044433c4ca29a6b6769d9daf03d3d5eff6f12aef68c7751,0.989,24.99,24.71511,1758802985,Will the September 2025 unemployment rate be 4.1%?
0xab494ad7c18269e5797ee03c7713bec18b4c9001e115df20c1191075bb012d45,0xe3726a1b9c6ba2f06585d1c9e01d00afaedaeb38,SELL,Yes,37186597914715005452782013420453477339933223549152646647330111663702071863347,0x8f1218ccc9a3f8d28044433c4ca29a6b6769d9daf03d3d5eff6f12aef68c7751,0.011,94,1.034,1758802985,Will the September 2025 unemployment rate be 4.1%?
0x7f354fac56a70e5fe863b1431874e742e20fcee9985dfedc2d7dd569f3982875,0xceae15533f441b29685bb41dd8d25835760c7a2d,BUY,No,27530654147977907907423743227058670209375036605495295387670850772016950758706,0x8f1218ccc9a3f8d28044433c4ca29a6b6769d9daf03d3d5eff6f12aef68c7751,0.9846756757,37,36.4330000009,1758802937,Will the September 2025 unemployment rate be 4.1%?
0x6e245141bf8465c94b8a21bf2e4c1b9a653e0b247109a01323437587ca537107,0x63d43bbb87f85af03b8f2f9e2fad7b54334fa2f1,BUY,No,27530654147977907907423743227058670209375036605495295387670850772016950758706,0x8f1218ccc9a3f8d28044433c4ca29a6b6769d9daf03d3d5eff6f12aef68c7751,0.979,25,24.474999999999998,1758802937,Will the September 2025 unemployment rate be 4.1%?
0xfa7a882de845fbe89cdc3ffabddd2fdb528742502c071a30c5710ff3bcd062a0,0x490f66ea703fc8fae19fd231c9921e3f4c0c17e5,BUY,No,27530654147977907907423743227058670209375036605495295387670850772016950758706,0x8f1218ccc9a3f8d28044433c4ca29a6b6769d9daf03d3d5eff6f12aef68c7751,0.979,25,24.474999999999998,1758802937,Will the September 2025 unemployment rate be 4.1%?
0xe108193a966b097765b729dcddaf39bf4d74d0fe5704e653e98958ef3ef7fb8e,0xf0b0ef1d6320c6be896b4c9c54dd74407e7f8cab,SELL,Yes,37186597914715005452782013420453477339933223549152646647330111663702071863347,0x8f1218ccc9a3f8d28044433c4ca29a6b6769d9daf03d3d5eff6f12aef68c7751,0.021,4,0.084,1758746483,Will the September 2025 unemployment rate be 4.1%?
0x71c4fc7df0b7f8f64fc59436dc38f9e5a2bfd90e46d1ba753a709df1e545ac28,0xe1da3a0b5925a337794249894782fc9d70c452d1,BUY,Yes,37186597914715005452782013420453477339933223549152646647330111663702071863347,0x8f1218ccc9a3f8d28044433c4ca29a6b6769d9daf03d3d5eff6f12aef68c7751,0.021,30,0.63,1758746481,Will the September 2025 unemployment rate be 4.1%?
0x794106e1c2e9c898049280812de27506f358013f1bea81976a73f4184da10e54,0xe4d6a2f7a431f2ff351f32be2757b725f41ffdd3,BUY,Yes,37186597914715005452782013420453477339933223549152646647330111663702071863347,0x8f1218ccc9a3f8d28044433c4ca29a6b6769d9daf03d3d5eff6f12aef68c7751,0.021,396.71,8.33091,1758739787,Will the September 2025 unemployment rate be 4.1%?
0x364a7bc512e8892747a4b42eb33b724b794f515e9475039206f9d544c39db98f,0xe4d6a2f7a431f2ff351f32be2757b725f41ffdd3,BUY,Yes,37186597914715005452782013420453477339933223549152646647330111663702071863347,0x8f1218ccc9a3f8d28044433c4ca29a6b6769d9daf03d3d5eff6f12aef68c7751,0.0202883721,430,8.724000003,1758739141,Will the September 2025 unemployment rate be 4.1%?
0xc59e7494bc1b117280f38101ac9ce420a7ddd2a7d11af55482acb4d753513f6f,0x37b46a9d45509eed664e302eb70b14ffed50d5e5,BUY,Yes,37186597914715005452782013420453477339933223549152646647330111663702071863347,0x8f1218ccc9a3f8d28044433c4ca29a6b6769d9daf03d3d5eff6f12aef68c7751,0.0196122449,490,9.610000001,1758733131,Will the September 2025 unemployment rate be 4.1%?
0xeeee7fcbf97f8d32c4a925596cefa50a961e59e6a157f2b1d0b8a909f2b36c60,0x5ec94efdeffe65576ea6aac8a5280c227e62adee,BUY,No,27530654147977907907423743227058670209375036605495295387670850772016950758706,0x8f1218ccc9a3f8d28044433c4ca29a6b6769d9daf03d3d5eff6f12aef68c7751,0.984,4,3.936,1758733113,Will the September 2025 unemployment rate be 4.1%?
0x94d1f0c88f2d9f583885d41de7c6cfc2be0cbd222afc38dce2acebb91c1a7370,0x37b46a9d45509eed664e302eb70b14ffed50d5e5,BUY,Yes,37186597914715005452782013420453477339933223549152646647330111663702071863347,0x8f1218ccc9a3f8d28044433c4ca29a6b6769d9daf03d3d5eff6f12aef68c7751,0.017,10,0.17,1758731093,Will the September 2025 unemployment rate be 4.1%?
0x41336e92ecf23649b524c817a7d7d8aedcc721e7c88311ee408ca7b2ff37fc80,0x490f66ea703fc8fae19fd231c9921e3f4c0c17e5,BUY,No,27530654147977907907423743227058670209375036605495295387670850772016950758706,0x8f1218ccc9a3f8d28044433c4ca29a6b6769d9daf03d3d5eff6f12aef68c7751,0.985,50,49.25,1758720569,Will the September 2025 unemployment rate be 4.1%?
0x28b8a3b8edf82f95998522893ab57513b78a0db8bd4181b9bd0bce7bad8cadb5,0x2a315a8d15cfde768bcd47ba5cacf3ef5894f2f0,BUY,No,27530654147977907907423743227058670209375036605495295387670850772016950758706,0x8f1218ccc9a3f8d28044433c4ca29a6b6769d9daf03d3d5eff6f12aef68c7751,0.984,3,2.952,1758720569,Will the September 2025 unemployment rate be 4.1%?
0x5f61179d8a6e4affb3cd9e48866ad2127f30b9245b1efeb9509d6a0a35313f8a,0xb249f7f744a5759332181a291a5c295f391ddbb1,BUY,No,27530654147977907907423743227058670209375036605495295387670850772016950758706,0x8f1218ccc9a3f8d28044433c4ca29a6b6769d9daf03d3d5eff6f12aef68c7751,0.985,20.01,19.709850000000003,1758720569,Will the September 2025 unemployment rate be 4.1%?
0x899dff6c12e90b3778d92c0afa10e0789889a4b4664d9c0129d3f61b0655b842,0xd218e474776403a330142299f7796e8ba32eb5c9,BUY,No,27530654147977907907423743227058670209375036605495295387670850772016950758706,0x8f1218ccc9a3f8d28044433c4ca29a6b6769d9daf03d3d5eff6f12aef68c7751,0.984,50,49.2,1758720569,Will the September 2025 unemployment rate be 4.1%?
0xbd530e8aa7bd644d30e09aab092aed1bd822d037e9258dff40231f97fae38815,0x04dcbd9b805b220a9b2d27e4d9e649ed07902387,BUY,Yes,37186597914715005452782013420453477339933223549152646647330111663702071863347,0x8f1218ccc9a3f8d28044433c4ca29a6b6769d9daf03d3d5eff6f12aef68c7751,0.019,53,1.007,1758669321,Will the September 2025 unemployment rate be 4.1%?
0x41b57b50a3c4adf8b7648bbc36c0dcfefc0431208024563d311e4c2ccc43369f,0xceae15533f441b29685bb41dd8d25835760c7a2d,BUY,No,27530654147977907907423743227058670209375036605495295387670850772016950758706,0x8f1218ccc9a3f8d28044433c4ca29a6b6769d9daf03d3d5eff6f12aef68c7751,0.985,50,49.25,1758668157,Will the September 2025 unemployment rate be 4.1%?
0x0278b7a47bda9c7077a51e50bc24160e85bf92bfd21082a07a67a35384d79466,0x63d43bbb87f85af03b8f2f9e2fad7b54334fa2f1,BUY,No,27530654147977907907423743227058670209375036605495295387670850772016950758706,0x8f1218ccc9a3f8d28044433c4ca29a6b6769d9daf03d3d5eff6f12aef68c7751,0.984,50,49.2,1758668157,Will the September 2025 unemployment rate be 4.1%?
0x839dd2ba2cd51237ba82320567f9510e2cbf1565097e81f95dd36817ebe8c1cc,0xd218e474776403a330142299f7796e8ba32eb5c9,BUY,No,27530654147977907907423743227058670209375036605495295387670850772016950758706,0x8f1218ccc9a3f8d28044433c4ca29a6b6769d9daf03d3d5eff6f12aef68c7751,0.984,50,49.2,1758668157,Will the September 2025 unemployment rate be 4.1%?
0x1ff0560a20f288b29ff2506b0716c54ad4553d9bc1cfe25b266f045e4a753b9b,0xeb22f4735df6bd5d14e1b5fd10faefa7757d808a,BUY,Yes,37186597914715005452782013420453477339933223549152646647330111663702071863347,0x8f1218ccc9a3f8d28044433c4ca29a6b6769d9daf03d3d5eff6f12aef68c7751,0.0174810811,264.285714,4.620000000005406,1758643934,Will the September 2025 unemployment rate be 4.1%?
0x3a6c5386cc0a5573a6323c73885bc6913adecd7d17652e3299f527e3c1474804,0xeb22f4735df6bd5d14e1b5fd10faefa7757d808a,BUY,Yes,37186597914715005452782013420453477339933223549152646647330111663702071863347,0x8f1218ccc9a3f8d28044433c4ca29a6b6769d9daf03d3d5eff6f12aef68c7751,0.016,154.5,2.472,1758643910,Will the September 2025 unemployment rate be 4.1%?
0x534ef98c6288a266810138151b163d7fab2de78311c0dd8a1af5053d504b2671,0xeb22f4735df6bd5d14e1b5fd10faefa7757d808a,BUY,Yes,37186597914715005452782013420453477339933223549152646647330111663702071863347,0x8f1218ccc9a3f8d28044433c4ca29a6b6769d9daf03d3d5eff6f12aef68c7751,0.0149079441,1541.78,22.984770054498,1758641698,Will the September 2025 unemployment rate be 4.1%?
0x6c606761925b68dbf94f80341bcb698cffd0ef388cc9c94945a9d0b329bad107,0xc57d2027b7b007729a54882e9d5c9d5bfdbb26b9,BUY,No,27530654147977907907423743227058670209375036605495295387670850772016950758706,0x8f1218ccc9a3f8d28044433c4ca29a6b6769d9daf03d3d5eff6f12aef68c7751,0.988,5.56675,5.499949,1758580388,Will the September 2025 unemployment rate be 4.1%?
0x5bfa0436611a29c818057aaf1f296fd19d871b437a0b18ce891605f0347abd91,0xb0e2aea0e1b7f639fcacf96b19a120c83c45b98c,BUY,Yes,37186597914715005452782013420453477339933223549152646647330111663702071863347,0x8f1218ccc9a3f8d28044433c4ca29a6b6769d9daf03d3d5eff6f12aef68c7751,0.014,1000,14.0,1758563022,Will the September 2025 unemployment rate be 4.1%?
0x5441e8619c511b5af3f3626269742fbef877721254bc6603655fbe2eb154acaa,0x791a9928cbe3a8716c6c9fe430ab8bb434c47039,BUY,No,27530654147977907907423743227058670209375036605495295387670850772016950758706,0x8f1218ccc9a3f8d28044433c4ca29a6b6769d9daf03d3d5eff6f12aef68c7751,0.9879999996,8.947333,8.839965000421067,1758506042,Will the September 2025 unemployment rate be 4.1%?
0x8a43e850fc038fbe0e495ef7b36c18d3adb60c2d9a616c603f3c03f3abbd49af,0x66d416c913dba412d49580142c0e8f983db4ae10,BUY,Yes,37186597914715005452782013420453477339933223549152646647330111663702071863347,0x8f1218ccc9a3f8d28044433c4ca29a6b6769d9daf03d3d5eff6f12aef68c7751,0.013972,1500,20.958,1758469104,Will the September 2025 unemployment rate be 4.1%?
0x54d816ba8f53043af2ce69ab2509af4d742e513782f5cd7f5b2dd3510383a6b0,0xa73da14e30f4d5ad0c3df7d43f5d00b9c6d52a87,BUY,No,27530654147977907907423743227058670209375036605495295387670850772016950758706,0x8f1218ccc9a3f8d28044433c4ca29a6b6769d9daf03d3d5eff6f12aef68c7751,0.9879999996,10.111333,9.989996999955466,1758427594,Will the September 2025 unemployment rate be 4.1%?
0x9d6774db428524be73989d5f8991d75960e53fb2ddc3a8c5d688e3f2a11a0c1f,0xedf9474b383da989400e516b5eeec8dfab3e3ce1,BUY,No,27530654147977907907423743227058670209375036605495295387670850772016950758706,0x8f1218ccc9a3f8d28044433c4ca29a6b6769d9daf03d3d5eff6f12aef68c7751,0.9902965527,504.899222,499.999959007512,1758373038,Will the September 2025 unemployment rate be 4.1%?
0xa16f79c427d4c5fbd8e54f97f03721c30c01a490a92803c99593357eaf5be3ef,0x4fe6b071979b9405f32b8fbc6deb86c3d8e65cda,SELL,Yes,37186597914715005452782013420453477339933223549152646647330111663702071863347,0x8f1218ccc9a3f8d28044433c4ca29a6b6769d9daf03d3d5eff6f12aef68c7751,0.0100351965,280.71,2.8169800095149995,1758337118,Will the September 2025 unemployment rate be 4.1%?
0xc814a195d0a333e9fd6ae1a63d60275e19d681844dc5965ede0d2e05fd16843b,0x1d6690aaa252ccd9f8effaa42543b4dc58d2d8d0,BUY,No,27530654147977907907423743227058670209375036605495295387670850772016950758706,0x8f1218ccc9a3f8d28044433c4ca29a6b6769d9daf03d3d5eff6f12aef68c7751,0.9889999987,6.926181,6.849992999995965,1758330062,Will the September 2025 unemployment rate be 4.1%?
0x8f7809dcb59d04a1d67fcdd2aebfc5b2ad0d30bb4c260477ea162de2a10d63e3,0xd218e474776403a330142299f7796e8ba32eb5c9,BUY,No,27530654147977907907423743227058670209375036605495295387670850772016950758706,0x8f1218ccc9a3f8d28044433c4ca29a6b6769d9daf03d3d5eff6f12aef68c7751,0.989,14,13.846,1758323232,Will the September 2025 unemployment rate be 4.1%?
0x425084d5569cda2f566a9001428c8ffef089a2c0230e948e88d30193b77ab43f,0x1109b1d29b7af73a6c1503e913a8e856b789e76f,BUY,No,27530654147977907907423743227058670209375036605495295387670850772016950758706,0x8f1218ccc9a3f8d28044433c4ca29a6b6769d9daf03d3d5eff6f12aef68c7751,0.9889999992,13.01309,12.869945999589529,1758271026,Will the September 2025 unemployment rate be 4.1%?
0x421d784b4c8a158aa2adf15973793ab0ce3fe1a3d0f8c36f5a938e490128e629,0xbdd626e33be9b53747c747124e9a2b5a1ac2b6f5,BUY,No,27530654147977907907423743227058670209375036605495295387670850772016950758706,0x8f1218ccc9a3f8d28044433c4ca29a6b6769d9daf03d3d5eff6f12aef68c7751,0.9889999996,22.113181,21.869936000154727,1758269924,Will the September 2025 unemployment rate be 4.1%?
0xbabfb54ab19578a17d8764e1ae85cebe20774ab60426359b7a10f00a2edbe6ac,0x8b32461731abce652ab5bcdfacb3f31c9b89d5d0,BUY,No,27530654147977907907423743227058670209375036605495295387670850772016950758706,0x8f1218ccc9a3f8d28044433c4ca29a6b6769d9daf03d3d5eff6f12aef68c7751,0.989,30.91,30.56999,1758269394,Will the September 2025 unemployment rate be 4.1%?
0x97365bac36a77693948a07de586edcf179ab8bfc6486cc8d98101360c4a0373b,0x06d7cca21a785095070a5852c6ad7100a296121f,BUY,No,27530654147977907907423743227058670209375036605495295387670850772016950758706,0x8f1218ccc9a3f8d28044433c4ca29a6b6769d9daf03d3d5eff6f12aef68c7751,0.9889999998,15.884727,15.709994999823055,1758266456,Will the September 2025 unemployment rate be 4.1%?
0xb3d2dd40831ae20dadc9409c6b838a92cf659420a62cbf5b8c527bcea14e74f2,0x144b2fa42f9b6fffc0433a2f266e8ac432381bc5,BUY,No,27530654147977907907423743227058670209375036605495295387670850772016950758706,0x8f1218ccc9a3f8d28044433c4ca29a6b6769d9daf03d3d5eff6f12aef68c7751,0.988999999,6.946363,6.869953000053637,1758266410,Will the September 2025 unemployment rate be 4.1%?
0xbb28f3e3cceab3c0b3b9bdb26cfe47d7f518cc032f7fce911024347e2652b2f9,0xe4cfbb89c05d3429280c69969aee2cfb7a4678c4,BUY,No,27530654147977907907423743227058670209375036605495295387670850772016950758706,0x8f1218ccc9a3f8d28044433c4ca29a6b6769d9daf03d3d5eff6f12aef68c7751,0.989,25.005,24.729944999999997,1758241822,Will the September 2025 unemployment rate be 4.1%?
0x692ea2dfdd095a894d326c4c7710c88dc682ee7438399c6a65bbd199221d758f,0x490f66ea703fc8fae19fd231c9921e3f4c0c17e5,BUY,No,27530654147977907907423743227058670209375036605495295387670850772016950758706,0x8f1218ccc9a3f8d28044433c4ca29a6b6769d9daf03d3d5eff6f12aef68c7751,0.989,175,173.075,1758241822,Will the September 2025 unemployment rate be 4.1%?
0x0ca3fb7c27c08f843853d31a90c4444b86c51ced64f43d2ae895e75f96e2d6c9,0x97dc2ce5471ef96b6d6b443b82b892e457345f5e,BUY,No,27530654147977907907423743227058670209375036605495295387670850772016950758706,0x8f1218ccc9a3f8d28044433c4ca29a6b6769d9daf03d3d5eff6f12aef68c7751,0.989,10,9.89,1758241822,Will the September 2025 unemployment rate be 4.1%?
0x8976d67ccdb8b26041bfa70e04859e19b90cf04efa985652de051859ba5beba2,0x4145e9897d8a183e9272f9f0860a6bb9cca46646,BUY,No,27530654147977907907423743227058670209375036605495295387670850772016950758706,0x8f1218ccc9a3f8d28044433c4ca29a6b6769d9daf03d3d5eff6f12aef68c7751,0.989,10,9.89,1758241822,Will the September 2025 unemployment rate be 4.1%?
0x7b5a05a754a8f83f60000b7a28cce0795df11c0603526f71b46494959f511730,0x63d43bbb87f85af03b8f2f9e2fad7b54334fa2f1,BUY,No,27530654147977907907423743227058670209375036605495295387670850772016950758706,0x8f1218ccc9a3f8d28044433c4ca29a6b6769d9daf03d3d5eff6f12aef68c7751,0.989,70.98,70.19922,1758241822,Will the September 2025 unemployment rate be 4.1%?
0x3b5e321b3a6d84d8b4204786f64288a79ad307076da3560b4cf3e37843d8496d,0xe8dd7741ccb12350957ec71e9ee332e0d1e6ec86,BUY,No,27530654147977907907423743227058670209375036605495295387670850772016950758706,0x8f1218ccc9a3f8d28044433c4ca29a6b6769d9daf03d3d5eff6f12aef68c7751,0.989,70.980727,70.199939003,1758241822,Will the September 2025 unemployment rate be 4.1%?
0xd1fd2326d94b74cd4f00d8b1b540b8313385498335a329cd7d225f359fca23cf,0x51373c6b56e4a38bf97c301efbff840fc8451556,BUY,No,27530654147977907907423743227058670209375036605495295387670850772016950758706,0x8f1218ccc9a3f8d28044433c4ca29a6b6769d9daf03d3d5eff6f12aef68c7751,0.989,50,49.45,1758241822,Will the September 2025 unemployment rate be 4.1%?
0x407ca97059c9bb023bb07ac1d787d94001c788733063134e6007cd23e99474e6,0x4145e9897d8a183e9272f9f0860a6bb9cca46646,SELL,Yes,37186597914715005452782013420453477339933223549152646647330111663702071863347,0x8f1218ccc9a3f8d28044433c4ca29a6b6769d9daf03d3d5eff6f12aef68c7751,0.011,50,0.5499999999999999,1758207660,Will the September 2025 unemployment rate be 4.1%?
0x56b3aef966d6a335f9446c76868d2033b724b7901d245742575ef21a2410a723,0xd218e474776403a330142299f7796e8ba32eb5c9,BUY,No,27530654147977907907423743227058670209375036605495295387670850772016950758706,0x8f1218ccc9a3f8d28044433c4ca29a6b6769d9daf03d3d5eff6f12aef68c7751,0.989,10,9.89,1758207632,Will the September 2025 unemployment rate be 4.1%?
0xe182aa19a17e04474040e94d5f82cf81773cf20f983712d9a96d7911d05aa4ec,0x63d43bbb87f85af03b8f2f9e2fad7b54334fa2f1,BUY,No,27530654147977907907423743227058670209375036605495295387670850772016950758706,0x8f1218ccc9a3f8d28044433c4ca29a6b6769d9daf03d3d5eff6f12aef68c7751,0.989,8,7.912,1758207632,Will the September 2025 unemployment rate be 4.1%?
0x87d31d2ef40275063cda7b1faff81850ac37e2582633deb5d6a31c543c83f3e4,0x97dc2ce5471ef96b6d6b443b82b892e457345f5e,BUY,No,27530654147977907907423743227058670209375036605495295387670850772016950758706,0x8f1218ccc9a3f8d28044433c4ca29a6b6769d9daf03d3d5eff6f12aef68c7751,0.989,30,29.669999999999998,1758207632,Will the September 2025 unemployment rate be 4.1%?
0x1dee7397de15667159e06827db6f2f92e38c8fd95425adf22fce08dd43ad0021,0x4145e9897d8a183e9272f9f0860a6bb9cca46646,BUY,No,27530654147977907907423743227058670209375036605495295387670850772016950758706,0x8f1218ccc9a3f8d28044433c4ca29a6b6769d9daf03d3d5eff6f12aef68c7751,0.989,50,49.45,1758207632,Will the September 2025 unemployment rate be 4.1%?
0xc15a8f95c318ba13239dd6694699c4a5855549d58f2be7903f99b72983f8d0dc,0x490f66ea703fc8fae19fd231c9921e3f4c0c17e5,BUY,No,27530654147977907907423743227058670209375036605495295387670850772016950758706,0x8f1218ccc9a3f8d28044433c4ca29a6b6769d9daf03d3d5eff6f12aef68c7751,0.989,50,49.45,1758207632,Will the September 2025 unemployment rate be 4.1%?
0xcd3da49088fba7b897d184e27359eb5c2fcca8b555bcd3dc9cf70cc2d0dbc00c,0x2a315a8d15cfde768bcd47ba5cacf3ef5894f2f0,BUY,No,27530654147977907907423743227058670209375036605495295387670850772016950758706,0x8f1218ccc9a3f8d28044433c4ca29a6b6769d9daf03d3d5eff6f12aef68c7751,0.989,10,9.89,1758207630,Will the September 2025 unemployment rate be 4.1%?
0xeb10b40f4f960075b4a74977c1249858c2724764a6ff7578964c503f2c1f9556,0xd218e474776403a330142299f7796e8ba32eb5c9,BUY,No,27530654147977907907423743227058670209375036605495295387670850772016950758706,0x8f1218ccc9a3f8d28044433c4ca29a6b6769d9daf03d3d5eff6f12aef68c7751,0.989,10,9.89,1758202806,Will the September 2025 unemployment rate be 4.1%?
0xb6e97f11666cd266beb23d228e0491f77682f1049300b40302946b99e0d43e67,0x490f66ea703fc8fae19fd231c9921e3f4c0c17e5,BUY,No,27530654147977907907423743227058670209375036605495295387670850772016950758706,0x8f1218ccc9a3f8d28044433c4ca29a6b6769d9daf03d3d5eff6f12aef68c7751,0.989,50,49.45,1758202804,Will the September 2025 unemployment rate be 4.1%?
0xa2c160a83b4cc28f111915df967bf5378dc01ef453500dcafca69f1abeb8e131,0xebc0df15e665da95bf819105b723ae90042ffa41,BUY,No,27530654147977907907423743227058670209375036605495295387670850772016950758706,0x8f1218ccc9a3f8d28044433c4ca29a6b6769d9daf03d3d5eff6f12aef68c7751,0.989,25.005,24.729944999999997,1758202804,Will the September 2025 unemployment rate be 4.1%?
0xb551c8a76d431526f8919daa2b96d55cb61c31cf26865525a835ccd5a0ebe240,0x63d43bbb87f85af03b8f2f9e2fad7b54334fa2f1,BUY,No,27530654147977907907423743227058670209375036605495295387670850772016950758706,0x8f1218ccc9a3f8d28044433c4ca29a6b6769d9daf03d3d5eff6f12aef68c7751,0.989,13,12.857,1758202804,Will the September 2025 unemployment rate be 4.1%?
0x628e56397eb0b33f54d60c12cde355e6dfc9c060542a5ce5d993c9945546d484,0xd218e474776403a330142299f7796e8ba32eb5c9,BUY,No,27530654147977907907423743227058670209375036605495295387670850772016950758706,0x8f1218ccc9a3f8d28044433c4ca29a6b6769d9daf03d3d5eff6f12aef68c7751,0.989,50,49.45,1758202710,Will the September 2025 unemployment rate be 4.1%?
0x18826f6a9bf0c89916be6b8c409c1ab55f38ef2d8c6c730b0ce83bc26e19d28d,0x63d43bbb87f85af03b8f2f9e2fad7b54334fa2f1,BUY,No,27530654147977907907423743227058670209375036605495295387670850772016950758706,0x8f1218ccc9a3f8d28044433c4ca29a6b6769d9daf03d3d5eff6f12aef68c7751,0.989,97.99,96.91211,1758202618,Will the September 2025 unemployment rate be 4.1%?
0xed4aa3d46fa91e01719b3b943a339f82ba27a08b2306eec7ee519a4cb1bdb057,0xd218e474776403a330142299f7796e8ba32eb5c9,BUY,No,27530654147977907907423743227058670209375036605495295387670850772016950758706,0x8f1218ccc9a3f8d28044433c4ca29a6b6769d9daf03d3d5eff6f12aef68c7751,0.989,89.01,88.03089,1758202616,Will the September 2025 unemployment rate be 4.1%?
0x8cc427d80905ff2b986235baa80b8f6a41b273827dd4f3537be8e6ce12c5ed61,0x490f66ea703fc8fae19fd231c9921e3f4c0c17e5,BUY,No,27530654147977907907423743227058670209375036605495295387670850772016950758706,0x8f1218ccc9a3f8d28044433c4ca29a6b6769d9daf03d3d5eff6f12aef68c7751,0.989,50,49.45,1758202616,Will the September 2025 unemployment rate be 4.1%?
0x7a6cda807dea61047e864d3b3004ce490e86e22fe98d24fe045fcaccae567fd1,0x490f66ea703fc8fae19fd231c9921e3f4c0c17e5,BUY,No,27530654147977907907423743227058670209375036605495295387670850772016950758706,0x8f1218ccc9a3f8d28044433c4ca29a6b6769d9daf03d3d5eff6f12aef68c7751,0.987,94,92.778,1758176364,Will the September 2025 unemployment rate be 4.1%?
0xded96eac1ddbd7bbba5b118f019b4e7efaccfaee86ad1fe46119463a4894295e,0x490f66ea703fc8fae19fd231c9921e3f4c0c17e5,BUY,No,27530654147977907907423743227058670209375036605495295387670850772016950758706,0x8f1218ccc9a3f8d28044433c4ca29a6b6769d9daf03d3d5eff6f12aef68c7751,0.987,143,141.141,1758175674,Will the September 2025 unemployment rate be 4.1%?
0xa2ac6bdfea2a754e97326d7c09ba7957569e321eddf95dde7b850d9341aed62e,0x9ffd50b5dd04f7efd6a65d34c85bf9cb054c408f,BUY,No,27530654147977907907423743227058670209375036605495295387670850772016950758706,0x8f1218ccc9a3f8d28044433c4ca29a6b6769d9daf03d3d5eff6f12aef68c7751,0.987,50,49.35,1758175674,Will the September 2025 unemployment rate be 4.1%?
0xb1141b1726bca3493b7f29f42988ac7fc39562023857ee2751833b29274ad5fa,0xd218e474776403a330142299f7796e8ba32eb5c9,BUY,No,27530654147977907907423743227058670209375036605495295387670850772016950758706,0x8f1218ccc9a3f8d28044433c4ca29a6b6769d9daf03d3d5eff6f12aef68c7751,0.987,20,19.74,1758175672,Will the September 2025 unemployment rate be 4.1%?
0x15bb40d98146e769a313c91a560fa44a7b3763300378a2ebc251c8d5811370aa,0xebc0df15e665da95bf819105b723ae90042ffa41,SELL,No,27530654147977907907423743227058670209375036605495295387670850772016950758706,0x8f1218ccc9a3f8d28044433c4ca29a6b6769d9daf03d3d5eff6f12aef68c7751,0.974,25,24.349999999999998,1758150942,Will the September 2025 unemployment rate be 4.1%?
0xf28f17d95bc382b4a3071376bb713351c61eb64ce78127c78d4f3c94d4c64a0c,0x4fe6b071979b9405f32b8fbc6deb86c3d8e65cda,BUY,Yes,37186597914715005452782013420453477339933223549152646647330111663702071863347,0x8f1218ccc9a3f8d28044433c4ca29a6b6769d9daf03d3d5eff6f12aef68c7751,0.0178113876,280.719229,4.9999989944921595,1758142176,Will the September 2025 unemployment rate be 4.1%?
0x79da11a27bb0115fbf6e167301e7867582dcd08ab1a4ac1488dfdbf22772db58,0x785eb60583461fd5bde61ab33fd91a6db6e9def1,SELL,Yes,37186597914715005452782013420453477339933223549152646647330111663702071863347,0x8f1218ccc9a3f8d28044433c4ca29a6b6769d9daf03d3d5eff6f12aef68c7751,0.0111666667,30,0.335000001,1758142086,Will the September 2025 unemployment rate be 4.1%?
0xc267a1bddd67f591747853a5d0c9dbe20945bafedef788cf527d645fe443f036,0xebc0df15e665da95bf819105b723ae90042ffa41,BUY,No,27530654147977907907423743227058670209375036605495295387670850772016950758706,0x8f1218ccc9a3f8d28044433c4ca29a6b6769d9daf03d3d5eff6f12aef68c7751,0.989,25.005,24.729944999999997,1758142024,Will the September 2025 unemployment rate be 4.1%?
0xb6397b5c342a0d3ff77ec8bcb1fdf0acc3a67240c966756ff6244092071e745a,0x490f66ea703fc8fae19fd231c9921e3f4c0c17e5,BUY,No,27530654147977907907423743227058670209375036605495295387670850772016950758706,0x8f1218ccc9a3f8d28044433c4ca29a6b6769d9daf03d3d5eff6f12aef68c7751,0.989,550,543.95,1758142024,Will the September 2025 unemployment rate be 4.1%?
0xa55ed3152b96eb901bbe0f0a275eb6fee29c892218f1a50a7e7b45df61e8c8c2,0x4df7da721042bf8b75bd1cb7acbeb7f83aaf522d,BUY,No,27530654147977907907423743227058670209375036605495295387670850772016950758706,0x8f1218ccc9a3f8d28044433c4ca29a6b6769d9daf03d3d5eff6f12aef68c7751,0.989,25.005,24.729944999999997,1758142024,Will the September 2025 unemployment rate be 4.1%?
0xf76d5d88c8219c2ed661139113e86b10808c5b6ca2d2394ce82a86528eed4bfe,0x9be90ea78bff3f81f3564a11d5e12b2a0783c030,BUY,No,27530654147977907907423743227058670209375036605495295387670850772016950758706,0x8f1218ccc9a3f8d28044433c4ca29a6b6769d9daf03d3d5eff6f12aef68c7751,0.989,20,19.78,1758142024,Will the September 2025 unemployment rate be 4.1%?
0xc7e65aa16ac21dbc383e272a754286b47140294246473706b2e86fb8380925a2,0xb48b9192dc52eed724fa58c66fa8926d06a3648e,BUY,No,27530654147977907907423743227058670209375036605495295387670850772016950758706,0x8f1218ccc9a3f8d28044433c4ca29a6b6769d9daf03d3d5eff6f12aef68c7751,0.989,655.28,648.07192,1758142024,Will the September 2025 unemployment rate be 4.1%?
0x76d601ad93c946f19a4905bdd91ea7f85513cb932d6271729e17274529f2b7dc,0xe4cfbb89c05d3429280c69969aee2cfb7a4678c4,BUY,No,27530654147977907907423743227058670209375036605495295387670850772016950758706,0x8f1218ccc9a3f8d28044433c4ca29a6b6769d9daf03d3d5eff6f12aef68c7751,0.989,25.005,24.729944999999997,1758142024,Will the September 2025 unemployment rate be 4.1%?
0x7a965203a97bfe7bef86474bdd5898db41ed263b585c67d749d53ecabdbb369b,0xbb6b76687dc00d28a280baea8373a51154ba04d6,BUY,No,27530654147977907907423743227058670209375036605495295387670850772016950758706,0x8f1218ccc9a3f8d28044433c4ca29a6b6769d9daf03d3d5eff6f12aef68c7751,0.989,50,49.45,1758142024,Will the September 2025 unemployment rate be 4.1%?
0x569e198cf5dbc784bc0c53d60be032218c2808836e713fa67f5001f8fb70d87c,0xd218e474776403a330142299f7796e8ba32eb5c9,BUY,No,27530654147977907907423743227058670209375036605495295387670850772016950758706,0x8f1218ccc9a3f8d28044433c4ca29a6b6769d9daf03d3d5eff6f12aef68c7751,0.988,10,9.879999999999999,1758142024,Will the September 2025 unemployment rate be 4.1%?
0x67f3bff09456fe156726bd8c3d13746a4f4a2d976e39515089b9c225ba9ec971,0xb6fa57039ea79185895500dbd0067c288594abcf,BUY,No,27530654147977907907423743227058670209375036605495295387670850772016950758706,0x8f1218ccc9a3f8d28044433c4ca29a6b6769d9daf03d3d5eff6f12aef68c7751,0.986,5,4.93,1757884870,Will the September 2025 unemployment rate be 4.1%?
0xcbada32db9768cd1951c62b4d8bee73ba446b655b1829401d15ac3d6ced6c1ba,0xb6fa57039ea79185895500dbd0067c288594abcf,BUY,No,27530654147977907907423743227058670209375036605495295387670850772016950758706,0x8f1218ccc9a3f8d28044433c4ca29a6b6769d9daf03d3d5eff6f12aef68c7751,0.987,15,14.805,1757884870,Will the September 2025 unemployment rate be 4.1%?
0xef546bc2eedc6b78c0af0530068de8a3c5b3463fa16d3bbef4ff3416a8fecd2c,0x490f66ea703fc8fae19fd231c9921e3f4c0c17e5,BUY,No,27530654147977907907423743227058670209375036605495295387670850772016950758706,0x8f1218ccc9a3f8d28044433c4ca29a6b6769d9daf03d3d5eff6f12aef68c7751,0.98683215,200,197.36643,1757884870,Will the September 2025 unemployment rate be 4.1%?
0x8931265ecc13d8f55b80e0e75d7797e6211b2d473d1bcdb6ba4089e5336fdea6,0x4df7da721042bf8b75bd1cb7acbeb7f83aaf522d,BUY,No,27530654147977907907423743227058670209375036605495295387670850772016950758706,0x8f1218ccc9a3f8d28044433c4ca29a6b6769d9daf03d3d5eff6f12aef68c7751,0.986,25,24.65,1757884870,Will the September 2025 unemployment rate be 4.1%?
0x6a3127380b256fc1164ffc60c9cc161907937c8dd065d7741c2378fedfe0f73d,0x9be90ea78bff3f81f3564a11d5e12b2a0783c030,BUY,No,27530654147977907907423743227058670209375036605495295387670850772016950758706,0x8f1218ccc9a3f8d28044433c4ca29a6b6769d9daf03d3d5eff6f12aef68c7751,0.986,20,19.72,1757884870,Will the September 2025 unemployment rate be 4.1%?
0xd97f84fa3d3700e4b4f297d178322bc19b3f69b404833167131966c620321ac4,0xe4cfbb89c05d3429280c69969aee2cfb7a4678c4,BUY,No,27530654147977907907423743227058670209375036605495295387670850772016950758706,0x8f1218ccc9a3f8d28044433c4ca29a6b6769d9daf03d3d5eff6f12aef68c7751,0.986,25,24.65,1757884870,Will the September 2025 unemployment rate be 4.1%?
0xc75b56286414a56f380b878ceeca0d25bf01f32aefd11218ebc0789d13ee7152,0xf0b0ef1d6320c6be896b4c9c54dd74407e7f8cab,SELL,No,27530654147977907907423743227058670209375036605495295387670850772016950758706,0x8f1218ccc9a3f8d28044433c4ca29a6b6769d9daf03d3d5eff6f12aef68c7751,0.971,70,67.97,1757834426,Will the September 2025 unemployment rate be 4.1%?
0xbc22bd69203ee46e638be7f6453d942e8f18142bf573e4c9742809ea7c64188d,0xf0b0ef1d6320c6be896b4c9c54dd74407e7f8cab,SELL,No,27530654147977907907423743227058670209375036605495295387670850772016950758706,0x8f1218ccc9a3f8d28044433c4ca29a6b6769d9daf03d3d5eff6f12aef68c7751,0.97,10,9.7,1757691261,Will the September 2025 unemployment rate be 4.1%?
0xbc6b4c05f3baa125b8822229f02c7e2d3371b7fc698d910674b06aedc03e1e2e,0xf0b0ef1d6320c6be896b4c9c54dd74407e7f8cab,SELL,No,27530654147977907907423743227058670209375036605495295387670850772016950758706,0x8f1218ccc9a3f8d28044433c4ca29a6b6769d9daf03d3d5eff6f12aef68c7751,0.971,10,9.709999999999999,1757691261,Will the September 2025 unemployment rate be 4.1%?
0xa37654f1d24e928e09ef3f3f52f81451c74a933617bfb4300c6a4e64559c1aae,0xf0b0ef1d6320c6be896b4c9c54dd74407e7f8cab,SELL,No,27530654147977907907423743227058670209375036605495295387670850772016950758706,0x8f1218ccc9a3f8d28044433c4ca29a6b6769d9daf03d3d5eff6f12aef68c7751,0.977,10,9.77,1757691261,Will the September 2025 unemployment rate be 4.1%?
0xedf0855fc1e3997cd18e0c22a4a5155c9e2bc9b922a075cd0d8de04365cd6d09,0xedf9474b383da989400e516b5eeec8dfab3e3ce1,BUY,No,27530654147977907907423743227058670209375036605495295387670850772016950758706,0x8f1218ccc9a3f8d28044433c4ca29a6b6769d9daf03d3d5eff6f12aef68c7751,0.9810821123,1019.282615,999.9999409548676,1757618015,Will the September 2025 unemployment rate be 4.1%?
0x57d456e73c1057d2e0aff21cfa81a9acb02e0c63661f323987117f17f98ea8dc,0x1e1aed3928a9617e7c7ae674c4fa7aebbd9d7690,BUY,No,27530654147977907907423743227058670209375036605495295387670850772016950758706,0x8f1218ccc9a3f8d28044433c4ca29a6b6769d9daf03d3d5eff6f12aef68c7751,0.975,20,19.5,1757443852,Will the September 2025 unemployment rate be 4.1%?
0x670b23b1fadcc8837254685a88ae085addb449929899dd3bb85d2b6b32a32383,0x230ff290d2ff6c5ca442adbac8819cd7533cfa85,BUY,Yes,37186597914715005452782013420453477339933223549152646647330111663702071863347,0x8f1218ccc9a3f8d28044433c4ca29a6b6769d9daf03d3d5eff6f12aef68c7751,0.034900284,1002.857141,34.99999903232804,1757434440,Will the September 2025 unemployment rate be 4.1%?
0xc8f7ed27d7ec8362daa2314bfe475fff9a3d4c67f869b4c66809eed2620931a7,0xebecaf6b19d81f2225b273c0aa555deed2b64a43,BUY,Yes,37186597914715005452782013420453477339933223549152646647330111663702071863347,0x8f1218ccc9a3f8d28044433c4ca29a6b6769d9daf03d3d5eff6f12aef68c7751,0.04,25,1.0,1757252518,Will the September 2025 unemployment rate be 4.1%?
0x385e79e844786bf11b6a3b38cb7127f6f6acf89fd3f702e82abd88971e8c72be,0xa815f590e64fa64d417df72c581a32f5ff449cbe,BUY,Yes,37186597914715005452782013420453477339933223549152646647330111663702071863347,0x8f1218ccc9a3f8d28044433c4ca29a6b6769d9daf03d3d5eff6f12aef68c7751,0.07,20,1.4000000000000001,1757199366,Will the September 2025 unemployment rate be 4.1%?
0xf6390effb9a6983ecfa771edb6ad5572819e2b2c9a34a5d31e9b4f4cea127989,0xf8b4e8c7096ce96a4952c75179668c7f701fcf4e,BUY,Yes,37186597914715005452782013420453477339933223549152646647330111663702071863347,0x8f1218ccc9a3f8d28044433c4ca29a6b6769d9daf03d3d5eff6f12aef68c7751,0.1899998784,5.263156,0.9999990000002305,1757141966,Will the September 2025 unemployment rate be 4.1%?
