transaction_hash,wallet,side,outcome,asset_token_id,condition_id,price,size,usdc_size,timestamp,title
0x663842e41d12714f5baec84db157d5c638bfc26d541e3237847e32f550a43561,0x23782e8e8f330ed489d68903e0cca105ddb1a059,SELL,Yes,76626557395718138549682497346449622033790455953645207983251701172676708683039,0xcec7958225b06aa2464a72d934ddcc9b66bb6f35ad065010496d8db92de412a0,0.998,300,299.4,1731012151,Will a Republican win Alaska Presidential Election?
0x913c8318097d602b6f35778ffa4ed002b837b74685d0496392295865da80e1bd,0x6b7ec4ba079c0a258435ea36025f6190cd424562,BUY,Yes,76626557395718138549682497346449622033790455953645207983251701172676708683039,0xcec7958225b06aa2464a72d934ddcc9b66bb6f35ad065010496d8db92de412a0,0.999,200,199.8,1731008082,Will a Republican win Alaska Presidential Election?
0x415a11ef001dbed4bb2e9a32560af4067bfc9564c74434b92c3c4cdc99f39994,0x6b7ec4ba079c0a258435ea36025f6190cd424562,BUY,Yes,76626557395718138549682497346449622033790455953645207983251701172676708683039,0xcec7958225b06aa2464a72d934ddcc9b66bb6f35ad065010496d8db92de412a0,0.999,400,399.6,1731007606,Will a Republican win Alaska Presidential Election?
0xfbdd48fabf248bd0bfce034794a051b11b8c3a11a4b8b9568d12702f77b1f056,0x3436f8169749b4f67c896b9201bca27117c1600b,BUY,Yes,76626557395718138549682497346449622033790455953645207983251701172676708683039,0xcec7958225b06aa2464a72d934ddcc9b66bb6f35ad065010496d8db92de412a0,0.999,655.92,655.2640799999999,1731006148,Will a Republican win Alaska Presidential Election?
0x12c9b64a48fb0219542bf4d5020c79a6aa504e135e81e696fde52fc7b863fb50,0x717644dfbf87927f5f39ab0c834c5c534866c3e1,BUY,Yes,76626557395718138549682497346449622033790455953645207983251701172676708683039,0xcec7958225b06aa2464a72d934ddcc9b66bb6f35ad065010496d8db92de412a0,0.999,13.36,13.346639999999999,1731005868,Will a Republican win Alaska Presidential Election?
0x14ec890bf55cfbaf2952c929b051a11938784fc9018ec5774fa116148918dd69,0x28e963a940055cebecea8138109f4ac64103c00a,BUY,Yes,76626557395718138549682497346449622033790455953645207983251701172676708683039,0xcec7958225b06aa2464a72d934ddcc9b66bb6f35ad065010496d8db92de412a0,0.9989999979,104.784783,104.67999799695197,1731002772,Will a Republican win Alaska Presidential Election?
0x69aa2683ffa8ca0162c33038cc0f8c672ce992d140f2d93b5b4b9dd166f327a9,0xe36855493156394242762fa4db06756a5fe309b7,BUY,Yes,76626557395718138549682497346449622033790455953645207983251701172676708683039,0xcec7958225b06aa2464a72d934ddcc9b66bb6f35ad065010496d8db92de412a0,0.9989999992,158.878877,158.7199979958969,1731001960,Will a Republican win Alaska Presidential Election?
0x6291f562b5cd63d290e12c372b2cf5155cb5e7ed3ed39833cfcb2bf655c10563,0x177bf2014e92ea47b4b93cb59d31b3748c1dee38,BUY,Yes,76626557395718138549682497346449622033790455953645207983251701172676708683039,0xcec7958225b06aa2464a72d934ddcc9b66bb6f35ad065010496d8db92de412a0,0.9989909989,0.100099,0.09999799999889109,1731001660,Will a Republican win Alaska Presidential Election?
0x160b013fbd45c8209f364fbb6ad8a09ce22b8a24a912b8878ea0ae30e935e619,0xfdc8426bf899f079fc436504c9d37ba56055347a,BUY,Yes,76626557395718138549682497346449622033790455953645207983251701172676708683039,0xcec7958225b06aa2464a72d934ddcc9b66bb6f35ad065010496d8db92de412a0,0.9989999931,118.188187,118.0699979975015,1731000628,Will a Republican win Alaska Presidential Election?
0xde59546a75a39e69c4d614962ccc649dba44831a838cc3db4ad2ae42153b030b,0xf77c5d5f2c70716cb9a2b77b2411ee91057d7a01,SELL,Yes,76626557395718138549682497346449622033790455953645207983251701172676708683039,0xcec7958225b06aa2464a72d934ddcc9b66bb6f35ad065010496d8db92de412a0,0.998,22,21.956,1731000134,Will a Republican win Alaska Presidential Election?
0xd092f910c2b1f513a07de306405ad297ebcd7d14ba990badc3459a10710b7947,0xf77c5d5f2c70716cb9a2b77b2411ee91057d7a01,BUY,Yes,76626557395718138549682497346449622033790455953645207983251701172676708683039,0xcec7958225b06aa2464a72d934ddcc9b66bb6f35ad065010496d8db92de412a0,0.999,22,21.978,1731000048,Will a Republican win Alaska Presidential Election?
0x5e46aedbc1f47a0840924894dc82a3d7650682a5512e3c0b9b34df44ffb97997,0xe92047c646c0d649f449dba174e49a32caace742,BUY,Yes,76626557395718138549682497346449622033790455953645207983251701172676708683039,0xcec7958225b06aa2464a72d934ddcc9b66bb6f35ad065010496d8db92de412a0,0.9989999677,30.030029,29.99999800103006,1730997760,Will a Republican win Alaska Presidential Election?
0x4eec8eceea7e902eec7e353f50342d84fe53945ed4c082a3677104775cdef185,0x7a0e24067e2b18dd355fb970c78db52cfd3a9012,BUY,Yes,76626557395718138549682497346449622033790455953645207983251701172676708683039,0xcec7958225b06aa2464a72d934ddcc9b66bb6f35ad065010496d8db92de412a0,0.9989999885,80.080079,79.99999800007909,1730997390,Will a Republican win Alaska Presidential Election?
0x4613a4ce1485e7b57fe1ba2e571f256eba59e3f3695754c06832edec2e3e0736,0x23782e8e8f330ed489d68903e0cca105ddb1a059,SELL,Yes,76626557395718138549682497346449622033790455953645207983251701172676708683039,0xcec7958225b06aa2464a72d934ddcc9b66bb6f35ad065010496d8db92de412a0,0.9974941,200,199.49882000000002,1730997384,Will a Republican win Alaska Presidential Election?
0xf4a8c70a7da3d7cea1de97180661b6013fb9dd5583e47c72cd573d7aae13b2d4,0x91ce3d748783002c974253d996de721d965100f6,BUY,Yes,76626557395718138549682497346449622033790455953645207983251701172676708683039,0xcec7958225b06aa2464a72d934ddcc9b66bb6f35ad065010496d8db92de412a0,0.999,16.62,16.60338,1730994651,Will a Republican win Alaska Presidential Election?
0xf81b1b761819af1fca57358f1205428bfbd192303195db663cf78238eecc604c,0xf38e6583dfa37026ee25cf0a567b8cef6307a38a,SELL,Yes,76626557395718138549682497346449622033790455953645207983251701172676708683039,0xcec7958225b06aa2464a72d934ddcc9b66bb6f35ad065010496d8db92de412a0,0.989082346,83960.64,83043.98678286144,1730969944,Will a Republican win Alaska Presidential Election?
0xd18590b7a1c1b8657521e506c2f9e3aca702696e9248c2b8c5efbfd4e0c1bfab,0x224f2630efdd613d27b664034814c45c99c1f2a7,SELL,Yes,76626557395718138549682497346449622033790455953645207983251701172676708683039,0xcec7958225b06aa2464a72d934ddcc9b66bb6f35ad065010496d8db92de412a0,0.999,3.19,3.18681,1730966737,Will a Republican win Alaska Presidential Election?
0xdd8845eeaf48e037959b620065ca2cbe8104c50d2dc2b2b7678010fdc5febd68,0x366f435048a84baf7bfd530c20c6258b77618299,SELL,Yes,76626557395718138549682497346449622033790455953645207983251701172676708683039,0xcec7958225b06aa2464a72d934ddcc9b66bb6f35ad065010496d8db92de412a0,0.999,15958.47,15942.51153,1730965751,Will a Republican win Alaska Presidential Election?
0x3218ee59b3031eec9af5b5f5c22a83db8d1d6e10c9d3135566669f2509ad7167,0xaa46893d81b7d608f66ffbbe062127afef55f5f1,SELL,Yes,76626557395718138549682497346449622033790455953645207983251701172676708683039,0xcec7958225b06aa2464a72d934ddcc9b66bb6f35ad065010496d8db92de412a0,0.999,1051.95,1050.89805,1730954803,Will a Republican win Alaska Presidential Election?
0x90ee55e0ce1dd838509054b22ce0dd50e8e6654484094f8dd7344b1c66cd3eed,0x4c0ff4ed37078480a5abcc1605b8c8e61566f4e1,SELL,No,9646994822693149615303360714935546561049708672550992328943885204944470918778,0xcec7958225b06aa2464a72d934ddcc9b66bb6f35ad065010496d8db92de412a0,0.001,7391.5,7.3915,1730954551,Will a Republican win Alaska Presidential Election?
0x1f411a9dba46d7f4cb4872cfde49e0d21c75c782e8a6350e192d8d6d22e33394,0x58f01e47dc84adc272a20ca8dd008b14ae37995c,SELL,Yes,76626557395718138549682497346449622033790455953645207983251701172676708683039,0xcec7958225b06aa2464a72d934ddcc9b66bb6f35ad065010496d8db92de412a0,0.9964601519,1999.34,1992.262640099746,1730937360,Will a Republican win Alaska Presidential Election?
0x37727e5731a63143143db14943c6866ad255de99a891d3e0fa31cb63b94f8275,0x82417578e473191e4a133027aaec9cbb7680ed84,SELL,Yes,76626557395718138549682497346449622033790455953645207983251701172676708683039,0xcec7958225b06aa2464a72d934ddcc9b66bb6f35ad065010496d8db92de412a0,0.996,161.25,160.605,1730934526,Will a Republican win Alaska Presidential Election?
0x674469f72642a35ce483fd6e4ebd2337be8dd9442c10a5300538ed139d8ecda2,0x82417578e473191e4a133027aaec9cbb7680ed84,SELL,Yes,76626557395718138549682497346449622033790455953645207983251701172676708683039,0xcec7958225b06aa2464a72d934ddcc9b66bb6f35ad065010496d8db92de412a0,0.997,2240.12,2233.39964,1730934368,Will a Republican win Alaska Presidential Election?
0xeec37618d074b17e3f04f21100f8f664c3cb2b41d079583a854a8ecdf2d4ea13,0x1602856ef17c9b838b2f2b941b9c628cd5eecbf7,SELL,Yes,76626557395718138549682497346449622033790455953645207983251701172676708683039,0xcec7958225b06aa2464a72d934ddcc9b66bb6f35ad065010496d8db92de412a0,0.997,500,498.5,1730932295,Will a Republican win Alaska Presidential Election?
0x721c410c0b64b1c119ca4e043216b62c287c1487854b54fd66b444acd09dba83,0x43e254f485b2cb333fea5e17b3cfb12e7de535e7,SELL,Yes,76626557395718138549682497346449622033790455953645207983251701172676708683039,0xcec7958225b06aa2464a72d934ddcc9b66bb6f35ad065010496d8db92de412a0,0.997,9.88,9.85036,1730932002,Will a Republican win Alaska Presidential Election?
0xa1e176bb41577c250f02d5120074746bf20530cb318b22aa6567a83baa47890e,0x3436f8169749b4f67c896b9201bca27117c1600b,BUY,Yes,76626557395718138549682497346449622033790455953645207983251701172676708683039,0xcec7958225b06aa2464a72d934ddcc9b66bb6f35ad065010496d8db92de412a0,0.999,207.72,207.51228,1730927726,Will a Republican win Alaska Presidential Election?
0x9da9762f8c5b245c857e04f85a01121de933fe869c43203021700fa25393511c,0x9921919b53c79009f505cb80713929411f381c14,SELL,Yes,76626557395718138549682497346449622033790455953645207983251701172676708683039,0xcec7958225b06aa2464a72d934ddcc9b66bb6f35ad065010496d8db92de412a0,0.995,50,49.75,1730926890,Will a Republican win Alaska Presidential Election?
0x3d0c38a7544f4a4591bedaa78d96a12fc20db895f99b50618c1bfad3855a6ea1,0x6a490d24cae60ad37b066b69d8d9382797975862,SELL,Yes,76626557395718138549682497346449622033790455953645207983251701172676708683039,0xcec7958225b06aa2464a72d934ddcc9b66bb6f35ad065010496d8db92de412a0,0.9950189272,1320.85,1314.2707499921198,1730923995,Will a Republican win Alaska Presidential Election?
0x958eac8670d8072d9f1e89488e08b740fb2989cf99ea5a5a78b5c6fd41b6deb8,0xc60956381d561c6e63d08ac8e09fdc2be0f0e74d,SELL,No,9646994822693149615303360714935546561049708672550992328943885204944470918778,0xcec7958225b06aa2464a72d934ddcc9b66bb6f35ad065010496d8db92de412a0,0.001,0.89,0.0008900000000000001,1730921761,Will a Republican win Alaska Presidential Election?
0x3d7776025ce7f607cb29701c629916b3d6dd4ee49e979aea6fdccb73865f6a27,0x6a490d24cae60ad37b066b69d8d9382797975862,SELL,Yes,76626557395718138549682497346449622033790455953645207983251701172676708683039,0xcec7958225b06aa2464a72d934ddcc9b66bb6f35ad065010496d8db92de412a0,0.998,954,952.092,1730921318,Will a Republican win Alaska Presidential Election?
0x4638e1e0028ad790542cb2629a1bad9c171f2f965903da43c7aeed118c62ec60,0xd5351a2142c265e39ba8bc0d1101f26d6eb5fa67,BUY,Yes,76626557395718138549682497346449622033790455953645207983251701172676708683039,0xcec7958225b06aa2464a72d934ddcc9b66bb6f35ad065010496d8db92de412a0,0.999,4800,4795.2,1730920868,Will a Republican win Alaska Presidential Election?
0xc5e2de9ee65c4f623b1f82827701a5babd57890ada9a73822bd0aab469f06cb1,0xac34fe7f4015a6f078c69d2ca2f31f57668a6fd1,BUY,No,9646994822693149615303360714935546561049708672550992328943885204944470918778,0xcec7958225b06aa2464a72d934ddcc9b66bb6f35ad065010496d8db92de412a0,0.002,45,0.09,1730920844,Will a Republican win Alaska Presidential Election?
0xfe5fb642496f331dd22c0b7abd59780bcc8786f85e7f806ec8449d21e250b740,0xc60956381d561c6e63d08ac8e09fdc2be0f0e74d,SELL,No,9646994822693149615303360714935546561049708672550992328943885204944470918778,0xcec7958225b06aa2464a72d934ddcc9b66bb6f35ad065010496d8db92de412a0,0.002,1000,2.0,1730920527,Will a Republican win Alaska Presidential Election?
0x365181c75b34cb8117b642002b1c53902d006147e3d2daff2116d1c17c251a4d,0xf1628c187a0a0d5d042c316946735ec731b8b6b5,SELL,Yes,76626557395718138549682497346449622033790455953645207983251701172676708683039,0xcec7958225b06aa2464a72d934ddcc9b66bb6f35ad065010496d8db92de412a0,0.995,1805.06,1796.0347,1730919180,Will a Republican win Alaska Presidential Election?
0x836625bbb55d0a17bbc4c8b8b6861cfdcf02fea2cf317bcbdc9346e695479d75,0x6a490d24cae60ad37b066b69d8d9382797975862,SELL,Yes,76626557395718138549682497346449622033790455953645207983251701172676708683039,0xcec7958225b06aa2464a72d934ddcc9b66bb6f35ad065010496d8db92de412a0,0.995,1936.18,1926.4991,1730914551,Will a Republican win Alaska Presidential Election?
0xc97b518fe0dc6b1cd63a64cfc0bef285a5d141d5c4ececedb039055df462088e,0xeb6f0a13ea8c5a7a0514c25495adbe815c1025f0,BUY,Yes,76626557395718138549682497346449622033790455953645207983251701172676708683039,0xcec7958225b06aa2464a72d934ddcc9b66bb6f35ad065010496d8db92de412a0,0.999,417.92,417.50208000000003,1730906647,Will a Republican win Alaska Presidential Election?
0x023a77fc4d0542a9ec1384b8066b7196e3592e2c3e119d00f99c36de89b67466,0x2a1876963a46cda241a3298cb3665c5507f0169f,SELL,Yes,76626557395718138549682497346449622033790455953645207983251701172676708683039,0xcec7958225b06aa2464a72d934ddcc9b66bb6f35ad065010496d8db92de412a0,0.995,63.82,63.5009,1730905950,Will a Republican win Alaska Presidential Election?
0xbf6ead9e9349231a0ae05234302e05b4b57197e6eb4ed40682cff548f91a27cf,0x4562231ad8653baedff7af069035bfa434adaa66,BUY,Yes,76626557395718138549682497346449622033790455953645207983251701172676708683039,0xcec7958225b06aa2464a72d934ddcc9b66bb6f35ad065010496d8db92de412a0,0.999,82.082,81.999918,1730902194,Will a Republican win Alaska Presidential Election?
0x4f4f33b0257ecc6ada43c55ad5c31cb4d7fca92d3b5b1d45b020e44ad509cc8e,0x9aab9e4d07298109ad7eb8a83e95dd4cf3371cfa,BUY,Yes,76626557395718138549682497346449622033790455953645207983251701172676708683039,0xcec7958225b06aa2464a72d934ddcc9b66bb6f35ad065010496d8db92de412a0,0.999,0.01,0.00999,1730895498,Will a Republican win Alaska Presidential Election?
0x1ed0b1a9461533a838cf38664b4a07f375ae24b913b276d75a9807a062b46b53,0x538f55cc7e84a2c55b2e701c7b815bf10098c13f,BUY,Yes,76626557395718138549682497346449622033790455953645207983251701172676708683039,0xcec7958225b06aa2464a72d934ddcc9b66bb6f35ad065010496d8db92de412a0,0.999,0.01,0.00999,1730895326,Will a Republican win Alaska Presidential Election?
0xbf58506b9f22e9daa2d499cb5b490d674355f0836efdabce882ea753a040538f,0x1ed6193844f68bca87e3272f8ea1728b1ae21a5c,BUY,Yes,76626557395718138549682497346449622033790455953645207983251701172676708683039,0xcec7958225b06aa2464a72d934ddcc9b66bb6f35ad065010496d8db92de412a0,0.999,0.01,0.00999,1730894292,Will a Republican win Alaska Presidential Election?
0xfacd4f14f03d571b6c06765fac8285c643b1293a702c6794cf63d511bbc3ecbc,0x551ed30a72c7a13a94a067f2fc47b31b58237a8e,BUY,Yes,76626557395718138549682497346449622033790455953645207983251701172676708683039,0xcec7958225b06aa2464a72d934ddcc9b66bb6f35ad065010496d8db92de412a0,0.999,0.01,0.00999,1730894098,Will a Republican win Alaska Presidential Election?
0x4c1a2cb2704c3ce66fc087983e494d0fc5ac0bf418294bbe0ca46e63f552a573,0x83a60020f60ef444640e10685c6ae3b6531a51df,BUY,Yes,76626557395718138549682497346449622033790455953645207983251701172676708683039,0xcec7958225b06aa2464a72d934ddcc9b66bb6f35ad065010496d8db92de412a0,0.999,0.01,0.00999,1730893974,Will a Republican win Alaska Presidential Election?
0xb532dd00dffdecd3fa4f996ccdae1028d80c3589bd1acb951ab617e8f6d6f69d,0xd12b98e49a55f7fc50e87c7ece2d1cd6f36459c2,BUY,Yes,76626557395718138549682497346449622033790455953645207983251701172676708683039,0xcec7958225b06aa2464a72d934ddcc9b66bb6f35ad065010496d8db92de412a0,0.999,0.01,0.00999,1730893650,Will a Republican win Alaska Presidential Election?
0x7621498cb0bda2bd62af479e97df3729190a2b41718d21f01c006bf312b46575,0xafb7686092a95c3b8cb2e4ccfd1c2897690d6f14,BUY,Yes,76626557395718138549682497346449622033790455953645207983251701172676708683039,0xcec7958225b06aa2464a72d934ddcc9b66bb6f35ad065010496d8db92de412a0,0.999,0.01,0.00999,1730893578,Will a Republican win Alaska Presidential Election?
0xdde57b6e66a58f48e3de9ce5846b8f71630e3585703a4679c4bd47476894b542,0xcc9a7612e6475e4fb19235265bfb1416ca6c0d24,BUY,Yes,76626557395718138549682497346449622033790455953645207983251701172676708683039,0xcec7958225b06aa2464a72d934ddcc9b66bb6f35ad065010496d8db92de412a0,0.999,0.01,0.00999,1730893342,Will a Republican win Alaska Presidential Election?
0xc34b6c794d528c5cedf2bf1d8711bb288526f10e436cfc8f69899af53b31e2d8,0x9f3f7f4353a55d475f045bd38c967a58bb4e632c,BUY,Yes,76626557395718138549682497346449622033790455953645207983251701172676708683039,0xcec7958225b06aa2464a72d934ddcc9b66bb6f35ad065010496d8db92de412a0,0.999,0.01,0.00999,1730893206,Will a Republican win Alaska Presidential Election?
0x2f42f566ee826db87c64794c99799834f313f5af74596a635a4e664675a980bb,0x2aca2dac9453a386f24458ab194a0a0a12d370f4,BUY,Yes,76626557395718138549682497346449622033790455953645207983251701172676708683039,0xcec7958225b06aa2464a72d934ddcc9b66bb6f35ad065010496d8db92de412a0,0.999,0.01,0.00999,1730892951,Will a Republican win Alaska Presidential Election?
0x97f99cf7e9c181526c85a3f2b718d1fa6dfdbf23475d186920f1f2cbfa96ce5f,0xf086640dd5998a51298c40de06ff2d15bb2cca9f,BUY,Yes,76626557395718138549682497346449622033790455953645207983251701172676708683039,0xcec7958225b06aa2464a72d934ddcc9b66bb6f35ad065010496d8db92de412a0,0.999,0.01,0.00999,1730892815,Will a Republican win Alaska Presidential Election?
0xd0b089574c496e5263f9a4762808bbc79f63b4b656ffa0014ac800f7321f8770,0xded060575de105df9aef38ce401ed308af09b950,BUY,Yes,76626557395718138549682497346449622033790455953645207983251701172676708683039,0xcec7958225b06aa2464a72d934ddcc9b66bb6f35ad065010496d8db92de412a0,0.999,0.01,0.00999,1730892631,Will a Republican win Alaska Presidential Election?
0xc22a23441b3c9c687cb218b937c1faefd0859ab46b9eced8d714b86a241e0aa9,0x53c35b90fa2d0278525c48b455ea181a40d78639,BUY,Yes,76626557395718138549682497346449622033790455953645207983251701172676708683039,0xcec7958225b06aa2464a72d934ddcc9b66bb6f35ad065010496d8db92de412a0,0.999,0.01,0.00999,1730892355,Will a Republican win Alaska Presidential Election?
0x3bcd1ae4cb6b36bb9f8b9bf6d71956746e6afa53055edbc281ecb9d27a63731c,0x88c79fad349d2f0768397675f332db8a3d45ae91,BUY,Yes,76626557395718138549682497346449622033790455953645207983251701172676708683039,0xcec7958225b06aa2464a72d934ddcc9b66bb6f35ad065010496d8db92de412a0,0.999,0.01,0.00999,1730892253,Will a Republican win Alaska Presidential Election?
0x66d77ee5089c0815d3522904c0c05f6cbb5cb5a934c82e639f403dd35f48f3f8,0xce5c74635d3b6d0bb638893f892a450280cf1d15,BUY,Yes,76626557395718138549682497346449622033790455953645207983251701172676708683039,0xcec7958225b06aa2464a72d934ddcc9b66bb6f35ad065010496d8db92de412a0,0.999,0.01,0.00999,1730892009,Will a Republican win Alaska Presidential Election?
0xdcb5bf597e1b04d2335564fcbeb007b2de199f9dbe7fdc7b8bb5675b23dcf5b4,0xfcea71c7b7f870572c29f8b23257cbd4538c7dc2,BUY,Yes,76626557395718138549682497346449622033790455953645207983251701172676708683039,0xcec7958225b06aa2464a72d934ddcc9b66bb6f35ad065010496d8db92de412a0,0.999,0.01,0.00999,1730891869,Will a Republican win Alaska Presidential Election?
0xf0f0d3bb8a9bfeaa606bd9199b8c1d687d4b755faac077736cb46c82f3ece767,0x69bd138b305b41f80f034836d87a6a9cc7dc5689,BUY,Yes,76626557395718138549682497346449622033790455953645207983251701172676708683039,0xcec7958225b06aa2464a72d934ddcc9b66bb6f35ad065010496d8db92de412a0,0.999,0.01,0.00999,1730891639,Will a Republican win Alaska Presidential Election?
0x519aa6d2212e2fc29111c6170ce1877686032e03328dd8816a26d823fc8c52ac,0x1b38db8eed0a49520d9532442f9c2346e4f1e0f5,BUY,Yes,76626557395718138549682497346449622033790455953645207983251701172676708683039,0xcec7958225b06aa2464a72d934ddcc9b66bb6f35ad065010496d8db92de412a0,0.999,0.01,0.00999,1730891140,Will a Republican win Alaska Presidential Election?
0x80742a0fa6c28e7da669641c6af26b8d0368a36015e2398b6a0ce60f0f389a0f,0x58a9032213e3f4e07b948d527b9a936db881bf94,BUY,Yes,76626557395718138549682497346449622033790455953645207983251701172676708683039,0xcec7958225b06aa2464a72d934ddcc9b66bb6f35ad065010496d8db92de412a0,0.999,0.01,0.00999,1730891004,Will a Republican win Alaska Presidential Election?
0x5d09ba48463e3a7e5190b48e389ac9b1ece4033da029eee426d53f70195fe6ba,0x38684b27347a7971bcd529d6b1fadd4b48b55528,BUY,Yes,76626557395718138549682497346449622033790455953645207983251701172676708683039,0xcec7958225b06aa2464a72d934ddcc9b66bb6f35ad065010496d8db92de412a0,0.999,0.01,0.00999,1730890914,Will a Republican win Alaska Presidential Election?
0x00ba567ca906142dfd92aef46a9cf6e114e621921de0a97f88200ea11c35942b,0xc5d3d15b516c926a082e2cfa21339b873400389d,BUY,Yes,76626557395718138549682497346449622033790455953645207983251701172676708683039,0xcec7958225b06aa2464a72d934ddcc9b66bb6f35ad065010496d8db92de412a0,0.999,0.01,0.00999,1730890707,Will a Republican win Alaska Presidential Election?
0xb279ee36f6b92e9ce87d4cd8639818a5f8107b78cada1e471b6f368b903b1d89,0xa43a73c4142167801ef86d74590d2f221a96b74d,BUY,Yes,76626557395718138549682497346449622033790455953645207983251701172676708683039,0xcec7958225b06aa2464a72d934ddcc9b66bb6f35ad065010496d8db92de412a0,0.999,0.01,0.00999,1730889623,Will a Republican win Alaska Presidential Election?
0x35ecd7a36ded9f4d41064241edc247c6d4997c977cdcf6c68e497fd432978160,0x741987b9e42f37ccee01f65524be23c01dd1589f,BUY,Yes,76626557395718138549682497346449622033790455953645207983251701172676708683039,0xcec7958225b06aa2464a72d934ddcc9b66bb6f35ad065010496d8db92de412a0,0.999,0.01,0.00999,1730889302,Will a Republican win Alaska Presidential Election?
0x58f988fdd74dcd34fdd182357b829145c9334f561100ff51ffd38bcbf7a6106f,0x4a615c0c0de78c28b4b2a4fa4bfffac1a47504b2,BUY,Yes,76626557395718138549682497346449622033790455953645207983251701172676708683039,0xcec7958225b06aa2464a72d934ddcc9b66bb6f35ad065010496d8db92de412a0,0.999,0.01,0.00999,1730889146,Will a Republican win Alaska Presidential Election?
0x9d86ecf6a865acf207b09ca05d1513b3f9659556efb4616eac87421c15d7e010,0xef1d53f51126e3fa1ef273804ad670b92399f4d1,BUY,Yes,76626557395718138549682497346449622033790455953645207983251701172676708683039,0xcec7958225b06aa2464a72d934ddcc9b66bb6f35ad065010496d8db92de412a0,0.999,0.01,0.00999,1730888826,Will a Republican win Alaska Presidential Election?
0x0c98c5619d64b58142a24b1f26813f980547f6c8a0bbbd88a261a940a11476d9,0x3bb5d2276e9cb4d7d3d6ab85cd946793de2ee3e2,BUY,Yes,76626557395718138549682497346449622033790455953645207983251701172676708683039,0xcec7958225b06aa2464a72d934ddcc9b66bb6f35ad065010496d8db92de412a0,0.999,0.01,0.00999,1730888494,Will a Republican win Alaska Presidential Election?
0x8142e6b9679c5954a201fe52a7eb92b68076eb1322f95c157157b178e4dcdb6a,0x69a212bd9d654efb7e2ce8c8bce4cb193104180b,BUY,Yes,76626557395718138549682497346449622033790455953645207983251701172676708683039,0xcec7958225b06aa2464a72d934ddcc9b66bb6f35ad065010496d8db92de412a0,0.999,0.01,0.00999,1730888166,Will a Republican win Alaska Presidential Election?
0xe89a8b994f54efa929b9948e8e7e168ff9aa31b95591d8f0e74a7a4f2186b0b7,0x6d3d700c1eac163ce5e6d96ee2cc9a8c275d8a25,BUY,Yes,76626557395718138549682497346449622033790455953645207983251701172676708683039,0xcec7958225b06aa2464a72d934ddcc9b66bb6f35ad065010496d8db92de412a0,0.999,0.01,0.00999,1730887906,Will a Republican win Alaska Presidential Election?
0x7e36cb5acf3fa2897b99200ce8a366a884c69ae68870f86e1bfc3f450c4c7ab3,0x97258603c5cc4f2608d77ce054fb46d9593c62e0,SELL,Yes,76626557395718138549682497346449622033790455953645207983251701172676708683039,0xcec7958225b06aa2464a72d934ddcc9b66bb6f35ad065010496d8db92de412a0,0.991,428.19,424.33629,1730887606,Will a Republican win Alaska Presidential Election?
0x0637f30bb44defe99917ee0b20fa1fc5252bd39b164bcf24f1cdd8847a91bec2,0x29072c0c8e2427a2a503587d3d96e4e1f0c4cc23,BUY,Yes,76626557395718138549682497346449622033790455953645207983251701172676708683039,0xcec7958225b06aa2464a72d934ddcc9b66bb6f35ad065010496d8db92de412a0,0.999,0.01,0.00999,1730886844,Will a Republican win Alaska Presidential Election?
0xe848d89b39e49a631a900077b0c8cf77d942a3ac3e467ddbae05ed62e48a0478,0x8e70160eaeecbc47ed005007e294b0c706c09191,BUY,Yes,76626557395718138549682497346449622033790455953645207983251701172676708683039,0xcec7958225b06aa2464a72d934ddcc9b66bb6f35ad065010496d8db92de412a0,0.999,0.01,0.00999,1730886688,Will a Republican win Alaska Presidential Election?
0x13ed50994620ca7a7ec5f285555923cb72682f07cb000a4a9f6bff4348f0a510,0xc0df280a4fd6c1a92af09d7389fb43e603594d53,BUY,Yes,76626557395718138549682497346449622033790455953645207983251701172676708683039,0xcec7958225b06aa2464a72d934ddcc9b66bb6f35ad065010496d8db92de412a0,0.999,0.04,0.03996,1730885813,Will a Republican win Alaska Presidential Election?
0xf6b40e0e79e9dd7019cdd37313228d0f7c6da8e165eec967e7f10bdf21f26bb8,0xf48101e221c01d39a035418fac248a5c683850d5,BUY,Yes,76626557395718138549682497346449622033790455953645207983251701172676708683039,0xcec7958225b06aa2464a72d934ddcc9b66bb6f35ad065010496d8db92de412a0,0.999,0.01,0.00999,1730885595,Will a Republican win Alaska Presidential Election?
0xcd05b2be85a839406095741fd0e996a1b980bf434035da0e26dc82fc6a8c0994,0x4f8588a63724cb5d353b78df9369cda696a843c1,BUY,Yes,76626557395718138549682497346449622033790455953645207983251701172676708683039,0xcec7958225b06aa2464a72d934ddcc9b66bb6f35ad065010496d8db92de412a0,0.999,0.01,0.00999,1730885413,Will a Republican win Alaska Presidential Election?
0x0a03be2076652b54539d04e52e7846f6e1523427c0b7d06fcf7b5516b82d4e68,0x7792574d4d45843723f11ddd681f67cd35127250,BUY,Yes,76626557395718138549682497346449622033790455953645207983251701172676708683039,0xcec7958225b06aa2464a72d934ddcc9b66bb6f35ad065010496d8db92de412a0,0.999,0.01,0.00999,1730885373,Will a Republican win Alaska Presidential Election?
0xa4c85f82b7910be52053f60d325841df9099fe029b2f33640b01a3c1da1ccf24,0xb2aa65796312d28aaacbea03cdc6be9ab593721a,SELL,No,9646994822693149615303360714935546561049708672550992328943885204944470918778,0xcec7958225b06aa2464a72d934ddcc9b66bb6f35ad065010496d8db92de412a0,0.001,101.45,0.10145,1730884700,Will a Republican win Alaska Presidential Election?
0x3c52f60a95000c3d15d803872580237678472d1c6200bec11074299ad444b9c3,0x72e2276adf7dbb39f51ace8b331bb62eaceeb3a4,BUY,Yes,76626557395718138549682497346449622033790455953645207983251701172676708683039,0xcec7958225b06aa2464a72d934ddcc9b66bb6f35ad065010496d8db92de412a0,0.999,0.01,0.00999,1730884064,Will a Republican win Alaska Presidential Election?
0xb8d144ee62c9f2a25c7100282719ab6c83b14c3badb2d1e917448bea577c1a31,0x4e049d1873c4bc29ebded3794cbacb2e995f20a9,BUY,Yes,76626557395718138549682497346449622033790455953645207983251701172676708683039,0xcec7958225b06aa2464a72d934ddcc9b66bb6f35ad065010496d8db92de412a0,0.999,0.01,0.00999,1730883176,Will a Republican win Alaska Presidential Election?
0x41e3c4df6df03be335aff68ea292bcda8106ca836e359dde218b1d2b823db7b9,0xe2f0081d4c8c35c09eb216b6090817ae16560bd2,SELL,No,9646994822693149615303360714935546561049708672550992328943885204944470918778,0xcec7958225b06aa2464a72d934ddcc9b66bb6f35ad065010496d8db92de412a0,0.001,3416.1,3.4161,1730882699,Will a Republican win Alaska Presidential Election?
0x45c134532b8eb8b38a1221c8ab31ba83a79906ad8d0a3d60a5b0cc42e251251d,0xa66d7302a19fddc70bced2ac43b6b2b0a0e9eda1,BUY,Yes,76626557395718138549682497346449622033790455953645207983251701172676708683039,0xcec7958225b06aa2464a72d934ddcc9b66bb6f35ad065010496d8db92de412a0,0.999,0.01,0.00999,1730882541,Will a Republican win Alaska Presidential Election?
0xc437559edf4de2ca6807e08fc650c279c2a8807d2d8d5784b9fa847ba7e4cb10,0x9b9a47b6cac9dc5ca4f1e14e834aaf2886e781b2,BUY,Yes,76626557395718138549682497346449622033790455953645207983251701172676708683039,0xcec7958225b06aa2464a72d934ddcc9b66bb6f35ad065010496d8db92de412a0,0.999,0.01,0.00999,1730881789,Will a Republican win Alaska Presidential Election?
0xcbea98225398029c7f32e4f5a49561d34bab743d48f25b12345668236c95d586,0x324600dc9622a2bd4497e9558455d33893533c56,BUY,Yes,76626557395718138549682497346449622033790455953645207983251701172676708683039,0xcec7958225b06aa2464a72d934ddcc9b66bb6f35ad065010496d8db92de412a0,0.999,0.01,0.00999,1730881401,Will a Republican win Alaska Presidential Election?
0x20431ef795219c08a8e4d8715adfee6ecfab334dce0087fdb6953805f3a06660,0x1bc08c34047253515535fc43217e22508bc5317c,BUY,Yes,76626557395718138549682497346449622033790455953645207983251701172676708683039,0xcec7958225b06aa2464a72d934ddcc9b66bb6f35ad065010496d8db92de412a0,0.999,1.001,0.9999989999999999,1730881055,Will a Republican win Alaska Presidential Election?
0x5365134c6eb75d1504fde040177d00503f6b7a8872a23702ba77d6256f3cc758,0x0110c0d793ffa7bccccb7518bae008ab7df69386,BUY,Yes,76626557395718138549682497346449622033790455953645207983251701172676708683039,0xcec7958225b06aa2464a72d934ddcc9b66bb6f35ad065010496d8db92de412a0,0.999,0.01,0.00999,1730880797,Will a Republican win Alaska Presidential Election?
0x02bdf696905fc1c4103854bb8258cd0a0dd5501362060029faf3530daedd58d2,0xc9cb99e9432a4bb14eff00bfea433c05a2852d4c,BUY,Yes,76626557395718138549682497346449622033790455953645207983251701172676708683039,0xcec7958225b06aa2464a72d934ddcc9b66bb6f35ad065010496d8db92de412a0,0.999,0.01,0.00999,1730880547,Will a Republican win Alaska Presidential Election?
0xc2c637b6e3673d2b5920407977072a3d4d6c01ca03812b607da0068fa8554324,0xe3ef5dce7a1422aca9c6356cb595100effb56494,BUY,Yes,76626557395718138549682497346449622033790455953645207983251701172676708683039,0xcec7958225b06aa2464a72d934ddcc9b66bb6f35ad065010496d8db92de412a0,0.999,1.001,0.9999989999999999,1730880407,Will a Republican win Alaska Presidential Election?
0xb9cdbb749179d16aff903d2ddb00a84172bb859f6f4b1954660e30e9017b6571,0x4e2866ec0bfcb98f87c3e4caf63ff57fbbf0d71d,BUY,Yes,76626557395718138549682497346449622033790455953645207983251701172676708683039,0xcec7958225b06aa2464a72d934ddcc9b66bb6f35ad065010496d8db92de412a0,0.999,0.01,0.00999,1730880357,Will a Republican win Alaska Presidential Election?
0x2663168de05ad7e010af0d6404429158d2a87491a69a9b3421248165e60821f3,0xda9f44eee0523b6a7fe445e19878cff70704826e,BUY,Yes,76626557395718138549682497346449622033790455953645207983251701172676708683039,0xcec7958225b06aa2464a72d934ddcc9b66bb6f35ad065010496d8db92de412a0,0.999,0.01,0.00999,1730879123,Will a Republican win Alaska Presidential Election?
0xc7505cff6e0d6719c832f8174c5c3a9714948e0aeb68c8f28fe69c91fd28f5a5,0x1c0906e2c03278be8db0f461a99562f78328765d,BUY,Yes,76626557395718138549682497346449622033790455953645207983251701172676708683039,0xcec7958225b06aa2464a72d934ddcc9b66bb6f35ad065010496d8db92de412a0,0.999,0.01,0.00999,1730879061,Will a Republican win Alaska Presidential Election?
0xba0cb2be2227c0a153dcf3852419125c9b70a47eaeae7bb20b4863093f73eec5,0x7fc693799044b779bc1e3ff2265317ea12d11a11,BUY,Yes,76626557395718138549682497346449622033790455953645207983251701172676708683039,0xcec7958225b06aa2464a72d934ddcc9b66bb6f35ad065010496d8db92de412a0,0.999,0.01,0.00999,1730878243,Will a Republican win Alaska Presidential Election?
0xfc4d3d763e5da159a73ca5ae7160fa2f45707ea374accf33e17c286698333974,0xd2067e31e28e9e3519ff14e56acb534b6039bc3a,BUY,Yes,76626557395718138549682497346449622033790455953645207983251701172676708683039,0xcec7958225b06aa2464a72d934ddcc9b66bb6f35ad065010496d8db92de412a0,0.999,0.01,0.00999,1730878189,Will a Republican win Alaska Presidential Election?
0x1cb37bcc783d088d84fd46f2695f859b97538f9c2ec641f71e1288f022d7e21f,0x05120041b2217355a1d22fa638252c23acf903cb,BUY,Yes,76626557395718138549682497346449622033790455953645207983251701172676708683039,0xcec7958225b06aa2464a72d934ddcc9b66bb6f35ad065010496d8db92de412a0,0.999,0.01,0.00999,1730877659,Will a Republican win Alaska Presidential Election?
0x95ad40f972a1218cbb83c19ebbd11731957eb9fa56012ef62d8281f683642e27,0x4794e1e47419d7d0f513b5612091afa4a72753d0,BUY,Yes,76626557395718138549682497346449622033790455953645207983251701172676708683039,0xcec7958225b06aa2464a72d934ddcc9b66bb6f35ad065010496d8db92de412a0,0.999,0.01,0.00999,1730877361,Will a Republican win Alaska Presidential Election?
0xce9971e2abc98ecffb628d0cd6484507e56d6640117b6fce53bab979a83f74cc,0xe24838258b572f1771dffba3bcdde57a78def293,BUY,Yes,76626557395718138549682497346449622033790455953645207983251701172676708683039,0xcec7958225b06aa2464a72d934ddcc9b66bb6f35ad065010496d8db92de412a0,0.998,3154.67,3148.3606600000003,1730877005,Will a Republican win Alaska Presidential Election?
0x36b4b2912f26b61e73d0679de0a217c0b8507316493259e944c166c0138c5149,0xe24838258b572f1771dffba3bcdde57a78def293,BUY,Yes,76626557395718138549682497346449622033790455953645207983251701172676708683039,0xcec7958225b06aa2464a72d934ddcc9b66bb6f35ad065010496d8db92de412a0,0.997,6292.73,6273.851809999999,1730876995,Will a Republican win Alaska Presidential Election?
0x670d11adfc0a53e7b366a826994bef6717e97c07dbe61d52beb53b8c76b80924,0xe3b39f48312fdaa1d0979b26268b775b441ee764,BUY,Yes,76626557395718138549682497346449622033790455953645207983251701172676708683039,0xcec7958225b06aa2464a72d934ddcc9b66bb6f35ad065010496d8db92de412a0,0.996908964,0.010029,0.009997999999955999,1730875045,Will a Republican win Alaska Presidential Election?
0xe2be86c86cdc55f84bc37e44adeb6d01bbd83aa9cd4431a941b4d5b6d50a15e5,0xd629d0a3694fdf5100af70d7a0c7842c3039ac66,BUY,Yes,76626557395718138549682497346449622033790455953645207983251701172676708683039,0xcec7958225b06aa2464a72d934ddcc9b66bb6f35ad065010496d8db92de412a0,0.996908964,0.010029,0.009997999999955999,1730874985,Will a Republican win Alaska Presidential Election?
0x89ab9034a96fbdd0d560ae0bdb08cbc6b00d318fe8ad7235aa6b722e24dcffac,0xb3ce6ebae2842e27d6605c2d33b74b34df9af11c,BUY,Yes,76626557395718138549682497346449622033790455953645207983251701172676708683039,0xcec7958225b06aa2464a72d934ddcc9b66bb6f35ad065010496d8db92de412a0,0.996908964,0.010029,0.009997999999955999,1730874623,Will a Republican win Alaska Presidential Election?
0x1e7a435777f1f9992ab6926e2984b5a71450ab979d3da0f5060d98357c0270ff,0x51a65fca2f964d99dde760a79dd9203a2eb9cfe3,BUY,Yes,76626557395718138549682497346449622033790455953645207983251701172676708683039,0xcec7958225b06aa2464a72d934ddcc9b66bb6f35ad065010496d8db92de412a0,0.9959159279,0.010039,0.0099980000001881,1730874421,Will a Republican win Alaska Presidential Election?
0x6dd795eac1434ff544fa24794ab460f1c8fb021073b3ee00393432c1e0330b69,0xf1b8065a195b660f5f8633f497d157b6bb5dd389,BUY,Yes,76626557395718138549682497346449622033790455953645207983251701172676708683039,0xcec7958225b06aa2464a72d934ddcc9b66bb6f35ad065010496d8db92de412a0,0.9959159279,0.010039,0.0099980000001881,1730873963,Will a Republican win Alaska Presidential Election?
0xc0387936b4ab0bc53a04def4622737c0262c563b7c12c1471cb148012788dc9b,0xd4360f0503d2a89e94799bb8e75ac8662764cb50,BUY,Yes,76626557395718138549682497346449622033790455953645207983251701172676708683039,0xcec7958225b06aa2464a72d934ddcc9b66bb6f35ad065010496d8db92de412a0,0.9959159279,0.010039,0.0099980000001881,1730873449,Will a Republican win Alaska Presidential Election?
0xae49b4a6ca8cbaeb88db1959bf4340ad88bbbb36dbd24c6915d08919a8e0be55,0xf8cfd8c0b0e8bc131a2a70c4da238d5d761bad74,BUY,Yes,76626557395718138549682497346449622033790455953645207983251701172676708683039,0xcec7958225b06aa2464a72d934ddcc9b66bb6f35ad065010496d8db92de412a0,0.9959159279,0.010039,0.0099980000001881,1730873335,Will a Republican win Alaska Presidential Election?
0x8927a646464009fb4ea9730056227860df71637dd68e1926741c25313ea0f739,0xe2d6846969f9920589020d786f53ea24d25dcbab,BUY,Yes,76626557395718138549682497346449622033790455953645207983251701172676708683039,0xcec7958225b06aa2464a72d934ddcc9b66bb6f35ad065010496d8db92de412a0,0.9959159279,0.010039,0.0099980000001881,1730873155,Will a Republican win Alaska Presidential Election?
0xf4df966c6700624a4bbed3f568f54417326ff6c433357cf2b6c334e093c33665,0x4146aca2711f7831bae9370f5adbe4fa6ea1db59,BUY,Yes,76626557395718138549682497346449622033790455953645207983251701172676708683039,0xcec7958225b06aa2464a72d934ddcc9b66bb6f35ad065010496d8db92de412a0,0.9959990638,1.004015,0.9999980000411571,1730873007,Will a Republican win Alaska Presidential Election?
0x50f91d3692917f1023fdc47f4c55638e4f6b9be988864ea2c726b07af57ea1ad,0x82259e297d580ffa919ceffc17a0c70016ac8d51,BUY,Yes,76626557395718138549682497346449622033790455953645207983251701172676708683039,0xcec7958225b06aa2464a72d934ddcc9b66bb6f35ad065010496d8db92de412a0,0.9959990638,1.004015,0.9999980000411571,1730872989,Will a Republican win Alaska Presidential Election?
0x74a5ccf646dc58347650b6b070b6322e9222009f9ae914a14fac848cac9cfd30,0x9d783d934c6776ab870e7afc3b8a71342f0b504a,BUY,Yes,76626557395718138549682497346449622033790455953645207983251701172676708683039,0xcec7958225b06aa2464a72d934ddcc9b66bb6f35ad065010496d8db92de412a0,0.9959159279,0.010039,0.0099980000001881,1730872899,Will a Republican win Alaska Presidential Election?
0x232a0b8fe870801b0534149c22a87abf6b50ee67c0ef9aa6615ba8a2d61f71d7,0x055ddb892168a91e9486339c47d8d1b0c5438af1,BUY,Yes,76626557395718138549682497346449622033790455953645207983251701172676708683039,0xcec7958225b06aa2464a72d934ddcc9b66bb6f35ad065010496d8db92de412a0,0.9959159279,0.010039,0.0099980000001881,1730872729,Will a Republican win Alaska Presidential Election?
0xeac3581c8b9d30839bfaeca43f17824d42e160d7082a4bca623605b48187da1a,0x7116324ff60441c6545e435d48f4c306cd4da79a,BUY,Yes,76626557395718138549682497346449622033790455953645207983251701172676708683039,0xcec7958225b06aa2464a72d934ddcc9b66bb6f35ad065010496d8db92de412a0,0.9959159279,0.010039,0.0099980000001881,1730872395,Will a Republican win Alaska Presidential Election?
0x6c66fc13e3a465c7223b36dfce871694bcd87374381993704d7a17959c8f94e8,0xd8665d87bd605681d247b800c911cb24432d0a40,BUY,Yes,76626557395718138549682497346449622033790455953645207983251701172676708683039,0xcec7958225b06aa2464a72d934ddcc9b66bb6f35ad065010496d8db92de412a0,0.9959990638,1.004015,0.9999980000411571,1730872249,Will a Republican win Alaska Presidential Election?
0x6083beeaae255c940e0759e9a4888c5c5e45470030427b2965e6e2dc05acfe2f,0x5fe96c485619cea5f1aaa908d1c5da94b08fd029,BUY,Yes,76626557395718138549682497346449622033790455953645207983251701172676708683039,0xcec7958225b06aa2464a72d934ddcc9b66bb6f35ad065010496d8db92de412a0,0.9959159279,0.010039,0.0099980000001881,1730872235,Will a Republican win Alaska Presidential Election?
0x34f468454fb6ed2fd9f3bd13e4108d40d2c242f1898235112823ee2649dbaad8,0x8483a96cca8176e69a9c5d8ea0097f55aea3919d,BUY,Yes,76626557395718138549682497346449622033790455953645207983251701172676708683039,0xcec7958225b06aa2464a72d934ddcc9b66bb6f35ad065010496d8db92de412a0,0.9959159279,0.010039,0.0099980000001881,1730871923,Will a Republican win Alaska Presidential Election?
0x1cafbb7e30fc61d8c7463a165246f263671e6b0fbf17ccfdf421b207d8f109dd,0xd8552644c800ce48d751c48787c200fc1aaf6381,BUY,Yes,76626557395718138549682497346449622033790455953645207983251701172676708683039,0xcec7958225b06aa2464a72d934ddcc9b66bb6f35ad065010496d8db92de412a0,0.9959159279,0.010039,0.0099980000001881,1730871625,Will a Republican win Alaska Presidential Election?
0xb953f9fb10797f3e712da592a5778f937bf96d88afe932011cc5792a48df409d,0x795866a0a0b7f45dfd3d59d41fe6d918c79f051b,BUY,Yes,76626557395718138549682497346449622033790455953645207983251701172676708683039,0xcec7958225b06aa2464a72d934ddcc9b66bb6f35ad065010496d8db92de412a0,0.9959159279,0.010039,0.0099980000001881,1730871357,Will a Republican win Alaska Presidential Election?
0x0551b7b48bba96c6ecbcd2394d45602a2edfde574a5174e791aa8d1942843ba5,0x17b36545e0c414e6e0693b3f334e05952c7e7c95,BUY,Yes,76626557395718138549682497346449622033790455953645207983251701172676708683039,0xcec7958225b06aa2464a72d934ddcc9b66bb6f35ad065010496d8db92de412a0,0.9959990638,1.004015,0.9999980000411571,1730871347,Will a Republican win Alaska Presidential Election?
0xe9ba66803f16b785d8edf4e49f683468fc0fcb2496b1097a4f2130c837f2ea15,0x4ddb33a0cf1e83a4f87edb5691cbd5ec068b2bd2,BUY,Yes,76626557395718138549682497346449622033790455953645207983251701172676708683039,0xcec7958225b06aa2464a72d934ddcc9b66bb6f35ad065010496d8db92de412a0,0.9959159279,0.010039,0.0099980000001881,1730871011,Will a Republican win Alaska Presidential Election?
0x70535986193694c8470d6663f96a51a2927575647e980a4ba2b0da15cd573083,0xe072909e4c4b11ae5d23b5c3aa5f5dd70dde3eab,BUY,Yes,76626557395718138549682497346449622033790455953645207983251701172676708683039,0xcec7958225b06aa2464a72d934ddcc9b66bb6f35ad065010496d8db92de412a0,0.996908964,0.010029,0.009997999999955999,1730870608,Will a Republican win Alaska Presidential Election?
0xed15b5c04548587780bec05df5f638c354646712cc3bfada3f49750e25e86e1a,0x5ea59e1f0efea967eaad977da5f10f03f06d8b48,BUY,Yes,76626557395718138549682497346449622033790455953645207983251701172676708683039,0xcec7958225b06aa2464a72d934ddcc9b66bb6f35ad065010496d8db92de412a0,0.996908964,0.010029,0.009997999999955999,1730870431,Will a Republican win Alaska Presidential Election?
0xe594dbebfb6f1e8073b8b9fcdfb1be9a26968ce819c8d6910ad180c271545853,0x1476d857e575e3fbd973407d89fd21b479b4ee48,BUY,Yes,76626557395718138549682497346449622033790455953645207983251701172676708683039,0xcec7958225b06aa2464a72d934ddcc9b66bb6f35ad065010496d8db92de412a0,0.996908964,0.010029,0.009997999999955999,1730870163,Will a Republican win Alaska Presidential Election?
0xf4ccf839819909f3b5d61927aaa9bcd61580bbe3920811a303496e1d26514cc7,0x3a143103912ffa6d18ca1447288fdfc081773d74,BUY,Yes,76626557395718138549682497346449622033790455953645207983251701172676708683039,0xcec7958225b06aa2464a72d934ddcc9b66bb6f35ad065010496d8db92de412a0,0.996908964,0.010029,0.009997999999955999,1730869985,Will a Republican win Alaska Presidential Election?
0xe108036da99084ec6b3afb8d96970752cf41a92e983e26144aeddc04b568cee1,0x8aa912f3b902e272af8175579d7d01b92a89c284,BUY,Yes,76626557395718138549682497346449622033790455953645207983251701172676708683039,0xcec7958225b06aa2464a72d934ddcc9b66bb6f35ad065010496d8db92de412a0,0.9979039824,0.010019,0.0099979999996656,1730869749,Will a Republican win Alaska Presidential Election?
0x816535d359f27e8d292ac82dcdad7f8877f96885b190a1e114d7480e45be8d93,0x0ca89527dd31143ccc2202b79cf1bf4f8c538481,SELL,No,9646994822693149615303360714935546561049708672550992328943885204944470918778,0xcec7958225b06aa2464a72d934ddcc9b66bb6f35ad065010496d8db92de412a0,0.002,80,0.16,1730868913,Will a Republican win Alaska Presidential Election?
0x087748a2213d2f8eb7de8c12aad02e974f4b6dacd00aa6464816c8b85a875424,0xec3e4ccb3286601e829d94b4ce684bc64789b2d6,BUY,Yes,76626557395718138549682497346449622033790455953645207983251701172676708683039,0xcec7958225b06aa2464a72d934ddcc9b66bb6f35ad065010496d8db92de412a0,0.9979039824,0.010019,0.0099979999996656,1730868651,Will a Republican win Alaska Presidential Election?
0xdc59512003a5bc6435398ccf3e4960395e8db5bba0d76aacb5ab236efe77e35a,0x65c88b328b4f15cd342757d74168a5bcdba32800,BUY,Yes,76626557395718138549682497346449622033790455953645207983251701172676708683039,0xcec7958225b06aa2464a72d934ddcc9b66bb6f35ad065010496d8db92de412a0,0.9979039824,0.010019,0.0099979999996656,1730868441,Will a Republican win Alaska Presidential Election?
0x917735fc42ef941855babffa7679ecabde87e971ef2f65dffdbf376f0775866d,0x75115cdf072f07a2101ea36fddc0846303803d9d,BUY,Yes,76626557395718138549682497346449622033790455953645207983251701172676708683039,0xcec7958225b06aa2464a72d934ddcc9b66bb6f35ad065010496d8db92de412a0,0.9979039824,0.010019,0.0099979999996656,1730868103,Will a Republican win Alaska Presidential Election?
0x88e19468b28ec32430eb03dbd2c567dc499d920c35a01522feb0640991464318,0x0b5d3f1153c8fcc7d3bdfd14b1cbd949beb3fd07,BUY,Yes,76626557395718138549682497346449622033790455953645207983251701172676708683039,0xcec7958225b06aa2464a72d934ddcc9b66bb6f35ad065010496d8db92de412a0,0.9979039824,0.010019,0.0099979999996656,1730868011,Will a Republican win Alaska Presidential Election?
0x64bccf77000636f5244f5e7621f887e7624b5eed2528a03b50daf6c1f4b23a50,0x5a254a4f3545cba084b34c0bae9a50460d7f6b24,BUY,Yes,76626557395718138549682497346449622033790455953645207983251701172676708683039,0xcec7958225b06aa2464a72d934ddcc9b66bb6f35ad065010496d8db92de412a0,0.998000008,1.002004,1.0000000000160318,1730867857,Will a Republican win Alaska Presidential Election?
0xef601402444f08ca77866c7b9ba3d4cf7f343946873de638af4b63e803c60472,0xc60906981c5c858378045f04f08e4be59169ca1d,BUY,Yes,76626557395718138549682497346449622033790455953645207983251701172676708683039,0xcec7958225b06aa2464a72d934ddcc9b66bb6f35ad065010496d8db92de412a0,0.9979039824,0.010019,0.0099979999996656,1730867697,Will a Republican win Alaska Presidential Election?
0x873bd907453806c768aa7be6d0cc99b46ebbc5c6c94f221921c7f5d141f80474,0x4c9d86134e6e079a919ede5ff395cd6887b84437,BUY,Yes,76626557395718138549682497346449622033790455953645207983251701172676708683039,0xcec7958225b06aa2464a72d934ddcc9b66bb6f35ad065010496d8db92de412a0,0.997999988,50.100199,49.99999800079762,1730867611,Will a Republican win Alaska Presidential Election?
0x16f17d5deadbd019811cbf2ac79086dddc5937d153395ea9ab4ad42863c38e14,0x8dac75e78a04bbc48f3f321ab1d53a5a800ffda8,BUY,Yes,76626557395718138549682497346449622033790455953645207983251701172676708683039,0xcec7958225b06aa2464a72d934ddcc9b66bb6f35ad065010496d8db92de412a0,0.9979039824,0.010019,0.0099979999996656,1730867457,Will a Republican win Alaska Presidential Election?
0x0edee852f37fc40de02b917aa71a5b86e061208c3af5151b9d5dfd91dbcb8d40,0xc75a0c92f6f9bcc7b7092b0af59181dcedb58cb2,SELL,Yes,76626557395718138549682497346449622033790455953645207983251701172676708683039,0xcec7958225b06aa2464a72d934ddcc9b66bb6f35ad065010496d8db92de412a0,0.971,28.12,27.30452,1730866779,Will a Republican win Alaska Presidential Election?
0xa03b4f55aa1919cfd0fb1fc452cbe66d118a2a413ff8b81853a6b4b9fa00736a,0x9a68bc2b16a79fd8bd1da45a66e18e3684f82832,BUY,Yes,76626557395718138549682497346449622033790455953645207983251701172676708683039,0xcec7958225b06aa2464a72d934ddcc9b66bb6f35ad065010496d8db92de412a0,0.9979039824,0.010019,0.0099979999996656,1730866693,Will a Republican win Alaska Presidential Election?
0xcfe7278f1a7f6d2294453b0ff1ad6dc3cda649f652ae22c4856f362c6cd44a46,0xc20c1ebee90e39134aa5e7d1550c9c049a48b86f,BUY,Yes,76626557395718138549682497346449622033790455953645207983251701172676708683039,0xcec7958225b06aa2464a72d934ddcc9b66bb6f35ad065010496d8db92de412a0,0.9979039824,0.010019,0.0099979999996656,1730866633,Will a Republican win Alaska Presidential Election?
0x234f21572e2d6d06457b9769a0b5ad6206611ae6600c779d9d5670e72d9c5528,0x4765d452e581f1250b4f45402813a30dfae0f452,BUY,Yes,76626557395718138549682497346449622033790455953645207983251701172676708683039,0xcec7958225b06aa2464a72d934ddcc9b66bb6f35ad065010496d8db92de412a0,0.9979039824,0.010019,0.0099979999996656,1730866433,Will a Republican win Alaska Presidential Election?
0x0a8da93e218064bbe1b1d35abdd631d2057f17e91b50b7a454bbe60cdbd8692e,0x7e2a9d3ee1b3923d6e998c0319c3a587afb2e3b5,SELL,Yes,76626557395718138549682497346449622033790455953645207983251701172676708683039,0xcec7958225b06aa2464a72d934ddcc9b66bb6f35ad065010496d8db92de412a0,0.9714825323,51.81,50.332509998463,1730866297,Will a Republican win Alaska Presidential Election?
0x7a1fae9bc9e6549fb0261bfc4310b41fae243553de5f74a97872ef099d6f604a,0x98dc2559d48be998dddb6d2464cc10eec54163d9,BUY,Yes,76626557395718138549682497346449622033790455953645207983251701172676708683039,0xcec7958225b06aa2464a72d934ddcc9b66bb6f35ad065010496d8db92de412a0,0.9979039824,0.010019,0.0099979999996656,1730865921,Will a Republican win Alaska Presidential Election?
0x3349754620cdfe0e9d6db167c2ac85933f96da5e31a45b2b2a2bd8926f3840e8,0x0c2ef04ee1df5d1f502c04a2a78705fb4a25b15e,BUY,Yes,76626557395718138549682497346449622033790455953645207983251701172676708683039,0xcec7958225b06aa2464a72d934ddcc9b66bb6f35ad065010496d8db92de412a0,0.9979039824,0.010019,0.0099979999996656,1730865653,Will a Republican win Alaska Presidential Election?
0x6ac0656338815fb6a8c387f529efff9e97fe1df16e61ec842390e367635ef603,0x90aa6b14b9a244c4eec595d0e6c14380bb907c72,BUY,Yes,76626557395718138549682497346449622033790455953645207983251701172676708683039,0xcec7958225b06aa2464a72d934ddcc9b66bb6f35ad065010496d8db92de412a0,0.9979039824,0.010019,0.0099979999996656,1730865357,Will a Republican win Alaska Presidential Election?
0x31855e5fa8be838902044e35a4c49c6aa3c830807fb4a04545ac1351ca206beb,0x7391f1b97e6208414d8a7ac076ca1b92381bb039,BUY,Yes,76626557395718138549682497346449622033790455953645207983251701172676708683039,0xcec7958225b06aa2464a72d934ddcc9b66bb6f35ad065010496d8db92de412a0,0.9979039824,0.010019,0.0099979999996656,1730865319,Will a Republican win Alaska Presidential Election?
0x59008056bf5b79a92946dce40596d5d5acc16fb275e65707a64f9dcce99574d9,0xe22d9b152d3f502b160f014d7082b9a45654641c,BUY,Yes,76626557395718138549682497346449622033790455953645207983251701172676708683039,0xcec7958225b06aa2464a72d934ddcc9b66bb6f35ad065010496d8db92de412a0,0.9990008992,0.010009,0.0099990000000928,1730864819,Will a Republican win Alaska Presidential Election?
0x3e1938c8ea95e9e5ac927bd802d813e4ac9e08b09e5acfa649b0281cbd2530b4,0xf4f3476be6e5b2de3a7e1bc849ff4b047bef330d,SELL,No,9646994822693149615303360714935546561049708672550992328943885204944470918778,0xcec7958225b06aa2464a72d934ddcc9b66bb6f35ad065010496d8db92de412a0,0.0015835815,3999.99,6.334310164185,1730864737,Will a Republican win Alaska Presidential Election?
0xb9d17df3a1dd005964db5f5293311fa0b147cead33acbdc6591ba8815e9b46d8,0x0de6030c30ec68ad16d5bc7a71f533a2696a48ce,BUY,Yes,76626557395718138549682497346449622033790455953645207983251701172676708683039,0xcec7958225b06aa2464a72d934ddcc9b66bb6f35ad065010496d8db92de412a0,0.9909802755,0.010089,0.0099979999995195,1730864647,Will a Republican win Alaska Presidential Election?
0x93a11fd527fbf975d955803f7b7577435d001a789c35d1274ff54f45acbaa210,0xb76ad9be022548a81edca672e43bc58a0f2af5aa,BUY,Yes,76626557395718138549682497346449622033790455953645207983251701172676708683039,0xcec7958225b06aa2464a72d934ddcc9b66bb6f35ad065010496d8db92de412a0,0.9909997225,1.00908,0.9999979999803,1730864635,Will a Republican win Alaska Presidential Election?
0x6eff023e5e6c52065d403348da6405fa153cc68fd2270542855f451e76e47331,0x4d7a74438484bf07e05921e8d20738d4ea9e313d,BUY,Yes,76626557395718138549682497346449622033790455953645207983251701172676708683039,0xcec7958225b06aa2464a72d934ddcc9b66bb6f35ad065010496d8db92de412a0,0.9909802755,0.010089,0.0099979999995195,1730864561,Will a Republican win Alaska Presidential Election?
0x2a262c5c4e6f4eb2ed0fc22d870838e59c22014f8513b314ee99fad530625e6f,0x429ca12737032ee9aeb759d479befe8fa9db408d,BUY,Yes,76626557395718138549682497346449622033790455953645207983251701172676708683039,0xcec7958225b06aa2464a72d934ddcc9b66bb6f35ad065010496d8db92de412a0,0.9909997225,1.00908,0.9999979999803,1730864467,Will a Republican win Alaska Presidential Election?
0xd4962077dcbfb03f6f25de467dcdd41eda17102f42ac4667d9bda0430d2476d6,0x3f22cddcb5242829b8c8a6fc5699a12a4cced6ba,BUY,Yes,76626557395718138549682497346449622033790455953645207983251701172676708683039,0xcec7958225b06aa2464a72d934ddcc9b66bb6f35ad065010496d8db92de412a0,0.9909802755,0.010089,0.0099979999995195,1730864423,Will a Republican win Alaska Presidential Election?
0x7c5b14e9c5cdec4272f7645b5ce42dfa6aeb306f45879b66d733dfca54e60867,0x10f7e242dc594d81f918bf8217bb7cac29c04930,BUY,Yes,76626557395718138549682497346449622033790455953645207983251701172676708683039,0xcec7958225b06aa2464a72d934ddcc9b66bb6f35ad065010496d8db92de412a0,0.9909997225,1.00908,0.9999979999803,1730864301,Will a Republican win Alaska Presidential Election?
0xb7c967659ceb413dafde21e33712a7d058b8a3c3180547ac2c4f631e4ebe6e9c,0x8a4125079e76fc9b79eee2899c1d23ad394a159b,BUY,Yes,76626557395718138549682497346449622033790455953645207983251701172676708683039,0xcec7958225b06aa2464a72d934ddcc9b66bb6f35ad065010496d8db92de412a0,0.9990008992,0.010009,0.0099990000000928,1730864125,Will a Republican win Alaska Presidential Election?
0xf54565ca785f9e4fc4669c16ff96496c774a3b807acc92bf26ad6706dbaf3048,0xb77c8eeb3e568bd2bd4ef7c1c6b075272374f3f2,BUY,Yes,76626557395718138549682497346449622033790455953645207983251701172676708683039,0xcec7958225b06aa2464a72d934ddcc9b66bb6f35ad065010496d8db92de412a0,0.9909997225,1.00908,0.9999979999803,1730864119,Will a Republican win Alaska Presidential Election?
0x8cbb31a50ec3aea59d298ae50285ee2b0a16e88c1c295a7a05477a73dcf1df9c,0x8d48e3fc4a4c3279712458a1e93643e9f4d7074b,BUY,Yes,76626557395718138549682497346449622033790455953645207983251701172676708683039,0xcec7958225b06aa2464a72d934ddcc9b66bb6f35ad065010496d8db92de412a0,0.9909997225,1.00908,0.9999979999803,1730864051,Will a Republican win Alaska Presidential Election?
0x0cff78a62f244b4b5c254d92cc801f1049ba06cc39ff8403cc95c41a7bd08e84,0xb4b4cc617b185bef2cad36099093c2365d09207c,BUY,Yes,76626557395718138549682497346449622033790455953645207983251701172676708683039,0xcec7958225b06aa2464a72d934ddcc9b66bb6f35ad065010496d8db92de412a0,0.9909802755,0.010089,0.0099979999995195,1730863867,Will a Republican win Alaska Presidential Election?
0x75c15f4cb73559a484120e6388061803d2dcadb5d9583675b8f274eb321c1c08,0xd64936b9e1e19f85093e750207bc866f18133d1d,BUY,Yes,76626557395718138549682497346449622033790455953645207983251701172676708683039,0xcec7958225b06aa2464a72d934ddcc9b66bb6f35ad065010496d8db92de412a0,0.99,0.0101,0.009999,1730863737,Will a Republican win Alaska Presidential Election?
0x9fa16c66397c0828e56714dbe29af289f0065b2e27155b0889d3d43e2c3db762,0x10f7e242dc594d81f918bf8217bb7cac29c04930,BUY,Yes,76626557395718138549682497346449622033790455953645207983251701172676708683039,0xcec7958225b06aa2464a72d934ddcc9b66bb6f35ad065010496d8db92de412a0,0.99,1.0101,0.999999,1730863675,Will a Republican win Alaska Presidential Election?
0x152d2381b0d88352a9ce18103fac6e3c1c8bc9744342e541cb92a040122a21bc,0x829094f43b4a4d1f4c59ba77edf98bfe8b175361,BUY,Yes,76626557395718138549682497346449622033790455953645207983251701172676708683039,0xcec7958225b06aa2464a72d934ddcc9b66bb6f35ad065010496d8db92de412a0,0.99,0.0101,0.009999,1730863511,Will a Republican win Alaska Presidential Election?
0x05e836259697f62023200d5ab543bf97138bdfc78fb004416db939ab3208c565,0x1f83f7f992c67117a2b4c8bf2ee044512f1177f0,BUY,Yes,76626557395718138549682497346449622033790455953645207983251701172676708683039,0xcec7958225b06aa2464a72d934ddcc9b66bb6f35ad065010496d8db92de412a0,0.99,1.0101,0.999999,1730863271,Will a Republican win Alaska Presidential Election?
0x5b2561e6163b202b209b4f050e3f389f4929a0b790ba725e08d5b34fab8d9017,0x54d789579ad71d4b0f7941167016dd3893f128d2,BUY,Yes,76626557395718138549682497346449622033790455953645207983251701172676708683039,0xcec7958225b06aa2464a72d934ddcc9b66bb6f35ad065010496d8db92de412a0,0.99,0.0101,0.009999,1730862943,Will a Republican win Alaska Presidential Election?
0x7109985b914f65820f435afc237e81b09d44db5ad399b6bcb18ac2e2c56ad15a,0x30f169fb00e47e697139dcf234042a17c674d7f9,BUY,Yes,76626557395718138549682497346449622033790455953645207983251701172676708683039,0xcec7958225b06aa2464a72d934ddcc9b66bb6f35ad065010496d8db92de412a0,0.99,0.0101,0.009999,1730862917,Will a Republican win Alaska Presidential Election?
0x44e4cfdbab3e9cd555453c833cd2b202e90223ea5b471d80a7d18b3e6060e4d8,0x32c8f2861101c7270e64f7960f3ea0c68703cd55,BUY,Yes,76626557395718138549682497346449622033790455953645207983251701172676708683039,0xcec7958225b06aa2464a72d934ddcc9b66bb6f35ad065010496d8db92de412a0,0.99,1.0101,0.999999,1730862755,Will a Republican win Alaska Presidential Election?
0x3e3efecb28af5d9c7724b157ba17f280e7f457b4dda555a11f8c5ab105937396,0x684a1e4eb384ff2cff4a89ecb2f15650e0428042,BUY,Yes,76626557395718138549682497346449622033790455953645207983251701172676708683039,0xcec7958225b06aa2464a72d934ddcc9b66bb6f35ad065010496d8db92de412a0,0.9909802755,0.010089,0.0099979999995195,1730862393,Will a Republican win Alaska Presidential Election?
0xd1c16da064e73a872252e15fd46e610a99bdfc67a5e5296bf9f1d3a5d20dc7f8,0xcf3cbedb0423b6b92702e0920ed3a0c54776acf8,BUY,Yes,76626557395718138549682497346449622033790455953645207983251701172676708683039,0xcec7958225b06aa2464a72d934ddcc9b66bb6f35ad065010496d8db92de412a0,0.9909997225,1.00908,0.9999979999803,1730861927,Will a Republican win Alaska Presidential Election?
0x47857f9d0eb1af84066601be6f217d52e33c8bdc7f79e4246473b6e3256efc76,0xe098093570dc28185cfa06fbc0e77e522151dc0b,BUY,Yes,76626557395718138549682497346449622033790455953645207983251701172676708683039,0xcec7958225b06aa2464a72d934ddcc9b66bb6f35ad065010496d8db92de412a0,0.9909997225,1.00908,0.9999979999803,1730861837,Will a Republican win Alaska Presidential Election?
0x839d334f94002bd8ed6cd1728cfe19833defeab70762b620ff1d9c4eff909986,0xf2b31020f1b9c286b2c5de9197cefddb2eef15e5,BUY,Yes,76626557395718138549682497346449622033790455953645207983251701172676708683039,0xcec7958225b06aa2464a72d934ddcc9b66bb6f35ad065010496d8db92de412a0,0.9909802755,0.010089,0.0099979999995195,1730861803,Will a Republican win Alaska Presidential Election?
0x379620371ad542e55269c9004844d4afa26325b0547c14fdea080a9fb5f67db7,0xc5211a8b713f363476715db0032d70e34cfd9543,BUY,Yes,76626557395718138549682497346449622033790455953645207983251701172676708683039,0xcec7958225b06aa2464a72d934ddcc9b66bb6f35ad065010496d8db92de412a0,0.9909802755,0.010089,0.0099979999995195,1730861559,Will a Republican win Alaska Presidential Election?
0x3f650a1e5354f46378b6d0e4500b5f0fb0b9557408aefbdad51cecf94a41f8a3,0x5eddaccd6dc75c311a572ee4acfdadbc4616f592,BUY,Yes,76626557395718138549682497346449622033790455953645207983251701172676708683039,0xcec7958225b06aa2464a72d934ddcc9b66bb6f35ad065010496d8db92de412a0,0.9909802755,0.010089,0.0099979999995195,1730861401,Will a Republican win Alaska Presidential Election?
0x30780ff950c1edb14f43791f534c01df21cca6b5d22cdec94e0e33ee93e33a98,0x2dafa8ccbc2c8d8c0924d8a0ff6778438856c1d4,BUY,No,9646994822693149615303360714935546561049708672550992328943885204944470918778,0xcec7958225b06aa2464a72d934ddcc9b66bb6f35ad065010496d8db92de412a0,0.029998575,0.666665,0.019999000002375,1730861383,Will a Republican win Alaska Presidential Election?
0x3273c887186b77a0e5f616c166fa02a85c9544438c3787fb149b129c8b604d03,0xe208a7719ab4323d5f5240fec012b72ad16c11a3,BUY,Yes,76626557395718138549682497346449622033790455953645207983251701172676708683039,0xcec7958225b06aa2464a72d934ddcc9b66bb6f35ad065010496d8db92de412a0,0.9909997225,1.00908,0.9999979999803,1730861267,Will a Republican win Alaska Presidential Election?
0x6e98516c8e905369c1f3c1f22638562275f0941bc38400cc23b7ccba3948678c,0x7b8f146efeaec53ec67cb96bcfe4d8dc6984a208,BUY,Yes,76626557395718138549682497346449622033790455953645207983251701172676708683039,0xcec7958225b06aa2464a72d934ddcc9b66bb6f35ad065010496d8db92de412a0,0.992,1.008,0.999936,1730861185,Will a Republican win Alaska Presidential Election?
0x36399f1a034116b6640fc45df2a81608b92c869c32e9d3d8425ee08d84545c69,0x88b6e6704a2c3bdff2a7b21ce6b1b2e8f3343cff,SELL,Yes,76626557395718138549682497346449622033790455953645207983251701172676708683039,0xcec7958225b06aa2464a72d934ddcc9b66bb6f35ad065010496d8db92de412a0,0.9702844006,1054.85,1023.5044999729099,1730861161,Will a Republican win Alaska Presidential Election?
0x399f752f4dbe4563765b5f206ad72bde1358f38498dce390e7995dd169bbfc43,0x3a9dc26f4cd4c3a5df9a376d6a6674a485a7d5fa,BUY,Yes,76626557395718138549682497346449622033790455953645207983251701172676708683039,0xcec7958225b06aa2464a72d934ddcc9b66bb6f35ad065010496d8db92de412a0,0.992,0.01,0.00992,1730860903,Will a Republican win Alaska Presidential Election?
0x036dac85643aa901e5936e53b4b7f17da303fa588e68d38c25d4d9919e9e748a,0xfdbd699c28939c036447d308ea67ee9ec587edb9,BUY,Yes,76626557395718138549682497346449622033790455953645207983251701172676708683039,0xcec7958225b06aa2464a72d934ddcc9b66bb6f35ad065010496d8db92de412a0,0.992,1.008,0.999936,1730860717,Will a Republican win Alaska Presidential Election?
0x602af750c82f10e73fe6572748466ecc05aaa0d9a86044aeb321ebedb05569ed,0x9b58830dfa82f4b48d9af7402ee966761d799d76,BUY,Yes,76626557395718138549682497346449622033790455953645207983251701172676708683039,0xcec7958225b06aa2464a72d934ddcc9b66bb6f35ad065010496d8db92de412a0,0.992,0.01,0.00992,1730860353,Will a Republican win Alaska Presidential Election?
0x22b7664896af17add79a5810ea644000c75e366a27e75d9fc82431569b835372,0x2052ca2d2979af620c6c73b8764d164842edfa86,BUY,Yes,76626557395718138549682497346449622033790455953645207983251701172676708683039,0xcec7958225b06aa2464a72d934ddcc9b66bb6f35ad065010496d8db92de412a0,0.992,1.008,0.999936,1730860193,Will a Republican win Alaska Presidential Election?
0x7504192652d2dce1b628d51aeccb52b313ded90ad2b339053b4be115ea131ba2,0x0ec09303dc668942538a260621ecad4d6f949ed1,BUY,Yes,76626557395718138549682497346449622033790455953645207983251701172676708683039,0xcec7958225b06aa2464a72d934ddcc9b66bb6f35ad065010496d8db92de412a0,0.993,0.01,0.00993,1730860149,Will a Republican win Alaska Presidential Election?
0x59605ea0b24f63868c80c81220ab32a54adc5af69c9dcc7eef999befdbfde3e8,0x6f4bc1a8e70b6a53f61b2b3fe5f69f13b4da06f3,BUY,Yes,76626557395718138549682497346449622033790455953645207983251701172676708683039,0xcec7958225b06aa2464a72d934ddcc9b66bb6f35ad065010496d8db92de412a0,0.993,0.01,0.00993,1730860003,Will a Republican win Alaska Presidential Election?
0xccb7a999bff75919ae9d29782a9305db8dd0e7fad2232600623b62ef127f2170,0xfa15dbd0455b9ee7bfd24c71f924955401ed5b28,BUY,Yes,76626557395718138549682497346449622033790455953645207983251701172676708683039,0xcec7958225b06aa2464a72d934ddcc9b66bb6f35ad065010496d8db92de412a0,0.993,0.01,0.00993,1730859793,Will a Republican win Alaska Presidential Election?
0xdd3c0dab38b09059d45d8bc14e41743f3b82b50cdc2f589a023f0a3864272ed7,0x7e5be5c1faf9476516ef9f62d3c460741ada7b54,BUY,Yes,76626557395718138549682497346449622033790455953645207983251701172676708683039,0xcec7958225b06aa2464a72d934ddcc9b66bb6f35ad065010496d8db92de412a0,0.995,1.005,0.9999749999999998,1730859521,Will a Republican win Alaska Presidential Election?
0x13b2101235dd6bacb1fb36e5e554625f5c27f388e7ad352ab3fe10cd96eb342b,0x0372b6cccb7c1043303b4e3b36c2281ce1376654,BUY,Yes,76626557395718138549682497346449622033790455953645207983251701172676708683039,0xcec7958225b06aa2464a72d934ddcc9b66bb6f35ad065010496d8db92de412a0,0.995,0.01,0.00995,1730859307,Will a Republican win Alaska Presidential Election?
0x2a1f630130c1923b755c7c03d457edcd8c671e340a3ec05f92bf7016931a5967,0x07239add362b23ed78d5ec3613498a8a3a14504c,BUY,Yes,76626557395718138549682497346449622033790455953645207983251701172676708683039,0xcec7958225b06aa2464a72d934ddcc9b66bb6f35ad065010496d8db92de412a0,0.995,1.005,0.9999749999999998,1730859113,Will a Republican win Alaska Presidential Election?
0x0a77d8da4b705321a246affc5236f2de88f8da7e95c0d03e7494aee4093f1933,0xb16c99e71e84be13e61138211655a25fdca87c01,BUY,Yes,76626557395718138549682497346449622033790455953645207983251701172676708683039,0xcec7958225b06aa2464a72d934ddcc9b66bb6f35ad065010496d8db92de412a0,0.995,0.01,0.00995,1730859109,Will a Republican win Alaska Presidential Election?
0x5270c9df943a0dea7784a40c10b86fc5dea3509938c915e4a208777831e23fd2,0x59bbf16b2c5a1160038e19f159a3b91bd73de6fe,BUY,Yes,76626557395718138549682497346449622033790455953645207983251701172676708683039,0xcec7958225b06aa2464a72d934ddcc9b66bb6f35ad065010496d8db92de412a0,0.9990008992,0.010009,0.0099990000000928,1730858739,Will a Republican win Alaska Presidential Election?
0x3f5481d582f33b2ea93997d6f0c6e7da8e0282cca83d4851fbe578a0e09117e0,0x12c010bd85a7cd6db0a9f3febcbfc31ee6bb7bd8,SELL,No,9646994822693149615303360714935546561049708672550992328943885204944470918778,0xcec7958225b06aa2464a72d934ddcc9b66bb6f35ad065010496d8db92de412a0,0.03,391.25,11.737499999999999,1730857607,Will a Republican win Alaska Presidential Election?
0x9a4bdfae97356d6fff77973698ccd2ad2ff9accbb493e80f797673a847a4ea20,0x94fe23da565be484f157fc590c06b6ad09db8588,BUY,Yes,76626557395718138549682497346449622033790455953645207983251701172676708683039,0xcec7958225b06aa2464a72d934ddcc9b66bb6f35ad065010496d8db92de412a0,0.9699262709,0.010308,0.0099980000004372,1730857561,Will a Republican win Alaska Presidential Election?
0x01bcf507790dcd312d95e87686d8faa097eca2886f6e0dde638a1f17db106b40,0xce8d963d5f7da16943a60b80b6acd700ffa86330,BUY,Yes,76626557395718138549682497346449622033790455953645207983251701172676708683039,0xcec7958225b06aa2464a72d934ddcc9b66bb6f35ad065010496d8db92de412a0,0.9699997866,1.030926,0.9999980000003916,1730857259,Will a Republican win Alaska Presidential Election?
0xf457046f3c69f1dbdf574509e142d2ff03a57ccb8141e1b3c0329824688960f5,0xb79e8e38c8f35229cdaa3da0942832b595fd4005,BUY,Yes,76626557395718138549682497346449622033790455953645207983251701172676708683039,0xcec7958225b06aa2464a72d934ddcc9b66bb6f35ad065010496d8db92de412a0,0.9699262709,0.010308,0.0099980000004372,1730857231,Will a Republican win Alaska Presidential Election?
0x47566139c969445e2125145bde8525ce2f35d8b20763b8d7257af5af42248497,0x7529065560215c0a9ad7f528a8481dd11c869523,BUY,Yes,76626557395718138549682497346449622033790455953645207983251701172676708683039,0xcec7958225b06aa2464a72d934ddcc9b66bb6f35ad065010496d8db92de412a0,0.9699997866,1.030926,0.9999980000003916,1730856909,Will a Republican win Alaska Presidential Election?
0x8fda7edcf01d37610b17fb031d1e883bc343d0fad67c4fa76f57859539371f6d,0x31c58a48ef4ae93648eb48c2520cf1ed98463919,BUY,Yes,76626557395718138549682497346449622033790455953645207983251701172676708683039,0xcec7958225b06aa2464a72d934ddcc9b66bb6f35ad065010496d8db92de412a0,0.9699262709,0.010308,0.0099980000004372,1730856867,Will a Republican win Alaska Presidential Election?
0xb350c60e881536ec2e35bb3d8097ffc6100d4506f24b8cf1222d51c77f4a252f,0x39ee80ffcd65585c6a746919119fb56d318ffc3c,BUY,Yes,76626557395718138549682497346449622033790455953645207983251701172676708683039,0xcec7958225b06aa2464a72d934ddcc9b66bb6f35ad065010496d8db92de412a0,0.9699997866,1.030926,0.9999980000003916,1730856795,Will a Republican win Alaska Presidential Election?
0x90ac6c7f7aef01ed8087432a200bf1b20723a876d4690ba901b0ec3790c669f8,0x13c3f45ad97b0d390eae63523a3f403cb9a5de22,BUY,Yes,76626557395718138549682497346449622033790455953645207983251701172676708683039,0xcec7958225b06aa2464a72d934ddcc9b66bb6f35ad065010496d8db92de412a0,0.9699262709,0.010308,0.0099980000004372,1730856447,Will a Republican win Alaska Presidential Election?
0xf170e5c5cf5f23ffe4e1665cd2af18821f3a95bcceb88416386e191c2d4a62af,0x81f29341389b4a87f4f4bbe4d1a8fed7282a9418,BUY,Yes,76626557395718138549682497346449622033790455953645207983251701172676708683039,0xcec7958225b06aa2464a72d934ddcc9b66bb6f35ad065010496d8db92de412a0,0.9699997866,1.030926,0.9999980000003916,1730856337,Will a Republican win Alaska Presidential Election?
0x82d51bdd2d10a2131f4d8a79b1f80788b1f9a050a32a44ed4321353799416054,0x43e254f485b2cb333fea5e17b3cfb12e7de535e7,BUY,Yes,76626557395718138549682497346449622033790455953645207983251701172676708683039,0xcec7958225b06aa2464a72d934ddcc9b66bb6f35ad065010496d8db92de412a0,0.9699999739,3.443297,3.339998000129948,1730856173,Will a Republican win Alaska Presidential Election?
0x6528874142238947244a82dc6d5228437a6b69f8fd68b693df7c613077a4f4e3,0x005612ee046bf162de3e6e95f3efbe9d11f33752,BUY,Yes,76626557395718138549682497346449622033790455953645207983251701172676708683039,0xcec7958225b06aa2464a72d934ddcc9b66bb6f35ad065010496d8db92de412a0,0.9699262709,0.010308,0.0099980000004372,1730855883,Will a Republican win Alaska Presidential Election?
0xa70caa3f8bba49bee685199c86efe8bedececdc80252e66a83041f81bd49684c,0x23782e8e8f330ed489d68903e0cca105ddb1a059,SELL,Yes,76626557395718138549682497346449622033790455953645207983251701172676708683039,0xcec7958225b06aa2464a72d934ddcc9b66bb6f35ad065010496d8db92de412a0,0.966,200,193.2,1730855833,Will a Republican win Alaska Presidential Election?
0xbf0d43fe8a0bb4a7a5ad3ee726c0922a1842f323bfd15c45f9434e1477501777,0x241fc82ef4181e6c0727d878621c21f036ee3143,SELL,Yes,76626557395718138549682497346449622033790455953645207983251701172676708683039,0xcec7958225b06aa2464a72d934ddcc9b66bb6f35ad065010496d8db92de412a0,0.966,4384.04,4234.98264,1730855651,Will a Republican win Alaska Presidential Election?
0x5d0c51c0e29d5d146373d27e03ab6116c108c9bf34cf3eb8dc722436bb88bf9d,0xf40ccfa531be6190c863d97355625a93c4e8126d,BUY,Yes,76626557395718138549682497346449622033790455953645207983251701172676708683039,0xcec7958225b06aa2464a72d934ddcc9b66bb6f35ad065010496d8db92de412a0,0.9699997866,1.030926,0.9999980000003916,1730855625,Will a Republican win Alaska Presidential Election?
0xb65c2f68af320699c5fe8e7408187fe5ca01b9bccc027d90d1424bd19195dcc4,0xf40ccfa531be6190c863d97355625a93c4e8126d,BUY,Yes,76626557395718138549682497346449622033790455953645207983251701172676708683039,0xcec7958225b06aa2464a72d934ddcc9b66bb6f35ad065010496d8db92de412a0,0.98,1.0204,0.999992,1730855557,Will a Republican win Alaska Presidential Election?
0xb5f26873c30b688685017aa34fd112d63a1bffbf8a05bdbdbd1a89435098b830,0xa4dd3dc2d26cbfee99fe80dd002ef375249aaac6,BUY,Yes,76626557395718138549682497346449622033790455953645207983251701172676708683039,0xcec7958225b06aa2464a72d934ddcc9b66bb6f35ad065010496d8db92de412a0,0.98,0.0102,0.009996,1730855455,Will a Republican win Alaska Presidential Election?
0xf5011ccee3dfd69643a19056cacee352d29ee1d045024ddbfbb4da8d4d9f51d4,0x210fd87a2c10842513c32eb1ef582246ed598506,BUY,Yes,76626557395718138549682497346449622033790455953645207983251701172676708683039,0xcec7958225b06aa2464a72d934ddcc9b66bb6f35ad065010496d8db92de412a0,0.98,1.0204,0.999992,1730854971,Will a Republican win Alaska Presidential Election?
0x2a7cd957c0d6d4ae1360d876078c83fb3005eb1519ce77b3ac586753bcfcc03d,0x60a45d589ffd3db4485361d4f0636cc6e56e1f30,BUY,Yes,76626557395718138549682497346449622033790455953645207983251701172676708683039,0xcec7958225b06aa2464a72d934ddcc9b66bb6f35ad065010496d8db92de412a0,0.98,0.0102,0.009996,1730854324,Will a Republican win Alaska Presidential Election?
0x1fb780b29deaf9e13c2347d96b50e4518c9090cb1e0c8e962b8a04240d850a30,0x31fc90183120e2c871bebdf5136f8bff2a3093ce,BUY,Yes,76626557395718138549682497346449622033790455953645207983251701172676708683039,0xcec7958225b06aa2464a72d934ddcc9b66bb6f35ad065010496d8db92de412a0,0.98,0.0102,0.009996,1730854100,Will a Republican win Alaska Presidential Election?
0xce038be27aadc2c8ad39ec55f4e3e41eb15e4feb38da3fbda97610ef95388276,0x2e4ca806793d5d58caa0daf5cb00e66b42ca3581,BUY,Yes,76626557395718138549682497346449622033790455953645207983251701172676708683039,0xcec7958225b06aa2464a72d934ddcc9b66bb6f35ad065010496d8db92de412a0,0.98,5,4.9,1730853914,Will a Republican win Alaska Presidential Election?
0xc360ed6ef87e633520a2ed6ace942c91fbc74053afa4f70534aeeae2ded792e9,0x4762e04f9243e3da81658b7a438ec5e0e8954038,BUY,Yes,76626557395718138549682497346449622033790455953645207983251701172676708683039,0xcec7958225b06aa2464a72d934ddcc9b66bb6f35ad065010496d8db92de412a0,0.98,0.0102,0.009996,1730853914,Will a Republican win Alaska Presidential Election?
0xf8196dd7dcbc3970fad653741477874d43d2cbb4b6d5c55069ff3c01449e1593,0x8e8d8163c34d90ce063c7438637a0e5c3ffa5a27,BUY,No,9646994822693149615303360714935546561049708672550992328943885204944470918778,0xcec7958225b06aa2464a72d934ddcc9b66bb6f35ad065010496d8db92de412a0,0.025,150,3.75,1730853910,Will a Republican win Alaska Presidential Election?
0x68a2996e0c2d92723739966f919778a1786316aae52238fb2d3ba573a07295e0,0x779c16950f8d05feb2858e5031c92fa027d878b4,BUY,Yes,76626557395718138549682497346449622033790455953645207983251701172676708683039,0xcec7958225b06aa2464a72d934ddcc9b66bb6f35ad065010496d8db92de412a0,0.98,0.0102,0.009996,1730853838,Will a Republican win Alaska Presidential Election?
0x93cefe63145aa046ef9d3d57d2d444c2550796aa3135b22a1d74ed66d0bbdb09,0xef04d264b0c9b94b0e6de380013ef101e9605c92,BUY,Yes,76626557395718138549682497346449622033790455953645207983251701172676708683039,0xcec7958225b06aa2464a72d934ddcc9b66bb6f35ad065010496d8db92de412a0,0.9789990186,0.01019,0.009975999999534,1730853628,Will a Republican win Alaska Presidential Election?
0x3cf46ea1e8ba240f6b8250ab57f3dc9e50c79db4b7f17a780d0e5156e6aa0872,0xeb6f0a13ea8c5a7a0514c25495adbe815c1025f0,BUY,Yes,76626557395718138549682497346449622033790455953645207983251701172676708683039,0xcec7958225b06aa2464a72d934ddcc9b66bb6f35ad065010496d8db92de412a0,0.985,302.85,298.30725,1730852795,Will a Republican win Alaska Presidential Election?
0x7671de07813cf4fec440c326374d56a7d4be2e174dea5406327563fb6a02b73a,0x24b001eaf64fefafd283771d0aff59a7f21bfdfd,BUY,Yes,76626557395718138549682497346449622033790455953645207983251701172676708683039,0xcec7958225b06aa2464a72d934ddcc9b66bb6f35ad065010496d8db92de412a0,0.9849275933,0.010151,0.0099979999995883,1730852495,Will a Republican win Alaska Presidential Election?
0xd431b03250b1b1ff9de4d8b546a7885d90d1505a0e5f3e7857f8003cec6fe8aa,0xdf0a412c8e93d417870d8a2e99e0de6aa73a3ec4,BUY,Yes,76626557395718138549682497346449622033790455953645207983251701172676708683039,0xcec7958225b06aa2464a72d934ddcc9b66bb6f35ad065010496d8db92de412a0,0.9849275933,0.010151,0.0099979999995883,1730852186,Will a Republican win Alaska Presidential Election?
0xbcbb54efd140984fe8c59bc180b3aac79b447320f5991f335214928430465333,0x5fb9d91c38e948a5a4586fddac7932d8c2830970,BUY,Yes,76626557395718138549682497346449622033790455953645207983251701172676708683039,0xcec7958225b06aa2464a72d934ddcc9b66bb6f35ad065010496d8db92de412a0,0.9849275933,0.010151,0.0099979999995883,1730852010,Will a Republican win Alaska Presidential Election?
0xefbfc1ea2b427d5e3370f07de20b1cc193d73fda7da04ecd214f7f3b8d1fc612,0x3bb5eb87be6d7653e53f50b401225b7d43277ad9,BUY,Yes,76626557395718138549682497346449622033790455953645207983251701172676708683039,0xcec7958225b06aa2464a72d934ddcc9b66bb6f35ad065010496d8db92de412a0,0.9749999995,694.892306,677.5199980025538,1730851862,Will a Republican win Alaska Presidential Election?
0xf477561af8948a15840d3e943d6abdac8be2e67e70e18b02f1275a7f45f798f8,0x8055ae09bfeeac2f46dffe254cc1868f2df444c4,BUY,Yes,76626557395718138549682497346449622033790455953645207983251701172676708683039,0xcec7958225b06aa2464a72d934ddcc9b66bb6f35ad065010496d8db92de412a0,0.965,48.8,47.092,1730851764,Will a Republican win Alaska Presidential Election?
0x1caa6bf23a795371bab7a8f6e575009286db2193ec872de86e709fa8c573d04c,0x559680dbb330c9bcd53feb9052b8714fc877fe8f,BUY,Yes,76626557395718138549682497346449622033790455953645207983251701172676708683039,0xcec7958225b06aa2464a72d934ddcc9b66bb6f35ad065010496d8db92de412a0,0.9649647717,0.010361,0.0099979999995837,1730851706,Will a Republican win Alaska Presidential Election?
0x0c27d2241096b0457eab8196c8617c46f843864076aeb104b51d815901ecebca,0xa10fd019e30894f298009aace4b5a6b5c5ee4b10,BUY,Yes,76626557395718138549682497346449622033790455953645207983251701172676708683039,0xcec7958225b06aa2464a72d934ddcc9b66bb6f35ad065010496d8db92de412a0,0.9649647717,0.010361,0.0099979999995837,1730851526,Will a Republican win Alaska Presidential Election?
0x0f5e41abc7b12172f4a8aca001845a5258430c8594781fc7f24a609b33954a74,0x2936454f5b10410c8938957847996ed86855e013,BUY,Yes,76626557395718138549682497346449622033790455953645207983251701172676708683039,0xcec7958225b06aa2464a72d934ddcc9b66bb6f35ad065010496d8db92de412a0,0.9649647717,0.010361,0.0099979999995837,1730851384,Will a Republican win Alaska Presidential Election?
0x325c476cd4717cddd7eefa75f28f1028291cd1850f47563d05681a68a368baf0,0x3539e8fdad3d25b44092c4ef1014d7aeecf7f9b8,BUY,Yes,76626557395718138549682497346449622033790455953645207983251701172676708683039,0xcec7958225b06aa2464a72d934ddcc9b66bb6f35ad065010496d8db92de412a0,0.9659903382,0.01035,0.00999800000037,1730851041,Will a Republican win Alaska Presidential Election?
0xfaa0ba7129843c346d5a2733716279dd0633ce2c1e9eb142636f07db5ccf8d06,0x364c6e8dc707a4759a00bf1e49c71fa705c38c3d,BUY,Yes,76626557395718138549682497346449622033790455953645207983251701172676708683039,0xcec7958225b06aa2464a72d934ddcc9b66bb6f35ad065010496d8db92de412a0,0.9659996864,3.105589,2.99999800008729,1730850733,Will a Republican win Alaska Presidential Election?
0x577c7f75f9dda6d8cdca051c39e73c5fb9e6669acd1a2a4b632ef1dcb1597e81,0x39e13565f7b63e271b0257f5d2d5fa3871de953a,BUY,Yes,76626557395718138549682497346449622033790455953645207983251701172676708683039,0xcec7958225b06aa2464a72d934ddcc9b66bb6f35ad065010496d8db92de412a0,0.9659903382,0.01035,0.00999800000037,1730850431,Will a Republican win Alaska Presidential Election?
0x9f4f96012b717d10bf81f4fff1be37f8e52216f68a9ef2a0f0515ba752254234,0x4e38d278c08ee86421354f5321bf67f680364572,BUY,Yes,76626557395718138549682497346449622033790455953645207983251701172676708683039,0xcec7958225b06aa2464a72d934ddcc9b66bb6f35ad065010496d8db92de412a0,0.9659903382,0.01035,0.00999800000037,1730850070,Will a Republican win Alaska Presidential Election?
0x4be93017d832fbd8d8407ef79e209640e02a991bbc81832b8b0a3add7f022100,0x408f0099b0e29b8cc49d04db8034aeb7aadc900b,BUY,Yes,76626557395718138549682497346449622033790455953645207983251701172676708683039,0xcec7958225b06aa2464a72d934ddcc9b66bb6f35ad065010496d8db92de412a0,0.9749390541,0.010255,0.0099979999997955,1730849740,Will a Republican win Alaska Presidential Election?
0x7b63de656ed26afa2607481f4dcc14efc11b4a036d76035b70657fe3257f0074,0xb2aa65796312d28aaacbea03cdc6be9ab593721a,BUY,No,9646994822693149615303360714935546561049708672550992328943885204944470918778,0xcec7958225b06aa2464a72d934ddcc9b66bb6f35ad065010496d8db92de412a0,0.0479999551,20.833332,0.9999990005833931,1730849714,Will a Republican win Alaska Presidential Election?
0x3be31b2df78efe7ca9a88118991d8640f844bf535b5062f009b91fd8f9435b0d,0x118e8df0fafea5425164ea6750d12c784d081dcd,BUY,No,9646994822693149615303360714935546561049708672550992328943885204944470918778,0xcec7958225b06aa2464a72d934ddcc9b66bb6f35ad065010496d8db92de412a0,0.048,24,1.1520000000000001,1730849544,Will a Republican win Alaska Presidential Election?
0x8ad968558a267c876dff15f7bcd8e198654c20dab573e30eddd49fb5c25c4101,0x3ef1d6dab942f240933d1b90e1475c9853854058,BUY,Yes,76626557395718138549682497346449622033790455953645207983251701172676708683039,0xcec7958225b06aa2464a72d934ddcc9b66bb6f35ad065010496d8db92de412a0,0.9799078702,0.010203,0.0099979999996506,1730848681,Will a Republican win Alaska Presidential Election?
0x88a17d59f1e735334a4f2fd327117040b42ee4700e719326d7afd06cc4dee704,0x4c0ff4ed37078480a5abcc1605b8c8e61566f4e1,BUY,No,9646994822693149615303360714935546561049708672550992328943885204944470918778,0xcec7958225b06aa2464a72d934ddcc9b66bb6f35ad065010496d8db92de412a0,0.049,4967,243.383,1730848593,Will a Republican win Alaska Presidential Election?
0x1ed93c5005d029d02f2836547201890f84c2114176cfd2ac76a7712118331f09,0xb9ab9ffe199772255092a732e3345230f47b57f6,BUY,Yes,76626557395718138549682497346449622033790455953645207983251701172676708683039,0xcec7958225b06aa2464a72d934ddcc9b66bb6f35ad065010496d8db92de412a0,0.9689990282,0.01029,0.009971000000178,1730848373,Will a Republican win Alaska Presidential Election?
0x913a92fdec981e92988e26cbdd5fb1aadfd244c642a8a0de9edc8a3e91fb045a,0x110a79c27c20f31746d6a7e52e32b0b59a78f752,BUY,Yes,76626557395718138549682497346449622033790455953645207983251701172676708683039,0xcec7958225b06aa2464a72d934ddcc9b66bb6f35ad065010496d8db92de412a0,0.9599615939,0.010415,0.0099980000004685,1730848113,Will a Republican win Alaska Presidential Election?
0xf051fab9385e10dbdaf4848f40b6dfc1a10a11e02844b14fca05f15449f84c01,0xb2aa65796312d28aaacbea03cdc6be9ab593721a,BUY,No,9646994822693149615303360714935546561049708672550992328943885204944470918778,0xcec7958225b06aa2464a72d934ddcc9b66bb6f35ad065010496d8db92de412a0,0.05,33,1.6500000000000001,1730848070,Will a Republican win Alaska Presidential Election?
0xfe6d5e89f341bce9a2be0ebfa28e93af42b5db49588950fe27b04b162c53c942,0xe3726a1b9c6ba2f06585d1c9e01d00afaedaeb38,SELL,Yes,76626557395718138549682497346449622033790455953645207983251701172676708683039,0xcec7958225b06aa2464a72d934ddcc9b66bb6f35ad065010496d8db92de412a0,0.96,21.44,20.5824,1730847944,Will a Republican win Alaska Presidential Election?
0xfa72ab5f49d85626192e2a4356a19b0fe0b26754b94af68277f4dd97e76bdf6d,0x00da152a13d99c0383e9b14ee973029c6a7c738e,BUY,Yes,76626557395718138549682497346449622033790455953645207983251701172676708683039,0xcec7958225b06aa2464a72d934ddcc9b66bb6f35ad065010496d8db92de412a0,0.98,21.42855,20.999979,1730847930,Will a Republican win Alaska Presidential Election?
0x40d2558d522c5192db5ab25d6648528bf62b626c0a193e1d121ea3fbea0c4945,0x01813c47e60abad4754d06c56351ed59b0302496,BUY,Yes,76626557395718138549682497346449622033790455953645207983251701172676708683039,0xcec7958225b06aa2464a72d934ddcc9b66bb6f35ad065010496d8db92de412a0,0.98,0.0102,0.009996,1730847886,Will a Republican win Alaska Presidential Election?
0xd054c9ee5458cb2fc65f7ad61fe6398815251d89f74639519b09f27d51fbf982,0xe3726a1b9c6ba2f06585d1c9e01d00afaedaeb38,SELL,Yes,76626557395718138549682497346449622033790455953645207983251701172676708683039,0xcec7958225b06aa2464a72d934ddcc9b66bb6f35ad065010496d8db92de412a0,0.96,14.81,14.2176,1730847872,Will a Republican win Alaska Presidential Election?
0x9bdc214653352dbf8935305ef6e1cbbec7a194ad96b98758e0dda4c21e2d0e83,0x5c1640a92fb8022554750f5c0112240132e8df3a,SELL,No,9646994822693149615303360714935546561049708672550992328943885204944470918778,0xcec7958225b06aa2464a72d934ddcc9b66bb6f35ad065010496d8db92de412a0,0.04,1391.52,55.6608,1730847640,Will a Republican win Alaska Presidential Election?
0xf528162a695a77df7a831788f96559e97687eca1fa8117d8dca57de55f37d10e,0xe43f107e113160f97e7515e8d4f500665758be12,BUY,Yes,76626557395718138549682497346449622033790455953645207983251701172676708683039,0xcec7958225b06aa2464a72d934ddcc9b66bb6f35ad065010496d8db92de412a0,0.96,0.0104,0.009984,1730847636,Will a Republican win Alaska Presidential Election?
0xbe7dfcc28d01cbe6d78a038a38935645495c6bb179dfce831bbf4766839043e4,0xbe0d7634adcb6d7c561a33ec4e931299cffb8326,BUY,Yes,76626557395718138549682497346449622033790455953645207983251701172676708683039,0xcec7958225b06aa2464a72d934ddcc9b66bb6f35ad065010496d8db92de412a0,0.96,0.0104,0.009984,1730847476,Will a Republican win Alaska Presidential Election?
0x3a7859972ee515fc28c74d91dddb440da99d3fe3d2a22ae569ee9a51c0587c72,0xcd326216d0d2689fc80edf8e5fff1205ccfb248b,BUY,Yes,76626557395718138549682497346449622033790455953645207983251701172676708683039,0xcec7958225b06aa2464a72d934ddcc9b66bb6f35ad065010496d8db92de412a0,0.96,3.125,3.0,1730847396,Will a Republican win Alaska Presidential Election?
0x3cdb69670570dea2c0194e67f0f3785d42affb24d1d7a4f96c46df8336e9fbb3,0xc75a0c92f6f9bcc7b7092b0af59181dcedb58cb2,BUY,Yes,76626557395718138549682497346449622033790455953645207983251701172676708683039,0xcec7958225b06aa2464a72d934ddcc9b66bb6f35ad065010496d8db92de412a0,0.96,17.708325,16.999992,1730846386,Will a Republican win Alaska Presidential Election?
0x77da1f656d1891d8f5d8f1aee3d0b379c64a5b073464ff3e8237f6e24344e927,0xc75a0c92f6f9bcc7b7092b0af59181dcedb58cb2,BUY,Yes,76626557395718138549682497346449622033790455953645207983251701172676708683039,0xcec7958225b06aa2464a72d934ddcc9b66bb6f35ad065010496d8db92de412a0,0.9599999616,10.416665,9.999998000000064,1730846327,Will a Republican win Alaska Presidential Election?
0xf65550b6a0f448719e25cf8ad2f82ef0089b34d6891436dacc7b47f0a3382df1,0x7bff96579b20fe3530e140d6a3c223c9f2127cd6,BUY,Yes,76626557395718138549682497346449622033790455953645207983251701172676708683039,0xcec7958225b06aa2464a72d934ddcc9b66bb6f35ad065010496d8db92de412a0,0.9620079581,2078.984864,1999.9999839374461,1730846165,Will a Republican win Alaska Presidential Election?
0x94224fc562a44ee94adabceb8dcfb00cec5a65236cc2d6d8f1e1d01b0fefb234,0xe36855493156394242762fa4db06756a5fe309b7,BUY,Yes,76626557395718138549682497346449622033790455953645207983251701172676708683039,0xcec7958225b06aa2464a72d934ddcc9b66bb6f35ad065010496d8db92de412a0,0.96,312.5,300.0,1730846049,Will a Republican win Alaska Presidential Election?
0x9965249947254b7c546dbab071938e3575c706fb2d5da5507cc0402a639e1b09,0x174a7eb3405fb06953e52d8cf2f1ce5e293fe8e2,BUY,Yes,76626557395718138549682497346449622033790455953645207983251701172676708683039,0xcec7958225b06aa2464a72d934ddcc9b66bb6f35ad065010496d8db92de412a0,0.96,0.0104,0.009984,1730845834,Will a Republican win Alaska Presidential Election?
0x8515a7cdefa9a298f953a4cfa251d81574d6d61b4d6b311d17789c838c70f548,0x3bb5eb87be6d7653e53f50b401225b7d43277ad9,BUY,Yes,76626557395718138549682497346449622033790455953645207983251701172676708683039,0xcec7958225b06aa2464a72d934ddcc9b66bb6f35ad065010496d8db92de412a0,0.962,203.347184,195.619991008,1730845592,Will a Republican win Alaska Presidential Election?
0x2acd182ff68e42285a98040d91698c2cc1513e5a1eab3a6ee0b6d72df6f935ac,0x668f6ab21def3478a57bc306e3908653d042f87d,BUY,Yes,76626557395718138549682497346449622033790455953645207983251701172676708683039,0xcec7958225b06aa2464a72d934ddcc9b66bb6f35ad065010496d8db92de412a0,0.9689862376,0.010318,0.0099979999995568,1730844956,Will a Republican win Alaska Presidential Election?
0x186838460a293b54f4449119b22695bb205ef95dcf5a17b39be72221c90c6208,0x9c78804e8cd781b347413d802620ea0aef5ac8cd,BUY,Yes,76626557395718138549682497346449622033790455953645207983251701172676708683039,0xcec7958225b06aa2464a72d934ddcc9b66bb6f35ad065010496d8db92de412a0,0.9639999884,1.037333,0.9999889999669372,1730844928,Will a Republican win Alaska Presidential Election?
0xf6be4fa207ab03eb242a58b09ca6577d0176f4e27b383d40883cf84ae096e088,0x96b4bfad60397ef9a05ca0079bd2d72c295a8d44,BUY,Yes,76626557395718138549682497346449622033790455953645207983251701172676708683039,0xcec7958225b06aa2464a72d934ddcc9b66bb6f35ad065010496d8db92de412a0,0.9639996139,0.010361,0.0099879999996179,1730844774,Will a Republican win Alaska Presidential Election?
0x6693dd147ed2dbb769edbd10e6bb08ebf6d18b0d58a9c4ce7d9852e3ea354d5c,0xc6737d5abd9018fe7f5d78ca71ce2dbf1befc227,BUY,Yes,76626557395718138549682497346449622033790455953645207983251701172676708683039,0xcec7958225b06aa2464a72d934ddcc9b66bb6f35ad065010496d8db92de412a0,0.9689990282,0.01029,0.009971000000178,1730844666,Will a Republican win Alaska Presidential Election?
0xc88bb5488664befef15a12b59cd3858a9018785b5f62a9d921024007eca2b95a,0x7bff96579b20fe3530e140d6a3c223c9f2127cd6,BUY,Yes,76626557395718138549682497346449622033790455953645207983251701172676708683039,0xcec7958225b06aa2464a72d934ddcc9b66bb6f35ad065010496d8db92de412a0,0.969,1031.991741,999.999997029,1730844646,Will a Republican win Alaska Presidential Election?
0xce2883684f47c280606bce3cd7000bc78780dad5d6f7b9e8c32c7adfc6e059ea,0xb2aa65796312d28aaacbea03cdc6be9ab593721a,BUY,No,9646994822693149615303360714935546561049708672550992328943885204944470918778,0xcec7958225b06aa2464a72d934ddcc9b66bb6f35ad065010496d8db92de412a0,0.0419999804,47.619046,1.9999989986666982,1730844316,Will a Republican win Alaska Presidential Election?
0x10d0d0b6db93400a744a36982a3182363e15164d97fe4b5a7a5da7fc9bd6c675,0xd218e474776403a330142299f7796e8ba32eb5c9,BUY,No,9646994822693149615303360714935546561049708672550992328943885204944470918778,0xcec7958225b06aa2464a72d934ddcc9b66bb6f35ad065010496d8db92de412a0,0.052,1020,53.04,1730844029,Will a Republican win Alaska Presidential Election?
0xecd7e6a0b379aee43263db7fd17a9b88c46f1e25668d34562474ad9eb69486a4,0x78600a8ffc90b5ebf5823effed257d130b7247d6,BUY,Yes,76626557395718138549682497346449622033790455953645207983251701172676708683039,0xcec7958225b06aa2464a72d934ddcc9b66bb6f35ad065010496d8db92de412a0,0.98,0.0102,0.009996,1730843914,Will a Republican win Alaska Presidential Election?
0x178a6b852af2968b869fff650a7281645d21bb429b834aa207f07424d46a493f,0x000d257d2dc7616feaef4ae0f14600fdf50a758e,BUY,Yes,76626557395718138549682497346449622033790455953645207983251701172676708683039,0xcec7958225b06aa2464a72d934ddcc9b66bb6f35ad065010496d8db92de412a0,0.96,4912.46,4715.9616,1730843770,Will a Republican win Alaska Presidential Election?
0x23d47a921a81286b66aa6e346f602972db528c4e175ee8e4843c635972591a20,0xcd0b7e08125e066846e3ed882f016a34d9bc761b,BUY,Yes,76626557395718138549682497346449622033790455953645207983251701172676708683039,0xcec7958225b06aa2464a72d934ddcc9b66bb6f35ad065010496d8db92de412a0,0.9598084222,104.18745,99.99999199754139,1730843544,Will a Republican win Alaska Presidential Election?
0xf3bcefac8eeb3f0768b629cc59701eec3ae2b419970cae2855aac451e49d5766,0xff9d01f35dba156d34f73d68d9e86dea3009ec87,BUY,Yes,76626557395718138549682497346449622033790455953645207983251701172676708683039,0xcec7958225b06aa2464a72d934ddcc9b66bb6f35ad065010496d8db92de412a0,0.9589975034,0.010414,0.0099870000004076,1730843508,Will a Republican win Alaska Presidential Election?
0xb268e214ef1d843c793b350dcb325a6112662f5931902581571922b110d9db6c,0xd2f8c445a91379cb90922d08360c6d1f4ddc4507,BUY,Yes,76626557395718138549682497346449622033790455953645207983251701172676708683039,0xcec7958225b06aa2464a72d934ddcc9b66bb6f35ad065010496d8db92de412a0,0.9589975034,0.010414,0.0099870000004076,1730843334,Will a Republican win Alaska Presidential Election?
0xef4b68c5f3c731d8e2dbe1d2cf68c33afeb23a649e79b331e06e0e769c41cf2b,0x45b2a3d6260e19bc452acc1f732c90cdbbfb00df,BUY,Yes,76626557395718138549682497346449622033790455953645207983251701172676708683039,0xcec7958225b06aa2464a72d934ddcc9b66bb6f35ad065010496d8db92de412a0,0.96,0.0104,0.009984,1730843034,Will a Republican win Alaska Presidential Election?
0xcda0ebb28cc7fbc57a19e802a4d5fd62fa0856ee84f503362b9aac693e558700,0xf633985a0e094c5fcc8b076263ab0d3a93e0a07f,BUY,Yes,76626557395718138549682497346449622033790455953645207983251701172676708683039,0xcec7958225b06aa2464a72d934ddcc9b66bb6f35ad065010496d8db92de412a0,0.96,0.0104,0.009984,1730842872,Will a Republican win Alaska Presidential Election?
0xf071a4d46d95c2b16a25cef317128f0ef6ecbb9609d32e292a6b760a9c68088b,0xc752614c1f2363e5cefe4f1a22d152bbce0bead7,BUY,Yes,76626557395718138549682497346449622033790455953645207983251701172676708683039,0xcec7958225b06aa2464a72d934ddcc9b66bb6f35ad065010496d8db92de412a0,0.96,0.0104,0.009984,1730842428,Will a Republican win Alaska Presidential Election?
0xae79cf647b28a5ec69883782fafff1b4656d2e2870f525f62690d633af1ce123,0x424e0f6e2fdcdea696f71788d261a3098f708c26,BUY,Yes,76626557395718138549682497346449622033790455953645207983251701172676708683039,0xcec7958225b06aa2464a72d934ddcc9b66bb6f35ad065010496d8db92de412a0,0.96,0.0104,0.009984,1730842348,Will a Republican win Alaska Presidential Election?
0x971b625a681f8d63edc0409a477fe972b5f645057de032ab6f65aad368778c55,0xc7bc265a0e1344663e441bf34c97277fc250737c,BUY,Yes,76626557395718138549682497346449622033790455953645207983251701172676708683039,0xcec7958225b06aa2464a72d934ddcc9b66bb6f35ad065010496d8db92de412a0,0.96,0.0104,0.009984,1730842050,Will a Republican win Alaska Presidential Election?
0x09757c0ee78b0b0fce9f58014ff210ad32e6a4714af8dfcd2c5ada7c8fb4e4ec,0xc1ca402f91c32307f204a5b928b089b1d5f55aa5,BUY,Yes,76626557395718138549682497346449622033790455953645207983251701172676708683039,0xcec7958225b06aa2464a72d934ddcc9b66bb6f35ad065010496d8db92de412a0,0.96,3.125,3.0,1730841985,Will a Republican win Alaska Presidential Election?
0x8d0cfd3bc64a6f7f73d100b39b4d36293461d6a1c2bb4bce3ad0bbabba842c7a,0xcd7e0da1cd78162ea8edac40457ed3468aa31e74,BUY,Yes,76626557395718138549682497346449622033790455953645207983251701172676708683039,0xcec7958225b06aa2464a72d934ddcc9b66bb6f35ad065010496d8db92de412a0,0.96,0.0104,0.009984,1730841377,Will a Republican win Alaska Presidential Election?
0x57b4d5247731c193eb165d053b7ef26a2ba6e1dc06e4f0522ed820ef934a50f3,0xea2ece0b989e2f1d936698dd5f4a823e221502b8,BUY,Yes,76626557395718138549682497346449622033790455953645207983251701172676708683039,0xcec7958225b06aa2464a72d934ddcc9b66bb6f35ad065010496d8db92de412a0,0.96,0.0104,0.009984,1730841315,Will a Republican win Alaska Presidential Election?
0x5a3153c1afb2819157a063551c06d748000dca47551cf68eded2acff22af874c,0x61ff435a40e5bb75610fb55db575591052f61a7d,BUY,Yes,76626557395718138549682497346449622033790455953645207983251701172676708683039,0xcec7958225b06aa2464a72d934ddcc9b66bb6f35ad065010496d8db92de412a0,0.96,0.0104,0.009984,1730841173,Will a Republican win Alaska Presidential Election?
0xd7fa08fa1ffa4e81886625c72203433bf889c36faf5825683db41b0ba41b9b93,0xb5ddfca667b0d8c248699967438118e3fdf50021,BUY,Yes,76626557395718138549682497346449622033790455953645207983251701172676708683039,0xcec7958225b06aa2464a72d934ddcc9b66bb6f35ad065010496d8db92de412a0,0.96,0.0104,0.009984,1730841153,Will a Republican win Alaska Presidential Election?
0x551f9c812824ba7caed8d7aa1a21cf0afebc309c02a899011fb88de1a0e4c61c,0xc82c34742e00aa1395877c04e9a4ca9e152201fa,BUY,Yes,76626557395718138549682497346449622033790455953645207983251701172676708683039,0xcec7958225b06aa2464a72d934ddcc9b66bb6f35ad065010496d8db92de412a0,0.9619973061,0.010394,0.0099989999996034,1730840793,Will a Republican win Alaska Presidential Election?
0x16c35ddeb9a30fa8016daf364b952bed5a72562e83852bb14e09ed6274bc85c3,0xfec61d8748e5512cdee3fe79af33bed8d0eca396,BUY,Yes,76626557395718138549682497346449622033790455953645207983251701172676708683039,0xcec7958225b06aa2464a72d934ddcc9b66bb6f35ad065010496d8db92de412a0,0.9639996139,0.010361,0.0099879999996179,1730840753,Will a Republican win Alaska Presidential Election?
0x6a0aaf9dc09f2ab264a32a96b48d0bf1923329b2cd869e3ef4e4637760299bad,0xa8ec6e6131e702a98ec439b9967ee0a0fab45161,BUY,Yes,76626557395718138549682497346449622033790455953645207983251701172676708683039,0xcec7958225b06aa2464a72d934ddcc9b66bb6f35ad065010496d8db92de412a0,0.9639996139,0.010361,0.0099879999996179,1730840697,Will a Republican win Alaska Presidential Election?
0x4a030eda44745493c916bde2d8a3f21189565f82a95b23ca21c6be5092613484,0x07134254d0e937cfa7655eff0b218cc410dc5fbe,BUY,Yes,76626557395718138549682497346449622033790455953645207983251701172676708683039,0xcec7958225b06aa2464a72d934ddcc9b66bb6f35ad065010496d8db92de412a0,0.962998651,0.010378,0.009994000000078001,1730840487,Will a Republican win Alaska Presidential Election?
0x196e2d082b647b64a1bdcc1f272ca489401395dcd9502790b71716c7c0b9ecf9,0x951e0f03e909bcb754c086bdeeb03ec98ab99d81,BUY,Yes,76626557395718138549682497346449622033790455953645207983251701172676708683039,0xcec7958225b06aa2464a72d934ddcc9b66bb6f35ad065010496d8db92de412a0,0.962998651,0.010378,0.009994000000078001,1730840393,Will a Republican win Alaska Presidential Election?
0xeef794676744d7c20a34ad55024ddd6d7bf622f6c6e7be852ac070e0a8e1b6d9,0x75d4d348bf82180a09b6c062a1f2b5e37cffbb0a,BUY,Yes,76626557395718138549682497346449622033790455953645207983251701172676708683039,0xcec7958225b06aa2464a72d934ddcc9b66bb6f35ad065010496d8db92de412a0,0.962998651,0.010378,0.009994000000078001,1730839962,Will a Republican win Alaska Presidential Election?
0xb95814ebbe16c64d684546411fa7656a730b0ad0ca35f1c6d52dfade29f7853c,0x3fb041da0f574012050054070e357b9485e956f2,BUY,Yes,76626557395718138549682497346449622033790455953645207983251701172676708683039,0xcec7958225b06aa2464a72d934ddcc9b66bb6f35ad065010496d8db92de412a0,0.962998651,0.010378,0.009994000000078001,1730839702,Will a Republican win Alaska Presidential Election?
0xc799d431c68373a8ea1779e11d8e030c473e401795e1a3154758b9ec90dbd30b,0xe3f64ae382792abf2ed12d21016050d37a18588b,BUY,Yes,76626557395718138549682497346449622033790455953645207983251701172676708683039,0xcec7958225b06aa2464a72d934ddcc9b66bb6f35ad065010496d8db92de412a0,0.962998651,0.010378,0.009994000000078001,1730839670,Will a Republican win Alaska Presidential Election?
0x974515f32068aad0c650155f592c1daf45d65f8314636c3ac44fe24720ac73e8,0x6b47eaf5e8cd50c205e94d101bd21c395e9f76fd,BUY,Yes,76626557395718138549682497346449622033790455953645207983251701172676708683039,0xcec7958225b06aa2464a72d934ddcc9b66bb6f35ad065010496d8db92de412a0,0.962998651,0.010378,0.009994000000078001,1730839324,Will a Republican win Alaska Presidential Election?
0xa0d315479eff359d7b5f2eab7f9bc84b73eef53dd72611b15331d718fb947034,0x9d699e0dd2ee403ae48db06b5f4bc1c2a16a7a01,BUY,Yes,76626557395718138549682497346449622033790455953645207983251701172676708683039,0xcec7958225b06aa2464a72d934ddcc9b66bb6f35ad065010496d8db92de412a0,0.962998651,0.010378,0.009994000000078001,1730839170,Will a Republican win Alaska Presidential Election?
0xa4b36851a537be56ec75b649551a28c1bf26c33a3d8bf13b957d09ce61f968b9,0x53eb66249a166a84337f063f767666688d2083f2,BUY,Yes,76626557395718138549682497346449622033790455953645207983251701172676708683039,0xcec7958225b06aa2464a72d934ddcc9b66bb6f35ad065010496d8db92de412a0,0.9639996139,0.010361,0.0099879999996179,1730838814,Will a Republican win Alaska Presidential Election?
0x38e67dacb61255cc5cd45e4cc648e8f284a29cd31f75f8c5a8fcfb4e30731a25,0x01534a5cdd23804642f6685be5bf7c18f1d16f67,BUY,Yes,76626557395718138549682497346449622033790455953645207983251701172676708683039,0xcec7958225b06aa2464a72d934ddcc9b66bb6f35ad065010496d8db92de412a0,0.9649970992,0.010342,0.0099799999999264,1730838451,Will a Republican win Alaska Presidential Election?
0xa588c3c5de40d4c611c51e67fa7566d45e611522afee8359a9cd80c6f3eb933a,0x245936f956be14d7780fd81575eadeb6db230856,BUY,Yes,76626557395718138549682497346449622033790455953645207983251701172676708683039,0xcec7958225b06aa2464a72d934ddcc9b66bb6f35ad065010496d8db92de412a0,0.9649970992,0.010342,0.0099799999999264,1730837955,Will a Republican win Alaska Presidential Election?
0x17970dba9fcdb6ab4d1a807b5dfc49027e1de972e43f286e2e2068c27b2fea51,0xf6c4e04d9a7acf1337c1e3f2e3a0e6e2e9e6dd48,BUY,Yes,76626557395718138549682497346449622033790455953645207983251701172676708683039,0xcec7958225b06aa2464a72d934ddcc9b66bb6f35ad065010496d8db92de412a0,0.9649970992,0.010342,0.0099799999999264,1730837761,Will a Republican win Alaska Presidential Election?
0xbda9d9863bc0689e163ab0c46f128963a62c589e87bac899e6f57e4b07a0d812,0xf51fcecb22e075058fd24e298aa58893941c2e11,BUY,Yes,76626557395718138549682497346449622033790455953645207983251701172676708683039,0xcec7958225b06aa2464a72d934ddcc9b66bb6f35ad065010496d8db92de412a0,0.962998651,0.010378,0.009994000000078001,1730837451,Will a Republican win Alaska Presidential Election?
0xc4d50c3eec3e16d4e46d640ee1fa52d831490f9b9db98d9c712104f0258604a5,0xeb0a6cfa830970099f0930bee4cacce4c73539fa,BUY,Yes,76626557395718138549682497346449622033790455953645207983251701172676708683039,0xcec7958225b06aa2464a72d934ddcc9b66bb6f35ad065010496d8db92de412a0,0.962998651,0.010378,0.009994000000078001,1730837003,Will a Republican win Alaska Presidential Election?
0x9a02454d45c2d52a038c7ad585353a1c7c02835525e07336f17ff0c4bcd7892d,0x288d3c0a69966ef5b8b6549232e5b8e52b2cf517,BUY,No,9646994822693149615303360714935546561049708672550992328943885204944470918778,0xcec7958225b06aa2464a72d934ddcc9b66bb6f35ad065010496d8db92de412a0,0.051999905,9.807691,0.509999000269355,1730836560,Will a Republican win Alaska Presidential Election?
0xa711d887e7c9a66d9715da7577aa103aa90ff2acfd2ef3a95fa3f2c657ae31fb,0x68dd5b4e31d72d9fb4c122be5d55147d92aea8a2,BUY,Yes,76626557395718138549682497346449622033790455953645207983251701172676708683039,0xcec7958225b06aa2464a72d934ddcc9b66bb6f35ad065010496d8db92de412a0,0.962998651,0.010378,0.009994000000078001,1730836516,Will a Republican win Alaska Presidential Election?
0x09faa0f0d578296a9e21a43f1584e3fc706bc1d53b750ba07d6068f28178d0b1,0xd08d52c1e1c4bb1a49c1c8301c6c3a89faf8b090,BUY,Yes,76626557395718138549682497346449622033790455953645207983251701172676708683039,0xcec7958225b06aa2464a72d934ddcc9b66bb6f35ad065010496d8db92de412a0,0.962998651,0.010378,0.009994000000078001,1730836296,Will a Republican win Alaska Presidential Election?
0x5611779e75f74e5d5318424bef199283d9a6f1f8e0e07e912f27a90adfd21ca2,0x7dda1c492aa58e45a7a548e3b337449c35368b1e,SELL,Yes,76626557395718138549682497346449622033790455953645207983251701172676708683039,0xcec7958225b06aa2464a72d934ddcc9b66bb6f35ad065010496d8db92de412a0,0.948,386.14,366.06071999999995,1730836254,Will a Republican win Alaska Presidential Election?
0x7bf144f9518dd9a422b02ed76a12be6dfd10c2139a1918a37b28d73351c248a1,0x31ccbcc166d6248c20049be76c5773c312a6c74d,BUY,Yes,76626557395718138549682497346449622033790455953645207983251701172676708683039,0xcec7958225b06aa2464a72d934ddcc9b66bb6f35ad065010496d8db92de412a0,0.962998651,0.010378,0.009994000000078001,1730835848,Will a Republican win Alaska Presidential Election?
0xdeecdc3e399f55fb388d5cde9cca4c674d7044f94215a5fd5d747908275ea929,0x5f91cc67d31455d673d3763c8dd722b020435b0f,BUY,Yes,76626557395718138549682497346449622033790455953645207983251701172676708683039,0xcec7958225b06aa2464a72d934ddcc9b66bb6f35ad065010496d8db92de412a0,0.9609976888,0.010384,0.0099790000004992,1730835550,Will a Republican win Alaska Presidential Election?
0xd9635bee987980762992a292d87b5a168bb62222b5fd92a48e2f808271d140d2,0x5cc39e15fb96307dc168e0be317289fd24df243c,BUY,Yes,76626557395718138549682497346449622033790455953645207983251701172676708683039,0xcec7958225b06aa2464a72d934ddcc9b66bb6f35ad065010496d8db92de412a0,0.9609976888,0.010384,0.0099790000004992,1730835220,Will a Republican win Alaska Presidential Election?
0x0fcf07b06e570adb0b079d03f3ea198b5fa607a2e8c8ba0ebceb0920b593d0a4,0x6c3520ff70e183d634ae41c71625f7035f33e816,BUY,Yes,76626557395718138549682497346449622033790455953645207983251701172676708683039,0xcec7958225b06aa2464a72d934ddcc9b66bb6f35ad065010496d8db92de412a0,0.962998651,0.010378,0.009994000000078001,1730834770,Will a Republican win Alaska Presidential Election?
0x6be4d03f80835f49b464a75668e786d2a0d95ae8209e909d16c398f0a826f187,0xd87ce243b3bd1021bbbc0ef1944c0c376fa57733,BUY,Yes,76626557395718138549682497346449622033790455953645207983251701172676708683039,0xcec7958225b06aa2464a72d934ddcc9b66bb6f35ad065010496d8db92de412a0,0.9639996139,0.010361,0.0099879999996179,1730834508,Will a Republican win Alaska Presidential Election?
0xc265f9c3f85dedc26ed1fdaedf7adf6bdf6fb980362f6c9f5dbbd7800a82724e,0x10f3256188c06e0ccab2bd99975322ee06a4704d,BUY,Yes,76626557395718138549682497346449622033790455953645207983251701172676708683039,0xcec7958225b06aa2464a72d934ddcc9b66bb6f35ad065010496d8db92de412a0,0.9619973061,0.010394,0.0099989999996034,1730834086,Will a Republican win Alaska Presidential Election?
0x6bd207b8b924c14e192d19fdea0a80997f838d50f84d90921dae4bada18ec104,0xf778b2d9873eb69aae0e893a2123d2e8d86e77d1,BUY,Yes,76626557395718138549682497346449622033790455953645207983251701172676708683039,0xcec7958225b06aa2464a72d934ddcc9b66bb6f35ad065010496d8db92de412a0,0.9619973061,0.010394,0.0099989999996034,1730833692,Will a Republican win Alaska Presidential Election?
0x8b7767aeaf374bd2a16d3cb9289bb8dc49397d81799c05eb4371bed4e6e315a4,0x8e55fd535797e8423fb4e7f2ca13c274269d99b7,BUY,Yes,76626557395718138549682497346449622033790455953645207983251701172676708683039,0xcec7958225b06aa2464a72d934ddcc9b66bb6f35ad065010496d8db92de412a0,0.9619973061,0.010394,0.0099989999996034,1730833456,Will a Republican win Alaska Presidential Election?
0x2ee1d4079419e8b0c0159d6095ee8e877daf849d328f4a82f9000d56f7ad77c0,0x1f5c063a5231e9433e8f152469a2ed9af8cfb9c1,BUY,Yes,76626557395718138549682497346449622033790455953645207983251701172676708683039,0xcec7958225b06aa2464a72d934ddcc9b66bb6f35ad065010496d8db92de412a0,0.962998651,0.010378,0.009994000000078001,1730833158,Will a Republican win Alaska Presidential Election?
0x5abfb5a48447f6c94b0fbe658470c014ea84f379195f6cbe2317019903125a34,0x43e254f485b2cb333fea5e17b3cfb12e7de535e7,BUY,Yes,76626557395718138549682497346449622033790455953645207983251701172676708683039,0xcec7958225b06aa2464a72d934ddcc9b66bb6f35ad065010496d8db92de412a0,0.9629999989,6.438189,6.199975999917992,1730832992,Will a Republican win Alaska Presidential Election?
0x5110ce71434a1ca2f5482e33d3b6a336ee710f71cb97312ad874d0a77ef967a6,0xa3aedb4f87850ed5ed05d4daae71f3e19a656e89,BUY,Yes,76626557395718138549682497346449622033790455953645207983251701172676708683039,0xcec7958225b06aa2464a72d934ddcc9b66bb6f35ad065010496d8db92de412a0,0.963,91.381081,87.99998100299999,1730831484,Will a Republican win Alaska Presidential Election?
0x4c6295fafe31d8a5be50749f1c46fec8b55907ad6672420c6cb8ff463d36e4ab,0x2f385b97998d12332b6c23a940c60d4526b5ac6d,BUY,Yes,76626557395718138549682497346449622033790455953645207983251701172676708683039,0xcec7958225b06aa2464a72d934ddcc9b66bb6f35ad065010496d8db92de412a0,0.9639999999,115.145222,110.99999399648547,1730831042,Will a Republican win Alaska Presidential Election?
0x0413f47efbaadfa47264bc406ea94e298166e3ad7581d78267013502c13879ea,0xbf02b84fb110f095dcccd6d521a16fbf3de4d625,BUY,Yes,76626557395718138549682497346449622033790455953645207983251701172676708683039,0xcec7958225b06aa2464a72d934ddcc9b66bb6f35ad065010496d8db92de412a0,0.9639999998,124.481305,119.99997799510373,1730830876,Will a Republican win Alaska Presidential Election?
0x5bda9bf863d1450badb30b9fdbd42e6bc9722b8342b3301378b051f26b100471,0x06129861e39af169bb22b3c4fe9d3deb5e5d6951,BUY,Yes,76626557395718138549682497346449622033790455953645207983251701172676708683039,0xcec7958225b06aa2464a72d934ddcc9b66bb6f35ad065010496d8db92de412a0,0.9639999998,46.680472,44.9999749986639,1730830854,Will a Republican win Alaska Presidential Election?
0xdc6e86dec64a633585433bfb10ecc445154cf1ae8bc65819053b179ee66fd66f,0xd9540594e34b5e73b761ce5989a03f7cb626cbeb,BUY,Yes,76626557395718138549682497346449622033790455953645207983251701172676708683039,0xcec7958225b06aa2464a72d934ddcc9b66bb6f35ad065010496d8db92de412a0,0.9639999994,40.456416,38.99998499972615,1730830614,Will a Republican win Alaska Presidential Election?
0x5d6a67c3539edb997cf0fc70a9b794176faf35ae9bb550e90e002437f0c9e8a4,0x66e00b922e04c35947d224bf1cafaadada9f6f02,BUY,Yes,76626557395718138549682497346449622033790455953645207983251701172676708683039,0xcec7958225b06aa2464a72d934ddcc9b66bb6f35ad065010496d8db92de412a0,0.9619999996,83.160078,79.99999500273597,1730830267,Will a Republican win Alaska Presidential Election?
0xd958ce5c3f32b08702d7377071b27c5ba3fd2eb6f5ee6859939f311030ff1c05,0xeb6f0a13ea8c5a7a0514c25495adbe815c1025f0,BUY,Yes,76626557395718138549682497346449622033790455953645207983251701172676708683039,0xcec7958225b06aa2464a72d934ddcc9b66bb6f35ad065010496d8db92de412a0,0.954,205,195.57,1730828761,Will a Republican win Alaska Presidential Election?
0xa86529e05a078079a0b7801c8eef7ae8a903c6cbbba5d9df564c7813f3109668,0x3bb5eb87be6d7653e53f50b401225b7d43277ad9,BUY,Yes,76626557395718138549682497346449622033790455953645207983251701172676708683039,0xcec7958225b06aa2464a72d934ddcc9b66bb6f35ad065010496d8db92de412a0,0.9603567876,208.255903,199.9999700038172,1730826147,Will a Republican win Alaska Presidential Election?
0x4af315941677a791777bc783eccc85fd41f56785166ec73d551e0b7e9d13e66e,0xcdaede216a42789e255070c3591da6cac26f941a,BUY,Yes,76626557395718138549682497346449622033790455953645207983251701172676708683039,0xcec7958225b06aa2464a72d934ddcc9b66bb6f35ad065010496d8db92de412a0,0.9699999999,86.597933,83.9999950013402,1730825113,Will a Republican win Alaska Presidential Election?
0x985d0b1e7ae16567d1005139b9fbbf34fb1ea93f048f6ac8e0bea0a7aae37c69,0xfc5d6404c10114f1c7d8bdec94f3a0aa631beabc,BUY,Yes,76626557395718138549682497346449622033790455953645207983251701172676708683039,0xcec7958225b06aa2464a72d934ddcc9b66bb6f35ad065010496d8db92de412a0,0.974376399,128.28716,124.99998099873683,1730824817,Will a Republican win Alaska Presidential Election?
0xea0e06fb36248563d3e2c3d51565f5624d7513066d2b42a5ae794a13a91612f3,0xbcdef3cdc0fa216b06d3d047e6c58310d5a9499f,BUY,Yes,76626557395718138549682497346449622033790455953645207983251701172676708683039,0xcec7958225b06aa2464a72d934ddcc9b66bb6f35ad065010496d8db92de412a0,0.9789999995,204.29009,199.99999800785497,1730824103,Will a Republican win Alaska Presidential Election?
0x7e9a765c9136cd584ba1771fd0503a3e7b16d3449758d4026a325141008ca293,0x63d43bbb87f85af03b8f2f9e2fad7b54334fa2f1,BUY,No,9646994822693149615303360714935546561049708672550992328943885204944470918778,0xcec7958225b06aa2464a72d934ddcc9b66bb6f35ad065010496d8db92de412a0,0.03,150,4.5,1730824087,Will a Republican win Alaska Presidential Election?
0x953e6a160e14bb4631689e6e532ea575de2aae6e63dfd9ba33d52cd572beaa30,0xe3726a1b9c6ba2f06585d1c9e01d00afaedaeb38,SELL,Yes,76626557395718138549682497346449622033790455953645207983251701172676708683039,0xcec7958225b06aa2464a72d934ddcc9b66bb6f35ad065010496d8db92de412a0,0.97,96.84,93.9348,1730824001,Will a Republican win Alaska Presidential Election?
0x76e3b7ed95bb4ce5366871a9ab3a039c4dea1b6a9f0384e81de1bd415167fe28,0xbdc16191900e648cb3ef4311ddb96ee59048d442,BUY,Yes,76626557395718138549682497346449622033790455953645207983251701172676708683039,0xcec7958225b06aa2464a72d934ddcc9b66bb6f35ad065010496d8db92de412a0,0.9889999819,33.367036,32.99999800005665,1730823999,Will a Republican win Alaska Presidential Election?
0x4a7a53c4331e025aa826314fda30fe7ae4cf5a85d6eba97bb8565db489bd0559,0xe3726a1b9c6ba2f06585d1c9e01d00afaedaeb38,SELL,Yes,76626557395718138549682497346449622033790455953645207983251701172676708683039,0xcec7958225b06aa2464a72d934ddcc9b66bb6f35ad065010496d8db92de412a0,0.97,3.16,3.0652,1730823915,Will a Republican win Alaska Presidential Election?
0xf36c4cd69d98f5447d5ae877236d8890704a3c3c7f00cd961f1bd8ab073076f2,0x000d257d2dc7616feaef4ae0f14600fdf50a758e,BUY,Yes,76626557395718138549682497346449622033790455953645207983251701172676708683039,0xcec7958225b06aa2464a72d934ddcc9b66bb6f35ad065010496d8db92de412a0,0.9699652351,4889.99,4743.120299986649,1730823911,Will a Republican win Alaska Presidential Election?
0x26de4e90f9e320dbff3600d3936a73865f629e8722059b9f24d2f6d5c43a79d0,0x1269cfc1ac361ac8befbec6e97222ae4b3da7665,BUY,Yes,76626557395718138549682497346449622033790455953645207983251701172676708683039,0xcec7958225b06aa2464a72d934ddcc9b66bb6f35ad065010496d8db92de412a0,0.9695592912,226.9072,219.99998400017662,1730823741,Will a Republican win Alaska Presidential Election?
0xe39ec0938a7cc85a5bdfaf3c7ff18092269f65cc372abc3cb21a9a1d1f108abf,0x8267694f07437124ea5a2e9e9cc1d3adf682918d,BUY,Yes,76626557395718138549682497346449622033790455953645207983251701172676708683039,0xcec7958225b06aa2464a72d934ddcc9b66bb6f35ad065010496d8db92de412a0,0.9699999998,103.092766,99.99998299938144,1730821905,Will a Republican win Alaska Presidential Election?
0xeedc9ffbad19980ea5c1fd468c36b4b8cfc82af3f043ba1ba868f7fd557085eb,0x241fc82ef4181e6c0727d878621c21f036ee3143,BUY,Yes,76626557395718138549682497346449622033790455953645207983251701172676708683039,0xcec7958225b06aa2464a72d934ddcc9b66bb6f35ad065010496d8db92de412a0,0.98,300.08,294.0784,1730818679,Will a Republican win Alaska Presidential Election?
0xa8af1e47f31c7e97cdf18ee99f97efd3481cb191f859cae75219566124cd30e0,0xe2f0081d4c8c35c09eb216b6090817ae16560bd2,BUY,No,9646994822693149615303360714935546561049708672550992328943885204944470918778,0xcec7958225b06aa2464a72d934ddcc9b66bb6f35ad065010496d8db92de412a0,0.043,52,2.2359999999999998,1730815512,Will a Republican win Alaska Presidential Election?
0x5c91027c64dcce55975b7acbd6b13adf5b67ea53581dc467ea6cdf8c30e80192,0x41eaa5ff5209b65596a2bd990fde070579a16a83,BUY,Yes,76626557395718138549682497346449622033790455953645207983251701172676708683039,0xcec7958225b06aa2464a72d934ddcc9b66bb6f35ad065010496d8db92de412a0,0.9789999936,1.879428,1.839959999971661,1730815202,Will a Republican win Alaska Presidential Election?
0x55718a64806b892b0bc76f82315da0d867d763cf4081f3a85551b81db5203721,0x300fc8f3de986fa2960b7c051d50e827cd5f6a57,BUY,Yes,76626557395718138549682497346449622033790455953645207983251701172676708683039,0xcec7958225b06aa2464a72d934ddcc9b66bb6f35ad065010496d8db92de412a0,0.973998045,0.01023,0.009964000000349998,1730815030,Will a Republican win Alaska Presidential Election?
0x2edb48bb303485e3cd9f71c39042e7f2d65623ab74c8e1cf8f1f230f42ec456b,0xade7793473a591dc40dbeb2bc5199206b8db99d9,BUY,Yes,76626557395718138549682497346449622033790455953645207983251701172676708683039,0xcec7958225b06aa2464a72d934ddcc9b66bb6f35ad065010496d8db92de412a0,0.9789990186,0.01019,0.009975999999534,1730814895,Will a Republican win Alaska Presidential Election?
0x17a4939f809a3ef288a808d6a2be75b5fe9af5f7acda956539f44990c6ff1716,0x63d43bbb87f85af03b8f2f9e2fad7b54334fa2f1,BUY,No,9646994822693149615303360714935546561049708672550992328943885204944470918778,0xcec7958225b06aa2464a72d934ddcc9b66bb6f35ad065010496d8db92de412a0,0.027,39.1,1.0557,1730814883,Will a Republican win Alaska Presidential Election?
0xb4ca37d73731522c50b93dba74284c2a3e7fdf29b8db6c584ea5dcf16477701d,0x241fc82ef4181e6c0727d878621c21f036ee3143,BUY,Yes,76626557395718138549682497346449622033790455953645207983251701172676708683039,0xcec7958225b06aa2464a72d934ddcc9b66bb6f35ad065010496d8db92de412a0,0.9719731264,961.91,934.950670015424,1730814881,Will a Republican win Alaska Presidential Election?
0x63a1bd0e54c9520afd707192d0c34f86c70c878ea94670f3acbca39a221c124b,0xdc9547d208696d2dbe156ae64dcaae24bcf662f4,BUY,Yes,76626557395718138549682497346449622033790455953645207983251701172676708683039,0xcec7958225b06aa2464a72d934ddcc9b66bb6f35ad065010496d8db92de412a0,0.9709975669,0.010275,0.0099769999998975,1730814635,Will a Republican win Alaska Presidential Election?
0x6b5f69dd6ef432e68627b4770ce224368b9d7a52db33aaaf8343b60fa6bdc6af,0xd5cd077668d9070fb65ec368fd22dae47a07e092,BUY,Yes,76626557395718138549682497346449622033790455953645207983251701172676708683039,0xcec7958225b06aa2464a72d934ddcc9b66bb6f35ad065010496d8db92de412a0,0.9709975669,0.010275,0.0099769999998975,1730814507,Will a Republican win Alaska Presidential Election?
0x8f35672cffcbd305f7f7a27cf5c4ec412e4cada99c72708bf4ecfb7c4bef0f11,0xa2e38a664f7eefc83bc33604571561e925954c13,BUY,Yes,76626557395718138549682497346449622033790455953645207983251701172676708683039,0xcec7958225b06aa2464a72d934ddcc9b66bb6f35ad065010496d8db92de412a0,0.9709975669,0.010275,0.0099769999998975,1730814043,Will a Republican win Alaska Presidential Election?
0xd720fa9a7580a445905fc547f089e75bdf02d9c9e9e42838f294f4330d535ab0,0x81ad2e55d442e92c64dc99e92ad7da7836ca943e,BUY,Yes,76626557395718138549682497346449622033790455953645207983251701172676708683039,0xcec7958225b06aa2464a72d934ddcc9b66bb6f35ad065010496d8db92de412a0,0.9709975669,0.010275,0.0099769999998975,1730813965,Will a Republican win Alaska Presidential Election?
0xf35820fc259e13e75b593a621ccd4985bafb0935f8ef5e89b71c9e79999ed68d,0x53dad2164ca5e06376bcd0c6cb6a1abcfb1a3717,BUY,Yes,76626557395718138549682497346449622033790455953645207983251701172676708683039,0xcec7958225b06aa2464a72d934ddcc9b66bb6f35ad065010496d8db92de412a0,0.9709975669,0.010275,0.0099769999998975,1730813669,Will a Republican win Alaska Presidential Election?
0x3d94fffd77c55d821da08f0df2817446b0bf050a92d997e347479aaf4383780d,0xebc4f213eb1da93f25f3f8f3214d0ce75cbb3d6c,BUY,Yes,76626557395718138549682497346449622033790455953645207983251701172676708683039,0xcec7958225b06aa2464a72d934ddcc9b66bb6f35ad065010496d8db92de412a0,0.9709975669,0.010275,0.0099769999998975,1730813597,Will a Republican win Alaska Presidential Election?
0xfc67036f9e897e6fe73bfe73875d2cdb7320d7a068c3d724579e8579e6444d21,0x735dad4bf08117f2b12a38c8f0a1ba870c3a0917,BUY,Yes,76626557395718138549682497346449622033790455953645207983251701172676708683039,0xcec7958225b06aa2464a72d934ddcc9b66bb6f35ad065010496d8db92de412a0,0.9709999981,1.029862,0.9999960000432623,1730812039,Will a Republican win Alaska Presidential Election?
0x824fe835166515282f564a1499b03553fb9b9ba487e8024e969dc318a8a09560,0xc7858655e88b4d52b10019d8266f4387e9cdf7e0,BUY,Yes,76626557395718138549682497346449622033790455953645207983251701172676708683039,0xcec7958225b06aa2464a72d934ddcc9b66bb6f35ad065010496d8db92de412a0,0.9709999981,1.029862,0.9999960000432623,1730812011,Will a Republican win Alaska Presidential Election?
0x48f3b99ca37046d5150ab4f489b56795e24e59583e16018e738dc7a3385b7944,0x96b59f71f635da5da031e3e93448c54fe226f5e7,SELL,No,9646994822693149615303360714935546561049708672550992328943885204944470918778,0xcec7958225b06aa2464a72d934ddcc9b66bb6f35ad065010496d8db92de412a0,0.035,257,8.995000000000001,1730811969,Will a Republican win Alaska Presidential Election?
0x90ec00b97bf5f7c18d2a737731a4535bd9ec7a678c96975c3865b399fe3b8066,0x7e2a9d3ee1b3923d6e998c0319c3a587afb2e3b5,BUY,Yes,76626557395718138549682497346449622033790455953645207983251701172676708683039,0xcec7958225b06aa2464a72d934ddcc9b66bb6f35ad065010496d8db92de412a0,0.9649999999,51.813457,49.999985999818655,1730811935,Will a Republican win Alaska Presidential Election?
0xce8553474e401e9369961e2cc5c551af0af83f11667737c010cf502354620da9,0xe6d6864e4b30e3eec30248a3387e2d9717bf810b,SELL,Yes,76626557395718138549682497346449622033790455953645207983251701172676708683039,0xcec7958225b06aa2464a72d934ddcc9b66bb6f35ad065010496d8db92de412a0,0.941,1.11,1.04451,1730811454,Will a Republican win Alaska Presidential Election?
0x794dbbc3f9b8f8fb782fca7c5f6b4c443b7a5b2e8b807510f0bce3d9236c9e6d,0x8ae22010160a1b6b7957462afee3c648ea895f8f,BUY,Yes,76626557395718138549682497346449622033790455953645207983251701172676708683039,0xcec7958225b06aa2464a72d934ddcc9b66bb6f35ad065010496d8db92de412a0,0.9649999952,1.036257,0.9999880000259664,1730811194,Will a Republican win Alaska Presidential Election?
0x79f2aeb1689199a5f1bee8a939f5fbf48622a88b7d029b6cca26c7ee07cba854,0x25831873e63bd4e3ce8f2dafed5dc87832130626,BUY,Yes,76626557395718138549682497346449622033790455953645207983251701172676708683039,0xcec7958225b06aa2464a72d934ddcc9b66bb6f35ad065010496d8db92de412a0,0.971,5,4.8549999999999995,1730810626,Will a Republican win Alaska Presidential Election?
0x02611ae28921225fbf372bfe2697ea305af7bb62cf2f8848660f8fb6078684b3,0x927a057bdeb8c0f14697047d8a08ef59ee2e2278,BUY,Yes,76626557395718138549682497346449622033790455953645207983251701172676708683039,0xcec7958225b06aa2464a72d934ddcc9b66bb6f35ad065010496d8db92de412a0,0.9709999741,0.617896,0.5999769999964937,1730810466,Will a Republican win Alaska Presidential Election?
0x2c8845c81a13970541fb8154bc96d94bc58ef482ec59ffdc1fa9d0fbc2c12b29,0xae5f6212128580d08373566aa1f2c0be9440ef72,BUY,Yes,76626557395718138549682497346449622033790455953645207983251701172676708683039,0xcec7958225b06aa2464a72d934ddcc9b66bb6f35ad065010496d8db92de412a0,0.9719999806,1.028785,0.9999790000415711,1730808846,Will a Republican win Alaska Presidential Election?
0x30bb20a89feacb9c10d1373179281ad3490517969c4f56e4ce614e6ebf155243,0xc07044bfae7b8baffb40720ea3650aa89870c16e,BUY,Yes,76626557395718138549682497346449622033790455953645207983251701172676708683039,0xcec7958225b06aa2464a72d934ddcc9b66bb6f35ad065010496d8db92de412a0,0.9719980554,0.010285,0.009996999999789001,1730808082,Will a Republican win Alaska Presidential Election?
0x445e9f1766ed5f1b01ee92c6e9f6645363376ca0dc6cad480d81587db258fb1a,0x1b38db8eed0a49520d9532442f9c2346e4f1e0f5,BUY,Yes,76626557395718138549682497346449622033790455953645207983251701172676708683039,0xcec7958225b06aa2464a72d934ddcc9b66bb6f35ad065010496d8db92de412a0,0.9719980554,0.010285,0.009996999999789001,1730807792,Will a Republican win Alaska Presidential Election?
0xd31846d6d7b94fe5ef720a6e1bf758e961ff229759c8623657cd6f9a93aaf0e1,0xd3d5a130ca9242e6a76bb4edb47639092f50891d,BUY,Yes,76626557395718138549682497346449622033790455953645207983251701172676708683039,0xcec7958225b06aa2464a72d934ddcc9b66bb6f35ad065010496d8db92de412a0,0.9729999805,1.02774,0.9999909999590701,1730807656,Will a Republican win Alaska Presidential Election?
0xa4407aa88674b79eb079b15ce742cd44e8398008a870fd6e0b91770e11eba227,0x0eb66e7917676791cbf6fb784b3a59725ed1a2c8,BUY,Yes,76626557395718138549682497346449622033790455953645207983251701172676708683039,0xcec7958225b06aa2464a72d934ddcc9b66bb6f35ad065010496d8db92de412a0,0.962,3.1185,2.999997,1730807124,Will a Republican win Alaska Presidential Election?
0x3a05ac56474e331792f27981e0767affbb794460139ce58aadfd4bf4e34a6713,0xf2b31020f1b9c286b2c5de9197cefddb2eef15e5,BUY,Yes,76626557395718138549682497346449622033790455953645207983251701172676708683039,0xcec7958225b06aa2464a72d934ddcc9b66bb6f35ad065010496d8db92de412a0,0.9619973061,0.010394,0.0099989999996034,1730806641,Will a Republican win Alaska Presidential Election?
0x1f8a282307c560ced7d799e95cecb26a5e771e8ada7db17b94882b5984d37821,0xc3a5fedefee35de56ff8a74b7f62de12ad4c5f80,BUY,Yes,76626557395718138549682497346449622033790455953645207983251701172676708683039,0xcec7958225b06aa2464a72d934ddcc9b66bb6f35ad065010496d8db92de412a0,0.9589999722,1.042731,0.9999790000120783,1730806232,Will a Republican win Alaska Presidential Election?
0xe9cd41528ee081d2067daf1b1f4b71e3eaffbf8b9123911ccb609b96dc7b04f9,0xf1628c187a0a0d5d042c316946735ec731b8b6b5,BUY,Yes,76626557395718138549682497346449622033790455953645207983251701172676708683039,0xcec7958225b06aa2464a72d934ddcc9b66bb6f35ad065010496d8db92de412a0,0.9609999999,219.063461,210.51998599909362,1730805576,Will a Republican win Alaska Presidential Election?
0xccfc89f76568e7c5bad2e441188590ec645a86e1cdb881d276bba80dc03759a7,0x3968ba7be485c3e335acb1439b7e22d639d46f73,BUY,Yes,76626557395718138549682497346449622033790455953645207983251701172676708683039,0xcec7958225b06aa2464a72d934ddcc9b66bb6f35ad065010496d8db92de412a0,0.9609999962,1.040564,0.9999820000458568,1730805552,Will a Republican win Alaska Presidential Election?
0xbae8600643c483b12a0327471a1fda276e764529980e366ef2e8d4786066eda3,0xb296c60fd648fe08d56c4358ee7a419682b0b902,BUY,Yes,76626557395718138549682497346449622033790455953645207983251701172676708683039,0xcec7958225b06aa2464a72d934ddcc9b66bb6f35ad065010496d8db92de412a0,0.9609976888,0.010384,0.0099790000004992,1730805544,Will a Republican win Alaska Presidential Election?
0x3c1aaf4354345c29b169d5e4bb853ba4e748d23020ed36e46bf42c1d1a322f03,0xf48101e221c01d39a035418fac248a5c683850d5,BUY,Yes,76626557395718138549682497346449622033790455953645207983251701172676708683039,0xcec7958225b06aa2464a72d934ddcc9b66bb6f35ad065010496d8db92de412a0,0.9609976888,0.010384,0.0099790000004992,1730805042,Will a Republican win Alaska Presidential Election?
0x7c4b4ff57c5d5c8a9cff542c82b0da46d2cdb43c4d588cf814be5b4473207a51,0xebccb2dfc0b8b61ebfd4434bad1a58c8aa53a05a,BUY,Yes,76626557395718138549682497346449622033790455953645207983251701172676708683039,0xcec7958225b06aa2464a72d934ddcc9b66bb6f35ad065010496d8db92de412a0,0.9609999962,1.040564,0.9999820000458568,1730805026,Will a Republican win Alaska Presidential Election?
0x7596b5df84d166e5ac03aa19ce4fb04bdfcbf7e17d33695a0190f9e8dd6e2168,0x1e804fdb8b8ab47a56d545971f1aa2941151b432,BUY,Yes,76626557395718138549682497346449622033790455953645207983251701172676708683039,0xcec7958225b06aa2464a72d934ddcc9b66bb6f35ad065010496d8db92de412a0,0.9747169901,433.059,422.10996501571594,1730804656,Will a Republican win Alaska Presidential Election?
0x510184230e10306f1e1968239c23553b12c3e111d889a8e05523cef6838efa39,0xbfd95a4f878c40aebbbc4d4e41cc323d7320a140,BUY,Yes,76626557395718138549682497346449622033790455953645207983251701172676708683039,0xcec7958225b06aa2464a72d934ddcc9b66bb6f35ad065010496d8db92de412a0,0.9589999722,1.042731,0.9999790000120783,1730804284,Will a Republican win Alaska Presidential Election?
0x0e620235bbd19cf39aba7db370b59cbf4ec9a0088cdf680e8f62632c9e89b01a,0xd18af9bcab95675d6edf74db83bd557aba5bbad5,BUY,Yes,76626557395718138549682497346449622033790455953645207983251701172676708683039,0xcec7958225b06aa2464a72d934ddcc9b66bb6f35ad065010496d8db92de412a0,0.9589975034,0.010414,0.0099870000004076,1730804260,Will a Republican win Alaska Presidential Election?
0x58f1afc8c07c04707a4cbdf831c82b49395baacc928de20065da3c59b9a77d95,0x6a6291e19a8a52f65b2df09fc7c10910d8724795,BUY,Yes,76626557395718138549682497346449622033790455953645207983251701172676708683039,0xcec7958225b06aa2464a72d934ddcc9b66bb6f35ad065010496d8db92de412a0,0.9589975034,0.010414,0.0099870000004076,1730803964,Will a Republican win Alaska Presidential Election?
0xceebcaec3036995473e4bb25b32e39e15bcb517f00c4646ef4f1f380823eae21,0xb79e8e38c8f35229cdaa3da0942832b595fd4005,BUY,Yes,76626557395718138549682497346449622033790455953645207983251701172676708683039,0xcec7958225b06aa2464a72d934ddcc9b66bb6f35ad065010496d8db92de412a0,0.9589975034,0.010414,0.0099870000004076,1730803654,Will a Republican win Alaska Presidential Election?
0x3363f0b46eb3852486ab34d66ca9625aabe504053f4293c7f1b28960f92983b1,0x4e2866ec0bfcb98f87c3e4caf63ff57fbbf0d71d,BUY,Yes,76626557395718138549682497346449622033790455953645207983251701172676708683039,0xcec7958225b06aa2464a72d934ddcc9b66bb6f35ad065010496d8db92de412a0,0.9589975034,0.010414,0.0099870000004076,1730803482,Will a Republican win Alaska Presidential Election?
0xc1eb0b1df0a25a68acb63d2854b0d78bbe9990176a503f46226dbf7dc9b858a5,0xb3ce6ebae2842e27d6605c2d33b74b34df9af11c,BUY,Yes,76626557395718138549682497346449622033790455953645207983251701172676708683039,0xcec7958225b06aa2464a72d934ddcc9b66bb6f35ad065010496d8db92de412a0,0.9589975034,0.010414,0.0099870000004076,1730802655,Will a Republican win Alaska Presidential Election?
0x3c6d90114d3369228da9f46dde51d2e571509084387f6cc674c52579419f2833,0xc20c1ebee90e39134aa5e7d1550c9c049a48b86f,BUY,Yes,76626557395718138549682497346449622033790455953645207983251701172676708683039,0xcec7958225b06aa2464a72d934ddcc9b66bb6f35ad065010496d8db92de412a0,0.9589975034,0.010414,0.0099870000004076,1730802401,Will a Republican win Alaska Presidential Election?
0xbccc0c497b2f4b441c6fe50624932378e849ff8985d67dcdc746641a84fab243,0x6f4bc1a8e70b6a53f61b2b3fe5f69f13b4da06f3,BUY,Yes,76626557395718138549682497346449622033790455953645207983251701172676708683039,0xcec7958225b06aa2464a72d934ddcc9b66bb6f35ad065010496d8db92de412a0,0.9589975034,0.010414,0.0099870000004076,1730802243,Will a Republican win Alaska Presidential Election?
0x27020828927589ba1d1b4153c874c942d337312e858bcb9e35cf3f4c647a893c,0x7391f1b97e6208414d8a7ac076ca1b92381bb039,BUY,Yes,76626557395718138549682497346449622033790455953645207983251701172676708683039,0xcec7958225b06aa2464a72d934ddcc9b66bb6f35ad065010496d8db92de412a0,0.9589975034,0.010414,0.0099870000004076,1730801921,Will a Republican win Alaska Presidential Election?
0xb5afc54d45184b595fa2bdb82a524ec0d6451bc1ab363ddd766525b4adaad459,0x6d3d700c1eac163ce5e6d96ee2cc9a8c275d8a25,BUY,Yes,76626557395718138549682497346449622033790455953645207983251701172676708683039,0xcec7958225b06aa2464a72d934ddcc9b66bb6f35ad065010496d8db92de412a0,0.9589975034,0.010414,0.0099870000004076,1730801591,Will a Republican win Alaska Presidential Election?
0x912d564cdfbf5130b36e127e3e1d70408b051b7d25de179b9593e4d70002a542,0xf04b9ce61764930b27559051efcf0f50a9c12bdc,BUY,Yes,76626557395718138549682497346449622033790455953645207983251701172676708683039,0xcec7958225b06aa2464a72d934ddcc9b66bb6f35ad065010496d8db92de412a0,0.9589975034,0.010414,0.0099870000004076,1730801369,Will a Republican win Alaska Presidential Election?
0x99aec9d3931c4e4777263093085c20e8647ba4c8ac9b1d3ad21d3118554b3274,0x3a8f2344c1c2ef589f41a9d49a0009c62886e02e,BUY,Yes,76626557395718138549682497346449622033790455953645207983251701172676708683039,0xcec7958225b06aa2464a72d934ddcc9b66bb6f35ad065010496d8db92de412a0,0.9589999722,1.042731,0.9999790000120783,1730800243,Will a Republican win Alaska Presidential Election?
0x4eec63727a391ba11191a776b828ebb47e12b8604caf253e194b930b131c523d,0x779c16950f8d05feb2858e5031c92fa027d878b4,BUY,Yes,76626557395718138549682497346449622033790455953645207983251701172676708683039,0xcec7958225b06aa2464a72d934ddcc9b66bb6f35ad065010496d8db92de412a0,0.9589975034,0.010414,0.0099870000004076,1730800043,Will a Republican win Alaska Presidential Election?
0x421b8f6bb38f63f89d6986a8fdbeba0798fc83535b3c375453400004f1cf0574,0x3bb5d2276e9cb4d7d3d6ab85cd946793de2ee3e2,BUY,Yes,76626557395718138549682497346449622033790455953645207983251701172676708683039,0xcec7958225b06aa2464a72d934ddcc9b66bb6f35ad065010496d8db92de412a0,0.9589975034,0.010414,0.0099870000004076,1730799105,Will a Republican win Alaska Presidential Election?
0x8e5f7c2a58fbc7d6dcbe0a6b68603437b71e26ad63e0e23b80604f655e4d5f74,0xf2a607d1b82697666ab4bc28869731ea8c4dc8a9,BUY,Yes,76626557395718138549682497346449622033790455953645207983251701172676708683039,0xcec7958225b06aa2464a72d934ddcc9b66bb6f35ad065010496d8db92de412a0,0.98,0.0102,0.009996,1730799015,Will a Republican win Alaska Presidential Election?
0x486110f9416f48ad0c5a8562a6a41fd2ab9d95a2e87d185456849ea8ba002b29,0x70adbc0a2e81665fde514aa1b1ba2a4330cb760c,BUY,Yes,76626557395718138549682497346449622033790455953645207983251701172676708683039,0xcec7958225b06aa2464a72d934ddcc9b66bb6f35ad065010496d8db92de412a0,0.98,0.0102,0.009996,1730798809,Will a Republican win Alaska Presidential Election?
0xad27bea0a1bc3ac78eabc457049d0e1cb52c5a0c59450fb465a30e308e9b935f,0x909bab11eebf245bf238954bb302860ef6737094,BUY,Yes,76626557395718138549682497346449622033790455953645207983251701172676708683039,0xcec7958225b06aa2464a72d934ddcc9b66bb6f35ad065010496d8db92de412a0,0.9629999856,1.038405,0.999984000046968,1730798355,Will a Republican win Alaska Presidential Election?
0x378af054fb53ce1d25758efe16bf9b1be4e081806aa33f63746c579758fd2757,0x67473ba8de86dca76538ef198d99e63c185aa64f,BUY,Yes,76626557395718138549682497346449622033790455953645207983251701172676708683039,0xcec7958225b06aa2464a72d934ddcc9b66bb6f35ad065010496d8db92de412a0,0.9629999856,1.038405,0.999984000046968,1730798129,Will a Republican win Alaska Presidential Election?
0xc79cdba7c33b3b129289826125747b0c0e091ab8474797146989fc22aec95fbd,0x01813c47e60abad4754d06c56351ed59b0302496,BUY,Yes,76626557395718138549682497346449622033790455953645207983251701172676708683039,0xcec7958225b06aa2464a72d934ddcc9b66bb6f35ad065010496d8db92de412a0,0.962998651,0.010378,0.009994000000078001,1730798021,Will a Republican win Alaska Presidential Election?
0xeacc84e7dc4402a27809f140ea3deb64fa2a9e2c2c589c070c8cd0e5088b97ba,0x1e804fdb8b8ab47a56d545971f1aa2941151b432,BUY,Yes,76626557395718138549682497346449622033790455953645207983251701172676708683039,0xcec7958225b06aa2464a72d934ddcc9b66bb6f35ad065010496d8db92de412a0,0.9658868673,2484.763,2399.9999500529498,1730796380,Will a Republican win Alaska Presidential Election?
0xce4e5249af67b2c411fee251b4b6bcfc5b7b129f9336526a6c94ac22fe77caf9,0x2b0014a91833883596473f7a43f74b14d5259a53,BUY,Yes,76626557395718138549682497346449622033790455953645207983251701172676708683039,0xcec7958225b06aa2464a72d934ddcc9b66bb6f35ad065010496d8db92de412a0,0.9509999905,1.05151,0.9999860000106549,1730796354,Will a Republican win Alaska Presidential Election?
0xb2a4e760622295a512863b11551c1c654c08ff0fe1263ebdc927dec9ca7cc2f3,0xde7670090e7d19ccc8ec56618a089f2266c3ad48,BUY,Yes,76626557395718138549682497346449622033790455953645207983251701172676708683039,0xcec7958225b06aa2464a72d934ddcc9b66bb6f35ad065010496d8db92de412a0,0.9559999694,1.046022,0.9999969999917268,1730795911,Will a Republican win Alaska Presidential Election?
0x27086bb6bcb8a7a3e1ff84deea8c2328fe6ef6b810732174281b0c5fb3286e74,0xfff97d240691b09bf67f391c32f890e5cb16eb4c,BUY,Yes,76626557395718138549682497346449622033790455953645207983251701172676708683039,0xcec7958225b06aa2464a72d934ddcc9b66bb6f35ad065010496d8db92de412a0,0.9559999946,5.230113,4.99998799975739,1730795863,Will a Republican win Alaska Presidential Election?
0xa68e6236003275aeef4ed369ef3591518e51771b4f04ac53a816aebd6dae5941,0x10aac7b588fc5e2c7ee8b7072253030d51ba22a7,BUY,Yes,76626557395718138549682497346449622033790455953645207983251701172676708683039,0xcec7958225b06aa2464a72d934ddcc9b66bb6f35ad065010496d8db92de412a0,0.9629999856,1.038405,0.999984000046968,1730795421,Will a Republican win Alaska Presidential Election?
0x3467294d798d0a2883d3897dca287ed6f04f5a49a4a04c3e358bdca7255dbd89,0xb75f05b95ac509c1416c4c666671e009aa760354,BUY,Yes,76626557395718138549682497346449622033790455953645207983251701172676708683039,0xcec7958225b06aa2464a72d934ddcc9b66bb6f35ad065010496d8db92de412a0,0.962998651,0.010378,0.009994000000078001,1730795329,Will a Republican win Alaska Presidential Election?
0xd0212bf8df4828861ca8cba95f51baff5a78b560d4dac5ea33f26101bcda70eb,0xd2f8c445a91379cb90922d08360c6d1f4ddc4507,BUY,Yes,76626557395718138549682497346449622033790455953645207983251701172676708683039,0xcec7958225b06aa2464a72d934ddcc9b66bb6f35ad065010496d8db92de412a0,0.9689862376,0.010318,0.0099979999995568,1730794991,Will a Republican win Alaska Presidential Election?
0x00be42714bb055ff6dd192495dbae517c2009b775e7b618f25140a340d0dcc51,0xf38e6583dfa37026ee25cf0a567b8cef6307a38a,BUY,Yes,76626557395718138549682497346449622033790455953645207983251701172676708683039,0xcec7958225b06aa2464a72d934ddcc9b66bb6f35ad065010496d8db92de412a0,0.9677364881,31000.174498,29999.999999181702,1730794921,Will a Republican win Alaska Presidential Election?
0xf37f3f1072a177830ffdd1a43b05e0b8a01fd05f77c151e461ab9ef52efec684,0xb9ab9ffe199772255092a732e3345230f47b57f6,BUY,Yes,76626557395718138549682497346449622033790455953645207983251701172676708683039,0xcec7958225b06aa2464a72d934ddcc9b66bb6f35ad065010496d8db92de412a0,0.9569964563,0.010441,0.009992000000228301,1730794755,Will a Republican win Alaska Presidential Election?
0xac8d6ce0e0cc44c327094847e5de2c60efc822877d669db8197cc2dc28628d33,0x1a58f7e7d639603961599c0ae9854fa461e484ce,BUY,Yes,76626557395718138549682497346449622033790455953645207983251701172676708683039,0xcec7958225b06aa2464a72d934ddcc9b66bb6f35ad065010496d8db92de412a0,0.9569999904,1.04493,0.9999979999686719,1730794725,Will a Republican win Alaska Presidential Election?
0x6b5828998201f215f1ddeb60d54c86036266df1a1851b88db9b4b031a85558ef,0x28c850b0116ce3de59ffa2066e8eb0108570d098,BUY,Yes,76626557395718138549682497346449622033790455953645207983251701172676708683039,0xcec7958225b06aa2464a72d934ddcc9b66bb6f35ad065010496d8db92de412a0,0.9569999904,1.04493,0.9999979999686719,1730794393,Will a Republican win Alaska Presidential Election?
0x1e4f7c80cc7c64f49be7f98d5e953e5277284725704e5434a0a348ef84057f1c,0x1cd24289d3443190ed07eb78d5a89186cd7541c4,BUY,Yes,76626557395718138549682497346449622033790455953645207983251701172676708683039,0xcec7958225b06aa2464a72d934ddcc9b66bb6f35ad065010496d8db92de412a0,0.959999616,1.041665,0.99999800000064,1730794021,Will a Republican win Alaska Presidential Election?
0xa2279e148785c838e4c9e5d083ff8e42a23fc1b1f77f253799adaf8f667c88bf,0x2b5e07206fcb1ee2203a6923b01b3734625b2e29,BUY,Yes,76626557395718138549682497346449622033790455953645207983251701172676708683039,0xcec7958225b06aa2464a72d934ddcc9b66bb6f35ad065010496d8db92de412a0,0.9549971336,0.010466,0.0099950000002576,1730793261,Will a Republican win Alaska Presidential Election?
0x6b38cebe5d3884f311b9a7c0ffdb2f0867a85371bb7efe72990e3ea1b98384ea,0x8483a96cca8176e69a9c5d8ea0097f55aea3919d,BUY,Yes,76626557395718138549682497346449622033790455953645207983251701172676708683039,0xcec7958225b06aa2464a72d934ddcc9b66bb6f35ad065010496d8db92de412a0,0.9429973575,0.010596,0.00999200000007,1730792915,Will a Republican win Alaska Presidential Election?
0x30274c2463637184a6e3f2ee6664adf6ca932280994063b3d56b0f7cef3c2383,0x8606a274f5d1d16c913e248242306a9c1647c4e4,BUY,Yes,76626557395718138549682497346449622033790455953645207983251701172676708683039,0xcec7958225b06aa2464a72d934ddcc9b66bb6f35ad065010496d8db92de412a0,0.943998489,0.010589,0.009996000000021,1730792707,Will a Republican win Alaska Presidential Election?
0x444f7884805fc981ae67ad665449558a20c173c1f32fc6ed131df3da5fbf62a9,0xe9f90ef8dd1cf8b5392981262f9ce396aa2852f9,BUY,Yes,76626557395718138549682497346449622033790455953645207983251701172676708683039,0xcec7958225b06aa2464a72d934ddcc9b66bb6f35ad065010496d8db92de412a0,0.9419975479,0.010603,0.0099880000003837,1730791933,Will a Republican win Alaska Presidential Election?
0xe994430496aa1108ac5bbe9bbe4c2fdf1fa70c6583b994d2986b35dce262c4c8,0xd12b98e49a55f7fc50e87c7ece2d1cd6f36459c2,BUY,Yes,76626557395718138549682497346449622033790455953645207983251701172676708683039,0xcec7958225b06aa2464a72d934ddcc9b66bb6f35ad065010496d8db92de412a0,0.9419975479,0.010603,0.0099880000003837,1730791791,Will a Republican win Alaska Presidential Election?
0x06dcf228d03a3b5d4834e240f2fb8804e07c916d18164a77e516fac59070ae29,0x62aba3ed4f46b470a05c7c13ab2cc2816a592949,BUY,Yes,76626557395718138549682497346449622033790455953645207983251701172676708683039,0xcec7958225b06aa2464a72d934ddcc9b66bb6f35ad065010496d8db92de412a0,0.9429973575,0.010596,0.00999200000007,1730791585,Will a Republican win Alaska Presidential Election?
0x12c0c5422acfa0e2a0858e91ce1943e8e266e59c3dfe748e01224ad14bb1b103,0x8ec42516adaf5cb2d659b20bac4ff3d6c0a6fe79,BUY,Yes,76626557395718138549682497346449622033790455953645207983251701172676708683039,0xcec7958225b06aa2464a72d934ddcc9b66bb6f35ad065010496d8db92de412a0,0.945,1.0582,0.999999,1730791421,Will a Republican win Alaska Presidential Election?
0xe8cc0dab452c985a9ef0bb3df27e028695c416f9907caf73fc9bddbebfa3919f,0xaa46893d81b7d608f66ffbbe062127afef55f5f1,BUY,Yes,76626557395718138549682497346449622033790455953645207983251701172676708683039,0xcec7958225b06aa2464a72d934ddcc9b66bb6f35ad065010496d8db92de412a0,0.9506121348,1051.95375,999.9999999983654,1730791083,Will a Republican win Alaska Presidential Election?
0x562bf1861705ed86352295588be4244895f9fa8362a826829a9dc5c7fcab410a,0xf55877cd34f3d04fb2c0004dab6b90785dbb5c39,BUY,Yes,76626557395718138549682497346449622033790455953645207983251701172676708683039,0xcec7958225b06aa2464a72d934ddcc9b66bb6f35ad065010496d8db92de412a0,0.9399981191,0.010633,0.0099950000003903,1730791007,Will a Republican win Alaska Presidential Election?
0x9a4a63a5c3305161a057cf71ea3e7789d048ab3e029c7b3a5b3eeef03e2f9800,0xce5c74635d3b6d0bb638893f892a450280cf1d15,BUY,Yes,76626557395718138549682497346449622033790455953645207983251701172676708683039,0xcec7958225b06aa2464a72d934ddcc9b66bb6f35ad065010496d8db92de412a0,0.9399981191,0.010633,0.0099950000003903,1730790625,Will a Republican win Alaska Presidential Election?
0xc0781ba55438085d632ddb8eb43cf071041cd4141d4a58f352211c266b490ec1,0xb5ddfca667b0d8c248699967438118e3fdf50021,BUY,Yes,76626557395718138549682497346449622033790455953645207983251701172676708683039,0xcec7958225b06aa2464a72d934ddcc9b66bb6f35ad065010496d8db92de412a0,0.9399981191,0.010633,0.0099950000003903,1730790475,Will a Republican win Alaska Presidential Election?
0x9f877d1c85585b480400453f1be3e053238ae35ae531cc89a18af6b495822360,0xb083ae2b6e44bf7fba85611a9c36950bbec6b3f0,BUY,No,9646994822693149615303360714935546561049708672550992328943885204944470918778,0xcec7958225b06aa2464a72d934ddcc9b66bb6f35ad065010496d8db92de412a0,0.068,1999.6,135.9728,1730790323,Will a Republican win Alaska Presidential Election?
0xc04ddd768e459448c7b85408e309cb397a214d4c88a6e911629c17b7ffbc8859,0xb083ae2b6e44bf7fba85611a9c36950bbec6b3f0,BUY,No,9646994822693149615303360714935546561049708672550992328943885204944470918778,0xcec7958225b06aa2464a72d934ddcc9b66bb6f35ad065010496d8db92de412a0,0.067,58.5,3.9195,1730790301,Will a Republican win Alaska Presidential Election?
0x5d7b2546677ac48c37823d5c4b6e2958a30fa860cd10cc667480940ac6cfd141,0x2936454f5b10410c8938957847996ed86855e013,BUY,Yes,76626557395718138549682497346449622033790455953645207983251701172676708683039,0xcec7958225b06aa2464a72d934ddcc9b66bb6f35ad065010496d8db92de412a0,0.9399981191,0.010633,0.0099950000003903,1730789797,Will a Republican win Alaska Presidential Election?
0x5b402831a895ccabcc95bae78d06f2cd704847a2b7a3e50ee454eb6f2884f68f,0xda00e1dab615de66802b169fbf939d33b7404638,BUY,Yes,76626557395718138549682497346449622033790455953645207983251701172676708683039,0xcec7958225b06aa2464a72d934ddcc9b66bb6f35ad065010496d8db92de412a0,0.94,0.21275,0.199985,1730789665,Will a Republican win Alaska Presidential Election?
0x644dee82ac44a06d4279f1dee1e01c1b8d13f01a6cdfd2116cc34662ecfa0fed,0xd2067e31e28e9e3519ff14e56acb534b6039bc3a,BUY,Yes,76626557395718138549682497346449622033790455953645207983251701172676708683039,0xcec7958225b06aa2464a72d934ddcc9b66bb6f35ad065010496d8db92de412a0,0.9399981191,0.010633,0.0099950000003903,1730789465,Will a Republican win Alaska Presidential Election?
0xe55ac6c98f63377aaf234394e56270cd4c7036b755039fae82f7320764d25884,0x9e5b121ec43361b576040e2f2642a49aee9351b9,BUY,Yes,76626557395718138549682497346449622033790455953645207983251701172676708683039,0xcec7958225b06aa2464a72d934ddcc9b66bb6f35ad065010496d8db92de412a0,0.9399999624,1.063816,0.9999870000005185,1730789373,Will a Republican win Alaska Presidential Election?
0xd9aeacee28aabacdbb5d2b179e017312873a64339bb6010d88a41eed3781b0ce,0x24b001eaf64fefafd283771d0aff59a7f21bfdfd,BUY,Yes,76626557395718138549682497346449622033790455953645207983251701172676708683039,0xcec7958225b06aa2464a72d934ddcc9b66bb6f35ad065010496d8db92de412a0,0.9399981191,0.010633,0.0099950000003903,1730789069,Will a Republican win Alaska Presidential Election?
0xb60f3de31f68a6ae67f97500ea0111e2046ca3ebc14c3070d6ec95e96671104d,0xb14af25eefd829ab4ef3c3415b20b4391d363f94,BUY,Yes,76626557395718138549682497346449622033790455953645207983251701172676708683039,0xcec7958225b06aa2464a72d934ddcc9b66bb6f35ad065010496d8db92de412a0,0.9399998021,0.202116,0.18998900000124358,1730788785,Will a Republican win Alaska Presidential Election?
0xd6f4d570215ccba19022fe08052c4514e13a92318494aff0aa1f2a4544bef16c,0xb16c99e71e84be13e61138211655a25fdca87c01,BUY,Yes,76626557395718138549682497346449622033790455953645207983251701172676708683039,0xcec7958225b06aa2464a72d934ddcc9b66bb6f35ad065010496d8db92de412a0,0.9399981191,0.010633,0.0099950000003903,1730788769,Will a Republican win Alaska Presidential Election?
0x5f5da4a8402b1352dccfb5ea8843bd84a16aa3d27bccf18d1f9ff489620b76aa,0xd629d0a3694fdf5100af70d7a0c7842c3039ac66,BUY,Yes,76626557395718138549682497346449622033790455953645207983251701172676708683039,0xcec7958225b06aa2464a72d934ddcc9b66bb6f35ad065010496d8db92de412a0,0.9399981191,0.010633,0.0099950000003903,1730788663,Will a Republican win Alaska Presidential Election?
0x51c856c730b5df98b013aedd7ecd6a334cda6c9910a90a4622613f0efe0b1f80,0x756a30f195e8f54379281c64fa2af56ba6b5a9f3,BUY,Yes,76626557395718138549682497346449622033790455953645207983251701172676708683039,0xcec7958225b06aa2464a72d934ddcc9b66bb6f35ad065010496d8db92de412a0,0.9399999624,1.063816,0.9999870000005185,1730788433,Will a Republican win Alaska Presidential Election?
0xe0d8174b36733a31059cb474548a3836c2a117a0abd6f0d05bf9bb8a9bf8ed07,0x5fb9d91c38e948a5a4586fddac7932d8c2830970,BUY,Yes,76626557395718138549682497346449622033790455953645207983251701172676708683039,0xcec7958225b06aa2464a72d934ddcc9b66bb6f35ad065010496d8db92de412a0,0.9399981191,0.010633,0.0099950000003903,1730788317,Will a Republican win Alaska Presidential Election?
0xe2afa8a348677d52da3bf1eed9d5ee5f541d75c3bb246e6b614716587a620f30,0xfa15dbd0455b9ee7bfd24c71f924955401ed5b28,BUY,Yes,76626557395718138549682497346449622033790455953645207983251701172676708683039,0xcec7958225b06aa2464a72d934ddcc9b66bb6f35ad065010496d8db92de412a0,0.9399981191,0.010633,0.0099950000003903,1730788171,Will a Republican win Alaska Presidential Election?
0x445f09d481ab73a2b684e5cd3a560e8c165cec03cd59d53af2bd58761cdad97a,0x5fe96c485619cea5f1aaa908d1c5da94b08fd029,BUY,Yes,76626557395718138549682497346449622033790455953645207983251701172676708683039,0xcec7958225b06aa2464a72d934ddcc9b66bb6f35ad065010496d8db92de412a0,0.9399981191,0.010633,0.0099950000003903,1730787873,Will a Republican win Alaska Presidential Election?
0x3d66bf37612525cb80c97848bbf50c9a6407ecf8674541c7da7fefb7848b8146,0x6e983db5d56f3d83078d7b1ac098f10cdc36ddce,BUY,Yes,76626557395718138549682497346449622033790455953645207983251701172676708683039,0xcec7958225b06aa2464a72d934ddcc9b66bb6f35ad065010496d8db92de412a0,0.9399981191,0.010633,0.0099950000003903,1730787704,Will a Republican win Alaska Presidential Election?
0xf472f5b15d5128089753b0c8d4454885c7c4c62cbf208cba84a8f222720baddf,0x058b5dda9f4cd09d436fdc0dc88e70b4620f59a8,BUY,Yes,76626557395718138549682497346449622033790455953645207983251701172676708683039,0xcec7958225b06aa2464a72d934ddcc9b66bb6f35ad065010496d8db92de412a0,0.9399996582,0.117016,0.1099950000039312,1730787474,Will a Republican win Alaska Presidential Election?
0xd83fd0cd04e99cacf59e083228717ed05fc38c1d0b2b06666cdf6b2775e15324,0x684a1e4eb384ff2cff4a89ecb2f15650e0428042,BUY,Yes,76626557395718138549682497346449622033790455953645207983251701172676708683039,0xcec7958225b06aa2464a72d934ddcc9b66bb6f35ad065010496d8db92de412a0,0.9399981191,0.010633,0.0099950000003903,1730787458,Will a Republican win Alaska Presidential Election?
0x9af628a2c8d86e468735eef38f6f55d1294a3778378d8306eac5f3827e3a744d,0xc5d3d15b516c926a082e2cfa21339b873400389d,BUY,Yes,76626557395718138549682497346449622033790455953645207983251701172676708683039,0xcec7958225b06aa2464a72d934ddcc9b66bb6f35ad065010496d8db92de412a0,0.9409990575,0.01061,0.009984000000075,1730787212,Will a Republican win Alaska Presidential Election?
0xaf79112819a872b5d380c4bbffe72ee42c73223aa83fb68d9be521081a5c2e07,0xb1e2e91ef7010e0b6ee09951e3fa926f0d1b9aba,BUY,Yes,76626557395718138549682497346449622033790455953645207983251701172676708683039,0xcec7958225b06aa2464a72d934ddcc9b66bb6f35ad065010496d8db92de412a0,0.9409990575,0.01061,0.009984000000075,1730787116,Will a Republican win Alaska Presidential Election?
0xcda65ac1d12a89a17179ccae8d8b36db97df2597540693e9c9c28d1c64fce128,0x7116324ff60441c6545e435d48f4c306cd4da79a,BUY,Yes,76626557395718138549682497346449622033790455953645207983251701172676708683039,0xcec7958225b06aa2464a72d934ddcc9b66bb6f35ad065010496d8db92de412a0,0.9419975479,0.010603,0.0099880000003837,1730786862,Will a Republican win Alaska Presidential Election?
0xdb44c63356ebacbeebfad1e07b41eb0d2d470377382429968ed5f9d7ef0651d9,0x6e86c494e5d0aebde399ae30a607797dcf3ae860,BUY,Yes,76626557395718138549682497346449622033790455953645207983251701172676708683039,0xcec7958225b06aa2464a72d934ddcc9b66bb6f35ad065010496d8db92de412a0,0.9489980055,0.010529,0.0099919999999095,1730786660,Will a Republican win Alaska Presidential Election?
0x3ebabde4a3954d2815b12f4aaa60541ddee22ad11eb4a1384b4e4f84c1bb90e9,0x56e8b79461ad58a3ff5a7b9e6e92ae97443d7f10,BUY,Yes,76626557395718138549682497346449622033790455953645207983251701172676708683039,0xcec7958225b06aa2464a72d934ddcc9b66bb6f35ad065010496d8db92de412a0,0.95,0.1263,0.119985,1730786622,Will a Republican win Alaska Presidential Election?
0x1b0123a166d3323444fd769e8dec8bb1a43a4ceaf5888ad9d920b76ed1df6122,0xf38e6583dfa37026ee25cf0a567b8cef6307a38a,BUY,Yes,76626557395718138549682497346449622033790455953645207983251701172676708683039,0xcec7958225b06aa2464a72d934ddcc9b66bb6f35ad065010496d8db92de412a0,0.9488885342,10538.645625,9999.999999559492,1730786496,Will a Republican win Alaska Presidential Election?
0xfda93fff732e8f4a245c714e7d240e6fc009c09d4bafed0646132c4b1d01ab6e,0x49c88156c4b92dfa70c4f4d0033391aaed71692c,BUY,Yes,76626557395718138549682497346449622033790455953645207983251701172676708683039,0xcec7958225b06aa2464a72d934ddcc9b66bb6f35ad065010496d8db92de412a0,0.9399999624,1.063816,0.9999870000005185,1730786490,Will a Republican win Alaska Presidential Election?
0x27e8492c7026668b5220911c632234f775c16ef5875745f3fce67b5342cb9eb7,0x668f6ab21def3478a57bc306e3908653d042f87d,BUY,Yes,76626557395718138549682497346449622033790455953645207983251701172676708683039,0xcec7958225b06aa2464a72d934ddcc9b66bb6f35ad065010496d8db92de412a0,0.9399981191,0.010633,0.0099950000003903,1730786394,Will a Republican win Alaska Presidential Election?
0x438f1c88972b6df9f3846ecaec9877b222d5c2ce8e62aae5322dc54d81cfd2b8,0x271db12a216f178c68374688d494e7578a1334fe,BUY,Yes,76626557395718138549682497346449622033790455953645207983251701172676708683039,0xcec7958225b06aa2464a72d934ddcc9b66bb6f35ad065010496d8db92de412a0,0.9399981191,0.010633,0.0099950000003903,1730786258,Will a Republican win Alaska Presidential Election?
0x394d82b010e71e9adc8d9fc455f11834715c1e1567a7d2af7f4dbe1798885468,0xf38e6583dfa37026ee25cf0a567b8cef6307a38a,BUY,Yes,76626557395718138549682497346449622033790455953645207983251701172676708683039,0xcec7958225b06aa2464a72d934ddcc9b66bb6f35ad065010496d8db92de412a0,0.9474610336,10554.523755,9999.999986068053,1730786043,Will a Republican win Alaska Presidential Election?
0xacb84495ac1acfa8f04e014ee3dc3b68606d163cd41f07807700ee4c9d8ea189,0x9d783d934c6776ab870e7afc3b8a71342f0b504a,BUY,Yes,76626557395718138549682497346449622033790455953645207983251701172676708683039,0xcec7958225b06aa2464a72d934ddcc9b66bb6f35ad065010496d8db92de412a0,0.9399981191,0.010633,0.0099950000003903,1730785899,Will a Republican win Alaska Presidential Election?
0x1be803e131b6586388a1b938633a60eca3a343057b877e609900f0395869169c,0xc87b2f187f691dd71ea56c64c30c5a6dc4dc7c11,BUY,Yes,76626557395718138549682497346449622033790455953645207983251701172676708683039,0xcec7958225b06aa2464a72d934ddcc9b66bb6f35ad065010496d8db92de412a0,0.9399981191,0.010633,0.0099950000003903,1730785825,Will a Republican win Alaska Presidential Election?
0x920689ee8441b2789c7272936c3c0fa6760bfbda1a8cba2cab7465bc0e68d5e5,0x6494ce4e21efafa3e05d2a5287262fc491289577,BUY,Yes,76626557395718138549682497346449622033790455953645207983251701172676708683039,0xcec7958225b06aa2464a72d934ddcc9b66bb6f35ad065010496d8db92de412a0,0.9409999261,0.297542,0.27998700001164617,1730785627,Will a Republican win Alaska Presidential Election?
0x7bf4964410a3d756b22b0371285ef1c7485399778a4c854a2d73488e84ac3a3e,0x90db6c6a94b0e1a9d92310b6a9ad5c13d1e2e2f0,BUY,Yes,76626557395718138549682497346449622033790455953645207983251701172676708683039,0xcec7958225b06aa2464a72d934ddcc9b66bb6f35ad065010496d8db92de412a0,0.943998489,0.010589,0.009996000000021,1730785585,Will a Republican win Alaska Presidential Election?
0xb9faa0db2fe7a183386ed6aa58bbb1e86c0db5122508548c341f07515af69ea0,0xf38e6583dfa37026ee25cf0a567b8cef6307a38a,BUY,Yes,76626557395718138549682497346449622033790455953645207983251701172676708683039,0xcec7958225b06aa2464a72d934ddcc9b66bb6f35ad065010496d8db92de412a0,0.9470129613,10559.517549,9999.999983977808,1730785483,Will a Republican win Alaska Presidential Election?
0x8d560d495a9154f11fd113abd68f988d39521ad4eeba88ffb6d5585bb1ada68a,0x174a7eb3405fb06953e52d8cf2f1ce5e293fe8e2,BUY,Yes,76626557395718138549682497346449622033790455953645207983251701172676708683039,0xcec7958225b06aa2464a72d934ddcc9b66bb6f35ad065010496d8db92de412a0,0.9389980261,0.010639,0.009989999999677899,1730785195,Will a Republican win Alaska Presidential Election?
0x414a41d77e36f12ba64b8e939af3fff4d0c9a7b5e8e5aa7f355dca5ca7fa6b54,0xc9cb99e9432a4bb14eff00bfea433c05a2852d4c,BUY,Yes,76626557395718138549682497346449622033790455953645207983251701172676708683039,0xcec7958225b06aa2464a72d934ddcc9b66bb6f35ad065010496d8db92de412a0,0.9389980261,0.010639,0.009989999999677899,1730785077,Will a Republican win Alaska Presidential Election?
0x2fef80ac829e8e516803eff74f898f738346547d765888533c288555fba4cac7,0x4b689a52b515c2200de8515079b6b21378c63ada,BUY,No,9646994822693149615303360714935546561049708672550992328943885204944470918778,0xcec7958225b06aa2464a72d934ddcc9b66bb6f35ad065010496d8db92de412a0,0.066999389,1.492536,0.09999900006050401,1730784871,Will a Republican win Alaska Presidential Election?
0x6f8130b2263e9a08c331adf906ad0c36049f1c4814d8a6688cfa79ded4aa4e6f,0x9b58830dfa82f4b48d9af7402ee966761d799d76,BUY,Yes,76626557395718138549682497346449622033790455953645207983251701172676708683039,0xcec7958225b06aa2464a72d934ddcc9b66bb6f35ad065010496d8db92de412a0,0.9389980261,0.010639,0.009989999999677899,1730784843,Will a Republican win Alaska Presidential Election?
0x9e0e5de658a1ba79700f2746084edef72811d4174a21b7f59006f2fbd2fa8391,0xec1bfd63cb9e7b6bb8a36978e091e57ed6cd3ba0,BUY,Yes,76626557395718138549682497346449622033790455953645207983251701172676708683039,0xcec7958225b06aa2464a72d934ddcc9b66bb6f35ad065010496d8db92de412a0,0.9389980261,0.010639,0.009989999999677899,1730784485,Will a Republican win Alaska Presidential Election?
0x4aece7914d62866b0d0e291c5ed616d6951a547327fdd09aee4109076a6f8058,0x98dc2559d48be998dddb6d2464cc10eec54163d9,BUY,Yes,76626557395718138549682497346449622033790455953645207983251701172676708683039,0xcec7958225b06aa2464a72d934ddcc9b66bb6f35ad065010496d8db92de412a0,0.9389980261,0.010639,0.009989999999677899,1730784310,Will a Republican win Alaska Presidential Election?
0x0ec57364b4924fb4a2336f19de29c2e8548a8b429a63b593be97fb5c0a4c26e5,0x0dee2f1b13e0586cb5150a59b807e610eb18615f,SELL,Yes,76626557395718138549682497346449622033790455953645207983251701172676708683039,0xcec7958225b06aa2464a72d934ddcc9b66bb6f35ad065010496d8db92de412a0,0.932,0.39,0.36348,1730784266,Will a Republican win Alaska Presidential Election?
0x4fa40cb94a8101d7bfb3fb3e7c61375bba03071cdec18c01b15692e2cdb13d13,0x55e09d2f75a288795a2dd43fb3044f7ece6c0b38,BUY,Yes,76626557395718138549682497346449622033790455953645207983251701172676708683039,0xcec7958225b06aa2464a72d934ddcc9b66bb6f35ad065010496d8db92de412a0,0.9389998938,0.244934,0.22999299998800923,1730784110,Will a Republican win Alaska Presidential Election?
0x6cce9f035e6e98653e39e00f558d0e42202fa98ee988cbe1d9f4005e2d4704ff,0x7a492c59ffc392dbaee8f1709167de3f9bba4740,BUY,Yes,76626557395718138549682497346449622033790455953645207983251701172676708683039,0xcec7958225b06aa2464a72d934ddcc9b66bb6f35ad065010496d8db92de412a0,0.9389999968,5.324803,4.999989999960631,1730784026,Will a Republican win Alaska Presidential Election?
0x15a2441773bdba1db3a4c9e6e01391b58c3c071b183a1ed8df73c11c840cb926,0x7792574d4d45843723f11ddd681f67cd35127250,BUY,Yes,76626557395718138549682497346449622033790455953645207983251701172676708683039,0xcec7958225b06aa2464a72d934ddcc9b66bb6f35ad065010496d8db92de412a0,0.9389980261,0.010639,0.009989999999677899,1730783766,Will a Republican win Alaska Presidential Election?
0x26d0785cebf84b65d0af83afd0fbd1ec88c1e293215ead445d8de21c8dd73ffa,0xff9d01f35dba156d34f73d68d9e86dea3009ec87,BUY,Yes,76626557395718138549682497346449622033790455953645207983251701172676708683039,0xcec7958225b06aa2464a72d934ddcc9b66bb6f35ad065010496d8db92de412a0,0.9389980261,0.010639,0.009989999999677899,1730782074,Will a Republican win Alaska Presidential Election?
0xbc1e0ecd0818cefc62a69397d017aebdb7f9d9b30c65c69491b1f3cf09c22380,0x110a79c27c20f31746d6a7e52e32b0b59a78f752,BUY,Yes,76626557395718138549682497346449622033790455953645207983251701172676708683039,0xcec7958225b06aa2464a72d934ddcc9b66bb6f35ad065010496d8db92de412a0,0.9389980261,0.010639,0.009989999999677899,1730781944,Will a Republican win Alaska Presidential Election?
0x71a75d6efb339262c12956ad1cb9edfca8946d5894039c599a2535cf44f2f175,0x9a68bc2b16a79fd8bd1da45a66e18e3684f82832,BUY,Yes,76626557395718138549682497346449622033790455953645207983251701172676708683039,0xcec7958225b06aa2464a72d934ddcc9b66bb6f35ad065010496d8db92de412a0,0.9389980261,0.010639,0.009989999999677899,1730781672,Will a Republican win Alaska Presidential Election?
0x12087fe580fd9184e354e2c867bb1894ac172c612c58a7f061a5499186b4fc5c,0x47fbe4f1783ca50c43a260bcec4846c1de4f9109,SELL,Yes,76626557395718138549682497346449622033790455953645207983251701172676708683039,0xcec7958225b06aa2464a72d934ddcc9b66bb6f35ad065010496d8db92de412a0,0.932,0.01,0.00932,1730781546,Will a Republican win Alaska Presidential Election?
0x499e809c04f881fe834577f6db063ad546cdc7202fb25a3e6b0173b43dc53565,0x47fbe4f1783ca50c43a260bcec4846c1de4f9109,BUY,Yes,76626557395718138549682497346449622033790455953645207983251701172676708683039,0xcec7958225b06aa2464a72d934ddcc9b66bb6f35ad065010496d8db92de412a0,0.9389980261,0.010639,0.009989999999677899,1730781536,Will a Republican win Alaska Presidential Election?
0xdf89fde30fe64e3e077eb79c776aba98e14d0e0ad6360c07c17897de43003836,0x3efa87371501cf77a2690461db47b79e0f3b2667,BUY,Yes,76626557395718138549682497346449622033790455953645207983251701172676708683039,0xcec7958225b06aa2464a72d934ddcc9b66bb6f35ad065010496d8db92de412a0,0.9389999998,53.248131,49.999994998350374,1730781384,Will a Republican win Alaska Presidential Election?
0x4dc188091c53192b03e4813d453f70f5affdce33c8b33bee32a3aa858ed3266f,0xd64936b9e1e19f85093e750207bc866f18133d1d,BUY,Yes,76626557395718138549682497346449622033790455953645207983251701172676708683039,0xcec7958225b06aa2464a72d934ddcc9b66bb6f35ad065010496d8db92de412a0,0.9389980261,0.010639,0.009989999999677899,1730781338,Will a Republican win Alaska Presidential Election?
0x0a995874232015410f160258bc624cd331094c59161cf839f14432288aef5ab9,0x0af921043e9557e96ccf839d1d5ae3dd86430fc3,BUY,Yes,76626557395718138549682497346449622033790455953645207983251701172676708683039,0xcec7958225b06aa2464a72d934ddcc9b66bb6f35ad065010496d8db92de412a0,0.9389998263,0.212983,0.1999910000048529,1730780902,Will a Republican win Alaska Presidential Election?
0xd09fa3abf2923fc76ffb2b2aa447c428ed0fac7fec54d81e58d96e7d56995266,0x0372b6cccb7c1043303b4e3b36c2281ce1376654,BUY,Yes,76626557395718138549682497346449622033790455953645207983251701172676708683039,0xcec7958225b06aa2464a72d934ddcc9b66bb6f35ad065010496d8db92de412a0,0.9389980261,0.010639,0.009989999999677899,1730780882,Will a Republican win Alaska Presidential Election?
0x7f3ea353d789096125f7fb8a8a3747eeef79e0220a83d138ea48b72a02538b9d,0x0264ea94c8e9a49bad0184cc569fc597bb34fca8,BUY,Yes,76626557395718138549682497346449622033790455953645207983251701172676708683039,0xcec7958225b06aa2464a72d934ddcc9b66bb6f35ad065010496d8db92de412a0,0.938999953,1.06495,0.9999879999473501,1730780770,Will a Republican win Alaska Presidential Election?
0x49493d5d7ce80d2743c5f11823c7292d1d1e7a6f486e879c782c83631d92340b,0x3539e8fdad3d25b44092c4ef1014d7aeecf7f9b8,BUY,Yes,76626557395718138549682497346449622033790455953645207983251701172676708683039,0xcec7958225b06aa2464a72d934ddcc9b66bb6f35ad065010496d8db92de412a0,0.9389980261,0.010639,0.009989999999677899,1730780720,Will a Republican win Alaska Presidential Election?
0x013a1422894a014076c2882a095ca57d2e4b0d2d4b670f3885cb859018e275d0,0xa182dd61bfb4ef2e35fbf5f40abd69f9723e858e,BUY,Yes,76626557395718138549682497346449622033790455953645207983251701172676708683039,0xcec7958225b06aa2464a72d934ddcc9b66bb6f35ad065010496d8db92de412a0,0.9389999061,0.223639,0.2099970000002979,1730780204,Will a Republican win Alaska Presidential Election?
0xf81b53ea1bebfaf37795dadb00b3ac83a9a15efb472e4b873a7a2c75902480f2,0x31fc90183120e2c871bebdf5136f8bff2a3093ce,BUY,Yes,76626557395718138549682497346449622033790455953645207983251701172676708683039,0xcec7958225b06aa2464a72d934ddcc9b66bb6f35ad065010496d8db92de412a0,0.9389980261,0.010639,0.009989999999677899,1730779292,Will a Republican win Alaska Presidential Election?
0xf9d89d80cfe68209b3d27365953113508a700341c72c38ebad789bb83794c584,0x60a45d589ffd3db4485361d4f0636cc6e56e1f30,BUY,Yes,76626557395718138549682497346449622033790455953645207983251701172676708683039,0xcec7958225b06aa2464a72d934ddcc9b66bb6f35ad065010496d8db92de412a0,0.9389980261,0.010639,0.009989999999677899,1730779156,Will a Republican win Alaska Presidential Election?
0x364f3a4019f149228159b3a8f641e1e2bc085fc603dc9a6df44c51bea61a461f,0xedec70df5bf8dcbc94cbc9c8a41cbe55290889de,BUY,Yes,76626557395718138549682497346449622033790455953645207983251701172676708683039,0xcec7958225b06aa2464a72d934ddcc9b66bb6f35ad065010496d8db92de412a0,0.938999953,1.06495,0.9999879999473501,1730778836,Will a Republican win Alaska Presidential Election?
0x85a647d0ca0eb6a191263d7f87582a6450fb2eb8193c4f8111c34e5986ca18b8,0x2aca2dac9453a386f24458ab194a0a0a12d370f4,BUY,Yes,76626557395718138549682497346449622033790455953645207983251701172676708683039,0xcec7958225b06aa2464a72d934ddcc9b66bb6f35ad065010496d8db92de412a0,0.9389980261,0.010639,0.009989999999677899,1730778620,Will a Republican win Alaska Presidential Election?
0xd67cf3b87adaf097c84c7b314ca42d38a5804893645cf2c0375b214ee52b8db8,0xcd351388a0b88bb69a02a6a4b01a59ade7425f59,BUY,Yes,76626557395718138549682497346449622033790455953645207983251701172676708683039,0xcec7958225b06aa2464a72d934ddcc9b66bb6f35ad065010496d8db92de412a0,0.938999953,1.06495,0.9999879999473501,1730778278,Will a Republican win Alaska Presidential Election?
0xfc0b7aa645fa0c0a01617436d8c0d5ad506018dee4019047d46978193d741c3e,0xadd6ccb6b33bdfc1c4834eb060120a698345c561,BUY,Yes,76626557395718138549682497346449622033790455953645207983251701172676708683039,0xcec7958225b06aa2464a72d934ddcc9b66bb6f35ad065010496d8db92de412a0,0.938999953,1.06495,0.9999879999473501,1730778204,Will a Republican win Alaska Presidential Election?
0x130a47c24c3de63658b46c92a704ba574fbbbd80c64f9695b37699af1c4e8439,0xca51dda5b9d5038176c6be10ed9fbdbf4c9570cf,BUY,Yes,76626557395718138549682497346449622033790455953645207983251701172676708683039,0xcec7958225b06aa2464a72d934ddcc9b66bb6f35ad065010496d8db92de412a0,0.9389980261,0.010639,0.009989999999677899,1730778194,Will a Republican win Alaska Presidential Election?
0x0708aa2d7bc703dce536338f5dd0cdf9a98ae07cd19d1d31035e12595ebc36e3,0x00c57149e133e991c1dd88e95fa830422c88777e,BUY,Yes,76626557395718138549682497346449622033790455953645207983251701172676708683039,0xcec7958225b06aa2464a72d934ddcc9b66bb6f35ad065010496d8db92de412a0,0.938999953,1.06495,0.9999879999473501,1730777960,Will a Republican win Alaska Presidential Election?
0xccdd03756d899172fcf00550f4e7154994e6ecc98c1a45197bafbf2c32db9986,0xc99b1b662dabe7bbc3af97f6f1c9dc334302bc94,BUY,Yes,76626557395718138549682497346449622033790455953645207983251701172676708683039,0xcec7958225b06aa2464a72d934ddcc9b66bb6f35ad065010496d8db92de412a0,0.938999953,1.06495,0.9999879999473501,1730777796,Will a Republican win Alaska Presidential Election?
0x54f101be92a2fceb9f3bbd31ee3b8415720d01a2b0ae0dd91fc1397e6a2dae1a,0xe36855493156394242762fa4db06756a5fe309b7,BUY,Yes,76626557395718138549682497346449622033790455953645207983251701172676708683039,0xcec7958225b06aa2464a72d934ddcc9b66bb6f35ad065010496d8db92de412a0,0.9389999998,319.169327,299.69999798916615,1730777696,Will a Republican win Alaska Presidential Election?
0xada9b5f9bb2db7b739bd0c48b3c25b2d625b52a442266bdcf7bb8125a06e8e61,0x237cad14bb6d71f1a234548c33f601beffd8aa68,BUY,Yes,76626557395718138549682497346449622033790455953645207983251701172676708683039,0xcec7958225b06aa2464a72d934ddcc9b66bb6f35ad065010496d8db92de412a0,0.9389996042,0.149081,0.13998699999374017,1730777292,Will a Republican win Alaska Presidential Election?
0xa5fef6372443e14590c45a1b3c64cf31b5173079dcd89f23f843d4aed52d4c59,0x4a615c0c0de78c28b4b2a4fa4bfffac1a47504b2,BUY,Yes,76626557395718138549682497346449622033790455953645207983251701172676708683039,0xcec7958225b06aa2464a72d934ddcc9b66bb6f35ad065010496d8db92de412a0,0.9389980261,0.010639,0.009989999999677899,1730776842,Will a Republican win Alaska Presidential Election?
0xf91feb8ee7d2f95f07d7a963bf015966716e41e4d8276ac880900fdbea9851d5,0xe4c0d6f2198ed827720848344355412db1c89579,BUY,Yes,76626557395718138549682497346449622033790455953645207983251701172676708683039,0xcec7958225b06aa2464a72d934ddcc9b66bb6f35ad065010496d8db92de412a0,0.9389998263,0.212983,0.1999910000048529,1730776664,Will a Republican win Alaska Presidential Election?
0x305b730a363e1f2e7bd9f488b9ca236e7ff58a6c86aeb444775bfdc17cc7bf60,0x70f58deeb89128662e103166ac7be2941cdeff2b,BUY,Yes,76626557395718138549682497346449622033790455953645207983251701172676708683039,0xcec7958225b06aa2464a72d934ddcc9b66bb6f35ad065010496d8db92de412a0,0.9389980261,0.010639,0.009989999999677899,1730776600,Will a Republican win Alaska Presidential Election?
0xaeecd421776421bbe90df061cad57a99153fcbfbfd33606a49bc5726fcf28d1b,0x58a9032213e3f4e07b948d527b9a936db881bf94,BUY,Yes,76626557395718138549682497346449622033790455953645207983251701172676708683039,0xcec7958225b06aa2464a72d934ddcc9b66bb6f35ad065010496d8db92de412a0,0.9389980261,0.010639,0.009989999999677899,1730776354,Will a Republican win Alaska Presidential Election?
0x0083787c9046da1e6f820fa494a21af7ac3fc94ceda5552521a34b7ea5f0fd79,0x2733b2a291acf4df2c60c08b22aace7f93ec70c6,BUY,Yes,76626557395718138549682497346449622033790455953645207983251701172676708683039,0xcec7958225b06aa2464a72d934ddcc9b66bb6f35ad065010496d8db92de412a0,0.938999953,1.06495,0.9999879999473501,1730776226,Will a Republican win Alaska Presidential Election?
0xd91d289149dbd90e0af08015d5eb1a4e598c580b4c083ab50ae9262680d6df1f,0x3fb041da0f574012050054070e357b9485e956f2,BUY,Yes,76626557395718138549682497346449622033790455953645207983251701172676708683039,0xcec7958225b06aa2464a72d934ddcc9b66bb6f35ad065010496d8db92de412a0,0.9389980261,0.010639,0.009989999999677899,1730776164,Will a Republican win Alaska Presidential Election?
0x3aeb651dd80c0bb56f75a657078020c8d0e2b47642c205e0f47a01c4e50f7ce1,0x0110c0d793ffa7bccccb7518bae008ab7df69386,BUY,Yes,76626557395718138549682497346449622033790455953645207983251701172676708683039,0xcec7958225b06aa2464a72d934ddcc9b66bb6f35ad065010496d8db92de412a0,0.9389980261,0.010639,0.009989999999677899,1730775830,Will a Republican win Alaska Presidential Election?
0x8acc95b630f6f6412458f7a6261d23e29b343cf7f0703b10923d9418aa64d309,0x477727cf01d9e32a8a4092ad45e2a7772ae95a30,BUY,Yes,76626557395718138549682497346449622033790455953645207983251701172676708683039,0xcec7958225b06aa2464a72d934ddcc9b66bb6f35ad065010496d8db92de412a0,0.938999953,1.06495,0.9999879999473501,1730775568,Will a Republican win Alaska Presidential Election?
0x7233a6fe91692eb4ce6af0384d4abb523c5e8352867b68ddecb5bbe1ae926ea9,0x9bcfe355f9830ba9fb3814e52549352724956744,BUY,Yes,76626557395718138549682497346449622033790455953645207983251701172676708683039,0xcec7958225b06aa2464a72d934ddcc9b66bb6f35ad065010496d8db92de412a0,0.9389999217,0.319475,0.2999869999851075,1730775374,Will a Republican win Alaska Presidential Election?
0xc32e3804ae0448f80cc9ca5389a05d3a291bd63a391e4ef757a70d0025622858,0xeed4f1b0867afcd8705457c4bfc32d23457c9d62,BUY,Yes,76626557395718138549682497346449622033790455953645207983251701172676708683039,0xcec7958225b06aa2464a72d934ddcc9b66bb6f35ad065010496d8db92de412a0,0.938999953,1.06495,0.9999879999473501,1730775158,Will a Republican win Alaska Presidential Election?
0x4ab3343fba7353dc1f112a85443184d3b453513441e20afc4d11f66fbad3cffe,0x494ef80fc8b529b584d74cf40d4d21cb449e26c5,BUY,Yes,76626557395718138549682497346449622033790455953645207983251701172676708683039,0xcec7958225b06aa2464a72d934ddcc9b66bb6f35ad065010496d8db92de412a0,0.9389980261,0.010639,0.009989999999677899,1730774916,Will a Republican win Alaska Presidential Election?
0x8f6e80185141bd6f3592865c630b464c06ddba97a171927e483314f0dc7bbdd9,0x8a936c2554295c986cef06ef2cc5be750051c93b,BUY,Yes,76626557395718138549682497346449622033790455953645207983251701172676708683039,0xcec7958225b06aa2464a72d934ddcc9b66bb6f35ad065010496d8db92de412a0,0.9389997255,0.138442,0.129996999997671,1730774640,Will a Republican win Alaska Presidential Election?
0x52e9d58cc9fc1ab06cf6c67c430e7159884350db5c4914ce2f02dfd4bc5fcd48,0x895d12476819e70494f392502c93b72cfcce744d,BUY,Yes,76626557395718138549682497346449622033790455953645207983251701172676708683039,0xcec7958225b06aa2464a72d934ddcc9b66bb6f35ad065010496d8db92de412a0,0.938999953,1.06495,0.9999879999473501,1730774618,Will a Republican win Alaska Presidential Election?
0xdcec0eb3c52b4357624d98a1a389ad5ff898a05fa0938bd25d3aff978076525d,0xd6c4131dbdd8f9c5da0a3b014b56387aacc625b9,BUY,Yes,76626557395718138549682497346449622033790455953645207983251701172676708683039,0xcec7958225b06aa2464a72d934ddcc9b66bb6f35ad065010496d8db92de412a0,0.9389980261,0.010639,0.009989999999677899,1730774516,Will a Republican win Alaska Presidential Election?
0x88cbe1274f9aed9c4f7de2459d427f5aef5b86ca3cdf7b24446d94772bcd3277,0xf7f57dc3b2d782ceecaf58f0e4ef097809f777e7,BUY,Yes,76626557395718138549682497346449622033790455953645207983251701172676708683039,0xcec7958225b06aa2464a72d934ddcc9b66bb6f35ad065010496d8db92de412a0,0.9389980261,0.010639,0.009989999999677899,1730773570,Will a Republican win Alaska Presidential Election?
0xde60fd94d06ca8e8055cbaf62900d1864c6e24a8631bff5926399417e991d0ec,0x69bd138b305b41f80f034836d87a6a9cc7dc5689,BUY,Yes,76626557395718138549682497346449622033790455953645207983251701172676708683039,0xcec7958225b06aa2464a72d934ddcc9b66bb6f35ad065010496d8db92de412a0,0.9389980261,0.010639,0.009989999999677899,1730773294,Will a Republican win Alaska Presidential Election?
0xcb0c553a39439da5d5321110b09a282a9913c09c040bea439954b75b10d117fe,0x407b8376447f33a1bfd0a628164821079a3bd38f,BUY,Yes,76626557395718138549682497346449622033790455953645207983251701172676708683039,0xcec7958225b06aa2464a72d934ddcc9b66bb6f35ad065010496d8db92de412a0,0.9389980261,0.010639,0.009989999999677899,1730772934,Will a Republican win Alaska Presidential Election?
0xea0a52338df6ff7b95b2456cf90ae715fe06205feb44edc4215d225be5ab4692,0x13c3f45ad97b0d390eae63523a3f403cb9a5de22,BUY,Yes,76626557395718138549682497346449622033790455953645207983251701172676708683039,0xcec7958225b06aa2464a72d934ddcc9b66bb6f35ad065010496d8db92de412a0,0.9389980261,0.010639,0.009989999999677899,1730772830,Will a Republican win Alaska Presidential Election?
0x369fb2a536cf6de3cfd5912ffe3c9d4fb330f79372f1feb830abfaefd33999bf,0x07bd5aedc86b470cb97dff387ad59f3ccb87ab58,BUY,Yes,76626557395718138549682497346449622033790455953645207983251701172676708683039,0xcec7958225b06aa2464a72d934ddcc9b66bb6f35ad065010496d8db92de412a0,0.938999953,1.06495,0.9999879999473501,1730772708,Will a Republican win Alaska Presidential Election?
0xd3e6b4e94123921e268ac4a31951aac95df0230e6ac1421f8f33f01650999a9d,0x4d7a74438484bf07e05921e8d20738d4ea9e313d,BUY,Yes,76626557395718138549682497346449622033790455953645207983251701172676708683039,0xcec7958225b06aa2464a72d934ddcc9b66bb6f35ad065010496d8db92de412a0,0.9389980261,0.010639,0.009989999999677899,1730772522,Will a Republican win Alaska Presidential Election?
0x9c83de0b8126ae7918221fe33790968198e78fae798e8d719344332f08b8791f,0x1d8bf93f92e949c5e0b3e33da6fc877fcd326706,BUY,Yes,76626557395718138549682497346449622033790455953645207983251701172676708683039,0xcec7958225b06aa2464a72d934ddcc9b66bb6f35ad065010496d8db92de412a0,0.938999953,1.06495,0.9999879999473501,1730772338,Will a Republican win Alaska Presidential Election?
0x297ff249bfec59582958f923cd21e5fb52e3274b80c9990734acc56c0dbd766e,0xc205ba1600109a7c7f2016620a899eeaa611a93e,BUY,Yes,76626557395718138549682497346449622033790455953645207983251701172676708683039,0xcec7958225b06aa2464a72d934ddcc9b66bb6f35ad065010496d8db92de412a0,0.9389997255,0.138442,0.129996999997671,1730772210,Will a Republican win Alaska Presidential Election?
0x13a2b740f794f549711de5c910c3f7db5f764fad42af0554e6d2efd6a2f565c9,0x59bbf16b2c5a1160038e19f159a3b91bd73de6fe,BUY,Yes,76626557395718138549682497346449622033790455953645207983251701172676708683039,0xcec7958225b06aa2464a72d934ddcc9b66bb6f35ad065010496d8db92de412a0,0.9379990606,0.010645,0.009985000000087,1730772156,Will a Republican win Alaska Presidential Election?
0x95364c71688f7f73b8c2e9f5801372a0a69d99adbc73f19db295a4c8f118c970,0xdb850731626c88a01899d1aacccb29163f5661a9,BUY,Yes,76626557395718138549682497346449622033790455953645207983251701172676708683039,0xcec7958225b06aa2464a72d934ddcc9b66bb6f35ad065010496d8db92de412a0,0.9379990606,0.010645,0.009985000000087,1730771846,Will a Republican win Alaska Presidential Election?
0x8a3a21369cc04932fc0d25441804577a18a9daa299718a33d84aa316aa4cb178,0x5ea59e1f0efea967eaad977da5f10f03f06d8b48,BUY,Yes,76626557395718138549682497346449622033790455953645207983251701172676708683039,0xcec7958225b06aa2464a72d934ddcc9b66bb6f35ad065010496d8db92de412a0,0.9369960623,0.010666,0.0099940000004918,1730771702,Will a Republican win Alaska Presidential Election?
0x3e27d92b24d6cc49b6d926994f741d5e7ca68b76f7eb6993c1aee037cf1203a0,0xc60906981c5c858378045f04f08e4be59169ca1d,BUY,Yes,76626557395718138549682497346449622033790455953645207983251701172676708683039,0xcec7958225b06aa2464a72d934ddcc9b66bb6f35ad065010496d8db92de412a0,0.9369960623,0.010666,0.0099940000004918,1730771432,Will a Republican win Alaska Presidential Election?
0x58d422da90aa7f9b87bc83a2c1031dc51c04e00a38a7427ed0d7ef9aa9fc2553,0xb496a2c8733498791d7df33845c80ff580152035,BUY,Yes,76626557395718138549682497346449622033790455953645207983251701172676708683039,0xcec7958225b06aa2464a72d934ddcc9b66bb6f35ad065010496d8db92de412a0,0.9369960623,0.010666,0.0099940000004918,1730771174,Will a Republican win Alaska Presidential Election?
0x720a555590efa3f43a6e602e56e7ea1c429254bd459e63fcc52ae7254e25b1b3,0xeb6f0a13ea8c5a7a0514c25495adbe815c1025f0,BUY,Yes,76626557395718138549682497346449622033790455953645207983251701172676708683039,0xcec7958225b06aa2464a72d934ddcc9b66bb6f35ad065010496d8db92de412a0,0.933,10,9.33,1730770956,Will a Republican win Alaska Presidential Election?
0x296ffcbf4383ad8199f05f09c8903fc5040f8ea5803a67fd42487ef67c9d2577,0xeb6f0a13ea8c5a7a0514c25495adbe815c1025f0,BUY,Yes,76626557395718138549682497346449622033790455953645207983251701172676708683039,0xcec7958225b06aa2464a72d934ddcc9b66bb6f35ad065010496d8db92de412a0,0.933,25.61,23.89413,1730770950,Will a Republican win Alaska Presidential Election?
0x8015b5860084b6c18bd5e04958474d68f265d13fd8965fa211516f3b80fa6cbc,0x7d88bc0c3a89c3da207114e270388bc7471f8673,BUY,Yes,76626557395718138549682497346449622033790455953645207983251701172676708683039,0xcec7958225b06aa2464a72d934ddcc9b66bb6f35ad065010496d8db92de412a0,0.9329999394,1.071805,0.9999940000486169,1730770852,Will a Republican win Alaska Presidential Election?
0x872d992f195a7cff9266bc7dedc81d44ecb5faa12b1644ce5ac64487dd43773d,0x538f55cc7e84a2c55b2e701c7b815bf10098c13f,BUY,Yes,76626557395718138549682497346449622033790455953645207983251701172676708683039,0xcec7958225b06aa2464a72d934ddcc9b66bb6f35ad065010496d8db92de412a0,0.9329973871,0.010716,0.0099980000001636,1730770830,Will a Republican win Alaska Presidential Election?
0x0f8a9f79246aa3cf5aeb94bfb89c40e82f0d5ef250a3297ce1d74bd0fbc5f65c,0x63c5b106b1b4a4f57a1e66c46e33f5c61a3d6895,BUY,Yes,76626557395718138549682497346449622033790455953645207983251701172676708683039,0xcec7958225b06aa2464a72d934ddcc9b66bb6f35ad065010496d8db92de412a0,0.9329998134,0.225074,0.20999400000119162,1730770638,Will a Republican win Alaska Presidential Election?
0xb129f14c2e02f9f8be63764a5f507ff0db66943b6b3dc3691fe21f3442563c4f,0x0b5d3f1153c8fcc7d3bdfd14b1cbd949beb3fd07,BUY,Yes,76626557395718138549682497346449622033790455953645207983251701172676708683039,0xcec7958225b06aa2464a72d934ddcc9b66bb6f35ad065010496d8db92de412a0,0.9329973871,0.010716,0.0099980000001636,1730770550,Will a Republican win Alaska Presidential Election?
0x08b88d2a06b815c1f063b2cbabd6a38c6de1fbf54b198e4f1d30cfbb15ff86d9,0xeed4218540654884c3f3a0d795323f048e716cd0,BUY,Yes,76626557395718138549682497346449622033790455953645207983251701172676708683039,0xcec7958225b06aa2464a72d934ddcc9b66bb6f35ad065010496d8db92de412a0,0.9329973871,0.010716,0.0099980000001636,1730770302,Will a Republican win Alaska Presidential Election?
0xf4dd0929ea727369dcb72f94fb202782dcba6cda17d0d02fbaf335b1f629fbb4,0xc82c34742e00aa1395877c04e9a4ca9e152201fa,BUY,Yes,76626557395718138549682497346449622033790455953645207983251701172676708683039,0xcec7958225b06aa2464a72d934ddcc9b66bb6f35ad065010496d8db92de412a0,0.9329973871,0.010716,0.0099980000001636,1730770218,Will a Republican win Alaska Presidential Election?
0x3a923e3c9efe89277d234df755601daf2133b5d6a1ef741ad98aa89a43721f49,0xd1cc6f20a83a672288647f723be7e506be22969e,BUY,Yes,76626557395718138549682497346449622033790455953645207983251701172676708683039,0xcec7958225b06aa2464a72d934ddcc9b66bb6f35ad065010496d8db92de412a0,0.9329999394,1.071805,0.9999940000486169,1730770016,Will a Republican win Alaska Presidential Election?
0xae3f5cc62b39955198eff54252b370fa345e732a733ca58fdfc793d8b0f78aca,0x3ef2fe2685fc7ef827b0b98f418f0b2d87fcb2d8,BUY,Yes,76626557395718138549682497346449622033790455953645207983251701172676708683039,0xcec7958225b06aa2464a72d934ddcc9b66bb6f35ad065010496d8db92de412a0,0.9329999394,1.071805,0.9999940000486169,1730769974,Will a Republican win Alaska Presidential Election?
0x6a4c16eef4095f1458cbb9070c1429155b1cacaa01a163194f20075a8b1a746d,0xa66d7302a19fddc70bced2ac43b6b2b0a0e9eda1,BUY,Yes,76626557395718138549682497346449622033790455953645207983251701172676708683039,0xcec7958225b06aa2464a72d934ddcc9b66bb6f35ad065010496d8db92de412a0,0.9329973871,0.010716,0.0099980000001636,1730769908,Will a Republican win Alaska Presidential Election?
0xc1c9f9b98c895ce9f255b9b60e0cc1f3fc2ce8ce1f482874493cc292e97f9a23,0x9774ac8344635b54e46385aa9b0854aaa2ab6ee3,BUY,Yes,76626557395718138549682497346449622033790455953645207983251701172676708683039,0xcec7958225b06aa2464a72d934ddcc9b66bb6f35ad065010496d8db92de412a0,0.9329999254,0.26794,0.249988000011676,1730769283,Will a Republican win Alaska Presidential Election?
0x8a669f1086e2f8a62ec988c5c78d8df3178a630cae8491c6e4a76718e600d118,0xd5f4a72b7dd75737de6385b4851ef0a24c24da57,BUY,Yes,76626557395718138549682497346449622033790455953645207983251701172676708683039,0xcec7958225b06aa2464a72d934ddcc9b66bb6f35ad065010496d8db92de412a0,0.9329973871,0.010716,0.0099980000001636,1730769021,Will a Republican win Alaska Presidential Election?
0x124d1848e0f09b27becf1ef86e3ec3390cec313dc48531cacbd561e5ac65adf3,0xc5211a8b713f363476715db0032d70e34cfd9543,BUY,Yes,76626557395718138549682497346449622033790455953645207983251701172676708683039,0xcec7958225b06aa2464a72d934ddcc9b66bb6f35ad065010496d8db92de412a0,0.9329973871,0.010716,0.0099980000001636,1730768765,Will a Republican win Alaska Presidential Election?
0x55e5a354c22e80af0aca4238ad05adbd612e7414463c99212dd284ba4309928a,0x9c2c25929beb7ff5d8e62956f59e289a70957a7b,BUY,Yes,76626557395718138549682497346449622033790455953645207983251701172676708683039,0xcec7958225b06aa2464a72d934ddcc9b66bb6f35ad065010496d8db92de412a0,0.9349997662,0.256676,0.23999199998915122,1730768547,Will a Republican win Alaska Presidential Election?
0x554bb0685fb1df3f8e29c912cf370c35dc128aa693780201a6d9070356476ccf,0x795866a0a0b7f45dfd3d59d41fe6d918c79f051b,BUY,Yes,76626557395718138549682497346449622033790455953645207983251701172676708683039,0xcec7958225b06aa2464a72d934ddcc9b66bb6f35ad065010496d8db92de412a0,0.9359947521,0.010671,0.009987999999659101,1730768503,Will a Republican win Alaska Presidential Election?
0x912f2de6d90dc9dbe2265e085b1b4a75a8b8a19a7cef1b0fef94029d65087970,0x8bb37048ab984ebf439f2512525d836e97d997d2,BUY,Yes,76626557395718138549682497346449622033790455953645207983251701172676708683039,0xcec7958225b06aa2464a72d934ddcc9b66bb6f35ad065010496d8db92de412a0,0.9359947521,0.010671,0.009987999999659101,1730768311,Will a Republican win Alaska Presidential Election?
0xb76af959109c951c90f281818d30c9bc9d3862041a1707d0f8e3522fd766ec8f,0x38b0697a32b988e9658d80b6e742d894ae9d7a16,BUY,Yes,76626557395718138549682497346449622033790455953645207983251701172676708683039,0xcec7958225b06aa2464a72d934ddcc9b66bb6f35ad065010496d8db92de412a0,0.9359947521,0.010671,0.009987999999659101,1730768004,Will a Republican win Alaska Presidential Election?
0xa804df737ae6071c9c7aa44511b9ac70bb07ebff9270696cd32da6fea00f8653,0xafb7686092a95c3b8cb2e4ccfd1c2897690d6f14,BUY,Yes,76626557395718138549682497346449622033790455953645207983251701172676708683039,0xcec7958225b06aa2464a72d934ddcc9b66bb6f35ad065010496d8db92de412a0,0.9359947521,0.010671,0.009987999999659101,1730767692,Will a Republican win Alaska Presidential Election?
0x21d42671b45bbe028b4559c698da281aa8744c4342e3e341c82981eae24362c3,0x2f7b142c5fd5752444b51765870d41b4b5781115,BUY,Yes,76626557395718138549682497346449622033790455953645207983251701172676708683039,0xcec7958225b06aa2464a72d934ddcc9b66bb6f35ad065010496d8db92de412a0,0.9379999687,0.191887,0.17998999999393692,1730767466,Will a Republican win Alaska Presidential Election?
0x555b29cc219a73fb15e9693b4c790d1697a97563e58e881851df33c542c8a7b2,0x1c799cc9163a9825e6ab5a56f390237b974b7c19,BUY,Yes,76626557395718138549682497346449622033790455953645207983251701172676708683039,0xcec7958225b06aa2464a72d934ddcc9b66bb6f35ad065010496d8db92de412a0,0.9379990606,0.010645,0.009985000000087,1730767444,Will a Republican win Alaska Presidential Election?
0xd7244277f904fec22761c175e547b5d0b169d4ae68be3ddfefffcf5ca90ff445,0x53330ebac9a28b1217197d877e7999e85df195d8,BUY,Yes,76626557395718138549682497346449622033790455953645207983251701172676708683039,0xcec7958225b06aa2464a72d934ddcc9b66bb6f35ad065010496d8db92de412a0,0.9379990606,0.010645,0.009985000000087,1730767372,Will a Republican win Alaska Presidential Election?
0x00d77593f6292ed58bd2eee34e849650d38b0fffb2c35c05ebf89bbfbec509c1,0x9f3f7f4353a55d475f045bd38c967a58bb4e632c,BUY,Yes,76626557395718138549682497346449622033790455953645207983251701172676708683039,0xcec7958225b06aa2464a72d934ddcc9b66bb6f35ad065010496d8db92de412a0,0.9379990606,0.010645,0.009985000000087,1730767136,Will a Republican win Alaska Presidential Election?
0x4fc48360b30413b459908ef258109854eea78b1910d4fb277901ed712aa38841,0xeb6f0a13ea8c5a7a0514c25495adbe815c1025f0,BUY,Yes,76626557395718138549682497346449622033790455953645207983251701172676708683039,0xcec7958225b06aa2464a72d934ddcc9b66bb6f35ad065010496d8db92de412a0,0.937,405,379.485,1730766670,Will a Republican win Alaska Presidential Election?
0xfb24953fdd5f8910ee42afde388beba1120bf51b2e7ca0cd313c55a8f43ec73c,0xf92f35432d8e187300e1f95d293e408445e32599,BUY,Yes,76626557395718138549682497346449622033790455953645207983251701172676708683039,0xcec7958225b06aa2464a72d934ddcc9b66bb6f35ad065010496d8db92de412a0,0.9369999185,0.24546,0.22999599999501,1730766524,Will a Republican win Alaska Presidential Election?
0x523c50ad77c15a7f4faa3f6a7c921f6b6281595aaca2f3fedebc3aaabf3cc270,0x167af083aa02fee5344247296ef7cad6f8818d24,BUY,Yes,76626557395718138549682497346449622033790455953645207983251701172676708683039,0xcec7958225b06aa2464a72d934ddcc9b66bb6f35ad065010496d8db92de412a0,0.9369999568,0.277476,0.2599950000130368,1730765985,Will a Republican win Alaska Presidential Election?
0xcc73ef3809185ddab3953193e828c6e803f1644fbd290acd403f769cece1c6a4,0x52ac066cc3ff4d6c90f8d1618c1cb80bd91e11bc,BUY,Yes,76626557395718138549682497346449622033790455953645207983251701172676708683039,0xcec7958225b06aa2464a72d934ddcc9b66bb6f35ad065010496d8db92de412a0,0.9369960623,0.010666,0.0099940000004918,1730765899,Will a Republican win Alaska Presidential Election?
0x3b906854218092ecd92abc9ccd659031f07b0ddd819088546aeb7c8a05d59bf8,0x80337ee3ed1755fbcf3c950702a1d1d4254448db,BUY,Yes,76626557395718138549682497346449622033790455953645207983251701172676708683039,0xcec7958225b06aa2464a72d934ddcc9b66bb6f35ad065010496d8db92de412a0,0.9369960623,0.010666,0.0099940000004918,1730765519,Will a Republican win Alaska Presidential Election?
0xa62967cac36923c65095b7ab2e824dcedf60dcc1cc171cda2673e569b5ae61a3,0x001da6166db439e0736a76e22b2f4def27e3316d,BUY,Yes,76626557395718138549682497346449622033790455953645207983251701172676708683039,0xcec7958225b06aa2464a72d934ddcc9b66bb6f35ad065010496d8db92de412a0,0.937,13.37,12.52769,1730765275,Will a Republican win Alaska Presidential Election?
0x590c0447cb9f6bb029e2d2282377a3dfc2df970b3df79c7c62e01469c9f78821,0x9b9a47b6cac9dc5ca4f1e14e834aaf2886e781b2,BUY,Yes,76626557395718138549682497346449622033790455953645207983251701172676708683039,0xcec7958225b06aa2464a72d934ddcc9b66bb6f35ad065010496d8db92de412a0,0.9369960623,0.010666,0.0099940000004918,1730765223,Will a Republican win Alaska Presidential Election?
0x5725e6ed334aa477782997f11e4dc9df95b3ac2b5e88f3eae703efa92f0af4ae,0xdf29d62cede392251560890b7b5ac008fb6a300e,BUY,Yes,76626557395718138549682497346449622033790455953645207983251701172676708683039,0xcec7958225b06aa2464a72d934ddcc9b66bb6f35ad065010496d8db92de412a0,0.9369960623,0.010666,0.0099940000004918,1730765137,Will a Republican win Alaska Presidential Election?
0x06ee51ab076073a2ed123f3dd37a6cf438b842935f61906fd01c37547b160992,0xb4b4cc617b185bef2cad36099093c2365d09207c,BUY,Yes,76626557395718138549682497346449622033790455953645207983251701172676708683039,0xcec7958225b06aa2464a72d934ddcc9b66bb6f35ad065010496d8db92de412a0,0.9379990606,0.010645,0.009985000000087,1730764879,Will a Republican win Alaska Presidential Election?
0x53c9106e73c3c7ff6ccf9b70ab9f54be87011dbe1af3389a32436be5497da612,0xb7d54bf1d0a362beb916d9cb58a04c41d67e0789,SELL,Yes,76626557395718138549682497346449622033790455953645207983251701172676708683039,0xcec7958225b06aa2464a72d934ddcc9b66bb6f35ad065010496d8db92de412a0,0.929,0.32,0.29728000000000004,1730764867,Will a Republican win Alaska Presidential Election?
0xf217df41523c53527dbab1bdc62b8e6597414ac847bfa4fec6c2b4a62a451eb0,0x9921919b53c79009f505cb80713929411f381c14,BUY,Yes,76626557395718138549682497346449622033790455953645207983251701172676708683039,0xcec7958225b06aa2464a72d934ddcc9b66bb6f35ad065010496d8db92de412a0,0.933,50,46.650000000000006,1730764776,Will a Republican win Alaska Presidential Election?
0xe3762009ba908c74c467932038dd081290cb718f7f10501637c8717b974ea443,0xd51735a178a4254de7d1c012823ca371c204fd95,BUY,Yes,76626557395718138549682497346449622033790455953645207983251701172676708683039,0xcec7958225b06aa2464a72d934ddcc9b66bb6f35ad065010496d8db92de412a0,0.9329998934,0.300104,0.2799970000089136,1730764754,Will a Republican win Alaska Presidential Election?
0x591f2080cb2cfe20cb45e7eda3a9448486b1760aff06249f78ba024893615bc1,0x0ad2726c7bc51ec7eea92b9750d2ae12a0b059a9,BUY,Yes,76626557395718138549682497346449622033790455953645207983251701172676708683039,0xcec7958225b06aa2464a72d934ddcc9b66bb6f35ad065010496d8db92de412a0,0.9329973871,0.010716,0.0099980000001636,1730764562,Will a Republican win Alaska Presidential Election?
0xfc4419eeb531a9409b5526bd449a80e41e6b55a068b02556f4a31af5659c5192,0xe3b39f48312fdaa1d0979b26268b775b441ee764,BUY,Yes,76626557395718138549682497346449622033790455953645207983251701172676708683039,0xcec7958225b06aa2464a72d934ddcc9b66bb6f35ad065010496d8db92de412a0,0.9329973871,0.010716,0.0099980000001636,1730764358,Will a Republican win Alaska Presidential Election?
0xa26de87b93f2f50299fa33c623c18bb84946f5da4142c82e2f83f2a26980d943,0x8c0b1e037c5bb3071750fd549e4ec088c23002b1,BUY,Yes,76626557395718138549682497346449622033790455953645207983251701172676708683039,0xcec7958225b06aa2464a72d934ddcc9b66bb6f35ad065010496d8db92de412a0,0.9329996534,0.150044,0.13999099999474962,1730764210,Will a Republican win Alaska Presidential Election?
0xe383e02c5be6a35e9fc300c1d33fb6f55bb7c58c5228797935a5182a01d06213,0x4e38d278c08ee86421354f5321bf67f680364572,BUY,Yes,76626557395718138549682497346449622033790455953645207983251701172676708683039,0xcec7958225b06aa2464a72d934ddcc9b66bb6f35ad065010496d8db92de412a0,0.9329973871,0.010716,0.0099980000001636,1730763996,Will a Republican win Alaska Presidential Election?
0xaf475307fe91a15a5cc1fc0420d3e437dc16d0f62f21f932c81ce7dd930f96f7,0xcf4f9213e67704c118d5e5bd889534ddfc55e79b,BUY,Yes,76626557395718138549682497346449622033790455953645207983251701172676708683039,0xcec7958225b06aa2464a72d934ddcc9b66bb6f35ad065010496d8db92de412a0,0.9329973871,0.010716,0.0099980000001636,1730763458,Will a Republican win Alaska Presidential Election?
0x4d3ec3978e09afd8484fc7b07b16a4ee656ba77aac5e49ce9928b08d38d7bbe3,0x3bb4df52f25ff6614710bd3269eb18be70d87b74,BUY,Yes,76626557395718138549682497346449622033790455953645207983251701172676708683039,0xcec7958225b06aa2464a72d934ddcc9b66bb6f35ad065010496d8db92de412a0,0.9359947521,0.010671,0.009987999999659101,1730763120,Will a Republican win Alaska Presidential Election?
0x1a6f7d5c19551df7aa1d0c2636ce6a59bbf4a02f3104d2079d04a6c289f00cd0,0x3a143103912ffa6d18ca1447288fdfc081773d74,BUY,Yes,76626557395718138549682497346449622033790455953645207983251701172676708683039,0xcec7958225b06aa2464a72d934ddcc9b66bb6f35ad065010496d8db92de412a0,0.9389980261,0.010639,0.009989999999677899,1730762800,Will a Republican win Alaska Presidential Election?
0x1ccd286149e402031bf3297466cec64eb5cae73367c0099018e06312a1c07219,0x0c2ef04ee1df5d1f502c04a2a78705fb4a25b15e,BUY,Yes,76626557395718138549682497346449622033790455953645207983251701172676708683039,0xcec7958225b06aa2464a72d934ddcc9b66bb6f35ad065010496d8db92de412a0,0.9389980261,0.010639,0.009989999999677899,1730762588,Will a Republican win Alaska Presidential Election?
0x47d4af114e7a1c8059094684eea54d2bebe6277625aff36ef4796d54d023f74d,0x4c6796050de771c47a40b82b7fea0819e9938260,BUY,Yes,76626557395718138549682497346449622033790455953645207983251701172676708683039,0xcec7958225b06aa2464a72d934ddcc9b66bb6f35ad065010496d8db92de412a0,0.9389998836,0.266229,0.24998900001094437,1730762486,Will a Republican win Alaska Presidential Election?
0xa21f63543bd693343ae6916811249345d46d9e49de7604abfd4fbc03ce16b517,0x3efa87371501cf77a2690461db47b79e0f3b2667,BUY,Yes,76626557395718138549682497346449622033790455953645207983251701172676708683039,0xcec7958225b06aa2464a72d934ddcc9b66bb6f35ad065010496d8db92de412a0,0.9374796977,32.000677,29.999985000155345,1730761482,Will a Republican win Alaska Presidential Election?
0x8a99d43a0c1a770f91cd74f59cccce2adc218870dc7205d103b8799f7e9f14d5,0x33ec45be13964528646359a02d96bb9a4f1b0a2b,BUY,Yes,76626557395718138549682497346449622033790455953645207983251701172676708683039,0xcec7958225b06aa2464a72d934ddcc9b66bb6f35ad065010496d8db92de412a0,0.935,2,1.87,1730761152,Will a Republican win Alaska Presidential Election?
0x8ca7e553cf9ea100bed68ea474dd66c49207bbe72c70b84f5d10f782ed26dc18,0x35be8ace35f26d6dd2abdfb1499d30f37071a347,BUY,Yes,76626557395718138549682497346449622033790455953645207983251701172676708683039,0xcec7958225b06aa2464a72d934ddcc9b66bb6f35ad065010496d8db92de412a0,0.9349999666,0.149723,0.1399909999992518,1730760570,Will a Republican win Alaska Presidential Election?
0xe358ae77dc6ee947a327c0d41b09793bd849193f208f8d0ad6dd8c7286718371,0xa300053b3e1e99dade7bdad5c97a5603131262f6,BUY,Yes,76626557395718138549682497346449622033790455953645207983251701172676708683039,0xcec7958225b06aa2464a72d934ddcc9b66bb6f35ad065010496d8db92de412a0,0.9349981294,0.010692,0.0099969999995448,1730760328,Will a Republican win Alaska Presidential Election?
0x0a838ef05cf57efbf3aedea929e0bf97493bdc59983595df9b68a2ddbe251fb1,0x3eb6cb96fbd11839479f38379c8d2ceaf322d3dc,BUY,Yes,76626557395718138549682497346449622033790455953645207983251701172676708683039,0xcec7958225b06aa2464a72d934ddcc9b66bb6f35ad065010496d8db92de412a0,0.9349981294,0.010692,0.0099969999995448,1730760152,Will a Republican win Alaska Presidential Election?
0x572232f3c93619ffc834dabce669118a666098dcdc1bfe1e9b1262fb0fbc66fc,0x8a4125079e76fc9b79eee2899c1d23ad394a159b,BUY,Yes,76626557395718138549682497346449622033790455953645207983251701172676708683039,0xcec7958225b06aa2464a72d934ddcc9b66bb6f35ad065010496d8db92de412a0,0.9349981294,0.010692,0.0099969999995448,1730759942,Will a Republican win Alaska Presidential Election?
0x287ad90b783dad1897676c77b8ffcf038c603c01e71be0bbbe7d1f5221f101bb,0xf239727efb748d19fbc2ffae27d4c8a9c5ac0dad,BUY,Yes,76626557395718138549682497346449622033790455953645207983251701172676708683039,0xcec7958225b06aa2464a72d934ddcc9b66bb6f35ad065010496d8db92de412a0,0.9349981294,0.010692,0.0099969999995448,1730759620,Will a Republican win Alaska Presidential Election?
0x66a56ec20a903e62e08d3138e8843382fa15e36e8658f823a3d67f7fa12a5a46,0x0bf6d14139b977fd485471a0bcc35ff8dc278c8e,BUY,Yes,76626557395718138549682497346449622033790455953645207983251701172676708683039,0xcec7958225b06aa2464a72d934ddcc9b66bb6f35ad065010496d8db92de412a0,0.9349998219,0.224584,0.2099860000015896,1730759614,Will a Republican win Alaska Presidential Election?
0xe95e26a82d84028af2dad8404330ab1920e7f9553bbc90e1bf0075bde351a960,0x1d143577a489d73b66b95f0369d00d3e4aa42884,BUY,Yes,76626557395718138549682497346449622033790455953645207983251701172676708683039,0xcec7958225b06aa2464a72d934ddcc9b66bb6f35ad065010496d8db92de412a0,0.9349981294,0.010692,0.0099969999995448,1730759386,Will a Republican win Alaska Presidential Election?
0xa5542c564dd290256cbe0b015b631d90780d27929e458065ad218ade846b2cc3,0xc1d49b042b36d055ab09833a44bcf865607471e5,BUY,Yes,76626557395718138549682497346449622033790455953645207983251701172676708683039,0xcec7958225b06aa2464a72d934ddcc9b66bb6f35ad065010496d8db92de412a0,0.9349981294,0.010692,0.0099969999995448,1730759154,Will a Republican win Alaska Presidential Election?
0xabe59b7f8c17040648f208d530b561cd18091b3b55d0cc225416333a0a9cbe2d,0x56e540cd71993698b3db06337a8ec69220740c1a,BUY,Yes,76626557395718138549682497346449622033790455953645207983251701172676708683039,0xcec7958225b06aa2464a72d934ddcc9b66bb6f35ad065010496d8db92de412a0,0.9349998741,0.278061,0.2599869999921201,1730759150,Will a Republican win Alaska Presidential Election?
0x713ff77b86f059b3ef909236d2f6bdef4a4de3e90a1a5c9dbfdc4f552d29ae97,0x46d1e644f9401cec105e33aa2ba30a27c721b702,BUY,Yes,76626557395718138549682497346449622033790455953645207983251701172676708683039,0xcec7958225b06aa2464a72d934ddcc9b66bb6f35ad065010496d8db92de412a0,0.9349981294,0.010692,0.0099969999995448,1730758849,Will a Republican win Alaska Presidential Election?
0xe6b81c24fc2c256ee7891fe507684914439997f88d3a9ea63238f4c5a881bdf1,0x4343b3b20f06f7c5df5798c875d278722bc2056f,BUY,No,9646994822693149615303360714935546561049708672550992328943885204944470918778,0xcec7958225b06aa2464a72d934ddcc9b66bb6f35ad065010496d8db92de412a0,0.065,11.65,0.7572500000000001,1730758531,Will a Republican win Alaska Presidential Election?
0xb8db14970f81e2308ea667005f3b17ec684a40f3f08cb28687cfd8aff92b68d3,0x31c58a48ef4ae93648eb48c2520cf1ed98463919,BUY,Yes,76626557395718138549682497346449622033790455953645207983251701172676708683039,0xcec7958225b06aa2464a72d934ddcc9b66bb6f35ad065010496d8db92de412a0,0.9389980261,0.010639,0.009989999999677899,1730758509,Will a Republican win Alaska Presidential Election?
0x10331111444e43fd211b0d93601e74c4445ab333beb68901f287df5d8ebdb51b,0x8c818cbc3dab3cc3a968fd1e5a09eb4f5e960031,BUY,Yes,76626557395718138549682497346449622033790455953645207983251701172676708683039,0xcec7958225b06aa2464a72d934ddcc9b66bb6f35ad065010496d8db92de412a0,0.9389999329,0.29818,0.27999099999212196,1730758475,Will a Republican win Alaska Presidential Election?
0xfcad26d58c3088372a87042622f8435a71c7cacc4c7363dc76832ef5cf6429b7,0xa10fd019e30894f298009aace4b5a6b5c5ee4b10,BUY,Yes,76626557395718138549682497346449622033790455953645207983251701172676708683039,0xcec7958225b06aa2464a72d934ddcc9b66bb6f35ad065010496d8db92de412a0,0.9399266711,0.010637,0.009998000000490701,1730757962,Will a Republican win Alaska Presidential Election?
0xe6fdf090284200432d547738ab5d6ebea6ae46e5817946a6f03684a48d2d39bd,0xa34ca31431ebc803c1eead7b30c06c8f4e31e930,BUY,Yes,76626557395718138549682497346449622033790455953645207983251701172676708683039,0xcec7958225b06aa2464a72d934ddcc9b66bb6f35ad065010496d8db92de412a0,0.9399939571,0.148935,0.13999800000068852,1730757710,Will a Republican win Alaska Presidential Election?
0x381681ee01a4834b0b2bbb99f090f763604c1ad2b5976ff59bb4290ab81d7634,0x1476d857e575e3fbd973407d89fd21b479b4ee48,BUY,Yes,76626557395718138549682497346449622033790455953645207983251701172676708683039,0xcec7958225b06aa2464a72d934ddcc9b66bb6f35ad065010496d8db92de412a0,0.9399266711,0.010637,0.009998000000490701,1730757616,Will a Republican win Alaska Presidential Election?
0x35d8b082b9767fc49be0a430d92cb8722a24bb9f1158f45e6375837fc0e35a41,0x8b229870cdc814d96cbb8dfdef8851366c2fb715,BUY,Yes,76626557395718138549682497346449622033790455953645207983251701172676708683039,0xcec7958225b06aa2464a72d934ddcc9b66bb6f35ad065010496d8db92de412a0,0.939998782,0.755318,0.709998000022676,1730757458,Will a Republican win Alaska Presidential Election?
0xdb77519dfee8b8e43dceef8f687ed9461f9a043d36833f16eaad0a69d00d97dc,0xc366383ee6b969b14cb224272b548b4d9a3ea27b,BUY,Yes,76626557395718138549682497346449622033790455953645207983251701172676708683039,0xcec7958225b06aa2464a72d934ddcc9b66bb6f35ad065010496d8db92de412a0,0.93929365,266.157445,249.99999798872423,1730757146,Will a Republican win Alaska Presidential Election?
0x90af3cd67c0de2492cb60c8445a17316a69a23d7f5229570a1f619debd645c7e,0x366f435048a84baf7bfd530c20c6258b77618299,BUY,Yes,76626557395718138549682497346449622033790455953645207983251701172676708683039,0xcec7958225b06aa2464a72d934ddcc9b66bb6f35ad065010496d8db92de412a0,0.9399395048,15958.473839,14999.999997593415,1730756878,Will a Republican win Alaska Presidential Election?
0x180dd1ae167f12cc6bd3d3ea5dcefcc80a3c512d08cdf6c06f4e26cd4dba5021,0x55f81f75d2bfa20a764dbb41f18b0b8233d01b10,BUY,Yes,76626557395718138549682497346449622033790455953645207983251701172676708683039,0xcec7958225b06aa2464a72d934ddcc9b66bb6f35ad065010496d8db92de412a0,0.9389556724,0.010648,0.0099979999997152,1730756310,Will a Republican win Alaska Presidential Election?
0x57d64c11b9fe5bc4c6f92a569e6e9bb326891111eca87c6285f9fdf3efac547a,0x2fb4683b1c50d75f85ddacdf26b17d06e542781a,BUY,Yes,76626557395718138549682497346449622033790455953645207983251701172676708683039,0xcec7958225b06aa2464a72d934ddcc9b66bb6f35ad065010496d8db92de412a0,0.9389556724,0.010648,0.0099979999997152,1730756176,Will a Republican win Alaska Presidential Election?
0xc5ddbe151334fd42c7ad9cb2373b5b80f686e2bdac23f004045738c8e245bfa0,0x055ddb892168a91e9486339c47d8d1b0c5438af1,BUY,Yes,76626557395718138549682497346449622033790455953645207983251701172676708683039,0xcec7958225b06aa2464a72d934ddcc9b66bb6f35ad065010496d8db92de412a0,0.9389556724,0.010648,0.0099979999997152,1730755856,Will a Republican win Alaska Presidential Election?
0x75faf1ffb14b5b714f7ab5696795807506570d1bd95ec92d4c2731219ad4ebb6,0xfcea71c7b7f870572c29f8b23257cbd4538c7dc2,BUY,Yes,76626557395718138549682497346449622033790455953645207983251701172676708683039,0xcec7958225b06aa2464a72d934ddcc9b66bb6f35ad065010496d8db92de412a0,0.9389556724,0.010648,0.0099979999997152,1730755536,Will a Republican win Alaska Presidential Election?
0x46f5d93805fc2a62be28a86a38ca11176eaf7e3623178fe37a915000bffd8aa8,0x30f169fb00e47e697139dcf234042a17c674d7f9,BUY,Yes,76626557395718138549682497346449622033790455953645207983251701172676708683039,0xcec7958225b06aa2464a72d934ddcc9b66bb6f35ad065010496d8db92de412a0,0.9389556724,0.010648,0.0099979999997152,1730755374,Will a Republican win Alaska Presidential Election?
0xddc4dbf4cc2d358534b8f80bead5556e2df0a24d9154c2278d530d2ed9b23a5b,0x3cf9eab5a5f837232a5537bbfee381835a1784c9,BUY,Yes,76626557395718138549682497346449622033790455953645207983251701172676708683039,0xcec7958225b06aa2464a72d934ddcc9b66bb6f35ad065010496d8db92de412a0,0.9389984187,0.266239,0.24999799999626932,1730755148,Will a Republican win Alaska Presidential Election?
0x02360e77f50d75c623f6d5dc5cdf91df43a28688106375689d1d10b56eeb4e30,0x83a60020f60ef444640e10685c6ae3b6531a51df,BUY,Yes,76626557395718138549682497346449622033790455953645207983251701172676708683039,0xcec7958225b06aa2464a72d934ddcc9b66bb6f35ad065010496d8db92de412a0,0.9389556724,0.010648,0.0099979999997152,1730755066,Will a Republican win Alaska Presidential Election?
0xa3552b3a881e652a33550e6f86fd30886742ad7e09691cfd0d2a240f0e4294c3,0x53c35b90fa2d0278525c48b455ea181a40d78639,BUY,Yes,76626557395718138549682497346449622033790455953645207983251701172676708683039,0xcec7958225b06aa2464a72d934ddcc9b66bb6f35ad065010496d8db92de412a0,0.9389556724,0.010648,0.0099979999997152,1730754846,Will a Republican win Alaska Presidential Election?
0x07f31705fe9372852b04190ade5dfc11f6bafd450e1b1bbae1d270a015eabdcf,0xf086640dd5998a51298c40de06ff2d15bb2cca9f,BUY,Yes,76626557395718138549682497346449622033790455953645207983251701172676708683039,0xcec7958225b06aa2464a72d934ddcc9b66bb6f35ad065010496d8db92de412a0,0.9389556724,0.010648,0.0099979999997152,1730754604,Will a Republican win Alaska Presidential Election?
0xbdf381cac27365b7f436408f1e3dccd665eb8cf6bc7f732652c2678f6aa3ac36,0xd98350f2776e222943766c05ca8d0f3c1f2b2f42,BUY,Yes,76626557395718138549682497346449622033790455953645207983251701172676708683039,0xcec7958225b06aa2464a72d934ddcc9b66bb6f35ad065010496d8db92de412a0,0.9389556724,0.010648,0.0099979999997152,1730754470,Will a Republican win Alaska Presidential Election?
0xf0c0398915f361cbb1516162182516765fe41f198b937759e0895616125d8110,0xcfe28594af47a283ee53e7bc22200f39b1618605,BUY,Yes,76626557395718138549682497346449622033790455953645207983251701172676708683039,0xcec7958225b06aa2464a72d934ddcc9b66bb6f35ad065010496d8db92de412a0,0.9379999062,0.277177,0.2599920000007974,1730753848,Will a Republican win Alaska Presidential Election?
0x60546ee25a2f4b67cc8dee4f3612d3113cc79841e74d4d19c4018e6705167296,0x5eddaccd6dc75c311a572ee4acfdadbc4616f592,BUY,Yes,76626557395718138549682497346449622033790455953645207983251701172676708683039,0xcec7958225b06aa2464a72d934ddcc9b66bb6f35ad065010496d8db92de412a0,0.9379990606,0.010645,0.009985000000087,1730753744,Will a Republican win Alaska Presidential Election?
0x2ada21ad825455d4cbc2e1e040d0909559e4e0300c1aa40717fe8bb115f68f9f,0x164229b9d0587e50b94098f5840164282b565988,BUY,Yes,76626557395718138549682497346449622033790455953645207983251701172676708683039,0xcec7958225b06aa2464a72d934ddcc9b66bb6f35ad065010496d8db92de412a0,0.938,205,192.29,1730753419,Will a Republican win Alaska Presidential Election?
0xbf88ab55a29c87d70d420354c5a71b07b1f30eef937a3bb22601e15d6e4e7e04,0x7f33807ba4457c56266ecbd21b8e883a98a7d3ec,BUY,Yes,76626557395718138549682497346449622033790455953645207983251701172676708683039,0xcec7958225b06aa2464a72d934ddcc9b66bb6f35ad065010496d8db92de412a0,0.9389556724,0.010648,0.0099979999997152,1730753251,Will a Republican win Alaska Presidential Election?
0xc48da35a967a507927db2cf6bedc91179d1d9c210ef17853cec581670f76174b,0x0d905d09f5c2241a95720ed0a94618c104b4a112,BUY,Yes,76626557395718138549682497346449622033790455953645207983251701172676708683039,0xcec7958225b06aa2464a72d934ddcc9b66bb6f35ad065010496d8db92de412a0,0.9379998613,0.245193,0.2299909999917309,1730753021,Will a Republican win Alaska Presidential Election?
0x85bd444f8c2d161a0e28f039746c78b73de0d2491085ad688b5a6f6688cf41f1,0x22282d1c57e08bcb0e7057dc46771577e8972274,BUY,Yes,76626557395718138549682497346449622033790455953645207983251701172676708683039,0xcec7958225b06aa2464a72d934ddcc9b66bb6f35ad065010496d8db92de412a0,0.9379990606,0.010645,0.009985000000087,1730752915,Will a Republican win Alaska Presidential Election?
0x64dd9c4fed1d5be7235b3e621bede107fa3ba3fcdb80ea442adacf51af98de88,0x5f7114f7f9555424fddb266b176c163b3179fd65,BUY,Yes,76626557395718138549682497346449622033790455953645207983251701172676708683039,0xcec7958225b06aa2464a72d934ddcc9b66bb6f35ad065010496d8db92de412a0,0.9389959802,0.223641,0.2099980000079082,1730752215,Will a Republican win Alaska Presidential Election?
0x11e83b0a70430ae8add0db4e707752b3a1ce90dc398a7947aba8e7ef56b1582e,0xe4e4ca1f7f36376e2b2bc681c3ba41ced77cda37,BUY,Yes,76626557395718138549682497346449622033790455953645207983251701172676708683039,0xcec7958225b06aa2464a72d934ddcc9b66bb6f35ad065010496d8db92de412a0,0.938433229,38.393779,36.029998000482394,1730751734,Will a Republican win Alaska Presidential Election?
0xaa56d07692f633ba9bd1111aec90ddb5d5634c77a57929f7e9962622c4666e4c,0x82ebb689224bc75dd4f754e4437456fb30aa6bb8,BUY,No,9646994822693149615303360714935546561049708672550992328943885204944470918778,0xcec7958225b06aa2464a72d934ddcc9b66bb6f35ad065010496d8db92de412a0,0.0719999984,577.222221,41.55999898844445,1730751678,Will a Republican win Alaska Presidential Election?
0xb6ef0ad7ce105131c0a72d41c5b822044129ae5fdbc08b67fd08bda642d0b541,0x69a212bd9d654efb7e2ce8c8bce4cb193104180b,BUY,Yes,76626557395718138549682497346449622033790455953645207983251701172676708683039,0xcec7958225b06aa2464a72d934ddcc9b66bb6f35ad065010496d8db92de412a0,0.9379990606,0.010645,0.009985000000087,1730751620,Will a Republican win Alaska Presidential Election?
0x76b6cf2d700c8b1238319bb2b0ca5d10e527cf5d158ddc090d7b347d6e0861f4,0xda9f44eee0523b6a7fe445e19878cff70704826e,BUY,Yes,76626557395718138549682497346449622033790455953645207983251701172676708683039,0xcec7958225b06aa2464a72d934ddcc9b66bb6f35ad065010496d8db92de412a0,0.9379990606,0.010645,0.009985000000087,1730751431,Will a Republican win Alaska Presidential Election?
0x117a97343a04e12ab2a65112ccf9ece696a8bdc8af0b19ef135d3811bc4a6eef,0x5b2bfa38da3ead059a5702fa7e6af4417802f80a,BUY,Yes,76626557395718138549682497346449622033790455953645207983251701172676708683039,0xcec7958225b06aa2464a72d934ddcc9b66bb6f35ad065010496d8db92de412a0,0.9379998124,0.170564,0.1599890000021936,1730751113,Will a Republican win Alaska Presidential Election?
0x6a8a7a2688c8d1a7dcb74aae51cecd546061a5a74708f3578d8cfbad25e09f88,0x4765d452e581f1250b4f45402813a30dfae0f452,BUY,Yes,76626557395718138549682497346449622033790455953645207983251701172676708683039,0xcec7958225b06aa2464a72d934ddcc9b66bb6f35ad065010496d8db92de412a0,0.9379990606,0.010645,0.009985000000087,1730751032,Will a Republican win Alaska Presidential Election?
0x2b4d33d6222fe3d5a1488b88b58071c63e37466cd5edee67f3fd375d2c61d42f,0xc752614c1f2363e5cefe4f1a22d152bbce0bead7,BUY,Yes,76626557395718138549682497346449622033790455953645207983251701172676708683039,0xcec7958225b06aa2464a72d934ddcc9b66bb6f35ad065010496d8db92de412a0,0.9379990606,0.010645,0.009985000000087,1730750884,Will a Republican win Alaska Presidential Election?
0xa3490414e32a39d2e0cf75713e2dae1a5711acac4673d815e1e21a9f6ffa100c,0x5cff4e3a028ee6194c0781e33df516aaeb789405,BUY,Yes,76626557395718138549682497346449622033790455953645207983251701172676708683039,0xcec7958225b06aa2464a72d934ddcc9b66bb6f35ad065010496d8db92de412a0,0.9382445182,53.29101,49.999998001841384,1730750524,Will a Republican win Alaska Presidential Election?
0xd99b866133a96cebfd496047276db01c73257c8e45793a97bbe17cd6d5fbe982,0x4ddb33a0cf1e83a4f87edb5691cbd5ec068b2bd2,BUY,Yes,76626557395718138549682497346449622033790455953645207983251701172676708683039,0xcec7958225b06aa2464a72d934ddcc9b66bb6f35ad065010496d8db92de412a0,0.9369960623,0.010666,0.0099940000004918,1730750122,Will a Republican win Alaska Presidential Election?
0x9b30a66858a9a1b6afa8b46268bb85f4bd80a6c567dede5b4fc83cf3f441dc28,0x087ac1707deabf84e4e6b262ddfbbfa0927223b6,BUY,Yes,76626557395718138549682497346449622033790455953645207983251701172676708683039,0xcec7958225b06aa2464a72d934ddcc9b66bb6f35ad065010496d8db92de412a0,0.9369999869,1.067222,0.9999870000193917,1730750116,Will a Republican win Alaska Presidential Election?
0x488b990fcdb9e8d217f8b04591f43e6e9b4fb14d1c7cab0da3595410b9be538f,0xd4360f0503d2a89e94799bb8e75ac8662764cb50,BUY,Yes,76626557395718138549682497346449622033790455953645207983251701172676708683039,0xcec7958225b06aa2464a72d934ddcc9b66bb6f35ad065010496d8db92de412a0,0.9369960623,0.010666,0.0099940000004918,1730750004,Will a Republican win Alaska Presidential Election?
0x903f901707a7a7e9371f6e5658eded9f92150136f1f3f5750dc8b00caf3b7d0b,0xd15b25d437833014f9ef137a40370d2bd2dd5aab,BUY,Yes,76626557395718138549682497346449622033790455953645207983251701172676708683039,0xcec7958225b06aa2464a72d934ddcc9b66bb6f35ad065010496d8db92de412a0,0.9369999279,0.13873,0.129989999997567,1730749722,Will a Republican win Alaska Presidential Election?
0xab15bb607c2ae382d32238593024926663dd4c52ca863b1b6c8cd74050e79026,0x48da00a574fa77b8c734377db640cc7c26980419,BUY,Yes,76626557395718138549682497346449622033790455953645207983251701172676708683039,0xcec7958225b06aa2464a72d934ddcc9b66bb6f35ad065010496d8db92de412a0,0.937,60,56.220000000000006,1730749490,Will a Republican win Alaska Presidential Election?
0x84ad27e80b82b3eda26d8aea5c25fa4f862c46550de5e7fb9bc423be2a4b6a9d,0x683c38ba699b6906b2f0f114bf594cdd9c461f48,BUY,Yes,76626557395718138549682497346449622033790455953645207983251701172676708683039,0xcec7958225b06aa2464a72d934ddcc9b66bb6f35ad065010496d8db92de412a0,0.9369960623,0.010666,0.0099940000004918,1730749386,Will a Republican win Alaska Presidential Election?
0xf650a63db621ab05aa7d70a4b798de9e89456801fcf5ebde1a0a466affd49ece,0x3422853b659c715afe62feb3729ad2427bd97328,BUY,Yes,76626557395718138549682497346449622033790455953645207983251701172676708683039,0xcec7958225b06aa2464a72d934ddcc9b66bb6f35ad065010496d8db92de412a0,0.9369999998,53.26573,49.90998899934685,1730749115,Will a Republican win Alaska Presidential Election?
0x71be2a1f6aeb4686248b1481f5982e5709069f968c823170a59d22a1c8a44388,0x9dfe2f73d3c988a9d69df8fa0beb85651340b3dd,BUY,Yes,76626557395718138549682497346449622033790455953645207983251701172676708683039,0xcec7958225b06aa2464a72d934ddcc9b66bb6f35ad065010496d8db92de412a0,0.937,115.02,107.77374,1730749115,Will a Republican win Alaska Presidential Election?
0xa2f38f18221c21e432d425941a2c021930774f8cf48339212760b27d110dfd61,0x6d8762815d40c8d65cb58c4fa5c29df9e48e6a61,BUY,Yes,76626557395718138549682497346449622033790455953645207983251701172676708683039,0xcec7958225b06aa2464a72d934ddcc9b66bb6f35ad065010496d8db92de412a0,0.9369960623,0.010666,0.0099940000004918,1730749115,Will a Republican win Alaska Presidential Election?
0x16f585730f36447bcb107fd065bb984965a7d5ae93ffb4c3c262fbdc3cdb1200,0x8267694f07437124ea5a2e9e9cc1d3adf682918d,BUY,Yes,76626557395718138549682497346449622033790455953645207983251701172676708683039,0xcec7958225b06aa2464a72d934ddcc9b66bb6f35ad065010496d8db92de412a0,0.936999999,32.017063,29.999987998982938,1730747705,Will a Republican win Alaska Presidential Election?
0x83be7898fbef3c3b234a58e2a43861a9e6fdf828a035895667c2d95e9ea0c3b6,0x7dda1c492aa58e45a7a548e3b337449c35368b1e,SELL,Yes,76626557395718138549682497346449622033790455953645207983251701172676708683039,0xcec7958225b06aa2464a72d934ddcc9b66bb6f35ad065010496d8db92de412a0,0.929,1777,1650.833,1730747609,Will a Republican win Alaska Presidential Election?
0x7e1f12b21d793b46a7a614da3ada517d5b185658b93396c6e9a56de55e8f0bac,0x34b8b52fe7f8e72b5465f67c0e4f0a5e625abcd0,BUY,Yes,76626557395718138549682497346449622033790455953645207983251701172676708683039,0xcec7958225b06aa2464a72d934ddcc9b66bb6f35ad065010496d8db92de412a0,0.9369960623,0.010666,0.0099940000004918,1730746925,Will a Republican win Alaska Presidential Election?
0xd10d68bb8f8f29d37a727d076ba05d0012216256ee576371834817c04b130178,0xf6b3b68831014f23684d332d1d235417c3eaeee1,BUY,Yes,76626557395718138549682497346449622033790455953645207983251701172676708683039,0xcec7958225b06aa2464a72d934ddcc9b66bb6f35ad065010496d8db92de412a0,0.9369999989,22.411952,20.99999899934685,1730746242,Will a Republican win Alaska Presidential Election?
0xbd832bddbc0514e3449533d11f4b2b04e3c8b7e1d64d481ab38022fa14104e12,0xe2d6846969f9920589020d786f53ea24d25dcbab,BUY,Yes,76626557395718138549682497346449622033790455953645207983251701172676708683039,0xcec7958225b06aa2464a72d934ddcc9b66bb6f35ad065010496d8db92de412a0,0.9369960623,0.010666,0.0099940000004918,1730746224,Will a Republican win Alaska Presidential Election?
0x8d406bd2e5c4d10ed916e7aa039f7577802dcfc3c048efef8d5c44b3bf83d5a6,0x8dac75e78a04bbc48f3f321ab1d53a5a800ffda8,BUY,Yes,76626557395718138549682497346449622033790455953645207983251701172676708683039,0xcec7958225b06aa2464a72d934ddcc9b66bb6f35ad065010496d8db92de412a0,0.9369960623,0.010666,0.0099940000004918,1730745692,Will a Republican win Alaska Presidential Election?
0xd7a6e79f4f052e32c78d8764b34ad83ab0d15566578d7d6870238ba25b6f8eb4,0xdf0a412c8e93d417870d8a2e99e0de6aa73a3ec4,BUY,Yes,76626557395718138549682497346449622033790455953645207983251701172676708683039,0xcec7958225b06aa2464a72d934ddcc9b66bb6f35ad065010496d8db92de412a0,0.9369960623,0.010666,0.0099940000004918,1730745360,Will a Republican win Alaska Presidential Election?
0x57a294393f3fd3cf2b1c3c9937661c8539a5e2e963ed0831c28d842a65d7c8cb,0x7fc693799044b779bc1e3ff2265317ea12d11a11,BUY,Yes,76626557395718138549682497346449622033790455953645207983251701172676708683039,0xcec7958225b06aa2464a72d934ddcc9b66bb6f35ad065010496d8db92de412a0,0.9369960623,0.010666,0.0099940000004918,1730744717,Will a Republican win Alaska Presidential Election?
0xd7ebb8303ce17019e0f34577ca304e54dddc16cb759430294f6a3d31d32eaa08,0xcc9a7612e6475e4fb19235265bfb1416ca6c0d24,BUY,Yes,76626557395718138549682497346449622033790455953645207983251701172676708683039,0xcec7958225b06aa2464a72d934ddcc9b66bb6f35ad065010496d8db92de412a0,0.9369960623,0.010666,0.0099940000004918,1730744433,Will a Republican win Alaska Presidential Election?
0xee64818d68d8869160b9796890415e4b1efc725a5ed97aabf0d7a943f3317653,0xf1628c187a0a0d5d042c316946735ec731b8b6b5,BUY,Yes,76626557395718138549682497346449622033790455953645207983251701172676708683039,0xcec7958225b06aa2464a72d934ddcc9b66bb6f35ad065010496d8db92de412a0,0.9369105719,693.630761,649.8699929759423,1730744214,Will a Republican win Alaska Presidential Election?
0x81ca85c7dd4f3ee7094ca9d761e4a52a6116f6e29cc97c59ba227e7869240323,0xa623b283ec6c2c15866ec10b57de785f898afefa,BUY,Yes,76626557395718138549682497346449622033790455953645207983251701172676708683039,0xcec7958225b06aa2464a72d934ddcc9b66bb6f35ad065010496d8db92de412a0,0.9359999922,37.820511,35.399998001000014,1730744214,Will a Republican win Alaska Presidential Election?
0x70d4c050739c4bc5766b3269f5b9b7b9be431279429156305259267926b23d4d,0xa26335cc348d5c966fda385c98e5c3f836f8395b,BUY,Yes,76626557395718138549682497346449622033790455953645207983251701172676708683039,0xcec7958225b06aa2464a72d934ddcc9b66bb6f35ad065010496d8db92de412a0,0.9359670474,0.010682,0.009998000000326801,1730741947,Will a Republican win Alaska Presidential Election?
0x0f15eaad45372d11149c1f78783d9c5adaf792753ce75b52b9a9461a183b076b,0x005612ee046bf162de3e6e95f3efbe9d11f33752,BUY,Yes,76626557395718138549682497346449622033790455953645207983251701172676708683039,0xcec7958225b06aa2464a72d934ddcc9b66bb6f35ad065010496d8db92de412a0,0.9359670474,0.010682,0.009998000000326801,1730741703,Will a Republican win Alaska Presidential Election?
0x977fa0940bb719df42b3df782effc2ae3916a87ea760bf259c0891edf0b1c48c,0x3436f8169749b4f67c896b9201bca27117c1600b,BUY,Yes,76626557395718138549682497346449622033790455953645207983251701172676708683039,0xcec7958225b06aa2464a72d934ddcc9b66bb6f35ad065010496d8db92de412a0,0.935,443,414.20500000000004,1730741653,Will a Republican win Alaska Presidential Election?
0xc89cd38bf15f8f66e42b0628e90a6a6f73c49ad5b21e0615e837871bd1771121,0x408f0099b0e29b8cc49d04db8034aeb7aadc900b,BUY,Yes,76626557395718138549682497346449622033790455953645207983251701172676708683039,0xcec7958225b06aa2464a72d934ddcc9b66bb6f35ad065010496d8db92de412a0,0.9359670474,0.010682,0.009998000000326801,1730740485,Will a Republican win Alaska Presidential Election?
0x03db7f208c20935ccc1e9bc999868a5fb8e8a86fc06e62a88fbbc4074e6d19ec,0x96e3694dc2a8a7ae359fcf7537a1feaea1294a8d,BUY,Yes,76626557395718138549682497346449622033790455953645207983251701172676708683039,0xcec7958225b06aa2464a72d934ddcc9b66bb6f35ad065010496d8db92de412a0,0.9359670474,0.010682,0.009998000000326801,1730740163,Will a Republican win Alaska Presidential Election?
0xc4bcae61a43b39da565e26e1af20f1af651ccd3e98a4cfb0199a93f3cafa0b5c,0xe40362b6d2c1eb1134da886f4c64f02f08f6e5a4,SELL,Yes,76626557395718138549682497346449622033790455953645207983251701172676708683039,0xcec7958225b06aa2464a72d934ddcc9b66bb6f35ad065010496d8db92de412a0,0.926,5000,4630.0,1730740080,Will a Republican win Alaska Presidential Election?
0xd331fcdabc98d905bf9edac5a55c3e03b052b64795161fe1170417a654d564da,0x40b9556634fd73782fbcc9019c4bf5abf2c58543,BUY,Yes,76626557395718138549682497346449622033790455953645207983251701172676708683039,0xcec7958225b06aa2464a72d934ddcc9b66bb6f35ad065010496d8db92de412a0,0.9359670474,0.010682,0.009998000000326801,1730739982,Will a Republican win Alaska Presidential Election?
0x8744aae050be042e7e01b84e04d1a17a00bf83fa454b63b976fd462ad636805e,0x90aa6b14b9a244c4eec595d0e6c14380bb907c72,BUY,Yes,76626557395718138549682497346449622033790455953645207983251701172676708683039,0xcec7958225b06aa2464a72d934ddcc9b66bb6f35ad065010496d8db92de412a0,0.9359670474,0.010682,0.009998000000326801,1730739712,Will a Republican win Alaska Presidential Election?
0xeaee2e4b12f94f4cdacb6c06d6c617e69cc4791c93b7956ed99356c711d7f72d,0x9aab9e4d07298109ad7eb8a83e95dd4cf3371cfa,BUY,Yes,76626557395718138549682497346449622033790455953645207983251701172676708683039,0xcec7958225b06aa2464a72d934ddcc9b66bb6f35ad065010496d8db92de412a0,0.9359670474,0.010682,0.009998000000326801,1730739420,Will a Republican win Alaska Presidential Election?
0x8e0c8b14251f77009ef0e26b4db1d759de81ba150b99f8b03d1df91998ff32d6,0x6757bb8a114f2048a6c119e9eda0360fbd77a8be,SELL,Yes,76626557395718138549682497346449622033790455953645207983251701172676708683039,0xcec7958225b06aa2464a72d934ddcc9b66bb6f35ad065010496d8db92de412a0,0.926,11.57,10.71382,1730739338,Will a Republican win Alaska Presidential Election?
0x493f4c6be0d647c58b5caa23af926f008f2233ad6e8997ca99978b4228e88bd0,0xe40362b6d2c1eb1134da886f4c64f02f08f6e5a4,SELL,Yes,76626557395718138549682497346449622033790455953645207983251701172676708683039,0xcec7958225b06aa2464a72d934ddcc9b66bb6f35ad065010496d8db92de412a0,0.929,1000,929.0,1730738590,Will a Republican win Alaska Presidential Election?
0x280dc9080ed90f29033670287c9395f6144de47b9f7b82a5b3a71aa40a87fdbb,0xe40362b6d2c1eb1134da886f4c64f02f08f6e5a4,SELL,Yes,76626557395718138549682497346449622033790455953645207983251701172676708683039,0xcec7958225b06aa2464a72d934ddcc9b66bb6f35ad065010496d8db92de412a0,0.93,973,904.8900000000001,1730738570,Will a Republican win Alaska Presidential Election?
0xa17b1dd3d9bbe6bfa172924fa6ab54e8a032dfe6cfa5ed539ac25b51b00eb736,0xe40362b6d2c1eb1134da886f4c64f02f08f6e5a4,SELL,Yes,76626557395718138549682497346449622033790455953645207983251701172676708683039,0xcec7958225b06aa2464a72d934ddcc9b66bb6f35ad065010496d8db92de412a0,0.931,50,46.550000000000004,1730738556,Will a Republican win Alaska Presidential Election?
0xd9131ed3ccef75b852fd5ac24f5e14047f6b1c4a7a87ae48cf8c280b50f95986,0x78600a8ffc90b5ebf5823effed257d130b7247d6,BUY,Yes,76626557395718138549682497346449622033790455953645207983251701172676708683039,0xcec7958225b06aa2464a72d934ddcc9b66bb6f35ad065010496d8db92de412a0,0.9359947521,0.010671,0.009987999999659101,1730738292,Will a Republican win Alaska Presidential Election?
0x7b8a2fb085d875df30d8c65a7799ee56f539792f0776f89b5d844c99009b04c1,0x45b2a3d6260e19bc452acc1f732c90cdbbfb00df,BUY,Yes,76626557395718138549682497346449622033790455953645207983251701172676708683039,0xcec7958225b06aa2464a72d934ddcc9b66bb6f35ad065010496d8db92de412a0,0.9359947521,0.010671,0.009987999999659101,1730738176,Will a Republican win Alaska Presidential Election?
0x6e0473028928d5fcf121d29a8fac39b3482f06c50ddebf829deeba4cde269a6d,0x39e13565f7b63e271b0257f5d2d5fa3871de953a,BUY,Yes,76626557395718138549682497346449622033790455953645207983251701172676708683039,0xcec7958225b06aa2464a72d934ddcc9b66bb6f35ad065010496d8db92de412a0,0.9359947521,0.010671,0.009987999999659101,1730737730,Will a Republican win Alaska Presidential Election?
0x7e3f12bee02f0013324851615cf63755be07fd50752836cb5685849673d8d0c1,0xfa5dbd70d40982c703afa66be8a57adefcd3f415,BUY,Yes,76626557395718138549682497346449622033790455953645207983251701172676708683039,0xcec7958225b06aa2464a72d934ddcc9b66bb6f35ad065010496d8db92de412a0,0.9359947521,0.010671,0.009987999999659101,1730737400,Will a Republican win Alaska Presidential Election?
0x2bc4a735b1a0bfc30ae46e0150d91efdb808142a260c81e0f154118f36996b9f,0xfffe0598e809382e622458a0f630a9874f4cbd88,BUY,Yes,76626557395718138549682497346449622033790455953645207983251701172676708683039,0xcec7958225b06aa2464a72d934ddcc9b66bb6f35ad065010496d8db92de412a0,0.9369960623,0.010666,0.0099940000004918,1730736590,Will a Republican win Alaska Presidential Election?
0x785937cace6a6eb9f343b47caebf4041147e7f668fd721a41c8c6f0f19a49244,0x1981c5becfce2836c01051212373d3bea884ace5,BUY,Yes,76626557395718138549682497346449622033790455953645207983251701172676708683039,0xcec7958225b06aa2464a72d934ddcc9b66bb6f35ad065010496d8db92de412a0,0.9349981294,0.010692,0.0099969999995448,1730736220,Will a Republican win Alaska Presidential Election?
0x15d0f69b7b11639c0d78dfcea8f824f22c1f8e43b9e34358a8a537829bf5f46d,0x714b2deb2373351c9eba956e3a597f35c0630b45,BUY,Yes,76626557395718138549682497346449622033790455953645207983251701172676708683039,0xcec7958225b06aa2464a72d934ddcc9b66bb6f35ad065010496d8db92de412a0,0.9349981294,0.010692,0.0099969999995448,1730735999,Will a Republican win Alaska Presidential Election?
0x536b6051a6d0f730afe1fda27c4012078a93b1206b61e8429497f9d2154b0e7e,0x4d97004b53937c1832c6d0c7dc9cae3f73105cf5,BUY,Yes,76626557395718138549682497346449622033790455953645207983251701172676708683039,0xcec7958225b06aa2464a72d934ddcc9b66bb6f35ad065010496d8db92de412a0,0.9349981294,0.010692,0.0099969999995448,1730735773,Will a Republican win Alaska Presidential Election?
0xe6b502680eabf5a09cf8bfec862231abbb969bb934d14e664e6bead676ec8b87,0x9c7798534f01d1853cdd03917de8309b2c3448eb,BUY,Yes,76626557395718138549682497346449622033790455953645207983251701172676708683039,0xcec7958225b06aa2464a72d934ddcc9b66bb6f35ad065010496d8db92de412a0,0.9359947521,0.010671,0.009987999999659101,1730735431,Will a Republican win Alaska Presidential Election?
0x52b216b9497b7dad27ed1715dd133c36ae1a4195b5ad056de170e43843fb574c,0x15f578dc4b74e8630f8231b7c29e26e1a7a9ba6a,BUY,Yes,76626557395718138549682497346449622033790455953645207983251701172676708683039,0xcec7958225b06aa2464a72d934ddcc9b66bb6f35ad065010496d8db92de412a0,0.9359947521,0.010671,0.009987999999659101,1730734729,Will a Republican win Alaska Presidential Election?
0x9b67235e866ef4e91bed44ae71d0029d81524a563897a037bed41d2dc3b02ec9,0xa376b241c329dc86484a34d4e18e4ae2f7227d69,BUY,Yes,76626557395718138549682497346449622033790455953645207983251701172676708683039,0xcec7958225b06aa2464a72d934ddcc9b66bb6f35ad065010496d8db92de412a0,0.9369960623,0.010666,0.0099940000004918,1730734345,Will a Republican win Alaska Presidential Election?
0x4d5b7fadce56565943058aeea9e0515b5ed6be0bcbd127271e49bcf375b3533e,0xca46e3e33e68fc69d564a5e02c4186b5c7efddb7,BUY,Yes,76626557395718138549682497346449622033790455953645207983251701172676708683039,0xcec7958225b06aa2464a72d934ddcc9b66bb6f35ad065010496d8db92de412a0,0.9369960623,0.010666,0.0099940000004918,1730734214,Will a Republican win Alaska Presidential Election?
0xececcd518a7bfc24091547a478b83dc79b7b877ad5e017bc63a2cc472fa3b8aa,0xaa31e98e2884bd15a534aabb31e07d9fc4181c4a,BUY,Yes,76626557395718138549682497346449622033790455953645207983251701172676708683039,0xcec7958225b06aa2464a72d934ddcc9b66bb6f35ad065010496d8db92de412a0,0.9369960623,0.010666,0.0099940000004918,1730733964,Will a Republican win Alaska Presidential Election?
0xd14cff28c17a7dcca874dec18d48d405a09bba22a346ad26b903cff7aecc6071,0x020ab6d0af6a68c071609f9838201f443bfc4399,BUY,Yes,76626557395718138549682497346449622033790455953645207983251701172676708683039,0xcec7958225b06aa2464a72d934ddcc9b66bb6f35ad065010496d8db92de412a0,0.9369999992,64.034142,59.99999100277269,1730733470,Will a Republican win Alaska Presidential Election?
0x9af7edfe35a537d27249979f1bc9e932c55086babe66f84c0d1af163ae061e65,0xaa9f23351d574a28061bcdb1f01e7e13756e8143,BUY,Yes,76626557395718138549682497346449622033790455953645207983251701172676708683039,0xcec7958225b06aa2464a72d934ddcc9b66bb6f35ad065010496d8db92de412a0,0.9379990606,0.010645,0.009985000000087,1730733274,Will a Republican win Alaska Presidential Election?
0x2c4d304b623655d1cc8119c9206933998130178a2f6694029a397b3037ab5d81,0xbbc02a5bf4595e8ad1938fef110d6e711e519546,BUY,Yes,76626557395718138549682497346449622033790455953645207983251701172676708683039,0xcec7958225b06aa2464a72d934ddcc9b66bb6f35ad065010496d8db92de412a0,0.9369960623,0.010666,0.0099940000004918,1730733070,Will a Republican win Alaska Presidential Election?
0x14fe5283a9cf615162bb1b6ff985451b379e8bd6a1b5e607a9ef6a2968c7c1ec,0xb70380f196acbe86503dacca327e536061ab2971,BUY,Yes,76626557395718138549682497346449622033790455953645207983251701172676708683039,0xcec7958225b06aa2464a72d934ddcc9b66bb6f35ad065010496d8db92de412a0,0.937,20,18.740000000000002,1730732880,Will a Republican win Alaska Presidential Election?
0x77f31ac972123086871f4d027a67aef905322d972634943a80a764cbe6fd0454,0xb7d54bf1d0a362beb916d9cb58a04c41d67e0789,SELL,Yes,76626557395718138549682497346449622033790455953645207983251701172676708683039,0xcec7958225b06aa2464a72d934ddcc9b66bb6f35ad065010496d8db92de412a0,0.93,2.64,2.4552,1730732778,Will a Republican win Alaska Presidential Election?
0x3f953a143a69e61c5e6cb6266ec1b4e8bb5d3680821d23f61551a8a6fcf78480,0x51a65fca2f964d99dde760a79dd9203a2eb9cfe3,BUY,Yes,76626557395718138549682497346449622033790455953645207983251701172676708683039,0xcec7958225b06aa2464a72d934ddcc9b66bb6f35ad065010496d8db92de412a0,0.9369960623,0.010666,0.0099940000004918,1730732764,Will a Republican win Alaska Presidential Election?
0xbbb4bd63b22baa24dd8e2822ecb022bbbb452238327282587fa58134cf7e1ca4,0x421d9b1f5f7012a266879f9edf5db0c813dc33fa,BUY,Yes,76626557395718138549682497346449622033790455953645207983251701172676708683039,0xcec7958225b06aa2464a72d934ddcc9b66bb6f35ad065010496d8db92de412a0,0.9369999486,0.992523,0.9299939999843179,1730732550,Will a Republican win Alaska Presidential Election?
0x1001dbb6edebfb074c81d8248547223533afa4243026f7b36b70a4a0c07ce575,0x89f92f6b3d36fff9267208206ab24b4bacefd47f,BUY,Yes,76626557395718138549682497346449622033790455953645207983251701172676708683039,0xcec7958225b06aa2464a72d934ddcc9b66bb6f35ad065010496d8db92de412a0,0.9379990606,0.010645,0.009985000000087,1730731336,Will a Republican win Alaska Presidential Election?
0x8d06d52d9a0839c77c22b0bcab2aa1808c9eda87daf88391d0d23199e020d00a,0x741987b9e42f37ccee01f65524be23c01dd1589f,BUY,Yes,76626557395718138549682497346449622033790455953645207983251701172676708683039,0xcec7958225b06aa2464a72d934ddcc9b66bb6f35ad065010496d8db92de412a0,0.9389556724,0.010648,0.0099979999997152,1730731064,Will a Republican win Alaska Presidential Election?
0xdf010cafdb2cb2096827b4486bd4697e4eb6fce77170253a3631a04a9451e5a5,0xa4dd3dc2d26cbfee99fe80dd002ef375249aaac6,BUY,Yes,76626557395718138549682497346449622033790455953645207983251701172676708683039,0xcec7958225b06aa2464a72d934ddcc9b66bb6f35ad065010496d8db92de412a0,0.9389556724,0.010648,0.0099979999997152,1730729684,Will a Republican win Alaska Presidential Election?
0xb0b2f42465bb41340df18f47f069f23dae7bd9f99f380cd9d5b17c27cf49ee1f,0xf8cfd8c0b0e8bc131a2a70c4da238d5d761bad74,BUY,Yes,76626557395718138549682497346449622033790455953645207983251701172676708683039,0xcec7958225b06aa2464a72d934ddcc9b66bb6f35ad065010496d8db92de412a0,0.9389556724,0.010648,0.0099979999997152,1730729310,Will a Republican win Alaska Presidential Election?
0x3820fa3eedd07de5410863bd5da10d2742423496b6ceadb597ac117193f6fdee,0x8aa912f3b902e272af8175579d7d01b92a89c284,BUY,Yes,76626557395718138549682497346449622033790455953645207983251701172676708683039,0xcec7958225b06aa2464a72d934ddcc9b66bb6f35ad065010496d8db92de412a0,0.9389556724,0.010648,0.0099979999997152,1730728788,Will a Republican win Alaska Presidential Election?
0x9761843320aabbf131a0a902176d5ffd111dd98e37d1f52b11617b13145b3625,0x91500c58c685a537ccc505cdbe956081c32c6701,BUY,Yes,76626557395718138549682497346449622033790455953645207983251701172676708683039,0xcec7958225b06aa2464a72d934ddcc9b66bb6f35ad065010496d8db92de412a0,0.9399981191,0.010633,0.0099950000003903,1730727446,Will a Republican win Alaska Presidential Election?
0xa786cad1e7576304f7269e3e5140383da908fcb7572fc46b5c0004664be7571f,0x88c79fad349d2f0768397675f332db8a3d45ae91,BUY,Yes,76626557395718138549682497346449622033790455953645207983251701172676708683039,0xcec7958225b06aa2464a72d934ddcc9b66bb6f35ad065010496d8db92de412a0,0.9399981191,0.010633,0.0099950000003903,1730725572,Will a Republican win Alaska Presidential Election?
0xa1ba0de162a83aedda82597e7e79d2f10db2638e4ed359de1f53370a2238ea55,0x551ed30a72c7a13a94a067f2fc47b31b58237a8e,BUY,Yes,76626557395718138549682497346449622033790455953645207983251701172676708683039,0xcec7958225b06aa2464a72d934ddcc9b66bb6f35ad065010496d8db92de412a0,0.9399981191,0.010633,0.0099950000003903,1730725522,Will a Republican win Alaska Presidential Election?
0xc5c1c1cfc5d6c5028b72cf65a60fc1503f9225d6fdbc79f89af4115b07870009,0x4f271c29ee16ad8b71c02825586222423d99c5a8,BUY,Yes,76626557395718138549682497346449622033790455953645207983251701172676708683039,0xcec7958225b06aa2464a72d934ddcc9b66bb6f35ad065010496d8db92de412a0,0.9399999624,1.063816,0.9999870000005185,1730725484,Will a Republican win Alaska Presidential Election?
0xeca78f3fba50e62edb07cbedfffb034c57543d8d30f520b60ceb428f2f9b3619,0x4794e1e47419d7d0f513b5612091afa4a72753d0,BUY,Yes,76626557395718138549682497346449622033790455953645207983251701172676708683039,0xcec7958225b06aa2464a72d934ddcc9b66bb6f35ad065010496d8db92de412a0,0.9399981191,0.010633,0.0099950000003903,1730725230,Will a Republican win Alaska Presidential Election?
0x71371dc159a130ed9319f7162ad0c30f0ba5c921cf79dea4a92821d0eaad0d02,0xd631b911ca2c24d79e989bcde3ff7566580af578,BUY,Yes,76626557395718138549682497346449622033790455953645207983251701172676708683039,0xcec7958225b06aa2464a72d934ddcc9b66bb6f35ad065010496d8db92de412a0,0.94,30,28.2,1730725104,Will a Republican win Alaska Presidential Election?
0x341182e6aa73c03c1c7cbfbb7edc3a366260f184dddb02c880cdd69dddba409f,0x8e70160eaeecbc47ed005007e294b0c706c09191,BUY,Yes,76626557395718138549682497346449622033790455953645207983251701172676708683039,0xcec7958225b06aa2464a72d934ddcc9b66bb6f35ad065010496d8db92de412a0,0.9399981191,0.010633,0.0099950000003903,1730724856,Will a Republican win Alaska Presidential Election?
0x579cde3142d302984870089072d2d1a3b63cb65f7875f51f6294051b02841159,0x4099e08f45a6b786cf4cb80c9772b6cacb1ec6df,BUY,Yes,76626557395718138549682497346449622033790455953645207983251701172676708683039,0xcec7958225b06aa2464a72d934ddcc9b66bb6f35ad065010496d8db92de412a0,0.9399999624,1.063816,0.9999870000005185,1730724736,Will a Republican win Alaska Presidential Election?
0x199732d4c00507e1b215fbe89254958848e064be0f362bfe4fd03e95d451e2ac,0xa43a73c4142167801ef86d74590d2f221a96b74d,BUY,Yes,76626557395718138549682497346449622033790455953645207983251701172676708683039,0xcec7958225b06aa2464a72d934ddcc9b66bb6f35ad065010496d8db92de412a0,0.9399981191,0.010633,0.0099950000003903,1730724646,Will a Republican win Alaska Presidential Election?
0x5146543be3ee4489a956a3d18679183abd85db5b84b9450bb4ff44a87893ea78,0xdd87d068bd1027135f2170a1585c4a2e8af87e3b,BUY,Yes,76626557395718138549682497346449622033790455953645207983251701172676708683039,0xcec7958225b06aa2464a72d934ddcc9b66bb6f35ad065010496d8db92de412a0,0.9399981191,0.010633,0.0099950000003903,1730724020,Will a Republican win Alaska Presidential Election?
0x6307bc6ce2b41fbf143a7d097889275fc6677038057bbf06af95ab5b899fecf4,0xbae6ac80de51b6c69f605995ce4b755102aead30,BUY,Yes,76626557395718138549682497346449622033790455953645207983251701172676708683039,0xcec7958225b06aa2464a72d934ddcc9b66bb6f35ad065010496d8db92de412a0,0.9399981191,0.010633,0.0099950000003903,1730724016,Will a Republican win Alaska Presidential Election?
0xf9c2a0fec8bf058d9badc8fb95460070ce45ef68622e7d042ecdd035b115e3b1,0xa403140a3f6b3038c97d2ffc57dc2268f2bdf968,BUY,Yes,76626557395718138549682497346449622033790455953645207983251701172676708683039,0xcec7958225b06aa2464a72d934ddcc9b66bb6f35ad065010496d8db92de412a0,0.9399981191,0.010633,0.0099950000003903,1730724016,Will a Republican win Alaska Presidential Election?
0x20aa1d2879715c9ee905e2645b166d51a459a7dbd1b9f7e5a2615ddf3792acba,0x855d3f15defc0e12d158aa29b4fffd0ce9be2ae4,BUY,Yes,76626557395718138549682497346449622033790455953645207983251701172676708683039,0xcec7958225b06aa2464a72d934ddcc9b66bb6f35ad065010496d8db92de412a0,0.9399981191,0.010633,0.0099950000003903,1730724016,Will a Republican win Alaska Presidential Election?
0xf0f822deae8c03a4d545eba5d3c2eaf088e65fd322777643f6c8bde28076e8c4,0xab6ce4dee8f9ebb86aa39471d552746efad00375,BUY,Yes,76626557395718138549682497346449622033790455953645207983251701172676708683039,0xcec7958225b06aa2464a72d934ddcc9b66bb6f35ad065010496d8db92de412a0,0.9399981191,0.010633,0.0099950000003903,1730724016,Will a Republican win Alaska Presidential Election?
0x201fd874a69b4da74822246843edff2b9bcf16ab9dc5114c7f712cbd59b3ded4,0x63bd93eee76819d018dd22f16264da6f884fa460,BUY,Yes,76626557395718138549682497346449622033790455953645207983251701172676708683039,0xcec7958225b06aa2464a72d934ddcc9b66bb6f35ad065010496d8db92de412a0,0.9399981191,0.010633,0.0099950000003903,1730724016,Will a Republican win Alaska Presidential Election?
0x75dde485995bb9b285c136f3cb1591154e029cdc21aece6592660d0e974b5fc5,0x8fe0c6dbb7484cbca2a9d70d73cf60641cb23233,BUY,Yes,76626557395718138549682497346449622033790455953645207983251701172676708683039,0xcec7958225b06aa2464a72d934ddcc9b66bb6f35ad065010496d8db92de412a0,0.94,2.12765,1.9999909999999999,1730723246,Will a Republican win Alaska Presidential Election?
0xfa10325f77bf402c7c63a8eb5584ed5e6de27d649c407efb6638b17b89dcf5f7,0x05b550d82c94f5a6f4dd04be83742bbc98948143,BUY,Yes,76626557395718138549682497346449622033790455953645207983251701172676708683039,0xcec7958225b06aa2464a72d934ddcc9b66bb6f35ad065010496d8db92de412a0,0.9399999624,1.063816,0.9999870000005185,1730722558,Will a Republican win Alaska Presidential Election?
0xa3d5d874cc7489b58bd1a5fc294d3f319ecc8791a443977a9828fd1b5a4ce6fc,0x9767f8596ca9b1cc207a9f08dba374cdfb37e16a,BUY,Yes,76626557395718138549682497346449622033790455953645207983251701172676708683039,0xcec7958225b06aa2464a72d934ddcc9b66bb6f35ad065010496d8db92de412a0,0.9399999624,1.063816,0.9999870000005185,1730722328,Will a Republican win Alaska Presidential Election?
0xaeef374a71161b86ddf34f9dca5a6cf9619cae31ae9409878045806707871955,0xc7936fc2442cda7b3a4fbe76ef937d6d535dda46,BUY,Yes,76626557395718138549682497346449622033790455953645207983251701172676708683039,0xcec7958225b06aa2464a72d934ddcc9b66bb6f35ad065010496d8db92de412a0,0.9399999624,1.063816,0.9999870000005185,1730722062,Will a Republican win Alaska Presidential Election?
0xf16f26d7f1ef323298d43c3b4d8d29391b48cc2cc1dd0b4110eafdfd7e361f6c,0xc41c0a31600fd51028cbdeada8e35b0e7d035fae,SELL,Yes,76626557395718138549682497346449622033790455953645207983251701172676708683039,0xcec7958225b06aa2464a72d934ddcc9b66bb6f35ad065010496d8db92de412a0,0.93,23.7,22.041,1730721718,Will a Republican win Alaska Presidential Election?
0x1a12241487c3893120b440c2080184ab6d65bd1cd738bc544d1ded91d856caa6,0xc41c0a31600fd51028cbdeada8e35b0e7d035fae,BUY,Yes,76626557395718138549682497346449622033790455953645207983251701172676708683039,0xcec7958225b06aa2464a72d934ddcc9b66bb6f35ad065010496d8db92de412a0,0.9399999983,23.702116,22.279988999706404,1730721712,Will a Republican win Alaska Presidential Election?
0xb700e6c87c053629c526d26d656bfe8dd3ac11ccb7984a399a48de4219ea2b6f,0xacba8f8db9323058b326e2f91c5b9e89fc97df25,BUY,Yes,76626557395718138549682497346449622033790455953645207983251701172676708683039,0xcec7958225b06aa2464a72d934ddcc9b66bb6f35ad065010496d8db92de412a0,0.9399999624,1.063816,0.9999870000005185,1730721468,Will a Republican win Alaska Presidential Election?
0xbfbe827a5769a5b0108cf1efa15001292772eaa1e81f2305d9c6259cbd389eae,0x832186a423c51a93ec85bcbb6e793babcf3bd42b,BUY,Yes,76626557395718138549682497346449622033790455953645207983251701172676708683039,0xcec7958225b06aa2464a72d934ddcc9b66bb6f35ad065010496d8db92de412a0,0.93916,200,187.832,1730720624,Will a Republican win Alaska Presidential Election?
0xea13fc1726d789f3fd8d5f1f849ceac46fe6df7a242a99df60306688edac8c12,0x4f2ba33b080882c0f6b296f48cfd07b6c326f448,BUY,No,9646994822693149615303360714935546561049708672550992328943885204944470918778,0xcec7958225b06aa2464a72d934ddcc9b66bb6f35ad065010496d8db92de412a0,0.08,961.61,76.92880000000001,1730719903,Will a Republican win Alaska Presidential Election?
0x8f48e40373c59e1413d95dbb589f8ee5598464ef7326d417bf4f070e695d3389,0x832186a423c51a93ec85bcbb6e793babcf3bd42b,BUY,Yes,76626557395718138549682497346449622033790455953645207983251701172676708683039,0xcec7958225b06aa2464a72d934ddcc9b66bb6f35ad065010496d8db92de412a0,0.94,1000,940.0,1730719883,Will a Republican win Alaska Presidential Election?
0x624835b6df3e8a361bc51b377b6f246cb1b3c30c444f9b573f8a6849402f9ae0,0xc6d637ad3d8009699af3caaf5d0b3e7ad54fd6e2,BUY,Yes,76626557395718138549682497346449622033790455953645207983251701172676708683039,0xcec7958225b06aa2464a72d934ddcc9b66bb6f35ad065010496d8db92de412a0,0.94,28.71275,26.989984999999997,1730718299,Will a Republican win Alaska Presidential Election?
0x2a0af312e06a63417096f788b474f1d1a23fb3ece3a638bc9ba54174fd9f7c23,0xf44597f2159abf019b262300256aaba46ce8cc6a,BUY,Yes,76626557395718138549682497346449622033790455953645207983251701172676708683039,0xcec7958225b06aa2464a72d934ddcc9b66bb6f35ad065010496d8db92de412a0,0.94,2.12765,1.9999909999999999,1730718045,Will a Republican win Alaska Presidential Election?
0x4446937ae9c6613515254e20f144dd24ccfd0fa84495ce743211f992dc874b90,0x5223bb9f4778ee357d349108ed046372f39db04c,BUY,No,9646994822693149615303360714935546561049708672550992328943885204944470918778,0xcec7958225b06aa2464a72d934ddcc9b66bb6f35ad065010496d8db92de412a0,0.078,1000,78.0,1730717029,Will a Republican win Alaska Presidential Election?
0xf01fcdb8674fabe8acf97107467e023abeda5f3e4e5a8ec1c365a073e832913d,0xd527e8b3f2144f0fbd4847daa38b3f0d821b57c2,BUY,Yes,76626557395718138549682497346449622033790455953645207983251701172676708683039,0xcec7958225b06aa2464a72d934ddcc9b66bb6f35ad065010496d8db92de412a0,0.9399999624,1.063816,0.9999870000005185,1730715891,Will a Republican win Alaska Presidential Election?
0x9879bc5ee5a309ab619e7557c5a9c2298d84d7f30fb55da96becb64b6f102ca1,0x1602856ef17c9b838b2f2b941b9c628cd5eecbf7,BUY,Yes,76626557395718138549682497346449622033790455953645207983251701172676708683039,0xcec7958225b06aa2464a72d934ddcc9b66bb6f35ad065010496d8db92de412a0,0.94,2127.659566,1999.9999920399998,1730715161,Will a Republican win Alaska Presidential Election?
0xba66a3f9936258c5ece03bd08659770d4341faf9a4c67c693c8e21e271d2216f,0xac880a07363fce5d477fbcffc588697992df8daa,BUY,Yes,76626557395718138549682497346449622033790455953645207983251701172676708683039,0xcec7958225b06aa2464a72d934ddcc9b66bb6f35ad065010496d8db92de412a0,0.9399999624,1.063816,0.9999870000005185,1730715041,Will a Republican win Alaska Presidential Election?
0xd3da73d68a18bbdf9ccdc421980f8f6954f2825435a3cb80d4241493bbd6555a,0x75e3e41cd652148c0d6404e40845310c11ba2e26,BUY,Yes,76626557395718138549682497346449622033790455953645207983251701172676708683039,0xcec7958225b06aa2464a72d934ddcc9b66bb6f35ad065010496d8db92de412a0,0.9399999937,3.191483,2.999993999893657,1730714295,Will a Republican win Alaska Presidential Election?
0xd2b861120740c66a8f3627934efa61d0305c2b3dc16c3812c839c095e526183f,0xec071dc17914559ad1fba111caa508aa0fba61c4,BUY,Yes,76626557395718138549682497346449622033790455953645207983251701172676708683039,0xcec7958225b06aa2464a72d934ddcc9b66bb6f35ad065010496d8db92de412a0,0.9399999624,1.063816,0.9999870000005185,1730713289,Will a Republican win Alaska Presidential Election?
0x7ee0c864c1b3ef0e342942f4124bcc2d80c2ad241a36997443ca70a09e46c987,0xfac54c7efd723b1811305c85fb633ee0503d76c4,BUY,Yes,76626557395718138549682497346449622033790455953645207983251701172676708683039,0xcec7958225b06aa2464a72d934ddcc9b66bb6f35ad065010496d8db92de412a0,0.94,2.12765,1.9999909999999999,1730711983,Will a Republican win Alaska Presidential Election?
0xbc4967ba7009f6cbfe352c04062b08901102123acc15ff4197cf079e859d4ffb,0x6321a2ec24902faf577b230b5d4de3e508c0b6fd,BUY,Yes,76626557395718138549682497346449622033790455953645207983251701172676708683039,0xcec7958225b06aa2464a72d934ddcc9b66bb6f35ad065010496d8db92de412a0,0.9399999624,1.063816,0.9999870000005185,1730711417,Will a Republican win Alaska Presidential Election?
0x32d3a73a4e00d3694b5ba54a152683eca1dd5b635726f535022827b5d9c1e6a8,0xcf2d356556a3dfc231d470a3ce6c3cd244eaa48c,BUY,Yes,76626557395718138549682497346449622033790455953645207983251701172676708683039,0xcec7958225b06aa2464a72d934ddcc9b66bb6f35ad065010496d8db92de412a0,0.94,2.12765,1.9999909999999999,1730711019,Will a Republican win Alaska Presidential Election?
0x758ee2137ed9e96a6ce979827b9b087398d7ff8fef732ee7551c87e923ddbebe,0xf38e6583dfa37026ee25cf0a567b8cef6307a38a,BUY,Yes,76626557395718138549682497346449622033790455953645207983251701172676708683039,0xcec7958225b06aa2464a72d934ddcc9b66bb6f35ad065010496d8db92de412a0,0.9396803104,10641.917133,9999.999994788519,1730710603,Will a Republican win Alaska Presidential Election?
0x67815094a96a20a360c11926d35a100920017c3f6826a53a62c6f391d366dbe1,0x5ac83836a7af024611949e0ecc15862ccf1889b6,BUY,Yes,76626557395718138549682497346449622033790455953645207983251701172676708683039,0xcec7958225b06aa2464a72d934ddcc9b66bb6f35ad065010496d8db92de412a0,0.937999955,1.066096,0.99999800002568,1730710515,Will a Republican win Alaska Presidential Election?
0xe62317b54ceeb813fcc36608fc5db7bed2016523592df034dbaa9b87288d8b7a,0xf38e6583dfa37026ee25cf0a567b8cef6307a38a,BUY,Yes,76626557395718138549682497346449622033790455953645207983251701172676708683039,0xcec7958225b06aa2464a72d934ddcc9b66bb6f35ad065010496d8db92de412a0,0.938,4264.392322,3999.9999980359994,1730710497,Will a Republican win Alaska Presidential Election?
0x20c84c5dc8659cd5f76ccfacdffec037ee6182a6bb64c69d8e9618fc69c22f46,0xf38e6583dfa37026ee25cf0a567b8cef6307a38a,BUY,Yes,76626557395718138549682497346449622033790455953645207983251701172676708683039,0xcec7958225b06aa2464a72d934ddcc9b66bb6f35ad065010496d8db92de412a0,0.9376013956,5332.756564,4999.999996801461,1730710385,Will a Republican win Alaska Presidential Election?
0x4536dd66585fd045401244ada37469e0ce78f8ab30ffb716d8636818963ac861,0xf38e6583dfa37026ee25cf0a567b8cef6307a38a,BUY,Yes,76626557395718138549682497346449622033790455953645207983251701172676708683039,0xcec7958225b06aa2464a72d934ddcc9b66bb6f35ad065010496d8db92de412a0,0.9356982185,1068.720639,999.9999979864815,1730710237,Will a Republican win Alaska Presidential Election?
0xfb68e5898a9c7da7050589b7893067d3becbf86eab5085d4be29c83620b9d72e,0x50466298b85d17b5e1570a8f45a348602d0a2909,BUY,Yes,76626557395718138549682497346449622033790455953645207983251701172676708683039,0xcec7958225b06aa2464a72d934ddcc9b66bb6f35ad065010496d8db92de412a0,0.9349999992,53.144384,49.689998997484494,1730709891,Will a Republican win Alaska Presidential Election?
0x17297bca040f4ae4cc0cffbce8c878705d730551c6d22a81e4933a1afd469efd,0x787da9fe4e327f8b006a5acd8b011170b635a409,BUY,Yes,76626557395718138549682497346449622033790455953645207983251701172676708683039,0xcec7958225b06aa2464a72d934ddcc9b66bb6f35ad065010496d8db92de412a0,0.9359444758,525.191409,491.5499979911684,1730708177,Will a Republican win Alaska Presidential Election?
0x86ec308d89f351021b199c9a7280659eb30e409a6f9fc1f94ed7feb9cdf11adc,0xdcb2bb275e43d2eeb012a8524df498e989b5d9fa,BUY,Yes,76626557395718138549682497346449622033790455953645207983251701172676708683039,0xcec7958225b06aa2464a72d934ddcc9b66bb6f35ad065010496d8db92de412a0,0.9349996307,1.069517,0.9999980000273719,1730708167,Will a Republican win Alaska Presidential Election?
0x9284cddc11516ee0d9d600efe23ebc78c2370cea13a2b6763d0db8db83f7ca58,0xff24b3d18a49fa783bcbadad1c83c6ccfef3c471,BUY,Yes,76626557395718138549682497346449622033790455953645207983251701172676708683039,0xcec7958225b06aa2464a72d934ddcc9b66bb6f35ad065010496d8db92de412a0,0.9349996307,1.069517,0.9999980000273719,1730707609,Will a Republican win Alaska Presidential Election?
0xe174aef784aea395cd43fe17cede29e4a159e24d02f8ae1268bf0b937348be4c,0x4d790031b003951f7c68b2a1cf009bca350dc3ad,BUY,Yes,76626557395718138549682497346449622033790455953645207983251701172676708683039,0xcec7958225b06aa2464a72d934ddcc9b66bb6f35ad065010496d8db92de412a0,0.9349999792,12.278073,11.479997999616081,1730707087,Will a Republican win Alaska Presidential Election?
0x7e95d3602dc6d4ed4273a74dd15ce1b6cf0746a391278eea79f99e68afe218eb,0x939089775b07d5ea2bd55dbbbfe10d16c2680c79,BUY,Yes,76626557395718138549682497346449622033790455953645207983251701172676708683039,0xcec7958225b06aa2464a72d934ddcc9b66bb6f35ad065010496d8db92de412a0,0.9349996307,1.069517,0.9999980000273719,1730707011,Will a Republican win Alaska Presidential Election?
0x6d9aef1df09c594edd37b7f666b4cbe418286e3ecd344e192101fe68b2fdb7a3,0x662d7e83040d8c9609ddefeb98369c517a662e0c,BUY,Yes,76626557395718138549682497346449622033790455953645207983251701172676708683039,0xcec7958225b06aa2464a72d934ddcc9b66bb6f35ad065010496d8db92de412a0,0.9349996307,1.069517,0.9999980000273719,1730706547,Will a Republican win Alaska Presidential Election?
0x99f3e8c18f7bc626948237fadaf95dfab28126d8a431b548426ac775cabe27ed,0x53e7fb1adf6d03bf6885f48ddc22c00018f8c339,BUY,Yes,76626557395718138549682497346449622033790455953645207983251701172676708683039,0xcec7958225b06aa2464a72d934ddcc9b66bb6f35ad065010496d8db92de412a0,0.9349996307,1.069517,0.9999980000273719,1730706227,Will a Republican win Alaska Presidential Election?
0x999d1399c6be738fd2147397607bf75234ec08f3025e69af021729a910a4f263,0x8a8c1f2c98172fdb37f912235f780e70bf062111,BUY,Yes,76626557395718138549682497346449622033790455953645207983251701172676708683039,0xcec7958225b06aa2464a72d934ddcc9b66bb6f35ad065010496d8db92de412a0,0.9349996307,1.069517,0.9999980000273719,1730705829,Will a Republican win Alaska Presidential Election?
0xdd1785fef293b38a36d3d4d290e2017ab56eccbec8633dadcca9edca6138568a,0xb7d54bf1d0a362beb916d9cb58a04c41d67e0789,BUY,No,9646994822693149615303360714935546561049708672550992328943885204944470918778,0xcec7958225b06aa2464a72d934ddcc9b66bb6f35ad065010496d8db92de412a0,0.09,145,13.049999999999999,1730703442,Will a Republican win Alaska Presidential Election?
0x085f62a1331216dddfa693d1909b6f11e2e1340c82ddf723787816f56c8d44cd,0x4f2ba33b080882c0f6b296f48cfd07b6c326f448,BUY,No,9646994822693149615303360714935546561049708672550992328943885204944470918778,0xcec7958225b06aa2464a72d934ddcc9b66bb6f35ad065010496d8db92de412a0,0.09,200,18.0,1730703436,Will a Republican win Alaska Presidential Election?
0xe2b8f1aef457aa38f7fd45dda6732575e77753ff26b104908fcdefaa6b664bfa,0xd218e474776403a330142299f7796e8ba32eb5c9,BUY,No,9646994822693149615303360714935546561049708672550992328943885204944470918778,0xcec7958225b06aa2464a72d934ddcc9b66bb6f35ad065010496d8db92de412a0,0.089,200,17.8,1730703436,Will a Republican win Alaska Presidential Election?
0x722113f454800d09b51265e2458ed2d9fc0dda5d230f1fd5c58b210464156318,0x5d8bb55a22c78ed6d35994744fb25dd78ee8617b,BUY,Yes,76626557395718138549682497346449622033790455953645207983251701172676708683039,0xcec7958225b06aa2464a72d934ddcc9b66bb6f35ad065010496d8db92de412a0,0.9349996914,2.139036,1.9999979998934905,1730701648,Will a Republican win Alaska Presidential Election?
0xd68d8dcade01062f72767ef62e9d9cfe7c8b503b32d1860e545af1d20d62ed7a,0x084fb86d0aa0bac84943405c4700ae9880b9bbb8,BUY,Yes,76626557395718138549682497346449622033790455953645207983251701172676708683039,0xcec7958225b06aa2464a72d934ddcc9b66bb6f35ad065010496d8db92de412a0,0.936,1.068375,0.9999990000000001,1730696466,Will a Republican win Alaska Presidential Election?
0xa5c3993bb7204b6ccfb1a61d00a7db3151657fdab50d44b48b41d26133e6450b,0x2e66f7bdcd51c032d82029bb5cb1faf50c28dd49,BUY,Yes,76626557395718138549682497346449622033790455953645207983251701172676708683039,0xcec7958225b06aa2464a72d934ddcc9b66bb6f35ad065010496d8db92de412a0,0.936,1.068375,0.9999990000000001,1730694908,Will a Republican win Alaska Presidential Election?
0xfb3fe5091387876d8fdb5086703f67bb5fa040719af02a88a20e60e9ff823792,0x3a3d9760b6894f88d309f885f97bf920a1830825,BUY,Yes,76626557395718138549682497346449622033790455953645207983251701172676708683039,0xcec7958225b06aa2464a72d934ddcc9b66bb6f35ad065010496d8db92de412a0,0.9359997279,3.205127,2.9999979998849433,1730694271,Will a Republican win Alaska Presidential Election?
0x8cee7d3b0e1028e0046b3f5ec990b4113c493ad20bf530fc55cb5498d867faf6,0x2b35aa27620a35b27116fc5fe43268eb2295139a,BUY,Yes,76626557395718138549682497346449622033790455953645207983251701172676708683039,0xcec7958225b06aa2464a72d934ddcc9b66bb6f35ad065010496d8db92de412a0,0.9269999509,1.078739,0.999991000033915,1730692545,Will a Republican win Alaska Presidential Election?
0xd368fbe32a3ddbc1c1020d28cf1578ea0306398e24725d82d37faf1ccbd04ef2,0x0c732d7da66a9b9f2d80737cd03211d0f2334a39,BUY,Yes,76626557395718138549682497346449622033790455953645207983251701172676708683039,0xcec7958225b06aa2464a72d934ddcc9b66bb6f35ad065010496d8db92de412a0,0.936,1.068375,0.9999990000000001,1730690232,Will a Republican win Alaska Presidential Election?
0x02f81051d6741db07ba4277546dd36d8751773e623454599ae246bb15c90f1e0,0x09f92c313f1472fce9e6b7edc679cc8112061d10,BUY,Yes,76626557395718138549682497346449622033790455953645207983251701172676708683039,0xcec7958225b06aa2464a72d934ddcc9b66bb6f35ad065010496d8db92de412a0,0.9349999579,1.069507,0.9999889999737553,1730689649,Will a Republican win Alaska Presidential Election?
0x4c26ef592f1c57e681b67770bcb44facdbde8173d1b54d6860bd9443d6637e26,0x871be094d4ebe0b7be0e2b5af6439a1a921125ae,BUY,Yes,76626557395718138549682497346449622033790455953645207983251701172676708683039,0xcec7958225b06aa2464a72d934ddcc9b66bb6f35ad065010496d8db92de412a0,0.936,2.13675,1.9999980000000002,1730689168,Will a Republican win Alaska Presidential Election?
0xb197d2f8f8c2c98f6fe15d57f31a098fed4cc42d2f6e440141815a533ed34fb3,0xe2e10df720252d68f3b8921ac4cb0c206d3688d6,BUY,Yes,76626557395718138549682497346449622033790455953645207983251701172676708683039,0xcec7958225b06aa2464a72d934ddcc9b66bb6f35ad065010496d8db92de412a0,0.936,1.068375,0.9999990000000001,1730688616,Will a Republican win Alaska Presidential Election?
0xfb6e44614a9ab0515431573ec0ec9d93dc8ccc942b61e397d4535742a48428b8,0xa6b6dbc278eafd3d29869b79d9cb2806b1d8bda5,BUY,Yes,76626557395718138549682497346449622033790455953645207983251701172676708683039,0xcec7958225b06aa2464a72d934ddcc9b66bb6f35ad065010496d8db92de412a0,0.936,1.068375,0.9999990000000001,1730688184,Will a Republican win Alaska Presidential Election?
0xbf68f85ac8ae4c05587101fee2072b9839730d4ea9e33dd6ba857604f33c047b,0x7549d5c277601a2a1d47ae00af1dc6c8ce27d8d0,BUY,Yes,76626557395718138549682497346449622033790455953645207983251701172676708683039,0xcec7958225b06aa2464a72d934ddcc9b66bb6f35ad065010496d8db92de412a0,0.936,1.068375,0.9999990000000001,1730687135,Will a Republican win Alaska Presidential Election?
0x3404160f7b78aa48b1a08ea19b272473204d7f4a4229f8a8422cddea1cea36db,0xa490874a00f5e0de5ec119c4a216e2c6577c57c2,BUY,Yes,76626557395718138549682497346449622033790455953645207983251701172676708683039,0xcec7958225b06aa2464a72d934ddcc9b66bb6f35ad065010496d8db92de412a0,0.936,2.13675,1.9999980000000002,1730686735,Will a Republican win Alaska Presidential Election?
0x585fb47b0102ffae4ceb5cb1b02433421bfb356271401b6ec436587a571844f6,0x81eaadcf537b5db7fa64b913a3c063bc386d00f3,BUY,Yes,76626557395718138549682497346449622033790455953645207983251701172676708683039,0xcec7958225b06aa2464a72d934ddcc9b66bb6f35ad065010496d8db92de412a0,0.936,1.068375,0.9999990000000001,1730686222,Will a Republican win Alaska Presidential Election?
0x813dcaa869cad1a5a0557cef372b2d8d3096dc4571e2c35874b1f559241a5d6d,0x9b93f67be75b928592fe486132bec8ffa7d3495f,BUY,Yes,76626557395718138549682497346449622033790455953645207983251701172676708683039,0xcec7958225b06aa2464a72d934ddcc9b66bb6f35ad065010496d8db92de412a0,0.936,1.068375,0.9999990000000001,1730685814,Will a Republican win Alaska Presidential Election?
0x18eeb945be57807a0244b521387a2c865e0f8b482c8bdc68f5c2e499b3db8cb3,0x9e0d8a97007fbc4104b881892c6261068f90ff85,BUY,Yes,76626557395718138549682497346449622033790455953645207983251701172676708683039,0xcec7958225b06aa2464a72d934ddcc9b66bb6f35ad065010496d8db92de412a0,0.9379999841,2.132193,1.9999970000981313,1730685358,Will a Republican win Alaska Presidential Election?
0x2b589f3a5da4522e9ebef1c5ce38937d14cb846b439f59cea66c4b1f0878086b,0x97258603c5cc4f2608d77ce054fb46d9593c62e0,BUY,Yes,76626557395718138549682497346449622033790455953645207983251701172676708683039,0xcec7958225b06aa2464a72d934ddcc9b66bb6f35ad065010496d8db92de412a0,0.934146645,428.19829,399.999995998237,1730685151,Will a Republican win Alaska Presidential Election?
0x75da5ff0c60389db6a0ab3d252cc29cef45a179422a040a305ae515841e2db30,0x2e4ca806793d5d58caa0daf5cb00e66b42ca3581,BUY,Yes,76626557395718138549682497346449622033790455953645207983251701172676708683039,0xcec7958225b06aa2464a72d934ddcc9b66bb6f35ad065010496d8db92de412a0,0.927,11,10.197000000000001,1730684530,Will a Republican win Alaska Presidential Election?
0xd6f8e0b77f13669eb70342f5aba7eb2a133c43278f878546053c46e72c095d74,0xe2f0081d4c8c35c09eb216b6090817ae16560bd2,BUY,No,9646994822693149615303360714935546561049708672550992328943885204944470918778,0xcec7958225b06aa2464a72d934ddcc9b66bb6f35ad065010496d8db92de412a0,0.0891768145,3364.10311,299.9999989993431,1730684524,Will a Republican win Alaska Presidential Election?
0x8527ee1865367434e18a122e1add32a7e501804834caf44e1fa0228201f2d05a,0x25831873e63bd4e3ce8f2dafed5dc87832130626,SELL,Yes,76626557395718138549682497346449622033790455953645207983251701172676708683039,0xcec7958225b06aa2464a72d934ddcc9b66bb6f35ad065010496d8db92de412a0,0.9117310831,1436.28,1309.5011200348679,1730678117,Will a Republican win Alaska Presidential Election?
0xba7efbb84eafae7ee99434bbb1bb9b4e53732563089c96247bd6125b3ef06ec9,0xb54e063ff33eb676da5e3f0df0b07f72a51c4317,BUY,Yes,76626557395718138549682497346449622033790455953645207983251701172676708683039,0xcec7958225b06aa2464a72d934ddcc9b66bb6f35ad065010496d8db92de412a0,0.9279999926,5.38793,4.999999000129318,1730677246,Will a Republican win Alaska Presidential Election?
0x5e3c0e58838ced6715309dc95e8fd68b9a14b0d0e3416033cbd0ecc2c68e2fbf,0xd218e474776403a330142299f7796e8ba32eb5c9,BUY,No,9646994822693149615303360714935546561049708672550992328943885204944470918778,0xcec7958225b06aa2464a72d934ddcc9b66bb6f35ad065010496d8db92de412a0,0.08,1179.3,94.344,1730676148,Will a Republican win Alaska Presidential Election?
0x41d9bd3b8c67b84b04cbdd4dfd6613236b69f0c008f600b05ce5810c4c012a87,0xb7d54bf1d0a362beb916d9cb58a04c41d67e0789,SELL,Yes,76626557395718138549682497346449622033790455953645207983251701172676708683039,0xcec7958225b06aa2464a72d934ddcc9b66bb6f35ad065010496d8db92de412a0,0.92,10.14,9.328800000000001,1730675630,Will a Republican win Alaska Presidential Election?
0x0041bc8cb46f1908508c6b13c4f422fc8360eaec5e4f9ba423fa7933cd9ed644,0x4f2ba33b080882c0f6b296f48cfd07b6c326f448,BUY,No,9646994822693149615303360714935546561049708672550992328943885204944470918778,0xcec7958225b06aa2464a72d934ddcc9b66bb6f35ad065010496d8db92de412a0,0.0799768169,665.14,53.195779992865994,1730675365,Will a Republican win Alaska Presidential Election?
0x9954fc6a8a0536fe4fff2cfe51facb58608a238329481a1014338473fd7c71aa,0xb7d54bf1d0a362beb916d9cb58a04c41d67e0789,BUY,No,9646994822693149615303360714935546561049708672550992328943885204944470918778,0xcec7958225b06aa2464a72d934ddcc9b66bb6f35ad065010496d8db92de412a0,0.08,145,11.6,1730675365,Will a Republican win Alaska Presidential Election?
0x0e308bfff132e3a2fa84543a05bdea7d1ba3824edfeafef3ebe171af1468e000,0xd218e474776403a330142299f7796e8ba32eb5c9,BUY,No,9646994822693149615303360714935546561049708672550992328943885204944470918778,0xcec7958225b06aa2464a72d934ddcc9b66bb6f35ad065010496d8db92de412a0,0.077,660,50.82,1730675365,Will a Republican win Alaska Presidential Election?
0x72ab92c1720e3ae77527e732abc7f770feab47160ce22fec4d4ee3c946b0fea7,0xa5265ec3e8ec6a9bc4d7d78bba2be888ec6e15b8,BUY,Yes,76626557395718138549682497346449622033790455953645207983251701172676708683039,0xcec7958225b06aa2464a72d934ddcc9b66bb6f35ad065010496d8db92de412a0,0.936,1.068375,0.9999990000000001,1730669452,Will a Republican win Alaska Presidential Election?
0x9881d154210a66f65fe78ec8360e0ee6ec48d097e05ad2bdd5504271a74a483e,0xb7d54bf1d0a362beb916d9cb58a04c41d67e0789,BUY,No,9646994822693149615303360714935546561049708672550992328943885204944470918778,0xcec7958225b06aa2464a72d934ddcc9b66bb6f35ad065010496d8db92de412a0,0.077,205,15.785,1730665727,Will a Republican win Alaska Presidential Election?
0x8f2653b963e56a62d5222fcb61b317006442d9a053266c95f899c50a0056663f,0x334677ad7e4929253e924a864acaa432cb586bc3,BUY,Yes,76626557395718138549682497346449622033790455953645207983251701172676708683039,0xcec7958225b06aa2464a72d934ddcc9b66bb6f35ad065010496d8db92de412a0,0.94,81.64,76.74159999999999,1730650361,Will a Republican win Alaska Presidential Election?
0xcbce109eb8f320757a4c3a95a7cbb0d68d5e4b2beabc112a84fde8d67a46031a,0xc0a89d1efadb30becbda5d79229ee5eee33e64d2,BUY,Yes,76626557395718138549682497346449622033790455953645207983251701172676708683039,0xcec7958225b06aa2464a72d934ddcc9b66bb6f35ad065010496d8db92de412a0,0.94,205.14,192.83159999999998,1730650119,Will a Republican win Alaska Presidential Election?
0x1d7fed4da37576897c75234ad72f6f88f085fce08e73a2fefe9b4a57e5de9e9e,0x6a490d24cae60ad37b066b69d8d9382797975862,BUY,Yes,76626557395718138549682497346449622033790455953645207983251701172676708683039,0xcec7958225b06aa2464a72d934ddcc9b66bb6f35ad065010496d8db92de412a0,0.94,5211.0319,4898.369986,1730649433,Will a Republican win Alaska Presidential Election?
0x5882451e901e13224e11d5a7ed31dfce768d8e78cf79f090f8025c85fdd5c94a,0xb7d54bf1d0a362beb916d9cb58a04c41d67e0789,SELL,Yes,76626557395718138549682497346449622033790455953645207983251701172676708683039,0xcec7958225b06aa2464a72d934ddcc9b66bb6f35ad065010496d8db92de412a0,0.924,23.38,21.60312,1730649325,Will a Republican win Alaska Presidential Election?
0x84e830ef11c420439696fe7969c672994c91c597d43703fe2b68d5bceae4ce24,0x01b43501e0312fec4f2329b4e03616cf4884181b,SELL,Yes,76626557395718138549682497346449622033790455953645207983251701172676708683039,0xcec7958225b06aa2464a72d934ddcc9b66bb6f35ad065010496d8db92de412a0,0.924427899,23.37,21.60387999963,1730649217,Will a Republican win Alaska Presidential Election?
0xcf76292b8be87fc8fb6184665314311364fd656d1a69fc09946fb7ebb3376f47,0x01b43501e0312fec4f2329b4e03616cf4884181b,BUY,Yes,76626557395718138549682497346449622033790455953645207983251701172676708683039,0xcec7958225b06aa2464a72d934ddcc9b66bb6f35ad065010496d8db92de412a0,0.9409999978,23.379372,21.99998900056538,1730649205,Will a Republican win Alaska Presidential Election?
0xc2a0a913ea4f5e790be3c46975931b704604651c1092eba1c270ef1923290a84,0x4cc3522b689a6bf1fb4a2444c523e7776db47552,SELL,No,9646994822693149615303360714935546561049708672550992328943885204944470918778,0xcec7958225b06aa2464a72d934ddcc9b66bb6f35ad065010496d8db92de412a0,0.059,45.81,2.70279,1730647451,Will a Republican win Alaska Presidential Election?
0xf9bf87660b88d1aa2b74ca8b219a4064e922a557f02b65df0e148e6d7f56335d,0x63d43bbb87f85af03b8f2f9e2fad7b54334fa2f1,BUY,No,9646994822693149615303360714935546561049708672550992328943885204944470918778,0xcec7958225b06aa2464a72d934ddcc9b66bb6f35ad065010496d8db92de412a0,0.067,251.37,16.84179,1730637185,Will a Republican win Alaska Presidential Election?
0x7c03e77943892ab8ff71686f33455d5ba0823ed37c4398f6b0b22bf3ded7fea6,0x8e095c686c4e78658fab5dede0c6b7e1e27f3cb2,BUY,No,9646994822693149615303360714935546561049708672550992328943885204944470918778,0xcec7958225b06aa2464a72d934ddcc9b66bb6f35ad065010496d8db92de412a0,0.067,150,10.05,1730637185,Will a Republican win Alaska Presidential Election?
0xb5e04159a22358725bc929662f2e7623303eb1a18afd37f0864aa6f88e0f31db,0x5f390e4b7d6f06d6756a6c92afdbf7b3176aa78c,BUY,No,9646994822693149615303360714935546561049708672550992328943885204944470918778,0xcec7958225b06aa2464a72d934ddcc9b66bb6f35ad065010496d8db92de412a0,0.0761149346,1129.86,85.999220007156,1730636891,Will a Republican win Alaska Presidential Election?
0x05acfa19597fba587592f55f777b68bbca1d46f4f06f26f45e3c4dc559c8ebd9,0x63d43bbb87f85af03b8f2f9e2fad7b54334fa2f1,BUY,No,9646994822693149615303360714935546561049708672550992328943885204944470918778,0xcec7958225b06aa2464a72d934ddcc9b66bb6f35ad065010496d8db92de412a0,0.06,1129.87,67.7922,1730636882,Will a Republican win Alaska Presidential Election?
0xcf89414d80a51f38fe7a453a517888d841b4d871c50c9b6215f7374b5fee00b6,0xe3726a1b9c6ba2f06585d1c9e01d00afaedaeb38,SELL,Yes,76626557395718138549682497346449622033790455953645207983251701172676708683039,0xcec7958225b06aa2464a72d934ddcc9b66bb6f35ad065010496d8db92de412a0,0.94,50,47.0,1730636882,Will a Republican win Alaska Presidential Election?
0xda989f10eb0826a6b42285a500e02a5eb89efae2b77b6d3499b4f802aea62c0b,0xd218e474776403a330142299f7796e8ba32eb5c9,BUY,No,9646994822693149615303360714935546561049708672550992328943885204944470918778,0xcec7958225b06aa2464a72d934ddcc9b66bb6f35ad065010496d8db92de412a0,0.06,2250,135.0,1730636882,Will a Republican win Alaska Presidential Election?
0x01225187c8a7270a1c586c010b800f219caab53206f0c6a5723ee42c1c8c613d,0x000d257d2dc7616feaef4ae0f14600fdf50a758e,BUY,Yes,76626557395718138549682497346449622033790455953645207983251701172676708683039,0xcec7958225b06aa2464a72d934ddcc9b66bb6f35ad065010496d8db92de412a0,0.9386889829,1094.57,1027.460800012853,1730636882,Will a Republican win Alaska Presidential Election?
0xba9f7edc58a12c4e5e97036cb2e42d75ba675e34f7c64835f552688afc5e4f35,0xd218e474776403a330142299f7796e8ba32eb5c9,BUY,No,9646994822693149615303360714935546561049708672550992328943885204944470918778,0xcec7958225b06aa2464a72d934ddcc9b66bb6f35ad065010496d8db92de412a0,0.088,100,8.799999999999999,1730631384,Will a Republican win Alaska Presidential Election?
0xa143c8cabd3c42ebe4e3a171839013a9f5594ad962568cc4478d2804e6eaebf5,0xe5bc5e2cd15209eb20e9c4e3c707638601633de2,BUY,Yes,76626557395718138549682497346449622033790455953645207983251701172676708683039,0xcec7958225b06aa2464a72d934ddcc9b66bb6f35ad065010496d8db92de412a0,0.93,300,279.0,1730629142,Will a Republican win Alaska Presidential Election?
0x218c54a9151bfd7df8fe5e96ca27b9090f2f423f9746e69c0e92f67a98d19fd2,0xd218e474776403a330142299f7796e8ba32eb5c9,BUY,No,9646994822693149615303360714935546561049708672550992328943885204944470918778,0xcec7958225b06aa2464a72d934ddcc9b66bb6f35ad065010496d8db92de412a0,0.082,20,1.6400000000000001,1730626824,Will a Republican win Alaska Presidential Election?
0x3f093c0635df36998a922de81cd79eddf1b92af32a7300675d020427c2736f78,0x9f72946b6711dc051cf1da515696e2dfaf327950,SELL,Yes,76626557395718138549682497346449622033790455953645207983251701172676708683039,0xcec7958225b06aa2464a72d934ddcc9b66bb6f35ad065010496d8db92de412a0,0.919,0.01,0.00919,1730623817,Will a Republican win Alaska Presidential Election?
0x72013c55a3f29513ad6855b5658491c314f275b35e60805561909f81ecbc4379,0x9f72946b6711dc051cf1da515696e2dfaf327950,BUY,Yes,76626557395718138549682497346449622033790455953645207983251701172676708683039,0xcec7958225b06aa2464a72d934ddcc9b66bb6f35ad065010496d8db92de412a0,0.9289231627,0.010763,0.0099980000001401,1730623809,Will a Republican win Alaska Presidential Election?
0xe5eb1f80dace9de02a1400b69f882e2cc0026a77d4fa307c4a45ab57d4c91f41,0x63d43bbb87f85af03b8f2f9e2fad7b54334fa2f1,BUY,No,9646994822693149615303360714935546561049708672550992328943885204944470918778,0xcec7958225b06aa2464a72d934ddcc9b66bb6f35ad065010496d8db92de412a0,0.082,180,14.76,1730616067,Will a Republican win Alaska Presidential Election?
0xe95ec4922eaac6e445c51f0e5c41b64edb0788f19e6aebfa788462ca75db2fa6,0x63d43bbb87f85af03b8f2f9e2fad7b54334fa2f1,BUY,No,9646994822693149615303360714935546561049708672550992328943885204944470918778,0xcec7958225b06aa2464a72d934ddcc9b66bb6f35ad065010496d8db92de412a0,0.081,10,0.81,1730616061,Will a Republican win Alaska Presidential Election?
0x09163eeae47458248cfbd55c10a90c273bffbffa2183647fbec2c0491caf2af1,0x2b7542b8d790090aac6ffe1a2adfb821411ebe16,BUY,Yes,76626557395718138549682497346449622033790455953645207983251701172676708683039,0xcec7958225b06aa2464a72d934ddcc9b66bb6f35ad065010496d8db92de412a0,0.94,1063.829783,999.9999960199999,1730615027,Will a Republican win Alaska Presidential Election?
0xe59e7e16fb6c05c9d3be6a6ff153d1489a96e06dac187d8e99ea356bc23af01b,0x832186a423c51a93ec85bcbb6e793babcf3bd42b,BUY,Yes,76626557395718138549682497346449622033790455953645207983251701172676708683039,0xcec7958225b06aa2464a72d934ddcc9b66bb6f35ad065010496d8db92de412a0,0.938,217.04,203.58352,1730612032,Will a Republican win Alaska Presidential Election?
0x9171d51957de8ed39a0ec180e2cc84d76966f20a5a61630ccd4e661f5fb89d8b,0xe5bc5e2cd15209eb20e9c4e3c707638601633de2,BUY,Yes,76626557395718138549682497346449622033790455953645207983251701172676708683039,0xcec7958225b06aa2464a72d934ddcc9b66bb6f35ad065010496d8db92de412a0,0.94,200,188.0,1730607271,Will a Republican win Alaska Presidential Election?
0xa8e0a4f651dfcfac33a8f6767f10b4704a3f1d904d1b71d66d36a8afb46bf98f,0x51fd7563b6c631551ec327a445159bcad6086a0c,BUY,Yes,76626557395718138549682497346449622033790455953645207983251701172676708683039,0xcec7958225b06aa2464a72d934ddcc9b66bb6f35ad065010496d8db92de412a0,0.9399999842,26.595743,24.999997999787258,1730603463,Will a Republican win Alaska Presidential Election?
0x13a64eae881a9083c929279af5c32563b91cd4cb14a156249615427790cfaa61,0x5223bb9f4778ee357d349108ed046372f39db04c,BUY,No,9646994822693149615303360714935546561049708672550992328943885204944470918778,0xcec7958225b06aa2464a72d934ddcc9b66bb6f35ad065010496d8db92de412a0,0.0853414408,2343.527332,199.99999906705995,1730603003,Will a Republican win Alaska Presidential Election?
0x48e987a5989970af6b9353bddd6c65549983a04559c9e82917097f7cb57ece15,0xd218e474776403a330142299f7796e8ba32eb5c9,BUY,No,9646994822693149615303360714935546561049708672550992328943885204944470918778,0xcec7958225b06aa2464a72d934ddcc9b66bb6f35ad065010496d8db92de412a0,0.072,100,7.199999999999999,1730600368,Will a Republican win Alaska Presidential Election?
0x7925d5624cda91a2d92c8927227096c298951380df14be222b01032d988ef90f,0xd42f6a1634a3707e27cbae14ca966068e5d1047d,BUY,No,9646994822693149615303360714935546561049708672550992328943885204944470918778,0xcec7958225b06aa2464a72d934ddcc9b66bb6f35ad065010496d8db92de412a0,0.0689916117,5007,345.44099978189996,1730594880,Will a Republican win Alaska Presidential Election?
0x4db3749032e6d0de21d945a047160cbee9139e0aab8d2ae705f3b6374170b943,0x12c010bd85a7cd6db0a9f3febcbfc31ee6bb7bd8,BUY,No,9646994822693149615303360714935546561049708672550992328943885204944470918778,0xcec7958225b06aa2464a72d934ddcc9b66bb6f35ad065010496d8db92de412a0,0.06,1062.34,63.740399999999994,1730593920,Will a Republican win Alaska Presidential Election?
0xae4b6f42567367e169fd3e4615d2ac45cea86838b1caa4d78e8cb0c448cf0000,0xd218e474776403a330142299f7796e8ba32eb5c9,BUY,No,9646994822693149615303360714935546561049708672550992328943885204944470918778,0xcec7958225b06aa2464a72d934ddcc9b66bb6f35ad065010496d8db92de412a0,0.06,662.69,39.7614,1730593700,Will a Republican win Alaska Presidential Election?
0x6764d63f9d824d1c0da1a4f9f5f13416998a31236dfa33f229b7289b95e27460,0xd218e474776403a330142299f7796e8ba32eb5c9,BUY,No,9646994822693149615303360714935546561049708672550992328943885204944470918778,0xcec7958225b06aa2464a72d934ddcc9b66bb6f35ad065010496d8db92de412a0,0.06,1587.3,95.238,1730593293,Will a Republican win Alaska Presidential Election?
0x586920b1cfd623ea3f53d05b826310183a84f20f2acd74013b1c6aac8d62e8e3,0xb29c5c6dadba4f6be7f79a17323378ca075c0e87,BUY,No,9646994822693149615303360714935546561049708672550992328943885204944470918778,0xcec7958225b06aa2464a72d934ddcc9b66bb6f35ad065010496d8db92de412a0,0.0599999999,16666.666665,999.9999982333335,1730593203,Will a Republican win Alaska Presidential Election?
0xb7b7b369b04c46e0e63aaffb7903e5bff4d80b259d48bf3644a6401e4236d124,0xb7d54bf1d0a362beb916d9cb58a04c41d67e0789,BUY,No,9646994822693149615303360714935546561049708672550992328943885204944470918778,0xcec7958225b06aa2464a72d934ddcc9b66bb6f35ad065010496d8db92de412a0,0.0596774194,31,1.8500000014,1730592759,Will a Republican win Alaska Presidential Election?
0x615f99d1dea49b2044559003f277c6ca67af3243fa9f8abc8c2f0962ca81f9dd,0xd218e474776403a330142299f7796e8ba32eb5c9,BUY,No,9646994822693149615303360714935546561049708672550992328943885204944470918778,0xcec7958225b06aa2464a72d934ddcc9b66bb6f35ad065010496d8db92de412a0,0.063,100,6.3,1730590011,Will a Republican win Alaska Presidential Election?
0x3975bd1545838399dff908c595e0d5cf3f5638fef037b1fbc9bc5cc963bae30c,0x9d84ce0306f8551e02efef1680475fc0f1dc1344,BUY,No,9646994822693149615303360714935546561049708672550992328943885204944470918778,0xcec7958225b06aa2464a72d934ddcc9b66bb6f35ad065010496d8db92de412a0,0.0606258531,13001.15,788.205810031065,1730589324,Will a Republican win Alaska Presidential Election?
0x26fcb559bf244fd5600c11ad06ab047d4aaca2342812e5e0ca21cd046398feb6,0xd218e474776403a330142299f7796e8ba32eb5c9,BUY,No,9646994822693149615303360714935546561049708672550992328943885204944470918778,0xcec7958225b06aa2464a72d934ddcc9b66bb6f35ad065010496d8db92de412a0,0.054,20,1.08,1730589318,Will a Republican win Alaska Presidential Election?
0x95a3d32a016353826d13ba15fab7d55b1c51e524de6cba0e17393e910d8147f8,0xd218e474776403a330142299f7796e8ba32eb5c9,BUY,No,9646994822693149615303360714935546561049708672550992328943885204944470918778,0xcec7958225b06aa2464a72d934ddcc9b66bb6f35ad065010496d8db92de412a0,0.053,180,9.54,1730579398,Will a Republican win Alaska Presidential Election?
0xec684451807459557d80afe0684322161e9bbad6c02588001db1c9fe448b2520,0x4f2ba33b080882c0f6b296f48cfd07b6c326f448,BUY,No,9646994822693149615303360714935546561049708672550992328943885204944470918778,0xcec7958225b06aa2464a72d934ddcc9b66bb6f35ad065010496d8db92de412a0,0.0539,200,10.780000000000001,1730579398,Will a Republican win Alaska Presidential Election?
0xa921e28135f7efbe35577659c8a07353e1fd22ddd7cfd1948531ab6916832b68,0x5cfc43e069b4bf6e3e2bee5857f2453268886e30,BUY,Yes,76626557395718138549682497346449622033790455953645207983251701172676708683039,0xcec7958225b06aa2464a72d934ddcc9b66bb6f35ad065010496d8db92de412a0,0.95,448.21052,425.79999399999997,1730567547,Will a Republican win Alaska Presidential Election?
0x7ddfea661b60a47f459e91fd9549882d9dbf2b23f97ff888ab652e09afc484f2,0x967f9914475631f9eb5b1d8c1b6942c1111e7281,BUY,Yes,76626557395718138549682497346449622033790455953645207983251701172676708683039,0xcec7958225b06aa2464a72d934ddcc9b66bb6f35ad065010496d8db92de412a0,0.95,78.93684,74.989998,1730565252,Will a Republican win Alaska Presidential Election?
0xa7a0a4cb7e559e9dd572f61464a998597cd07d18f2b0d4d570c21f3dde209a5b,0x5fa48bf28ae6cf314d43cc470b3a07a703d832c7,SELL,No,9646994822693149615303360714935546561049708672550992328943885204944470918778,0xcec7958225b06aa2464a72d934ddcc9b66bb6f35ad065010496d8db92de412a0,0.05,104.04,5.202000000000001,1730565052,Will a Republican win Alaska Presidential Election?
0x2096370b95201db8f0c17b20b4cf57c557fd0861179820fa5cdfc48438950131,0x3436f8169749b4f67c896b9201bca27117c1600b,BUY,Yes,76626557395718138549682497346449622033790455953645207983251701172676708683039,0xcec7958225b06aa2464a72d934ddcc9b66bb6f35ad065010496d8db92de412a0,0.949,4319.57,4099.27193,1730563800,Will a Republican win Alaska Presidential Election?
0x6d292f6baaf06870761dbab0aeeed4eb0e79dfb83555c5ea61f298e9dfc525f3,0x001da6166db439e0736a76e22b2f4def27e3316d,BUY,Yes,76626557395718138549682497346449622033790455953645207983251701172676708683039,0xcec7958225b06aa2464a72d934ddcc9b66bb6f35ad065010496d8db92de412a0,0.949,2968.31,2816.9261899999997,1730554147,Will a Republican win Alaska Presidential Election?
0x578809e1cf384201dfd2df1cd25cbad29bcf507c79917f9b7713f42d34f7f42f,0x3436f8169749b4f67c896b9201bca27117c1600b,BUY,Yes,76626557395718138549682497346449622033790455953645207983251701172676708683039,0xcec7958225b06aa2464a72d934ddcc9b66bb6f35ad065010496d8db92de412a0,0.948,205,194.34,1730551635,Will a Republican win Alaska Presidential Election?
0x2dc8ad91c389f116ed610c3955d372864245e3d344b6c8150f204bb19debeaa4,0xa314f78461e5ccab5f70580c91984b0e15d45ba7,BUY,Yes,76626557395718138549682497346449622033790455953645207983251701172676708683039,0xcec7958225b06aa2464a72d934ddcc9b66bb6f35ad065010496d8db92de412a0,0.949,10,9.49,1730546248,Will a Republican win Alaska Presidential Election?
0xbe7b741379da72a02f6553e4cff489531852f8490cc668a795b02315be17c1d9,0xe76df0b9b6ec796f2be3660c8ddeaa84287d427d,BUY,Yes,76626557395718138549682497346449622033790455953645207983251701172676708683039,0xcec7958225b06aa2464a72d934ddcc9b66bb6f35ad065010496d8db92de412a0,0.9489997343,0.105372,0.09999800000265958,1730545019,Will a Republican win Alaska Presidential Election?
0xba85620611e231a11df556a39598d05514830b3a27f91e5817d425901fe791e6,0x9660ad44e2bbfa5fd84bf71fcd885d17dfc7df88,SELL,Yes,76626557395718138549682497346449622033790455953645207983251701172676708683039,0xcec7958225b06aa2464a72d934ddcc9b66bb6f35ad065010496d8db92de412a0,0.9381300052,76.92,72.160959999984,1730541215,Will a Republican win Alaska Presidential Election?
0xbda846cb675b48dba88dcd2ef3929ee4b225fe6397855470cf1f065604c65274,0x63d43bbb87f85af03b8f2f9e2fad7b54334fa2f1,BUY,No,9646994822693149615303360714935546561049708672550992328943885204944470918778,0xcec7958225b06aa2464a72d934ddcc9b66bb6f35ad065010496d8db92de412a0,0.052,218.65,11.3698,1730536039,Will a Republican win Alaska Presidential Election?
0x8d08213433ad43b7454116d1f3ce259afe80340577c671f37782cd021a39984c,0x6168c5a7b28f3ff857dd7e3fceef8ddda6628199,BUY,Yes,76626557395718138549682497346449622033790455953645207983251701172676708683039,0xcec7958225b06aa2464a72d934ddcc9b66bb6f35ad065010496d8db92de412a0,0.9489997153,0.094823,0.08998700000389191,1730534923,Will a Republican win Alaska Presidential Election?
0xe53f1cb68ba8c187cb7fd5b48f0f07c1425400b4d22e49d45bde8917c007c305,0xbca75b9ac4e9eff2f8e53fa97893f179719ff067,BUY,Yes,76626557395718138549682497346449622033790455953645207983251701172676708683039,0xcec7958225b06aa2464a72d934ddcc9b66bb6f35ad065010496d8db92de412a0,0.9489999996,105.374058,99.99998099985038,1730527008,Will a Republican win Alaska Presidential Election?
0x547276ccbcfc6e82ce8a3d400320c9149b781ebe677b810c004de5838fc38e2f,0x169b8e2a1d5a3e9d840a08074a090afa82a730c9,BUY,Yes,76626557395718138549682497346449622033790455953645207983251701172676708683039,0xcec7958225b06aa2464a72d934ddcc9b66bb6f35ad065010496d8db92de412a0,0.949,89.97,85.38153,1730523776,Will a Republican win Alaska Presidential Election?
0x9196a26823275204189352be79bd71a3fccd6438715626571a7e1e8d92372722,0x8d2dfa5467067189df7af810feb880466edc569c,BUY,Yes,76626557395718138549682497346449622033790455953645207983251701172676708683039,0xcec7958225b06aa2464a72d934ddcc9b66bb6f35ad065010496d8db92de412a0,0.9489999763,1.053725,0.9999850000267175,1730517939,Will a Republican win Alaska Presidential Election?
0x2e5d1e85968617fae480095132558056b9e87b36978cefc9e670f895672b1623,0x5fa48bf28ae6cf314d43cc470b3a07a703d832c7,BUY,No,9646994822693149615303360714935546561049708672550992328943885204944470918778,0xcec7958225b06aa2464a72d934ddcc9b66bb6f35ad065010496d8db92de412a0,0.0590000001,13.559322,0.7999999993559321,1730515851,Will a Republican win Alaska Presidential Election?
0xa9ca56c7718246791680dbcc249ea24f27820e02b89df140de519bdabe6d5911,0x5fa48bf28ae6cf314d43cc470b3a07a703d832c7,BUY,No,9646994822693149615303360714935546561049708672550992328943885204944470918778,0xcec7958225b06aa2464a72d934ddcc9b66bb6f35ad065010496d8db92de412a0,0.0590000001,13.559322,0.7999999993559321,1730515801,Will a Republican win Alaska Presidential Election?
0x83a6abd262a495aca6eadec9a722254afa5c9aec9517bbf515f897096680a791,0xc08f93fe175e35182da5c32665eabd5daa2fc3ba,BUY,Yes,76626557395718138549682497346449622033790455953645207983251701172676708683039,0xcec7958225b06aa2464a72d934ddcc9b66bb6f35ad065010496d8db92de412a0,0.949,5.5,5.2195,1730515319,Will a Republican win Alaska Presidential Election?
0x6bc089197b0d51a4524fb1f883e57d1f2ff56fdef7e2d0009e2d02c480027f62,0x9044c663622f92b36ffb320e4a8fdc95fe7fbb46,BUY,Yes,76626557395718138549682497346449622033790455953645207983251701172676708683039,0xcec7958225b06aa2464a72d934ddcc9b66bb6f35ad065010496d8db92de412a0,0.9492311228,526.7421,499.99999500902993,1730499716,Will a Republican win Alaska Presidential Election?
0xf3c367e74cf5d466feea5656571c33a7f54010a67b0ffdd98680d71b0919abee,0x5fa48bf28ae6cf314d43cc470b3a07a703d832c7,BUY,No,9646994822693149615303360714935546561049708672550992328943885204944470918778,0xcec7958225b06aa2464a72d934ddcc9b66bb6f35ad065010496d8db92de412a0,0.0649999886,76.923075,4.999998998076945,1730495306,Will a Republican win Alaska Presidential Election?
0x2dbe8f4970bbab63bc921c412bc261f55110630853b61c06ffe4c91d8a6b76ca,0xde64cd5342730682ff93815afe9f79a7818cd1b2,BUY,Yes,76626557395718138549682497346449622033790455953645207983251701172676708683039,0xcec7958225b06aa2464a72d934ddcc9b66bb6f35ad065010496d8db92de412a0,0.9489980055,0.010529,0.0099919999999095,1730494816,Will a Republican win Alaska Presidential Election?
0xfa864fc3452bb85e6a48ffcc596b3b19125a776a9258aa7b9be8e9e851418705,0x4c0ff4ed37078480a5abcc1605b8c8e61566f4e1,BUY,No,9646994822693149615303360714935546561049708672550992328943885204944470918778,0xcec7958225b06aa2464a72d934ddcc9b66bb6f35ad065010496d8db92de412a0,0.0580888889,225,13.0700000025,1730488798,Will a Republican win Alaska Presidential Election?
0x67f04d567fc494a3b99d27dd23c7937c1452cccfceb3252034e83cd92d6d1daf,0x66beb6c9aae3700511ca25d66b46501ed027744a,SELL,No,9646994822693149615303360714935546561049708672550992328943885204944470918778,0xcec7958225b06aa2464a72d934ddcc9b66bb6f35ad065010496d8db92de412a0,0.05,1237.17,61.85850000000001,1730484575,Will a Republican win Alaska Presidential Election?
0xe1382235efebc0bd283e0cfabd1e4e1a793f6a5c81aa038fdb9993b7d2d70409,0xf1628c187a0a0d5d042c316946735ec731b8b6b5,BUY,Yes,76626557395718138549682497346449622033790455953645207983251701172676708683039,0xcec7958225b06aa2464a72d934ddcc9b66bb6f35ad065010496d8db92de412a0,0.95,354.73684,336.99999799999995,1730480870,Will a Republican win Alaska Presidential Election?
0x5a01ebeae2b9b7c41fe8d6ccc3445a4323cfee17b17433f7283ec7b2757e7449,0xa7e4f9fa031514e3ae4615123354f14ab32f1009,BUY,Yes,76626557395718138549682497346449622033790455953645207983251701172676708683039,0xcec7958225b06aa2464a72d934ddcc9b66bb6f35ad065010496d8db92de412a0,0.947,20,18.939999999999998,1730468404,Will a Republican win Alaska Presidential Election?
0xa63f83ff0141ecb714f747174054fc79e8aa8c5450c460340817467254f7b039,0xd08ab871dffdf6ab898a23c15a2302e8cc6dde3a,BUY,Yes,76626557395718138549682497346449622033790455953645207983251701172676708683039,0xcec7958225b06aa2464a72d934ddcc9b66bb6f35ad065010496d8db92de412a0,0.9479999998,115.843865,109.81998399683123,1730468068,Will a Republican win Alaska Presidential Election?
0x6969f824f7daea525ea90985b9f60d1cb5eaae84b6f225260416caa31f7e92ef,0xeb6f0a13ea8c5a7a0514c25495adbe815c1025f0,BUY,Yes,76626557395718138549682497346449622033790455953645207983251701172676708683039,0xcec7958225b06aa2464a72d934ddcc9b66bb6f35ad065010496d8db92de412a0,0.947,1205,1141.135,1730464983,Will a Republican win Alaska Presidential Election?
0x4e58fe65e8389d5ac3d92576d7ac2fbd0ccb3acb67e68a49b0692fca2dced680,0x88b6e6704a2c3bdff2a7b21ce6b1b2e8f3343cff,BUY,Yes,76626557395718138549682497346449622033790455953645207983251701172676708683039,0xcec7958225b06aa2464a72d934ddcc9b66bb6f35ad065010496d8db92de412a0,0.9479999999,527.426153,499.99999299125733,1730464677,Will a Republican win Alaska Presidential Election?
0xc5e16dc01e51106110e98dba4ee8271e5f25450773a2700086010e91a38cb79a,0x88b6e6704a2c3bdff2a7b21ce6b1b2e8f3343cff,BUY,Yes,76626557395718138549682497346449622033790455953645207983251701172676708683039,0xcec7958225b06aa2464a72d934ddcc9b66bb6f35ad065010496d8db92de412a0,0.9479999999,527.426153,499.99999299125733,1730464591,Will a Republican win Alaska Presidential Election?
0x047c456364bd264316bccf474286701466cd7d0e7da07c0905b901e613f4a700,0x5685bf6758facce7d1221d3cc3ab0fdb836a62e2,BUY,Yes,76626557395718138549682497346449622033790455953645207983251701172676708683039,0xcec7958225b06aa2464a72d934ddcc9b66bb6f35ad065010496d8db92de412a0,0.9484745609,3162.973588,2999.9999850165973,1730462496,Will a Republican win Alaska Presidential Election?
0x3bdd9802761154758dae8b639fbe07f9147a4208a9317685b08362bba5adfd55,0x7fb7fb4850da632140983df2a006dc089c5d7970,BUY,Yes,76626557395718138549682497346449622033790455953645207983251701172676708683039,0xcec7958225b06aa2464a72d934ddcc9b66bb6f35ad065010496d8db92de412a0,0.9489999824,18.598523,17.649997999665995,1730461710,Will a Republican win Alaska Presidential Election?
0x490dee1609752a6c04a1ff966de97aa9e1fd8c98033cadee640c062bf3de3315,0x0dbabfe5cc37291d2f8d7b18ee2de5fba690e6fb,BUY,Yes,76626557395718138549682497346449622033790455953645207983251701172676708683039,0xcec7958225b06aa2464a72d934ddcc9b66bb6f35ad065010496d8db92de412a0,0.9489974377,0.147522,0.1399980000043794,1730458643,Will a Republican win Alaska Presidential Election?
0x7902aa16e8593325af63b3282c64d8704e3ee2ce12ea69ec3a035dd78b4ece93,0xb9168671ef3879883a3e8974400a5f1667138c8b,BUY,Yes,76626557395718138549682497346449622033790455953645207983251701172676708683039,0xcec7958225b06aa2464a72d934ddcc9b66bb6f35ad065010496d8db92de412a0,0.9529999958,78.698844,74.99999800146486,1730414021,Will a Republican win Alaska Presidential Election?
0xc786533de0471b87ca3ba1c19a24df3ea404419a7074a15f4e0c772b53803ef8,0x3436f8169749b4f67c896b9201bca27117c1600b,BUY,Yes,76626557395718138549682497346449622033790455953645207983251701172676708683039,0xcec7958225b06aa2464a72d934ddcc9b66bb6f35ad065010496d8db92de412a0,0.94,200,188.0,1730407911,Will a Republican win Alaska Presidential Election?
0xd597ea11a8628d8c9c2848ad0db4421438133daf6a7f6104bcdf17890677faaa,0x4c0ff4ed37078480a5abcc1605b8c8e61566f4e1,BUY,No,9646994822693149615303360714935546561049708672550992328943885204944470918778,0xcec7958225b06aa2464a72d934ddcc9b66bb6f35ad065010496d8db92de412a0,0.0682445202,29321.67,2001.0433006127341,1730406015,Will a Republican win Alaska Presidential Election?
0x3cf6424be5d7d732c762d321499699becda949f799976f68e39bed3a9f5cccae,0x9a0e628487eca18094c7fc104c2de4632bff9f0d,SELL,Yes,76626557395718138549682497346449622033790455953645207983251701172676708683039,0xcec7958225b06aa2464a72d934ddcc9b66bb6f35ad065010496d8db92de412a0,0.932,0.2,0.1864,1730402485,Will a Republican win Alaska Presidential Election?
0x2c53d14f6862b1d2fb8f30fe7cd45a5bcfa35d38a1fecbc12ddac164dca0ce92,0x4c0ff4ed37078480a5abcc1605b8c8e61566f4e1,BUY,No,9646994822693149615303360714935546561049708672550992328943885204944470918778,0xcec7958225b06aa2464a72d934ddcc9b66bb6f35ad065010496d8db92de412a0,0.06,6111,366.65999999999997,1730375898,Will a Republican win Alaska Presidential Election?
0xf4bad095a7cc3fa2d785c41bed2592bd0feeefc5642c8636c57bd63c09f20298,0x63d43bbb87f85af03b8f2f9e2fad7b54334fa2f1,BUY,No,9646994822693149615303360714935546561049708672550992328943885204944470918778,0xcec7958225b06aa2464a72d934ddcc9b66bb6f35ad065010496d8db92de412a0,0.055,7.35,0.40425,1730375870,Will a Republican win Alaska Presidential Election?
0x99314ccf3a32c859804c28299967430df51193889ae703303fd61cb95bc50be6,0xd218e474776403a330142299f7796e8ba32eb5c9,BUY,No,9646994822693149615303360714935546561049708672550992328943885204944470918778,0xcec7958225b06aa2464a72d934ddcc9b66bb6f35ad065010496d8db92de412a0,0.055,90,4.95,1730375870,Will a Republican win Alaska Presidential Election?
0x005d337cbbafd1a33f5105dd3cece9bd09719df478336e3b3f11c2711352b684,0x7a7345cd8e272aaeabcdab4f70f61b58b5e2d029,BUY,Yes,76626557395718138549682497346449622033790455953645207983251701172676708683039,0xcec7958225b06aa2464a72d934ddcc9b66bb6f35ad065010496d8db92de412a0,0.9699999998,103.092766,99.99998299938144,1730366776,Will a Republican win Alaska Presidential Election?
0xd8059f320f2ed56db29a6fbef824d6f99c63ca137943492eec75aacc946307dc,0x0ca89527dd31143ccc2202b79cf1bf4f8c538481,BUY,No,9646994822693149615303360714935546561049708672550992328943885204944470918778,0xcec7958225b06aa2464a72d934ddcc9b66bb6f35ad065010496d8db92de412a0,0.05,80,4.0,1730358648,Will a Republican win Alaska Presidential Election?
0x0720b6ee408ab90a9283c3b303d9e94c124a08e0841e9a22b704de7f9b7ca1bc,0xbb60b57e19db1aff4faec0b0ad80f7a845d709bd,BUY,Yes,76626557395718138549682497346449622033790455953645207983251701172676708683039,0xcec7958225b06aa2464a72d934ddcc9b66bb6f35ad065010496d8db92de412a0,0.9699998059,0.103066,0.0999739999948894,1730346092,Will a Republican win Alaska Presidential Election?
0x44d7f28bf7f85918cd264f584fe109d98a520992088e5067ceaf0dbc1bac8ec5,0x1489046ca0f9980fc2d9a950d103d3bec02c1307,BUY,Yes,76626557395718138549682497346449622033790455953645207983251701172676708683039,0xcec7958225b06aa2464a72d934ddcc9b66bb6f35ad065010496d8db92de412a0,0.96,11987.5,11508.0,1730341897,Will a Republican win Alaska Presidential Election?
0xd25797ba09a3acda6d35c299bfaa0b6618479a62dfd18f5e59c91ace5952d9ac,0xaaff0e6a1815b972c83322b7063e6f60f35655a5,BUY,Yes,76626557395718138549682497346449622033790455953645207983251701172676708683039,0xcec7958225b06aa2464a72d934ddcc9b66bb6f35ad065010496d8db92de412a0,0.96,11.458325,10.999992,1730311546,Will a Republican win Alaska Presidential Election?
0xad18a497a083c626c0906de895b1771f7a67ad5c0aa4c34d403b842c07d385de,0xf7eca7100840c5486d582ecdfac26b77ed9ca00f,BUY,Yes,76626557395718138549682497346449622033790455953645207983251701172676708683039,0xcec7958225b06aa2464a72d934ddcc9b66bb6f35ad065010496d8db92de412a0,0.96,0.0729,0.069984,1730310056,Will a Republican win Alaska Presidential Election?
0x4d5a19a93f9c76f0a05d5f67e6568ef2dc613a6eac4d295b67acdeec81ce68ba,0x2ecd5d06b19617b24fbdea0c725e65bc7b4495a6,BUY,Yes,76626557395718138549682497346449622033790455953645207983251701172676708683039,0xcec7958225b06aa2464a72d934ddcc9b66bb6f35ad065010496d8db92de412a0,0.96,1735.020825,1665.619992,1730304552,Will a Republican win Alaska Presidential Election?
0x0b260c680c09628eb677334e1af1d291c54271081b3b72f3364225bd6193b201,0x856e543af34c8b69d73db1f8b053280f76ad17c9,BUY,Yes,76626557395718138549682497346449622033790455953645207983251701172676708683039,0xcec7958225b06aa2464a72d934ddcc9b66bb6f35ad065010496d8db92de412a0,0.95,1157.89472,1099.999984,1730289330,Will a Republican win Alaska Presidential Election?
0x3d83fd780e8b51d02756bbe9069a8d224a3d9c996017b612c359b615183d3c6c,0xc3944313c3ef38afa67946fb61412a1154cd3f3b,BUY,Yes,76626557395718138549682497346449622033790455953645207983251701172676708683039,0xcec7958225b06aa2464a72d934ddcc9b66bb6f35ad065010496d8db92de412a0,0.95,0.0842,0.07998999999999999,1730287012,Will a Republican win Alaska Presidential Election?
0x430851e8188061ce69f0c42020d3ffde4dd9f8504cfbdf2ea23839a3c4ec4aea,0xa25b20281a1217048090994d8b947116165d170c,BUY,Yes,76626557395718138549682497346449622033790455953645207983251701172676708683039,0xcec7958225b06aa2464a72d934ddcc9b66bb6f35ad065010496d8db92de412a0,0.95,2105.26314,1999.999983,1730284670,Will a Republican win Alaska Presidential Election?
0x655a625152ab13e5a85a793a70167d2b45218186645a0dd24aebc321f17507fd,0x255b49f746ac75e5648416541f5d7aab332d7284,BUY,Yes,76626557395718138549682497346449622033790455953645207983251701172676708683039,0xcec7958225b06aa2464a72d934ddcc9b66bb6f35ad065010496d8db92de412a0,0.95,37.4421,35.569995,1730279755,Will a Republican win Alaska Presidential Election?
0x42ed712adb529957041e608ae23d7bff362fe55ec77bd9d23a41c7efaa567e09,0x4c0ff4ed37078480a5abcc1605b8c8e61566f4e1,SELL,No,9646994822693149615303360714935546561049708672550992328943885204944470918778,0xcec7958225b06aa2464a72d934ddcc9b66bb6f35ad065010496d8db92de412a0,0.06,320.23,19.2138,1730272182,Will a Republican win Alaska Presidential Election?
0x77a748de65ab7398a3723612624219ceb6522e2a512ca23a7addb63e1a91e4b3,0x4c0ff4ed37078480a5abcc1605b8c8e61566f4e1,BUY,No,9646994822693149615303360714935546561049708672550992328943885204944470918778,0xcec7958225b06aa2464a72d934ddcc9b66bb6f35ad065010496d8db92de412a0,0.06,16675.59,1000.5354,1730266490,Will a Republican win Alaska Presidential Election?
0x2f711cc1d826c5807068de240b576be04e4ebd5bd44db87071f7c793973664b0,0x4c0ff4ed37078480a5abcc1605b8c8e61566f4e1,BUY,No,9646994822693149615303360714935546561049708672550992328943885204944470918778,0xcec7958225b06aa2464a72d934ddcc9b66bb6f35ad065010496d8db92de412a0,0.05,9995.48,499.774,1730266392,Will a Republican win Alaska Presidential Election?
0xf8068ed56a73fbecd6138ece364f92b074e53efc98dd0b8d1bbe33fcce4a5cd7,0xa25b20281a1217048090994d8b947116165d170c,BUY,Yes,76626557395718138549682497346449622033790455953645207983251701172676708683039,0xcec7958225b06aa2464a72d934ddcc9b66bb6f35ad065010496d8db92de412a0,0.95,4.52,4.294,1730256529,Will a Republican win Alaska Presidential Election?
0x001dc299a84c43c6dacdea60ecd64d9a6f8eb7443ab98abdf97761579626128f,0xa25b20281a1217048090994d8b947116165d170c,BUY,Yes,76626557395718138549682497346449622033790455953645207983251701172676708683039,0xcec7958225b06aa2464a72d934ddcc9b66bb6f35ad065010496d8db92de412a0,0.95,1778.94736,1689.9999919999998,1730256445,Will a Republican win Alaska Presidential Election?
0x362dd23fb33a99e8caad65579dc6a971720bb582ad47d0df636843eb41b0031d,0x4d4069744d77abb914a2a722c8fa148f5955b68a,BUY,Yes,76626557395718138549682497346449622033790455953645207983251701172676708683039,0xcec7958225b06aa2464a72d934ddcc9b66bb6f35ad065010496d8db92de412a0,0.95,947.36842,899.999999,1730255933,Will a Republican win Alaska Presidential Election?
0xf2b7bdae5ea2e1a7fa3494eaf2fa6ca185bab8c7aae46947289a6308ed5b298c,0xa25b20281a1217048090994d8b947116165d170c,BUY,Yes,76626557395718138549682497346449622033790455953645207983251701172676708683039,0xcec7958225b06aa2464a72d934ddcc9b66bb6f35ad065010496d8db92de412a0,0.9499999999,6315.789472,5999.999997768421,1730255491,Will a Republican win Alaska Presidential Election?
0x415ee887382e2ce2701fd3c6529b97fc2ceb705f1155f73adeee253ba099a5f2,0x0515fd4d13d8b46fbe03e26ffc079c1aefe54571,SELL,Yes,76626557395718138549682497346449622033790455953645207983251701172676708683039,0xcec7958225b06aa2464a72d934ddcc9b66bb6f35ad065010496d8db92de412a0,0.94,34.06,32.0164,1730252041,Will a Republican win Alaska Presidential Election?
0x3b5e5751c21f54ff272ae15f60680e72d7c9574f1af840642b048ca18d85f93c,0xb0c3a00e9426b19dda373ad3c951b8a329a6a7b6,BUY,Yes,76626557395718138549682497346449622033790455953645207983251701172676708683039,0xcec7958225b06aa2464a72d934ddcc9b66bb6f35ad065010496d8db92de412a0,0.95,105.26314,99.999983,1730233265,Will a Republican win Alaska Presidential Election?
0x73ccb5de342234cbca4064e5ab724a35c431db783af9ea314695adac9c1d52f3,0x9d8d4722e7670000446f4c62d739c5937cef4625,SELL,Yes,76626557395718138549682497346449622033790455953645207983251701172676708683039,0xcec7958225b06aa2464a72d934ddcc9b66bb6f35ad065010496d8db92de412a0,0.94,1.34,1.2596,1730222431,Will a Republican win Alaska Presidential Election?
0x02827eeaef71891ec6a5019ec549ae3cb723be92e559bc65ab9d7be7d8c929fc,0x9d8d4722e7670000446f4c62d739c5937cef4625,BUY,Yes,76626557395718138549682497346449622033790455953645207983251701172676708683039,0xcec7958225b06aa2464a72d934ddcc9b66bb6f35ad065010496d8db92de412a0,0.95,1.34736,1.2799919999999998,1730222351,Will a Republican win Alaska Presidential Election?
0xf804c90acc94a2ecc234297fdbd3c9a9745e40bef48a57c479ec8e6ab7a443df,0x3676d395e94ad0a2ca17813dc9b2bbaff87dfd35,SELL,Yes,76626557395718138549682497346449622033790455953645207983251701172676708683039,0xcec7958225b06aa2464a72d934ddcc9b66bb6f35ad065010496d8db92de412a0,0.94,418,392.91999999999996,1730215734,Will a Republican win Alaska Presidential Election?
0xb4a0fd7130527dd746011040a9d28084bed8d400d8eba305164923e8d07f9cfa,0x4ce2ab0ac76930d52fe376c7aca4929415505d4e,BUY,Yes,76626557395718138549682497346449622033790455953645207983251701172676708683039,0xcec7958225b06aa2464a72d934ddcc9b66bb6f35ad065010496d8db92de412a0,0.95,4918.49472,4672.569984,1730201177,Will a Republican win Alaska Presidential Election?
0x4b3a8b5b0c86226b23a0bc4ef6d5f77fc7b21267c1fd8c97b5b8726fa7405767,0x38e59b36aae31b164200d0cad7c3fe5e0ee795e7,SELL,Yes,76626557395718138549682497346449622033790455953645207983251701172676708683039,0xcec7958225b06aa2464a72d934ddcc9b66bb6f35ad065010496d8db92de412a0,0.93,5000,4650.0,1730143274,Will a Republican win Alaska Presidential Election?
0x69c46baaa9c4e37200d0d4c7713178af68c4393097466d7c71deb705a0b444ff,0x38e59b36aae31b164200d0cad7c3fe5e0ee795e7,SELL,Yes,76626557395718138549682497346449622033790455953645207983251701172676708683039,0xcec7958225b06aa2464a72d934ddcc9b66bb6f35ad065010496d8db92de412a0,0.93,4000,3720.0,1730142342,Will a Republican win Alaska Presidential Election?
0xfbe76108dfa81aa5645e8b78b6cd53f22181236d1d71022b050a04638f114cda,0x968d8dbaa991affe8ddecc39321bdf1142c5e378,SELL,Yes,76626557395718138549682497346449622033790455953645207983251701172676708683039,0xcec7958225b06aa2464a72d934ddcc9b66bb6f35ad065010496d8db92de412a0,0.94,0.73,0.6861999999999999,1730130962,Will a Republican win Alaska Presidential Election?
0x6d4d43dbe0260c6d1419d661f2b6132cf3f35b7c63ece2412f66124d2b54a677,0x968d8dbaa991affe8ddecc39321bdf1142c5e378,BUY,Yes,76626557395718138549682497346449622033790455953645207983251701172676708683039,0xcec7958225b06aa2464a72d934ddcc9b66bb6f35ad065010496d8db92de412a0,0.95,0.73684,0.699998,1730130880,Will a Republican win Alaska Presidential Election?
0xaf766446e750fd4dc88c2f942be6bbc3a9d3c6c67e77cf784e9363e72afad8da,0xf2bc7ff06a20e2ba6161de6d9db6399d1449e9ab,SELL,Yes,76626557395718138549682497346449622033790455953645207983251701172676708683039,0xcec7958225b06aa2464a72d934ddcc9b66bb6f35ad065010496d8db92de412a0,0.93,0.69,0.6416999999999999,1730126128,Will a Republican win Alaska Presidential Election?
0x74ff484ee0e898bac4caa032d8318f120cf96d832cf32af3c1b8b3abbfb8ed67,0xf2bc7ff06a20e2ba6161de6d9db6399d1449e9ab,BUY,Yes,76626557395718138549682497346449622033790455953645207983251701172676708683039,0xcec7958225b06aa2464a72d934ddcc9b66bb6f35ad065010496d8db92de412a0,0.95,0.69472,0.659984,1730126046,Will a Republican win Alaska Presidential Election?
0xe4d57cdb102f0496cc70b406c57eef631f14cb75143f261a4b99d834d7503804,0xb58a71a77d5f46c8d6c4a8511291d81f58d2171e,BUY,Yes,76626557395718138549682497346449622033790455953645207983251701172676708683039,0xcec7958225b06aa2464a72d934ddcc9b66bb6f35ad065010496d8db92de412a0,0.9456334365,1123.7441,1062.6499950295995,1730115042,Will a Republican win Alaska Presidential Election?
0x4da0f5200fdad82005d0f94ddef99c25f0b0dc49131333dd04a296a12ba76c9c,0xb3f2dd3426323c295eb282bd6bf4cddb0222c208,BUY,No,9646994822693149615303360714935546561049708672550992328943885204944470918778,0xcec7958225b06aa2464a72d934ddcc9b66bb6f35ad065010496d8db92de412a0,0.06,9.31,0.5586,1730110797,Will a Republican win Alaska Presidential Election?
0x247e0cb8edc0e3180248e6c6752ef4ab4751c304797415dba35be6f754d4c1ac,0x33493c32063bf6dab1ad2d45e5b1396d4ad18721,SELL,Yes,76626557395718138549682497346449622033790455953645207983251701172676708683039,0xcec7958225b06aa2464a72d934ddcc9b66bb6f35ad065010496d8db92de412a0,0.94,0.69,0.6486,1730107357,Will a Republican win Alaska Presidential Election?
0xac3e67e16429c18e8af4d61a58d58939f3d3f04b37208e3f8f10909fd25e7602,0x33493c32063bf6dab1ad2d45e5b1396d4ad18721,BUY,Yes,76626557395718138549682497346449622033790455953645207983251701172676708683039,0xcec7958225b06aa2464a72d934ddcc9b66bb6f35ad065010496d8db92de412a0,0.9499996402,0.694735,0.659998000034347,1730107279,Will a Republican win Alaska Presidential Election?
0x74d28835321572b629b4381231bd207a491a9c3d959ae8f78587bd70478c961e,0x6d13e152a1d9d165dcafe1fed7a0af32781358aa,BUY,Yes,76626557395718138549682497346449622033790455953645207983251701172676708683039,0xcec7958225b06aa2464a72d934ddcc9b66bb6f35ad065010496d8db92de412a0,0.9499999892,59.947367,56.949998002568435,1730101636,Will a Republican win Alaska Presidential Election?
0x5d65a04fba718bf72b6301b22a611e79e5820ccd9e6b87b441b7fc9ae183adeb,0xbcc11a546d09c9612412145070b5d873f9cdb71e,SELL,Yes,76626557395718138549682497346449622033790455953645207983251701172676708683039,0xcec7958225b06aa2464a72d934ddcc9b66bb6f35ad065010496d8db92de412a0,0.94,0.17,0.1598,1730082949,Will a Republican win Alaska Presidential Election?
0x5c20fa3d8f47621e3ab20c47c63caad176f9627401a38cea49fdd6bb4401b18f,0xbcc11a546d09c9612412145070b5d873f9cdb71e,BUY,Yes,76626557395718138549682497346449622033790455953645207983251701172676708683039,0xcec7958225b06aa2464a72d934ddcc9b66bb6f35ad065010496d8db92de412a0,0.9499960882,0.178946,0.1699979999990372,1730082871,Will a Republican win Alaska Presidential Election?
0x7ad09ac42cc773fd72300e4e38745ae5ed17af72b4665231a5324bbb0549e179,0xeb6f0a13ea8c5a7a0514c25495adbe815c1025f0,BUY,Yes,76626557395718138549682497346449622033790455953645207983251701172676708683039,0xcec7958225b06aa2464a72d934ddcc9b66bb6f35ad065010496d8db92de412a0,0.94,69.23,65.0762,1730073812,Will a Republican win Alaska Presidential Election?
0x1324202652702f37f488c75cf3e07dfa4d00a3a919728104136f37582a6d2900,0x42b79a9af4fbe2482a096ca045fe8202b34ce330,SELL,Yes,76626557395718138549682497346449622033790455953645207983251701172676708683039,0xcec7958225b06aa2464a72d934ddcc9b66bb6f35ad065010496d8db92de412a0,0.94,10,9.399999999999999,1730065214,Will a Republican win Alaska Presidential Election?
0xb958d36aadec73c7dab6913886fdd2f1c2bdf63264f46080326ae587684357d0,0x6757bb8a114f2048a6c119e9eda0360fbd77a8be,BUY,Yes,76626557395718138549682497346449622033790455953645207983251701172676708683039,0xcec7958225b06aa2464a72d934ddcc9b66bb6f35ad065010496d8db92de412a0,0.9499999395,11.578946,10.999997999473766,1730054362,Will a Republican win Alaska Presidential Election?
0xe2af787d4c781365472e231630c8f8beb3a1ea56eae788799d06bd163b9befa7,0xd476faadd355378aff7409a65ce87e4031d11d72,SELL,Yes,76626557395718138549682497346449622033790455953645207983251701172676708683039,0xcec7958225b06aa2464a72d934ddcc9b66bb6f35ad065010496d8db92de412a0,0.93,239.36,222.6048,1730046464,Will a Republican win Alaska Presidential Election?
0x471baf0556fb6c7407b1883820c52fa9f3ede5876fa8b0b7063c446ad992c38f,0xee1d451677ea8869354a1c59f63f73110a0b3945,BUY,Yes,76626557395718138549682497346449622033790455953645207983251701172676708683039,0xcec7958225b06aa2464a72d934ddcc9b66bb6f35ad065010496d8db92de412a0,0.95,8.07,7.6665,1730033034,Will a Republican win Alaska Presidential Election?
0x28e04ca1156147df5a1a046327e3c0a0d27bd7afd04e6f5bc99c0f9d52e7e2df,0x6245ca7bf56ada6f327785c7771e893efbe9d3c0,BUY,Yes,76626557395718138549682497346449622033790455953645207983251701172676708683039,0xcec7958225b06aa2464a72d934ddcc9b66bb6f35ad065010496d8db92de412a0,0.95,5,4.75,1730023921,Will a Republican win Alaska Presidential Election?
0x6647fa3400cbb3ca8364311804d275dab4bcebf88486b4155ea14935b4e58403,0xd631b911ca2c24d79e989bcde3ff7566580af578,BUY,Yes,76626557395718138549682497346449622033790455953645207983251701172676708683039,0xcec7958225b06aa2464a72d934ddcc9b66bb6f35ad065010496d8db92de412a0,0.9499999981,105.263156,99.999998,1729990492,Will a Republican win Alaska Presidential Election?
0x147e62f2b3feb32cd0ba63797c3d2edcf14792aead7fe7ae113f2cd77c94622a,0x7dda1c492aa58e45a7a548e3b337449c35368b1e,BUY,Yes,76626557395718138549682497346449622033790455953645207983251701172676708683039,0xcec7958225b06aa2464a72d934ddcc9b66bb6f35ad065010496d8db92de412a0,0.94,17163.11,16133.3234,1729984943,Will a Republican win Alaska Presidential Election?
0x7abfc4131884a2425a9e64aabed42e944cd41e33b7a6fedbc5954597b71f39b2,0x4013b27e77e1a01b4d5651e85bca485c2d4ad5e0,SELL,Yes,76626557395718138549682497346449622033790455953645207983251701172676708683039,0xcec7958225b06aa2464a72d934ddcc9b66bb6f35ad065010496d8db92de412a0,0.93,0.12,0.1116,1729969305,Will a Republican win Alaska Presidential Election?
0x733375bbd025bcc840e6130008a495da1b20683778ff9c12759605360013f634,0x4013b27e77e1a01b4d5651e85bca485c2d4ad5e0,BUY,Yes,76626557395718138549682497346449622033790455953645207983251701172676708683039,0xcec7958225b06aa2464a72d934ddcc9b66bb6f35ad065010496d8db92de412a0,0.9399959266,0.127658,0.1199979999979028,1729969225,Will a Republican win Alaska Presidential Election?
0x9fffed356e31539c9b9697dc4ee8478a2299ab3065175e6b121de75a0333724e,0x338618d404626f80cd9e8d51bb0d77ecec0e32ba,BUY,Yes,76626557395718138549682497346449622033790455953645207983251701172676708683039,0xcec7958225b06aa2464a72d934ddcc9b66bb6f35ad065010496d8db92de412a0,0.9399996992,1.063828,0.9999980000005376,1729946308,Will a Republican win Alaska Presidential Election?
0x99191eef59505e217e5929b040e59b69aaed0c9bd04bcaa78bbfe31aa825944a,0xa25b20281a1217048090994d8b947116165d170c,BUY,Yes,76626557395718138549682497346449622033790455953645207983251701172676708683039,0xcec7958225b06aa2464a72d934ddcc9b66bb6f35ad065010496d8db92de412a0,0.9399999999,5156.297871,4846.91999822437,1729941140,Will a Republican win Alaska Presidential Election?
0xd01ba4e979ea82bae264d30ee7452e056b4d4d2cd319aab023b1092c950b245c,0x02a2394c9a4c6c10dae558034ba14a5d76f5a804,SELL,Yes,76626557395718138549682497346449622033790455953645207983251701172676708683039,0xcec7958225b06aa2464a72d934ddcc9b66bb6f35ad065010496d8db92de412a0,0.93,0.64,0.5952000000000001,1729932727,Will a Republican win Alaska Presidential Election?
0x8ff24e45d5847692fb8effa81bcd003196d741847eb01d82542359780597d3ec,0x02a2394c9a4c6c10dae558034ba14a5d76f5a804,BUY,Yes,76626557395718138549682497346449622033790455953645207983251701172676708683039,0xcec7958225b06aa2464a72d934ddcc9b66bb6f35ad065010496d8db92de412a0,0.9399986131,0.648935,0.6099979999920485,1729932567,Will a Republican win Alaska Presidential Election?
0x3e4d65a17f94ee62d3fd58034b6b7748b26027c13fd43f81943c377e2ab11017,0x757f95bc6e9c308fea2a7f6d094188c868ddae31,BUY,Yes,76626557395718138549682497346449622033790455953645207983251701172676708683039,0xcec7958225b06aa2464a72d934ddcc9b66bb6f35ad065010496d8db92de412a0,0.94,5,4.699999999999999,1729926370,Will a Republican win Alaska Presidential Election?
0x51750cf10e7fc40bd176d0aea799bc8f719a909b4f527fef3976ee693d73fdcc,0x5a166279338d327f0337c53162a8f597190d7bb5,BUY,Yes,76626557395718138549682497346449622033790455953645207983251701172676708683039,0xcec7958225b06aa2464a72d934ddcc9b66bb6f35ad065010496d8db92de412a0,0.9399997744,3.191488,2.9999980000003075,1729924540,Will a Republican win Alaska Presidential Election?
0xb33a9bb0283c5671a9d80b52437ca1de917cc83f24727a8ad364d8366938b4ff,0x0515fd4d13d8b46fbe03e26ffc079c1aefe54571,BUY,Yes,76626557395718138549682497346449622033790455953645207983251701172676708683039,0xcec7958225b06aa2464a72d934ddcc9b66bb6f35ad065010496d8db92de412a0,0.9399999906,34.063828,32.01999799980002,1729906489,Will a Republican win Alaska Presidential Election?
0xd80873640a4b3622c6d1a2d381c49ac9633b7d9dae3593a5a577b15ecaf4da78,0xf0ed9e68e6cd3ee712260abeaec32de56a7d47d8,SELL,Yes,76626557395718138549682497346449622033790455953645207983251701172676708683039,0xcec7958225b06aa2464a72d934ddcc9b66bb6f35ad065010496d8db92de412a0,0.93,500,465.0,1729899330,Will a Republican win Alaska Presidential Election?
0x10662b44e68d021a9d650b2add67d9a42fe1eedaf8d0b5f2319b8fbe9b1d5265,0xf0ed9e68e6cd3ee712260abeaec32de56a7d47d8,SELL,Yes,76626557395718138549682497346449622033790455953645207983251701172676708683039,0xcec7958225b06aa2464a72d934ddcc9b66bb6f35ad065010496d8db92de412a0,0.93,347.14,322.8402,1729882951,Will a Republican win Alaska Presidential Election?
0xbff19d0b15453a822a9d319cf4e4aa583a64814ecddf004d584532688fc0cf82,0xaf46632530a5e95b87b4ac0706e8f5e0093c1be3,SELL,Yes,76626557395718138549682497346449622033790455953645207983251701172676708683039,0xcec7958225b06aa2464a72d934ddcc9b66bb6f35ad065010496d8db92de412a0,0.93,1100,1023.0,1729879819,Will a Republican win Alaska Presidential Election?
0x04120343d859b857161a45666a4f2c3adcffa7ae7df3a0b200e84d9015f41f84,0xb0c3a00e9426b19dda373ad3c951b8a329a6a7b6,BUY,Yes,76626557395718138549682497346449622033790455953645207983251701172676708683039,0xcec7958225b06aa2464a72d934ddcc9b66bb6f35ad065010496d8db92de412a0,0.9399999964,106.382977,99.99999799702128,1729868202,Will a Republican win Alaska Presidential Election?
0xd96b0322489af2ecaf999f85be8e83eba9c1b76caa7a54d691adf8f28844ccdc,0x1d8582acb132cd48f25f993d9dca7a680d114f9a,BUY,Yes,76626557395718138549682497346449622033790455953645207983251701172676708683039,0xcec7958225b06aa2464a72d934ddcc9b66bb6f35ad065010496d8db92de412a0,0.9399999946,104.340424,98.07999799656172,1729862837,Will a Republican win Alaska Presidential Election?
0x2637195adab3d92d9ad7734c5a19e4f9b81f00cf7971fc48d80d3dae9e8e1044,0x38e59b36aae31b164200d0cad7c3fe5e0ee795e7,SELL,Yes,76626557395718138549682497346449622033790455953645207983251701172676708683039,0xcec7958225b06aa2464a72d934ddcc9b66bb6f35ad065010496d8db92de412a0,0.93,1000,930.0,1729831271,Will a Republican win Alaska Presidential Election?
0x5b14c731cf55e6e9fae69898576dd495b14ac47122b179bb4b070ccbe43d0aad,0xf6129c47f5ef4cab25f3aa67b5e3aaac77b15700,SELL,No,9646994822693149615303360714935546561049708672550992328943885204944470918778,0xcec7958225b06aa2464a72d934ddcc9b66bb6f35ad065010496d8db92de412a0,0.06,1000,60.0,1729822499,Will a Republican win Alaska Presidential Election?
0xf836ab59dc74386d4441bf0c4689cb12e9fa385a55b51279c4db66d53a712a9f,0xf9b1e3523d535e3bb2f53dc10283a3720e067e1e,SELL,Yes,76626557395718138549682497346449622033790455953645207983251701172676708683039,0xcec7958225b06aa2464a72d934ddcc9b66bb6f35ad065010496d8db92de412a0,0.93,1.29,1.1997,1729822037,Will a Republican win Alaska Presidential Election?
0x2926951f5bb48fecc494734b76b471d4a2b017166549421c73e522bba072104c,0xf9b1e3523d535e3bb2f53dc10283a3720e067e1e,BUY,Yes,76626557395718138549682497346449622033790455953645207983251701172676708683039,0xcec7958225b06aa2464a72d934ddcc9b66bb6f35ad065010496d8db92de412a0,0.9399999692,1.297866,1.219994000025727,1729821941,Will a Republican win Alaska Presidential Election?
0xc30a9bd02ae52c5aa38fa2341ee92729b63d42adae59dd5d3e43946dcde26065,0xf99c223ed3c3ce898e81de1b400c4ff48a5678eb,BUY,Yes,76626557395718138549682497346449622033790455953645207983251701172676708683039,0xcec7958225b06aa2464a72d934ddcc9b66bb6f35ad065010496d8db92de412a0,0.94,323.78,304.35319999999996,1729782583,Will a Republican win Alaska Presidential Election?
0xabfbd06ceb5e2df7b6e880410b1c2386acbd4544f515816ee93d43a7a5633fdb,0x5b9115312cb4fc2b2b57c65045e611092f222709,BUY,Yes,76626557395718138549682497346449622033790455953645207983251701172676708683039,0xcec7958225b06aa2464a72d934ddcc9b66bb6f35ad065010496d8db92de412a0,0.94,10,9.399999999999999,1729760107,Will a Republican win Alaska Presidential Election?
0x1174db2b0d1ea361984336af95d05496e0e0b5dd76d406499079ee041fdac578,0x1a915c3f6c2d205e5a16ec07e56a3699077872f6,BUY,Yes,76626557395718138549682497346449622033790455953645207983251701172676708683039,0xcec7958225b06aa2464a72d934ddcc9b66bb6f35ad065010496d8db92de412a0,0.9399999937,3.191483,2.999993999893657,1729756902,Will a Republican win Alaska Presidential Election?
0xb6afb181396346126eb848062e2619cf2afda74b7dd3fae4c37cc98b070d9c9e,0xaf46632530a5e95b87b4ac0706e8f5e0093c1be3,BUY,Yes,76626557395718138549682497346449622033790455953645207983251701172676708683039,0xcec7958225b06aa2464a72d934ddcc9b66bb6f35ad065010496d8db92de412a0,0.94,1000,940.0,1729742618,Will a Republican win Alaska Presidential Election?
0xc49a27aca8b6c42744f34a55b2c8671f3968c645438990f4e71ca432035d3dae,0xaf46632530a5e95b87b4ac0706e8f5e0093c1be3,BUY,Yes,76626557395718138549682497346449622033790455953645207983251701172676708683039,0xcec7958225b06aa2464a72d934ddcc9b66bb6f35ad065010496d8db92de412a0,0.94,100,94.0,1729742610,Will a Republican win Alaska Presidential Election?
0x739ae5cd78daa16fd4aa78522671287ce6ffb3344e108db1b9112810e06e0842,0x5685bf6758facce7d1221d3cc3ab0fdb836a62e2,BUY,Yes,76626557395718138549682497346449622033790455953645207983251701172676708683039,0xcec7958225b06aa2464a72d934ddcc9b66bb6f35ad065010496d8db92de412a0,0.94,1063.829783,999.9999960199999,1729723471,Will a Republican win Alaska Presidential Election?
0x6a3c0e1e4ff35537444e8e2f03f22dc482ef8a2f7373c956cfb349bcab81861d,0xeb6f0a13ea8c5a7a0514c25495adbe815c1025f0,BUY,Yes,76626557395718138549682497346449622033790455953645207983251701172676708683039,0xcec7958225b06aa2464a72d934ddcc9b66bb6f35ad065010496d8db92de412a0,0.94,100,94.0,1729707863,Will a Republican win Alaska Presidential Election?
0x9f0f4aaa6259ad4a616f66dde9d58c4ecbbd4595c369f322eefcfc356859476f,0xeb6f0a13ea8c5a7a0514c25495adbe815c1025f0,BUY,Yes,76626557395718138549682497346449622033790455953645207983251701172676708683039,0xcec7958225b06aa2464a72d934ddcc9b66bb6f35ad065010496d8db92de412a0,0.94,100,94.0,1729707857,Will a Republican win Alaska Presidential Election?
0x7a06e84d675c0b6b5ed897f97357323ff6c1c71989114b5c7a8dbbff25a5d249,0x62a3b10dc26ec98036bf8a94552c9a4a1157c903,SELL,Yes,76626557395718138549682497346449622033790455953645207983251701172676708683039,0xcec7958225b06aa2464a72d934ddcc9b66bb6f35ad065010496d8db92de412a0,0.93,1.11,1.0323000000000002,1729691050,Will a Republican win Alaska Presidential Election?
0x5163d1cc1627db01b5ad2d88bf25b54211063a701dd78530ff2baf4d8d6d5175,0x5b9115312cb4fc2b2b57c65045e611092f222709,BUY,Yes,76626557395718138549682497346449622033790455953645207983251701172676708683039,0xcec7958225b06aa2464a72d934ddcc9b66bb6f35ad065010496d8db92de412a0,0.94,100,94.0,1729689528,Will a Republican win Alaska Presidential Election?
0xd1006ecf1a8f9efe58fd939ba4554ffadbcbe57d7e4227e807648bfe87ebbc76,0x224f2630efdd613d27b664034814c45c99c1f2a7,BUY,Yes,76626557395718138549682497346449622033790455953645207983251701172676708683039,0xcec7958225b06aa2464a72d934ddcc9b66bb6f35ad065010496d8db92de412a0,0.9399999937,3.191483,2.999993999893657,1729670259,Will a Republican win Alaska Presidential Election?
0xb6033df9488cae91da5e3fc1b64b62799afe8ebfd113d4c80d3a4705b11e3c1e,0x98d95c1d033855a6962a77f51fb7cd6f8c3d2a0d,SELL,Yes,76626557395718138549682497346449622033790455953645207983251701172676708683039,0xcec7958225b06aa2464a72d934ddcc9b66bb6f35ad065010496d8db92de412a0,0.93,21.89,20.3577,1729651825,Will a Republican win Alaska Presidential Election?
0xcc07bd286753af397f234fa9745eb0339a6c37248ab9e303dce82fa185d89286,0x98d95c1d033855a6962a77f51fb7cd6f8c3d2a0d,BUY,Yes,76626557395718138549682497346449622033790455953645207983251701172676708683039,0xcec7958225b06aa2464a72d934ddcc9b66bb6f35ad065010496d8db92de412a0,0.9399999982,21.893616,20.579999000591492,1729651031,Will a Republican win Alaska Presidential Election?
0x4cfbc436e94e1658eb8370ad2069499c95cc57d4c6b15ae27839f23695eada58,0x280c9fcc3810ade2fda8c633a0ab080af008fb86,SELL,Yes,76626557395718138549682497346449622033790455953645207983251701172676708683039,0xcec7958225b06aa2464a72d934ddcc9b66bb6f35ad065010496d8db92de412a0,0.93,26.19,24.356700000000004,1729650205,Will a Republican win Alaska Presidential Election?
0xa620c8fd67f74311c356da74d12c98b95da3c7eddcea5cf8c24b9dec19c8aa87,0x280c9fcc3810ade2fda8c633a0ab080af008fb86,BUY,Yes,76626557395718138549682497346449622033790455953645207983251701172676708683039,0xcec7958225b06aa2464a72d934ddcc9b66bb6f35ad065010496d8db92de412a0,0.9399999992,26.191483,24.619993999046816,1729650199,Will a Republican win Alaska Presidential Election?
0xe6ac83bc2533368fc9b48e23af04d07b92fc7dbd3ed47c85fa37c98726e6d343,0xc4fbfd8c2bf090568f8eb207123364a3f0352bfd,BUY,Yes,76626557395718138549682497346449622033790455953645207983251701172676708683039,0xcec7958225b06aa2464a72d934ddcc9b66bb6f35ad065010496d8db92de412a0,0.9399999997,138.297866,129.99999399851063,1729634888,Will a Republican win Alaska Presidential Election?
0x5037adfc764c9e8469285b434b56daabee87ddd9d656d21152fce21ab55877d9,0x216138ddd9f4dd0ba6977dcdfd73a27b80fa8f1a,SELL,Yes,76626557395718138549682497346449622033790455953645207983251701172676708683039,0xcec7958225b06aa2464a72d934ddcc9b66bb6f35ad065010496d8db92de412a0,0.93,1.39,1.2927,1729615742,Will a Republican win Alaska Presidential Election?
0x09763e998e02751e43ac3d550e869374ba21f81a125c88aeb7375bf8eab0f83c,0x216138ddd9f4dd0ba6977dcdfd73a27b80fa8f1a,BUY,Yes,76626557395718138549682497346449622033790455953645207983251701172676708683039,0xcec7958225b06aa2464a72d934ddcc9b66bb6f35ad065010496d8db92de412a0,0.9399999713,1.393616,1.309999000003221,1729615550,Will a Republican win Alaska Presidential Election?
0x58f2b6178ab14ce56d81f3cc91d9163b735f0ecea8431d52ddfebcc3dda182ea,0x2f667c4c052b3e402d671e51f9c41b6bc360b476,BUY,Yes,76626557395718138549682497346449622033790455953645207983251701172676708683039,0xcec7958225b06aa2464a72d934ddcc9b66bb6f35ad065010496d8db92de412a0,0.9399999991,21.276583,19.999988000851072,1729607014,Will a Republican win Alaska Presidential Election?
0x6e8ad490965a9f9be26602f1d5c54b246d43f9f72dccecbbd381e9ea10c9987d,0x71563a28b0d8c9b7a2b73ef4c6fe6e2d2028de71,BUY,Yes,76626557395718138549682497346449622033790455953645207983251701172676708683039,0xcec7958225b06aa2464a72d934ddcc9b66bb6f35ad065010496d8db92de412a0,0.94,10,9.399999999999999,1729590546,Will a Republican win Alaska Presidential Election?
0xf838415d6ecf7e286638202bc0bbe111e5120299bd0eef70223a8368f73baa33,0xd476faadd355378aff7409a65ce87e4031d11d72,BUY,Yes,76626557395718138549682497346449622033790455953645207983251701172676708683039,0xcec7958225b06aa2464a72d934ddcc9b66bb6f35ad065010496d8db92de412a0,0.94,239.3617,224.999998,1729579667,Will a Republican win Alaska Presidential Election?
0x7685a144aa96bd610693e87c0852f4baf25b3767831b85d2ec6b4799bd521d19,0x38857737d6289c965a2a3cf81a169dffeae0b08b,SELL,Yes,76626557395718138549682497346449622033790455953645207983251701172676708683039,0xcec7958225b06aa2464a72d934ddcc9b66bb6f35ad065010496d8db92de412a0,0.93,25.17,23.408100000000005,1729566965,Will a Republican win Alaska Presidential Election?
0xf857f7f2bd7568c2f59b79153c45d99036f953a66f16325fc41c2ea6584ae673,0x38857737d6289c965a2a3cf81a169dffeae0b08b,BUY,Yes,76626557395718138549682497346449622033790455953645207983251701172676708683039,0xcec7958225b06aa2464a72d934ddcc9b66bb6f35ad065010496d8db92de412a0,0.9399999865,25.170211,23.65999800020215,1729566957,Will a Republican win Alaska Presidential Election?
0x3720a074f5f3864c754f9f7d6097c9c8cf2e65acc9955451126acef716476a42,0x001da6166db439e0736a76e22b2f4def27e3316d,BUY,Yes,76626557395718138549682497346449622033790455953645207983251701172676708683039,0xcec7958225b06aa2464a72d934ddcc9b66bb6f35ad065010496d8db92de412a0,0.93,222,206.46,1729549579,Will a Republican win Alaska Presidential Election?
0x492c839de4d94819c87118fd50f9a4af9106071c38e3b5eea4894977037c32a9,0xeb6f0a13ea8c5a7a0514c25495adbe815c1025f0,BUY,Yes,76626557395718138549682497346449622033790455953645207983251701172676708683039,0xcec7958225b06aa2464a72d934ddcc9b66bb6f35ad065010496d8db92de412a0,0.93,205,190.65,1729547661,Will a Republican win Alaska Presidential Election?
0xebaa2a1b217f865d0b3103c030459078480f5cdf5f3638af4b6897a4d69efe9c,0x63d43bbb87f85af03b8f2f9e2fad7b54334fa2f1,BUY,No,9646994822693149615303360714935546561049708672550992328943885204944470918778,0xcec7958225b06aa2464a72d934ddcc9b66bb6f35ad065010496d8db92de412a0,0.07,37.79,2.6453,1729547431,Will a Republican win Alaska Presidential Election?
0x7a56296a0a61c76a32d9be99678897abdfdb49fbfac07ad924da8879162bfcf6,0x63d43bbb87f85af03b8f2f9e2fad7b54334fa2f1,BUY,No,9646994822693149615303360714935546561049708672550992328943885204944470918778,0xcec7958225b06aa2464a72d934ddcc9b66bb6f35ad065010496d8db92de412a0,0.07,87.2,6.104000000000001,1729547413,Will a Republican win Alaska Presidential Election?
0x05ab229bbc45e4b0ed24a146b62960ad9284593a6255372b21a615356b822306,0x8e095c686c4e78658fab5dede0c6b7e1e27f3cb2,BUY,No,9646994822693149615303360714935546561049708672550992328943885204944470918778,0xcec7958225b06aa2464a72d934ddcc9b66bb6f35ad065010496d8db92de412a0,0.07,50,3.5000000000000004,1729547413,Will a Republican win Alaska Presidential Election?
0xb529e8a1b293ed516c425cc278f97bd7a3ee944a554d4ce89d7e674573698b79,0x58caa2f2787c73901336ce36282a7b28c1a6cc33,BUY,No,9646994822693149615303360714935546561049708672550992328943885204944470918778,0xcec7958225b06aa2464a72d934ddcc9b66bb6f35ad065010496d8db92de412a0,0.07,30,2.1,1729547413,Will a Republican win Alaska Presidential Election?
0x2ea7929923c484f875985563470b6704c60964cdb2a0f02a026b5b356c43e9bc,0x63d43bbb87f85af03b8f2f9e2fad7b54334fa2f1,BUY,No,9646994822693149615303360714935546561049708672550992328943885204944470918778,0xcec7958225b06aa2464a72d934ddcc9b66bb6f35ad065010496d8db92de412a0,0.07,205,14.350000000000001,1729547405,Will a Republican win Alaska Presidential Election?
0x574b4d863f54484c7a85201458bce2908e5c65d70b9aff5b42b84ccdd5443e2c,0x63d43bbb87f85af03b8f2f9e2fad7b54334fa2f1,BUY,No,9646994822693149615303360714935546561049708672550992328943885204944470918778,0xcec7958225b06aa2464a72d934ddcc9b66bb6f35ad065010496d8db92de412a0,0.07,125,8.75,1729547393,Will a Republican win Alaska Presidential Election?
0xdb66c2466d791c41f636dd0b77efa81a325dc2c7edb24dfe8de6acfa9bce8b23,0x58caa2f2787c73901336ce36282a7b28c1a6cc33,BUY,No,9646994822693149615303360714935546561049708672550992328943885204944470918778,0xcec7958225b06aa2464a72d934ddcc9b66bb6f35ad065010496d8db92de412a0,0.07,30,2.1,1729547393,Will a Republican win Alaska Presidential Election?
0xa0a63f087dd75f5423b8406de6deafb59704febcc6ed9ca9c16332822791d429,0x8e095c686c4e78658fab5dede0c6b7e1e27f3cb2,BUY,No,9646994822693149615303360714935546561049708672550992328943885204944470918778,0xcec7958225b06aa2464a72d934ddcc9b66bb6f35ad065010496d8db92de412a0,0.07,50,3.5000000000000004,1729547391,Will a Republican win Alaska Presidential Election?
0xbe58c30d77efd76037c0a6e3fcbf066adc58efdc1ac4829dc4c7c988ccc305ac,0xeb6f0a13ea8c5a7a0514c25495adbe815c1025f0,BUY,Yes,76626557395718138549682497346449622033790455953645207983251701172676708683039,0xcec7958225b06aa2464a72d934ddcc9b66bb6f35ad065010496d8db92de412a0,0.93,205,190.65,1729547383,Will a Republican win Alaska Presidential Election?
0x2ac82d4c500a62a85c63bc695a811ec7988ad939369203c143698b41575870f7,0x63d43bbb87f85af03b8f2f9e2fad7b54334fa2f1,BUY,No,9646994822693149615303360714935546561049708672550992328943885204944470918778,0xcec7958225b06aa2464a72d934ddcc9b66bb6f35ad065010496d8db92de412a0,0.07,125,8.75,1729547375,Will a Republican win Alaska Presidential Election?
0xbc43eaeb86ce7c7bcb4085869e432e603a70b05f1eaad2078d00966c0af7790d,0x58caa2f2787c73901336ce36282a7b28c1a6cc33,BUY,No,9646994822693149615303360714935546561049708672550992328943885204944470918778,0xcec7958225b06aa2464a72d934ddcc9b66bb6f35ad065010496d8db92de412a0,0.07,30,2.1,1729547369,Will a Republican win Alaska Presidential Election?
0x584f19e88755890ef62742ffb325de07c215a03da2ed4bbf1024ed0fea4d304d,0x8e095c686c4e78658fab5dede0c6b7e1e27f3cb2,BUY,No,9646994822693149615303360714935546561049708672550992328943885204944470918778,0xcec7958225b06aa2464a72d934ddcc9b66bb6f35ad065010496d8db92de412a0,0.07,50,3.5000000000000004,1729547369,Will a Republican win Alaska Presidential Election?
0x4a911b14c2636771ce53f725ccb57c631da87af3dd263335fd1bca4395aa7c41,0x63d43bbb87f85af03b8f2f9e2fad7b54334fa2f1,BUY,No,9646994822693149615303360714935546561049708672550992328943885204944470918778,0xcec7958225b06aa2464a72d934ddcc9b66bb6f35ad065010496d8db92de412a0,0.07,175,12.250000000000002,1729547363,Will a Republican win Alaska Presidential Election?
0x388b92ae8f898b0df232112efe699ffabdbe6b9a27efd76eafd4500664a1a42c,0x58caa2f2787c73901336ce36282a7b28c1a6cc33,BUY,No,9646994822693149615303360714935546561049708672550992328943885204944470918778,0xcec7958225b06aa2464a72d934ddcc9b66bb6f35ad065010496d8db92de412a0,0.07,30,2.1,1729547359,Will a Republican win Alaska Presidential Election?
0xa88e6b8a6565d1d571b492c40e1d899707a23cf136107522e0173676a061ca9c,0x63d43bbb87f85af03b8f2f9e2fad7b54334fa2f1,BUY,No,9646994822693149615303360714935546561049708672550992328943885204944470918778,0xcec7958225b06aa2464a72d934ddcc9b66bb6f35ad065010496d8db92de412a0,0.07,155,10.850000000000001,1729547353,Will a Republican win Alaska Presidential Election?
0xcbff15a683001ccffbac1efab283aa2cbd96e3bd26ad20902e20bb7382f9969b,0x8e095c686c4e78658fab5dede0c6b7e1e27f3cb2,BUY,No,9646994822693149615303360714935546561049708672550992328943885204944470918778,0xcec7958225b06aa2464a72d934ddcc9b66bb6f35ad065010496d8db92de412a0,0.07,50,3.5000000000000004,1729547351,Will a Republican win Alaska Presidential Election?
0x0e03c31ba8d92f22b8610c77e2a8a18bf8e1383e94a1cacbe1eedf9235be4c97,0x63d43bbb87f85af03b8f2f9e2fad7b54334fa2f1,BUY,No,9646994822693149615303360714935546561049708672550992328943885204944470918778,0xcec7958225b06aa2464a72d934ddcc9b66bb6f35ad065010496d8db92de412a0,0.07,77.8,5.446000000000001,1729547343,Will a Republican win Alaska Presidential Election?
0xed4dd6945ba330e31e3ebd8bfb829f980a76388056dd1000f53c783484fdabc8,0xb7d54bf1d0a362beb916d9cb58a04c41d67e0789,BUY,No,9646994822693149615303360714935546561049708672550992328943885204944470918778,0xcec7958225b06aa2464a72d934ddcc9b66bb6f35ad065010496d8db92de412a0,0.07,47.2,3.3040000000000007,1729547343,Will a Republican win Alaska Presidential Election?
0x7b3249d642b006180a81db7ed83fa1fbced254d132abbb4a1c2d24781e5e88f2,0x58caa2f2787c73901336ce36282a7b28c1a6cc33,BUY,No,9646994822693149615303360714935546561049708672550992328943885204944470918778,0xcec7958225b06aa2464a72d934ddcc9b66bb6f35ad065010496d8db92de412a0,0.07,30,2.1,1729547343,Will a Republican win Alaska Presidential Election?
0xa0cc616dfd0b2a62ad76393709b15a9959ed6a34754761193dde59cdbc58fdfc,0x5f390e4b7d6f06d6756a6c92afdbf7b3176aa78c,BUY,No,9646994822693149615303360714935546561049708672550992328943885204944470918778,0xcec7958225b06aa2464a72d934ddcc9b66bb6f35ad065010496d8db92de412a0,0.08,77.8,6.224,1729547343,Will a Republican win Alaska Presidential Election?
0x3f9bc4b9a06524279af4806cd72312ecae522d644db208efe4f72aca7825fb27,0x8e095c686c4e78658fab5dede0c6b7e1e27f3cb2,BUY,No,9646994822693149615303360714935546561049708672550992328943885204944470918778,0xcec7958225b06aa2464a72d934ddcc9b66bb6f35ad065010496d8db92de412a0,0.07,50,3.5000000000000004,1729547337,Will a Republican win Alaska Presidential Election?
0x0f40f63693d4364e23973702229b2de131f136cdc8965581ed4f21c382a86c1e,0x63d43bbb87f85af03b8f2f9e2fad7b54334fa2f1,BUY,No,9646994822693149615303360714935546561049708672550992328943885204944470918778,0xcec7958225b06aa2464a72d934ddcc9b66bb6f35ad065010496d8db92de412a0,0.07,175,12.250000000000002,1729547331,Will a Republican win Alaska Presidential Election?
0x2be7c1a25245d7851b0d413c83c34974f9e4ab1b0e2bf41db85afb2d71857c69,0x58caa2f2787c73901336ce36282a7b28c1a6cc33,BUY,No,9646994822693149615303360714935546561049708672550992328943885204944470918778,0xcec7958225b06aa2464a72d934ddcc9b66bb6f35ad065010496d8db92de412a0,0.07,30,2.1,1729547329,Will a Republican win Alaska Presidential Election?
0xaeac34d4fee5f61f29c977470530944f37ed29ae95d5f3835e8127baa9673df6,0x5f390e4b7d6f06d6756a6c92afdbf7b3176aa78c,BUY,No,9646994822693149615303360714935546561049708672550992328943885204944470918778,0xcec7958225b06aa2464a72d934ddcc9b66bb6f35ad065010496d8db92de412a0,0.07,205,14.350000000000001,1729547317,Will a Republican win Alaska Presidential Election?
0xaf3344f741b4db31a3ebdd5b4f98825cf611e9c9d504e867f8d0909bf7496be9,0x63d43bbb87f85af03b8f2f9e2fad7b54334fa2f1,BUY,No,9646994822693149615303360714935546561049708672550992328943885204944470918778,0xcec7958225b06aa2464a72d934ddcc9b66bb6f35ad065010496d8db92de412a0,0.07,125,8.75,1729547307,Will a Republican win Alaska Presidential Election?
0x52ab07a9b05ad8bff1f6a740824fe588238e3b0a62d695697d58593788e54492,0x8e095c686c4e78658fab5dede0c6b7e1e27f3cb2,BUY,No,9646994822693149615303360714935546561049708672550992328943885204944470918778,0xcec7958225b06aa2464a72d934ddcc9b66bb6f35ad065010496d8db92de412a0,0.07,50,3.5000000000000004,1729547307,Will a Republican win Alaska Presidential Election?
0x5a4a863bd3ae9ca86f34ad38040e747e06b5836fdf3333086b1ae5509592b757,0x58caa2f2787c73901336ce36282a7b28c1a6cc33,BUY,No,9646994822693149615303360714935546561049708672550992328943885204944470918778,0xcec7958225b06aa2464a72d934ddcc9b66bb6f35ad065010496d8db92de412a0,0.07,30,2.1,1729547303,Will a Republican win Alaska Presidential Election?
0x388fe20623568ad457ae47a8bfcbc5b89860898e7fb363afd7ee5888f77bf9c0,0xeb6f0a13ea8c5a7a0514c25495adbe815c1025f0,BUY,Yes,76626557395718138549682497346449622033790455953645207983251701172676708683039,0xcec7958225b06aa2464a72d934ddcc9b66bb6f35ad065010496d8db92de412a0,0.93,205,190.65,1729547295,Will a Republican win Alaska Presidential Election?
0xab75f0bf6459da46e3432e2722f5e7c3009a870ca585089b1f3878db7decd1f9,0xeb6f0a13ea8c5a7a0514c25495adbe815c1025f0,BUY,Yes,76626557395718138549682497346449622033790455953645207983251701172676708683039,0xcec7958225b06aa2464a72d934ddcc9b66bb6f35ad065010496d8db92de412a0,0.93,205,190.65,1729546969,Will a Republican win Alaska Presidential Election?
0x82e5c6d393028f525b8922950ac1943fd72b98393d5ff91324cc4dc22b8d4fff,0x90238111bf478f15d379b3ac8415b72121240e66,BUY,Yes,76626557395718138549682497346449622033790455953645207983251701172676708683039,0xcec7958225b06aa2464a72d934ddcc9b66bb6f35ad065010496d8db92de412a0,0.9299999888,5.376342,4.99999799978497,1729523036,Will a Republican win Alaska Presidential Election?
0x15d48d2e1b18e6c70813b5d18fa9af049459bdbadc4664858783d5a91fd2ce6c,0x84d53c4d2cee9a19c6015e2866b5cd2d409c682b,SELL,Yes,76626557395718138549682497346449622033790455953645207983251701172676708683039,0xcec7958225b06aa2464a72d934ddcc9b66bb6f35ad065010496d8db92de412a0,0.92,70,64.4,1729520595,Will a Republican win Alaska Presidential Election?
0x18e2771840908769947f46505f5e88d05c5f8685ccc2a643d8066eb20cc183f2,0x69c1fe81aefee7f97154f04dc8f73887aaca8aac,SELL,Yes,76626557395718138549682497346449622033790455953645207983251701172676708683039,0xcec7958225b06aa2464a72d934ddcc9b66bb6f35ad065010496d8db92de412a0,0.92,0.11,0.1012,1729514814,Will a Republican win Alaska Presidential Election?
0x345362e48da998a6c47f298370ad55de2dbce8c93a1903151be38704f204cb86,0x69c1fe81aefee7f97154f04dc8f73887aaca8aac,BUY,Yes,76626557395718138549682497346449622033790455953645207983251701172676708683039,0xcec7958225b06aa2464a72d934ddcc9b66bb6f35ad065010496d8db92de412a0,0.9299997463,0.118271,0.1099919999946473,1729514762,Will a Republican win Alaska Presidential Election?
0x7179d0932fd1f905127c57f6042ac16ef5e32aacefab7e4a116b6cf4574161ff,0x2dc3638e88175fa06c1a2ed25e9ac110db256b7f,BUY,Yes,76626557395718138549682497346449622033790455953645207983251701172676708683039,0xcec7958225b06aa2464a72d934ddcc9b66bb6f35ad065010496d8db92de412a0,0.9299999998,242.752685,225.75999700144948,1729495769,Will a Republican win Alaska Presidential Election?
0x6298dcd6eabe4abeca9e116dd99784a099ed842684ce8bbc020ffa5c5417e5c7,0xeb6f0a13ea8c5a7a0514c25495adbe815c1025f0,BUY,Yes,76626557395718138549682497346449622033790455953645207983251701172676708683039,0xcec7958225b06aa2464a72d934ddcc9b66bb6f35ad065010496d8db92de412a0,0.93,405.07,376.7151,1729484119,Will a Republican win Alaska Presidential Election?
0x22e86fc704a7b8e988c646353bbd22f34164fcdc4f47e9726cbbb73f2b4a302e,0x5f390e4b7d6f06d6756a6c92afdbf7b3176aa78c,BUY,No,9646994822693149615303360714935546561049708672550992328943885204944470918778,0xcec7958225b06aa2464a72d934ddcc9b66bb6f35ad065010496d8db92de412a0,0.07,542.87,38.0009,1729483791,Will a Republican win Alaska Presidential Election?
0xe7b2ccf39c48d449a2fa76a7056371e2dd11436a8da7b4e0b3f2cdf2a86ae3c3,0xeb6f0a13ea8c5a7a0514c25495adbe815c1025f0,BUY,Yes,76626557395718138549682497346449622033790455953645207983251701172676708683039,0xcec7958225b06aa2464a72d934ddcc9b66bb6f35ad065010496d8db92de412a0,0.93,3882.64,3610.8552,1729483791,Will a Republican win Alaska Presidential Election?
0x0057d1aa4c775f8ceb911a9bf44ea64b398a40e413ed5d83e488e2fa4af397b8,0xeb6f0a13ea8c5a7a0514c25495adbe815c1025f0,BUY,Yes,76626557395718138549682497346449622033790455953645207983251701172676708683039,0xcec7958225b06aa2464a72d934ddcc9b66bb6f35ad065010496d8db92de412a0,0.93,1000,930.0,1729483769,Will a Republican win Alaska Presidential Election?
0xcdfacb78930a92563b15ba4a9e4c7b26e3eacbff7424ea9109783d5791db0317,0xd9b1ed803310229d2dbe83272bb6523d56695614,SELL,Yes,76626557395718138549682497346449622033790455953645207983251701172676708683039,0xcec7958225b06aa2464a72d934ddcc9b66bb6f35ad065010496d8db92de412a0,0.92,54.94,50.5448,1729472260,Will a Republican win Alaska Presidential Election?
0x525c9b3f59e8885f3be296cbe142352246fdd884a164ea3cbac8421c5c57dbaf,0xd218e474776403a330142299f7796e8ba32eb5c9,BUY,No,9646994822693149615303360714935546561049708672550992328943885204944470918778,0xcec7958225b06aa2464a72d934ddcc9b66bb6f35ad065010496d8db92de412a0,0.08,90,7.2,1729451896,Will a Republican win Alaska Presidential Election?
0x9c12c464fd6a58ec6633505456c9c4cfc56147f6d98332514696bc82b85a5fb7,0xd218e474776403a330142299f7796e8ba32eb5c9,BUY,No,9646994822693149615303360714935546561049708672550992328943885204944470918778,0xcec7958225b06aa2464a72d934ddcc9b66bb6f35ad065010496d8db92de412a0,0.08,100,8.0,1729451776,Will a Republican win Alaska Presidential Election?
0xd89e57bd680f2810dd47617fc5f3c7960381c82c97de7793bfc512f4440c4cd2,0xd218e474776403a330142299f7796e8ba32eb5c9,BUY,No,9646994822693149615303360714935546561049708672550992328943885204944470918778,0xcec7958225b06aa2464a72d934ddcc9b66bb6f35ad065010496d8db92de412a0,0.08,300,24.0,1729451570,Will a Republican win Alaska Presidential Election?
0x782c129f8a3e9ae784143f8f6a8b3bdcbeef0d06e104e7dcccaa3392b4ad5fbb,0xf0ed9e68e6cd3ee712260abeaec32de56a7d47d8,BUY,Yes,76626557395718138549682497346449622033790455953645207983251701172676708683039,0xcec7958225b06aa2464a72d934ddcc9b66bb6f35ad065010496d8db92de412a0,0.93,1047.139771,973.8399870300002,1729451426,Will a Republican win Alaska Presidential Election?
0x01804bc1e07fde1d8c95cbba8f756bc5c3ba06745fc4c8d6639f829449a9fd9a,0xd218e474776403a330142299f7796e8ba32eb5c9,BUY,No,9646994822693149615303360714935546561049708672550992328943885204944470918778,0xcec7958225b06aa2464a72d934ddcc9b66bb6f35ad065010496d8db92de412a0,0.08,460.8,36.864000000000004,1729450437,Will a Republican win Alaska Presidential Election?
0x8229057ce64dddaebdbd115e21a2173444e67ee831ba437fd5848f4174318ea1,0xbc05922af152a1a9e670f8904fc17a25c1fdd56f,SELL,Yes,76626557395718138549682497346449622033790455953645207983251701172676708683039,0xcec7958225b06aa2464a72d934ddcc9b66bb6f35ad065010496d8db92de412a0,0.92,0.45,0.41400000000000003,1729431544,Will a Republican win Alaska Presidential Election?
0x03c23280a9737bebf5aa2649464aef9b21015236f5e99d99af8121d4a837efcb,0xbc05922af152a1a9e670f8904fc17a25c1fdd56f,BUY,Yes,76626557395718138549682497346449622033790455953645207983251701172676708683039,0xcec7958225b06aa2464a72d934ddcc9b66bb6f35ad065010496d8db92de412a0,0.9299994907,0.451611,0.4199979999945177,1729431474,Will a Republican win Alaska Presidential Election?
0xd3a5447cb993f0182e4fd60f44a86a98cdbf4780ae9874bbb69c57188b9f57ba,0x8d2dfa5467067189df7af810feb880466edc569c,BUY,Yes,76626557395718138549682497346449622033790455953645207983251701172676708683039,0xcec7958225b06aa2464a72d934ddcc9b66bb6f35ad065010496d8db92de412a0,0.9299997768,2.150536,1.9999980000003645,1729425075,Will a Republican win Alaska Presidential Election?
0x0af39ff0d9c8a37de14955cdbff44a05f1dfc8758478a5ea0b519b38a5c88e18,0x5f390e4b7d6f06d6756a6c92afdbf7b3176aa78c,BUY,No,9646994822693149615303360714935546561049708672550992328943885204944470918778,0xcec7958225b06aa2464a72d934ddcc9b66bb6f35ad065010496d8db92de412a0,0.08,71.2,5.696000000000001,1729422718,Will a Republican win Alaska Presidential Election?
0xe8a660c93396771d406cd077fa32101eaa4d65b155c5b189ce69eb9d98270f49,0xd218e474776403a330142299f7796e8ba32eb5c9,BUY,No,9646994822693149615303360714935546561049708672550992328943885204944470918778,0xcec7958225b06aa2464a72d934ddcc9b66bb6f35ad065010496d8db92de412a0,0.08,70,5.6000000000000005,1729422718,Will a Republican win Alaska Presidential Election?
0x55cc7bf4d0a2f8bfb64d1620ad2c77e4fbc35aae71d9b1f1f282181df576fbca,0xeb6f0a13ea8c5a7a0514c25495adbe815c1025f0,BUY,Yes,76626557395718138549682497346449622033790455953645207983251701172676708683039,0xcec7958225b06aa2464a72d934ddcc9b66bb6f35ad065010496d8db92de412a0,0.92,2911.6,2678.672,1729390235,Will a Republican win Alaska Presidential Election?
0x31e830ff4df217143d5adc419aa501db6e9ac5e6dfbf7ec38d9f33a6168bda36,0xfe911a4e80ee71b47cd1ee690733ac4062e970ff,SELL,Yes,76626557395718138549682497346449622033790455953645207983251701172676708683039,0xcec7958225b06aa2464a72d934ddcc9b66bb6f35ad065010496d8db92de412a0,0.92,722,664.24,1729380791,Will a Republican win Alaska Presidential Election?
0x3747c90c6a27122f75d52a15a56700718f4d52eacfddead85cd28cb1b98dc14b,0x0d7d4a2d8cfb7e2e2e394a54080fd32ec4b7a362,SELL,Yes,76626557395718138549682497346449622033790455953645207983251701172676708683039,0xcec7958225b06aa2464a72d934ddcc9b66bb6f35ad065010496d8db92de412a0,0.92,0.72,0.6624,1729360493,Will a Republican win Alaska Presidential Election?
0xa69201574d2a845df5706c87ed4232ee214f925d2f6b07da18e15920669db0e4,0x0d7d4a2d8cfb7e2e2e394a54080fd32ec4b7a362,BUY,Yes,76626557395718138549682497346449622033790455953645207983251701172676708683039,0xcec7958225b06aa2464a72d934ddcc9b66bb6f35ad065010496d8db92de412a0,0.9299986536,0.720429,0.6699980000143944,1729360418,Will a Republican win Alaska Presidential Election?
0xb8299e9e266d8dccb4673758c78b1bd845f1a6b7210b7b6ef4ecdf24f3123b8b,0xdd87d068bd1027135f2170a1585c4a2e8af87e3b,SELL,Yes,76626557395718138549682497346449622033790455953645207983251701172676708683039,0xcec7958225b06aa2464a72d934ddcc9b66bb6f35ad065010496d8db92de412a0,0.91,27.69,25.1979,1729352482,Will a Republican win Alaska Presidential Election?
0x4fa33e9b2466a367d3f5d9c3349cb0680d96688c9345c99b75eb0de8ac2907bd,0xab6ce4dee8f9ebb86aa39471d552746efad00375,SELL,Yes,76626557395718138549682497346449622033790455953645207983251701172676708683039,0xcec7958225b06aa2464a72d934ddcc9b66bb6f35ad065010496d8db92de412a0,0.92,18.26,16.799200000000003,1729352388,Will a Republican win Alaska Presidential Election?
0xbb2fa20ccbe5e3b61c1eda1030216f38b2c29747b2e552b9f84f6fd79c5284fa,0xa403140a3f6b3038c97d2ffc57dc2268f2bdf968,SELL,Yes,76626557395718138549682497346449622033790455953645207983251701172676708683039,0xcec7958225b06aa2464a72d934ddcc9b66bb6f35ad065010496d8db92de412a0,0.92,27.95,25.714000000000002,1729352388,Will a Republican win Alaska Presidential Election?
0x1f5f7b9203bab8cfc87ad1a39bfb53c37c222bb16b79af9f681440506cd40388,0x855d3f15defc0e12d158aa29b4fffd0ce9be2ae4,SELL,Yes,76626557395718138549682497346449622033790455953645207983251701172676708683039,0xcec7958225b06aa2464a72d934ddcc9b66bb6f35ad065010496d8db92de412a0,0.92,13.87,12.7604,1729352348,Will a Republican win Alaska Presidential Election?
0xf486df55468183c2b50ce105fdb162df804045ab933ae1cd57e7d1782b04f3ca,0xdd87d068bd1027135f2170a1585c4a2e8af87e3b,BUY,Yes,76626557395718138549682497346449622033790455953645207983251701172676708683039,0xcec7958225b06aa2464a72d934ddcc9b66bb6f35ad065010496d8db92de412a0,0.9299999859,27.698923,25.759997999445186,1729352332,Will a Republican win Alaska Presidential Election?
0x1b6faefdb334340a870420947797288b86d0c93667042068bcb81b4d064cb45a,0xab6ce4dee8f9ebb86aa39471d552746efad00375,BUY,Yes,76626557395718138549682497346449622033790455953645207983251701172676708683039,0xcec7958225b06aa2464a72d934ddcc9b66bb6f35ad065010496d8db92de412a0,0.9299999518,18.268816,16.98999799944307,1729352332,Will a Republican win Alaska Presidential Election?
0x74d391aa32015a57eb73cb6a352b57b8a285d30982ac74bc11c96852cfe85bb5,0x855d3f15defc0e12d158aa29b4fffd0ce9be2ae4,BUY,Yes,76626557395718138549682497346449622033790455953645207983251701172676708683039,0xcec7958225b06aa2464a72d934ddcc9b66bb6f35ad065010496d8db92de412a0,0.9299999726,13.870966,12.89999799993553,1729352332,Will a Republican win Alaska Presidential Election?
0xdb607d95179e43b6a6dbe7b701186671a763c7fe4e4e9dd9e9d3947ebab5f197,0xa403140a3f6b3038c97d2ffc57dc2268f2bdf968,BUY,Yes,76626557395718138549682497346449622033790455953645207983251701172676708683039,0xcec7958225b06aa2464a72d934ddcc9b66bb6f35ad065010496d8db92de412a0,0.92999997,27.956988,25.999998001290358,1729352332,Will a Republican win Alaska Presidential Election?
0xf13dfa577389125c3a59f65027e35952a2ba448b207bd5709a3492a78852b51e,0x05014eee99147a5d2bec8c200bb2922c7295a15c,SELL,Yes,76626557395718138549682497346449622033790455953645207983251701172676708683039,0xcec7958225b06aa2464a72d934ddcc9b66bb6f35ad065010496d8db92de412a0,0.92,0.67,0.6164000000000001,1729285793,Will a Republican win Alaska Presidential Election?
0x94e1e617285abe1d7f75eec2f9c5734599bc1e7902ed876bb6f619244b95e557,0x05014eee99147a5d2bec8c200bb2922c7295a15c,BUY,Yes,76626557395718138549682497346449622033790455953645207983251701172676708683039,0xcec7958225b06aa2464a72d934ddcc9b66bb6f35ad065010496d8db92de412a0,0.9299989076,0.677418,0.6299979999885768,1729285721,Will a Republican win Alaska Presidential Election?
0x35d5420109a1a193a0aedf67a17a0797348193f72c4270466c92dcd6522b26bc,0xb7d4a11e1a7bd6d3160e102844d559a09f30010d,SELL,Yes,76626557395718138549682497346449622033790455953645207983251701172676708683039,0xcec7958225b06aa2464a72d934ddcc9b66bb6f35ad065010496d8db92de412a0,0.92,799.52,735.5584,1729280857,Will a Republican win Alaska Presidential Election?
0x205e479484e34ec289ecf7153849fa1910eeb076190ea06023ff9d079f08a7fe,0x9e5119acf4493a6d33ec4034bbf3f37dcc637538,BUY,Yes,76626557395718138549682497346449622033790455953645207983251701172676708683039,0xcec7958225b06aa2464a72d934ddcc9b66bb6f35ad065010496d8db92de412a0,0.9299998159,5.376343,4.999998000215254,1729273549,Will a Republican win Alaska Presidential Election?
0x9bed8e50ec01103c150ec35bdd00a47aae1185d81fcae552c2ce3915ace00dd1,0xf8ba34bf0e95d952d05b578bfbc0833f9242a286,BUY,Yes,76626557395718138549682497346449622033790455953645207983251701172676708683039,0xcec7958225b06aa2464a72d934ddcc9b66bb6f35ad065010496d8db92de412a0,0.92,97,89.24000000000001,1729253532,Will a Republican win Alaska Presidential Election?
0xd15874251a47a1efe45726b323caca5e64474bb90c4b35cb62182c05e4c34fb1,0x7eb01ba70b069ec390cabcac1fea29452e5d08d8,SELL,Yes,76626557395718138549682497346449622033790455953645207983251701172676708683039,0xcec7958225b06aa2464a72d934ddcc9b66bb6f35ad065010496d8db92de412a0,0.91,1.45,1.3195,1729232561,Will a Republican win Alaska Presidential Election?
0x018a1053c6fdf6ae973c27e1214753d097df1a40bfa45f8696df25bfd7d9b095,0x7eb01ba70b069ec390cabcac1fea29452e5d08d8,BUY,Yes,76626557395718138549682497346449622033790455953645207983251701172676708683039,0xcec7958225b06aa2464a72d934ddcc9b66bb6f35ad065010496d8db92de412a0,0.9199997254,1.45652,1.339998000039608,1729232483,Will a Republican win Alaska Presidential Election?
0x0a9bf467b4300f05e99179d49e5b422116731dc7a949f2bc444e7f2e85270e3f,0x8247855e9f595acd2280fffe7084f0f8bd3bdf95,SELL,Yes,76626557395718138549682497346449622033790455953645207983251701172676708683039,0xcec7958225b06aa2464a72d934ddcc9b66bb6f35ad065010496d8db92de412a0,0.91,0.17,0.1547,1729228401,Will a Republican win Alaska Presidential Election?
0xbd6e8092056c98c5f029bd3f81949e78e294d4ee84a0e40c28d659136943ea91,0x8247855e9f595acd2280fffe7084f0f8bd3bdf95,BUY,Yes,76626557395718138549682497346449622033790455953645207983251701172676708683039,0xcec7958225b06aa2464a72d934ddcc9b66bb6f35ad065010496d8db92de412a0,0.91999977,0.173912,0.15999900000024,1729228341,Will a Republican win Alaska Presidential Election?
0xa7c76440b016f2720ae70460bd638844f4c72a1e2d8e46805d66dced707fa5cd,0xef8ac0a26538a80bdd8b96210636a48473e0a453,SELL,Yes,76626557395718138549682497346449622033790455953645207983251701172676708683039,0xcec7958225b06aa2464a72d934ddcc9b66bb6f35ad065010496d8db92de412a0,0.91,1.35,1.2285000000000001,1729226925,Will a Republican win Alaska Presidential Election?
0x69a73a033b0eb3b9db6c0c7d030bb6a996108ae743432ce4ea379f5bde8bfc28,0xef8ac0a26538a80bdd8b96210636a48473e0a453,BUY,Yes,76626557395718138549682497346449622033790455953645207983251701172676708683039,0xcec7958225b06aa2464a72d934ddcc9b66bb6f35ad065010496d8db92de412a0,0.9199996467,1.358694,1.2499979999734099,1729226861,Will a Republican win Alaska Presidential Election?
0xaf44fadd798c2383f0fd2d392a00fd4965020b31983187ad86bc20038da642e1,0x2ab95d4a172250f4c75ff338198a238a2bc11db9,BUY,Yes,76626557395718138549682497346449622033790455953645207983251701172676708683039,0xcec7958225b06aa2464a72d934ddcc9b66bb6f35ad065010496d8db92de412a0,0.9299999953,10.752685,9.99999699946238,1729175997,Will a Republican win Alaska Presidential Election?
0xbbf5b7a646652ccc328aac765a9e4f351a295c8daeb08ff94a8490c68dc1dac0,0x963ab7e72353dc3748221521f88609bdf341d1e6,SELL,Yes,76626557395718138549682497346449622033790455953645207983251701172676708683039,0xcec7958225b06aa2464a72d934ddcc9b66bb6f35ad065010496d8db92de412a0,0.9,0.33,0.29700000000000004,1729165506,Will a Republican win Alaska Presidential Election?
0xb65151159bfa75003ffe6f77fb01ddf5dea9eeb4db5cda7e190fab837024c6ab,0x963ab7e72353dc3748221521f88609bdf341d1e6,BUY,Yes,76626557395718138549682497346449622033790455953645207983251701172676708683039,0xcec7958225b06aa2464a72d934ddcc9b66bb6f35ad065010496d8db92de412a0,0.92,0.33695,0.30999400000000005,1729165444,Will a Republican win Alaska Presidential Election?
0x9add7477c75f37623ee4fb26afa93754e463ad1483fa5f0c2f466b9756a4a0f2,0x6dbcaa1d76f7ac9dcd255593554ca3d3426f339d,SELL,Yes,76626557395718138549682497346449622033790455953645207983251701172676708683039,0xcec7958225b06aa2464a72d934ddcc9b66bb6f35ad065010496d8db92de412a0,0.91,0.17,0.1547,1729158852,Will a Republican win Alaska Presidential Election?
0xcdf83a44bfac55c248c7b5b0247e3d1d02fde22aa46eac3f64de2fb5c7597688,0x6dbcaa1d76f7ac9dcd255593554ca3d3426f339d,BUY,Yes,76626557395718138549682497346449622033790455953645207983251701172676708683039,0xcec7958225b06aa2464a72d934ddcc9b66bb6f35ad065010496d8db92de412a0,0.9299996512,0.172042,0.1599989999917504,1729158772,Will a Republican win Alaska Presidential Election?
0xbf5c2c540f8d6c322480387ad2f97559f1ec34f807da0dff538603802b6005fb,0xefdf95dfb74d677e4c51d3da41e087ed6beb9cc2,BUY,Yes,76626557395718138549682497346449622033790455953645207983251701172676708683039,0xcec7958225b06aa2464a72d934ddcc9b66bb6f35ad065010496d8db92de412a0,0.93,3.2258,2.999994,1729150823,Will a Republican win Alaska Presidential Election?
0xe845b5752f160aaf4c9b319941f23c643190659214e925c5d0104b5eb973f0d6,0x38e59b36aae31b164200d0cad7c3fe5e0ee795e7,SELL,Yes,76626557395718138549682497346449622033790455953645207983251701172676708683039,0xcec7958225b06aa2464a72d934ddcc9b66bb6f35ad065010496d8db92de412a0,0.91,77.77,70.7707,1729134962,Will a Republican win Alaska Presidential Election?
0x16c03fef3ce49da39a0121e6536aeb84901ae0d997218793f7d1c85e4dd718ba,0x5685bf6758facce7d1221d3cc3ab0fdb836a62e2,BUY,Yes,76626557395718138549682497346449622033790455953645207983251701172676708683039,0xcec7958225b06aa2464a72d934ddcc9b66bb6f35ad065010496d8db92de412a0,0.9261767423,1079.707514,999.9999879533516,1729126453,Will a Republican win Alaska Presidential Election?
0xcc43c05d984774db41c441edb2f84243f8fa1c4136b4042c5b9e9fe29342fa26,0x4c32c7032d31a0991d7e0b5853a18725311420a0,BUY,Yes,76626557395718138549682497346449622033790455953645207983251701172676708683039,0xcec7958225b06aa2464a72d934ddcc9b66bb6f35ad065010496d8db92de412a0,0.919999581,2.195651,2.019998000022231,1729126351,Will a Republican win Alaska Presidential Election?
0x9c61f460cbcc74ec90a1ed8c855dc05d6011c6f58361f20bee94c24d6f731cc3,0x96b59f71f635da5da031e3e93448c54fe226f5e7,SELL,Yes,76626557395718138549682497346449622033790455953645207983251701172676708683039,0xcec7958225b06aa2464a72d934ddcc9b66bb6f35ad065010496d8db92de412a0,0.903528162,5474.04,4945.9492999144795,1729108704,Will a Republican win Alaska Presidential Election?
0x2777285489e1536ab1a742455271d5c36768deb4d7e944dc506a86ada762f884,0x9e41715a30ce73ce00ecaf9bd99be03d8615cf4d,SELL,Yes,76626557395718138549682497346449622033790455953645207983251701172676708683039,0xcec7958225b06aa2464a72d934ddcc9b66bb6f35ad065010496d8db92de412a0,0.92,147.14,135.3688,1729107832,Will a Republican win Alaska Presidential Election?
0xaa2104e3e41565528e8de65d9fa30bfb842e17c0e50cef6bededaaae58f34deb,0xe5c95614e4691154cc3440fc585f3ea1ff59fdf4,SELL,Yes,76626557395718138549682497346449622033790455953645207983251701172676708683039,0xcec7958225b06aa2464a72d934ddcc9b66bb6f35ad065010496d8db92de412a0,0.91,219.78,199.99980000000002,1729105662,Will a Republican win Alaska Presidential Election?
0xd5cf5b0c00f0b8fa828673b2cf4edc53e8154cd6f6d4d291e39939b00de3ae0a,0xf99c223ed3c3ce898e81de1b400c4ff48a5678eb,BUY,Yes,76626557395718138549682497346449622033790455953645207983251701172676708683039,0xcec7958225b06aa2464a72d934ddcc9b66bb6f35ad065010496d8db92de412a0,0.93,3799.5,3533.5350000000003,1729092341,Will a Republican win Alaska Presidential Election?
0x25c697682ce48267c16e0910acfae95a8df300cfaf5f65f9b9aec763fa6efe59,0xf99c223ed3c3ce898e81de1b400c4ff48a5678eb,BUY,Yes,76626557395718138549682497346449622033790455953645207983251701172676708683039,0xcec7958225b06aa2464a72d934ddcc9b66bb6f35ad065010496d8db92de412a0,0.92,90,82.8,1729092323,Will a Republican win Alaska Presidential Election?
0x8f5fec4aed60437e5b2ee4da18e052f25ddf09d9999ab34ccd835c0f446b2b25,0xecdbd79566a25693b9971c48d7de84bc05f7da79,BUY,Yes,76626557395718138549682497346449622033790455953645207983251701172676708683039,0xcec7958225b06aa2464a72d934ddcc9b66bb6f35ad065010496d8db92de412a0,0.92,200,184.0,1729089957,Will a Republican win Alaska Presidential Election?
0xab1723fd3dee8c7ddbd5cfaad780af44c530a43d7c722b8db0891401f0d42c14,0xf8ba34bf0e95d952d05b578bfbc0833f9242a286,SELL,No,9646994822693149615303360714935546561049708672550992328943885204944470918778,0xcec7958225b06aa2464a72d934ddcc9b66bb6f35ad065010496d8db92de412a0,0.08,200,16.0,1729028986,Will a Republican win Alaska Presidential Election?
0x7966370e9cbaec88ffb63461a8906a8d7a0d1fceb97dce996b2ac9cfdfd5b5b1,0x05474155c749a558ae6adb76050a748a8820fb35,SELL,Yes,76626557395718138549682497346449622033790455953645207983251701172676708683039,0xcec7958225b06aa2464a72d934ddcc9b66bb6f35ad065010496d8db92de412a0,0.91,12,10.92,1729019596,Will a Republican win Alaska Presidential Election?
0xff8e6af4e5e417666acc8d77762c46dc69f5d85c0bbc27ee13cc6b544385be98,0x1ad9c3be29554f4ba13b24d79206d3d2371d4760,SELL,No,9646994822693149615303360714935546561049708672550992328943885204944470918778,0xcec7958225b06aa2464a72d934ddcc9b66bb6f35ad065010496d8db92de412a0,0.08,607.12,48.5696,1728942815,Will a Republican win Alaska Presidential Election?
0x794e6505410fe34ea564d4b1cdc87558107026446ffffea1266dd8df95c3786d,0xffe06d59a1599110c6b8086f6d67c40da784b44c,BUY,Yes,76626557395718138549682497346449622033790455953645207983251701172676708683039,0xcec7958225b06aa2464a72d934ddcc9b66bb6f35ad065010496d8db92de412a0,0.92,100,92.0,1728932003,Will a Republican win Alaska Presidential Election?
0x8522b8889bfe0896f4c086756349e6c3f5c1bfa4609b3d0f70287ffb186bbe9f,0x9dc3fe65952e10a9bb288496a87e83fc05b4259a,SELL,Yes,76626557395718138549682497346449622033790455953645207983251701172676708683039,0xcec7958225b06aa2464a72d934ddcc9b66bb6f35ad065010496d8db92de412a0,0.91,16.48,14.9968,1728906884,Will a Republican win Alaska Presidential Election?
0x3e33924f0bf7c27feddbbdf4cf27d95bd747e21a863c1b16af9d3d323936a099,0xd7d73a302f146c74327d24105a062df5a04bece1,BUY,Yes,76626557395718138549682497346449622033790455953645207983251701172676708683039,0xcec7958225b06aa2464a72d934ddcc9b66bb6f35ad065010496d8db92de412a0,0.919999448,1.086955,0.9999980000008399,1728891159,Will a Republican win Alaska Presidential Election?
0xd20e71c7f10c006c9e484b5a38a94e1efda6d4f8cec779e4c7c7ec6e2dccfccf,0x9e5119acf4493a6d33ec4034bbf3f37dcc637538,BUY,Yes,76626557395718138549682497346449622033790455953645207983251701172676708683039,0xcec7958225b06aa2464a72d934ddcc9b66bb6f35ad065010496d8db92de412a0,0.9199999816,2.173912,1.9999990000000192,1728879038,Will a Republican win Alaska Presidential Election?
0x51262f8ba654481481aa6eb09c8e8f880339f9b7b017821c5e8024d31d447805,0x58744f91ed701afdc02d55b0467b09ce62c505f7,SELL,No,9646994822693149615303360714935546561049708672550992328943885204944470918778,0xcec7958225b06aa2464a72d934ddcc9b66bb6f35ad065010496d8db92de412a0,0.08,14.98,1.1984000000000001,1728763103,Will a Republican win Alaska Presidential Election?
0x0ceca68e9851caa6277236ab7d04652537b1eb8cecdab982df92b059f8a8d1c5,0x12265513741637864a97a0e1daac040dbb1ce55e,SELL,Yes,76626557395718138549682497346449622033790455953645207983251701172676708683039,0xcec7958225b06aa2464a72d934ddcc9b66bb6f35ad065010496d8db92de412a0,0.91,10.98,9.991800000000001,1728664719,Will a Republican win Alaska Presidential Election?
0x3769e171df6b3c02e40ddd4340bc97257dd63067193fdd4abe3cea15f9421f03,0x9e5119acf4493a6d33ec4034bbf3f37dcc637538,BUY,Yes,76626557395718138549682497346449622033790455953645207983251701172676708683039,0xcec7958225b06aa2464a72d934ddcc9b66bb6f35ad065010496d8db92de412a0,0.9199999816,2.173912,1.9999990000000192,1728618585,Will a Republican win Alaska Presidential Election?
0x316def6f04ca13c1783bfaa2717e25a55a5fd3cb4b6017f0104d35d99a61d66d,0x9c18942db31b99ef26c96b36b8040d70615f49ef,SELL,Yes,76626557395718138549682497346449622033790455953645207983251701172676708683039,0xcec7958225b06aa2464a72d934ddcc9b66bb6f35ad065010496d8db92de412a0,0.91,50,45.5,1728605024,Will a Republican win Alaska Presidential Election?
0xcfd887000ec7bf4f1c4c4e71e1889e36090f14999b9853c502fb03dcae13b7be,0x8fe87409bafab23804294af85f368d86c574949e,BUY,Yes,76626557395718138549682497346449622033790455953645207983251701172676708683039,0xcec7958225b06aa2464a72d934ddcc9b66bb6f35ad065010496d8db92de412a0,0.9199996219,1.586955,1.4599979999723143,1728594350,Will a Republican win Alaska Presidential Election?
0xd21b53a6d276e6a35a82629027fdc51be07f0baf52bebd20b2cb69d0bd674377,0x8245ea0d5a476678cb354b69e136908f0757ebed,BUY,Yes,76626557395718138549682497346449622033790455953645207983251701172676708683039,0xcec7958225b06aa2464a72d934ddcc9b66bb6f35ad065010496d8db92de412a0,0.9199999996,1086.95652,999.9999979652174,1728590094,Will a Republican win Alaska Presidential Election?
0xf95d45fbf1c2a6d0ae14bc88a616829069c502db75637e2730284484a268c57b,0x6cb5e2dfd825fdba530b58a191ee4e8ab643ef2d,BUY,Yes,76626557395718138549682497346449622033790455953645207983251701172676708683039,0xcec7958225b06aa2464a72d934ddcc9b66bb6f35ad065010496d8db92de412a0,0.92,54.347825,49.999999,1728570101,Will a Republican win Alaska Presidential Election?
0x2ad2fba832788364b4986aaeae871161ecc2d85b33376c33d430d2ebce712137,0x0234ef90fbabd45998db15ba0c852d7cdca22f74,BUY,Yes,76626557395718138549682497346449622033790455953645207983251701172676708683039,0xcec7958225b06aa2464a72d934ddcc9b66bb6f35ad065010496d8db92de412a0,0.919999448,1.086955,0.9999980000008399,1728537290,Will a Republican win Alaska Presidential Election?
0x2a9c4c788bce914c63f232fa46411dc8230b6cfcf166ee4ce1495d1146e28acb,0x638767b84130fe027cb773c204f89a9e8f0d9d9b,BUY,Yes,76626557395718138549682497346449622033790455953645207983251701172676708683039,0xcec7958225b06aa2464a72d934ddcc9b66bb6f35ad065010496d8db92de412a0,0.92,1000,920.0,1728534420,Will a Republican win Alaska Presidential Election?
0x7afd701e5befcd93f23845992a0099b2554f131368beaec752e96d9859c47374,0x042ed77c8a2feb7305f471c4152004802a848c9f,BUY,Yes,76626557395718138549682497346449622033790455953645207983251701172676708683039,0xcec7958225b06aa2464a72d934ddcc9b66bb6f35ad065010496d8db92de412a0,0.92,100,92.0,1728518485,Will a Republican win Alaska Presidential Election?
0x588c86708c8821ef67c4e17d6c73e4c9a8656f240ed2780c97704d0bff846fdc,0x9f7a2b2a3f05b485069517cc295c8472ba218b26,BUY,Yes,76626557395718138549682497346449622033790455953645207983251701172676708683039,0xcec7958225b06aa2464a72d934ddcc9b66bb6f35ad065010496d8db92de412a0,0.9199999974,172.282607,158.49999799206523,1728508812,Will a Republican win Alaska Presidential Election?
0xcad4fda1c6ee4a951afb2206930205c3cf9adedfefe4c2d545653edee1561295,0x4bb0e5b6dc0a533963344a102347a72b328375ce,SELL,Yes,76626557395718138549682497346449622033790455953645207983251701172676708683039,0xcec7958225b06aa2464a72d934ddcc9b66bb6f35ad065010496d8db92de412a0,0.91,0.26,0.2366,1728503178,Will a Republican win Alaska Presidential Election?
0x5e67baa5974bddd31bba6b76b6ddd3a28ed5cfbafd03fda6afec7541e8d992f3,0x4bb0e5b6dc0a533963344a102347a72b328375ce,BUY,Yes,76626557395718138549682497346449622033790455953645207983251701172676708683039,0xcec7958225b06aa2464a72d934ddcc9b66bb6f35ad065010496d8db92de412a0,0.9199978533,0.260868,0.23999799999466437,1728503110,Will a Republican win Alaska Presidential Election?
0x6a79f7802095b498ce0208fe5d2baf18734dc89dd551e264fc3d551b3c72c905,0x1e6c2bac20ce0346d2bbd05bee1379ede1be0b9f,SELL,Yes,76626557395718138549682497346449622033790455953645207983251701172676708683039,0xcec7958225b06aa2464a72d934ddcc9b66bb6f35ad065010496d8db92de412a0,0.91,0.89,0.8099000000000001,1728490030,Will a Republican win Alaska Presidential Election?
0xb98c790a973fdbbf5818495b3862394fb8c87ff2edad084b428626ed3a930dd3,0x1e6c2bac20ce0346d2bbd05bee1379ede1be0b9f,BUY,Yes,76626557395718138549682497346449622033790455953645207983251701172676708683039,0xcec7958225b06aa2464a72d934ddcc9b66bb6f35ad065010496d8db92de412a0,0.9199991473,0.891303,0.8199979999859318,1728489972,Will a Republican win Alaska Presidential Election?
0xb38a1ab547d9cbd0fdd4f7318c1b1d347c52a113859d79444260caa6832fad6d,0x141b41c8c80247b8e4322846ee8c83cc97ea7918,SELL,Yes,76626557395718138549682497346449622033790455953645207983251701172676708683039,0xcec7958225b06aa2464a72d934ddcc9b66bb6f35ad065010496d8db92de412a0,0.91,219.78,199.99980000000002,1728482915,Will a Republican win Alaska Presidential Election?
0x38105e9af020586dc052fdda5aa15899371e82fcd1c85bc2db052afc94ddde9a,0x5b50155bf8bfb7ff5d2f2a2738e0a1cd707150e4,SELL,Yes,76626557395718138549682497346449622033790455953645207983251701172676708683039,0xcec7958225b06aa2464a72d934ddcc9b66bb6f35ad065010496d8db92de412a0,0.91,942.26,857.4566,1728479413,Will a Republican win Alaska Presidential Election?
0xfcfbed50749304366da30710ac50db4c7a3dbd4d4e10619a1b009d0463e13169,0x5b50155bf8bfb7ff5d2f2a2738e0a1cd707150e4,SELL,Yes,76626557395718138549682497346449622033790455953645207983251701172676708683039,0xcec7958225b06aa2464a72d934ddcc9b66bb6f35ad065010496d8db92de412a0,0.91,600,546.0,1728467597,Will a Republican win Alaska Presidential Election?
0x51d4527eb96a1ef14b14433dec55ab20267201551be1760ed0c91d9ec5586ea3,0x26b1a0a59920f47eb49ed3d60ce524829becc8fc,SELL,Yes,76626557395718138549682497346449622033790455953645207983251701172676708683039,0xcec7958225b06aa2464a72d934ddcc9b66bb6f35ad065010496d8db92de412a0,0.91,0.89,0.8099000000000001,1728460343,Will a Republican win Alaska Presidential Election?
0x56d5dbced3541040446939d26d166950064ab634c32622acc5f804bd421a2e4c,0x26b1a0a59920f47eb49ed3d60ce524829becc8fc,BUY,Yes,76626557395718138549682497346449622033790455953645207983251701172676708683039,0xcec7958225b06aa2464a72d934ddcc9b66bb6f35ad065010496d8db92de412a0,0.9199991473,0.891303,0.8199979999859318,1728460273,Will a Republican win Alaska Presidential Election?
0xdec7cbe9935427c80c71d4b0a866db71c8288c9ff8070770be5403f95db938a5,0xd17f04b069533b2d6bff2ed8c044553c1caa858c,SELL,Yes,76626557395718138549682497346449622033790455953645207983251701172676708683039,0xcec7958225b06aa2464a72d934ddcc9b66bb6f35ad065010496d8db92de412a0,0.91,0.51,0.4641,1728453628,Will a Republican win Alaska Presidential Election?
0xa32796303c02a3121727c08742298a0e4a2d0a3dd54234152364a48660dbfaa6,0xd17f04b069533b2d6bff2ed8c044553c1caa858c,BUY,Yes,76626557395718138549682497346449622033790455953645207983251701172676708683039,0xcec7958225b06aa2464a72d934ddcc9b66bb6f35ad065010496d8db92de412a0,0.9199989038,0.510868,0.46999799998649844,1728453578,Will a Republican win Alaska Presidential Election?
0x9535dcf7fccb8b048076822ade6f7af597e2ef151ab93b7e227d4feecafbf315,0x20f72a54b94c119cd62c55ce7bfc06079b2ffb03,SELL,Yes,76626557395718138549682497346449622033790455953645207983251701172676708683039,0xcec7958225b06aa2464a72d934ddcc9b66bb6f35ad065010496d8db92de412a0,0.91,3.29,2.9939,1728442995,Will a Republican win Alaska Presidential Election?
0x5907b166a4824604c7f235a0109f4ea10c7e517126d128153cf7a36ac4e6ed9a,0xf8ba34bf0e95d952d05b578bfbc0833f9242a286,BUY,No,9646994822693149615303360714935546561049708672550992328943885204944470918778,0xcec7958225b06aa2464a72d934ddcc9b66bb6f35ad065010496d8db92de412a0,0.09,2000,180.0,1728419246,Will a Republican win Alaska Presidential Election?
0x8dcb2bbdf35e91a9621fec37c61ff29a87f10585ec3ba3a046b8d78481944064,0xbac74639afcdc3d6b212a5b59232385714b9003e,BUY,Yes,76626557395718138549682497346449622033790455953645207983251701172676708683039,0xcec7958225b06aa2464a72d934ddcc9b66bb6f35ad065010496d8db92de412a0,0.9199999687,21.739129,19.99999799956526,1728409040,Will a Republican win Alaska Presidential Election?
0xc9f846ee19f2d36cf1befdccd4490d5799bae18f0efc9a040bceafb5442dfdc6,0xd2615d52e4d5a0e3cce0187a1d0c664b91a8b1f2,SELL,Yes,76626557395718138549682497346449622033790455953645207983251701172676708683039,0xcec7958225b06aa2464a72d934ddcc9b66bb6f35ad065010496d8db92de412a0,0.91,0.91,0.8281000000000001,1728383041,Will a Republican win Alaska Presidential Election?
0x8bd2b015647bd1957a55c283105ecd154bdda5ab36722584da204ac05c5981ad,0xd2615d52e4d5a0e3cce0187a1d0c664b91a8b1f2,BUY,Yes,76626557395718138549682497346449622033790455953645207983251701172676708683039,0xcec7958225b06aa2464a72d934ddcc9b66bb6f35ad065010496d8db92de412a0,0.919999299,0.913042,0.839997999957558,1728382969,Will a Republican win Alaska Presidential Election?
0x4eba94c0f5cbd9d3f9c98da93554edf075a960c60e1fd4ac30a8856f7d0fa444,0xb51820210ab4a56453e989a2db558fc4e84b77bd,BUY,Yes,76626557395718138549682497346449622033790455953645207983251701172676708683039,0xcec7958225b06aa2464a72d934ddcc9b66bb6f35ad065010496d8db92de412a0,0.9199955839,0.108694,0.0999979999964266,1728381442,Will a Republican win Alaska Presidential Election?
0x037aa9641e718eca02a2d49befc56b28aa43f7618b817e19f51db63584065439,0x000d257d2dc7616feaef4ae0f14600fdf50a758e,BUY,Yes,76626557395718138549682497346449622033790455953645207983251701172676708683039,0xcec7958225b06aa2464a72d934ddcc9b66bb6f35ad065010496d8db92de412a0,0.91,1840.95,1675.2645,1728379462,Will a Republican win Alaska Presidential Election?
0x4b4e9ab17abc99763cc3a9ffc7fdd2aa99c7fbe7029608e62ebff46b78b59b82,0x8398e9d4d7053fd948aa01ef5132731a715e7a87,BUY,Yes,76626557395718138549682497346449622033790455953645207983251701172676708683039,0xcec7958225b06aa2464a72d934ddcc9b66bb6f35ad065010496d8db92de412a0,0.9099909909,0.109889,0.0999979999990101,1728379268,Will a Republican win Alaska Presidential Election?
0x36d8a98bb8e45734f5b7c621373963d50258ed8f3398e8449ba373b67486898f,0x7ae820e4b162e494e4f478dce7dc539d4a48d217,SELL,Yes,76626557395718138549682497346449622033790455953645207983251701172676708683039,0xcec7958225b06aa2464a72d934ddcc9b66bb6f35ad065010496d8db92de412a0,0.9,3.65,3.285,1728378536,Will a Republican win Alaska Presidential Election?
0x6d28285a74130b72394738d4b3980b617a9bae162a83ad8757b5953aee4a1183,0x7ae820e4b162e494e4f478dce7dc539d4a48d217,BUY,Yes,76626557395718138549682497346449622033790455953645207983251701172676708683039,0xcec7958225b06aa2464a72d934ddcc9b66bb6f35ad065010496d8db92de412a0,0.9099998661,3.659339,3.329998000014508,1728377692,Will a Republican win Alaska Presidential Election?
0x093593beee856c91b75382dddc0f396f8a87c216bbb3390f3223f8ebd3d953b7,0x55bf317055414ab0eb5375f067eb530cee6e1e00,BUY,Yes,76626557395718138549682497346449622033790455953645207983251701172676708683039,0xcec7958225b06aa2464a72d934ddcc9b66bb6f35ad065010496d8db92de412a0,0.9099997072,3.175823,2.8899980001190255,1728374878,Will a Republican win Alaska Presidential Election?
0xd8440e4ccb2b69349bca2c50f7697ec033c9f602a744736ed9b7a893034fba5e,0x7b9bc4e676cee02e41d840cb3e6667503dfe86c8,BUY,Yes,76626557395718138549682497346449622033790455953645207983251701172676708683039,0xcec7958225b06aa2464a72d934ddcc9b66bb6f35ad065010496d8db92de412a0,0.9099998846,3.725273,3.389998000103496,1728372475,Will a Republican win Alaska Presidential Election?
0x206fa26585beacfe686a3232d542ac21e560221c7ebc8357587f02ac1ef280c3,0xe5288d603816e55daad8dd91f102010b7e6c1511,BUY,Yes,76626557395718138549682497346449622033790455953645207983251701172676708683039,0xcec7958225b06aa2464a72d934ddcc9b66bb6f35ad065010496d8db92de412a0,0.9099999988,549.450548,499.9999980206594,1728369980,Will a Republican win Alaska Presidential Election?
0x607ae89cc98132a9c0e6a1c787d2ecf4d0f9b610bf11de87a47055fceba5e978,0x12265513741637864a97a0e1daac040dbb1ce55e,BUY,Yes,76626557395718138549682497346449622033790455953645207983251701172676708683039,0xcec7958225b06aa2464a72d934ddcc9b66bb6f35ad065010496d8db92de412a0,0.91,10.989,9.99999,1728369974,Will a Republican win Alaska Presidential Election?
0x6cee999c973cc4de725bc589ef656672cf52da6cee2b5ddec289893061000c38,0xe40362b6d2c1eb1134da886f4c64f02f08f6e5a4,BUY,Yes,76626557395718138549682497346449622033790455953645207983251701172676708683039,0xcec7958225b06aa2464a72d934ddcc9b66bb6f35ad065010496d8db92de412a0,0.91,3405,3098.55,1728322576,Will a Republican win Alaska Presidential Election?
0xaa4b45ec515f8ca3dc4b14f8922269f3b13df8cd6e42536cbff45a06410fee8a,0xe40362b6d2c1eb1134da886f4c64f02f08f6e5a4,BUY,Yes,76626557395718138549682497346449622033790455953645207983251701172676708683039,0xcec7958225b06aa2464a72d934ddcc9b66bb6f35ad065010496d8db92de412a0,0.91,27759.43,25261.0813,1728319511,Will a Republican win Alaska Presidential Election?
0x1d10341ad58297c2814405b623666b197cc492362336553943aef3a269192a5b,0x6b7ec4ba079c0a258435ea36025f6190cd424562,BUY,No,9646994822693149615303360714935546561049708672550992328943885204944470918778,0xcec7958225b06aa2464a72d934ddcc9b66bb6f35ad065010496d8db92de412a0,0.1,320,32.0,1728318363,Will a Republican win Alaska Presidential Election?
0xaa43569bb788aaabf82bb271ecc7320384b50e8f6845954b20f21e6dd110b2bf,0x9d6f623834dfb345397798af2d3003f80e377fef,SELL,Yes,76626557395718138549682497346449622033790455953645207983251701172676708683039,0xcec7958225b06aa2464a72d934ddcc9b66bb6f35ad065010496d8db92de412a0,0.9,68.35,61.51499999999999,1728316515,Will a Republican win Alaska Presidential Election?
0x5057697009de6a772da3e3159fc6dd51e937b24d54dd675f6c7a548a07912356,0x9c252b438f2f4e9faff620787a65e3d505bac01d,SELL,Yes,76626557395718138549682497346449622033790455953645207983251701172676708683039,0xcec7958225b06aa2464a72d934ddcc9b66bb6f35ad065010496d8db92de412a0,0.9,0.27,0.24300000000000002,1728315451,Will a Republican win Alaska Presidential Election?
0xfebe93db49b53d9c10d18f4c5e3493df1f74bd5021e4b067d3867ecb2999c0b7,0x9c252b438f2f4e9faff620787a65e3d505bac01d,BUY,Yes,76626557395718138549682497346449622033790455953645207983251701172676708683039,0xcec7958225b06aa2464a72d934ddcc9b66bb6f35ad065010496d8db92de412a0,0.9099999272,0.274722,0.24999700000023842,1728315387,Will a Republican win Alaska Presidential Election?
0x748335e41779747625fd6a91110578b5cf2f75a84aaab5af6ff4d932c11b399c,0x498f572d75e25f233a9f1219090b554480f2fe83,SELL,Yes,76626557395718138549682497346449622033790455953645207983251701172676708683039,0xcec7958225b06aa2464a72d934ddcc9b66bb6f35ad065010496d8db92de412a0,0.9,0.61,0.549,1728306697,Will a Republican win Alaska Presidential Election?
0x9e3d5775382df5db9317ace67258dd3679e22e0a420960ba9b2753213feecdc7,0x498f572d75e25f233a9f1219090b554480f2fe83,BUY,Yes,76626557395718138549682497346449622033790455953645207983251701172676708683039,0xcec7958225b06aa2464a72d934ddcc9b66bb6f35ad065010496d8db92de412a0,0.9099998862,0.615377,0.5599929999700974,1728306629,Will a Republican win Alaska Presidential Election?
0x6ed206f95d6edc375326e27e6ff09cb7f3618f1f0766aa6fd6122713ee00dd66,0x141b41c8c80247b8e4322846ee8c83cc97ea7918,BUY,Yes,76626557395718138549682497346449622033790455953645207983251701172676708683039,0xcec7958225b06aa2464a72d934ddcc9b66bb6f35ad065010496d8db92de412a0,0.91,219.780211,199.99999201000003,1728292442,Will a Republican win Alaska Presidential Election?
0x59d15bbada84fe693b288043923f780b975021b94b1c85defe9666203f11a008,0xb7d4a11e1a7bd6d3160e102844d559a09f30010d,BUY,Yes,76626557395718138549682497346449622033790455953645207983251701172676708683039,0xcec7958225b06aa2464a72d934ddcc9b66bb6f35ad065010496d8db92de412a0,0.9,799.52,719.568,1728237450,Will a Republican win Alaska Presidential Election?
0x02c8039e6d0c196201c54c088b5dc165dde0ecb784947148c61b46ee361bdb03,0x7a83ac4d316566325a7304225cc61fd9b28c0f90,BUY,Yes,76626557395718138549682497346449622033790455953645207983251701172676708683039,0xcec7958225b06aa2464a72d934ddcc9b66bb6f35ad065010496d8db92de412a0,0.8999991628,0.477776,0.4299980000059328,1728200072,Will a Republican win Alaska Presidential Election?
0x8bfe1aae079333a3aba2554555ec3a5705bcdb3b825c64e896a3f990044f1a96,0xd42f6a1634a3707e27cbae14ca966068e5d1047d,SELL,Yes,76626557395718138549682497346449622033790455953645207983251701172676708683039,0xcec7958225b06aa2464a72d934ddcc9b66bb6f35ad065010496d8db92de412a0,0.9,3504.78,3154.302,1728190386,Will a Republican win Alaska Presidential Election?
0x022dfb6aa57004b29dd5a264c9cf2f9ca5b5277d4cf686dd636710db4c025859,0xba3f3485e11f156c7cbc848813d111122e4c8b64,SELL,Yes,76626557395718138549682497346449622033790455953645207983251701172676708683039,0xcec7958225b06aa2464a72d934ddcc9b66bb6f35ad065010496d8db92de412a0,0.9,50,45.0,1728146746,Will a Republican win Alaska Presidential Election?
0x101c9ea074913bff5f944b80c14a1bdd6222b3012f3cd54578573a603d09117d,0xd218e474776403a330142299f7796e8ba32eb5c9,BUY,No,9646994822693149615303360714935546561049708672550992328943885204944470918778,0xcec7958225b06aa2464a72d934ddcc9b66bb6f35ad065010496d8db92de412a0,0.1,0.75,0.07500000000000001,1728128852,Will a Republican win Alaska Presidential Election?
0x0e71fc683de2d88db49a4b335fb37daed5a238afe76fddbe4c10ef0bba11246d,0xd218e474776403a330142299f7796e8ba32eb5c9,BUY,No,9646994822693149615303360714935546561049708672550992328943885204944470918778,0xcec7958225b06aa2464a72d934ddcc9b66bb6f35ad065010496d8db92de412a0,0.1,0.79,0.07900000000000001,1728123788,Will a Republican win Alaska Presidential Election?
0x66badb9ae874f287cda8980d1310f5fc9f2425248e15ef86be939eb320ca8bae,0x955bde8d064ec7c04791aa2e0c5d03e4b95324ca,SELL,Yes,76626557395718138549682497346449622033790455953645207983251701172676708683039,0xcec7958225b06aa2464a72d934ddcc9b66bb6f35ad065010496d8db92de412a0,0.9,0.98,0.882,1728114882,Will a Republican win Alaska Presidential Election?
0x60ebd2cade58fb7ad897e7ccddc715c6d076465373c90672e59aa494fa8c2e4c,0x955bde8d064ec7c04791aa2e0c5d03e4b95324ca,BUY,Yes,76626557395718138549682497346449622033790455953645207983251701172676708683039,0xcec7958225b06aa2464a72d934ddcc9b66bb6f35ad065010496d8db92de412a0,0.91,0.989,0.8999900000000001,1728114812,Will a Republican win Alaska Presidential Election?
0x157a2a27ed05f49f0cfaf8db474a774c22a26c04117633424175e40bc383dffe,0x40b662bc3752ed8970c5c2c7cfe2160ed71e69f0,SELL,Yes,76626557395718138549682497346449622033790455953645207983251701172676708683039,0xcec7958225b06aa2464a72d934ddcc9b66bb6f35ad065010496d8db92de412a0,0.9,7247.7,6522.93,1728103047,Will a Republican win Alaska Presidential Election?
0x58d50c4c6a0f97b6f0733cd4b72a334de14671e5dcb8ddf09e83e9ca08759da1,0xff429335345365d202b7afd40d630b9ebd9183e5,SELL,Yes,76626557395718138549682497346449622033790455953645207983251701172676708683039,0xcec7958225b06aa2464a72d934ddcc9b66bb6f35ad065010496d8db92de412a0,0.89,1.08,0.9612,1728075807,Will a Republican win Alaska Presidential Election?
0x9e3ec203b1872f9e3ca0ff71e0a2dfdca3844385cfd9765a2188ae42adef78b9,0x40b662bc3752ed8970c5c2c7cfe2160ed71e69f0,BUY,Yes,76626557395718138549682497346449622033790455953645207983251701172676708683039,0xcec7958225b06aa2464a72d934ddcc9b66bb6f35ad065010496d8db92de412a0,0.9,7247.7,6522.93,1727989372,Will a Republican win Alaska Presidential Election?
0xcc4f0e787b331329ef6c9afa8b6263cb35e610a4c14d51717621b74d11ca0bd8,0x17e4b0543f1de98ad29d6486bdd7d14ceb754034,BUY,Yes,76626557395718138549682497346449622033790455953645207983251701172676708683039,0xcec7958225b06aa2464a72d934ddcc9b66bb6f35ad065010496d8db92de412a0,0.899999595,2.222221,1.9999980000004949,1727976436,Will a Republican win Alaska Presidential Election?
0xc483c6c65dba8d2dc87c93e6799c8285022bd03588a030962c8a13284f3af8f5,0x15620ec935d3e686c921b4e043e8d5e64a4dda6b,SELL,Yes,76626557395718138549682497346449622033790455953645207983251701172676708683039,0xcec7958225b06aa2464a72d934ddcc9b66bb6f35ad065010496d8db92de412a0,0.88,1.92,1.6896,1727941715,Will a Republican win Alaska Presidential Election?
0x202d1a339f62f53ad22bc8cb60cea1691ada851728ebd353f20f0345fa5f3fa0,0x23782e8e8f330ed489d68903e0cca105ddb1a059,BUY,Yes,76626557395718138549682497346449622033790455953645207983251701172676708683039,0xcec7958225b06aa2464a72d934ddcc9b66bb6f35ad065010496d8db92de412a0,0.8999999984,444.444443,399.9999979888889,1727875076,Will a Republican win Alaska Presidential Election?
0x4ed860fc76141f397fd67ca8fa9e627f29d2b60a17a63a3a9703518214ad151c,0x86438267e429d366f1496e310b2529291561b889,BUY,Yes,76626557395718138549682497346449622033790455953645207983251701172676708683039,0xcec7958225b06aa2464a72d934ddcc9b66bb6f35ad065010496d8db92de412a0,0.899999892,5.555554,4.999998000000168,1727863760,Will a Republican win Alaska Presidential Election?
0x8d37cd6e5aec7bfeb4e9465ef45220ef5d65bd710389661a21a9065f0c5fa98a,0x852d81651b40e43ddf0dda61d866ae6b0689bf2a,BUY,Yes,76626557395718138549682497346449622033790455953645207983251701172676708683039,0xcec7958225b06aa2464a72d934ddcc9b66bb6f35ad065010496d8db92de412a0,0.8999891997,0.055554,0.0499980000001338,1727808148,Will a Republican win Alaska Presidential Election?
0x38f5b78d96f1879d148e64f34bafdb084c767487c109aa8423a3edcb1e317a98,0x6a49470ee8758feddbccbc30cd7752892bcafa79,BUY,Yes,76626557395718138549682497346449622033790455953645207983251701172676708683039,0xcec7958225b06aa2464a72d934ddcc9b66bb6f35ad065010496d8db92de412a0,0.91,11.0989,10.099999,1727791696,Will a Republican win Alaska Presidential Election?
0x44104b207571d0395c9d8391770aeb8f478efa13ed1e820cec176ed09c80ab93,0x241fc82ef4181e6c0727d878621c21f036ee3143,SELL,Yes,76626557395718138549682497346449622033790455953645207983251701172676708683039,0xcec7958225b06aa2464a72d934ddcc9b66bb6f35ad065010496d8db92de412a0,0.88,3410.13,3000.9144,1727783292,Will a Republican win Alaska Presidential Election?
0xc16bcefaf453bee7853e68bdbdbfafd5964b2b81449e6b5dc5fffc29b8bae440,0x241fc82ef4181e6c0727d878621c21f036ee3143,SELL,Yes,76626557395718138549682497346449622033790455953645207983251701172676708683039,0xcec7958225b06aa2464a72d934ddcc9b66bb6f35ad065010496d8db92de412a0,0.89,200,178.0,1727770672,Will a Republican win Alaska Presidential Election?
0xbd0807752b0d64fabf4a38b2dfdc589a3a94d2766fc861753148c6651de3157c,0x241fc82ef4181e6c0727d878621c21f036ee3143,SELL,Yes,76626557395718138549682497346449622033790455953645207983251701172676708683039,0xcec7958225b06aa2464a72d934ddcc9b66bb6f35ad065010496d8db92de412a0,0.89,2000,1780.0,1727765750,Will a Republican win Alaska Presidential Election?
0x777116c3a77ca2f0c054ae5a414fccc148fe792a40e06c0191560adedae38692,0x241fc82ef4181e6c0727d878621c21f036ee3143,SELL,Yes,76626557395718138549682497346449622033790455953645207983251701172676708683039,0xcec7958225b06aa2464a72d934ddcc9b66bb6f35ad065010496d8db92de412a0,0.89,3000,2670.0,1727762906,Will a Republican win Alaska Presidential Election?
0x82896795cf07c62e6e3560d0c21f2f5bd6ed706bcd51cd575e99e512a75793c7,0x241fc82ef4181e6c0727d878621c21f036ee3143,SELL,Yes,76626557395718138549682497346449622033790455953645207983251701172676708683039,0xcec7958225b06aa2464a72d934ddcc9b66bb6f35ad065010496d8db92de412a0,0.89,5000,4450.0,1727709145,Will a Republican win Alaska Presidential Election?
0xb3d548848d22934a362e20d44c927eb0cf0bda42676de4f1500e0dfe0e5fc476,0xd9b1ed803310229d2dbe83272bb6523d56695614,BUY,Yes,76626557395718138549682497346449622033790455953645207983251701172676708683039,0xcec7958225b06aa2464a72d934ddcc9b66bb6f35ad065010496d8db92de412a0,0.9099999993,54.945044,49.99999000153847,1727673128,Will a Republican win Alaska Presidential Election?
0x884ea352210d1916104cc0e2bfc93e7bccada02f269a8df19401f1203bce3bed,0x241fc82ef4181e6c0727d878621c21f036ee3143,SELL,Yes,76626557395718138549682497346449622033790455953645207983251701172676708683039,0xcec7958225b06aa2464a72d934ddcc9b66bb6f35ad065010496d8db92de412a0,0.89,300,267.0,1727664972,Will a Republican win Alaska Presidential Election?
0x736132a772e5ddda38dfc9a4475d569fd1e4875990ba9b1af0086bbd74f1c953,0x75a5fcfcddae216e9e2ed6e0b705ab4cca03a5bf,SELL,Yes,76626557395718138549682497346449622033790455953645207983251701172676708683039,0xcec7958225b06aa2464a72d934ddcc9b66bb6f35ad065010496d8db92de412a0,0.89,50,44.5,1727625020,Will a Republican win Alaska Presidential Election?
0x6ea3fb2b9a1e9317004fa50cd6c910a7ff18376fbfe1a95b20b9940aed34de2c,0x241fc82ef4181e6c0727d878621c21f036ee3143,SELL,Yes,76626557395718138549682497346449622033790455953645207983251701172676708683039,0xcec7958225b06aa2464a72d934ddcc9b66bb6f35ad065010496d8db92de412a0,0.9,99.56,89.604,1727617956,Will a Republican win Alaska Presidential Election?
0x7bcf63d4a9ec79b4ebf39b7556a8fe9516b5c01152d6b8e4b5314846e7d5aecb,0x48f6b474ca103bb1682aaa31caa30d60829010e3,BUY,Yes,76626557395718138549682497346449622033790455953645207983251701172676708683039,0xcec7958225b06aa2464a72d934ddcc9b66bb6f35ad065010496d8db92de412a0,0.91,5.4945,4.999995,1727557742,Will a Republican win Alaska Presidential Election?
0xd2be6e92739e4ec9db812872bd32bda213d4fd5efefecaa2b6468861fcb75412,0xd218e474776403a330142299f7796e8ba32eb5c9,BUY,No,9646994822693149615303360714935546561049708672550992328943885204944470918778,0xcec7958225b06aa2464a72d934ddcc9b66bb6f35ad065010496d8db92de412a0,0.1,0.44,0.044000000000000004,1727557596,Will a Republican win Alaska Presidential Election?
0xf49ddf4d9697f1feeb4f64054d3903b8714765bb1fe449406ff8a371569f9056,0x55ac000be97441e43028d07e456bcd4e329c3ba3,SELL,Yes,76626557395718138549682497346449622033790455953645207983251701172676708683039,0xcec7958225b06aa2464a72d934ddcc9b66bb6f35ad065010496d8db92de412a0,0.9,77.77,69.993,1727412900,Will a Republican win Alaska Presidential Election?
0x46ad1218e3605ba0897ebb040c9d56dd5bbc3c67c099269923d74a5642ac8534,0xecdbd79566a25693b9971c48d7de84bc05f7da79,BUY,Yes,76626557395718138549682497346449622033790455953645207983251701172676708683039,0xcec7958225b06aa2464a72d934ddcc9b66bb6f35ad065010496d8db92de412a0,0.9,2000,1800.0,1727409171,Will a Republican win Alaska Presidential Election?
0x33ef5cafb221064ae61858a758baa7f58a10135e011803cff828ea551b27c8ec,0xc0a5d01f648d51bba0d516998f1a3146dd780c41,SELL,Yes,76626557395718138549682497346449622033790455953645207983251701172676708683039,0xcec7958225b06aa2464a72d934ddcc9b66bb6f35ad065010496d8db92de412a0,0.89,3.92,3.4888,1727352985,Will a Republican win Alaska Presidential Election?
0x3341151245a6d7d86717c97465854f802f98c26de8dd51e8757d3837a381ce20,0xfd0ba392c4da54e09a94799b5b680d018dd41e5b,BUY,Yes,76626557395718138549682497346449622033790455953645207983251701172676708683039,0xcec7958225b06aa2464a72d934ddcc9b66bb6f35ad065010496d8db92de412a0,0.91,10.989,9.99999,1727295732,Will a Republican win Alaska Presidential Election?
0xcfcfff4ba17d834b8d81b8b09cb20dc6afc2b3c4c2f396a3c3e434a3800b6ddd,0x30d81f9d349b08ba72db242e76f230bc36cdf9c5,BUY,Yes,76626557395718138549682497346449622033790455953645207983251701172676708683039,0xcec7958225b06aa2464a72d934ddcc9b66bb6f35ad065010496d8db92de412a0,0.91,220.879111,200.99999101,1727289269,Will a Republican win Alaska Presidential Election?
0x2584fe9492c6ecaa966c35d2abb812cb6e0fffb2648947b42bb4f0e2309275a0,0x084fb86d0aa0bac84943405c4700ae9880b9bbb8,BUY,Yes,76626557395718138549682497346449622033790455953645207983251701172676708683039,0xcec7958225b06aa2464a72d934ddcc9b66bb6f35ad065010496d8db92de412a0,0.91,1,0.91,1727279630,Will a Republican win Alaska Presidential Election?
0xdfc9b4be3cfc0204784aad6e4523c1bb3831f17350405c8f00fc7131a9ae6e1a,0xdcc9d68a4bad9fc8becd27a03ee5b2b4feda4534,BUY,Yes,76626557395718138549682497346449622033790455953645207983251701172676708683039,0xcec7958225b06aa2464a72d934ddcc9b66bb6f35ad065010496d8db92de412a0,0.9,241.8,217.62,1727270982,Will a Republican win Alaska Presidential Election?
0x8024e03f52f421357edf115e0bfe1d6c004d888e5087e2575709d058d8e0e4b2,0xb3c636e126762a7af43bd91bef993b4daac64cbd,BUY,Yes,76626557395718138549682497346449622033790455953645207983251701172676708683039,0xcec7958225b06aa2464a72d934ddcc9b66bb6f35ad065010496d8db92de412a0,0.9,0.07777,0.06999300000000001,1727266651,Will a Republican win Alaska Presidential Election?
0xa57236b9a43042fc4aab7d5991be857a77c25f820c208fafd19f84f43f9e5895,0x743848257bffb0dd616ae0e8cb98e098f06e57e7,SELL,Yes,76626557395718138549682497346449622033790455953645207983251701172676708683039,0xcec7958225b06aa2464a72d934ddcc9b66bb6f35ad065010496d8db92de412a0,0.89,0.11,0.0979,1727255193,Will a Republican win Alaska Presidential Election?
0xe3a1db95d3a72214546964663a78b0f9dfada03eedf1ceb8f144faf5813889e1,0x851e2a41aade13224bbd49dfaf382fcd9587b71f,SELL,Yes,76626557395718138549682497346449622033790455953645207983251701172676708683039,0xcec7958225b06aa2464a72d934ddcc9b66bb6f35ad065010496d8db92de412a0,0.89,2.22,1.9758000000000002,1727251283,Will a Republican win Alaska Presidential Election?
0x57bb96da6bf749922a6e0456345631687cf619198f37f9a4d00346f7c89ed1e2,0x62a3b10dc26ec98036bf8a94552c9a4a1157c903,BUY,Yes,76626557395718138549682497346449622033790455953645207983251701172676708683039,0xcec7958225b06aa2464a72d934ddcc9b66bb6f35ad065010496d8db92de412a0,0.9,1.11111,0.9999990000000001,1727249843,Will a Republican win Alaska Presidential Election?
0x745a95950559cd8c789bb579caf5c64af1b0203ea8fdaa2b3207368a1d821801,0x58744f91ed701afdc02d55b0467b09ce62c505f7,BUY,No,9646994822693149615303360714935546561049708672550992328943885204944470918778,0xcec7958225b06aa2464a72d934ddcc9b66bb6f35ad065010496d8db92de412a0,0.11,5,0.55,1727227601,Will a Republican win Alaska Presidential Election?
0x65f22a720c533c4a95b9a30baf84aa503abbaf0899e9c8ae4d56e3d1fe4d4bed,0x49d53fc20cf1d7f8f2a8c69508b0f0b5bc69bea5,BUY,Yes,76626557395718138549682497346449622033790455953645207983251701172676708683039,0xcec7958225b06aa2464a72d934ddcc9b66bb6f35ad065010496d8db92de412a0,0.91,1.0989,0.999999,1727209644,Will a Republican win Alaska Presidential Election?
0x9e804c33c6c9523b250eb3a1f3a94380740d02df33e26fbb48c7a68aaabc91ad,0x42cb730fd89ab159c1b85fbb5412f2e7da318412,BUY,Yes,76626557395718138549682497346449622033790455953645207983251701172676708683039,0xcec7958225b06aa2464a72d934ddcc9b66bb6f35ad065010496d8db92de412a0,0.9,7449.88,6704.892,1727189663,Will a Republican win Alaska Presidential Election?
0xf15fa76c195f61e20b5bdd085231a58a79e82844858cf92b9b121f49a50d33cb,0x743848257bffb0dd616ae0e8cb98e098f06e57e7,BUY,Yes,76626557395718138549682497346449622033790455953645207983251701172676708683039,0xcec7958225b06aa2464a72d934ddcc9b66bb6f35ad065010496d8db92de412a0,0.9,0.11111,0.099999,1727181452,Will a Republican win Alaska Presidential Election?
0xaa44c14056f954c61246779bd3c2d11521132d1f5e68831d60b4788b9fae1233,0x79b54270a3edcea42f588ae2a5aa840397033e1e,BUY,Yes,76626557395718138549682497346449622033790455953645207983251701172676708683039,0xcec7958225b06aa2464a72d934ddcc9b66bb6f35ad065010496d8db92de412a0,0.9,44.44444,39.999996,1727119166,Will a Republican win Alaska Presidential Election?
0xce02c2384cb0b7a17d9819b2e3b9cfb7c70b9b087d39a8d55c2c03eedc459f90,0xb16028fc939eeb7b82d47d2074b12bd4dab80978,BUY,Yes,76626557395718138549682497346449622033790455953645207983251701172676708683039,0xcec7958225b06aa2464a72d934ddcc9b66bb6f35ad065010496d8db92de412a0,0.9,5.55555,4.999995,1727112788,Will a Republican win Alaska Presidential Election?
0x12f30fc8ef32ecc1cf9edca27cebe01acc826ba6713a2227fd7081f79f19b1f8,0x851e2a41aade13224bbd49dfaf382fcd9587b71f,BUY,Yes,76626557395718138549682497346449622033790455953645207983251701172676708683039,0xcec7958225b06aa2464a72d934ddcc9b66bb6f35ad065010496d8db92de412a0,0.9,2.22222,1.9999980000000002,1727110238,Will a Republican win Alaska Presidential Election?
0xe89cddddb05e0541eaf7780208496b9777cfb41bd393161040cbb684b4ac99bc,0xd218e474776403a330142299f7796e8ba32eb5c9,BUY,No,9646994822693149615303360714935546561049708672550992328943885204944470918778,0xcec7958225b06aa2464a72d934ddcc9b66bb6f35ad065010496d8db92de412a0,0.11,200,22.0,1727108978,Will a Republican win Alaska Presidential Election?
0xa646d9f76f9b6be015f775ae2c3c193304b2d2a2da7fb397e934b47c02079e0f,0x527869bf92febce95dfa648cf2a77c3b979bbe99,BUY,Yes,76626557395718138549682497346449622033790455953645207983251701172676708683039,0xcec7958225b06aa2464a72d934ddcc9b66bb6f35ad065010496d8db92de412a0,0.9,0.04444,0.039996000000000004,1727103505,Will a Republican win Alaska Presidential Election?
0xb25ce6c9c58d730b74011712cfed0fe54f5b3f3f71710f3806d0449d79265c04,0xe6d6864e4b30e3eec30248a3387e2d9717bf810b,BUY,Yes,76626557395718138549682497346449622033790455953645207983251701172676708683039,0xcec7958225b06aa2464a72d934ddcc9b66bb6f35ad065010496d8db92de412a0,0.9,1.11111,0.9999990000000001,1727098125,Will a Republican win Alaska Presidential Election?
0x03eb54f7b25897a258cb2b4acf2e8ea6cf87619fa5251716327ff087d15202fa,0x3492b6323f5ec7fabe90bfd72673749f86eae160,BUY,Yes,76626557395718138549682497346449622033790455953645207983251701172676708683039,0xcec7958225b06aa2464a72d934ddcc9b66bb6f35ad065010496d8db92de412a0,0.9,0.33333,0.299997,1727095193,Will a Republican win Alaska Presidential Election?
0xca51c44621b2f6134ba7f8e69557fce3376b4c5e7b8ac83cc745e70de9bfdd21,0x55ac000be97441e43028d07e456bcd4e329c3ba3,BUY,Yes,76626557395718138549682497346449622033790455953645207983251701172676708683039,0xcec7958225b06aa2464a72d934ddcc9b66bb6f35ad065010496d8db92de412a0,0.9,77.77777,69.999993,1727087875,Will a Republican win Alaska Presidential Election?
0xd00cc83d9aa22954da27ffb6dd0520ff697855d93720daa2e56dd42a37747843,0xf5dbab9c5f154598af4c1bb465a5fb15e5ebb000,BUY,Yes,76626557395718138549682497346449622033790455953645207983251701172676708683039,0xcec7958225b06aa2464a72d934ddcc9b66bb6f35ad065010496d8db92de412a0,0.9,0.11111,0.099999,1727087537,Will a Republican win Alaska Presidential Election?
0x587e7db465ce4d0ed8be97116332edea35a02a9690d1f4a901444515d971c908,0x1de91cdf1577fbf212d1dce8b9892463e564e370,BUY,Yes,76626557395718138549682497346449622033790455953645207983251701172676708683039,0xcec7958225b06aa2464a72d934ddcc9b66bb6f35ad065010496d8db92de412a0,0.9,0.46666,0.41999400000000003,1727087351,Will a Republican win Alaska Presidential Election?
0xba45b42251ca374f8b740665479a3f4ea3efcb7fbdf5912199f314c2eb6c84a3,0x39b040f369ba91f0df5c6d1ad526054aff50c72f,BUY,Yes,76626557395718138549682497346449622033790455953645207983251701172676708683039,0xcec7958225b06aa2464a72d934ddcc9b66bb6f35ad065010496d8db92de412a0,0.9,0.55555,0.499995,1727084577,Will a Republican win Alaska Presidential Election?
0xadf13a88086cde8e181b4c320595c795b089adec77be9ba7bfbf778334cb9c5e,0x9a0e628487eca18094c7fc104c2de4632bff9f0d,BUY,Yes,76626557395718138549682497346449622033790455953645207983251701172676708683039,0xcec7958225b06aa2464a72d934ddcc9b66bb6f35ad065010496d8db92de412a0,0.9099996168,0.208788,0.18999699999243838,1727082623,Will a Republican win Alaska Presidential Election?
0x04c1b5dd24449d5f882c37f42b522e8ef72a03685726866d863c41ea02a545a7,0xb19440c9316f8eaea3ecd20526b63fc701c734b8,BUY,Yes,76626557395718138549682497346449622033790455953645207983251701172676708683039,0xcec7958225b06aa2464a72d934ddcc9b66bb6f35ad065010496d8db92de412a0,0.9099996815,0.219777,0.1999970000010255,1727082201,Will a Republican win Alaska Presidential Election?
0x40980dc32b2f08d18de655671eba7681078121f8c936dc9f17a728206b2db300,0x0f568deb2cc333b8a5c63dfbbcbc5f1cad4fc829,BUY,Yes,76626557395718138549682497346449622033790455953645207983251701172676708683039,0xcec7958225b06aa2464a72d934ddcc9b66bb6f35ad065010496d8db92de412a0,0.909999272,0.109888,0.099998000001536,1727081957,Will a Republican win Alaska Presidential Election?
0xf88dc3c02c8177a7f5c0fa9afbae847b295c0e8113316a9a53e33e40cb0de1ed,0xd42f6a1634a3707e27cbae14ca966068e5d1047d,SELL,Yes,76626557395718138549682497346449622033790455953645207983251701172676708683039,0xcec7958225b06aa2464a72d934ddcc9b66bb6f35ad065010496d8db92de412a0,0.9,50,45.0,1727080363,Will a Republican win Alaska Presidential Election?
0xe3cfeda024bc828035bf46714d0b65c20f0b57acf91f496dcb8da22ed8a042ac,0x46372bc2d3433f1b717c7dcd5a86c9b51c27d7bd,BUY,Yes,76626557395718138549682497346449622033790455953645207983251701172676708683039,0xcec7958225b06aa2464a72d934ddcc9b66bb6f35ad065010496d8db92de412a0,0.9099998862,0.175822,0.15999799999145642,1727079683,Will a Republican win Alaska Presidential Election?
0x9c0bb30fb9821eb6732a74610df3768bea3f922f4632e04b2ea49df322fb15a7,0xcd4020c9fc5b3170a10a88033b96e2fb00616fbb,BUY,Yes,76626557395718138549682497346449622033790455953645207983251701172676708683039,0xcec7958225b06aa2464a72d934ddcc9b66bb6f35ad065010496d8db92de412a0,0.9099998862,0.439555,0.399994999978641,1727079221,Will a Republican win Alaska Presidential Election?
0xaa84b4a92f45efa51bc8495f35681b2ba487bb3a17d517257ae8833d59ba1cb6,0xafb512b08398b7d81744226e8ca74ef432506b5a,BUY,Yes,76626557395718138549682497346449622033790455953645207983251701172676708683039,0xcec7958225b06aa2464a72d934ddcc9b66bb6f35ad065010496d8db92de412a0,0.9099999272,0.549444,0.49999400000047683,1727079167,Will a Republican win Alaska Presidential Election?
0xec955528c181b4b86f0cb24151429b2ccb016def19ef7b8865bf947fd8b9c098,0x3d0f36a33a18b3397dbf41b7c5a4cbff822e41fc,BUY,Yes,76626557395718138549682497346449622033790455953645207983251701172676708683039,0xcec7958225b06aa2464a72d934ddcc9b66bb6f35ad065010496d8db92de412a0,0.909999272,0.109888,0.099998000001536,1727077687,Will a Republican win Alaska Presidential Election?
0xd8052c378250ff39d8f12a67ba8e1c45f97adc4469718bc48aa5e00a256b9210,0x38e59b36aae31b164200d0cad7c3fe5e0ee795e7,BUY,Yes,76626557395718138549682497346449622033790455953645207983251701172676708683039,0xcec7958225b06aa2464a72d934ddcc9b66bb6f35ad065010496d8db92de412a0,0.9,500,450.0,1727066211,Will a Republican win Alaska Presidential Election?
0x6c04cc6d83ab03e91d59c2c595249020456342082a4afcb35539113e64331587,0x7d767ca4d91949a130a4a41f82cc399355d8c3c1,BUY,Yes,76626557395718138549682497346449622033790455953645207983251701172676708683039,0xcec7958225b06aa2464a72d934ddcc9b66bb6f35ad065010496d8db92de412a0,0.9,1.11111,0.9999990000000001,1727061082,Will a Republican win Alaska Presidential Election?
0x85c408800924ef082daab63bec9dadb37b06a9195335c2f162ef0d78c6878ac8,0x05474155c749a558ae6adb76050a748a8820fb35,BUY,Yes,76626557395718138549682497346449622033790455953645207983251701172676708683039,0xcec7958225b06aa2464a72d934ddcc9b66bb6f35ad065010496d8db92de412a0,0.9,10,9.0,1727055630,Will a Republican win Alaska Presidential Election?
0xa0b744f80c4d07d5635196cec3606a1a9396949ac48071deb29f0b7e0eeb6c1e,0x05474155c749a558ae6adb76050a748a8820fb35,BUY,Yes,76626557395718138549682497346449622033790455953645207983251701172676708683039,0xcec7958225b06aa2464a72d934ddcc9b66bb6f35ad065010496d8db92de412a0,0.9,4.44444,3.9999960000000003,1727034002,Will a Republican win Alaska Presidential Election?
0xe7c26f5c0adb6c620ac54a5f3aa19317c1890e43a80b6191969e8732a01fdd77,0x4f2ba33b080882c0f6b296f48cfd07b6c326f448,BUY,No,9646994822693149615303360714935546561049708672550992328943885204944470918778,0xcec7958225b06aa2464a72d934ddcc9b66bb6f35ad065010496d8db92de412a0,0.106023,1400,148.4322,1727021069,Will a Republican win Alaska Presidential Election?
0xd344ee97a78680c543a1029589b7b649914fa40a8cfc49356d7ab518a114a25b,0xb49f468c15c49783f2664c7198a4949ade1b12e6,BUY,No,9646994822693149615303360714935546561049708672550992328943885204944470918778,0xcec7958225b06aa2464a72d934ddcc9b66bb6f35ad065010496d8db92de412a0,0.1,1050,105.0,1727021067,Will a Republican win Alaska Presidential Election?
0x59adddfedec0ac6b884675f3a13222f3ec9d8e8c053091c1c193aa3db682a0d2,0x568c8f93e42640467ebac92d255b22c0e4e89ea5,BUY,Yes,76626557395718138549682497346449622033790455953645207983251701172676708683039,0xcec7958225b06aa2464a72d934ddcc9b66bb6f35ad065010496d8db92de412a0,0.91,30,27.3,1726998803,Will a Republican win Alaska Presidential Election?
0x4839325c94b119f6e4a0a7c44a213590c365a099d36137d927024584aa2debf7,0x98d5e0aa1eab25b890594d962beb0a16d7e53a9c,BUY,Yes,76626557395718138549682497346449622033790455953645207983251701172676708683039,0xcec7958225b06aa2464a72d934ddcc9b66bb6f35ad065010496d8db92de412a0,0.91,10,9.1,1726964137,Will a Republican win Alaska Presidential Election?
0x67fc015d0bd8f32546c170d2f823a9491aa6eafec0319337256c67473e603933,0x2c328fd70b09ade5fbccdfad5b2bca681a9100f3,BUY,Yes,76626557395718138549682497346449622033790455953645207983251701172676708683039,0xcec7958225b06aa2464a72d934ddcc9b66bb6f35ad065010496d8db92de412a0,0.909999818,0.164833,0.149998000000394,1726815765,Will a Republican win Alaska Presidential Election?
0xb16d123f7abbbb6b376e0b517523031f4b03c91a8dd62eb836882ffd7666b77f,0x8b22b64da4fa536dcddd200b3376b35d711acde2,BUY,No,9646994822693149615303360714935546561049708672550992328943885204944470918778,0xcec7958225b06aa2464a72d934ddcc9b66bb6f35ad065010496d8db92de412a0,0.1,0.34,0.034,1726780549,Will a Republican win Alaska Presidential Election?
0x73239a3b88d962878e427f77b9e5ef333072521bb71054c08a0bb14df06ea21a,0x977a22c1cc22ffd9035ef29c60860f42bf7ae0f5,SELL,No,9646994822693149615303360714935546561049708672550992328943885204944470918778,0xcec7958225b06aa2464a72d934ddcc9b66bb6f35ad065010496d8db92de412a0,0.1,432.88,43.288000000000004,1726780507,Will a Republican win Alaska Presidential Election?
0x2d4510c73734435224b38297d20c793b61ae060a0078c050ec6ffc86548230f7,0x71a254cc80e9c25220f70f811a5dc56e70216403,BUY,Yes,76626557395718138549682497346449622033790455953645207983251701172676708683039,0xcec7958225b06aa2464a72d934ddcc9b66bb6f35ad065010496d8db92de412a0,0.9,0.81111,0.7299990000000001,1726777897,Will a Republican win Alaska Presidential Election?
0xee69577d16dc5beb62308148db2aed5023e8511a3c58339ce2d9648e9f4e8a5d,0xabd740c922c9e3627a6615c211061088bfca5844,BUY,Yes,76626557395718138549682497346449622033790455953645207983251701172676708683039,0xcec7958225b06aa2464a72d934ddcc9b66bb6f35ad065010496d8db92de412a0,0.9,0.3,0.27,1726770040,Will a Republican win Alaska Presidential Election?
0xbcf108d2d75fa203ce7803a7f40cbc586b8670e4a109bbec69ef3d507fde2a3c,0x9c18942db31b99ef26c96b36b8040d70615f49ef,BUY,Yes,76626557395718138549682497346449622033790455953645207983251701172676708683039,0xcec7958225b06aa2464a72d934ddcc9b66bb6f35ad065010496d8db92de412a0,0.9,50,45.0,1726760802,Will a Republican win Alaska Presidential Election?
0x2c2c8be098f3be62d9d31d245f367e2e755e22a94195de885e7c18b08247f159,0xe45c86a67c392e93d01556050cad14a2bfbdfb69,SELL,Yes,76626557395718138549682497346449622033790455953645207983251701172676708683039,0xcec7958225b06aa2464a72d934ddcc9b66bb6f35ad065010496d8db92de412a0,0.89,1.07,0.9523,1726755933,Will a Republican win Alaska Presidential Election?
0xe35d92b4e633c35ee0e52ea196f638c8e6d1c2898f647c903f96f5591cda2759,0x82643879dc8a31e0d5412f02fcda1508dbb9ab15,BUY,No,9646994822693149615303360714935546561049708672550992328943885204944470918778,0xcec7958225b06aa2464a72d934ddcc9b66bb6f35ad065010496d8db92de412a0,0.1099999521,18.181817,1.9999989990909657,1726752903,Will a Republican win Alaska Presidential Election?
0xd4438bc9ab4f3c7698495bc0dcf50fca62db9670e00e7f40420abde4f04fca3a,0x2bc75bef440d4bac46893ba5fbc0a1cedc2e46f4,SELL,Yes,76626557395718138549682497346449622033790455953645207983251701172676708683039,0xcec7958225b06aa2464a72d934ddcc9b66bb6f35ad065010496d8db92de412a0,0.89,1.09,0.9701000000000001,1726730713,Will a Republican win Alaska Presidential Election?
0xddd49dea6c573ec2b4eb0960cdef8a050e3fd17a96dd497da4ccfe9fe441956c,0xfa26cae8ee9b5007bd99728d2334434ae1c5a5b9,SELL,Yes,76626557395718138549682497346449622033790455953645207983251701172676708683039,0xcec7958225b06aa2464a72d934ddcc9b66bb6f35ad065010496d8db92de412a0,0.89,1.09,0.9701000000000001,1726728667,Will a Republican win Alaska Presidential Election?
0xaade61acceed700cdfc4a3890c671d495f9fae57b0c2408c8054eab92cd19271,0x9312a768095adfe7c417397c4f2df1d486bcab8d,SELL,Yes,76626557395718138549682497346449622033790455953645207983251701172676708683039,0xcec7958225b06aa2464a72d934ddcc9b66bb6f35ad065010496d8db92de412a0,0.89,1.09,0.9701000000000001,1726662442,Will a Republican win Alaska Presidential Election?
0xac5b4e913b831cce7e60a52801fd8e06d5224e82116014c22a5df29f97451e4b,0x096e802d953a383eeaf60a5f96431636c0db6395,BUY,No,9646994822693149615303360714935546561049708672550992328943885204944470918778,0xcec7958225b06aa2464a72d934ddcc9b66bb6f35ad065010496d8db92de412a0,0.1099999032,9.090908,0.9999990000001057,1726648595,Will a Republican win Alaska Presidential Election?
0x84dcdd6206a9625840f501f05d47e342575d9da6498eec250a03745660287a10,0xf2b14c5970e8b5d52084b1ac50e84f4b154addf5,SELL,Yes,76626557395718138549682497346449622033790455953645207983251701172676708683039,0xcec7958225b06aa2464a72d934ddcc9b66bb6f35ad065010496d8db92de412a0,0.89,22.05,19.6245,1726547337,Will a Republican win Alaska Presidential Election?
0x9c50d67501f977618652aad89396af89f8edb7404672b19b1c1aaae777171481,0x62c3b1854bd5454629349cc6e8285879edfdb47a,SELL,Yes,76626557395718138549682497346449622033790455953645207983251701172676708683039,0xcec7958225b06aa2464a72d934ddcc9b66bb6f35ad065010496d8db92de412a0,0.89,1612.9,1435.481,1726527602,Will a Republican win Alaska Presidential Election?
0xaec28511fbf74a26448ebe7103884d800bfb6773b1064c1ee5b3d74593e066d9,0xf2b14c5970e8b5d52084b1ac50e84f4b154addf5,BUY,Yes,76626557395718138549682497346449622033790455953645207983251701172676708683039,0xcec7958225b06aa2464a72d934ddcc9b66bb6f35ad065010496d8db92de412a0,0.9068261067,22.054944,19.999999001006522,1726502503,Will a Republican win Alaska Presidential Election?
0x3639c1ebbbe92d3b6e21e988a2154e8d1cde0e95b95a71e59c6b7651fba407cc,0x05c5aab002faa347cffcab3e557231bb574873e1,SELL,Yes,76626557395718138549682497346449622033790455953645207983251701172676708683039,0xcec7958225b06aa2464a72d934ddcc9b66bb6f35ad065010496d8db92de412a0,0.89,489,435.21,1726493073,Will a Republican win Alaska Presidential Election?
0x28261b951a84f10aab7468216526c9fffd7a70fbc04772653a8a743a12617eb7,0x23782e8e8f330ed489d68903e0cca105ddb1a059,BUY,Yes,76626557395718138549682497346449622033790455953645207983251701172676708683039,0xcec7958225b06aa2464a72d934ddcc9b66bb6f35ad065010496d8db92de412a0,0.9022329767,332.508344,299.9999929847076,1726485462,Will a Republican win Alaska Presidential Election?
0xcd735c8e076d2db48fdb27431d78f6c77038164a045f825f11fa709e29766e74,0x2bc75bef440d4bac46893ba5fbc0a1cedc2e46f4,BUY,Yes,76626557395718138549682497346449622033790455953645207983251701172676708683039,0xcec7958225b06aa2464a72d934ddcc9b66bb6f35ad065010496d8db92de412a0,0.91,1.0989,0.999999,1726475317,Will a Republican win Alaska Presidential Election?
0xfbb929eab72ab2101cd34c1328ce879a8906747602683551007d16892fddc9d7,0x9312a768095adfe7c417397c4f2df1d486bcab8d,BUY,Yes,76626557395718138549682497346449622033790455953645207983251701172676708683039,0xcec7958225b06aa2464a72d934ddcc9b66bb6f35ad065010496d8db92de412a0,0.91,1.0989,0.999999,1726475201,Will a Republican win Alaska Presidential Election?
0xd85a1ab83dbd3290aea7d09136d0725e409f5feb5a4fc4c03daf0198abfd8613,0xfa26cae8ee9b5007bd99728d2334434ae1c5a5b9,BUY,Yes,76626557395718138549682497346449622033790455953645207983251701172676708683039,0xcec7958225b06aa2464a72d934ddcc9b66bb6f35ad065010496d8db92de412a0,0.91,1.0989,0.999999,1726474279,Will a Republican win Alaska Presidential Election?
0x1ec3e850ebd11137d121df247c9e4d5818e89e6c781c771d60fc1dda3ee5c6d4,0x9d84ce0306f8551e02efef1680475fc0f1dc1344,BUY,No,9646994822693149615303360714935546561049708672550992328943885204944470918778,0xcec7958225b06aa2464a72d934ddcc9b66bb6f35ad065010496d8db92de412a0,0.1,4129.35,412.93500000000006,1726423549,Will a Republican win Alaska Presidential Election?
0x183e45ac64792c7edd5648fbdfae854df90e294fae712cdef30c51746d621a78,0xb49f468c15c49783f2664c7198a4949ade1b12e6,BUY,No,9646994822693149615303360714935546561049708672550992328943885204944470918778,0xcec7958225b06aa2464a72d934ddcc9b66bb6f35ad065010496d8db92de412a0,0.1,50,5.0,1726422404,Will a Republican win Alaska Presidential Election?
0x703ffac8edd2d1b402d6740579e653ad919a11a468585af15b875196c1aaf3f5,0x69e7ad68b5f11e97927e4bd938baf7dfb60bd3b0,BUY,No,9646994822693149615303360714935546561049708672550992328943885204944470918778,0xcec7958225b06aa2464a72d934ddcc9b66bb6f35ad065010496d8db92de412a0,0.1,1005,100.5,1726418837,Will a Republican win Alaska Presidential Election?
0xaec241712837601e46af6c2749b2401b89f0c8bba56a82a820712d7e4fd8a21d,0x6b7ec4ba079c0a258435ea36025f6190cd424562,SELL,Yes,76626557395718138549682497346449622033790455953645207983251701172676708683039,0xcec7958225b06aa2464a72d934ddcc9b66bb6f35ad065010496d8db92de412a0,0.9,2222,1999.8,1726417461,Will a Republican win Alaska Presidential Election?
0xb549ac0a5f8875ac958edc23cc966fb5e9bbcde67bc0b5bdaabe8bdf5e4cac5e,0x4f2ba33b080882c0f6b296f48cfd07b6c326f448,BUY,No,9646994822693149615303360714935546561049708672550992328943885204944470918778,0xcec7958225b06aa2464a72d934ddcc9b66bb6f35ad065010496d8db92de412a0,0.1,1100,110.0,1726417125,Will a Republican win Alaska Presidential Election?
0x8952ff9c5cad721f560ea69000b6f07b44a3881bcbff503e3407d95019c3bd65,0xb49f468c15c49783f2664c7198a4949ade1b12e6,BUY,No,9646994822693149615303360714935546561049708672550992328943885204944470918778,0xcec7958225b06aa2464a72d934ddcc9b66bb6f35ad065010496d8db92de412a0,0.1,1000,100.0,1726417125,Will a Republican win Alaska Presidential Election?
0x9e5ef4d6dbd4832d9db67c3318a239aa72ed3799f27658903d23a00fba468e98,0x42b79a9af4fbe2482a096ca045fe8202b34ce330,BUY,Yes,76626557395718138549682497346449622033790455953645207983251701172676708683039,0xcec7958225b06aa2464a72d934ddcc9b66bb6f35ad065010496d8db92de412a0,0.92,79.23,72.89160000000001,1726413039,Will a Republican win Alaska Presidential Election?
0x851d0f19cf89c833cc363848b0f3db11c1238fa2bb44072a03cadc6f45cbfd48,0xb49f468c15c49783f2664c7198a4949ade1b12e6,BUY,No,9646994822693149615303360714935546561049708672550992328943885204944470918778,0xcec7958225b06aa2464a72d934ddcc9b66bb6f35ad065010496d8db92de412a0,0.09,1000,90.0,1726411010,Will a Republican win Alaska Presidential Election?
0x5238be4dd11d34b7c17586a03c4474f77c1752227093e36710258c913270fce0,0x1ad9c3be29554f4ba13b24d79206d3d2371d4760,BUY,No,9646994822693149615303360714935546561049708672550992328943885204944470918778,0xcec7958225b06aa2464a72d934ddcc9b66bb6f35ad065010496d8db92de412a0,0.09,1000,90.0,1726407426,Will a Republican win Alaska Presidential Election?
0x54baa2da434d3329e892169f2d41a17e1ffe34612d1c80a33189c3ab9425b3c0,0xa88350d4e2b9aa84b1ec3ab6348e27ad8fd631fb,BUY,Yes,76626557395718138549682497346449622033790455953645207983251701172676708683039,0xcec7958225b06aa2464a72d934ddcc9b66bb6f35ad065010496d8db92de412a0,0.92,150,138.0,1726342356,Will a Republican win Alaska Presidential Election?
0x16ca5e023c0ff630bcbedd0b79ac161280c6515d982e3ced573b5f6b375ae246,0x27b13269afc60075a551791ecfc326cd5e3eed2b,SELL,Yes,76626557395718138549682497346449622033790455953645207983251701172676708683039,0xcec7958225b06aa2464a72d934ddcc9b66bb6f35ad065010496d8db92de412a0,0.9,107.52,96.768,1726310113,Will a Republican win Alaska Presidential Election?
0x61f9ba35c6f1d21a5fc11c18a9172fca05786f03a1d841092264d7f0083dcd4c,0xd42f6a1634a3707e27cbae14ca966068e5d1047d,SELL,Yes,76626557395718138549682497346449622033790455953645207983251701172676708683039,0xcec7958225b06aa2464a72d934ddcc9b66bb6f35ad065010496d8db92de412a0,0.91,6574.7,5982.977,1726259968,Will a Republican win Alaska Presidential Election?
0xd70d94f9000e52fcba3886d414c1a56bda1ed9bbb25dbe30d69383daace5d3ab,0x2dc3638e88175fa06c1a2ed25e9ac110db256b7f,BUY,Yes,76626557395718138549682497346449622033790455953645207983251701172676708683039,0xcec7958225b06aa2464a72d934ddcc9b66bb6f35ad065010496d8db92de412a0,0.92,65,59.800000000000004,1726207896,Will a Republican win Alaska Presidential Election?
0x69e0fd74b359606fcc5d971db518cfbc9d4c20aac150ac814d7f18ebb5fadb4c,0x3936e622e465c36dfcaa0e6506019af1f1395cf5,SELL,Yes,76626557395718138549682497346449622033790455953645207983251701172676708683039,0xcec7958225b06aa2464a72d934ddcc9b66bb6f35ad065010496d8db92de412a0,0.91,0.91,0.8281000000000001,1726189751,Will a Republican win Alaska Presidential Election?
0x0bf04fef0e1bf8171f2787b904aa06bc104f047ac5ec649ff03a3e87888ab97b,0x3936e622e465c36dfcaa0e6506019af1f1395cf5,BUY,Yes,76626557395718138549682497346449622033790455953645207983251701172676708683039,0xcec7958225b06aa2464a72d934ddcc9b66bb6f35ad065010496d8db92de412a0,0.9199999562,0.913037,0.8399940000089794,1726189511,Will a Republican win Alaska Presidential Election?
0xacee65d8847fad02ef15238c1d4494bae81c226f658e691c3a0506212aec64eb,0x1dcf7849ead1c15304e4dcd85d2726711fa2e723,SELL,Yes,76626557395718138549682497346449622033790455953645207983251701172676708683039,0xcec7958225b06aa2464a72d934ddcc9b66bb6f35ad065010496d8db92de412a0,0.91,0.39,0.35490000000000005,1726142083,Will a Republican win Alaska Presidential Election?
0xbbc308e4745c1275ee1b831734c5b49e63dec9361b71be8cdb52756e781bac02,0x1dcf7849ead1c15304e4dcd85d2726711fa2e723,BUY,Yes,76626557395718138549682497346449622033790455953645207983251701172676708683039,0xcec7958225b06aa2464a72d934ddcc9b66bb6f35ad065010496d8db92de412a0,0.92,0.3913,0.359996,1726141819,Will a Republican win Alaska Presidential Election?
0x36cc39561df1069ae385a57b173d73bebebf5bc43fef6ffeeae358b5c5bcfb43,0x5b50155bf8bfb7ff5d2f2a2738e0a1cd707150e4,BUY,Yes,76626557395718138549682497346449622033790455953645207983251701172676708683039,0xcec7958225b06aa2464a72d934ddcc9b66bb6f35ad065010496d8db92de412a0,0.92,1542.26,1418.8792,1726101648,Will a Republican win Alaska Presidential Election?
0x89f7ac4b4ef8dbcd72b56ccf3f73c359512603768d36d175d5c497cfd18a9e93,0xecdbd79566a25693b9971c48d7de84bc05f7da79,BUY,Yes,76626557395718138549682497346449622033790455953645207983251701172676708683039,0xcec7958225b06aa2464a72d934ddcc9b66bb6f35ad065010496d8db92de412a0,0.92,1000,920.0,1726039077,Will a Republican win Alaska Presidential Election?
0x884437cfdae3823287fb118c53ed2821f0879ec00fc2a08cd65a394ed2def041,0x4df332e27f9ee3224f52ce30e3ce15c1075e788f,SELL,Yes,76626557395718138549682497346449622033790455953645207983251701172676708683039,0xcec7958225b06aa2464a72d934ddcc9b66bb6f35ad065010496d8db92de412a0,0.91,5,4.55,1726032708,Will a Republican win Alaska Presidential Election?
0x1224b53ad9f6c1f2d3c80e9506fb52f3cd5e597484363a230c9464d9e592a749,0x5685bf6758facce7d1221d3cc3ab0fdb836a62e2,BUY,Yes,76626557395718138549682497346449622033790455953645207983251701172676708683039,0xcec7958225b06aa2464a72d934ddcc9b66bb6f35ad065010496d8db92de412a0,0.9199999999,5434.782607,4999.999997896522,1726028820,Will a Republican win Alaska Presidential Election?
0x799f085065402f2380d3e91453f02222667d985724b505029537600262cc2aa6,0xff429335345365d202b7afd40d630b9ebd9183e5,BUY,Yes,76626557395718138549682497346449622033790455953645207983251701172676708683039,0xcec7958225b06aa2464a72d934ddcc9b66bb6f35ad065010496d8db92de412a0,0.92,1.08695,0.9999940000000002,1725910829,Will a Republican win Alaska Presidential Election?
0x24caa04ba11563e1d3b5f802865d3f1edf9c4a53db7f1505d9473c01a17a5494,0xfe911a4e80ee71b47cd1ee690733ac4062e970ff,SELL,Yes,76626557395718138549682497346449622033790455953645207983251701172676708683039,0xcec7958225b06aa2464a72d934ddcc9b66bb6f35ad065010496d8db92de412a0,0.91,2000,1820.0,1725905135,Will a Republican win Alaska Presidential Election?
0xd5216dac3f4a9b631e3711a8881c36a7d9c988daabe1508ab5c99c7d2ed76408,0x8f23aead02f055b69c7f7db51a2d74187bb2c7d0,SELL,No,9646994822693149615303360714935546561049708672550992328943885204944470918778,0xcec7958225b06aa2464a72d934ddcc9b66bb6f35ad065010496d8db92de412a0,0.08,249.84,19.9872,1725697482,Will a Republican win Alaska Presidential Election?
0x6767acac6e35b732d9cb1a92b936c40dbd516178eba4976baf328600559a7360,0xd42f6a1634a3707e27cbae14ca966068e5d1047d,SELL,Yes,76626557395718138549682497346449622033790455953645207983251701172676708683039,0xcec7958225b06aa2464a72d934ddcc9b66bb6f35ad065010496d8db92de412a0,0.91,1000,910.0,1725665144,Will a Republican win Alaska Presidential Election?
0x2db0fb35a0d925c38eb4f328e95897700dab8850cc06d227deb98db920d84a9a,0x9e5119acf4493a6d33ec4034bbf3f37dcc637538,BUY,Yes,76626557395718138549682497346449622033790455953645207983251701172676708683039,0xcec7958225b06aa2464a72d934ddcc9b66bb6f35ad065010496d8db92de412a0,0.9199999816,2.173912,1.9999990000000192,1725597164,Will a Republican win Alaska Presidential Election?
0x0480faa8dded759e0843ef9d8fd9db503c8036703b353f9cd8f2aeff1603508d,0x241fc82ef4181e6c0727d878621c21f036ee3143,BUY,Yes,76626557395718138549682497346449622033790455953645207983251701172676708683039,0xcec7958225b06aa2464a72d934ddcc9b66bb6f35ad065010496d8db92de412a0,0.9232037877,8331.302471,7691.48999770157,1725547194,Will a Republican win Alaska Presidential Election?
0x7fda34902f3e0ea7556503ce6990a16ecc065c7a6ef1224756500adb125d700e,0xdcc9d68a4bad9fc8becd27a03ee5b2b4feda4534,BUY,Yes,76626557395718138549682497346449622033790455953645207983251701172676708683039,0xcec7958225b06aa2464a72d934ddcc9b66bb6f35ad065010496d8db92de412a0,0.92,205,188.6,1725543994,Will a Republican win Alaska Presidential Election?
0x3fe90dc4c4d5ecaf09be97a43460d3d444a86b8789fc73c784a32863e1b79252,0x241fc82ef4181e6c0727d878621c21f036ee3143,BUY,Yes,76626557395718138549682497346449622033790455953645207983251701172676708683039,0xcec7958225b06aa2464a72d934ddcc9b66bb6f35ad065010496d8db92de412a0,0.91,4878.39,4439.334900000001,1725532586,Will a Republican win Alaska Presidential Election?
0x40978e329b54d5c4c19e49f272ac951265867784290c4d9372ebb53b7dc7c089,0x241fc82ef4181e6c0727d878621c21f036ee3143,BUY,Yes,76626557395718138549682497346449622033790455953645207983251701172676708683039,0xcec7958225b06aa2464a72d934ddcc9b66bb6f35ad065010496d8db92de412a0,0.91,800,728.0,1725512277,Will a Republican win Alaska Presidential Election?
0xbb6b00dd4060ed7468c0effef2db28dc132f2caf3deb54ece5272ee6fc2ddfe9,0xe36855493156394242762fa4db06756a5fe309b7,SELL,Yes,76626557395718138549682497346449622033790455953645207983251701172676708683039,0xcec7958225b06aa2464a72d934ddcc9b66bb6f35ad065010496d8db92de412a0,0.9,361.8,325.62,1725509785,Will a Republican win Alaska Presidential Election?
0x3082cab201667d5d3e200485363a94a1e66c36ca61712def157412a0f34f3b96,0xa40c75560a0af052b333271137114d057c1bdf49,SELL,Yes,76626557395718138549682497346449622033790455953645207983251701172676708683039,0xcec7958225b06aa2464a72d934ddcc9b66bb6f35ad065010496d8db92de412a0,0.9,314.03,282.627,1725457012,Will a Republican win Alaska Presidential Election?
0x6dda55da257803784b7b53cf89e3777ffa2c463a47af1b53baa10279037cd666,0x05c5aab002faa347cffcab3e557231bb574873e1,BUY,Yes,76626557395718138549682497346449622033790455953645207983251701172676708683039,0xcec7958225b06aa2464a72d934ddcc9b66bb6f35ad065010496d8db92de412a0,0.91,489,444.99,1725443480,Will a Republican win Alaska Presidential Election?
0xefc2f10b9d101647207dac3e42bec014e33901383b8e58cbc98af4d7270e5c56,0x1ecc91dbd13963efbaa305262a23164c68eb53a9,BUY,Yes,76626557395718138549682497346449622033790455953645207983251701172676708683039,0xcec7958225b06aa2464a72d934ddcc9b66bb6f35ad065010496d8db92de412a0,0.91,50,45.5,1725411884,Will a Republican win Alaska Presidential Election?
0x3a7cc5eb369616cdb14cfa0c8d157f8be6f9de4ee49f2a8418f5270b6346cf36,0xb508ecbd6954a4c78aac33606139275f054a4a67,SELL,Yes,76626557395718138549682497346449622033790455953645207983251701172676708683039,0xcec7958225b06aa2464a72d934ddcc9b66bb6f35ad065010496d8db92de412a0,0.9,307.62,276.858,1725367687,Will a Republican win Alaska Presidential Election?
0x0b4fde71edfab31521b26abe7b50af3dfd820d471ed9c7ebc8508ac093def7ea,0x9d6f623834dfb345397798af2d3003f80e377fef,BUY,Yes,76626557395718138549682497346449622033790455953645207983251701172676708683039,0xcec7958225b06aa2464a72d934ddcc9b66bb6f35ad065010496d8db92de412a0,0.9099999887,68.351647,62.19999799762639,1725351529,Will a Republican win Alaska Presidential Election?
0x9c0db3638ba7ae5ae1a9cece3439a5a459beef1adffe967183f1e48e77a2269a,0xe36855493156394242762fa4db06756a5fe309b7,BUY,Yes,76626557395718138549682497346449622033790455953645207983251701172676708683039,0xcec7958225b06aa2464a72d934ddcc9b66bb6f35ad065010496d8db92de412a0,0.9099999998,361.802188,329.23999100763956,1725330299,Will a Republican win Alaska Presidential Election?
0x409891ffe3ab9ce4d2c37cdd411a336a1ad0bd6a0825f0deb3ee9999d55645fc,0x51cf693ed9e9f6c69a603caa55a65d9bebe06d74,SELL,Yes,76626557395718138549682497346449622033790455953645207983251701172676708683039,0xcec7958225b06aa2464a72d934ddcc9b66bb6f35ad065010496d8db92de412a0,0.9,0.7,0.63,1725310775,Will a Republican win Alaska Presidential Election?
0x30549c88257ae93b7db90da46c8274786e045f46f800068e08d573873bbefcb3,0x51cf693ed9e9f6c69a603caa55a65d9bebe06d74,BUY,Yes,76626557395718138549682497346449622033790455953645207983251701172676708683039,0xcec7958225b06aa2464a72d934ddcc9b66bb6f35ad065010496d8db92de412a0,0.9099993602,0.703295,0.639998000031859,1725310239,Will a Republican win Alaska Presidential Election?
0x5ae0ab4ca36dd73d0e9c447031785ee032daaf276b61e2c07eac7ef7c6245c62,0x40d752a0ad80fdae5f8beff739714ff439187bba,BUY,Yes,76626557395718138549682497346449622033790455953645207983251701172676708683039,0xcec7958225b06aa2464a72d934ddcc9b66bb6f35ad065010496d8db92de412a0,0.9099995859,2.197801,1.999997999890606,1725277883,Will a Republican win Alaska Presidential Election?
0x79dbcc2331da47d1522653340acb3434aa6cbba35e12f670c22330bbca3dce0f,0xc25b8d6e9633adfb0651307a03ba26c99a4fba17,SELL,Yes,76626557395718138549682497346449622033790455953645207983251701172676708683039,0xcec7958225b06aa2464a72d934ddcc9b66bb6f35ad065010496d8db92de412a0,0.89,210.94,187.7366,1725266390,Will a Republican win Alaska Presidential Election?
0x0a25c0d133a6507010c43cc5996c593fdf6417fe377ed9e6bed84a5f53ec8b9b,0x20f72a54b94c119cd62c55ce7bfc06079b2ffb03,BUY,Yes,76626557395718138549682497346449622033790455953645207983251701172676708683039,0xcec7958225b06aa2464a72d934ddcc9b66bb6f35ad065010496d8db92de412a0,0.9099997513,3.296702,2.9999980001102124,1725252345,Will a Republican win Alaska Presidential Election?
0x1fca93f2e833b72d227520ccb698531d2c19d19406dd21d76341adf36fc39694,0xb49f468c15c49783f2664c7198a4949ade1b12e6,BUY,No,9646994822693149615303360714935546561049708672550992328943885204944470918778,0xcec7958225b06aa2464a72d934ddcc9b66bb6f35ad065010496d8db92de412a0,0.1,100,10.0,1725226718,Will a Republican win Alaska Presidential Election?
0x053d74966b28d0bca5e0f83f9c5c188a9678d83ebea2e72c07ad551ee247ea96,0xd6a08b321ea068833ee4d3ea2d1afcbf192c8a8f,BUY,Yes,76626557395718138549682497346449622033790455953645207983251701172676708683039,0xcec7958225b06aa2464a72d934ddcc9b66bb6f35ad065010496d8db92de412a0,0.91,1.0989,0.999999,1725190852,Will a Republican win Alaska Presidential Election?
0x0f80c04692edeb64297e959bded02a664c7cd1f9a8b184beb6eec6d5332c3f1b,0x69b203925843af08b8f4a085ced36cc9cb22efd8,SELL,Yes,76626557395718138549682497346449622033790455953645207983251701172676708683039,0xcec7958225b06aa2464a72d934ddcc9b66bb6f35ad065010496d8db92de412a0,0.89,323.2,287.64799999999997,1725176488,Will a Republican win Alaska Presidential Election?
0x1d19396030a9d9987bdb1235d86b4c2a7d54cc6ce45ab8b5b72d4f98ba0a2a4c,0xd39d2fa60b1424f7bb2db9b25ad4bf8aa464dcf3,SELL,Yes,76626557395718138549682497346449622033790455953645207983251701172676708683039,0xcec7958225b06aa2464a72d934ddcc9b66bb6f35ad065010496d8db92de412a0,0.89,195.6,174.084,1725171681,Will a Republican win Alaska Presidential Election?
0x8bcbda5f55179d42aa84980ff945415ec3e0c4522c38de79628b9b7c5075e43b,0x23782e8e8f330ed489d68903e0cca105ddb1a059,BUY,Yes,76626557395718138549682497346449622033790455953645207983251701172676708683039,0xcec7958225b06aa2464a72d934ddcc9b66bb6f35ad065010496d8db92de412a0,0.9099999998,1647.923075,1499.6099979204153,1725096641,Will a Republican win Alaska Presidential Election?
0xa8b388f75c8ce03132664d01d70c43789843b6102068d61c4af20fa52c740fa1,0x80ecbcdf00272997a0ffbd9ffdb03f947cc67d92,SELL,Yes,76626557395718138549682497346449622033790455953645207983251701172676708683039,0xcec7958225b06aa2464a72d934ddcc9b66bb6f35ad065010496d8db92de412a0,0.89,163.69,145.6841,1725093906,Will a Republican win Alaska Presidential Election?
0x3c0e8b8a4f2946623f2c25b60ea276deb3b34ca2d8a6ed9a6cc2fa5b74ef2c4a,0x0fffb8e6203a5e43d49c4ea85f7abdc5fc56b990,SELL,Yes,76626557395718138549682497346449622033790455953645207983251701172676708683039,0xcec7958225b06aa2464a72d934ddcc9b66bb6f35ad065010496d8db92de412a0,0.89,123.88,110.25319999999999,1725090673,Will a Republican win Alaska Presidential Election?
0x96b0478f4fd6563b1b38cea51ae1508bd5191e7a4a6a5edaadf4b1f71826f400,0xa88350d4e2b9aa84b1ec3ab6348e27ad8fd631fb,BUY,Yes,76626557395718138549682497346449622033790455953645207983251701172676708683039,0xcec7958225b06aa2464a72d934ddcc9b66bb6f35ad065010496d8db92de412a0,0.91,100,91.0,1725088959,Will a Republican win Alaska Presidential Election?
0x815c473fb85fb3490b8f177e298727b9148854e49741d89ec9d1c322874db891,0xe2c4d2e0bea577f4cd3e285d831209ca1cede9d6,SELL,Yes,76626557395718138549682497346449622033790455953645207983251701172676708683039,0xcec7958225b06aa2464a72d934ddcc9b66bb6f35ad065010496d8db92de412a0,0.8902040816,245,218.099999992,1725086252,Will a Republican win Alaska Presidential Election?
0x26d2badd91e41f5a90b88531c76264cbe0208f025de0a63ab0a00dc169c8ea74,0x9e5119acf4493a6d33ec4034bbf3f37dcc637538,BUY,Yes,76626557395718138549682497346449622033790455953645207983251701172676708683039,0xcec7958225b06aa2464a72d934ddcc9b66bb6f35ad065010496d8db92de412a0,0.9099995859,2.197801,1.999997999890606,1725083844,Will a Republican win Alaska Presidential Election?
0xfc217ee0323496f646e56c215c3dece38de77c064ffdad97af8e49d68f69570a,0x9e5119acf4493a6d33ec4034bbf3f37dcc637538,BUY,Yes,76626557395718138549682497346449622033790455953645207983251701172676708683039,0xcec7958225b06aa2464a72d934ddcc9b66bb6f35ad065010496d8db92de412a0,0.9099997513,3.296702,2.9999980001102124,1725083828,Will a Republican win Alaska Presidential Election?
0xcc53fbfbe96a19123dd6fbd906898dd62ac9bde2732b80937ac846cbe8e5ccd4,0x9e5119acf4493a6d33ec4034bbf3f37dcc637538,BUY,Yes,76626557395718138549682497346449622033790455953645207983251701172676708683039,0xcec7958225b06aa2464a72d934ddcc9b66bb6f35ad065010496d8db92de412a0,0.9099998339,4.395603,3.999997999890342,1725083800,Will a Republican win Alaska Presidential Election?
0x23152ce010041b9cd1d8c6c26cab74fdf56251d1be358bb61449eaa3973dfdaf,0x9e5119acf4493a6d33ec4034bbf3f37dcc637538,BUY,Yes,76626557395718138549682497346449622033790455953645207983251701172676708683039,0xcec7958225b06aa2464a72d934ddcc9b66bb6f35ad065010496d8db92de412a0,0.9099995859,2.197801,1.999997999890606,1725083794,Will a Republican win Alaska Presidential Election?
0xed7f611f57d90542d2fc72dfd017a4808b7ac091de7258ee02c2af08b97ee9f6,0x9e5119acf4493a6d33ec4034bbf3f37dcc637538,BUY,Yes,76626557395718138549682497346449622033790455953645207983251701172676708683039,0xcec7958225b06aa2464a72d934ddcc9b66bb6f35ad065010496d8db92de412a0,0.9099999827,10.989009,9.999997999890144,1725075879,Will a Republican win Alaska Presidential Election?
0xf65a4e8ff252d7b4a6bb3b79ba5fdb4d2aff59af77c7987d7e625d4fab04d32d,0x5f390e4b7d6f06d6756a6c92afdbf7b3176aa78c,BUY,No,9646994822693149615303360714935546561049708672550992328943885204944470918778,0xcec7958225b06aa2464a72d934ddcc9b66bb6f35ad065010496d8db92de412a0,0.1099432,500,54.9716,1725068009,Will a Republican win Alaska Presidential Election?
0xdc4c02c955b942e01b76397c701ff4734e0ec6cc50a4cafa8896a9081a14d09c,0xb49f468c15c49783f2664c7198a4949ade1b12e6,BUY,No,9646994822693149615303360714935546561049708672550992328943885204944470918778,0xcec7958225b06aa2464a72d934ddcc9b66bb6f35ad065010496d8db92de412a0,0.1,50,5.0,1725065302,Will a Republican win Alaska Presidential Election?
0x974f078a2955bdc3885d23c2c1865eca028376d851a5de688efef91e9f4139aa,0x7cebb71b5ae6a0ae4a01464fd19649e3c5582f63,SELL,Yes,76626557395718138549682497346449622033790455953645207983251701172676708683039,0xcec7958225b06aa2464a72d934ddcc9b66bb6f35ad065010496d8db92de412a0,0.9,1.04,0.936,1725047102,Will a Republican win Alaska Presidential Election?
0x5863237ae704f74760ecb7f36152a3c2c2ee75afb4fda07b66d5105fcceaf5a9,0x7cebb71b5ae6a0ae4a01464fd19649e3c5582f63,BUY,Yes,76626557395718138549682497346449622033790455953645207983251701172676708683039,0xcec7958225b06aa2464a72d934ddcc9b66bb6f35ad065010496d8db92de412a0,0.9099999521,1.043955,0.9499989999945554,1725046938,Will a Republican win Alaska Presidential Election?
0x63f76e48a612ac3447960db097e241f76ef2854505b81e5299365689f2ff8d96,0xc8ea882a928074100e6f449563ab891269b219d1,SELL,Yes,76626557395718138549682497346449622033790455953645207983251701172676708683039,0xcec7958225b06aa2464a72d934ddcc9b66bb6f35ad065010496d8db92de412a0,0.9,146.12,131.508,1725001112,Will a Republican win Alaska Presidential Election?
0xc9635bdfaf379908bb5e86bf9c166de39391ed4051d76a393dc346003630efd8,0xc324cd6e830b4d36651ba8b345bdf8e641874cd6,BUY,Yes,76626557395718138549682497346449622033790455953645207983251701172676708683039,0xcec7958225b06aa2464a72d934ddcc9b66bb6f35ad065010496d8db92de412a0,0.91,10.99,10.0009,1724936788,Will a Republican win Alaska Presidential Election?
0x2c8c2cf42808dd845fe30771a92c2129b713110cf127d90afb4c3a816c4a9b67,0x1b83ea1b684071626da684870e96b13a5a447b6d,SELL,Yes,76626557395718138549682497346449622033790455953645207983251701172676708683039,0xcec7958225b06aa2464a72d934ddcc9b66bb6f35ad065010496d8db92de412a0,0.8902022572,247.21,220.066900002412,1724917351,Will a Republican win Alaska Presidential Election?
0x5e31c8d5439aaf60882a4a43de7153e61b87d1330a44f9618c41c09280d8e773,0x4ec4569b813e0e6e808dd99f1e3134664cf86219,BUY,No,9646994822693149615303360714935546561049708672550992328943885204944470918778,0xcec7958225b06aa2464a72d934ddcc9b66bb6f35ad065010496d8db92de412a0,0.1,523,52.300000000000004,1724800534,Will a Republican win Alaska Presidential Election?
0x47bc9d50173180ce6d31b2d7c2e5043078c5b7650dd29d9efbd5416dbc78c411,0x4ec4569b813e0e6e808dd99f1e3134664cf86219,BUY,No,9646994822693149615303360714935546561049708672550992328943885204944470918778,0xcec7958225b06aa2464a72d934ddcc9b66bb6f35ad065010496d8db92de412a0,0.1,149,14.9,1724796344,Will a Republican win Alaska Presidential Election?
0x359396bfa56468359a02fc1cadb9e27f5669e3ed6339e241e39433a11a347902,0x6d4640faf598ccce0a333749238d0d9a15fa890e,BUY,Yes,76626557395718138549682497346449622033790455953645207983251701172676708683039,0xcec7958225b06aa2464a72d934ddcc9b66bb6f35ad065010496d8db92de412a0,0.91,1.0989,0.999999,1724783825,Will a Republican win Alaska Presidential Election?
0x8899f925904ae72ee8a1c285a3c41fab8aabc70f79ac1e9193c8421e6539e214,0x0feb6b34bc1455ab63aaae16185912c803a677dc,BUY,Yes,76626557395718138549682497346449622033790455953645207983251701172676708683039,0xcec7958225b06aa2464a72d934ddcc9b66bb6f35ad065010496d8db92de412a0,0.9099998079,0.989009,0.8999980000113711,1724776041,Will a Republican win Alaska Presidential Election?
0x8b65a438e2de565db74cd6a897c83b48067d247a3e06758e01ca43d5cce90dc7,0xdabdd92ffca66191a29434ee68c0ee90a1e8bf4e,SELL,Yes,76626557395718138549682497346449622033790455953645207983251701172676708683039,0xcec7958225b06aa2464a72d934ddcc9b66bb6f35ad065010496d8db92de412a0,0.9,174.95,157.45499999999998,1724741912,Will a Republican win Alaska Presidential Election?
0x50f031eb059cd4aa60ea0de253abfdb983b67906f2534f718c4519f73a1811d3,0x416f2bbf9412fd8cd9b6784a6d126891de83645f,SELL,Yes,76626557395718138549682497346449622033790455953645207983251701172676708683039,0xcec7958225b06aa2464a72d934ddcc9b66bb6f35ad065010496d8db92de412a0,0.9,152.72,137.448,1724737844,Will a Republican win Alaska Presidential Election?
0x0c6faad70d7662b1d7850d22e01df325ba3a3bbd0e739e5ecaed56697d541049,0xe0cad572f9164b9108d3426e9180a5175cfd5cad,SELL,Yes,76626557395718138549682497346449622033790455953645207983251701172676708683039,0xcec7958225b06aa2464a72d934ddcc9b66bb6f35ad065010496d8db92de412a0,0.89,303.26,269.9014,1724736020,Will a Republican win Alaska Presidential Election?
0x8b5bf2593bff498a8a627f0fa67cb744025fb946a90a947e485402c507cc0368,0x925ee7486527d5d63e20a8258c24ca9a1d706111,BUY,Yes,76626557395718138549682497346449622033790455953645207983251701172676708683039,0xcec7958225b06aa2464a72d934ddcc9b66bb6f35ad065010496d8db92de412a0,0.91,1.0989,0.999999,1724732361,Will a Republican win Alaska Presidential Election?
0x7c1dd7779c867985f623921e06de30ef8c25e01fc0bef34d5b3c80d90c2fc887,0x9e5119acf4493a6d33ec4034bbf3f37dcc637538,BUY,Yes,76626557395718138549682497346449622033790455953645207983251701172676708683039,0xcec7958225b06aa2464a72d934ddcc9b66bb6f35ad065010496d8db92de412a0,0.9099999827,10.989009,9.999997999890144,1724727328,Will a Republican win Alaska Presidential Election?
0x15b59e277762636a2fb0d7eff8f6901d2cb3e419ed9e1ae51e1510ade930ca3b,0xd42f6a1634a3707e27cbae14ca966068e5d1047d,SELL,Yes,76626557395718138549682497346449622033790455953645207983251701172676708683039,0xcec7958225b06aa2464a72d934ddcc9b66bb6f35ad065010496d8db92de412a0,0.9,5921.35,5329.215,1724717606,Will a Republican win Alaska Presidential Election?
0x594008c60e4b37e24a794f18eea89de014a62f5a1f60bda1dede8df91ee6943c,0xd42f6a1634a3707e27cbae14ca966068e5d1047d,SELL,Yes,76626557395718138549682497346449622033790455953645207983251701172676708683039,0xcec7958225b06aa2464a72d934ddcc9b66bb6f35ad065010496d8db92de412a0,0.9,2000,1800.0,1724659594,Will a Republican win Alaska Presidential Election?
0xd456bec063f8cc15ee9862db5e114262538d2e94dbf653fcabc760e83486faf0,0x9e5119acf4493a6d33ec4034bbf3f37dcc637538,BUY,Yes,76626557395718138549682497346449622033790455953645207983251701172676708683039,0xcec7958225b06aa2464a72d934ddcc9b66bb6f35ad065010496d8db92de412a0,0.9099998835,5.494504,4.999997999890284,1724659130,Will a Republican win Alaska Presidential Election?
0xc9ab6e650f624b18219792b54df418056bcd43d1e4f0a59902e8c1c93b8f04a6,0xeceac3a8e4323d3182d66ed32137f09b24396c21,BUY,Yes,76626557395718138549682497346449622033790455953645207983251701172676708683039,0xcec7958225b06aa2464a72d934ddcc9b66bb6f35ad065010496d8db92de412a0,0.91,1.0989,0.999999,1724654434,Will a Republican win Alaska Presidential Election?
0x7957a6533f86503ab6376763cf86ee0a8a18f66e75193dec174319d5c868d38a,0xdf4950512b99eb8e3f572c5286b791bb02b151cf,SELL,Yes,76626557395718138549682497346449622033790455953645207983251701172676708683039,0xcec7958225b06aa2464a72d934ddcc9b66bb6f35ad065010496d8db92de412a0,0.9,288.4,259.56,1724653195,Will a Republican win Alaska Presidential Election?
0xc4afb8681cd88ee169431bf6c2b7973e219a163860af5028c00a3690f9258735,0x0c2c34a0070b316cf71ba9aa121bcb699add0a40,SELL,Yes,76626557395718138549682497346449622033790455953645207983251701172676708683039,0xcec7958225b06aa2464a72d934ddcc9b66bb6f35ad065010496d8db92de412a0,0.9,119.12,107.20800000000001,1724650877,Will a Republican win Alaska Presidential Election?
0x4f79a49ee3a02b37c0c0564fe61cb18196a3a08decd1d619d0c632d83684ec86,0xd42f6a1634a3707e27cbae14ca966068e5d1047d,SELL,Yes,76626557395718138549682497346449622033790455953645207983251701172676708683039,0xcec7958225b06aa2464a72d934ddcc9b66bb6f35ad065010496d8db92de412a0,0.9,700,630.0,1724642487,Will a Republican win Alaska Presidential Election?
0x9c5d4d237526f2ab2599c4a46f15e879573d97d883283661118d00555260f54f,0xd42f6a1634a3707e27cbae14ca966068e5d1047d,SELL,Yes,76626557395718138549682497346449622033790455953645207983251701172676708683039,0xcec7958225b06aa2464a72d934ddcc9b66bb6f35ad065010496d8db92de412a0,0.9,500,450.0,1724639634,Will a Republican win Alaska Presidential Election?
0xdda6c79501e82528017110ab466f11ee48ed30f6c01c0bf3e93d01f960d4cd09,0x7d9e0cae33ad584b7bb7c0d6613234998efddab4,SELL,Yes,76626557395718138549682497346449622033790455953645207983251701172676708683039,0xcec7958225b06aa2464a72d934ddcc9b66bb6f35ad065010496d8db92de412a0,0.9,249.33,224.39700000000002,1724568153,Will a Republican win Alaska Presidential Election?
0x06d40a74f6466349eb24b02904e7afe6c601da22648759afe9d9f7a843b3ce25,0xe630b6bcceba86224390ecaffb8605dd56ec7ce2,SELL,Yes,76626557395718138549682497346449622033790455953645207983251701172676708683039,0xcec7958225b06aa2464a72d934ddcc9b66bb6f35ad065010496d8db92de412a0,0.9,214.13,192.717,1724566241,Will a Republican win Alaska Presidential Election?
0x2b2e71eaebae32730b99f696f4c6e259f4cf3ac1a7e3489cb1ae3c44be63eeda,0x84d53c4d2cee9a19c6015e2866b5cd2d409c682b,BUY,Yes,76626557395718138549682497346449622033790455953645207983251701172676708683039,0xcec7958225b06aa2464a72d934ddcc9b66bb6f35ad065010496d8db92de412a0,0.91,70,63.7,1724537378,Will a Republican win Alaska Presidential Election?
0xcafa2bf727968af2ec548a69c0ce5bf6a8cb617fdd877f5dfd883311ccb92275,0xe5c95614e4691154cc3440fc585f3ea1ff59fdf4,BUY,Yes,76626557395718138549682497346449622033790455953645207983251701172676708683039,0xcec7958225b06aa2464a72d934ddcc9b66bb6f35ad065010496d8db92de412a0,0.9099999983,219.780218,199.99999800637363,1724523867,Will a Republican win Alaska Presidential Election?
0x1d7b4b67f00dc86209ba63db7f20e24206975e1375740dd1799ba61dadc50070,0xb2dbe566b373693e58e617a93b098e64b7791a0b,BUY,Yes,76626557395718138549682497346449622033790455953645207983251701172676708683039,0xcec7958225b06aa2464a72d934ddcc9b66bb6f35ad065010496d8db92de412a0,0.91,1.0989,0.999999,1724494658,Will a Republican win Alaska Presidential Election?
0x3835ca1d491e8c01ce6c0a4e773d1428686ad6438075c712707c747ddaf6505f,0xd30a36b94f23f7d188e45759e613aa2f0e786bba,SELL,Yes,76626557395718138549682497346449622033790455953645207983251701172676708683039,0xcec7958225b06aa2464a72d934ddcc9b66bb6f35ad065010496d8db92de412a0,0.9,272.48,245.23200000000003,1724491621,Will a Republican win Alaska Presidential Election?
0x7db60a85f1a98424844d0ce7e45b7d197a43c748e9b0208c6fb9fdd19ac94b9f,0x0fa0777159ed6d3df830c239bed8581e932e61fc,BUY,Yes,76626557395718138549682497346449622033790455953645207983251701172676708683039,0xcec7958225b06aa2464a72d934ddcc9b66bb6f35ad065010496d8db92de412a0,0.91,1.0989,0.999999,1724486927,Will a Republican win Alaska Presidential Election?
0x3a4e9313171f4d9d6c9ef254e55397889057e057d87b9c0288ed24043b0e016e,0x925ee7486527d5d63e20a8258c24ca9a1d706111,BUY,Yes,76626557395718138549682497346449622033790455953645207983251701172676708683039,0xcec7958225b06aa2464a72d934ddcc9b66bb6f35ad065010496d8db92de412a0,0.91,1.0989,0.999999,1724460118,Will a Republican win Alaska Presidential Election?
0xce5cb6967340ca7712c159f7619f6c4832e2989a7d6cd3deaa83f706226be591,0xbf4d51d86c878936f4f97e0decb0284304939166,BUY,No,9646994822693149615303360714935546561049708672550992328943885204944470918778,0xcec7958225b06aa2464a72d934ddcc9b66bb6f35ad065010496d8db92de412a0,0.1,1.5,0.15000000000000002,1724457283,Will a Republican win Alaska Presidential Election?
0x559eaf7ca8ce3a12747583d8e253a8c79544dee8b9eeff6c1a64f3bd87ba334b,0x6b552487d069016a278b1837b0ba4f9f316902f8,SELL,No,9646994822693149615303360714935546561049708672550992328943885204944470918778,0xcec7958225b06aa2464a72d934ddcc9b66bb6f35ad065010496d8db92de412a0,0.09,50,4.5,1724434584,Will a Republican win Alaska Presidential Election?
0xd9dc61ee32ecac40112e70dbdd0a19312de1ccedb0bc2ce9c4f4be5b81583055,0x9e5119acf4493a6d33ec4034bbf3f37dcc637538,BUY,Yes,76626557395718138549682497346449622033790455953645207983251701172676708683039,0xcec7958225b06aa2464a72d934ddcc9b66bb6f35ad065010496d8db92de412a0,0.92,5.434775,4.999993,1724399071,Will a Republican win Alaska Presidential Election?
0x9b992d7211308fa8a8616fb91f7c9bb8668b9943c309a1387d367aa3415dd962,0x9e5119acf4493a6d33ec4034bbf3f37dcc637538,BUY,Yes,76626557395718138549682497346449622033790455953645207983251701172676708683039,0xcec7958225b06aa2464a72d934ddcc9b66bb6f35ad065010496d8db92de412a0,0.9199999816,2.173912,1.9999990000000192,1724391668,Will a Republican win Alaska Presidential Election?
0xa2d635b77b67cf60aec1a3ebf4beb3a4ad7451b775d0951c86b2711d55b1ef04,0xe54400b1cea1f79b75113991a314758bfd5485bb,SELL,Yes,76626557395718138549682497346449622033790455953645207983251701172676708683039,0xcec7958225b06aa2464a72d934ddcc9b66bb6f35ad065010496d8db92de412a0,0.9,137.17,123.45299999999999,1724336806,Will a Republican win Alaska Presidential Election?
0x0b0287df658013cd4d9d86c414831d1c60d06da91b7c99c8e8a2f29eb5ed47d8,0x76e42159099c3f14f796a519c2e007317644d2bd,SELL,Yes,76626557395718138549682497346449622033790455953645207983251701172676708683039,0xcec7958225b06aa2464a72d934ddcc9b66bb6f35ad065010496d8db92de412a0,0.9,136.52,122.86800000000001,1724335828,Will a Republican win Alaska Presidential Election?
0x38c3e54d7e0ba6942ea989a14deebdf504e334fd930638b76733d9785d08a0ad,0xb508ecbd6954a4c78aac33606139275f054a4a67,BUY,Yes,76626557395718138549682497346449622033790455953645207983251701172676708683039,0xcec7958225b06aa2464a72d934ddcc9b66bb6f35ad065010496d8db92de412a0,0.9099999998,307.626366,279.93999299847474,1724312305,Will a Republican win Alaska Presidential Election?
0x67e41aab7b0280389c6db9b048a950f3b28f7327e52a88d68d4ee41f6dd7d681,0x80ecbcdf00272997a0ffbd9ffdb03f947cc67d92,BUY,Yes,76626557395718138549682497346449622033790455953645207983251701172676708683039,0xcec7958225b06aa2464a72d934ddcc9b66bb6f35ad065010496d8db92de412a0,0.91,163.6923,148.959993,1724307072,Will a Republican win Alaska Presidential Election?
0x6caddbf615fc74e745a7b6230f694b3b1acde4e083b301c6c0520314cb643984,0xacc1d0de4442070d431ddb25b65e83e5374290b9,SELL,Yes,76626557395718138549682497346449622033790455953645207983251701172676708683039,0xcec7958225b06aa2464a72d934ddcc9b66bb6f35ad065010496d8db92de412a0,0.9,118.24,106.416,1724248645,Will a Republican win Alaska Presidential Election?
0x78f62a44d3fda2ff356e82f691c89e688be43623bb5cd3fe2b332cca6e1fb92b,0x03fa276074bf0cd84bd084566d53d5ec1d71102e,SELL,Yes,76626557395718138549682497346449622033790455953645207983251701172676708683039,0xcec7958225b06aa2464a72d934ddcc9b66bb6f35ad065010496d8db92de412a0,0.9,135.08,121.57200000000002,1724247917,Will a Republican win Alaska Presidential Election?
0x9bd60021be58f82f97ceef6023426c7d9d0107c468a02cb4b312f377aaedfc95,0x6989c8968d81142956e9bf1a066f61439dc6a4a8,SELL,Yes,76626557395718138549682497346449622033790455953645207983251701172676708683039,0xcec7958225b06aa2464a72d934ddcc9b66bb6f35ad065010496d8db92de412a0,0.9,266.62,239.958,1724247421,Will a Republican win Alaska Presidential Election?
0x96caa67f593e5d24495b48fedd660b315602720f9860f7c634312ced6b2a632a,0xec26c71fb5a4bd84f22d9a4abe8e51c311a8b318,SELL,Yes,76626557395718138549682497346449622033790455953645207983251701172676708683039,0xcec7958225b06aa2464a72d934ddcc9b66bb6f35ad065010496d8db92de412a0,0.9,273.05,245.745,1724246843,Will a Republican win Alaska Presidential Election?
0x66797f71d1daae7baebda85ea85f91bddead1b3f2295a1f21ab7ece70162be96,0x1b5e61e6338d13478cd40b3299d6c116366207b6,SELL,Yes,76626557395718138549682497346449622033790455953645207983251701172676708683039,0xcec7958225b06aa2464a72d934ddcc9b66bb6f35ad065010496d8db92de412a0,0.9,124.96,112.464,1724243855,Will a Republican win Alaska Presidential Election?
0x861accc2994716e77f38d9d4fac24499afa581852b7d14bd9040ad6635499a58,0x69b203925843af08b8f4a085ced36cc9cb22efd8,BUY,Yes,76626557395718138549682497346449622033790455953645207983251701172676708683039,0xcec7958225b06aa2464a72d934ddcc9b66bb6f35ad065010496d8db92de412a0,0.9125456153,323.20575,294.939990002248,1724232818,Will a Republican win Alaska Presidential Election?
0xe1154b605ff9d546f0e31934c3b153edd9f28559b6de5a1bd90ce89d28e9342a,0xc25b8d6e9633adfb0651307a03ba26c99a4fba17,BUY,Yes,76626557395718138549682497346449622033790455953645207983251701172676708683039,0xcec7958225b06aa2464a72d934ddcc9b66bb6f35ad065010496d8db92de412a0,0.9099999998,210.945044,191.959989997811,1724228220,Will a Republican win Alaska Presidential Election?
0x8526ae3770ba0c43cc9a8592ffe2f8ab89d45400f3b6c3e9b347ed7966944ade,0xcc500cbcc8b7cf5bd21975ebbea34f21b5644c82,BUY,No,9646994822693149615303360714935546561049708672550992328943885204944470918778,0xcec7958225b06aa2464a72d934ddcc9b66bb6f35ad065010496d8db92de412a0,0.09,150,13.5,1724217346,Will a Republican win Alaska Presidential Election?
0x53f7422d7253c1c1c6a7f6f327e8a2a7a1393208a68912693f601c4a17584e59,0xb49f468c15c49783f2664c7198a4949ade1b12e6,BUY,No,9646994822693149615303360714935546561049708672550992328943885204944470918778,0xcec7958225b06aa2464a72d934ddcc9b66bb6f35ad065010496d8db92de412a0,0.09,350,31.5,1724217346,Will a Republican win Alaska Presidential Election?
0x0b290e445f851719a9ceda03912d16fd2a383326e4551e9e64c6259673550b01,0xa40c75560a0af052b333271137114d057c1bdf49,BUY,Yes,76626557395718138549682497346449622033790455953645207983251701172676708683039,0xcec7958225b06aa2464a72d934ddcc9b66bb6f35ad065010496d8db92de412a0,0.92,314.0326,288.909992,1724217090,Will a Republican win Alaska Presidential Election?
0x7932379bf767f6364dc861eb3b6beded840cca25236cb4ac00282a92adbe26e9,0x9896b9c5f41a09920e0d1e7ad2c968222e8bcee6,SELL,Yes,76626557395718138549682497346449622033790455953645207983251701172676708683039,0xcec7958225b06aa2464a72d934ddcc9b66bb6f35ad065010496d8db92de412a0,0.9,2.76,2.484,1724153218,Will a Republican win Alaska Presidential Election?
0x71bb6525f6a68d9fe3f4a7575e578ddcac173b6f55401cc3155394a77e8fabab,0x2003c06102793c4927d009570f5fcac4eff3950a,SELL,Yes,76626557395718138549682497346449622033790455953645207983251701172676708683039,0xcec7958225b06aa2464a72d934ddcc9b66bb6f35ad065010496d8db92de412a0,0.9,0.15,0.135,1724075124,Will a Republican win Alaska Presidential Election?
0x91c793dda1799b76f7fcdb8cb25ad72ae446587cdd991b4b3fbd70fef7121bbb,0x0fffb8e6203a5e43d49c4ea85f7abdc5fc56b990,BUY,Yes,76626557395718138549682497346449622033790455953645207983251701172676708683039,0xcec7958225b06aa2464a72d934ddcc9b66bb6f35ad065010496d8db92de412a0,0.92,123.880425,113.96999100000001,1724062738,Will a Republican win Alaska Presidential Election?
0x3669740c1334bafc7fd6b721b820f1bc94505da063a006aeb5f9c4735bb85e35,0xdabdd92ffca66191a29434ee68c0ee90a1e8bf4e,BUY,Yes,76626557395718138549682497346449622033790455953645207983251701172676708683039,0xcec7958225b06aa2464a72d934ddcc9b66bb6f35ad065010496d8db92de412a0,0.9199999998,174.956512,160.9599910050087,1724053743,Will a Republican win Alaska Presidential Election?
0xa0fc285fe704d0e7d8660ee108810212ceb6621c3ea0aa34db5aa5e6045eee5f,0xd39d2fa60b1424f7bb2db9b25ad4bf8aa464dcf3,BUY,Yes,76626557395718138549682497346449622033790455953645207983251701172676708683039,0xcec7958225b06aa2464a72d934ddcc9b66bb6f35ad065010496d8db92de412a0,0.9199999998,195.608687,179.95999200087826,1724049213,Will a Republican win Alaska Presidential Election?
0x28eb57d30712dad67de1cb32e18e4de1751b3a435f9ee3bd99d517bb23273b23,0x1151ab60c626215851b18877f4df021754c5f522,BUY,Yes,76626557395718138549682497346449622033790455953645207983251701172676708683039,0xcec7958225b06aa2464a72d934ddcc9b66bb6f35ad065010496d8db92de412a0,0.92,1.08695,0.9999940000000002,1724031035,Will a Republican win Alaska Presidential Election?
0x0069b20d27e52924f26f0d40bc6c93a1659ba1d7aec57acb52d99119ada9b9f2,0x3cf3e8d5427aed066a7a5926980600f6c3cf87b3,SELL,Yes,76626557395718138549682497346449622033790455953645207983251701172676708683039,0xcec7958225b06aa2464a72d934ddcc9b66bb6f35ad065010496d8db92de412a0,0.9,922.3,830.0699999999999,1724007548,Will a Republican win Alaska Presidential Election?
0x35b3a8dd3adb81f2e8e565a8ca2b03fceb2afe6f1a26fd23e2b5f71520f5e81c,0xef12897e44f8123b2cffb6c4f1c83523b273c850,SELL,Yes,76626557395718138549682497346449622033790455953645207983251701172676708683039,0xcec7958225b06aa2464a72d934ddcc9b66bb6f35ad065010496d8db92de412a0,0.9,261.22,235.09800000000004,1723990423,Will a Republican win Alaska Presidential Election?
0xa77e7e09719eb82b40005677c2cbd0fc46d7930db67d81ebf41d6681486963c0,0xe0c81cfa606abbc6c4186e68915f7f03e3fe03f4,SELL,Yes,76626557395718138549682497346449622033790455953645207983251701172676708683039,0xcec7958225b06aa2464a72d934ddcc9b66bb6f35ad065010496d8db92de412a0,0.9,285.97,257.37300000000005,1723984956,Will a Republican win Alaska Presidential Election?
0x1f9ff2d9503e14a039bdb858d14e74f9b62131945a9b4975a7fd92dcb32b7086,0xdf4950512b99eb8e3f572c5286b791bb02b151cf,BUY,Yes,76626557395718138549682497346449622033790455953645207983251701172676708683039,0xcec7958225b06aa2464a72d934ddcc9b66bb6f35ad065010496d8db92de412a0,0.9116978422,288.40695,262.9399939904833,1723965857,Will a Republican win Alaska Presidential Election?
0x0ef57c2948531f6107ebb184eb1439557d60a09f4a5867634f86ef7eb89854e6,0xc8ea882a928074100e6f449563ab891269b219d1,BUY,Yes,76626557395718138549682497346449622033790455953645207983251701172676708683039,0xcec7958225b06aa2464a72d934ddcc9b66bb6f35ad065010496d8db92de412a0,0.9099999933,146.120878,132.96999800099013,1723962320,Will a Republican win Alaska Presidential Election?
0x1db7fab30ae5265283fefd4e2181a01785a795b06d0b3a76d9ed2b78b8cd09ad,0xff63b7486f69c62ca4c5f5a3faba115ab85ea2f8,BUY,Yes,76626557395718138549682497346449622033790455953645207983251701172676708683039,0xcec7958225b06aa2464a72d934ddcc9b66bb6f35ad065010496d8db92de412a0,0.91,20,18.2,1723955880,Will a Republican win Alaska Presidential Election?
0x40d1be786467c33bac98722972d205902a80ec553f875fba29182db12f0c10fa,0xc4086b708cd3a50880b7069add1a1a80000f4675,SELL,No,9646994822693149615303360714935546561049708672550992328943885204944470918778,0xcec7958225b06aa2464a72d934ddcc9b66bb6f35ad065010496d8db92de412a0,0.09,42.37,3.8132999999999995,1723945789,Will a Republican win Alaska Presidential Election?
0xe39f30b0f95a574911566cf2a77a196ede40c1de403056b00278b62a97c31229,0xb1da98bac993e4a3f4e5776f8c94980e21070108,SELL,Yes,76626557395718138549682497346449622033790455953645207983251701172676708683039,0xcec7958225b06aa2464a72d934ddcc9b66bb6f35ad065010496d8db92de412a0,0.9,0.58,0.522,1723903365,Will a Republican win Alaska Presidential Election?
0xc26025081019894699a01406155368e0004e4fa81753ab34538586afc9a4a80e,0xe2863744eabc196005796a2220336740c0039a39,SELL,Yes,76626557395718138549682497346449622033790455953645207983251701172676708683039,0xcec7958225b06aa2464a72d934ddcc9b66bb6f35ad065010496d8db92de412a0,0.9,0.82,0.738,1723902677,Will a Republican win Alaska Presidential Election?
0x841a29489a21dfaeb53f4a5f5320733d5f63606a6c1f5f92d5cca6a30774c8da,0xaee4d99bf79be5e024f811676e09d0e863d74f79,SELL,Yes,76626557395718138549682497346449622033790455953645207983251701172676708683039,0xcec7958225b06aa2464a72d934ddcc9b66bb6f35ad065010496d8db92de412a0,0.9,2.63,2.367,1723900751,Will a Republican win Alaska Presidential Election?
0x03c1d2a604a8121c01a8ebf5d006c8668f3f279bb677dc09a8a055e0085007e3,0xe2c4d2e0bea577f4cd3e285d831209ca1cede9d6,BUY,Yes,76626557395718138549682497346449622033790455953645207983251701172676708683039,0xcec7958225b06aa2464a72d934ddcc9b66bb6f35ad065010496d8db92de412a0,0.91,245,222.95000000000002,1723887384,Will a Republican win Alaska Presidential Election?
0x94e07d6ce9670829b5c701427bd7713b2c2787900d1c392217a3e0ffbcb730ca,0x1b83ea1b684071626da684870e96b13a5a447b6d,BUY,Yes,76626557395718138549682497346449622033790455953645207983251701172676708683039,0xcec7958225b06aa2464a72d934ddcc9b66bb6f35ad065010496d8db92de412a0,0.9099999997,247.219777,224.96999699583407,1723881551,Will a Republican win Alaska Presidential Election?
0x4cf92a48f7b10c8418b98a195e0d018cdb7d1f8a15911e6eaa1a2c7fa80bdfdd,0x416f2bbf9412fd8cd9b6784a6d126891de83645f,BUY,Yes,76626557395718138549682497346449622033790455953645207983251701172676708683039,0xcec7958225b06aa2464a72d934ddcc9b66bb6f35ad065010496d8db92de412a0,0.9099999996,152.725266,138.9799919989099,1723876587,Will a Republican win Alaska Presidential Election?
0xaa9c293cbfa4fd9a25dd9820c794195f011c3b8ffc29dd7c58cabbc22490aa0a,0xffb8be188c0801794e4af915c8d776e3ac02ba87,SELL,Yes,76626557395718138549682497346449622033790455953645207983251701172676708683039,0xcec7958225b06aa2464a72d934ddcc9b66bb6f35ad065010496d8db92de412a0,0.9,12.08,10.872,1723866797,Will a Republican win Alaska Presidential Election?
0x772ecdaac2c065d8d33bf93121f1f5daa176f285d8ef27735a30bbe857c08b7f,0xffb8be188c0801794e4af915c8d776e3ac02ba87,BUY,Yes,76626557395718138549682497346449622033790455953645207983251701172676708683039,0xcec7958225b06aa2464a72d934ddcc9b66bb6f35ad065010496d8db92de412a0,0.9099999992,12.087911,10.999999000329671,1723866789,Will a Republican win Alaska Presidential Election?
0xbe370956a3a8eef53934ee1862976606b2afcb9ec5cb1330fb77fe65d7668f4d,0x9e5119acf4493a6d33ec4034bbf3f37dcc637538,BUY,Yes,76626557395718138549682497346449622033790455953645207983251701172676708683039,0xcec7958225b06aa2464a72d934ddcc9b66bb6f35ad065010496d8db92de412a0,0.91,1.0989,0.999999,1723849802,Will a Republican win Alaska Presidential Election?
0xa516c722de75211481fa4db6ba87214a8bc9c17fb618e2f2ebb6d06a7831a232,0x9e5119acf4493a6d33ec4034bbf3f37dcc637538,BUY,Yes,76626557395718138549682497346449622033790455953645207983251701172676708683039,0xcec7958225b06aa2464a72d934ddcc9b66bb6f35ad065010496d8db92de412a0,0.91,2.1978,1.999998,1723847604,Will a Republican win Alaska Presidential Election?
0xf0182c1713978b5264fda275fa456d5703191899f5059449282703f53444e82f,0x4ec4569b813e0e6e808dd99f1e3134664cf86219,BUY,No,9646994822693149615303360714935546561049708672550992328943885204944470918778,0xcec7958225b06aa2464a72d934ddcc9b66bb6f35ad065010496d8db92de412a0,0.1,100,10.0,1723846460,Will a Republican win Alaska Presidential Election?
0xe0c618773ae8679c6ccbc54a132d924ada607ba84775e0cf55ed0f6b91f14e96,0x9dc3fe65952e10a9bb288496a87e83fc05b4259a,BUY,Yes,76626557395718138549682497346449622033790455953645207983251701172676708683039,0xcec7958225b06aa2464a72d934ddcc9b66bb6f35ad065010496d8db92de412a0,0.9099999994,16.483511,14.999995000109893,1723825309,Will a Republican win Alaska Presidential Election?
0x1ffde636051e194e931a059825c0a59a5b3611a192d4f09ecf5bb7c39e72e55a,0x512be3ba9fef4a52f033ea546f1e33982a3514a2,SELL,Yes,76626557395718138549682497346449622033790455953645207983251701172676708683039,0xcec7958225b06aa2464a72d934ddcc9b66bb6f35ad065010496d8db92de412a0,0.9,280.59,252.53099999999998,1723819318,Will a Republican win Alaska Presidential Election?
0xd103f3378baccfe6a76d2d0150a664ba0dd4a0c152d878718ddb762c05a7f3ce,0x0c2c34a0070b316cf71ba9aa121bcb699add0a40,BUY,Yes,76626557395718138549682497346449622033790455953645207983251701172676708683039,0xcec7958225b06aa2464a72d934ddcc9b66bb6f35ad065010496d8db92de412a0,0.9194652612,119.123575,109.5299890024528,1723796717,Will a Republican win Alaska Presidential Election?
0xe86709ade717e3d70591f3706be1e8c48fd20e52d15ce67dbd428811593e7478,0x0c2c34a0070b316cf71ba9aa121bcb699add0a40,SELL,Yes,76626557395718138549682497346449622033790455953645207983251701172676708683039,0xcec7958225b06aa2464a72d934ddcc9b66bb6f35ad065010496d8db92de412a0,0.9,121.7,109.53,1723796707,Will a Republican win Alaska Presidential Election?
0x72b03a3a3f4b07b70e3ba479f160961fe2162247d9756086106cdc61ab176e7f,0x0c2c34a0070b316cf71ba9aa121bcb699add0a40,BUY,Yes,76626557395718138549682497346449622033790455953645207983251701172676708683039,0xcec7958225b06aa2464a72d934ddcc9b66bb6f35ad065010496d8db92de412a0,0.9099999997,121.648344,110.6999930035055,1723796701,Will a Republican win Alaska Presidential Election?
0xdeb845efe6cddb4f181026a9fdf844cdb4c587bb4ae2485221e6c9dff777c467,0x0c2c34a0070b316cf71ba9aa121bcb699add0a40,SELL,Yes,76626557395718138549682497346449622033790455953645207983251701172676708683039,0xcec7958225b06aa2464a72d934ddcc9b66bb6f35ad065010496d8db92de412a0,0.9,123,110.7,1723796695,Will a Republican win Alaska Presidential Election?
0xabaf1cafebb0b6e753305eb087a56130f9515d6301cf0b33eba55794895dddaa,0x0c2c34a0070b316cf71ba9aa121bcb699add0a40,BUY,Yes,76626557395718138549682497346449622033790455953645207983251701172676708683039,0xcec7958225b06aa2464a72d934ddcc9b66bb6f35ad065010496d8db92de412a0,0.9099999997,123.054944,111.97999900308352,1723796681,Will a Republican win Alaska Presidential Election?
0xd20c3bf5321f44e03d610414a2c79827f151c4f87e5cecc293ca8b103cd3c867,0x2d5be6534b60224c93fbb11ec17e0db982396be4,BUY,Yes,76626557395718138549682497346449622033790455953645207983251701172676708683039,0xcec7958225b06aa2464a72d934ddcc9b66bb6f35ad065010496d8db92de412a0,0.9099999995,21.978011,19.999989999010992,1723796481,Will a Republican win Alaska Presidential Election?
0x43ceea255798553d329cead7b49dd493d7deb53899d1fe416e53605340ef43c6,0x7d9e0cae33ad584b7bb7c0d6613234998efddab4,BUY,Yes,76626557395718138549682497346449622033790455953645207983251701172676708683039,0xcec7958225b06aa2464a72d934ddcc9b66bb6f35ad065010496d8db92de412a0,0.9099999998,249.230766,226.79999701015385,1723790151,Will a Republican win Alaska Presidential Election?
0x06e2494f99d6aab2cf0851c8922c5a2a27097922a17199c6fd7942c138484af0,0x7d9e0cae33ad584b7bb7c0d6613234998efddab4,SELL,Yes,76626557395718138549682497346449622033790455953645207983251701172676708683039,0xcec7958225b06aa2464a72d934ddcc9b66bb6f35ad065010496d8db92de412a0,0.9,252,226.8,1723790143,Will a Republican win Alaska Presidential Election?
0x9e009beadb5c8fc66e7597be78089e9b1cb6c614a5ec69df68b33e3886e12dbc,0x7d9e0cae33ad584b7bb7c0d6613234998efddab4,BUY,Yes,76626557395718138549682497346449622033790455953645207983251701172676708683039,0xcec7958225b06aa2464a72d934ddcc9b66bb6f35ad065010496d8db92de412a0,0.91,252.0989,229.409999,1723790127,Will a Republican win Alaska Presidential Election?
0x22fbed9bfa15bc8452cf776e53a72004821bf6c3aed8c953fec0e5155ee1b594,0x7d9e0cae33ad584b7bb7c0d6613234998efddab4,SELL,Yes,76626557395718138549682497346449622033790455953645207983251701172676708683039,0xcec7958225b06aa2464a72d934ddcc9b66bb6f35ad065010496d8db92de412a0,0.9,254.9,229.41,1723790119,Will a Republican win Alaska Presidential Election?
0x24bf2e13ab9474e9314f6996702528ef4eeab9c60738ace2b3485819d286f5bc,0x7d9e0cae33ad584b7bb7c0d6613234998efddab4,BUY,Yes,76626557395718138549682497346449622033790455953645207983251701172676708683039,0xcec7958225b06aa2464a72d934ddcc9b66bb6f35ad065010496d8db92de412a0,0.9099999989,254.901097,231.9599979896088,1723790111,Will a Republican win Alaska Presidential Election?
0xd9776ef3d478e900a9ea024cd9b5716225f8ef8f5f0a10787554d8cbe1399454,0xd30a36b94f23f7d188e45759e613aa2f0e786bba,BUY,Yes,76626557395718138549682497346449622033790455953645207983251701172676708683039,0xcec7958225b06aa2464a72d934ddcc9b66bb6f35ad065010496d8db92de412a0,0.9099999976,272.483515,247.9599979960396,1723787225,Will a Republican win Alaska Presidential Election?
0x9c7743da2b7c492c49a7e9af3db480e67a2f9a22aabbd9ad1e7ac3e6ee3409de,0x3f8502dab9a8abe9e1ab483b5b59eaad9af1d7c1,BUY,Yes,76626557395718138549682497346449622033790455953645207983251701172676708683039,0xcec7958225b06aa2464a72d934ddcc9b66bb6f35ad065010496d8db92de412a0,0.9099995859,2.197801,1.999997999890606,1723774627,Will a Republican win Alaska Presidential Election?
0x39a144b1b0fc09200d80566d796e1fabaf822c94ac985ec8be2e431250c3d2ae,0x4ec4569b813e0e6e808dd99f1e3134664cf86219,SELL,Yes,76626557395718138549682497346449622033790455953645207983251701172676708683039,0xcec7958225b06aa2464a72d934ddcc9b66bb6f35ad065010496d8db92de412a0,0.9068666667,300,272.06000001,1723744389,Will a Republican win Alaska Presidential Election?
0xdcff91e60d1bcd67d332d2d45a2edfb3b1677e70c49629d4c6fa9bfc8c9f8fab,0xb5e143d0b224a23b7afa4be4d85a4c8309499b2a,BUY,No,9646994822693149615303360714935546561049708672550992328943885204944470918778,0xcec7958225b06aa2464a72d934ddcc9b66bb6f35ad065010496d8db92de412a0,0.09,1,0.09,1723744201,Will a Republican win Alaska Presidential Election?
0xc6ec8a0cd75639468167fd61d06d12084e1043b8889769a988f641aa1fd66d1f,0x4ec4569b813e0e6e808dd99f1e3134664cf86219,BUY,No,9646994822693149615303360714935546561049708672550992328943885204944470918778,0xcec7958225b06aa2464a72d934ddcc9b66bb6f35ad065010496d8db92de412a0,0.09,300,27.0,1723744191,Will a Republican win Alaska Presidential Election?
0xdf66d39b50423f9fb9130cdbaba32a5ccb458929bbc41d122c0f5b65e4ea5a22,0xc2c1c5a5835f7a81ccb8fcaef98264ea3aa31fb6,BUY,No,9646994822693149615303360714935546561049708672550992328943885204944470918778,0xcec7958225b06aa2464a72d934ddcc9b66bb6f35ad065010496d8db92de412a0,0.09,33,2.9699999999999998,1723744191,Will a Republican win Alaska Presidential Election?
0xfc0ea97949012e289e38bab4e26a992ae3dce3acb7e118f04cd6d85042ad9678,0x182b2bd1f035abe76eeb2244b32d9ebac27ef022,SELL,No,9646994822693149615303360714935546561049708672550992328943885204944470918778,0xcec7958225b06aa2464a72d934ddcc9b66bb6f35ad065010496d8db92de412a0,0.08,550,44.0,1723742909,Will a Republican win Alaska Presidential Election?
0xaf027199fdc7af92f76f8f6bd92938f139182ab5df579e90758a3d340b6b2be3,0x6b552487d069016a278b1837b0ba4f9f316902f8,BUY,No,9646994822693149615303360714935546561049708672550992328943885204944470918778,0xcec7958225b06aa2464a72d934ddcc9b66bb6f35ad065010496d8db92de412a0,0.09,50,4.5,1723741423,Will a Republican win Alaska Presidential Election?
0x7a5c0c60446dc67c610538dbf9e5bdaa4938f1598c608bf144de251f175b3786,0x8b7e69788fa1145068d0d418c822c6f81d996a9f,BUY,Yes,76626557395718138549682497346449622033790455953645207983251701172676708683039,0xcec7958225b06aa2464a72d934ddcc9b66bb6f35ad065010496d8db92de412a0,0.92,2595.13,2387.5196,1723738533,Will a Republican win Alaska Presidential Election?
0xe40e50a2bc30a79cc21de512521a12cb63646ac70712bed64b00ddcf9ab6280b,0x4d1606b6eda7221b366538830a7a76014488cf41,BUY,Yes,76626557395718138549682497346449622033790455953645207983251701172676708683039,0xcec7958225b06aa2464a72d934ddcc9b66bb6f35ad065010496d8db92de412a0,0.919999919,10.869564,9.999997999565316,1723737941,Will a Republican win Alaska Presidential Election?
0x3993822f1b4ef229135ae03ea09acbc972be55ed45b679b5da1bad9a72d0e52d,0xb1eb239272c1e43c4e200a4d92d8d6c71f4d2f83,SELL,Yes,76626557395718138549682497346449622033790455953645207983251701172676708683039,0xcec7958225b06aa2464a72d934ddcc9b66bb6f35ad065010496d8db92de412a0,0.9,215.91,194.319,1723731333,Will a Republican win Alaska Presidential Election?
0x69c849faa6d51fb8334e3270efff843ca2e6ae5848ef8eb403fdc3aed4f185f4,0x4ffe272753195f556b1fc44f3cc6aafd64f20e55,SELL,Yes,76626557395718138549682497346449622033790455953645207983251701172676708683039,0xcec7958225b06aa2464a72d934ddcc9b66bb6f35ad065010496d8db92de412a0,0.9,0.31,0.279,1723730969,Will a Republican win Alaska Presidential Election?
0x641a709a6a4bb687d6b30f802576b513760a3252e761fa49e340c215fe22d7e8,0x4c47d6f7695a0891423cc76d185f186f52833cff,SELL,Yes,76626557395718138549682497346449622033790455953645207983251701172676708683039,0xcec7958225b06aa2464a72d934ddcc9b66bb6f35ad065010496d8db92de412a0,0.9,1.42,1.278,1723729625,Will a Republican win Alaska Presidential Election?
0x7c11034f4d00a95d6073e0b9a82bdd656ad9cbefd5888791b025881813037257,0xb564e1eb656a253ee5530b3fbe3f21094abedde7,SELL,Yes,76626557395718138549682497346449622033790455953645207983251701172676708683039,0xcec7958225b06aa2464a72d934ddcc9b66bb6f35ad065010496d8db92de412a0,0.9,0.44,0.396,1723726546,Will a Republican win Alaska Presidential Election?
0x57e91317afac55fdd21ba53d88e5f30e3686ac439dd01e858d2bf8572bca6741,0x3cf3e8d5427aed066a7a5926980600f6c3cf87b3,SELL,Yes,76626557395718138549682497346449622033790455953645207983251701172676708683039,0xcec7958225b06aa2464a72d934ddcc9b66bb6f35ad065010496d8db92de412a0,0.91,1256,1142.96,1723716699,Will a Republican win Alaska Presidential Election?
0xeda36962d7f1029256af30d1d84c3491bca5082ed0911f3fe548ed15d1fcb8cf,0xe0cad572f9164b9108d3426e9180a5175cfd5cad,BUY,Yes,76626557395718138549682497346449622033790455953645207983251701172676708683039,0xcec7958225b06aa2464a72d934ddcc9b66bb6f35ad065010496d8db92de412a0,0.9199999999,303.260862,278.9999930096739,1723713931,Will a Republican win Alaska Presidential Election?
0xd9fa9324fd56c76d53bde458b4bdf127e4db2f8c3a3669b7031bc83a29e5f1a0,0xe0cad572f9164b9108d3426e9180a5175cfd5cad,SELL,Yes,76626557395718138549682497346449622033790455953645207983251701172676708683039,0xcec7958225b06aa2464a72d934ddcc9b66bb6f35ad065010496d8db92de412a0,0.9,310.97,279.87300000000005,1723713915,Will a Republican win Alaska Presidential Election?
0xf41c5c9e116c34a8ee32c117f3ef8842410e45da1490dec82229aa51cdba5bec,0xe0cad572f9164b9108d3426e9180a5175cfd5cad,BUY,Yes,76626557395718138549682497346449622033790455953645207983251701172676708683039,0xcec7958225b06aa2464a72d934ddcc9b66bb6f35ad065010496d8db92de412a0,0.92,310.97825,286.09999,1723713905,Will a Republican win Alaska Presidential Election?
0x3a7b50d78213d8e33b5c1268eb8d24bd1d34a2c5b26e0351b8eb2cc0e66594a1,0xe0cad572f9164b9108d3426e9180a5175cfd5cad,SELL,Yes,76626557395718138549682497346449622033790455953645207983251701172676708683039,0xcec7958225b06aa2464a72d934ddcc9b66bb6f35ad065010496d8db92de412a0,0.9,317.88,286.092,1723713899,Will a Republican win Alaska Presidential Election?
0x025f4e4f6718c5d3bd3c4ae8a8bca37978aa877216089b8b12ca1743b43fca41,0xe0cad572f9164b9108d3426e9180a5175cfd5cad,BUY,Yes,76626557395718138549682497346449622033790455953645207983251701172676708683039,0xcec7958225b06aa2464a72d934ddcc9b66bb6f35ad065010496d8db92de412a0,0.9199999999,316.956512,291.59999100830436,1723713891,Will a Republican win Alaska Presidential Election?
0x2ae591f9f0f32da00550b41abb65c0cc73341d07b6349058f6dd9384e0fcc454,0xe0cad572f9164b9108d3426e9180a5175cfd5cad,SELL,Yes,76626557395718138549682497346449622033790455953645207983251701172676708683039,0xcec7958225b06aa2464a72d934ddcc9b66bb6f35ad065010496d8db92de412a0,0.9,324,291.6,1723713885,Will a Republican win Alaska Presidential Election?
0x42b129a30593da05579c545a0877bf7600ae846d4dbc0ca0cc703a387e2c726c,0xe0cad572f9164b9108d3426e9180a5175cfd5cad,BUY,Yes,76626557395718138549682497346449622033790455953645207983251701172676708683039,0xcec7958225b06aa2464a72d934ddcc9b66bb6f35ad065010496d8db92de412a0,0.9199999999,324.923912,298.9299990075076,1723713869,Will a Republican win Alaska Presidential Election?
0x8d7e89d19094044cc2416edd6c3769a67e077c7bc49de623a1c08952d959f907,0xc4086b708cd3a50880b7069add1a1a80000f4675,BUY,No,9646994822693149615303360714935546561049708672550992328943885204944470918778,0xcec7958225b06aa2464a72d934ddcc9b66bb6f35ad065010496d8db92de412a0,0.09,42.37,3.8132999999999995,1723705664,Will a Republican win Alaska Presidential Election?
0xc4d68b74ddf0dd3f1c519bf2d1d41a183e2f5fc3af2d436748d3058f9e3b7f4b,0x4ec4569b813e0e6e808dd99f1e3134664cf86219,BUY,No,9646994822693149615303360714935546561049708672550992328943885204944470918778,0xcec7958225b06aa2464a72d934ddcc9b66bb6f35ad065010496d8db92de412a0,0.09,5,0.44999999999999996,1723705436,Will a Republican win Alaska Presidential Election?
0x383acb22c9518ab27905432783fccf3a954c4ee891afd41bccacbae5b5480913,0xa75cb55885d667de343b241d26268ef45981895e,SELL,Yes,76626557395718138549682497346449622033790455953645207983251701172676708683039,0xcec7958225b06aa2464a72d934ddcc9b66bb6f35ad065010496d8db92de412a0,0.91,1200,1092.0,1723705000,Will a Republican win Alaska Presidential Election?
0x783cf1de1e22a48c760fb9740ff599b5b3106757621971730dd2741a6a03b30a,0x6b7ec4ba079c0a258435ea36025f6190cd424562,SELL,Yes,76626557395718138549682497346449622033790455953645207983251701172676708683039,0xcec7958225b06aa2464a72d934ddcc9b66bb6f35ad065010496d8db92de412a0,0.91,2222.02,2022.0382,1723704996,Will a Republican win Alaska Presidential Election?
0x37f0da9cdaa763d02e8cb510f35c5cb4f0efeb961641a0266d036a30f25a59ba,0x4ec4569b813e0e6e808dd99f1e3134664cf86219,BUY,No,9646994822693149615303360714935546561049708672550992328943885204944470918778,0xcec7958225b06aa2464a72d934ddcc9b66bb6f35ad065010496d8db92de412a0,0.09,300,27.0,1723704642,Will a Republican win Alaska Presidential Election?
0xcaae1adff5369598c0abc73f03049058b19a430947061389e86bba9dde70963e,0xe54400b1cea1f79b75113991a314758bfd5485bb,BUY,Yes,76626557395718138549682497346449622033790455953645207983251701172676708683039,0xcec7958225b06aa2464a72d934ddcc9b66bb6f35ad065010496d8db92de412a0,0.9299999996,136.989242,127.3999950052043,1723704004,Will a Republican win Alaska Presidential Election?
0xf09b6f26d0af3654612b977e283e5b9f42d1c0ca85dac9b33f662eaff86c608f,0xe54400b1cea1f79b75113991a314758bfd5485bb,SELL,Yes,76626557395718138549682497346449622033790455953645207983251701172676708683039,0xcec7958225b06aa2464a72d934ddcc9b66bb6f35ad065010496d8db92de412a0,0.91,140,127.4,1723703994,Will a Republican win Alaska Presidential Election?
0x4dae01b9266bc6e8f63fc8028c42c0c9648df89622bbc665d662b078285f4568,0xe54400b1cea1f79b75113991a314758bfd5485bb,BUY,Yes,76626557395718138549682497346449622033790455953645207983251701172676708683039,0xcec7958225b06aa2464a72d934ddcc9b66bb6f35ad065010496d8db92de412a0,0.92,140.184775,128.96999300000002,1723703978,Will a Republican win Alaska Presidential Election?
0x535729e0ab3dd305639c3d44fd2d5fafec92d075bad87fe4a876951e07127e78,0x2fa843479321e4ed950e8fb706f48af9811fae5c,SELL,Yes,76626557395718138549682497346449622033790455953645207983251701172676708683039,0xcec7958225b06aa2464a72d934ddcc9b66bb6f35ad065010496d8db92de412a0,0.91,0.73,0.6643,1723641745,Will a Republican win Alaska Presidential Election?
0x6748ec953b6eb85a76d93cb83f8dcf85f7911128316d99400cf614e286dee75c,0x630fe5d84bcbb55fa508497835e9324029f22721,SELL,Yes,76626557395718138549682497346449622033790455953645207983251701172676708683039,0xcec7958225b06aa2464a72d934ddcc9b66bb6f35ad065010496d8db92de412a0,0.91,114.86,104.5226,1723640701,Will a Republican win Alaska Presidential Election?
0x8a7b2c8e263f8a5dcad1fba35d48319fb2db2a5df7af29c1ca43a9d04331f85d,0x74e353d4dcd4908ea300d5438bca619b6f70fa39,SELL,Yes,76626557395718138549682497346449622033790455953645207983251701172676708683039,0xcec7958225b06aa2464a72d934ddcc9b66bb6f35ad065010496d8db92de412a0,0.91,195.69,178.0779,1723640347,Will a Republican win Alaska Presidential Election?
0x3009744c45ce641b092ed064f6bb2a43db996cc19480384459c71f7bd17cc3f8,0xacc1d0de4442070d431ddb25b65e83e5374290b9,BUY,Yes,76626557395718138549682497346449622033790455953645207983251701172676708683039,0xcec7958225b06aa2464a72d934ddcc9b66bb6f35ad065010496d8db92de412a0,0.93,118.2473,109.969989,1723624631,Will a Republican win Alaska Presidential Election?
0x6221b7ef540b030ab2f70bea54ff02daca047974c652c410282a3aaa68de658b,0xe630b6bcceba86224390ecaffb8605dd56ec7ce2,BUY,Yes,76626557395718138549682497346449622033790455953645207983251701172676708683039,0xcec7958225b06aa2464a72d934ddcc9b66bb6f35ad065010496d8db92de412a0,0.9299999998,213.333328,198.39999499733332,1723617399,Will a Republican win Alaska Presidential Election?
0x83866ac3db27ccf8657ca3fd8df589e393fb9db31b63b6f7b5ae3bb2ad187686,0xe630b6bcceba86224390ecaffb8605dd56ec7ce2,SELL,Yes,76626557395718138549682497346449622033790455953645207983251701172676708683039,0xcec7958225b06aa2464a72d934ddcc9b66bb6f35ad065010496d8db92de412a0,0.91,217,197.47,1723617387,Will a Republican win Alaska Presidential Election?
0xe10c602d63293e688a4e5fbaf6afc18fee31417f3ae1bbb2d27461f5d053c00e,0xe630b6bcceba86224390ecaffb8605dd56ec7ce2,BUY,Yes,76626557395718138549682497346449622033790455953645207983251701172676708683039,0xcec7958225b06aa2464a72d934ddcc9b66bb6f35ad065010496d8db92de412a0,0.93,217.2043,201.999999,1723617379,Will a Republican win Alaska Presidential Election?
0x97e7540ab7759e6a70255644942c46328563b9ca898dca2f990cbdc72c97fb9e,0xe630b6bcceba86224390ecaffb8605dd56ec7ce2,SELL,Yes,76626557395718138549682497346449622033790455953645207983251701172676708683039,0xcec7958225b06aa2464a72d934ddcc9b66bb6f35ad065010496d8db92de412a0,0.91,223,202.93,1723617359,Will a Republican win Alaska Presidential Election?
0xc073779aa20ccfb7ef0324edd89ac732e5b3175ae02ea8d352a9d86681b4081c,0xe630b6bcceba86224390ecaffb8605dd56ec7ce2,BUY,Yes,76626557395718138549682497346449622033790455953645207983251701172676708683039,0xcec7958225b06aa2464a72d934ddcc9b66bb6f35ad065010496d8db92de412a0,0.9299999997,223.602142,207.94999199291934,1723617345,Will a Republican win Alaska Presidential Election?
0x24069f9ddf73cda5653d4fc128c27d92dc42603433de582648366cc357471331,0x03fa276074bf0cd84bd084566d53d5ec1d71102e,BUY,Yes,76626557395718138549682497346449622033790455953645207983251701172676708683039,0xcec7958225b06aa2464a72d934ddcc9b66bb6f35ad065010496d8db92de412a0,0.93,134.4086,124.99999800000002,1723560623,Will a Republican win Alaska Presidential Election?
0xf7119799fd94d2806362ab4d6e75d7977726d999deb52d705d39cbd35ff08d0c,0x03fa276074bf0cd84bd084566d53d5ec1d71102e,SELL,Yes,76626557395718138549682497346449622033790455953645207983251701172676708683039,0xcec7958225b06aa2464a72d934ddcc9b66bb6f35ad065010496d8db92de412a0,0.91,137,124.67,1723560607,Will a Republican win Alaska Presidential Election?
0x3bedf43b8ec61c4f3ea6ed418da94a90e4eab128d2af6c3c3d9efb7c6ea46a38,0x03fa276074bf0cd84bd084566d53d5ec1d71102e,BUY,Yes,76626557395718138549682497346449622033790455953645207983251701172676708683039,0xcec7958225b06aa2464a72d934ddcc9b66bb6f35ad065010496d8db92de412a0,0.93,137.6344,127.999992,1723560593,Will a Republican win Alaska Presidential Election?
0x0b79f52b7824f77e2d598006d8fa682864ff09ed79eb99119bee06f96fc07f2e,0x03fa276074bf0cd84bd084566d53d5ec1d71102e,SELL,Yes,76626557395718138549682497346449622033790455953645207983251701172676708683039,0xcec7958225b06aa2464a72d934ddcc9b66bb6f35ad065010496d8db92de412a0,0.91,141.42,128.69219999999999,1723560577,Will a Republican win Alaska Presidential Election?
0xe9139b390224a39ad93602bcb7191856db3743a664253a977e4f11572eebf8e0,0x03fa276074bf0cd84bd084566d53d5ec1d71102e,BUY,Yes,76626557395718138549682497346449622033790455953645207983251701172676708683039,0xcec7958225b06aa2464a72d934ddcc9b66bb6f35ad065010496d8db92de412a0,0.9297320799,141.4601,131.519992995862,1723560569,Will a Republican win Alaska Presidential Election?
0x3dcafb53ce7eada908b47f01441b4d10a47edde6c6ae14f14768df66b5c10385,0x03fa276074bf0cd84bd084566d53d5ec1d71102e,SELL,Yes,76626557395718138549682497346449622033790455953645207983251701172676708683039,0xcec7958225b06aa2464a72d934ddcc9b66bb6f35ad065010496d8db92de412a0,0.91,144.53,131.5223,1723560563,Will a Republican win Alaska Presidential Election?
0x6dd5c7850d89ed8ef17d5d1c057faa5b86d6879360aaf3a41d490c3f38c4d21c,0x03fa276074bf0cd84bd084566d53d5ec1d71102e,BUY,Yes,76626557395718138549682497346449622033790455953645207983251701172676708683039,0xcec7958225b06aa2464a72d934ddcc9b66bb6f35ad065010496d8db92de412a0,0.92,144.5326,132.96999200000002,1723560555,Will a Republican win Alaska Presidential Election?
0xbdad58978da8aa8cc0c52095ae401d3b77c7b6b1a7bae18a8ec8131eff32a336,0x1b5e61e6338d13478cd40b3299d6c116366207b6,BUY,Yes,76626557395718138549682497346449622033790455953645207983251701172676708683039,0xcec7958225b06aa2464a72d934ddcc9b66bb6f35ad065010496d8db92de412a0,0.9199999997,124.967387,114.96999600250979,1723549441,Will a Republican win Alaska Presidential Election?
0x98e599fcdf61c70c4f31dd98a3051a96b6ca4bab72094aaffa508cb5424918d8,0x82ce5163938f5c53949bb6d2e79183e2c868745f,SELL,Yes,76626557395718138549682497346449622033790455953645207983251701172676708683039,0xcec7958225b06aa2464a72d934ddcc9b66bb6f35ad065010496d8db92de412a0,0.91,201.04,182.9464,1723541349,Will a Republican win Alaska Presidential Election?
0x8189a60ed6821d3b432d8a790ac7fcaac514a900568a1202e984b9a5ae47024b,0xf8436cb8c91b1aab99a628a42a74f71be8e2024f,SELL,Yes,76626557395718138549682497346449622033790455953645207983251701172676708683039,0xcec7958225b06aa2464a72d934ddcc9b66bb6f35ad065010496d8db92de412a0,0.91,0.93,0.8463,1723540809,Will a Republican win Alaska Presidential Election?
0x8535a93c6b9cc9cb5ad2516ac7456c431ae44ee3024c3cb9e28747a96b73196b,0x9c019f1fbe0957de7488c959393b3e6e97dbecd3,SELL,Yes,76626557395718138549682497346449622033790455953645207983251701172676708683039,0xcec7958225b06aa2464a72d934ddcc9b66bb6f35ad065010496d8db92de412a0,0.91,306.4,278.824,1723540519,Will a Republican win Alaska Presidential Election?
0x53633b647c7ec156b91d1f42f4184ce377d0c6d2c2477e354a02bae176767236,0x6356fb47642a028bc09df92023c35a21a0b41885,SELL,No,9646994822693149615303360714935546561049708672550992328943885204944470918778,0xcec7958225b06aa2464a72d934ddcc9b66bb6f35ad065010496d8db92de412a0,0.08,113.85,9.108,1723539601,Will a Republican win Alaska Presidential Election?
0xfe28f7877eb8f532b35dd0d0efa9e306d9b89f227994dd9fed34c34377139408,0x4651041baa3a84540d5897b06f4f3e10f6cb851e,SELL,Yes,76626557395718138549682497346449622033790455953645207983251701172676708683039,0xcec7958225b06aa2464a72d934ddcc9b66bb6f35ad065010496d8db92de412a0,0.91,219.09,199.3719,1723535973,Will a Republican win Alaska Presidential Election?
0x48c39d639e412977fffab7106c0ee8d366fa58b18610fdf748f360723c8904c0,0x90664bd23c5d2ce9a0d350cf2c1d641bc8ce6bab,SELL,Yes,76626557395718138549682497346449622033790455953645207983251701172676708683039,0xcec7958225b06aa2464a72d934ddcc9b66bb6f35ad065010496d8db92de412a0,0.91,5.37,4.8867,1723471137,Will a Republican win Alaska Presidential Election?
0x73d3950c9ddac57eb4097f0f898daf104e381d5cbbc7eea69eac09fda65cb321,0x76e42159099c3f14f796a519c2e007317644d2bd,BUY,Yes,76626557395718138549682497346449622033790455953645207983251701172676708683039,0xcec7958225b06aa2464a72d934ddcc9b66bb6f35ad065010496d8db92de412a0,0.9299999998,136.526871,126.96999000269463,1723453219,Will a Republican win Alaska Presidential Election?
0x325a93f44bf677df8c46c78ecf924e407afd8c0ba574d8260894610b450eb8f9,0x6989c8968d81142956e9bf1a066f61439dc6a4a8,BUY,Yes,76626557395718138549682497346449622033790455953645207983251701172676708683039,0xcec7958225b06aa2464a72d934ddcc9b66bb6f35ad065010496d8db92de412a0,0.9299999998,266.623642,247.9599870066753,1723445405,Will a Republican win Alaska Presidential Election?
0x5f119a29d834587961628c807afe2ea4ee3ddf2c1635952c7e3cd3d9331b1882,0x9e5119acf4493a6d33ec4034bbf3f37dcc637538,BUY,Yes,76626557395718138549682497346449622033790455953645207983251701172676708683039,0xcec7958225b06aa2464a72d934ddcc9b66bb6f35ad065010496d8db92de412a0,0.9299999953,10.752685,9.99999699946238,1723442793,Will a Republican win Alaska Presidential Election?
0x3176eb5791ebedaa768dcaa995fb470a4b3cff8e16872d5666e5b7cb6e35d54e,0x9e5119acf4493a6d33ec4034bbf3f37dcc637538,BUY,Yes,76626557395718138549682497346449622033790455953645207983251701172676708683039,0xcec7958225b06aa2464a72d934ddcc9b66bb6f35ad065010496d8db92de412a0,0.929999993,4.301071,3.999995999892503,1723442779,Will a Republican win Alaska Presidential Election?
0x9da5db405ab359e5388331d01195ab31eed8f1ee9a7f693b1e20aadc92fdbcb9,0x955cf007e43eede5faab1e083f8a8472d57e4b74,SELL,Yes,76626557395718138549682497346449622033790455953645207983251701172676708683039,0xcec7958225b06aa2464a72d934ddcc9b66bb6f35ad065010496d8db92de412a0,0.911061008,282.75,257.602500012,1723440949,Will a Republican win Alaska Presidential Election?
0x38a1875788fc1d3c9f3bdf0b1e9e88cf4d0709f5ce906518353f517a0f16c480,0x9e5119acf4493a6d33ec4034bbf3f37dcc637538,BUY,Yes,76626557395718138549682497346449622033790455953645207983251701172676708683039,0xcec7958225b06aa2464a72d934ddcc9b66bb6f35ad065010496d8db92de412a0,0.93,3.2258,2.999994,1723420321,Will a Republican win Alaska Presidential Election?
0xd74121aa19510399c293880a4c775f35257fbf88220b46aee121ae5a8270b8c8,0x9e5119acf4493a6d33ec4034bbf3f37dcc637538,BUY,Yes,76626557395718138549682497346449622033790455953645207983251701172676708683039,0xcec7958225b06aa2464a72d934ddcc9b66bb6f35ad065010496d8db92de412a0,0.93,3.2258,2.999994,1723412601,Will a Republican win Alaska Presidential Election?
0x13afa5720cdfd46cceb5a42261c4e4df360eef0ac77acd9382f6d41ae2e73bb2,0x9e5119acf4493a6d33ec4034bbf3f37dcc637538,BUY,Yes,76626557395718138549682497346449622033790455953645207983251701172676708683039,0xcec7958225b06aa2464a72d934ddcc9b66bb6f35ad065010496d8db92de412a0,0.9299999953,10.752685,9.99999699946238,1723411465,Will a Republican win Alaska Presidential Election?
0xfe8aa24aeae3e60ce0182b0635ab551140ce2786ed39b1a12cf9ffc8ae22c0ac,0x469d7e39e32bec2cf996bcd76a49df66a58c370b,SELL,Yes,76626557395718138549682497346449622033790455953645207983251701172676708683039,0xcec7958225b06aa2464a72d934ddcc9b66bb6f35ad065010496d8db92de412a0,0.913931732,126.56,115.66720000192001,1723387290,Will a Republican win Alaska Presidential Election?
0x28eb488858a8c4c22986700afca499ae6e2c9d3ede6d29d9b4dcbbce661f3b78,0x9e5119acf4493a6d33ec4034bbf3f37dcc637538,BUY,Yes,76626557395718138549682497346449622033790455953645207983251701172676708683039,0xcec7958225b06aa2464a72d934ddcc9b66bb6f35ad065010496d8db92de412a0,0.93,3.2258,2.999994,1723386610,Will a Republican win Alaska Presidential Election?
0x3621fb5ce7bed343162486e4dbb6968a0abc887324bcd867699a97a84b59e52e,0xaf4076041eeb2d49fc62dd4827f043c5c3ec1fcb,SELL,Yes,76626557395718138549682497346449622033790455953645207983251701172676708683039,0xcec7958225b06aa2464a72d934ddcc9b66bb6f35ad065010496d8db92de412a0,0.92,439.73,404.5516,1723385864,Will a Republican win Alaska Presidential Election?
0x66b1a1aedddbb8f2bfe10b112bb0672e97cf0af6181fbba210465460c5c74707,0x36b66d28ba5c2cc9c7200c540d514a3eb2936ffa,SELL,Yes,76626557395718138549682497346449622033790455953645207983251701172676708683039,0xcec7958225b06aa2464a72d934ddcc9b66bb6f35ad065010496d8db92de412a0,0.92,86.14,79.2488,1723377379,Will a Republican win Alaska Presidential Election?
0x6c820786427612abaa5f2ed50d63b5bce4088c7edc45fcceaf48162c12c48588,0xb931734f8b85e0016f22beaf0e9a24e8565b7d01,SELL,Yes,76626557395718138549682497346449622033790455953645207983251701172676708683039,0xcec7958225b06aa2464a72d934ddcc9b66bb6f35ad065010496d8db92de412a0,0.92,158.46,145.78320000000002,1723375625,Will a Republican win Alaska Presidential Election?
0x6420f5237a42e10aa48d8b6213f0a8abe3b54554222059447db6c8aae19b5c7d,0x3c36fbe99d7dc0d34445481a3116177dac10c27a,SELL,Yes,76626557395718138549682497346449622033790455953645207983251701172676708683039,0xcec7958225b06aa2464a72d934ddcc9b66bb6f35ad065010496d8db92de412a0,0.92,118.45,108.974,1723374829,Will a Republican win Alaska Presidential Election?
0x5ac71d33df4bd22f239b4e84cde6a87ef46f5fad9e8a586d561931e7ed26cc51,0x226904d01858f3c566fefbbe5817ab93726eabff,SELL,Yes,76626557395718138549682497346449622033790455953645207983251701172676708683039,0xcec7958225b06aa2464a72d934ddcc9b66bb6f35ad065010496d8db92de412a0,0.92,91.46,84.1432,1723365613,Will a Republican win Alaska Presidential Election?
0xa8f6e8cda8a201f1bc24c0f114b50c1b9049b626f3e637d631de039e87352cfb,0x9e5119acf4493a6d33ec4034bbf3f37dcc637538,BUY,Yes,76626557395718138549682497346449622033790455953645207983251701172676708683039,0xcec7958225b06aa2464a72d934ddcc9b66bb6f35ad065010496d8db92de412a0,0.9299999888,5.376342,4.99999799978497,1723357077,Will a Republican win Alaska Presidential Election?
0x2b25ee1b712929930b4686f7066f6436ccde23db93248b993cf773381c65541e,0x9e5119acf4493a6d33ec4034bbf3f37dcc637538,BUY,Yes,76626557395718138549682497346449622033790455953645207983251701172676708683039,0xcec7958225b06aa2464a72d934ddcc9b66bb6f35ad065010496d8db92de412a0,0.9299999888,5.376342,4.99999799978497,1723356065,Will a Republican win Alaska Presidential Election?
0x66b0d11f9c6e3167196b032db3329186ee1b68676ee6786c211192a9b45912f6,0x9e5119acf4493a6d33ec4034bbf3f37dcc637538,BUY,Yes,76626557395718138549682497346449622033790455953645207983251701172676708683039,0xcec7958225b06aa2464a72d934ddcc9b66bb6f35ad065010496d8db92de412a0,0.9299999907,1.075257,0.9999890000001097,1723327211,Will a Republican win Alaska Presidential Election?
0x947af19e9d500cd75ea306bd67b810e72a80c238260667cbe1c0c080143440ea,0x9e5119acf4493a6d33ec4034bbf3f37dcc637538,BUY,Yes,76626557395718138549682497346449622033790455953645207983251701172676708683039,0xcec7958225b06aa2464a72d934ddcc9b66bb6f35ad065010496d8db92de412a0,0.9299999907,1.075257,0.9999890000001097,1723326851,Will a Republican win Alaska Presidential Election?
0xeea6cdec8a62571e7456e909d2203fe4e4b2fb7c4e851a2cd2797c53c9cfaf8d,0x9e5119acf4493a6d33ec4034bbf3f37dcc637538,BUY,Yes,76626557395718138549682497346449622033790455953645207983251701172676708683039,0xcec7958225b06aa2464a72d934ddcc9b66bb6f35ad065010496d8db92de412a0,0.9299999814,2.150528,1.999991000000179,1723312874,Will a Republican win Alaska Presidential Election?
0xfc6dbd57a158f2d3feb361b1f53ee2ffab69b5407625117592e55987ed9bad09,0x182b2bd1f035abe76eeb2244b32d9ebac27ef022,SELL,No,9646994822693149615303360714935546561049708672550992328943885204944470918778,0xcec7958225b06aa2464a72d934ddcc9b66bb6f35ad065010496d8db92de412a0,0.07,490.34,34.3238,1723307803,Will a Republican win Alaska Presidential Election?
0x2138493328c28d24bfcd84b9da089f6ecffccbadc878c78fd36419b6c7f58c8a,0xf6129c47f5ef4cab25f3aa67b5e3aaac77b15700,SELL,No,9646994822693149615303360714935546561049708672550992328943885204944470918778,0xcec7958225b06aa2464a72d934ddcc9b66bb6f35ad065010496d8db92de412a0,0.08,990.34,79.22720000000001,1723307311,Will a Republican win Alaska Presidential Election?
0x12fb14b6777c30fd3ca4f5381c7a8cc1cef300432d466f185db211ae57ec82c0,0xd689d92b41f07a034a44e043eff7fbe5e3ed3b87,SELL,Yes,76626557395718138549682497346449622033790455953645207983251701172676708683039,0xcec7958225b06aa2464a72d934ddcc9b66bb6f35ad065010496d8db92de412a0,0.91,393.49,358.07590000000005,1723299705,Will a Republican win Alaska Presidential Election?
0xfd1d30cfbd0c6fd6dfbd79b4bc27bba13b40da326d24908104d3a63f72235eb0,0x874d14b2da5d2142a2f837da41367d278e686adc,SELL,Yes,76626557395718138549682497346449622033790455953645207983251701172676708683039,0xcec7958225b06aa2464a72d934ddcc9b66bb6f35ad065010496d8db92de412a0,0.91,0.93,0.8463,1723299425,Will a Republican win Alaska Presidential Election?
0x61b926e558caccc21ca813b52fd94c1e877f13d9ab5c0f020b058acf8b553550,0x1b2356a209be13484f737c4bbdbff87649885b37,SELL,Yes,76626557395718138549682497346449622033790455953645207983251701172676708683039,0xcec7958225b06aa2464a72d934ddcc9b66bb6f35ad065010496d8db92de412a0,0.91,123.37,112.26670000000001,1723278562,Will a Republican win Alaska Presidential Election?
0x315d72101ecb321b1373875e7ba50195890c9ce5a84c19acb77fcf5a2d7898c8,0xbf1e6b6eae3c2bf5e85a08eb51cc48c35f02c5cc,BUY,Yes,76626557395718138549682497346449622033790455953645207983251701172676708683039,0xcec7958225b06aa2464a72d934ddcc9b66bb6f35ad065010496d8db92de412a0,0.92999969,0.032257,0.02999900000033,1723278390,Will a Republican win Alaska Presidential Election?
0x4a09db549988d340315c78fdb5e5834cc1a132e3938fc25e04d29de62928b7c5,0x9967560a0251d56b5cead08890e9afa7f7e3af3e,SELL,Yes,76626557395718138549682497346449622033790455953645207983251701172676708683039,0xcec7958225b06aa2464a72d934ddcc9b66bb6f35ad065010496d8db92de412a0,0.91,136.12,123.8692,1723278240,Will a Republican win Alaska Presidential Election?
0x3a18e172a423a7bc7bee069a3ddb7cf5c07e68e0c303ae604f5025f90ecf18a9,0x3ec48822be3bbf9b5e178a57b30a4ac87aa50a6c,SELL,Yes,76626557395718138549682497346449622033790455953645207983251701172676708683039,0xcec7958225b06aa2464a72d934ddcc9b66bb6f35ad065010496d8db92de412a0,0.91,148.89,135.4899,1723276121,Will a Republican win Alaska Presidential Election?
0x4a25722f9b472b8633bc94bcc78b9a8931d3faac93fa7ce7727a3a63835222ad,0xf613424f261f9ebfbfbde5aa60ef790ebb37e910,SELL,Yes,76626557395718138549682497346449622033790455953645207983251701172676708683039,0xcec7958225b06aa2464a72d934ddcc9b66bb6f35ad065010496d8db92de412a0,0.91,194.63,177.1133,1723275843,Will a Republican win Alaska Presidential Election?
0x6193ff691c3512ff9bfa858b04e84a901710fc6d5587ecfbad2fde9a3adbfc58,0x57f9437d8b50bf9559aad370134cd9cc560fea33,SELL,Yes,76626557395718138549682497346449622033790455953645207983251701172676708683039,0xcec7958225b06aa2464a72d934ddcc9b66bb6f35ad065010496d8db92de412a0,0.91,142.52,129.69320000000002,1723219205,Will a Republican win Alaska Presidential Election?
0x8b4cb882d6d502e3e41bae4c812d1f90517f3c4e541007d157c8622cc41dd358,0x7e76fee9815aa75bcfda23f353f06b0c71d33d80,SELL,Yes,76626557395718138549682497346449622033790455953645207983251701172676708683039,0xcec7958225b06aa2464a72d934ddcc9b66bb6f35ad065010496d8db92de412a0,0.91,145.7,132.587,1723216965,Will a Republican win Alaska Presidential Election?
0xf81293f04d3246a593f79e301b68bdf89917f23ec3c78dc3ffe5c4f05eab0553,0x69a903d11ad641a9383cc81e5696daecb1426110,SELL,Yes,76626557395718138549682497346449622033790455953645207983251701172676708683039,0xcec7958225b06aa2464a72d934ddcc9b66bb6f35ad065010496d8db92de412a0,0.91,86,78.26,1723208700,Will a Republican win Alaska Presidential Election?
0xb8d6978a91d8822dfa4ab0cfce1790f27ec7347cccea833e8b4acc7d0d6e1048,0xa8d6075b36f6f8582c37ad4e350c8a82fbcc6b78,SELL,Yes,76626557395718138549682497346449622033790455953645207983251701172676708683039,0xcec7958225b06aa2464a72d934ddcc9b66bb6f35ad065010496d8db92de412a0,0.9184300374,104.27,95.764699999698,1723208080,Will a Republican win Alaska Presidential Election?
0x5e743e442fa928210e27aa8805e6d48d73c769a5e636ff6315d6b6b89af39908,0x9896b9c5f41a09920e0d1e7ad2c968222e8bcee6,SELL,Yes,76626557395718138549682497346449622033790455953645207983251701172676708683039,0xcec7958225b06aa2464a72d934ddcc9b66bb6f35ad065010496d8db92de412a0,0.92,278,255.76000000000002,1723202615,Will a Republican win Alaska Presidential Election?
0x0d7d47a58a685dcad10b7d63f09545d2fa704acd14e7446825d8631e615da912,0x9896b9c5f41a09920e0d1e7ad2c968222e8bcee6,BUY,Yes,76626557395718138549682497346449622033790455953645207983251701172676708683039,0xcec7958225b06aa2464a72d934ddcc9b66bb6f35ad065010496d8db92de412a0,0.9336093069,279.8601,261.2799939899647,1723202607,Will a Republican win Alaska Presidential Election?
0x03c97718e8f9e7cfa3aad4394d6b1352c6e43aaa04ca40d3a6a434734060a8f9,0x9896b9c5f41a09920e0d1e7ad2c968222e8bcee6,SELL,Yes,76626557395718138549682497346449622033790455953645207983251701172676708683039,0xcec7958225b06aa2464a72d934ddcc9b66bb6f35ad065010496d8db92de412a0,0.92,284,261.28000000000003,1723202599,Will a Republican win Alaska Presidential Election?
0x1bbd5274f5b9636710ac4701c49f1c134b4a1d33b19b91ae46181fe981be9e61,0x9896b9c5f41a09920e0d1e7ad2c968222e8bcee6,BUY,Yes,76626557395718138549682497346449622033790455953645207983251701172676708683039,0xcec7958225b06aa2464a72d934ddcc9b66bb6f35ad065010496d8db92de412a0,0.9299999999,284.903214,264.9599889915097,1723202589,Will a Republican win Alaska Presidential Election?
0x83899f86eb8049a581e568dd2e751fb330c73754a4fd254ce262b9d82e8a8fe0,0xec26c71fb5a4bd84f22d9a4abe8e51c311a8b318,BUY,Yes,76626557395718138549682497346449622033790455953645207983251701172676708683039,0xcec7958225b06aa2464a72d934ddcc9b66bb6f35ad065010496d8db92de412a0,0.93,273.053757,253.93999401000002,1723197708,Will a Republican win Alaska Presidential Election?
0x23c142d3d2762f3deeb4ba73b8c26e6f22ac82078326e57c72081c898214cc25,0x62c3b1854bd5454629349cc6e8285879edfdb47a,BUY,Yes,76626557395718138549682497346449622033790455953645207983251701172676708683039,0xcec7958225b06aa2464a72d934ddcc9b66bb6f35ad065010496d8db92de412a0,0.93,1612.903214,1499.99998902,1723196056,Will a Republican win Alaska Presidential Election?
0xeed792f1d8d3eb4bbd18e9b9b5fe7d8fee7c8c18059fa40e63c25e12baf3c137,0xef12897e44f8123b2cffb6c4f1c83523b273c850,BUY,Yes,76626557395718138549682497346449622033790455953645207983251701172676708683039,0xcec7958225b06aa2464a72d934ddcc9b66bb6f35ad065010496d8db92de412a0,0.9299999975,261.225805,242.93999799693546,1723190786,Will a Republican win Alaska Presidential Election?
0x6825e6686d1478a06f3838bd406752e1c9e1ba41f17f2250b012ad43acd14e7b,0x6e310b73fcea6243c34d87601281507c0cef8f84,SELL,Yes,76626557395718138549682497346449622033790455953645207983251701172676708683039,0xcec7958225b06aa2464a72d934ddcc9b66bb6f35ad065010496d8db92de412a0,0.91,115.92,105.4872,1723131514,Will a Republican win Alaska Presidential Election?
0x3e524c190c17b3fc8c8bed2d0cd5a3e87ae3181326e6c0dcc61010e835ecdeb1,0xfe605cd49ecf72cf75544f7ce5d319ae3ae170ce,SELL,Yes,76626557395718138549682497346449622033790455953645207983251701172676708683039,0xcec7958225b06aa2464a72d934ddcc9b66bb6f35ad065010496d8db92de412a0,0.91,94.65,86.1315,1723130446,Will a Republican win Alaska Presidential Election?
0x3586e817656b1d41957133ead875a01da3fa3b917e1200e118d072bc19e19e91,0x512be3ba9fef4a52f033ea546f1e33982a3514a2,BUY,Yes,76626557395718138549682497346449622033790455953645207983251701172676708683039,0xcec7958225b06aa2464a72d934ddcc9b66bb6f35ad065010496d8db92de412a0,0.929999999,280.591396,260.9499979994086,1723127536,Will a Republican win Alaska Presidential Election?
0x1c21446b9ce3c565c256b689b9e6b2d3d3e16cc06d4c179c419546fe67607164,0x5040654598875bde3d9931d547474f1883cafbfc,SELL,Yes,76626557395718138549682497346449622033790455953645207983251701172676708683039,0xcec7958225b06aa2464a72d934ddcc9b66bb6f35ad065010496d8db92de412a0,0.91,126.56,115.1696,1723120683,Will a Republican win Alaska Presidential Election?
0x2172794b53ad6347282bddc4b60428f48f6a8d28a55b8fd3796b1ac2b0379aa2,0x1c87e8489d97746599054cd1f196627dc0e31f80,SELL,Yes,76626557395718138549682497346449622033790455953645207983251701172676708683039,0xcec7958225b06aa2464a72d934ddcc9b66bb6f35ad065010496d8db92de412a0,0.91,107.41,97.7431,1723120279,Will a Republican win Alaska Presidential Election?
0x594d7cea8841f26002ea61bd021c917202f71fde4a8deb0266c5ef0d91559e18,0x0ca3f34c18815a2343b9b8585b8121b2c9a67a0b,SELL,Yes,76626557395718138549682497346449622033790455953645207983251701172676708683039,0xcec7958225b06aa2464a72d934ddcc9b66bb6f35ad065010496d8db92de412a0,0.91,108.47,98.7077,1723116443,Will a Republican win Alaska Presidential Election?
0xe8f55bad66ad048e065c76c189401ee079a49c01f9d4eb5952ede46895f0efee,0x0490c645634331bb42b1415daeafb0902c4323db,SELL,Yes,76626557395718138549682497346449622033790455953645207983251701172676708683039,0xcec7958225b06aa2464a72d934ddcc9b66bb6f35ad065010496d8db92de412a0,0.91,108.47,98.7077,1723114881,Will a Republican win Alaska Presidential Election?
0x03ffdd2239bc59409afdfdf57288e759480c2bdd7a7eccb52acfc9396fea00b6,0x2003c06102793c4927d009570f5fcac4eff3950a,SELL,Yes,76626557395718138549682497346449622033790455953645207983251701172676708683039,0xcec7958225b06aa2464a72d934ddcc9b66bb6f35ad065010496d8db92de412a0,0.91,306,278.46000000000004,1723108035,Will a Republican win Alaska Presidential Election?
0x75975fb1b6db9b81dfc8511a2aa54c6b14efac47f7d6202df28f5993956864c5,0x2003c06102793c4927d009570f5fcac4eff3950a,BUY,Yes,76626557395718138549682497346449622033790455953645207983251701172676708683039,0xcec7958225b06aa2464a72d934ddcc9b66bb6f35ad065010496d8db92de412a0,0.9299999983,305.290321,283.91999801100644,1723108025,Will a Republican win Alaska Presidential Election?
0x6addef5ca0f744cabbaabc9e146af953c93d2089a12995f4f3cd44b8ed5bf20b,0x2003c06102793c4927d009570f5fcac4eff3950a,SELL,Yes,76626557395718138549682497346449622033790455953645207983251701172676708683039,0xcec7958225b06aa2464a72d934ddcc9b66bb6f35ad065010496d8db92de412a0,0.91,312,283.92,1723108017,Will a Republican win Alaska Presidential Election?
0x65e284af564c2990c055565ca10fd600f625f85b470f91624711a18e6d7bd8e4,0x2003c06102793c4927d009570f5fcac4eff3950a,BUY,Yes,76626557395718138549682497346449622033790455953645207983251701172676708683039,0xcec7958225b06aa2464a72d934ddcc9b66bb6f35ad065010496d8db92de412a0,0.9299999999,312.860214,290.959998988714,1723108007,Will a Republican win Alaska Presidential Election?
0x6ac0d8e39a93fe63b6025d62b17135b19c28822325e5c1834fd7f8ccb0778381,0xaee4d99bf79be5e024f811676e09d0e863d74f79,SELL,Yes,76626557395718138549682497346449622033790455953645207983251701172676708683039,0xcec7958225b06aa2464a72d934ddcc9b66bb6f35ad065010496d8db92de412a0,0.91,195,177.45000000000002,1723102215,Will a Republican win Alaska Presidential Election?
0xcb2259aa92555b204008de0425a31dfb2986d73347c1901a681289e50febf64a,0xaee4d99bf79be5e024f811676e09d0e863d74f79,BUY,Yes,76626557395718138549682497346449622033790455953645207983251701172676708683039,0xcec7958225b06aa2464a72d934ddcc9b66bb6f35ad065010496d8db92de412a0,0.9299999998,194.720428,181.08999800105593,1723102205,Will a Republican win Alaska Presidential Election?
0xb8c6c3034c39f1763954af4b77cd6b96d2bbb280b04eda16cd4fca76ef4c563d,0xaee4d99bf79be5e024f811676e09d0e863d74f79,SELL,Yes,76626557395718138549682497346449622033790455953645207983251701172676708683039,0xcec7958225b06aa2464a72d934ddcc9b66bb6f35ad065010496d8db92de412a0,0.91,199,181.09,1723102197,Will a Republican win Alaska Presidential Election?
0x7bc1f398e7cae4348fc932bfa4fcda9b29f95739192f4fd42f18343e0104fdd1,0xaee4d99bf79be5e024f811676e09d0e863d74f79,BUY,Yes,76626557395718138549682497346449622033790455953645207983251701172676708683039,0xcec7958225b06aa2464a72d934ddcc9b66bb6f35ad065010496d8db92de412a0,0.9210853121,201.913971,185.97999299588534,1723102189,Will a Republican win Alaska Presidential Election?
0x37c2c8eaa4ab5cb09ffbc2672d13e0de9b58f95aaf1fca433a39db2ce9bdc13d,0x66beb6c9aae3700511ca25d66b46501ed027744a,BUY,No,9646994822693149615303360714935546561049708672550992328943885204944470918778,0xcec7958225b06aa2464a72d934ddcc9b66bb6f35ad065010496d8db92de412a0,0.09,150,13.5,1723062806,Will a Republican win Alaska Presidential Election?
0x3886de0f93c1aae04751472edddbb0c2ffb45270a06dc191e325aacf8b2e4d40,0x66beb6c9aae3700511ca25d66b46501ed027744a,BUY,No,9646994822693149615303360714935546561049708672550992328943885204944470918778,0xcec7958225b06aa2464a72d934ddcc9b66bb6f35ad065010496d8db92de412a0,0.08,200,16.0,1723048730,Will a Republican win Alaska Presidential Election?
0x139c3ab31fab72ed8952a3d118f476a3ee46a78b83afe9a05368eb043c179fb4,0xe45c86a67c392e93d01556050cad14a2bfbdfb69,BUY,Yes,76626557395718138549682497346449622033790455953645207983251701172676708683039,0xcec7958225b06aa2464a72d934ddcc9b66bb6f35ad065010496d8db92de412a0,0.9299999907,1.075257,0.9999890000001097,1723024718,Will a Republican win Alaska Presidential Election?
0xbc6a4e51d8b6b9d573f9b0b5e4f5b94b5705771d9fd9e1d807894e87f4411ff9,0xbd77be9bdcb8b964adcd8f9231abde5886e28d1f,BUY,Yes,76626557395718138549682497346449622033790455953645207983251701172676708683039,0xcec7958225b06aa2464a72d934ddcc9b66bb6f35ad065010496d8db92de412a0,0.9299999907,1.075257,0.9999890000001097,1723018150,Will a Republican win Alaska Presidential Election?
0x6cb8dbde60297b99c477dcfaa9962722a816747a35b0f7a8a6a39b39eb8802e0,0x5c9fe7102193510e2710ee1e52ce781452485da3,BUY,Yes,76626557395718138549682497346449622033790455953645207983251701172676708683039,0xcec7958225b06aa2464a72d934ddcc9b66bb6f35ad065010496d8db92de412a0,0.9299999922,1.279557,1.1899880000194554,1723000395,Will a Republican win Alaska Presidential Election?
0x65ee22a6d99c4f11e4c5f8d5e7fe5520518a48f5006eb4b67bdb10c7e2ad9073,0x375f02fbbc88bc337e968edef2dd1e9e986c60a9,SELL,Yes,76626557395718138549682497346449622033790455953645207983251701172676708683039,0xcec7958225b06aa2464a72d934ddcc9b66bb6f35ad065010496d8db92de412a0,0.9,127.92,115.128,1722951014,Will a Republican win Alaska Presidential Election?
0xc9181fdfa82b4e417bac12c87a799aa5f60b2c922f340f401c39c1adace89c6e,0x6239797f415be00d709d5ad4eac5da72a5f5e997,SELL,Yes,76626557395718138549682497346449622033790455953645207983251701172676708683039,0xcec7958225b06aa2464a72d934ddcc9b66bb6f35ad065010496d8db92de412a0,0.9020503675,92.52,83.4577000011,1722947322,Will a Republican win Alaska Presidential Election?
0x0aa191962bcd6b40a4349dc158f0b79c7b7ca612daf3d1520997932b91da3c9f,0xf7fbe05ee7f52f66c27115880b741d7102fdc090,SELL,Yes,76626557395718138549682497346449622033790455953645207983251701172676708683039,0xcec7958225b06aa2464a72d934ddcc9b66bb6f35ad065010496d8db92de412a0,0.91,166.62,151.6242,1722946058,Will a Republican win Alaska Presidential Election?
0x5b55c3c549b71eb2ba2505dd1f4835f572d48319bb2ab06dc435276dd08af100,0xe0c81cfa606abbc6c4186e68915f7f03e3fe03f4,BUY,Yes,76626557395718138549682497346449622033790455953645207983251701172676708683039,0xcec7958225b06aa2464a72d934ddcc9b66bb6f35ad065010496d8db92de412a0,0.9299999998,285.978485,265.9599909928043,1722943520,Will a Republican win Alaska Presidential Election?
0xdcc843c00b39d023bba41245bb9b9f1ec45ac62d0ed3a8ee2851fd782b2c7756,0x4c47d6f7695a0891423cc76d185f186f52833cff,SELL,Yes,76626557395718138549682497346449622033790455953645207983251701172676708683039,0xcec7958225b06aa2464a72d934ddcc9b66bb6f35ad065010496d8db92de412a0,0.91,176,160.16,1722940818,Will a Republican win Alaska Presidential Election?
0x55094b28161748d545fd74e3f02b57a5b0c9b2f00495000caf8c66c88f3a5967,0x4c47d6f7695a0891423cc76d185f186f52833cff,BUY,Yes,76626557395718138549682497346449622033790455953645207983251701172676708683039,0xcec7958225b06aa2464a72d934ddcc9b66bb6f35ad065010496d8db92de412a0,0.9299999998,176.129028,163.79999600477421,1722940808,Will a Republican win Alaska Presidential Election?
0x59e5095ed81077eb86089851018fb68be86a0fc9b0d2aaec428e75440fc7b8b7,0x4c47d6f7695a0891423cc76d185f186f52833cff,SELL,Yes,76626557395718138549682497346449622033790455953645207983251701172676708683039,0xcec7958225b06aa2464a72d934ddcc9b66bb6f35ad065010496d8db92de412a0,0.91,180,163.8,1722940802,Will a Republican win Alaska Presidential Election?
0x85e81c58f907a27f0d7dc98985c03e4153694ffc03d13fec037c3b1bb0787ee1,0x4c47d6f7695a0891423cc76d185f186f52833cff,BUY,Yes,76626557395718138549682497346449622033790455953645207983251701172676708683039,0xcec7958225b06aa2464a72d934ddcc9b66bb6f35ad065010496d8db92de412a0,0.9265674307,181.292785,167.9799900018975,1722940790,Will a Republican win Alaska Presidential Election?
0xcacfea641f43dae942135f3c45b3d498c5672dc172739ae05f12472199bace5f,0xff8573e5c80b0a21dee99e84561dda58c5015eea,SELL,Yes,76626557395718138549682497346449622033790455953645207983251701172676708683039,0xcec7958225b06aa2464a72d934ddcc9b66bb6f35ad065010496d8db92de412a0,0.91,1.06,0.9646000000000001,1722936832,Will a Republican win Alaska Presidential Election?
0x30c73f13e977ba59abd1550711ddb3393ca026456acbf55d656c4b66c021911a,0x4de97e1988c522ca91122577d667d9487edcc755,SELL,Yes,76626557395718138549682497346449622033790455953645207983251701172676708683039,0xcec7958225b06aa2464a72d934ddcc9b66bb6f35ad065010496d8db92de412a0,0.91,141.89,129.1199,1722931657,Will a Republican win Alaska Presidential Election?
0xde219aeaba7c1f3bd427e7905688e4b4cd695145e2d2ef9094717684d7efff4d,0xfe1eaa937c32fad0e0483f3d078f249104748026,SELL,Yes,76626557395718138549682497346449622033790455953645207983251701172676708683039,0xcec7958225b06aa2464a72d934ddcc9b66bb6f35ad065010496d8db92de412a0,0.91,246.16,224.00560000000002,1722931403,Will a Republican win Alaska Presidential Election?
0x3d86ae7935cb7c92bc726aa50501ebaf5e88e0fee0189b30ebae0c8d6a666281,0x64478b028c89c3b6e42a767081ddd594f80e3509,SELL,Yes,76626557395718138549682497346449622033790455953645207983251701172676708683039,0xcec7958225b06aa2464a72d934ddcc9b66bb6f35ad065010496d8db92de412a0,0.91,1.06,0.9646000000000001,1722930479,Will a Republican win Alaska Presidential Election?
0x8df4b63a116f89883cb7dde00d08eed52439abcee304950e047be1717af3ccbf,0xa39721857414ae182d85c0c27b9f7a4b11680a0c,SELL,Yes,76626557395718138549682497346449622033790455953645207983251701172676708683039,0xcec7958225b06aa2464a72d934ddcc9b66bb6f35ad065010496d8db92de412a0,0.91,134.38,122.2858,1722930309,Will a Republican win Alaska Presidential Election?
0x77c174025cc1fd597c22d258bde2826ea0c68ab1ab46848c61efd72c2c695711,0xfdee0da442ca3456feb6c01f4965969b06ceac89,SELL,Yes,76626557395718138549682497346449622033790455953645207983251701172676708683039,0xcec7958225b06aa2464a72d934ddcc9b66bb6f35ad065010496d8db92de412a0,0.91,1.06,0.9646000000000001,1722904497,Will a Republican win Alaska Presidential Election?
0xb5b557d6db70990e57e55189ecd5b1c24ea90995442e04872b9088122f562176,0x954d670e5d1b6a6d16bfb8d9981143230cb20e27,SELL,Yes,76626557395718138549682497346449622033790455953645207983251701172676708683039,0xcec7958225b06aa2464a72d934ddcc9b66bb6f35ad065010496d8db92de412a0,0.91,154.8,140.86800000000002,1722841754,Will a Republican win Alaska Presidential Election?
0xebfe5a3f75aaaae0458ddccbef024e84d0ae836e6b56d5654164ee4fc5093003,0xfc0cd3c4b4e211f71ea0117ee29dd3c4088cf7a5,SELL,Yes,76626557395718138549682497346449622033790455953645207983251701172676708683039,0xcec7958225b06aa2464a72d934ddcc9b66bb6f35ad065010496d8db92de412a0,0.91,137.2,124.85199999999999,1722775933,Will a Republican win Alaska Presidential Election?
0xd5d665c1b72ff6b47f6c1a09866d3a569cca0b40b26d26a2ce5babdcdc185d1e,0xf8436cb8c91b1aab99a628a42a74f71be8e2024f,SELL,Yes,76626557395718138549682497346449622033790455953645207983251701172676708683039,0xcec7958225b06aa2464a72d934ddcc9b66bb6f35ad065010496d8db92de412a0,0.91,301,273.91,1722765019,Will a Republican win Alaska Presidential Election?
0xb3743dd7036667f1696392c6503c53f591cee3c00569847385e912bf50d80319,0xf8436cb8c91b1aab99a628a42a74f71be8e2024f,BUY,Yes,76626557395718138549682497346449622033790455953645207983251701172676708683039,0xcec7958225b06aa2464a72d934ddcc9b66bb6f35ad065010496d8db92de412a0,0.9299999998,301.376342,280.27999799972474,1722764999,Will a Republican win Alaska Presidential Election?
0x13bb07357a5f5871a1bd996da39428fd93c2f0b3017b2cbdf0936aea4fcef171,0xf8436cb8c91b1aab99a628a42a74f71be8e2024f,SELL,Yes,76626557395718138549682497346449622033790455953645207983251701172676708683039,0xcec7958225b06aa2464a72d934ddcc9b66bb6f35ad065010496d8db92de412a0,0.91,308,280.28000000000003,1722764991,Will a Republican win Alaska Presidential Election?
0x56b16c0d2c8b236489cdf68255ce5d531553d9e145423600d4987f637f7b6cb2,0xf8436cb8c91b1aab99a628a42a74f71be8e2024f,BUY,Yes,76626557395718138549682497346449622033790455953645207983251701172676708683039,0xcec7958225b06aa2464a72d934ddcc9b66bb6f35ad065010496d8db92de412a0,0.9299999999,308.559128,286.95998900914407,1722764975,Will a Republican win Alaska Presidential Election?
0xc78288480d17c8bf986641f6a5ce48ad7dbeb972f50dbb56063cf1d99c0a73f1,0x955cf007e43eede5faab1e083f8a8472d57e4b74,BUY,Yes,76626557395718138549682497346449622033790455953645207983251701172676708683039,0xcec7958225b06aa2464a72d934ddcc9b66bb6f35ad065010496d8db92de412a0,0.9299999998,282.752685,262.95999699344947,1722764348,Will a Republican win Alaska Presidential Election?
0xaba6b61c7cb8afd225f65f4249e3bc1d050e3e253bccf950e20ce6c23ebd163f,0xb1da98bac993e4a3f4e5776f8c94980e21070108,SELL,Yes,76626557395718138549682497346449622033790455953645207983251701172676708683039,0xcec7958225b06aa2464a72d934ddcc9b66bb6f35ad065010496d8db92de412a0,0.91,193,175.63,1722763883,Will a Republican win Alaska Presidential Election?
0xe2242b7fa7598048df78edd9a7107d3d9d7b10055fc9e6f4b8f54ba8ff7f05e0,0xb1da98bac993e4a3f4e5776f8c94980e21070108,BUY,Yes,76626557395718138549682497346449622033790455953645207983251701172676708683039,0xcec7958225b06aa2464a72d934ddcc9b66bb6f35ad065010496d8db92de412a0,0.9299999998,192.763428,179.26998800144733,1722763873,Will a Republican win Alaska Presidential Election?
0x159c5e5432dd6f7b194345f8740aa4ba21cfa2e7a8d3b4c552a5db20ef33726c,0xb1da98bac993e4a3f4e5776f8c94980e21070108,SELL,Yes,76626557395718138549682497346449622033790455953645207983251701172676708683039,0xcec7958225b06aa2464a72d934ddcc9b66bb6f35ad065010496d8db92de412a0,0.91,197,179.27,1722763865,Will a Republican win Alaska Presidential Election?
0x1a183272e63b7138bb25738d63496b3e055f61083ae0c49e78d220133cbb028b,0xb1da98bac993e4a3f4e5776f8c94980e21070108,BUY,Yes,76626557395718138549682497346449622033790455953645207983251701172676708683039,0xcec7958225b06aa2464a72d934ddcc9b66bb6f35ad065010496d8db92de412a0,0.93,197.8172,183.969996,1722763849,Will a Republican win Alaska Presidential Election?
0x34e9002c0255493d3c2f9c4a22e140a0e73714961624cec275afc8a57f727add,0x9c019f1fbe0957de7488c959393b3e6e97dbecd3,BUY,Yes,76626557395718138549682497346449622033790455953645207983251701172676708683039,0xcec7958225b06aa2464a72d934ddcc9b66bb6f35ad065010496d8db92de412a0,0.93,306.4086,284.959998,1722763329,Will a Republican win Alaska Presidential Election?
0xd68208bce09577f1b200143ca3579350de399fe543884c1c487d7a870f15544d,0xe09fc15cca6892daa66f03e82bb08fdcc2d6d5ba,SELL,Yes,76626557395718138549682497346449622033790455953645207983251701172676708683039,0xcec7958225b06aa2464a72d934ddcc9b66bb6f35ad065010496d8db92de412a0,0.91,153.7,139.867,1722758837,Will a Republican win Alaska Presidential Election?
0x38fc74e590284098f4825ed473b4884f085b9357324be4983780d7c9051d9f71,0x90ef97f983c5e1cfb12f085eab626e62f596c0fb,SELL,Yes,76626557395718138549682497346449622033790455953645207983251701172676708683039,0xcec7958225b06aa2464a72d934ddcc9b66bb6f35ad065010496d8db92de412a0,0.91,134.37,122.2767,1722755822,Will a Republican win Alaska Presidential Election?
0x7cdb163f0677cb6f38c5bcd74b715667cc123f76b752912ce5e2387b8d94254e,0xdf42d4f51ea267f558ad689a5d812f34870ec6a8,SELL,Yes,76626557395718138549682497346449622033790455953645207983251701172676708683039,0xcec7958225b06aa2464a72d934ddcc9b66bb6f35ad065010496d8db92de412a0,0.91,112.88,102.7208,1722755586,Will a Republican win Alaska Presidential Election?
0x71312407c8cbe504ae8295e7e5ada274e2e7755a5cca2ee80ab35cce7dea96dc,0x3c36fbe99d7dc0d34445481a3116177dac10c27a,BUY,Yes,76626557395718138549682497346449622033790455953645207983251701172676708683039,0xcec7958225b06aa2464a72d934ddcc9b66bb6f35ad065010496d8db92de412a0,0.9199999997,118.456512,108.97999100446305,1722690339,Will a Republican win Alaska Presidential Election?
0xa2f99a4c1c65d841d94b5eb2a98beaa2b35164bc05eabe9fbdc06c7efb3a7782,0xb564e1eb656a253ee5530b3fbe3f21094abedde7,SELL,Yes,76626557395718138549682497346449622033790455953645207983251701172676708683039,0xcec7958225b06aa2464a72d934ddcc9b66bb6f35ad065010496d8db92de412a0,0.91,264,240.24,1722689787,Will a Republican win Alaska Presidential Election?
0xc7472c7270694d1a8b4fdefc1e294ee5c67f81ebc6f6e5a85789c82212dfafe0,0xb564e1eb656a253ee5530b3fbe3f21094abedde7,BUY,Yes,76626557395718138549682497346449622033790455953645207983251701172676708683039,0xcec7958225b06aa2464a72d934ddcc9b66bb6f35ad065010496d8db92de412a0,0.92,264.097825,242.969999,1722689775,Will a Republican win Alaska Presidential Election?
0x96d807ff73d96d9224a06113586e50454c63e9fb8b94d252851fccac6fcbccc7,0xb564e1eb656a253ee5530b3fbe3f21094abedde7,SELL,Yes,76626557395718138549682497346449622033790455953645207983251701172676708683039,0xcec7958225b06aa2464a72d934ddcc9b66bb6f35ad065010496d8db92de412a0,0.91,267,242.97,1722689767,Will a Republican win Alaska Presidential Election?
0xb6b48b7db26966e54d2814371856857c191124cc9235026247ca37291bb85a03,0xb564e1eb656a253ee5530b3fbe3f21094abedde7,BUY,Yes,76626557395718138549682497346449622033790455953645207983251701172676708683039,0xcec7958225b06aa2464a72d934ddcc9b66bb6f35ad065010496d8db92de412a0,0.92,267.347825,245.959999,1722689751,Will a Republican win Alaska Presidential Election?
0x5229d85043977029816dcfc101c495901d40b9e0a8c1841f1f6c07076133f7a2,0x82ce5163938f5c53949bb6d2e79183e2c868745f,BUY,Yes,76626557395718138549682497346449622033790455953645207983251701172676708683039,0xcec7958225b06aa2464a72d934ddcc9b66bb6f35ad065010496d8db92de412a0,0.93,201.043,186.96999000000002,1722689227,Will a Republican win Alaska Presidential Election?
0xeb7a250eba62b7fd8c22044804fe45c1b3ceacb2ccc828a301abeab39ccd0997,0xe2863744eabc196005796a2220336740c0039a39,SELL,Yes,76626557395718138549682497346449622033790455953645207983251701172676708683039,0xcec7958225b06aa2464a72d934ddcc9b66bb6f35ad065010496d8db92de412a0,0.91,117,106.47,1722688661,Will a Republican win Alaska Presidential Election?
0x2ba5d27aca96a255d2fcfd4af983c9b2d5132e4c5d53e6b1ddb032c7fdcbee5a,0xe2863744eabc196005796a2220336740c0039a39,BUY,Yes,76626557395718138549682497346449622033790455953645207983251701172676708683039,0xcec7958225b06aa2464a72d934ddcc9b66bb6f35ad065010496d8db92de412a0,0.9299999995,117.419342,109.19998800129034,1722688651,Will a Republican win Alaska Presidential Election?
0x00745b257777b08fc19e5fd99e4459c274ce39cd2b018aee7e103d1b54672d45,0xe2863744eabc196005796a2220336740c0039a39,SELL,Yes,76626557395718138549682497346449622033790455953645207983251701172676708683039,0xcec7958225b06aa2464a72d934ddcc9b66bb6f35ad065010496d8db92de412a0,0.91,120,109.2,1722688643,Will a Republican win Alaska Presidential Election?
0x096d13cb4a0d2a592033db01c56b6fb7e4681de303c0f1c2f48877f9863c998b,0xe2863744eabc196005796a2220336740c0039a39,BUY,Yes,76626557395718138549682497346449622033790455953645207983251701172676708683039,0xcec7958225b06aa2464a72d934ddcc9b66bb6f35ad065010496d8db92de412a0,0.93,120.4086,111.97999800000001,1722688627,Will a Republican win Alaska Presidential Election?
0x21cc3a2a5ec2ef76da5300dc4dacf89c56ad8f25651331efbc0e3c5fdfcb5b24,0x2db920ccd9ed5503bff4f53fbe530b8cb41fd17e,BUY,Yes,76626557395718138549682497346449622033790455953645207983251701172676708683039,0xcec7958225b06aa2464a72d934ddcc9b66bb6f35ad065010496d8db92de412a0,0.9299944144,0.010742,0.0099899999994848,1722622554,Will a Republican win Alaska Presidential Election?
0xfb36c160afb588094bcae3ca3255c9b8a4897e672d189f349e2e608d41012a73,0xad91b3d9f2b9ac22566ff9bcdf68e9e6256f8709,SELL,Yes,76626557395718138549682497346449622033790455953645207983251701172676708683039,0xcec7958225b06aa2464a72d934ddcc9b66bb6f35ad065010496d8db92de412a0,0.91,103.99,94.6309,1722597560,Will a Republican win Alaska Presidential Election?
0x7133b27b937b59322dbc1114d7696a125f88edfc0fda13de1a6059d353151a93,0xad91b3d9f2b9ac22566ff9bcdf68e9e6256f8709,BUY,Yes,76626557395718138549682497346449622033790455953645207983251701172676708683039,0xcec7958225b06aa2464a72d934ddcc9b66bb6f35ad065010496d8db92de412a0,0.94,103.98935,97.749989,1722597552,Will a Republican win Alaska Presidential Election?
0x0a7dce807fc9f842351ade1c0ee553fb8c6691492ff231781c85ef4d86503f3a,0xad91b3d9f2b9ac22566ff9bcdf68e9e6256f8709,SELL,Yes,76626557395718138549682497346449622033790455953645207983251701172676708683039,0xcec7958225b06aa2464a72d934ddcc9b66bb6f35ad065010496d8db92de412a0,0.91,107.42,97.7522,1722597544,Will a Republican win Alaska Presidential Election?
0x309e691e7455d4b3764065c749c22f527cb6bf6f391154118830871cabe76d64,0xad91b3d9f2b9ac22566ff9bcdf68e9e6256f8709,BUY,Yes,76626557395718138549682497346449622033790455953645207983251701172676708683039,0xcec7958225b06aa2464a72d934ddcc9b66bb6f35ad065010496d8db92de412a0,0.9399999996,107.425516,100.9799849970298,1722597538,Will a Republican win Alaska Presidential Election?
0x2e55297fdef0201c921b7a8d1576c5e349542c9c5303dc69c19e2e342d0c1cd5,0xb1eb239272c1e43c4e200a4d92d8d6c71f4d2f83,BUY,Yes,76626557395718138549682497346449622033790455953645207983251701172676708683039,0xcec7958225b06aa2464a72d934ddcc9b66bb6f35ad065010496d8db92de412a0,0.9399999999,215.914883,202.95998999840853,1722597060,Will a Republican win Alaska Presidential Election?
0xb90f8ef344ef9a0ab15e4a16ea6ba321778fae0e6d314d4b6aec819ac322a618,0x4ffe272753195f556b1fc44f3cc6aafd64f20e55,SELL,Yes,76626557395718138549682497346449622033790455953645207983251701172676708683039,0xcec7958225b06aa2464a72d934ddcc9b66bb6f35ad065010496d8db92de412a0,0.91,184,167.44,1722596609,Will a Republican win Alaska Presidential Election?
0x1ae639ef10df8a7c81771426aeefaafb83fcdcd2b23b7c6dbbe5a373d65e2059,0x4ffe272753195f556b1fc44f3cc6aafd64f20e55,BUY,Yes,76626557395718138549682497346449622033790455953645207983251701172676708683039,0xcec7958225b06aa2464a72d934ddcc9b66bb6f35ad065010496d8db92de412a0,0.9399999998,183.936166,172.89999600321275,1722596599,Will a Republican win Alaska Presidential Election?
0x152a7b27b732a055cb9352a8800176b546832d07f4f6a4fbed7fd08a7ca91b8b,0x4ffe272753195f556b1fc44f3cc6aafd64f20e55,SELL,Yes,76626557395718138549682497346449622033790455953645207983251701172676708683039,0xcec7958225b06aa2464a72d934ddcc9b66bb6f35ad065010496d8db92de412a0,0.91,190,172.9,1722596589,Will a Republican win Alaska Presidential Election?
0xdb33daec551c5bf8244e11919e1b5a4c2545648ee08fc56deef19580f91b5d84,0x4ffe272753195f556b1fc44f3cc6aafd64f20e55,BUY,Yes,76626557395718138549682497346449622033790455953645207983251701172676708683039,0xcec7958225b06aa2464a72d934ddcc9b66bb6f35ad065010496d8db92de412a0,0.9399999998,190.382966,178.95998800192342,1722596571,Will a Republican win Alaska Presidential Election?
0xb2b91018af3030e56a89e76995689fdaf95babf2e35e9a5acbf2b65f1f2bbdd4,0x469d7e39e32bec2cf996bcd76a49df66a58c370b,BUY,Yes,76626557395718138549682497346449622033790455953645207983251701172676708683039,0xcec7958225b06aa2464a72d934ddcc9b66bb6f35ad065010496d8db92de412a0,0.9399999997,126.563816,118.96998700203086,1722596091,Will a Republican win Alaska Presidential Election?
0xfe09e56b98fb8ad86cec1ea58819f34ddd17712c05cd7bbff117e4ee0edfbd6e,0x6db6357cbd48e5a4ffd9eeffaaf1f2201061bc98,SELL,Yes,76626557395718138549682497346449622033790455953645207983251701172676708683039,0xcec7958225b06aa2464a72d934ddcc9b66bb6f35ad065010496d8db92de412a0,0.92,106.43,97.91560000000001,1722582153,Will a Republican win Alaska Presidential Election?
0xee8846eac020c725321615a66f907cabd5fd07ce326aed8d4e30795696f820de,0xfb8dca563644fa0fe6fa7c80907a1e11f858951b,SELL,Yes,76626557395718138549682497346449622033790455953645207983251701172676708683039,0xcec7958225b06aa2464a72d934ddcc9b66bb6f35ad065010496d8db92de412a0,0.92,219.31,201.76520000000002,1722580735,Will a Republican win Alaska Presidential Election?
0xb2cce677c74a41de62a35017772d27ece0c0ac118353cd25cf222f57887c548e,0xa7a766a3a65252fca4f3d44a8d1c9062b068df81,SELL,Yes,76626557395718138549682497346449622033790455953645207983251701172676708683039,0xcec7958225b06aa2464a72d934ddcc9b66bb6f35ad065010496d8db92de412a0,0.92,156.94,144.3848,1722579825,Will a Republican win Alaska Presidential Election?
0xfaa180e21542bfc3eb5d86d61cd2e1c29b41d9e169b0556a6abac515901db012,0x340205e809efb8455db0fa12e57ebade51b8b567,SELL,Yes,76626557395718138549682497346449622033790455953645207983251701172676708683039,0xcec7958225b06aa2464a72d934ddcc9b66bb6f35ad065010496d8db92de412a0,0.92,144.05,132.526,1722579587,Will a Republican win Alaska Presidential Election?
0x6bc694a3f73862f1f083b7414f0b31cbe56c6200e6b4786ecb7af80fad9bbdcb,0xf6129c47f5ef4cab25f3aa67b5e3aaac77b15700,SELL,No,9646994822693149615303360714935546561049708672550992328943885204944470918778,0xcec7958225b06aa2464a72d934ddcc9b66bb6f35ad065010496d8db92de412a0,0.07,200,14.000000000000002,1722559292,Will a Republican win Alaska Presidential Election?
0x12679446d723113af352e699f722f086938161693ee6d8d2de7f5a5c335930f1,0x2463edb6d5d69d1b2bfd99bb0918f0e1e93724ee,SELL,Yes,76626557395718138549682497346449622033790455953645207983251701172676708683039,0xcec7958225b06aa2464a72d934ddcc9b66bb6f35ad065010496d8db92de412a0,0.91,144.06,131.0946,1722528176,Will a Republican win Alaska Presidential Election?
0xee77348c49ee08bf3a4e3046eb851868a0ddce9d80e2adc0b47330becc9e02f7,0x7c20ba2444d89e9178fe70150ab82cfbabfb61dd,SELL,Yes,76626557395718138549682497346449622033790455953645207983251701172676708683039,0xcec7958225b06aa2464a72d934ddcc9b66bb6f35ad065010496d8db92de412a0,0.916652829,130.08,119.23819999632,1722527860,Will a Republican win Alaska Presidential Election?
0x2bf32d5b2805a1c932be3b5f379e1d5bc2f2e94f531d15b3e583fda9b1945f04,0xd8b24d7b02b7cf04961fea75c0b478a4147502fe,SELL,Yes,76626557395718138549682497346449622033790455953645207983251701172676708683039,0xcec7958225b06aa2464a72d934ddcc9b66bb6f35ad065010496d8db92de412a0,0.92,135.46,124.62320000000001,1722527550,Will a Republican win Alaska Presidential Election?
0x3e36e9b27ddc94e787edb94cde0053f35a1d4ebf3d084ee347fc9c9615b1c566,0x2fa843479321e4ed950e8fb706f48af9811fae5c,SELL,Yes,76626557395718138549682497346449622033790455953645207983251701172676708683039,0xcec7958225b06aa2464a72d934ddcc9b66bb6f35ad065010496d8db92de412a0,0.9100199095,221,201.1143999995,1722522006,Will a Republican win Alaska Presidential Election?
0x7ac4bc4e2327de854cf27fce7ab37d482421db4f442d72df49ff9b090cab8820,0x2fa843479321e4ed950e8fb706f48af9811fae5c,BUY,Yes,76626557395718138549682497346449622033790455953645207983251701172676708683039,0xcec7958225b06aa2464a72d934ddcc9b66bb6f35ad065010496d8db92de412a0,0.9399999999,221.734033,208.42999099782662,1722521994,Will a Republican win Alaska Presidential Election?
0x1f88b4ae14c4180933a78485b4ab407ead35f7da2217d9f774dcbbb5f1adc79a,0x2fa843479321e4ed950e8fb706f48af9811fae5c,SELL,Yes,76626557395718138549682497346449622033790455953645207983251701172676708683039,0xcec7958225b06aa2464a72d934ddcc9b66bb6f35ad065010496d8db92de412a0,0.9202206921,226.56,208.48520000217601,1722521986,Will a Republican win Alaska Presidential Election?
0x4f58c76512deb73b957a0ffdb1a4f05ed7e6cad79c2e7a2e275ef323197cf8f4,0x2fa843479321e4ed950e8fb706f48af9811fae5c,BUY,Yes,76626557395718138549682497346449622033790455953645207983251701172676708683039,0xcec7958225b06aa2464a72d934ddcc9b66bb6f35ad065010496d8db92de412a0,0.9399999998,226.563816,212.96998699468725,1722521978,Will a Republican win Alaska Presidential Election?
0x0f4a574eef0020264f36dd28ae848232e130a0d88b45e1f99f929c3a0963fc26,0xb49f468c15c49783f2664c7198a4949ade1b12e6,BUY,No,9646994822693149615303360714935546561049708672550992328943885204944470918778,0xcec7958225b06aa2464a72d934ddcc9b66bb6f35ad065010496d8db92de412a0,0.07,70,4.9,1722521968,Will a Republican win Alaska Presidential Election?
0x709bf5ba0ba2789cd5dca04bb545d0193d1736adc82a7516d13388fefa65f33c,0xb49f468c15c49783f2664c7198a4949ade1b12e6,BUY,No,9646994822693149615303360714935546561049708672550992328943885204944470918778,0xcec7958225b06aa2464a72d934ddcc9b66bb6f35ad065010496d8db92de412a0,0.07,147,10.290000000000001,1722521968,Will a Republican win Alaska Presidential Election?
0x9a3598189d314eb66641fe33bf036d1d1f265cf531bde3736d9094bc31feedd7,0x843409738e5533ce49d5f45d024b88ee61da34b9,BUY,No,9646994822693149615303360714935546561049708672550992328943885204944470918778,0xcec7958225b06aa2464a72d934ddcc9b66bb6f35ad065010496d8db92de412a0,0.07,219,15.330000000000002,1722521956,Will a Republican win Alaska Presidential Election?
0x2162d54a11bc1f990844f5c444798d497d00cd65bc7233bfc32025a0785c936e,0x3cf3e8d5427aed066a7a5926980600f6c3cf87b3,BUY,Yes,76626557395718138549682497346449622033790455953645207983251701172676708683039,0xcec7958225b06aa2464a72d934ddcc9b66bb6f35ad065010496d8db92de412a0,0.93,35.9,33.387,1722521954,Will a Republican win Alaska Presidential Election?
0xfbdf3a5b7b99d6ce27e474ce0655211badea7de82a5290f811bcca87f23cc444,0x874d14b2da5d2142a2f837da41367d278e686adc,SELL,Yes,76626557395718138549682497346449622033790455953645207983251701172676708683039,0xcec7958225b06aa2464a72d934ddcc9b66bb6f35ad065010496d8db92de412a0,0.91,301,273.91,1722521480,Will a Republican win Alaska Presidential Election?
0x8fbbd8880a5d4bc4da3057c8c1ccdae0d625dc6a86044fcc93602ed0f747fd45,0x874d14b2da5d2142a2f837da41367d278e686adc,BUY,Yes,76626557395718138549682497346449622033790455953645207983251701172676708683039,0xcec7958225b06aa2464a72d934ddcc9b66bb6f35ad065010496d8db92de412a0,0.9299999967,301.376343,280.2799979954581,1722521468,Will a Republican win Alaska Presidential Election?
0xb7a20e1f7a81c35f1f53800b9bcb677ab983881bf7a7b45fa23a5670f697a1d1,0x874d14b2da5d2142a2f837da41367d278e686adc,SELL,Yes,76626557395718138549682497346449622033790455953645207983251701172676708683039,0xcec7958225b06aa2464a72d934ddcc9b66bb6f35ad065010496d8db92de412a0,0.91,308,280.28000000000003,1722521460,Will a Republican win Alaska Presidential Election?
0x8038b75e2b0c87d5f227329590ae8a5964ff081bc7b0674fe5b711b5e33439d5,0x874d14b2da5d2142a2f837da41367d278e686adc,BUY,Yes,76626557395718138549682497346449622033790455953645207983251701172676708683039,0xcec7958225b06aa2464a72d934ddcc9b66bb6f35ad065010496d8db92de412a0,0.9299999999,308.559128,286.95998900914407,1722521440,Will a Republican win Alaska Presidential Election?
0xd7a0c910d9fea8ac069fada559d70ee4f70723782bdb7c692d358d22b8d97b59,0x27b13269afc60075a551791ecfc326cd5e3eed2b,BUY,Yes,76626557395718138549682497346449622033790455953645207983251701172676708683039,0xcec7958225b06aa2464a72d934ddcc9b66bb6f35ad065010496d8db92de412a0,0.9299999997,107.526871,99.99998999774193,1722518944,Will a Republican win Alaska Presidential Election?
0xedc5361eee9980d4e1a048c33e68bb80d14e8e1b8a85961c4a58fa154e92e525,0xe804dae757472e7713056cf968f0a1678788a4e4,SELL,Yes,76626557395718138549682497346449622033790455953645207983251701172676708683039,0xcec7958225b06aa2464a72d934ddcc9b66bb6f35ad065010496d8db92de412a0,0.91,1.52,1.3832,1722517574,Will a Republican win Alaska Presidential Election?
0x8205bdd18aa2bae46516848fdf3e22b72c1b34b5b70c88f6730ae03d4a87bd8a,0xe804dae757472e7713056cf968f0a1678788a4e4,BUY,Yes,76626557395718138549682497346449622033790455953645207983251701172676708683039,0xcec7958225b06aa2464a72d934ddcc9b66bb6f35ad065010496d8db92de412a0,0.9299999804,1.526871,1.4199900000733285,1722517568,Will a Republican win Alaska Presidential Election?
0x8e1fd00a4f01c139503b13a628bfa1a544c60f454c1f5f3e1d8c8cb1561e16da,0x84cf49b46a870e789d4409836c08e05a729d9988,BUY,Yes,76626557395718138549682497346449622033790455953645207983251701172676708683039,0xcec7958225b06aa2464a72d934ddcc9b66bb6f35ad065010496d8db92de412a0,0.9299999907,1.075257,0.9999890000001097,1722507615,Will a Republican win Alaska Presidential Election?
0x11c135debdc9264801ef90609057e09d4136f2af19a1fd6c189b78df4318337f,0x6f0975f36db3266f562f65744c2012d61ba0c483,SELL,Yes,76626557395718138549682497346449622033790455953645207983251701172676708683039,0xcec7958225b06aa2464a72d934ddcc9b66bb6f35ad065010496d8db92de412a0,0.91,1.06,0.9646000000000001,1722503910,Will a Republican win Alaska Presidential Election?
0x2748c4c6a160c380c1adc1cb7429c529ef1c10b8cf9380f17eeb0698cdd275ca,0x8c3a685d21856f02eb479d800ea3da10506d881c,SELL,Yes,76626557395718138549682497346449622033790455953645207983251701172676708683039,0xcec7958225b06aa2464a72d934ddcc9b66bb6f35ad065010496d8db92de412a0,0.91,131.15,119.3465,1722503466,Will a Republican win Alaska Presidential Election?
0xa086d0f50cc7bcdf4447c00debdd42b5c56ee7edf501447dc7c11b86a1bc6017,0xca96c7873e542c47170042284ae8f098e2fd371d,SELL,Yes,76626557395718138549682497346449622033790455953645207983251701172676708683039,0xcec7958225b06aa2464a72d934ddcc9b66bb6f35ad065010496d8db92de412a0,0.91,146.2,133.042,1722503188,Will a Republican win Alaska Presidential Election?
0x03721f8c8f323acab9cf6d21e1aa757054f360d060c10076af04866cdd75ac31,0xaf4076041eeb2d49fc62dd4827f043c5c3ec1fcb,BUY,Yes,76626557395718138549682497346449622033790455953645207983251701172676708683039,0xcec7958225b06aa2464a72d934ddcc9b66bb6f35ad065010496d8db92de412a0,0.9299999999,439.731171,408.94998898602694,1722501278,Will a Republican win Alaska Presidential Election?
0xa797381de38f2876bd65838367b4808e256dedfa6d93e98e9f055bdc0c1ee3bf,0xd689d92b41f07a034a44e043eff7fbe5e3ed3b87,BUY,Yes,76626557395718138549682497346449622033790455953645207983251701172676708683039,0xcec7958225b06aa2464a72d934ddcc9b66bb6f35ad065010496d8db92de412a0,0.9299999988,393.494622,365.94999798780646,1722500474,Will a Republican win Alaska Presidential Election?
0xf8e91c81661399b464961b3e8963dc7aee8cea8f41cf77ffbb1f4544e018cbdb,0xb6154d3931a89203113ce0b59b5279917bd0a1fc,SELL,Yes,76626557395718138549682497346449622033790455953645207983251701172676708683039,0xcec7958225b06aa2464a72d934ddcc9b66bb6f35ad065010496d8db92de412a0,0.91,1.95,1.7745,1722486778,Will a Republican win Alaska Presidential Election?
0x12af2096dadd8ad42de7e8ac9a504210d374d3407fe0f85295d92c32c116d4a7,0x4fc1075e00e73c4ca9ef0f67c4b4912f281f9b35,BUY,Yes,76626557395718138549682497346449622033790455953645207983251701172676708683039,0xcec7958225b06aa2464a72d934ddcc9b66bb6f35ad065010496d8db92de412a0,0.9299968114,0.150536,0.1399980000009104,1722485485,Will a Republican win Alaska Presidential Election?
0xf81bdd3ff0b014926865d05395736e6c473e2cfd496f58b5498ca1fb986bbe9c,0x6c37c59dd16e2dbda50575c63bece1fe3d592d26,SELL,Yes,76626557395718138549682497346449622033790455953645207983251701172676708683039,0xcec7958225b06aa2464a72d934ddcc9b66bb6f35ad065010496d8db92de412a0,0.91,2.29,2.0839000000000003,1722483575,Will a Republican win Alaska Presidential Election?
0x77fb4e596273a5350d34d4eed6cd1ed8e680f88b3e3cd2ad7859fb3417204283,0x411341ae1b0f4c9b32536afe9019df87407888be,BUY,No,9646994822693149615303360714935546561049708672550992328943885204944470918778,0xcec7958225b06aa2464a72d934ddcc9b66bb6f35ad065010496d8db92de412a0,0.0877534953,56.977776,4.999998998420453,1722460962,Will a Republican win Alaska Presidential Election?
0xb509ec8791c13536601d9a63ad70a10ebfb347654c585b92ab88e8344ea40e3b,0x4cc3522b689a6bf1fb4a2444c523e7776db47552,SELL,Yes,76626557395718138549682497346449622033790455953645207983251701172676708683039,0xcec7958225b06aa2464a72d934ddcc9b66bb6f35ad065010496d8db92de412a0,0.92,28.41,26.1372,1722455616,Will a Republican win Alaska Presidential Election?
0x663317a9a141eb5b96e6285b25e2c85806b5467624114ca1d922bfe839865dd7,0x4ec4569b813e0e6e808dd99f1e3134664cf86219,BUY,No,9646994822693149615303360714935546561049708672550992328943885204944470918778,0xcec7958225b06aa2464a72d934ddcc9b66bb6f35ad065010496d8db92de412a0,0.08,10,0.8,1722454307,Will a Republican win Alaska Presidential Election?
0x7b00da81eb19f068390d1f72f755c34472c100199e53949a914dc818e231aee0,0x90664bd23c5d2ce9a0d350cf2c1d641bc8ce6bab,BUY,Yes,76626557395718138549682497346449622033790455953645207983251701172676708683039,0xcec7958225b06aa2464a72d934ddcc9b66bb6f35ad065010496d8db92de412a0,0.9299998159,5.376343,4.999998000215254,1722453007,Will a Republican win Alaska Presidential Election?
0x2c3a72b7ad245cf9cc952b983a466cdffe505dc3410f4d720b7ca0d4ac9fb80b,0x9e5119acf4493a6d33ec4034bbf3f37dcc637538,BUY,Yes,76626557395718138549682497346449622033790455953645207983251701172676708683039,0xcec7958225b06aa2464a72d934ddcc9b66bb6f35ad065010496d8db92de412a0,0.9299992398,1.236558,1.1499979999686085,1722452553,Will a Republican win Alaska Presidential Election?
0x5d39ed6c86fa549a868f11004510674baf2354d8abe561c243b919ccedca2f78,0x4ce73141dbfce41e65db3723e31059a730f0abad,BUY,No,9646994822693149615303360714935546561049708672550992328943885204944470918778,0xcec7958225b06aa2464a72d934ddcc9b66bb6f35ad065010496d8db92de412a0,0.08,600,48.0,1722446419,Will a Republican win Alaska Presidential Election?
0x6ebf32ca87a0be992e43b0d66ffb37ddade9902c1fd692c256a1cb7ae3e4842a,0x3403d32de07b0fc79f83002fcb71f3fdec1acc26,BUY,Yes,76626557395718138549682497346449622033790455953645207983251701172676708683039,0xcec7958225b06aa2464a72d934ddcc9b66bb6f35ad065010496d8db92de412a0,0.9399981191,0.010633,0.0099950000003903,1722444827,Will a Republican win Alaska Presidential Election?
0xe8d7d90396f6105f43290b945515a74c9ce223f8101e9d14afc3ec806fb9a929,0x6356fb47642a028bc09df92023c35a21a0b41885,BUY,No,9646994822693149615303360714935546561049708672550992328943885204944470918778,0xcec7958225b06aa2464a72d934ddcc9b66bb6f35ad065010496d8db92de412a0,0.08,1000,80.0,1722438053,Will a Republican win Alaska Presidential Election?
0xa13ee0abdabc044b59e72e8d20db358fe623bb94e1913451d3cbb5be28081445,0x4cc3522b689a6bf1fb4a2444c523e7776db47552,BUY,No,9646994822693149615303360714935546561049708672550992328943885204944470918778,0xcec7958225b06aa2464a72d934ddcc9b66bb6f35ad065010496d8db92de412a0,0.08,4500,360.0,1722438011,Will a Republican win Alaska Presidential Election?
0x018023d6d46b98eea702eeeae960029a3d927e78e5f586b1606a2520c8b94bb6,0x2a72475bae803cbde8f0266dab17fe5d041d9453,SELL,Yes,76626557395718138549682497346449622033790455953645207983251701172676708683039,0xcec7958225b06aa2464a72d934ddcc9b66bb6f35ad065010496d8db92de412a0,0.92,132.22,121.64240000000001,1722437891,Will a Republican win Alaska Presidential Election?
0x06a6e9f6c5f89307133d6aeab6cdbc8c4e43d9f53b7247056e9efe1adbb7f84a,0x99f21c8e4fbaa9baa728186ca6413db9b2ba57b2,BUY,Yes,76626557395718138549682497346449622033790455953645207983251701172676708683039,0xcec7958225b06aa2464a72d934ddcc9b66bb6f35ad065010496d8db92de412a0,0.9399999995,42.553183,39.99999199872341,1722424997,Will a Republican win Alaska Presidential Election?
0x796e8bc6398197d61af532caa53fff7e8cf42f1333dfc8acdaca8973387ccc0b,0x630fe5d84bcbb55fa508497835e9324029f22721,BUY,Yes,76626557395718138549682497346449622033790455953645207983251701172676708683039,0xcec7958225b06aa2464a72d934ddcc9b66bb6f35ad065010496d8db92de412a0,0.94,114.8617,107.96999799999999,1722418342,Will a Republican win Alaska Presidential Election?
0xd1cc216b25a00fbc612ae5763a22a2aab8a302e8b67cd33729ee8ed091ac9c1e,0x4651041baa3a84540d5897b06f4f3e10f6cb851e,BUY,Yes,76626557395718138549682497346449622033790455953645207983251701172676708683039,0xcec7958225b06aa2464a72d934ddcc9b66bb6f35ad065010496d8db92de412a0,0.9399999999,219.095733,205.94998899809045,1722417946,Will a Republican win Alaska Presidential Election?
0xb12912c12be9b519aa00ed7442225198737a907f5195b1ce6f84cefe81f4e369,0x226904d01858f3c566fefbbe5817ab93726eabff,BUY,Yes,76626557395718138549682497346449622033790455953645207983251701172676708683039,0xcec7958225b06aa2464a72d934ddcc9b66bb6f35ad065010496d8db92de412a0,0.9399999998,91.468083,85.97999800170638,1722417512,Will a Republican win Alaska Presidential Election?
0xacda01afa8f069e9226bc2ca9e94d6f43bcdd470af9ade35cb4b492c6eac431d,0x74e353d4dcd4908ea300d5438bca619b6f70fa39,BUY,Yes,76626557395718138549682497346449622033790455953645207983251701172676708683039,0xcec7958225b06aa2464a72d934ddcc9b66bb6f35ad065010496d8db92de412a0,0.9399999999,195.691483,183.94999400043088,1722416312,Will a Republican win Alaska Presidential Election?
0xa043d479428a67e3d2733791b581934f5a7f91f75ecd4164cb1c6be0933059cb,0xcd634956457fac85cb88eef0de7d3345ae64275e,SELL,Yes,76626557395718138549682497346449622033790455953645207983251701172676708683039,0xcec7958225b06aa2464a72d934ddcc9b66bb6f35ad065010496d8db92de412a0,0.92,1.06,0.9752000000000001,1722410845,Will a Republican win Alaska Presidential Election?
0xfbb130428ebe401b5fd9cad85c3c1e84ca0d777bab1159508c9de25496bc5eef,0xf99931ec6ef41aa0a67d37dc1da0793b5dcaf6a9,SELL,Yes,76626557395718138549682497346449622033790455953645207983251701172676708683039,0xcec7958225b06aa2464a72d934ddcc9b66bb6f35ad065010496d8db92de412a0,0.92,1.06,0.9752000000000001,1722401039,Will a Republican win Alaska Presidential Election?
0x4d0f821487e96704beb3e19d615096af893fc0d7aafeee80024cbe2a229587fb,0x75978d72ca04e4a7627c6d07ac5a900467b1d52a,SELL,Yes,76626557395718138549682497346449622033790455953645207983251701172676708683039,0xcec7958225b06aa2464a72d934ddcc9b66bb6f35ad065010496d8db92de412a0,0.92,2.2,2.0240000000000005,1722345736,Will a Republican win Alaska Presidential Election?
0xa41c91fbb3cbea59635055c1cd960fdc0806c5fae12349b0e6a23cbf96d45c4a,0x9c4b77c93c7493028e7de39f2eaa6786f23bc0cf,SELL,Yes,76626557395718138549682497346449622033790455953645207983251701172676708683039,0xcec7958225b06aa2464a72d934ddcc9b66bb6f35ad065010496d8db92de412a0,0.92,2.04,1.8768,1722344900,Will a Republican win Alaska Presidential Election?
0x6c4e57dc776704f0f777068521b52f048f8c46f341afc2c9c746e4641845d442,0x1139d23e84a60d1ed709738cffeb72403aaa82f1,SELL,Yes,76626557395718138549682497346449622033790455953645207983251701172676708683039,0xcec7958225b06aa2464a72d934ddcc9b66bb6f35ad065010496d8db92de412a0,0.92,1.06,0.9752000000000001,1722330785,Will a Republican win Alaska Presidential Election?
0x9d58d950ec050a47265d43b36dd31cd2897f4deff0f024393a4df41db5cfc5c7,0x1b2356a209be13484f737c4bbdbff87649885b37,BUY,Yes,76626557395718138549682497346449622033790455953645207983251701172676708683039,0xcec7958225b06aa2464a72d934ddcc9b66bb6f35ad065010496d8db92de412a0,0.9399999998,123.372333,115.96999299532554,1722326594,Will a Republican win Alaska Presidential Election?
0x09e5cbc1500725e784ece2a1723820fa1e1fd1559b7409a6e28b574e861a584e,0x9967560a0251d56b5cead08890e9afa7f7e3af3e,BUY,Yes,76626557395718138549682497346449622033790455953645207983251701172676708683039,0xcec7958225b06aa2464a72d934ddcc9b66bb6f35ad065010496d8db92de412a0,0.94,136.12765,127.95999099999999,1722326208,Will a Republican win Alaska Presidential Election?
0x18259bee3124ca088b9c2677ba4e6b2fe97ef40f338e6c561b14dee475229a5a,0x6e310b73fcea6243c34d87601281507c0cef8f84,BUY,Yes,76626557395718138549682497346449622033790455953645207983251701172676708683039,0xcec7958225b06aa2464a72d934ddcc9b66bb6f35ad065010496d8db92de412a0,0.9399999997,115.925516,108.96998500522236,1722325844,Will a Republican win Alaska Presidential Election?
0x765544ac1cdcf96f6886a3c745f8a5b8490da82078dbaab39e10878f8de59f57,0x0ca3f34c18815a2343b9b8585b8121b2c9a67a0b,BUY,Yes,76626557395718138549682497346449622033790455953645207983251701172676708683039,0xcec7958225b06aa2464a72d934ddcc9b66bb6f35ad065010496d8db92de412a0,0.9399999996,108.478716,101.96999299660853,1722325338,Will a Republican win Alaska Presidential Election?
0x75ce59025a4656b35709ed426ab5ef187b4fd381bbe6cbdd7bc764b2e5495309,0xbaf77c58c5f8e0e8399e0796adace1f8ab7778f0,BUY,Yes,76626557395718138549682497346449622033790455953645207983251701172676708683039,0xcec7958225b06aa2464a72d934ddcc9b66bb6f35ad065010496d8db92de412a0,0.9399999624,1.063816,0.9999870000005185,1722309102,Will a Republican win Alaska Presidential Election?
0x5045418cfdab5f0bdc21142e88e206148f7849c9379c17bbc3652994b2b77f67,0xff8573e5c80b0a21dee99e84561dda58c5015eea,BUY,Yes,76626557395718138549682497346449622033790455953645207983251701172676708683039,0xcec7958225b06aa2464a72d934ddcc9b66bb6f35ad065010496d8db92de412a0,0.9399999624,1.063816,0.9999870000005185,1722307231,Will a Republican win Alaska Presidential Election?
0x591ec9263d8c094bc61f976651a4cab38d83e0d00698d3025102663efd12481c,0xfab751e064847b78848ab55740503d7b185c51c8,BUY,Yes,76626557395718138549682497346449622033790455953645207983251701172676708683039,0xcec7958225b06aa2464a72d934ddcc9b66bb6f35ad065010496d8db92de412a0,0.9399999624,1.063816,0.9999870000005185,1722304526,Will a Republican win Alaska Presidential Election?
0x69b34d7cf9a020836067b0215991da47ba1cef002bca09317b713866993ca5ad,0xcd634956457fac85cb88eef0de7d3345ae64275e,BUY,Yes,76626557395718138549682497346449622033790455953645207983251701172676708683039,0xcec7958225b06aa2464a72d934ddcc9b66bb6f35ad065010496d8db92de412a0,0.9399999624,1.063816,0.9999870000005185,1722303448,Will a Republican win Alaska Presidential Election?
0x729cb5495f7076bf30ab0a8c0b4ed0116c264153982240be6c721ad7c3a9cb7d,0x58ba78ee2e847e8344b526b8a64e1649207fed3c,BUY,Yes,76626557395718138549682497346449622033790455953645207983251701172676708683039,0xcec7958225b06aa2464a72d934ddcc9b66bb6f35ad065010496d8db92de412a0,0.94,2.0319,1.9099859999999997,1722261855,Will a Republican win Alaska Presidential Election?
0xd5fc4006d89f225d343efad1cf610f9bd2e61764fa7f87e65f008584c278ca34,0x15620ec935d3e686c921b4e043e8d5e64a4dda6b,BUY,Yes,76626557395718138549682497346449622033790455953645207983251701172676708683039,0xcec7958225b06aa2464a72d934ddcc9b66bb6f35ad065010496d8db92de412a0,0.9399999792,1.925516,1.8099849999492672,1722260603,Will a Republican win Alaska Presidential Election?
0x177eab544d2e1269111fa4a51b5290d44ecd6dc7c08283e9b659b6367df1d78d,0x64478b028c89c3b6e42a767081ddd594f80e3509,BUY,Yes,76626557395718138549682497346449622033790455953645207983251701172676708683039,0xcec7958225b06aa2464a72d934ddcc9b66bb6f35ad065010496d8db92de412a0,0.9399999624,1.063816,0.9999870000005185,1722252523,Will a Republican win Alaska Presidential Election?
0x33f01893b7036987f1929b4484e00893c181b11d148f1290009ee924a87a4ff9,0xf99931ec6ef41aa0a67d37dc1da0793b5dcaf6a9,BUY,Yes,76626557395718138549682497346449622033790455953645207983251701172676708683039,0xcec7958225b06aa2464a72d934ddcc9b66bb6f35ad065010496d8db92de412a0,0.9399999624,1.063816,0.9999870000005185,1722248961,Will a Republican win Alaska Presidential Election?
0xa3531f3612b413567c372ca257ff21abac8dc51f65320ca82112e7d8a52ad096,0x0490c645634331bb42b1415daeafb0902c4323db,BUY,Yes,76626557395718138549682497346449622033790455953645207983251701172676708683039,0xcec7958225b06aa2464a72d934ddcc9b66bb6f35ad065010496d8db92de412a0,0.9399999996,108.478716,101.96999299660853,1722238350,Will a Republican win Alaska Presidential Election?
0x293a49e935d33293e900e3402e0b9475fa20a4e88399ae6bf0cf9b35aae669a1,0x57f9437d8b50bf9559aad370134cd9cc560fea33,BUY,Yes,76626557395718138549682497346449622033790455953645207983251701172676708683039,0xcec7958225b06aa2464a72d934ddcc9b66bb6f35ad065010496d8db92de412a0,0.9399999997,142.521266,133.96998999724363,1722237952,Will a Republican win Alaska Presidential Election?
0x7570d3ed66181b48af893cc68c684b5cc3cd3eeafc3eb3478178392bcc935de2,0x36b66d28ba5c2cc9c7200c540d514a3eb2936ffa,BUY,Yes,76626557395718138549682497346449622033790455953645207983251701172676708683039,0xcec7958225b06aa2464a72d934ddcc9b66bb6f35ad065010496d8db92de412a0,0.9399999998,86.148933,80.97999700277022,1722237366,Will a Republican win Alaska Presidential Election?
0x513f4c46b4d2cf4aa3f3f560e36541801fe7b331d23d31772e0d333a5860be60,0xfe605cd49ecf72cf75544f7ce5d319ae3ae170ce,BUY,Yes,76626557395718138549682497346449622033790455953645207983251701172676708683039,0xcec7958225b06aa2464a72d934ddcc9b66bb6f35ad065010496d8db92de412a0,0.9399999996,94.659566,88.97999200213617,1722236949,Will a Republican win Alaska Presidential Election?
0x8f97f3f713ad752bcff6f2d2e981c9bcb293a8b4e27c596e7cdb35220de24fdc,0xfdee0da442ca3456feb6c01f4965969b06ceac89,BUY,Yes,76626557395718138549682497346449622033790455953645207983251701172676708683039,0xcec7958225b06aa2464a72d934ddcc9b66bb6f35ad065010496d8db92de412a0,0.9399999624,1.063816,0.9999870000005185,1722226993,Will a Republican win Alaska Presidential Election?
0xcffa855d1178c14aca9696546460166b15d7688844f3373d96fd210336d0789f,0x6f0975f36db3266f562f65744c2012d61ba0c483,BUY,Yes,76626557395718138549682497346449622033790455953645207983251701172676708683039,0xcec7958225b06aa2464a72d934ddcc9b66bb6f35ad065010496d8db92de412a0,0.9399999624,1.063816,0.9999870000005185,1722224627,Will a Republican win Alaska Presidential Election?
0x326ed1699cb2f108e5d3411b9205e9d2278c8fd68f48af116b915d44f2b5171a,0x3ec48822be3bbf9b5e178a57b30a4ac87aa50a6c,BUY,Yes,76626557395718138549682497346449622033790455953645207983251701172676708683039,0xcec7958225b06aa2464a72d934ddcc9b66bb6f35ad065010496d8db92de412a0,0.9399999997,148.893616,139.95999899533192,1722162998,Will a Republican win Alaska Presidential Election?
0x5b1caf61ce7d37f78eaca7e51f63b250f6ff0b8e160aeab2dfb99046568afdef,0xb931734f8b85e0016f22beaf0e9a24e8565b7d01,BUY,Yes,76626557395718138549682497346449622033790455953645207983251701172676708683039,0xcec7958225b06aa2464a72d934ddcc9b66bb6f35ad065010496d8db92de412a0,0.9399999999,158.468083,148.9599980041532,1722162646,Will a Republican win Alaska Presidential Election?
0xd6dd32896cd0c6c4c51371a0ad2ee14bc1955eb046918948a8b71f90f00f0552,0xf613424f261f9ebfbfbde5aa60ef790ebb37e910,BUY,Yes,76626557395718138549682497346449622033790455953645207983251701172676708683039,0xcec7958225b06aa2464a72d934ddcc9b66bb6f35ad065010496d8db92de412a0,0.9399999999,194.638283,182.9599860005362,1722162320,Will a Republican win Alaska Presidential Election?
0x3a009e1737539e2463acf8379a0dd0131d133bbd903eb599081e48d0be5165e5,0xfc0cd3c4b4e211f71ea0117ee29dd3c4088cf7a5,BUY,Yes,76626557395718138549682497346449622033790455953645207983251701172676708683039,0xcec7958225b06aa2464a72d934ddcc9b66bb6f35ad065010496d8db92de412a0,0.9399999997,137.202116,128.96998899883937,1722161960,Will a Republican win Alaska Presidential Election?
0x8acde85e6b37d6ee97dffd84f3e9b7550d62a943331c94a3d543c5afa60b6a03,0x1139d23e84a60d1ed709738cffeb72403aaa82f1,BUY,Yes,76626557395718138549682497346449622033790455953645207983251701172676708683039,0xcec7958225b06aa2464a72d934ddcc9b66bb6f35ad065010496d8db92de412a0,0.9399999624,1.063816,0.9999870000005185,1722154070,Will a Republican win Alaska Presidential Election?
0xc61ee0fefd65a5d81c60db6c111f5f2423a8944e0c5e84db99779c5783f54770,0xc0a5d01f648d51bba0d516998f1a3146dd780c41,BUY,Yes,76626557395718138549682497346449622033790455953645207983251701172676708683039,0xcec7958225b06aa2464a72d934ddcc9b66bb6f35ad065010496d8db92de412a0,0.9399999898,3.925516,3.6899849999597367,1722088949,Will a Republican win Alaska Presidential Election?
0x0a773ac91c1b1c94b87ef09035a57e312924baed4b3a8f8fbb76de427ecba4f4,0x603a1a012f93fe5a0ed473777294e042e4b4fc8b,BUY,Yes,76626557395718138549682497346449622033790455953645207983251701172676708683039,0xcec7958225b06aa2464a72d934ddcc9b66bb6f35ad065010496d8db92de412a0,0.9399999996,106.382966,99.99998799744681,1722075842,Will a Republican win Alaska Presidential Election?
0xffa9ed9c2db2dce0bea14e969361142d4d5aec6fd1cf89a7bfc569e3ca68cded,0x0a38e0e79396948c4c93f577083adae229aed42c,BUY,Yes,76626557395718138549682497346449622033790455953645207983251701172676708683039,0xcec7958225b06aa2464a72d934ddcc9b66bb6f35ad065010496d8db92de412a0,0.9399999624,1.063816,0.9999870000005185,1722070893,Will a Republican win Alaska Presidential Election?
0xc4f6a5b49265df3cfa66f2e065f3b25053132d56552c9db11a8fb95aaf2ea3ba,0x7e76fee9815aa75bcfda23f353f06b0c71d33d80,BUY,Yes,76626557395718138549682497346449622033790455953645207983251701172676708683039,0xcec7958225b06aa2464a72d934ddcc9b66bb6f35ad065010496d8db92de412a0,0.9399999997,145.702116,136.95998899628935,1722068433,Will a Republican win Alaska Presidential Election?
0x9485fd96a2ee8293ba85f21f7eb1c3568d6a5cfd509933f7dbd4f58c2e055c0f,0x5040654598875bde3d9931d547474f1883cafbfc,BUY,Yes,76626557395718138549682497346449622033790455953645207983251701172676708683039,0xcec7958225b06aa2464a72d934ddcc9b66bb6f35ad065010496d8db92de412a0,0.9399999997,126.563816,118.96998700203086,1722067403,Will a Republican win Alaska Presidential Election?
0x008bef79fd07df72c7a3006a3db9e2a29bddc817993f3205519d97de5c82d0dc,0x6239797f415be00d709d5ad4eac5da72a5f5e997,BUY,Yes,76626557395718138549682497346449622033790455953645207983251701172676708683039,0xcec7958225b06aa2464a72d934ddcc9b66bb6f35ad065010496d8db92de412a0,0.9399999996,92.521266,86.9699900029915,1722065887,Will a Republican win Alaska Presidential Election?
0xb4687492c51d65710b6ac76fe096a2f01a6f26a353c8a6ce8ace6cf16ccc6879,0x9e5119acf4493a6d33ec4034bbf3f37dcc637538,BUY,Yes,76626557395718138549682497346449622033790455953645207983251701172676708683039,0xcec7958225b06aa2464a72d934ddcc9b66bb6f35ad065010496d8db92de412a0,0.9399999962,5.319133,4.999984999787294,1722065769,Will a Republican win Alaska Presidential Election?
0x4123ad3974b13064888bdb7466ce01776d8301cc0fe3c852cad246af10040751,0x1c87e8489d97746599054cd1f196627dc0e31f80,BUY,Yes,76626557395718138549682497346449622033790455953645207983251701172676708683039,0xcec7958225b06aa2464a72d934ddcc9b66bb6f35ad065010496d8db92de412a0,0.9399999998,107.414883,100.96998999851704,1722065181,Will a Republican win Alaska Presidential Election?
0xc77064f87e59fe4ef11765aa8811dab6e94e64983ba7dc17b2eea123dfc8c5c5,0x2a1876963a46cda241a3298cb3665c5507f0169f,BUY,Yes,76626557395718138549682497346449622033790455953645207983251701172676708683039,0xcec7958225b06aa2464a72d934ddcc9b66bb6f35ad065010496d8db92de412a0,0.9399999997,63.829783,59.99999600085107,1722004654,Will a Republican win Alaska Presidential Election?
0x39063d8832512551de120af506059f8c5ecefbd426bd67427e81b3041fc32568,0x843409738e5533ce49d5f45d024b88ee61da34b9,BUY,No,9646994822693149615303360714935546561049708672550992328943885204944470918778,0xcec7958225b06aa2464a72d934ddcc9b66bb6f35ad065010496d8db92de412a0,0.07,904,63.28000000000001,1721992192,Will a Republican win Alaska Presidential Election?
0xc1055b6d444c12bcb5e849fe3e2afced3a9f40b907d8e03990980eae54beb238,0xf6129c47f5ef4cab25f3aa67b5e3aaac77b15700,SELL,No,9646994822693149615303360714935546561049708672550992328943885204944470918778,0xcec7958225b06aa2464a72d934ddcc9b66bb6f35ad065010496d8db92de412a0,0.07,22.76,1.5932000000000002,1721992188,Will a Republican win Alaska Presidential Election?
0xea5ca94526bbad64a2f01ce76d75d835b82d8aa9502f4d9d2ca4cbaed7245137,0xf7fbe05ee7f52f66c27115880b741d7102fdc090,BUY,Yes,76626557395718138549682497346449622033790455953645207983251701172676708683039,0xcec7958225b06aa2464a72d934ddcc9b66bb6f35ad065010496d8db92de412a0,0.9299999996,166.623642,154.95998699335053,1721990170,Will a Republican win Alaska Presidential Election?
0xf6e787718355e17c1e07637a89f69f2cf282f65666490c388b5cef99d0879e3a,0x4de97e1988c522ca91122577d667d9487edcc755,BUY,Yes,76626557395718138549682497346449622033790455953645207983251701172676708683039,0xcec7958225b06aa2464a72d934ddcc9b66bb6f35ad065010496d8db92de412a0,0.9299999998,141.892471,131.9599980016215,1721989728,Will a Republican win Alaska Presidential Election?
0x8232fd1508eb114956db22861aa56e318dce016484cee9aa0a89705823f20965,0xfe1eaa937c32fad0e0483f3d078f249104748026,BUY,Yes,76626557395718138549682497346449622033790455953645207983251701172676708683039,0xcec7958225b06aa2464a72d934ddcc9b66bb6f35ad065010496d8db92de412a0,0.9299999998,246.161285,228.92999500076775,1721988824,Will a Republican win Alaska Presidential Election?
0x9d199f4fa7fc9698e934cec6b7e1b4819c72963a5df3d01bec4cffbed88a20d7,0xe09fc15cca6892daa66f03e82bb08fdcc2d6d5ba,BUY,Yes,76626557395718138549682497346449622033790455953645207983251701172676708683039,0xcec7958225b06aa2464a72d934ddcc9b66bb6f35ad065010496d8db92de412a0,0.9299999998,153.709671,142.94999399925806,1721988416,Will a Republican win Alaska Presidential Election?
0x4f4d763e45ab32d396449323a2f3da0a112d8b0620228ed0e854565d473556be,0x375f02fbbc88bc337e968edef2dd1e9e986c60a9,BUY,Yes,76626557395718138549682497346449622033790455953645207983251701172676708683039,0xcec7958225b06aa2464a72d934ddcc9b66bb6f35ad065010496d8db92de412a0,0.9299999997,127.924728,118.96999700162259,1721988044,Will a Republican win Alaska Presidential Election?
0x28cb8d1a08a8597d9d93b4e3aa7d1f2369afbdc13b190be01d29844f8e5ea16d,0x69a903d11ad641a9383cc81e5696daecb1426110,BUY,Yes,76626557395718138549682497346449622033790455953645207983251701172676708683039,0xcec7958225b06aa2464a72d934ddcc9b66bb6f35ad065010496d8db92de412a0,0.93,86,79.98,1721915802,Will a Republican win Alaska Presidential Election?
0x49c4f1dac72c27001fa71756e080560db89b9396443e0300440c4aa78d31a7e4,0xa8d6075b36f6f8582c37ad4e350c8a82fbcc6b78,BUY,Yes,76626557395718138549682497346449622033790455953645207983251701172676708683039,0xcec7958225b06aa2464a72d934ddcc9b66bb6f35ad065010496d8db92de412a0,0.9299999999,104.279557,96.97998799957205,1721915438,Will a Republican win Alaska Presidential Election?
0x5100cfec0acd5d6c5e727e7c7ccf628c359420be94e733e96ef0ede641d47fba,0x6db6357cbd48e5a4ffd9eeffaaf1f2201061bc98,BUY,Yes,76626557395718138549682497346449622033790455953645207983251701172676708683039,0xcec7958225b06aa2464a72d934ddcc9b66bb6f35ad065010496d8db92de412a0,0.93,106.4301,98.97999300000001,1721915078,Will a Republican win Alaska Presidential Election?
0x9a3f502c407a05f6baade7779748aae8e952ddbd2329593bebb322b219c90281,0x2463edb6d5d69d1b2bfd99bb0918f0e1e93724ee,BUY,Yes,76626557395718138549682497346449622033790455953645207983251701172676708683039,0xcec7958225b06aa2464a72d934ddcc9b66bb6f35ad065010496d8db92de412a0,0.9299999999,144.064514,133.97999800559356,1721914698,Will a Republican win Alaska Presidential Election?
0xfcbbdb76f8c2174a44bddda3d80a7e6d768d056f0f323aba5b6b013829cff2e9,0x7c20ba2444d89e9178fe70150ab82cfbabfb61dd,BUY,Yes,76626557395718138549682497346449622033790455953645207983251701172676708683039,0xcec7958225b06aa2464a72d934ddcc9b66bb6f35ad065010496d8db92de412a0,0.9299999998,130.086014,120.9799929939828,1721914286,Will a Republican win Alaska Presidential Election?
0x0f25ac8df171136b45e45464e4a103ea9df023e97cc5e18a66b3b2b73e693272,0xa39721857414ae182d85c0c27b9f7a4b11680a0c,BUY,Yes,76626557395718138549682497346449622033790455953645207983251701172676708683039,0xcec7958225b06aa2464a72d934ddcc9b66bb6f35ad065010496d8db92de412a0,0.9299999996,134.387085,124.97998899624518,1721913930,Will a Republican win Alaska Presidential Election?
0x820a333f841cd4e43299bf158b83cb530fb26e7a0b3b724a52d62343a5b7b0db,0xd8b24d7b02b7cf04961fea75c0b478a4147502fe,BUY,Yes,76626557395718138549682497346449622033790455953645207983251701172676708683039,0xcec7958225b06aa2464a72d934ddcc9b66bb6f35ad065010496d8db92de412a0,0.9299999999,135.462357,125.97999199645376,1721913560,Will a Republican win Alaska Presidential Election?
0x0124b3c48ac521e0589162c5ef4ee01c8a2874d4ce6958d339b852dc6361a15b,0xfb8dca563644fa0fe6fa7c80907a1e11f858951b,BUY,Yes,76626557395718138549682497346449622033790455953645207983251701172676708683039,0xcec7958225b06aa2464a72d934ddcc9b66bb6f35ad065010496d8db92de412a0,0.9299999992,219.311826,203.95999800455053,1721913180,Will a Republican win Alaska Presidential Election?
0xc303c8b853d26b4283955df5770b2eee55d71c66d04970e6de8395c6eed01f4a,0x9e5119acf4493a6d33ec4034bbf3f37dcc637538,BUY,Yes,76626557395718138549682497346449622033790455953645207983251701172676708683039,0xcec7958225b06aa2464a72d934ddcc9b66bb6f35ad065010496d8db92de412a0,0.9299999154,10.752687,9.99999800032268,1721893070,Will a Republican win Alaska Presidential Election?
0xfffb74062fab87710f48c5593c27d21da839526ffb48ceaa1bf65097696b4a0e,0xf1628c187a0a0d5d042c316946735ec731b8b6b5,BUY,Yes,76626557395718138549682497346449622033790455953645207983251701172676708683039,0xcec7958225b06aa2464a72d934ddcc9b66bb6f35ad065010496d8db92de412a0,0.9299999991,537.634407,499.99999802612905,1721846025,Will a Republican win Alaska Presidential Election?
0x002241859d9ea95f03b343c7a900618a8c665bc25bcc17749bdcaa7c80dd9e16,0xfcb034faade540c47ad37e582f6e0c762feac865,SELL,Yes,76626557395718138549682497346449622033790455953645207983251701172676708683039,0xcec7958225b06aa2464a72d934ddcc9b66bb6f35ad065010496d8db92de412a0,0.92,0.53,0.48760000000000003,1721834003,Will a Republican win Alaska Presidential Election?
0x60900b1933596bf1930c3ae5eb47176a83e87f8d9a1191552e538c291445d785,0x2a72475bae803cbde8f0266dab17fe5d041d9453,BUY,Yes,76626557395718138549682497346449622033790455953645207983251701172676708683039,0xcec7958225b06aa2464a72d934ddcc9b66bb6f35ad065010496d8db92de412a0,0.9299999951,132.225805,122.96999800209356,1721829394,Will a Republican win Alaska Presidential Election?
0xed47de3d28d448006c34a03fe2fb7e3d652def2e2a43c9299d3c76d6a28bfd58,0x90ef97f983c5e1cfb12f085eab626e62f596c0fb,BUY,Yes,76626557395718138549682497346449622033790455953645207983251701172676708683039,0xcec7958225b06aa2464a72d934ddcc9b66bb6f35ad065010496d8db92de412a0,0.9299999926,134.376343,124.96999799561505,1721828742,Will a Republican win Alaska Presidential Election?
0xc7d9986cad74d3e9f72bab0cb22af40006a2bf9deebc7fe7eae44482bd2ecabd,0xa7a766a3a65252fca4f3d44a8d1c9062b068df81,BUY,Yes,76626557395718138549682497346449622033790455953645207983251701172676708683039,0xcec7958225b06aa2464a72d934ddcc9b66bb6f35ad065010496d8db92de412a0,0.9299999965,156.946235,145.9599980006882,1721828170,Will a Republican win Alaska Presidential Election?
0x6c8bb6a9ddc58e491d016f9b5c3400e9d6b0ee1276c0d2a1b91f48380c40d403,0x340205e809efb8455db0fa12e57ebade51b8b567,BUY,Yes,76626557395718138549682497346449622033790455953645207983251701172676708683039,0xcec7958225b06aa2464a72d934ddcc9b66bb6f35ad065010496d8db92de412a0,0.9299999954,144.053762,133.9699979973527,1721827482,Will a Republican win Alaska Presidential Election?
0x5093ba735798b8ee6d416b1bf11a2991702e7f2a0c1714fcf4d983d61ee4c0f1,0xdf42d4f51ea267f558ad689a5d812f34870ec6a8,BUY,Yes,76626557395718138549682497346449622033790455953645207983251701172676708683039,0xcec7958225b06aa2464a72d934ddcc9b66bb6f35ad065010496d8db92de412a0,0.9299999941,112.881719,104.97999800399786,1721826720,Will a Republican win Alaska Presidential Election?
0x8ee0a7d4ea2853001bda3e55925b9477e4f91c7149377635de1b08a8beb51f90,0x8c3a685d21856f02eb479d800ea3da10506d881c,BUY,Yes,76626557395718138549682497346449622033790455953645207983251701172676708683039,0xcec7958225b06aa2464a72d934ddcc9b66bb6f35ad065010496d8db92de412a0,0.9299999963,131.150536,121.969997994743,1721824852,Will a Republican win Alaska Presidential Election?
0x4612b3b7012f1c3521decf902c55231238a96808d3afc62c1d8fa3ba1623a819,0x954d670e5d1b6a6d16bfb8d9981143230cb20e27,BUY,Yes,76626557395718138549682497346449622033790455953645207983251701172676708683039,0xcec7958225b06aa2464a72d934ddcc9b66bb6f35ad065010496d8db92de412a0,0.9299999968,154.80645,143.96999800461938,1721823916,Will a Republican win Alaska Presidential Election?
0x6febecf3bfd25e66050617dbbbfbd43fa3698e443f5c3e91a44ca9fd4719bff3,0xca96c7873e542c47170042284ae8f098e2fd371d,BUY,Yes,76626557395718138549682497346449622033790455953645207983251701172676708683039,0xcec7958225b06aa2464a72d934ddcc9b66bb6f35ad065010496d8db92de412a0,0.93,146.2043,135.969999,1721823370,Will a Republican win Alaska Presidential Election?
0xbb6aa2e28eebb0431ac8aa7d45ebdc75ca16134da59a24b6a3734b1727a2e5b3,0x23782e8e8f330ed489d68903e0cca105ddb1a059,BUY,Yes,76626557395718138549682497346449622033790455953645207983251701172676708683039,0xcec7958225b06aa2464a72d934ddcc9b66bb6f35ad065010496d8db92de412a0,0.9299999991,537.634407,499.99999802612905,1721768001,Will a Republican win Alaska Presidential Election?
0xd50a8f487c1beadcfa559149bb69de4f57f214dfb48d3f4fc4f773cc3ca297e2,0x2bae4c36078ce4b281d30427c49eab122fa9965a,SELL,Yes,76626557395718138549682497346449622033790455953645207983251701172676708683039,0xcec7958225b06aa2464a72d934ddcc9b66bb6f35ad065010496d8db92de412a0,0.92,21.5,19.78,1721722481,Will a Republican win Alaska Presidential Election?
0x53cdba7485ba702d81b97337564069c05ae042c34de7da2be8cbbea9a9333001,0x2bae4c36078ce4b281d30427c49eab122fa9965a,BUY,Yes,76626557395718138549682497346449622033790455953645207983251701172676708683039,0xcec7958225b06aa2464a72d934ddcc9b66bb6f35ad065010496d8db92de412a0,0.93,21.5,19.995,1721722353,Will a Republican win Alaska Presidential Election?
0xedaf002b3fa51b654fea7ed7b615cb06918f019a1b844adadf516bc648fa1060,0x0c216afe27d9ae38c91c298ef03c8d86e24fdcfb,SELL,Yes,76626557395718138549682497346449622033790455953645207983251701172676708683039,0xcec7958225b06aa2464a72d934ddcc9b66bb6f35ad065010496d8db92de412a0,0.92,1.08,0.9936000000000001,1721722167,Will a Republican win Alaska Presidential Election?
0x3716e2154986413ad8522fc45f66a7556d4290c2d062305047f0a4b9c33cc30d,0x8f23aead02f055b69c7f7db51a2d74187bb2c7d0,BUY,No,9646994822693149615303360714935546561049708672550992328943885204944470918778,0xcec7958225b06aa2464a72d934ddcc9b66bb6f35ad065010496d8db92de412a0,0.08,1500,120.0,1721669645,Will a Republican win Alaska Presidential Election?
0x6f1c1f5a964bfe72437dcb2d2b2a35fc300b1321506b2de50dc6ccf248a21fae,0xfcb034faade540c47ad37e582f6e0c762feac865,BUY,Yes,76626557395718138549682497346449622033790455953645207983251701172676708683039,0xcec7958225b06aa2464a72d934ddcc9b66bb6f35ad065010496d8db92de412a0,0.9299987166,0.537633,0.49999800000180783,1721666451,Will a Republican win Alaska Presidential Election?
0x1d41aa4eb2ffb1a7414591bfaa5910ecfcfa3e03117ec5567d3c9f9cc887da87,0x7f7f97ed0d58bda34f72af9027d23ce2fed0bf5f,SELL,Yes,76626557395718138549682497346449622033790455953645207983251701172676708683039,0xcec7958225b06aa2464a72d934ddcc9b66bb6f35ad065010496d8db92de412a0,0.92,1.08,0.9936000000000001,1721640961,Will a Republican win Alaska Presidential Election?
0xf4cd5a7d9e76a92932bd229dcd5176e3c83716c75c0926f9ad55cb8ef0cd0a56,0xb5f8a994e65480593f36735d7afe157656cf4fa2,SELL,Yes,76626557395718138549682497346449622033790455953645207983251701172676708683039,0xcec7958225b06aa2464a72d934ddcc9b66bb6f35ad065010496d8db92de412a0,0.92,37.23,34.251599999999996,1720928725,Will a Republican win Alaska Presidential Election?
0x4fd46280f5bf5310f1c50aa56cc2139e021f04e4b8bf71f290ea4331436a93e9,0xe3818bd7984d29749f1dcc7e80aa7edaa02b2df7,SELL,Yes,76626557395718138549682497346449622033790455953645207983251701172676708683039,0xcec7958225b06aa2464a72d934ddcc9b66bb6f35ad065010496d8db92de412a0,0.92,37.23,34.251599999999996,1720928541,Will a Republican win Alaska Presidential Election?
0x1f1419bcd33a8dc659fbefe4af821e084e22bf8341e5fe49e1bcc73e90444ce5,0xa9092047d4353e6c30a3de54b1a5385732d01819,SELL,Yes,76626557395718138549682497346449622033790455953645207983251701172676708683039,0xcec7958225b06aa2464a72d934ddcc9b66bb6f35ad065010496d8db92de412a0,0.92,37.23,34.251599999999996,1720928383,Will a Republican win Alaska Presidential Election?
0x007a7a1298fc0d35e78be427708d95e657b33b5f635030c498fff22c395ea4e7,0xb5f8a994e65480593f36735d7afe157656cf4fa2,BUY,Yes,76626557395718138549682497346449622033790455953645207983251701172676708683039,0xcec7958225b06aa2464a72d934ddcc9b66bb6f35ad065010496d8db92de412a0,0.9399999995,37.234033,34.99999100138298,1720926303,Will a Republican win Alaska Presidential Election?
0x157b27aa83897bedea35f9ff567ef0365a310617b6abd032bfbc09ee993579c8,0xe3818bd7984d29749f1dcc7e80aa7edaa02b2df7,BUY,Yes,76626557395718138549682497346449622033790455953645207983251701172676708683039,0xcec7958225b06aa2464a72d934ddcc9b66bb6f35ad065010496d8db92de412a0,0.9399999995,37.234033,34.99999100138298,1720925841,Will a Republican win Alaska Presidential Election?
0xd3257fb2600ede9cd42be77216d6fa7e7e71a95b05aa277251d8896d6c57f48e,0x182b2bd1f035abe76eeb2244b32d9ebac27ef022,SELL,No,9646994822693149615303360714935546561049708672550992328943885204944470918778,0xcec7958225b06aa2464a72d934ddcc9b66bb6f35ad065010496d8db92de412a0,0.06,200,12.0,1720924804,Will a Republican win Alaska Presidential Election?
0x78ceff9c8e1b5f94e6086092695503d9f681e4594fcf9d6d1f9080fcdeed612e,0xa9092047d4353e6c30a3de54b1a5385732d01819,BUY,Yes,76626557395718138549682497346449622033790455953645207983251701172676708683039,0xcec7958225b06aa2464a72d934ddcc9b66bb6f35ad065010496d8db92de412a0,0.9399999995,37.234033,34.99999100138298,1720924104,Will a Republican win Alaska Presidential Election?
0x150678e582dab07b6eaba33f86043be92ce11c4349d196fb8a55776bc966b037,0x6b7ec4ba079c0a258435ea36025f6190cd424562,SELL,No,9646994822693149615303360714935546561049708672550992328943885204944470918778,0xcec7958225b06aa2464a72d934ddcc9b66bb6f35ad065010496d8db92de412a0,0.07,1500,105.00000000000001,1720919338,Will a Republican win Alaska Presidential Election?
0x66eee81c8e74af56fe5543c2bcf2386735863a69aae94a37b0c7ec6169515de4,0x42cb730fd89ab159c1b85fbb5412f2e7da318412,BUY,Yes,76626557395718138549682497346449622033790455953645207983251701172676708683039,0xcec7958225b06aa2464a72d934ddcc9b66bb6f35ad065010496d8db92de412a0,0.9272558473,6257.56,5802.359099830588,1720919170,Will a Republican win Alaska Presidential Election?
0x8c63326ba657d3301d727dfa7546cc8b4871265b92a2984ea6d2acfa517c7fa8,0x249c9376903729a9270cd9a29038a118d8bd06e3,BUY,Yes,76626557395718138549682497346449622033790455953645207983251701172676708683039,0xcec7958225b06aa2464a72d934ddcc9b66bb6f35ad065010496d8db92de412a0,0.92,1075,989.0,1720539849,Will a Republican win Alaska Presidential Election?
0x74702b488b702d050ef7eb37873b451b3c4c75f90ffcbad747df8f04b0bb5ae8,0x182b2bd1f035abe76eeb2244b32d9ebac27ef022,SELL,Yes,76626557395718138549682497346449622033790455953645207983251701172676708683039,0xcec7958225b06aa2464a72d934ddcc9b66bb6f35ad065010496d8db92de412a0,0.91,200,182.0,1720455517,Will a Republican win Alaska Presidential Election?
0xff061bb510d2e03ff595ad887b325cc09452328abae6a34ce50ea964a87e3a5d,0x6356fb47642a028bc09df92023c35a21a0b41885,SELL,Yes,76626557395718138549682497346449622033790455953645207983251701172676708683039,0xcec7958225b06aa2464a72d934ddcc9b66bb6f35ad065010496d8db92de412a0,0.92,1760.61,1619.7612,1720455505,Will a Republican win Alaska Presidential Election?
0xd60200b4e4b62d9f02282d645351e0370635e5432b7d49e46246ad1d035911a1,0xdaea2d3fe355555825ee998992fbeb3cab2a6eca,SELL,Yes,76626557395718138549682497346449622033790455953645207983251701172676708683039,0xcec7958225b06aa2464a72d934ddcc9b66bb6f35ad065010496d8db92de412a0,0.92,129.03,118.7076,1720390759,Will a Republican win Alaska Presidential Election?
0x737628bcbb857aab16e875e941521ee5df3135fd30051b6f411cc032658904af,0x3f8b058fe34019f681e3cedcd4e7ea5164865174,BUY,Yes,76626557395718138549682497346449622033790455953645207983251701172676708683039,0xcec7958225b06aa2464a72d934ddcc9b66bb6f35ad065010496d8db92de412a0,0.9299999139,5.80645,5.399998000064655,1720342975,Will a Republican win Alaska Presidential Election?
0x76c6a78cae4edf26a97ebc9806645e3a3766a737cdcd48acc22143e3e5eb3564,0x3f8b058fe34019f681e3cedcd4e7ea5164865174,SELL,Yes,76626557395718138549682497346449622033790455953645207983251701172676708683039,0xcec7958225b06aa2464a72d934ddcc9b66bb6f35ad065010496d8db92de412a0,0.92,0.1,0.09200000000000001,1720342889,Will a Republican win Alaska Presidential Election?
0x81df7c29097b14738b5afbbc92e2cdaedceab8a24e8fe9b98cd4b7e48026eb74,0x3f8b058fe34019f681e3cedcd4e7ea5164865174,BUY,Yes,76626557395718138549682497346449622033790455953645207983251701172676708683039,0xcec7958225b06aa2464a72d934ddcc9b66bb6f35ad065010496d8db92de412a0,0.929997675,0.107525,0.09999800000437499,1720342885,Will a Republican win Alaska Presidential Election?
0xa2829b7db36962672f7d8fb3f166273616f73c3b268baf3c0bc163c13e2de35a,0x7d829ea99b75c9c5481f125996c8f26037b26a48,BUY,Yes,76626557395718138549682497346449622033790455953645207983251701172676708683039,0xcec7958225b06aa2464a72d934ddcc9b66bb6f35ad065010496d8db92de412a0,0.9299999643,6.451611,5.999997999677487,1720337062,Will a Republican win Alaska Presidential Election?
0xbe1cc527ca3ecd41ddb0e7831198ee65d03104378347fa199c81e85c0f9285f6,0x7d829ea99b75c9c5481f125996c8f26037b26a48,SELL,Yes,76626557395718138549682497346449622033790455953645207983251701172676708683039,0xcec7958225b06aa2464a72d934ddcc9b66bb6f35ad065010496d8db92de412a0,0.92,0.1,0.09200000000000001,1720337012,Will a Republican win Alaska Presidential Election?
0xb6eaf5b02454bc8002c5bd566e8cb37ea66128f223ee37c92ca8316e004e9be6,0x7d829ea99b75c9c5481f125996c8f26037b26a48,BUY,Yes,76626557395718138549682497346449622033790455953645207983251701172676708683039,0xcec7958225b06aa2464a72d934ddcc9b66bb6f35ad065010496d8db92de412a0,0.929997675,0.107525,0.09999800000437499,1720337006,Will a Republican win Alaska Presidential Election?
0x0570e0d628076b44349e14bbe6f3bd1a2b8591c5db0daca5212e940e5cd3ee9b,0x3cf3e8d5427aed066a7a5926980600f6c3cf87b3,SELL,Yes,76626557395718138549682497346449622033790455953645207983251701172676708683039,0xcec7958225b06aa2464a72d934ddcc9b66bb6f35ad065010496d8db92de412a0,0.92,153.39,141.1188,1720275655,Will a Republican win Alaska Presidential Election?
0x0d517e123f1939bf24389b96de47947a9eda988e0d89e98ed726e3259c1b6916,0xf6129c47f5ef4cab25f3aa67b5e3aaac77b15700,SELL,Yes,76626557395718138549682497346449622033790455953645207983251701172676708683039,0xcec7958225b06aa2464a72d934ddcc9b66bb6f35ad065010496d8db92de412a0,0.92,647.2,595.4240000000001,1720226565,Will a Republican win Alaska Presidential Election?
0x7b8058ae07d83595c0f7032546120fbc329f6f466e329290f894a61bf8ef892e,0xe1aff568c9ce89fbd38e89071515f1d75aefd23b,BUY,Yes,76626557395718138549682497346449622033790455953645207983251701172676708683039,0xcec7958225b06aa2464a72d934ddcc9b66bb6f35ad065010496d8db92de412a0,0.93,100,93.0,1719968362,Will a Republican win Alaska Presidential Election?
0x4ca35653d77ecb123364949a78ec8cf871ac2926b2215b04343fa59bea1e0d89,0xb44ae9df010b26131d49c20dee50c69d84fadc5f,SELL,Yes,76626557395718138549682497346449622033790455953645207983251701172676708683039,0xcec7958225b06aa2464a72d934ddcc9b66bb6f35ad065010496d8db92de412a0,0.92,322.58,296.7736,1719931742,Will a Republican win Alaska Presidential Election?
0x10d2b9e821b3dc0751c21191a46a107b39af76fa4c0a46ae2ecf799fd005cae3,0x0663bd89881889b761135350230b084746a78cdf,SELL,Yes,76626557395718138549682497346449622033790455953645207983251701172676708683039,0xcec7958225b06aa2464a72d934ddcc9b66bb6f35ad065010496d8db92de412a0,0.92,324.62,298.6504,1719928883,Will a Republican win Alaska Presidential Election?
0x8d9c99bb67aa37e588ebc5ad3ac68bcfa753319a54756d0ee4aa58ad25d21e83,0x53e864c926967ce0cfe88eefbc46564aed40f226,SELL,Yes,76626557395718138549682497346449622033790455953645207983251701172676708683039,0xcec7958225b06aa2464a72d934ddcc9b66bb6f35ad065010496d8db92de412a0,0.92,153.53,141.2476,1719861601,Will a Republican win Alaska Presidential Election?
0x98c83a0a79cf725337871e39f8b824ff260abd2e3279399ad170549ef1e5f431,0xcfc4a3ba2e011bc9adea9d686f92e36f393e6f2d,SELL,Yes,76626557395718138549682497346449622033790455953645207983251701172676708683039,0xcec7958225b06aa2464a72d934ddcc9b66bb6f35ad065010496d8db92de412a0,0.92,1.09,1.0028000000000001,1719727730,Will a Republican win Alaska Presidential Election?
0xcebe396137ac917cf00c294388f6c221da22d1779a6083f6b6791d77ce5a780b,0xf6a2ba0a504dc9429ce45e24324bbd89b1ca90ec,BUY,Yes,76626557395718138549682497346449622033790455953645207983251701172676708683039,0xcec7958225b06aa2464a72d934ddcc9b66bb6f35ad065010496d8db92de412a0,0.9299999154,10.752687,9.99999800032268,1719688258,Will a Republican win Alaska Presidential Election?
0xb04808ec0ad7edb796286de9c0f8f752f8c9277d06ad6c2aadef9ca403b98155,0xdb98bbf45fc10eead47402eb15c8271bfb018bfd,BUY,Yes,76626557395718138549682497346449622033790455953645207983251701172676708683039,0xcec7958225b06aa2464a72d934ddcc9b66bb6f35ad065010496d8db92de412a0,0.9299999953,10.752685,9.99999699946238,1719516026,Will a Republican win Alaska Presidential Election?
0x1be2b1ed1f60ed16f32dfb7fe622bf68f09ccfa44f1c27dfa371e0c42f9db1ec,0xdaea2d3fe355555825ee998992fbeb3cab2a6eca,BUY,Yes,76626557395718138549682497346449622033790455953645207983251701172676708683039,0xcec7958225b06aa2464a72d934ddcc9b66bb6f35ad065010496d8db92de412a0,0.9299999999,129.032257,119.99999899709677,1719505709,Will a Republican win Alaska Presidential Election?
0x0eeb45f0ca39f45e74373754750b895c9888a52f83ed26167dcbde7b5fccf552,0xdaea2d3fe355555825ee998992fbeb3cab2a6eca,SELL,Yes,76626557395718138549682497346449622033790455953645207983251701172676708683039,0xcec7958225b06aa2464a72d934ddcc9b66bb6f35ad065010496d8db92de412a0,0.91,462.37,420.7567,1719505697,Will a Republican win Alaska Presidential Election?
0xc7f4198eb7c8199ce0fdb4e4dbf97f8a97b1914ff445587d73c7dfb0b632ba28,0xdaea2d3fe355555825ee998992fbeb3cab2a6eca,BUY,Yes,76626557395718138549682497346449622033790455953645207983251701172676708683039,0xcec7958225b06aa2464a72d934ddcc9b66bb6f35ad065010496d8db92de412a0,0.9299999979,462.376343,430.0099980190097,1719505659,Will a Republican win Alaska Presidential Election?
0xa1e6dd5939c20110ca649046cab82f1a72d6e8bc178458249cd764ee69a890d2,0xb44ae9df010b26131d49c20dee50c69d84fadc5f,BUY,Yes,76626557395718138549682497346449622033790455953645207983251701172676708683039,0xcec7958225b06aa2464a72d934ddcc9b66bb6f35ad065010496d8db92de412a0,0.9299999971,322.580644,299.99999798451614,1719503671,Will a Republican win Alaska Presidential Election?
0xca08ae2989a63482f356254c5c331568c41314b965670a166ff5fddd970d4a69,0xb44ae9df010b26131d49c20dee50c69d84fadc5f,SELL,Yes,76626557395718138549682497346449622033790455953645207983251701172676708683039,0xcec7958225b06aa2464a72d934ddcc9b66bb6f35ad065010496d8db92de412a0,0.91,432.61,393.67510000000004,1719503659,Will a Republican win Alaska Presidential Election?
0x870e3f70caf8a8d34c86b930c7627a08fdd7af5ad585ee6d7ac4abfddb47e255,0xb44ae9df010b26131d49c20dee50c69d84fadc5f,BUY,Yes,76626557395718138549682497346449622033790455953645207983251701172676708683039,0xcec7958225b06aa2464a72d934ddcc9b66bb6f35ad065010496d8db92de412a0,0.93,432.6129,402.32999700000005,1719503651,Will a Republican win Alaska Presidential Election?
0x72eec888357a0f2206449a5efa5ddc7af5c2d7deedc32e5891a92bc428f094a2,0x59ee6c6a56d7b00223f0c30f8002c4df762b684d,BUY,No,9646994822693149615303360714935546561049708672550992328943885204944470918778,0xcec7958225b06aa2464a72d934ddcc9b66bb6f35ad065010496d8db92de412a0,0.09,10.75,0.9674999999999999,1719502835,Will a Republican win Alaska Presidential Election?
0x47e9c2ed615c672da250bb243c2bfddc87c8bc20b6cff87468bd115d622a867a,0x53e864c926967ce0cfe88eefbc46564aed40f226,BUY,Yes,76626557395718138549682497346449622033790455953645207983251701172676708683039,0xcec7958225b06aa2464a72d934ddcc9b66bb6f35ad065010496d8db92de412a0,0.9299999997,153.537628,142.78999399393874,1719502215,Will a Republican win Alaska Presidential Election?
0xd281c17126d835b29c2a1ca22b4c7f9c63165ac7593eeed07d94151d14032a17,0x0663bd89881889b761135350230b084746a78cdf,BUY,Yes,76626557395718138549682497346449622033790455953645207983251701172676708683039,0xcec7958225b06aa2464a72d934ddcc9b66bb6f35ad065010496d8db92de412a0,0.9231457955,324.618271,299.6699920161296,1719480033,Will a Republican win Alaska Presidential Election?
0x5900aefa7c18d2378e6730916a523c83d57d927ea10be44e8d157f0bd3d770c0,0x0663bd89881889b761135350230b084746a78cdf,SELL,Yes,76626557395718138549682497346449622033790455953645207983251701172676708683039,0xcec7958225b06aa2464a72d934ddcc9b66bb6f35ad065010496d8db92de412a0,0.9,332.96,299.664,1719480005,Will a Republican win Alaska Presidential Election?
0x2bcb7c3e45e25899c07a437502473b04d8d27b3f97643fd42262a4df3502c2c2,0x0663bd89881889b761135350230b084746a78cdf,BUY,Yes,76626557395718138549682497346449622033790455953645207983251701172676708683039,0xcec7958225b06aa2464a72d934ddcc9b66bb6f35ad065010496d8db92de412a0,0.9199999976,332.96739,306.3299980008783,1719479989,Will a Republican win Alaska Presidential Election?
0x66413c16011731c99bf3674d6954bf8a212e3e8ba11caa0a38004bc82e34263f,0x0663bd89881889b761135350230b084746a78cdf,SELL,Yes,76626557395718138549682497346449622033790455953645207983251701172676708683039,0xcec7958225b06aa2464a72d934ddcc9b66bb6f35ad065010496d8db92de412a0,0.9,340.37,306.333,1719479977,Will a Republican win Alaska Presidential Election?
0xe6066532908341c4c98e343b3841fdf7087c559435d28a36ae9cb96936e9e778,0x0663bd89881889b761135350230b084746a78cdf,BUY,Yes,76626557395718138549682497346449622033790455953645207983251701172676708683039,0xcec7958225b06aa2464a72d934ddcc9b66bb6f35ad065010496d8db92de412a0,0.9199999974,340.369564,313.13999799503915,1719479957,Will a Republican win Alaska Presidential Election?
0x104db5455a8dbaa5cf9f49a9f0cbe9fd6a72171ced73d220eff15e534f18272e,0x0663bd89881889b761135350230b084746a78cdf,SELL,Yes,76626557395718138549682497346449622033790455953645207983251701172676708683039,0xcec7958225b06aa2464a72d934ddcc9b66bb6f35ad065010496d8db92de412a0,0.9,347.93,313.137,1719479941,Will a Republican win Alaska Presidential Election?
0xc003def90a0283ebc3a2ab8b46cbfa6629f9a101f7ea726162eea3caa837b7c5,0x0663bd89881889b761135350230b084746a78cdf,BUY,Yes,76626557395718138549682497346449622033790455953645207983251701172676708683039,0xcec7958225b06aa2464a72d934ddcc9b66bb6f35ad065010496d8db92de412a0,0.9199999979,346.315216,318.60999799273804,1719479931,Will a Republican win Alaska Presidential Election?
0x42c0e5a6ac8f616f99e50001781ab0616934775f1930f921df89b48b55d8eb39,0x0663bd89881889b761135350230b084746a78cdf,SELL,Yes,76626557395718138549682497346449622033790455953645207983251701172676708683039,0xcec7958225b06aa2464a72d934ddcc9b66bb6f35ad065010496d8db92de412a0,0.9,298.6,268.74,1719479905,Will a Republican win Alaska Presidential Election?
0x172b2a15f6fef50f50feb90f223e33100b33fc1cf49a6212d0fee007e2fb9fe5,0x0663bd89881889b761135350230b084746a78cdf,BUY,Yes,76626557395718138549682497346449622033790455953645207983251701172676708683039,0xcec7958225b06aa2464a72d934ddcc9b66bb6f35ad065010496d8db92de412a0,0.9199999984,298.608694,274.71999800222613,1719479899,Will a Republican win Alaska Presidential Election?
0x7eafb4c5a2207ecbdfd8b59e4005942b33bc21f23c22a98096204aaee9e31913,0x0663bd89881889b761135350230b084746a78cdf,SELL,Yes,76626557395718138549682497346449622033790455953645207983251701172676708683039,0xcec7958225b06aa2464a72d934ddcc9b66bb6f35ad065010496d8db92de412a0,0.9,305.24,274.716,1719479893,Will a Republican win Alaska Presidential Election?
0x92f21f2467ac9a752f1d4368be3e603a3409fa86f3e3f715d68ba179d061e330,0x0663bd89881889b761135350230b084746a78cdf,BUY,Yes,76626557395718138549682497346449622033790455953645207983251701172676708683039,0xcec7958225b06aa2464a72d934ddcc9b66bb6f35ad065010496d8db92de412a0,0.9151890799,306.843694,280.8199979849772,1719479887,Will a Republican win Alaska Presidential Election?
0xad129e7021fe8b0db898996fa251621538e74babe8aef57d73c0df09e0466a6f,0x0663bd89881889b761135350230b084746a78cdf,SELL,Yes,76626557395718138549682497346449622033790455953645207983251701172676708683039,0xcec7958225b06aa2464a72d934ddcc9b66bb6f35ad065010496d8db92de412a0,0.9,312.02,280.818,1719479881,Will a Republican win Alaska Presidential Election?
0x61e1f900e7a8582a2fbe71d2df2edb4a639ac1de98f230aa2ddb95b6f184ba1f,0x0663bd89881889b761135350230b084746a78cdf,BUY,Yes,76626557395718138549682497346449622033790455953645207983251701172676708683039,0xcec7958225b06aa2464a72d934ddcc9b66bb6f35ad065010496d8db92de412a0,0.9099999998,312.021977,283.9399990075956,1719479869,Will a Republican win Alaska Presidential Election?
0x3caa5b02530ea5247522745b132bb539b0a4bc2d9246960ba9ac44b6e86cdfd1,0x59ee6c6a56d7b00223f0c30f8002c4df762b684d,BUY,No,9646994822693149615303360714935546561049708672550992328943885204944470918778,0xcec7958225b06aa2464a72d934ddcc9b66bb6f35ad065010496d8db92de412a0,0.1,200,20.0,1719479849,Will a Republican win Alaska Presidential Election?
0x5d182de4a54b907df07f56076b7ec1d54100a718ca91ad214c1fd28a2f9296f6,0x0663bd89881889b761135350230b084746a78cdf,SELL,Yes,76626557395718138549682497346449622033790455953645207983251701172676708683039,0xcec7958225b06aa2464a72d934ddcc9b66bb6f35ad065010496d8db92de412a0,0.9,508.47,457.62300000000005,1719479821,Will a Republican win Alaska Presidential Election?
0xa4d442fb7e2e10a35855898c936afcf17c75ce871a7405b336b1a7346b2176c9,0x0663bd89881889b761135350230b084746a78cdf,BUY,Yes,76626557395718138549682497346449622033790455953645207983251701172676708683039,0xcec7958225b06aa2464a72d934ddcc9b66bb6f35ad065010496d8db92de412a0,0.9099999987,508.472526,462.7099979989857,1719479813,Will a Republican win Alaska Presidential Election?
0x1536be765d91c8e8891998bbc35e4813422473edfc5a6ab620543ca86e4bcce4,0xcfc4a3ba2e011bc9adea9d686f92e36f393e6f2d,BUY,Yes,76626557395718138549682497346449622033790455953645207983251701172676708683039,0xcec7958225b06aa2464a72d934ddcc9b66bb6f35ad065010496d8db92de412a0,0.91,1.0989,0.999999,1719474279,Will a Republican win Alaska Presidential Election?
0xdd93eceb909e4608727269c8d0affa6d15c7b51e9cc33167011e684350fc7661,0x3a8651c42ac19aa3e3141531a298abc72f51dea8,BUY,Yes,76626557395718138549682497346449622033790455953645207983251701172676708683039,0xcec7958225b06aa2464a72d934ddcc9b66bb6f35ad065010496d8db92de412a0,0.9099999873,30.769229,27.99999799923079,1719467308,Will a Republican win Alaska Presidential Election?
0x73f60e051e6915c71f8260a51aee9d42de2d019ff6eb13d58dbf1d97991e15e5,0xd42f6a1634a3707e27cbae14ca966068e5d1047d,BUY,Yes,76626557395718138549682497346449622033790455953645207983251701172676708683039,0xcec7958225b06aa2464a72d934ddcc9b66bb6f35ad065010496d8db92de412a0,0.91,13.6,12.376,1719444109,Will a Republican win Alaska Presidential Election?
0x985d67f35c6632ab9a229256cb85fe4d136c532695181a283d136c10cd6a93f3,0x9e41715a30ce73ce00ecaf9bd99be03d8615cf4d,BUY,No,9646994822693149615303360714935546561049708672550992328943885204944470918778,0xcec7958225b06aa2464a72d934ddcc9b66bb6f35ad065010496d8db92de412a0,0.09,706.65,63.598499999999994,1719443105,Will a Republican win Alaska Presidential Election?
0x110484b4754b98eb401b8275e1987ec722fe41f7dd2343a057b4eea030c2888e,0x9e41715a30ce73ce00ecaf9bd99be03d8615cf4d,BUY,No,9646994822693149615303360714935546561049708672550992328943885204944470918778,0xcec7958225b06aa2464a72d934ddcc9b66bb6f35ad065010496d8db92de412a0,0.09,1000,90.0,1719442777,Will a Republican win Alaska Presidential Election?
0xc06c0cca386b7b5f449595bc84f2e45cc30b82e97dadb70a19ffb5eacc49d320,0x9e41715a30ce73ce00ecaf9bd99be03d8615cf4d,BUY,No,9646994822693149615303360714935546561049708672550992328943885204944470918778,0xcec7958225b06aa2464a72d934ddcc9b66bb6f35ad065010496d8db92de412a0,0.09,518,46.62,1719442723,Will a Republican win Alaska Presidential Election?
0x6381f671deb0566bc73705c906ea4047f38ba69685a44a544f3f971e2560d7d2,0x9e41715a30ce73ce00ecaf9bd99be03d8615cf4d,BUY,No,9646994822693149615303360714935546561049708672550992328943885204944470918778,0xcec7958225b06aa2464a72d934ddcc9b66bb6f35ad065010496d8db92de412a0,0.08,200,16.0,1719442705,Will a Republican win Alaska Presidential Election?
0x1963a38318bda0b077f4969af8b2b8f737d5df9565673e15cafb70dc3ac4890d,0x59ee6c6a56d7b00223f0c30f8002c4df762b684d,BUY,No,9646994822693149615303360714935546561049708672550992328943885204944470918778,0xcec7958225b06aa2464a72d934ddcc9b66bb6f35ad065010496d8db92de412a0,0.08,5,0.4,1719442533,Will a Republican win Alaska Presidential Election?
0x0e355bd6e8ae3072e4a7ed3be5df52a4bea1424a001e46e42ff757d859d0c275,0x0c91fd32ddb87178ae51a741e28421b3fc101971,SELL,No,9646994822693149615303360714935546561049708672550992328943885204944470918778,0xcec7958225b06aa2464a72d934ddcc9b66bb6f35ad065010496d8db92de412a0,0.07,21.5,1.5050000000000001,1719432175,Will a Republican win Alaska Presidential Election?
0xb7c790cb237f97d5e612202814de7dd6d6fc2d10100c3a0b005af6688e822346,0xfcc769285b40b71ba6ed98ac0ea2246cc16f3a7a,BUY,Yes,76626557395718138549682497346449622033790455953645207983251701172676708683039,0xcec7958225b06aa2464a72d934ddcc9b66bb6f35ad065010496d8db92de412a0,0.9299999986,21.505371,19.999994999892483,1719432017,Will a Republican win Alaska Presidential Election?
0x2fc557cdc1b1bc14f07db035f4d4b6011be21c1e0ec777b02c9c7a53bee0f9ef,0x59ee6c6a56d7b00223f0c30f8002c4df762b684d,BUY,No,9646994822693149615303360714935546561049708672550992328943885204944470918778,0xcec7958225b06aa2464a72d934ddcc9b66bb6f35ad065010496d8db92de412a0,0.09,114.31,10.2879,1719423746,Will a Republican win Alaska Presidential Election?
0xa1116741cc2c24c04ee0874846e6d646b8638d40e9014dfcaae340dfca81b540,0x59ee6c6a56d7b00223f0c30f8002c4df762b684d,BUY,No,9646994822693149615303360714935546561049708672550992328943885204944470918778,0xcec7958225b06aa2464a72d934ddcc9b66bb6f35ad065010496d8db92de412a0,0.08965,200,17.93,1719423686,Will a Republican win Alaska Presidential Election?
0xf6fed7ccfbe9dca3b047cf532fc07a8844ed8bb4c18ef5efb3ce72d2570ced3f,0x6356fb47642a028bc09df92023c35a21a0b41885,BUY,Yes,76626557395718138549682497346449622033790455953645207983251701172676708683039,0xcec7958225b06aa2464a72d934ddcc9b66bb6f35ad065010496d8db92de412a0,0.92,28.44,26.164800000000003,1719361887,Will a Republican win Alaska Presidential Election?
0x96b722b5e7cca9c65a1d085921b1e8090f232ee8e689b65e24350da0e2e386ee,0xdf41c59c9c84396974cfcfa730a351512c2cfbd3,BUY,Yes,76626557395718138549682497346449622033790455953645207983251701172676708683039,0xcec7958225b06aa2464a72d934ddcc9b66bb6f35ad065010496d8db92de412a0,0.9299999888,5.376342,4.99999799978497,1719165771,Will a Republican win Alaska Presidential Election?
0xaeb195e45792bcf7161c414e7e2501c4210c285d7c4a8e7d11da0d433840e932,0x6b7ec4ba079c0a258435ea36025f6190cd424562,SELL,No,9646994822693149615303360714935546561049708672550992328943885204944470918778,0xcec7958225b06aa2464a72d934ddcc9b66bb6f35ad065010496d8db92de412a0,0.07,106.9,7.483000000000001,1719151200,Will a Republican win Alaska Presidential Election?
0x9f8603369398a5e7a1c62c53c86bc1f9125b3627cceaf15140d5950b5457a46b,0x6b7ec4ba079c0a258435ea36025f6190cd424562,BUY,Yes,76626557395718138549682497346449622033790455953645207983251701172676708683039,0xcec7958225b06aa2464a72d934ddcc9b66bb6f35ad065010496d8db92de412a0,0.92,21.1,19.412000000000003,1719151082,Will a Republican win Alaska Presidential Election?
0x98fd3cfa2ec16694ea4a8b6959f28d31ff25d70bdd2b8fe0e47da0eb78802d1a,0xe85dbbf2865e61e2fc8d08a2bfe9a487a1d527f5,BUY,Yes,76626557395718138549682497346449622033790455953645207983251701172676708683039,0xcec7958225b06aa2464a72d934ddcc9b66bb6f35ad065010496d8db92de412a0,0.9299999845,0.645157,0.5999960000000665,1718693494,Will a Republican win Alaska Presidential Election?
0x7c30976736126a2ce505875ea3a4d246ffde704b0bc900c7816e24601605af0d,0x42787b461ed325d52e3436a9978e8d1f2c22395b,SELL,Yes,76626557395718138549682497346449622033790455953645207983251701172676708683039,0xcec7958225b06aa2464a72d934ddcc9b66bb6f35ad065010496d8db92de412a0,0.9146724605,428.04,391.51639999242,1718676001,Will a Republican win Alaska Presidential Election?
0xdedef6ddeb3711a7acb3d3dfc8919d7e57a186274f176d958b3e08230429a369,0x89464223b00d829ee865e2d73f88297a29591b70,BUY,Yes,76626557395718138549682497346449622033790455953645207983251701172676708683039,0xcec7958225b06aa2464a72d934ddcc9b66bb6f35ad065010496d8db92de412a0,0.9299999997,107.526871,99.99998999774193,1717431055,Will a Republican win Alaska Presidential Election?
0xd69f8724dd495fb14dd45c97cd75e51130cb0b18ddd5394288a0ff4cab52292f,0x3cf3e8d5427aed066a7a5926980600f6c3cf87b3,BUY,No,9646994822693149615303360714935546561049708672550992328943885204944470918778,0xcec7958225b06aa2464a72d934ddcc9b66bb6f35ad065010496d8db92de412a0,0.08,22,1.76,1717271194,Will a Republican win Alaska Presidential Election?
0x5eb32fe156ca5a8b18813dda5be503a489dd57f61d1ec8d38f640666dea5a626,0x6b7ec4ba079c0a258435ea36025f6190cd424562,SELL,No,9646994822693149615303360714935546561049708672550992328943885204944470918778,0xcec7958225b06aa2464a72d934ddcc9b66bb6f35ad065010496d8db92de412a0,0.08,200,16.0,1717269298,Will a Republican win Alaska Presidential Election?
0x1b9dc73bfc5f12e8ab12d80f6b9bea3c2a824b0baeb643a3adc446be8fc34d58,0x42cb730fd89ab159c1b85fbb5412f2e7da318412,BUY,Yes,76626557395718138549682497346449622033790455953645207983251701172676708683039,0xcec7958225b06aa2464a72d934ddcc9b66bb6f35ad065010496d8db92de412a0,0.92,850,782.0,1717269290,Will a Republican win Alaska Presidential Election?
0x86a4fa00bb95e5b5efd90cac2ce650d7d4a2dd207c95d1956914aa8c9cf243f4,0x3cf3e8d5427aed066a7a5926980600f6c3cf87b3,SELL,No,9646994822693149615303360714935546561049708672550992328943885204944470918778,0xcec7958225b06aa2464a72d934ddcc9b66bb6f35ad065010496d8db92de412a0,0.08,10,0.8,1717109690,Will a Republican win Alaska Presidential Election?
0xb50932b0d69b7abf70675fbe87abb98b8c2b672cdd9993520eaa2d6a225b4bb9,0x42cb730fd89ab159c1b85fbb5412f2e7da318412,BUY,Yes,76626557395718138549682497346449622033790455953645207983251701172676708683039,0xcec7958225b06aa2464a72d934ddcc9b66bb6f35ad065010496d8db92de412a0,0.92,3445.1025,3169.4943000000003,1717109458,Will a Republican win Alaska Presidential Election?
0x0826df47e69581bec1cd430f7177df60886fefdd13f520f075aec3ca4841adbc,0x7b0283992076803e1e0e2caee0c2bfc3cd203bb2,BUY,Yes,76626557395718138549682497346449622033790455953645207983251701172676708683039,0xcec7958225b06aa2464a72d934ddcc9b66bb6f35ad065010496d8db92de412a0,0.9199999877,3.260862,2.9999929998913974,1716339847,Will a Republican win Alaska Presidential Election?
0xc36436a81dd5c09301cdd390869a063649ec99f5b892ae2cbd71f060aa314c94,0x59ee6c6a56d7b00223f0c30f8002c4df762b684d,BUY,No,9646994822693149615303360714935546561049708672550992328943885204944470918778,0xcec7958225b06aa2464a72d934ddcc9b66bb6f35ad065010496d8db92de412a0,0.09,200,18.0,1716255904,Will a Republican win Alaska Presidential Election?
0xf8fbc50a83f40abedd34265a4652c218fd37cc09338e7544dd3c2b1dbaef776a,0xb6154d3931a89203113ce0b59b5279917bd0a1fc,BUY,Yes,76626557395718138549682497346449622033790455953645207983251701172676708683039,0xcec7958225b06aa2464a72d934ddcc9b66bb6f35ad065010496d8db92de412a0,0.9199999796,1.956512,1.7999910000871553,1716035694,Will a Republican win Alaska Presidential Election?
0x3569731f4615b4ab79cc54e30f46dbadd7e9a28bc0e1dba8e42379f6e067b14c,0x6c37c59dd16e2dbda50575c63bece1fe3d592d26,BUY,Yes,76626557395718138549682497346449622033790455953645207983251701172676708683039,0xcec7958225b06aa2464a72d934ddcc9b66bb6f35ad065010496d8db92de412a0,0.92,2.293475,2.109997,1716022547,Will a Republican win Alaska Presidential Election?
0x1bb7c0a62fd2252743d5789e5bba0d164b5df5010b7713764294a2914cf77426,0x7f7f97ed0d58bda34f72af9027d23ce2fed0bf5f,BUY,Yes,76626557395718138549682497346449622033790455953645207983251701172676708683039,0xcec7958225b06aa2464a72d934ddcc9b66bb6f35ad065010496d8db92de412a0,0.92,1.08695,0.9999940000000002,1716020057,Will a Republican win Alaska Presidential Election?
0x731ce430234a60f02d9d266e16ceb1e85830d823834ab5896bcc2cf82d37fdef,0x75978d72ca04e4a7627c6d07ac5a900467b1d52a,BUY,Yes,76626557395718138549682497346449622033790455953645207983251701172676708683039,0xcec7958225b06aa2464a72d934ddcc9b66bb6f35ad065010496d8db92de412a0,0.9199999819,2.206512,2.029991000062133,1716017283,Will a Republican win Alaska Presidential Election?
0x367e5a1c2b8054fd7bc15827e5cd98b3daceeb412103c565dfbf14980e7f5675,0x0c216afe27d9ae38c91c298ef03c8d86e24fdcfb,BUY,Yes,76626557395718138549682497346449622033790455953645207983251701172676708683039,0xcec7958225b06aa2464a72d934ddcc9b66bb6f35ad065010496d8db92de412a0,0.92,1.08695,0.9999940000000002,1716015801,Will a Republican win Alaska Presidential Election?
0xe078c15f2c9c8cd85f080809947900d5ec2d7012da699e2cee5ce118548be54b,0x9c4b77c93c7493028e7de39f2eaa6786f23bc0cf,BUY,Yes,76626557395718138549682497346449622033790455953645207983251701172676708683039,0xcec7958225b06aa2464a72d934ddcc9b66bb6f35ad065010496d8db92de412a0,0.92,2.043475,1.879997,1716015053,Will a Republican win Alaska Presidential Election?
0x80bddbd696f71ff3ef7731937f43e07cba6aa2e81b824678f8fdeba16c4d2239,0x48c81659790b0cdec872b9f13f6b1d8d35b4a24e,BUY,Yes,76626557395718138549682497346449622033790455953645207983251701172676708683039,0xcec7958225b06aa2464a72d934ddcc9b66bb6f35ad065010496d8db92de412a0,0.9199999967,11.956512,10.99999100054351,1716000926,Will a Republican win Alaska Presidential Election?
0x931a0ff0ae53112689090905773e53f46957d2d76159bdacf0d048552c73425e,0xcbbab0bf137a473b36cf63adf1d1e322efc37e88,BUY,Yes,76626557395718138549682497346449622033790455953645207983251701172676708683039,0xcec7958225b06aa2464a72d934ddcc9b66bb6f35ad065010496d8db92de412a0,0.9199999963,10.869562,9.99999699978262,1715999148,Will a Republican win Alaska Presidential Election?
0x7577b609b17caf237802d0edd33670a8f7fd6dc939774aeeb58d46c67f0ec317,0x1785bad95863ce34a2333f609dd65d4437ae6871,BUY,Yes,76626557395718138549682497346449622033790455953645207983251701172676708683039,0xcec7958225b06aa2464a72d934ddcc9b66bb6f35ad065010496d8db92de412a0,0.92,1.08695,0.9999940000000002,1715995126,Will a Republican win Alaska Presidential Election?
0x488911ec728865e04b6c479c5987dbcd45cdba3cc70638a2c5c872b13a396a4a,0x42787b461ed325d52e3436a9978e8d1f2c22395b,BUY,Yes,76626557395718138549682497346449622033790455953645207983251701172676708683039,0xcec7958225b06aa2464a72d934ddcc9b66bb6f35ad065010496d8db92de412a0,0.92,428.043475,393.799997,1715990915,Will a Republican win Alaska Presidential Election?
0x5ecddbe05184ae59d407c1e05d3fd606461c7c23640045e28c08f06952177313,0x6a318afd1f3af1e5d077fb7079e9a651200c79a7,BUY,Yes,76626557395718138549682497346449622033790455953645207983251701172676708683039,0xcec7958225b06aa2464a72d934ddcc9b66bb6f35ad065010496d8db92de412a0,0.92,1.08695,0.9999940000000002,1715957374,Will a Republican win Alaska Presidential Election?
0xf75ae6ee12bffc5754d311de2266a62bd1b49c41810979c5163faa4bd558618b,0xecdbd79566a25693b9971c48d7de84bc05f7da79,SELL,Yes,76626557395718138549682497346449622033790455953645207983251701172676708683039,0xcec7958225b06aa2464a72d934ddcc9b66bb6f35ad065010496d8db92de412a0,0.91,1400,1274.0,1715934548,Will a Republican win Alaska Presidential Election?
0xdc693a2ace1fe1ed9d0a352a181fc34a97d8ae8a4f1d00ad753b3d4b173608cc,0x9d84ce0306f8551e02efef1680475fc0f1dc1344,BUY,Yes,76626557395718138549682497346449622033790455953645207983251701172676708683039,0xcec7958225b06aa2464a72d934ddcc9b66bb6f35ad065010496d8db92de412a0,0.91,1255,1142.05,1715333043,Will a Republican win Alaska Presidential Election?
0x015f609d5ce29e309aba1f06300b69b88bda89c3d70623195b097b7893813a93,0x3735fc22daefd44ea44f4fa41cb4c37a0adec5e7,BUY,Yes,76626557395718138549682497346449622033790455953645207983251701172676708683039,0xcec7958225b06aa2464a72d934ddcc9b66bb6f35ad065010496d8db92de412a0,0.9099999995,109.824166,99.93999100508792,1712447599,Will a Republican win Alaska Presidential Election?
0xb988206bef18e46fb1f54b131a94907128e52243c8f20406835015a1995e86a6,0x24c8cf69a0e0a17eee21f69d29752bfa32e823e1,BUY,No,9646994822693149615303360714935546561049708672550992328943885204944470918778,0xcec7958225b06aa2464a72d934ddcc9b66bb6f35ad065010496d8db92de412a0,0.1,400,40.0,1711805745,Will a Republican win Alaska Presidential Election?
