transaction_hash,wallet,side,outcome,asset_token_id,condition_id,price,size,usdc_size,timestamp,title
0x186878daeffcc97ab71be15ecd26135a738061cdf2a9dcf829ecf311f15d1ed4,0x4bedb4998dc6199177bc86beee12e93daedd2a3a,SELL,Yes,74594161563120681410942425422244825470573111517564347846134443688695080108751,0xe618be45bbda1e6011ec1d7a03af0de0953f02cccad7bfc0f8dd9506ed36f7f7,0.995,0.14,0.1393,1730906519,Will a Republican win North Dakota Presidential Election?
0xd26b0b2144a41765cbdc0cc6931fda9fe544e9a8ea915f0921e99ddb708e260b,0x4b40f465adbb1d87f83d1b8b39468ca91748d71b,BUY,Yes,74594161563120681410942425422244825470573111517564347846134443688695080108751,0xe618be45bbda1e6011ec1d7a03af0de0953f02cccad7bfc0f8dd9506ed36f7f7,0.997,1.003,0.9999909999999999,1730876647,Will a Republican win North Dakota Presidential Election?
0xf04561117059d0a2b274f1d1152304a730f8f603902dc774c0b900d0c74031c7,0xfba36d249faebb61e49d80589a630fd3a222c2bc,BUY,Yes,74594161563120681410942425422244825470573111517564347846134443688695080108751,0xe618be45bbda1e6011ec1d7a03af0de0953f02cccad7bfc0f8dd9506ed36f7f7,0.998,1.002,0.999996,1730875257,Will a Republican win North Dakota Presidential Election?
0x27c422bde99079095880f72de8c4b9d4c1760f20b02c88739fedc773f5dd9d16,0x4bd98bd9b5619f98b9413eaf032754a9e605f6f1,BUY,Yes,74594161563120681410942425422244825470573111517564347846134443688695080108751,0xe618be45bbda1e6011ec1d7a03af0de0953f02cccad7bfc0f8dd9506ed36f7f7,0.998,1.002,0.999996,1730875181,Will a Republican win North Dakota Presidential Election?
0xcfd02d1a964b89cfacbdd2a37f83bdcaab1019b8480ae3cce837c0358611e47b,0x5a978e0edd8b48224f242006d9fb123f4ba58c26,BUY,Yes,74594161563120681410942425422244825470573111517564347846134443688695080108751,0xe618be45bbda1e6011ec1d7a03af0de0953f02cccad7bfc0f8dd9506ed36f7f7,0.998,5.8115,5.7998769999999995,1730861487,Will a Republican win North Dakota Presidential Election?
0x91b2fe68899644fa683e99227063fa553e41f3803d6bcfc4a7e4b81eebe1b3e8,0x891a1f911b2074c279c2df730e18b81e94961636,BUY,No,64231611882804830712199371941028597288636183956835367215611038106102856620559,0xe618be45bbda1e6011ec1d7a03af0de0953f02cccad7bfc0f8dd9506ed36f7f7,0.0322173083,1551.960783,49.99999901542039,1730856869,Will a Republican win North Dakota Presidential Election?
0x72c5404a9419e7dac5a3766c05a92244d02fb2fef8ebb897fc903ca3d61927a3,0x5a978e0edd8b48224f242006d9fb123f4ba58c26,BUY,Yes,74594161563120681410942425422244825470573111517564347846134443688695080108751,0xe618be45bbda1e6011ec1d7a03af0de0953f02cccad7bfc0f8dd9506ed36f7f7,0.998,5.591,5.579818,1730854000,Will a Republican win North Dakota Presidential Election?
0x7a6a6da72e6aaf69f4a73d1d7c8c224f0e975c4110098d33f2c28e0d896ce125,0x96b59f71f635da5da031e3e93448c54fe226f5e7,SELL,No,64231611882804830712199371941028597288636183956835367215611038106102856620559,0xe618be45bbda1e6011ec1d7a03af0de0953f02cccad7bfc0f8dd9506ed36f7f7,0.002,265.24,0.5304800000000001,1730849115,Will a Republican win North Dakota Presidential Election?
0xbde7f239bf5aec97b0ec8fd3c36b606ca5537ff544918106bcbd6f046a0892b8,0x63d43bbb87f85af03b8f2f9e2fad7b54334fa2f1,BUY,No,64231611882804830712199371941028597288636183956835367215611038106102856620559,0xe618be45bbda1e6011ec1d7a03af0de0953f02cccad7bfc0f8dd9506ed36f7f7,0.001,130.77,0.13077000000000003,1730849089,Will a Republican win North Dakota Presidential Election?
0xd7f0227b623bbfdb8f8c1d81b282780a30aa33d224ee3b6487451b92f6f8e4a5,0x5f390e4b7d6f06d6756a6c92afdbf7b3176aa78c,SELL,Yes,74594161563120681410942425422244825470573111517564347846134443688695080108751,0xe618be45bbda1e6011ec1d7a03af0de0953f02cccad7bfc0f8dd9506ed36f7f7,0.999,14,13.986,1730849089,Will a Republican win North Dakota Presidential Election?
0xa3a3c31be24eb704ab808a346504355d3be9dd592676444a839db623ffc1338f,0x96b59f71f635da5da031e3e93448c54fe226f5e7,SELL,No,64231611882804830712199371941028597288636183956835367215611038106102856620559,0xe618be45bbda1e6011ec1d7a03af0de0953f02cccad7bfc0f8dd9506ed36f7f7,0.003,130,0.39,1730849089,Will a Republican win North Dakota Presidential Election?
0xc26c6d9f5677e2b7e78d475290b348e3fa206f415f6bcab68784a2bb7bcac6c0,0x0c91fd32ddb87178ae51a741e28421b3fc101971,SELL,No,64231611882804830712199371941028597288636183956835367215611038106102856620559,0xe618be45bbda1e6011ec1d7a03af0de0953f02cccad7bfc0f8dd9506ed36f7f7,0.0024798862,1999.87,4.959450014793999,1730848685,Will a Republican win North Dakota Presidential Election?
0x346590e77ca1d259f0d40b8055476f59d1036f2ec0665f131cf638d5c85c1dbc,0x4bedb4998dc6199177bc86beee12e93daedd2a3a,BUY,Yes,74594161563120681410942425422244825470573111517564347846134443688695080108751,0xe618be45bbda1e6011ec1d7a03af0de0953f02cccad7bfc0f8dd9506ed36f7f7,0.9939999858,0.140833,0.13998800000017142,1730837861,Will a Republican win North Dakota Presidential Election?
0xcc5cd098f4205bf1a83e9d0793e4b19478e4defdf98319587a050fd968b0113e,0x4f2ba33b080882c0f6b296f48cfd07b6c326f448,BUY,No,64231611882804830712199371941028597288636183956835367215611038106102856620559,0xe618be45bbda1e6011ec1d7a03af0de0953f02cccad7bfc0f8dd9506ed36f7f7,0.019549955,2222,43.44000001,1730817431,Will a Republican win North Dakota Presidential Election?
0xf2a775f7810a9090c8e0b0067d4d5423f610f8977e0811ed561d9198a3e0f2c5,0xd218e474776403a330142299f7796e8ba32eb5c9,BUY,No,64231611882804830712199371941028597288636183956835367215611038106102856620559,0xe618be45bbda1e6011ec1d7a03af0de0953f02cccad7bfc0f8dd9506ed36f7f7,0.012,2220,26.64,1730817429,Will a Republican win North Dakota Presidential Election?
0x98aa49982a5cb3f15e148fb6faf027832a19e21c6e934f27cc4d3a9be4d391d4,0xf0b0ef1d6320c6be896b4c9c54dd74407e7f8cab,SELL,No,64231611882804830712199371941028597288636183956835367215611038106102856620559,0xe618be45bbda1e6011ec1d7a03af0de0953f02cccad7bfc0f8dd9506ed36f7f7,0.004,147.19,0.58876,1730806811,Will a Republican win North Dakota Presidential Election?
0xb18937a19b5ee4b8611113d8348e8948c8676bdea25fd1abd7b9d09690c859c4,0x4bb254b64c93730e18c89759712f2b003647a656,BUY,Yes,74594161563120681410942425422244825470573111517564347846134443688695080108751,0xe618be45bbda1e6011ec1d7a03af0de0953f02cccad7bfc0f8dd9506ed36f7f7,0.9873952508,4091.25,4039.6808198355,1730806809,Will a Republican win North Dakota Presidential Election?
0x7670ab275a56d68ae62838612bfcac6083b328a9932de5aa2e097e2b76278ba9,0x1d8598115e59eae8714f1826252016cc19ed0f9e,BUY,No,64231611882804830712199371941028597288636183956835367215611038106102856620559,0xe618be45bbda1e6011ec1d7a03af0de0953f02cccad7bfc0f8dd9506ed36f7f7,0.022999978,43.478259,0.999999000478302,1730798839,Will a Republican win North Dakota Presidential Election?
0x415d205359a447ab438b9c980a117744ac31eefade3650fb19d2534756def404,0x67473ba8de86dca76538ef198d99e63c185aa64f,BUY,Yes,74594161563120681410942425422244825470573111517564347846134443688695080108751,0xe618be45bbda1e6011ec1d7a03af0de0953f02cccad7bfc0f8dd9506ed36f7f7,0.9859997614,1.014197,0.9999980000125959,1730798319,Will a Republican win North Dakota Presidential Election?
0x48e4f885df2b67f5196213686d2007f4edca1f250f030015c7ef7c611afd1348,0x131202bef4d80a300111892ebb8c69f417aee247,BUY,Yes,74594161563120681410942425422244825470573111517564347846134443688695080108751,0xe618be45bbda1e6011ec1d7a03af0de0953f02cccad7bfc0f8dd9506ed36f7f7,0.9859985658,0.11156,0.10999800000064801,1730795521,Will a Republican win North Dakota Presidential Election?
0xfb49dbd6879f42a6971aff745c12f08bde7ed3baf2b92a8d1e094ec679ef2400,0x03b09a5b0683de1ae16488fc73de03538020e215,BUY,Yes,74594161563120681410942425422244825470573111517564347846134443688695080108751,0xe618be45bbda1e6011ec1d7a03af0de0953f02cccad7bfc0f8dd9506ed36f7f7,0.9859985658,0.11156,0.10999800000064801,1730794663,Will a Republican win North Dakota Presidential Election?
0xa927bd38011cd851fd53a6952cf62e670db49e501e32ee75f69496ae5b6603ad,0x49c88156c4b92dfa70c4f4d0033391aaed71692c,BUY,Yes,74594161563120681410942425422244825470573111517564347846134443688695080108751,0xe618be45bbda1e6011ec1d7a03af0de0953f02cccad7bfc0f8dd9506ed36f7f7,0.9859997614,1.014197,0.9999980000125959,1730786718,Will a Republican win North Dakota Presidential Election?
0x050f83a47f4530d6c5e0bdd72799c3239612b0bd70c3068b37fca3ac25bc147c,0xb7849811ef01a4fbdffe95f2ab098458c1f6f6a8,BUY,Yes,74594161563120681410942425422244825470573111517564347846134443688695080108751,0xe618be45bbda1e6011ec1d7a03af0de0953f02cccad7bfc0f8dd9506ed36f7f7,0.9859997614,1.014197,0.9999980000125959,1730783982,Will a Republican win North Dakota Presidential Election?
0x5bebcbd1817a2e71c58521f2ec4a3f9551ae88e3d40b066f583d62dd4a8daaee,0x7a492c59ffc392dbaee8f1709167de3f9bba4740,BUY,Yes,74594161563120681410942425422244825470573111517564347846134443688695080108751,0xe618be45bbda1e6011ec1d7a03af0de0953f02cccad7bfc0f8dd9506ed36f7f7,0.9859999779,5.070992,4.999997999931077,1730783766,Will a Republican win North Dakota Presidential Election?
0x335c9a6147eb006268e46175cd63b8f1e18dfef3f13c299f5ff880cd9ad2f163,0x0db413f5d6dc52d294c9fa6d473db7d8c55c8cdf,BUY,Yes,74594161563120681410942425422244825470573111517564347846134443688695080108751,0xe618be45bbda1e6011ec1d7a03af0de0953f02cccad7bfc0f8dd9506ed36f7f7,0.9859997614,1.014197,0.9999980000125959,1730779444,Will a Republican win North Dakota Presidential Election?
0x9365680e9b370f57f6dbf04264be63822d848b9546b1d3cccf0b9ed1baa40efd,0xd80788fa38608e6ea94dd17a3026c364eaaf2bbe,BUY,Yes,74594161563120681410942425422244825470573111517564347846134443688695080108751,0xe618be45bbda1e6011ec1d7a03af0de0953f02cccad7bfc0f8dd9506ed36f7f7,0.9859997614,1.014197,0.9999980000125959,1730773818,Will a Republican win North Dakota Presidential Election?
0xcbfd938b13da1ab92fc2276e0d2a14064f82b9eee04ef9ee169e173abaae810d,0xefd1e975aa1b4c7de9c5fb0d38d3f0a63e0fd6f7,BUY,Yes,74594161563120681410942425422244825470573111517564347846134443688695080108751,0xe618be45bbda1e6011ec1d7a03af0de0953f02cccad7bfc0f8dd9506ed36f7f7,0.9859997614,1.014197,0.9999980000125959,1730773476,Will a Republican win North Dakota Presidential Election?
0xed3ee6669e108bcf2aec7f23ad158898d599d6b47167ca66598758978a93f6e9,0x3b90f2339a7026bdbbeea0c4770377d7b6e5e2ea,BUY,Yes,74594161563120681410942425422244825470573111517564347846134443688695080108751,0xe618be45bbda1e6011ec1d7a03af0de0953f02cccad7bfc0f8dd9506ed36f7f7,0.9859997614,1.014197,0.9999980000125959,1730770668,Will a Republican win North Dakota Presidential Election?
0x8296b41a1cd0db065d8f28cdbdce60d8ca32a4f66e949f8a676510cc51b3f43d,0x42258f8d2ba868c9efe4d9f50f155741e1b6774b,BUY,Yes,74594161563120681410942425422244825470573111517564347846134443688695080108751,0xe618be45bbda1e6011ec1d7a03af0de0953f02cccad7bfc0f8dd9506ed36f7f7,0.9859997614,1.014197,0.9999980000125959,1730770112,Will a Republican win North Dakota Presidential Election?
0x342afb18b129c87d73ada995a852c1def735e967b5d23fb43e8f99f9f8c98b43,0xefa77fa1ded76b363971fbd7a832caab114fab43,BUY,Yes,74594161563120681410942425422244825470573111517564347846134443688695080108751,0xe618be45bbda1e6011ec1d7a03af0de0953f02cccad7bfc0f8dd9506ed36f7f7,0.9859985867,0.121702,0.11999799999856339,1730755566,Will a Republican win North Dakota Presidential Election?
0xc48d9b8df46947f769c47d715c6e0a4101932321847f335c4d7d5719d4f278c0,0x1a457a7a21bacf80e91c5673ce9272f348e28d87,BUY,Yes,74594161563120681410942425422244825470573111517564347846134443688695080108751,0xe618be45bbda1e6011ec1d7a03af0de0953f02cccad7bfc0f8dd9506ed36f7f7,0.9859985867,0.121702,0.11999799999856339,1730753685,Will a Republican win North Dakota Presidential Election?
0xe16c089607c3a295385b73eba3bcce4af133d443d3f35fc2cee2cc941438b74a,0xaaa82c1fa0e37990d4780d981f884992605a1447,BUY,Yes,74594161563120681410942425422244825470573111517564347846134443688695080108751,0xe618be45bbda1e6011ec1d7a03af0de0953f02cccad7bfc0f8dd9506ed36f7f7,0.9859985658,0.11156,0.10999800000064801,1730753157,Will a Republican win North Dakota Presidential Election?
0xee9f4dc2d6fa339aac216ecabba9b49382b2f809e4332c8709550323cd426d75,0xba038b75c10d2ac50af73187eb52c9e3027c9338,SELL,Yes,74594161563120681410942425422244825470573111517564347846134443688695080108751,0xe618be45bbda1e6011ec1d7a03af0de0953f02cccad7bfc0f8dd9506ed36f7f7,0.983,9.32,9.16156,1730752857,Will a Republican win North Dakota Presidential Election?
0xb72db80c897f41170bdb8959100b5097f761acaad42acef0f840c6c0c69ca317,0x5cff4e3a028ee6194c0781e33df516aaeb789405,BUY,Yes,74594161563120681410942425422244825470573111517564347846134443688695080108751,0xe618be45bbda1e6011ec1d7a03af0de0953f02cccad7bfc0f8dd9506ed36f7f7,0.9859999826,35.496956,34.99999799835296,1730750566,Will a Republican win North Dakota Presidential Election?
0x3a047ec73cc189a64fbae0126867ef33ea8db5ddc1d922d85cbfcecdcc428e52,0xf8ba34bf0e95d952d05b578bfbc0833f9242a286,SELL,Yes,74594161563120681410942425422244825470573111517564347846134443688695080108751,0xe618be45bbda1e6011ec1d7a03af0de0953f02cccad7bfc0f8dd9506ed36f7f7,0.977,50,48.85,1730749692,Will a Republican win North Dakota Presidential Election?
0x54d17c808378e150a440e38b2f7d153e3bffb322ff95e1829466b810932814f4,0xb76dd1171b6e6010e3162ae43ad6136d18e03b35,BUY,Yes,74594161563120681410942425422244825470573111517564347846134443688695080108751,0xe618be45bbda1e6011ec1d7a03af0de0953f02cccad7bfc0f8dd9506ed36f7f7,0.9859985407,0.101418,0.0999980000007126,1730748425,Will a Republican win North Dakota Presidential Election?
0xb8f05b7be7781a87fbdaaf1ba4e570f90dad70a57422f5971f1ff115b5922f49,0xde7021e25532e77208d8e09d1471e2acc87fe43b,BUY,Yes,74594161563120681410942425422244825470573111517564347846134443688695080108751,0xe618be45bbda1e6011ec1d7a03af0de0953f02cccad7bfc0f8dd9506ed36f7f7,0.9859986327,0.152128,0.1499979999953856,1730748303,Will a Republican win North Dakota Presidential Election?
0x3fda08191ec065482a70715b0ce208ac6583ac774bb4eb4811028dfbb2b9affd,0x0953a85a7843549ef334e4064d482f3f6f17ff6a,BUY,Yes,74594161563120681410942425422244825470573111517564347846134443688695080108751,0xe618be45bbda1e6011ec1d7a03af0de0953f02cccad7bfc0f8dd9506ed36f7f7,0.9859985867,0.121702,0.11999799999856339,1730747727,Will a Republican win North Dakota Presidential Election?
0xa9fecb40eaa625c1c11e9c900f474bac62b32736273884453cfc38263f1a352f,0x4d08fc803e46914b83d453f2a426806fb967d47a,BUY,Yes,74594161563120681410942425422244825470573111517564347846134443688695080108751,0xe618be45bbda1e6011ec1d7a03af0de0953f02cccad7bfc0f8dd9506ed36f7f7,0.9859985867,0.121702,0.11999799999856339,1730747281,Will a Republican win North Dakota Presidential Election?
0x12d1d07ec376a56edf2f29e101653b8ae75d59cee6e891338e52ae3c39366bbb,0x9e9433bf0d9387b10df9ebb12fe3d9cfe8dc938f,BUY,Yes,74594161563120681410942425422244825470573111517564347846134443688695080108751,0xe618be45bbda1e6011ec1d7a03af0de0953f02cccad7bfc0f8dd9506ed36f7f7,0.9859986327,0.152128,0.1499979999953856,1730746524,Will a Republican win North Dakota Presidential Election?
0xbf4d771c91dcab60984618bbe7023fdf272c720c453ba64089b30ffde249f8fd,0xa5667b437a7db63474db2370e697778d1eee5299,BUY,Yes,74594161563120681410942425422244825470573111517564347846134443688695080108751,0xe618be45bbda1e6011ec1d7a03af0de0953f02cccad7bfc0f8dd9506ed36f7f7,0.9859986327,0.152128,0.1499979999953856,1730741187,Will a Republican win North Dakota Presidential Election?
0x79c3f71dce36f3040609c4c9363c1f85d55f3c3542e1805e1826303fd895cd6c,0xa4b9f3d221169657fd169137f24d8569e215b097,BUY,Yes,74594161563120681410942425422244825470573111517564347846134443688695080108751,0xe618be45bbda1e6011ec1d7a03af0de0953f02cccad7bfc0f8dd9506ed36f7f7,0.9859985658,0.11156,0.10999800000064801,1730741117,Will a Republican win North Dakota Presidential Election?
0x4d165b5634fc2adf2b0c23baaec17cad7e9fe46f025033438a7453a698a1634d,0xfc39d43e4009c604b7d1ff795906ddbb40f4c6ed,BUY,Yes,74594161563120681410942425422244825470573111517564347846134443688695080108751,0xe618be45bbda1e6011ec1d7a03af0de0953f02cccad7bfc0f8dd9506ed36f7f7,0.9859986196,0.141986,0.1399980000025256,1730740217,Will a Republican win North Dakota Presidential Election?
0x85aea422d2b325f289c5ee35d4f7f0cf3e4a8e7bf6f56465e6399965ffd0160a,0x3646052c4087104fa71a695e3ed32fede099b144,BUY,Yes,74594161563120681410942425422244825470573111517564347846134443688695080108751,0xe618be45bbda1e6011ec1d7a03af0de0953f02cccad7bfc0f8dd9506ed36f7f7,0.9859986196,0.141986,0.1399980000025256,1730740052,Will a Republican win North Dakota Presidential Election?
0xb867ca29c903c0fe83387ace4c115edd39f2e075e0b14d0e62c3bc4ceaed2545,0xeefc91d2151c0a8e30595852e30fb2ec446d7f7f,BUY,Yes,74594161563120681410942425422244825470573111517564347846134443688695080108751,0xe618be45bbda1e6011ec1d7a03af0de0953f02cccad7bfc0f8dd9506ed36f7f7,0.9859986044,0.131844,0.12999799999851358,1730739518,Will a Republican win North Dakota Presidential Election?
0xcc30a5a84cfa11a628eadd02ba3162501271d5c85c2f09bf10b9a1b715bfec1f,0x6ee89f290638f9412f12b59180d6b0d5d21f1a94,BUY,Yes,74594161563120681410942425422244825470573111517564347846134443688695080108751,0xe618be45bbda1e6011ec1d7a03af0de0953f02cccad7bfc0f8dd9506ed36f7f7,0.985999987,69.066936,68.09999799812984,1730739314,Will a Republican win North Dakota Presidential Election?
0xdf38f707dea8998703cf339a32744527fa72b8bfcfddcf077769e49689720481,0x2fdf33005776e313e37dce96ca9340f6e64b2c89,BUY,Yes,74594161563120681410942425422244825470573111517564347846134443688695080108751,0xe618be45bbda1e6011ec1d7a03af0de0953f02cccad7bfc0f8dd9506ed36f7f7,0.9859985867,0.121702,0.11999799999856339,1730738990,Will a Republican win North Dakota Presidential Election?
0xb5420e61ec79cef2b89506ab62702c438ffdef959c5bfdffa52d89b260af4b17,0xbfa9f62a6fc625ec931a721e6ac5dc8fe7e343bb,BUY,Yes,74594161563120681410942425422244825470573111517564347846134443688695080108751,0xe618be45bbda1e6011ec1d7a03af0de0953f02cccad7bfc0f8dd9506ed36f7f7,0.9859986196,0.141986,0.1399980000025256,1730736088,Will a Republican win North Dakota Presidential Election?
0x8baa975b1e670bccb866c2221a9ef47dff1dd56c217f55953b0b6bbf1fc33339,0x376e16b537d021ca2b2a8d397b46ec96e67d77e9,BUY,Yes,74594161563120681410942425422244825470573111517564347846134443688695080108751,0xe618be45bbda1e6011ec1d7a03af0de0953f02cccad7bfc0f8dd9506ed36f7f7,0.9859986196,0.141986,0.1399980000025256,1730735807,Will a Republican win North Dakota Presidential Election?
0xd36c29f2212f1dc7028b8f0bdea8eb7dd99d2007ad65a625253a7d1f33cefcf8,0xf3b17621f403ff331a76be5e322264df1027c44b,BUY,Yes,74594161563120681410942425422244825470573111517564347846134443688695080108751,0xe618be45bbda1e6011ec1d7a03af0de0953f02cccad7bfc0f8dd9506ed36f7f7,0.9859985407,0.101418,0.0999980000007126,1730735353,Will a Republican win North Dakota Presidential Election?
0xb08b3d66b544f69e44f8470a212e193db7b922dfcc38bb7df7eed9f2968f4dac,0x84f8f4e54e1c512546fbf8de1476dc9262d3ee99,BUY,Yes,74594161563120681410942425422244825470573111517564347846134443688695080108751,0xe618be45bbda1e6011ec1d7a03af0de0953f02cccad7bfc0f8dd9506ed36f7f7,0.9859985867,0.121702,0.11999799999856339,1730735087,Will a Republican win North Dakota Presidential Election?
0x3c7fe87d76c4cea55486be977bd52f529d59da0f4f7e3621ab2823faa7007e1f,0x7a5ad1e9c4649a293ec121a983c5458a37c59e5f,BUY,Yes,74594161563120681410942425422244825470573111517564347846134443688695080108751,0xe618be45bbda1e6011ec1d7a03af0de0953f02cccad7bfc0f8dd9506ed36f7f7,0.9859985658,0.11156,0.10999800000064801,1730734363,Will a Republican win North Dakota Presidential Election?
0x128d53a6f63e370e8e3bd36d06183bb1f47b51f56483dad4a520e0870ca0004c,0x7657b9a076fc1a00b369fce4b5bac8441f9bfcb3,BUY,Yes,74594161563120681410942425422244825470573111517564347846134443688695080108751,0xe618be45bbda1e6011ec1d7a03af0de0953f02cccad7bfc0f8dd9506ed36f7f7,0.9859986044,0.131844,0.12999799999851358,1730733708,Will a Republican win North Dakota Presidential Election?
0x807ce3d46111d012d9757bbf95a90aed0f3a5e3f8e53f0b0a44a2baa57861944,0xc4c1fc753afe31e6d2c99a37d9c20b774b942e31,BUY,Yes,74594161563120681410942425422244825470573111517564347846134443688695080108751,0xe618be45bbda1e6011ec1d7a03af0de0953f02cccad7bfc0f8dd9506ed36f7f7,0.9859985867,0.121702,0.11999799999856339,1730732744,Will a Republican win North Dakota Presidential Election?
0xb14bd60d0ec8c1b00973a82b7fd70a78dc12dd9b7f079af029f3e570a2825eb6,0xa1c9394c33595d4656fae0784e8de9fbc80ac58e,BUY,Yes,74594161563120681410942425422244825470573111517564347846134443688695080108751,0xe618be45bbda1e6011ec1d7a03af0de0953f02cccad7bfc0f8dd9506ed36f7f7,0.9859985658,0.11156,0.10999800000064801,1730732440,Will a Republican win North Dakota Presidential Election?
0xed595d25a892db91974e3c15e54ad1ab1a6ab0198c8c8a9352735d3beb580073,0x07802874413da958e4ee90f03c92f514137f0ce0,BUY,Yes,74594161563120681410942425422244825470573111517564347846134443688695080108751,0xe618be45bbda1e6011ec1d7a03af0de0953f02cccad7bfc0f8dd9506ed36f7f7,0.9859986196,0.141986,0.1399980000025256,1730732036,Will a Republican win North Dakota Presidential Election?
0xe958a628e9acf64b122fb85c9108c33b6b4d3a9daaf69cc97fb704ca3a1507d4,0x7ac0f916665de8791e1593e98113b32be34791fb,BUY,Yes,74594161563120681410942425422244825470573111517564347846134443688695080108751,0xe618be45bbda1e6011ec1d7a03af0de0953f02cccad7bfc0f8dd9506ed36f7f7,0.9859986196,0.141986,0.1399980000025256,1730731746,Will a Republican win North Dakota Presidential Election?
0x616ad6dc0c7d6c8ea5e30ba4c0508e6e16dc0ca3d5aefaddae86535d68e8cf25,0x421d9b1f5f7012a266879f9edf5db0c813dc33fa,BUY,Yes,74594161563120681410942425422244825470573111517564347846134443688695080108751,0xe618be45bbda1e6011ec1d7a03af0de0953f02cccad7bfc0f8dd9506ed36f7f7,0.9859997807,0.993913,0.9799980000348792,1730731638,Will a Republican win North Dakota Presidential Election?
0x58c8c6dc24a82b004f5475e1338b62fecb3a29975ee0ae26889e235be4adf4bd,0xdf87882b9eb9938456256d2bd228dd4263f2c4ae,BUY,Yes,74594161563120681410942425422244825470573111517564347846134443688695080108751,0xe618be45bbda1e6011ec1d7a03af0de0953f02cccad7bfc0f8dd9506ed36f7f7,0.985999987,35.36511,34.869998000253574,1730731580,Will a Republican win North Dakota Presidential Election?
0x3f2018673c5467dbdf3d8d5990516f2acaef2fc1a23695f26066acb1e3849d7c,0x977fed4fffb6379d91f750fe3d1b908dfa55b2f2,BUY,Yes,74594161563120681410942425422244825470573111517564347846134443688695080108751,0xe618be45bbda1e6011ec1d7a03af0de0953f02cccad7bfc0f8dd9506ed36f7f7,0.9859986327,0.152128,0.1499979999953856,1730731394,Will a Republican win North Dakota Presidential Election?
0xca6fcc4a2ee97e5754ae0d602965b67ba2cdd6e6ed23f026feb531a8cefc335e,0x72e98a3fd5abb498e56ad2bf3263fd63acce7037,BUY,Yes,74594161563120681410942425422244825470573111517564347846134443688695080108751,0xe618be45bbda1e6011ec1d7a03af0de0953f02cccad7bfc0f8dd9506ed36f7f7,0.9859986196,0.141986,0.1399980000025256,1730731246,Will a Republican win North Dakota Presidential Election?
0xb72cd21111225011208ba0fdaf04e6350beb8013dc2c0b12a66c399752761827,0x14ab699900e840c050eab1f9054b8445c79ecc9e,BUY,Yes,74594161563120681410942425422244825470573111517564347846134443688695080108751,0xe618be45bbda1e6011ec1d7a03af0de0953f02cccad7bfc0f8dd9506ed36f7f7,0.9859986044,0.131844,0.12999799999851358,1730731078,Will a Republican win North Dakota Presidential Election?
0x35f14080d94434b6a90858e9a955581418df24c728e20256df07dfe4e0e5f9ac,0xb18ad4c1d6b7496bfa4010b22c39cc10b7bb4bab,BUY,Yes,74594161563120681410942425422244825470573111517564347846134443688695080108751,0xe618be45bbda1e6011ec1d7a03af0de0953f02cccad7bfc0f8dd9506ed36f7f7,0.9859986044,0.131844,0.12999799999851358,1730730816,Will a Republican win North Dakota Presidential Election?
0x95d1d632b39b30555a325822333b431d43e2851fa371bc222694c331dfccfdac,0x131202bef4d80a300111892ebb8c69f417aee247,BUY,Yes,74594161563120681410942425422244825470573111517564347846134443688695080108751,0xe618be45bbda1e6011ec1d7a03af0de0953f02cccad7bfc0f8dd9506ed36f7f7,0.9859985867,0.121702,0.11999799999856339,1730730212,Will a Republican win North Dakota Presidential Election?
0x4c58ea0b70c63980f081cbc3812f1ebbd9ee69e1b1dabe3c4094591cc3f08dc1,0xcabab103410d124fea441449cd517258073ab0ab,BUY,Yes,74594161563120681410942425422244825470573111517564347846134443688695080108751,0xe618be45bbda1e6011ec1d7a03af0de0953f02cccad7bfc0f8dd9506ed36f7f7,0.9859985658,0.11156,0.10999800000064801,1730730048,Will a Republican win North Dakota Presidential Election?
0x7c83cd4e22ba783c038a2fbf1de2bdd3224e090cef7cc2734bc246441013d481,0x96654b0ddb6a038f637a5785d2066ff4d784206f,BUY,Yes,74594161563120681410942425422244825470573111517564347846134443688695080108751,0xe618be45bbda1e6011ec1d7a03af0de0953f02cccad7bfc0f8dd9506ed36f7f7,0.9855467499,372.179197,366.79999798374183,1730726298,Will a Republican win North Dakota Presidential Election?
0x727b03f949ad5d5bc9c75622d9ad9e7296362b3d87a04164bf8d7e044c4d3c5f,0x401746a3bcd88d2b8f954904c4548024d86a862b,BUY,Yes,74594161563120681410942425422244825470573111517564347846134443688695080108751,0xe618be45bbda1e6011ec1d7a03af0de0953f02cccad7bfc0f8dd9506ed36f7f7,0.9849999296,0.142066,0.1399349999985536,1730723600,Will a Republican win North Dakota Presidential Election?
0xe9411eee4971a2a32cb58f5474799b3792f87aac210d62649eb80d51b973c112,0x946ad95d37363b965d8aeb7a229fb83087d818e1,BUY,Yes,74594161563120681410942425422244825470573111517564347846134443688695080108751,0xe618be45bbda1e6011ec1d7a03af0de0953f02cccad7bfc0f8dd9506ed36f7f7,0.9849999995,20.619266,20.309976999690367,1730723548,Will a Republican win North Dakota Presidential Election?
0xcd1a9c992553d4e8560a56476aa2bdace0f281f3d9bf9cbb099731aa1c072b5e,0x029da4708bfae0d0b1cffd5de98a5f05b3a2fbdd,BUY,Yes,74594161563120681410942425422244825470573111517564347846134443688695080108751,0xe618be45bbda1e6011ec1d7a03af0de0953f02cccad7bfc0f8dd9506ed36f7f7,0.9849999999,59.329933,58.439983999067,1730723496,Will a Republican win North Dakota Presidential Election?
0xfe8b61302656e50a5b3f7c706ff7e341e57bedaac4cc26feaf0fd1459d091436,0x43664a99b295ce397056056d5824fbd1f86fb2c7,BUY,Yes,74594161563120681410942425422244825470573111517564347846134443688695080108751,0xe618be45bbda1e6011ec1d7a03af0de0953f02cccad7bfc0f8dd9506ed36f7f7,0.9849999296,0.142066,0.1399349999985536,1730723286,Will a Republican win North Dakota Presidential Election?
0x55b5f45c1f7a77ee53f084bdf3d4a010f1236d983ac8a1d656820994017294a9,0xab9da67207062669ee4e5cbfe38ae4fb86d2b094,BUY,Yes,74594161563120681410942425422244825470573111517564347846134443688695080108751,0xe618be45bbda1e6011ec1d7a03af0de0953f02cccad7bfc0f8dd9506ed36f7f7,0.985,0.1218,0.11997300000000001,1730722804,Will a Republican win North Dakota Presidential Election?
0x53b646a62d46b5f3f2740ddb3f8a71284584806958968c5e4113339152ab6265,0x202aee965bcb515c6b0363e88519020d58fcf5d8,BUY,Yes,74594161563120681410942425422244825470573111517564347846134443688695080108751,0xe618be45bbda1e6011ec1d7a03af0de0953f02cccad7bfc0f8dd9506ed36f7f7,0.9849999104,0.111666,0.1099909999947264,1730722318,Will a Republican win North Dakota Presidential Election?
0xd328b6106aec40f205da87ed9889f624d11fa9a2e44c3bdb550fc9056dc965f4,0x86289d09a7c766df790fe48f60cc46581b9b7c30,BUY,Yes,74594161563120681410942425422244825470573111517564347846134443688695080108751,0xe618be45bbda1e6011ec1d7a03af0de0953f02cccad7bfc0f8dd9506ed36f7f7,0.9849999014,0.101466,0.0999439999954524,1730722276,Will a Republican win North Dakota Presidential Election?
0x7d899fd8f2abeb36b0eeac32fd7caaaef3842e84fd7053f72f07eea3567a640b,0xa67517d1b70cb13001c38cab0e229b919c957315,BUY,Yes,74594161563120681410942425422244825470573111517564347846134443688695080108751,0xe618be45bbda1e6011ec1d7a03af0de0953f02cccad7bfc0f8dd9506ed36f7f7,0.9849999104,0.111666,0.1099909999947264,1730722016,Will a Republican win North Dakota Presidential Election?
0xd9cdbb913e545dfc5675f8967a9974c3a63dcd700e631a5eff9640028d893b0a,0x6b43d09309259e7b685728382e84a81c7f20628a,BUY,Yes,74594161563120681410942425422244825470573111517564347846134443688695080108751,0xe618be45bbda1e6011ec1d7a03af0de0953f02cccad7bfc0f8dd9506ed36f7f7,0.9849999104,0.111666,0.1099909999947264,1730721878,Will a Republican win North Dakota Presidential Election?
0xed63bde8373cb698eacef777f579d906576fb394472fcee6b9b322a22c4e997a,0x32a0020393d70ddc3c709752230213ba5d6ae926,BUY,Yes,74594161563120681410942425422244825470573111517564347846134443688695080108751,0xe618be45bbda1e6011ec1d7a03af0de0953f02cccad7bfc0f8dd9506ed36f7f7,0.9849999343,0.152266,0.1499819999961238,1730721476,Will a Republican win North Dakota Presidential Election?
0x7edde2acf94ff6fa80f70aa047f94bc5343796ee3c468384d901d036b56aa8d0,0xfa9e0893bb462cf6af42d005c7950a5416737ee6,BUY,Yes,74594161563120681410942425422244825470573111517564347846134443688695080108751,0xe618be45bbda1e6011ec1d7a03af0de0953f02cccad7bfc0f8dd9506ed36f7f7,0.9849999621,0.131933,0.12995399999973928,1730721220,Will a Republican win North Dakota Presidential Election?
0xa588e47dcaa491ab2c8555f9e751ab07d007ab6c07d1291cb3589f7af71a0141,0xdc2b61b471a1602296f4b456b953e274e2a7ef10,BUY,Yes,74594161563120681410942425422244825470573111517564347846134443688695080108751,0xe618be45bbda1e6011ec1d7a03af0de0953f02cccad7bfc0f8dd9506ed36f7f7,0.9849999014,0.101466,0.0999439999954524,1730720188,Will a Republican win North Dakota Presidential Election?
0x1364a82adb22dec908b420d876cca2dc9f1ff3a45970564192d79bc4b6905f8f,0x1f625379397eb013dbb7f62f9ad12041cfeb2ccc,BUY,Yes,74594161563120681410942425422244825470573111517564347846134443688695080108751,0xe618be45bbda1e6011ec1d7a03af0de0953f02cccad7bfc0f8dd9506ed36f7f7,0.9849950421,0.152283,0.1499979999961143,1730719821,Will a Republican win North Dakota Presidential Election?
0x707a79ab84f55217d961433336ad172707fd2ac686c23a0625f7d0814748e88e,0x50732a5b1e8ad34af0e18b73c5c7d8c4a2fb551e,BUY,Yes,74594161563120681410942425422244825470573111517564347846134443688695080108751,0xe618be45bbda1e6011ec1d7a03af0de0953f02cccad7bfc0f8dd9506ed36f7f7,0.9849999779,25.837562,25.44999799898988,1730719763,Will a Republican win North Dakota Presidential Election?
0x0d38fc666d40929d41c0cdd5732929dfd3441f52133cacab93e71bfa24fbdf9b,0x4d2bc7528760c92bcf6bf41a92726742ab140f1a,BUY,Yes,74594161563120681410942425422244825470573111517564347846134443688695080108751,0xe618be45bbda1e6011ec1d7a03af0de0953f02cccad7bfc0f8dd9506ed36f7f7,0.9849996482,0.14213,0.139997999998666,1730719657,Will a Republican win North Dakota Presidential Election?
0xaaf40cfc98552384693d05cab169767813a33d0d266da852faa80b5d1dd683f5,0x4e112cf401b2b8e7836239f76d17deb59f197e3c,BUY,Yes,74594161563120681410942425422244825470573111517564347846134443688695080108751,0xe618be45bbda1e6011ec1d7a03af0de0953f02cccad7bfc0f8dd9506ed36f7f7,0.9849974996,0.131978,0.12999800000220882,1730719577,Will a Republican win North Dakota Presidential Election?
0xa852fd1db42ec49ff5d51ac6140023b95e9a9044463be2a821828b4a1c57c3ca,0x964bef9d9eabd3465741a2c5305fa4424fb4ae45,BUY,Yes,74594161563120681410942425422244825470573111517564347846134443688695080108751,0xe618be45bbda1e6011ec1d7a03af0de0953f02cccad7bfc0f8dd9506ed36f7f7,0.9849949929,0.121826,0.11999800000503541,1730719401,Will a Republican win North Dakota Presidential Election?
0xb90ee6451f604fbe5a0710d7d753a2ebb1daa78f31bca5210106ff1c01867ce9,0x68d51907f046e0ba76a2f27d82cd6299e14a49db,BUY,Yes,74594161563120681410942425422244825470573111517564347846134443688695080108751,0xe618be45bbda1e6011ec1d7a03af0de0953f02cccad7bfc0f8dd9506ed36f7f7,0.9849974996,0.131978,0.12999800000220882,1730719041,Will a Republican win North Dakota Presidential Election?
0x9e269a1dc5de7911910bcfa06da6c8f4af5dd90d5dc0bf66bfd944e0531bf2cc,0xfd637bf28179da6c1752ad68e545bc7ac99c336a,BUY,Yes,74594161563120681410942425422244825470573111517564347846134443688695080108751,0xe618be45bbda1e6011ec1d7a03af0de0953f02cccad7bfc0f8dd9506ed36f7f7,0.9849974996,0.131978,0.12999800000220882,1730718891,Will a Republican win North Dakota Presidential Election?
0xf38099ebc92524e193193d890e4af1abd9b7dcc1b99060028172c1d29aa953f4,0x4a5799d32357476e1c2377f8fb72037e57d1ca4e,BUY,Yes,74594161563120681410942425422244825470573111517564347846134443688695080108751,0xe618be45bbda1e6011ec1d7a03af0de0953f02cccad7bfc0f8dd9506ed36f7f7,0.9849974996,0.131978,0.12999800000220882,1730718659,Will a Republican win North Dakota Presidential Election?
0x6862d89e0d89ccb1497353ae2fcc5f164427dbdc5e2b0bcec590ed96ba894d2c,0x5d408fbf70d0010ddc824b29936c36d37ffa9527,BUY,Yes,74594161563120681410942425422244825470573111517564347846134443688695080108751,0xe618be45bbda1e6011ec1d7a03af0de0953f02cccad7bfc0f8dd9506ed36f7f7,0.9849981777,0.101521,0.0999979999982817,1730718301,Will a Republican win North Dakota Presidential Election?
0x54e4f5d1583eefd106ca4c8b6d5c21fb672cfd90fe7a5f31c7275f1e4cfb22fe,0x676d98e7d059944b1d9d61d8c746411303fce4b8,BUY,Yes,74594161563120681410942425422244825470573111517564347846134443688695080108751,0xe618be45bbda1e6011ec1d7a03af0de0953f02cccad7bfc0f8dd9506ed36f7f7,0.9849981777,0.101521,0.0999979999982817,1730718141,Will a Republican win North Dakota Presidential Election?
0xf139fe62f640a88e2e9b5b36f8c5f8ea1aae11bbdd9e786c72279dfc95720f2f,0xa9bea6c3ee1d91d0d95780ad6d774c2d27edc7f9,BUY,Yes,74594161563120681410942425422244825470573111517564347846134443688695080108751,0xe618be45bbda1e6011ec1d7a03af0de0953f02cccad7bfc0f8dd9506ed36f7f7,0.9849949929,0.121826,0.11999800000503541,1730717437,Will a Republican win North Dakota Presidential Election?
0x1ed0b0d7afe41190e0712de3fba554335962e85cb7e1fc61f805b723a3c14280,0xe43bfdb334d4309071ce640a394ed46797f47b03,BUY,Yes,74594161563120681410942425422244825470573111517564347846134443688695080108751,0xe618be45bbda1e6011ec1d7a03af0de0953f02cccad7bfc0f8dd9506ed36f7f7,0.9859985867,0.121702,0.11999799999856339,1730716857,Will a Republican win North Dakota Presidential Election?
0x42c981090f8381d93771f50d6d332cb402c56f41453feb2ffe817900a26a79a7,0xaacd96ea8369304496ef3a77ecbbdfff94c2aa72,BUY,Yes,74594161563120681410942425422244825470573111517564347846134443688695080108751,0xe618be45bbda1e6011ec1d7a03af0de0953f02cccad7bfc0f8dd9506ed36f7f7,0.9849981777,0.101521,0.0999979999982817,1730716825,Will a Republican win North Dakota Presidential Election?
0xe21fea126a5188bf7e78cb9330b7c4191a29de6ba75f7097f4fb18032f64139d,0x0858298c3221fa147ce6de4045825823a37d9dd0,BUY,Yes,74594161563120681410942425422244825470573111517564347846134443688695080108751,0xe618be45bbda1e6011ec1d7a03af0de0953f02cccad7bfc0f8dd9506ed36f7f7,0.9849920304,0.111674,0.1099980000028896,1730716373,Will a Republican win North Dakota Presidential Election?
0xde4c535ca92f033b13803b30f82984722d689e376184c4f4065586b2bd575c32,0xad48bef3bf64aac5df62a6f61fb5f09792966a3c,BUY,Yes,74594161563120681410942425422244825470573111517564347846134443688695080108751,0xe618be45bbda1e6011ec1d7a03af0de0953f02cccad7bfc0f8dd9506ed36f7f7,0.9849949929,0.121826,0.11999800000503541,1730715937,Will a Republican win North Dakota Presidential Election?
0xf18ba82d6d212e6fd3f23e028257b5255c8a613b2bafa441d43171b44ac75a8c,0xb1b39c091e40653810ef59bd211d3119c3356423,BUY,Yes,74594161563120681410942425422244825470573111517564347846134443688695080108751,0xe618be45bbda1e6011ec1d7a03af0de0953f02cccad7bfc0f8dd9506ed36f7f7,0.9849996482,0.14213,0.139997999998666,1730715811,Will a Republican win North Dakota Presidential Election?
0x0bbad0ca412328890a87c77f3bf1aa43c913fac8c0ef2a6fff7e58ac4596ad8d,0x238ae16b2bf6ac12a490c4797ab1e9054135e8bc,BUY,Yes,74594161563120681410942425422244825470573111517564347846134443688695080108751,0xe618be45bbda1e6011ec1d7a03af0de0953f02cccad7bfc0f8dd9506ed36f7f7,0.9849974996,0.131978,0.12999800000220882,1730715421,Will a Republican win North Dakota Presidential Election?
0xb89d592838aba96163b22a9ae55bb3b06ed8c081f0e12e9d54dda992d73281be,0x07ed7fa9067fa01c56e2a34772cdb64d4a984648,BUY,Yes,74594161563120681410942425422244825470573111517564347846134443688695080108751,0xe618be45bbda1e6011ec1d7a03af0de0953f02cccad7bfc0f8dd9506ed36f7f7,0.9849920304,0.111674,0.1099980000028896,1730714917,Will a Republican win North Dakota Presidential Election?
0x19a79393b144329a7958b941c7be19c063fe2327cb40592b817c8c38e6cd1acf,0x591149641682ea868b8cff1db1be37a12711ac4a,BUY,Yes,74594161563120681410942425422244825470573111517564347846134443688695080108751,0xe618be45bbda1e6011ec1d7a03af0de0953f02cccad7bfc0f8dd9506ed36f7f7,0.9849920304,0.111674,0.1099980000028896,1730714547,Will a Republican win North Dakota Presidential Election?
0x563a0f229c648f9401da318aa4a22a20529ee1c8c448f47d42c1bec20a56bc6e,0x3169a3a38179473ed528da721bf1afd752ea0dba,BUY,Yes,74594161563120681410942425422244825470573111517564347846134443688695080108751,0xe618be45bbda1e6011ec1d7a03af0de0953f02cccad7bfc0f8dd9506ed36f7f7,0.9849974996,0.131978,0.12999800000220882,1730714465,Will a Republican win North Dakota Presidential Election?
0xf769fb96da72ca1ba5ce160c3e4ea59dddf4fb7edfc86f10f781d8214f7be942,0xd774f93efcdb7aa620f265c79dbff458fce102dd,BUY,Yes,74594161563120681410942425422244825470573111517564347846134443688695080108751,0xe618be45bbda1e6011ec1d7a03af0de0953f02cccad7bfc0f8dd9506ed36f7f7,0.9849996482,0.14213,0.139997999998666,1730714283,Will a Republican win North Dakota Presidential Election?
0xcf1d60e7c6150f26efcbe37f8e58144bc9b95f542454de467b115e568a8b455f,0xd7e1ad50eca7b520e69159c1628d4b24bdd34b85,BUY,Yes,74594161563120681410942425422244825470573111517564347846134443688695080108751,0xe618be45bbda1e6011ec1d7a03af0de0953f02cccad7bfc0f8dd9506ed36f7f7,0.9849950421,0.152283,0.1499979999961143,1730712729,Will a Republican win North Dakota Presidential Election?
0xec03b7bcb024fc818f9b9fedb7a820392a72d1fefdae689cd2b61bedc75b5417,0x8e019daa753849845980ac9f885366e9f6085bd4,BUY,Yes,74594161563120681410942425422244825470573111517564347846134443688695080108751,0xe618be45bbda1e6011ec1d7a03af0de0953f02cccad7bfc0f8dd9506ed36f7f7,0.9849920304,0.111674,0.1099980000028896,1730712605,Will a Republican win North Dakota Presidential Election?
0xb1809934a985c16d680c0d9d9c3d6adf5530df58d66af1c236115d11c2099007,0xacab6ac46ba2f0dfc52cce7b11f1bb0e103dc7a9,BUY,Yes,74594161563120681410942425422244825470573111517564347846134443688695080108751,0xe618be45bbda1e6011ec1d7a03af0de0953f02cccad7bfc0f8dd9506ed36f7f7,0.9849974996,0.131978,0.12999800000220882,1730711091,Will a Republican win North Dakota Presidential Election?
0xc62165cdd8dd8cc9c8d80350952e8f0d5970bedea6298423048e946e5a1df7e8,0x3a69a078f7f9bdeb5e85695d90531058d03077a4,BUY,Yes,74594161563120681410942425422244825470573111517564347846134443688695080108751,0xe618be45bbda1e6011ec1d7a03af0de0953f02cccad7bfc0f8dd9506ed36f7f7,0.9849996482,0.14213,0.139997999998666,1730710783,Will a Republican win North Dakota Presidential Election?
0x3856b4e5fe5be633ba6b0f07702e7f6c22aa5f5f8c2b769e4a126676e2eb72f0,0x4d735f89004915380f267da4878a8aca7468dfbf,BUY,Yes,74594161563120681410942425422244825470573111517564347846134443688695080108751,0xe618be45bbda1e6011ec1d7a03af0de0953f02cccad7bfc0f8dd9506ed36f7f7,0.9849996482,0.14213,0.139997999998666,1730710297,Will a Republican win North Dakota Presidential Election?
0xc2db0c341e42e07ddefa1af3b4bb740bae4d094dec31586f17dcc77e80e1799f,0xf9a7c8c77de6e6e315139040381c3a6088c0e2c9,BUY,Yes,74594161563120681410942425422244825470573111517564347846134443688695080108751,0xe618be45bbda1e6011ec1d7a03af0de0953f02cccad7bfc0f8dd9506ed36f7f7,0.9849981777,0.101521,0.0999979999982817,1730709997,Will a Republican win North Dakota Presidential Election?
0x0379ecc7654e9b08390e09f7534a646ac54cbf7d9bc589dfc28a6788dd0fe237,0xaf0d57ad371ffdfc069a4e07f400aa8caeecc5ad,BUY,Yes,74594161563120681410942425422244825470573111517564347846134443688695080108751,0xe618be45bbda1e6011ec1d7a03af0de0953f02cccad7bfc0f8dd9506ed36f7f7,0.9849974996,0.131978,0.12999800000220882,1730709387,Will a Republican win North Dakota Presidential Election?
0x53827c186f84202b8283225a1be45bc856d6e6159be91f8f1d954ff93822f922,0x722184d6d84a0567e2634287e3f82c7944fc79a6,BUY,Yes,74594161563120681410942425422244825470573111517564347846134443688695080108751,0xe618be45bbda1e6011ec1d7a03af0de0953f02cccad7bfc0f8dd9506ed36f7f7,0.9849950421,0.152283,0.1499979999961143,1730709377,Will a Republican win North Dakota Presidential Election?
0xb06eed2e996046b46732a5785697c277a33197bb9c59a44372d31359d8b420ad,0x58798b6eff45f1c30fe036c47b83515d2de3a961,BUY,Yes,74594161563120681410942425422244825470573111517564347846134443688695080108751,0xe618be45bbda1e6011ec1d7a03af0de0953f02cccad7bfc0f8dd9506ed36f7f7,0.9849974996,0.131978,0.12999800000220882,1730709313,Will a Republican win North Dakota Presidential Election?
0x958ffc0ea5d598a5107952e6ca9f54f55cb5b2945e1b893f165d05a6529191b6,0x9053aabce1dcc3ba6950d496b1bf602c905b1ed6,BUY,Yes,74594161563120681410942425422244825470573111517564347846134443688695080108751,0xe618be45bbda1e6011ec1d7a03af0de0953f02cccad7bfc0f8dd9506ed36f7f7,0.9849920304,0.111674,0.1099980000028896,1730708633,Will a Republican win North Dakota Presidential Election?
0x27307ac80f4be6cc9d87803a025fbc0f31b773f0b7e6c7b95871257af07d387f,0x1b894f43436851d2ceab128f1b1b21613fa3e29e,BUY,Yes,74594161563120681410942425422244825470573111517564347846134443688695080108751,0xe618be45bbda1e6011ec1d7a03af0de0953f02cccad7bfc0f8dd9506ed36f7f7,0.9849994139,1.015227,0.9999979999754555,1730708527,Will a Republican win North Dakota Presidential Election?
0x84b41f889eeebcdd69032b1f1a7d7cebdbeb14844188750df955933d92c49631,0xa9d9c5549720c7e92b125d1aede26fcc07585fea,BUY,Yes,74594161563120681410942425422244825470573111517564347846134443688695080108751,0xe618be45bbda1e6011ec1d7a03af0de0953f02cccad7bfc0f8dd9506ed36f7f7,0.9849996482,0.14213,0.139997999998666,1730708405,Will a Republican win North Dakota Presidential Election?
0xd20f22e11cee2017a943a8d1b96674eab333702849738c5c489ea10274ef7684,0x9b84dc91a62e1d1e4b933d58cd1b77f37a1ec5ea,BUY,Yes,74594161563120681410942425422244825470573111517564347846134443688695080108751,0xe618be45bbda1e6011ec1d7a03af0de0953f02cccad7bfc0f8dd9506ed36f7f7,0.9849981777,0.101521,0.0999979999982817,1730708317,Will a Republican win North Dakota Presidential Election?
0x29edef1e073804e7ba28a5a0fe8572243c0942ec7f7c3706ed0101c113eca675,0x08c764624900d43af0961f01211a210e161eea10,BUY,Yes,74594161563120681410942425422244825470573111517564347846134443688695080108751,0xe618be45bbda1e6011ec1d7a03af0de0953f02cccad7bfc0f8dd9506ed36f7f7,0.9849920304,0.111674,0.1099980000028896,1730707861,Will a Republican win North Dakota Presidential Election?
0x86fe5f46fb9c2592681e867af448cdd1cbc6a272a262bf7894a58902b714fabe,0xe6544878feb65e50fecd6c5830b6a06a817e87a9,BUY,Yes,74594161563120681410942425422244825470573111517564347846134443688695080108751,0xe618be45bbda1e6011ec1d7a03af0de0953f02cccad7bfc0f8dd9506ed36f7f7,0.9849920304,0.111674,0.1099980000028896,1730707769,Will a Republican win North Dakota Presidential Election?
0xe5c8115ee88b3b95128d884af40e283b2e0fbbf36dd9bc86c829ac0746617b25,0xff24b3d18a49fa783bcbadad1c83c6ccfef3c471,BUY,Yes,74594161563120681410942425422244825470573111517564347846134443688695080108751,0xe618be45bbda1e6011ec1d7a03af0de0953f02cccad7bfc0f8dd9506ed36f7f7,0.9849994139,1.015227,0.9999979999754555,1730707665,Will a Republican win North Dakota Presidential Election?
0x0820106a929b2998010af6f594aa8cb72aba6de8f1fbd3acf39776f7348d9f55,0x4b106a14c46f7a35b7f31269f4b06153aa0ec8e0,SELL,Yes,74594161563120681410942425422244825470573111517564347846134443688695080108751,0xe618be45bbda1e6011ec1d7a03af0de0953f02cccad7bfc0f8dd9506ed36f7f7,0.972151695,87.61,85.17020999895,1730707233,Will a Republican win North Dakota Presidential Election?
0x8e75374e7ad7bb51451dc79e293d582cafec38de946a9e7aeceb9a3d105e2075,0x939089775b07d5ea2bd55dbbbfe10d16c2680c79,BUY,Yes,74594161563120681410942425422244825470573111517564347846134443688695080108751,0xe618be45bbda1e6011ec1d7a03af0de0953f02cccad7bfc0f8dd9506ed36f7f7,0.9849994139,1.015227,0.9999979999754555,1730707063,Will a Republican win North Dakota Presidential Election?
0x292dc95b24c728a0bfcf923061c571e76bd517236ed4bd8e486b7c739f1380de,0x3a1be5c304183da7687bbe09a184f7a75770e18c,SELL,Yes,74594161563120681410942425422244825470573111517564347846134443688695080108751,0xe618be45bbda1e6011ec1d7a03af0de0953f02cccad7bfc0f8dd9506ed36f7f7,0.973,101.71,98.96382999999999,1730706871,Will a Republican win North Dakota Presidential Election?
0x16ec49c83ab835ca18d9aaa22e73e6992817f1b8e239757b6c180eec391d9c30,0xdaefaa3c8c12f13da194963e64973aee035a49c3,BUY,Yes,74594161563120681410942425422244825470573111517564347846134443688695080108751,0xe618be45bbda1e6011ec1d7a03af0de0953f02cccad7bfc0f8dd9506ed36f7f7,0.9849920304,0.111674,0.1099980000028896,1730706675,Will a Republican win North Dakota Presidential Election?
0xf0529beae5a101c1cc28992f98ba0476b85028af1f201a5fc4f52971b487ca03,0x53e7fb1adf6d03bf6885f48ddc22c00018f8c339,BUY,Yes,74594161563120681410942425422244825470573111517564347846134443688695080108751,0xe618be45bbda1e6011ec1d7a03af0de0953f02cccad7bfc0f8dd9506ed36f7f7,0.9849994139,1.015227,0.9999979999754555,1730706275,Will a Republican win North Dakota Presidential Election?
0x97a8cb6b5b9b661020b0b36f6540723ff2fbd79371372ac8fb09b0be90c2e481,0x31085ff0ae8c1c311e118ec282992a028bdc8211,BUY,Yes,74594161563120681410942425422244825470573111517564347846134443688695080108751,0xe618be45bbda1e6011ec1d7a03af0de0953f02cccad7bfc0f8dd9506ed36f7f7,0.9859986044,0.131844,0.12999799999851358,1730705983,Will a Republican win North Dakota Presidential Election?
0x8f5787e624bae947b2ddf2dfefb1e00da04da02361dd344ff67503438ef5b7a4,0xdea56ec51f6afc6398f8eadc870aa0a40af4c00a,BUY,Yes,74594161563120681410942425422244825470573111517564347846134443688695080108751,0xe618be45bbda1e6011ec1d7a03af0de0953f02cccad7bfc0f8dd9506ed36f7f7,0.9849920304,0.111674,0.1099980000028896,1730705595,Will a Republican win North Dakota Presidential Election?
0xdbe50d0b6765135fdfb949935a30a0f32dd96285527d6d5ceeb1867f71e94f76,0x13c1e517ea8386fe3e92891ffdf86e40f13e4334,BUY,Yes,74594161563120681410942425422244825470573111517564347846134443688695080108751,0xe618be45bbda1e6011ec1d7a03af0de0953f02cccad7bfc0f8dd9506ed36f7f7,0.9849949929,0.121826,0.11999800000503541,1730705559,Will a Republican win North Dakota Presidential Election?
0x14419acea4664e7087a671ce9d8a899c814cda1aab06aca9a218d146374fe6b0,0x651091bb2f078e15024c5dde3bcf8698471dcfc2,BUY,Yes,74594161563120681410942425422244825470573111517564347846134443688695080108751,0xe618be45bbda1e6011ec1d7a03af0de0953f02cccad7bfc0f8dd9506ed36f7f7,0.9849981777,0.101521,0.0999979999982817,1730704287,Will a Republican win North Dakota Presidential Election?
0xb4ac301d42650d050ee1aa491677486678d4fd4ba9cc01104ed8dcd50a56acd3,0xf74f4a7b9402d98f4a361923bedc1fb99b1809ab,BUY,Yes,74594161563120681410942425422244825470573111517564347846134443688695080108751,0xe618be45bbda1e6011ec1d7a03af0de0953f02cccad7bfc0f8dd9506ed36f7f7,0.9849994139,1.015227,0.9999979999754555,1730704067,Will a Republican win North Dakota Presidential Election?
0x93f843396bffbca53bdd0c47379e4cc275ae2f599b31ed8b5c119d8b6a86f514,0x479a2791cf2288934941e5f73e519ca3f54080d8,BUY,Yes,74594161563120681410942425422244825470573111517564347846134443688695080108751,0xe618be45bbda1e6011ec1d7a03af0de0953f02cccad7bfc0f8dd9506ed36f7f7,0.9849920304,0.111674,0.1099980000028896,1730703328,Will a Republican win North Dakota Presidential Election?
0x321d6eef2030310b624235c4ffb19af98bd9a0fd78defb9d4004c0a34430a071,0xd26207ffbc43c13dd06b9255e4a975045b761c9a,BUY,Yes,74594161563120681410942425422244825470573111517564347846134443688695080108751,0xe618be45bbda1e6011ec1d7a03af0de0953f02cccad7bfc0f8dd9506ed36f7f7,0.9849920304,0.111674,0.1099980000028896,1730703274,Will a Republican win North Dakota Presidential Election?
0xdef426fa94ef79b2208c1eb814f958f935b3761248e5e6b80d901ac5a2419cea,0x042c99cd1a58ee9dc89c12bc269a0e22347d6fd3,BUY,Yes,74594161563120681410942425422244825470573111517564347846134443688695080108751,0xe618be45bbda1e6011ec1d7a03af0de0953f02cccad7bfc0f8dd9506ed36f7f7,0.9849996482,0.14213,0.139997999998666,1730703078,Will a Republican win North Dakota Presidential Election?
0x2d69c43ba2e9248d8452f416627681517cfbd84a7ec4a2a083dd173484afab44,0xda51ef85449dd366bc93ad3f6be405b4105856d6,BUY,Yes,74594161563120681410942425422244825470573111517564347846134443688695080108751,0xe618be45bbda1e6011ec1d7a03af0de0953f02cccad7bfc0f8dd9506ed36f7f7,0.9849996482,0.14213,0.139997999998666,1730701858,Will a Republican win North Dakota Presidential Election?
0xf29461d469f2113ade7d3998183dad0f1ce19a1a02b8b3f42af48f49032e53ac,0xccb03c38b5e84ce4cec41e07fa2085d57b371316,BUY,Yes,74594161563120681410942425422244825470573111517564347846134443688695080108751,0xe618be45bbda1e6011ec1d7a03af0de0953f02cccad7bfc0f8dd9506ed36f7f7,0.9849949929,0.121826,0.11999800000503541,1730701724,Will a Republican win North Dakota Presidential Election?
0x6f9dcb5b9c701f3f5922aa540b0af5687751d2280cc234fac1a39af1ef90c2d6,0x20d210855174fb5520b99631f743591aadd3d453,BUY,Yes,74594161563120681410942425422244825470573111517564347846134443688695080108751,0xe618be45bbda1e6011ec1d7a03af0de0953f02cccad7bfc0f8dd9506ed36f7f7,0.9849949929,0.121826,0.11999800000503541,1730701612,Will a Republican win North Dakota Presidential Election?
0xe8e8baf005cad597743a4def14d6385f438a69d73e2f9ef7a4cb9ed5bf3597b8,0xbab693671983f232810b29a0ca0d67f4210c8ce7,BUY,Yes,74594161563120681410942425422244825470573111517564347846134443688695080108751,0xe618be45bbda1e6011ec1d7a03af0de0953f02cccad7bfc0f8dd9506ed36f7f7,0.9849949929,0.121826,0.11999800000503541,1730701336,Will a Republican win North Dakota Presidential Election?
0x1d01c5d5c3b83c6f40a02c5b7ca64fb503a939ccb07b702ba85d0c4f2ac5a00d,0x4421f89d12016e64d39700761327198d8b8d8332,BUY,Yes,74594161563120681410942425422244825470573111517564347846134443688695080108751,0xe618be45bbda1e6011ec1d7a03af0de0953f02cccad7bfc0f8dd9506ed36f7f7,0.9849949929,0.121826,0.11999800000503541,1730701318,Will a Republican win North Dakota Presidential Election?
0x1ed5c6f64751ed96373203b1428d35201ffff69e29e6b85b865c71d982dd9001,0x68d5fb3b4fae159bb78840addd12eeb065e16a05,BUY,Yes,74594161563120681410942425422244825470573111517564347846134443688695080108751,0xe618be45bbda1e6011ec1d7a03af0de0953f02cccad7bfc0f8dd9506ed36f7f7,0.9849950421,0.152283,0.1499979999961143,1730701148,Will a Republican win North Dakota Presidential Election?
0x595e61cab36f9618f78d450a18e83cf1c00fab7a3b16e9512b2954429dba476d,0x99354616e22486488885c0e208904cfee0538097,BUY,Yes,74594161563120681410942425422244825470573111517564347846134443688695080108751,0xe618be45bbda1e6011ec1d7a03af0de0953f02cccad7bfc0f8dd9506ed36f7f7,0.9849981777,0.101521,0.0999979999982817,1730700886,Will a Republican win North Dakota Presidential Election?
0x5e517bd2ef3b2045b5a8d9a5f079f6cf3c2c9c8fd8b7ad5f8a798b469a318d5c,0x5cbca8daaea5a52487214965d938b5a33cec1859,BUY,Yes,74594161563120681410942425422244825470573111517564347846134443688695080108751,0xe618be45bbda1e6011ec1d7a03af0de0953f02cccad7bfc0f8dd9506ed36f7f7,0.9849950421,0.152283,0.1499979999961143,1730698735,Will a Republican win North Dakota Presidential Election?
0x13229bc24d5cde108a4038be8009066400c319bb001eba0648ea57cad85043a1,0x3a61470c589b331e0630f4b2b9310640831dc55b,BUY,Yes,74594161563120681410942425422244825470573111517564347846134443688695080108751,0xe618be45bbda1e6011ec1d7a03af0de0953f02cccad7bfc0f8dd9506ed36f7f7,0.9849996482,0.14213,0.139997999998666,1730698273,Will a Republican win North Dakota Presidential Election?
0x309fe9fb89e52fc24eb7b1d135970a5b777a973f998c84bac8f74267beaad945,0x9cf83fdbfc0f6f5c19b7ef16898cb40223659b81,BUY,Yes,74594161563120681410942425422244825470573111517564347846134443688695080108751,0xe618be45bbda1e6011ec1d7a03af0de0953f02cccad7bfc0f8dd9506ed36f7f7,0.9849920304,0.111674,0.1099980000028896,1730698151,Will a Republican win North Dakota Presidential Election?
0x88cc7d9915f41c9b8028d07e021c0fabe406e57fb247ec5a85fe7bf4fa44a598,0xa6668149c8fe3333c53cdaea849d4479121db655,BUY,Yes,74594161563120681410942425422244825470573111517564347846134443688695080108751,0xe618be45bbda1e6011ec1d7a03af0de0953f02cccad7bfc0f8dd9506ed36f7f7,0.9849920304,0.111674,0.1099980000028896,1730697935,Will a Republican win North Dakota Presidential Election?
0xcbf6cc4e95a1f94b9d4faf13c7506ee17f08e86d17423afa95ff7ddb5eb1018d,0x58f7b5300b8c9bdf887d06027c9a72da1b2a363a,BUY,Yes,74594161563120681410942425422244825470573111517564347846134443688695080108751,0xe618be45bbda1e6011ec1d7a03af0de0953f02cccad7bfc0f8dd9506ed36f7f7,0.9849974996,0.131978,0.12999800000220882,1730697805,Will a Republican win North Dakota Presidential Election?
0x9f02ae8a512464d9743b538a42287fb881dc613bcc026a608b7c787f1af12673,0x4f4964a78456ec5ed2f07533da719e9038abee25,BUY,Yes,74594161563120681410942425422244825470573111517564347846134443688695080108751,0xe618be45bbda1e6011ec1d7a03af0de0953f02cccad7bfc0f8dd9506ed36f7f7,0.9849920304,0.111674,0.1099980000028896,1730697585,Will a Republican win North Dakota Presidential Election?
0x0fad2aef94c0eda904b10c9de366bc4a118f15d674412e5ddd5b1384bf3fc931,0x1949d648a8ee010f92f6a315af5c5271435620ae,BUY,Yes,74594161563120681410942425422244825470573111517564347846134443688695080108751,0xe618be45bbda1e6011ec1d7a03af0de0953f02cccad7bfc0f8dd9506ed36f7f7,0.9849996482,0.14213,0.139997999998666,1730697373,Will a Republican win North Dakota Presidential Election?
0x5108c6c9f46621e9876da5e5830509a01855565b5cbaebf37e62b9a547033db2,0xf846d4d1930f7c0f69b8054a6ddc4ecd236a99c7,BUY,Yes,74594161563120681410942425422244825470573111517564347846134443688695080108751,0xe618be45bbda1e6011ec1d7a03af0de0953f02cccad7bfc0f8dd9506ed36f7f7,0.9849996482,0.14213,0.139997999998666,1730696787,Will a Republican win North Dakota Presidential Election?
0x69d567d91096156d5a2a560fac88d32fa70c1e2cc1cd356ad0e4c7d6c0b451ae,0xeada54cbc732f18f50e785c1e6a3dd1d839a77d2,BUY,Yes,74594161563120681410942425422244825470573111517564347846134443688695080108751,0xe618be45bbda1e6011ec1d7a03af0de0953f02cccad7bfc0f8dd9506ed36f7f7,0.9849950421,0.152283,0.1499979999961143,1730696104,Will a Republican win North Dakota Presidential Election?
0x13a01336c4e4b51526077f0fca7e0b3a355f0bfd68d01155f2c3248d828e5fd7,0xf2393ca3d98d6e8465012a7145eacb2f6c51aec7,BUY,Yes,74594161563120681410942425422244825470573111517564347846134443688695080108751,0xe618be45bbda1e6011ec1d7a03af0de0953f02cccad7bfc0f8dd9506ed36f7f7,0.9849996482,0.14213,0.139997999998666,1730694575,Will a Republican win North Dakota Presidential Election?
0xfaf3bb868fa3ae8f4c4465cfba79e696b760c109caa77a565c5f2f531a52589a,0xcdd1f298cc3a346af44a12de141486205abf2881,BUY,Yes,74594161563120681410942425422244825470573111517564347846134443688695080108751,0xe618be45bbda1e6011ec1d7a03af0de0953f02cccad7bfc0f8dd9506ed36f7f7,0.9849974996,0.131978,0.12999800000220882,1730694357,Will a Republican win North Dakota Presidential Election?
0xdc4c941f77712ac684a75fc136cae262b962dda21a687e41247c82a18786a9cf,0x447489749e1ab7517187907c2b1000a6ac189da0,BUY,Yes,74594161563120681410942425422244825470573111517564347846134443688695080108751,0xe618be45bbda1e6011ec1d7a03af0de0953f02cccad7bfc0f8dd9506ed36f7f7,0.9849974996,0.131978,0.12999800000220882,1730694191,Will a Republican win North Dakota Presidential Election?
0x741cac2951fb7ee88d656a6c4f444cf9a30e0b53fae3d8efa163679c82286bcb,0xa552323d853b1b35c2f10c6f8c056660eb17fe53,BUY,Yes,74594161563120681410942425422244825470573111517564347846134443688695080108751,0xe618be45bbda1e6011ec1d7a03af0de0953f02cccad7bfc0f8dd9506ed36f7f7,0.9849996482,0.14213,0.139997999998666,1730694079,Will a Republican win North Dakota Presidential Election?
0x82c52b02432be6b03e2e3c3718d15079a88302e276f0fd289e45bc77e4c3f780,0x26ce53d2bb58af41eb8c239c77f21006fffbfcab,BUY,Yes,74594161563120681410942425422244825470573111517564347846134443688695080108751,0xe618be45bbda1e6011ec1d7a03af0de0953f02cccad7bfc0f8dd9506ed36f7f7,0.9849949929,0.121826,0.11999800000503541,1730693919,Will a Republican win North Dakota Presidential Election?
0x8b783054705ad35313845f38c92b2dd683270a47b125643a7fa154e1eb2aa34d,0xe1f0f5118080fd335c96f1f3204f3b69da2ac310,BUY,Yes,74594161563120681410942425422244825470573111517564347846134443688695080108751,0xe618be45bbda1e6011ec1d7a03af0de0953f02cccad7bfc0f8dd9506ed36f7f7,0.9849996482,0.14213,0.139997999998666,1730693463,Will a Republican win North Dakota Presidential Election?
0xacf04792227e3a97a104c26731dc384df2f8b3f8713f5fcdcfa91e94b3f16f46,0x866d96acd093c72923df456ce0341e7fcd584b18,BUY,Yes,74594161563120681410942425422244825470573111517564347846134443688695080108751,0xe618be45bbda1e6011ec1d7a03af0de0953f02cccad7bfc0f8dd9506ed36f7f7,0.9849974996,0.131978,0.12999800000220882,1730693451,Will a Republican win North Dakota Presidential Election?
0x19fdd1c92db3379c49d10267d6ac10ccb07bba5cae2d59fb6d334331e4ccfe8c,0xa76c4468120acd8edd855ffe41ee64f2c786ae55,BUY,Yes,74594161563120681410942425422244825470573111517564347846134443688695080108751,0xe618be45bbda1e6011ec1d7a03af0de0953f02cccad7bfc0f8dd9506ed36f7f7,0.9849949929,0.121826,0.11999800000503541,1730693159,Will a Republican win North Dakota Presidential Election?
0xeb35711de91083596c5893db80e118ff3a45ff1f94073a968fb28237238e87d2,0x20d7b5ff2c958237c7e4e50bba183fd7e10a7ab8,BUY,Yes,74594161563120681410942425422244825470573111517564347846134443688695080108751,0xe618be45bbda1e6011ec1d7a03af0de0953f02cccad7bfc0f8dd9506ed36f7f7,0.9849950421,0.152283,0.1499979999961143,1730693091,Will a Republican win North Dakota Presidential Election?
0x41bb6bad66e99e4af82c5317caac2731f336a3b581a37d8c7392670537d316b6,0xfd840adaa40d3cabae83fed14af3f5598095c0f0,BUY,Yes,74594161563120681410942425422244825470573111517564347846134443688695080108751,0xe618be45bbda1e6011ec1d7a03af0de0953f02cccad7bfc0f8dd9506ed36f7f7,0.9849974996,0.131978,0.12999800000220882,1730692843,Will a Republican win North Dakota Presidential Election?
0xc6d4736d7452c181e3b7a26405f2ce790aff0d35d6359d32e66ebc5612e67554,0xdddd24788c4e5a8185e4b9a20ce09681be61f0d8,BUY,Yes,74594161563120681410942425422244825470573111517564347846134443688695080108751,0xe618be45bbda1e6011ec1d7a03af0de0953f02cccad7bfc0f8dd9506ed36f7f7,0.9849996482,0.14213,0.139997999998666,1730692539,Will a Republican win North Dakota Presidential Election?
0x9c4b8fbf1ec15d2efc195c52942527c1057fa899c92a93773c8986139217af79,0x713f2e3da18c6aef38ba55286e539ead932e1236,BUY,Yes,74594161563120681410942425422244825470573111517564347846134443688695080108751,0xe618be45bbda1e6011ec1d7a03af0de0953f02cccad7bfc0f8dd9506ed36f7f7,0.9849920304,0.111674,0.1099980000028896,1730691852,Will a Republican win North Dakota Presidential Election?
0x460d3704fabe36b8510791bc215cec72636cb601cd715f32b611f4bf8b721bc6,0xcd75073ab8a127384901e0364076161445515182,BUY,Yes,74594161563120681410942425422244825470573111517564347846134443688695080108751,0xe618be45bbda1e6011ec1d7a03af0de0953f02cccad7bfc0f8dd9506ed36f7f7,0.9849974996,0.131978,0.12999800000220882,1730691624,Will a Republican win North Dakota Presidential Election?
0x78acf972e1e2c44d6cb5e9aa894277d05c00b2cc31866fcea64b120bb1b9aab2,0x3b3d5f1dbd159bef3bfe94e71cab5dcea6b75ffb,BUY,Yes,74594161563120681410942425422244825470573111517564347846134443688695080108751,0xe618be45bbda1e6011ec1d7a03af0de0953f02cccad7bfc0f8dd9506ed36f7f7,0.9849996482,0.14213,0.139997999998666,1730691016,Will a Republican win North Dakota Presidential Election?
0x19e66f3159e4454b77615db6f76fe5509ffb856a766170e3e84615033cc8afa5,0x9919a7c8870d571581c8b4119b4a6d7e7db70f4f,BUY,Yes,74594161563120681410942425422244825470573111517564347846134443688695080108751,0xe618be45bbda1e6011ec1d7a03af0de0953f02cccad7bfc0f8dd9506ed36f7f7,0.9849981777,0.101521,0.0999979999982817,1730690902,Will a Republican win North Dakota Presidential Election?
0x90e118023a3c36a42c0ca702aaa26ccc1a0dea3e0258eb8034319724d1c11b74,0x36443db98939c2171d999889e4aebb99ddb4669b,BUY,Yes,74594161563120681410942425422244825470573111517564347846134443688695080108751,0xe618be45bbda1e6011ec1d7a03af0de0953f02cccad7bfc0f8dd9506ed36f7f7,0.9849920304,0.111674,0.1099980000028896,1730690556,Will a Republican win North Dakota Presidential Election?
0x0832b892c98e4b1c8805e2409020288017a758c376661f099e5443803a2387ec,0x67d9c24cb8d9eb3eb9bf3dc0e6958aa0e88cf8e1,BUY,Yes,74594161563120681410942425422244825470573111517564347846134443688695080108751,0xe618be45bbda1e6011ec1d7a03af0de0953f02cccad7bfc0f8dd9506ed36f7f7,0.9849974996,0.131978,0.12999800000220882,1730690328,Will a Republican win North Dakota Presidential Election?
0xd668f0f5b7b88dbd6ecc5dd32873e8941693723203bd8da4049e9e15cdbfcd49,0x6fd9a0bdc0efbfee69ea78a7e6916b4d7cede151,BUY,Yes,74594161563120681410942425422244825470573111517564347846134443688695080108751,0xe618be45bbda1e6011ec1d7a03af0de0953f02cccad7bfc0f8dd9506ed36f7f7,0.9849974996,0.131978,0.12999800000220882,1730690112,Will a Republican win North Dakota Presidential Election?
0x8436eed0557bcce30ca6e7657aac94be51cbf0a52116d976bcdbdd3319b29e28,0x73a7b4adc7ab9ff3740c5f6f9766f3def056b1c2,BUY,Yes,74594161563120681410942425422244825470573111517564347846134443688695080108751,0xe618be45bbda1e6011ec1d7a03af0de0953f02cccad7bfc0f8dd9506ed36f7f7,0.9849974996,0.131978,0.12999800000220882,1730689731,Will a Republican win North Dakota Presidential Election?
0x9db786f27c90486850f59410f29bd00aa8e91358e94bf60d7625c03391c29ffe,0xbe80285f0451acf195f949512692cab6f7ba8f86,BUY,Yes,74594161563120681410942425422244825470573111517564347846134443688695080108751,0xe618be45bbda1e6011ec1d7a03af0de0953f02cccad7bfc0f8dd9506ed36f7f7,0.9849920304,0.111674,0.1099980000028896,1730689326,Will a Republican win North Dakota Presidential Election?
0x50345c4fb6ffb69b4450e1769f3a2135868f302dd7eea7f95eee27565f53d293,0x100f3fb220cc044956836e26bd68713a6990b4ad,BUY,Yes,74594161563120681410942425422244825470573111517564347846134443688695080108751,0xe618be45bbda1e6011ec1d7a03af0de0953f02cccad7bfc0f8dd9506ed36f7f7,0.9849996482,0.14213,0.139997999998666,1730689146,Will a Republican win North Dakota Presidential Election?
0xb18d09298ad3d60caacd855bf70262d9848938b6f713f51e71d72c1bd15fc1f4,0xc346572fb49c8d1890e95c9f0d2998d1e0799c0e,BUY,Yes,74594161563120681410942425422244825470573111517564347846134443688695080108751,0xe618be45bbda1e6011ec1d7a03af0de0953f02cccad7bfc0f8dd9506ed36f7f7,0.9849920304,0.111674,0.1099980000028896,1730688936,Will a Republican win North Dakota Presidential Election?
0x54ae5871e4d55911e591ad473f49c76a32d187f2b79f52989c151f290598e92e,0x446a2abd3ddf900d16cd649cf129a6c5755ff962,BUY,Yes,74594161563120681410942425422244825470573111517564347846134443688695080108751,0xe618be45bbda1e6011ec1d7a03af0de0953f02cccad7bfc0f8dd9506ed36f7f7,0.9849981777,0.101521,0.0999979999982817,1730687739,Will a Republican win North Dakota Presidential Election?
0xa7f1e0b6e749f28a1335e3f0812d5b91c8114bd5d0f2bbc28fdbacdc3fdcbed3,0x9680691617370e350a7143362093eef568362a38,BUY,Yes,74594161563120681410942425422244825470573111517564347846134443688695080108751,0xe618be45bbda1e6011ec1d7a03af0de0953f02cccad7bfc0f8dd9506ed36f7f7,0.9849950421,0.152283,0.1499979999961143,1730687527,Will a Republican win North Dakota Presidential Election?
0x01c4c852e214ba1b84841b259a86f03d51c2ca42f2484b98970135b31a9add50,0x59dc711f8fdc8a21ba489e65d50ac66cc046d304,BUY,Yes,74594161563120681410942425422244825470573111517564347846134443688695080108751,0xe618be45bbda1e6011ec1d7a03af0de0953f02cccad7bfc0f8dd9506ed36f7f7,0.9849949929,0.121826,0.11999800000503541,1730687227,Will a Republican win North Dakota Presidential Election?
0xa2d4e6983ec4d3377c84286d5a474f9f0a06c4703f9e5ccbf9796445b17959a3,0x783876cd0319f829727869a9ac7a68c711555e35,BUY,Yes,74594161563120681410942425422244825470573111517564347846134443688695080108751,0xe618be45bbda1e6011ec1d7a03af0de0953f02cccad7bfc0f8dd9506ed36f7f7,0.9849949929,0.121826,0.11999800000503541,1730687123,Will a Republican win North Dakota Presidential Election?
0x0ef32eedbc8175e235fdd480ecf13c4d8728d596ffce5152140072f4b6e5ca38,0xb9eb342b1561048ca94a6d59e49db25194d9958c,BUY,Yes,74594161563120681410942425422244825470573111517564347846134443688695080108751,0xe618be45bbda1e6011ec1d7a03af0de0953f02cccad7bfc0f8dd9506ed36f7f7,0.9849949929,0.121826,0.11999800000503541,1730686583,Will a Republican win North Dakota Presidential Election?
0x64cc3c07d82aac110b6c9066b8b7aa2c1deead1c3d289d5000957bc66e0cf679,0x0855c026d94117b808c2bb4929b6bde635ed280c,BUY,Yes,74594161563120681410942425422244825470573111517564347846134443688695080108751,0xe618be45bbda1e6011ec1d7a03af0de0953f02cccad7bfc0f8dd9506ed36f7f7,0.9849950421,0.152283,0.1499979999961143,1730686320,Will a Republican win North Dakota Presidential Election?
0x30acd191481eea3086bc2ca2d87e5c29e2df98108ef63d2b90241cb980300c83,0x768b9ac5534946e5e7c6e506ff4b1c09028bac0a,BUY,Yes,74594161563120681410942425422244825470573111517564347846134443688695080108751,0xe618be45bbda1e6011ec1d7a03af0de0953f02cccad7bfc0f8dd9506ed36f7f7,0.9849981777,0.101521,0.0999979999982817,1730684566,Will a Republican win North Dakota Presidential Election?
0xaf6c12ad57f484b71c8514e979011729eb1dd1053aa28c1b9346607e43618f5c,0xfb8eddfdc9be952f88dcf8099498e0ed0af7f61e,BUY,Yes,74594161563120681410942425422244825470573111517564347846134443688695080108751,0xe618be45bbda1e6011ec1d7a03af0de0953f02cccad7bfc0f8dd9506ed36f7f7,0.9849974996,0.131978,0.12999800000220882,1730684498,Will a Republican win North Dakota Presidential Election?
0x43a39b54153191af76c97d17cbbe85c35ff2d79808ceb0aad51d59b66fb7a5ad,0x4f9337e036c1e9c17cc5d0ee2e87cf4a7492ef73,BUY,Yes,74594161563120681410942425422244825470573111517564347846134443688695080108751,0xe618be45bbda1e6011ec1d7a03af0de0953f02cccad7bfc0f8dd9506ed36f7f7,0.9849974996,0.131978,0.12999800000220882,1730684350,Will a Republican win North Dakota Presidential Election?
0x62b1cfa41047b4842fec89e06d160eb455f9cf9f058042b7471cb52e738c2e78,0xbc76bc8bfb0c01e4571173588e394ffa2b606862,BUY,Yes,74594161563120681410942425422244825470573111517564347846134443688695080108751,0xe618be45bbda1e6011ec1d7a03af0de0953f02cccad7bfc0f8dd9506ed36f7f7,0.9849950421,0.152283,0.1499979999961143,1730684041,Will a Republican win North Dakota Presidential Election?
0x34f2e4a3d7f02ca55eff69a5f808a20481df49c64663bdbec0da4f901944189c,0xb61f5086b9996e934b20029c5a0f7c95096a9c8a,BUY,Yes,74594161563120681410942425422244825470573111517564347846134443688695080108751,0xe618be45bbda1e6011ec1d7a03af0de0953f02cccad7bfc0f8dd9506ed36f7f7,0.9849996482,0.14213,0.139997999998666,1730684001,Will a Republican win North Dakota Presidential Election?
0x20ee6cc5c2cfbb33d6612a0e16544612b10deb75b887845d063aa765bc163799,0x03804612a75539b0c1bc496989fa50c422278969,BUY,Yes,74594161563120681410942425422244825470573111517564347846134443688695080108751,0xe618be45bbda1e6011ec1d7a03af0de0953f02cccad7bfc0f8dd9506ed36f7f7,0.9849974996,0.131978,0.12999800000220882,1730683607,Will a Republican win North Dakota Presidential Election?
0x9de580010c07dba6992c53884f5304250e6c014b41c545fcd41ce73b22e723dc,0xf9a0b73ad5b307763852caa9b2884df09929e7fb,BUY,Yes,74594161563120681410942425422244825470573111517564347846134443688695080108751,0xe618be45bbda1e6011ec1d7a03af0de0953f02cccad7bfc0f8dd9506ed36f7f7,0.9849974996,0.131978,0.12999800000220882,1730682762,Will a Republican win North Dakota Presidential Election?
0xd84bbaee4b03c085058d837bc766a2747f221b5d48c1878b99b0a4b575e5b9c3,0xebca16f454872c298e48a6ad57273e110d6dadbd,BUY,Yes,74594161563120681410942425422244825470573111517564347846134443688695080108751,0xe618be45bbda1e6011ec1d7a03af0de0953f02cccad7bfc0f8dd9506ed36f7f7,0.9849949929,0.121826,0.11999800000503541,1730682660,Will a Republican win North Dakota Presidential Election?
0x673c1390b1901f074c0f4ebee75a8e8b308bf3f146ecb4b50e44b4096fbe4876,0x884151293af0de199c4fb5a5913e9d89868093c1,BUY,Yes,74594161563120681410942425422244825470573111517564347846134443688695080108751,0xe618be45bbda1e6011ec1d7a03af0de0953f02cccad7bfc0f8dd9506ed36f7f7,0.9849981777,0.101521,0.0999979999982817,1730682256,Will a Republican win North Dakota Presidential Election?
0x76594f3b045a0274f7645d9e737d83e01fb5553d2d3935d4a0b45412fe7643b8,0xa27888e926715f2be34fd2361921f77fd161efb4,BUY,Yes,74594161563120681410942425422244825470573111517564347846134443688695080108751,0xe618be45bbda1e6011ec1d7a03af0de0953f02cccad7bfc0f8dd9506ed36f7f7,0.9849949929,0.121826,0.11999800000503541,1730682163,Will a Republican win North Dakota Presidential Election?
0x177785a362abbbf0936e40314d3fd5f099af65f1c955e226de2a0ac6d5da6e6d,0x030b8cd2d7238404851d9318e8aeb0e16ef9d717,BUY,Yes,74594161563120681410942425422244825470573111517564347846134443688695080108751,0xe618be45bbda1e6011ec1d7a03af0de0953f02cccad7bfc0f8dd9506ed36f7f7,0.9849949929,0.121826,0.11999800000503541,1730682093,Will a Republican win North Dakota Presidential Election?
0x62f00f58f093f9d8d56af75f486020ea9e94179f0ac2c758890197f13e2fceb6,0x1e14a30b86689804d95ae29c2b2cbdf27797d994,BUY,Yes,74594161563120681410942425422244825470573111517564347846134443688695080108751,0xe618be45bbda1e6011ec1d7a03af0de0953f02cccad7bfc0f8dd9506ed36f7f7,0.9849920304,0.111674,0.1099980000028896,1730681949,Will a Republican win North Dakota Presidential Election?
0xe52e4cbb4b464f3d7f7b7ddedf3f3e6b972c0ffdd217202b5ed130987e740d64,0x0c1ac0eaada588e2d1fb87f95d303c29e351f703,BUY,Yes,74594161563120681410942425422244825470573111517564347846134443688695080108751,0xe618be45bbda1e6011ec1d7a03af0de0953f02cccad7bfc0f8dd9506ed36f7f7,0.9849996482,0.14213,0.139997999998666,1730681735,Will a Republican win North Dakota Presidential Election?
0xd2306949e1957f0e763ee9d3ebc80042706ad0363d17b583c051e9a68124b488,0xa275dfaf58d55f24871f361e7072e11e5757ba4a,BUY,Yes,74594161563120681410942425422244825470573111517564347846134443688695080108751,0xe618be45bbda1e6011ec1d7a03af0de0953f02cccad7bfc0f8dd9506ed36f7f7,0.9849974996,0.131978,0.12999800000220882,1730681507,Will a Republican win North Dakota Presidential Election?
0x4ba475ff6978968eed074b547f1c3c910bb2937d6048a43128e9369b67f76246,0x78f33318c3ffe356e496735373480c4b876b2ccd,BUY,Yes,74594161563120681410942425422244825470573111517564347846134443688695080108751,0xe618be45bbda1e6011ec1d7a03af0de0953f02cccad7bfc0f8dd9506ed36f7f7,0.9849949929,0.121826,0.11999800000503541,1730680961,Will a Republican win North Dakota Presidential Election?
0x1cee624dd3e76db90226a0e2b89572dc4f43829c169bd1c1d65545447ad4963d,0xe04d470c481dc023b77076d39350296b678736a8,BUY,Yes,74594161563120681410942425422244825470573111517564347846134443688695080108751,0xe618be45bbda1e6011ec1d7a03af0de0953f02cccad7bfc0f8dd9506ed36f7f7,0.9859986196,0.141986,0.1399980000025256,1730680621,Will a Republican win North Dakota Presidential Election?
0x3444918240a8322633c87ad5be61bf4eea9838e24545db6fafa4e586049d2c36,0x4db6a05ea28375dd14dc3b7abf2416839414ad0d,BUY,Yes,74594161563120681410942425422244825470573111517564347846134443688695080108751,0xe618be45bbda1e6011ec1d7a03af0de0953f02cccad7bfc0f8dd9506ed36f7f7,0.9849996482,0.14213,0.139997999998666,1730680609,Will a Republican win North Dakota Presidential Election?
0x988542f2435ab471370755079cca418b3717acfa25950b6bed0eb2a2d91d0b12,0xea85ddd669bdcfb63fa5298eb590e644af286cca,BUY,Yes,74594161563120681410942425422244825470573111517564347846134443688695080108751,0xe618be45bbda1e6011ec1d7a03af0de0953f02cccad7bfc0f8dd9506ed36f7f7,0.9849949929,0.121826,0.11999800000503541,1730679895,Will a Republican win North Dakota Presidential Election?
0xc985613d01f214489dcfa937395babee9a9fcc696d59f802ca67fbd697f6c30c,0x298906cbb5cb825f4f6d0b156a054d00eb78ab0a,BUY,Yes,74594161563120681410942425422244825470573111517564347846134443688695080108751,0xe618be45bbda1e6011ec1d7a03af0de0953f02cccad7bfc0f8dd9506ed36f7f7,0.9849981777,0.101521,0.0999979999982817,1730679739,Will a Republican win North Dakota Presidential Election?
0xf47efd40b4a34ecc261a4bde8e897b7b855a4b480dc72ce49c14f1994880100f,0x2b0d4b3b119778b2822df9b1fcf8d5feec5aea8a,BUY,Yes,74594161563120681410942425422244825470573111517564347846134443688695080108751,0xe618be45bbda1e6011ec1d7a03af0de0953f02cccad7bfc0f8dd9506ed36f7f7,0.9849974996,0.131978,0.12999800000220882,1730679711,Will a Republican win North Dakota Presidential Election?
0x94f197683daaa326b6b4c596af043790742e258c6e4699de09bd98db38c59a05,0x8cc3f1f2a4acb59f1eb0241065137392916a9f17,BUY,Yes,74594161563120681410942425422244825470573111517564347846134443688695080108751,0xe618be45bbda1e6011ec1d7a03af0de0953f02cccad7bfc0f8dd9506ed36f7f7,0.9849920304,0.111674,0.1099980000028896,1730679553,Will a Republican win North Dakota Presidential Election?
0xbaec068dcf4afc36c9c494fb53c15220f598947b78a97712a92d1389e78908b9,0xef01223d535daa0331f9595c9375ffa5896aff1f,BUY,Yes,74594161563120681410942425422244825470573111517564347846134443688695080108751,0xe618be45bbda1e6011ec1d7a03af0de0953f02cccad7bfc0f8dd9506ed36f7f7,0.9849974996,0.131978,0.12999800000220882,1730678420,Will a Republican win North Dakota Presidential Election?
0x58549620c1c01fa0f8af96c22ae408bbdaea93cf1576044aa2dc7c5804827353,0xe6aeaf96431afde2cfb96aa8db5c8180bf0fb598,BUY,Yes,74594161563120681410942425422244825470573111517564347846134443688695080108751,0xe618be45bbda1e6011ec1d7a03af0de0953f02cccad7bfc0f8dd9506ed36f7f7,0.9849920304,0.111674,0.1099980000028896,1730677781,Will a Republican win North Dakota Presidential Election?
0x0c869393571d72b89e51f0e3f405979a144ba9284a8565dbd2656c6827a5396a,0x166578d7e5c1ac413f2439455f8568d5719baec8,BUY,Yes,74594161563120681410942425422244825470573111517564347846134443688695080108751,0xe618be45bbda1e6011ec1d7a03af0de0953f02cccad7bfc0f8dd9506ed36f7f7,0.9849996482,0.14213,0.139997999998666,1730677580,Will a Republican win North Dakota Presidential Election?
0x6c3583a336d74bb231e56915b253bb98eeee48aa21e080573fee137d975a92ae,0x9c0a79d54ca9622152c884e9713108fb0c5fcd33,BUY,Yes,74594161563120681410942425422244825470573111517564347846134443688695080108751,0xe618be45bbda1e6011ec1d7a03af0de0953f02cccad7bfc0f8dd9506ed36f7f7,0.9849950421,0.152283,0.1499979999961143,1730677274,Will a Republican win North Dakota Presidential Election?
0x4c1e7e510dad090021acb994b63c05ea6a13066d0cd6f1aa44e851eb3e2677ac,0x6df62e5a6f4e6ce94149abbf40bef1050a6c9ef6,BUY,Yes,74594161563120681410942425422244825470573111517564347846134443688695080108751,0xe618be45bbda1e6011ec1d7a03af0de0953f02cccad7bfc0f8dd9506ed36f7f7,0.9849996482,0.14213,0.139997999998666,1730676362,Will a Republican win North Dakota Presidential Election?
0x5628e86d17cca8cf42e08ada4a3a027499b33d9bcf92208fdd2f7064c5467b4d,0xb6c8c98db9acabb5cbae8f9887b1c67f73ed9987,BUY,Yes,74594161563120681410942425422244825470573111517564347846134443688695080108751,0xe618be45bbda1e6011ec1d7a03af0de0953f02cccad7bfc0f8dd9506ed36f7f7,0.9849996482,0.14213,0.139997999998666,1730675906,Will a Republican win North Dakota Presidential Election?
0xb0029efc733801c967eca622b233c76e662963c24d34ec6925fe9a6021ab45d8,0x2acbd0b2f6ad289a3d772f3ed81fe0346a6621bc,BUY,Yes,74594161563120681410942425422244825470573111517564347846134443688695080108751,0xe618be45bbda1e6011ec1d7a03af0de0953f02cccad7bfc0f8dd9506ed36f7f7,0.9849949929,0.121826,0.11999800000503541,1730675624,Will a Republican win North Dakota Presidential Election?
0xa00635c383e9d5020500531310165a0b759ec7d383f05c874f22bdd3ea28aa86,0xf9af8b5d9362ff9b7e4c2af16c0a782cfe2d84fe,BUY,Yes,74594161563120681410942425422244825470573111517564347846134443688695080108751,0xe618be45bbda1e6011ec1d7a03af0de0953f02cccad7bfc0f8dd9506ed36f7f7,0.9849949929,0.121826,0.11999800000503541,1730674786,Will a Republican win North Dakota Presidential Election?
0xf8a258bd537ac25064657874cd3fe50085766f0d92a08d6c4f78cdea40e62c8e,0xf8ba34bf0e95d952d05b578bfbc0833f9242a286,SELL,Yes,74594161563120681410942425422244825470573111517564347846134443688695080108751,0xe618be45bbda1e6011ec1d7a03af0de0953f02cccad7bfc0f8dd9506ed36f7f7,0.973,90,87.57,1730674776,Will a Republican win North Dakota Presidential Election?
0x7639c613763f467b8f43829587afbc635a5a4867c482bee15932353428eb40ea,0xf8ba34bf0e95d952d05b578bfbc0833f9242a286,SELL,Yes,74594161563120681410942425422244825470573111517564347846134443688695080108751,0xe618be45bbda1e6011ec1d7a03af0de0953f02cccad7bfc0f8dd9506ed36f7f7,0.975,900,877.5,1730674450,Will a Republican win North Dakota Presidential Election?
0x20e5596ada4e237ed9fd36a5c88625a1bcda9312cfde38537b95ed2ab8d556d4,0xf8ba34bf0e95d952d05b578bfbc0833f9242a286,SELL,Yes,74594161563120681410942425422244825470573111517564347846134443688695080108751,0xe618be45bbda1e6011ec1d7a03af0de0953f02cccad7bfc0f8dd9506ed36f7f7,0.976,120.58,117.68607999999999,1730674410,Will a Republican win North Dakota Presidential Election?
0x67483c6e087910b24c0b04f46169879b11aeb76e0b5b41d3b34427700e69af39,0xf8ba34bf0e95d952d05b578bfbc0833f9242a286,SELL,Yes,74594161563120681410942425422244825470573111517564347846134443688695080108751,0xe618be45bbda1e6011ec1d7a03af0de0953f02cccad7bfc0f8dd9506ed36f7f7,0.977,70.47,68.84919,1730674380,Will a Republican win North Dakota Presidential Election?
0x6402a9a0efd66e5a64da568f9887650900a4acc67fe2636ad8568542c491e870,0xfcb40f0cd319983b7436f888e3ef0c143a7798fa,BUY,Yes,74594161563120681410942425422244825470573111517564347846134443688695080108751,0xe618be45bbda1e6011ec1d7a03af0de0953f02cccad7bfc0f8dd9506ed36f7f7,0.987995681,0.141699,0.139998000002019,1730673593,Will a Republican win North Dakota Presidential Election?
0x4715626c44fe310df7f5c3f8634a9ad8d634255e823870c9d0030b145c8e6c04,0xd9d510927cd91f78a9477525097c8ebdd2bc89cb,BUY,Yes,74594161563120681410942425422244825470573111517564347846134443688695080108751,0xe618be45bbda1e6011ec1d7a03af0de0953f02cccad7bfc0f8dd9506ed36f7f7,0.9869999506,0.121538,0.11995799999602279,1730673101,Will a Republican win North Dakota Presidential Election?
0xb361ee5118aa60abb8896baba655d24955c88ee37eb06d0d8a0af5c1ba4e8108,0xccafec4fadaf5ed9971ab46e9c79ec7c4a2e6634,BUY,Yes,74594161563120681410942425422244825470573111517564347846134443688695080108751,0xe618be45bbda1e6011ec1d7a03af0de0953f02cccad7bfc0f8dd9506ed36f7f7,0.9869999788,0.141769,0.1399259999944972,1730669938,Will a Republican win North Dakota Presidential Election?
0xe9ef3286c2ee7f2399f8843882fff04602da37ef60708d4aa40b4d0df6d1230d,0xafc2fe8d508628655f9dfa67b9a259a8e6d8bca6,BUY,Yes,74594161563120681410942425422244825470573111517564347846134443688695080108751,0xe618be45bbda1e6011ec1d7a03af0de0953f02cccad7bfc0f8dd9506ed36f7f7,0.9869999788,0.141769,0.1399259999944972,1730669336,Will a Republican win North Dakota Presidential Election?
0xdfa8081871e08865144d7ef372df58e2b8664cabfd2af1808d468d51fcc3ba84,0xa820341dd1ef78c8ebac392a9d450b092cf87d0b,BUY,Yes,74594161563120681410942425422244825470573111517564347846134443688695080108751,0xe618be45bbda1e6011ec1d7a03af0de0953f02cccad7bfc0f8dd9506ed36f7f7,0.9869999788,0.141769,0.1399259999944972,1730669140,Will a Republican win North Dakota Presidential Election?
0x44950a58908f9fb5c7bf65047d18f795ac58e4a2bdba8ccf75b791ecb5ca5599,0x66129dd6e8c80562fb782c912b2e7c88b479760a,BUY,Yes,74594161563120681410942425422244825470573111517564347846134443688695080108751,0xe618be45bbda1e6011ec1d7a03af0de0953f02cccad7bfc0f8dd9506ed36f7f7,0.9879911977,0.111335,0.1099979999959295,1730668049,Will a Republican win North Dakota Presidential Election?
0xe8df27c308853ce87e1583c66f22f07a9628ed678f30d2d6f217c3b3a7403540,0x17233e17cabe36888ac06859842d31c7dca31b01,BUY,Yes,74594161563120681410942425422244825470573111517564347846134443688695080108751,0xe618be45bbda1e6011ec1d7a03af0de0953f02cccad7bfc0f8dd9506ed36f7f7,0.987995681,0.141699,0.139998000002019,1730666989,Will a Republican win North Dakota Presidential Election?
0xa0d207d3834cce86682ae0f395c2464989c8ddf31b7b8be0409db7b1cf81de0c,0x713a12c39de17be67fb8f5297270f8af7acf95c7,BUY,Yes,74594161563120681410942425422244825470573111517564347846134443688695080108751,0xe618be45bbda1e6011ec1d7a03af0de0953f02cccad7bfc0f8dd9506ed36f7f7,0.9869999112,0.101307,0.09999000000393839,1730666428,Will a Republican win North Dakota Presidential Election?
0x413550cd9924a58617c69d31c2b158a88432f52fe139cc9bf5ee76c8f7c87736,0xcecd8babe3722e76feebb42fe980f7a6fc5eb41e,BUY,Yes,74594161563120681410942425422244825470573111517564347846134443688695080108751,0xe618be45bbda1e6011ec1d7a03af0de0953f02cccad7bfc0f8dd9506ed36f7f7,0.9869999506,0.121538,0.11995799999602279,1730665097,Will a Republican win North Dakota Presidential Election?
0x030ee7cf44d1c83fc3705f186d92fae4e1f0c0b3f3acd743f8d5c1e784cba5c6,0x8e165e90b0f4a68f2091ce0f0eeaa000504429d7,BUY,Yes,74594161563120681410942425422244825470573111517564347846134443688695080108751,0xe618be45bbda1e6011ec1d7a03af0de0953f02cccad7bfc0f8dd9506ed36f7f7,0.9879911977,0.111335,0.1099979999959295,1730662859,Will a Republican win North Dakota Presidential Election?
0xab93f9dc652711a64f2a5d37ee50b03727776ca5ef06bf1fca573bd2cc80fd84,0xa2d001afefc9bb4f242402093387cbc3891c3521,BUY,Yes,74594161563120681410942425422244825470573111517564347846134443688695080108751,0xe618be45bbda1e6011ec1d7a03af0de0953f02cccad7bfc0f8dd9506ed36f7f7,0.9869999696,0.131692,0.1299799999965632,1730662417,Will a Republican win North Dakota Presidential Election?
0x1fde02a7b528611890b1af45c31fec92136c3fb3277add769f5d2c837a77c85a,0xe86a294b67751a2ada9762e3a729204c26c162a5,BUY,Yes,74594161563120681410942425422244825470573111517564347846134443688695080108751,0xe618be45bbda1e6011ec1d7a03af0de0953f02cccad7bfc0f8dd9506ed36f7f7,0.987995681,0.141699,0.139998000002019,1730660903,Will a Republican win North Dakota Presidential Election?
0xc55c2a15ab80a1d89abef197b49839ffc86c03fb695f56c669eac830c1b13548,0x6b9cee457cdb2b9824fa7efaf1cd5318947fa18f,BUY,Yes,74594161563120681410942425422244825470573111517564347846134443688695080108751,0xe618be45bbda1e6011ec1d7a03af0de0953f02cccad7bfc0f8dd9506ed36f7f7,0.9869999999,68.591615,67.69992399814085,1730660459,Will a Republican win North Dakota Presidential Election?
0x774c4aa69ba48a417d992de2ad8b4ff19d1da7f6a556f30feee81bd36919a78b,0xd62c7dc38c0b99b9d695fedcd17bcd3b2f4e444a,BUY,Yes,74594161563120681410942425422244825470573111517564347846134443688695080108751,0xe618be45bbda1e6011ec1d7a03af0de0953f02cccad7bfc0f8dd9506ed36f7f7,0.9869983041,0.111447,0.1099979999970327,1730659535,Will a Republican win North Dakota Presidential Election?
0x9bd2ff37f62b6ef31736d84d4401a8bfead1226db9585efd636dc83d63b3d32f,0x9ec906151ec0d494413f253d2f4261b2df7f3ac0,BUY,Yes,74594161563120681410942425422244825470573111517564347846134443688695080108751,0xe618be45bbda1e6011ec1d7a03af0de0953f02cccad7bfc0f8dd9506ed36f7f7,0.9869983041,0.111447,0.1099979999970327,1730657020,Will a Republican win North Dakota Presidential Election?
0x9f1b75df4ee48c7f7eed634c002b22a6384214b30aa75326bf948fd06ca7e408,0xa5e1486b1889d13d286fc87b11c4c095aef1206d,BUY,Yes,74594161563120681410942425422244825470573111517564347846134443688695080108751,0xe618be45bbda1e6011ec1d7a03af0de0953f02cccad7bfc0f8dd9506ed36f7f7,0.9869983041,0.111447,0.1099979999970327,1730656302,Will a Republican win North Dakota Presidential Election?
0x5885a6a0c344efc68dbaa29236804873f0e573a1e1c9f2f7d45d9a63fa688856,0xcbae1495a1e51aa3718550cecbf3cfe64025feed,BUY,Yes,74594161563120681410942425422244825470573111517564347846134443688695080108751,0xe618be45bbda1e6011ec1d7a03af0de0953f02cccad7bfc0f8dd9506ed36f7f7,0.9869996193,0.141842,0.1399980000007506,1730656160,Will a Republican win North Dakota Presidential Election?
0x7e5df6e5fa2b93bef41f0a715ff1244aa7dc37a43011ead4750c7ade68c924f9,0x23ae99ca2d91254fb85044c714f12cb7d0f2e3d6,BUY,Yes,74594161563120681410942425422244825470573111517564347846134443688695080108751,0xe618be45bbda1e6011ec1d7a03af0de0953f02cccad7bfc0f8dd9506ed36f7f7,0.9869961095,0.121579,0.11999799999690051,1730653421,Will a Republican win North Dakota Presidential Election?
0x535996e8f684a43c155b3b3b3202d43c7317dd1d56e16c80329cf63efb5a107e,0xdeb7d07f1e37ddc1070ecbe502be66cf4d6ffe6c,BUY,Yes,74594161563120681410942425422244825470573111517564347846134443688695080108751,0xe618be45bbda1e6011ec1d7a03af0de0953f02cccad7bfc0f8dd9506ed36f7f7,0.9869961095,0.121579,0.11999799999690051,1730652113,Will a Republican win North Dakota Presidential Election?
0x7df69ec80e38a712bddc9ae380d0c5f13e9dcd23c8c33aff1362c227a8d3412f,0x9d2f21d72df24ff8d2bd3c35028314635247d02d,BUY,Yes,74594161563120681410942425422244825470573111517564347846134443688695080108751,0xe618be45bbda1e6011ec1d7a03af0de0953f02cccad7bfc0f8dd9506ed36f7f7,0.987995681,0.141699,0.139998000002019,1730651687,Will a Republican win North Dakota Presidential Election?
0xa4db8101d1ee244fe803b6ab656cd586a0187fdd343f4d7d30ff8c01248a066f,0xf8ba34bf0e95d952d05b578bfbc0833f9242a286,SELL,Yes,74594161563120681410942425422244825470573111517564347846134443688695080108751,0xe618be45bbda1e6011ec1d7a03af0de0953f02cccad7bfc0f8dd9506ed36f7f7,0.977,148.66,145.24081999999999,1730650683,Will a Republican win North Dakota Presidential Election?
0x738def52faef2357cfede18b67209de571a84c14f9da6173112b5013c0bd9a56,0xaa6c55065a7e5f17c735784945da073f8d43353e,BUY,Yes,74594161563120681410942425422244825470573111517564347846134443688695080108751,0xe618be45bbda1e6011ec1d7a03af0de0953f02cccad7bfc0f8dd9506ed36f7f7,0.9869999506,0.121538,0.11995799999602279,1730649167,Will a Republican win North Dakota Presidential Election?
0x237b64a19652bdc600c9fde6b849d4515479fb4c2ebd29e6a6e5c6e092cdc550,0x14ccc69dd1b842f6044aef36a78ecbd237e7224d,BUY,Yes,74594161563120681410942425422244825470573111517564347846134443688695080108751,0xe618be45bbda1e6011ec1d7a03af0de0953f02cccad7bfc0f8dd9506ed36f7f7,0.9879956527,0.121456,0.1199979999943312,1730648097,Will a Republican win North Dakota Presidential Election?
0xa22d68f27cc2fbd8cf191bcf25d49f2f6d9f618b6f2d9ae6f9bcce08b82cd72c,0x63d1027f2b33903f895f5d0d49fa7fe98e418802,BUY,Yes,74594161563120681410942425422244825470573111517564347846134443688695080108751,0xe618be45bbda1e6011ec1d7a03af0de0953f02cccad7bfc0f8dd9506ed36f7f7,0.9869999934,0.151923,0.1499479999973082,1730647951,Will a Republican win North Dakota Presidential Election?
0xc871b8eb6121f32a1dfd9c26876da9b003ea2206da8eb5d8ffba8ef972c63a82,0xe23eefaa1b7b1dae80274aab5f62e781753587ef,BUY,Yes,74594161563120681410942425422244825470573111517564347846134443688695080108751,0xe618be45bbda1e6011ec1d7a03af0de0953f02cccad7bfc0f8dd9506ed36f7f7,0.9879994224,0.131577,0.1299980000011248,1730647253,Will a Republican win North Dakota Presidential Election?
0xbcbb2de81b189cdd384a563b1a51ade6fd0641c9b8d5bab70a8242d99e36079a,0x38fedaf44ecbf9442afed4c2ebc3d542bffd068d,BUY,Yes,74594161563120681410942425422244825470573111517564347846134443688695080108751,0xe618be45bbda1e6011ec1d7a03af0de0953f02cccad7bfc0f8dd9506ed36f7f7,0.9869999282,0.111384,0.1099360000026288,1730646943,Will a Republican win North Dakota Presidential Election?
0x96f6522960b74e1ad67cc71bc757483d2f3a5e159acc9cfa09fb4141ac861b19,0x6217bac4a8666c51bc0ba0247e21e6f30572ab12,BUY,Yes,74594161563120681410942425422244825470573111517564347846134443688695080108751,0xe618be45bbda1e6011ec1d7a03af0de0953f02cccad7bfc0f8dd9506ed36f7f7,0.9879956132,0.101213,0.0999979999988116,1730646463,Will a Republican win North Dakota Presidential Election?
0x56ab87f3271a9b62e3a4824af00041b6eb64cda4092fd1b94c6f8e4c8f81c0eb,0x17d621ac1f134d2a12baf2714e445a733b2a7519,BUY,Yes,74594161563120681410942425422244825470573111517564347846134443688695080108751,0xe618be45bbda1e6011ec1d7a03af0de0953f02cccad7bfc0f8dd9506ed36f7f7,0.9869999282,0.111384,0.1099360000026288,1730646337,Will a Republican win North Dakota Presidential Election?
0x964a256e0c87c311bf5206c2a2ef39e2e5ebee038c36dc0b236912a2d313d67e,0xf01e712707fe3dc1efe9b607e0c850819af5700c,BUY,Yes,74594161563120681410942425422244825470573111517564347846134443688695080108751,0xe618be45bbda1e6011ec1d7a03af0de0953f02cccad7bfc0f8dd9506ed36f7f7,0.9869999788,0.141769,0.1399259999944972,1730646327,Will a Republican win North Dakota Presidential Election?
0x96d8ace009f2ec38eede92aad76c80b51b1e0a7e6a880d4ee8141c99dade216f,0x525b5a891a80ccba5f71e22e250078fbf440eed5,BUY,Yes,74594161563120681410942425422244825470573111517564347846134443688695080108751,0xe618be45bbda1e6011ec1d7a03af0de0953f02cccad7bfc0f8dd9506ed36f7f7,0.9869999112,0.101307,0.09999000000393839,1730646123,Will a Republican win North Dakota Presidential Election?
0x0ebb9dd684a35fe8f93048d217a4901e11a32bc76bb81642f33ba583cc31224c,0xd2536d2e4a5e43d3aba2a44ab0048e4c0217ab22,BUY,Yes,74594161563120681410942425422244825470573111517564347846134443688695080108751,0xe618be45bbda1e6011ec1d7a03af0de0953f02cccad7bfc0f8dd9506ed36f7f7,0.9869999696,0.131692,0.1299799999965632,1730645939,Will a Republican win North Dakota Presidential Election?
0x6341f9f6f8b5383b417590224e9945db2052eec8aab395abec852c861cd21baa,0x9c6667fd6fb0edbce6736812e9aed0cf448813a1,BUY,Yes,74594161563120681410942425422244825470573111517564347846134443688695080108751,0xe618be45bbda1e6011ec1d7a03af0de0953f02cccad7bfc0f8dd9506ed36f7f7,0.9869999696,0.131692,0.1299799999965632,1730645703,Will a Republican win North Dakota Presidential Election?
0x3d5440e7dc58702a232e837a04d5d7689f4ca238bee35cfd2124169223ed49f2,0x8a88abf05a1fd2be49c856c796425add7500171f,BUY,Yes,74594161563120681410942425422244825470573111517564347846134443688695080108751,0xe618be45bbda1e6011ec1d7a03af0de0953f02cccad7bfc0f8dd9506ed36f7f7,0.9869999506,0.121538,0.11995799999602279,1730645455,Will a Republican win North Dakota Presidential Election?
0x640074474b7f898ced6797d88ef43e0bc9c61bdc4a16ad09443964f81a1532ca,0xb12b03f0d1f938585d94dcf878597d402f7f5388,BUY,Yes,74594161563120681410942425422244825470573111517564347846134443688695080108751,0xe618be45bbda1e6011ec1d7a03af0de0953f02cccad7bfc0f8dd9506ed36f7f7,0.9879956527,0.121456,0.1199979999943312,1730645295,Will a Republican win North Dakota Presidential Election?
0xaa36c5496e1f4b6db038516465c139e069d51a491d267a0e6bbc058416d6fa20,0xb125556b79d4ae20b21b283f354ded2d2d0ac627,BUY,Yes,74594161563120681410942425422244825470573111517564347846134443688695080108751,0xe618be45bbda1e6011ec1d7a03af0de0953f02cccad7bfc0f8dd9506ed36f7f7,0.9879989461,0.15182,0.14999799999690203,1730644797,Will a Republican win North Dakota Presidential Election?
0x895fdefc3611e4c6acb98512c7220127d62ede1f8040d40ba8bf180866eea7d2,0x0eb40a03f26df2cc6e85923c880b37562561b87d,BUY,Yes,74594161563120681410942425422244825470573111517564347846134443688695080108751,0xe618be45bbda1e6011ec1d7a03af0de0953f02cccad7bfc0f8dd9506ed36f7f7,0.9879956527,0.121456,0.1199979999943312,1730644475,Will a Republican win North Dakota Presidential Election?
0x547d20d4ba7b0b663983fd207334121bb9833f01d020dba595cc555ee148c506,0xec842033ea0d2c845b9e69fcad384b612340a0cb,BUY,Yes,74594161563120681410942425422244825470573111517564347846134443688695080108751,0xe618be45bbda1e6011ec1d7a03af0de0953f02cccad7bfc0f8dd9506ed36f7f7,0.9879994224,0.131577,0.1299980000011248,1730644251,Will a Republican win North Dakota Presidential Election?
0xb5de2aad20be65dc19450cee3cf2a4128ee516140264f3fdc8e4729e463e15e7,0x7c25479008c9b107a86ee78e6726cc885b1e242d,BUY,Yes,74594161563120681410942425422244825470573111517564347846134443688695080108751,0xe618be45bbda1e6011ec1d7a03af0de0953f02cccad7bfc0f8dd9506ed36f7f7,0.987995681,0.141699,0.139998000002019,1730644193,Will a Republican win North Dakota Presidential Election?
0x74a988ee57b9d6dd948d6673742d6084d7ce8d74b80446fc025f00e7f7451939,0x209285907b920246f345d0a7e62b2d92f987a524,BUY,Yes,74594161563120681410942425422244825470573111517564347846134443688695080108751,0xe618be45bbda1e6011ec1d7a03af0de0953f02cccad7bfc0f8dd9506ed36f7f7,0.9879999641,0.111333,0.1099970000031453,1730643715,Will a Republican win North Dakota Presidential Election?
0x141ef9ac5c175943dbd541320cc810d6c81f8d6081442b9b6dace8a9851f1692,0xa071bd7d7bcb8548a4f7d834429a30ff3829badf,BUY,Yes,74594161563120681410942425422244825470573111517564347846134443688695080108751,0xe618be45bbda1e6011ec1d7a03af0de0953f02cccad7bfc0f8dd9506ed36f7f7,0.988,0.15175,0.149929,1730643159,Will a Republican win North Dakota Presidential Election?
0x7d795baf85aeafbd9f24f2a0c6fa1462d0ff76af9097e08aa4162e00be37486c,0x555115909d4911a2b3511f9ccca8e96ae011e872,BUY,Yes,74594161563120681410942425422244825470573111517564347846134443688695080108751,0xe618be45bbda1e6011ec1d7a03af0de0953f02cccad7bfc0f8dd9506ed36f7f7,0.9879999641,0.111333,0.1099970000031453,1730643061,Will a Republican win North Dakota Presidential Election?
0xa6dc4955b591cfcf286b787dc9072e3a224751fbf2682d1013b3bf5843702294,0x32a7c866b4adb3d3301e0bedb45fb09e0ee4790a,BUY,Yes,74594161563120681410942425422244825470573111517564347846134443688695080108751,0xe618be45bbda1e6011ec1d7a03af0de0953f02cccad7bfc0f8dd9506ed36f7f7,0.9879999435,0.141666,0.13996599999587098,1730642245,Will a Republican win North Dakota Presidential Election?
0x952b089b976a34dce688b13ef2988e4e2ad4d367c15d077f8eae4e80f88d7c8e,0x284713ad8f7eec6d856cdf538b1c2071bb9d8f14,BUY,Yes,74594161563120681410942425422244825470573111517564347846134443688695080108751,0xe618be45bbda1e6011ec1d7a03af0de0953f02cccad7bfc0f8dd9506ed36f7f7,0.9879999641,0.111333,0.1099970000031453,1730642187,Will a Republican win North Dakota Presidential Election?
0x473ff59d07857f253c9608dd1afafe16cb8c691ff1006d9c72a2d0b2739d8e7f,0x1b824b140b9744c33b5d6cfad5d1e2bdd71eabec,BUY,Yes,74594161563120681410942425422244825470573111517564347846134443688695080108751,0xe618be45bbda1e6011ec1d7a03af0de0953f02cccad7bfc0f8dd9506ed36f7f7,0.9879999641,0.111333,0.1099970000031453,1730641885,Will a Republican win North Dakota Presidential Election?
0x9819e2d12cbb8b97ca6e5d510d399296838ba491f9064916774fdbc32c384fdd,0xba038b75c10d2ac50af73187eb52c9e3027c9338,BUY,Yes,74594161563120681410942425422244825470573111517564347846134443688695080108751,0xe618be45bbda1e6011ec1d7a03af0de0953f02cccad7bfc0f8dd9506ed36f7f7,0.9879999996,11.133583,10.999979999546566,1730641409,Will a Republican win North Dakota Presidential Election?
0x476747c5e717820b8249400b57475100afd1635d13562559d52e22445818bea5,0x829d728d1a384be81b48732a24f9245621817b3f,BUY,Yes,74594161563120681410942425422244825470573111517564347846134443688695080108751,0xe618be45bbda1e6011ec1d7a03af0de0953f02cccad7bfc0f8dd9506ed36f7f7,0.988,0.1315,0.129922,1730640461,Will a Republican win North Dakota Presidential Election?
0x8c025170341154efe10e64290f48e7033261e71dfe2dc74cd8346a6e1a9071bf,0x46df2ef3404bbf728768b3de971bac498c47268d,BUY,Yes,74594161563120681410942425422244825470573111517564347846134443688695080108751,0xe618be45bbda1e6011ec1d7a03af0de0953f02cccad7bfc0f8dd9506ed36f7f7,0.988,0.1315,0.129922,1730640297,Will a Republican win North Dakota Presidential Election?
0xd6202775343cadd38805efebdd1b66476c2b173fcd480a289ceacd4e5dd2a936,0x823b390cf8290d45cde69aa95475ba13d9483822,BUY,Yes,74594161563120681410942425422244825470573111517564347846134443688695080108751,0xe618be45bbda1e6011ec1d7a03af0de0953f02cccad7bfc0f8dd9506ed36f7f7,0.9889991175,0.131444,0.12999800000067002,1730640131,Will a Republican win North Dakota Presidential Election?
0x59a4f773125846b9c191c5233730fd9fab2e575ad3851785a3a4432414b9430c,0xdf2edc82fd04b2a364335864dc3a9c94b9ea5b99,BUY,Yes,74594161563120681410942425422244825470573111517564347846134443688695080108751,0xe618be45bbda1e6011ec1d7a03af0de0953f02cccad7bfc0f8dd9506ed36f7f7,0.9889956286,0.151667,0.1499980000028762,1730640001,Will a Republican win North Dakota Presidential Election?
0x3ff582f60e2b961cfa6d355bcde71754e2fa29ce8ef0e7d9ef643ab56b5355c0,0x564610d6b1988f663cb6125a3dac52b39ae3ef5c,BUY,Yes,74594161563120681410942425422244825470573111517564347846134443688695080108751,0xe618be45bbda1e6011ec1d7a03af0de0953f02cccad7bfc0f8dd9506ed36f7f7,0.9889991175,0.131444,0.12999800000067002,1730639909,Will a Republican win North Dakota Presidential Election?
0xfc77f9e48403945809ec47fd30d8cf80044e7339ebc059a90c23bb70aea0adf4,0xe7c9961b4e5855545abed869861fcd763bd6bdd7,BUY,Yes,74594161563120681410942425422244825470573111517564347846134443688695080108751,0xe618be45bbda1e6011ec1d7a03af0de0953f02cccad7bfc0f8dd9506ed36f7f7,0.9879999435,0.141666,0.13996599999587098,1730639167,Will a Republican win North Dakota Presidential Election?
0x235cf2a9afcba93e44a1778c354821c19b4751fc434ef5e7b38ca0eee00a593b,0x478778e06eb2d146b59e4270af27607bb9e0cfc2,SELL,Yes,74594161563120681410942425422244825470573111517564347846134443688695080108751,0xe618be45bbda1e6011ec1d7a03af0de0953f02cccad7bfc0f8dd9506ed36f7f7,0.977,0.01,0.00977,1730619812,Will a Republican win North Dakota Presidential Election?
0xffb08730dfba420b7cdeec9a184abb8a9a069c97b7650c82e5f5282b7492a94b,0x478778e06eb2d146b59e4270af27607bb9e0cfc2,BUY,Yes,74594161563120681410942425422244825470573111517564347846134443688695080108751,0xe618be45bbda1e6011ec1d7a03af0de0953f02cccad7bfc0f8dd9506ed36f7f7,0.9889990089,0.01009,0.009978999999801,1730619796,Will a Republican win North Dakota Presidential Election?
0xb5c149f140706f75319a0066521554aabebbbbe4c49587ab239347b08ec5af9f,0xe1d6d4f6d84d9074cb1eac98a1bca80746541dd6,BUY,Yes,74594161563120681410942425422244825470573111517564347846134443688695080108751,0xe618be45bbda1e6011ec1d7a03af0de0953f02cccad7bfc0f8dd9506ed36f7f7,0.989,135.642,134.149938,1730595628,Will a Republican win North Dakota Presidential Election?
0xf2a3d0d95eb0da8cb1fa2a8a883dfea386592ba5016a6b06d6dbebd14f1dc07d,0xf8ba34bf0e95d952d05b578bfbc0833f9242a286,SELL,Yes,74594161563120681410942425422244825470573111517564347846134443688695080108751,0xe618be45bbda1e6011ec1d7a03af0de0953f02cccad7bfc0f8dd9506ed36f7f7,0.978,1111,1086.558,1730584669,Will a Republican win North Dakota Presidential Election?
0xbc58206f62a8d5270d07683514e0067271d611cfc766c7ce47a3b86a7c5e01a3,0x5488a995bfeb792cd8361730cce87434b446dc24,SELL,Yes,74594161563120681410942425422244825470573111517564347846134443688695080108751,0xe618be45bbda1e6011ec1d7a03af0de0953f02cccad7bfc0f8dd9506ed36f7f7,0.977,0.2,0.19540000000000002,1730577370,Will a Republican win North Dakota Presidential Election?
0x9318aa01fbc8946861fc2aa9a20ab91c1e1e1183c3010ba51fc797728185821e,0x1ec0eebf0699ec865cd477f4e0063cc9d242e58b,SELL,Yes,74594161563120681410942425422244825470573111517564347846134443688695080108751,0xe618be45bbda1e6011ec1d7a03af0de0953f02cccad7bfc0f8dd9506ed36f7f7,0.977,0.14,0.13678,1730576700,Will a Republican win North Dakota Presidential Election?
0x432b255aa4d4f63b93cf4d52b039a7b9974552a4866d7553b5e7ba6710c9b450,0xa2f1fecf1cc7db65a46588f764b6691533052d22,SELL,Yes,74594161563120681410942425422244825470573111517564347846134443688695080108751,0xe618be45bbda1e6011ec1d7a03af0de0953f02cccad7bfc0f8dd9506ed36f7f7,0.9775016667,600,586.50100002,1730567571,Will a Republican win North Dakota Presidential Election?
0x35c81c6b5570f6249ea4b95ba0380cff03fd4f6fe38086d1698d2911b76b9500,0x5fa48bf28ae6cf314d43cc470b3a07a703d832c7,SELL,No,64231611882804830712199371941028597288636183956835367215611038106102856620559,0xe618be45bbda1e6011ec1d7a03af0de0953f02cccad7bfc0f8dd9506ed36f7f7,0.0097698221,310.89,3.037339992669,1730565158,Will a Republican win North Dakota Presidential Election?
0xc49637ed13bd54212da7c997dc746cf58ca2c4ec57f54a4481643adb7fb0dbaa,0xaa73074f1e78258f5f58ba3ac0800eccf568b07c,BUY,Yes,74594161563120681410942425422244825470573111517564347846134443688695080108751,0xe618be45bbda1e6011ec1d7a03af0de0953f02cccad7bfc0f8dd9506ed36f7f7,0.99,60.606,59.99994,1730564602,Will a Republican win North Dakota Presidential Election?
0xecbbb7abd1f8530d8d33c0a5dda9833591d09039def0d233e18265a5b8a9b46f,0x5fa48bf28ae6cf314d43cc470b3a07a703d832c7,BUY,No,64231611882804830712199371941028597288636183956835367215611038106102856620559,0xe618be45bbda1e6011ec1d7a03af0de0953f02cccad7bfc0f8dd9506ed36f7f7,0.0239997696,4.166665,0.099999000000384,1730515971,Will a Republican win North Dakota Presidential Election?
0xffd52cde007f2f5ca7e279781774d5bf0ce05f3ba7aae28216ff9c2fc2ff0205,0x5fa48bf28ae6cf314d43cc470b3a07a703d832c7,BUY,No,64231611882804830712199371941028597288636183956835367215611038106102856620559,0xe618be45bbda1e6011ec1d7a03af0de0953f02cccad7bfc0f8dd9506ed36f7f7,0.024,23.75,0.5700000000000001,1730515715,Will a Republican win North Dakota Presidential Election?
0xf5edffdd62669a43d5800b1e7944ca06cfe14d6dcca7043674d27bb659ff61d8,0x5fa48bf28ae6cf314d43cc470b3a07a703d832c7,BUY,No,64231611882804830712199371941028597288636183956835367215611038106102856620559,0xe618be45bbda1e6011ec1d7a03af0de0953f02cccad7bfc0f8dd9506ed36f7f7,0.024,62.5,1.5,1730515653,Will a Republican win North Dakota Presidential Election?
0x18528adaf14d3edbb5bb6d456a2224fd46e6ebf438df77ff99eaa01f1d46d36b,0x8371f505c7a7f709e48573e5030f7d50a315c5f6,BUY,Yes,74594161563120681410942425422244825470573111517564347846134443688695080108751,0xe618be45bbda1e6011ec1d7a03af0de0953f02cccad7bfc0f8dd9506ed36f7f7,0.992,1.058375,1.049908,1730495599,Will a Republican win North Dakota Presidential Election?
0xb1f6e4a56b856e5d49671ea50db57a85546dd612af0181b8a548a7af0d0f782c,0x5fa48bf28ae6cf314d43cc470b3a07a703d832c7,BUY,No,64231611882804830712199371941028597288636183956835367215611038106102856620559,0xe618be45bbda1e6011ec1d7a03af0de0953f02cccad7bfc0f8dd9506ed36f7f7,0.0226777939,220.48,4.999999999072,1730495202,Will a Republican win North Dakota Presidential Election?
0x2d555c41aa1969e74a18acd2153104504b7dae397352ce7dc2d89053d94d316e,0x164524280c2ebe9a5c85a77bc432e764d86847a0,BUY,No,64231611882804830712199371941028597288636183956835367215611038106102856620559,0xe618be45bbda1e6011ec1d7a03af0de0953f02cccad7bfc0f8dd9506ed36f7f7,0.022,227.272727,4.9999999939999995,1730494766,Will a Republican win North Dakota Presidential Election?
0x70ba256f783ed34b152641f3482182ddce16c071389d584926a86a32b2c1d06d,0xc5436018888d13396e675c8e1b363a370933c71c,SELL,Yes,74594161563120681410942425422244825470573111517564347846134443688695080108751,0xe618be45bbda1e6011ec1d7a03af0de0953f02cccad7bfc0f8dd9506ed36f7f7,0.978,2.01,1.9657799999999999,1730494008,Will a Republican win North Dakota Presidential Election?
0x701514003f91ab52af515e3585777bc554c9a336d84f46b776130efcb82ccaca,0xc5436018888d13396e675c8e1b363a370933c71c,BUY,Yes,74594161563120681410942425422244825470573111517564347846134443688695080108751,0xe618be45bbda1e6011ec1d7a03af0de0953f02cccad7bfc0f8dd9506ed36f7f7,0.993,2.014,1.9999019999999998,1730493201,Will a Republican win North Dakota Presidential Election?
0xe5f8a254a919816122f0c5da9fa0be114b219caa31c37db7d3e2f592bc536749,0x5488a995bfeb792cd8361730cce87434b446dc24,BUY,Yes,74594161563120681410942425422244825470573111517564347846134443688695080108751,0xe618be45bbda1e6011ec1d7a03af0de0953f02cccad7bfc0f8dd9506ed36f7f7,0.9929999752,0.201285,0.199876000008132,1730486284,Will a Republican win North Dakota Presidential Election?
0x455ccfa1d4f761a85ff0f24fe475de40a5e6a48709a70af84f811bb6cb2b58d0,0xa217bf045d0fcf621ecd1876e445b694ddc85396,BUY,Yes,74594161563120681410942425422244825470573111517564347846134443688695080108751,0xe618be45bbda1e6011ec1d7a03af0de0953f02cccad7bfc0f8dd9506ed36f7f7,0.992999998,3.021142,2.9999939999577165,1730485886,Will a Republican win North Dakota Presidential Election?
0x0e3cdad9ad463548afa8e1b93a7d13f8d090269dbea0ed7fdea424f4e74dd33f,0x1ec0eebf0699ec865cd477f4e0063cc9d242e58b,BUY,Yes,74594161563120681410942425422244825470573111517564347846134443688695080108751,0xe618be45bbda1e6011ec1d7a03af0de0953f02cccad7bfc0f8dd9506ed36f7f7,0.9929999929,0.140857,0.1398709999999153,1730485748,Will a Republican win North Dakota Presidential Election?
0x60418dd92c64a7a9c2d7b59e39243466c7c48293a7ffedf05c7cbd8abb5dcec8,0xd218e474776403a330142299f7796e8ba32eb5c9,BUY,No,64231611882804830712199371941028597288636183956835367215611038106102856620559,0xe618be45bbda1e6011ec1d7a03af0de0953f02cccad7bfc0f8dd9506ed36f7f7,0.008,440,3.52,1730482954,Will a Republican win North Dakota Presidential Election?
0xb61c512613f64fb6437584a447ecc61d4e09fab254c4717b3018b292cbbcb653,0xb7d54bf1d0a362beb916d9cb58a04c41d67e0789,BUY,No,64231611882804830712199371941028597288636183956835367215611038106102856620559,0xe618be45bbda1e6011ec1d7a03af0de0953f02cccad7bfc0f8dd9506ed36f7f7,0.015195122,205,3.11500001,1730482954,Will a Republican win North Dakota Presidential Election?
0x1063f39407df25c17f3cb55bed11d89d52859bfc0c50faefd879d0cafb1d22f4,0x4f2ba33b080882c0f6b296f48cfd07b6c326f448,BUY,No,64231611882804830712199371941028597288636183956835367215611038106102856620559,0xe618be45bbda1e6011ec1d7a03af0de0953f02cccad7bfc0f8dd9506ed36f7f7,0.0129421543,445.15,5.761199986645,1730482954,Will a Republican win North Dakota Presidential Election?
0x303a08c8cb896415628e0e51fd4963166e56277d616af8b14551ac3004977469,0x4b106a14c46f7a35b7f31269f4b06153aa0ec8e0,BUY,Yes,74594161563120681410942425422244825470573111517564347846134443688695080108751,0xe618be45bbda1e6011ec1d7a03af0de0953f02cccad7bfc0f8dd9506ed36f7f7,0.9929999999,87.613285,86.99999199623868,1730482590,Will a Republican win North Dakota Presidential Election?
0x9d5407baf9c2c3250976087a52211cd9b94747ba6f42157d257e43e9b2a57fb5,0x3a1be5c304183da7687bbe09a184f7a75770e18c,BUY,Yes,74594161563120681410942425422244825470573111517564347846134443688695080108751,0xe618be45bbda1e6011ec1d7a03af0de0953f02cccad7bfc0f8dd9506ed36f7f7,0.993,101.711857,100.999874001,1730482504,Will a Republican win North Dakota Presidential Election?
0xe9d1af712b81641c15a1167e7c190f28859ce24df9311aeda9f7e9aa2f187ad6,0x6550ff2e1e4d72d985df4dbcdce09b63fa9eb49e,SELL,No,64231611882804830712199371941028597288636183956835367215611038106102856620559,0xe618be45bbda1e6011ec1d7a03af0de0953f02cccad7bfc0f8dd9506ed36f7f7,0.008529661,472,4.025999992,1730482290,Will a Republican win North Dakota Presidential Election?
0x7c468191e51f556fecd6531716673e5aa63f37bc31a3c1c846dff1912037ce5d,0x84eb7364f433231512db4b05641bd63e736005c2,BUY,Yes,74594161563120681410942425422244825470573111517564347846134443688695080108751,0xe618be45bbda1e6011ec1d7a03af0de0953f02cccad7bfc0f8dd9506ed36f7f7,0.9879999964,1.113333,1.0999729999920012,1730482260,Will a Republican win North Dakota Presidential Election?
0xea7d053af84884331a2877d7fdf15edd1f9d03fa0532fbbf79d60bc8cc4d32f4,0xc55ab5dcf59ed0d58d34d7965ccf5389026af53c,SELL,Yes,74594161563120681410942425422244825470573111517564347846134443688695080108751,0xe618be45bbda1e6011ec1d7a03af0de0953f02cccad7bfc0f8dd9506ed36f7f7,0.978,0.67,0.6552600000000001,1730481302,Will a Republican win North Dakota Presidential Election?
0xa84061c51b1f8442c87554b62550a323e3bc73e9ecef603dcaa82c4b2999c6ab,0xc55ab5dcf59ed0d58d34d7965ccf5389026af53c,BUY,Yes,74594161563120681410942425422244825470573111517564347846134443688695080108751,0xe618be45bbda1e6011ec1d7a03af0de0953f02cccad7bfc0f8dd9506ed36f7f7,0.9879999941,0.678083,0.6699459999993103,1730481282,Will a Republican win North Dakota Presidential Election?
0xb7176aad830eab5127d5adf982d8051e0d3dab928777002031786e5d0d42771d,0xa44f576f6158365f5dd219d1fd4f04823c238f93,BUY,Yes,74594161563120681410942425422244825470573111517564347846134443688695080108751,0xe618be45bbda1e6011ec1d7a03af0de0953f02cccad7bfc0f8dd9506ed36f7f7,0.9858680367,2535.836333,2499.9999870072375,1730479982,Will a Republican win North Dakota Presidential Election?
0x69e82966e32868cdee30b7d20d81b1e8c1f42cab9c73404d6dde5ed4226caa91,0xf377b9ebd31d9d992034bbb2c735e1cd4463912c,BUY,Yes,74594161563120681410942425422244825470573111517564347846134443688695080108751,0xe618be45bbda1e6011ec1d7a03af0de0953f02cccad7bfc0f8dd9506ed36f7f7,0.9829999913,5.086468,4.999997999747729,1730478514,Will a Republican win North Dakota Presidential Election?
0x37cd4f01c33d3463fdb3360991e65b81eb916c3987941c122afbc9879b9ebf0b,0xc3a7d919a2f1a9bfe6ed385108461783dbb4cd14,SELL,Yes,74594161563120681410942425422244825470573111517564347846134443688695080108751,0xe618be45bbda1e6011ec1d7a03af0de0953f02cccad7bfc0f8dd9506ed36f7f7,0.977,43.69,42.685129999999994,1730476953,Will a Republican win North Dakota Presidential Election?
0xaac7e460cb02990e5511d08ec7051ced109e4f84961f763f2ab3d8a9a5ef8dbb,0xc3a7d919a2f1a9bfe6ed385108461783dbb4cd14,BUY,Yes,74594161563120681410942425422244825470573111517564347846134443688695080108751,0xe618be45bbda1e6011ec1d7a03af0de0953f02cccad7bfc0f8dd9506ed36f7f7,0.984,43.699125,42.999939000000005,1730476945,Will a Republican win North Dakota Presidential Election?
0x5df0c891c1f51b3164634c145567758ca1542ddd857f3391fdee91426cd6cfe5,0x112cf4d3cb341a159cfc69ddf6eea24eea3dd185,BUY,Yes,74594161563120681410942425422244825470573111517564347846134443688695080108751,0xe618be45bbda1e6011ec1d7a03af0de0953f02cccad7bfc0f8dd9506ed36f7f7,0.9839538216,112.606875,110.7999649946835,1730467650,Will a Republican win North Dakota Presidential Election?
0x00ea94fe6082dd7e3e5393df670da9af80a30f5f36c6d8a898241a8eb66965ce,0x37e48a462a0279b57e9f9ff067c8bcc46d3037cc,BUY,Yes,74594161563120681410942425422244825470573111517564347846134443688695080108751,0xe618be45bbda1e6011ec1d7a03af0de0953f02cccad7bfc0f8dd9506ed36f7f7,0.9829999925,6.103762,5.999998000221785,1730464951,Will a Republican win North Dakota Presidential Election?
0x01aa0d8c0f1427d51c18486d87072eeb07ce80d5bd9a8870190358af1a7a60f2,0x41f78df5530b9fed9e97f4b13c277eed46c5cfde,BUY,Yes,74594161563120681410942425422244825470573111517564347846134443688695080108751,0xe618be45bbda1e6011ec1d7a03af0de0953f02cccad7bfc0f8dd9506ed36f7f7,0.9829908564,0.010171,0.0099980000004444,1730464649,Will a Republican win North Dakota Presidential Election?
0xb9e3bc53b097c29950aa78dca520aaeb98ab9dbe2316cd7602482ba7834e1ac5,0xd962567fdda7369ff3747676741f3b2ead88e189,BUY,Yes,74594161563120681410942425422244825470573111517564347846134443688695080108751,0xe618be45bbda1e6011ec1d7a03af0de0953f02cccad7bfc0f8dd9506ed36f7f7,0.982999998,1.017294,0.999999999965412,1730464157,Will a Republican win North Dakota Presidential Election?
0x3fec43cb1935ac1976afff9a0c4f1a1ec75c4f5c8b1b2feb5c9dac8edd0c8e8f,0x6024aa01038a07335938c400adde5306fe02afbe,SELL,Yes,74594161563120681410942425422244825470573111517564347846134443688695080108751,0xe618be45bbda1e6011ec1d7a03af0de0953f02cccad7bfc0f8dd9506ed36f7f7,0.975,38.65,37.683749999999996,1730461886,Will a Republican win North Dakota Presidential Election?
0xd565a5c27fad6bff458bc91c6df8b2a97399b681363b9d589d118a17fe5194bb,0x6024aa01038a07335938c400adde5306fe02afbe,BUY,Yes,74594161563120681410942425422244825470573111517564347846134443688695080108751,0xe618be45bbda1e6011ec1d7a03af0de0953f02cccad7bfc0f8dd9506ed36f7f7,0.9829999972,38.65717,37.99999800175993,1730461880,Will a Republican win North Dakota Presidential Election?
0x2c8d4989ad5da2faea4d0a322367548506f064989a7ae319b549eef6970e1fcf,0xbf51897c4efe520753f0f1c70a106ea9cc7bab87,SELL,Yes,74594161563120681410942425422244825470573111517564347846134443688695080108751,0xe618be45bbda1e6011ec1d7a03af0de0953f02cccad7bfc0f8dd9506ed36f7f7,0.9759618928,47.76,46.611940000128,1730460453,Will a Republican win North Dakota Presidential Election?
0xe6ffcf16cf8ee0ac9758d53107da632ca6753c7be951a528232e60c2290c57d2,0xbf51897c4efe520753f0f1c70a106ea9cc7bab87,BUY,Yes,74594161563120681410942425422244825470573111517564347846134443688695080108751,0xe618be45bbda1e6011ec1d7a03af0de0953f02cccad7bfc0f8dd9506ed36f7f7,0.9839999998,47.764187,46.99995999844716,1730460445,Will a Republican win North Dakota Presidential Election?
0xe3231bf9254cb8b29159ff21879224a18b1f0c28f82ea0208911776baa2c1784,0xc4b690e0803f6e345f449c8aee3c3ec1a0b82fee,BUY,Yes,74594161563120681410942425422244825470573111517564347846134443688695080108751,0xe618be45bbda1e6011ec1d7a03af0de0953f02cccad7bfc0f8dd9506ed36f7f7,0.9839996061,0.020312,0.0199869999991032,1730460337,Will a Republican win North Dakota Presidential Election?
0x08144577adb26a48005702abea9b52335975276a7c65e912704cf17383580a28,0x4a61b084a28f769ce3ca7b0a301ed27b5a50f2d1,BUY,Yes,74594161563120681410942425422244825470573111517564347846134443688695080108751,0xe618be45bbda1e6011ec1d7a03af0de0953f02cccad7bfc0f8dd9506ed36f7f7,0.984,0.040625,0.039975000000000004,1730460321,Will a Republican win North Dakota Presidential Election?
0x1e61903476ddd34fd0e7e559f69e9394af8c3825ac4aba9120f38fa0fc8ac43b,0xe37572b283292af48b09069c0e5043a4f5386a36,BUY,Yes,74594161563120681410942425422244825470573111517564347846134443688695080108751,0xe618be45bbda1e6011ec1d7a03af0de0953f02cccad7bfc0f8dd9506ed36f7f7,0.9839998426,0.050812,0.0499990000021912,1730460321,Will a Republican win North Dakota Presidential Election?
0x3226f43ce4933a64bd46c0471b5c671030254e9936fd0279dcb55b6daf39ce15,0x808c26fed9db5e4b74b9aa7abcc2a9c01f7e93f6,BUY,Yes,74594161563120681410942425422244825470573111517564347846134443688695080108751,0xe618be45bbda1e6011ec1d7a03af0de0953f02cccad7bfc0f8dd9506ed36f7f7,0.984,0.040625,0.039975000000000004,1730460291,Will a Republican win North Dakota Presidential Election?
0xe85b82f5b01e20ea84db759b4a62395aaa620669304f2561342fd5b5e390aca7,0xb19773d2ea501937f4c9c0f8ae92e195dda5bf19,BUY,Yes,74594161563120681410942425422244825470573111517564347846134443688695080108751,0xe618be45bbda1e6011ec1d7a03af0de0953f02cccad7bfc0f8dd9506ed36f7f7,0.984,0.040625,0.039975000000000004,1730460291,Will a Republican win North Dakota Presidential Election?
0x8aa20e6e1ebd9ff3d03def52ad560734fa718c00e626011c212fd39b9f9a5b14,0x746eabd05b3fccb0dbfd2cf9c79279a37512101c,BUY,Yes,74594161563120681410942425422244825470573111517564347846134443688695080108751,0xe618be45bbda1e6011ec1d7a03af0de0953f02cccad7bfc0f8dd9506ed36f7f7,0.984,0.040625,0.039975000000000004,1730460291,Will a Republican win North Dakota Presidential Election?
0x622d0c30844c8aedb0751010cb47bdcbba275de4160c74e8a156165e35f4fbdc,0xb860cfdcda3ddedc836e8ca5ea728f6e6120741c,BUY,Yes,74594161563120681410942425422244825470573111517564347846134443688695080108751,0xe618be45bbda1e6011ec1d7a03af0de0953f02cccad7bfc0f8dd9506ed36f7f7,0.984,0.040625,0.039975000000000004,1730460291,Will a Republican win North Dakota Presidential Election?
0x5b11142ed73897da776553a8a6428179b39570f774e8ac241c5776ea0e6626e1,0x6aa45714147e463d988d0a6c6c4b824c26e37d12,BUY,Yes,74594161563120681410942425422244825470573111517564347846134443688695080108751,0xe618be45bbda1e6011ec1d7a03af0de0953f02cccad7bfc0f8dd9506ed36f7f7,0.984,0.040625,0.039975000000000004,1730460291,Will a Republican win North Dakota Presidential Election?
0xe00abf9892deefe9b1da33d61adcdcb856ae9817469af387a9a5b45db9ecf374,0x1b7913ed2c6c63053b21231830bcaad72dc2ad8c,BUY,Yes,74594161563120681410942425422244825470573111517564347846134443688695080108751,0xe618be45bbda1e6011ec1d7a03af0de0953f02cccad7bfc0f8dd9506ed36f7f7,0.984,0.040625,0.039975000000000004,1730460285,Will a Republican win North Dakota Presidential Election?
0x9996adfdab30bffb0a3b5c27eaf39df945ba8d994e41f1ad451303824750c980,0x892699202753de10fd18c338e83bc4ffbfbb0b06,SELL,Yes,74594161563120681410942425422244825470573111517564347846134443688695080108751,0xe618be45bbda1e6011ec1d7a03af0de0953f02cccad7bfc0f8dd9506ed36f7f7,0.975,12.2,11.895,1730459985,Will a Republican win North Dakota Presidential Election?
0xdd97f52d09f31d9ae225670666e560b684baf2e520e8c7f1e7be7267d0680a11,0x892699202753de10fd18c338e83bc4ffbfbb0b06,BUY,Yes,74594161563120681410942425422244825470573111517564347846134443688695080108751,0xe618be45bbda1e6011ec1d7a03af0de0953f02cccad7bfc0f8dd9506ed36f7f7,0.9829999952,12.207526,11.999997999403876,1730459977,Will a Republican win North Dakota Presidential Election?
0x3dcde0fcb251460459b184f7f2e0f905e4e2f4796858512989ee80daa4a668bd,0xe4d9284d32991ea68840ec167294764727dae00d,BUY,Yes,74594161563120681410942425422244825470573111517564347846134443688695080108751,0xe618be45bbda1e6011ec1d7a03af0de0953f02cccad7bfc0f8dd9506ed36f7f7,0.9829999913,5.086468,4.999997999747729,1730450573,Will a Republican win North Dakota Presidential Election?
0x041326503603c3675511005ca2ea08edb1346b07df66d3ddbbebf78a862e0f04,0x52753e78768cdf0cfcf694defe80050ad3269c18,SELL,Yes,74594161563120681410942425422244825470573111517564347846134443688695080108751,0xe618be45bbda1e6011ec1d7a03af0de0953f02cccad7bfc0f8dd9506ed36f7f7,0.976,22.35,21.8136,1730448917,Will a Republican win North Dakota Presidential Election?
0xc3e0c1ce36752439711fc745fd8a36519ef37a532ae4fe57e836e540d9073371,0x52753e78768cdf0cfcf694defe80050ad3269c18,BUY,Yes,74594161563120681410942425422244825470573111517564347846134443688695080108751,0xe618be45bbda1e6011ec1d7a03af0de0953f02cccad7bfc0f8dd9506ed36f7f7,0.9837933887,22.362417,21.999997999952488,1730448907,Will a Republican win North Dakota Presidential Election?
0x19fa8e2497ce3cf04db8a205e9fee76b8ec5553daca2858a5e64399f3fb08ee7,0x679ca271061f13042e495eba155a69bd6f29d8a1,BUY,No,64231611882804830712199371941028597288636183956835367215611038106102856620559,0xe618be45bbda1e6011ec1d7a03af0de0953f02cccad7bfc0f8dd9506ed36f7f7,0.0241604252,41.39,0.999999999028,1730447217,Will a Republican win North Dakota Presidential Election?
0x9ce7a8f20cd7ac78f21ce0625ddfe87881e95f0e8db4bf10303d9de371c64f7d,0xa6dafd2fdd5f8a39245467e326a2aa1fbe0615ae,BUY,Yes,74594161563120681410942425422244825470573111517564347846134443688695080108751,0xe618be45bbda1e6011ec1d7a03af0de0953f02cccad7bfc0f8dd9506ed36f7f7,0.983,19.03,18.706490000000002,1730440327,Will a Republican win North Dakota Presidential Election?
0x98e1258c81cb42d15e754ad957141b5ed279446122652e484ecfaa3d1c660a0d,0x6ae23b366f72988f685edc806497a7289e14ab3f,SELL,Yes,74594161563120681410942425422244825470573111517564347846134443688695080108751,0xe618be45bbda1e6011ec1d7a03af0de0953f02cccad7bfc0f8dd9506ed36f7f7,0.98,3.05,2.989,1730438876,Will a Republican win North Dakota Presidential Election?
0x43f00acc16abf44fa8beaac20d373be18267178c0fc53b5e2f9e5504dee90b29,0x6ae23b366f72988f685edc806497a7289e14ab3f,BUY,Yes,74594161563120681410942425422244825470573111517564347846134443688695080108751,0xe618be45bbda1e6011ec1d7a03af0de0953f02cccad7bfc0f8dd9506ed36f7f7,0.982999998,3.051882,2.999999999896236,1730438862,Will a Republican win North Dakota Presidential Election?
0x80851e477ac5286033a16dda6359470a7123e9ccaa0095c6ff418562aa226c6d,0x4880a38ff38e34516646455a403f87032e657d9e,BUY,Yes,74594161563120681410942425422244825470573111517564347846134443688695080108751,0xe618be45bbda1e6011ec1d7a03af0de0953f02cccad7bfc0f8dd9506ed36f7f7,0.982999998,2.034588,1.999999999930824,1730433674,Will a Republican win North Dakota Presidential Election?
0xa7c2509fa63369cd6bae51b178f430f5eba5a8b04624b121610343fde8a68ba1,0x9860d6818a450b5616931a71eef005532a2ddc4d,BUY,Yes,74594161563120681410942425422244825470573111517564347846134443688695080108751,0xe618be45bbda1e6011ec1d7a03af0de0953f02cccad7bfc0f8dd9506ed36f7f7,0.982999998,2.034588,1.999999999930824,1730428752,Will a Republican win North Dakota Presidential Election?
0x02fe2eb409af9abf0e2ceeebc8dbc40f624993374fc2d68e9e664a617da0245f,0x2856a1df57443f461e5a8a0eea8271431b4cfe07,BUY,Yes,74594161563120681410942425422244825470573111517564347846134443688695080108751,0xe618be45bbda1e6011ec1d7a03af0de0953f02cccad7bfc0f8dd9506ed36f7f7,0.9829999961,17.293996,16.999998000553415,1730421580,Will a Republican win North Dakota Presidential Election?
0x78ba49eb43af26e8ad1393de709c5c125e117671b6db59314b8e50e0c62dd746,0x112d741b83066c770f3780e7e6e025ec54ffbd1f,BUY,Yes,74594161563120681410942425422244825470573111517564347846134443688695080108751,0xe618be45bbda1e6011ec1d7a03af0de0953f02cccad7bfc0f8dd9506ed36f7f7,0.9829997967,1.047811,1.0299979999800237,1730416522,Will a Republican win North Dakota Presidential Election?
0x99b05311bc27997417b053235c548e2859f10c244d8d1cce0b1e94f6d287f8f6,0xe7bbd98b8a01f1584217a35cadb5d40d1d338fde,BUY,Yes,74594161563120681410942425422244825470573111517564347846134443688695080108751,0xe618be45bbda1e6011ec1d7a03af0de0953f02cccad7bfc0f8dd9506ed36f7f7,0.9829998091,1.220751,1.1999979999586339,1730414465,Will a Republican win North Dakota Presidential Election?
0x264acc88f37eb974c2b99800b951d56c221649daaa155b38fd1f655e5db3b4b3,0x09e7c9df11e23609a1f179cbed038708f3a846c5,SELL,Yes,74594161563120681410942425422244825470573111517564347846134443688695080108751,0xe618be45bbda1e6011ec1d7a03af0de0953f02cccad7bfc0f8dd9506ed36f7f7,0.975,0.66,0.6435,1730222405,Will a Republican win North Dakota Presidential Election?
0x67cff93c9c94e45b8c24bb5a7935aa9c61de1584ab44b72289418011bdee5114,0x09e7c9df11e23609a1f179cbed038708f3a846c5,BUY,Yes,74594161563120681410942425422244825470573111517564347846134443688695080108751,0xe618be45bbda1e6011ec1d7a03af0de0953f02cccad7bfc0f8dd9506ed36f7f7,0.9829986087,0.66124,0.6499980000167881,1730222323,Will a Republican win North Dakota Presidential Election?
0x365840b1fa47231cb3dce1729f20f83592ad3e639a4b294ad090801e96983448,0xf8ba34bf0e95d952d05b578bfbc0833f9242a286,SELL,Yes,74594161563120681410942425422244825470573111517564347846134443688695080108751,0xe618be45bbda1e6011ec1d7a03af0de0953f02cccad7bfc0f8dd9506ed36f7f7,0.976,51,49.775999999999996,1730219582,Will a Republican win North Dakota Presidential Election?
0xbd08716cc285829855a900888d88ec34b7140d266d5f0cabd3f8634d0faa8f3f,0x1d872d2aabd9fff41140a50a8c7e96ca384d9e14,BUY,Yes,74594161563120681410942425422244825470573111517564347846134443688695080108751,0xe618be45bbda1e6011ec1d7a03af0de0953f02cccad7bfc0f8dd9506ed36f7f7,0.979,1791.82,1754.1917799999999,1730204250,Will a Republican win North Dakota Presidential Election?
0x2b225d6ec756b1bc07981d3890ee38a24ec625b4019035720caf9cdbd493ad61,0x1ba3e32cbddde03728dd82f5599454f721eaf916,BUY,Yes,74594161563120681410942425422244825470573111517564347846134443688695080108751,0xe618be45bbda1e6011ec1d7a03af0de0953f02cccad7bfc0f8dd9506ed36f7f7,0.978999951,4.0858,3.9999979997958,1730201897,Will a Republican win North Dakota Presidential Election?
0x75e9c8422eaa714f879e155544cf6e7e178e7b1386e1dfc4e13a7c477063e15d,0x1ba3e32cbddde03728dd82f5599454f721eaf916,SELL,Yes,74594161563120681410942425422244825470573111517564347846134443688695080108751,0xe618be45bbda1e6011ec1d7a03af0de0953f02cccad7bfc0f8dd9506ed36f7f7,0.975,4,3.9,1730201889,Will a Republican win North Dakota Presidential Election?
0x88895fad27f245f4175654ba7e315fc77608f2fb911cbed38f9222ea65bc54c8,0x1ba3e32cbddde03728dd82f5599454f721eaf916,BUY,Yes,74594161563120681410942425422244825470573111517564347846134443688695080108751,0xe618be45bbda1e6011ec1d7a03af0de0953f02cccad7bfc0f8dd9506ed36f7f7,0.978999951,4.0858,3.9999979997958,1730201881,Will a Republican win North Dakota Presidential Election?
0x98f13cfd48a3ecc4b0d783364d1c1f13c4481d15d2faa6dec9b726655704cd0e,0x7d63ddd49bd7e5fe574acb6aee660fd68467d39e,SELL,Yes,74594161563120681410942425422244825470573111517564347846134443688695080108751,0xe618be45bbda1e6011ec1d7a03af0de0953f02cccad7bfc0f8dd9506ed36f7f7,0.975,9.29,9.057749999999999,1730112001,Will a Republican win North Dakota Presidential Election?
0xfadb08273ab91fe78ab6cd72c60905ea77bde79f4aee8e8ac86714724b70c098,0x7d63ddd49bd7e5fe574acb6aee660fd68467d39e,BUY,Yes,74594161563120681410942425422244825470573111517564347846134443688695080108751,0xe618be45bbda1e6011ec1d7a03af0de0953f02cccad7bfc0f8dd9506ed36f7f7,0.979,9.29,9.094909999999999,1730111995,Will a Republican win North Dakota Presidential Election?
0xaf9af59914323df8da41b00877de0755142b7eb5b3bc1b2caabfd4ba60f7e573,0x89bd20ad9adbb428bcca81f41b4dfda86fffc47e,BUY,Yes,74594161563120681410942425422244825470573111517564347846134443688695080108751,0xe618be45bbda1e6011ec1d7a03af0de0953f02cccad7bfc0f8dd9506ed36f7f7,0.9789999997,2738.059243,2680.5599980755824,1730089159,Will a Republican win North Dakota Presidential Election?
0xc9eccbc186a85cea3be447c61f0d21b3f72459f535d9214044d9dac91fc48bcc,0x89bd20ad9adbb428bcca81f41b4dfda86fffc47e,BUY,Yes,74594161563120681410942425422244825470573111517564347846134443688695080108751,0xe618be45bbda1e6011ec1d7a03af0de0953f02cccad7bfc0f8dd9506ed36f7f7,0.9789999999,964.249232,943.999998031575,1730088016,Will a Republican win North Dakota Presidential Election?
0xd9c7236452faaa47acbdebfebd84cedec115789ab0bba6ab0dd867ca5511ceee,0x87a1fc57462b2ded8331c8d0b0cb1057df77bdd4,BUY,Yes,74594161563120681410942425422244825470573111517564347846134443688695080108751,0xe618be45bbda1e6011ec1d7a03af0de0953f02cccad7bfc0f8dd9506ed36f7f7,0.979,10,9.79,1730062900,Will a Republican win North Dakota Presidential Election?
0xaa7f4f89ceeaaafeef74093c68bb7dddc2d52614e24bd3eeef8bf898345e8c7d,0x84927d0edfaf9bfe5c01cc2aaecc3ddd2382f4ff,BUY,Yes,74594161563120681410942425422244825470573111517564347846134443688695080108751,0xe618be45bbda1e6011ec1d7a03af0de0953f02cccad7bfc0f8dd9506ed36f7f7,0.979,15,14.685,1730032972,Will a Republican win North Dakota Presidential Election?
0x5dbb6988931a7417ba896330b121283f224541db3580c4d67b04ab3c53a9f892,0xa59b5533c22a00562834e1913f3e0d78a26869d2,BUY,Yes,74594161563120681410942425422244825470573111517564347846134443688695080108751,0xe618be45bbda1e6011ec1d7a03af0de0953f02cccad7bfc0f8dd9506ed36f7f7,0.9789999979,53.176709,52.059997999328914,1730022495,Will a Republican win North Dakota Presidential Election?
0x80fdfc703ab21b74d34d2aa5ef9e510e9c30e514011b1e595de2441475bee0ce,0xe8e1eb1641ce94d9d1b15feb21d2ab88d774cf9e,SELL,Yes,74594161563120681410942425422244825470573111517564347846134443688695080108751,0xe618be45bbda1e6011ec1d7a03af0de0953f02cccad7bfc0f8dd9506ed36f7f7,0.975,3.66,3.5685000000000002,1730003136,Will a Republican win North Dakota Presidential Election?
0xa29d7dacb72a30e00bb87e086009b934e3f756c2f34dbaea8a2eeeba5a9e68ac,0x5f49fdf3b04d191c1e330a3045a8ae35fc52b409,BUY,Yes,74594161563120681410942425422244825470573111517564347846134443688695080108751,0xe618be45bbda1e6011ec1d7a03af0de0953f02cccad7bfc0f8dd9506ed36f7f7,0.9789995319,1.123594,1.0999980000456486,1729996273,Will a Republican win North Dakota Presidential Election?
0xdc72eba6bdbb6081940e053dc1b9b6e2d211a01c9346a6ac3541135bd4aca48c,0x5a3e521553108f017ad513ec5cba3a9f01915cb2,SELL,Yes,74594161563120681410942425422244825470573111517564347846134443688695080108751,0xe618be45bbda1e6011ec1d7a03af0de0953f02cccad7bfc0f8dd9506ed36f7f7,0.975,0.33,0.32175,1729950349,Will a Republican win North Dakota Presidential Election?
0x9b70947e3366c9641e43b71e7bf8cdd45f5f44786d8c0785091e56a96a07174b,0x5a3e521553108f017ad513ec5cba3a9f01915cb2,BUY,Yes,74594161563120681410942425422244825470573111517564347846134443688695080108751,0xe618be45bbda1e6011ec1d7a03af0de0953f02cccad7bfc0f8dd9506ed36f7f7,0.9789988638,0.337077,0.32999800001311264,1729950239,Will a Republican win North Dakota Presidential Election?
0x77a01c4048f8a9ec6c037ea960dc51408a37ea016517a4d62ea3e3a10d7c0633,0x087178375223f720327ac16841e975d53ed8037e,SELL,Yes,74594161563120681410942425422244825470573111517564347846134443688695080108751,0xe618be45bbda1e6011ec1d7a03af0de0953f02cccad7bfc0f8dd9506ed36f7f7,0.975,2.08,2.028,1729933567,Will a Republican win North Dakota Presidential Election?
0xa82c02a7da67d72087a3e03190e0a508ee04045d670848a1667cc30dc615b1fe,0x3adbc3c86a06f6ba7550cb0a2149349b16d793fb,SELL,Yes,74594161563120681410942425422244825470573111517564347846134443688695080108751,0xe618be45bbda1e6011ec1d7a03af0de0953f02cccad7bfc0f8dd9506ed36f7f7,0.975,11.23,10.949250000000001,1729775951,Will a Republican win North Dakota Presidential Election?
0xc7279a674c31c625570b489d03c86e37d0728549733ba81679b009a92a287e16,0x26b87eaefa83767268a3d4df5ecbe0d37267e92e,BUY,Yes,74594161563120681410942425422244825470573111517564347846134443688695080108751,0xe618be45bbda1e6011ec1d7a03af0de0953f02cccad7bfc0f8dd9506ed36f7f7,0.979,19.44,19.031760000000002,1729775925,Will a Republican win North Dakota Presidential Election?
0xa9b522c70ec62aee0c7889bb138b1d3da34b3f2ac86191eea06943c9cbf64e29,0x3adbc3c86a06f6ba7550cb0a2149349b16d793fb,BUY,Yes,74594161563120681410942425422244825470573111517564347846134443688695080108751,0xe618be45bbda1e6011ec1d7a03af0de0953f02cccad7bfc0f8dd9506ed36f7f7,0.978999914,11.235954,10.999997999707956,1729775865,Will a Republican win North Dakota Presidential Election?
0xca3b9afc50d84ad42432baec4d87efb41362a1b2b818a32b4a57a41060fbee29,0x44b513eeabd1d96c95f140c63a25611f8c5e2c7c,BUY,Yes,74594161563120681410942425422244825470573111517564347846134443688695080108751,0xe618be45bbda1e6011ec1d7a03af0de0953f02cccad7bfc0f8dd9506ed36f7f7,0.9789997982,4.637384,4.539998000175909,1729735478,Will a Republican win North Dakota Presidential Election?
0xb6c1e2ddca0968ccaacdb2c38c5e0b9c3b43347bf99b2b88a048e96664959744,0xf0b0ef1d6320c6be896b4c9c54dd74407e7f8cab,SELL,Yes,74594161563120681410942425422244825470573111517564347846134443688695080108751,0xe618be45bbda1e6011ec1d7a03af0de0953f02cccad7bfc0f8dd9506ed36f7f7,0.975,1.28,1.248,1729688110,Will a Republican win North Dakota Presidential Election?
0xb354cd84293a7913c38b54ce726f139943c0758ec2787e17d40867c635264ced,0xf0b0ef1d6320c6be896b4c9c54dd74407e7f8cab,SELL,No,64231611882804830712199371941028597288636183956835367215611038106102856620559,0xe618be45bbda1e6011ec1d7a03af0de0953f02cccad7bfc0f8dd9506ed36f7f7,0.021,1.3,0.0273,1729688110,Will a Republican win North Dakota Presidential Election?
0x46a0a9c69cb134a491089d16c4fb7c8e3e095f049e1770bd55fe4bd75560b831,0xda78d7561b2521d6886042e0fbbaaa1ecd6642c0,SELL,Yes,74594161563120681410942425422244825470573111517564347846134443688695080108751,0xe618be45bbda1e6011ec1d7a03af0de0953f02cccad7bfc0f8dd9506ed36f7f7,0.975,1.28,1.248,1729684704,Will a Republican win North Dakota Presidential Election?
0xe812efed07966fec7c98d702ce237dde3601ba301ddfaa68bcac760e3af57109,0xda78d7561b2521d6886042e0fbbaaa1ecd6642c0,BUY,Yes,74594161563120681410942425422244825470573111517564347846134443688695080108751,0xe618be45bbda1e6011ec1d7a03af0de0953f02cccad7bfc0f8dd9506ed36f7f7,0.9789996472,1.287026,1.2599979999372273,1729684468,Will a Republican win North Dakota Presidential Election?
0x2cdff72a08502dbe63ebe075bb3305e0919db73fc7cf0e9867b9d9f963ec1d72,0x224f2630efdd613d27b664034814c45c99c1f2a7,BUY,Yes,74594161563120681410942425422244825470573111517564347846134443688695080108751,0xe618be45bbda1e6011ec1d7a03af0de0953f02cccad7bfc0f8dd9506ed36f7f7,0.9789997879,3.06435,2.999998000051365,1729670815,Will a Republican win North Dakota Presidential Election?
0x2b4339311f77c03f63992c562dc06038a16aa4a60882b2fc59ba1512e1091dd8,0x8d97dadc39569c2689cbc8c6c7a9f005718e5745,BUY,Yes,74594161563120681410942425422244825470573111517564347846134443688695080108751,0xe618be45bbda1e6011ec1d7a03af0de0953f02cccad7bfc0f8dd9506ed36f7f7,0.9789999989,4.433095,4.340000000123595,1729669483,Will a Republican win North Dakota Presidential Election?
0x171280a76dddf2e8c8d92e0a33eaf5dd5038b9949cedb27a78e6a855eb4812f2,0x76f1bbfac6f16c313008727c652a7513607646d6,BUY,Yes,74594161563120681410942425422244825470573111517564347846134443688695080108751,0xe618be45bbda1e6011ec1d7a03af0de0953f02cccad7bfc0f8dd9506ed36f7f7,0.9789998573,5.107251,4.999998000195283,1729655956,Will a Republican win North Dakota Presidential Election?
0x63658ded105c5ddfc81d77930edad1c725da09049a5013eba75eb59215cc9771,0x45f8719eec9914eaec5bdca8a869d47a3b2b6ea2,BUY,Yes,74594161563120681410942425422244825470573111517564347846134443688695080108751,0xe618be45bbda1e6011ec1d7a03af0de0953f02cccad7bfc0f8dd9506ed36f7f7,0.979,40,39.16,1729615249,Will a Republican win North Dakota Presidential Election?
0x527fe9684003ce76f67ca12e2ab5b950d92d6dd614704a1eb5bc96cd6b86ade5,0xef707206b364064358afe7c266eb1bd82830ad27,SELL,Yes,74594161563120681410942425422244825470573111517564347846134443688695080108751,0xe618be45bbda1e6011ec1d7a03af0de0953f02cccad7bfc0f8dd9506ed36f7f7,0.975,0.33,0.32175,1729609304,Will a Republican win North Dakota Presidential Election?
0xbf825a704ae9bf516879f8f07a69073afc87735e47e2d1e68639bf4859e63963,0xef707206b364064358afe7c266eb1bd82830ad27,BUY,Yes,74594161563120681410942425422244825470573111517564347846134443688695080108751,0xe618be45bbda1e6011ec1d7a03af0de0953f02cccad7bfc0f8dd9506ed36f7f7,0.9789988638,0.337077,0.32999800001311264,1729609110,Will a Republican win North Dakota Presidential Election?
0x89b0d9a0075d2541e8505fb03a32fa6712e81926774dd9cb488692a33370ef36,0x45580feac3b916a88b7513929e26f86b3adea2b3,BUY,Yes,74594161563120681410942425422244825470573111517564347846134443688695080108751,0xe618be45bbda1e6011ec1d7a03af0de0953f02cccad7bfc0f8dd9506ed36f7f7,0.979,1000,979.0,1729534091,Will a Republican win North Dakota Presidential Election?
0xc4da4b63bbaecf35510e47af8b7fdeca78e1d9d8e23b7500ea993c672981419c,0xf8ba34bf0e95d952d05b578bfbc0833f9242a286,BUY,Yes,74594161563120681410942425422244825470573111517564347846134443688695080108751,0xe618be45bbda1e6011ec1d7a03af0de0953f02cccad7bfc0f8dd9506ed36f7f7,0.979,500,489.5,1729529508,Will a Republican win North Dakota Presidential Election?
0xc1c9262a77d6ff602698e86451e81cc5a44fca904cb3ba419be0925147bbb5f9,0xf8ba34bf0e95d952d05b578bfbc0833f9242a286,BUY,Yes,74594161563120681410942425422244825470573111517564347846134443688695080108751,0xe618be45bbda1e6011ec1d7a03af0de0953f02cccad7bfc0f8dd9506ed36f7f7,0.979,500,489.5,1729529180,Will a Republican win North Dakota Presidential Election?
0xfb21bec9fe42e69c3d7da0ac2850a237c3dfab77cbdcc0b30605aff1d6c8b493,0xf8ba34bf0e95d952d05b578bfbc0833f9242a286,BUY,Yes,74594161563120681410942425422244825470573111517564347846134443688695080108751,0xe618be45bbda1e6011ec1d7a03af0de0953f02cccad7bfc0f8dd9506ed36f7f7,0.979,500,489.5,1729527906,Will a Republican win North Dakota Presidential Election?
0x30f6b38e64cecd315be7c12cefedbe561a2d8eaaf8502f86b952741db8858dff,0xaa195c589cec9dbf2a3c947150a995293288a5ea,SELL,Yes,74594161563120681410942425422244825470573111517564347846134443688695080108751,0xe618be45bbda1e6011ec1d7a03af0de0953f02cccad7bfc0f8dd9506ed36f7f7,0.974,0.34,0.33116,1729471166,Will a Republican win North Dakota Presidential Election?
0x684f419381fb7fadf72e986cd2ff3629b70aee7a1d9f433e147af1568a9c4643,0xaa195c589cec9dbf2a3c947150a995293288a5ea,BUY,Yes,74594161563120681410942425422244825470573111517564347846134443688695080108751,0xe618be45bbda1e6011ec1d7a03af0de0953f02cccad7bfc0f8dd9506ed36f7f7,0.98,0.3469,0.339962,1729471100,Will a Republican win North Dakota Presidential Election?
0x82d751565145b4df742d64c1b33f529ee8cd304a5f7bc32c04c41a248fd88f6c,0x361a61f6742de996b34afc514733f48fbbe51394,SELL,Yes,74594161563120681410942425422244825470573111517564347846134443688695080108751,0xe618be45bbda1e6011ec1d7a03af0de0953f02cccad7bfc0f8dd9506ed36f7f7,0.976,0.94,0.9174399999999999,1729419565,Will a Republican win North Dakota Presidential Election?
0x1f961fb8eed7e165b8598efd9fe221b74bf42060d0268803f9f211d600e7f951,0x361a61f6742de996b34afc514733f48fbbe51394,BUY,Yes,74594161563120681410942425422244825470573111517564347846134443688695080108751,0xe618be45bbda1e6011ec1d7a03af0de0953f02cccad7bfc0f8dd9506ed36f7f7,0.98,0.94895,0.929971,1729419499,Will a Republican win North Dakota Presidential Election?
0x845d3a083e01bd92e4417c777a29446b12988612ba7101ae6eb0ad1e91b2a834,0xf0b0ef1d6320c6be896b4c9c54dd74407e7f8cab,SELL,Yes,74594161563120681410942425422244825470573111517564347846134443688695080108751,0xe618be45bbda1e6011ec1d7a03af0de0953f02cccad7bfc0f8dd9506ed36f7f7,0.975,0.01,0.00975,1729411718,Will a Republican win North Dakota Presidential Election?
0xbbfdf989305473a6223a264b3b71efc2d296baf1db6bbbc731b8cfd972c4c3aa,0x182b2bd1f035abe76eeb2244b32d9ebac27ef022,SELL,Yes,74594161563120681410942425422244825470573111517564347846134443688695080108751,0xe618be45bbda1e6011ec1d7a03af0de0953f02cccad7bfc0f8dd9506ed36f7f7,0.975,0.01,0.00975,1729389207,Will a Republican win North Dakota Presidential Election?
0xd30fc07e7ac0ef6e6d13fbdbe9dea23f1a65d493df5f6d18d3cfd80d91c9718a,0xdcc9d68a4bad9fc8becd27a03ee5b2b4feda4534,BUY,Yes,74594161563120681410942425422244825470573111517564347846134443688695080108751,0xe618be45bbda1e6011ec1d7a03af0de0953f02cccad7bfc0f8dd9506ed36f7f7,0.977,7032.43,6870.68411,1729386213,Will a Republican win North Dakota Presidential Election?
0x8540b8c868e5923ccaa261f9438c7d3e158cbb161d86a43bf1b43b3742e89b70,0xfe911a4e80ee71b47cd1ee690733ac4062e970ff,SELL,Yes,74594161563120681410942425422244825470573111517564347846134443688695080108751,0xe618be45bbda1e6011ec1d7a03af0de0953f02cccad7bfc0f8dd9506ed36f7f7,0.973,1000,973.0,1729384507,Will a Republican win North Dakota Presidential Election?
0xbeda5e0dc43cbfafaadb82ef2d107addb9113ea299daa73e2955f19061782bea,0xfe911a4e80ee71b47cd1ee690733ac4062e970ff,SELL,Yes,74594161563120681410942425422244825470573111517564347846134443688695080108751,0xe618be45bbda1e6011ec1d7a03af0de0953f02cccad7bfc0f8dd9506ed36f7f7,0.974,2597.9,2530.3546,1729384495,Will a Republican win North Dakota Presidential Election?
0x08a5c023a07c2374ae99c2299a2e5331893086d25e4d19a276420748f504fac2,0x5f390e4b7d6f06d6756a6c92afdbf7b3176aa78c,BUY,Yes,74594161563120681410942425422244825470573111517564347846134443688695080108751,0xe618be45bbda1e6011ec1d7a03af0de0953f02cccad7bfc0f8dd9506ed36f7f7,0.977,2,1.954,1729364862,Will a Republican win North Dakota Presidential Election?
0x6e62ed591ec3e4c970c8ed077b39397e67952c6bb40a252714d8eeff3dbbe038,0x5f390e4b7d6f06d6756a6c92afdbf7b3176aa78c,BUY,Yes,74594161563120681410942425422244825470573111517564347846134443688695080108751,0xe618be45bbda1e6011ec1d7a03af0de0953f02cccad7bfc0f8dd9506ed36f7f7,0.977,12,11.724,1729359707,Will a Republican win North Dakota Presidential Election?
0x2eb242343ca9be6d3a18c22157e3052844ce1cf6d65cba3d0b71c44142b078e3,0x681af700fb6489a834505f3e8c24e55ad74dfdb3,SELL,Yes,74594161563120681410942425422244825470573111517564347846134443688695080108751,0xe618be45bbda1e6011ec1d7a03af0de0953f02cccad7bfc0f8dd9506ed36f7f7,0.974,0.65,0.6331,1729252452,Will a Republican win North Dakota Presidential Election?
0xb3407e2fdb48f4c5827a36f134c6fd6937e1f62b8afe970160c1e48035d20136,0x681af700fb6489a834505f3e8c24e55ad74dfdb3,BUY,Yes,74594161563120681410942425422244825470573111517564347846134443688695080108751,0xe618be45bbda1e6011ec1d7a03af0de0953f02cccad7bfc0f8dd9506ed36f7f7,0.9769992291,0.655065,0.6399980000103915,1729252390,Will a Republican win North Dakota Presidential Election?
0x58a487278b4d353e59a618100de03336bd6a5805fb6cc02c459e91c7c953724d,0x6809f880fb1c000632bb3f1d625b971b5baf9125,SELL,Yes,74594161563120681410942425422244825470573111517564347846134443688695080108751,0xe618be45bbda1e6011ec1d7a03af0de0953f02cccad7bfc0f8dd9506ed36f7f7,0.974,0.17,0.16558,1729251582,Will a Republican win North Dakota Presidential Election?
0x25a72d37ad3c5001e98126c6fce5c2a8161b484e919c44bb40b679bd18321d37,0x6809f880fb1c000632bb3f1d625b971b5baf9125,BUY,Yes,74594161563120681410942425422244825470573111517564347846134443688695080108751,0xe618be45bbda1e6011ec1d7a03af0de0953f02cccad7bfc0f8dd9506ed36f7f7,0.9769943851,0.174001,0.16999800000178508,1729251514,Will a Republican win North Dakota Presidential Election?
0xd923de4222868de088a9837240cb8c42058183c71055906524a813790bb8991c,0xb70e1d3031074f29ce9a2812a4de1c2a9a1a8e09,SELL,Yes,74594161563120681410942425422244825470573111517564347846134443688695080108751,0xe618be45bbda1e6011ec1d7a03af0de0953f02cccad7bfc0f8dd9506ed36f7f7,0.974,1.28,1.24672,1729229909,Will a Republican win North Dakota Presidential Election?
0x0a9cc82766d2041ab6cdf132421d114ad2efc36e9a1b9e49fb9034edf716a839,0xb70e1d3031074f29ce9a2812a4de1c2a9a1a8e09,BUY,Yes,74594161563120681410942425422244825470573111517564347846134443688695080108751,0xe618be45bbda1e6011ec1d7a03af0de0953f02cccad7bfc0f8dd9506ed36f7f7,0.976999382,1.289661,1.259997999989502,1729229835,Will a Republican win North Dakota Presidential Election?
0xe44188a10711b4970586ae08c1c1c1d12f0c021b85e1c34297c6b35ece6e04f3,0x5f390e4b7d6f06d6756a6c92afdbf7b3176aa78c,SELL,Yes,74594161563120681410942425422244825470573111517564347846134443688695080108751,0xe618be45bbda1e6011ec1d7a03af0de0953f02cccad7bfc0f8dd9506ed36f7f7,0.974,2,1.948,1729216892,Will a Republican win North Dakota Presidential Election?
0xb841d2998e07971941a95b29fcfb14a4bb65f7f738a0c9a3eb07b2bd99d5bd9a,0x9e5119acf4493a6d33ec4034bbf3f37dcc637538,BUY,Yes,74594161563120681410942425422244825470573111517564347846134443688695080108751,0xe618be45bbda1e6011ec1d7a03af0de0953f02cccad7bfc0f8dd9506ed36f7f7,0.9769998511,5.117706,4.999997999973576,1729194636,Will a Republican win North Dakota Presidential Election?
0xf1be9965c166e6c29ba754a8d295ceca76f3a007a6897feeb2309664876d82a5,0x9e5119acf4493a6d33ec4034bbf3f37dcc637538,BUY,Yes,74594161563120681410942425422244825470573111517564347846134443688695080108751,0xe618be45bbda1e6011ec1d7a03af0de0953f02cccad7bfc0f8dd9506ed36f7f7,0.9769999511,10.235413,9.999998000488304,1729194630,Will a Republican win North Dakota Presidential Election?
0xda53043672dbd88f31ce315dd7baa530b2cc5f09faee79d48df811d795c8a1c4,0x9e5119acf4493a6d33ec4034bbf3f37dcc637538,BUY,Yes,74594161563120681410942425422244825470573111517564347846134443688695080108751,0xe618be45bbda1e6011ec1d7a03af0de0953f02cccad7bfc0f8dd9506ed36f7f7,0.9769998511,5.117706,4.999997999973576,1729194620,Will a Republican win North Dakota Presidential Election?
0xc69981cea3a3268ca7d5da6b16ac9430153884292f585e72e04914d63f56d939,0x261692c6685fce5423e263375f7d6d6e95803582,BUY,Yes,74594161563120681410942425422244825470573111517564347846134443688695080108751,0xe618be45bbda1e6011ec1d7a03af0de0953f02cccad7bfc0f8dd9506ed36f7f7,0.9769999996,5.209826,5.089999999916069,1729176559,Will a Republican win North Dakota Presidential Election?
0xda87cbd768e5af574733281542d301e83aaa21217e3e33d2357f19145416014d,0x5f390e4b7d6f06d6756a6c92afdbf7b3176aa78c,BUY,Yes,74594161563120681410942425422244825470573111517564347846134443688695080108751,0xe618be45bbda1e6011ec1d7a03af0de0953f02cccad7bfc0f8dd9506ed36f7f7,0.977,2,1.954,1729168818,Will a Republican win North Dakota Presidential Election?
0xc7aeeb12ebaabe1f021061ebe258b60355c9a9ea155be3f7b53b22ef6b1c403e,0x93e1ba11df509e1bb0f0378fbdd294d1542a49a1,SELL,Yes,74594161563120681410942425422244825470573111517564347846134443688695080108751,0xe618be45bbda1e6011ec1d7a03af0de0953f02cccad7bfc0f8dd9506ed36f7f7,0.973,0.34,0.33082,1729164658,Will a Republican win North Dakota Presidential Election?
0x63787bce0b32b1277bb46d8ac0b8a6e4059f2338c0d843b2fb7d4f5462e06fd4,0x93e1ba11df509e1bb0f0378fbdd294d1542a49a1,BUY,Yes,74594161563120681410942425422244825470573111517564347846134443688695080108751,0xe618be45bbda1e6011ec1d7a03af0de0953f02cccad7bfc0f8dd9506ed36f7f7,0.977999977,0.347636,0.339988000004372,1729164592,Will a Republican win North Dakota Presidential Election?
0xc1fcc579e8a95458755b4daf0285a362dd19b8c465b2bf80582ca025666a1200,0x7d8247098916053eea21dbd03667a1fc24daaa00,BUY,Yes,74594161563120681410942425422244825470573111517564347846134443688695080108751,0xe618be45bbda1e6011ec1d7a03af0de0953f02cccad7bfc0f8dd9506ed36f7f7,0.9799998712,3.571427,3.4999980000002022,1729148153,Will a Republican win North Dakota Presidential Election?
0x3646b0d9d0b35b6add744c3bf97296864bf08cd22c0c1bddee6a59b0de361fcb,0x536e7bc0aa18f923c5b84396408dcf31198fef9d,BUY,Yes,74594161563120681410942425422244825470573111517564347846134443688695080108751,0xe618be45bbda1e6011ec1d7a03af0de0953f02cccad7bfc0f8dd9506ed36f7f7,0.9819998933,6.914459,6.789998000227225,1729130982,Will a Republican win North Dakota Presidential Election?
0x88cf66a284ee286b78630cab69173c27fd06deedf64a57d7d661507526501d9f,0x27bd406fdd76dd9c8a4f8906569ff6c705df756e,BUY,Yes,74594161563120681410942425422244825470573111517564347846134443688695080108751,0xe618be45bbda1e6011ec1d7a03af0de0953f02cccad7bfc0f8dd9506ed36f7f7,0.9819999611,12.942972,12.709998000518388,1729125357,Will a Republican win North Dakota Presidential Election?
0xfc906da1f3960c7e54eafa5fee42a645283359ce7745da8c7724d9f205497e34,0x9d84ce0306f8551e02efef1680475fc0f1dc1344,SELL,Yes,74594161563120681410942425422244825470573111517564347846134443688695080108751,0xe618be45bbda1e6011ec1d7a03af0de0953f02cccad7bfc0f8dd9506ed36f7f7,0.9781421198,11928.81,11668.071500091437,1729104896,Will a Republican win North Dakota Presidential Election?
0x9378c10b45e8551187da79f70fc58255506dc5d0d86f8a17e6e5ca124efeb2b6,0x9782acda218f33694ee7db7fd34227b19c87627d,BUY,Yes,74594161563120681410942425422244825470573111517564347846134443688695080108751,0xe618be45bbda1e6011ec1d7a03af0de0953f02cccad7bfc0f8dd9506ed36f7f7,0.9859999574,5.16227,5.089998000087299,1729060962,Will a Republican win North Dakota Presidential Election?
0xd2d0eec7cea8bb1ce0e5569187e380b8b0743a93947880f05087bce21f2d9ff6,0xa8b7f8b34185e9cc62c471e1d353595148a3ee3c,BUY,No,64231611882804830712199371941028597288636183956835367215611038106102856620559,0xe618be45bbda1e6011ec1d7a03af0de0953f02cccad7bfc0f8dd9506ed36f7f7,0.016,11,0.176,1729060782,Will a Republican win North Dakota Presidential Election?
0xa309c6ce3bbfc21cefce6f75717a9e469181de5c2819da37848103ecdaffc3e6,0xeea69aacf8c9fb1f954fc1aac1a43fa5607c3e72,SELL,Yes,74594161563120681410942425422244825470573111517564347846134443688695080108751,0xe618be45bbda1e6011ec1d7a03af0de0953f02cccad7bfc0f8dd9506ed36f7f7,0.984,7.86,7.73424,1729055082,Will a Republican win North Dakota Presidential Election?
0xb519d2e58cccdb053d9c392e79d68f0674bfbf651737e86f5f50e607b21bb986,0x16df29e3d97acffc251fb8461441362364983e2a,SELL,Yes,74594161563120681410942425422244825470573111517564347846134443688695080108751,0xe618be45bbda1e6011ec1d7a03af0de0953f02cccad7bfc0f8dd9506ed36f7f7,0.984,7.6,7.4784,1729055068,Will a Republican win North Dakota Presidential Election?
0x5ae3b98a40038808d04396bd498c0546c6286a7bd9b3e1ccd3cb4a2f5519d41c,0x087178375223f720327ac16841e975d53ed8037e,BUY,Yes,74594161563120681410942425422244825470573111517564347846134443688695080108751,0xe618be45bbda1e6011ec1d7a03af0de0953f02cccad7bfc0f8dd9506ed36f7f7,0.9859997473,2.089248,2.05999800004703,1729038550,Will a Republican win North Dakota Presidential Election?
0x99f33913341fc8b7f28206f4d8253856e99324fb3880a43d14e91f6d5d77b539,0x301a72d0ec3335ad3c952902e0c88b64778facf4,BUY,Yes,74594161563120681410942425422244825470573111517564347846134443688695080108751,0xe618be45bbda1e6011ec1d7a03af0de0953f02cccad7bfc0f8dd9506ed36f7f7,0.9859997821,4.056794,3.9999980000245876,1728997270,Will a Republican win North Dakota Presidential Election?
0xed634c7a67cfacd51d67aa9da30c0c04d45304e1ceff49e7b309f18460d8be57,0xe8e1eb1641ce94d9d1b15feb21d2ab88d774cf9e,BUY,Yes,74594161563120681410942425422244825470573111517564347846134443688695080108751,0xe618be45bbda1e6011ec1d7a03af0de0953f02cccad7bfc0f8dd9506ed36f7f7,0.9859998864,3.661256,3.6099980000813185,1728992904,Will a Republican win North Dakota Presidential Election?
0x19f4e48a4ac5fd6cc1891eca7df4018a318a042d14c5fd5e2cbca5f8b0c72990,0x3e98eb73c0440f08bbc0454f4103e779274b8d8b,BUY,Yes,74594161563120681410942425422244825470573111517564347846134443688695080108751,0xe618be45bbda1e6011ec1d7a03af0de0953f02cccad7bfc0f8dd9506ed36f7f7,0.9859999279,2.636915,2.5999979998784286,1728984908,Will a Republican win North Dakota Presidential Election?
0xa7be7b2e079a3c273fca34ebde0e7a60be347fe9e35381701789008593117b8f,0x2d00575ff46b27fb3c97dfed24a22b02ce4bffa6,BUY,Yes,74594161563120681410942425422244825470573111517564347846134443688695080108751,0xe618be45bbda1e6011ec1d7a03af0de0953f02cccad7bfc0f8dd9506ed36f7f7,0.9859999464,6.085191,5.999997999833762,1728979729,Will a Republican win North Dakota Presidential Election?
0x165507f7e8fbf7cf768420012b285a2ae1b1d86a1e24220edb39a511e17583b8,0xfa374621a2af3bc052b848d671cfe3cec1547931,BUY,Yes,74594161563120681410942425422244825470573111517564347846134443688695080108751,0xe618be45bbda1e6011ec1d7a03af0de0953f02cccad7bfc0f8dd9506ed36f7f7,0.9859986715,0.192696,0.189998000003364,1728973600,Will a Republican win North Dakota Presidential Election?
0x011e8f1db44fb1eba8e985a64000092ea0ac090c629ef5f37674b55b23296bb1,0x05474155c749a558ae6adb76050a748a8820fb35,BUY,Yes,74594161563120681410942425422244825470573111517564347846134443688695080108751,0xe618be45bbda1e6011ec1d7a03af0de0953f02cccad7bfc0f8dd9506ed36f7f7,0.9859997614,1.014197,0.9999980000125959,1728968915,Will a Republican win North Dakota Presidential Election?
0x23f9119546dabb68e16f962374876d3f6b770d4bc7964d20d5b91444f277c097,0x0e4f6c8e6e1b72b2eb1b56b39513379e81f8a805,SELL,Yes,74594161563120681410942425422244825470573111517564347846134443688695080108751,0xe618be45bbda1e6011ec1d7a03af0de0953f02cccad7bfc0f8dd9506ed36f7f7,0.983,9.9,9.7317,1728928860,Will a Republican win North Dakota Presidential Election?
0x142bd4b94b4571247b15ebcb02e2f4ad3f95025438aba5aa1f8d022eaff57d46,0xcd041fa8a99ad80da195120763eda72f1ce1665d,BUY,Yes,74594161563120681410942425422244825470573111517564347846134443688695080108751,0xe618be45bbda1e6011ec1d7a03af0de0953f02cccad7bfc0f8dd9506ed36f7f7,0.9859998595,6.592291,6.4999979997831145,1728927972,Will a Republican win North Dakota Presidential Election?
0xd5a7795dce3ca988bee7bedf074df2184ccdcdcaab0f9a70f9751fb81a3023d6,0x5cf854b580b85b3573750d1861a48c60aeb335fb,BUY,Yes,74594161563120681410942425422244825470573111517564347846134443688695080108751,0xe618be45bbda1e6011ec1d7a03af0de0953f02cccad7bfc0f8dd9506ed36f7f7,0.9859987277,0.3144,0.30999799998888,1728801260,Will a Republican win North Dakota Presidential Election?
0x09d2ac5757e5d92d2b02707957669e25c2342b6e67361c95fbf268abf31c142e,0x9e5119acf4493a6d33ec4034bbf3f37dcc637538,BUY,Yes,74594161563120681410942425422244825470573111517564347846134443688695080108751,0xe618be45bbda1e6011ec1d7a03af0de0953f02cccad7bfc0f8dd9506ed36f7f7,0.985999998,3.042571,2.9999749999148584,1728698173,Will a Republican win North Dakota Presidential Election?
0x92508a1a7bb3b9bc198152ec066c378d6811dca39a8dff1982e6f3db5f7d5a47,0x9e5119acf4493a6d33ec4034bbf3f37dcc637538,BUY,Yes,74594161563120681410942425422244825470573111517564347846134443688695080108751,0xe618be45bbda1e6011ec1d7a03af0de0953f02cccad7bfc0f8dd9506ed36f7f7,0.9859999992,10.141928,9.999940999886459,1728672967,Will a Republican win North Dakota Presidential Election?
0xd113f55b349d9bdb743dcd8684f64799a73a41a58a36818a71339633b0bb3861,0x9e5119acf4493a6d33ec4034bbf3f37dcc637538,BUY,Yes,74594161563120681410942425422244825470573111517564347846134443688695080108751,0xe618be45bbda1e6011ec1d7a03af0de0953f02cccad7bfc0f8dd9506ed36f7f7,0.9859999984,5.070928,4.9999349998865155,1728672313,Will a Republican win North Dakota Presidential Election?
0xb43dcd53aa24d211d2d3a50b4fbc2f9f474589248c98067fe3e1b7069c1f83ba,0x9e5119acf4493a6d33ec4034bbf3f37dcc637538,BUY,Yes,74594161563120681410942425422244825470573111517564347846134443688695080108751,0xe618be45bbda1e6011ec1d7a03af0de0953f02cccad7bfc0f8dd9506ed36f7f7,0.9859999992,10.141928,9.999940999886459,1728672301,Will a Republican win North Dakota Presidential Election?
0x9bdef49d7178a7a46bf4432a9bf2f439cdaa6ad8bdc15aa657b38fbd8742d6cd,0x585485f549cf6bb03057e5a0de1495fd4f346efa,SELL,Yes,74594161563120681410942425422244825470573111517564347846134443688695080108751,0xe618be45bbda1e6011ec1d7a03af0de0953f02cccad7bfc0f8dd9506ed36f7f7,0.982,5.18,5.08676,1728651899,Will a Republican win North Dakota Presidential Election?
0x9bc62717f27f5f9710c8aa9ff4347da18a802e8f740e64d948d537b90aa374e8,0x585485f549cf6bb03057e5a0de1495fd4f346efa,BUY,Yes,74594161563120681410942425422244825470573111517564347846134443688695080108751,0xe618be45bbda1e6011ec1d7a03af0de0953f02cccad7bfc0f8dd9506ed36f7f7,0.986,5.18,5.10748,1728651625,Will a Republican win North Dakota Presidential Election?
0xbaa6c217630b3a4712608650a9bf47bf8865954e57bfd7996b4d94ed6c856253,0x78be855a9987e44df49712488e8796bdb641c9d0,BUY,Yes,74594161563120681410942425422244825470573111517564347846134443688695080108751,0xe618be45bbda1e6011ec1d7a03af0de0953f02cccad7bfc0f8dd9506ed36f7f7,0.9859999993,8.113571,7.999981000320501,1728638105,Will a Republican win North Dakota Presidential Election?
0xd44f89d4d5b4a815e960b8a6cb3ead11ad2d200f434a78f1c1a27a2e40dd93fc,0xeea69aacf8c9fb1f954fc1aac1a43fa5607c3e72,BUY,Yes,74594161563120681410942425422244825470573111517564347846134443688695080108751,0xe618be45bbda1e6011ec1d7a03af0de0953f02cccad7bfc0f8dd9506ed36f7f7,0.986,7.86,7.749960000000001,1728637731,Will a Republican win North Dakota Presidential Election?
0xc82baa353a7372563a7d7df30c696cfd2eef5c3f8762d0618e8708f95157f9f3,0x16df29e3d97acffc251fb8461441362364983e2a,BUY,Yes,74594161563120681410942425422244825470573111517564347846134443688695080108751,0xe618be45bbda1e6011ec1d7a03af0de0953f02cccad7bfc0f8dd9506ed36f7f7,0.9859999989,7.606428,7.499937999632929,1728637173,Will a Republican win North Dakota Presidential Election?
0x953070cccb30c04d30fe192d1bfa3252bed5ca985196ae4069210a380c5f11df,0xc2fe161cf9dc2244d6f4b92e42998b3303217708,SELL,Yes,74594161563120681410942425422244825470573111517564347846134443688695080108751,0xe618be45bbda1e6011ec1d7a03af0de0953f02cccad7bfc0f8dd9506ed36f7f7,0.982,5.48,5.38136,1728587790,Will a Republican win North Dakota Presidential Election?
0x939ca9139a6143f52f2964f1bacce51a03cf286e9f718570ffbec08e5e61c4e3,0xc2fe161cf9dc2244d6f4b92e42998b3303217708,BUY,Yes,74594161563120681410942425422244825470573111517564347846134443688695080108751,0xe618be45bbda1e6011ec1d7a03af0de0953f02cccad7bfc0f8dd9506ed36f7f7,0.986,5.48,5.4032800000000005,1728587312,Will a Republican win North Dakota Presidential Election?
0x799cdf1760ac2795b2e7bbfe99cf9e160d991cac0acb721122aad472fcd54c68,0x1af7854ad099e4e48307365109a1f61ea43e9f3e,SELL,Yes,74594161563120681410942425422244825470573111517564347846134443688695080108751,0xe618be45bbda1e6011ec1d7a03af0de0953f02cccad7bfc0f8dd9506ed36f7f7,0.982,0.6,0.5892,1728470215,Will a Republican win North Dakota Presidential Election?
0x5959bd52a105a6070c6aeb88fe12332d4a71877fdaee06dc4c0b01f26fba7d71,0x1af7854ad099e4e48307365109a1f61ea43e9f3e,BUY,Yes,74594161563120681410942425422244825470573111517564347846134443688695080108751,0xe618be45bbda1e6011ec1d7a03af0de0953f02cccad7bfc0f8dd9506ed36f7f7,0.986,0.6085,0.599981,1728470163,Will a Republican win North Dakota Presidential Election?
0xf2c7c1f07dfa4686f6c010f0aad32ef8d08b22b500a8d00fcfd260a914609918,0x7db6fff9278408e122d6dd283195f48c7a9c7a15,SELL,Yes,74594161563120681410942425422244825470573111517564347846134443688695080108751,0xe618be45bbda1e6011ec1d7a03af0de0953f02cccad7bfc0f8dd9506ed36f7f7,0.982,135.55,133.11010000000002,1728467973,Will a Republican win North Dakota Presidential Election?
0x080365f36b111c23cbf46921cbf506c31a401926af8691616cb918ead07b486b,0xda6eda1eaf42e800723fff6af1e6f40dd57d4abd,BUY,Yes,74594161563120681410942425422244825470573111517564347846134443688695080108751,0xe618be45bbda1e6011ec1d7a03af0de0953f02cccad7bfc0f8dd9506ed36f7f7,0.9859999984,5.070928,4.9999349998865155,1728467237,Will a Republican win North Dakota Presidential Election?
0x53439b7120461caacbc822568d5203dfc6257ed6ec2551025ac9722de9fda2b8,0x7db6fff9278408e122d6dd283195f48c7a9c7a15,BUY,Yes,74594161563120681410942425422244825470573111517564347846134443688695080108751,0xe618be45bbda1e6011ec1d7a03af0de0953f02cccad7bfc0f8dd9506ed36f7f7,0.9859999999,135.557785,133.65997599644422,1728465909,Will a Republican win North Dakota Presidential Election?
0xf627ccbdef93fb6a80b341e592423cf40aad4af6253fede46b9678836f8852d4,0x2da7c3df9b763b99bc603b52e748436156108778,SELL,Yes,74594161563120681410942425422244825470573111517564347846134443688695080108751,0xe618be45bbda1e6011ec1d7a03af0de0953f02cccad7bfc0f8dd9506ed36f7f7,0.982,0.7,0.6873999999999999,1728461983,Will a Republican win North Dakota Presidential Election?
0xb6a6c23612a369d3203a574a7683d62eb9f08301ed5a5d2c4874f58f9a6e474a,0x2da7c3df9b763b99bc603b52e748436156108778,BUY,Yes,74594161563120681410942425422244825470573111517564347846134443688695080108751,0xe618be45bbda1e6011ec1d7a03af0de0953f02cccad7bfc0f8dd9506ed36f7f7,0.9859999887,0.709928,0.6999889999778136,1728461917,Will a Republican win North Dakota Presidential Election?
0x916bc7fe834e5d03a94aeca3611af124a049289a26d3995853718dafa4d5b4d4,0xe9bc18b3661a65323ec771786a460251187ffafa,SELL,Yes,74594161563120681410942425422244825470573111517564347846134443688695080108751,0xe618be45bbda1e6011ec1d7a03af0de0953f02cccad7bfc0f8dd9506ed36f7f7,0.982,0.36,0.35352,1728444058,Will a Republican win North Dakota Presidential Election?
0x77d3431a62f35af81090fa64ccaf3c5b6dc5e78e8eae6a2d4073a9e043c7d7f9,0xe9bc18b3661a65323ec771786a460251187ffafa,BUY,Yes,74594161563120681410942425422244825470573111517564347846134443688695080108751,0xe618be45bbda1e6011ec1d7a03af0de0953f02cccad7bfc0f8dd9506ed36f7f7,0.9859999836,0.365071,0.35996000001283557,1728444002,Will a Republican win North Dakota Presidential Election?
0x015ec07e020aaab189ba9ba5d7e2ad2509a882537321c0706855b1ee86285949,0x5ada7f95a1d1c1ba98ec310de003e8bdc0117363,SELL,Yes,74594161563120681410942425422244825470573111517564347846134443688695080108751,0xe618be45bbda1e6011ec1d7a03af0de0953f02cccad7bfc0f8dd9506ed36f7f7,0.982,0.36,0.35352,1728434912,Will a Republican win North Dakota Presidential Election?
0xd73399e21f3e82393a9e5a313bf2f698fe4f9d60b8f30d6e208990299452005d,0x5ada7f95a1d1c1ba98ec310de003e8bdc0117363,BUY,Yes,74594161563120681410942425422244825470573111517564347846134443688695080108751,0xe618be45bbda1e6011ec1d7a03af0de0953f02cccad7bfc0f8dd9506ed36f7f7,0.9859999836,0.365071,0.35996000001283557,1728434860,Will a Republican win North Dakota Presidential Election?
0x301edad8631d5457fa06a8b0240135557a6e46d5311f05d1d0d502b792bfea7b,0x26ddef04bd2b511f6355d1cb43dc8c67af49bc5b,SELL,Yes,74594161563120681410942425422244825470573111517564347846134443688695080108751,0xe618be45bbda1e6011ec1d7a03af0de0953f02cccad7bfc0f8dd9506ed36f7f7,0.982,10.14,9.95748,1728379640,Will a Republican win North Dakota Presidential Election?
0x32609b90a4f6d2ebebfe355e99c7222ce3ceac0aff003e5523ad4241eb213cf4,0x26ddef04bd2b511f6355d1cb43dc8c67af49bc5b,BUY,Yes,74594161563120681410942425422244825470573111517564347846134443688695080108751,0xe618be45bbda1e6011ec1d7a03af0de0953f02cccad7bfc0f8dd9506ed36f7f7,0.9859605612,10.142357,9.999963999610749,1728379580,Will a Republican win North Dakota Presidential Election?
0x152528faada2e00b7f431f28bb5f1aabc43bf4020dc8e9c9d4f9322f8543dd4e,0xdcc9d68a4bad9fc8becd27a03ee5b2b4feda4534,BUY,Yes,74594161563120681410942425422244825470573111517564347846134443688695080108751,0xe618be45bbda1e6011ec1d7a03af0de0953f02cccad7bfc0f8dd9506ed36f7f7,0.984,85,83.64,1728354980,Will a Republican win North Dakota Presidential Election?
0x067bcd616d957e2440e489e6c0063aa69719888fcb82d58afceadeaa6d9aab9c,0xf8ba34bf0e95d952d05b578bfbc0833f9242a286,BUY,Yes,74594161563120681410942425422244825470573111517564347846134443688695080108751,0xe618be45bbda1e6011ec1d7a03af0de0953f02cccad7bfc0f8dd9506ed36f7f7,0.9839999909,100.609755,98.99999800445124,1728321460,Will a Republican win North Dakota Presidential Election?
0x7d20e66a0fb211adc4e19eee58e43612bd077ed29c06756097ec36e6e2b1cd14,0x0b4e63de93149f79a55bdf14566f3ef0c144f3ca,SELL,Yes,74594161563120681410942425422244825470573111517564347846134443688695080108751,0xe618be45bbda1e6011ec1d7a03af0de0953f02cccad7bfc0f8dd9506ed36f7f7,0.981,10.19,9.99639,1728308243,Will a Republican win North Dakota Presidential Election?
0x2310e233a5962b849805f92026d188c8f11920a0af888cdb43420ae51fb7addb,0x72db0a49c0627927ff2f871a9a9041dd203abad7,SELL,Yes,74594161563120681410942425422244825470573111517564347846134443688695080108751,0xe618be45bbda1e6011ec1d7a03af0de0953f02cccad7bfc0f8dd9506ed36f7f7,0.981,0.43,0.42183,1728304824,Will a Republican win North Dakota Presidential Election?
0xa9079fb202a2bfe5168423906a6bdcc35e02efc7c2aee3b7eda3c7526a099b31,0x72db0a49c0627927ff2f871a9a9041dd203abad7,BUY,Yes,74594161563120681410942425422244825470573111517564347846134443688695080108751,0xe618be45bbda1e6011ec1d7a03af0de0953f02cccad7bfc0f8dd9506ed36f7f7,0.9839996339,0.43699,0.429998000017961,1728304770,Will a Republican win North Dakota Presidential Election?
0x96512a7a653e33f9dc1f539e81c3b207adbbdb1e27a6274660c37be8010245b6,0xf0b0ef1d6320c6be896b4c9c54dd74407e7f8cab,SELL,No,64231611882804830712199371941028597288636183956835367215611038106102856620559,0xe618be45bbda1e6011ec1d7a03af0de0953f02cccad7bfc0f8dd9506ed36f7f7,0.016,5.31,0.08496,1728302726,Will a Republican win North Dakota Presidential Election?
0x3e73518eaa1aba5f6d99fef45be3c3f68901494437824062a2851434bcf3b2c1,0x1f18d3863b795b082014a5348509ebc488f437c3,SELL,Yes,74594161563120681410942425422244825470573111517564347846134443688695080108751,0xe618be45bbda1e6011ec1d7a03af0de0953f02cccad7bfc0f8dd9506ed36f7f7,0.981,0.65,0.63765,1728288996,Will a Republican win North Dakota Presidential Election?
0xbb03a1da35e74667c70b1cb89367deae471d5b407efc95e5043c8e81f87d8032,0x1f18d3863b795b082014a5348509ebc488f437c3,BUY,Yes,74594161563120681410942425422244825470573111517564347846134443688695080108751,0xe618be45bbda1e6011ec1d7a03af0de0953f02cccad7bfc0f8dd9506ed36f7f7,0.9839992005,0.650405,0.6399980000012025,1728288934,Will a Republican win North Dakota Presidential Election?
0x0ce1a609ef39e85b162bf72f2a846ba45f8b065789fe25cd5a749e8e1ad90e51,0x896fad44eb426abdc9eca1ebe39596b330ebfc3b,SELL,Yes,74594161563120681410942425422244825470573111517564347846134443688695080108751,0xe618be45bbda1e6011ec1d7a03af0de0953f02cccad7bfc0f8dd9506ed36f7f7,0.981,0.58,0.5689799999999999,1728281602,Will a Republican win North Dakota Presidential Election?
0xbe53e0bc5688f086aae405e265b9e65946a992abdcd099b9aa882da4444f9ea2,0x896fad44eb426abdc9eca1ebe39596b330ebfc3b,BUY,Yes,74594161563120681410942425422244825470573111517564347846134443688695080108751,0xe618be45bbda1e6011ec1d7a03af0de0953f02cccad7bfc0f8dd9506ed36f7f7,0.9839997693,0.589429,0.5799980000187297,1728281534,Will a Republican win North Dakota Presidential Election?
0x08394f5dd650c881ea45585522c6b1e47ee94c78cb679f3a624ebdccd1fb9bb2,0xcfec60f9216dc18c3f4558fee0da1340ff10e1d6,BUY,Yes,74594161563120681410942425422244825470573111517564347846134443688695080108751,0xe618be45bbda1e6011ec1d7a03af0de0953f02cccad7bfc0f8dd9506ed36f7f7,0.9839973431,0.081299,0.0799979999966869,1728252870,Will a Republican win North Dakota Presidential Election?
0xe1788b35efc867888df228c4b5deb246f877250c6066e76bc69200ebb0987fda,0x635f60a5a3937a00e8b5bf18a2afc9d617008141,SELL,Yes,74594161563120681410942425422244825470573111517564347846134443688695080108751,0xe618be45bbda1e6011ec1d7a03af0de0953f02cccad7bfc0f8dd9506ed36f7f7,0.98,6.21,6.0858,1728244156,Will a Republican win North Dakota Presidential Election?
0x7ef45e2bf5140e29ba5360656b973670baf956029d4611ef9a778b72455e7399,0x635f60a5a3937a00e8b5bf18a2afc9d617008141,BUY,Yes,74594161563120681410942425422244825470573111517564347846134443688695080108751,0xe618be45bbda1e6011ec1d7a03af0de0953f02cccad7bfc0f8dd9506ed36f7f7,0.984,6.21,6.11064,1728243956,Will a Republican win North Dakota Presidential Election?
0x50c6f9a5bffd64c8b7d09cc799b5a1181f4a2ab6bb518ca3c41c2df96c28ab01,0xd990d163f4210d1ccfe81daa1870f281f22ed4d5,SELL,Yes,74594161563120681410942425422244825470573111517564347846134443688695080108751,0xe618be45bbda1e6011ec1d7a03af0de0953f02cccad7bfc0f8dd9506ed36f7f7,0.98,0.71,0.6958,1728202125,Will a Republican win North Dakota Presidential Election?
0xd14831c1d8427c637032f6a53e9f18c9a8c76c9ed6721d8e6674482ea88b6a08,0xd990d163f4210d1ccfe81daa1870f281f22ed4d5,BUY,Yes,74594161563120681410942425422244825470573111517564347846134443688695080108751,0xe618be45bbda1e6011ec1d7a03af0de0953f02cccad7bfc0f8dd9506ed36f7f7,0.9839987292,0.711381,0.6999979999770253,1728202043,Will a Republican win North Dakota Presidential Election?
0x58dfdd99598ccfe6e3ba7401b59a9d8aa882307e11e27eb5f669550879feb141,0xa8b7f8b34185e9cc62c471e1d353595148a3ee3c,BUY,Yes,74594161563120681410942425422244825470573111517564347846134443688695080108751,0xe618be45bbda1e6011ec1d7a03af0de0953f02cccad7bfc0f8dd9506ed36f7f7,0.984,8,7.872,1728181888,Will a Republican win North Dakota Presidential Election?
0x007a0d15c4f0ab75e67038d66dffa53bf7491dc5fb94271a3b7a38a4891334d5,0x9ae5db5ec1d13982021d566b4e44c2731d35d359,SELL,Yes,74594161563120681410942425422244825470573111517564347846134443688695080108751,0xe618be45bbda1e6011ec1d7a03af0de0953f02cccad7bfc0f8dd9506ed36f7f7,0.98,0.8,0.784,1728165245,Will a Republican win North Dakota Presidential Election?
0x9651abd79696822a11160484f639335f5a00a4114736bad07fa33468a5fa40e5,0x9ae5db5ec1d13982021d566b4e44c2731d35d359,BUY,Yes,74594161563120681410942425422244825470573111517564347846134443688695080108751,0xe618be45bbda1e6011ec1d7a03af0de0953f02cccad7bfc0f8dd9506ed36f7f7,0.9839993822,0.802844,0.7899980000029768,1728165167,Will a Republican win North Dakota Presidential Election?
0x1ce1804b807b79094fbbd68108cc3d28cbba0096507b366cee9a04310f037c25,0x46c3dec76f1c9905a0a6d29034463920c051ab28,SELL,Yes,74594161563120681410942425422244825470573111517564347846134443688695080108751,0xe618be45bbda1e6011ec1d7a03af0de0953f02cccad7bfc0f8dd9506ed36f7f7,0.98,0.69,0.6761999999999999,1728161113,Will a Republican win North Dakota Presidential Election?
0xb9d7a96b4a45c9e53b8926d74c3bcd18369c74944364aea1873898e557ed0829,0x46c3dec76f1c9905a0a6d29034463920c051ab28,BUY,Yes,74594161563120681410942425422244825470573111517564347846134443688695080108751,0xe618be45bbda1e6011ec1d7a03af0de0953f02cccad7bfc0f8dd9506ed36f7f7,0.9839998264,0.691055,0.679998000032852,1728161037,Will a Republican win North Dakota Presidential Election?
0x378db0879e98cf8e111de0d95871fb63e8a768b594d804632e60866d4cca0d25,0xb2ee79c9f0bec84d47213d293e64d6f7eec42f00,SELL,Yes,74594161563120681410942425422244825470573111517564347846134443688695080108751,0xe618be45bbda1e6011ec1d7a03af0de0953f02cccad7bfc0f8dd9506ed36f7f7,0.98,10.17,9.9666,1728157560,Will a Republican win North Dakota Presidential Election?
0x0433d9acc1c83043703d64b66ccee18cf2eeaa857ded102dff95637c3af17a8b,0xd725fb2444991b4340463cd0e238afbf33383825,BUY,Yes,74594161563120681410942425422244825470573111517564347846134443688695080108751,0xe618be45bbda1e6011ec1d7a03af0de0953f02cccad7bfc0f8dd9506ed36f7f7,0.9839848459,0.040649,0.039998000000989097,1728152751,Will a Republican win North Dakota Presidential Election?
0x42fff3fe3c3ba716f343dbfa2e5aab4ca976645c4eecb91f8f7f941ca264a848,0x5cdcbc88f53bf338976676e13957c1f39d2b36c8,BUY,Yes,74594161563120681410942425422244825470573111517564347846134443688695080108751,0xe618be45bbda1e6011ec1d7a03af0de0953f02cccad7bfc0f8dd9506ed36f7f7,0.98399754,0.1626,0.159998000004,1728135992,Will a Republican win North Dakota Presidential Election?
0x4af4a0fe33c33ecade3cc7a8b332bb9432344a39d38a7f65b40ad2720031a50f,0xb12db5c6008d91f170c38360262d4841bb5fa576,SELL,Yes,74594161563120681410942425422244825470573111517564347846134443688695080108751,0xe618be45bbda1e6011ec1d7a03af0de0953f02cccad7bfc0f8dd9506ed36f7f7,0.98,5.31,5.203799999999999,1728122340,Will a Republican win North Dakota Presidential Election?
0xe99511c237f581a79ab56844ff194fd4b6e412cab57f2e28eeacd13f5d4bd605,0xb12db5c6008d91f170c38360262d4841bb5fa576,BUY,Yes,74594161563120681410942425422244825470573111517564347846134443688695080108751,0xe618be45bbda1e6011ec1d7a03af0de0953f02cccad7bfc0f8dd9506ed36f7f7,0.983,5.31,5.219729999999999,1728122246,Will a Republican win North Dakota Presidential Election?
0x66aa305c55208415848e5cc1b42302aaf3e98f0c00ecfaa6dcf07d2556b813b1,0xf27d0e8d394ee4efa6c016d9027b322d50f5e152,BUY,Yes,74594161563120681410942425422244825470573111517564347846134443688695080108751,0xe618be45bbda1e6011ec1d7a03af0de0953f02cccad7bfc0f8dd9506ed36f7f7,0.984,108.71,106.97063999999999,1728070908,Will a Republican win North Dakota Presidential Election?
0x297c3934782c86583aa09e9347d53f18eaa286295ec48109f8789477acb02650,0x96489398b94466d86fd652605317f2660384c060,BUY,Yes,74594161563120681410942425422244825470573111517564347846134443688695080108751,0xe618be45bbda1e6011ec1d7a03af0de0953f02cccad7bfc0f8dd9506ed36f7f7,0.984,105.13,103.44792,1728070718,Will a Republican win North Dakota Presidential Election?
0x5e389de632ca6fa23f992492b98eab55b005734bc370a5143ba01b0606fc3e28,0xe9c21d08f1b7d3ff68784b24302cb351af9e6556,BUY,Yes,74594161563120681410942425422244825470573111517564347846134443688695080108751,0xe618be45bbda1e6011ec1d7a03af0de0953f02cccad7bfc0f8dd9506ed36f7f7,0.984,104.72,103.04448,1728070530,Will a Republican win North Dakota Presidential Election?
0x04f165fe50430c99e0da7cd7ecd6acf78193dd81276a746b6cd12c88df528b5c,0xf27d0e8d394ee4efa6c016d9027b322d50f5e152,BUY,Yes,74594161563120681410942425422244825470573111517564347846134443688695080108751,0xe618be45bbda1e6011ec1d7a03af0de0953f02cccad7bfc0f8dd9506ed36f7f7,0.984,108.71,106.97063999999999,1728070275,Will a Republican win North Dakota Presidential Election?
0x2670f99b2768839e43222ffd8ad359cdce6f24d6ebce75c3167e90f32815456b,0x96489398b94466d86fd652605317f2660384c060,BUY,Yes,74594161563120681410942425422244825470573111517564347846134443688695080108751,0xe618be45bbda1e6011ec1d7a03af0de0953f02cccad7bfc0f8dd9506ed36f7f7,0.984,105.13,103.44792,1728069977,Will a Republican win North Dakota Presidential Election?
0xa836b5cada7b1e14547cf03528b210edea640d9b779dd047d177dae2749b74fd,0xe9c21d08f1b7d3ff68784b24302cb351af9e6556,BUY,Yes,74594161563120681410942425422244825470573111517564347846134443688695080108751,0xe618be45bbda1e6011ec1d7a03af0de0953f02cccad7bfc0f8dd9506ed36f7f7,0.984,104.72,103.04448,1728069645,Will a Republican win North Dakota Presidential Election?
0x7b32efe195af9f84bd23c38260fdc7e0c75c91462167c83b405be898bfc93f61,0xf27d0e8d394ee4efa6c016d9027b322d50f5e152,BUY,Yes,74594161563120681410942425422244825470573111517564347846134443688695080108751,0xe618be45bbda1e6011ec1d7a03af0de0953f02cccad7bfc0f8dd9506ed36f7f7,0.984,108.71,106.97063999999999,1728069183,Will a Republican win North Dakota Presidential Election?
0xc43b0ef3598e506412067658126e6e903db511e39a820415ad6184108d59865f,0x96489398b94466d86fd652605317f2660384c060,BUY,Yes,74594161563120681410942425422244825470573111517564347846134443688695080108751,0xe618be45bbda1e6011ec1d7a03af0de0953f02cccad7bfc0f8dd9506ed36f7f7,0.984,104.94,103.26096,1728067550,Will a Republican win North Dakota Presidential Election?
0x7baef1eb67ef9df95e1bf92299df07c5dd6e8c5da601c0e3725b83ab4ef698ed,0xe9c21d08f1b7d3ff68784b24302cb351af9e6556,BUY,Yes,74594161563120681410942425422244825470573111517564347846134443688695080108751,0xe618be45bbda1e6011ec1d7a03af0de0953f02cccad7bfc0f8dd9506ed36f7f7,0.984,104.72,103.04448,1728067343,Will a Republican win North Dakota Presidential Election?
0xe6fa68fd1ffd0b8bdfbd3091d89cb6df6b92a90d30f013016173789d297dd32d,0x041f0caecf8e04c64596f69c4d1c53b1370b4af7,BUY,Yes,74594161563120681410942425422244825470573111517564347846134443688695080108751,0xe618be45bbda1e6011ec1d7a03af0de0953f02cccad7bfc0f8dd9506ed36f7f7,0.984,104.65,102.9756,1728067231,Will a Republican win North Dakota Presidential Election?
0x12a70a6e1f7619ccc583869b9295f407ee6d44ac99bdabdc7dab0c6271ff1232,0x96489398b94466d86fd652605317f2660384c060,BUY,Yes,74594161563120681410942425422244825470573111517564347846134443688695080108751,0xe618be45bbda1e6011ec1d7a03af0de0953f02cccad7bfc0f8dd9506ed36f7f7,0.984,105.13,103.44792,1728065914,Will a Republican win North Dakota Presidential Election?
0xb4c6e5e359782e818eb31e2c682dd459875de445190c5e1d9d83b17c4a09219e,0xe9c21d08f1b7d3ff68784b24302cb351af9e6556,BUY,Yes,74594161563120681410942425422244825470573111517564347846134443688695080108751,0xe618be45bbda1e6011ec1d7a03af0de0953f02cccad7bfc0f8dd9506ed36f7f7,0.984,103.67,102.01128,1728064746,Will a Republican win North Dakota Presidential Election?
0xb4508c378fae0e8cd5e2bb6026217ba22d3f219c216ba2c45bc0ce19fcd0e9bf,0x041f0caecf8e04c64596f69c4d1c53b1370b4af7,BUY,Yes,74594161563120681410942425422244825470573111517564347846134443688695080108751,0xe618be45bbda1e6011ec1d7a03af0de0953f02cccad7bfc0f8dd9506ed36f7f7,0.984,103.67,102.01128,1728063552,Will a Republican win North Dakota Presidential Election?
0xff642a5326bc91c49e3471471fa8039bc2135d62d85397c6e93e4b03e4b34797,0x722c3badc02559cc17205a505feb0491c0ea7c92,BUY,Yes,74594161563120681410942425422244825470573111517564347846134443688695080108751,0xe618be45bbda1e6011ec1d7a03af0de0953f02cccad7bfc0f8dd9506ed36f7f7,0.984,103.67,102.01128,1728062906,Will a Republican win North Dakota Presidential Election?
0xc35e4a361a8609403a9f65cab3b32a9ef55b16d39c5c408eb1878e9979d1506c,0xe9c21d08f1b7d3ff68784b24302cb351af9e6556,BUY,Yes,74594161563120681410942425422244825470573111517564347846134443688695080108751,0xe618be45bbda1e6011ec1d7a03af0de0953f02cccad7bfc0f8dd9506ed36f7f7,0.984,103.67,102.01128,1728061566,Will a Republican win North Dakota Presidential Election?
0xa41304da1873a8e6c158f50d8d3c2ab055456b14b7a22a8bf08752278299b458,0x041f0caecf8e04c64596f69c4d1c53b1370b4af7,BUY,Yes,74594161563120681410942425422244825470573111517564347846134443688695080108751,0xe618be45bbda1e6011ec1d7a03af0de0953f02cccad7bfc0f8dd9506ed36f7f7,0.984,104.65,102.9756,1728061290,Will a Republican win North Dakota Presidential Election?
0x5e736e4d7b3cf4e899458d464b7323e98e84b1f8ed2a8f75a2879e530b0d356e,0x722c3badc02559cc17205a505feb0491c0ea7c92,BUY,Yes,74594161563120681410942425422244825470573111517564347846134443688695080108751,0xe618be45bbda1e6011ec1d7a03af0de0953f02cccad7bfc0f8dd9506ed36f7f7,0.984,103.86,102.19824,1728061250,Will a Republican win North Dakota Presidential Election?
0xd571ed724e6a8eb52f56c9f42edb5ac22946cf73cbff3677c318f1faa39f2255,0xe9c21d08f1b7d3ff68784b24302cb351af9e6556,BUY,Yes,74594161563120681410942425422244825470573111517564347846134443688695080108751,0xe618be45bbda1e6011ec1d7a03af0de0953f02cccad7bfc0f8dd9506ed36f7f7,0.984,104.72,103.04448,1728060992,Will a Republican win North Dakota Presidential Election?
0x99c9501201a99d2d234406ea46e470b318ad96c5a44a71bfd85ff83acd8e936e,0x351377e88006e00486f83e8fae8090dd48e6b9ed,BUY,Yes,74594161563120681410942425422244825470573111517564347846134443688695080108751,0xe618be45bbda1e6011ec1d7a03af0de0953f02cccad7bfc0f8dd9506ed36f7f7,0.984,129.67,127.59527999999999,1728060712,Will a Republican win North Dakota Presidential Election?
0x25cb702b1055f1f0687b79a2736f36c7d8681fa8ba8fbe11f8be01415f4d5f1f,0x722c3badc02559cc17205a505feb0491c0ea7c92,BUY,Yes,74594161563120681410942425422244825470573111517564347846134443688695080108751,0xe618be45bbda1e6011ec1d7a03af0de0953f02cccad7bfc0f8dd9506ed36f7f7,0.984,103.86,102.19824,1728060404,Will a Republican win North Dakota Presidential Election?
0xd7e89d7f46502d430c84a02d8f4542584bf9dcd955d9c81e35cfcfdcf16e94d1,0x041f0caecf8e04c64596f69c4d1c53b1370b4af7,BUY,Yes,74594161563120681410942425422244825470573111517564347846134443688695080108751,0xe618be45bbda1e6011ec1d7a03af0de0953f02cccad7bfc0f8dd9506ed36f7f7,0.984,104.65,102.9756,1728060050,Will a Republican win North Dakota Presidential Election?
0xaa95dc5a38fbc5cf50671f9226344756846aaf982a3952534854580bcbceeaeb,0xe9c21d08f1b7d3ff68784b24302cb351af9e6556,BUY,Yes,74594161563120681410942425422244825470573111517564347846134443688695080108751,0xe618be45bbda1e6011ec1d7a03af0de0953f02cccad7bfc0f8dd9506ed36f7f7,0.984,104.72,103.04448,1728059872,Will a Republican win North Dakota Presidential Election?
0xcf88600b9e491797d6229baf7b28ec3c33f19e4a2cab8cb33182ad31060e2153,0x351377e88006e00486f83e8fae8090dd48e6b9ed,BUY,Yes,74594161563120681410942425422244825470573111517564347846134443688695080108751,0xe618be45bbda1e6011ec1d7a03af0de0953f02cccad7bfc0f8dd9506ed36f7f7,0.984,129.67,127.59527999999999,1728059774,Will a Republican win North Dakota Presidential Election?
0x73e0c3bcacaf086368aa1835d8dee13ac284ddf3b987ce59733b1d9d2e9b3482,0x722c3badc02559cc17205a505feb0491c0ea7c92,BUY,Yes,74594161563120681410942425422244825470573111517564347846134443688695080108751,0xe618be45bbda1e6011ec1d7a03af0de0953f02cccad7bfc0f8dd9506ed36f7f7,0.984,102.95,101.3028,1728059454,Will a Republican win North Dakota Presidential Election?
0xbefe3e6399a24e0a3714365417ede8c5718681ff2dbdd8b07878a6314a57d0f4,0xe9c21d08f1b7d3ff68784b24302cb351af9e6556,BUY,Yes,74594161563120681410942425422244825470573111517564347846134443688695080108751,0xe618be45bbda1e6011ec1d7a03af0de0953f02cccad7bfc0f8dd9506ed36f7f7,0.984,104.72,103.04448,1728059308,Will a Republican win North Dakota Presidential Election?
0xf9ffc3ca489b2107e6141b219574974356e8f6666565d396f1cf26f745b14008,0xa8b7f8b34185e9cc62c471e1d353595148a3ee3c,SELL,Yes,74594161563120681410942425422244825470573111517564347846134443688695080108751,0xe618be45bbda1e6011ec1d7a03af0de0953f02cccad7bfc0f8dd9506ed36f7f7,0.98,110.23,108.0254,1728059226,Will a Republican win North Dakota Presidential Election?
0x0005d64dbe13a9232efd2a4f3a0959ea1e039859938d7703e10775197586f0f5,0x041f0caecf8e04c64596f69c4d1c53b1370b4af7,BUY,Yes,74594161563120681410942425422244825470573111517564347846134443688695080108751,0xe618be45bbda1e6011ec1d7a03af0de0953f02cccad7bfc0f8dd9506ed36f7f7,0.984,104.65,102.9756,1728059174,Will a Republican win North Dakota Presidential Election?
0x7bd74d1db4676027fa1bf07e80fc8a481e8851fa5d1752920ecf29ae8336756c,0x351377e88006e00486f83e8fae8090dd48e6b9ed,BUY,Yes,74594161563120681410942425422244825470573111517564347846134443688695080108751,0xe618be45bbda1e6011ec1d7a03af0de0953f02cccad7bfc0f8dd9506ed36f7f7,0.984,104,102.336,1728058902,Will a Republican win North Dakota Presidential Election?
0x4c9fe88b80e617a9beb82a2fff06b3f9c05f53178409751e2785d4e453f83bb9,0x722c3badc02559cc17205a505feb0491c0ea7c92,BUY,Yes,74594161563120681410942425422244825470573111517564347846134443688695080108751,0xe618be45bbda1e6011ec1d7a03af0de0953f02cccad7bfc0f8dd9506ed36f7f7,0.984,103.86,102.19824,1728058630,Will a Republican win North Dakota Presidential Election?
0xd81bcb11d05b670c082e96a957aea3d8ef6f02fee82c36812d5cd347bfc81a69,0xe9c21d08f1b7d3ff68784b24302cb351af9e6556,BUY,Yes,74594161563120681410942425422244825470573111517564347846134443688695080108751,0xe618be45bbda1e6011ec1d7a03af0de0953f02cccad7bfc0f8dd9506ed36f7f7,0.984,103.91,102.24744,1728058570,Will a Republican win North Dakota Presidential Election?
0xbfbda21453964f498086dac485da5c6fed57a908636aae1b8d3c8e39c26986c1,0x041f0caecf8e04c64596f69c4d1c53b1370b4af7,BUY,Yes,74594161563120681410942425422244825470573111517564347846134443688695080108751,0xe618be45bbda1e6011ec1d7a03af0de0953f02cccad7bfc0f8dd9506ed36f7f7,0.984,103,101.352,1728057402,Will a Republican win North Dakota Presidential Election?
0x49385a3706d4325d68152f39550a76f8bd48b580a5d370491ff2850321ae5390,0xe9c21d08f1b7d3ff68784b24302cb351af9e6556,BUY,Yes,74594161563120681410942425422244825470573111517564347846134443688695080108751,0xe618be45bbda1e6011ec1d7a03af0de0953f02cccad7bfc0f8dd9506ed36f7f7,0.984,103,101.352,1728057064,Will a Republican win North Dakota Presidential Election?
0x51245ee775d46d4619df37e09ceedceb5e7ffeafb5e8ad465461f3c76da61c70,0x786528604c92efe9be1f039e9e8cafe6b1b4f07b,BUY,Yes,74594161563120681410942425422244825470573111517564347846134443688695080108751,0xe618be45bbda1e6011ec1d7a03af0de0953f02cccad7bfc0f8dd9506ed36f7f7,0.983,105.73,103.93259,1728056860,Will a Republican win North Dakota Presidential Election?
0x55cb8a3e802fb9d738eb683eba0cff950959ea5973dd834c1a534cc349d7635e,0x041f0caecf8e04c64596f69c4d1c53b1370b4af7,BUY,Yes,74594161563120681410942425422244825470573111517564347846134443688695080108751,0xe618be45bbda1e6011ec1d7a03af0de0953f02cccad7bfc0f8dd9506ed36f7f7,0.983,104.76,102.97908000000001,1728056626,Will a Republican win North Dakota Presidential Election?
0x1c29c63408fb17d7e08e80d82ac6d77952f7de0915277fd82173a331d25bd291,0x0ca2028c4fdff4f7a6a061abf442e507eccd3741,BUY,Yes,74594161563120681410942425422244825470573111517564347846134443688695080108751,0xe618be45bbda1e6011ec1d7a03af0de0953f02cccad7bfc0f8dd9506ed36f7f7,0.983,104.96,103.17567999999999,1728056238,Will a Republican win North Dakota Presidential Election?
0xecfc48a94eb50525a96831964cff2caf2ffcf3b2b56b2224a019e972f3f1ca81,0xe9c21d08f1b7d3ff68784b24302cb351af9e6556,BUY,Yes,74594161563120681410942425422244825470573111517564347846134443688695080108751,0xe618be45bbda1e6011ec1d7a03af0de0953f02cccad7bfc0f8dd9506ed36f7f7,0.983,104.83,103.04789,1728056060,Will a Republican win North Dakota Presidential Election?
0x7392f8f7f72d34867ee34967c92824b967df073b1ff4468558a99f5e2c50419e,0x786528604c92efe9be1f039e9e8cafe6b1b4f07b,BUY,Yes,74594161563120681410942425422244825470573111517564347846134443688695080108751,0xe618be45bbda1e6011ec1d7a03af0de0953f02cccad7bfc0f8dd9506ed36f7f7,0.983,105.25,103.46075,1728055584,Will a Republican win North Dakota Presidential Election?
0x9e8345f0ad768a841a423d8d0028273e4bdfa6f83ea0769d59be162330e77257,0x0ca2028c4fdff4f7a6a061abf442e507eccd3741,BUY,Yes,74594161563120681410942425422244825470573111517564347846134443688695080108751,0xe618be45bbda1e6011ec1d7a03af0de0953f02cccad7bfc0f8dd9506ed36f7f7,0.983,105.46,103.66717999999999,1728055344,Will a Republican win North Dakota Presidential Election?
0xe9aced209f281ec604959436b8eb0e42ec74b1b4cc6ff536b694aa7af9b3064a,0x041f0caecf8e04c64596f69c4d1c53b1370b4af7,BUY,Yes,74594161563120681410942425422244825470573111517564347846134443688695080108751,0xe618be45bbda1e6011ec1d7a03af0de0953f02cccad7bfc0f8dd9506ed36f7f7,0.983,104.76,102.97908000000001,1728054558,Will a Republican win North Dakota Presidential Election?
0xf21b09ae1f8afc31055017e780d484f3ba92fc29be68cfe44116b9bf8b62666b,0x786528604c92efe9be1f039e9e8cafe6b1b4f07b,BUY,Yes,74594161563120681410942425422244825470573111517564347846134443688695080108751,0xe618be45bbda1e6011ec1d7a03af0de0953f02cccad7bfc0f8dd9506ed36f7f7,0.983,104.73,102.94959,1728054302,Will a Republican win North Dakota Presidential Election?
0xa5e5301c942bc972c7c61b476517d2fd11819365a7392f93cee45ae5c18a8956,0xe9c21d08f1b7d3ff68784b24302cb351af9e6556,BUY,Yes,74594161563120681410942425422244825470573111517564347846134443688695080108751,0xe618be45bbda1e6011ec1d7a03af0de0953f02cccad7bfc0f8dd9506ed36f7f7,0.983,104.83,103.04789,1728053906,Will a Republican win North Dakota Presidential Election?
0x64c7b8deb52e324ab6120c69fbd88db8b44a235389dffc9afea2c046487364d6,0x0ca2028c4fdff4f7a6a061abf442e507eccd3741,BUY,Yes,74594161563120681410942425422244825470573111517564347846134443688695080108751,0xe618be45bbda1e6011ec1d7a03af0de0953f02cccad7bfc0f8dd9506ed36f7f7,0.983,104.54,102.76282,1728053222,Will a Republican win North Dakota Presidential Election?
0x087d469eede29d2a117152e24f8591a7a5e90ef243775c971491bb9b079f029d,0x786528604c92efe9be1f039e9e8cafe6b1b4f07b,BUY,Yes,74594161563120681410942425422244825470573111517564347846134443688695080108751,0xe618be45bbda1e6011ec1d7a03af0de0953f02cccad7bfc0f8dd9506ed36f7f7,0.983,103,101.249,1728053066,Will a Republican win North Dakota Presidential Election?
0xb8152e5fce2e3e97c77fc7bb077a661063bac177ad26dd362e08c42dc64eec0d,0x20e596adade18eb462bd963bc0699df779883ea2,BUY,Yes,74594161563120681410942425422244825470573111517564347846134443688695080108751,0xe618be45bbda1e6011ec1d7a03af0de0953f02cccad7bfc0f8dd9506ed36f7f7,0.983,105.25,103.46075,1728052822,Will a Republican win North Dakota Presidential Election?
0x8bef11ff8540876e1f3943e278a1ba01fe5797a81c536c3eef809ef36bdac8cc,0xe9c21d08f1b7d3ff68784b24302cb351af9e6556,BUY,Yes,74594161563120681410942425422244825470573111517564347846134443688695080108751,0xe618be45bbda1e6011ec1d7a03af0de0953f02cccad7bfc0f8dd9506ed36f7f7,0.983,104.83,103.04789,1728052598,Will a Republican win North Dakota Presidential Election?
0x69a44d0388241d8a443e5252b7ffe2a722e00d7dc8dec7e4a8e0b5df2575376b,0x0ca2028c4fdff4f7a6a061abf442e507eccd3741,BUY,Yes,74594161563120681410942425422244825470573111517564347846134443688695080108751,0xe618be45bbda1e6011ec1d7a03af0de0953f02cccad7bfc0f8dd9506ed36f7f7,0.983,105,103.215,1728051144,Will a Republican win North Dakota Presidential Election?
0x56d6440f2d694ae5f1bbdd6140d1b1a269a53bed495a8cd5517292938edf86fb,0x20e596adade18eb462bd963bc0699df779883ea2,BUY,Yes,74594161563120681410942425422244825470573111517564347846134443688695080108751,0xe618be45bbda1e6011ec1d7a03af0de0953f02cccad7bfc0f8dd9506ed36f7f7,0.983,105,103.215,1728050926,Will a Republican win North Dakota Presidential Election?
0xbc961f8983ea6f9d27c75ddecfa20118f356bd33198bf3be420b027b4d1a176c,0x25c3d410084da5cdc0d7b915747512ffafd81b52,BUY,Yes,74594161563120681410942425422244825470573111517564347846134443688695080108751,0xe618be45bbda1e6011ec1d7a03af0de0953f02cccad7bfc0f8dd9506ed36f7f7,0.983,102.29,100.55107000000001,1728050672,Will a Republican win North Dakota Presidential Election?
0x437b140f2409865f7d24d2cd4597173756acd519d3eb5932974f1f758c2b4214,0x786528604c92efe9be1f039e9e8cafe6b1b4f07b,BUY,Yes,74594161563120681410942425422244825470573111517564347846134443688695080108751,0xe618be45bbda1e6011ec1d7a03af0de0953f02cccad7bfc0f8dd9506ed36f7f7,0.983,105.46,103.66717999999999,1728050454,Will a Republican win North Dakota Presidential Election?
0x65b7ccef6f521b349e6b78a0a32c535a776df59d915e88a65ff1bc7f3f9c0773,0x0ca2028c4fdff4f7a6a061abf442e507eccd3741,BUY,Yes,74594161563120681410942425422244825470573111517564347846134443688695080108751,0xe618be45bbda1e6011ec1d7a03af0de0953f02cccad7bfc0f8dd9506ed36f7f7,0.983,105.46,103.66717999999999,1728050294,Will a Republican win North Dakota Presidential Election?
0xaada25e81e7857f384efce55b61ff949d692fc5a570c91cc40b32235e2a2e84d,0x25c3d410084da5cdc0d7b915747512ffafd81b52,BUY,Yes,74594161563120681410942425422244825470573111517564347846134443688695080108751,0xe618be45bbda1e6011ec1d7a03af0de0953f02cccad7bfc0f8dd9506ed36f7f7,0.983,101.29,99.56807,1728050102,Will a Republican win North Dakota Presidential Election?
0x44950dad102e0d94a3a44c470f3c9942f0f56da85443aadd37fb6d7aeeccc300,0x20e596adade18eb462bd963bc0699df779883ea2,BUY,Yes,74594161563120681410942425422244825470573111517564347846134443688695080108751,0xe618be45bbda1e6011ec1d7a03af0de0953f02cccad7bfc0f8dd9506ed36f7f7,0.983,104.75,102.96925,1728049960,Will a Republican win North Dakota Presidential Election?
0x0f4a215969dd18c6d91aa06d86053866c793f23dbbdeb5e75de8b4ad008b0718,0x25c3d410084da5cdc0d7b915747512ffafd81b52,BUY,Yes,74594161563120681410942425422244825470573111517564347846134443688695080108751,0xe618be45bbda1e6011ec1d7a03af0de0953f02cccad7bfc0f8dd9506ed36f7f7,0.983,102.29,100.55107000000001,1728049764,Will a Republican win North Dakota Presidential Election?
0x53d182e81c14517d5a50c6dee3e0e808b484f7d411dc619385e2bf207d9c4cb3,0x0ca2028c4fdff4f7a6a061abf442e507eccd3741,BUY,Yes,74594161563120681410942425422244825470573111517564347846134443688695080108751,0xe618be45bbda1e6011ec1d7a03af0de0953f02cccad7bfc0f8dd9506ed36f7f7,0.983,105.46,103.66717999999999,1728049526,Will a Republican win North Dakota Presidential Election?
0x5c89cf8ff07e140049d62048c4a00b5555ebebd255d56cadd8f7464586c4eca3,0x786528604c92efe9be1f039e9e8cafe6b1b4f07b,BUY,Yes,74594161563120681410942425422244825470573111517564347846134443688695080108751,0xe618be45bbda1e6011ec1d7a03af0de0953f02cccad7bfc0f8dd9506ed36f7f7,0.984,105.75,104.05799999999999,1728049266,Will a Republican win North Dakota Presidential Election?
0x0497c63f9a5cc662e874524d96985f9eae3599b712989d1cccfac7002e5fdd05,0xc2cab5cfbcd153ec39434c4ecfbe95ca8077c93f,SELL,Yes,74594161563120681410942425422244825470573111517564347846134443688695080108751,0xe618be45bbda1e6011ec1d7a03af0de0953f02cccad7bfc0f8dd9506ed36f7f7,0.982,1.01,0.99182,1728032005,Will a Republican win North Dakota Presidential Election?
0xfe2fe0bd82d92f8a4ca4c7e773f6abb714d2dc24b08a27096dfd9e69f9139dad,0x64d82e28673ac8a0bb37b1a9b339a4ff9691114f,SELL,Yes,74594161563120681410942425422244825470573111517564347846134443688695080108751,0xe618be45bbda1e6011ec1d7a03af0de0953f02cccad7bfc0f8dd9506ed36f7f7,0.98,0.43,0.4214,1728020960,Will a Republican win North Dakota Presidential Election?
0x6f8e68895ec99a444614545516768e1d18c1893334d939ced12c0f266100f1f3,0x64d82e28673ac8a0bb37b1a9b339a4ff9691114f,BUY,Yes,74594161563120681410942425422244825470573111517564347846134443688695080108751,0xe618be45bbda1e6011ec1d7a03af0de0953f02cccad7bfc0f8dd9506ed36f7f7,0.9839996339,0.43699,0.429998000017961,1728020876,Will a Republican win North Dakota Presidential Election?
0x4829d4dd6ceb9b801a3ee53040739f34c6982efa21d301baff94a550219136f1,0x09f6cd4a340228f96a7a0114245d24fd6aef52f3,SELL,Yes,74594161563120681410942425422244825470573111517564347846134443688695080108751,0xe618be45bbda1e6011ec1d7a03af0de0953f02cccad7bfc0f8dd9506ed36f7f7,0.98,1.01,0.9898,1727958363,Will a Republican win North Dakota Presidential Election?
0x648c03e7b832a1d243653afa75016435515407f9820d119675aec40391fac956,0xdd73d9c7f981901f6158db8cee30fe87552f545d,BUY,No,64231611882804830712199371941028597288636183956835367215611038106102856620559,0xe618be45bbda1e6011ec1d7a03af0de0953f02cccad7bfc0f8dd9506ed36f7f7,0.0194115769,1030.313,20.000000030569705,1727942033,Will a Republican win North Dakota Presidential Election?
0xfb1f12d21dc9f2bc8525e8071c7fbb3a443c4118d9e491226e62c388131ca327,0xdd73d9c7f981901f6158db8cee30fe87552f545d,BUY,Yes,74594161563120681410942425422244825470573111517564347846134443688695080108751,0xe618be45bbda1e6011ec1d7a03af0de0953f02cccad7bfc0f8dd9506ed36f7f7,0.9839999996,20.325187,19.999983999869922,1727941797,Will a Republican win North Dakota Presidential Election?
0x22c56e92d937df67eba0ebdc3f9291ddcff0085e7a22ecd6fce6e33c0fa4b297,0x6a1550900c70d4f454a5db5fcf80e0c01fdab576,SELL,Yes,74594161563120681410942425422244825470573111517564347846134443688695080108751,0xe618be45bbda1e6011ec1d7a03af0de0953f02cccad7bfc0f8dd9506ed36f7f7,0.981,5,4.905,1727938843,Will a Republican win North Dakota Presidential Election?
0x1277eda039b2089f78aeb8379534794ab12cf112ffe8c49af5b0400284e7f144,0x6a1550900c70d4f454a5db5fcf80e0c01fdab576,BUY,Yes,74594161563120681410942425422244825470573111517564347846134443688695080108751,0xe618be45bbda1e6011ec1d7a03af0de0953f02cccad7bfc0f8dd9506ed36f7f7,0.984,5,4.92,1727938725,Will a Republican win North Dakota Presidential Election?
0x5dcf02a8b86396fa6e33342e9d971721bd9d49be2afc75bbf0f7c9835f4337a9,0xe7c4f26c816483e4d2c78e4997d54ba0c3cc1d87,BUY,Yes,74594161563120681410942425422244825470573111517564347846134443688695080108751,0xe618be45bbda1e6011ec1d7a03af0de0953f02cccad7bfc0f8dd9506ed36f7f7,0.984,1.01625,0.99999,1727917618,Will a Republican win North Dakota Presidential Election?
0xca232fcd61eb01bf24311d70e78903996e428fcc12f587c7603183dd0bb43120,0xe7c4f26c816483e4d2c78e4997d54ba0c3cc1d87,BUY,Yes,74594161563120681410942425422244825470573111517564347846134443688695080108751,0xe618be45bbda1e6011ec1d7a03af0de0953f02cccad7bfc0f8dd9506ed36f7f7,0.984,1.01625,0.99999,1727917452,Will a Republican win North Dakota Presidential Election?
0xe67048c2010a20bbda70aa7567870fde6810603d9ea3dbc4aecce8094d2504dc,0x1ff3e601c71eeace38943e62888a5bb91bc7744b,SELL,Yes,74594161563120681410942425422244825470573111517564347846134443688695080108751,0xe618be45bbda1e6011ec1d7a03af0de0953f02cccad7bfc0f8dd9506ed36f7f7,0.981,0.4,0.3924,1727913639,Will a Republican win North Dakota Presidential Election?
0x74d66fbafbe818a0f9e34acdf7b0eed40b7d9f159d1f7882f8684ce6c344f5a0,0x1ff3e601c71eeace38943e62888a5bb91bc7744b,BUY,Yes,74594161563120681410942425422244825470573111517564347846134443688695080108751,0xe618be45bbda1e6011ec1d7a03af0de0953f02cccad7bfc0f8dd9506ed36f7f7,0.984,0.4065,0.39999599999999996,1727913537,Will a Republican win North Dakota Presidential Election?
0xd73882fc1cace6b41cfac66f1f7a15ec6d07863e9fab66d5a3e80bceec72ee99,0xf0b0ef1d6320c6be896b4c9c54dd74407e7f8cab,SELL,Yes,74594161563120681410942425422244825470573111517564347846134443688695080108751,0xe618be45bbda1e6011ec1d7a03af0de0953f02cccad7bfc0f8dd9506ed36f7f7,0.981,31,30.410999999999998,1727898446,Will a Republican win North Dakota Presidential Election?
0x38b2104af60ad9fcb582294edad54612cb062d5fa74e5d2e4f47f050f80451e9,0xf950adff8f324dd6acb8974e3b6a0a190ce05138,SELL,Yes,74594161563120681410942425422244825470573111517564347846134443688695080108751,0xe618be45bbda1e6011ec1d7a03af0de0953f02cccad7bfc0f8dd9506ed36f7f7,0.9802770684,1014.19,994.187200000596,1727877924,Will a Republican win North Dakota Presidential Election?
0xc167df3fd6f7c88999b3bfdadf4d89d4198f2391a4fe9e3fd41229e8bda658b8,0xf950adff8f324dd6acb8974e3b6a0a190ce05138,BUY,Yes,74594161563120681410942425422244825470573111517564347846134443688695080108751,0xe618be45bbda1e6011ec1d7a03af0de0953f02cccad7bfc0f8dd9506ed36f7f7,0.9849766093,1015.2525,999.9999650333483,1727877916,Will a Republican win North Dakota Presidential Election?
0xb2eb5a039163bec4b62478ca8d0085991eecc853bb7cfabf7ddb34b98dbfd239,0xebe3b65bf55e4520c0857f96bfc7d1529e5468ad,SELL,Yes,74594161563120681410942425422244825470573111517564347846134443688695080108751,0xe618be45bbda1e6011ec1d7a03af0de0953f02cccad7bfc0f8dd9506ed36f7f7,0.98,10.16,9.9568,1727874268,Will a Republican win North Dakota Presidential Election?
0x8e978d0f3cfbf8653378462bdeeaea5b55c934301de47e1d6b87a38851d3ef45,0x5e0ce45a3108d35c7f6e25c307760b8efb2f9ffa,SELL,Yes,74594161563120681410942425422244825470573111517564347846134443688695080108751,0xe618be45bbda1e6011ec1d7a03af0de0953f02cccad7bfc0f8dd9506ed36f7f7,0.98,5.31,5.203799999999999,1727860048,Will a Republican win North Dakota Presidential Election?
0x8c56cafe817fc6b8d3ea4780e900b922da8988e13bf5a645e43e23013eba854a,0x5e0ce45a3108d35c7f6e25c307760b8efb2f9ffa,BUY,Yes,74594161563120681410942425422244825470573111517564347846134443688695080108751,0xe618be45bbda1e6011ec1d7a03af0de0953f02cccad7bfc0f8dd9506ed36f7f7,0.984,5.31,5.22504,1727859840,Will a Republican win North Dakota Presidential Election?
0x2dcc17f49f1ccaec9d9f52373e9c0d9b458421cee4bffc49dd14effcf03fce0a,0x43bf953e4040294d92900dc209ef1ed4d480e316,SELL,Yes,74594161563120681410942425422244825470573111517564347846134443688695080108751,0xe618be45bbda1e6011ec1d7a03af0de0953f02cccad7bfc0f8dd9506ed36f7f7,0.98,6.19,6.0662,1727845785,Will a Republican win North Dakota Presidential Election?
0xdf3100adc98d554762aa701f8c7be519c8ce9b463e656584e59cfa507f17fcc7,0xf0b0ef1d6320c6be896b4c9c54dd74407e7f8cab,SELL,No,64231611882804830712199371941028597288636183956835367215611038106102856620559,0xe618be45bbda1e6011ec1d7a03af0de0953f02cccad7bfc0f8dd9506ed36f7f7,0.015,0.01,0.00015,1727833764,Will a Republican win North Dakota Presidential Election?
0xca7fd25694c9f35b7001c654cd1a8b0fbfab936368cd44ae3c5c3d3397f9e912,0xf0b0ef1d6320c6be896b4c9c54dd74407e7f8cab,SELL,No,64231611882804830712199371941028597288636183956835367215611038106102856620559,0xe618be45bbda1e6011ec1d7a03af0de0953f02cccad7bfc0f8dd9506ed36f7f7,0.016,0.93,0.01488,1727833224,Will a Republican win North Dakota Presidential Election?
0x1fc0e6f2402fdef5dd83b45824d627ba71fb5ca8412bee673586a1545dd5217d,0x76ece477e5b9223d1921b2a45edf4b70834c69ac,BUY,Yes,74594161563120681410942425422244825470573111517564347846134443688695080108751,0xe618be45bbda1e6011ec1d7a03af0de0953f02cccad7bfc0f8dd9506ed36f7f7,0.9839999914,0.934937,0.9199779999595419,1727832916,Will a Republican win North Dakota Presidential Election?
0x8fc7d0c495d80888e53a9d267109649beed36b62cad75022b2c15fd80b5b7c8e,0x99261c75001ca925bc3913658aabe8cf3c0577d8,SELL,Yes,74594161563120681410942425422244825470573111517564347846134443688695080108751,0xe618be45bbda1e6011ec1d7a03af0de0953f02cccad7bfc0f8dd9506ed36f7f7,0.9800571992,10.14,9.937779999888,1727791276,Will a Republican win North Dakota Presidential Election?
0x24f977e112aeb6d10f8266c5d9e37a45fe604c7ba46beabbc120fc3bd5b28807,0x61d18f6628bcd29e908f0e7995971fdc1d48e1dc,SELL,Yes,74594161563120681410942425422244825470573111517564347846134443688695080108751,0xe618be45bbda1e6011ec1d7a03af0de0953f02cccad7bfc0f8dd9506ed36f7f7,0.981,30.42,29.84202,1727786284,Will a Republican win North Dakota Presidential Election?
0x5695dea2c1b1ad2baacd3b7a62162be654dfa93a9916fe3a8524c3678baf1528,0xf0b0ef1d6320c6be896b4c9c54dd74407e7f8cab,SELL,No,64231611882804830712199371941028597288636183956835367215611038106102856620559,0xe618be45bbda1e6011ec1d7a03af0de0953f02cccad7bfc0f8dd9506ed36f7f7,0.015503937,10.16,0.15751999992000001,1727702075,Will a Republican win North Dakota Presidential Election?
0x45c8376652f612c31ae3c077b63d043f82daec5865a7a76d1d09530c363f33c3,0xebe3b65bf55e4520c0857f96bfc7d1529e5468ad,BUY,Yes,74594161563120681410942425422244825470573111517564347846134443688695080108751,0xe618be45bbda1e6011ec1d7a03af0de0953f02cccad7bfc0f8dd9506ed36f7f7,0.9839999992,10.162562,9.99996099986995,1727688967,Will a Republican win North Dakota Presidential Election?
0x0a80a23fdb76a816b3b4d86c75889721e14ede1fc9beaef913c5265ad2a7eacf,0xf0b0ef1d6320c6be896b4c9c54dd74407e7f8cab,SELL,No,64231611882804830712199371941028597288636183956835367215611038106102856620559,0xe618be45bbda1e6011ec1d7a03af0de0953f02cccad7bfc0f8dd9506ed36f7f7,0.016,1,0.016,1727684060,Will a Republican win North Dakota Presidential Election?
0xde60fa16287e731d9ae90e52dbad4bca7afc8c02ce135b80fcb2fd0b72ec651a,0xf0b0ef1d6320c6be896b4c9c54dd74407e7f8cab,SELL,Yes,74594161563120681410942425422244825470573111517564347846134443688695080108751,0xe618be45bbda1e6011ec1d7a03af0de0953f02cccad7bfc0f8dd9506ed36f7f7,0.981,1,0.981,1727684058,Will a Republican win North Dakota Presidential Election?
0x471c734fe1b37a8b8a6d34ee4aea92e596b6a6d15275279f99ffc52e079f518f,0x47728bb3253ce096fbd5b0dd4bef3e8207d53cac,SELL,Yes,74594161563120681410942425422244825470573111517564347846134443688695080108751,0xe618be45bbda1e6011ec1d7a03af0de0953f02cccad7bfc0f8dd9506ed36f7f7,0.981,1,0.981,1727683188,Will a Republican win North Dakota Presidential Election?
0xcb1e0950ceb07b60c83899faa5cea35321b03710c31b891e9abc9c9662f011dd,0x47728bb3253ce096fbd5b0dd4bef3e8207d53cac,BUY,Yes,74594161563120681410942425422244825470573111517564347846134443688695080108751,0xe618be45bbda1e6011ec1d7a03af0de0953f02cccad7bfc0f8dd9506ed36f7f7,0.983999992,1.006062,0.989964999951504,1727683014,Will a Republican win North Dakota Presidential Election?
0x5fcb7086fca6e0421809f17a45e9108ea566a252863f2e04890e068a8b8e513c,0xf0b0ef1d6320c6be896b4c9c54dd74407e7f8cab,SELL,Yes,74594161563120681410942425422244825470573111517564347846134443688695080108751,0xe618be45bbda1e6011ec1d7a03af0de0953f02cccad7bfc0f8dd9506ed36f7f7,0.981,0.69,0.6768899999999999,1727680728,Will a Republican win North Dakota Presidential Election?
0x01c7dd8f40bb45db9a3902cd934aff938520e8d3da0e8c75a16929a0de3556e3,0xf0b0ef1d6320c6be896b4c9c54dd74407e7f8cab,SELL,No,64231611882804830712199371941028597288636183956835367215611038106102856620559,0xe618be45bbda1e6011ec1d7a03af0de0953f02cccad7bfc0f8dd9506ed36f7f7,0.016,0.69,0.01104,1727680528,Will a Republican win North Dakota Presidential Election?
0x6f9b00000185051cc23e653829d8936e9a260f5b0a39f8aee9fb97a397e2c688,0x8ecd154bf83155b6342414cd1cd35970b4109902,SELL,Yes,74594161563120681410942425422244825470573111517564347846134443688695080108751,0xe618be45bbda1e6011ec1d7a03af0de0953f02cccad7bfc0f8dd9506ed36f7f7,0.981,0.69,0.6768899999999999,1727680418,Will a Republican win North Dakota Presidential Election?
0x3f1ef4dd5805dc656d1cf99713be325c14a1a2aa459387ba81171a1e33a02a94,0x8ecd154bf83155b6342414cd1cd35970b4109902,BUY,Yes,74594161563120681410942425422244825470573111517564347846134443688695080108751,0xe618be45bbda1e6011ec1d7a03af0de0953f02cccad7bfc0f8dd9506ed36f7f7,0.984,0.691,0.679944,1727680218,Will a Republican win North Dakota Presidential Election?
0xe3e9540e7371b531a3af9b760e83550f7b081d9ef2c723d8c7dcbb9f0dc94014,0xf0b0ef1d6320c6be896b4c9c54dd74407e7f8cab,SELL,No,64231611882804830712199371941028597288636183956835367215611038106102856620559,0xe618be45bbda1e6011ec1d7a03af0de0953f02cccad7bfc0f8dd9506ed36f7f7,0.015,5.13,0.07694999999999999,1727679434,Will a Republican win North Dakota Presidential Election?
0x03cfd24f034ac1ce9979895659a0b0654ee681baa0eb2536a56bd2ab27337437,0xe023e59617c508ce71955c42477174cf2d46108f,SELL,Yes,74594161563120681410942425422244825470573111517564347846134443688695080108751,0xe618be45bbda1e6011ec1d7a03af0de0953f02cccad7bfc0f8dd9506ed36f7f7,0.981,7.52,7.37712,1727677008,Will a Republican win North Dakota Presidential Election?
0x99532ac75460cf13bdb9851c0dac6099ae22ecb158c3702866a124594e25a431,0xc034edd0852c8c6adf0e2dfac12dbfa393689106,SELL,Yes,74594161563120681410942425422244825470573111517564347846134443688695080108751,0xe618be45bbda1e6011ec1d7a03af0de0953f02cccad7bfc0f8dd9506ed36f7f7,0.981,5.13,5.0325299999999995,1727674712,Will a Republican win North Dakota Presidential Election?
0x609a42f5aeefb4be72b8b744da7d1f1602fecaf9c10fbba8c35b037a75a8b6a1,0xc034edd0852c8c6adf0e2dfac12dbfa393689106,BUY,Yes,74594161563120681410942425422244825470573111517564347846134443688695080108751,0xe618be45bbda1e6011ec1d7a03af0de0953f02cccad7bfc0f8dd9506ed36f7f7,0.984,5.13,5.0479199999999995,1727674370,Will a Republican win North Dakota Presidential Election?
0xc330dd2df78d571b645de344f497372a2fbbf0b007dce09f7dc134921f1bac93,0x6ba7e8bc5482c741cf6f18dc80f27a6b744ca18b,BUY,Yes,74594161563120681410942425422244825470573111517564347846134443688695080108751,0xe618be45bbda1e6011ec1d7a03af0de0953f02cccad7bfc0f8dd9506ed36f7f7,0.9849995066,0.020266,0.0199620000007556,1727555750,Will a Republican win North Dakota Presidential Election?
0x051a7d143c1bca9313cd60f2e76fec922452318da20a665998e965e2f95dc398,0xd2a6722b46618327ebbbad0a7e99fca2abf1a2fe,SELL,Yes,74594161563120681410942425422244825470573111517564347846134443688695080108751,0xe618be45bbda1e6011ec1d7a03af0de0953f02cccad7bfc0f8dd9506ed36f7f7,0.98,0.15,0.147,1727544682,Will a Republican win North Dakota Presidential Election?
0xf682d3a9a63c427781d990a8383ee50b380324ff0be7d34d092e8964ec71615f,0xd2a6722b46618327ebbbad0a7e99fca2abf1a2fe,BUY,Yes,74594161563120681410942425422244825470573111517564347846134443688695080108751,0xe618be45bbda1e6011ec1d7a03af0de0953f02cccad7bfc0f8dd9506ed36f7f7,0.9849999343,0.152266,0.1499819999961238,1727544508,Will a Republican win North Dakota Presidential Election?
0x1fe89193206e86b40f84d2d7bcde88631e57c2e0fa29860ca9d0508d67025916,0x5d9c7640d6c517dad1f1eff8376ee75f545235e7,SELL,Yes,74594161563120681410942425422244825470573111517564347846134443688695080108751,0xe618be45bbda1e6011ec1d7a03af0de0953f02cccad7bfc0f8dd9506ed36f7f7,0.98,0.16,0.1568,1727542654,Will a Republican win North Dakota Presidential Election?
0x12504f81c7c8449f4c404b17cd4d8fb5f8c7bbf9bc4e4a75cf69f0c2457711e9,0x5d9c7640d6c517dad1f1eff8376ee75f545235e7,BUY,Yes,74594161563120681410942425422244825470573111517564347846134443688695080108751,0xe618be45bbda1e6011ec1d7a03af0de0953f02cccad7bfc0f8dd9506ed36f7f7,0.985,0.1624,0.159964,1727542464,Will a Republican win North Dakota Presidential Election?
0x9539e6a4c8a8286de3d6a9d8f179b532bfbc7e427981b158c574316334b29a86,0x6a41602dca3f275ca10638c99b1cce5829807cf8,SELL,Yes,74594161563120681410942425422244825470573111517564347846134443688695080108751,0xe618be45bbda1e6011ec1d7a03af0de0953f02cccad7bfc0f8dd9506ed36f7f7,0.98,5,4.9,1727537522,Will a Republican win North Dakota Presidential Election?
0x6e6bbe304713feeb094b707b6c6e5bc970b07c772cb9c817be9b413cb72633ef,0x6a41602dca3f275ca10638c99b1cce5829807cf8,BUY,Yes,74594161563120681410942425422244825470573111517564347846134443688695080108751,0xe618be45bbda1e6011ec1d7a03af0de0953f02cccad7bfc0f8dd9506ed36f7f7,0.985,5,4.925,1727537350,Will a Republican win North Dakota Presidential Election?
0x0a93663986844db04bac86de65b79ac9f41981ebbe3af07731013af88e008c74,0xa0abd4b53cc8e9f6328cbf204bd8fce07fc4baf4,BUY,No,64231611882804830712199371941028597288636183956835367215611038106102856620559,0xe618be45bbda1e6011ec1d7a03af0de0953f02cccad7bfc0f8dd9506ed36f7f7,0.015,1565.94,23.4891,1727486905,Will a Republican win North Dakota Presidential Election?
0xbcdb1ed22d1aa534322f2987704504cee099d8f4917a51978ca8acea6bf36736,0x99261c75001ca925bc3913658aabe8cf3c0577d8,BUY,Yes,74594161563120681410942425422244825470573111517564347846134443688695080108751,0xe618be45bbda1e6011ec1d7a03af0de0953f02cccad7bfc0f8dd9506ed36f7f7,0.9859999992,10.141928,9.999940999886459,1727450969,Will a Republican win North Dakota Presidential Election?
0xc4ca5276419d7d2d6301b4324f2d71f58a38ffd0bac5c16f80040e0f1c971b80,0x61d18f6628bcd29e908f0e7995971fdc1d48e1dc,BUY,Yes,74594161563120681410942425422244825470573111517564347846134443688695080108751,0xe618be45bbda1e6011ec1d7a03af0de0953f02cccad7bfc0f8dd9506ed36f7f7,0.9859999997,30.425928,29.99996499887222,1727430571,Will a Republican win North Dakota Presidential Election?
0x5497af72f0dd7b5442b5f1f6b33c545fb5c72208b55f98f58220dcc27ca2f02c,0x883c20797771432949a95268f7c4088ee5bb3105,SELL,Yes,74594161563120681410942425422244825470573111517564347846134443688695080108751,0xe618be45bbda1e6011ec1d7a03af0de0953f02cccad7bfc0f8dd9506ed36f7f7,0.985,5.5,5.4174999999999995,1727419810,Will a Republican win North Dakota Presidential Election?
0xb3c64a7f737e40493240e0ea06ddd43be8b9331f3b6eb90121d0174f21b32225,0x883c20797771432949a95268f7c4088ee5bb3105,BUY,Yes,74594161563120681410942425422244825470573111517564347846134443688695080108751,0xe618be45bbda1e6011ec1d7a03af0de0953f02cccad7bfc0f8dd9506ed36f7f7,0.986,5.5,5.423,1727419633,Will a Republican win North Dakota Presidential Election?
0xa144036486599eb8dec93d06fb5f71fa6f262e942dcff4f5c4c6f32314360377,0x6356fb47642a028bc09df92023c35a21a0b41885,SELL,No,64231611882804830712199371941028597288636183956835367215611038106102856620559,0xe618be45bbda1e6011ec1d7a03af0de0953f02cccad7bfc0f8dd9506ed36f7f7,0.0163518051,1122.07,18.347869948556998,1727381451,Will a Republican win North Dakota Presidential Election?
0x63782e667a586e7b46ceb20ae781f5be6d588cf0aed0d4b9c23dfb7ea33b28f5,0x1393ad3e89cd51ce6a21d516a2db0c0a29b1dd04,BUY,Yes,74594161563120681410942425422244825470573111517564347846134443688695080108751,0xe618be45bbda1e6011ec1d7a03af0de0953f02cccad7bfc0f8dd9506ed36f7f7,0.9829999977,7.080352,6.959985999715191,1727358944,Will a Republican win North Dakota Presidential Election?
0xbab658692ce11488d3a2f2ae526ab787a86a818e99d177795f20c6edf4a9bd06,0xf6d1707e131165f3bb9cd91a762f6a09cdd915bb,SELL,Yes,74594161563120681410942425422244825470573111517564347846134443688695080108751,0xe618be45bbda1e6011ec1d7a03af0de0953f02cccad7bfc0f8dd9506ed36f7f7,0.98,6,5.88,1727274964,Will a Republican win North Dakota Presidential Election?
0xaf1002c3905e217145d82c1d274426cba6947f2d14199f31e9f1f8b51fe51689,0xf6d1707e131165f3bb9cd91a762f6a09cdd915bb,BUY,Yes,74594161563120681410942425422244825470573111517564347846134443688695080108751,0xe618be45bbda1e6011ec1d7a03af0de0953f02cccad7bfc0f8dd9506ed36f7f7,0.983,6,5.898,1727274848,Will a Republican win North Dakota Presidential Election?
0x1d5ae179b8ba572d4bb187c0816a139419e86169a1b33df3264522dc2691e039,0xe54cd7d83b14f0e37e6d97fa2c3890d5c58c377e,BUY,Yes,74594161563120681410942425422244825470573111517564347846134443688695080108751,0xe618be45bbda1e6011ec1d7a03af0de0953f02cccad7bfc0f8dd9506ed36f7f7,0.9829999994,10.172882,9.999942999896271,1727272910,Will a Republican win North Dakota Presidential Election?
0x5eba7d9279c6e775a0a87a3154026ae364e38966e1023a03ae536815189a9485,0x0e4f6c8e6e1b72b2eb1b56b39513379e81f8a805,BUY,Yes,74594161563120681410942425422244825470573111517564347846134443688695080108751,0xe618be45bbda1e6011ec1d7a03af0de0953f02cccad7bfc0f8dd9506ed36f7f7,0.9829999987,9.908411,9.739968000119065,1727270206,Will a Republican win North Dakota Presidential Election?
0x27314fb479b59603de8f8c283c02946dd8933ca993767720c58cc58ff05f0993,0x6b7ed87f43535da8fae8c8dfb5c3e595844d10ed,SELL,Yes,74594161563120681410942425422244825470573111517564347846134443688695080108751,0xe618be45bbda1e6011ec1d7a03af0de0953f02cccad7bfc0f8dd9506ed36f7f7,0.98,5.08,4.9784,1727254057,Will a Republican win North Dakota Presidential Election?
0x0fb1bd053f27118a408d82e0ea6eb606383ac000303f495c71b8cdcc71354d72,0x6b7ed87f43535da8fae8c8dfb5c3e595844d10ed,BUY,Yes,74594161563120681410942425422244825470573111517564347846134443688695080108751,0xe618be45bbda1e6011ec1d7a03af0de0953f02cccad7bfc0f8dd9506ed36f7f7,0.9829999974,5.086411,4.999941999775332,1727254013,Will a Republican win North Dakota Presidential Election?
0x31472b6e56855e627fb6c9ed9093b4031a2289721e1f8965b254c95a05d6102d,0xb2ee79c9f0bec84d47213d293e64d6f7eec42f00,BUY,Yes,74594161563120681410942425422244825470573111517564347846134443688695080108751,0xe618be45bbda1e6011ec1d7a03af0de0953f02cccad7bfc0f8dd9506ed36f7f7,0.9829999994,10.172882,9.999942999896271,1727182868,Will a Republican win North Dakota Presidential Election?
0x857a7760d91913d5302870b8e38639b500d3e7fff73a2dddcc6ebf061695a3af,0xca48ed3cb56ab4a2fe6437070444f1db7dbea506,SELL,Yes,74594161563120681410942425422244825470573111517564347846134443688695080108751,0xe618be45bbda1e6011ec1d7a03af0de0953f02cccad7bfc0f8dd9506ed36f7f7,0.98,0.39,0.3822,1727160237,Will a Republican win North Dakota Presidential Election?
0x16ad1e878b522301a32d80ca7bfff28e6d6d2082356a56075484bc567355d00f,0xca48ed3cb56ab4a2fe6437070444f1db7dbea506,BUY,Yes,74594161563120681410942425422244825470573111517564347846134443688695080108751,0xe618be45bbda1e6011ec1d7a03af0de0953f02cccad7bfc0f8dd9506ed36f7f7,0.9829999622,0.396705,0.389961000004551,1727160053,Will a Republican win North Dakota Presidential Election?
0xf1a80e6210f3e38177e3fdc693c375d5e2bee900aa81590b9fd80a6e337f50c1,0xc99bc3d7f60786b1b5cb4b4301d3ee6a5da21448,SELL,Yes,74594161563120681410942425422244825470573111517564347846134443688695080108751,0xe618be45bbda1e6011ec1d7a03af0de0953f02cccad7bfc0f8dd9506ed36f7f7,0.98,7.68,7.5264,1727105338,Will a Republican win North Dakota Presidential Election?
0x2073d55bea7bdb27c12031ec75a5afa93cf49dfb9112fdce0912475f7502e4da,0xf4bd86eca81b142b0a67997c636ec2f3f889547e,SELL,Yes,74594161563120681410942425422244825470573111517564347846134443688695080108751,0xe618be45bbda1e6011ec1d7a03af0de0953f02cccad7bfc0f8dd9506ed36f7f7,0.98,14.19,13.9062,1727105198,Will a Republican win North Dakota Presidential Election?
0x85949629983908746d8940857f963fa53fe204012b7ddc1ae660a0c9aa0ffecc,0xc99bc3d7f60786b1b5cb4b4301d3ee6a5da21448,BUY,Yes,74594161563120681410942425422244825470573111517564347846134443688695080108751,0xe618be45bbda1e6011ec1d7a03af0de0953f02cccad7bfc0f8dd9506ed36f7f7,0.982,6,5.8919999999999995,1727105130,Will a Republican win North Dakota Presidential Election?
0xbb50175f7014b92d44468adb6699a2ffae40717e567c2e825d91594c183344e7,0xc99bc3d7f60786b1b5cb4b4301d3ee6a5da21448,SELL,Yes,74594161563120681410942425422244825470573111517564347846134443688695080108751,0xe618be45bbda1e6011ec1d7a03af0de0953f02cccad7bfc0f8dd9506ed36f7f7,0.981,83.32,81.73692,1727105071,Will a Republican win North Dakota Presidential Election?
0x019847603221e35a59adc910fb401fb1cd3881e33f79416ff24f2e44254defb0,0xc99bc3d7f60786b1b5cb4b4301d3ee6a5da21448,BUY,Yes,74594161563120681410942425422244825470573111517564347846134443688695080108751,0xe618be45bbda1e6011ec1d7a03af0de0953f02cccad7bfc0f8dd9506ed36f7f7,0.982,85,83.47,1727104895,Will a Republican win North Dakota Presidential Election?
0xffc46d2d99df1accf6c734965ef93de2c53323f3d0b8ede4df292d8a3559a6b9,0xf4bd86eca81b142b0a67997c636ec2f3f889547e,BUY,Yes,74594161563120681410942425422244825470573111517564347846134443688695080108751,0xe618be45bbda1e6011ec1d7a03af0de0953f02cccad7bfc0f8dd9506ed36f7f7,0.982,105.19,103.29657999999999,1727104667,Will a Republican win North Dakota Presidential Election?
0x0f9fbfa150680f2faaa0192717e00de238a47b6381afa161ef96d60d5af9c4b4,0xc99bc3d7f60786b1b5cb4b4301d3ee6a5da21448,BUY,Yes,74594161563120681410942425422244825470573111517564347846134443688695080108751,0xe618be45bbda1e6011ec1d7a03af0de0953f02cccad7bfc0f8dd9506ed36f7f7,0.982,103.62,101.75484,1727104625,Will a Republican win North Dakota Presidential Election?
0x05ac5e50cf059e7bfd99fb41d5fad6ba259caa87c682471396ab2905b53ce061,0xced98ccc07d9ea8af829ba2e980d6210ddd1250c,BUY,Yes,74594161563120681410942425422244825470573111517564347846134443688695080108751,0xe618be45bbda1e6011ec1d7a03af0de0953f02cccad7bfc0f8dd9506ed36f7f7,0.982,105.19,103.29657999999999,1727104521,Will a Republican win North Dakota Presidential Election?
0x2c8fed9c21c86db42d3cabd5265f6438c4b817a2aa0a176a9d9cabcfb1eb4e0f,0xc99bc3d7f60786b1b5cb4b4301d3ee6a5da21448,BUY,Yes,74594161563120681410942425422244825470573111517564347846134443688695080108751,0xe618be45bbda1e6011ec1d7a03af0de0953f02cccad7bfc0f8dd9506ed36f7f7,0.982,103.62,101.75484,1727104359,Will a Republican win North Dakota Presidential Election?
0x2f0e8fe4e1c3c28efbabb1068947ded343cb4d9d7c7a663d88d7325142398370,0xf4bd86eca81b142b0a67997c636ec2f3f889547e,BUY,Yes,74594161563120681410942425422244825470573111517564347846134443688695080108751,0xe618be45bbda1e6011ec1d7a03af0de0953f02cccad7bfc0f8dd9506ed36f7f7,0.982,105.19,103.29657999999999,1727104229,Will a Republican win North Dakota Presidential Election?
0x7e3d71281047d79240e6a0c9a8536ff753227d8818fed973a95f3ba0e9c40cf1,0xced98ccc07d9ea8af829ba2e980d6210ddd1250c,BUY,Yes,74594161563120681410942425422244825470573111517564347846134443688695080108751,0xe618be45bbda1e6011ec1d7a03af0de0953f02cccad7bfc0f8dd9506ed36f7f7,0.982,103.62,101.75484,1727104077,Will a Republican win North Dakota Presidential Election?
0x9f4d330692c6ae99f5a44e6fc71cdea4c9399426d870b9e11444f3b489f7cba3,0xc99bc3d7f60786b1b5cb4b4301d3ee6a5da21448,BUY,Yes,74594161563120681410942425422244825470573111517564347846134443688695080108751,0xe618be45bbda1e6011ec1d7a03af0de0953f02cccad7bfc0f8dd9506ed36f7f7,0.982,103.62,101.75484,1727103975,Will a Republican win North Dakota Presidential Election?
0x46e9488cc312ac0d05dd2caa63ba832ea0de87c472afbeb17cdb234cfba7d8db,0xced98ccc07d9ea8af829ba2e980d6210ddd1250c,BUY,Yes,74594161563120681410942425422244825470573111517564347846134443688695080108751,0xe618be45bbda1e6011ec1d7a03af0de0953f02cccad7bfc0f8dd9506ed36f7f7,0.982,105.19,103.29657999999999,1727103833,Will a Republican win North Dakota Presidential Election?
0x60f817eddc7c0aee8620481b14ddcb386a2b00770484b9c39981b73a024ff30e,0xf4bd86eca81b142b0a67997c636ec2f3f889547e,BUY,Yes,74594161563120681410942425422244825470573111517564347846134443688695080108751,0xe618be45bbda1e6011ec1d7a03af0de0953f02cccad7bfc0f8dd9506ed36f7f7,0.982,105.19,103.29657999999999,1727103647,Will a Republican win North Dakota Presidential Election?
0x95588b96483d7f5a8280c7033f5c7bf2ebb05ad7a95d531467371fccf5db58e0,0xced98ccc07d9ea8af829ba2e980d6210ddd1250c,BUY,Yes,74594161563120681410942425422244825470573111517564347846134443688695080108751,0xe618be45bbda1e6011ec1d7a03af0de0953f02cccad7bfc0f8dd9506ed36f7f7,0.982,103.62,101.75484,1727103533,Will a Republican win North Dakota Presidential Election?
0x8105e73db0d59fd2a56bb5c0ded048f23ee831cc7c07aa298102d9c0dead6031,0xc99bc3d7f60786b1b5cb4b4301d3ee6a5da21448,BUY,Yes,74594161563120681410942425422244825470573111517564347846134443688695080108751,0xe618be45bbda1e6011ec1d7a03af0de0953f02cccad7bfc0f8dd9506ed36f7f7,0.982,103.62,101.75484,1727103405,Will a Republican win North Dakota Presidential Election?
0xf857b0231c6cad8951680ee7f3be6836d186f31d76b496feaea0a2ff1980feb8,0xced98ccc07d9ea8af829ba2e980d6210ddd1250c,BUY,Yes,74594161563120681410942425422244825470573111517564347846134443688695080108751,0xe618be45bbda1e6011ec1d7a03af0de0953f02cccad7bfc0f8dd9506ed36f7f7,0.982,105.19,103.29657999999999,1727103295,Will a Republican win North Dakota Presidential Election?
0xf28815ec30429571310ddc29598198925f6247948dcce09abee82d832d4a7797,0xf4bd86eca81b142b0a67997c636ec2f3f889547e,BUY,Yes,74594161563120681410942425422244825470573111517564347846134443688695080108751,0xe618be45bbda1e6011ec1d7a03af0de0953f02cccad7bfc0f8dd9506ed36f7f7,0.982,105.19,103.29657999999999,1727103199,Will a Republican win North Dakota Presidential Election?
0x02bb637d7c41ef48a9a777b46be19919b53cc4708674e3ccc1a426c86e45c886,0xb3eb521c6bbab85aa8e24eb4bd8b38ad07145bd3,BUY,Yes,74594161563120681410942425422244825470573111517564347846134443688695080108751,0xe618be45bbda1e6011ec1d7a03af0de0953f02cccad7bfc0f8dd9506ed36f7f7,0.982,105.19,103.29657999999999,1727103105,Will a Republican win North Dakota Presidential Election?
0xffc835f8d5d3aa3adb7c9d0b5963d56236fb65a2bbc7788aa900454692822649,0xc99bc3d7f60786b1b5cb4b4301d3ee6a5da21448,BUY,Yes,74594161563120681410942425422244825470573111517564347846134443688695080108751,0xe618be45bbda1e6011ec1d7a03af0de0953f02cccad7bfc0f8dd9506ed36f7f7,0.982,103.62,101.75484,1727102989,Will a Republican win North Dakota Presidential Election?
0x8c9e5858cb611458cacb4952e58575a89ec4372c159531fc9499be4f7f835127,0xf4bd86eca81b142b0a67997c636ec2f3f889547e,BUY,Yes,74594161563120681410942425422244825470573111517564347846134443688695080108751,0xe618be45bbda1e6011ec1d7a03af0de0953f02cccad7bfc0f8dd9506ed36f7f7,0.982,105.19,103.29657999999999,1727102735,Will a Republican win North Dakota Presidential Election?
0x8832d22d17fd80e7b063e45aa19a0f777be9c416330d78c4175465dacb3010fe,0xced98ccc07d9ea8af829ba2e980d6210ddd1250c,BUY,Yes,74594161563120681410942425422244825470573111517564347846134443688695080108751,0xe618be45bbda1e6011ec1d7a03af0de0953f02cccad7bfc0f8dd9506ed36f7f7,0.982,105.19,103.29657999999999,1727102671,Will a Republican win North Dakota Presidential Election?
0xcaf1c8605f44610112936ea2d8fb9084ba6f7b5a77c18fbbe14ada9a58910204,0xb3eb521c6bbab85aa8e24eb4bd8b38ad07145bd3,BUY,Yes,74594161563120681410942425422244825470573111517564347846134443688695080108751,0xe618be45bbda1e6011ec1d7a03af0de0953f02cccad7bfc0f8dd9506ed36f7f7,0.982,105.19,103.29657999999999,1727102567,Will a Republican win North Dakota Presidential Election?
0xe284cfb3ecdfbfa111295234815d1e3b175a64a5373121080aa29a911f4f1cc8,0xf4bd86eca81b142b0a67997c636ec2f3f889547e,BUY,Yes,74594161563120681410942425422244825470573111517564347846134443688695080108751,0xe618be45bbda1e6011ec1d7a03af0de0953f02cccad7bfc0f8dd9506ed36f7f7,0.982,105.19,103.29657999999999,1727102329,Will a Republican win North Dakota Presidential Election?
0x85d5f15ab922d37faa5294f9539c3a04ea0bf0fa4a3ccf12948b9476236498c5,0xc99bc3d7f60786b1b5cb4b4301d3ee6a5da21448,BUY,Yes,74594161563120681410942425422244825470573111517564347846134443688695080108751,0xe618be45bbda1e6011ec1d7a03af0de0953f02cccad7bfc0f8dd9506ed36f7f7,0.982,103.62,101.75484,1727102251,Will a Republican win North Dakota Presidential Election?
0x22859adc704873c025c8300f032595e7f209d454cebec7a4cc62996d3f061e01,0xced98ccc07d9ea8af829ba2e980d6210ddd1250c,BUY,Yes,74594161563120681410942425422244825470573111517564347846134443688695080108751,0xe618be45bbda1e6011ec1d7a03af0de0953f02cccad7bfc0f8dd9506ed36f7f7,0.982,105.19,103.29657999999999,1727102085,Will a Republican win North Dakota Presidential Election?
0xa416194be7c717735d53cae05a1e83ff9ab75c0c1d1678adee5e69daeade83e6,0xf4bd86eca81b142b0a67997c636ec2f3f889547e,BUY,Yes,74594161563120681410942425422244825470573111517564347846134443688695080108751,0xe618be45bbda1e6011ec1d7a03af0de0953f02cccad7bfc0f8dd9506ed36f7f7,0.982,105.19,103.29657999999999,1727101997,Will a Republican win North Dakota Presidential Election?
0xa834bcbee21b6e3b6e832f96475d6b6775851c50ae873bb1295eea146169682e,0xb3eb521c6bbab85aa8e24eb4bd8b38ad07145bd3,BUY,Yes,74594161563120681410942425422244825470573111517564347846134443688695080108751,0xe618be45bbda1e6011ec1d7a03af0de0953f02cccad7bfc0f8dd9506ed36f7f7,0.982,105.19,103.29657999999999,1727101823,Will a Republican win North Dakota Presidential Election?
0x98cfe595866ebf8db63e0f7fda1869f1903d47da16fbd939500c8e94c6df64e1,0xf4bd86eca81b142b0a67997c636ec2f3f889547e,BUY,Yes,74594161563120681410942425422244825470573111517564347846134443688695080108751,0xe618be45bbda1e6011ec1d7a03af0de0953f02cccad7bfc0f8dd9506ed36f7f7,0.982,105.19,103.29657999999999,1727101607,Will a Republican win North Dakota Presidential Election?
0xe0a88d2adb5a08d5b5501a2f3aca667de9b5ecce1152656fb756ac3131616aad,0xced98ccc07d9ea8af829ba2e980d6210ddd1250c,BUY,Yes,74594161563120681410942425422244825470573111517564347846134443688695080108751,0xe618be45bbda1e6011ec1d7a03af0de0953f02cccad7bfc0f8dd9506ed36f7f7,0.982,105.19,103.29657999999999,1727101513,Will a Republican win North Dakota Presidential Election?
0x52576409ef13af88b2af1a7908e5473eef09c089f8a20ff5c3a2ea681f58f469,0xc99bc3d7f60786b1b5cb4b4301d3ee6a5da21448,BUY,Yes,74594161563120681410942425422244825470573111517564347846134443688695080108751,0xe618be45bbda1e6011ec1d7a03af0de0953f02cccad7bfc0f8dd9506ed36f7f7,0.982,103.62,101.75484,1727101425,Will a Republican win North Dakota Presidential Election?
0x5a020f97250eba3cf8b33e339ee30821bdbc8d3b35007558fb19194545bcaba4,0xb3eb521c6bbab85aa8e24eb4bd8b38ad07145bd3,BUY,Yes,74594161563120681410942425422244825470573111517564347846134443688695080108751,0xe618be45bbda1e6011ec1d7a03af0de0953f02cccad7bfc0f8dd9506ed36f7f7,0.982,105.19,103.29657999999999,1727101385,Will a Republican win North Dakota Presidential Election?
0xcd8a4d33379ea2f273286937998ab392ee450481814e648985eb8239fa12fadb,0xced98ccc07d9ea8af829ba2e980d6210ddd1250c,BUY,Yes,74594161563120681410942425422244825470573111517564347846134443688695080108751,0xe618be45bbda1e6011ec1d7a03af0de0953f02cccad7bfc0f8dd9506ed36f7f7,0.982,105.19,103.29657999999999,1727101191,Will a Republican win North Dakota Presidential Election?
0x450a7850e31da5abbd124ed39c34f616f7254552def4f277d9b2a371c5c95041,0xf4bd86eca81b142b0a67997c636ec2f3f889547e,BUY,Yes,74594161563120681410942425422244825470573111517564347846134443688695080108751,0xe618be45bbda1e6011ec1d7a03af0de0953f02cccad7bfc0f8dd9506ed36f7f7,0.982,105.19,103.29657999999999,1727101031,Will a Republican win North Dakota Presidential Election?
0x2fd251f997a5f1c7e35d9f676dc440f9e8aa99572adc6d9fae80e40ded4e232b,0xced98ccc07d9ea8af829ba2e980d6210ddd1250c,BUY,Yes,74594161563120681410942425422244825470573111517564347846134443688695080108751,0xe618be45bbda1e6011ec1d7a03af0de0953f02cccad7bfc0f8dd9506ed36f7f7,0.982,105.19,103.29657999999999,1727100971,Will a Republican win North Dakota Presidential Election?
0x770326ca743c343e7ca6121b53c744c3283867c986b4873dd81ffa0a15ec8e3c,0xb3eb521c6bbab85aa8e24eb4bd8b38ad07145bd3,BUY,Yes,74594161563120681410942425422244825470573111517564347846134443688695080108751,0xe618be45bbda1e6011ec1d7a03af0de0953f02cccad7bfc0f8dd9506ed36f7f7,0.982,105.19,103.29657999999999,1727100895,Will a Republican win North Dakota Presidential Election?
0x47ec40e706dfb6ecf0e41a9a5410fae7010ca0f3207a1694c1f62f38f48160b6,0xc99bc3d7f60786b1b5cb4b4301d3ee6a5da21448,BUY,Yes,74594161563120681410942425422244825470573111517564347846134443688695080108751,0xe618be45bbda1e6011ec1d7a03af0de0953f02cccad7bfc0f8dd9506ed36f7f7,0.982,103.62,101.75484,1727100803,Will a Republican win North Dakota Presidential Election?
0xd3dd9dcc69f9f6e912a18be00379a63c69f4abd2ed3e3f8eb3f56e7cc37c7b8b,0xf4bd86eca81b142b0a67997c636ec2f3f889547e,BUY,Yes,74594161563120681410942425422244825470573111517564347846134443688695080108751,0xe618be45bbda1e6011ec1d7a03af0de0953f02cccad7bfc0f8dd9506ed36f7f7,0.982,105.19,103.29657999999999,1727100639,Will a Republican win North Dakota Presidential Election?
0xbc4ce4f0bbd6634a549c577a6685fd276ac9ddc6d00a11bb1ec846ac3e32b73b,0xb3eb521c6bbab85aa8e24eb4bd8b38ad07145bd3,BUY,Yes,74594161563120681410942425422244825470573111517564347846134443688695080108751,0xe618be45bbda1e6011ec1d7a03af0de0953f02cccad7bfc0f8dd9506ed36f7f7,0.982,105.19,103.29657999999999,1727100559,Will a Republican win North Dakota Presidential Election?
0xef0a3f6fe9dca3daf8df93fbb719f1204148d8bcd14f0a63337e4d3fea356a97,0xced98ccc07d9ea8af829ba2e980d6210ddd1250c,BUY,Yes,74594161563120681410942425422244825470573111517564347846134443688695080108751,0xe618be45bbda1e6011ec1d7a03af0de0953f02cccad7bfc0f8dd9506ed36f7f7,0.982,105.19,103.29657999999999,1727100503,Will a Republican win North Dakota Presidential Election?
0xf7657595819827e770c4e70e86505feb05737427519b318c13f282e72cfb2bee,0xf4bd86eca81b142b0a67997c636ec2f3f889547e,BUY,Yes,74594161563120681410942425422244825470573111517564347846134443688695080108751,0xe618be45bbda1e6011ec1d7a03af0de0953f02cccad7bfc0f8dd9506ed36f7f7,0.982,105.19,103.29657999999999,1727100257,Will a Republican win North Dakota Presidential Election?
0x9fa492f032d7194c46ee9a8312c5543518ea7276befa2ab86f0f6e0e6a9c65ee,0xc99bc3d7f60786b1b5cb4b4301d3ee6a5da21448,BUY,Yes,74594161563120681410942425422244825470573111517564347846134443688695080108751,0xe618be45bbda1e6011ec1d7a03af0de0953f02cccad7bfc0f8dd9506ed36f7f7,0.982,103.62,101.75484,1727100077,Will a Republican win North Dakota Presidential Election?
0xceb66543281bb7f349adb9c9fb08744de0c5fd9818b18c2f743d376cb897e2f7,0xb3eb521c6bbab85aa8e24eb4bd8b38ad07145bd3,BUY,Yes,74594161563120681410942425422244825470573111517564347846134443688695080108751,0xe618be45bbda1e6011ec1d7a03af0de0953f02cccad7bfc0f8dd9506ed36f7f7,0.982,105.19,103.29657999999999,1727099993,Will a Republican win North Dakota Presidential Election?
0x5de5a20c956e1eb7ffc3db1e67d55a2072be7758c8bd3a3325866241517e8137,0xf4bd86eca81b142b0a67997c636ec2f3f889547e,BUY,Yes,74594161563120681410942425422244825470573111517564347846134443688695080108751,0xe618be45bbda1e6011ec1d7a03af0de0953f02cccad7bfc0f8dd9506ed36f7f7,0.982,105.19,103.29657999999999,1727099915,Will a Republican win North Dakota Presidential Election?
0x6b30b0890d5664202570df7bb9c63731af5d1e989a673fb4717489b9e7267fd7,0xc99bc3d7f60786b1b5cb4b4301d3ee6a5da21448,BUY,Yes,74594161563120681410942425422244825470573111517564347846134443688695080108751,0xe618be45bbda1e6011ec1d7a03af0de0953f02cccad7bfc0f8dd9506ed36f7f7,0.982,103.62,101.75484,1727099825,Will a Republican win North Dakota Presidential Election?
0x5d04ef145b77eebf05ef388677c7c1b7da037da6b1ebaca6c0c6fe19cbce4cad,0xb3eb521c6bbab85aa8e24eb4bd8b38ad07145bd3,BUY,Yes,74594161563120681410942425422244825470573111517564347846134443688695080108751,0xe618be45bbda1e6011ec1d7a03af0de0953f02cccad7bfc0f8dd9506ed36f7f7,0.982,105.19,103.29657999999999,1727099675,Will a Republican win North Dakota Presidential Election?
0x72f4278a9c956130438971826ca40e8771b699ba4bb649f9b646f82e00587425,0xf4bd86eca81b142b0a67997c636ec2f3f889547e,BUY,Yes,74594161563120681410942425422244825470573111517564347846134443688695080108751,0xe618be45bbda1e6011ec1d7a03af0de0953f02cccad7bfc0f8dd9506ed36f7f7,0.982,105.19,103.29657999999999,1727099595,Will a Republican win North Dakota Presidential Election?
0x7ea96adad8e671392657135654552c41e0ba56479c197da7553978d3fd9361e7,0xc99bc3d7f60786b1b5cb4b4301d3ee6a5da21448,BUY,Yes,74594161563120681410942425422244825470573111517564347846134443688695080108751,0xe618be45bbda1e6011ec1d7a03af0de0953f02cccad7bfc0f8dd9506ed36f7f7,0.982,103.62,101.75484,1727099523,Will a Republican win North Dakota Presidential Election?
0x782adccf28ae93b8252b6741b7557840935b92c489fdbc555e7b4983cc76f3dc,0xb3eb521c6bbab85aa8e24eb4bd8b38ad07145bd3,BUY,Yes,74594161563120681410942425422244825470573111517564347846134443688695080108751,0xe618be45bbda1e6011ec1d7a03af0de0953f02cccad7bfc0f8dd9506ed36f7f7,0.982,105.19,103.29657999999999,1727099415,Will a Republican win North Dakota Presidential Election?
0x45c834b609415f130d540703dd6e93cad5a5928e57ceb30042300ec6dcd64ca9,0xc99bc3d7f60786b1b5cb4b4301d3ee6a5da21448,BUY,Yes,74594161563120681410942425422244825470573111517564347846134443688695080108751,0xe618be45bbda1e6011ec1d7a03af0de0953f02cccad7bfc0f8dd9506ed36f7f7,0.982,103.62,101.75484,1727099349,Will a Republican win North Dakota Presidential Election?
0xf326e93d89749e783eae3350f8a84bf1e22a30e04af1038c17ef1c419ca0d152,0xf4bd86eca81b142b0a67997c636ec2f3f889547e,BUY,Yes,74594161563120681410942425422244825470573111517564347846134443688695080108751,0xe618be45bbda1e6011ec1d7a03af0de0953f02cccad7bfc0f8dd9506ed36f7f7,0.982,105.19,103.29657999999999,1727099177,Will a Republican win North Dakota Presidential Election?
0xa6965c6e8eefed0ef652dc0ca95149ec2887c3c54752c5eb28bcf6b30d434b50,0xb3eb521c6bbab85aa8e24eb4bd8b38ad07145bd3,BUY,Yes,74594161563120681410942425422244825470573111517564347846134443688695080108751,0xe618be45bbda1e6011ec1d7a03af0de0953f02cccad7bfc0f8dd9506ed36f7f7,0.982,105.19,103.29657999999999,1727098991,Will a Republican win North Dakota Presidential Election?
0xa38b59ffca27733b4ae6626e697e8be1177b1ac0b26954bedf9925dcaba0b480,0x3c88baebfd2fddf59c7480e6a57bf8c97deae9ed,SELL,Yes,74594161563120681410942425422244825470573111517564347846134443688695080108751,0xe618be45bbda1e6011ec1d7a03af0de0953f02cccad7bfc0f8dd9506ed36f7f7,0.982,12.8,12.569600000000001,1727098785,Will a Republican win North Dakota Presidential Election?
0x2049e51eb303cbdaac98b53d6b55464050ee8e94890fc0d66c8812972c4e9fb0,0xf4bd86eca81b142b0a67997c636ec2f3f889547e,BUY,Yes,74594161563120681410942425422244825470573111517564347846134443688695080108751,0xe618be45bbda1e6011ec1d7a03af0de0953f02cccad7bfc0f8dd9506ed36f7f7,0.982,92.39,90.72698,1727098779,Will a Republican win North Dakota Presidential Election?
0x8b021e58473228c423eb990c1339c99f7ea236a07a78f5a46a02c91bf392cbca,0xc99bc3d7f60786b1b5cb4b4301d3ee6a5da21448,BUY,Yes,74594161563120681410942425422244825470573111517564347846134443688695080108751,0xe618be45bbda1e6011ec1d7a03af0de0953f02cccad7bfc0f8dd9506ed36f7f7,0.982,92.39,90.72698,1727098479,Will a Republican win North Dakota Presidential Election?
0xc7f9bb9c2be18ea4fa5738d53b0b66baa466d69a795ce3306f6a96534b5c164a,0xb3eb521c6bbab85aa8e24eb4bd8b38ad07145bd3,BUY,Yes,74594161563120681410942425422244825470573111517564347846134443688695080108751,0xe618be45bbda1e6011ec1d7a03af0de0953f02cccad7bfc0f8dd9506ed36f7f7,0.982,92.39,90.72698,1727098399,Will a Republican win North Dakota Presidential Election?
0x6517033f8deb63a6d673226348faadedfcbacb096940cef110834b1809bc49ff,0x3c88baebfd2fddf59c7480e6a57bf8c97deae9ed,BUY,Yes,74594161563120681410942425422244825470573111517564347846134443688695080108751,0xe618be45bbda1e6011ec1d7a03af0de0953f02cccad7bfc0f8dd9506ed36f7f7,0.9819999459,12.800406,12.569997999498035,1727098061,Will a Republican win North Dakota Presidential Election?
0x90cfc476b06ef60c9c1e67b94600d11c6447eae4fd90b8eeaf68a5d5fa9bab5b,0xc99bc3d7f60786b1b5cb4b4301d3ee6a5da21448,BUY,Yes,74594161563120681410942425422244825470573111517564347846134443688695080108751,0xe618be45bbda1e6011ec1d7a03af0de0953f02cccad7bfc0f8dd9506ed36f7f7,0.982,103.58,101.71556,1727097905,Will a Republican win North Dakota Presidential Election?
0x35e0c9ea115a4db86f19a88ecd2ab25b29f44c72829a2b3517860a7aa6b5f45f,0xb3eb521c6bbab85aa8e24eb4bd8b38ad07145bd3,BUY,Yes,74594161563120681410942425422244825470573111517564347846134443688695080108751,0xe618be45bbda1e6011ec1d7a03af0de0953f02cccad7bfc0f8dd9506ed36f7f7,0.982,105.2,103.3064,1727097739,Will a Republican win North Dakota Presidential Election?
0x84fcdec29949211f9bba772a3c68da6d36c75f3290424eda5c9b77768a828a06,0x6a08e073cb860206e77872bb37844f37c9e02f62,BUY,Yes,74594161563120681410942425422244825470573111517564347846134443688695080108751,0xe618be45bbda1e6011ec1d7a03af0de0953f02cccad7bfc0f8dd9506ed36f7f7,0.982,105.2,103.3064,1727097649,Will a Republican win North Dakota Presidential Election?
0xf75547967146b46b97cdcabc954f62ce8eb224d4d26c349f0a8352631e20b06f,0xb3eb521c6bbab85aa8e24eb4bd8b38ad07145bd3,BUY,Yes,74594161563120681410942425422244825470573111517564347846134443688695080108751,0xe618be45bbda1e6011ec1d7a03af0de0953f02cccad7bfc0f8dd9506ed36f7f7,0.982,105.2,103.3064,1727097573,Will a Republican win North Dakota Presidential Election?
0xdbd254004ec0911ef984b4c70b4ae728500484e145f02d4fcecb1e3647f39075,0xc99bc3d7f60786b1b5cb4b4301d3ee6a5da21448,BUY,Yes,74594161563120681410942425422244825470573111517564347846134443688695080108751,0xe618be45bbda1e6011ec1d7a03af0de0953f02cccad7bfc0f8dd9506ed36f7f7,0.982,103.58,101.71556,1727097395,Will a Republican win North Dakota Presidential Election?
0x7320802661e002efef76a58d9cadcfe71b274d326ce6c3c145fdc054ba74f41a,0x6a08e073cb860206e77872bb37844f37c9e02f62,BUY,Yes,74594161563120681410942425422244825470573111517564347846134443688695080108751,0xe618be45bbda1e6011ec1d7a03af0de0953f02cccad7bfc0f8dd9506ed36f7f7,0.982,105.2,103.3064,1727097321,Will a Republican win North Dakota Presidential Election?
0x69266d1369e1fcb68d61b2cba08c71eab138a4e7915b6d7421c5d539b753320d,0xc99bc3d7f60786b1b5cb4b4301d3ee6a5da21448,BUY,Yes,74594161563120681410942425422244825470573111517564347846134443688695080108751,0xe618be45bbda1e6011ec1d7a03af0de0953f02cccad7bfc0f8dd9506ed36f7f7,0.982,103.58,101.71556,1727097243,Will a Republican win North Dakota Presidential Election?
0x88b4ded9a9d6a258e93e09b5ce64babe6b33f98a134b442f243e00ecd7e21ef5,0xb3eb521c6bbab85aa8e24eb4bd8b38ad07145bd3,BUY,Yes,74594161563120681410942425422244825470573111517564347846134443688695080108751,0xe618be45bbda1e6011ec1d7a03af0de0953f02cccad7bfc0f8dd9506ed36f7f7,0.982,105.2,103.3064,1727097169,Will a Republican win North Dakota Presidential Election?
0xe922c5659762c09fe466eec3d4688a5fa43b90c5d0fa11dd117917744e73e94d,0x6a08e073cb860206e77872bb37844f37c9e02f62,BUY,Yes,74594161563120681410942425422244825470573111517564347846134443688695080108751,0xe618be45bbda1e6011ec1d7a03af0de0953f02cccad7bfc0f8dd9506ed36f7f7,0.982,103.58,101.71556,1727096873,Will a Republican win North Dakota Presidential Election?
0xbf545f40bb439ae8fb2a566c24843147161a33bed6e801f0c126361fb006476a,0xc99bc3d7f60786b1b5cb4b4301d3ee6a5da21448,BUY,Yes,74594161563120681410942425422244825470573111517564347846134443688695080108751,0xe618be45bbda1e6011ec1d7a03af0de0953f02cccad7bfc0f8dd9506ed36f7f7,0.982,103.58,101.71556,1727096671,Will a Republican win North Dakota Presidential Election?
0xc7a84d4be4f25346897abb1275cc9afccf0fee14741aaa5e7bd8bfd60387a02c,0x43bf953e4040294d92900dc209ef1ed4d480e316,BUY,Yes,74594161563120681410942425422244825470573111517564347846134443688695080108751,0xe618be45bbda1e6011ec1d7a03af0de0953f02cccad7bfc0f8dd9506ed36f7f7,0.9829999997,6.195294,6.089974000141411,1727095831,Will a Republican win North Dakota Presidential Election?
0x8d1ca96602c022664feed1cbf9b4b78da65a8c18b2d77c4eded522154f10a60e,0x6a08e073cb860206e77872bb37844f37c9e02f62,BUY,Yes,74594161563120681410942425422244825470573111517564347846134443688695080108751,0xe618be45bbda1e6011ec1d7a03af0de0953f02cccad7bfc0f8dd9506ed36f7f7,0.982,105.2,103.3064,1727089015,Will a Republican win North Dakota Presidential Election?
0x5b8d8657f7fd6ffc1735792a35587332e1a7f2201fa2db86c3472aec110e3d51,0xfe77d4ccaba132c0e9aa8d42422b60f90acb3e9b,BUY,Yes,74594161563120681410942425422244825470573111517564347846134443688695080108751,0xe618be45bbda1e6011ec1d7a03af0de0953f02cccad7bfc0f8dd9506ed36f7f7,0.982,105.2,103.3064,1727088929,Will a Republican win North Dakota Presidential Election?
0x8dba60b6ab30bb49da5d7da1586cff6f6110b7c5c81d4a5d8f39d8f72db98cb5,0x810d2a9e0e27a71917a13fc63e1f5e5045651b94,BUY,Yes,74594161563120681410942425422244825470573111517564347846134443688695080108751,0xe618be45bbda1e6011ec1d7a03af0de0953f02cccad7bfc0f8dd9506ed36f7f7,0.982,103.1,101.24419999999999,1727088745,Will a Republican win North Dakota Presidential Election?
0xa0ffb8ae7c63b18da1746499382e955e2754ca237213f01738c862a968b0df00,0xc99bc3d7f60786b1b5cb4b4301d3ee6a5da21448,BUY,Yes,74594161563120681410942425422244825470573111517564347846134443688695080108751,0xe618be45bbda1e6011ec1d7a03af0de0953f02cccad7bfc0f8dd9506ed36f7f7,0.982,103.58,101.71556,1727088631,Will a Republican win North Dakota Presidential Election?
0x171503794c8aa6d359565a113fbf7783e181692f20111494b3e7d81d19e79654,0x6a08e073cb860206e77872bb37844f37c9e02f62,BUY,Yes,74594161563120681410942425422244825470573111517564347846134443688695080108751,0xe618be45bbda1e6011ec1d7a03af0de0953f02cccad7bfc0f8dd9506ed36f7f7,0.982,105.2,103.3064,1727088491,Will a Republican win North Dakota Presidential Election?
0xbbdfc46bb5edebc9f6e258f2a36b23f71dc89d13edb5bcb733dee3abc22ea9be,0xb98b834bc083f4ceb658399aad3a4b6a2af7606e,BUY,Yes,74594161563120681410942425422244825470573111517564347846134443688695080108751,0xe618be45bbda1e6011ec1d7a03af0de0953f02cccad7bfc0f8dd9506ed36f7f7,0.982,105.2,103.3064,1727088339,Will a Republican win North Dakota Presidential Election?
0x2c005a6981f97ba732f9d790af959a6d86b751b3c261c226f30a48e94220458a,0xfe77d4ccaba132c0e9aa8d42422b60f90acb3e9b,BUY,Yes,74594161563120681410942425422244825470573111517564347846134443688695080108751,0xe618be45bbda1e6011ec1d7a03af0de0953f02cccad7bfc0f8dd9506ed36f7f7,0.982,105.2,103.3064,1727088175,Will a Republican win North Dakota Presidential Election?
0x2f3d3252750cbe4ba69858c8e2589d5f5175dba8958637d3c7ccb8d0dec832b6,0xc99bc3d7f60786b1b5cb4b4301d3ee6a5da21448,BUY,Yes,74594161563120681410942425422244825470573111517564347846134443688695080108751,0xe618be45bbda1e6011ec1d7a03af0de0953f02cccad7bfc0f8dd9506ed36f7f7,0.982,103.58,101.71556,1727087879,Will a Republican win North Dakota Presidential Election?
0x9562e7de18ba8634e990a921744a7abb584d31fb6b4f332aa56874e61b2c04b7,0x810d2a9e0e27a71917a13fc63e1f5e5045651b94,BUY,Yes,74594161563120681410942425422244825470573111517564347846134443688695080108751,0xe618be45bbda1e6011ec1d7a03af0de0953f02cccad7bfc0f8dd9506ed36f7f7,0.982,103.1,101.24419999999999,1727087669,Will a Republican win North Dakota Presidential Election?
0x48021d3513b74765a0bd7c6cd21e7ec0d5d6b7c787536b1f6420bb7be06b9418,0xb98b834bc083f4ceb658399aad3a4b6a2af7606e,BUY,Yes,74594161563120681410942425422244825470573111517564347846134443688695080108751,0xe618be45bbda1e6011ec1d7a03af0de0953f02cccad7bfc0f8dd9506ed36f7f7,0.982,105.2,103.3064,1727087213,Will a Republican win North Dakota Presidential Election?
0x89df705edcf79ece682a37bffebe4e3136ae5ee0be1ba2ec25b1815c218a0d9c,0x6a08e073cb860206e77872bb37844f37c9e02f62,BUY,Yes,74594161563120681410942425422244825470573111517564347846134443688695080108751,0xe618be45bbda1e6011ec1d7a03af0de0953f02cccad7bfc0f8dd9506ed36f7f7,0.982,105.2,103.3064,1727087073,Will a Republican win North Dakota Presidential Election?
0x5180b873acb6bc40253efde5d760621570cce0b73bfd3bfc0089e10d4d1e1d79,0xfe77d4ccaba132c0e9aa8d42422b60f90acb3e9b,BUY,Yes,74594161563120681410942425422244825470573111517564347846134443688695080108751,0xe618be45bbda1e6011ec1d7a03af0de0953f02cccad7bfc0f8dd9506ed36f7f7,0.982,105.2,103.3064,1727086587,Will a Republican win North Dakota Presidential Election?
0x43bd4a8de0c7ac100511181cfcab17e07b4f4d862872ec69e4d8c6f12cb47738,0x810d2a9e0e27a71917a13fc63e1f5e5045651b94,BUY,Yes,74594161563120681410942425422244825470573111517564347846134443688695080108751,0xe618be45bbda1e6011ec1d7a03af0de0953f02cccad7bfc0f8dd9506ed36f7f7,0.982,103.1,101.24419999999999,1727086419,Will a Republican win North Dakota Presidential Election?
0x190b984b30aca870b01399ffe8513d1c0156e31b61bfa52a368183a201ea4f54,0xb98b834bc083f4ceb658399aad3a4b6a2af7606e,BUY,Yes,74594161563120681410942425422244825470573111517564347846134443688695080108751,0xe618be45bbda1e6011ec1d7a03af0de0953f02cccad7bfc0f8dd9506ed36f7f7,0.982,105.2,103.3064,1727086319,Will a Republican win North Dakota Presidential Election?
0x6f18e9a25eb9f54b45946befdbddffb18020054ff65a5724774f17d591df18ef,0xc99bc3d7f60786b1b5cb4b4301d3ee6a5da21448,BUY,Yes,74594161563120681410942425422244825470573111517564347846134443688695080108751,0xe618be45bbda1e6011ec1d7a03af0de0953f02cccad7bfc0f8dd9506ed36f7f7,0.982,103.58,101.71556,1727086135,Will a Republican win North Dakota Presidential Election?
0x905d863e51aa8e89dff052aca877c71fe03a655a6400d84c59b6d50fe464b595,0xfe77d4ccaba132c0e9aa8d42422b60f90acb3e9b,BUY,Yes,74594161563120681410942425422244825470573111517564347846134443688695080108751,0xe618be45bbda1e6011ec1d7a03af0de0953f02cccad7bfc0f8dd9506ed36f7f7,0.982,105.2,103.3064,1727084951,Will a Republican win North Dakota Presidential Election?
0x436ad5ffaad7ba1672f8872a669c79c80b819041d423e0a22866fa4deb7f7c4c,0xa6ec5a730c729fe58959ad434c3f2560dd5376ec,BUY,Yes,74594161563120681410942425422244825470573111517564347846134443688695080108751,0xe618be45bbda1e6011ec1d7a03af0de0953f02cccad7bfc0f8dd9506ed36f7f7,0.982,105.2,103.3064,1727084577,Will a Republican win North Dakota Presidential Election?
0xc40f098737b3be0e1e3bb4365d0d51757edd30dbe1c4ec4cf1dd818e5a70057c,0x6a08e073cb860206e77872bb37844f37c9e02f62,BUY,Yes,74594161563120681410942425422244825470573111517564347846134443688695080108751,0xe618be45bbda1e6011ec1d7a03af0de0953f02cccad7bfc0f8dd9506ed36f7f7,0.982,105.2,103.3064,1727084477,Will a Republican win North Dakota Presidential Election?
0x06860c7c23efc9453efb8f8a2c876882ef0893509d5ca765d7481c340153e6fc,0xa6ec5a730c729fe58959ad434c3f2560dd5376ec,BUY,Yes,74594161563120681410942425422244825470573111517564347846134443688695080108751,0xe618be45bbda1e6011ec1d7a03af0de0953f02cccad7bfc0f8dd9506ed36f7f7,0.982,105.2,103.3064,1727084367,Will a Republican win North Dakota Presidential Election?
0x9a64841e6d27ff9ce23aa58624062290d8e7627101f0883c07bad385ca98a098,0xb98b834bc083f4ceb658399aad3a4b6a2af7606e,BUY,Yes,74594161563120681410942425422244825470573111517564347846134443688695080108751,0xe618be45bbda1e6011ec1d7a03af0de0953f02cccad7bfc0f8dd9506ed36f7f7,0.982,105.2,103.3064,1727084233,Will a Republican win North Dakota Presidential Election?
0xf80b5f8fb08129915a6449973c44d14b85fc1e64a9941499f3b9defeb9ba21c9,0x810d2a9e0e27a71917a13fc63e1f5e5045651b94,BUY,Yes,74594161563120681410942425422244825470573111517564347846134443688695080108751,0xe618be45bbda1e6011ec1d7a03af0de0953f02cccad7bfc0f8dd9506ed36f7f7,0.982,103.1,101.24419999999999,1727084149,Will a Republican win North Dakota Presidential Election?
0xb13c7c9295cc0262abfd9facdbda3a6c9c9ddfc49b1734062a30df28a65d5a9e,0xa6ec5a730c729fe58959ad434c3f2560dd5376ec,BUY,Yes,74594161563120681410942425422244825470573111517564347846134443688695080108751,0xe618be45bbda1e6011ec1d7a03af0de0953f02cccad7bfc0f8dd9506ed36f7f7,0.982,105.2,103.3064,1727084045,Will a Republican win North Dakota Presidential Election?
0x11a64781a2f7f43048194530fc488dd1e9bd5599a504932f17ec168d6eab0e43,0x6a08e073cb860206e77872bb37844f37c9e02f62,BUY,Yes,74594161563120681410942425422244825470573111517564347846134443688695080108751,0xe618be45bbda1e6011ec1d7a03af0de0953f02cccad7bfc0f8dd9506ed36f7f7,0.982,105.2,103.3064,1727083777,Will a Republican win North Dakota Presidential Election?
0x21a6391555cc92e45b8d0a09ad9b28af06895c5e4efddea62b5f005301258896,0xa6ec5a730c729fe58959ad434c3f2560dd5376ec,BUY,Yes,74594161563120681410942425422244825470573111517564347846134443688695080108751,0xe618be45bbda1e6011ec1d7a03af0de0953f02cccad7bfc0f8dd9506ed36f7f7,0.982,105.2,103.3064,1727083693,Will a Republican win North Dakota Presidential Election?
0xebfd6a05e1b1809cea99737d81766263ecb688f376689f00a4fde086c1570417,0xb98b834bc083f4ceb658399aad3a4b6a2af7606e,BUY,Yes,74594161563120681410942425422244825470573111517564347846134443688695080108751,0xe618be45bbda1e6011ec1d7a03af0de0953f02cccad7bfc0f8dd9506ed36f7f7,0.982,105.2,103.3064,1727083583,Will a Republican win North Dakota Presidential Election?
0x140b3f9762a0d2cd87844243a3592cca81d9ed18ea10c03feaec317a10fad884,0xa6ec5a730c729fe58959ad434c3f2560dd5376ec,BUY,Yes,74594161563120681410942425422244825470573111517564347846134443688695080108751,0xe618be45bbda1e6011ec1d7a03af0de0953f02cccad7bfc0f8dd9506ed36f7f7,0.982,103.1,101.24419999999999,1727083445,Will a Republican win North Dakota Presidential Election?
0x405a0abd7765463477039a202cdc175931f24724cc823bf34150c0e2f3804fa1,0x810d2a9e0e27a71917a13fc63e1f5e5045651b94,BUY,Yes,74594161563120681410942425422244825470573111517564347846134443688695080108751,0xe618be45bbda1e6011ec1d7a03af0de0953f02cccad7bfc0f8dd9506ed36f7f7,0.982,103.1,101.24419999999999,1727083343,Will a Republican win North Dakota Presidential Election?
0xed66c70453f7b40bd6889d389e7e849a07b680543dbab36398c03f704bd18691,0xa6ec5a730c729fe58959ad434c3f2560dd5376ec,BUY,Yes,74594161563120681410942425422244825470573111517564347846134443688695080108751,0xe618be45bbda1e6011ec1d7a03af0de0953f02cccad7bfc0f8dd9506ed36f7f7,0.982,105.2,103.3064,1727083167,Will a Republican win North Dakota Presidential Election?
0xec338e2a682bade554be1d6b8c8c83c58cfcb04c5c8f2cba036201a09b184f18,0xfe77d4ccaba132c0e9aa8d42422b60f90acb3e9b,BUY,Yes,74594161563120681410942425422244825470573111517564347846134443688695080108751,0xe618be45bbda1e6011ec1d7a03af0de0953f02cccad7bfc0f8dd9506ed36f7f7,0.982,105.2,103.3064,1727083095,Will a Republican win North Dakota Presidential Election?
0x04152d7b7fdefd0010ca3b90d1bf4512e8d9ab1a13829d3fb2f2382694a74742,0xb98b834bc083f4ceb658399aad3a4b6a2af7606e,BUY,Yes,74594161563120681410942425422244825470573111517564347846134443688695080108751,0xe618be45bbda1e6011ec1d7a03af0de0953f02cccad7bfc0f8dd9506ed36f7f7,0.982,105.2,103.3064,1727083033,Will a Republican win North Dakota Presidential Election?
0x96158be7624a92232ef26f029dafc5506afddbf197842e87026f6b34edf1aecd,0xa6ec5a730c729fe58959ad434c3f2560dd5376ec,BUY,Yes,74594161563120681410942425422244825470573111517564347846134443688695080108751,0xe618be45bbda1e6011ec1d7a03af0de0953f02cccad7bfc0f8dd9506ed36f7f7,0.982,105.2,103.3064,1727082901,Will a Republican win North Dakota Presidential Election?
0xf4bccab6103bbde69c712db43ed6e9c5511803618e477efa46c8787a70ac17e9,0x810d2a9e0e27a71917a13fc63e1f5e5045651b94,BUY,Yes,74594161563120681410942425422244825470573111517564347846134443688695080108751,0xe618be45bbda1e6011ec1d7a03af0de0953f02cccad7bfc0f8dd9506ed36f7f7,0.982,103.1,101.24419999999999,1727082541,Will a Republican win North Dakota Presidential Election?
0xfd4322b8e7cb5ee6707cf56926ac6540e707ed75fdecff971b88faa2470b9117,0x6a08e073cb860206e77872bb37844f37c9e02f62,BUY,Yes,74594161563120681410942425422244825470573111517564347846134443688695080108751,0xe618be45bbda1e6011ec1d7a03af0de0953f02cccad7bfc0f8dd9506ed36f7f7,0.982,105.2,103.3064,1727082353,Will a Republican win North Dakota Presidential Election?
0xd6406bff57cbc4d091b74faf6f50a685918d233c7a164d816cc4f399f5ef30f7,0xb98b834bc083f4ceb658399aad3a4b6a2af7606e,BUY,Yes,74594161563120681410942425422244825470573111517564347846134443688695080108751,0xe618be45bbda1e6011ec1d7a03af0de0953f02cccad7bfc0f8dd9506ed36f7f7,0.982,105.2,103.3064,1727082209,Will a Republican win North Dakota Presidential Election?
0xe058951ca37f489467612f3c38e90d62cb6d4e9842aac7cf1b1630464efd642b,0xfe77d4ccaba132c0e9aa8d42422b60f90acb3e9b,BUY,Yes,74594161563120681410942425422244825470573111517564347846134443688695080108751,0xe618be45bbda1e6011ec1d7a03af0de0953f02cccad7bfc0f8dd9506ed36f7f7,0.982,105.2,103.3064,1727081927,Will a Republican win North Dakota Presidential Election?
0xa9f874efc8cd439317c0cd19267de5be4367e12ba0b8260ab618cd82864ef171,0xa6ec5a730c729fe58959ad434c3f2560dd5376ec,BUY,Yes,74594161563120681410942425422244825470573111517564347846134443688695080108751,0xe618be45bbda1e6011ec1d7a03af0de0953f02cccad7bfc0f8dd9506ed36f7f7,0.982,105.2,103.3064,1727081827,Will a Republican win North Dakota Presidential Election?
0x99852af75ffdaa82635fd049c8afc361e0a4fd0ec8f36d7637a0629b9c2c2272,0x810d2a9e0e27a71917a13fc63e1f5e5045651b94,BUY,Yes,74594161563120681410942425422244825470573111517564347846134443688695080108751,0xe618be45bbda1e6011ec1d7a03af0de0953f02cccad7bfc0f8dd9506ed36f7f7,0.982,103.1,101.24419999999999,1727081579,Will a Republican win North Dakota Presidential Election?
0x464233612435acf0e19d1456c217f7c2820d7647adbd020cbe5a347bdc1dd0a8,0x6a08e073cb860206e77872bb37844f37c9e02f62,BUY,Yes,74594161563120681410942425422244825470573111517564347846134443688695080108751,0xe618be45bbda1e6011ec1d7a03af0de0953f02cccad7bfc0f8dd9506ed36f7f7,0.982,105.2,103.3064,1727081493,Will a Republican win North Dakota Presidential Election?
0x4f57838e044b9e2f013018e85d82e91309feff166c599bdf2fc7aef06a006ab9,0xa6ec5a730c729fe58959ad434c3f2560dd5376ec,BUY,Yes,74594161563120681410942425422244825470573111517564347846134443688695080108751,0xe618be45bbda1e6011ec1d7a03af0de0953f02cccad7bfc0f8dd9506ed36f7f7,0.982,105.2,103.3064,1727081345,Will a Republican win North Dakota Presidential Election?
0xe3344dcc707bee4c10401dfb63823b68c57f35c14e13644a25613916f72c8735,0xfe77d4ccaba132c0e9aa8d42422b60f90acb3e9b,BUY,Yes,74594161563120681410942425422244825470573111517564347846134443688695080108751,0xe618be45bbda1e6011ec1d7a03af0de0953f02cccad7bfc0f8dd9506ed36f7f7,0.982,105.2,103.3064,1727081247,Will a Republican win North Dakota Presidential Election?
0xb620062e831b507b58ed827386938c026264c2562e2b708fb5cbbc813fbd7555,0xb98b834bc083f4ceb658399aad3a4b6a2af7606e,BUY,Yes,74594161563120681410942425422244825470573111517564347846134443688695080108751,0xe618be45bbda1e6011ec1d7a03af0de0953f02cccad7bfc0f8dd9506ed36f7f7,0.982,105.2,103.3064,1727081137,Will a Republican win North Dakota Presidential Election?
0x738320b17090b7a2b01129d5bee2ef1bf17f0ee5fcbd585cbb759b483afb3969,0x810d2a9e0e27a71917a13fc63e1f5e5045651b94,BUY,Yes,74594161563120681410942425422244825470573111517564347846134443688695080108751,0xe618be45bbda1e6011ec1d7a03af0de0953f02cccad7bfc0f8dd9506ed36f7f7,0.982,103.1,101.24419999999999,1727080869,Will a Republican win North Dakota Presidential Election?
0xe2718bf8ad26141760b7d14cc4e5d6fb6bf12cc32210385a7c252da41d4ebcd1,0xfe77d4ccaba132c0e9aa8d42422b60f90acb3e9b,BUY,Yes,74594161563120681410942425422244825470573111517564347846134443688695080108751,0xe618be45bbda1e6011ec1d7a03af0de0953f02cccad7bfc0f8dd9506ed36f7f7,0.982,105.2,103.3064,1727080755,Will a Republican win North Dakota Presidential Election?
0xf96fbb056d2e9a83704cd6d79d9ce757d481394d7be850acc5e2ecda186710dd,0xa6ec5a730c729fe58959ad434c3f2560dd5376ec,BUY,Yes,74594161563120681410942425422244825470573111517564347846134443688695080108751,0xe618be45bbda1e6011ec1d7a03af0de0953f02cccad7bfc0f8dd9506ed36f7f7,0.982,105.2,103.3064,1727080609,Will a Republican win North Dakota Presidential Election?
0x7adf31ec41dbdf7d22de185f1890848611244cd74447cb5edaa3fda5f638c804,0x6a08e073cb860206e77872bb37844f37c9e02f62,BUY,Yes,74594161563120681410942425422244825470573111517564347846134443688695080108751,0xe618be45bbda1e6011ec1d7a03af0de0953f02cccad7bfc0f8dd9506ed36f7f7,0.982,105.2,103.3064,1727080531,Will a Republican win North Dakota Presidential Election?
0x497d2353da0290eca9fb3eaac28bc22da964465cbda0cbbbe706ae044bc586ac,0xb98b834bc083f4ceb658399aad3a4b6a2af7606e,BUY,Yes,74594161563120681410942425422244825470573111517564347846134443688695080108751,0xe618be45bbda1e6011ec1d7a03af0de0953f02cccad7bfc0f8dd9506ed36f7f7,0.982,105.2,103.3064,1727080417,Will a Republican win North Dakota Presidential Election?
0x7fe72750f1d5849f8409159c8071392e7f1e4c5fb6f2cc9f5c49f7409b530261,0xa6ec5a730c729fe58959ad434c3f2560dd5376ec,BUY,Yes,74594161563120681410942425422244825470573111517564347846134443688695080108751,0xe618be45bbda1e6011ec1d7a03af0de0953f02cccad7bfc0f8dd9506ed36f7f7,0.982,105.2,103.3064,1727080271,Will a Republican win North Dakota Presidential Election?
0x8ffb52011588108ae57bb7b55d7f8e439e22f16c701cc9d95b8dba9d425e4314,0xfe77d4ccaba132c0e9aa8d42422b60f90acb3e9b,BUY,Yes,74594161563120681410942425422244825470573111517564347846134443688695080108751,0xe618be45bbda1e6011ec1d7a03af0de0953f02cccad7bfc0f8dd9506ed36f7f7,0.982,105.2,103.3064,1727080159,Will a Republican win North Dakota Presidential Election?
0x501da2874931c836b5b08958302f7be907531375c8c98a3711663777e02aa657,0x810d2a9e0e27a71917a13fc63e1f5e5045651b94,BUY,Yes,74594161563120681410942425422244825470573111517564347846134443688695080108751,0xe618be45bbda1e6011ec1d7a03af0de0953f02cccad7bfc0f8dd9506ed36f7f7,0.982,103.1,101.24419999999999,1727080117,Will a Republican win North Dakota Presidential Election?
0xd94daa83b9a95d183c5e87b444cb3b944befd84d953bc9510297eebe31df57fd,0x6a08e073cb860206e77872bb37844f37c9e02f62,BUY,Yes,74594161563120681410942425422244825470573111517564347846134443688695080108751,0xe618be45bbda1e6011ec1d7a03af0de0953f02cccad7bfc0f8dd9506ed36f7f7,0.982,105.2,103.3064,1727079965,Will a Republican win North Dakota Presidential Election?
0xc800681cb1ae00aaabe9db5b6c3f9b68dfdbd76b41c590567f797dd671d42800,0xa6ec5a730c729fe58959ad434c3f2560dd5376ec,BUY,Yes,74594161563120681410942425422244825470573111517564347846134443688695080108751,0xe618be45bbda1e6011ec1d7a03af0de0953f02cccad7bfc0f8dd9506ed36f7f7,0.982,105.2,103.3064,1727079831,Will a Republican win North Dakota Presidential Election?
0xea3a2ae8a46791e0a54756e98d182fc2d4072eea05e61bbf8decd19652768345,0xfe77d4ccaba132c0e9aa8d42422b60f90acb3e9b,BUY,Yes,74594161563120681410942425422244825470573111517564347846134443688695080108751,0xe618be45bbda1e6011ec1d7a03af0de0953f02cccad7bfc0f8dd9506ed36f7f7,0.982,105.2,103.3064,1727079621,Will a Republican win North Dakota Presidential Election?
0xa9555cbbdc82495eb55c25d11f092e33e8e13f7d14eb44e6cc76be1ecfeebe45,0xa6ec5a730c729fe58959ad434c3f2560dd5376ec,BUY,Yes,74594161563120681410942425422244825470573111517564347846134443688695080108751,0xe618be45bbda1e6011ec1d7a03af0de0953f02cccad7bfc0f8dd9506ed36f7f7,0.982,105.2,103.3064,1727079359,Will a Republican win North Dakota Presidential Election?
0x72d1fae01b3348764d42e072ec344f8de1a01758cc3bf3d0be93282f8905aa52,0x6a08e073cb860206e77872bb37844f37c9e02f62,BUY,Yes,74594161563120681410942425422244825470573111517564347846134443688695080108751,0xe618be45bbda1e6011ec1d7a03af0de0953f02cccad7bfc0f8dd9506ed36f7f7,0.982,105.2,103.3064,1727079233,Will a Republican win North Dakota Presidential Election?
0x1cbbcf477cafd35243e92cbe64fbbf0e901af08f66f02e17a9afb40f6751fd27,0xb98b834bc083f4ceb658399aad3a4b6a2af7606e,BUY,Yes,74594161563120681410942425422244825470573111517564347846134443688695080108751,0xe618be45bbda1e6011ec1d7a03af0de0953f02cccad7bfc0f8dd9506ed36f7f7,0.982,105.2,103.3064,1727079105,Will a Republican win North Dakota Presidential Election?
0x0114161c147cb92a65437b4668b82b79348033beb876c09ae7df45cbb3ae4f59,0x810d2a9e0e27a71917a13fc63e1f5e5045651b94,BUY,Yes,74594161563120681410942425422244825470573111517564347846134443688695080108751,0xe618be45bbda1e6011ec1d7a03af0de0953f02cccad7bfc0f8dd9506ed36f7f7,0.982,103.1,101.24419999999999,1727079007,Will a Republican win North Dakota Presidential Election?
0x4908cfab1b9b7eb862323bff129f584376890e706a8cc487fcb50399410c6561,0xfe77d4ccaba132c0e9aa8d42422b60f90acb3e9b,BUY,Yes,74594161563120681410942425422244825470573111517564347846134443688695080108751,0xe618be45bbda1e6011ec1d7a03af0de0953f02cccad7bfc0f8dd9506ed36f7f7,0.982,105.2,103.3064,1727078761,Will a Republican win North Dakota Presidential Election?
0xc4383a9766c202bba9fe4f1217b5b692ad6fb0b23c188f96d6a0cdf3ed11aac4,0x6a08e073cb860206e77872bb37844f37c9e02f62,BUY,Yes,74594161563120681410942425422244825470573111517564347846134443688695080108751,0xe618be45bbda1e6011ec1d7a03af0de0953f02cccad7bfc0f8dd9506ed36f7f7,0.982,105.2,103.3064,1727078613,Will a Republican win North Dakota Presidential Election?
0xc8099a388b10b024eaf8a2c6d27fc61d3d76e5b883cad0a89b893c9d4c4c2a73,0xa6ec5a730c729fe58959ad434c3f2560dd5376ec,BUY,Yes,74594161563120681410942425422244825470573111517564347846134443688695080108751,0xe618be45bbda1e6011ec1d7a03af0de0953f02cccad7bfc0f8dd9506ed36f7f7,0.982,105.2,103.3064,1727078485,Will a Republican win North Dakota Presidential Election?
0x057dd8da7e7253429e3f16567229550d2015ed1998f0518e84ca87e969172433,0x810d2a9e0e27a71917a13fc63e1f5e5045651b94,BUY,Yes,74594161563120681410942425422244825470573111517564347846134443688695080108751,0xe618be45bbda1e6011ec1d7a03af0de0953f02cccad7bfc0f8dd9506ed36f7f7,0.982,103.1,101.24419999999999,1727078437,Will a Republican win North Dakota Presidential Election?
0x8e921363f47dd762df50c774c9c3d6c7ba6ea418e9aadb21c9df8204654e5ec4,0xb98b834bc083f4ceb658399aad3a4b6a2af7606e,BUY,Yes,74594161563120681410942425422244825470573111517564347846134443688695080108751,0xe618be45bbda1e6011ec1d7a03af0de0953f02cccad7bfc0f8dd9506ed36f7f7,0.982,105.2,103.3064,1727078299,Will a Republican win North Dakota Presidential Election?
0xadca092bc3917757a0842dd7a38085a373888b4de127271ebe521c52366ebde7,0xfe77d4ccaba132c0e9aa8d42422b60f90acb3e9b,BUY,Yes,74594161563120681410942425422244825470573111517564347846134443688695080108751,0xe618be45bbda1e6011ec1d7a03af0de0953f02cccad7bfc0f8dd9506ed36f7f7,0.982,105.2,103.3064,1727078229,Will a Republican win North Dakota Presidential Election?
0xd8d76b668efc82bee9f0f7ba4001ebdca8cc7ca9e2662d98f5bc60dbcc0b775c,0xa6ec5a730c729fe58959ad434c3f2560dd5376ec,BUY,Yes,74594161563120681410942425422244825470573111517564347846134443688695080108751,0xe618be45bbda1e6011ec1d7a03af0de0953f02cccad7bfc0f8dd9506ed36f7f7,0.982,105.2,103.3064,1727077827,Will a Republican win North Dakota Presidential Election?
0xa14de2d294109b17ca2a21a5ad3214cab2d9c3d56591afa32e9da47c28b44371,0x6a08e073cb860206e77872bb37844f37c9e02f62,BUY,Yes,74594161563120681410942425422244825470573111517564347846134443688695080108751,0xe618be45bbda1e6011ec1d7a03af0de0953f02cccad7bfc0f8dd9506ed36f7f7,0.982,105.2,103.3064,1727077593,Will a Republican win North Dakota Presidential Election?
0xd4c565afe95ec672f13a10c25ae33b48ec3f7c6b2c7c6da321e85049f1264be5,0x810d2a9e0e27a71917a13fc63e1f5e5045651b94,BUY,Yes,74594161563120681410942425422244825470573111517564347846134443688695080108751,0xe618be45bbda1e6011ec1d7a03af0de0953f02cccad7bfc0f8dd9506ed36f7f7,0.982,103.1,101.24419999999999,1727077443,Will a Republican win North Dakota Presidential Election?
0xade47aa9f8483475b08ff39ba0a22d280f6509c63c69ec0397e461e4ded240d7,0xb98b834bc083f4ceb658399aad3a4b6a2af7606e,BUY,Yes,74594161563120681410942425422244825470573111517564347846134443688695080108751,0xe618be45bbda1e6011ec1d7a03af0de0953f02cccad7bfc0f8dd9506ed36f7f7,0.982,105.2,103.3064,1727077245,Will a Republican win North Dakota Presidential Election?
0xf753d1d708f570d12bafae020e417ca6d2e8d4683b99233844c44b08e6c93864,0x6a08e073cb860206e77872bb37844f37c9e02f62,BUY,Yes,74594161563120681410942425422244825470573111517564347846134443688695080108751,0xe618be45bbda1e6011ec1d7a03af0de0953f02cccad7bfc0f8dd9506ed36f7f7,0.982,105.2,103.3064,1727077095,Will a Republican win North Dakota Presidential Election?
0x63ea2e63aa9a57342707b82bba689a506ddf17de3f8e89516b17ec28f7142fc4,0xa6ec5a730c729fe58959ad434c3f2560dd5376ec,BUY,Yes,74594161563120681410942425422244825470573111517564347846134443688695080108751,0xe618be45bbda1e6011ec1d7a03af0de0953f02cccad7bfc0f8dd9506ed36f7f7,0.982,105.2,103.3064,1727077025,Will a Republican win North Dakota Presidential Election?
0xb540c6295251a39a704c44b74b40ed66ece3d6e2640f06bece1a9cb56f29c0b5,0xfe77d4ccaba132c0e9aa8d42422b60f90acb3e9b,BUY,Yes,74594161563120681410942425422244825470573111517564347846134443688695080108751,0xe618be45bbda1e6011ec1d7a03af0de0953f02cccad7bfc0f8dd9506ed36f7f7,0.982,105.2,103.3064,1727076953,Will a Republican win North Dakota Presidential Election?
0x2328b84429d134c5eb3748fdf14307f58fac959dad6eaf8e603964bd2879acdb,0xb98b834bc083f4ceb658399aad3a4b6a2af7606e,BUY,Yes,74594161563120681410942425422244825470573111517564347846134443688695080108751,0xe618be45bbda1e6011ec1d7a03af0de0953f02cccad7bfc0f8dd9506ed36f7f7,0.982,105.2,103.3064,1727076841,Will a Republican win North Dakota Presidential Election?
0xf70d07714ea19f2f913d28a820bbc6dd174d4e1c2353fb4abb43b41a1f1803e1,0x810d2a9e0e27a71917a13fc63e1f5e5045651b94,BUY,Yes,74594161563120681410942425422244825470573111517564347846134443688695080108751,0xe618be45bbda1e6011ec1d7a03af0de0953f02cccad7bfc0f8dd9506ed36f7f7,0.982,103.1,101.24419999999999,1727076699,Will a Republican win North Dakota Presidential Election?
0x32ff81498ca3942eef4665aa8549545ba9960d5d08937c8b30f664b74f9358d9,0xa6ec5a730c729fe58959ad434c3f2560dd5376ec,BUY,Yes,74594161563120681410942425422244825470573111517564347846134443688695080108751,0xe618be45bbda1e6011ec1d7a03af0de0953f02cccad7bfc0f8dd9506ed36f7f7,0.982,105.2,103.3064,1727076427,Will a Republican win North Dakota Presidential Election?
0x207f28ed7e5aa2be4a797b64a189cdb4743dd59c42db2c2cbba60ac11307ef47,0x6a08e073cb860206e77872bb37844f37c9e02f62,BUY,Yes,74594161563120681410942425422244825470573111517564347846134443688695080108751,0xe618be45bbda1e6011ec1d7a03af0de0953f02cccad7bfc0f8dd9506ed36f7f7,0.982,105.2,103.3064,1727076299,Will a Republican win North Dakota Presidential Election?
0xe3e9044ecb9f1d32bc88a2f63c77193bfd38f3fa29a685d74208ec76f891c019,0xfe77d4ccaba132c0e9aa8d42422b60f90acb3e9b,BUY,Yes,74594161563120681410942425422244825470573111517564347846134443688695080108751,0xe618be45bbda1e6011ec1d7a03af0de0953f02cccad7bfc0f8dd9506ed36f7f7,0.982,105.2,103.3064,1727076139,Will a Republican win North Dakota Presidential Election?
0xefa312edffa1b13796c2eb56728bfafb21f24c9dad8b19d65c3deecc06ccb4b6,0xa6ec5a730c729fe58959ad434c3f2560dd5376ec,BUY,Yes,74594161563120681410942425422244825470573111517564347846134443688695080108751,0xe618be45bbda1e6011ec1d7a03af0de0953f02cccad7bfc0f8dd9506ed36f7f7,0.982,105.2,103.3064,1727076027,Will a Republican win North Dakota Presidential Election?
0xcb8131b1e01fd270e120a5e210c9586aa06eed86faa88f2544727192f9d9a284,0xb98b834bc083f4ceb658399aad3a4b6a2af7606e,BUY,Yes,74594161563120681410942425422244825470573111517564347846134443688695080108751,0xe618be45bbda1e6011ec1d7a03af0de0953f02cccad7bfc0f8dd9506ed36f7f7,0.982,105.2,103.3064,1727075799,Will a Republican win North Dakota Presidential Election?
0xa227730d8b9dda37a06a8633b7202b4db4635b9dfb80a735a47d0cf4ac712ebb,0xfe77d4ccaba132c0e9aa8d42422b60f90acb3e9b,BUY,Yes,74594161563120681410942425422244825470573111517564347846134443688695080108751,0xe618be45bbda1e6011ec1d7a03af0de0953f02cccad7bfc0f8dd9506ed36f7f7,0.982,105.2,103.3064,1727075595,Will a Republican win North Dakota Presidential Election?
0x34a8b06bc0ec646928d8849f62657f749dc57405e3d0b4cb56a78cd8d67db455,0x6a08e073cb860206e77872bb37844f37c9e02f62,BUY,Yes,74594161563120681410942425422244825470573111517564347846134443688695080108751,0xe618be45bbda1e6011ec1d7a03af0de0953f02cccad7bfc0f8dd9506ed36f7f7,0.982,105.2,103.3064,1727075405,Will a Republican win North Dakota Presidential Election?
0x78859ff78035e278e2886abacf33430e939879921f095d4f71a4ffb2beb062d8,0xa6ec5a730c729fe58959ad434c3f2560dd5376ec,BUY,Yes,74594161563120681410942425422244825470573111517564347846134443688695080108751,0xe618be45bbda1e6011ec1d7a03af0de0953f02cccad7bfc0f8dd9506ed36f7f7,0.982,105.2,103.3064,1727075277,Will a Republican win North Dakota Presidential Election?
0x328b76fc16808c29747052b8978068801943863e945128db01195e7b40344432,0x810d2a9e0e27a71917a13fc63e1f5e5045651b94,BUY,Yes,74594161563120681410942425422244825470573111517564347846134443688695080108751,0xe618be45bbda1e6011ec1d7a03af0de0953f02cccad7bfc0f8dd9506ed36f7f7,0.982,103.09,101.23438,1727075091,Will a Republican win North Dakota Presidential Election?
0xf377c7738544c3bf2d4c966ae429ca8873a3f361e3423f751c9380c382312aef,0xb98b834bc083f4ceb658399aad3a4b6a2af7606e,BUY,Yes,74594161563120681410942425422244825470573111517564347846134443688695080108751,0xe618be45bbda1e6011ec1d7a03af0de0953f02cccad7bfc0f8dd9506ed36f7f7,0.982,105.2,103.3064,1727074885,Will a Republican win North Dakota Presidential Election?
0xfc2668d482db4fd7829193228c70249c2e5938968d30e52a0fbb26d04fb094ed,0xa6ec5a730c729fe58959ad434c3f2560dd5376ec,BUY,Yes,74594161563120681410942425422244825470573111517564347846134443688695080108751,0xe618be45bbda1e6011ec1d7a03af0de0953f02cccad7bfc0f8dd9506ed36f7f7,0.982,105.2,103.3064,1727074817,Will a Republican win North Dakota Presidential Election?
0x6a3a4da0372f4944a9d22df393b9cbd580f31e59f11647c021c703cc16e53d95,0x6a08e073cb860206e77872bb37844f37c9e02f62,BUY,Yes,74594161563120681410942425422244825470573111517564347846134443688695080108751,0xe618be45bbda1e6011ec1d7a03af0de0953f02cccad7bfc0f8dd9506ed36f7f7,0.982,105.2,103.3064,1727074689,Will a Republican win North Dakota Presidential Election?
0xd4473a260381d159808c5b0eeeeea278cb77e1f7a09d17450db4457eb433f434,0xfe77d4ccaba132c0e9aa8d42422b60f90acb3e9b,BUY,Yes,74594161563120681410942425422244825470573111517564347846134443688695080108751,0xe618be45bbda1e6011ec1d7a03af0de0953f02cccad7bfc0f8dd9506ed36f7f7,0.982,105.2,103.3064,1727074373,Will a Republican win North Dakota Presidential Election?
0x6a7cb13831c3228ca64ab7397c908f204a06edad1e638dab55352769d93c7e18,0xb98b834bc083f4ceb658399aad3a4b6a2af7606e,BUY,Yes,74594161563120681410942425422244825470573111517564347846134443688695080108751,0xe618be45bbda1e6011ec1d7a03af0de0953f02cccad7bfc0f8dd9506ed36f7f7,0.982,105.2,103.3064,1727074136,Will a Republican win North Dakota Presidential Election?
0xc8d3e90f0e211718c4b857d1567a4de2281f349a6576a08715598748fa006190,0x6a08e073cb860206e77872bb37844f37c9e02f62,BUY,Yes,74594161563120681410942425422244825470573111517564347846134443688695080108751,0xe618be45bbda1e6011ec1d7a03af0de0953f02cccad7bfc0f8dd9506ed36f7f7,0.982,105.2,103.3064,1727074070,Will a Republican win North Dakota Presidential Election?
0xdbfb38462452b558d4f5ff9af607f24a57a60182af24dd18f2771021eec7b2be,0x810d2a9e0e27a71917a13fc63e1f5e5045651b94,BUY,Yes,74594161563120681410942425422244825470573111517564347846134443688695080108751,0xe618be45bbda1e6011ec1d7a03af0de0953f02cccad7bfc0f8dd9506ed36f7f7,0.982,103.09,101.23438,1727073984,Will a Republican win North Dakota Presidential Election?
0xd0fc69c7e89035873841967bddc93f4a11554959bf29f943052415e13d0346d1,0xfe77d4ccaba132c0e9aa8d42422b60f90acb3e9b,BUY,Yes,74594161563120681410942425422244825470573111517564347846134443688695080108751,0xe618be45bbda1e6011ec1d7a03af0de0953f02cccad7bfc0f8dd9506ed36f7f7,0.982,105.2,103.3064,1727073866,Will a Republican win North Dakota Presidential Election?
0x57677c26ee1e97f319de18ce22a89db4edc09f5bd1e3063d35d2418ca129c23f,0xb98b834bc083f4ceb658399aad3a4b6a2af7606e,BUY,Yes,74594161563120681410942425422244825470573111517564347846134443688695080108751,0xe618be45bbda1e6011ec1d7a03af0de0953f02cccad7bfc0f8dd9506ed36f7f7,0.982,105.2,103.3064,1727073790,Will a Republican win North Dakota Presidential Election?
0x3083a4356d0c944495991ad93c3c66416b2eabe6d456882abd41e33da6d3f299,0xa6ec5a730c729fe58959ad434c3f2560dd5376ec,BUY,Yes,74594161563120681410942425422244825470573111517564347846134443688695080108751,0xe618be45bbda1e6011ec1d7a03af0de0953f02cccad7bfc0f8dd9506ed36f7f7,0.982,105.2,103.3064,1727073554,Will a Republican win North Dakota Presidential Election?
0x61d4c8326bcf609e43403bc85ea57a70fae13ceffa2c570acef958d13eb016fc,0x810d2a9e0e27a71917a13fc63e1f5e5045651b94,BUY,Yes,74594161563120681410942425422244825470573111517564347846134443688695080108751,0xe618be45bbda1e6011ec1d7a03af0de0953f02cccad7bfc0f8dd9506ed36f7f7,0.982,103.09,101.23438,1727073350,Will a Republican win North Dakota Presidential Election?
0x719bfa963bc5e010f00a96aeaccc6ba5594213a0abc30c1c0635ea0fe209aa77,0xb98b834bc083f4ceb658399aad3a4b6a2af7606e,BUY,Yes,74594161563120681410942425422244825470573111517564347846134443688695080108751,0xe618be45bbda1e6011ec1d7a03af0de0953f02cccad7bfc0f8dd9506ed36f7f7,0.982,105.2,103.3064,1727073200,Will a Republican win North Dakota Presidential Election?
0x56d176d7e326478470754097124647860b9508b0186262d40499b99dfcd3fc10,0xfe77d4ccaba132c0e9aa8d42422b60f90acb3e9b,BUY,Yes,74594161563120681410942425422244825470573111517564347846134443688695080108751,0xe618be45bbda1e6011ec1d7a03af0de0953f02cccad7bfc0f8dd9506ed36f7f7,0.982,105.2,103.3064,1727073122,Will a Republican win North Dakota Presidential Election?
0x9c04b0698a1030972eb8d68bb85aea27fd2ee330a08677ce5616a1245692ba18,0xa6ec5a730c729fe58959ad434c3f2560dd5376ec,BUY,Yes,74594161563120681410942425422244825470573111517564347846134443688695080108751,0xe618be45bbda1e6011ec1d7a03af0de0953f02cccad7bfc0f8dd9506ed36f7f7,0.982,105.2,103.3064,1727073018,Will a Republican win North Dakota Presidential Election?
0x9c4488b86021ab2dcc858e049525a505fc724f7256267df4cb950ad90321d738,0xb98b834bc083f4ceb658399aad3a4b6a2af7606e,BUY,Yes,74594161563120681410942425422244825470573111517564347846134443688695080108751,0xe618be45bbda1e6011ec1d7a03af0de0953f02cccad7bfc0f8dd9506ed36f7f7,0.982,105.2,103.3064,1727071962,Will a Republican win North Dakota Presidential Election?
0xb72d84fbd95925d4f4f352af413cac42bc6fdf9fab45e85e3815634e77f40c52,0x810d2a9e0e27a71917a13fc63e1f5e5045651b94,BUY,Yes,74594161563120681410942425422244825470573111517564347846134443688695080108751,0xe618be45bbda1e6011ec1d7a03af0de0953f02cccad7bfc0f8dd9506ed36f7f7,0.982,103.09,101.23438,1727071810,Will a Republican win North Dakota Presidential Election?
0xf7147138a5c82f2eb742f1dbae2f5e3d255da488d55f30bc80328138ca9e774e,0x6a08e073cb860206e77872bb37844f37c9e02f62,BUY,Yes,74594161563120681410942425422244825470573111517564347846134443688695080108751,0xe618be45bbda1e6011ec1d7a03af0de0953f02cccad7bfc0f8dd9506ed36f7f7,0.982,105.2,103.3064,1727071642,Will a Republican win North Dakota Presidential Election?
0x28ae1af9c17ccbc5d4e254092cda8c5d070d6acc31f740d701f07dddeb05760f,0xfe77d4ccaba132c0e9aa8d42422b60f90acb3e9b,BUY,Yes,74594161563120681410942425422244825470573111517564347846134443688695080108751,0xe618be45bbda1e6011ec1d7a03af0de0953f02cccad7bfc0f8dd9506ed36f7f7,0.982,105.2,103.3064,1727071512,Will a Republican win North Dakota Presidential Election?
0x1129679663dcf17e95c811caac82f6ef1f747d20db177e241c2e8e17116f99df,0x810d2a9e0e27a71917a13fc63e1f5e5045651b94,BUY,Yes,74594161563120681410942425422244825470573111517564347846134443688695080108751,0xe618be45bbda1e6011ec1d7a03af0de0953f02cccad7bfc0f8dd9506ed36f7f7,0.982,103.09,101.23438,1727070393,Will a Republican win North Dakota Presidential Election?
0x11579214279599ba8348553b97aead72ec0be31fbef7ba844b6deae60b2a3c87,0xb98b834bc083f4ceb658399aad3a4b6a2af7606e,BUY,Yes,74594161563120681410942425422244825470573111517564347846134443688695080108751,0xe618be45bbda1e6011ec1d7a03af0de0953f02cccad7bfc0f8dd9506ed36f7f7,0.982,105.2,103.3064,1727070323,Will a Republican win North Dakota Presidential Election?
0x16913dab58ce7302d5b8ba5e29bc4308ffbe4089b88dc132a0e3da7cda04ecbc,0xa6ec5a730c729fe58959ad434c3f2560dd5376ec,BUY,Yes,74594161563120681410942425422244825470573111517564347846134443688695080108751,0xe618be45bbda1e6011ec1d7a03af0de0953f02cccad7bfc0f8dd9506ed36f7f7,0.982,105.2,103.3064,1727070191,Will a Republican win North Dakota Presidential Election?
0xab56f9b7a931261b0f905128296767ed29a22a54869e689c1ade292ea424ff93,0x6a08e073cb860206e77872bb37844f37c9e02f62,BUY,Yes,74594161563120681410942425422244825470573111517564347846134443688695080108751,0xe618be45bbda1e6011ec1d7a03af0de0953f02cccad7bfc0f8dd9506ed36f7f7,0.982,105.2,103.3064,1727069819,Will a Republican win North Dakota Presidential Election?
0x76cfc8613c4f0c1baa207562a07748d8793cb716ecfe7ad309eee03d5e6b0724,0xb98b834bc083f4ceb658399aad3a4b6a2af7606e,BUY,Yes,74594161563120681410942425422244825470573111517564347846134443688695080108751,0xe618be45bbda1e6011ec1d7a03af0de0953f02cccad7bfc0f8dd9506ed36f7f7,0.982,105.2,103.3064,1727069728,Will a Republican win North Dakota Presidential Election?
0x7d5742f48b5533d95d090f7aae037d2d9e14ea6f20f1058281c46f68af92eeea,0xfe77d4ccaba132c0e9aa8d42422b60f90acb3e9b,BUY,Yes,74594161563120681410942425422244825470573111517564347846134443688695080108751,0xe618be45bbda1e6011ec1d7a03af0de0953f02cccad7bfc0f8dd9506ed36f7f7,0.982,105.2,103.3064,1727069588,Will a Republican win North Dakota Presidential Election?
0xe25e34bbe45adc5190e99da0cad48c8c40a37b7e877be5d4347c0f26f7d936e9,0x6a08e073cb860206e77872bb37844f37c9e02f62,BUY,Yes,74594161563120681410942425422244825470573111517564347846134443688695080108751,0xe618be45bbda1e6011ec1d7a03af0de0953f02cccad7bfc0f8dd9506ed36f7f7,0.982,105.2,103.3064,1727069394,Will a Republican win North Dakota Presidential Election?
0x881b1882030d9330fc502d2019dee8fca489419c8c85db9abf44151365c0fef8,0xb98b834bc083f4ceb658399aad3a4b6a2af7606e,BUY,Yes,74594161563120681410942425422244825470573111517564347846134443688695080108751,0xe618be45bbda1e6011ec1d7a03af0de0953f02cccad7bfc0f8dd9506ed36f7f7,0.982,105.2,103.3064,1727069326,Will a Republican win North Dakota Presidential Election?
0xaa3a9d96be8b6b9ff3ec4992bea0559f6d90099736a110265379b214f80b6573,0x810d2a9e0e27a71917a13fc63e1f5e5045651b94,BUY,Yes,74594161563120681410942425422244825470573111517564347846134443688695080108751,0xe618be45bbda1e6011ec1d7a03af0de0953f02cccad7bfc0f8dd9506ed36f7f7,0.982,103.1,101.24419999999999,1727069082,Will a Republican win North Dakota Presidential Election?
0xc7b4f4dcb0cc35c9f41ec55edf3114397d0b8e34263213124eb7d94c5b3732b4,0xa6ec5a730c729fe58959ad434c3f2560dd5376ec,BUY,Yes,74594161563120681410942425422244825470573111517564347846134443688695080108751,0xe618be45bbda1e6011ec1d7a03af0de0953f02cccad7bfc0f8dd9506ed36f7f7,0.982,105.2,103.3064,1727068994,Will a Republican win North Dakota Presidential Election?
0x394e363832e22ad32362c639ca76ef952dad78707b44a8dd90dc5c79facbb11f,0xfe77d4ccaba132c0e9aa8d42422b60f90acb3e9b,BUY,Yes,74594161563120681410942425422244825470573111517564347846134443688695080108751,0xe618be45bbda1e6011ec1d7a03af0de0953f02cccad7bfc0f8dd9506ed36f7f7,0.982,105.2,103.3064,1727068798,Will a Republican win North Dakota Presidential Election?
0xc420af666c185e32ccb5ec6905f3c832d3ddb3c71eb79fcb33201af473bea1a3,0x810d2a9e0e27a71917a13fc63e1f5e5045651b94,BUY,Yes,74594161563120681410942425422244825470573111517564347846134443688695080108751,0xe618be45bbda1e6011ec1d7a03af0de0953f02cccad7bfc0f8dd9506ed36f7f7,0.982,103.1,101.24419999999999,1727068620,Will a Republican win North Dakota Presidential Election?
0x8da6e9579654d01717e8e36df0f0d45911680717783e1000a7a08541156282d9,0xb98b834bc083f4ceb658399aad3a4b6a2af7606e,BUY,Yes,74594161563120681410942425422244825470573111517564347846134443688695080108751,0xe618be45bbda1e6011ec1d7a03af0de0953f02cccad7bfc0f8dd9506ed36f7f7,0.983,105.2,103.4116,1727068488,Will a Republican win North Dakota Presidential Election?
0xe376f4116f60d45799d85628aaa0d63125f7954c286b93ee543f5a31b5017eff,0x2370d48501dbbe1974b6cf228e77d459f4870e10,SELL,No,64231611882804830712199371941028597288636183956835367215611038106102856620559,0xe618be45bbda1e6011ec1d7a03af0de0953f02cccad7bfc0f8dd9506ed36f7f7,0.019,130.85,2.48615,1727067305,Will a Republican win North Dakota Presidential Election?
0xb00da3e1cd0d2b5a54155804de8afe7702e11ff1949a633473bf1678b43cdb88,0x810d2a9e0e27a71917a13fc63e1f5e5045651b94,BUY,Yes,74594161563120681410942425422244825470573111517564347846134443688695080108751,0xe618be45bbda1e6011ec1d7a03af0de0953f02cccad7bfc0f8dd9506ed36f7f7,0.981,103.2,101.2392,1727067287,Will a Republican win North Dakota Presidential Election?
0xa1ecc6b7d352b7c347e3f1924facbd83c149e7b5db36782470cb0069dd701450,0xa6ec5a730c729fe58959ad434c3f2560dd5376ec,SELL,Yes,74594161563120681410942425422244825470573111517564347846134443688695080108751,0xe618be45bbda1e6011ec1d7a03af0de0953f02cccad7bfc0f8dd9506ed36f7f7,0.981,84.48,82.87488,1727067151,Will a Republican win North Dakota Presidential Election?
0xbafc15747a8bab4759a45b879011fb03b25691b7c6d1cdec26617cea3ca3d841,0xa6ec5a730c729fe58959ad434c3f2560dd5376ec,BUY,Yes,74594161563120681410942425422244825470573111517564347846134443688695080108751,0xe618be45bbda1e6011ec1d7a03af0de0953f02cccad7bfc0f8dd9506ed36f7f7,0.982,108,106.056,1727067047,Will a Republican win North Dakota Presidential Election?
0x5e31e71e6102e57d98ed3adcf08ee72e18c2e0a4a5b2f182a324f6bf63fca849,0xfe77d4ccaba132c0e9aa8d42422b60f90acb3e9b,BUY,Yes,74594161563120681410942425422244825470573111517564347846134443688695080108751,0xe618be45bbda1e6011ec1d7a03af0de0953f02cccad7bfc0f8dd9506ed36f7f7,0.981,22.85,22.415850000000002,1727066971,Will a Republican win North Dakota Presidential Election?
0x9e9e546aafbe29aad24eff30475f834536affa79d2601412a64e8ea057c5bc21,0x810d2a9e0e27a71917a13fc63e1f5e5045651b94,SELL,Yes,74594161563120681410942425422244825470573111517564347846134443688695080108751,0xe618be45bbda1e6011ec1d7a03af0de0953f02cccad7bfc0f8dd9506ed36f7f7,0.981,80.35,78.82334999999999,1727066891,Will a Republican win North Dakota Presidential Election?
0x30cb4d1afe1d5989f73529753bc3b86f04085e7aa9c1f25bf1ff8ea31c0e3483,0x6a08e073cb860206e77872bb37844f37c9e02f62,SELL,Yes,74594161563120681410942425422244825470573111517564347846134443688695080108751,0xe618be45bbda1e6011ec1d7a03af0de0953f02cccad7bfc0f8dd9506ed36f7f7,0.981,106.17,104.15277,1727066783,Will a Republican win North Dakota Presidential Election?
0x29d0bf34ca1134858ed4ff7785edf19141d2f5a4eb2565f83568cc00d6f2e985,0x6a08e073cb860206e77872bb37844f37c9e02f62,BUY,Yes,74594161563120681410942425422244825470573111517564347846134443688695080108751,0xe618be45bbda1e6011ec1d7a03af0de0953f02cccad7bfc0f8dd9506ed36f7f7,0.982,106.17,104.25894,1727066643,Will a Republican win North Dakota Presidential Election?
0x075091e5c9059464e57cd201674c7b33784d3f790747e3615c9a2680118677b1,0xa8139e2fb96365d28d1a4b2b6ae3d363a738a1bf,SELL,Yes,74594161563120681410942425422244825470573111517564347846134443688695080108751,0xe618be45bbda1e6011ec1d7a03af0de0953f02cccad7bfc0f8dd9506ed36f7f7,0.977,7.13,6.96601,1726989482,Will a Republican win North Dakota Presidential Election?
0xc484c0d45f8cf5e527cd444add9bd7835a1ccb103be08afbdd5647109b25dab1,0x3d2c832884bdce04776cb66cba935ec94a594a8c,BUY,Yes,74594161563120681410942425422244825470573111517564347846134443688695080108751,0xe618be45bbda1e6011ec1d7a03af0de0953f02cccad7bfc0f8dd9506ed36f7f7,0.982999997,5.259352,5.169943000221943,1726936050,Will a Republican win North Dakota Presidential Election?
0x5c31fef8dabba4956f6d1442eb9d56ef733813892d897fec1b87897ed70bdae0,0x6d57da09ef86a327524853b36fbd2e39cf0cbfc5,SELL,No,64231611882804830712199371941028597288636183956835367215611038106102856620559,0xe618be45bbda1e6011ec1d7a03af0de0953f02cccad7bfc0f8dd9506ed36f7f7,0.017,2228,37.876000000000005,1726927501,Will a Republican win North Dakota Presidential Election?
0xff01f47bcd155626660ff2fb08286b93301fb3dbfe3ec1dfcf60817203a39f9c,0x05dfdc5fb13b6ebd1631ce69136696e33e9dcbc5,SELL,Yes,74594161563120681410942425422244825470573111517564347846134443688695080108751,0xe618be45bbda1e6011ec1d7a03af0de0953f02cccad7bfc0f8dd9506ed36f7f7,0.977,0.91,0.88907,1726917349,Will a Republican win North Dakota Presidential Election?
0x3dda924bb62d07fa14b46c0739e9a583204c3b469ba87066b2217c1f6bbbd97f,0x05dfdc5fb13b6ebd1631ce69136696e33e9dcbc5,BUY,Yes,74594161563120681410942425422244825470573111517564347846134443688695080108751,0xe618be45bbda1e6011ec1d7a03af0de0953f02cccad7bfc0f8dd9506ed36f7f7,0.9829999924,0.915529,0.8999650000419797,1726917155,Will a Republican win North Dakota Presidential Election?
0xbef61774f8c1fb8ad437a5b516b8e0f24ba4529c8ba7a02898d6098809c75996,0x8f23aead02f055b69c7f7db51a2d74187bb2c7d0,SELL,No,64231611882804830712199371941028597288636183956835367215611038106102856620559,0xe618be45bbda1e6011ec1d7a03af0de0953f02cccad7bfc0f8dd9506ed36f7f7,0.0186833189,1945.49,36.348210086761,1726904054,Will a Republican win North Dakota Presidential Election?
0x71d5acd8a7e057fe48243327981fe6d1b0a34cc81780bcad6126ce90b6859d7f,0x0d36cc74ab8380cfc5634edd5d00fabbda114a5a,SELL,Yes,74594161563120681410942425422244825470573111517564347846134443688695080108751,0xe618be45bbda1e6011ec1d7a03af0de0953f02cccad7bfc0f8dd9506ed36f7f7,0.977,282.18,275.68986,1726853433,Will a Republican win North Dakota Presidential Election?
0x6384cdeac9c60b4e50970c4d7600ba2f899a303cdfe1ddfe7b625559724d58a4,0x82321989b01dac1bd63abe5997c2ab27c3d65e96,SELL,Yes,74594161563120681410942425422244825470573111517564347846134443688695080108751,0xe618be45bbda1e6011ec1d7a03af0de0953f02cccad7bfc0f8dd9506ed36f7f7,0.977,29.84,29.153679999999998,1726625971,Will a Republican win North Dakota Presidential Election?
0x126c3b41f71cce61bb1f1dce7c3fcaa0d574a2ac0fa25de9c4cfc10b40e3a266,0x82321989b01dac1bd63abe5997c2ab27c3d65e96,BUY,Yes,74594161563120681410942425422244825470573111517564347846134443688695080108751,0xe618be45bbda1e6011ec1d7a03af0de0953f02cccad7bfc0f8dd9506ed36f7f7,0.981,29.84,29.273039999999998,1726625937,Will a Republican win North Dakota Presidential Election?
0xc2b2971ba3e63903e15da769318c397742bfcb224d38d144e513b7952de47a23,0x979d5cd6e227580c2d8524514f642c19401ef27f,SELL,Yes,74594161563120681410942425422244825470573111517564347846134443688695080108751,0xe618be45bbda1e6011ec1d7a03af0de0953f02cccad7bfc0f8dd9506ed36f7f7,0.977,29.78,29.09506,1726625885,Will a Republican win North Dakota Presidential Election?
0x1bb0ea052a9ab4c6d72777066514f5882000f3466b68cfa20d2b996de78a42e9,0x979d5cd6e227580c2d8524514f642c19401ef27f,BUY,Yes,74594161563120681410942425422244825470573111517564347846134443688695080108751,0xe618be45bbda1e6011ec1d7a03af0de0953f02cccad7bfc0f8dd9506ed36f7f7,0.981,29.78,29.21418,1726625845,Will a Republican win North Dakota Presidential Election?
0x9b71664ea5e98b274329920657bbade79b4cc772486bba3d42e70fac43c2fb55,0x7bbe67d86ca1e3bbf9a634182690ddf69cc93eb1,SELL,Yes,74594161563120681410942425422244825470573111517564347846134443688695080108751,0xe618be45bbda1e6011ec1d7a03af0de0953f02cccad7bfc0f8dd9506ed36f7f7,0.977,25.65,25.060049999999997,1726625703,Will a Republican win North Dakota Presidential Election?
0x5c66161c31a89c3d94c70c4de60672d1025b8e735c7fc12c71d0f5e0560f9c39,0x7bbe67d86ca1e3bbf9a634182690ddf69cc93eb1,BUY,Yes,74594161563120681410942425422244825470573111517564347846134443688695080108751,0xe618be45bbda1e6011ec1d7a03af0de0953f02cccad7bfc0f8dd9506ed36f7f7,0.981,25.65,25.16265,1726625669,Will a Republican win North Dakota Presidential Election?
0xe5a40eeab589250ae2fdb56f72ae1c6daf79e0fd11cc538f36d7fc5df5af1ce0,0x2881f0d5546a49f3d67459f28dc6473209436a03,SELL,Yes,74594161563120681410942425422244825470573111517564347846134443688695080108751,0xe618be45bbda1e6011ec1d7a03af0de0953f02cccad7bfc0f8dd9506ed36f7f7,0.977,24.8,24.2296,1726625629,Will a Republican win North Dakota Presidential Election?
0x0a6dfb558e75696bce4fffefb29abf38055dbc62bb6e5e438f4f2e731d163fa9,0x2881f0d5546a49f3d67459f28dc6473209436a03,BUY,Yes,74594161563120681410942425422244825470573111517564347846134443688695080108751,0xe618be45bbda1e6011ec1d7a03af0de0953f02cccad7bfc0f8dd9506ed36f7f7,0.981,24.8,24.3288,1726625594,Will a Republican win North Dakota Presidential Election?
0x0b56624fabb0054b8a7b4f9ca8bcef097f04382c5b8810669ca8e71fda39502c,0x4964d4a5412eb52485ec406eda439b61fbf3ae3c,SELL,Yes,74594161563120681410942425422244825470573111517564347846134443688695080108751,0xe618be45bbda1e6011ec1d7a03af0de0953f02cccad7bfc0f8dd9506ed36f7f7,0.977,29.31,28.635869999999997,1726625534,Will a Republican win North Dakota Presidential Election?
0xc548b63b3e97c73a1d6b476418b21036ef7263eabdd0edf9c062c6f7e01f6a80,0x4964d4a5412eb52485ec406eda439b61fbf3ae3c,BUY,Yes,74594161563120681410942425422244825470573111517564347846134443688695080108751,0xe618be45bbda1e6011ec1d7a03af0de0953f02cccad7bfc0f8dd9506ed36f7f7,0.981,29.31,28.75311,1726625494,Will a Republican win North Dakota Presidential Election?
0x0f65adafa8e00c37896ea496356494a99d45004f4ee278081bb52bbe76fb7d17,0x036d935e2e36677d5a913cb66fdfbbc218ff527b,SELL,Yes,74594161563120681410942425422244825470573111517564347846134443688695080108751,0xe618be45bbda1e6011ec1d7a03af0de0953f02cccad7bfc0f8dd9506ed36f7f7,0.977,29.32,28.64564,1726625452,Will a Republican win North Dakota Presidential Election?
0x13e0f5e984820423fa9c52935d4c8302d3e320bb4c058a00cba4bb747dfc77a7,0x036d935e2e36677d5a913cb66fdfbbc218ff527b,BUY,Yes,74594161563120681410942425422244825470573111517564347846134443688695080108751,0xe618be45bbda1e6011ec1d7a03af0de0953f02cccad7bfc0f8dd9506ed36f7f7,0.981,29.32,28.76292,1726625418,Will a Republican win North Dakota Presidential Election?
0x2b82a89faaadbf34fe05b1ac7bed1d2db3f8338083e66848767ad31ae85554f4,0x5bac4e9d63337bc317a830695d89d601e17fced9,SELL,Yes,74594161563120681410942425422244825470573111517564347846134443688695080108751,0xe618be45bbda1e6011ec1d7a03af0de0953f02cccad7bfc0f8dd9506ed36f7f7,0.977,29.68,28.99736,1726625376,Will a Republican win North Dakota Presidential Election?
0x624ee276a07dc488a46166dcb2e1cb9d7b108f6d6ac176e12e092ae4c33b87a6,0x5bac4e9d63337bc317a830695d89d601e17fced9,BUY,Yes,74594161563120681410942425422244825470573111517564347846134443688695080108751,0xe618be45bbda1e6011ec1d7a03af0de0953f02cccad7bfc0f8dd9506ed36f7f7,0.981,29.68,29.11608,1726625342,Will a Republican win North Dakota Presidential Election?
0x0d081c5ab9cb27d915e8a180732fae35c96d190c33aadac2598b8a668e53af23,0x6e6cb5daf6f28f4f9a79d93f31cc955720a24e6f,SELL,Yes,74594161563120681410942425422244825470573111517564347846134443688695080108751,0xe618be45bbda1e6011ec1d7a03af0de0953f02cccad7bfc0f8dd9506ed36f7f7,0.977,29.09,28.42093,1726625302,Will a Republican win North Dakota Presidential Election?
0xd742eb0ec4af1523ac43c91816f3b422f9f38da219e32485b48fa1c564077b87,0x6e6cb5daf6f28f4f9a79d93f31cc955720a24e6f,BUY,Yes,74594161563120681410942425422244825470573111517564347846134443688695080108751,0xe618be45bbda1e6011ec1d7a03af0de0953f02cccad7bfc0f8dd9506ed36f7f7,0.981,29.09,28.53729,1726625270,Will a Republican win North Dakota Presidential Election?
0xa2cb8f0ca1ff7ce775fef8ea7b55b237c8e5250c38725527c78cf9c708fe325a,0xe6cb120dc016ab596b7b524475053bb82f2fcdb3,SELL,Yes,74594161563120681410942425422244825470573111517564347846134443688695080108751,0xe618be45bbda1e6011ec1d7a03af0de0953f02cccad7bfc0f8dd9506ed36f7f7,0.977,46.19,45.127629999999996,1726625232,Will a Republican win North Dakota Presidential Election?
0xafd7f7377705c0ef35cc9c73ea91272369c3210ce633eb0b95430511dc276ddd,0xe6cb120dc016ab596b7b524475053bb82f2fcdb3,BUY,Yes,74594161563120681410942425422244825470573111517564347846134443688695080108751,0xe618be45bbda1e6011ec1d7a03af0de0953f02cccad7bfc0f8dd9506ed36f7f7,0.981,46.19,45.31238999999999,1726625200,Will a Republican win North Dakota Presidential Election?
0x6f187323c59d5f6b40c4248f0716acc2dff20e96fa6fb3bf531addbb659d05af,0xd4407d17f1fc13053a3e46215dde09924160f7df,SELL,Yes,74594161563120681410942425422244825470573111517564347846134443688695080108751,0xe618be45bbda1e6011ec1d7a03af0de0953f02cccad7bfc0f8dd9506ed36f7f7,0.977,10.5,10.2585,1726544749,Will a Republican win North Dakota Presidential Election?
0x96440fa4c2c728db7107c2886e8313b68ce460759051c53d31ef4b5d5dd43b8d,0xd4407d17f1fc13053a3e46215dde09924160f7df,BUY,Yes,74594161563120681410942425422244825470573111517564347846134443688695080108751,0xe618be45bbda1e6011ec1d7a03af0de0953f02cccad7bfc0f8dd9506ed36f7f7,0.981,10.5,10.3005,1726543613,Will a Republican win North Dakota Presidential Election?
0xe332f68062d82da7df98800a639c0481a54dc3ddca7ad9bd0581cf2278e99230,0x9ed52180f95e9493b73273cda805c5bde7ddcbc1,SELL,Yes,74594161563120681410942425422244825470573111517564347846134443688695080108751,0xe618be45bbda1e6011ec1d7a03af0de0953f02cccad7bfc0f8dd9506ed36f7f7,0.977,380,371.26,1726513942,Will a Republican win North Dakota Presidential Election?
0x49adf33bd9af1d06067019fae71c7b12c707a71cf319bd423c81b44802f594ea,0x98f157830a38b93c58f62cefee438ef50ece78b6,SELL,Yes,74594161563120681410942425422244825470573111517564347846134443688695080108751,0xe618be45bbda1e6011ec1d7a03af0de0953f02cccad7bfc0f8dd9506ed36f7f7,0.977,11.82,11.54814,1726493223,Will a Republican win North Dakota Presidential Election?
0xeddecf01391c8c9093a384e3d8ebd177a9eeb239d0418bbad0d38b0d30548afd,0x0d36cc74ab8380cfc5634edd5d00fabbda114a5a,BUY,Yes,74594161563120681410942425422244825470573111517564347846134443688695080108751,0xe618be45bbda1e6011ec1d7a03af0de0953f02cccad7bfc0f8dd9506ed36f7f7,0.9809999981,282.181446,276.81999798985527,1726488489,Will a Republican win North Dakota Presidential Election?
0x1e9c0bae9e83ec5837016f73d6e3e6fff7a48743bbe14af97095bb3c6d3136c3,0x84c488f7cc0aa0d6483d7ad9c58305a39fa2ea8a,SELL,Yes,74594161563120681410942425422244825470573111517564347846134443688695080108751,0xe618be45bbda1e6011ec1d7a03af0de0953f02cccad7bfc0f8dd9506ed36f7f7,0.977,0.26,0.25402,1726425909,Will a Republican win North Dakota Presidential Election?
0xf791d22c7411bb4faacbb8866c9c1d554dc973e99b79785c1ee36fc76eadba03,0x84c488f7cc0aa0d6483d7ad9c58305a39fa2ea8a,BUY,Yes,74594161563120681410942425422244825470573111517564347846134443688695080108751,0xe618be45bbda1e6011ec1d7a03af0de0953f02cccad7bfc0f8dd9506ed36f7f7,0.9809986643,0.265034,0.2599979999940862,1726425747,Will a Republican win North Dakota Presidential Election?
0xfb494341d715a74d30bac2b44b9abec5e593803aa3dc93dd21cf65a5b628f571,0xc2cab5cfbcd153ec39434c4ecfbe95ca8077c93f,BUY,Yes,74594161563120681410942425422244825470573111517564347846134443688695080108751,0xe618be45bbda1e6011ec1d7a03af0de0953f02cccad7bfc0f8dd9506ed36f7f7,0.9809999922,1.019368,1.0000000000489297,1726308793,Will a Republican win North Dakota Presidential Election?
0x74c5a685c5eac9a2ab754f6533225bce1a86e108e1c243f71ac4c6a867e04e33,0x9e5119acf4493a6d33ec4034bbf3f37dcc637538,BUY,Yes,74594161563120681410942425422244825470573111517564347846134443688695080108751,0xe618be45bbda1e6011ec1d7a03af0de0953f02cccad7bfc0f8dd9506ed36f7f7,0.9809999847,5.096838,4.999998000018379,1726250411,Will a Republican win North Dakota Presidential Election?
0x89d9b2bf238b38c6195370f38c2e403d30e2e66d4eeea47d3f4515336648bde8,0x9e5119acf4493a6d33ec4034bbf3f37dcc637538,BUY,Yes,74594161563120681410942425422244825470573111517564347846134443688695080108751,0xe618be45bbda1e6011ec1d7a03af0de0953f02cccad7bfc0f8dd9506ed36f7f7,0.9809999847,5.096838,4.999998000018379,1726249073,Will a Republican win North Dakota Presidential Election?
0xbeb8b1003ff85ff7384f49138d62b9fb654f146ca7f24d9811dd01547943dbf4,0x9e5119acf4493a6d33ec4034bbf3f37dcc637538,BUY,Yes,74594161563120681410942425422244825470573111517564347846134443688695080108751,0xe618be45bbda1e6011ec1d7a03af0de0953f02cccad7bfc0f8dd9506ed36f7f7,0.9809999847,5.096838,4.999998000018379,1726249039,Will a Republican win North Dakota Presidential Election?
0x0664b799b49d25f80cb0b000ee1ff6ff1a26173224dab16f1814785435ad93af,0x03bcc859eba200e14afb784f437068f0b9578fc8,SELL,Yes,74594161563120681410942425422244825470573111517564347846134443688695080108751,0xe618be45bbda1e6011ec1d7a03af0de0953f02cccad7bfc0f8dd9506ed36f7f7,0.977,5.09,4.97293,1726226765,Will a Republican win North Dakota Presidential Election?
0xfa99b9e260da7048d4edf60889f1a8278280c52add7952db7a1a4c89c8b9dc7d,0x9e5119acf4493a6d33ec4034bbf3f37dcc637538,BUY,Yes,74594161563120681410942425422244825470573111517564347846134443688695080108751,0xe618be45bbda1e6011ec1d7a03af0de0953f02cccad7bfc0f8dd9506ed36f7f7,0.9809999735,2.038734,1.9999979999735489,1726203178,Will a Republican win North Dakota Presidential Election?
0x3dfa779011d005120e1e2ac5db29e076011a1b155d6a2bf85b93441814f600aa,0x9e5119acf4493a6d33ec4034bbf3f37dcc637538,BUY,Yes,74594161563120681410942425422244825470573111517564347846134443688695080108751,0xe618be45bbda1e6011ec1d7a03af0de0953f02cccad7bfc0f8dd9506ed36f7f7,0.9809999735,2.038734,1.9999979999735489,1726066743,Will a Republican win North Dakota Presidential Election?
0xf39e63bc9dc80c79bed13f99a9f41b9cafd5feace84028a747ea8c51242b5d33,0xc41179719dbe6fdfd6d13a541b9b5fa9a33f3e14,SELL,Yes,74594161563120681410942425422244825470573111517564347846134443688695080108751,0xe618be45bbda1e6011ec1d7a03af0de0953f02cccad7bfc0f8dd9506ed36f7f7,0.977,6.1,5.9597,1726049986,Will a Republican win North Dakota Presidential Election?
0x025ef95628154e90d0e57056f48bce00ccf6a93ab3425cd25dc6bd9eed02aa0d,0x9e41beb0a70b11cbca3d08ffbdc970355c89f2ed,BUY,Yes,74594161563120681410942425422244825470573111517564347846134443688695080108751,0xe618be45bbda1e6011ec1d7a03af0de0953f02cccad7bfc0f8dd9506ed36f7f7,0.9809999884,10.193678,9.999997999753335,1726040996,Will a Republican win North Dakota Presidential Election?
0xc9d398d0e6652cd64c5b626d479c9025d10395f408d577b86c3510ab19b486cd,0x34801c81c7bd5fe8be5cd39e924d13c4a879bf2d,SELL,Yes,74594161563120681410942425422244825470573111517564347846134443688695080108751,0xe618be45bbda1e6011ec1d7a03af0de0953f02cccad7bfc0f8dd9506ed36f7f7,0.977,11.21,10.95217,1725980129,Will a Republican win North Dakota Presidential Election?
0x32db8d7d02b191d61284c167316dd9f88770bfafc670f341a9f39fd6fb30b311,0x2881f0d5546a49f3d67459f28dc6473209436a03,SELL,Yes,74594161563120681410942425422244825470573111517564347846134443688695080108751,0xe618be45bbda1e6011ec1d7a03af0de0953f02cccad7bfc0f8dd9506ed36f7f7,0.977,25.06,24.48362,1725844497,Will a Republican win North Dakota Presidential Election?
0x6e22c1baf46492ab177be68639a8bebafe2ec9e57b4c9dcc8375589ee0684870,0x2881f0d5546a49f3d67459f28dc6473209436a03,BUY,Yes,74594161563120681410942425422244825470573111517564347846134443688695080108751,0xe618be45bbda1e6011ec1d7a03af0de0953f02cccad7bfc0f8dd9506ed36f7f7,0.981,25.06,24.583859999999998,1725844465,Will a Republican win North Dakota Presidential Election?
0x84a022ce785d53e8a3978da6e7734180fc23e7fd73d1b64c9d8cdbfa07ec713e,0x4964d4a5412eb52485ec406eda439b61fbf3ae3c,SELL,Yes,74594161563120681410942425422244825470573111517564347846134443688695080108751,0xe618be45bbda1e6011ec1d7a03af0de0953f02cccad7bfc0f8dd9506ed36f7f7,0.977,29.52,28.84104,1725844423,Will a Republican win North Dakota Presidential Election?
0x893d1e95ebe9992fd4d823c54d50ea9f9014f620c663fdb65fd719e00eff0eff,0x4964d4a5412eb52485ec406eda439b61fbf3ae3c,BUY,Yes,74594161563120681410942425422244825470573111517564347846134443688695080108751,0xe618be45bbda1e6011ec1d7a03af0de0953f02cccad7bfc0f8dd9506ed36f7f7,0.981,29.52,28.95912,1725844389,Will a Republican win North Dakota Presidential Election?
0x165b6c4c3e2ae323333d05014d3d6f3ee720245753a2e47fdd4f3a492cb416c9,0x036d935e2e36677d5a913cb66fdfbbc218ff527b,SELL,Yes,74594161563120681410942425422244825470573111517564347846134443688695080108751,0xe618be45bbda1e6011ec1d7a03af0de0953f02cccad7bfc0f8dd9506ed36f7f7,0.977,29.62,28.93874,1725844345,Will a Republican win North Dakota Presidential Election?
0x6f13cc055556146b4a6b8a930175e804b9d90d121f0f48956c286fecf7b030aa,0x036d935e2e36677d5a913cb66fdfbbc218ff527b,BUY,Yes,74594161563120681410942425422244825470573111517564347846134443688695080108751,0xe618be45bbda1e6011ec1d7a03af0de0953f02cccad7bfc0f8dd9506ed36f7f7,0.981,29.62,29.05722,1725844311,Will a Republican win North Dakota Presidential Election?
0xba5174f1fdb91398da460611c7a6c4ae1a322afd114f1bfbd3f145a3b8a11a92,0xe6cb120dc016ab596b7b524475053bb82f2fcdb3,SELL,Yes,74594161563120681410942425422244825470573111517564347846134443688695080108751,0xe618be45bbda1e6011ec1d7a03af0de0953f02cccad7bfc0f8dd9506ed36f7f7,0.977,46.37,45.30349,1725844107,Will a Republican win North Dakota Presidential Election?
0xf6d6a2e1a749ccfab5acb552e39f9867cd5fce660590f0d45e88bf0f550f8fee,0xe6cb120dc016ab596b7b524475053bb82f2fcdb3,BUY,Yes,74594161563120681410942425422244825470573111517564347846134443688695080108751,0xe618be45bbda1e6011ec1d7a03af0de0953f02cccad7bfc0f8dd9506ed36f7f7,0.981,46.37,45.488969999999995,1725844073,Will a Republican win North Dakota Presidential Election?
0xcca73e58f2f900ede0af6d0a978a3d83b01699ee10bbd86d521275c10182ec4b,0xb3f23680b135aba8b6864c9e98c875f14def08fa,SELL,Yes,74594161563120681410942425422244825470573111517564347846134443688695080108751,0xe618be45bbda1e6011ec1d7a03af0de0953f02cccad7bfc0f8dd9506ed36f7f7,0.977,224.03,218.87731,1725811909,Will a Republican win North Dakota Presidential Election?
0x488002062ca83d5e74723d59ecdcb5551f76563f8bd6b49f2396df1f4fa18946,0xfffe4013adfe325c6e02d36dc66e091f5476f52c,SELL,Yes,74594161563120681410942425422244825470573111517564347846134443688695080108751,0xe618be45bbda1e6011ec1d7a03af0de0953f02cccad7bfc0f8dd9506ed36f7f7,0.9779521286,2788.93,2727.440030016398,1725655585,Will a Republican win North Dakota Presidential Election?
0x22a8d31d46f0e1baee4371cc9e9d556430875a7021691374b8c263c420fdc071,0xf8ba34bf0e95d952d05b578bfbc0833f9242a286,BUY,No,64231611882804830712199371941028597288636183956835367215611038106102856620559,0xe618be45bbda1e6011ec1d7a03af0de0953f02cccad7bfc0f8dd9506ed36f7f7,0.0209999979,458.571427,9.629999004000004,1725644608,Will a Republican win North Dakota Presidential Election?
0x45512364626c4eb0788ab03f71c8a9741bb5d4345ba43cdca6e53adaaa08db2e,0x46907d969faa512a18ff46196cb98fa88a3eda6d,SELL,Yes,74594161563120681410942425422244825470573111517564347846134443688695080108751,0xe618be45bbda1e6011ec1d7a03af0de0953f02cccad7bfc0f8dd9506ed36f7f7,0.979,15.27,14.94933,1725446278,Will a Republican win North Dakota Presidential Election?
0xf5e50ace8bc422b0767216cd349657b7a688f0bf20e300e45cd8f8a8dfe17836,0x46907d969faa512a18ff46196cb98fa88a3eda6d,BUY,Yes,74594161563120681410942425422244825470573111517564347846134443688695080108751,0xe618be45bbda1e6011ec1d7a03af0de0953f02cccad7bfc0f8dd9506ed36f7f7,0.9819999995,15.274944,14.999995000362528,1725446274,Will a Republican win North Dakota Presidential Election?
0x507ae999fbcd19621220a2de8e9187572670aaf2e42d15e206f4ebbd9cf7f69b,0xe8d1277d08fc88ebdb29de6c252a913b7a29e5c5,SELL,Yes,74594161563120681410942425422244825470573111517564347846134443688695080108751,0xe618be45bbda1e6011ec1d7a03af0de0953f02cccad7bfc0f8dd9506ed36f7f7,0.979,10.18,9.96622,1725436606,Will a Republican win North Dakota Presidential Election?
0xbe5f44d1b568cc559fc86172393f5d51550afef4930907988ab60c35c7718e5c,0xe8d1277d08fc88ebdb29de6c252a913b7a29e5c5,BUY,Yes,74594161563120681410942425422244825470573111517564347846134443688695080108751,0xe618be45bbda1e6011ec1d7a03af0de0953f02cccad7bfc0f8dd9506ed36f7f7,0.9819999986,10.183277,9.999977999743413,1725436600,Will a Republican win North Dakota Presidential Election?
0x189b41d2f589c3eb8784e7a2602f606f89d76af69af561a2c947d454e28aa36d,0x0620a67e51d15fceef4cd6e03a4e2fdcb43002f2,SELL,Yes,74594161563120681410942425422244825470573111517564347846134443688695080108751,0xe618be45bbda1e6011ec1d7a03af0de0953f02cccad7bfc0f8dd9506ed36f7f7,0.979,15.27,14.94933,1725436044,Will a Republican win North Dakota Presidential Election?
0xf79d5dd7d8c4efbccfaf76dede2d040c75a4473060f0509d287411a0ab398d44,0x0620a67e51d15fceef4cd6e03a4e2fdcb43002f2,BUY,Yes,74594161563120681410942425422244825470573111517564347846134443688695080108751,0xe618be45bbda1e6011ec1d7a03af0de0953f02cccad7bfc0f8dd9506ed36f7f7,0.9819999995,15.274944,14.999995000362528,1725436038,Will a Republican win North Dakota Presidential Election?
0x3ebf9532e6d30298b3ce810af5b0584f7175685ff3715ee5ce4d22f1e14ebe21,0x09f6cd4a340228f96a7a0114245d24fd6aef52f3,BUY,Yes,74594161563120681410942425422244825470573111517564347846134443688695080108751,0xe618be45bbda1e6011ec1d7a03af0de0953f02cccad7bfc0f8dd9506ed36f7f7,0.9819999863,1.018277,0.9999480000496052,1725429141,Will a Republican win North Dakota Presidential Election?
0x321b57370abe30497421bd86997d16a79971d4a491d8fe82b4c672bde0f63c48,0x1a448656a7cc526ec12236dc43670d2ca97aa5d8,SELL,Yes,74594161563120681410942425422244825470573111517564347846134443688695080108751,0xe618be45bbda1e6011ec1d7a03af0de0953f02cccad7bfc0f8dd9506ed36f7f7,0.979,20.36,19.93244,1725418854,Will a Republican win North Dakota Presidential Election?
0x8663e0718fbd29a950d55ef525d1699591b3f976d3f9324a8a6b86444dbc5e26,0x1a448656a7cc526ec12236dc43670d2ca97aa5d8,BUY,Yes,74594161563120681410942425422244825470573111517564347846134443688695080108751,0xe618be45bbda1e6011ec1d7a03af0de0953f02cccad7bfc0f8dd9506ed36f7f7,0.9819999995,20.366555,19.999956999816725,1725418848,Will a Republican win North Dakota Presidential Election?
0x9e6d8899661b751e98137010dea8a27d3cb5e057fb2dbdc48febfb1483b0d928,0x9e5119acf4493a6d33ec4034bbf3f37dcc637538,BUY,Yes,74594161563120681410942425422244825470573111517564347846134443688695080108751,0xe618be45bbda1e6011ec1d7a03af0de0953f02cccad7bfc0f8dd9506ed36f7f7,0.9819999863,1.018277,0.9999480000496052,1725400823,Will a Republican win North Dakota Presidential Election?
0xcd88bfb96f016a7a97d09a82f828d8000ba9ad61556ce3a84ab0b72fad09a312,0xbc6a8b2d282dd21223f807012970387a05acf493,SELL,Yes,74594161563120681410942425422244825470573111517564347846134443688695080108751,0xe618be45bbda1e6011ec1d7a03af0de0953f02cccad7bfc0f8dd9506ed36f7f7,0.9796454966,906.31,887.862510023546,1725398415,Will a Republican win North Dakota Presidential Election?
0x3d10eb04883bc582040ffb6101c0d22c84fc08c020baa4c1c8f7065961abbf8f,0xb3f23680b135aba8b6864c9e98c875f14def08fa,BUY,Yes,74594161563120681410942425422244825470573111517564347846134443688695080108751,0xe618be45bbda1e6011ec1d7a03af0de0953f02cccad7bfc0f8dd9506ed36f7f7,0.982,224.032555,219.99996901,1725388568,Will a Republican win North Dakota Presidential Election?
0xa7f528a01597b8d60d7b0ce5360936de00e0a394621999f9de7482822bdd9932,0xbc6a8b2d282dd21223f807012970387a05acf493,BUY,Yes,74594161563120681410942425422244825470573111517564347846134443688695080108751,0xe618be45bbda1e6011ec1d7a03af0de0953f02cccad7bfc0f8dd9506ed36f7f7,0.982,906.313611,889.9999660020001,1725356738,Will a Republican win North Dakota Presidential Election?
0x59f2a022997f54db9bde7003d787568c64b8e01ed1625fac974044deec99a758,0x0397679504a8ed25b8d6189b6673a55cd0ea4ab7,SELL,Yes,74594161563120681410942425422244825470573111517564347846134443688695080108751,0xe618be45bbda1e6011ec1d7a03af0de0953f02cccad7bfc0f8dd9506ed36f7f7,0.98,5.09,4.9882,1725295840,Will a Republican win North Dakota Presidential Election?
0x4e6940235b0310a635b6b5d8c7f6e2741e48b1a54004b8b3f8ef53ceccdb5e4d,0x12e818bc36f87f0cccaac0998a47053dfd3b0d42,SELL,Yes,74594161563120681410942425422244825470573111517564347846134443688695080108751,0xe618be45bbda1e6011ec1d7a03af0de0953f02cccad7bfc0f8dd9506ed36f7f7,0.98,109.89,107.6922,1725290227,Will a Republican win North Dakota Presidential Election?
0xcbbeb27666fd6d12468acbfc44a243c2fe79f7616d3465831c52f3523782a937,0x6e6cb5daf6f28f4f9a79d93f31cc955720a24e6f,SELL,Yes,74594161563120681410942425422244825470573111517564347846134443688695080108751,0xe618be45bbda1e6011ec1d7a03af0de0953f02cccad7bfc0f8dd9506ed36f7f7,0.979,30.44,29.80076,1725241778,Will a Republican win North Dakota Presidential Election?
0xe01ab275ac7d52a73365d7b9e1e15dbeb23458fc04ba08045f222801bb96c345,0x6e6cb5daf6f28f4f9a79d93f31cc955720a24e6f,BUY,Yes,74594161563120681410942425422244825470573111517564347846134443688695080108751,0xe618be45bbda1e6011ec1d7a03af0de0953f02cccad7bfc0f8dd9506ed36f7f7,0.982,30.44,29.89208,1725241744,Will a Republican win North Dakota Presidential Election?
0x8a0e778d40667f0403610b46a7bd0648db0a2665cd3fc3a6e7938abe82967f0a,0x82321989b01dac1bd63abe5997c2ab27c3d65e96,SELL,Yes,74594161563120681410942425422244825470573111517564347846134443688695080108751,0xe618be45bbda1e6011ec1d7a03af0de0953f02cccad7bfc0f8dd9506ed36f7f7,0.979,31.84,31.17136,1725239902,Will a Republican win North Dakota Presidential Election?
0x9fa37d4ccaee453d3f4c35f2ee270d940d1f4be28461cca98b97bc37381d0790,0x82321989b01dac1bd63abe5997c2ab27c3d65e96,BUY,Yes,74594161563120681410942425422244825470573111517564347846134443688695080108751,0xe618be45bbda1e6011ec1d7a03af0de0953f02cccad7bfc0f8dd9506ed36f7f7,0.982,31.84,31.26688,1725239870,Will a Republican win North Dakota Presidential Election?
0x32f5c45eba49136f10c250a969de039128c0438d28ecec838155e061df261d37,0xcfee590cff5f528534d43d36eddbaabd746131b5,SELL,Yes,74594161563120681410942425422244825470573111517564347846134443688695080108751,0xe618be45bbda1e6011ec1d7a03af0de0953f02cccad7bfc0f8dd9506ed36f7f7,0.979,31.35,30.69165,1725239738,Will a Republican win North Dakota Presidential Election?
0xc2c7bb35a58d030d86bcc3fbfcf51c153db374f6a5a2cf71b5b0b1f573f013fb,0xcfee590cff5f528534d43d36eddbaabd746131b5,BUY,Yes,74594161563120681410942425422244825470573111517564347846134443688695080108751,0xe618be45bbda1e6011ec1d7a03af0de0953f02cccad7bfc0f8dd9506ed36f7f7,0.982,31.35,30.785700000000002,1725239706,Will a Republican win North Dakota Presidential Election?
0x17b744c18ba6035cc0f05bee9638cf762f850b35177e1fc4b48539e75f152dcf,0x7bbe67d86ca1e3bbf9a634182690ddf69cc93eb1,SELL,Yes,74594161563120681410942425422244825470573111517564347846134443688695080108751,0xe618be45bbda1e6011ec1d7a03af0de0953f02cccad7bfc0f8dd9506ed36f7f7,0.979,27.67,27.08893,1725239662,Will a Republican win North Dakota Presidential Election?
0x67570682b5b216d48becff52d211e7b8e872d1ade5cea28db716cb2ba199765c,0x7bbe67d86ca1e3bbf9a634182690ddf69cc93eb1,BUY,Yes,74594161563120681410942425422244825470573111517564347846134443688695080108751,0xe618be45bbda1e6011ec1d7a03af0de0953f02cccad7bfc0f8dd9506ed36f7f7,0.982,27.67,27.171940000000003,1725239624,Will a Republican win North Dakota Presidential Election?
0xa0c6a162053a8609c9d9ecb353b6f32b32e38b9ed64b630ad3605627ec5982b8,0x036d935e2e36677d5a913cb66fdfbbc218ff527b,SELL,Yes,74594161563120681410942425422244825470573111517564347846134443688695080108751,0xe618be45bbda1e6011ec1d7a03af0de0953f02cccad7bfc0f8dd9506ed36f7f7,0.979,31.03,30.37837,1725239386,Will a Republican win North Dakota Presidential Election?
0x630f2dc10829ade7d45a85746e8b2e82fb96e381aeb8c23ed2715f6739f64f88,0x036d935e2e36677d5a913cb66fdfbbc218ff527b,BUY,Yes,74594161563120681410942425422244825470573111517564347846134443688695080108751,0xe618be45bbda1e6011ec1d7a03af0de0953f02cccad7bfc0f8dd9506ed36f7f7,0.982,31.03,30.47146,1725239354,Will a Republican win North Dakota Presidential Election?
0x3856b7a25b3ea9621796dcf7ce7da9a1ca9333a1707ad230821b22a7bc5d47dd,0xc41179719dbe6fdfd6d13a541b9b5fa9a33f3e14,BUY,Yes,74594161563120681410942425422244825470573111517564347846134443688695080108751,0xe618be45bbda1e6011ec1d7a03af0de0953f02cccad7bfc0f8dd9506ed36f7f7,0.9819999987,6.109944,5.999965000057072,1725220270,Will a Republican win North Dakota Presidential Election?
0x45fa51e76129b087f3541c08d11e66c859c66bb7769ce85f2c6f6922b1f9a4e7,0x7bbe67d86ca1e3bbf9a634182690ddf69cc93eb1,SELL,Yes,74594161563120681410942425422244825470573111517564347846134443688695080108751,0xe618be45bbda1e6011ec1d7a03af0de0953f02cccad7bfc0f8dd9506ed36f7f7,0.979,27.79,27.206409999999998,1725202971,Will a Republican win North Dakota Presidential Election?
0x2aea58eb18322edee8948b026b0cba274ff03e8a0cdd29b469c2242c82d3b516,0x7bbe67d86ca1e3bbf9a634182690ddf69cc93eb1,BUY,Yes,74594161563120681410942425422244825470573111517564347846134443688695080108751,0xe618be45bbda1e6011ec1d7a03af0de0953f02cccad7bfc0f8dd9506ed36f7f7,0.982,27.79,27.28978,1725202937,Will a Republican win North Dakota Presidential Election?
0x1144e3bbe4f7fdf3f13a8d49af455f87cbde7837a6475b8e18bfbf6311d41ff2,0x6e6cb5daf6f28f4f9a79d93f31cc955720a24e6f,SELL,Yes,74594161563120681410942425422244825470573111517564347846134443688695080108751,0xe618be45bbda1e6011ec1d7a03af0de0953f02cccad7bfc0f8dd9506ed36f7f7,0.979,30.6,29.9574,1725202461,Will a Republican win North Dakota Presidential Election?
0x205bd8b9c47665e6d1550d788d09b9d46748ddd6dd92e106cb30f35b944c1c83,0x6e6cb5daf6f28f4f9a79d93f31cc955720a24e6f,BUY,Yes,74594161563120681410942425422244825470573111517564347846134443688695080108751,0xe618be45bbda1e6011ec1d7a03af0de0953f02cccad7bfc0f8dd9506ed36f7f7,0.982,30.6,30.049200000000003,1725202425,Will a Republican win North Dakota Presidential Election?
0x57e3ca8432fd343547f39d379a08a9d47a70fb41fe9f863de7c6c5287acd4205,0x2881f0d5546a49f3d67459f28dc6473209436a03,SELL,Yes,74594161563120681410942425422244825470573111517564347846134443688695080108751,0xe618be45bbda1e6011ec1d7a03af0de0953f02cccad7bfc0f8dd9506ed36f7f7,0.979,26.96,26.39384,1725200191,Will a Republican win North Dakota Presidential Election?
0x0b0cf8e107aaa4fc6d0b1ef460cc1f84779637e98b9cac48f3f7c827b43d6ea0,0x2881f0d5546a49f3d67459f28dc6473209436a03,BUY,Yes,74594161563120681410942425422244825470573111517564347846134443688695080108751,0xe618be45bbda1e6011ec1d7a03af0de0953f02cccad7bfc0f8dd9506ed36f7f7,0.982,26.96,26.47472,1725200143,Will a Republican win North Dakota Presidential Election?
0xf345872f57d77a9d40330ace1a0e23a9ff6c92f1b94b5309e784cc68a5db56bb,0x4964d4a5412eb52485ec406eda439b61fbf3ae3c,SELL,Yes,74594161563120681410942425422244825470573111517564347846134443688695080108751,0xe618be45bbda1e6011ec1d7a03af0de0953f02cccad7bfc0f8dd9506ed36f7f7,0.979,31.21,30.55459,1725200080,Will a Republican win North Dakota Presidential Election?
0x34cb20978a79d27bf2fb106e4dc32fb92a619fde9a6aca920952182c66c40eda,0x4964d4a5412eb52485ec406eda439b61fbf3ae3c,BUY,Yes,74594161563120681410942425422244825470573111517564347846134443688695080108751,0xe618be45bbda1e6011ec1d7a03af0de0953f02cccad7bfc0f8dd9506ed36f7f7,0.982,31.21,30.648220000000002,1725200046,Will a Republican win North Dakota Presidential Election?
0xac56b19c75d157d37cc149e5b6ca01697a01fb8e7f566202fc21dcdaf14e3810,0x036d935e2e36677d5a913cb66fdfbbc218ff527b,SELL,Yes,74594161563120681410942425422244825470573111517564347846134443688695080108751,0xe618be45bbda1e6011ec1d7a03af0de0953f02cccad7bfc0f8dd9506ed36f7f7,0.979,31.19,30.53501,1725199968,Will a Republican win North Dakota Presidential Election?
0xf6b24809d79c1104dd4f6cefcd007718974a29b3ce2a8b2ceb8ea9fc804797b0,0x036d935e2e36677d5a913cb66fdfbbc218ff527b,BUY,Yes,74594161563120681410942425422244825470573111517564347846134443688695080108751,0xe618be45bbda1e6011ec1d7a03af0de0953f02cccad7bfc0f8dd9506ed36f7f7,0.982,31.19,30.62858,1725199936,Will a Republican win North Dakota Presidential Election?
0x42a56b86a71bb4c1946f7934475a7ceb970d8ffe71f836a9a231e0dc1c6dbbfa,0x5bac4e9d63337bc317a830695d89d601e17fced9,SELL,Yes,74594161563120681410942425422244825470573111517564347846134443688695080108751,0xe618be45bbda1e6011ec1d7a03af0de0953f02cccad7bfc0f8dd9506ed36f7f7,0.979,31,30.349,1725199476,Will a Republican win North Dakota Presidential Election?
0x5f824211a841c10857e7a13641f2b34658dc0228d57879f802120c8efaac89a5,0x5bac4e9d63337bc317a830695d89d601e17fced9,BUY,Yes,74594161563120681410942425422244825470573111517564347846134443688695080108751,0xe618be45bbda1e6011ec1d7a03af0de0953f02cccad7bfc0f8dd9506ed36f7f7,0.982,31,30.442,1725199428,Will a Republican win North Dakota Presidential Election?
0x9b5f153402279c2ff6a44407e6421de98ecfc85c1d89984fae6c4be2b9a091d6,0x6e6cb5daf6f28f4f9a79d93f31cc955720a24e6f,SELL,Yes,74594161563120681410942425422244825470573111517564347846134443688695080108751,0xe618be45bbda1e6011ec1d7a03af0de0953f02cccad7bfc0f8dd9506ed36f7f7,0.979,30.7,30.0553,1725199376,Will a Republican win North Dakota Presidential Election?
0xaaa5968c0190b2a56294c5dfcec9eaa6da7b9d826ca9b68f2c16c863eb06f0b5,0x6e6cb5daf6f28f4f9a79d93f31cc955720a24e6f,BUY,Yes,74594161563120681410942425422244825470573111517564347846134443688695080108751,0xe618be45bbda1e6011ec1d7a03af0de0953f02cccad7bfc0f8dd9506ed36f7f7,0.982,30.7,30.147399999999998,1725199340,Will a Republican win North Dakota Presidential Election?
0xe6c7e7731077b3ceb401dc973eeed99c79bfeb6cc651ddffc0e1624e5bc94127,0x03bcc859eba200e14afb784f437068f0b9578fc8,BUY,Yes,74594161563120681410942425422244825470573111517564347846134443688695080108751,0xe618be45bbda1e6011ec1d7a03af0de0953f02cccad7bfc0f8dd9506ed36f7f7,0.9819999996,5.091611,4.9999619999633556,1725196275,Will a Republican win North Dakota Presidential Election?
0x1c462fe2a85e3760dfc7ba73b88d908516b3c47b5421110796e3e272bc9f74e7,0x3cf3e8d5427aed066a7a5926980600f6c3cf87b3,SELL,No,64231611882804830712199371941028597288636183956835367215611038106102856620559,0xe618be45bbda1e6011ec1d7a03af0de0953f02cccad7bfc0f8dd9506ed36f7f7,0.02,11.21,0.2242,1725129169,Will a Republican win North Dakota Presidential Election?
0x4e6c1f8e88c36e6bd6018787f2496e74a4f541f244b44198a56423e2943a5f55,0xb7b97619953d0322c2d2b3f95fa9a86fecc6cdfb,BUY,Yes,74594161563120681410942425422244825470573111517564347846134443688695080108751,0xe618be45bbda1e6011ec1d7a03af0de0953f02cccad7bfc0f8dd9506ed36f7f7,0.9807303976,11.216111,10.999981000555733,1725129045,Will a Republican win North Dakota Presidential Election?
0xadf4c5ce7d612d172e4d6b8ebc64a4d1c68027ded5badbfca0abad479717e261,0x1f8275b07a1775f84e2ed7e5a8086db58de82f33,BUY,Yes,74594161563120681410942425422244825470573111517564347846134443688695080108751,0xe618be45bbda1e6011ec1d7a03af0de0953f02cccad7bfc0f8dd9506ed36f7f7,0.981999998,7.128277,6.999967999743446,1725124758,Will a Republican win North Dakota Presidential Election?
0x216da5fceea99c043fa4962d2e85f0ebea9b7f42796005a6c6c136f5cbe90e62,0xa8139e2fb96365d28d1a4b2b6ae3d363a738a1bf,BUY,Yes,74594161563120681410942425422244825470573111517564347846134443688695080108751,0xe618be45bbda1e6011ec1d7a03af0de0953f02cccad7bfc0f8dd9506ed36f7f7,0.981999998,7.128277,6.999967999743446,1725110240,Will a Republican win North Dakota Presidential Election?
0x3eecaa49800495597aaac4a62ac9d628146e9135f5a86e2ac41abc407c7cdab5,0xa8139e2fb96365d28d1a4b2b6ae3d363a738a1bf,SELL,Yes,74594161563120681410942425422244825470573111517564347846134443688695080108751,0xe618be45bbda1e6011ec1d7a03af0de0953f02cccad7bfc0f8dd9506ed36f7f7,0.979,1.01,0.98879,1725110220,Will a Republican win North Dakota Presidential Election?
0x5b07a994c02af8bdccab9fe8611cf418d50cae298629a2f361ba3bde0d0703c9,0xa8139e2fb96365d28d1a4b2b6ae3d363a738a1bf,BUY,Yes,74594161563120681410942425422244825470573111517564347846134443688695080108751,0xe618be45bbda1e6011ec1d7a03af0de0953f02cccad7bfc0f8dd9506ed36f7f7,0.9819999863,1.018277,0.9999480000496052,1725110214,Will a Republican win North Dakota Presidential Election?
0xd3518559aea815e655d7c1d8f890e2b33e12db524d6415c6ca4c88163f78e732,0x9e5119acf4493a6d33ec4034bbf3f37dcc637538,BUY,Yes,74594161563120681410942425422244825470573111517564347846134443688695080108751,0xe618be45bbda1e6011ec1d7a03af0de0953f02cccad7bfc0f8dd9506ed36f7f7,0.9819999974,3.054944,2.9999550000571453,1725084202,Will a Republican win North Dakota Presidential Election?
0x5c92a9a6c37d415a650c89207797cd7cdac5c178b193ecad15a5d3cd24491b99,0x9e5119acf4493a6d33ec4034bbf3f37dcc637538,BUY,Yes,74594161563120681410942425422244825470573111517564347846134443688695080108751,0xe618be45bbda1e6011ec1d7a03af0de0953f02cccad7bfc0f8dd9506ed36f7f7,0.9819999863,1.018277,0.9999480000496052,1725083164,Will a Republican win North Dakota Presidential Election?
0x8683deab27df04f78611099096582cd97088864c6b4c61fe56aac61b3069f082,0x9e5119acf4493a6d33ec4034bbf3f37dcc637538,BUY,Yes,74594161563120681410942425422244825470573111517564347846134443688695080108751,0xe618be45bbda1e6011ec1d7a03af0de0953f02cccad7bfc0f8dd9506ed36f7f7,0.9819999996,5.091611,4.9999619999633556,1725071939,Will a Republican win North Dakota Presidential Election?
0xfe0a0807689d3aff1a6f71e3b2fd9a9cae728746e63b96cd104a0de191ec3145,0x84c483cc53e366a26676273422c8f8830f050aed,SELL,Yes,74594161563120681410942425422244825470573111517564347846134443688695080108751,0xe618be45bbda1e6011ec1d7a03af0de0953f02cccad7bfc0f8dd9506ed36f7f7,0.979,0.54,0.52866,1725061472,Will a Republican win North Dakota Presidential Election?
0x067c48c75ff83131b93deec2714d5158af3a8c4dd74965ecedc7bd8022b272be,0x84c483cc53e366a26676273422c8f8830f050aed,BUY,Yes,74594161563120681410942425422244825470573111517564347846134443688695080108751,0xe618be45bbda1e6011ec1d7a03af0de0953f02cccad7bfc0f8dd9506ed36f7f7,0.9819999709,0.549888,0.5399899999982593,1725061224,Will a Republican win North Dakota Presidential Election?
0x41bf646c5b23865a02a108d458b754c1fec91109b4a88899eada289a94f9b2db,0x98f157830a38b93c58f62cefee438ef50ece78b6,BUY,Yes,74594161563120681410942425422244825470573111517564347846134443688695080108751,0xe618be45bbda1e6011ec1d7a03af0de0953f02cccad7bfc0f8dd9506ed36f7f7,0.9819999988,11.822777,11.609966999812668,1725036806,Will a Republican win North Dakota Presidential Election?
0x7e7d383f352b02302b574747ae1d88ca545ca8234a992e8d0d8f0c83d9954cd4,0x8aa19b75d7e87c393bcf1a03af9420dd4aa7166b,SELL,Yes,74594161563120681410942425422244825470573111517564347846134443688695080108751,0xe618be45bbda1e6011ec1d7a03af0de0953f02cccad7bfc0f8dd9506ed36f7f7,0.9792184227,46.79,45.817629998133,1725025748,Will a Republican win North Dakota Presidential Election?
0xfac9872eb49239dad09dd2800185ccfaeed14b2870c76af28159683177863b46,0x0b4e63de93149f79a55bdf14566f3ef0c144f3ca,BUY,Yes,74594161563120681410942425422244825470573111517564347846134443688695080108751,0xe618be45bbda1e6011ec1d7a03af0de0953f02cccad7bfc0f8dd9506ed36f7f7,0.9809999884,10.193678,9.999997999753335,1725008838,Will a Republican win North Dakota Presidential Election?
0xb9c4f49db23808d6fdab803ca75eac63e565f91707accc33e74cbeaf051f27ec,0x34801c81c7bd5fe8be5cd39e924d13c4a879bf2d,BUY,Yes,74594161563120681410942425422244825470573111517564347846134443688695080108751,0xe618be45bbda1e6011ec1d7a03af0de0953f02cccad7bfc0f8dd9506ed36f7f7,0.9809999888,11.213046,10.999998000413884,1725007774,Will a Republican win North Dakota Presidential Election?
0x227ff7666dd0b24b57bb23479f94aefe9b01347a25d89ca28262a02682213e44,0x0397679504a8ed25b8d6189b6673a55cd0ea4ab7,BUY,Yes,74594161563120681410942425422244825470573111517564347846134443688695080108751,0xe618be45bbda1e6011ec1d7a03af0de0953f02cccad7bfc0f8dd9506ed36f7f7,0.9809999847,5.096838,4.999998000018379,1724947476,Will a Republican win North Dakota Presidential Election?
0xacbe53411f7c79744757a041ee9a18f26ad16d53e01e0fd9a2953a46be2095d0,0x9e5119acf4493a6d33ec4034bbf3f37dcc637538,BUY,Yes,74594161563120681410942425422244825470573111517564347846134443688695080108751,0xe618be45bbda1e6011ec1d7a03af0de0953f02cccad7bfc0f8dd9506ed36f7f7,0.9809999735,2.038734,1.9999979999735489,1724769588,Will a Republican win North Dakota Presidential Election?
0xf131947d8d706ec54490eaff80577f592e3481b46167cc6a2b3a23b275ffcf38,0x743848257bffb0dd616ae0e8cb98e098f06e57e7,SELL,Yes,74594161563120681410942425422244825470573111517564347846134443688695080108751,0xe618be45bbda1e6011ec1d7a03af0de0953f02cccad7bfc0f8dd9506ed36f7f7,0.98,1.01,0.9898,1724755276,Will a Republican win North Dakota Presidential Election?
0xf11a5559e5d59d72b7586cfa4abcadb37e005bde20d9ceb5d52f3780b6ba89f0,0x743848257bffb0dd616ae0e8cb98e098f06e57e7,BUY,Yes,74594161563120681410942425422244825470573111517564347846134443688695080108751,0xe618be45bbda1e6011ec1d7a03af0de0953f02cccad7bfc0f8dd9506ed36f7f7,0.9809999922,1.019368,1.0000000000489297,1724754684,Will a Republican win North Dakota Presidential Election?
0xb719e536036adb98affd6ba535baadfd29981904b0b531f7181f2257ed951c38,0x8aa19b75d7e87c393bcf1a03af9420dd4aa7166b,BUY,Yes,74594161563120681410942425422244825470573111517564347846134443688695080108751,0xe618be45bbda1e6011ec1d7a03af0de0953f02cccad7bfc0f8dd9506ed36f7f7,0.9819999999,76.354333,74.97995499836456,1724680357,Will a Republican win North Dakota Presidential Election?
0x0768f36466bd50251e94669b217c6cab813f86fe994dd2d7817fc616ac86833c,0xeceac3a8e4323d3182d66ed32137f09b24396c21,BUY,Yes,74594161563120681410942425422244825470573111517564347846134443688695080108751,0xe618be45bbda1e6011ec1d7a03af0de0953f02cccad7bfc0f8dd9506ed36f7f7,0.9819999863,1.018277,0.9999480000496052,1724654542,Will a Republican win North Dakota Presidential Election?
0x4eb442ca285e91d533b3e71072bc7942e15eccf39b07d2b37948bccedab00f22,0x738b187cea071b0dd5eb92ad24090816e2315106,BUY,Yes,74594161563120681410942425422244825470573111517564347846134443688695080108751,0xe618be45bbda1e6011ec1d7a03af0de0953f02cccad7bfc0f8dd9506ed36f7f7,0.9819999863,1.018277,0.9999480000496052,1724653729,Will a Republican win North Dakota Presidential Election?
0x66e2a5a45f80b253a9e602573588a5dedb0884512df9a9411875125f12126015,0xc95a67d420dfdaea605955ec2ca7ff05a8e711d8,SELL,Yes,74594161563120681410942425422244825470573111517564347846134443688695080108751,0xe618be45bbda1e6011ec1d7a03af0de0953f02cccad7bfc0f8dd9506ed36f7f7,0.979,0.35,0.34264999999999995,1724636132,Will a Republican win North Dakota Presidential Election?
0x33f406d4132bf68e9500ba6328f872db92804b78eed0bb16c5d437dd001fa345,0x9ed52180f95e9493b73273cda805c5bde7ddcbc1,BUY,Yes,74594161563120681410942425422244825470573111517564347846134443688695080108751,0xe618be45bbda1e6011ec1d7a03af0de0953f02cccad7bfc0f8dd9506ed36f7f7,0.98,380,372.4,1724626316,Will a Republican win North Dakota Presidential Election?
0x3da2e418ecce0e2c1db37abc9a8e5044fc34260fb31f94ac61998357a8712eaf,0x6356fb47642a028bc09df92023c35a21a0b41885,SELL,No,64231611882804830712199371941028597288636183956835367215611038106102856620559,0xe618be45bbda1e6011ec1d7a03af0de0953f02cccad7bfc0f8dd9506ed36f7f7,0.02,162.73,3.2546,1724578342,Will a Republican win North Dakota Presidential Election?
0x359c4f6b6eaba5d29784253979fd90fafb73de71c6fd97e5a0b550c235db7e62,0x771038ceb4181e8100afcb29e8c09ab14744101d,BUY,Yes,74594161563120681410942425422244825470573111517564347846134443688695080108751,0xe618be45bbda1e6011ec1d7a03af0de0953f02cccad7bfc0f8dd9506ed36f7f7,0.98,0.13265,0.129997,1724398489,Will a Republican win North Dakota Presidential Election?
0x060d3268fa43480b577867addb6d4ef4bdcfd109af07125950ef6273647cd5f6,0x9e5119acf4493a6d33ec4034bbf3f37dcc637538,BUY,Yes,74594161563120681410942425422244825470573111517564347846134443688695080108751,0xe618be45bbda1e6011ec1d7a03af0de0953f02cccad7bfc0f8dd9506ed36f7f7,0.98,4.0816,3.999968,1724397435,Will a Republican win North Dakota Presidential Election?
0x9601857b0da255a269f8832375528d223ea199b870ada8b7cc6ff780093be4eb,0x182b2bd1f035abe76eeb2244b32d9ebac27ef022,SELL,Yes,74594161563120681410942425422244825470573111517564347846134443688695080108751,0xe618be45bbda1e6011ec1d7a03af0de0953f02cccad7bfc0f8dd9506ed36f7f7,0.976,0.01,0.00976,1724376329,Will a Republican win North Dakota Presidential Election?
0xb06890aaa96bca76f6aab33f2653a92c3538dce3b02f42a95166299901dacfe4,0xcfd123ecc0b188ff5608385ee3146377a07e1b71,SELL,Yes,74594161563120681410942425422244825470573111517564347846134443688695080108751,0xe618be45bbda1e6011ec1d7a03af0de0953f02cccad7bfc0f8dd9506ed36f7f7,0.976,40.81,39.83056,1724373559,Will a Republican win North Dakota Presidential Election?
0xef9858cd37e1a346716844c0c154d9240fa325e95c3d880c34b84a0ea4e3eaed,0xcfd123ecc0b188ff5608385ee3146377a07e1b71,BUY,Yes,74594161563120681410942425422244825470573111517564347846134443688695080108751,0xe618be45bbda1e6011ec1d7a03af0de0953f02cccad7bfc0f8dd9506ed36f7f7,0.9790016619,40.8579,39.99995200174401,1724373553,Will a Republican win North Dakota Presidential Election?
0x3b24c202eb3c3d0c60ba961e90bfe00a5c69f093dcac987e624555e08bb622b6,0xfa1c66c8d0ec9115a5bfda4a9af57c44d3ba33c1,SELL,Yes,74594161563120681410942425422244825470573111517564347846134443688695080108751,0xe618be45bbda1e6011ec1d7a03af0de0953f02cccad7bfc0f8dd9506ed36f7f7,0.975,45.91,44.762249999999995,1724169368,Will a Republican win North Dakota Presidential Election?
0x404050318e235eb81e084af2901a6da013312bf0f08d94d4500fcf2c56247750,0x51f528c4ea37c14bf3c8e523a280c950c49f8e5a,SELL,Yes,74594161563120681410942425422244825470573111517564347846134443688695080108751,0xe618be45bbda1e6011ec1d7a03af0de0953f02cccad7bfc0f8dd9506ed36f7f7,0.976,45.91,44.808159999999994,1724119052,Will a Republican win North Dakota Presidential Election?
0xdcb816afd8e3450a7610a405094a8a6d37d9e4da0f242805cdbca4d675b3b233,0x51f528c4ea37c14bf3c8e523a280c950c49f8e5a,BUY,Yes,74594161563120681410942425422244825470573111517564347846134443688695080108751,0xe618be45bbda1e6011ec1d7a03af0de0953f02cccad7bfc0f8dd9506ed36f7f7,0.9793540615,45.94865,44.99999699794198,1724119046,Will a Republican win North Dakota Presidential Election?
0x015e8c57071c3bf1c602e11d3cfd65c313e5e844a7a5f54d69f6518498c58644,0x7088aa960d18f7ef5ce832eb6231f8c19dcfcb23,BUY,Yes,74594161563120681410942425422244825470573111517564347846134443688695080108751,0xe618be45bbda1e6011ec1d7a03af0de0953f02cccad7bfc0f8dd9506ed36f7f7,0.978999441,1.021449,0.999998000010009,1724102585,Will a Republican win North Dakota Presidential Election?
0x11acb75b8a8640630fa8280838c89adf6466444e288580ae6214398fff9461a3,0x1f3fbec4c3c8a56f765f6f98be76dd6bbef03ba4,SELL,Yes,74594161563120681410942425422244825470573111517564347846134443688695080108751,0xe618be45bbda1e6011ec1d7a03af0de0953f02cccad7bfc0f8dd9506ed36f7f7,0.976,30.61,29.875359999999997,1724038554,Will a Republican win North Dakota Presidential Election?
0x299c6b07e1f888339ea3582a51574eb319c9597099bcd6c80d636beca9e2caa5,0x1f3fbec4c3c8a56f765f6f98be76dd6bbef03ba4,BUY,Yes,74594161563120681410942425422244825470573111517564347846134443688695080108751,0xe618be45bbda1e6011ec1d7a03af0de0953f02cccad7bfc0f8dd9506ed36f7f7,0.9778516599,30.6795,29.99999999990205,1724038546,Will a Republican win North Dakota Presidential Election?
0x3fecb15174b43e2d2cd975ead7cce233ddf98316e6f7459980547c9fe79afc50,0x9e5119acf4493a6d33ec4034bbf3f37dcc637538,BUY,Yes,74594161563120681410942425422244825470573111517564347846134443688695080108751,0xe618be45bbda1e6011ec1d7a03af0de0953f02cccad7bfc0f8dd9506ed36f7f7,0.9789999985,2.042857,1.9999569999357145,1724006776,Will a Republican win North Dakota Presidential Election?
0x6e908130a1c3c9fb1d290ade6ffb54e04d16d38e8914a10ab37c08422c0f7f74,0x9e5119acf4493a6d33ec4034bbf3f37dcc637538,BUY,Yes,74594161563120681410942425422244825470573111517564347846134443688695080108751,0xe618be45bbda1e6011ec1d7a03af0de0953f02cccad7bfc0f8dd9506ed36f7f7,0.9789999883,1.021428,0.9999780000492924,1724006568,Will a Republican win North Dakota Presidential Election?
0x882fcd927910ce7c9664e67bf7885dae96884f29dae5a62fd7b814e7def20d2f,0x9e5119acf4493a6d33ec4034bbf3f37dcc637538,BUY,Yes,74594161563120681410942425422244825470573111517564347846134443688695080108751,0xe618be45bbda1e6011ec1d7a03af0de0953f02cccad7bfc0f8dd9506ed36f7f7,0.978999978,0.817142,0.7999820000228761,1724006464,Will a Republican win North Dakota Presidential Election?
0xd66214f54d3f3dbe44b2797fd4c183ab2af662c4307a6c952e565e3a333b779c,0x9e5119acf4493a6d33ec4034bbf3f37dcc637538,BUY,Yes,74594161563120681410942425422244825470573111517564347846134443688695080108751,0xe618be45bbda1e6011ec1d7a03af0de0953f02cccad7bfc0f8dd9506ed36f7f7,0.9789999955,2.24719,2.199998999887645,1724006456,Will a Republican win North Dakota Presidential Election?
0xfb5dea423391323363aa87a32b9f7d8639ec1b9875e77dcff6fc30a90a5c42df,0x9e5119acf4493a6d33ec4034bbf3f37dcc637538,BUY,Yes,74594161563120681410942425422244825470573111517564347846134443688695080108751,0xe618be45bbda1e6011ec1d7a03af0de0953f02cccad7bfc0f8dd9506ed36f7f7,0.9789999996,5.107238,4.999985999957104,1723966535,Will a Republican win North Dakota Presidential Election?
0x37c4a828d7aacd922132ad548162c6a7f938d59f0d197dd8b0fbf39c8e5f9949,0x9e5119acf4493a6d33ec4034bbf3f37dcc637538,BUY,Yes,74594161563120681410942425422244825470573111517564347846134443688695080108751,0xe618be45bbda1e6011ec1d7a03af0de0953f02cccad7bfc0f8dd9506ed36f7f7,0.9789999996,5.107238,4.999985999957104,1723849766,Will a Republican win North Dakota Presidential Election?
0x7eb5d4d2dbe6cb9676a491711e83b26c03e1b18c2b9885641876b89a3068de12,0xf4e13b1991d373c1c3a61f1868a8836c762221a6,SELL,No,64231611882804830712199371941028597288636183956835367215611038106102856620559,0xe618be45bbda1e6011ec1d7a03af0de0953f02cccad7bfc0f8dd9506ed36f7f7,0.025,5,0.125,1723803750,Will a Republican win North Dakota Presidential Election?
0x6a6eec800eb8a94c47c431241d0bc71a25e9ac53f51e6af7da4477fda45f8aaa,0xa6d2793fdf7445d95d0712f13036e9a633ce8969,SELL,Yes,74594161563120681410942425422244825470573111517564347846134443688695080108751,0xe618be45bbda1e6011ec1d7a03af0de0953f02cccad7bfc0f8dd9506ed36f7f7,0.973,67.1,65.28829999999999,1723803726,Will a Republican win North Dakota Presidential Election?
0xf40f803743b39a220880d312cfa212f147459fb1ae9f354f151b325e3ee13d19,0xcc0958c7574813e47378fba04b05b0b562220c66,SELL,Yes,74594161563120681410942425422244825470573111517564347846134443688695080108751,0xe618be45bbda1e6011ec1d7a03af0de0953f02cccad7bfc0f8dd9506ed36f7f7,0.973,69.1,67.23429999999999,1723803708,Will a Republican win North Dakota Presidential Election?
0xd947594dac2561e900974f8022726e3227407d2fbd73f148b4834fcd04c05caa,0xf4e13b1991d373c1c3a61f1868a8836c762221a6,BUY,No,64231611882804830712199371941028597288636183956835367215611038106102856620559,0xe618be45bbda1e6011ec1d7a03af0de0953f02cccad7bfc0f8dd9506ed36f7f7,0.027,5,0.135,1723803696,Will a Republican win North Dakota Presidential Election?
0xf9d8f86262be9ebeb39af685eaeed74033cda92ced65f1aaa8111ecd25bd9172,0xa6d2793fdf7445d95d0712f13036e9a633ce8969,BUY,Yes,74594161563120681410942425422244825470573111517564347846134443688695080108751,0xe618be45bbda1e6011ec1d7a03af0de0953f02cccad7bfc0f8dd9506ed36f7f7,0.975,67.1,65.4225,1723803614,Will a Republican win North Dakota Presidential Election?
0xe2608c73368a9c8b8ccd20820f8f5710599c586b769c1ba4c3ef93649bac1dc7,0xcc0958c7574813e47378fba04b05b0b562220c66,BUY,Yes,74594161563120681410942425422244825470573111517564347846134443688695080108751,0xe618be45bbda1e6011ec1d7a03af0de0953f02cccad7bfc0f8dd9506ed36f7f7,0.975,69.1,67.37249999999999,1723803588,Will a Republican win North Dakota Presidential Election?
0xf195d3fdb1ad1817c21a6d2a24bdc45fa4373410bc73a490b35e557787382152,0x2d5be6534b60224c93fbb11ec17e0db982396be4,BUY,Yes,74594161563120681410942425422244825470573111517564347846134443688695080108751,0xe618be45bbda1e6011ec1d7a03af0de0953f02cccad7bfc0f8dd9506ed36f7f7,0.975,21.53844,20.999979,1723799999,Will a Republican win North Dakota Presidential Election?
0xfd76cc75985fe0043b79c8527ce2e84f73b14bbc93ab399a425a57ad7af95b91,0x9fe02d7c07e877e4a7ad75703aa3ef558bf0f2a8,SELL,No,64231611882804830712199371941028597288636183956835367215611038106102856620559,0xe618be45bbda1e6011ec1d7a03af0de0953f02cccad7bfc0f8dd9506ed36f7f7,0.026,198.67,5.165419999999999,1723783433,Will a Republican win North Dakota Presidential Election?
0x77d366502511c76b8adf4cce2db0324f31bac86f90043e90a57386dc0e1f9bd6,0x2370d48501dbbe1974b6cf228e77d459f4870e10,SELL,No,64231611882804830712199371941028597288636183956835367215611038106102856620559,0xe618be45bbda1e6011ec1d7a03af0de0953f02cccad7bfc0f8dd9506ed36f7f7,0.026,51.33,1.3345799999999999,1723737719,Will a Republican win North Dakota Presidential Election?
0xcff1374ef39feda7e8143bbe1980586283d7d07ba3f16457737cc1f277dbb8d4,0xf8b42278b51c17e82ba5aa30ffba049193fc2235,SELL,Yes,74594161563120681410942425422244825470573111517564347846134443688695080108751,0xe618be45bbda1e6011ec1d7a03af0de0953f02cccad7bfc0f8dd9506ed36f7f7,0.9709812975,51.33,49.840470000675,1723713643,Will a Republican win North Dakota Presidential Election?
0xc911354f5861d2cc2b702ef5c008bda0d2a0c184e734bb578be3bfe5e965bb00,0xf8b42278b51c17e82ba5aa30ffba049193fc2235,BUY,Yes,74594161563120681410942425422244825470573111517564347846134443688695080108751,0xe618be45bbda1e6011ec1d7a03af0de0953f02cccad7bfc0f8dd9506ed36f7f7,0.9739999998,51.334692,49.99998999773306,1723713635,Will a Republican win North Dakota Presidential Election?
0x37817738175a7890abcc69acc1b482b1fca23d0b7db671ea60c816132dd5d5f0,0x3e672101db12faf935127ebf2e0f74ebf25e22c3,SELL,No,64231611882804830712199371941028597288636183956835367215611038106102856620559,0xe618be45bbda1e6011ec1d7a03af0de0953f02cccad7bfc0f8dd9506ed36f7f7,0.026,50,1.3,1723627593,Will a Republican win North Dakota Presidential Election?
0xb16202778bf203a1b7d0558c8c30ed81ac2f0a11308f4fc5f14fa0ad7ef1601c,0x3e672101db12faf935127ebf2e0f74ebf25e22c3,BUY,No,64231611882804830712199371941028597288636183956835367215611038106102856620559,0xe618be45bbda1e6011ec1d7a03af0de0953f02cccad7bfc0f8dd9506ed36f7f7,0.03,50,1.5,1723625236,Will a Republican win North Dakota Presidential Election?
0x26fa613d0a335d20b64b647e4343a06e28250980f7df34d92d08a9dd0f4f31e5,0x514fe61c801904239c36d9a0059bbe37e8f9577d,SELL,Yes,74594161563120681410942425422244825470573111517564347846134443688695080108751,0xe618be45bbda1e6011ec1d7a03af0de0953f02cccad7bfc0f8dd9506ed36f7f7,0.971,0.1,0.0971,1723543608,Will a Republican win North Dakota Presidential Election?
0xbbfc28a0e52311c4e32c7599321345a38804eabf7358dff3d86c59b7892dedce,0x6356fb47642a028bc09df92023c35a21a0b41885,SELL,No,64231611882804830712199371941028597288636183956835367215611038106102856620559,0xe618be45bbda1e6011ec1d7a03af0de0953f02cccad7bfc0f8dd9506ed36f7f7,0.029,360,10.440000000000001,1723133970,Will a Republican win North Dakota Presidential Election?
0x67a896c214770413b6918224405feec1028ee5238100987527efb0d09535c4cb,0x4ce73141dbfce41e65db3723e31059a730f0abad,BUY,No,64231611882804830712199371941028597288636183956835367215611038106102856620559,0xe618be45bbda1e6011ec1d7a03af0de0953f02cccad7bfc0f8dd9506ed36f7f7,0.03,320,9.6,1723129976,Will a Republican win North Dakota Presidential Election?
0xc7ec032e80f4e194151426e7438c6d6fd626db0bfc9bf540a1514c1dd086cfa4,0xb49f468c15c49783f2664c7198a4949ade1b12e6,BUY,No,64231611882804830712199371941028597288636183956835367215611038106102856620559,0xe618be45bbda1e6011ec1d7a03af0de0953f02cccad7bfc0f8dd9506ed36f7f7,0.029,110,3.19,1723109985,Will a Republican win North Dakota Presidential Election?
0x5fd899970b5a9ebe72a18103537698954f8ac2d84845cc5f6fb03e1cd21dd21d,0xb49f468c15c49783f2664c7198a4949ade1b12e6,BUY,No,64231611882804830712199371941028597288636183956835367215611038106102856620559,0xe618be45bbda1e6011ec1d7a03af0de0953f02cccad7bfc0f8dd9506ed36f7f7,0.029,80,2.3200000000000003,1723109919,Will a Republican win North Dakota Presidential Election?
0x62b1666faa4f6c56b48e11cbff6aa952b6a4a071339fc2bc1cb6160ae5ef612d,0xb49f468c15c49783f2664c7198a4949ade1b12e6,BUY,No,64231611882804830712199371941028597288636183956835367215611038106102856620559,0xe618be45bbda1e6011ec1d7a03af0de0953f02cccad7bfc0f8dd9506ed36f7f7,0.029,170,4.930000000000001,1723109919,Will a Republican win North Dakota Presidential Election?
0x64a49a06709b4d737b4e0fb5ece6102b1ef6d44547f62961d273d35d658c653b,0x9d84ce0306f8551e02efef1680475fc0f1dc1344,BUY,Yes,74594161563120681410942425422244825470573111517564347846134443688695080108751,0xe618be45bbda1e6011ec1d7a03af0de0953f02cccad7bfc0f8dd9506ed36f7f7,0.9695522256,7407.48,7181.938720087487,1723109849,Will a Republican win North Dakota Presidential Election?
0x62075b438f7108e0809a60db73d1045588c78600c26be8a8deb26f4442067a09,0x4ce73141dbfce41e65db3723e31059a730f0abad,BUY,No,64231611882804830712199371941028597288636183956835367215611038106102856620559,0xe618be45bbda1e6011ec1d7a03af0de0953f02cccad7bfc0f8dd9506ed36f7f7,0.035,380.94,13.3329,1723088391,Will a Republican win North Dakota Presidential Election?
0xa3703144fda4cd401ab550af4b8c0882ba26ce504dccae148b77b36c33d7bccd,0xc95a67d420dfdaea605955ec2ca7ff05a8e711d8,BUY,Yes,74594161563120681410942425422244825470573111517564347846134443688695080108751,0xe618be45bbda1e6011ec1d7a03af0de0953f02cccad7bfc0f8dd9506ed36f7f7,0.9679999317,0.351218,0.3399790000118106,1723020402,Will a Republican win North Dakota Presidential Election?
0xeabbf45a8a7c311d6374240768951cc46f0328f5f7525e5e6e87d87087e88c21,0x16b28f12be45fbcba8b3b7f5eaebe63d9b68b780,SELL,Yes,74594161563120681410942425422244825470573111517564347846134443688695080108751,0xe618be45bbda1e6011ec1d7a03af0de0953f02cccad7bfc0f8dd9506ed36f7f7,0.962,54.51,52.43861999999999,1722989128,Will a Republican win North Dakota Presidential Election?
0xdecb7ff95f6c330b17c43a4248909e318e6ae4a8220ba22380137f17c7476935,0x3216c04f15faa4ce2228af8d4fd77b9e242d3ee6,BUY,No,64231611882804830712199371941028597288636183956835367215611038106102856620559,0xe618be45bbda1e6011ec1d7a03af0de0953f02cccad7bfc0f8dd9506ed36f7f7,0.034,1131,38.454,1722965359,Will a Republican win North Dakota Presidential Election?
0xe0c6223b4de6578a50e1c38f1a51d9eed2c70a6b40e86bc867abca76bb2bb7b9,0x45bba5d919561bfbf9b5d506df6db0a3f19aed92,SELL,Yes,74594161563120681410942425422244825470573111517564347846134443688695080108751,0xe618be45bbda1e6011ec1d7a03af0de0953f02cccad7bfc0f8dd9506ed36f7f7,0.965,1.04,1.0036,1722944804,Will a Republican win North Dakota Presidential Election?
0x2565b8ba0c3e31b9101f1c53ea784500ebd7620d20cab99b6ef7f397fbeb1fde,0x577f8f177c2d8a784688507973461e2c245791bc,SELL,Yes,74594161563120681410942425422244825470573111517564347846134443688695080108751,0xe618be45bbda1e6011ec1d7a03af0de0953f02cccad7bfc0f8dd9506ed36f7f7,0.964,1.07,1.03148,1722915303,Will a Republican win North Dakota Presidential Election?
0xdb67a4d4755b635894ce00c2219200eeacbbd7b2eb605e7fd5e748aa13afa897,0xb49f468c15c49783f2664c7198a4949ade1b12e6,BUY,No,64231611882804830712199371941028597288636183956835367215611038106102856620559,0xe618be45bbda1e6011ec1d7a03af0de0953f02cccad7bfc0f8dd9506ed36f7f7,0.033,100,3.3000000000000003,1722912709,Will a Republican win North Dakota Presidential Election?
0x3ad2af3e92b1399cf61e5a2d33b7de842761898778b758a5a6de0ef522ac42a5,0xb49f468c15c49783f2664c7198a4949ade1b12e6,BUY,No,64231611882804830712199371941028597288636183956835367215611038106102856620559,0xe618be45bbda1e6011ec1d7a03af0de0953f02cccad7bfc0f8dd9506ed36f7f7,0.033,140,4.62,1722912701,Will a Republican win North Dakota Presidential Election?
0x8f40bbbf6a84043b77bc919f5d5493e2dd25a1da22c2dfe3a792f640f8d14c25,0xb49f468c15c49783f2664c7198a4949ade1b12e6,BUY,No,64231611882804830712199371941028597288636183956835367215611038106102856620559,0xe618be45bbda1e6011ec1d7a03af0de0953f02cccad7bfc0f8dd9506ed36f7f7,0.033,140,4.62,1722912701,Will a Republican win North Dakota Presidential Election?
0xecb5322646ef4eb65f1ec8248cf70bb89fb53e4ffa272d8d6eb17c7344356dcc,0xb49f468c15c49783f2664c7198a4949ade1b12e6,BUY,No,64231611882804830712199371941028597288636183956835367215611038106102856620559,0xe618be45bbda1e6011ec1d7a03af0de0953f02cccad7bfc0f8dd9506ed36f7f7,0.033,90,2.97,1722912641,Will a Republican win North Dakota Presidential Election?
0x993775ff2eaff9a43aa6193e0f5966556e58f0f5ba70cb65000aa44bc490e630,0xb49f468c15c49783f2664c7198a4949ade1b12e6,BUY,No,64231611882804830712199371941028597288636183956835367215611038106102856620559,0xe618be45bbda1e6011ec1d7a03af0de0953f02cccad7bfc0f8dd9506ed36f7f7,0.033,140,4.62,1722912635,Will a Republican win North Dakota Presidential Election?
0x500b756057b1d45d250e078204e3740ad91507ae267b604b667f9441c4adb02d,0xb49f468c15c49783f2664c7198a4949ade1b12e6,BUY,No,64231611882804830712199371941028597288636183956835367215611038106102856620559,0xe618be45bbda1e6011ec1d7a03af0de0953f02cccad7bfc0f8dd9506ed36f7f7,0.033,147,4.851,1722912635,Will a Republican win North Dakota Presidential Election?
0x54138a93c74f7c28c9907c82b675a3ecb0c010df26d91f94bc3f87430cf7c186,0x05c5aab002faa347cffcab3e557231bb574873e1,SELL,Yes,74594161563120681410942425422244825470573111517564347846134443688695080108751,0xe618be45bbda1e6011ec1d7a03af0de0953f02cccad7bfc0f8dd9506ed36f7f7,0.963,109.89,105.82406999999999,1722892282,Will a Republican win North Dakota Presidential Election?
0xd579f1069da9efaf7c2d67fc5622a5596e86e093847035dc6ee9cd6089308db5,0x8f23aead02f055b69c7f7db51a2d74187bb2c7d0,SELL,No,64231611882804830712199371941028597288636183956835367215611038106102856620559,0xe618be45bbda1e6011ec1d7a03af0de0953f02cccad7bfc0f8dd9506ed36f7f7,0.034,2000,68.0,1722855560,Will a Republican win North Dakota Presidential Election?
0xf2e5e5e898f3476c6a8bfc222401774e502797e141d427a4905ad3df7e7fabe0,0x05374db2b5970f7c8834d7751bc7b199ed944a7a,BUY,No,64231611882804830712199371941028597288636183956835367215611038106102856620559,0xe618be45bbda1e6011ec1d7a03af0de0953f02cccad7bfc0f8dd9506ed36f7f7,0.0389962911,0.256409,0.009999000004659898,1722799049,Will a Republican win North Dakota Presidential Election?
0xe9d90709289eea4b209fe411c658f742e88935c50b56ee8cb49d39ada955b125,0x9e41715a30ce73ce00ecaf9bd99be03d8615cf4d,SELL,Yes,74594161563120681410942425422244825470573111517564347846134443688695080108751,0xe618be45bbda1e6011ec1d7a03af0de0953f02cccad7bfc0f8dd9506ed36f7f7,0.961,220.05,211.46805,1722780711,Will a Republican win North Dakota Presidential Election?
0x0c65ec4a5bbc4f459d7278886790c672ab6bbbe8050e15ff12f5fb4a267b9300,0x3df440f8dc6ae7addc89ba84f54eee759d58d745,BUY,No,64231611882804830712199371941028597288636183956835367215611038106102856620559,0xe618be45bbda1e6011ec1d7a03af0de0953f02cccad7bfc0f8dd9506ed36f7f7,0.04,0.25,0.01,1722621470,Will a Republican win North Dakota Presidential Election?
0x920177b02edf71639d593a874155b57e83a38602cb5feb98270fd1143f1b0b5b,0xfea622579fe415150fb0e4dac55718ab3b205d43,BUY,Yes,74594161563120681410942425422244825470573111517564347846134443688695080108751,0xe618be45bbda1e6011ec1d7a03af0de0953f02cccad7bfc0f8dd9506ed36f7f7,0.9689986416,0.020612,0.0199730000006592,1722621100,Will a Republican win North Dakota Presidential Election?
0x567113a6d53db8bd3e9d82f05444ff3f2c4f4195aa993a15bb644d3eefc310ba,0x101fddcfa283ba0a44fd1bf087ce26fea232fd98,BUY,No,64231611882804830712199371941028597288636183956835367215611038106102856620559,0xe618be45bbda1e6011ec1d7a03af0de0953f02cccad7bfc0f8dd9506ed36f7f7,0.04,0.5,0.02,1722620334,Will a Republican win North Dakota Presidential Election?
0xfa436d422392ea37c0ca46b9462f0ec4acc5155c18d0f114c45e9ff1a75c94c5,0xdc8f58ede2cbf4327716e791dc7e86cdfe010b7e,BUY,No,64231611882804830712199371941028597288636183956835367215611038106102856620559,0xe618be45bbda1e6011ec1d7a03af0de0953f02cccad7bfc0f8dd9506ed36f7f7,0.04,0.5,0.02,1722620226,Will a Republican win North Dakota Presidential Election?
0xa2bda5ed3e13410d77194fc01a46dc728d58294654d21f32a2432c65969897c7,0x4f16b51bbfc8a78bf5cb6809707575e967dd6899,SELL,Yes,74594161563120681410942425422244825470573111517564347846134443688695080108751,0xe618be45bbda1e6011ec1d7a03af0de0953f02cccad7bfc0f8dd9506ed36f7f7,0.96,114.58,109.9968,1722587873,Will a Republican win North Dakota Presidential Election?
0xa2f903b5b39d0893d796d0b5a25fb77db1112db0264e812db71e721fef307d8b,0x8a221ef5efac273229caf74bea63dc0b661355ae,BUY,Yes,74594161563120681410942425422244825470573111517564347846134443688695080108751,0xe618be45bbda1e6011ec1d7a03af0de0953f02cccad7bfc0f8dd9506ed36f7f7,0.9699999515,0.412366,0.399995000000249,1722567483,Will a Republican win North Dakota Presidential Election?
0xc2fa95183f48543d39527f7b7e1b31630d12c6af25811e1358733b3b7ef39a8f,0x4d46686327a4b6bf11894062a37ef860f2d69cd7,SELL,Yes,74594161563120681410942425422244825470573111517564347846134443688695080108751,0xe618be45bbda1e6011ec1d7a03af0de0953f02cccad7bfc0f8dd9506ed36f7f7,0.96,1.07,1.0272000000000001,1722564665,Will a Republican win North Dakota Presidential Election?
0x9840a7a7a4dbf1ec3d84f0987d1d5adf0f3d35d937387e35ea8b0dfa5b870564,0xba944aed549afe90c7b4f9a896c66de9d2de902c,SELL,Yes,74594161563120681410942425422244825470573111517564347846134443688695080108751,0xe618be45bbda1e6011ec1d7a03af0de0953f02cccad7bfc0f8dd9506ed36f7f7,0.96,1.04,0.9984,1722564097,Will a Republican win North Dakota Presidential Election?
0xc310df3e71d4d60802cd4cd24647fbc22a63193dbe203ed930e6c41eb278ef75,0x04cb3c1f43122587c43d2c89383374065a8daa2c,SELL,Yes,74594161563120681410942425422244825470573111517564347846134443688695080108751,0xe618be45bbda1e6011ec1d7a03af0de0953f02cccad7bfc0f8dd9506ed36f7f7,0.96,1.04,0.9984,1722561444,Will a Republican win North Dakota Presidential Election?
0x3d1fe497b555a9f30c8e279952bb375f8669f77d8fe63a4dec598f5c1b2bcb0a,0xabd5ef7f4e3b3aa45ec756b89aadf04573f8e9ce,BUY,Yes,74594161563120681410942425422244825470573111517564347846134443688695080108751,0xe618be45bbda1e6011ec1d7a03af0de0953f02cccad7bfc0f8dd9506ed36f7f7,0.97,0.0103,0.009991,1722536417,Will a Republican win North Dakota Presidential Election?
0xe71685794e78c19319eeb779055d141edaa3946083fd18bf6380e862cca8ed44,0x1cf0aa5ac7d3492b533b9bc7c1ee6f91c34e20e1,BUY,Yes,74594161563120681410942425422244825470573111517564347846134443688695080108751,0xe618be45bbda1e6011ec1d7a03af0de0953f02cccad7bfc0f8dd9506ed36f7f7,0.97,0.0103,0.009991,1722534294,Will a Republican win North Dakota Presidential Election?
0xeb9328f5e1f8c44e45c653c9e44ac9d5a98bd5d8b4af34ca842985901ebd1bcf,0x182b2bd1f035abe76eeb2244b32d9ebac27ef022,SELL,No,64231611882804830712199371941028597288636183956835367215611038106102856620559,0xe618be45bbda1e6011ec1d7a03af0de0953f02cccad7bfc0f8dd9506ed36f7f7,0.03,600,18.0,1722520488,Will a Republican win North Dakota Presidential Election?
0xab9a406a04bba1e28b71eb4a06a97a664704c41af093a3f95f5e948694a7aa1e,0x9d84ce0306f8551e02efef1680475fc0f1dc1344,BUY,Yes,74594161563120681410942425422244825470573111517564347846134443688695080108751,0xe618be45bbda1e6011ec1d7a03af0de0953f02cccad7bfc0f8dd9506ed36f7f7,0.96,7207.68,6919.3728,1722520478,Will a Republican win North Dakota Presidential Election?
0xffa342717d59a5b3e04adcebe3821d65b36853ec31ed92e42397b0b68554fe0f,0xf2d5debf2a9abbd642d553571dfa2c2fa113dcd2,SELL,Yes,74594161563120681410942425422244825470573111517564347846134443688695080108751,0xe618be45bbda1e6011ec1d7a03af0de0953f02cccad7bfc0f8dd9506ed36f7f7,0.95,1.04,0.988,1722506757,Will a Republican win North Dakota Presidential Election?
0x4190950da60799609c2e3d84a3bf19ca4eb11b658fb6dbb3f49cfcb360b3525f,0x94c4d032090aaf95f5a60345eb52639036ae8379,BUY,Yes,74594161563120681410942425422244825470573111517564347846134443688695080108751,0xe618be45bbda1e6011ec1d7a03af0de0953f02cccad7bfc0f8dd9506ed36f7f7,0.96,0.0104,0.009984,1722458184,Will a Republican win North Dakota Presidential Election?
0x464284edba35243301735bf1355f40990344f3bd754c890efb343859acb32060,0x94c4d032090aaf95f5a60345eb52639036ae8379,BUY,No,64231611882804830712199371941028597288636183956835367215611038106102856620559,0xe618be45bbda1e6011ec1d7a03af0de0953f02cccad7bfc0f8dd9506ed36f7f7,0.05,0.2,0.010000000000000002,1722458180,Will a Republican win North Dakota Presidential Election?
0xeb23a38261bc36d02c8e6752deff6fd39d4b2634bee74e472c4c9ed7caf2866d,0x1fbb0b50ee6b2b22b653af67b56d6b21884266f9,SELL,Yes,74594161563120681410942425422244825470573111517564347846134443688695080108751,0xe618be45bbda1e6011ec1d7a03af0de0953f02cccad7bfc0f8dd9506ed36f7f7,0.95,1.04,0.988,1722414870,Will a Republican win North Dakota Presidential Election?
0x9c6fb9bf4c69a9743dfb50780767e6a0dbd3d36751e49b7b53d772ac72ad4779,0x8f23aead02f055b69c7f7db51a2d74187bb2c7d0,BUY,No,64231611882804830712199371941028597288636183956835367215611038106102856620559,0xe618be45bbda1e6011ec1d7a03af0de0953f02cccad7bfc0f8dd9506ed36f7f7,0.05,2000,100.0,1722395206,Will a Republican win North Dakota Presidential Election?
0xecb033fb5aa4ac3520fdebaa022c796b2e2b248e14f018ff24d712f091f73bde,0x67d1022ea23d5bebd80a4974a936ba6a2064fc95,BUY,Yes,74594161563120681410942425422244825470573111517564347846134443688695080108751,0xe618be45bbda1e6011ec1d7a03af0de0953f02cccad7bfc0f8dd9506ed36f7f7,0.96,0.0104,0.009984,1722360722,Will a Republican win North Dakota Presidential Election?
0x8852c87a2af906db35f14efc528ed32775ccb0896f35da458454f8e0fe3af25b,0x45bba5d919561bfbf9b5d506df6db0a3f19aed92,BUY,Yes,74594161563120681410942425422244825470573111517564347846134443688695080108751,0xe618be45bbda1e6011ec1d7a03af0de0953f02cccad7bfc0f8dd9506ed36f7f7,0.96,1.04165,0.999984,1722324720,Will a Republican win North Dakota Presidential Election?
0xe036b2c31d8578729201250214587c141022802549f26d86d3f42abfd4492bf8,0x1fbb0b50ee6b2b22b653af67b56d6b21884266f9,BUY,Yes,74594161563120681410942425422244825470573111517564347846134443688695080108751,0xe618be45bbda1e6011ec1d7a03af0de0953f02cccad7bfc0f8dd9506ed36f7f7,0.96,1.04165,0.999984,1722305262,Will a Republican win North Dakota Presidential Election?
0x632fb79771586335d1bb31e712db06642d95f49ac6751ef1ef551797e039cac6,0x6a4f2186611f3b737ce12e5cef42f80cf255c5c7,BUY,Yes,74594161563120681410942425422244825470573111517564347846134443688695080108751,0xe618be45bbda1e6011ec1d7a03af0de0953f02cccad7bfc0f8dd9506ed36f7f7,0.96,0.0104,0.009984,1722271869,Will a Republican win North Dakota Presidential Election?
0xb009ac749d33f18586f6f245180e3b0262d84a66d189e94f9a127453483a86aa,0x514fe61c801904239c36d9a0059bbe37e8f9577d,BUY,Yes,74594161563120681410942425422244825470573111517564347846134443688695080108751,0xe618be45bbda1e6011ec1d7a03af0de0953f02cccad7bfc0f8dd9506ed36f7f7,0.96,0.10415,0.099984,1722253269,Will a Republican win North Dakota Presidential Election?
0x6cfefba96eff5d44a6c254d4a51801f08983c9757b77cfd9561ab12ecacc6d17,0xba944aed549afe90c7b4f9a896c66de9d2de902c,BUY,Yes,74594161563120681410942425422244825470573111517564347846134443688695080108751,0xe618be45bbda1e6011ec1d7a03af0de0953f02cccad7bfc0f8dd9506ed36f7f7,0.96,1.04165,0.999984,1722234383,Will a Republican win North Dakota Presidential Election?
0x10d966f2fc1505664c63def56a4cbf6e98e7eddce02435577308f782253e186e,0x04cb3c1f43122587c43d2c89383374065a8daa2c,BUY,Yes,74594161563120681410942425422244825470573111517564347846134443688695080108751,0xe618be45bbda1e6011ec1d7a03af0de0953f02cccad7bfc0f8dd9506ed36f7f7,0.96,1.04165,0.999984,1722227001,Will a Republican win North Dakota Presidential Election?
0xef8f7226669f25315702275e4fe830dd75d12d049cabfb71603f3f80b7eec054,0x1773095fbb39c767a35433f3f877e91c1e397d98,BUY,Yes,74594161563120681410942425422244825470573111517564347846134443688695080108751,0xe618be45bbda1e6011ec1d7a03af0de0953f02cccad7bfc0f8dd9506ed36f7f7,0.96,0.020825,0.019992,1722226355,Will a Republican win North Dakota Presidential Election?
0x88f6c90f9ba0e797bdde3a943cd00ac9d7cbfc375ede4af91354487fbaf101cc,0xf2d5debf2a9abbd642d553571dfa2c2fa113dcd2,BUY,Yes,74594161563120681410942425422244825470573111517564347846134443688695080108751,0xe618be45bbda1e6011ec1d7a03af0de0953f02cccad7bfc0f8dd9506ed36f7f7,0.96,1.04165,0.999984,1722225873,Will a Republican win North Dakota Presidential Election?
0xf148f6ff1665e1d3e4977a39bc2e69eb2bd4160dea95a276b7cde88819b64459,0x4f16b51bbfc8a78bf5cb6809707575e967dd6899,BUY,Yes,74594161563120681410942425422244825470573111517564347846134443688695080108751,0xe618be45bbda1e6011ec1d7a03af0de0953f02cccad7bfc0f8dd9506ed36f7f7,0.96,114.583325,109.99999199999999,1722205683,Will a Republican win North Dakota Presidential Election?
0xa20c004460db885e9fdc47dec3b54cb60dfbde129d1815b2163aaccea5c89df2,0xe691c65c791a1adbefb37124e631ad888c251d8a,SELL,Yes,74594161563120681410942425422244825470573111517564347846134443688695080108751,0xe618be45bbda1e6011ec1d7a03af0de0953f02cccad7bfc0f8dd9506ed36f7f7,0.95,1.07,1.0165,1721878097,Will a Republican win North Dakota Presidential Election?
0x83d329eec0ac9e8497669d7c4f1ce5804724e48b5d825a7ca7e89675f77b2478,0x97d89f6324168a7129b1ff6621219a1e7c75a3e3,BUY,Yes,74594161563120681410942425422244825470573111517564347846134443688695080108751,0xe618be45bbda1e6011ec1d7a03af0de0953f02cccad7bfc0f8dd9506ed36f7f7,0.96,0.0104,0.009984,1721650827,Will a Republican win North Dakota Presidential Election?
0x86cf57577c29bdecc9db152cd59a7c36f4eec75ec3538da10572bb015a725661,0x3e2deabb2ecc9812b29241f3413d414e0a19b1bc,BUY,Yes,74594161563120681410942425422244825470573111517564347846134443688695080108751,0xe618be45bbda1e6011ec1d7a03af0de0953f02cccad7bfc0f8dd9506ed36f7f7,0.96,0.0104,0.009984,1721641327,Will a Republican win North Dakota Presidential Election?
0x028cc00b0707abefd59f9d76ceab7b4c19c157145b78d69df54506dd764c078c,0x989b6dde380de0b923e4946fc5453886cd274c73,SELL,Yes,74594161563120681410942425422244825470573111517564347846134443688695080108751,0xe618be45bbda1e6011ec1d7a03af0de0953f02cccad7bfc0f8dd9506ed36f7f7,0.95,1.07,1.0165,1721359934,Will a Republican win North Dakota Presidential Election?
0x5bed4c3192f3a023dd063a6a93ad18de349d5a2f65d6e426be7adedad83e09ad,0x8dc6e56766b147ea2c9549ce51d72500e38cdb29,SELL,Yes,74594161563120681410942425422244825470573111517564347846134443688695080108751,0xe618be45bbda1e6011ec1d7a03af0de0953f02cccad7bfc0f8dd9506ed36f7f7,0.95,1.07,1.0165,1721200394,Will a Republican win North Dakota Presidential Election?
0x0727f76d5ae88d1dace45788bc53319211ca83ca1aaa5047f4561463673726a7,0x4cc3522b689a6bf1fb4a2444c523e7776db47552,SELL,No,64231611882804830712199371941028597288636183956835367215611038106102856620559,0xe618be45bbda1e6011ec1d7a03af0de0953f02cccad7bfc0f8dd9506ed36f7f7,0.04,1500,60.0,1721156415,Will a Republican win North Dakota Presidential Election?
0x2075edf2d587fb8799f7ec06efc8d28962b35066263e47b749901c99a126b851,0xd42f6a1634a3707e27cbae14ca966068e5d1047d,SELL,No,64231611882804830712199371941028597288636183956835367215611038106102856620559,0xe618be45bbda1e6011ec1d7a03af0de0953f02cccad7bfc0f8dd9506ed36f7f7,0.04,500,20.0,1721156091,Will a Republican win North Dakota Presidential Election?
0xb1592643d5b81505bd21c2dce5937f376bc085ed8c39571db5714f96662fbc52,0x0c91fd32ddb87178ae51a741e28421b3fc101971,SELL,No,64231611882804830712199371941028597288636183956835367215611038106102856620559,0xe618be45bbda1e6011ec1d7a03af0de0953f02cccad7bfc0f8dd9506ed36f7f7,0.04,1000,40.0,1721156035,Will a Republican win North Dakota Presidential Election?
0x51d80633124abfaf9e66de95ff200158e8fb096fb201d98f66ca4efd1df1c05d,0x4cc3522b689a6bf1fb4a2444c523e7776db47552,SELL,No,64231611882804830712199371941028597288636183956835367215611038106102856620559,0xe618be45bbda1e6011ec1d7a03af0de0953f02cccad7bfc0f8dd9506ed36f7f7,0.04,829,33.160000000000004,1721153229,Will a Republican win North Dakota Presidential Election?
0xdbe8ce9f4adee10a6d9a2816a20172e9a0b642c3d0e8e3dbca3976113b4b9766,0x6356fb47642a028bc09df92023c35a21a0b41885,SELL,No,64231611882804830712199371941028597288636183956835367215611038106102856620559,0xe618be45bbda1e6011ec1d7a03af0de0953f02cccad7bfc0f8dd9506ed36f7f7,0.04,2329.09,93.1636,1721153055,Will a Republican win North Dakota Presidential Election?
0x1d0df988b8d7e7f90593d2baa7fcf45ca3280def7c898492a3e19b3cc29faa2b,0x020b3e1b425742b74b67723c5e0feb912665d13c,BUY,Yes,74594161563120681410942425422244825470573111517564347846134443688695080108751,0xe618be45bbda1e6011ec1d7a03af0de0953f02cccad7bfc0f8dd9506ed36f7f7,0.95,3933.02,3736.3689999999997,1721151229,Will a Republican win North Dakota Presidential Election?
0x9767efe9a122373c3e5bd3b961674481418bb0c34c5e59152e9367506f5579c3,0x16b28f12be45fbcba8b3b7f5eaebe63d9b68b780,BUY,Yes,74594161563120681410942425422244825470573111517564347846134443688695080108751,0xe618be45bbda1e6011ec1d7a03af0de0953f02cccad7bfc0f8dd9506ed36f7f7,0.95,54.51578,51.789991,1720430919,Will a Republican win North Dakota Presidential Election?
0xfe325019fe96cbf7d476e01f0be29938d0d3f2d48dd2663e5b730ce72574ca02,0x9494bbb02a76fb8362c945a9bd21d576553885a2,SELL,Yes,74594161563120681410942425422244825470573111517564347846134443688695080108751,0xe618be45bbda1e6011ec1d7a03af0de0953f02cccad7bfc0f8dd9506ed36f7f7,0.94,0.1,0.094,1720340102,Will a Republican win North Dakota Presidential Election?
0xf8e3065a5319d94272d08de11ba3d98bcc806dde1627c2358b9ded3e433f6add,0x9494bbb02a76fb8362c945a9bd21d576553885a2,BUY,Yes,74594161563120681410942425422244825470573111517564347846134443688695080108751,0xe618be45bbda1e6011ec1d7a03af0de0953f02cccad7bfc0f8dd9506ed36f7f7,0.95,0.10526,0.099997,1720340096,Will a Republican win North Dakota Presidential Election?
0xf98472626422449df972a27b7b8cde8a03d465dd344141ff42873bf766f9613e,0xdcc9d68a4bad9fc8becd27a03ee5b2b4feda4534,SELL,No,64231611882804830712199371941028597288636183956835367215611038106102856620559,0xe618be45bbda1e6011ec1d7a03af0de0953f02cccad7bfc0f8dd9506ed36f7f7,0.05,200,10.0,1720226885,Will a Republican win North Dakota Presidential Election?
0xdc60abc7aa029cda50b909d403fc35bdcdd3a1e401cb211f284a328bf57f78aa,0x6356fb47642a028bc09df92023c35a21a0b41885,SELL,No,64231611882804830712199371941028597288636183956835367215611038106102856620559,0xe618be45bbda1e6011ec1d7a03af0de0953f02cccad7bfc0f8dd9506ed36f7f7,0.05,1255,62.75,1719959222,Will a Republican win North Dakota Presidential Election?
0xdde6761a2bbd368ea9a57cb08277a863ced36dcff34d526da6fa021e4a948bcf,0x4cc3522b689a6bf1fb4a2444c523e7776db47552,SELL,No,64231611882804830712199371941028597288636183956835367215611038106102856620559,0xe618be45bbda1e6011ec1d7a03af0de0953f02cccad7bfc0f8dd9506ed36f7f7,0.05,911,45.550000000000004,1719959142,Will a Republican win North Dakota Presidential Election?
0xa5ccf5b6999a65e69aeace6c829481fc213369d8ff61bcb3368d22327d04b3f3,0xf6129c47f5ef4cab25f3aa67b5e3aaac77b15700,SELL,No,64231611882804830712199371941028597288636183956835367215611038106102856620559,0xe618be45bbda1e6011ec1d7a03af0de0953f02cccad7bfc0f8dd9506ed36f7f7,0.05,1111,55.550000000000004,1719959054,Will a Republican win North Dakota Presidential Election?
0x280ad8910012ed40b87c3a56f7a9b44472fcc923e7ad0aa9c5811e4c9f75bf4f,0x37b46a9d45509eed664e302eb70b14ffed50d5e5,BUY,Yes,74594161563120681410942425422244825470573111517564347846134443688695080108751,0xe618be45bbda1e6011ec1d7a03af0de0953f02cccad7bfc0f8dd9506ed36f7f7,0.94,2905,2730.7,1719901148,Will a Republican win North Dakota Presidential Election?
0x838d9be18be4ddf3df6ad229a5cbe5a448dbdab424df57eefa80f6acb044fc4b,0xb1ed8491af5e16bfe9ca47277de4838d3e1db111,SELL,Yes,74594161563120681410942425422244825470573111517564347846134443688695080108751,0xe618be45bbda1e6011ec1d7a03af0de0953f02cccad7bfc0f8dd9506ed36f7f7,0.93,215.05,199.99650000000003,1719832235,Will a Republican win North Dakota Presidential Election?
0x69df3f61ef0ac7b197484b3b47661d65b9d4d42ad9f354245075807bf864c05a,0xd42f6a1634a3707e27cbae14ca966068e5d1047d,SELL,No,64231611882804830712199371941028597288636183956835367215611038106102856620559,0xe618be45bbda1e6011ec1d7a03af0de0953f02cccad7bfc0f8dd9506ed36f7f7,0.07,544.14,38.089800000000004,1719510697,Will a Republican win North Dakota Presidential Election?
0x5c4330898a81cdc25c929ed1dd2c4b06fee9ef75311cf8882a0675be44fcdcdb,0xb1ed8491af5e16bfe9ca47277de4838d3e1db111,BUY,Yes,74594161563120681410942425422244825470573111517564347846134443688695080108751,0xe618be45bbda1e6011ec1d7a03af0de0953f02cccad7bfc0f8dd9506ed36f7f7,0.9299999969,215.053762,199.99999799333335,1718833498,Will a Republican win North Dakota Presidential Election?
0xbd5876eedc8edef6319d005c77fabc42dfc10c1dbe598d57c5b895979d156c70,0x4d46686327a4b6bf11894062a37ef860f2d69cd7,BUY,Yes,74594161563120681410942425422244825470573111517564347846134443688695080108751,0xe618be45bbda1e6011ec1d7a03af0de0953f02cccad7bfc0f8dd9506ed36f7f7,0.9299997117,1.075267,0.9999980000005239,1718794306,Will a Republican win North Dakota Presidential Election?
0x70045ed7bac94a0138672eba18a024e51eeccc9b1aa60450be4b348903c1a054,0x028856d5303b2cf32d31e18e513c7c373e9b31a1,SELL,Yes,74594161563120681410942425422244825470573111517564347846134443688695080108751,0xe618be45bbda1e6011ec1d7a03af0de0953f02cccad7bfc0f8dd9506ed36f7f7,0.9170336853,39.78,36.479600001234,1718702562,Will a Republican win North Dakota Presidential Election?
0x31aebbde1b78cda1c99618f23cb5a2a4a47de8f821e67cb64a4e243c309da56d,0x028856d5303b2cf32d31e18e513c7c373e9b31a1,BUY,Yes,74594161563120681410942425422244825470573111517564347846134443688695080108751,0xe618be45bbda1e6011ec1d7a03af0de0953f02cccad7bfc0f8dd9506ed36f7f7,0.9299999786,39.784945,36.99999799860218,1718702556,Will a Republican win North Dakota Presidential Election?
0xb8bf1f0a1d7f4b969bca853c3b481c909b8b3be0708b5e07ac520e6198526d23,0x04aebdadeff25f6835594a8bf9bafbcbc8eee018,SELL,Yes,74594161563120681410942425422244825470573111517564347846134443688695080108751,0xe618be45bbda1e6011ec1d7a03af0de0953f02cccad7bfc0f8dd9506ed36f7f7,0.92,32.25,29.67,1718696982,Will a Republican win North Dakota Presidential Election?
0xf6bd37b8d8b2f56f0fecb4e9b00698f15315b5e8ca84cfe1454feb3258dc88d4,0x04aebdadeff25f6835594a8bf9bafbcbc8eee018,BUY,Yes,74594161563120681410942425422244825470573111517564347846134443688695080108751,0xe618be45bbda1e6011ec1d7a03af0de0953f02cccad7bfc0f8dd9506ed36f7f7,0.9299999817,32.258063,29.999997999677447,1718696976,Will a Republican win North Dakota Presidential Election?
0x39eaad3dcc8794952fdd8e93cbd9a584914db3833826c5c684b2538123859580,0xe023e59617c508ce71955c42477174cf2d46108f,BUY,Yes,74594161563120681410942425422244825470573111517564347846134443688695080108751,0xe618be45bbda1e6011ec1d7a03af0de0953f02cccad7bfc0f8dd9506ed36f7f7,0.9299999469,7.52688,6.999998000322672,1718621578,Will a Republican win North Dakota Presidential Election?
0x025269f59562393f25191db059c54e3dfad0b649d839d2bd5882fd901c53b35a,0xf2af11019797ae51b3f609cf7c89c22d57dfef6c,SELL,Yes,74594161563120681410942425422244825470573111517564347846134443688695080108751,0xe618be45bbda1e6011ec1d7a03af0de0953f02cccad7bfc0f8dd9506ed36f7f7,0.92,64.51,59.34920000000001,1718585501,Will a Republican win North Dakota Presidential Election?
0xd5c1b8817f656704c409217bce96b710e280c27c60ed21218a81649c7522130d,0xf2af11019797ae51b3f609cf7c89c22d57dfef6c,BUY,Yes,74594161563120681410942425422244825470573111517564347846134443688695080108751,0xe618be45bbda1e6011ec1d7a03af0de0953f02cccad7bfc0f8dd9506ed36f7f7,0.9299999994,64.516128,59.99999900129032,1718585491,Will a Republican win North Dakota Presidential Election?
0x20c637d4c7e0fd25e65a6f46aa237c3e93c082d15213ee8a213355ab49aeca3b,0x49e0de7d2a18c43bc8d276294ee07ea4a29ce1b8,SELL,Yes,74594161563120681410942425422244825470573111517564347846134443688695080108751,0xe618be45bbda1e6011ec1d7a03af0de0953f02cccad7bfc0f8dd9506ed36f7f7,0.92,74.19,68.2548,1718349856,Will a Republican win North Dakota Presidential Election?
0xdfcd921c83ac6e3a52d2decf5b518c3bb35bd74c5e0d4d04fc8ab7a3662553fa,0x49e0de7d2a18c43bc8d276294ee07ea4a29ce1b8,BUY,Yes,74594161563120681410942425422244825470573111517564347846134443688695080108751,0xe618be45bbda1e6011ec1d7a03af0de0953f02cccad7bfc0f8dd9506ed36f7f7,0.9299999904,74.193547,68.99999799774194,1718349848,Will a Republican win North Dakota Presidential Election?
0xdb8bbed0d55a3c8d20bd59fd6ff8ba4d26aa96e3a51b0e3910704c65df23be0d,0xfe34ebaea1670d064b651917631602ff5a257549,SELL,Yes,74594161563120681410942425422244825470573111517564347846134443688695080108751,0xe618be45bbda1e6011ec1d7a03af0de0953f02cccad7bfc0f8dd9506ed36f7f7,0.92,65.59,60.342800000000004,1718348378,Will a Republican win North Dakota Presidential Election?
0x4fc40f7d342a64699bc7c89b78e29ed34ea542a82138f8cd65e11a14bb288467,0xfe34ebaea1670d064b651917631602ff5a257549,BUY,Yes,74594161563120681410942425422244825470573111517564347846134443688695080108751,0xe618be45bbda1e6011ec1d7a03af0de0953f02cccad7bfc0f8dd9506ed36f7f7,0.9299999957,65.591396,60.999997997957,1718348372,Will a Republican win North Dakota Presidential Election?
0xd8782a9c0a2032c2338a85e7be5958b7c38135d95b84c2c4190a0c6f312cc333,0x950ab8ea023c469f9c2380cea056c8626d590668,SELL,Yes,74594161563120681410942425422244825470573111517564347846134443688695080108751,0xe618be45bbda1e6011ec1d7a03af0de0953f02cccad7bfc0f8dd9506ed36f7f7,0.92,81.72,75.1824,1718331330,Will a Republican win North Dakota Presidential Election?
0xf15166687ee9ad5e1defe5e61f73eccbfa4ef3385fed892c14cb0e68266a193f,0x950ab8ea023c469f9c2380cea056c8626d590668,BUY,Yes,74594161563120681410942425422244825470573111517564347846134443688695080108751,0xe618be45bbda1e6011ec1d7a03af0de0953f02cccad7bfc0f8dd9506ed36f7f7,0.9299999881,81.720429,75.99999799752689,1718331314,Will a Republican win North Dakota Presidential Election?
0x281ca77bbd138d39227840e4f280f46b899d68edb1e1251b7d26181c1d33aeee,0xbbd52c9551cf399702af164994c3c74fb3c46e11,SELL,Yes,74594161563120681410942425422244825470573111517564347846134443688695080108751,0xe618be45bbda1e6011ec1d7a03af0de0953f02cccad7bfc0f8dd9506ed36f7f7,0.92,53.76,49.4592,1718267719,Will a Republican win North Dakota Presidential Election?
0xbd144a904be661f8db341b57ff4482552c2083454f9e7adfa22db9ad0e4aec1d,0xbbd52c9551cf399702af164994c3c74fb3c46e11,BUY,Yes,74594161563120681410942425422244825470573111517564347846134443688695080108751,0xe618be45bbda1e6011ec1d7a03af0de0953f02cccad7bfc0f8dd9506ed36f7f7,0.929999995,53.763439,49.9999980011828,1718267715,Will a Republican win North Dakota Presidential Election?
0xd15f9f5a9cd5c461872f526f5532a0764be36070298ad89ee0f46abf72bb75ac,0x023ccb72c8a30487e6807ad32f439df550476b0e,SELL,Yes,74594161563120681410942425422244825470573111517564347846134443688695080108751,0xe618be45bbda1e6011ec1d7a03af0de0953f02cccad7bfc0f8dd9506ed36f7f7,0.91,23.65,21.5215,1718246003,Will a Republican win North Dakota Presidential Election?
0x1d955780c0c52a6aea5a0709a927b2b986c64f9e9dfea5b0226d3d5fc9b06143,0x023ccb72c8a30487e6807ad32f439df550476b0e,BUY,Yes,74594161563120681410942425422244825470573111517564347846134443688695080108751,0xe618be45bbda1e6011ec1d7a03af0de0953f02cccad7bfc0f8dd9506ed36f7f7,0.9299999932,23.655912,21.9999979991398,1718245995,Will a Republican win North Dakota Presidential Election?
0x94ad073b201744ae0cba10f976ca1166c086a7a0a6bfd86b7e2ee97b648b876d,0xa4df92ba0223453b742844d5433b1c9b2fb1081b,SELL,Yes,74594161563120681410942425422244825470573111517564347846134443688695080108751,0xe618be45bbda1e6011ec1d7a03af0de0953f02cccad7bfc0f8dd9506ed36f7f7,0.91,27.95,25.4345,1718181980,Will a Republican win North Dakota Presidential Election?
0x3d8e22a50cf43db06ccb80e8d864892c03419f134dccb1e3fca67fefe57a9007,0xa4df92ba0223453b742844d5433b1c9b2fb1081b,BUY,Yes,74594161563120681410942425422244825470573111517564347846134443688695080108751,0xe618be45bbda1e6011ec1d7a03af0de0953f02cccad7bfc0f8dd9506ed36f7f7,0.92999997,27.956988,25.999998001290358,1718181954,Will a Republican win North Dakota Presidential Election?
0x51afe0ab878bf18d5a2cef79cd6753b1d0080a713d150aa4a60ec29f5023bc32,0xb1710ca88a4e3c186ff421dd847811c336486385,SELL,Yes,74594161563120681410942425422244825470573111517564347846134443688695080108751,0xe618be45bbda1e6011ec1d7a03af0de0953f02cccad7bfc0f8dd9506ed36f7f7,0.91,44.08,40.1128,1718180333,Will a Republican win North Dakota Presidential Election?
0xd54419257b7c478058c8164de62cc41670a517e44439aa778d9ba325d945059b,0xb1710ca88a4e3c186ff421dd847811c336486385,BUY,Yes,74594161563120681410942425422244825470573111517564347846134443688695080108751,0xe618be45bbda1e6011ec1d7a03af0de0953f02cccad7bfc0f8dd9506ed36f7f7,0.9299999864,44.08602,40.999998000430125,1718180327,Will a Republican win North Dakota Presidential Election?
0x124f6b790f94472fdaa033311268c7cee6a7abf86c876f031717a6db0c0046f2,0x9a05890f41c30f07cc42ba6035f95da4c1a0541c,SELL,Yes,74594161563120681410942425422244825470573111517564347846134443688695080108751,0xe618be45bbda1e6011ec1d7a03af0de0953f02cccad7bfc0f8dd9506ed36f7f7,0.91,25.8,23.478,1718177305,Will a Republican win North Dakota Presidential Election?
0x7bf360bdfbbc615004ac5500ef8417760b066f3744c7bc1557996e531d20450a,0x9a05890f41c30f07cc42ba6035f95da4c1a0541c,BUY,Yes,74594161563120681410942425422244825470573111517564347846134443688695080108751,0xe618be45bbda1e6011ec1d7a03af0de0953f02cccad7bfc0f8dd9506ed36f7f7,0.9299999806,25.80645,23.99999799935487,1718177299,Will a Republican win North Dakota Presidential Election?
0x10c1901c88d0d4ea2b9f2211fb8ccc1626f7027c5f13b1799b6b23ccc6d1ebee,0xbf1b52068b68e8b57bb424e7ab31f4f3b326516f,SELL,Yes,74594161563120681410942425422244825470573111517564347846134443688695080108751,0xe618be45bbda1e6011ec1d7a03af0de0953f02cccad7bfc0f8dd9506ed36f7f7,0.91,35.48,32.2868,1718093483,Will a Republican win North Dakota Presidential Election?
0xce8d4c6a6926ba40044f110ccce5f4cb7a468e22f1b7e3bb9e264b89b4be9e39,0xbf1b52068b68e8b57bb424e7ab31f4f3b326516f,BUY,Yes,74594161563120681410942425422244825470573111517564347846134443688695080108751,0xe618be45bbda1e6011ec1d7a03af0de0953f02cccad7bfc0f8dd9506ed36f7f7,0.9299999952,35.483869,32.999997999677426,1718093467,Will a Republican win North Dakota Presidential Election?
0x82c67207131155795a346fde3b8e3382fd4951729e0ea8bfadcc02d54b54f0cb,0x577f8f177c2d8a784688507973461e2c245791bc,BUY,Yes,74594161563120681410942425422244825470573111517564347846134443688695080108751,0xe618be45bbda1e6011ec1d7a03af0de0953f02cccad7bfc0f8dd9506ed36f7f7,0.9299997117,1.075267,0.9999980000005239,1718076590,Will a Republican win North Dakota Presidential Election?
0x170ed1a9252c8899e5bf48cec1a393dc75fc7623a86c3d205145b52a522fe03e,0xd6e4b4e261abdc594fd21e689445e65bd5d975c6,SELL,Yes,74594161563120681410942425422244825470573111517564347846134443688695080108751,0xe618be45bbda1e6011ec1d7a03af0de0953f02cccad7bfc0f8dd9506ed36f7f7,0.91,32.25,29.3475,1718065750,Will a Republican win North Dakota Presidential Election?
0x9dd756dc1152c4ead56f463848c342d6215870d6af7d5013440970a38851e669,0x9569c938bddf30b390eea35a02b548f8539e04e5,SELL,Yes,74594161563120681410942425422244825470573111517564347846134443688695080108751,0xe618be45bbda1e6011ec1d7a03af0de0953f02cccad7bfc0f8dd9506ed36f7f7,0.91,21.5,19.565,1717847329,Will a Republican win North Dakota Presidential Election?
0xa7ada1e439279a119b0a2f482a92e1effca5c15676c551291bce18f30675d8df,0x9569c938bddf30b390eea35a02b548f8539e04e5,BUY,Yes,74594161563120681410942425422244825470573111517564347846134443688695080108751,0xe618be45bbda1e6011ec1d7a03af0de0953f02cccad7bfc0f8dd9506ed36f7f7,0.9299999651,21.505375,19.999997999462416,1717847317,Will a Republican win North Dakota Presidential Election?
0x5427252c62481a3c4bc0fd841e40af10ef5abe743078371d544653aaf255fd0a,0x27a5028249dac666cb4af42185aef63dc7200487,BUY,Yes,74594161563120681410942425422244825470573111517564347846134443688695080108751,0xe618be45bbda1e6011ec1d7a03af0de0953f02cccad7bfc0f8dd9506ed36f7f7,0.9299600037,0.010751,0.0099979999997787,1717846907,Will a Republican win North Dakota Presidential Election?
0x160c1defb3fe0856ec6f40303a880bb4288285d125632589e50e3f0d0ae260e0,0x6ec0f531b9a9509f0cc38fabc66d4bfe1391d141,SELL,Yes,74594161563120681410942425422244825470573111517564347846134443688695080108751,0xe618be45bbda1e6011ec1d7a03af0de0953f02cccad7bfc0f8dd9506ed36f7f7,0.91,40.86,37.1826,1717844228,Will a Republican win North Dakota Presidential Election?
0x35d1427ba92abbbe784dcaca65651f41851ea813bba3a0fcfe3ffeaffc163ebd,0x6ec0f531b9a9509f0cc38fabc66d4bfe1391d141,BUY,Yes,74594161563120681410942425422244825470573111517564347846134443688695080108751,0xe618be45bbda1e6011ec1d7a03af0de0953f02cccad7bfc0f8dd9506ed36f7f7,0.9299999995,40.860214,37.99999899956989,1717844192,Will a Republican win North Dakota Presidential Election?
0x5b03984ecf8937c9249ff8b5965aa5de78e4f8bcf3e4d9bec453bece9736c26e,0x8864be0c2332bfb77c348bca167519c99cbcbeb4,SELL,Yes,74594161563120681410942425422244825470573111517564347846134443688695080108751,0xe618be45bbda1e6011ec1d7a03af0de0953f02cccad7bfc0f8dd9506ed36f7f7,0.91,76.34,69.46940000000001,1717840401,Will a Republican win North Dakota Presidential Election?
0x891c525fc434d343541482bd45fd1315aeeaae5b62f1872b2f85f79d2a3a0bc1,0x8864be0c2332bfb77c348bca167519c99cbcbeb4,BUY,Yes,74594161563120681410942425422244825470573111517564347846134443688695080108751,0xe618be45bbda1e6011ec1d7a03af0de0953f02cccad7bfc0f8dd9506ed36f7f7,0.9299999993,76.344085,70.99999899655914,1717840395,Will a Republican win North Dakota Presidential Election?
0x7929a4a8f8c3660893bb3ec74d83d99c5f06816ea898f075c909f02604ae30d3,0xa824680ce98ecbeca10e06b6cf223087bfa28bcd,SELL,Yes,74594161563120681410942425422244825470573111517564347846134443688695080108751,0xe618be45bbda1e6011ec1d7a03af0de0953f02cccad7bfc0f8dd9506ed36f7f7,0.91,62.36,56.7476,1717839765,Will a Republican win North Dakota Presidential Election?
0x64211b19d6a123cf18cf78efedf51acb5e0421b2915868d9c983ffa936f9f5fd,0xa824680ce98ecbeca10e06b6cf223087bfa28bcd,BUY,Yes,74594161563120681410942425422244825470573111517564347846134443688695080108751,0xe618be45bbda1e6011ec1d7a03af0de0953f02cccad7bfc0f8dd9506ed36f7f7,0.9299999888,62.36559,57.99999800150539,1717839753,Will a Republican win North Dakota Presidential Election?
0x92cf6c9164cb8e77428d88bc8d80f768b817e28fa2d64d98c23e8e78b617d8b4,0xddf6c75d06b6e83d4bee0814857f36ca44a1d1ee,SELL,Yes,74594161563120681410942425422244825470573111517564347846134443688695080108751,0xe618be45bbda1e6011ec1d7a03af0de0953f02cccad7bfc0f8dd9506ed36f7f7,0.91,53.76,48.9216,1717837925,Will a Republican win North Dakota Presidential Election?
0x74ab074ac968ae1ec4d5efbc68ba39b5eda43262bf1fc2b39cae9ac5697973a4,0xddf6c75d06b6e83d4bee0814857f36ca44a1d1ee,BUY,Yes,74594161563120681410942425422244825470573111517564347846134443688695080108751,0xe618be45bbda1e6011ec1d7a03af0de0953f02cccad7bfc0f8dd9506ed36f7f7,0.929999995,53.763439,49.9999980011828,1717837917,Will a Republican win North Dakota Presidential Election?
0xdd5831221a35e7cb46dffb84b5d11147761f092cc64ca7a2f7e72b4399a99efc,0x50bb4c85314166c70e3c4aa96d86b16c609566f1,SELL,Yes,74594161563120681410942425422244825470573111517564347846134443688695080108751,0xe618be45bbda1e6011ec1d7a03af0de0953f02cccad7bfc0f8dd9506ed36f7f7,0.92,61.29,56.3868,1717837527,Will a Republican win North Dakota Presidential Election?
0x352933092ffb2610b19b816fe146c24ab423866f89f5dc1aff32319802152371,0x50bb4c85314166c70e3c4aa96d86b16c609566f1,BUY,Yes,74594161563120681410942425422244825470573111517564347846134443688695080108751,0xe618be45bbda1e6011ec1d7a03af0de0953f02cccad7bfc0f8dd9506ed36f7f7,0.9299999914,61.290321,56.99999800290324,1717837521,Will a Republican win North Dakota Presidential Election?
0xdbb255fc4a3d1ac4039a3f7803f3d70b399296105b5080900c0dcf4393d73fbb,0x4c864a67f2a5430a6bc13c2a64fbda8673112d25,SELL,Yes,74594161563120681410942425422244825470573111517564347846134443688695080108751,0xe618be45bbda1e6011ec1d7a03af0de0953f02cccad7bfc0f8dd9506ed36f7f7,0.92,48.93,45.0156,1717837303,Will a Republican win North Dakota Presidential Election?
0xfe27587ad51b3dafeef328eb4dfc38162a66b7a0c42939d040d602a6565391c2,0x4c864a67f2a5430a6bc13c2a64fbda8673112d25,BUY,Yes,74594161563120681410942425422244825470573111517564347846134443688695080108751,0xe618be45bbda1e6011ec1d7a03af0de0953f02cccad7bfc0f8dd9506ed36f7f7,0.9299999947,48.935482,45.50999800064195,1717837259,Will a Republican win North Dakota Presidential Election?
0xb279dbeeaca3127333af8954d5d86768cd6361f25ff1aeb3fa77ad4d4630400d,0x351d54da15f0bb3c8008e3a57963ceea69758ac5,SELL,Yes,74594161563120681410942425422244825470573111517564347846134443688695080108751,0xe618be45bbda1e6011ec1d7a03af0de0953f02cccad7bfc0f8dd9506ed36f7f7,0.92,32.49,29.890800000000002,1717835341,Will a Republican win North Dakota Presidential Election?
0x132fed84d2f986ac81d5f6b2b800fc24487d86f895506a43cb9a345f568ce1cb,0x351d54da15f0bb3c8008e3a57963ceea69758ac5,BUY,Yes,74594161563120681410942425422244825470573111517564347846134443688695080108751,0xe618be45bbda1e6011ec1d7a03af0de0953f02cccad7bfc0f8dd9506ed36f7f7,0.9299999994,32.494614,30.21999100050323,1717835332,Will a Republican win North Dakota Presidential Election?
0xeb883bee3c95ed56130a03c10e3d393e1ef3ccd33e755e34a49070b4206961c8,0xd6e4b4e261abdc594fd21e689445e65bd5d975c6,BUY,Yes,74594161563120681410942425422244825470573111517564347846134443688695080108751,0xe618be45bbda1e6011ec1d7a03af0de0953f02cccad7bfc0f8dd9506ed36f7f7,0.9299999997,32.258057,29.999993000322583,1717835202,Will a Republican win North Dakota Presidential Election?
0xc849637d1a71783c9fe436404e69be40e8971e467afa414ea67b04ccb79b64a8,0x81a04de05f11fed4eef420e9cf08188d9c27843f,SELL,Yes,74594161563120681410942425422244825470573111517564347846134443688695080108751,0xe618be45bbda1e6011ec1d7a03af0de0953f02cccad7bfc0f8dd9506ed36f7f7,0.92,53.76,49.4592,1717835144,Will a Republican win North Dakota Presidential Election?
0xcd9fd342bde38d5d7e63262319a947373223aa01a308cdcc29e596c8499c5585,0x81a04de05f11fed4eef420e9cf08188d9c27843f,BUY,Yes,74594161563120681410942425422244825470573111517564347846134443688695080108751,0xe618be45bbda1e6011ec1d7a03af0de0953f02cccad7bfc0f8dd9506ed36f7f7,0.9299999993,53.763428,49.9999880023656,1717835136,Will a Republican win North Dakota Presidential Election?
0xf4532d073c25f9241e4d474283b6893729378a4325d62d618a937c50f58ffece,0x5be10f654b6b71329eae009dce4f8cfa1413bf9a,SELL,Yes,74594161563120681410942425422244825470573111517564347846134443688695080108751,0xe618be45bbda1e6011ec1d7a03af0de0953f02cccad7bfc0f8dd9506ed36f7f7,0.92,39.95,36.754000000000005,1717834770,Will a Republican win North Dakota Presidential Election?
0x9ebdb4b45543ec22f05c0a54030276dfc6cf1631a60467b52c0337887392a154,0x5be10f654b6b71329eae009dce4f8cfa1413bf9a,BUY,Yes,74594161563120681410942425422244825470573111517564347846134443688695080108751,0xe618be45bbda1e6011ec1d7a03af0de0953f02cccad7bfc0f8dd9506ed36f7f7,0.9299999987,39.956985,37.159995998055926,1717834762,Will a Republican win North Dakota Presidential Election?
0x142b0d4c29ecbec1c29d6453e25d48b319cb5655f1da1b8d9f8392059a53c029,0xbfc3ce784aaa66bbfb14f08200b0f86fa9d00273,SELL,Yes,74594161563120681410942425422244825470573111517564347846134443688695080108751,0xe618be45bbda1e6011ec1d7a03af0de0953f02cccad7bfc0f8dd9506ed36f7f7,0.92,27.95,25.714000000000002,1717833429,Will a Republican win North Dakota Presidential Election?
0xb1dccef0e719ff98aaab5bb2f89a2fd6c91d546ecb121cef45738d070e6c5e19,0xbfc3ce784aaa66bbfb14f08200b0f86fa9d00273,BUY,Yes,74594161563120681410942425422244825470573111517564347846134443688695080108751,0xe618be45bbda1e6011ec1d7a03af0de0953f02cccad7bfc0f8dd9506ed36f7f7,0.9299999982,27.956985,25.999995999677427,1717833423,Will a Republican win North Dakota Presidential Election?
0x260d995b0bbef67eb2d1149683506be0f6d14698c4236829ba3853f20d52f6ab,0x7ccada3b4f596ca1a412675f3a5a6d429fa5ed95,SELL,Yes,74594161563120681410942425422244825470573111517564347846134443688695080108751,0xe618be45bbda1e6011ec1d7a03af0de0953f02cccad7bfc0f8dd9506ed36f7f7,0.92,268.35,246.88200000000003,1717832464,Will a Republican win North Dakota Presidential Election?
0x12e62ae9f574ad4c20e6fecc0c0aa999b56953698b94b90e0e1882d3963cc956,0x7ccada3b4f596ca1a412675f3a5a6d429fa5ed95,BUY,Yes,74594161563120681410942425422244825470573111517564347846134443688695080108751,0xe618be45bbda1e6011ec1d7a03af0de0953f02cccad7bfc0f8dd9506ed36f7f7,0.9299999999,268.354828,249.56999001316453,1717832454,Will a Republican win North Dakota Presidential Election?
0x1c49562871b908ae2a12545640a9b589cc63aa40cf5fab78d64db5f431bcfcdc,0x1f40eb4373320cd03ce46cc03678a587b86e0fb2,SELL,Yes,74594161563120681410942425422244825470573111517564347846134443688695080108751,0xe618be45bbda1e6011ec1d7a03af0de0953f02cccad7bfc0f8dd9506ed36f7f7,0.92,29.03,26.707600000000003,1717809941,Will a Republican win North Dakota Presidential Election?
0xccdae51eac86e6b844bcbe656dce8afeecbcf8e4d1ce32002d8fc17ff71d0b50,0x1f40eb4373320cd03ce46cc03678a587b86e0fb2,BUY,Yes,74594161563120681410942425422244825470573111517564347846134443688695080108751,0xe618be45bbda1e6011ec1d7a03af0de0953f02cccad7bfc0f8dd9506ed36f7f7,0.9299999997,29.032257,26.999999001290323,1717809933,Will a Republican win North Dakota Presidential Election?
0x1bf3524c9e4402f0e10a40bab0c61835ff9e6348f0152caa50832255371ff62b,0x989b6dde380de0b923e4946fc5453886cd274c73,BUY,Yes,74594161563120681410942425422244825470573111517564347846134443688695080108751,0xe618be45bbda1e6011ec1d7a03af0de0953f02cccad7bfc0f8dd9506ed36f7f7,0.9299999907,1.075257,0.9999890000001097,1716536455,Will a Republican win North Dakota Presidential Election?
0xad5879fd41bed692fe06fa5d439c1fea0104eef079d8b3b700a72b41e54d9176,0xe691c65c791a1adbefb37124e631ad888c251d8a,BUY,Yes,74594161563120681410942425422244825470573111517564347846134443688695080108751,0xe618be45bbda1e6011ec1d7a03af0de0953f02cccad7bfc0f8dd9506ed36f7f7,0.9299999907,1.075257,0.9999890000001097,1716520058,Will a Republican win North Dakota Presidential Election?
0xb1bb252ac37ea83358f3f0d7161bd9334bc884af246636066beb0bc72fbcd4d3,0xd608b910a34d21f7e4e31e4094de7189f8c4e5d9,BUY,Yes,74594161563120681410942425422244825470573111517564347846134443688695080108751,0xe618be45bbda1e6011ec1d7a03af0de0953f02cccad7bfc0f8dd9506ed36f7f7,0.9299999907,1.075257,0.9999890000001097,1716177743,Will a Republican win North Dakota Presidential Election?
0xcbbd4921dc121fb0d50fb68e782e394728666261c6b8af2a384792f9cecb210b,0x8dc6e56766b147ea2c9549ce51d72500e38cdb29,BUY,Yes,74594161563120681410942425422244825470573111517564347846134443688695080108751,0xe618be45bbda1e6011ec1d7a03af0de0953f02cccad7bfc0f8dd9506ed36f7f7,0.9299999907,1.075257,0.9999890000001097,1716176074,Will a Republican win North Dakota Presidential Election?
0x8a794e76101acbe53fbce896d625ebc950c79fd5b2716bd23b379d8f0a5bfc7b,0x66a9fcdfd361a8e132956a0165d3c8db1f5a307b,SELL,No,64231611882804830712199371941028597288636183956835367215611038106102856620559,0xe618be45bbda1e6011ec1d7a03af0de0953f02cccad7bfc0f8dd9506ed36f7f7,0.07,2000,140.0,1715189818,Will a Republican win North Dakota Presidential Election?
0x394af8c1868c1c6d78a5a3aa34404be2a9541a0945e0d43a0c409af5a5d477b6,0x2795ab961269672466767d9e9eb58a4cd33115e8,BUY,Yes,74594161563120681410942425422244825470573111517564347846134443688695080108751,0xe618be45bbda1e6011ec1d7a03af0de0953f02cccad7bfc0f8dd9506ed36f7f7,0.9299999991,537.634407,499.99999802612905,1715023802,Will a Republican win North Dakota Presidential Election?
0x0b5e1cadeda1f86b8b010e566ac74dc859131448216a010bd45532b7347fb6f8,0x2795ab961269672466767d9e9eb58a4cd33115e8,BUY,Yes,74594161563120681410942425422244825470573111517564347846134443688695080108751,0xe618be45bbda1e6011ec1d7a03af0de0953f02cccad7bfc0f8dd9506ed36f7f7,0.9299999971,268.817203,249.99999801043012,1715023450,Will a Republican win North Dakota Presidential Election?
0xbff982910af9b49159fdc55080f3ab74dccf1b9fa25f2d196673c3c9edd16504,0x0c91fd32ddb87178ae51a741e28421b3fc101971,SELL,No,64231611882804830712199371941028597288636183956835367215611038106102856620559,0xe618be45bbda1e6011ec1d7a03af0de0953f02cccad7bfc0f8dd9506ed36f7f7,0.07,1000,70.0,1715016316,Will a Republican win North Dakota Presidential Election?
0xf5bc16add106a04bc5d0bf0d0949b97ef2a6a1998ebd74c1c82014ab2da08b4a,0x7789806c754eb0af4c3abeb026c218b4ba78f823,SELL,No,64231611882804830712199371941028597288636183956835367215611038106102856620559,0xe618be45bbda1e6011ec1d7a03af0de0953f02cccad7bfc0f8dd9506ed36f7f7,0.07,5000,350.00000000000006,1714995452,Will a Republican win North Dakota Presidential Election?
0x64262f952efd25522f8877a242edcc54ad79051f792aed2a419143aecde9d117,0x7789806c754eb0af4c3abeb026c218b4ba78f823,SELL,No,64231611882804830712199371941028597288636183956835367215611038106102856620559,0xe618be45bbda1e6011ec1d7a03af0de0953f02cccad7bfc0f8dd9506ed36f7f7,0.07,15000,1050.0,1714995426,Will a Republican win North Dakota Presidential Election?
0x21c3858a56c276d7073a19ef4f4d1dac11c85fc4be207a214bc2a927f4908904,0x3cf3e8d5427aed066a7a5926980600f6c3cf87b3,BUY,Yes,74594161563120681410942425422244825470573111517564347846134443688695080108751,0xe618be45bbda1e6011ec1d7a03af0de0953f02cccad7bfc0f8dd9506ed36f7f7,0.93,2222,2066.46,1714992211,Will a Republican win North Dakota Presidential Election?
0x725735f324c481d3bad8b238b8791b862162c5ff20e97b874a513feadc2ebd61,0xecdbd79566a25693b9971c48d7de84bc05f7da79,SELL,No,64231611882804830712199371941028597288636183956835367215611038106102856620559,0xe618be45bbda1e6011ec1d7a03af0de0953f02cccad7bfc0f8dd9506ed36f7f7,0.07,18284.07,1279.8849,1714966277,Will a Republican win North Dakota Presidential Election?
0x89c1e135ba6651550bff067d4ba9a1c318e0cd28f0ecf5e726db61e9e7505fbb,0x8e5a5d37a354f4e05badd0d9e91b519774e44ef5,SELL,No,64231611882804830712199371941028597288636183956835367215611038106102856620559,0xe618be45bbda1e6011ec1d7a03af0de0953f02cccad7bfc0f8dd9506ed36f7f7,0.07,18283,1279.8100000000002,1714949522,Will a Republican win North Dakota Presidential Election?
0x6679ab369b4ce9638be57c69fc6187899a9165042840122c579ca54765585950,0xf33f0dfe73e3d1b3d0453e2a02c5d19100d3085c,BUY,Yes,74594161563120681410942425422244825470573111517564347846134443688695080108751,0xe618be45bbda1e6011ec1d7a03af0de0953f02cccad7bfc0f8dd9506ed36f7f7,0.9299999907,1.075257,0.9999890000001097,1714945551,Will a Republican win North Dakota Presidential Election?
0x9c512dc9b3b62396142f3a104b2f30512e49482bb71103cd6ebbb321a828c6f9,0x24c8cf69a0e0a17eee21f69d29752bfa32e823e1,SELL,No,64231611882804830712199371941028597288636183956835367215611038106102856620559,0xe618be45bbda1e6011ec1d7a03af0de0953f02cccad7bfc0f8dd9506ed36f7f7,0.07,400,28.000000000000004,1714944161,Will a Republican win North Dakota Presidential Election?
0x3e0609343ec14554b6803b8e147546f3ebc5dcbf6457c6e0726baa271a616126,0x4cc3522b689a6bf1fb4a2444c523e7776db47552,SELL,No,64231611882804830712199371941028597288636183956835367215611038106102856620559,0xe618be45bbda1e6011ec1d7a03af0de0953f02cccad7bfc0f8dd9506ed36f7f7,0.07,20000,1400.0000000000002,1714943761,Will a Republican win North Dakota Presidential Election?
0xba37f357f27e90ef1b204c4ed4838d5d8798ac3c30640e48fadc01072cf13397,0xe0f1e7751df4035f78a5eb2f4296c98b4d5bc4bd,SELL,No,64231611882804830712199371941028597288636183956835367215611038106102856620559,0xe618be45bbda1e6011ec1d7a03af0de0953f02cccad7bfc0f8dd9506ed36f7f7,0.07,500,35.0,1714943711,Will a Republican win North Dakota Presidential Election?
0xbf200ebee5cff65b6c83471f5720cf380594a8a6cc945294a0e9f2f1bf167fde,0x09940f933352be005d47d4d010c57535624e3b35,SELL,No,64231611882804830712199371941028597288636183956835367215611038106102856620559,0xe618be45bbda1e6011ec1d7a03af0de0953f02cccad7bfc0f8dd9506ed36f7f7,0.07,5000,350.00000000000006,1714943689,Will a Republican win North Dakota Presidential Election?
0xf18d53da6015bb56464de603123c055f03d46464ea298b3f521560273e3f47b7,0x9d84ce0306f8551e02efef1680475fc0f1dc1344,SELL,No,64231611882804830712199371941028597288636183956835367215611038106102856620559,0xe618be45bbda1e6011ec1d7a03af0de0953f02cccad7bfc0f8dd9506ed36f7f7,0.07,7500,525.0,1714943643,Will a Republican win North Dakota Presidential Election?
0x882aa381402674e99b448ad011aec0cb7f48c3c4683bca233c657992fef717b2,0xfe175c90c4152392978fa402ed871657881298e9,SELL,No,64231611882804830712199371941028597288636183956835367215611038106102856620559,0xe618be45bbda1e6011ec1d7a03af0de0953f02cccad7bfc0f8dd9506ed36f7f7,0.07,3005,210.35000000000002,1714943583,Will a Republican win North Dakota Presidential Election?
0x3d3600552bab61d41b6bb79b5006fb78ca8d1854a09dbb9eda474b8d0acee995,0xfffe4013adfe325c6e02d36dc66e091f5476f52c,BUY,Yes,74594161563120681410942425422244825470573111517564347846134443688695080108751,0xe618be45bbda1e6011ec1d7a03af0de0953f02cccad7bfc0f8dd9506ed36f7f7,0.9193841804,48248.22,44358.65020045889,1714943503,Will a Republican win North Dakota Presidential Election?
0x6054e3e07a45db0e6109a27ad5b8d5ff90c4bed5d0be7b26b714379f1809eba0,0x12e818bc36f87f0cccaac0998a47053dfd3b0d42,BUY,Yes,74594161563120681410942425422244825470573111517564347846134443688695080108751,0xe618be45bbda1e6011ec1d7a03af0de0953f02cccad7bfc0f8dd9506ed36f7f7,0.9099999975,109.890108,99.99999800527473,1714693585,Will a Republican win North Dakota Presidential Election?
0xd6c1cce2028a087fa1f65692661c90085b93fe9bbd23e2ff5ff09030db5e50f8,0xc4eddd282e7eb2bf0d063879a027f213acdd1503,SELL,No,64231611882804830712199371941028597288636183956835367215611038106102856620559,0xe618be45bbda1e6011ec1d7a03af0de0953f02cccad7bfc0f8dd9506ed36f7f7,0.09,114,10.26,1714534947,Will a Republican win North Dakota Presidential Election?
0x4d7c7d124288b359150654021dc5b7cca0302654aa1fa29e213e140474bee67a,0xc4eddd282e7eb2bf0d063879a027f213acdd1503,SELL,No,64231611882804830712199371941028597288636183956835367215611038106102856620559,0xe618be45bbda1e6011ec1d7a03af0de0953f02cccad7bfc0f8dd9506ed36f7f7,0.1,106,10.600000000000001,1714534847,Will a Republican win North Dakota Presidential Election?
0x7c9bf513067deeec4723ef67add1222ae880e654a2570ffc0b51e367975830f3,0xc4eddd282e7eb2bf0d063879a027f213acdd1503,BUY,No,64231611882804830712199371941028597288636183956835367215611038106102856620559,0xe618be45bbda1e6011ec1d7a03af0de0953f02cccad7bfc0f8dd9506ed36f7f7,0.11,220,24.2,1714534753,Will a Republican win North Dakota Presidential Election?
0x130f31f980ed78adf9b97be9276d96854ddf2c3ce34f88ab70e532c39ec78381,0xecdbd79566a25693b9971c48d7de84bc05f7da79,SELL,Yes,74594161563120681410942425422244825470573111517564347846134443688695080108751,0xe618be45bbda1e6011ec1d7a03af0de0953f02cccad7bfc0f8dd9506ed36f7f7,0.9,1200,1080.0,1714444367,Will a Republican win North Dakota Presidential Election?
0xf7960de5b76cc4e8e12a581733cca175b0dbf7bf744d7368e8f0f0b0f3823dd8,0x05c5aab002faa347cffcab3e557231bb574873e1,BUY,Yes,74594161563120681410942425422244825470573111517564347846134443688695080108751,0xe618be45bbda1e6011ec1d7a03af0de0953f02cccad7bfc0f8dd9506ed36f7f7,0.9099999975,109.890108,99.99999800527473,1713365763,Will a Republican win North Dakota Presidential Election?
0x2761315e231dbd026022dcaa2b1323f6fc1d65d0fda168d363d81c268021006c,0x24c8cf69a0e0a17eee21f69d29752bfa32e823e1,SELL,Yes,74594161563120681410942425422244825470573111517564347846134443688695080108751,0xe618be45bbda1e6011ec1d7a03af0de0953f02cccad7bfc0f8dd9506ed36f7f7,0.9,400,360.0,1713291437,Will a Republican win North Dakota Presidential Election?
0xd0217f657fcc9e2c9bc8f0ee78d7f0610d275387ebca917f96fbffc6e5c016d5,0xd42f6a1634a3707e27cbae14ca966068e5d1047d,SELL,Yes,74594161563120681410942425422244825470573111517564347846134443688695080108751,0xe618be45bbda1e6011ec1d7a03af0de0953f02cccad7bfc0f8dd9506ed36f7f7,0.9,700,630.0,1713291401,Will a Republican win North Dakota Presidential Election?
0xc27880dc7af7581982e95d329f74fa3b66d9c4a4afdc416d4b88a3b6d340796c,0x3a8651c42ac19aa3e3141531a298abc72f51dea8,BUY,Yes,74594161563120681410942425422244825470573111517564347846134443688695080108751,0xe618be45bbda1e6011ec1d7a03af0de0953f02cccad7bfc0f8dd9506ed36f7f7,0.9099999909,21.97802,19.99999800000002,1712847464,Will a Republican win North Dakota Presidential Election?
0x6844d78b57bb5ad31eaffc7beee1fb21c305db9edd3e06f162f069fe40ca8e9c,0x0b644e443a404159a7b5ca4650cf2444b13549bd,SELL,Yes,74594161563120681410942425422244825470573111517564347846134443688695080108751,0xe618be45bbda1e6011ec1d7a03af0de0953f02cccad7bfc0f8dd9506ed36f7f7,0.91,4055,3690.05,1712509607,Will a Republican win North Dakota Presidential Election?
0x2f2c59872e3c970d1f2d233151534ca07f27498ab08dc13d1f11bdc627a93ac9,0x7789806c754eb0af4c3abeb026c218b4ba78f823,BUY,No,64231611882804830712199371941028597288636183956835367215611038106102856620559,0xe618be45bbda1e6011ec1d7a03af0de0953f02cccad7bfc0f8dd9506ed36f7f7,0.09,6027,542.43,1712440330,Will a Republican win North Dakota Presidential Election?
