transaction_hash,wallet,side,outcome,asset_token_id,condition_id,price,size,usdc_size,timestamp,title
0xe35dde788da083f030b024dd233b50516cee297c6a4e4aa835771c8eb147049a,0xa4e77a08c9a56fa3f945c185bf1fdfa253c0c5de,BUY,Yes,44970984693446229163777814796761027650616244349974665674793478133682772047061,0xae3f5136860b205147f10c343a17e827f4c0a3264d5acca61218c1346dd0cf75,0.001,1000,1.0,1754056842,Will the US add between 150k and 200k jobs in July?
0x67b6d84134a29a841c43ad160fba8407c59f3ab5519eff5d743495e840288056,0x2ab9f8df1e77c04279aeb8e73602fd24575bfd27,SELL,No,97731991554168815398711686031656577665295688192843106167368967661811805944570,0xae3f5136860b205147f10c343a17e827f4c0a3264d5acca61218c1346dd0cf75,0.999,10.98,10.96902,1754055802,Will the US add between 150k and 200k jobs in July?
0x27309489462ae4b4ec7d5142c54132e9a273c4b3fbc0838b70d18636b516e062,0xbeb167a6c472df9fad8aac13ff1d6ad8eb2f2630,SELL,No,97731991554168815398711686031656577665295688192843106167368967661811805944570,0xae3f5136860b205147f10c343a17e827f4c0a3264d5acca61218c1346dd0cf75,0.999,14,13.986,1754053544,Will the US add between 150k and 200k jobs in July?
0x81a6ff44598a990e3904d1b9e78c475c3315d4c4118c0ea70c0373032b1a1828,0xfa831cb094a7f959c029cac81bada98b825ab49c,BUY,Yes,44970984693446229163777814796761027650616244349974665674793478133682772047061,0xae3f5136860b205147f10c343a17e827f4c0a3264d5acca61218c1346dd0cf75,0.01,500,5.0,1754051452,Will the US add between 150k and 200k jobs in July?
0xad700d31c7a64cb91c938bd3ad845682653b30e68122ded91c249d635cf09762,0x5f390e4b7d6f06d6756a6c92afdbf7b3176aa78c,BUY,Yes,44970984693446229163777814796761027650616244349974665674793478133682772047061,0xae3f5136860b205147f10c343a17e827f4c0a3264d5acca61218c1346dd0cf75,0.01,26,0.26,1754051448,Will the US add between 150k and 200k jobs in July?
0x062ba96bfba1d81defe64493bb29c37b09322511ef8223e72f922b9fcc8ae044,0x6ffb4354cbe6e0f9989e3b55564ec5fb8646a834,BUY,No,97731991554168815398711686031656577665295688192843106167368967661811805944570,0xae3f5136860b205147f10c343a17e827f4c0a3264d5acca61218c1346dd0cf75,0.99,441.07,436.6593,1754051422,Will the US add between 150k and 200k jobs in July?
0x3fd3bd5eea2332de0d011df46fed9947aa9908009310b20c4f89b9db9ef18b76,0xe3726a1b9c6ba2f06585d1c9e01d00afaedaeb38,SELL,Yes,44970984693446229163777814796761027650616244349974665674793478133682772047061,0xae3f5136860b205147f10c343a17e827f4c0a3264d5acca61218c1346dd0cf75,0.051154014,45.84,2.34490000176,1754051414,Will the US add between 150k and 200k jobs in July?
0x4f114e24f393a62e401a7d470378863b6c784817521b6a2c8adf1237439c9f01,0xe3726a1b9c6ba2f06585d1c9e01d00afaedaeb38,SELL,Yes,44970984693446229163777814796761027650616244349974665674793478133682772047061,0xae3f5136860b205147f10c343a17e827f4c0a3264d5acca61218c1346dd0cf75,0.5,24.15,12.075,1754051412,Will the US add between 150k and 200k jobs in July?
0x38165ca691a83f98792b3813f965cfb0d52716a2eb16342fe3b56a4e6b537b4d,0x1d0d81f55610df0adaaa0da37611f1f4556cef5f,BUY,Yes,44970984693446229163777814796761027650616244349974665674793478133682772047061,0xae3f5136860b205147f10c343a17e827f4c0a3264d5acca61218c1346dd0cf75,0.5,14,7.0,1754051412,Will the US add between 150k and 200k jobs in July?
0xb5a5a43f809136bd38577850889386e387e7d95b853ced43f56e4200e96b15e8,0x51158621284d3321ec2130aa132c9bc9c0f3b61d,BUY,No,97731991554168815398711686031656577665295688192843106167368967661811805944570,0xae3f5136860b205147f10c343a17e827f4c0a3264d5acca61218c1346dd0cf75,0.52,250,130.0,1754051412,Will the US add between 150k and 200k jobs in July?
0xcf914c91dc21121a4714d118965e734b08de54380565da9f75c6132a629b3467,0x1d0d81f55610df0adaaa0da37611f1f4556cef5f,BUY,Yes,44970984693446229163777814796761027650616244349974665674793478133682772047061,0xae3f5136860b205147f10c343a17e827f4c0a3264d5acca61218c1346dd0cf75,0.01,161.02,1.6102,1754051410,Will the US add between 150k and 200k jobs in July?
0xd858226bcb7de5fdc6c8cd48c919d0f1821c2c38e91637dde08d1915f1383f9e,0x0e02a8496d3dcc5f9306c7ec3d262c81333eaa22,BUY,No,97731991554168815398711686031656577665295688192843106167368967661811805944570,0xae3f5136860b205147f10c343a17e827f4c0a3264d5acca61218c1346dd0cf75,0.962067727,38.98,37.501399998459995,1754051408,Will the US add between 150k and 200k jobs in July?
0x0014a5f273eb18187f68cf78867689ecba71fd0e593bf7ee085470a4a882f8fd,0xe3726a1b9c6ba2f06585d1c9e01d00afaedaeb38,SELL,Yes,44970984693446229163777814796761027650616244349974665674793478133682772047061,0xae3f5136860b205147f10c343a17e827f4c0a3264d5acca61218c1346dd0cf75,0.07,4,0.28,1754051212,Will the US add between 150k and 200k jobs in July?
0xfec82f0a7cf9db158aa69a6927769dcb635c32a11305faa318d3ca4c2553f7c2,0xb49f468c15c49783f2664c7198a4949ade1b12e6,BUY,No,97731991554168815398711686031656577665295688192843106167368967661811805944570,0xae3f5136860b205147f10c343a17e827f4c0a3264d5acca61218c1346dd0cf75,0.93,20,18.6,1754051208,Will the US add between 150k and 200k jobs in July?
0x04bc83f8f3c502ed9ae7a1c09fe970d549d146622c962545c4ffcc77127b4d1f,0xe3726a1b9c6ba2f06585d1c9e01d00afaedaeb38,SELL,Yes,44970984693446229163777814796761027650616244349974665674793478133682772047061,0xae3f5136860b205147f10c343a17e827f4c0a3264d5acca61218c1346dd0cf75,0.07,20,1.4000000000000001,1754051208,Will the US add between 150k and 200k jobs in July?
0xa2e7c1cd79930b1d69138c02df03be5b4c1ada2c392cabd4cf64f4bda792566c,0xe3726a1b9c6ba2f06585d1c9e01d00afaedaeb38,SELL,Yes,44970984693446229163777814796761027650616244349974665674793478133682772047061,0xae3f5136860b205147f10c343a17e827f4c0a3264d5acca61218c1346dd0cf75,0.07,58,4.0600000000000005,1754051150,Will the US add between 150k and 200k jobs in July?
0x767c8058d217ab883b878f61a08862eacd4962cd85cd1b5967b1aab072dafadb,0xb49f468c15c49783f2664c7198a4949ade1b12e6,BUY,No,97731991554168815398711686031656577665295688192843106167368967661811805944570,0xae3f5136860b205147f10c343a17e827f4c0a3264d5acca61218c1346dd0cf75,0.93,50,46.5,1754051150,Will the US add between 150k and 200k jobs in July?
0xc04b723603b8c2192bf23bdeda9029588cfe3f980f727c7fc210dbb7a3480502,0xdceecdb83fcbcc37d381f90ad0c7516824e3bda5,BUY,Yes,44970984693446229163777814796761027650616244349974665674793478133682772047061,0xae3f5136860b205147f10c343a17e827f4c0a3264d5acca61218c1346dd0cf75,0.2747368421,19,5.2199999999,1754051024,Will the US add between 150k and 200k jobs in July?
0x801375baee9815e192dc95a3374ed101603a55c054e139984ff36173448ecf1c,0xdceecdb83fcbcc37d381f90ad0c7516824e3bda5,BUY,Yes,44970984693446229163777814796761027650616244349974665674793478133682772047061,0xae3f5136860b205147f10c343a17e827f4c0a3264d5acca61218c1346dd0cf75,0.2,12,2.4000000000000004,1754051004,Will the US add between 150k and 200k jobs in July?
0x0fddca77631306aba3d77c10734748f4c310a0f0154fdb0e58e6605e9b7fcb5d,0xe3726a1b9c6ba2f06585d1c9e01d00afaedaeb38,SELL,Yes,44970984693446229163777814796761027650616244349974665674793478133682772047061,0xae3f5136860b205147f10c343a17e827f4c0a3264d5acca61218c1346dd0cf75,0.1,50,5.0,1754050986,Will the US add between 150k and 200k jobs in July?
0xe025e3ed86957d0e687207faeaeaea84e347ffee28a87b3a7e223b647e24b4eb,0x63d43bbb87f85af03b8f2f9e2fad7b54334fa2f1,BUY,No,97731991554168815398711686031656577665295688192843106167368967661811805944570,0xae3f5136860b205147f10c343a17e827f4c0a3264d5acca61218c1346dd0cf75,0.92,22,20.240000000000002,1754050282,Will the US add between 150k and 200k jobs in July?
0x7a65d7f53f43d5b852b542e10fc7855b8655bec1927863b7accea9035692b067,0x63d43bbb87f85af03b8f2f9e2fad7b54334fa2f1,BUY,No,97731991554168815398711686031656577665295688192843106167368967661811805944570,0xae3f5136860b205147f10c343a17e827f4c0a3264d5acca61218c1346dd0cf75,0.85,68.98,58.633,1754049484,Will the US add between 150k and 200k jobs in July?
0xddeb40a51f4984033ba19b6fc2048cd3e7c8ac4eeaa277fc3b0cbbf7a3b1d94b,0x63d43bbb87f85af03b8f2f9e2fad7b54334fa2f1,BUY,No,97731991554168815398711686031656577665295688192843106167368967661811805944570,0xae3f5136860b205147f10c343a17e827f4c0a3264d5acca61218c1346dd0cf75,0.85,20.85,17.7225,1754049482,Will the US add between 150k and 200k jobs in July?
0x40c848abc8d7addeb880e2f874b458ddb2f55384672a097922084ddfc80191f7,0xe3726a1b9c6ba2f06585d1c9e01d00afaedaeb38,SELL,Yes,44970984693446229163777814796761027650616244349974665674793478133682772047061,0xae3f5136860b205147f10c343a17e827f4c0a3264d5acca61218c1346dd0cf75,0.15,91.01,13.6515,1754049482,Will the US add between 150k and 200k jobs in July?
0xb8743627231480e13745b9df065c9e709fa184cdd668fba986a6a1ec2f3c0365,0x63d43bbb87f85af03b8f2f9e2fad7b54334fa2f1,BUY,No,97731991554168815398711686031656577665295688192843106167368967661811805944570,0xae3f5136860b205147f10c343a17e827f4c0a3264d5acca61218c1346dd0cf75,0.85,20,17.0,1754049482,Will the US add between 150k and 200k jobs in July?
0x9b30450d0be62e6ec51c75768f7dc65bec33ec88350732f7210b383677a4682f,0x7740253843b20007a4c99c3766878351002acbcd,BUY,No,97731991554168815398711686031656577665295688192843106167368967661811805944570,0xae3f5136860b205147f10c343a17e827f4c0a3264d5acca61218c1346dd0cf75,0.85,99,84.14999999999999,1754049482,Will the US add between 150k and 200k jobs in July?
0x0c22c2cd54679dcf72caa9ed22c3d6f47b26706e80e01ed475f6a36ae83f0cec,0xe3726a1b9c6ba2f06585d1c9e01d00afaedaeb38,SELL,Yes,44970984693446229163777814796761027650616244349974665674793478133682772047061,0xae3f5136860b205147f10c343a17e827f4c0a3264d5acca61218c1346dd0cf75,0.15,34.98,5.246999999999999,1754049482,Will the US add between 150k and 200k jobs in July?
0x36e3985403258827226547778d0abd7692a908ace0b8b0935fbf473a5949ed14,0xd218e474776403a330142299f7796e8ba32eb5c9,BUY,No,97731991554168815398711686031656577665295688192843106167368967661811805944570,0xae3f5136860b205147f10c343a17e827f4c0a3264d5acca61218c1346dd0cf75,0.91,15,13.65,1754043704,Will the US add between 150k and 200k jobs in July?
0x5ec180d443f3ccf782328a2a895790525c8256c39fe5d0d21e0863aa0830a752,0x01e4332166cf7b717e307876c3f40ddccf238901,BUY,Yes,44970984693446229163777814796761027650616244349974665674793478133682772047061,0xae3f5136860b205147f10c343a17e827f4c0a3264d5acca61218c1346dd0cf75,0.1699999941,117.647057,19.999998995882365,1754043080,Will the US add between 150k and 200k jobs in July?
0x82287ccf7c393e975da28f3b13d4d1a47e10f75723a7839c34b2096365d74d62,0xe3726a1b9c6ba2f06585d1c9e01d00afaedaeb38,SELL,Yes,44970984693446229163777814796761027650616244349974665674793478133682772047061,0xae3f5136860b205147f10c343a17e827f4c0a3264d5acca61218c1346dd0cf75,0.11,30,3.3,1754042684,Will the US add between 150k and 200k jobs in July?
0x4a2982b5c70cffd533a1b3fc9b3564779d241c821460c711ab922930252368d3,0x7740253843b20007a4c99c3766878351002acbcd,BUY,No,97731991554168815398711686031656577665295688192843106167368967661811805944570,0xae3f5136860b205147f10c343a17e827f4c0a3264d5acca61218c1346dd0cf75,0.88,30,26.4,1754042684,Will the US add between 150k and 200k jobs in July?
0x7529dc8570a7d3af888b93171db8e15f254ff4997d39713e060f3a29cfcd3d1f,0xb49f468c15c49783f2664c7198a4949ade1b12e6,BUY,No,97731991554168815398711686031656577665295688192843106167368967661811805944570,0xae3f5136860b205147f10c343a17e827f4c0a3264d5acca61218c1346dd0cf75,0.85,30,25.5,1754040824,Will the US add between 150k and 200k jobs in July?
0xc077563198003243ce652b6658bd713bd542cc11e7484c2aabe8aa3d7c18147e,0xe3726a1b9c6ba2f06585d1c9e01d00afaedaeb38,SELL,Yes,44970984693446229163777814796761027650616244349974665674793478133682772047061,0xae3f5136860b205147f10c343a17e827f4c0a3264d5acca61218c1346dd0cf75,0.15,34.39,5.1585,1754040824,Will the US add between 150k and 200k jobs in July?
0x3e4b9a57928f0de9b0fa0630c23acb9ad1f3caeeebbb20f70dd7709a1a44c8df,0x386d17027f1c9bcde34c9c12ada287ef950f9bb6,BUY,Yes,44970984693446229163777814796761027650616244349974665674793478133682772047061,0xae3f5136860b205147f10c343a17e827f4c0a3264d5acca61218c1346dd0cf75,0.17,46,7.82,1754037788,Will the US add between 150k and 200k jobs in July?
0xeea11c57e95635c29a6b99b056bfe58b6afc4607867472323847c2ea476ca79d,0x386d17027f1c9bcde34c9c12ada287ef950f9bb6,BUY,Yes,44970984693446229163777814796761027650616244349974665674793478133682772047061,0xae3f5136860b205147f10c343a17e827f4c0a3264d5acca61218c1346dd0cf75,0.17,300,51.00000000000001,1754037398,Will the US add between 150k and 200k jobs in July?
0x482da948f4fb869270827b384deaf4742c6c89708c879c7e5dd48e5662663163,0xe3726a1b9c6ba2f06585d1c9e01d00afaedaeb38,SELL,Yes,44970984693446229163777814796761027650616244349974665674793478133682772047061,0xae3f5136860b205147f10c343a17e827f4c0a3264d5acca61218c1346dd0cf75,0.17,25,4.25,1754037106,Will the US add between 150k and 200k jobs in July?
0xefe22af87751dfbf1e7df9b64acd031d0f7482a36bc4569a7b662894c941e503,0x386d17027f1c9bcde34c9c12ada287ef950f9bb6,BUY,Yes,44970984693446229163777814796761027650616244349974665674793478133682772047061,0xae3f5136860b205147f10c343a17e827f4c0a3264d5acca61218c1346dd0cf75,0.17,30,5.1000000000000005,1754037106,Will the US add between 150k and 200k jobs in July?
0x58b834ae8e2c75a1ec351fc4ed54af146cd43fd28b37f40ec6d79e74ec4fb542,0x386d17027f1c9bcde34c9c12ada287ef950f9bb6,BUY,Yes,44970984693446229163777814796761027650616244349974665674793478133682772047061,0xae3f5136860b205147f10c343a17e827f4c0a3264d5acca61218c1346dd0cf75,0.16,26,4.16,1754037080,Will the US add between 150k and 200k jobs in July?
0x8e130ecfce951760dcecd1c7d1bca8f0a13f5799f63c1726f4622f7de94afa45,0x386d17027f1c9bcde34c9c12ada287ef950f9bb6,BUY,Yes,44970984693446229163777814796761027650616244349974665674793478133682772047061,0xae3f5136860b205147f10c343a17e827f4c0a3264d5acca61218c1346dd0cf75,0.1316129032,62,8.1599999984,1754036474,Will the US add between 150k and 200k jobs in July?
0x69bc581822ddc3aa8ce412f220ea2636191bf5bfef5fbe38e202aee1c41c2a6a,0xfe2d0b7350141c8413da4ab3eb72b5d71026da35,BUY,No,97731991554168815398711686031656577665295688192843106167368967661811805944570,0xae3f5136860b205147f10c343a17e827f4c0a3264d5acca61218c1346dd0cf75,0.91,42.62,38.7842,1754035892,Will the US add between 150k and 200k jobs in July?
0xc58f110647a67388817c36f9dda2f1b95a69b0e15d45580c543add870f1b7afb,0x63d43bbb87f85af03b8f2f9e2fad7b54334fa2f1,BUY,No,97731991554168815398711686031656577665295688192843106167368967661811805944570,0xae3f5136860b205147f10c343a17e827f4c0a3264d5acca61218c1346dd0cf75,0.91,17.39,15.824900000000001,1754035890,Will the US add between 150k and 200k jobs in July?
0xdb7cbdda8778b6efcc6454da21720c4ec2ba59d03072cf306d3cad92f37ae701,0x63d43bbb87f85af03b8f2f9e2fad7b54334fa2f1,BUY,No,97731991554168815398711686031656577665295688192843106167368967661811805944570,0xae3f5136860b205147f10c343a17e827f4c0a3264d5acca61218c1346dd0cf75,0.9,13.49,12.141,1754035888,Will the US add between 150k and 200k jobs in July?
0xe22709ce4ceef16b5f1418d6ba67f38ba6adc88a4b250ee5adbc9a21d7deb6fe,0x63d43bbb87f85af03b8f2f9e2fad7b54334fa2f1,BUY,No,97731991554168815398711686031656577665295688192843106167368967661811805944570,0xae3f5136860b205147f10c343a17e827f4c0a3264d5acca61218c1346dd0cf75,0.9,10.91,9.819,1754035888,Will the US add between 150k and 200k jobs in July?
0xf98aec06e6fc2307f1c1c51478e87bd35371cd0f42ef8a90d90716c93e9df008,0x63d43bbb87f85af03b8f2f9e2fad7b54334fa2f1,BUY,No,97731991554168815398711686031656577665295688192843106167368967661811805944570,0xae3f5136860b205147f10c343a17e827f4c0a3264d5acca61218c1346dd0cf75,0.9,42.6,38.34,1754035886,Will the US add between 150k and 200k jobs in July?
0xba24af9424922469f2573c0b672ccf7f852216fae5be712f165942ef5e14b1b1,0xd218e474776403a330142299f7796e8ba32eb5c9,BUY,No,97731991554168815398711686031656577665295688192843106167368967661811805944570,0xae3f5136860b205147f10c343a17e827f4c0a3264d5acca61218c1346dd0cf75,0.9,10,9.0,1754035886,Will the US add between 150k and 200k jobs in July?
0x08dafed5b1e15a08eddda7c8572c76b1ea41673b8ae74a0ddee90e9507cd3277,0x63d43bbb87f85af03b8f2f9e2fad7b54334fa2f1,BUY,No,97731991554168815398711686031656577665295688192843106167368967661811805944570,0xae3f5136860b205147f10c343a17e827f4c0a3264d5acca61218c1346dd0cf75,0.86,95,81.7,1754035728,Will the US add between 150k and 200k jobs in July?
0x4f23863ca272db88f750fe416a7fc5c497694c279fb46f8e9813aa994986f283,0xcd91a549956854fdc38efad7e80ff5da8f5432b8,BUY,No,97731991554168815398711686031656577665295688192843106167368967661811805944570,0xae3f5136860b205147f10c343a17e827f4c0a3264d5acca61218c1346dd0cf75,0.86,155,133.3,1754035728,Will the US add between 150k and 200k jobs in July?
0x8c11eb722df2c6a9754abb4dda7327da608ca108f3fad28e0d5a75b7257c5065,0x9e4964235cb970b19ddbaf69dcf441d9a14963f2,BUY,Yes,44970984693446229163777814796761027650616244349974665674793478133682772047061,0xae3f5136860b205147f10c343a17e827f4c0a3264d5acca61218c1346dd0cf75,0.19,26,4.94,1754034222,Will the US add between 150k and 200k jobs in July?
0xa7c8221ebadbfec4446328cce9b11921bed104182e22733d35c4481e3d4db587,0x0ffcad4963e25dc150774363f4061ebe840c8236,BUY,Yes,44970984693446229163777814796761027650616244349974665674793478133682772047061,0xae3f5136860b205147f10c343a17e827f4c0a3264d5acca61218c1346dd0cf75,0.1676000375,320.13,53.653800004874995,1754034220,Will the US add between 150k and 200k jobs in July?
0x5c703cc403e71efc1f585178feaed639f45b0dbba1e8e88c3242e93676af1ddc,0x63d43bbb87f85af03b8f2f9e2fad7b54334fa2f1,BUY,No,97731991554168815398711686031656577665295688192843106167368967661811805944570,0xae3f5136860b205147f10c343a17e827f4c0a3264d5acca61218c1346dd0cf75,0.82,54.39,44.599799999999995,1754034218,Will the US add between 150k and 200k jobs in July?
0x94a5429bc8d7e615e49bd5d82e64e696a4dcc5d6c2d3efa15328bac69223fc07,0xe3726a1b9c6ba2f06585d1c9e01d00afaedaeb38,SELL,Yes,44970984693446229163777814796761027650616244349974665674793478133682772047061,0xae3f5136860b205147f10c343a17e827f4c0a3264d5acca61218c1346dd0cf75,0.18,25.48,4.5864,1754034218,Will the US add between 150k and 200k jobs in July?
0x6b54702222c95ac87c1300f780a6c3301ee3d684b14d7fb35cd041e1d70dead3,0xf7c14588d0b8b0e912f9145e8cc761ca45351efe,BUY,Yes,44970984693446229163777814796761027650616244349974665674793478133682772047061,0xae3f5136860b205147f10c343a17e827f4c0a3264d5acca61218c1346dd0cf75,0.1098901099,91,10.0000000009,1754032596,Will the US add between 150k and 200k jobs in July?
0x74cff7a0e9af01550f521ef3a0062bccd5d28f42bfbc03bc6d3382552d5068c4,0xe3726a1b9c6ba2f06585d1c9e01d00afaedaeb38,SELL,Yes,44970984693446229163777814796761027650616244349974665674793478133682772047061,0xae3f5136860b205147f10c343a17e827f4c0a3264d5acca61218c1346dd0cf75,0.08,85.39,6.8312,1754030690,Will the US add between 150k and 200k jobs in July?
0xa9c5f622e9c2f89602a3df0e1ef3218d1b1609406b6b54cc5a4971a7808e0839,0xb48b9192dc52eed724fa58c66fa8926d06a3648e,BUY,No,97731991554168815398711686031656577665295688192843106167368967661811805944570,0xae3f5136860b205147f10c343a17e827f4c0a3264d5acca61218c1346dd0cf75,0.9262956681,448.07,415.04530000556696,1754030688,Will the US add between 150k and 200k jobs in July?
0x70fe2b3535e08ff5306ef55e904fe955009f245437a342171eda05f5372780b1,0xe3726a1b9c6ba2f06585d1c9e01d00afaedaeb38,SELL,Yes,44970984693446229163777814796761027650616244349974665674793478133682772047061,0xae3f5136860b205147f10c343a17e827f4c0a3264d5acca61218c1346dd0cf75,0.09,66.01,5.9409,1754030686,Will the US add between 150k and 200k jobs in July?
0xb9705ad3022fb470eedb32a6e676bcb907f0e46ac76fd3ec8b46d5c19b93996f,0x2ab9f8df1e77c04279aeb8e73602fd24575bfd27,BUY,No,97731991554168815398711686031656577665295688192843106167368967661811805944570,0xae3f5136860b205147f10c343a17e827f4c0a3264d5acca61218c1346dd0cf75,0.9099999827,10.989009,9.999997999890144,1754030118,Will the US add between 150k and 200k jobs in July?
0xf755e19f8cb418e4e8d08d8dead6289f0d3d1d4944fdb6e447acc0a05d20baa9,0x63d43bbb87f85af03b8f2f9e2fad7b54334fa2f1,BUY,No,97731991554168815398711686031656577665295688192843106167368967661811805944570,0xae3f5136860b205147f10c343a17e827f4c0a3264d5acca61218c1346dd0cf75,0.92,11.63,10.699600000000002,1754024768,Will the US add between 150k and 200k jobs in July?
0x34e5184db165e37110eef3a22a33ebc921f7ae88fc7e122ed9eb862318ff7d26,0xe3726a1b9c6ba2f06585d1c9e01d00afaedaeb38,SELL,Yes,44970984693446229163777814796761027650616244349974665674793478133682772047061,0xae3f5136860b205147f10c343a17e827f4c0a3264d5acca61218c1346dd0cf75,0.09,6.79,0.6111,1754024768,Will the US add between 150k and 200k jobs in July?
0x279ce41ef638b18fdf0ae597de78e9fb10afd5a2b41f2e1f8a9419222dd495b2,0x727bfdcb0ae1a00eca35c4d0a9b85f4e42d4d1a2,BUY,Yes,44970984693446229163777814796761027650616244349974665674793478133682772047061,0xae3f5136860b205147f10c343a17e827f4c0a3264d5acca61218c1346dd0cf75,0.14,100,14.000000000000002,1754019126,Will the US add between 150k and 200k jobs in July?
0xcf1b3540f8b807a8c00ecc61c9cff7f2ef8e38d85339a0a2a624ed29a7fd09dc,0x727bfdcb0ae1a00eca35c4d0a9b85f4e42d4d1a2,BUY,Yes,44970984693446229163777814796761027650616244349974665674793478133682772047061,0xae3f5136860b205147f10c343a17e827f4c0a3264d5acca61218c1346dd0cf75,0.13,30,3.9000000000000004,1754019122,Will the US add between 150k and 200k jobs in July?
0xb97a4e6a72f04189666a4f9f1a47ceece0c6778d408f1a5b4aca26a3e26c1da0,0x668b2f3c6bfff414f4839bb09bcfe5775f7ac468,BUY,No,97731991554168815398711686031656577665295688192843106167368967661811805944570,0xae3f5136860b205147f10c343a17e827f4c0a3264d5acca61218c1346dd0cf75,0.91,1.61,1.4651,1754013058,Will the US add between 150k and 200k jobs in July?
0x9059e9ce0fce7c972ed23db285a0fdc4fd9afa78ce995bb2fddb535aa7b35ffd,0x55da325029e94f87a3dd7dae4c5018978600839a,BUY,No,97731991554168815398711686031656577665295688192843106167368967661811805944570,0xae3f5136860b205147f10c343a17e827f4c0a3264d5acca61218c1346dd0cf75,0.91,5,4.55,1754012468,Will the US add between 150k and 200k jobs in July?
0x3f315c9b705b2c8e20c75f316f1d3357f8656834deb20d2ea6302bb5c357e241,0xfa831cb094a7f959c029cac81bada98b825ab49c,SELL,Yes,44970984693446229163777814796761027650616244349974665674793478133682772047061,0xae3f5136860b205147f10c343a17e827f4c0a3264d5acca61218c1346dd0cf75,0.0968,5,0.484,1754006340,Will the US add between 150k and 200k jobs in July?
0x39d836629abab0cc0723ca86d6afa3811c943c235a6ffbf2df919addacac1b16,0xfa831cb094a7f959c029cac81bada98b825ab49c,BUY,Yes,44970984693446229163777814796761027650616244349974665674793478133682772047061,0xae3f5136860b205147f10c343a17e827f4c0a3264d5acca61218c1346dd0cf75,0.13,5,0.65,1754006244,Will the US add between 150k and 200k jobs in July?
0x978a435619139d156d53d6402b0b34d53dd7f6b6c9e8c0f3a39e3c401dc0a06a,0xd218e474776403a330142299f7796e8ba32eb5c9,BUY,No,97731991554168815398711686031656577665295688192843106167368967661811805944570,0xae3f5136860b205147f10c343a17e827f4c0a3264d5acca61218c1346dd0cf75,0.9,20,18.0,1754003840,Will the US add between 150k and 200k jobs in July?
0x7ed90a5b87898fa9ed9bd8f75efe6b8ebd2ff2bf75e085a32d5cde19174359f9,0x63d43bbb87f85af03b8f2f9e2fad7b54334fa2f1,BUY,No,97731991554168815398711686031656577665295688192843106167368967661811805944570,0xae3f5136860b205147f10c343a17e827f4c0a3264d5acca61218c1346dd0cf75,0.9,36,32.4,1754003478,Will the US add between 150k and 200k jobs in July?
0x4468c931bae17f1370e80db970f5dc1b54e2d8c4cf86707a2534c760730e7ed8,0xd218e474776403a330142299f7796e8ba32eb5c9,BUY,No,97731991554168815398711686031656577665295688192843106167368967661811805944570,0xae3f5136860b205147f10c343a17e827f4c0a3264d5acca61218c1346dd0cf75,0.9,10,9.0,1754003478,Will the US add between 150k and 200k jobs in July?
0x9e7b68f76ad9380aac909055e868ab63963221a8b86da2cee50a3ea8dbf2af25,0xe3726a1b9c6ba2f06585d1c9e01d00afaedaeb38,SELL,Yes,44970984693446229163777814796761027650616244349974665674793478133682772047061,0xae3f5136860b205147f10c343a17e827f4c0a3264d5acca61218c1346dd0cf75,0.1,10,1.0,1754003478,Will the US add between 150k and 200k jobs in July?
0x56afe35f6844117d876048c07e036deab009e272c8eaa20f0536151cd6458993,0x490f66ea703fc8fae19fd231c9921e3f4c0c17e5,BUY,No,97731991554168815398711686031656577665295688192843106167368967661811805944570,0xae3f5136860b205147f10c343a17e827f4c0a3264d5acca61218c1346dd0cf75,0.9,150,135.0,1754001122,Will the US add between 150k and 200k jobs in July?
0x57393528dd4891c0a722379870d4f63a1122cc19e06d8e84298414d9eb0ed7a0,0xe3726a1b9c6ba2f06585d1c9e01d00afaedaeb38,SELL,Yes,44970984693446229163777814796761027650616244349974665674793478133682772047061,0xae3f5136860b205147f10c343a17e827f4c0a3264d5acca61218c1346dd0cf75,0.1,180,18.0,1754001122,Will the US add between 150k and 200k jobs in July?
0x78f9251891e5c02095486d10ff2b9b936bc857c860358ff1cd45881e9a9ab8e2,0x63d43bbb87f85af03b8f2f9e2fad7b54334fa2f1,BUY,No,97731991554168815398711686031656577665295688192843106167368967661811805944570,0xae3f5136860b205147f10c343a17e827f4c0a3264d5acca61218c1346dd0cf75,0.9,90,81.0,1754001118,Will the US add between 150k and 200k jobs in July?
0x09cfc32271823e33f6cc373433708e8dfcff94f13ea4dda04ff3853cf2cdd7ea,0xe3726a1b9c6ba2f06585d1c9e01d00afaedaeb38,SELL,Yes,44970984693446229163777814796761027650616244349974665674793478133682772047061,0xae3f5136860b205147f10c343a17e827f4c0a3264d5acca61218c1346dd0cf75,0.1,5,0.5,1754001118,Will the US add between 150k and 200k jobs in July?
0x79eed91466fc6c9b5c3c30cb997a7b40f4081a67e99dd7bfab7433c19f13b00f,0x63d43bbb87f85af03b8f2f9e2fad7b54334fa2f1,BUY,No,97731991554168815398711686031656577665295688192843106167368967661811805944570,0xae3f5136860b205147f10c343a17e827f4c0a3264d5acca61218c1346dd0cf75,0.9,5,4.5,1753995762,Will the US add between 150k and 200k jobs in July?
0x18cfc68910d8b06340d2b2475875d685f3c6dcc91de5dfea1f18274d71ab2bd7,0xc0ffa24eb2bfaeaafe11b5c1143281f7c590136b,BUY,No,97731991554168815398711686031656577665295688192843106167368967661811805944570,0xae3f5136860b205147f10c343a17e827f4c0a3264d5acca61218c1346dd0cf75,0.89,5,4.45,1753995758,Will the US add between 150k and 200k jobs in July?
0x133670ace3e34438e00e267e66f87a037cd0a0ca61a07a6d7a22d9a4983b155e,0xe3726a1b9c6ba2f06585d1c9e01d00afaedaeb38,SELL,Yes,44970984693446229163777814796761027650616244349974665674793478133682772047061,0xae3f5136860b205147f10c343a17e827f4c0a3264d5acca61218c1346dd0cf75,0.13,24,3.12,1753994916,Will the US add between 150k and 200k jobs in July?
0x40527b88fdde890290f4a495acbba2e3b5fcc70cd948c35d9b76441e18bb2009,0x727bfdcb0ae1a00eca35c4d0a9b85f4e42d4d1a2,BUY,Yes,44970984693446229163777814796761027650616244349974665674793478133682772047061,0xae3f5136860b205147f10c343a17e827f4c0a3264d5acca61218c1346dd0cf75,0.13,56,7.28,1753994916,Will the US add between 150k and 200k jobs in July?
0x18c67a11af98802271ab6844c28985cbdd1c95e35bc1782a49ff879290953c43,0xcd91a549956854fdc38efad7e80ff5da8f5432b8,BUY,No,97731991554168815398711686031656577665295688192843106167368967661811805944570,0xae3f5136860b205147f10c343a17e827f4c0a3264d5acca61218c1346dd0cf75,0.9,100,90.0,1753989442,Will the US add between 150k and 200k jobs in July?
0xb4ea4f1e2301a3c4c1bc4389a1bbbe23a13536d12a50da926922763bd522ced9,0x63d43bbb87f85af03b8f2f9e2fad7b54334fa2f1,BUY,No,97731991554168815398711686031656577665295688192843106167368967661811805944570,0xae3f5136860b205147f10c343a17e827f4c0a3264d5acca61218c1346dd0cf75,0.9,26.01,23.409000000000002,1753989198,Will the US add between 150k and 200k jobs in July?
0x7ab969aad4941dc9794a3bb7488a08c8bc74f4f96e6a2a0f9f2483ebf2c267a8,0xebc0df15e665da95bf819105b723ae90042ffa41,BUY,No,97731991554168815398711686031656577665295688192843106167368967661811805944570,0xae3f5136860b205147f10c343a17e827f4c0a3264d5acca61218c1346dd0cf75,0.9,29,26.1,1753989198,Will the US add between 150k and 200k jobs in July?
0x95278eeb8b690f2a9250da4cd444f0ec3bdf6566b79938c8076106c2019f9002,0xe3726a1b9c6ba2f06585d1c9e01d00afaedaeb38,SELL,Yes,44970984693446229163777814796761027650616244349974665674793478133682772047061,0xae3f5136860b205147f10c343a17e827f4c0a3264d5acca61218c1346dd0cf75,0.1,4.43,0.443,1753989194,Will the US add between 150k and 200k jobs in July?
0xc8e836430ea83ad8d00c7067fca8f4d65b1a29c889fb9b91f1d1e91eb77ec593,0xe3726a1b9c6ba2f06585d1c9e01d00afaedaeb38,SELL,Yes,44970984693446229163777814796761027650616244349974665674793478133682772047061,0xae3f5136860b205147f10c343a17e827f4c0a3264d5acca61218c1346dd0cf75,0.11,25.57,2.8127,1753988078,Will the US add between 150k and 200k jobs in July?
0x5abf0e50255d0cb2c8acc2b611f7e0b11c9dd2bd0e3354eab6301437da50b01d,0xe3726a1b9c6ba2f06585d1c9e01d00afaedaeb38,SELL,Yes,44970984693446229163777814796761027650616244349974665674793478133682772047061,0xae3f5136860b205147f10c343a17e827f4c0a3264d5acca61218c1346dd0cf75,0.11,10,1.1,1753986916,Will the US add between 150k and 200k jobs in July?
0xf4e7379084c1a7ce36e35712bf38dd7fb62e7ef9495b87d1feab1ec89192c12c,0x63d43bbb87f85af03b8f2f9e2fad7b54334fa2f1,BUY,No,97731991554168815398711686031656577665295688192843106167368967661811805944570,0xae3f5136860b205147f10c343a17e827f4c0a3264d5acca61218c1346dd0cf75,0.89,10,8.9,1753986264,Will the US add between 150k and 200k jobs in July?
0xcaa214077ace84b1d2548c5c89736d10069a9bb8459f6ba88717ca7ff27b923a,0xe3726a1b9c6ba2f06585d1c9e01d00afaedaeb38,SELL,Yes,44970984693446229163777814796761027650616244349974665674793478133682772047061,0xae3f5136860b205147f10c343a17e827f4c0a3264d5acca61218c1346dd0cf75,0.11,5.83,0.6413,1753985680,Will the US add between 150k and 200k jobs in July?
0x667970ceec439210a39026c4bfb88c857a94e9cfe9604b12c2c437a7c87bec7c,0xe3726a1b9c6ba2f06585d1c9e01d00afaedaeb38,SELL,Yes,44970984693446229163777814796761027650616244349974665674793478133682772047061,0xae3f5136860b205147f10c343a17e827f4c0a3264d5acca61218c1346dd0cf75,0.1,2.55,0.255,1753984672,Will the US add between 150k and 200k jobs in July?
0x3d867f18f7d219415a51c7599cbf8446269385fea672c0ba21a0db26f8c4afb8,0x4e8d2d6220320426b0e4076dbe87802f0a113046,BUY,No,97731991554168815398711686031656577665295688192843106167368967661811805944570,0xae3f5136860b205147f10c343a17e827f4c0a3264d5acca61218c1346dd0cf75,0.9,5,4.5,1753984606,Will the US add between 150k and 200k jobs in July?
0x900738473e7acbd0c7cf45962ab4947c14452c3bba630d86ffccc7568f0c47ea,0x490f66ea703fc8fae19fd231c9921e3f4c0c17e5,BUY,No,97731991554168815398711686031656577665295688192843106167368967661811805944570,0xae3f5136860b205147f10c343a17e827f4c0a3264d5acca61218c1346dd0cf75,0.9,50,45.0,1753981416,Will the US add between 150k and 200k jobs in July?
0x825239469ff23c21123f2b15aae7467f8983647beb3234d95d49f59f52147bc2,0x63d43bbb87f85af03b8f2f9e2fad7b54334fa2f1,BUY,No,97731991554168815398711686031656577665295688192843106167368967661811805944570,0xae3f5136860b205147f10c343a17e827f4c0a3264d5acca61218c1346dd0cf75,0.9,30,27.0,1753981408,Will the US add between 150k and 200k jobs in July?
0x6f0b7250ee5090f09635a24c098a2398a046b16e949f063f72e8569c155af575,0xe3726a1b9c6ba2f06585d1c9e01d00afaedaeb38,SELL,Yes,44970984693446229163777814796761027650616244349974665674793478133682772047061,0xae3f5136860b205147f10c343a17e827f4c0a3264d5acca61218c1346dd0cf75,0.1,10,1.0,1753981390,Will the US add between 150k and 200k jobs in July?
0xcfb8e3b6aabb55e28c31f70ca0d2ec00c19c751c0aa29d5211171697fbeb4c50,0x4e8d2d6220320426b0e4076dbe87802f0a113046,BUY,No,97731991554168815398711686031656577665295688192843106167368967661811805944570,0xae3f5136860b205147f10c343a17e827f4c0a3264d5acca61218c1346dd0cf75,0.89,5,4.45,1753978834,Will the US add between 150k and 200k jobs in July?
0xef862d4a2fe231925d9f11c8f7459f4eb769402da888093d0823ce8d5a443eee,0xcd91a549956854fdc38efad7e80ff5da8f5432b8,BUY,No,97731991554168815398711686031656577665295688192843106167368967661811805944570,0xae3f5136860b205147f10c343a17e827f4c0a3264d5acca61218c1346dd0cf75,0.89,19,16.91,1753978834,Will the US add between 150k and 200k jobs in July?
0xcbf55e27d15a2339554246c22c12c4892f3aa547efc119816443eee78492cafe,0xb49f468c15c49783f2664c7198a4949ade1b12e6,BUY,No,97731991554168815398711686031656577665295688192843106167368967661811805944570,0xae3f5136860b205147f10c343a17e827f4c0a3264d5acca61218c1346dd0cf75,0.89,10,8.9,1753976730,Will the US add between 150k and 200k jobs in July?
0xf499ae2edc394a3d5240c02aa95763f09116cfd82eba136dd29a44b558988a4e,0x63d43bbb87f85af03b8f2f9e2fad7b54334fa2f1,BUY,No,97731991554168815398711686031656577665295688192843106167368967661811805944570,0xae3f5136860b205147f10c343a17e827f4c0a3264d5acca61218c1346dd0cf75,0.9,38.47,34.623,1753976648,Will the US add between 150k and 200k jobs in July?
0x1d70b47fa103cae9fd51ba9c797ef41f6a1e6be6418da36a6d1b6c5dd890c343,0xf85f2d5f15d0f9c75316966492488eebbc58153c,BUY,No,97731991554168815398711686031656577665295688192843106167368967661811805944570,0xae3f5136860b205147f10c343a17e827f4c0a3264d5acca61218c1346dd0cf75,0.9,37.5,33.75,1753976648,Will the US add between 150k and 200k jobs in July?
0xda2112341c22e80aef5591102804b9625d15096c4e0adbdf6aa28df3eeca6c1a,0x63d43bbb87f85af03b8f2f9e2fad7b54334fa2f1,BUY,No,97731991554168815398711686031656577665295688192843106167368967661811805944570,0xae3f5136860b205147f10c343a17e827f4c0a3264d5acca61218c1346dd0cf75,0.9,87.51,78.759,1753972038,Will the US add between 150k and 200k jobs in July?
0x91cd4c9005c11718f61d46a6b2b32237b1ed3d15bf7e65ad02d640aebc01bc3c,0xe4cfbb89c05d3429280c69969aee2cfb7a4678c4,BUY,No,97731991554168815398711686031656577665295688192843106167368967661811805944570,0xae3f5136860b205147f10c343a17e827f4c0a3264d5acca61218c1346dd0cf75,0.9,22,19.8,1753972034,Will the US add between 150k and 200k jobs in July?
0x90a717bb7ded03350d873581d35b5c9882ba230456b1eb070e25c377cea2b543,0x63d43bbb87f85af03b8f2f9e2fad7b54334fa2f1,BUY,No,97731991554168815398711686031656577665295688192843106167368967661811805944570,0xae3f5136860b205147f10c343a17e827f4c0a3264d5acca61218c1346dd0cf75,0.9,24.99,22.491,1753972034,Will the US add between 150k and 200k jobs in July?
0x34aea14cb071c331285d822350043aa48d5eae8b131518b96ef23b74c616fff6,0x4df7da721042bf8b75bd1cb7acbeb7f83aaf522d,BUY,No,97731991554168815398711686031656577665295688192843106167368967661811805944570,0xae3f5136860b205147f10c343a17e827f4c0a3264d5acca61218c1346dd0cf75,0.8965844399,35.13333,31.49999699987187,1753972034,Will the US add between 150k and 200k jobs in July?
0xdcb83a124e4c093980d4786ef961d01037494b6719b0c94f7e7e7add72728e12,0x63d43bbb87f85af03b8f2f9e2fad7b54334fa2f1,BUY,No,97731991554168815398711686031656577665295688192843106167368967661811805944570,0xae3f5136860b205147f10c343a17e827f4c0a3264d5acca61218c1346dd0cf75,0.89,26,23.14,1753972022,Will the US add between 150k and 200k jobs in July?
0x34bd6252080567d419be6f12c7b4b09e11d289f201f64d6954c68ae4635c1d54,0x2a315a8d15cfde768bcd47ba5cacf3ef5894f2f0,SELL,Yes,44970984693446229163777814796761027650616244349974665674793478133682772047061,0xae3f5136860b205147f10c343a17e827f4c0a3264d5acca61218c1346dd0cf75,0.11,12,1.32,1753972016,Will the US add between 150k and 200k jobs in July?
0x6b6e301814ef98a0cd25e3e456e281087ac085b33fd814417bc0216b8a4e0afa,0xeb22f4735df6bd5d14e1b5fd10faefa7757d808a,BUY,Yes,44970984693446229163777814796761027650616244349974665674793478133682772047061,0xae3f5136860b205147f10c343a17e827f4c0a3264d5acca61218c1346dd0cf75,0.15,26,3.9,1753967442,Will the US add between 150k and 200k jobs in July?
0xdb47a0c8f66c12d020f510148e1d560f785212c751abd9b658a8022a7f99e00e,0xeb22f4735df6bd5d14e1b5fd10faefa7757d808a,BUY,Yes,44970984693446229163777814796761027650616244349974665674793478133682772047061,0xae3f5136860b205147f10c343a17e827f4c0a3264d5acca61218c1346dd0cf75,0.15,26,3.9,1753967422,Will the US add between 150k and 200k jobs in July?
0xc2a22b99019283758d78711d0727eb4e0b5d4c034677aa939a968835d3045d93,0xeb22f4735df6bd5d14e1b5fd10faefa7757d808a,BUY,Yes,44970984693446229163777814796761027650616244349974665674793478133682772047061,0xae3f5136860b205147f10c343a17e827f4c0a3264d5acca61218c1346dd0cf75,0.15,130,19.5,1753964674,Will the US add between 150k and 200k jobs in July?
0x6eec1fb46aa010aa5ded13355fd8fd6634e5ba27b91aa1bfaed346a2e36744ae,0x727bfdcb0ae1a00eca35c4d0a9b85f4e42d4d1a2,BUY,Yes,44970984693446229163777814796761027650616244349974665674793478133682772047061,0xae3f5136860b205147f10c343a17e827f4c0a3264d5acca61218c1346dd0cf75,0.14,30,4.2,1753960330,Will the US add between 150k and 200k jobs in July?
0xcd9205b832e837f992c04d806708069efa089722599870ba75fb05cd2988d599,0xe4cfbb89c05d3429280c69969aee2cfb7a4678c4,BUY,No,97731991554168815398711686031656577665295688192843106167368967661811805944570,0xae3f5136860b205147f10c343a17e827f4c0a3264d5acca61218c1346dd0cf75,0.9099999664,13.692306,12.459997999938519,1753957226,Will the US add between 150k and 200k jobs in July?
0x848bc916ad0b457c79d84d9ef745a89bdde520f9c86401f4c5795a2d0d5d0ad1,0x63d43bbb87f85af03b8f2f9e2fad7b54334fa2f1,BUY,No,97731991554168815398711686031656577665295688192843106167368967661811805944570,0xae3f5136860b205147f10c343a17e827f4c0a3264d5acca61218c1346dd0cf75,0.91,5.55,5.0505,1753957184,Will the US add between 150k and 200k jobs in July?
0x69e3d61eabd9d8fefacae65f86a49045e0ca9904cc03ea796a11f4b261468f15,0x727bfdcb0ae1a00eca35c4d0a9b85f4e42d4d1a2,BUY,Yes,44970984693446229163777814796761027650616244349974665674793478133682772047061,0xae3f5136860b205147f10c343a17e827f4c0a3264d5acca61218c1346dd0cf75,0.15,55,8.25,1753953896,Will the US add between 150k and 200k jobs in July?
0xf3449bd33cbf6ca23953d10001d9d647edb38d02e5cd3c3260f7ae4472f5064c,0x727bfdcb0ae1a00eca35c4d0a9b85f4e42d4d1a2,BUY,Yes,44970984693446229163777814796761027650616244349974665674793478133682772047061,0xae3f5136860b205147f10c343a17e827f4c0a3264d5acca61218c1346dd0cf75,0.14,30,4.2,1753953892,Will the US add between 150k and 200k jobs in July?
0x2a1e8df5f25aeedeb896787964fd9a2be86bd3952b3812c9dea176dd8867c7da,0x727bfdcb0ae1a00eca35c4d0a9b85f4e42d4d1a2,BUY,Yes,44970984693446229163777814796761027650616244349974665674793478133682772047061,0xae3f5136860b205147f10c343a17e827f4c0a3264d5acca61218c1346dd0cf75,0.13,15,1.9500000000000002,1753953888,Will the US add between 150k and 200k jobs in July?
0x3d24df5430b66a05e766dcac5897f38991924cdeb51ecd0b97faacbc5c576677,0x727bfdcb0ae1a00eca35c4d0a9b85f4e42d4d1a2,BUY,Yes,44970984693446229163777814796761027650616244349974665674793478133682772047061,0xae3f5136860b205147f10c343a17e827f4c0a3264d5acca61218c1346dd0cf75,0.12,50,6.0,1753953770,Will the US add between 150k and 200k jobs in July?
0x30b5fe4a3638806e4582eede35b4a7c037adea907979c111ade78edb9018744d,0x825e2e0d4605092ee20fc461b5682fa8d2a4904f,BUY,No,97731991554168815398711686031656577665295688192843106167368967661811805944570,0xae3f5136860b205147f10c343a17e827f4c0a3264d5acca61218c1346dd0cf75,0.87,24.65,21.4455,1753945336,Will the US add between 150k and 200k jobs in July?
0x5a5524de2a36bc4f41d34ac0f53cf82b20c74e53328584b48192780e6810efae,0x727bfdcb0ae1a00eca35c4d0a9b85f4e42d4d1a2,BUY,Yes,44970984693446229163777814796761027650616244349974665674793478133682772047061,0xae3f5136860b205147f10c343a17e827f4c0a3264d5acca61218c1346dd0cf75,0.13,33.35,4.335500000000001,1753945336,Will the US add between 150k and 200k jobs in July?
0xe7cd0edf7a49a537e25df87583c5fe676f4924a631dfafa36765662fc22166a9,0x727bfdcb0ae1a00eca35c4d0a9b85f4e42d4d1a2,BUY,Yes,44970984693446229163777814796761027650616244349974665674793478133682772047061,0xae3f5136860b205147f10c343a17e827f4c0a3264d5acca61218c1346dd0cf75,0.11,26,2.86,1753945328,Will the US add between 150k and 200k jobs in July?
0x139f0976e7193ab9f4eea0e443f145df459f72f441fafe189ce5d1bc0a54135c,0xd218e474776403a330142299f7796e8ba32eb5c9,BUY,No,97731991554168815398711686031656577665295688192843106167368967661811805944570,0xae3f5136860b205147f10c343a17e827f4c0a3264d5acca61218c1346dd0cf75,0.91,10,9.1,1753941539,Will the US add between 150k and 200k jobs in July?
0x282e0e32feb29e299d465fca3e9d2b734f88d4c3ee58bccc775afe1de0997e65,0x727bfdcb0ae1a00eca35c4d0a9b85f4e42d4d1a2,BUY,Yes,44970984693446229163777814796761027650616244349974665674793478133682772047061,0xae3f5136860b205147f10c343a17e827f4c0a3264d5acca61218c1346dd0cf75,0.12,30.62,3.6744,1753938927,Will the US add between 150k and 200k jobs in July?
0x2f99d79e50974c7793f8511abff083d2f2e97a4d387c452747a417cb5badc6f6,0x727bfdcb0ae1a00eca35c4d0a9b85f4e42d4d1a2,BUY,Yes,44970984693446229163777814796761027650616244349974665674793478133682772047061,0xae3f5136860b205147f10c343a17e827f4c0a3264d5acca61218c1346dd0cf75,0.11,56,6.16,1753938923,Will the US add between 150k and 200k jobs in July?
0xa2d47659f70d04415e8689c664e60ce893b3f2f1690c3cc63828dfcc3f16bdae,0x30211c81a147b84c7834b66e892b8359b751f925,SELL,Yes,44970984693446229163777814796761027650616244349974665674793478133682772047061,0xae3f5136860b205147f10c343a17e827f4c0a3264d5acca61218c1346dd0cf75,0.08,18,1.44,1753936859,Will the US add between 150k and 200k jobs in July?
0x67a514377d8ccb9439af448e806d3bb569c6bf169807ad3cd83d2c1b7dbcb71f,0x55da325029e94f87a3dd7dae4c5018978600839a,BUY,No,97731991554168815398711686031656577665295688192843106167368967661811805944570,0xae3f5136860b205147f10c343a17e827f4c0a3264d5acca61218c1346dd0cf75,0.91,8,7.28,1753933195,Will the US add between 150k and 200k jobs in July?
0xc27d088a309392ff85b53fb5314f3e3994b8a7744e1a65b25c46bc53b566996f,0x55da325029e94f87a3dd7dae4c5018978600839a,BUY,No,97731991554168815398711686031656577665295688192843106167368967661811805944570,0xae3f5136860b205147f10c343a17e827f4c0a3264d5acca61218c1346dd0cf75,0.91,8,7.28,1753931317,Will the US add between 150k and 200k jobs in July?
0xbcf2819674478e6dad20b59ea035d8571e925dd557f73d8f9242a92160904f9c,0x6a72dfe9e6c4cdb3c7ce3bc2b20a67788c66f81d,BUY,No,97731991554168815398711686031656577665295688192843106167368967661811805944570,0xae3f5136860b205147f10c343a17e827f4c0a3264d5acca61218c1346dd0cf75,0.92,50,46.0,1753923169,Will the US add between 150k and 200k jobs in July?
0x23429f37c955224b19350522a838dc2162ec2cf175e9954175fac9065f70720b,0x4986ef934cbda4420b22d58708ff74cb465b8bc9,BUY,No,97731991554168815398711686031656577665295688192843106167368967661811805944570,0xae3f5136860b205147f10c343a17e827f4c0a3264d5acca61218c1346dd0cf75,0.91,30.62,27.8642,1753923165,Will the US add between 150k and 200k jobs in July?
0xb4137f524178759c741e3c0282837b81843c41dde344d4ab26bd69d6c361c7b5,0xe4b62ac414a21dad3defe4b0bdee9918125429bf,BUY,Yes,44970984693446229163777814796761027650616244349974665674793478133682772047061,0xae3f5136860b205147f10c343a17e827f4c0a3264d5acca61218c1346dd0cf75,0.1201478641,83.230768,9.999999002602628,1753919354,Will the US add between 150k and 200k jobs in July?
0x3b525343acbb007f595f510fa25746bcd955415851205a9baa88da76919e9dcb,0xa49becb692927d455924583b5e3e5788246f4c40,BUY,Yes,44970984693446229163777814796761027650616244349974665674793478133682772047061,0xae3f5136860b205147f10c343a17e827f4c0a3264d5acca61218c1346dd0cf75,0.09,37,3.33,1753914583,Will the US add between 150k and 200k jobs in July?
0x82abbe80a1729e6591393b4012c4ce6f2af840294f4c7e7972fdf54fc2aa2b66,0x63d43bbb87f85af03b8f2f9e2fad7b54334fa2f1,BUY,No,97731991554168815398711686031656577665295688192843106167368967661811805944570,0xae3f5136860b205147f10c343a17e827f4c0a3264d5acca61218c1346dd0cf75,0.91,16,14.56,1753914321,Will the US add between 150k and 200k jobs in July?
0x206046768854b8119f2700f74cc3d1830738692bd43ee6c41ad4aff85fd21816,0x2a315a8d15cfde768bcd47ba5cacf3ef5894f2f0,SELL,Yes,44970984693446229163777814796761027650616244349974665674793478133682772047061,0xae3f5136860b205147f10c343a17e827f4c0a3264d5acca61218c1346dd0cf75,0.09,17,1.53,1753914321,Will the US add between 150k and 200k jobs in July?
0x52c2f6328c20511fe5bdef43967a1d8b105293b691ea32104ffcb41113394306,0xe3726a1b9c6ba2f06585d1c9e01d00afaedaeb38,SELL,Yes,44970984693446229163777814796761027650616244349974665674793478133682772047061,0xae3f5136860b205147f10c343a17e827f4c0a3264d5acca61218c1346dd0cf75,0.09,17,1.53,1753914321,Will the US add between 150k and 200k jobs in July?
0xf1c19dd50c393378603dda63f037857a59dcab3570816c893e7b770ce7018038,0x63d43bbb87f85af03b8f2f9e2fad7b54334fa2f1,BUY,No,97731991554168815398711686031656577665295688192843106167368967661811805944570,0xae3f5136860b205147f10c343a17e827f4c0a3264d5acca61218c1346dd0cf75,0.92,12.02,11.0584,1753911346,Will the US add between 150k and 200k jobs in July?
0xd4f2f870c379b834586c27ba75e32ef56bd2cbb50b5f06b251d281d5e42cb98e,0xe3726a1b9c6ba2f06585d1c9e01d00afaedaeb38,SELL,Yes,44970984693446229163777814796761027650616244349974665674793478133682772047061,0xae3f5136860b205147f10c343a17e827f4c0a3264d5acca61218c1346dd0cf75,0.08,29.99,2.3992,1753911338,Will the US add between 150k and 200k jobs in July?
0x2e9109b8d10537f0fed2bd146f892750d4b7d9c88631ccafbb7a63563bf03a10,0x4986ef934cbda4420b22d58708ff74cb465b8bc9,BUY,No,97731991554168815398711686031656577665295688192843106167368967661811805944570,0xae3f5136860b205147f10c343a17e827f4c0a3264d5acca61218c1346dd0cf75,0.92,10,9.200000000000001,1753911338,Will the US add between 150k and 200k jobs in July?
0x70106d9036ca56906e452fdc9a6853021b0f514c214a3e8064eaa4bacb171590,0x4986ef934cbda4420b22d58708ff74cb465b8bc9,BUY,No,97731991554168815398711686031656577665295688192843106167368967661811805944570,0xae3f5136860b205147f10c343a17e827f4c0a3264d5acca61218c1346dd0cf75,0.92,10,9.200000000000001,1753910854,Will the US add between 150k and 200k jobs in July?
0xef97581446330ec1b5e96b3ae69e48a781a50ed1809bfac47999321894e9accc,0xe3726a1b9c6ba2f06585d1c9e01d00afaedaeb38,SELL,Yes,44970984693446229163777814796761027650616244349974665674793478133682772047061,0xae3f5136860b205147f10c343a17e827f4c0a3264d5acca61218c1346dd0cf75,0.0838636364,44,3.6900000015999996,1753910854,Will the US add between 150k and 200k jobs in July?
0x82a2afa3e5626a16d18fce155e81d9663348ba247492bff77eaaeaf412e3aa4d,0x2a315a8d15cfde768bcd47ba5cacf3ef5894f2f0,SELL,Yes,44970984693446229163777814796761027650616244349974665674793478133682772047061,0xae3f5136860b205147f10c343a17e827f4c0a3264d5acca61218c1346dd0cf75,0.09,27,2.4299999999999997,1753910854,Will the US add between 150k and 200k jobs in July?
0x7947f9fd8396d57d904a7b23e8f13af459d69606edfb940841af57b0a2a7edb5,0xe4d6a2f7a431f2ff351f32be2757b725f41ffdd3,BUY,Yes,44970984693446229163777814796761027650616244349974665674793478133682772047061,0xae3f5136860b205147f10c343a17e827f4c0a3264d5acca61218c1346dd0cf75,0.1190322581,62,7.3800000022,1753907725,Will the US add between 150k and 200k jobs in July?
0x80689f33e895a93a8e6ab58041c4b80c598f7e879b7391a775cb317fa401b4f5,0x2a315a8d15cfde768bcd47ba5cacf3ef5894f2f0,SELL,Yes,44970984693446229163777814796761027650616244349974665674793478133682772047061,0xae3f5136860b205147f10c343a17e827f4c0a3264d5acca61218c1346dd0cf75,0.07,42,2.9400000000000004,1753906265,Will the US add between 150k and 200k jobs in July?
0xbb31b2c82161689d0d1a0023530dfda8f4eafe2e7964182123935aea55dcad45,0xe3726a1b9c6ba2f06585d1c9e01d00afaedaeb38,SELL,Yes,44970984693446229163777814796761027650616244349974665674793478133682772047061,0xae3f5136860b205147f10c343a17e827f4c0a3264d5acca61218c1346dd0cf75,0.07,9.93,0.6951,1753906265,Will the US add between 150k and 200k jobs in July?
0xc0813ebd9416712b99371425aabed04a5517dce9276ba9110be70c9241dd85c5,0x490f66ea703fc8fae19fd231c9921e3f4c0c17e5,BUY,No,97731991554168815398711686031656577665295688192843106167368967661811805944570,0xae3f5136860b205147f10c343a17e827f4c0a3264d5acca61218c1346dd0cf75,0.91,20.53,18.6823,1753906257,Will the US add between 150k and 200k jobs in July?
0x3af22e98ebaf588f0f87b3b5a8896cc492fe866cdaa9b25cb07dab1fa0991fc4,0xe3726a1b9c6ba2f06585d1c9e01d00afaedaeb38,SELL,Yes,44970984693446229163777814796761027650616244349974665674793478133682772047061,0xae3f5136860b205147f10c343a17e827f4c0a3264d5acca61218c1346dd0cf75,0.09,6.32,0.5688,1753906257,Will the US add between 150k and 200k jobs in July?
0x4abd62a4e54f71cc64eec6a0f8628da8044aabedcea6cd9b412e67a1b25d0007,0x4986ef934cbda4420b22d58708ff74cb465b8bc9,BUY,No,97731991554168815398711686031656577665295688192843106167368967661811805944570,0xae3f5136860b205147f10c343a17e827f4c0a3264d5acca61218c1346dd0cf75,0.91,15,13.65,1753906257,Will the US add between 150k and 200k jobs in July?
0xd427eeaaf92ef5427f5feb457ee9256b07d293d9011a467cb7577b61887e0b96,0x63d43bbb87f85af03b8f2f9e2fad7b54334fa2f1,BUY,No,97731991554168815398711686031656577665295688192843106167368967661811805944570,0xae3f5136860b205147f10c343a17e827f4c0a3264d5acca61218c1346dd0cf75,0.91,19.29,17.5539,1753903307,Will the US add between 150k and 200k jobs in July?
0x9288d716aed6eea03706a61144045d71294961f618709b621cc2ca8c4759a7e8,0x2a315a8d15cfde768bcd47ba5cacf3ef5894f2f0,SELL,Yes,44970984693446229163777814796761027650616244349974665674793478133682772047061,0xae3f5136860b205147f10c343a17e827f4c0a3264d5acca61218c1346dd0cf75,0.09,30,2.6999999999999997,1753903307,Will the US add between 150k and 200k jobs in July?
0xfe1a7e182c42406ce75ab9f42201d2978f42a925036c63bd2e21fa3dc70d2cac,0xe3726a1b9c6ba2f06585d1c9e01d00afaedaeb38,SELL,Yes,44970984693446229163777814796761027650616244349974665674793478133682772047061,0xae3f5136860b205147f10c343a17e827f4c0a3264d5acca61218c1346dd0cf75,0.09,30.33,2.7297,1753903307,Will the US add between 150k and 200k jobs in July?
0x6218fbb4e2e1f0b31125a44117954e4b08499868df003d3960102627127c2fe2,0x4986ef934cbda4420b22d58708ff74cb465b8bc9,BUY,No,97731991554168815398711686031656577665295688192843106167368967661811805944570,0xae3f5136860b205147f10c343a17e827f4c0a3264d5acca61218c1346dd0cf75,0.91,7,6.37,1753903307,Will the US add between 150k and 200k jobs in July?
0x8e76b6adf74b48b28d87d14a30934becb0f7de61a4923d91659b9f50d0488b11,0xe3726a1b9c6ba2f06585d1c9e01d00afaedaeb38,SELL,Yes,44970984693446229163777814796761027650616244349974665674793478133682772047061,0xae3f5136860b205147f10c343a17e827f4c0a3264d5acca61218c1346dd0cf75,0.09,19.29,1.7360999999999998,1753903303,Will the US add between 150k and 200k jobs in July?
0x71fb96d08d3ba7ca8681c7fe7de139793b099d2780d384353bcc9711e6817bf1,0xe3726a1b9c6ba2f06585d1c9e01d00afaedaeb38,SELL,Yes,44970984693446229163777814796761027650616244349974665674793478133682772047061,0xae3f5136860b205147f10c343a17e827f4c0a3264d5acca61218c1346dd0cf75,0.09,18.42,1.6578000000000002,1753901893,Will the US add between 150k and 200k jobs in July?
0x645990b66fa3de1ce8f5a90e90a91828c88a4e0a199f7e9d73e2f0d02648a170,0x63d43bbb87f85af03b8f2f9e2fad7b54334fa2f1,BUY,No,97731991554168815398711686031656577665295688192843106167368967661811805944570,0xae3f5136860b205147f10c343a17e827f4c0a3264d5acca61218c1346dd0cf75,0.91,19.29,17.5539,1753901893,Will the US add between 150k and 200k jobs in July?
0xedd4f2ca25468c68e510f68d1a3c2326673c2dd4a6808fe7e412c62934f2120b,0x4986ef934cbda4420b22d58708ff74cb465b8bc9,BUY,No,97731991554168815398711686031656577665295688192843106167368967661811805944570,0xae3f5136860b205147f10c343a17e827f4c0a3264d5acca61218c1346dd0cf75,0.91,8,7.28,1753901893,Will the US add between 150k and 200k jobs in July?
0xf8bb2434dd516b49f1bd7a8d6b20618314851c48c0f0053946d1a6500bfbceb0,0xe3726a1b9c6ba2f06585d1c9e01d00afaedaeb38,SELL,Yes,44970984693446229163777814796761027650616244349974665674793478133682772047061,0xae3f5136860b205147f10c343a17e827f4c0a3264d5acca61218c1346dd0cf75,0.09,19.29,1.7360999999999998,1753901893,Will the US add between 150k and 200k jobs in July?
0xba3f0f5f844cf199e19762a503430d4400f0f437c3560644599d12f7479a6370,0x2a315a8d15cfde768bcd47ba5cacf3ef5894f2f0,SELL,Yes,44970984693446229163777814796761027650616244349974665674793478133682772047061,0xae3f5136860b205147f10c343a17e827f4c0a3264d5acca61218c1346dd0cf75,0.09,19,1.71,1753901891,Will the US add between 150k and 200k jobs in July?
0xfd2f83dcfe826df3a27c5d758ecd969b322aa1dfd3c30ef5d9eb048b1a357035,0x30211c81a147b84c7834b66e892b8359b751f925,SELL,Yes,44970984693446229163777814796761027650616244349974665674793478133682772047061,0xae3f5136860b205147f10c343a17e827f4c0a3264d5acca61218c1346dd0cf75,0.09,26,2.34,1753901299,Will the US add between 150k and 200k jobs in July?
0x3ee69135190531e9ea24c2dc762da00d3647a1521c3907287660debadd3b5b00,0x8a7b576b7a53ef54876f9eca18bcd84f12d8782f,SELL,Yes,44970984693446229163777814796761027650616244349974665674793478133682772047061,0xae3f5136860b205147f10c343a17e827f4c0a3264d5acca61218c1346dd0cf75,0.1,50,5.0,1753901273,Will the US add between 150k and 200k jobs in July?
0xc25dea679da22b5da7c1f0e59f4d52c7c99d865abf88853f80a263cdbf689bb3,0xe3726a1b9c6ba2f06585d1c9e01d00afaedaeb38,SELL,Yes,44970984693446229163777814796761027650616244349974665674793478133682772047061,0xae3f5136860b205147f10c343a17e827f4c0a3264d5acca61218c1346dd0cf75,0.11,9.29,1.0218999999999998,1753898247,Will the US add between 150k and 200k jobs in July?
0x5d1c18113ee216242309ac8a4d61c12ea5b4a8d44da66b1be314b7fc80269cdc,0x4986ef934cbda4420b22d58708ff74cb465b8bc9,BUY,No,97731991554168815398711686031656577665295688192843106167368967661811805944570,0xae3f5136860b205147f10c343a17e827f4c0a3264d5acca61218c1346dd0cf75,0.91,25,22.75,1753893695,Will the US add between 150k and 200k jobs in July?
0x822b906edb901aa1bee864ece8cff26cf32c16b0c64e768d578304c03d318e29,0xe23d2dbca5ceb3c0a53055cb032e7d99dcac93a4,BUY,Yes,44970984693446229163777814796761027650616244349974665674793478133682772047061,0xae3f5136860b205147f10c343a17e827f4c0a3264d5acca61218c1346dd0cf75,0.11,10,1.1,1753893641,Will the US add between 150k and 200k jobs in July?
0x247f54f0c698f0640a4168472ef7433dd4e4f0c708de2ab4fb89d39fc0424fcd,0xf85f2d5f15d0f9c75316966492488eebbc58153c,BUY,No,97731991554168815398711686031656577665295688192843106167368967661811805944570,0xae3f5136860b205147f10c343a17e827f4c0a3264d5acca61218c1346dd0cf75,0.91,52.12,47.4292,1753886076,Will the US add between 150k and 200k jobs in July?
0x33969a6fd9599d44df731a684cece01f1ca26185bc2a2e24dbea01ab915d2cc5,0xe3726a1b9c6ba2f06585d1c9e01d00afaedaeb38,SELL,Yes,44970984693446229163777814796761027650616244349974665674793478133682772047061,0xae3f5136860b205147f10c343a17e827f4c0a3264d5acca61218c1346dd0cf75,0.09,52.12,4.690799999999999,1753886060,Will the US add between 150k and 200k jobs in July?
0x778bf1bf7855fc5f7cc306e00ca561b38a2e5a0e19517af6d37b7ffac79f5c4d,0xf85f2d5f15d0f9c75316966492488eebbc58153c,BUY,No,97731991554168815398711686031656577665295688192843106167368967661811805944570,0xae3f5136860b205147f10c343a17e827f4c0a3264d5acca61218c1346dd0cf75,0.91,52.12,47.4292,1753886060,Will the US add between 150k and 200k jobs in July?
0xb783c4782ab5367d4fef2e6e9000f4f655bff1fc92e097ae04f09bac781dc651,0x4986ef934cbda4420b22d58708ff74cb465b8bc9,BUY,No,97731991554168815398711686031656577665295688192843106167368967661811805944570,0xae3f5136860b205147f10c343a17e827f4c0a3264d5acca61218c1346dd0cf75,0.91,23.57,21.448700000000002,1753886052,Will the US add between 150k and 200k jobs in July?
0x3549821ca0489a49aebe0479eba27755d4b19135331032bd40ddb286acd44a52,0x2a315a8d15cfde768bcd47ba5cacf3ef5894f2f0,SELL,Yes,44970984693446229163777814796761027650616244349974665674793478133682772047061,0xae3f5136860b205147f10c343a17e827f4c0a3264d5acca61218c1346dd0cf75,0.09,12,1.08,1753886052,Will the US add between 150k and 200k jobs in July?
0x6c949bad707f2725b70087f3f1ec141580b58e4cb238fa82ff07f3db01d82f56,0xe3726a1b9c6ba2f06585d1c9e01d00afaedaeb38,SELL,Yes,44970984693446229163777814796761027650616244349974665674793478133682772047061,0xae3f5136860b205147f10c343a17e827f4c0a3264d5acca61218c1346dd0cf75,0.09,12.31,1.1079,1753886052,Will the US add between 150k and 200k jobs in July?
0xcd67a5e0ec083acca835f290846ecc3b8b09337fdfd91dfd6a123e951f3c34f4,0x727bfdcb0ae1a00eca35c4d0a9b85f4e42d4d1a2,BUY,Yes,44970984693446229163777814796761027650616244349974665674793478133682772047061,0xae3f5136860b205147f10c343a17e827f4c0a3264d5acca61218c1346dd0cf75,0.13,63,8.19,1753884434,Will the US add between 150k and 200k jobs in July?
0x7f8d0c2b887ee41bc83abfbdf192cdb9cb0d6622eb2fe04d4c72d306e0c64882,0x55da325029e94f87a3dd7dae4c5018978600839a,BUY,No,97731991554168815398711686031656577665295688192843106167368967661811805944570,0xae3f5136860b205147f10c343a17e827f4c0a3264d5acca61218c1346dd0cf75,0.91,8,7.28,1753863923,Will the US add between 150k and 200k jobs in July?
0x15c581ddae76231be4ad392d2e7ffc2febe8b09246f1411eb81b33860d7b6e66,0xe4d6a2f7a431f2ff351f32be2757b725f41ffdd3,BUY,Yes,44970984693446229163777814796761027650616244349974665674793478133682772047061,0xae3f5136860b205147f10c343a17e827f4c0a3264d5acca61218c1346dd0cf75,0.11,56,6.16,1753856502,Will the US add between 150k and 200k jobs in July?
0xee4c16f189b34d2487e7b99d09925369b930f9c99623b15a2dcbbd91b84590fa,0xa49becb692927d455924583b5e3e5788246f4c40,BUY,Yes,44970984693446229163777814796761027650616244349974665674793478133682772047061,0xae3f5136860b205147f10c343a17e827f4c0a3264d5acca61218c1346dd0cf75,0.1097533333,30,3.292599999,1753849201,Will the US add between 150k and 200k jobs in July?
0xeb36572f76a3328552c6d379be45e2de7ee5f24141fa2f4c32d0dd6d7b5581cc,0x30211c81a147b84c7834b66e892b8359b751f925,BUY,Yes,44970984693446229163777814796761027650616244349974665674793478133682772047061,0xae3f5136860b205147f10c343a17e827f4c0a3264d5acca61218c1346dd0cf75,0.09,22,1.98,1753837325,Will the US add between 150k and 200k jobs in July?
0x54a65c022555e5812f9617dece03206003947be7f1e186013a2e14e5895f66fc,0x4986ef934cbda4420b22d58708ff74cb465b8bc9,BUY,No,97731991554168815398711686031656577665295688192843106167368967661811805944570,0xae3f5136860b205147f10c343a17e827f4c0a3264d5acca61218c1346dd0cf75,0.92,51.46,47.3432,1753837307,Will the US add between 150k and 200k jobs in July?
0x126c6c9579c366d8fce5d653f42bf4675d57d8e52023bce0a11ffb886aa8f0d0,0x30211c81a147b84c7834b66e892b8359b751f925,BUY,Yes,44970984693446229163777814796761027650616244349974665674793478133682772047061,0xae3f5136860b205147f10c343a17e827f4c0a3264d5acca61218c1346dd0cf75,0.09,22,1.98,1753837053,Will the US add between 150k and 200k jobs in July?
0xb2cc529b183ccc2a76f4311a49fb654ce89dae2804d979cc7e9e7edb636c320c,0x1d8c256b15d3cd1f5db221e70c77f552eb8d757a,BUY,No,97731991554168815398711686031656577665295688192843106167368967661811805944570,0xae3f5136860b205147f10c343a17e827f4c0a3264d5acca61218c1346dd0cf75,0.91,5.62,5.1142,1753837035,Will the US add between 150k and 200k jobs in July?
0x96bbc9d22dc29d27f0cec7908c28dcf50f74eb5c2505dea18457cd210b1d53a5,0x6a72dfe9e6c4cdb3c7ce3bc2b20a67788c66f81d,BUY,No,97731991554168815398711686031656577665295688192843106167368967661811805944570,0xae3f5136860b205147f10c343a17e827f4c0a3264d5acca61218c1346dd0cf75,0.92,30,27.6,1753837035,Will the US add between 150k and 200k jobs in July?
0xd0f51cbc86f587ca58a402d32fe6b7ecbe6f24e8397e0b4e832602125e6d9e63,0xe3726a1b9c6ba2f06585d1c9e01d00afaedaeb38,SELL,Yes,44970984693446229163777814796761027650616244349974665674793478133682772047061,0xae3f5136860b205147f10c343a17e827f4c0a3264d5acca61218c1346dd0cf75,0.09,45.84,4.1256,1753837035,Will the US add between 150k and 200k jobs in July?
0x8fe687a6e14731dd0886f3f2538e34d7efdc5b5bb1ec00085f7e4b2d662d69bc,0x490f66ea703fc8fae19fd231c9921e3f4c0c17e5,BUY,No,97731991554168815398711686031656577665295688192843106167368967661811805944570,0xae3f5136860b205147f10c343a17e827f4c0a3264d5acca61218c1346dd0cf75,0.88,75,66.0,1753836755,Will the US add between 150k and 200k jobs in July?
0x0b6f9483db548d04c93da809e619069c09f091d410d5abf1df5c52ce34fd35a5,0x727bfdcb0ae1a00eca35c4d0a9b85f4e42d4d1a2,BUY,Yes,44970984693446229163777814796761027650616244349974665674793478133682772047061,0xae3f5136860b205147f10c343a17e827f4c0a3264d5acca61218c1346dd0cf75,0.12,74,8.879999999999999,1753836755,Will the US add between 150k and 200k jobs in July?
0x9f752ec196a4cf86bed76ef749292346e8d66929320b6b7d2cac27b3fc424c16,0x490f66ea703fc8fae19fd231c9921e3f4c0c17e5,BUY,No,97731991554168815398711686031656577665295688192843106167368967661811805944570,0xae3f5136860b205147f10c343a17e827f4c0a3264d5acca61218c1346dd0cf75,0.9,5.64,5.076,1753823623,Will the US add between 150k and 200k jobs in July?
0xc2439cb96e122548f6d12a88f4c4bb879e59213d7f635b28321a3a8ad87aa93f,0xebc0df15e665da95bf819105b723ae90042ffa41,BUY,No,97731991554168815398711686031656577665295688192843106167368967661811805944570,0xae3f5136860b205147f10c343a17e827f4c0a3264d5acca61218c1346dd0cf75,0.9,30,27.0,1753823623,Will the US add between 150k and 200k jobs in July?
0x07a30b482520f6f94c375a830b8248168b3fee6efdab46f11baa3ca86f7b2f5f,0xe3726a1b9c6ba2f06585d1c9e01d00afaedaeb38,SELL,Yes,44970984693446229163777814796761027650616244349974665674793478133682772047061,0xae3f5136860b205147f10c343a17e827f4c0a3264d5acca61218c1346dd0cf75,0.1,9.06,0.9060000000000001,1753823593,Will the US add between 150k and 200k jobs in July?
0x64c68c95ced0ebd9377caea132f12d697b9d5282a1f32dd1d4b058617e4a5b93,0x4986ef934cbda4420b22d58708ff74cb465b8bc9,BUY,No,97731991554168815398711686031656577665295688192843106167368967661811805944570,0xae3f5136860b205147f10c343a17e827f4c0a3264d5acca61218c1346dd0cf75,0.9,25.99,23.391,1753823593,Will the US add between 150k and 200k jobs in July?
0x68f62d3bc9ddd447f2f82d1a478d705004d8759270c51bd52c67c2ed8a87dfb3,0xd218e474776403a330142299f7796e8ba32eb5c9,BUY,No,97731991554168815398711686031656577665295688192843106167368967661811805944570,0xae3f5136860b205147f10c343a17e827f4c0a3264d5acca61218c1346dd0cf75,0.89,10,8.9,1753816975,Will the US add between 150k and 200k jobs in July?
0xee68eab40cabca838a9bf6aa808238c7607243bdcee460e5ef451ac91f79337b,0xab18d12977eb41276083e6f05f68a23f921a467d,SELL,No,97731991554168815398711686031656577665295688192843106167368967661811805944570,0xae3f5136860b205147f10c343a17e827f4c0a3264d5acca61218c1346dd0cf75,0.87,1.41,1.2267,1753803133,Will the US add between 150k and 200k jobs in July?
0x292588d987ab8ca3a2565fc5c2715a93b2a8ade2f495d28d56da16c022b696a5,0xab18d12977eb41276083e6f05f68a23f921a467d,BUY,No,97731991554168815398711686031656577665295688192843106167368967661811805944570,0xae3f5136860b205147f10c343a17e827f4c0a3264d5acca61218c1346dd0cf75,0.9,1.41111,1.269999,1753800071,Will the US add between 150k and 200k jobs in July?
0x61f4fe9a5267d4c9e457e65a7dd4abe8672f3d26a6b45765896ab7de57717659,0x6910545a1a558863afdc399ba275b90c0b8d1779,BUY,No,97731991554168815398711686031656577665295688192843106167368967661811805944570,0xae3f5136860b205147f10c343a17e827f4c0a3264d5acca61218c1346dd0cf75,0.9,5.01111,4.5099990000000005,1753794173,Will the US add between 150k and 200k jobs in July?
0xae1e5d1e8a1ffe752df693c5b04ae88f7a7b5587cd3971e52338d7762bd239fc,0x727bfdcb0ae1a00eca35c4d0a9b85f4e42d4d1a2,BUY,Yes,44970984693446229163777814796761027650616244349974665674793478133682772047061,0xae3f5136860b205147f10c343a17e827f4c0a3264d5acca61218c1346dd0cf75,0.14,18,2.5200000000000005,1753792771,Will the US add between 150k and 200k jobs in July?
0x2f811efdc2175a710f99a5973bf2f3f89bcdde96eaff14f02dca6adb6dad386b,0x4986ef934cbda4420b22d58708ff74cb465b8bc9,BUY,No,97731991554168815398711686031656577665295688192843106167368967661811805944570,0xae3f5136860b205147f10c343a17e827f4c0a3264d5acca61218c1346dd0cf75,0.87,15,13.05,1753792769,Will the US add between 150k and 200k jobs in July?
0x5f1cda8ae313a55dbf720ae41778312412498af110c6bba3a6ac951922e512e8,0xe3726a1b9c6ba2f06585d1c9e01d00afaedaeb38,SELL,Yes,44970984693446229163777814796761027650616244349974665674793478133682772047061,0xae3f5136860b205147f10c343a17e827f4c0a3264d5acca61218c1346dd0cf75,0.13,15,1.9500000000000002,1753792769,Will the US add between 150k and 200k jobs in July?
0x3da49e778c4f8bce1513f7c248535c20576f864f66aa348fa8a7c6fbe88008f5,0x727bfdcb0ae1a00eca35c4d0a9b85f4e42d4d1a2,BUY,Yes,44970984693446229163777814796761027650616244349974665674793478133682772047061,0xae3f5136860b205147f10c343a17e827f4c0a3264d5acca61218c1346dd0cf75,0.13,10,1.3,1753792767,Will the US add between 150k and 200k jobs in July?
0x602338f18a49ef88e691718f2548e280e869ed778fbd06bc69ff3d9b2e03da93,0xe3726a1b9c6ba2f06585d1c9e01d00afaedaeb38,SELL,Yes,44970984693446229163777814796761027650616244349974665674793478133682772047061,0xae3f5136860b205147f10c343a17e827f4c0a3264d5acca61218c1346dd0cf75,0.13,6.25,0.8125,1753792347,Will the US add between 150k and 200k jobs in July?
0xf1696dc099c4604fd00a2c33fa4554d2749a3cad1392ecde86af060e6e4b21d9,0x04dcbd9b805b220a9b2d27e4d9e649ed07902387,BUY,Yes,44970984693446229163777814796761027650616244349974665674793478133682772047061,0xae3f5136860b205147f10c343a17e827f4c0a3264d5acca61218c1346dd0cf75,0.13,8.81,1.1453000000000002,1753792347,Will the US add between 150k and 200k jobs in July?
0x61d01fc98fa82a76682fd032e064b05bc8d7e843ddbeb3adfea7a02ee3cb3c1f,0x55da325029e94f87a3dd7dae4c5018978600839a,BUY,No,97731991554168815398711686031656577665295688192843106167368967661811805944570,0xae3f5136860b205147f10c343a17e827f4c0a3264d5acca61218c1346dd0cf75,0.9,8,7.2,1753773489,Will the US add between 150k and 200k jobs in July?
0xcc02c986eeb8f2b588c26b71f372e2d9f04a7daf23fc406d0fe0b97b879b7f3d,0xa49becb692927d455924583b5e3e5788246f4c40,BUY,Yes,44970984693446229163777814796761027650616244349974665674793478133682772047061,0xae3f5136860b205147f10c343a17e827f4c0a3264d5acca61218c1346dd0cf75,0.126875,32,4.06,1753764849,Will the US add between 150k and 200k jobs in July?
0x17aafe7e8a4a82b2e4b6a816909ecc0f2f6c7ee6ddb61f396daecabd2cb550d5,0xe6ec7e9ab69ead6cc27b604885f0ff04cb9e1dad,SELL,No,97731991554168815398711686031656577665295688192843106167368967661811805944570,0xae3f5136860b205147f10c343a17e827f4c0a3264d5acca61218c1346dd0cf75,0.9,10.01,9.009,1753761965,Will the US add between 150k and 200k jobs in July?
0x3e66f7fdf826fdb7a53778db50d9fc10e78f97f103d525da96f52bbddbee0577,0x63d43bbb87f85af03b8f2f9e2fad7b54334fa2f1,BUY,No,97731991554168815398711686031656577665295688192843106167368967661811805944570,0xae3f5136860b205147f10c343a17e827f4c0a3264d5acca61218c1346dd0cf75,0.9,9.99,8.991,1753761965,Will the US add between 150k and 200k jobs in July?
0xc2fabc94b07660c281432fabbd5c666da0fd5413b431a88bb2eb69a8ba5c9a74,0xe3726a1b9c6ba2f06585d1c9e01d00afaedaeb38,SELL,Yes,44970984693446229163777814796761027650616244349974665674793478133682772047061,0xae3f5136860b205147f10c343a17e827f4c0a3264d5acca61218c1346dd0cf75,0.1,20,2.0,1753761963,Will the US add between 150k and 200k jobs in July?
0x7e2697f0210a663c199df7114634694eb632cf37132bbe20d3955441ba073620,0x4986ef934cbda4420b22d58708ff74cb465b8bc9,BUY,No,97731991554168815398711686031656577665295688192843106167368967661811805944570,0xae3f5136860b205147f10c343a17e827f4c0a3264d5acca61218c1346dd0cf75,0.9,20,18.0,1753761963,Will the US add between 150k and 200k jobs in July?
0x4022270b972745fb7f6d2f10e8b78de47a6a311b63721c78954bcb57fe09bd5b,0xd218e474776403a330142299f7796e8ba32eb5c9,BUY,No,97731991554168815398711686031656577665295688192843106167368967661811805944570,0xae3f5136860b205147f10c343a17e827f4c0a3264d5acca61218c1346dd0cf75,0.9,40,36.0,1753760705,Will the US add between 150k and 200k jobs in July?
0x99267970af49f7c5bc89cb59221ce19039d43ae41a02b003cd1c392c727997ac,0x4986ef934cbda4420b22d58708ff74cb465b8bc9,BUY,No,97731991554168815398711686031656577665295688192843106167368967661811805944570,0xae3f5136860b205147f10c343a17e827f4c0a3264d5acca61218c1346dd0cf75,0.87,26.46,23.0202,1753754441,Will the US add between 150k and 200k jobs in July?
0x26cc19b8505fd003ff9b54169e6a8ae555e4561b2db8d5b383ecab62c1de61c6,0xe3726a1b9c6ba2f06585d1c9e01d00afaedaeb38,SELL,Yes,44970984693446229163777814796761027650616244349974665674793478133682772047061,0xae3f5136860b205147f10c343a17e827f4c0a3264d5acca61218c1346dd0cf75,0.13,57.27,7.445100000000001,1753754441,Will the US add between 150k and 200k jobs in July?
0xa544a2745eda7af87fea8c2a9d3a8167f2008b32ded751671fa14491654af35d,0x727bfdcb0ae1a00eca35c4d0a9b85f4e42d4d1a2,BUY,Yes,44970984693446229163777814796761027650616244349974665674793478133682772047061,0xae3f5136860b205147f10c343a17e827f4c0a3264d5acca61218c1346dd0cf75,0.13,132.27,17.195100000000004,1753754441,Will the US add between 150k and 200k jobs in July?
0x6a95080d6750dc20622285384fce1df72801c4b74f137fc1267ef3b408a8be19,0x727bfdcb0ae1a00eca35c4d0a9b85f4e42d4d1a2,BUY,Yes,44970984693446229163777814796761027650616244349974665674793478133682772047061,0xae3f5136860b205147f10c343a17e827f4c0a3264d5acca61218c1346dd0cf75,0.12,23.99,2.8787999999999996,1753754437,Will the US add between 150k and 200k jobs in July?
0x45fb249a889acc54ccf1df9d147b65a664b7e5141d59293505c698f153b18d1e,0xe3726a1b9c6ba2f06585d1c9e01d00afaedaeb38,SELL,Yes,44970984693446229163777814796761027650616244349974665674793478133682772047061,0xae3f5136860b205147f10c343a17e827f4c0a3264d5acca61218c1346dd0cf75,0.09,6.77,0.6093,1753742633,Will the US add between 150k and 200k jobs in July?
0x771cc490799172693490ea5f9c1b51a19be0a6c3a3f43d508168370a0f26af73,0x4986ef934cbda4420b22d58708ff74cb465b8bc9,BUY,No,97731991554168815398711686031656577665295688192843106167368967661811805944570,0xae3f5136860b205147f10c343a17e827f4c0a3264d5acca61218c1346dd0cf75,0.91,6.77,6.160699999999999,1753742633,Will the US add between 150k and 200k jobs in July?
0x6a2fdbced49be52d54003a05fed8a084cf25a16dcded661497a526ff88bee9a3,0xb88ae96b447cf3acc587bc7a07f299a261d1288a,BUY,Yes,44970984693446229163777814796761027650616244349974665674793478133682772047061,0xae3f5136860b205147f10c343a17e827f4c0a3264d5acca61218c1346dd0cf75,0.135771916,114.89857,15.59999899456012,1753732367,Will the US add between 150k and 200k jobs in July?
0xe90909fac574a9d6521f40158e24900b93e04bee087f6ec9016960be9b92d50f,0x4986ef934cbda4420b22d58708ff74cb465b8bc9,BUY,No,97731991554168815398711686031656577665295688192843106167368967661811805944570,0xae3f5136860b205147f10c343a17e827f4c0a3264d5acca61218c1346dd0cf75,0.89,9.29,8.268099999999999,1753731413,Will the US add between 150k and 200k jobs in July?
0x3bc98a6f4d6b29ef995f4f6bf074803155cfb21af2da8b490d01520e005c9b5c,0xc7ddf7ecb11451113f4a70450815cf17b9f4c5b7,SELL,Yes,44970984693446229163777814796761027650616244349974665674793478133682772047061,0xae3f5136860b205147f10c343a17e827f4c0a3264d5acca61218c1346dd0cf75,0.11,54.54,5.9994,1753730185,Will the US add between 150k and 200k jobs in July?
0xbe1fb16c0eed0a1f4fb445a2627e9ed9d57461c1e5c0fa44bebdca0604ce3639,0x490f66ea703fc8fae19fd231c9921e3f4c0c17e5,BUY,No,97731991554168815398711686031656577665295688192843106167368967661811805944570,0xae3f5136860b205147f10c343a17e827f4c0a3264d5acca61218c1346dd0cf75,0.89,17,15.13,1753729345,Will the US add between 150k and 200k jobs in July?
0xd52ca4e0e5ebb74918533c06a652e50b6a9d3c2be53b937316833741e68c3102,0xa49becb692927d455924583b5e3e5788246f4c40,BUY,Yes,44970984693446229163777814796761027650616244349974665674793478133682772047061,0xae3f5136860b205147f10c343a17e827f4c0a3264d5acca61218c1346dd0cf75,0.14,56,7.840000000000001,1753728341,Will the US add between 150k and 200k jobs in July?
0x5326a92dadbcd668a08a7926ec84715ee524ef457e58290f630873a2dc2a5566,0xd16896480f5768b7b34696a1f888f36ae109f3cf,BUY,No,97731991554168815398711686031656577665295688192843106167368967661811805944570,0xae3f5136860b205147f10c343a17e827f4c0a3264d5acca61218c1346dd0cf75,0.89,30,26.7,1753727965,Will the US add between 150k and 200k jobs in July?
0x961e3c102c1439c90b9179c44ab116fb101ce614e509a5ed11d6eaf89086bbc3,0xd16896480f5768b7b34696a1f888f36ae109f3cf,BUY,No,97731991554168815398711686031656577665295688192843106167368967661811805944570,0xae3f5136860b205147f10c343a17e827f4c0a3264d5acca61218c1346dd0cf75,0.89,30,26.7,1753727937,Will the US add between 150k and 200k jobs in July?
0x91317d8d3eb651d65f52412ec579790f123f1112e86e3ccbef2aa86bf1f634c3,0xd16896480f5768b7b34696a1f888f36ae109f3cf,BUY,No,97731991554168815398711686031656577665295688192843106167368967661811805944570,0xae3f5136860b205147f10c343a17e827f4c0a3264d5acca61218c1346dd0cf75,0.89,30,26.7,1753727911,Will the US add between 150k and 200k jobs in July?
0x6bc532efd545f4242e528c50ac787e97a94284f76e79fdb7dcd77974e0fc5ea7,0x4986ef934cbda4420b22d58708ff74cb465b8bc9,BUY,No,97731991554168815398711686031656577665295688192843106167368967661811805944570,0xae3f5136860b205147f10c343a17e827f4c0a3264d5acca61218c1346dd0cf75,0.89,148.58,132.23620000000003,1753727909,Will the US add between 150k and 200k jobs in July?
0xbd7db993f72330cef5d972111b3a4f7f52091f74795ef4267b34e91d6d67d922,0xe3726a1b9c6ba2f06585d1c9e01d00afaedaeb38,SELL,Yes,44970984693446229163777814796761027650616244349974665674793478133682772047061,0xae3f5136860b205147f10c343a17e827f4c0a3264d5acca61218c1346dd0cf75,0.11,26.59,2.9249,1753727909,Will the US add between 150k and 200k jobs in July?
0x2954728ecd9ea7a58b4b37b28fcb1a4e2c3c529d7a4f32d3e7b99a31576701a9,0x0ffcad4963e25dc150774363f4061ebe840c8236,BUY,Yes,44970984693446229163777814796761027650616244349974665674793478133682772047061,0xae3f5136860b205147f10c343a17e827f4c0a3264d5acca61218c1346dd0cf75,0.11,98,10.78,1753727909,Will the US add between 150k and 200k jobs in July?
0x6c9c8d66014c5f871921df06b3fb221cf8c239d5c853924b6d919c9a285fa79a,0xc7ddf7ecb11451113f4a70450815cf17b9f4c5b7,BUY,Yes,44970984693446229163777814796761027650616244349974665674793478133682772047061,0xae3f5136860b205147f10c343a17e827f4c0a3264d5acca61218c1346dd0cf75,0.1099999848,54.545453,5.999999000909115,1753726877,Will the US add between 150k and 200k jobs in July?
0xd55effa86b198d1d8342580f422e33485349306c0f6e582de5f988577002c435,0xe6ec7e9ab69ead6cc27b604885f0ff04cb9e1dad,SELL,No,97731991554168815398711686031656577665295688192843106167368967661811805944570,0xae3f5136860b205147f10c343a17e827f4c0a3264d5acca61218c1346dd0cf75,0.91,22.88,20.8208,1753726873,Will the US add between 150k and 200k jobs in July?
0x105b4e37edd14d0f71f4ea9bc252a29dbec5b07bd5040fa71882e12398a7e7a8,0x63d43bbb87f85af03b8f2f9e2fad7b54334fa2f1,BUY,No,97731991554168815398711686031656577665295688192843106167368967661811805944570,0xae3f5136860b205147f10c343a17e827f4c0a3264d5acca61218c1346dd0cf75,0.91,1.11,1.0101000000000002,1753726869,Will the US add between 150k and 200k jobs in July?
0x2f6689bf728ab9141d1c8861b838c3e67ddf4fcca5be808576394f44e7cdbd6f,0xd16896480f5768b7b34696a1f888f36ae109f3cf,BUY,No,97731991554168815398711686031656577665295688192843106167368967661811805944570,0xae3f5136860b205147f10c343a17e827f4c0a3264d5acca61218c1346dd0cf75,0.91,2.88,2.6208,1753726867,Will the US add between 150k and 200k jobs in July?
0x133be9ecc28df09674b23c9de212d6c7bd12aeb4b5609ee0e33e077a8a642f9e,0xd218e474776403a330142299f7796e8ba32eb5c9,BUY,No,97731991554168815398711686031656577665295688192843106167368967661811805944570,0xae3f5136860b205147f10c343a17e827f4c0a3264d5acca61218c1346dd0cf75,0.91,20,18.2,1753726867,Will the US add between 150k and 200k jobs in July?
0x9b292018b29bce232f9956573e205e057a7b397130db9215b4ee12bc0dff156c,0xd16896480f5768b7b34696a1f888f36ae109f3cf,BUY,No,97731991554168815398711686031656577665295688192843106167368967661811805944570,0xae3f5136860b205147f10c343a17e827f4c0a3264d5acca61218c1346dd0cf75,0.91,30,27.3,1753725569,Will the US add between 150k and 200k jobs in July?
0x4c5899a5b61243e714f84b318e2d1c2e7f0d06ef36add607caa478dec0512395,0x727bfdcb0ae1a00eca35c4d0a9b85f4e42d4d1a2,BUY,Yes,44970984693446229163777814796761027650616244349974665674793478133682772047061,0xae3f5136860b205147f10c343a17e827f4c0a3264d5acca61218c1346dd0cf75,0.14,105,14.700000000000001,1753721215,Will the US add between 150k and 200k jobs in July?
0x72fa0c3a593260cb6f74e2044f91088c6ae931640cfede69cded6d219589ed0d,0x727bfdcb0ae1a00eca35c4d0a9b85f4e42d4d1a2,BUY,Yes,44970984693446229163777814796761027650616244349974665674793478133682772047061,0xae3f5136860b205147f10c343a17e827f4c0a3264d5acca61218c1346dd0cf75,0.13,6,0.78,1753721211,Will the US add between 150k and 200k jobs in July?
0x257aa1ef41799a55e211fd521f799e87b270eac8f29a2515d63c812e5ef2fec4,0xa49becb692927d455924583b5e3e5788246f4c40,BUY,Yes,44970984693446229163777814796761027650616244349974665674793478133682772047061,0xae3f5136860b205147f10c343a17e827f4c0a3264d5acca61218c1346dd0cf75,0.13,40,5.2,1753718551,Will the US add between 150k and 200k jobs in July?
0x5e4e0ad54c982f484d158312494891baecd58cb467e641d31c5c2ae72df8b81a,0xa49becb692927d455924583b5e3e5788246f4c40,BUY,Yes,44970984693446229163777814796761027650616244349974665674793478133682772047061,0xae3f5136860b205147f10c343a17e827f4c0a3264d5acca61218c1346dd0cf75,0.12,55,6.6,1753718051,Will the US add between 150k and 200k jobs in July?
0xaf8f4704d15c16ee4b74dceedc6bb1d4e278c29c2218426d68e0210a2d257030,0xa49becb692927d455924583b5e3e5788246f4c40,BUY,Yes,44970984693446229163777814796761027650616244349974665674793478133682772047061,0xae3f5136860b205147f10c343a17e827f4c0a3264d5acca61218c1346dd0cf75,0.12,30,3.5999999999999996,1753717995,Will the US add between 150k and 200k jobs in July?
0x02205ed38f396908a3f4eb0def9f97a030759480a3c3344d119d66cd19770ee5,0xa49becb692927d455924583b5e3e5788246f4c40,BUY,Yes,44970984693446229163777814796761027650616244349974665674793478133682772047061,0xae3f5136860b205147f10c343a17e827f4c0a3264d5acca61218c1346dd0cf75,0.11,20,2.2,1753717935,Will the US add between 150k and 200k jobs in July?
0x1f4c05c6ae01e635c8098f738cf80d67944633feaa19d17640cf7342e52db254,0xd218e474776403a330142299f7796e8ba32eb5c9,BUY,No,97731991554168815398711686031656577665295688192843106167368967661811805944570,0xae3f5136860b205147f10c343a17e827f4c0a3264d5acca61218c1346dd0cf75,0.91,10,9.1,1753717843,Will the US add between 150k and 200k jobs in July?
0x411c0dfcc14b90601e1719ca136a3774a9fcbb7a65ca07b1863a6a7cc238f8a5,0x296bd652f74deac6a8bd9bcb04265f3a65fd2cf2,BUY,Yes,44970984693446229163777814796761027650616244349974665674793478133682772047061,0xae3f5136860b205147f10c343a17e827f4c0a3264d5acca61218c1346dd0cf75,0.1077025,40,4.3081000000000005,1753713187,Will the US add between 150k and 200k jobs in July?
0x0db197b53fbfc4c914a662e179c1c759fc757eba88d4f943feca8cb96c2b880b,0x4986ef934cbda4420b22d58708ff74cb465b8bc9,BUY,No,97731991554168815398711686031656577665295688192843106167368967661811805944570,0xae3f5136860b205147f10c343a17e827f4c0a3264d5acca61218c1346dd0cf75,0.9,9.19,8.270999999999999,1753706486,Will the US add between 150k and 200k jobs in July?
0x5ce925a8d53ce1fd00d3fd439e5e514c7f6ddb9499b37ceb63ddb31d3ca3ed32,0x4986ef934cbda4420b22d58708ff74cb465b8bc9,BUY,No,97731991554168815398711686031656577665295688192843106167368967661811805944570,0xae3f5136860b205147f10c343a17e827f4c0a3264d5acca61218c1346dd0cf75,0.87,17.94,15.607800000000001,1753677565,Will the US add between 150k and 200k jobs in July?
0x33c703d84826a792208db7ecdd61283846bb0e4f76486c9d640556c1bb402614,0x727bfdcb0ae1a00eca35c4d0a9b85f4e42d4d1a2,BUY,Yes,44970984693446229163777814796761027650616244349974665674793478133682772047061,0xae3f5136860b205147f10c343a17e827f4c0a3264d5acca61218c1346dd0cf75,0.13,39.19,5.0947,1753677563,Will the US add between 150k and 200k jobs in July?
0xba9a06168df8fde33c5b875f66a132796a7c600697cc8c8ffb77855988ccd067,0x727bfdcb0ae1a00eca35c4d0a9b85f4e42d4d1a2,BUY,Yes,44970984693446229163777814796761027650616244349974665674793478133682772047061,0xae3f5136860b205147f10c343a17e827f4c0a3264d5acca61218c1346dd0cf75,0.12,26,3.12,1753677561,Will the US add between 150k and 200k jobs in July?
0xfbdcd5ab751b924cdbffc8ff40bec26ab9892b860816c5cfdf946b22ffbf0575,0x727bfdcb0ae1a00eca35c4d0a9b85f4e42d4d1a2,BUY,Yes,44970984693446229163777814796761027650616244349974665674793478133682772047061,0xae3f5136860b205147f10c343a17e827f4c0a3264d5acca61218c1346dd0cf75,0.11,5,0.55,1753677557,Will the US add between 150k and 200k jobs in July?
0x146547b49782bfd9c343578f5b1b78d2ed25b5d55fe54063e94c80482453a79b,0xe4d6a2f7a431f2ff351f32be2757b725f41ffdd3,BUY,Yes,44970984693446229163777814796761027650616244349974665674793478133682772047061,0xae3f5136860b205147f10c343a17e827f4c0a3264d5acca61218c1346dd0cf75,0.0956097561,41,3.9200000001,1753660309,Will the US add between 150k and 200k jobs in July?
0x02e934891910439e04a8391fa9509bc7c333845ef584081179985f33f3702b5d,0xe3726a1b9c6ba2f06585d1c9e01d00afaedaeb38,SELL,Yes,44970984693446229163777814796761027650616244349974665674793478133682772047061,0xae3f5136860b205147f10c343a17e827f4c0a3264d5acca61218c1346dd0cf75,0.08,11,0.88,1753650529,Will the US add between 150k and 200k jobs in July?
0x352b94522bccf128ae47c4873e28068fca9db341a6777595cb2632c6acc0084f,0xe3726a1b9c6ba2f06585d1c9e01d00afaedaeb38,SELL,Yes,44970984693446229163777814796761027650616244349974665674793478133682772047061,0xae3f5136860b205147f10c343a17e827f4c0a3264d5acca61218c1346dd0cf75,0.08,4.99,0.3992,1753650527,Will the US add between 150k and 200k jobs in July?
0x1b8019c87b696b93afa17a3eca5476453009f4b8ce71030c4d1557468e64bce7,0xd218e474776403a330142299f7796e8ba32eb5c9,BUY,No,97731991554168815398711686031656577665295688192843106167368967661811805944570,0xae3f5136860b205147f10c343a17e827f4c0a3264d5acca61218c1346dd0cf75,0.92,10,9.200000000000001,1753650527,Will the US add between 150k and 200k jobs in July?
0x55b1bd673bb7deffd865892791f618e2f16b37d09172072c8d5c610406d40926,0xe4d6a2f7a431f2ff351f32be2757b725f41ffdd3,BUY,Yes,44970984693446229163777814796761027650616244349974665674793478133682772047061,0xae3f5136860b205147f10c343a17e827f4c0a3264d5acca61218c1346dd0cf75,0.1031111111,90,9.279999999,1753647321,Will the US add between 150k and 200k jobs in July?
0x24613319d1f2c815e0bc184532974af3ec55c4072a0319d0df5b29ffc9c3bef9,0x4986ef934cbda4420b22d58708ff74cb465b8bc9,BUY,No,97731991554168815398711686031656577665295688192843106167368967661811805944570,0xae3f5136860b205147f10c343a17e827f4c0a3264d5acca61218c1346dd0cf75,0.93,34,31.62,1753638403,Will the US add between 150k and 200k jobs in July?
0x8d78dc442792ea2e9690fcb0c3ef03c7ca7a25908179113cb90585756eec1b5e,0xd218e474776403a330142299f7796e8ba32eb5c9,BUY,No,97731991554168815398711686031656577665295688192843106167368967661811805944570,0xae3f5136860b205147f10c343a17e827f4c0a3264d5acca61218c1346dd0cf75,0.93,20,18.6,1753638403,Will the US add between 150k and 200k jobs in July?
0xe5e35fc570c1bd370e6e340842ead60da78ccbdeda3cbd97081c6a477b1cfdee,0xe3726a1b9c6ba2f06585d1c9e01d00afaedaeb38,SELL,Yes,44970984693446229163777814796761027650616244349974665674793478133682772047061,0xae3f5136860b205147f10c343a17e827f4c0a3264d5acca61218c1346dd0cf75,0.07,25,1.7500000000000002,1753638403,Will the US add between 150k and 200k jobs in July?
0x51781d1892a2210c52b45c2a93229e0d10fc29a74bac51432cec5c86de591953,0x490f66ea703fc8fae19fd231c9921e3f4c0c17e5,BUY,No,97731991554168815398711686031656577665295688192843106167368967661811805944570,0xae3f5136860b205147f10c343a17e827f4c0a3264d5acca61218c1346dd0cf75,0.93,15,13.950000000000001,1753631327,Will the US add between 150k and 200k jobs in July?
0x6ed50dced15d96b175a83a17805e09bea772e6724ef63556a65b1b2c5c65900b,0xd218e474776403a330142299f7796e8ba32eb5c9,BUY,No,97731991554168815398711686031656577665295688192843106167368967661811805944570,0xae3f5136860b205147f10c343a17e827f4c0a3264d5acca61218c1346dd0cf75,0.93,10,9.3,1753631325,Will the US add between 150k and 200k jobs in July?
0xd8083dbd11efdc8f9ca6cea19bd2400012438515fb80b10d7afa1dbab5c2b314,0xe3726a1b9c6ba2f06585d1c9e01d00afaedaeb38,SELL,Yes,44970984693446229163777814796761027650616244349974665674793478133682772047061,0xae3f5136860b205147f10c343a17e827f4c0a3264d5acca61218c1346dd0cf75,0.08,12,0.96,1753631321,Will the US add between 150k and 200k jobs in July?
0x948386e921307c40b9ae44c7378d8e8483f3e7d6b574d72be6293e58eeee5835,0xd218e474776403a330142299f7796e8ba32eb5c9,BUY,No,97731991554168815398711686031656577665295688192843106167368967661811805944570,0xae3f5136860b205147f10c343a17e827f4c0a3264d5acca61218c1346dd0cf75,0.93,20,18.6,1753616753,Will the US add between 150k and 200k jobs in July?
0xca784307686e28e8a7eb141dddc76dfa4eb19cd59bf1e2e21434fce972915212,0x4986ef934cbda4420b22d58708ff74cb465b8bc9,BUY,No,97731991554168815398711686031656577665295688192843106167368967661811805944570,0xae3f5136860b205147f10c343a17e827f4c0a3264d5acca61218c1346dd0cf75,0.93,78,72.54,1753616753,Will the US add between 150k and 200k jobs in July?
0x49e05c36a54cb1ac6e76ec04e89acaa8d0f50ec94422adb6b614c8b63966595c,0x63d43bbb87f85af03b8f2f9e2fad7b54334fa2f1,BUY,No,97731991554168815398711686031656577665295688192843106167368967661811805944570,0xae3f5136860b205147f10c343a17e827f4c0a3264d5acca61218c1346dd0cf75,0.93,25,23.25,1753616753,Will the US add between 150k and 200k jobs in July?
0x7bbf187a02f44176558b422fe183f598617a3ef73edb18364f153bf7d67ddd3c,0xe3726a1b9c6ba2f06585d1c9e01d00afaedaeb38,SELL,Yes,44970984693446229163777814796761027650616244349974665674793478133682772047061,0xae3f5136860b205147f10c343a17e827f4c0a3264d5acca61218c1346dd0cf75,0.07,25,1.7500000000000002,1753616753,Will the US add between 150k and 200k jobs in July?
0x34439bf2307b2caec9c0b58f056872cd37a5368412658c589687528f43449992,0xcd91a549956854fdc38efad7e80ff5da8f5432b8,BUY,No,97731991554168815398711686031656577665295688192843106167368967661811805944570,0xae3f5136860b205147f10c343a17e827f4c0a3264d5acca61218c1346dd0cf75,0.93,77,71.61,1753616753,Will the US add between 150k and 200k jobs in July?
0x8152d4953d3d6f97d8c2c4ed292904ea5259e509ccf8d20797d6dd2cd400c60b,0x04dcbd9b805b220a9b2d27e4d9e649ed07902387,BUY,Yes,44970984693446229163777814796761027650616244349974665674793478133682772047061,0xae3f5136860b205147f10c343a17e827f4c0a3264d5acca61218c1346dd0cf75,0.1,80,8.0,1753586376,Will the US add between 150k and 200k jobs in July?
0x7bfead5ffb66d12d645fd9276c9c6d8962a573a0d5e3dd2e17cdca5030c84d22,0xd218e474776403a330142299f7796e8ba32eb5c9,BUY,No,97731991554168815398711686031656577665295688192843106167368967661811805944570,0xae3f5136860b205147f10c343a17e827f4c0a3264d5acca61218c1346dd0cf75,0.93,10,9.3,1753586282,Will the US add between 150k and 200k jobs in July?
0xcbbc351014a6b45e0fa83b6e9d1d00b801fabefb879aded94341925c0ef825f3,0x1aba3c40acde42ce051c998abd1a9f064311c083,BUY,Yes,44970984693446229163777814796761027650616244349974665674793478133682772047061,0xae3f5136860b205147f10c343a17e827f4c0a3264d5acca61218c1346dd0cf75,0.08,100,8.0,1753584930,Will the US add between 150k and 200k jobs in July?
0x1da89f664c5d3f2d4869a0a063236d9a99357a4bd7d460ed675c7b2441a09c16,0x1aba3c40acde42ce051c998abd1a9f064311c083,BUY,Yes,44970984693446229163777814796761027650616244349974665674793478133682772047061,0xae3f5136860b205147f10c343a17e827f4c0a3264d5acca61218c1346dd0cf75,0.08,100,8.0,1753584856,Will the US add between 150k and 200k jobs in July?
0xc78ffa83452d7a0e4f7a2fb53ef596007c5672de16dfcd6649e6315c944bb921,0x727bfdcb0ae1a00eca35c4d0a9b85f4e42d4d1a2,BUY,Yes,44970984693446229163777814796761027650616244349974665674793478133682772047061,0xae3f5136860b205147f10c343a17e827f4c0a3264d5acca61218c1346dd0cf75,0.08,50,4.0,1753584556,Will the US add between 150k and 200k jobs in July?
0x6b014e26c44ce1644e00fbb483f09bf7aaa1696c31be441dd2d484569474a17f,0xd218e474776403a330142299f7796e8ba32eb5c9,BUY,No,97731991554168815398711686031656577665295688192843106167368967661811805944570,0xae3f5136860b205147f10c343a17e827f4c0a3264d5acca61218c1346dd0cf75,0.93,93,86.49000000000001,1753584354,Will the US add between 150k and 200k jobs in July?
0x4670116bd0466a289fac766188de0af01859c21d65d92ebbf3c631824b7c77c8,0xd218e474776403a330142299f7796e8ba32eb5c9,BUY,No,97731991554168815398711686031656577665295688192843106167368967661811805944570,0xae3f5136860b205147f10c343a17e827f4c0a3264d5acca61218c1346dd0cf75,0.92,21,19.32,1753584346,Will the US add between 150k and 200k jobs in July?
0xea01ded6bb569cdce0865ef9e6d7bc281b050672d626c348a580086dd404f678,0xd16896480f5768b7b34696a1f888f36ae109f3cf,BUY,No,97731991554168815398711686031656577665295688192843106167368967661811805944570,0xae3f5136860b205147f10c343a17e827f4c0a3264d5acca61218c1346dd0cf75,0.92,30,27.6,1753584346,Will the US add between 150k and 200k jobs in July?
0xb178d064d6f596e58f70c25f0c790fc46e326d058da2dab229b7c3e73a392e6f,0xe3726a1b9c6ba2f06585d1c9e01d00afaedaeb38,SELL,Yes,44970984693446229163777814796761027650616244349974665674793478133682772047061,0xae3f5136860b205147f10c343a17e827f4c0a3264d5acca61218c1346dd0cf75,0.08,199,15.92,1753584346,Will the US add between 150k and 200k jobs in July?
0xe51448ea643ac23fe53356eabe6ae3bcaff50a6d52652f41eaeb8bc9e476e005,0x63d43bbb87f85af03b8f2f9e2fad7b54334fa2f1,BUY,No,97731991554168815398711686031656577665295688192843106167368967661811805944570,0xae3f5136860b205147f10c343a17e827f4c0a3264d5acca61218c1346dd0cf75,0.9,36,32.4,1753583480,Will the US add between 150k and 200k jobs in July?
0x0cbc7e9f0debcef9060a6e0afc3cf5399ba8b2e920f094c3038216d03f394c10,0x490f66ea703fc8fae19fd231c9921e3f4c0c17e5,BUY,No,97731991554168815398711686031656577665295688192843106167368967661811805944570,0xae3f5136860b205147f10c343a17e827f4c0a3264d5acca61218c1346dd0cf75,0.9,90,81.0,1753583478,Will the US add between 150k and 200k jobs in July?
0x4084fee19b6152f8ead4ebc1ea3305749ca7b962ffc48ae309b878de29f76b57,0xe3726a1b9c6ba2f06585d1c9e01d00afaedaeb38,SELL,Yes,44970984693446229163777814796761027650616244349974665674793478133682772047061,0xae3f5136860b205147f10c343a17e827f4c0a3264d5acca61218c1346dd0cf75,0.1,100,10.0,1753583478,Will the US add between 150k and 200k jobs in July?
0xb275b83e46b725f5aa356656e8fb2b9a7a5d665efb38549e881510cdc7e09311,0x4986ef934cbda4420b22d58708ff74cb465b8bc9,BUY,No,97731991554168815398711686031656577665295688192843106167368967661811805944570,0xae3f5136860b205147f10c343a17e827f4c0a3264d5acca61218c1346dd0cf75,0.9,7,6.3,1753583478,Will the US add between 150k and 200k jobs in July?
0xa56e56e85ebaf2b9f1b1d9521d80b863305b6601256e60a17808ef466c91102f,0x727bfdcb0ae1a00eca35c4d0a9b85f4e42d4d1a2,BUY,Yes,44970984693446229163777814796761027650616244349974665674793478133682772047061,0xae3f5136860b205147f10c343a17e827f4c0a3264d5acca61218c1346dd0cf75,0.18,99,17.82,1753547014,Will the US add between 150k and 200k jobs in July?
0xd0e31e3b92e583e582f9b0c17a19c67804c5ce27e40bff6eaa1a6f7ce4f31585,0x97ccb728060d0e195c28462d20a2a6913395bbbf,SELL,No,97731991554168815398711686031656577665295688192843106167368967661811805944570,0xae3f5136860b205147f10c343a17e827f4c0a3264d5acca61218c1346dd0cf75,0.82325,6,4.939500000000001,1753546260,Will the US add between 150k and 200k jobs in July?
0xbe9af3f1ac9109905b9347ff214b12e643934268b1b9282fd509feb1fa26e272,0x727bfdcb0ae1a00eca35c4d0a9b85f4e42d4d1a2,SELL,Yes,44970984693446229163777814796761027650616244349974665674793478133682772047061,0xae3f5136860b205147f10c343a17e827f4c0a3264d5acca61218c1346dd0cf75,0.1,69,6.9,1753541572,Will the US add between 150k and 200k jobs in July?
0x874d33d9e4f21f6286354a8b0e0d9b6e915860d4790f8c42b0e46e95734c2769,0x04dcbd9b805b220a9b2d27e4d9e649ed07902387,BUY,Yes,44970984693446229163777814796761027650616244349974665674793478133682772047061,0xae3f5136860b205147f10c343a17e827f4c0a3264d5acca61218c1346dd0cf75,0.15,88,13.2,1753539127,Will the US add between 150k and 200k jobs in July?
0xbd31db49669c527319470e89cb5761b520a15d1c7fdcbbb769eef1c9f43a91ee,0x727bfdcb0ae1a00eca35c4d0a9b85f4e42d4d1a2,BUY,Yes,44970984693446229163777814796761027650616244349974665674793478133682772047061,0xae3f5136860b205147f10c343a17e827f4c0a3264d5acca61218c1346dd0cf75,0.15,70,10.5,1753523525,Will the US add between 150k and 200k jobs in July?
0xf62ade0668a4ab4375f8d99eca825aa9171a3d913ffc170f7e79a2b0426236f8,0x27731b63ca33f26205e72f7e8f9452268e1d0d04,SELL,No,97731991554168815398711686031656577665295688192843106167368967661811805944570,0xae3f5136860b205147f10c343a17e827f4c0a3264d5acca61218c1346dd0cf75,0.85,1.09,0.9265,1753517429,Will the US add between 150k and 200k jobs in July?
0xbd1646faea49ca2c7dce788f191911ed6ea370e7e06668a8dfd3bf288f491c68,0x97ccb728060d0e195c28462d20a2a6913395bbbf,BUY,No,97731991554168815398711686031656577665295688192843106167368967661811805944570,0xae3f5136860b205147f10c343a17e827f4c0a3264d5acca61218c1346dd0cf75,0.9,6,5.4,1753515713,Will the US add between 150k and 200k jobs in July?
0x68661fc940f76f23e0c348fc1cd5a2ed1f3f7df08ba77ffb0e92d9a43bb849e1,0x63d43bbb87f85af03b8f2f9e2fad7b54334fa2f1,BUY,No,97731991554168815398711686031656577665295688192843106167368967661811805944570,0xae3f5136860b205147f10c343a17e827f4c0a3264d5acca61218c1346dd0cf75,0.89,40.99,36.481100000000005,1753491837,Will the US add between 150k and 200k jobs in July?
0xe9583a831128c3473a5ef36a3d1fb82149a502aa02e54045166594aeade8224d,0x6a72dfe9e6c4cdb3c7ce3bc2b20a67788c66f81d,BUY,No,97731991554168815398711686031656577665295688192843106167368967661811805944570,0xae3f5136860b205147f10c343a17e827f4c0a3264d5acca61218c1346dd0cf75,0.89,34,30.26,1753491835,Will the US add between 150k and 200k jobs in July?
0x416be6744de27b78268416799bb42d3cba6dad152fedd5874921e5fdcff51136,0x63d43bbb87f85af03b8f2f9e2fad7b54334fa2f1,BUY,No,97731991554168815398711686031656577665295688192843106167368967661811805944570,0xae3f5136860b205147f10c343a17e827f4c0a3264d5acca61218c1346dd0cf75,0.89,50,44.5,1753482713,Will the US add between 150k and 200k jobs in July?
0x6c2b3c3aa5128fd4e578541c989245e82f8bc1a9cd1cadaa75a1b6aa79fb1ad2,0x63d43bbb87f85af03b8f2f9e2fad7b54334fa2f1,BUY,No,97731991554168815398711686031656577665295688192843106167368967661811805944570,0xae3f5136860b205147f10c343a17e827f4c0a3264d5acca61218c1346dd0cf75,0.89,40.01,35.6089,1753480833,Will the US add between 150k and 200k jobs in July?
0xfb0d0bd27186f75b30d0b4f6e561dcb380e3094e194f7926b41fb14cb8ad3006,0x727bfdcb0ae1a00eca35c4d0a9b85f4e42d4d1a2,BUY,Yes,44970984693446229163777814796761027650616244349974665674793478133682772047061,0xae3f5136860b205147f10c343a17e827f4c0a3264d5acca61218c1346dd0cf75,0.15,80,12.0,1753463659,Will the US add between 150k and 200k jobs in July?
0x8a1a31b99f253d0c121acbf888abb21734885650f229fd197d6e4fa4316ac0eb,0x727bfdcb0ae1a00eca35c4d0a9b85f4e42d4d1a2,BUY,Yes,44970984693446229163777814796761027650616244349974665674793478133682772047061,0xae3f5136860b205147f10c343a17e827f4c0a3264d5acca61218c1346dd0cf75,0.14,20,2.8000000000000003,1753463655,Will the US add between 150k and 200k jobs in July?
0xfb44e56d75af5a1a68fcb647963a010de0cb708b5724268fd025b075699e6868,0x727bfdcb0ae1a00eca35c4d0a9b85f4e42d4d1a2,BUY,Yes,44970984693446229163777814796761027650616244349974665674793478133682772047061,0xae3f5136860b205147f10c343a17e827f4c0a3264d5acca61218c1346dd0cf75,0.12,50,6.0,1753454213,Will the US add between 150k and 200k jobs in July?
0x7a50e3d495f37577400eedb446d758461d252fb3550dc2c17333a3132164aa93,0x7740253843b20007a4c99c3766878351002acbcd,BUY,No,97731991554168815398711686031656577665295688192843106167368967661811805944570,0xae3f5136860b205147f10c343a17e827f4c0a3264d5acca61218c1346dd0cf75,0.88,8,7.04,1753426168,Will the US add between 150k and 200k jobs in July?
0xd6fbf036d6842914a79f14ad13fdf8e4cbd6114968f8e14957343ceecfa34614,0x4986ef934cbda4420b22d58708ff74cb465b8bc9,BUY,No,97731991554168815398711686031656577665295688192843106167368967661811805944570,0xae3f5136860b205147f10c343a17e827f4c0a3264d5acca61218c1346dd0cf75,0.88,50,44.0,1753426168,Will the US add between 150k and 200k jobs in July?
0xdb3096b5fa4dead3850e3cc11644389092809bc3b422e208a4d9e66518938448,0x727bfdcb0ae1a00eca35c4d0a9b85f4e42d4d1a2,BUY,Yes,44970984693446229163777814796761027650616244349974665674793478133682772047061,0xae3f5136860b205147f10c343a17e827f4c0a3264d5acca61218c1346dd0cf75,0.17,64,10.88,1753423066,Will the US add between 150k and 200k jobs in July?
0xe0b82ec1244eb8891ec54cb7701345e34740078751bb8a08f1a4fa4de03cdb2f,0x727bfdcb0ae1a00eca35c4d0a9b85f4e42d4d1a2,BUY,Yes,44970984693446229163777814796761027650616244349974665674793478133682772047061,0xae3f5136860b205147f10c343a17e827f4c0a3264d5acca61218c1346dd0cf75,0.16,66,10.56,1753421000,Will the US add between 150k and 200k jobs in July?
0x99e06a35270352d699e3090d29dd40ede84e64b18b53bf37946c958934d2f455,0x63d43bbb87f85af03b8f2f9e2fad7b54334fa2f1,BUY,No,97731991554168815398711686031656577665295688192843106167368967661811805944570,0xae3f5136860b205147f10c343a17e827f4c0a3264d5acca61218c1346dd0cf75,0.89,49.99,44.4911,1753389864,Will the US add between 150k and 200k jobs in July?
0x5f6b8a6af69b9c6b3cb2a23d241256cba1f11ccf025c48888560c7dba1f2dba5,0x6a72dfe9e6c4cdb3c7ce3bc2b20a67788c66f81d,BUY,No,97731991554168815398711686031656577665295688192843106167368967661811805944570,0xae3f5136860b205147f10c343a17e827f4c0a3264d5acca61218c1346dd0cf75,0.89,25,22.25,1753389864,Will the US add between 150k and 200k jobs in July?
0x3519c6f734835a9b7521109538b91d9f5abbf45316bec789431a06f3cf187460,0x6a72dfe9e6c4cdb3c7ce3bc2b20a67788c66f81d,BUY,No,97731991554168815398711686031656577665295688192843106167368967661811805944570,0xae3f5136860b205147f10c343a17e827f4c0a3264d5acca61218c1346dd0cf75,0.89,5,4.45,1753381780,Will the US add between 150k and 200k jobs in July?
0x323929b6784fc303cba7c484d3cfae56f0df968001232f5ec7fbe5c9fa986d39,0xe3726a1b9c6ba2f06585d1c9e01d00afaedaeb38,SELL,Yes,44970984693446229163777814796761027650616244349974665674793478133682772047061,0xae3f5136860b205147f10c343a17e827f4c0a3264d5acca61218c1346dd0cf75,0.11,50.74,5.5814,1753381780,Will the US add between 150k and 200k jobs in July?
0xd719abd57558655cc3a28dde295b2279345648720a5211fe4ccaec0a918c2902,0x6a72dfe9e6c4cdb3c7ce3bc2b20a67788c66f81d,BUY,No,97731991554168815398711686031656577665295688192843106167368967661811805944570,0xae3f5136860b205147f10c343a17e827f4c0a3264d5acca61218c1346dd0cf75,0.89,5,4.45,1753381776,Will the US add between 150k and 200k jobs in July?
0x4ebec7eebb5d283377dc37ff01590e4093a6dd728bba3014b862957614b64957,0xe3726a1b9c6ba2f06585d1c9e01d00afaedaeb38,SELL,Yes,44970984693446229163777814796761027650616244349974665674793478133682772047061,0xae3f5136860b205147f10c343a17e827f4c0a3264d5acca61218c1346dd0cf75,0.12,10,1.2,1753381776,Will the US add between 150k and 200k jobs in July?
0xeafc5e94fc744f0a7c97ff5dafdbc377c4171ea5f275583c6082a2fee8d3fe91,0x727bfdcb0ae1a00eca35c4d0a9b85f4e42d4d1a2,BUY,Yes,44970984693446229163777814796761027650616244349974665674793478133682772047061,0xae3f5136860b205147f10c343a17e827f4c0a3264d5acca61218c1346dd0cf75,0.17,58,9.860000000000001,1753334764,Will the US add between 150k and 200k jobs in July?
0x2a4dcfc335e13eb12a882b2616b1d8d680aeff592cbb6e42353e1d5051c56b38,0x727bfdcb0ae1a00eca35c4d0a9b85f4e42d4d1a2,BUY,Yes,44970984693446229163777814796761027650616244349974665674793478133682772047061,0xae3f5136860b205147f10c343a17e827f4c0a3264d5acca61218c1346dd0cf75,0.16,11.99,1.9184,1753334760,Will the US add between 150k and 200k jobs in July?
0x1087422d1875424a6befda3ddffe0391a6fa338ea24b196e455f1f1d6cb6e6d2,0x1d8c256b15d3cd1f5db221e70c77f552eb8d757a,BUY,No,97731991554168815398711686031656577665295688192843106167368967661811805944570,0xae3f5136860b205147f10c343a17e827f4c0a3264d5acca61218c1346dd0cf75,0.89,5.99,5.3311,1753111965,Will the US add between 150k and 200k jobs in July?
0xa8253759d412bac91a6a2e7acb2acec1ae263f67c1a7b1fbac3d46cec8afab19,0xe3726a1b9c6ba2f06585d1c9e01d00afaedaeb38,SELL,Yes,44970984693446229163777814796761027650616244349974665674793478133682772047061,0xae3f5136860b205147f10c343a17e827f4c0a3264d5acca61218c1346dd0cf75,0.11,6,0.66,1753111965,Will the US add between 150k and 200k jobs in July?
0x6ffd2d7038f6e8bfc92f782c2d5176276daed3ebef7af5a5b4a223e04a20c1ac,0x727bfdcb0ae1a00eca35c4d0a9b85f4e42d4d1a2,BUY,Yes,44970984693446229163777814796761027650616244349974665674793478133682772047061,0xae3f5136860b205147f10c343a17e827f4c0a3264d5acca61218c1346dd0cf75,0.17,128,21.76,1753072323,Will the US add between 150k and 200k jobs in July?
0xa8ff93a89c9318f02f8a55ba43541ca9b991769fb1cc099d09240f8971517a09,0x727bfdcb0ae1a00eca35c4d0a9b85f4e42d4d1a2,BUY,Yes,44970984693446229163777814796761027650616244349974665674793478133682772047061,0xae3f5136860b205147f10c343a17e827f4c0a3264d5acca61218c1346dd0cf75,0.13,22,2.8600000000000003,1753072321,Will the US add between 150k and 200k jobs in July?
0xacac4553433492c43dc177d616fbdcba7edc257f2b1f943a561d75e2641f371f,0x62bae9292f0de0fdfec40eb4b462355547ae31db,SELL,Yes,44970984693446229163777814796761027650616244349974665674793478133682772047061,0xae3f5136860b205147f10c343a17e827f4c0a3264d5acca61218c1346dd0cf75,0.1,22.17,2.217,1752954944,Will the US add between 150k and 200k jobs in July?
0x4d9b7efe88f0b6acf46a553bc10ec9cbc0e1102d818751adf8dc9a2c894eb670,0x17525891a4ed52520ad75dac8ed5f32a58be7993,BUY,No,97731991554168815398711686031656577665295688192843106167368967661811805944570,0xae3f5136860b205147f10c343a17e827f4c0a3264d5acca61218c1346dd0cf75,0.9,27,24.3,1752927072,Will the US add between 150k and 200k jobs in July?
0xf53c669fe7bed1dc1364636e5ec705a6d66f069f29d083349187e2ef8bdffdd3,0x8a7b576b7a53ef54876f9eca18bcd84f12d8782f,BUY,Yes,44970984693446229163777814796761027650616244349974665674793478133682772047061,0xae3f5136860b205147f10c343a17e827f4c0a3264d5acca61218c1346dd0cf75,0.11,86,9.46,1752887402,Will the US add between 150k and 200k jobs in July?
0x9872d8118701212dfcac7ca94f90cfbbebc912b93872d4d66d9933f3ab59f3c4,0xd218e474776403a330142299f7796e8ba32eb5c9,BUY,No,97731991554168815398711686031656577665295688192843106167368967661811805944570,0xae3f5136860b205147f10c343a17e827f4c0a3264d5acca61218c1346dd0cf75,0.88,12,10.56,1752887300,Will the US add between 150k and 200k jobs in July?
0x9822561e0104e392db58b3ef53894e6514d877237676180e966721d9c71d1336,0xe3726a1b9c6ba2f06585d1c9e01d00afaedaeb38,SELL,Yes,44970984693446229163777814796761027650616244349974665674793478133682772047061,0xae3f5136860b205147f10c343a17e827f4c0a3264d5acca61218c1346dd0cf75,0.12,17,2.04,1752887300,Will the US add between 150k and 200k jobs in July?
0x7c1bb1e86474f70c5f239bb675c46986f782206259f9cebbf150795a1bef84ef,0x6a72dfe9e6c4cdb3c7ce3bc2b20a67788c66f81d,BUY,No,97731991554168815398711686031656577665295688192843106167368967661811805944570,0xae3f5136860b205147f10c343a17e827f4c0a3264d5acca61218c1346dd0cf75,0.88,57,50.160000000000004,1752887300,Will the US add between 150k and 200k jobs in July?
0x203a92a146961377dd1ece22039195597ba72e162022e39690067827e67567ad,0x6a72dfe9e6c4cdb3c7ce3bc2b20a67788c66f81d,BUY,No,97731991554168815398711686031656577665295688192843106167368967661811805944570,0xae3f5136860b205147f10c343a17e827f4c0a3264d5acca61218c1346dd0cf75,0.88,14,12.32,1752887298,Will the US add between 150k and 200k jobs in July?
0x84a7fdf7c18ce5e3d681f21451e74bdf3abb60ac2364034d22d000af6855a05a,0x17525891a4ed52520ad75dac8ed5f32a58be7993,BUY,No,97731991554168815398711686031656577665295688192843106167368967661811805944570,0xae3f5136860b205147f10c343a17e827f4c0a3264d5acca61218c1346dd0cf75,0.87,3,2.61,1752887298,Will the US add between 150k and 200k jobs in July?
0x647c91e279ce6e9771b7eead5b7c087b4d91ee0b2058713f058353e07b26282e,0xcd91a549956854fdc38efad7e80ff5da8f5432b8,BUY,No,97731991554168815398711686031656577665295688192843106167368967661811805944570,0xae3f5136860b205147f10c343a17e827f4c0a3264d5acca61218c1346dd0cf75,0.87,83,72.21,1752887298,Will the US add between 150k and 200k jobs in July?
0x46126ef4e770fdcf90119283a943e05e0ab3f41eb663c876de936e74ea71d2bd,0x6a72dfe9e6c4cdb3c7ce3bc2b20a67788c66f81d,BUY,No,97731991554168815398711686031656577665295688192843106167368967661811805944570,0xae3f5136860b205147f10c343a17e827f4c0a3264d5acca61218c1346dd0cf75,0.87,14,12.18,1752887294,Will the US add between 150k and 200k jobs in July?
0xce033328707cbf54e3ac2700be306ebe54efe76d4667e572ca2a9efd9be0c737,0xe3726a1b9c6ba2f06585d1c9e01d00afaedaeb38,SELL,Yes,44970984693446229163777814796761027650616244349974665674793478133682772047061,0xae3f5136860b205147f10c343a17e827f4c0a3264d5acca61218c1346dd0cf75,0.14,28,3.9200000000000004,1752887294,Will the US add between 150k and 200k jobs in July?
0xfd20d9ae4914d9e5ecf7e29d42c1896e5fe3535890d9e2880560ab776a516dad,0x6a72dfe9e6c4cdb3c7ce3bc2b20a67788c66f81d,BUY,No,97731991554168815398711686031656577665295688192843106167368967661811805944570,0xae3f5136860b205147f10c343a17e827f4c0a3264d5acca61218c1346dd0cf75,0.86,22,18.919999999999998,1752887290,Will the US add between 150k and 200k jobs in July?
0x70bd88a34515902d99e6e2439994ea716ba668c7bce90f82d98ab4def4bf673d,0xe3726a1b9c6ba2f06585d1c9e01d00afaedaeb38,SELL,Yes,44970984693446229163777814796761027650616244349974665674793478133682772047061,0xae3f5136860b205147f10c343a17e827f4c0a3264d5acca61218c1346dd0cf75,0.15,2.26,0.33899999999999997,1752887290,Will the US add between 150k and 200k jobs in July?
0x9f76207c90e94109ab049e8daed48426d414b0cd25cc80647931fa7ee89f573e,0xd218e474776403a330142299f7796e8ba32eb5c9,BUY,No,97731991554168815398711686031656577665295688192843106167368967661811805944570,0xae3f5136860b205147f10c343a17e827f4c0a3264d5acca61218c1346dd0cf75,0.85,20,17.0,1752864471,Will the US add between 150k and 200k jobs in July?
0xda8c27da669396ed0ea86a1305194ac5d80d041a16fa3391140168b472e38be0,0x6a72dfe9e6c4cdb3c7ce3bc2b20a67788c66f81d,BUY,No,97731991554168815398711686031656577665295688192843106167368967661811805944570,0xae3f5136860b205147f10c343a17e827f4c0a3264d5acca61218c1346dd0cf75,0.85,22,18.7,1752864469,Will the US add between 150k and 200k jobs in July?
0xd1a7fe80eeb41b3998acd5cc8319a23ae582a9c4847f7efe6a4bddbb5e7fcbf9,0x6a72dfe9e6c4cdb3c7ce3bc2b20a67788c66f81d,SELL,No,97731991554168815398711686031656577665295688192843106167368967661811805944570,0xae3f5136860b205147f10c343a17e827f4c0a3264d5acca61218c1346dd0cf75,0.81,3.44,2.7864,1752858795,Will the US add between 150k and 200k jobs in July?
0xd29672a70b114aaf9c4177387d936470629b66bbde7d0707242af56776e51fc7,0x80a4552cdcde3b861b8adc146ab1fbd4711022cc,SELL,No,97731991554168815398711686031656577665295688192843106167368967661811805944570,0xae3f5136860b205147f10c343a17e827f4c0a3264d5acca61218c1346dd0cf75,0.85,0.53,0.4505,1752758718,Will the US add between 150k and 200k jobs in July?
0xb3636b5de82f73825fea3d2ac423c0515563cd99c1f9d7bd2ec290ba4e797916,0xcd91a549956854fdc38efad7e80ff5da8f5432b8,BUY,No,97731991554168815398711686031656577665295688192843106167368967661811805944570,0xae3f5136860b205147f10c343a17e827f4c0a3264d5acca61218c1346dd0cf75,0.885005,20,17.7001,1752706596,Will the US add between 150k and 200k jobs in July?
0x726f8023cb743ac3d2ed9c013d4f14a2f263b5824b45b98187acbeb149a8a52a,0x04dcbd9b805b220a9b2d27e4d9e649ed07902387,BUY,Yes,44970984693446229163777814796761027650616244349974665674793478133682772047061,0xae3f5136860b205147f10c343a17e827f4c0a3264d5acca61218c1346dd0cf75,0.15,26,3.9,1752706592,Will the US add between 150k and 200k jobs in July?
0x5ae9fa12220794d7d3efbc3e1c254c8a98a375b4fb498ee81a43f1755693e87c,0xd218e474776403a330142299f7796e8ba32eb5c9,BUY,No,97731991554168815398711686031656577665295688192843106167368967661811805944570,0xae3f5136860b205147f10c343a17e827f4c0a3264d5acca61218c1346dd0cf75,0.88,20,17.6,1752690050,Will the US add between 150k and 200k jobs in July?
0xcd81ec74a3990fd4915b26b8fba969dbe646f80d0af8a75979c9b0fd27aabb3c,0x37b46a9d45509eed664e302eb70b14ffed50d5e5,BUY,Yes,44970984693446229163777814796761027650616244349974665674793478133682772047061,0xae3f5136860b205147f10c343a17e827f4c0a3264d5acca61218c1346dd0cf75,0.14,25,3.5000000000000004,1752690040,Will the US add between 150k and 200k jobs in July?
0xcb695a2248eb533753d3f900845e2d2193e01a298826a14b9db9225299194ea2,0xd218e474776403a330142299f7796e8ba32eb5c9,BUY,No,97731991554168815398711686031656577665295688192843106167368967661811805944570,0xae3f5136860b205147f10c343a17e827f4c0a3264d5acca61218c1346dd0cf75,0.88,26.53,23.346400000000003,1752683078,Will the US add between 150k and 200k jobs in July?
0xad77890482eea17568d74f55a778bf4ec9cd997eb2121d6ed87b17f56ceec77d,0x63d43bbb87f85af03b8f2f9e2fad7b54334fa2f1,BUY,No,97731991554168815398711686031656577665295688192843106167368967661811805944570,0xae3f5136860b205147f10c343a17e827f4c0a3264d5acca61218c1346dd0cf75,0.87,6.7,5.829,1752662371,Will the US add between 150k and 200k jobs in July?
0xed4c6e5024319afe41a967606060116001feebc0ea6139d9edfff2c1693e7662,0xd218e474776403a330142299f7796e8ba32eb5c9,BUY,No,97731991554168815398711686031656577665295688192843106167368967661811805944570,0xae3f5136860b205147f10c343a17e827f4c0a3264d5acca61218c1346dd0cf75,0.85,20,17.0,1752631439,Will the US add between 150k and 200k jobs in July?
0xcebe1f01ad8caf1f45df1e3ce79ab9ed3410c144ae07eb3e5eda2c103361e5ac,0x0d0d96880bed8f2d55b96d6d146ea690126be377,BUY,Yes,44970984693446229163777814796761027650616244349974665674793478133682772047061,0xae3f5136860b205147f10c343a17e827f4c0a3264d5acca61218c1346dd0cf75,0.1919486147,52.097271,9.999998998100484,1752577101,Will the US add between 150k and 200k jobs in July?
0xcfe8f3a07514a67816568550e3a51b27ed55f0f6dbfe05bdfadc90c3a617f26d,0xed95c0336063c7fbbd2e262c97684da98e3fb1e6,SELL,Yes,44970984693446229163777814796761027650616244349974665674793478133682772047061,0xae3f5136860b205147f10c343a17e827f4c0a3264d5acca61218c1346dd0cf75,0.12,6.66,0.7992,1752445375,Will the US add between 150k and 200k jobs in July?
0xb3e9bd12316a164df83a47065b103b2b9beda897ffa4f0fa5b2e8c0153f086e7,0xca75fca0909061735603a869a03c837f38e8b071,SELL,Yes,44970984693446229163777814796761027650616244349974665674793478133682772047061,0xae3f5136860b205147f10c343a17e827f4c0a3264d5acca61218c1346dd0cf75,0.12,163.26,19.591199999999997,1752278928,Will the US add between 150k and 200k jobs in July?
0x64d639b6356457364b206310eac3cd1028adf5c27f2110155fde4b0789d0981b,0x0a0748b546e8f7bb43b19377a34b061f235e05c1,SELL,Yes,44970984693446229163777814796761027650616244349974665674793478133682772047061,0xae3f5136860b205147f10c343a17e827f4c0a3264d5acca61218c1346dd0cf75,0.12,100,12.0,1752278366,Will the US add between 150k and 200k jobs in July?
0x8f6f736ec289b9178f7be7e64189245237c007838d43577002c10c593456b9f2,0x82c4bf0ff08aa97c88979e7010bfbf6cb784705b,SELL,Yes,44970984693446229163777814796761027650616244349974665674793478133682772047061,0xae3f5136860b205147f10c343a17e827f4c0a3264d5acca61218c1346dd0cf75,0.12,3.44,0.4128,1752254188,Will the US add between 150k and 200k jobs in July?
0x108206efcd1d84b91f6d60087ca263196b7722cb276c3ed83055d9d25de0f8b4,0x04dcbd9b805b220a9b2d27e4d9e649ed07902387,BUY,Yes,44970984693446229163777814796761027650616244349974665674793478133682772047061,0xae3f5136860b205147f10c343a17e827f4c0a3264d5acca61218c1346dd0cf75,0.19,9,1.71,1752241832,Will the US add between 150k and 200k jobs in July?
0xfc73910aaba7d9a057e6a2bb9e089be162cd4bfbfea5602beb8bcce21de6b761,0xca75fca0909061735603a869a03c837f38e8b071,BUY,Yes,44970984693446229163777814796761027650616244349974665674793478133682772047061,0xae3f5136860b205147f10c343a17e827f4c0a3264d5acca61218c1346dd0cf75,0.1899999938,103.263156,19.61999899976843,1752186198,Will the US add between 150k and 200k jobs in July?
0x6ae41e36154fb2a28435e0d195c4566b88f4c357bab00f0fedbfee09e66429aa,0xca75fca0909061735603a869a03c837f38e8b071,SELL,Yes,44970984693446229163777814796761027650616244349974665674793478133682772047061,0xae3f5136860b205147f10c343a17e827f4c0a3264d5acca61218c1346dd0cf75,0.14,19.99,2.7986,1752164130,Will the US add between 150k and 200k jobs in July?
0x2a9105191d6bc41592cc7a8b40897f2a2588d59889774ad8b6108fbf95e02c6d,0x8771a15ad99566170b4adb1f7271af7ed63f9ed0,SELL,Yes,44970984693446229163777814796761027650616244349974665674793478133682772047061,0xae3f5136860b205147f10c343a17e827f4c0a3264d5acca61218c1346dd0cf75,0.0933826123,119.05,11.117199994315,1751992925,Will the US add between 150k and 200k jobs in July?
0xf5163332235328d1c3004b3a35306db3543e4564e978645751c8a78217c7d5d8,0x6df766e3e23ecf297342f37b5783ac066fb8afb0,SELL,No,97731991554168815398711686031656577665295688192843106167368967661811805944570,0xae3f5136860b205147f10c343a17e827f4c0a3264d5acca61218c1346dd0cf75,0.76,7,5.32,1751981673,Will the US add between 150k and 200k jobs in July?
0x3573e28c14137fdb3d53af675f2a7c0ef4baf498c166a8e2168814a77067e9c9,0x4585d47de60b500948080b22f1c1b54376692088,BUY,No,97731991554168815398711686031656577665295688192843106167368967661811805944570,0xae3f5136860b205147f10c343a17e827f4c0a3264d5acca61218c1346dd0cf75,0.8799995042,1.613635,1.419997999959767,1751914808,Will the US add between 150k and 200k jobs in July?
0x6d83480f1f710a5d5f4b0761215187b22b3682455b23c30f68439922d4fba291,0xdfaacceff09ac2c037393eee387e81ea024679a7,SELL,Yes,44970984693446229163777814796761027650616244349974665674793478133682772047061,0xae3f5136860b205147f10c343a17e827f4c0a3264d5acca61218c1346dd0cf75,0.07,1.09,0.0763,1751871834,Will the US add between 150k and 200k jobs in July?
0x166cd8b4c260e3bbd53a2e1314d86750a6c95242e952da0c4e9b617870180a71,0x27731b63ca33f26205e72f7e8f9452268e1d0d04,BUY,No,97731991554168815398711686031656577665295688192843106167368967661811805944570,0xae3f5136860b205147f10c343a17e827f4c0a3264d5acca61218c1346dd0cf75,0.92,1.097825,1.009999,1751860018,Will the US add between 150k and 200k jobs in July?
0x875b49d16877dee4b36e35bab14935250c26d0155e1fb5016b5076aca18d9cc4,0x04dcbd9b805b220a9b2d27e4d9e649ed07902387,BUY,No,97731991554168815398711686031656577665295688192843106167368967661811805944570,0xae3f5136860b205147f10c343a17e827f4c0a3264d5acca61218c1346dd0cf75,0.8083181971,29.73,24.031299999783,1751858786,Will the US add between 150k and 200k jobs in July?
0xcb2aad16a25bba1097558d51ba9e84845cd43e98fd0fea8d8afba510cb6519e5,0x04dcbd9b805b220a9b2d27e4d9e649ed07902387,BUY,No,97731991554168815398711686031656577665295688192843106167368967661811805944570,0xae3f5136860b205147f10c343a17e827f4c0a3264d5acca61218c1346dd0cf75,0.78,10,7.800000000000001,1751858250,Will the US add between 150k and 200k jobs in July?
0x56e50694e58f56abb532e55a7262fd7756e597d2d612f298917155194366f487,0x04dcbd9b805b220a9b2d27e4d9e649ed07902387,BUY,No,97731991554168815398711686031656577665295688192843106167368967661811805944570,0xae3f5136860b205147f10c343a17e827f4c0a3264d5acca61218c1346dd0cf75,0.76,10,7.6,1751858234,Will the US add between 150k and 200k jobs in July?
0x6ddf2bae39ba1a68da2f684c8f2a05974e0e5b10ac6278f3f447d72097d829fe,0xf241e530d72b6feccfb48db7fc4aaab66592a9a8,BUY,No,97731991554168815398711686031656577665295688192843106167368967661811805944570,0xae3f5136860b205147f10c343a17e827f4c0a3264d5acca61218c1346dd0cf75,0.8099996274,1.234566,0.9999980000007084,1751812974,Will the US add between 150k and 200k jobs in July?
0x619ef626f56d0840609d7546f78c62c25163980db928374503f1828cb801bec4,0x82c4bf0ff08aa97c88979e7010bfbf6cb784705b,BUY,Yes,44970984693446229163777814796761027650616244349974665674793478133682772047061,0xae3f5136860b205147f10c343a17e827f4c0a3264d5acca61218c1346dd0cf75,0.2899998666,3.448274,0.9999990000002483,1751802445,Will the US add between 150k and 200k jobs in July?
0x08ced45e1ede72c72494d61b344b8847f7d298275f93071cc19a718eefcc9ddc,0x9e8f105a2fc429c3de11b5fe62ae5a7a8815ac83,BUY,No,97731991554168815398711686031656577665295688192843106167368967661811805944570,0xae3f5136860b205147f10c343a17e827f4c0a3264d5acca61218c1346dd0cf75,0.8099994929,1.518517,1.2299979999600292,1751778767,Will the US add between 150k and 200k jobs in July?
0xc19399f37c5c1816ca8854cd94bc135c0f9244b2a11f298a3baddc33c2709bd7,0xed95c0336063c7fbbd2e262c97684da98e3fb1e6,BUY,Yes,44970984693446229163777814796761027650616244349974665674793478133682772047061,0xae3f5136860b205147f10c343a17e827f4c0a3264d5acca61218c1346dd0cf75,0.29999982,3.333332,0.9999990000002399,1751765685,Will the US add between 150k and 200k jobs in July?
0x96d347f346ced91bc3683272167036d126b8f4276f99daf2e8bfa6d2b07b43ef,0xed95c0336063c7fbbd2e262c97684da98e3fb1e6,BUY,Yes,44970984693446229163777814796761027650616244349974665674793478133682772047061,0xae3f5136860b205147f10c343a17e827f4c0a3264d5acca61218c1346dd0cf75,0.29999982,3.333332,0.9999990000002399,1751765677,Will the US add between 150k and 200k jobs in July?
0xa2fd2380b15bd0ed40c3195b28c14c0e321283b4123acc83f9f3799d14c1cfc7,0xccd9c1b45ec5889bd820d3c3902c20c4b1fd0454,SELL,Yes,44970984693446229163777814796761027650616244349974665674793478133682772047061,0xae3f5136860b205147f10c343a17e827f4c0a3264d5acca61218c1346dd0cf75,0.19749,10,1.9748999999999999,1751755603,Will the US add between 150k and 200k jobs in July?
0x37b2d8362493958c15ad657350e6a07f01661d7dd9f63d72341fead300e98b84,0xd218e474776403a330142299f7796e8ba32eb5c9,BUY,No,97731991554168815398711686031656577665295688192843106167368967661811805944570,0xae3f5136860b205147f10c343a17e827f4c0a3264d5acca61218c1346dd0cf75,0.8,15.56,12.448,1751740355,Will the US add between 150k and 200k jobs in July?
0xc4e888be5865fd371ea1fef87c6c5c11672e6d78d76ec38adf1f10f2bce10171,0x84ad49e1a081557695613595070b52ca453524e0,BUY,Yes,44970984693446229163777814796761027650616244349974665674793478133682772047061,0xae3f5136860b205147f10c343a17e827f4c0a3264d5acca61218c1346dd0cf75,0.2741899455,91.177665,24.999998997167257,1751729355,Will the US add between 150k and 200k jobs in July?
0xb3549ba3ccf5f0a899c5a1c3b1df0481a9b92765debf1c4a45baed8f69014e13,0x63d43bbb87f85af03b8f2f9e2fad7b54334fa2f1,BUY,No,97731991554168815398711686031656577665295688192843106167368967661811805944570,0xae3f5136860b205147f10c343a17e827f4c0a3264d5acca61218c1346dd0cf75,0.9,8.39,7.551000000000001,1751714065,Will the US add between 150k and 200k jobs in July?
0x3fc6283141ec0c1815ec062c14b3df56ddefacda7545df6ac82850b15469e40b,0xd218e474776403a330142299f7796e8ba32eb5c9,BUY,No,97731991554168815398711686031656577665295688192843106167368967661811805944570,0xae3f5136860b205147f10c343a17e827f4c0a3264d5acca61218c1346dd0cf75,0.9,10,9.0,1751714065,Will the US add between 150k and 200k jobs in July?
0x33b00841d7aaa8e04fe8e9c2d6f9d7ca444d70eb827bc11fe13b8632e424467b,0x62bae9292f0de0fdfec40eb4b462355547ae31db,BUY,Yes,44970984693446229163777814796761027650616244349974665674793478133682772047061,0xae3f5136860b205147f10c343a17e827f4c0a3264d5acca61218c1346dd0cf75,0.2254901616,22.173912,4.99999900018418,1751706630,Will the US add between 150k and 200k jobs in July?
0x1e90eb8bef5ec5ee44ec1352ee8b18861c31c2358a3ebe9ce7ea5aa2fa45a41b,0xcd91a549956854fdc38efad7e80ff5da8f5432b8,BUY,No,97731991554168815398711686031656577665295688192843106167368967661811805944570,0xae3f5136860b205147f10c343a17e827f4c0a3264d5acca61218c1346dd0cf75,0.9,17.85,16.065,1751705660,Will the US add between 150k and 200k jobs in July?
0x49922e20f87cbf4383d54119396e3beea09c80f5eb3ce8836e7229c436590ae1,0xd218e474776403a330142299f7796e8ba32eb5c9,BUY,No,97731991554168815398711686031656577665295688192843106167368967661811805944570,0xae3f5136860b205147f10c343a17e827f4c0a3264d5acca61218c1346dd0cf75,0.9,10,9.0,1751705378,Will the US add between 150k and 200k jobs in July?
0xdece94278ecfffb9ca228e9250639a4db23fb772324724992cfbc5d0aad283ef,0x17525891a4ed52520ad75dac8ed5f32a58be7993,BUY,No,97731991554168815398711686031656577665295688192843106167368967661811805944570,0xae3f5136860b205147f10c343a17e827f4c0a3264d5acca61218c1346dd0cf75,0.9,13,11.700000000000001,1751702488,Will the US add between 150k and 200k jobs in July?
0x957504b882e08f8f51f989b337b1e179cd386daa198ddd682b2b56b1b5f42978,0x17525891a4ed52520ad75dac8ed5f32a58be7993,BUY,No,97731991554168815398711686031656577665295688192843106167368967661811805944570,0xae3f5136860b205147f10c343a17e827f4c0a3264d5acca61218c1346dd0cf75,0.9,12.42222,11.179998,1751702488,Will the US add between 150k and 200k jobs in July?
0x35103196b1362f01661556ff53c929afe21adaccafb041b67aaae2e468a06e3a,0x17525891a4ed52520ad75dac8ed5f32a58be7993,BUY,No,97731991554168815398711686031656577665295688192843106167368967661811805944570,0xae3f5136860b205147f10c343a17e827f4c0a3264d5acca61218c1346dd0cf75,0.86,4.58,3.9388,1751702486,Will the US add between 150k and 200k jobs in July?
0x4ab92d444686b23aa959f760dad2f3197002c6b37efdbc7787d2385e8980c860,0x4df7da721042bf8b75bd1cb7acbeb7f83aaf522d,BUY,No,97731991554168815398711686031656577665295688192843106167368967661811805944570,0xae3f5136860b205147f10c343a17e827f4c0a3264d5acca61218c1346dd0cf75,0.8599999981,21.360464,18.36999899941512,1751694852,Will the US add between 150k and 200k jobs in July?
0x3054380449da64b8716b44228dc24da67eae763e6dc692aeac3f9ee3533640c7,0x2bb7e2e8d735cf7151015948b92a0e42781bb7d5,BUY,No,97731991554168815398711686031656577665295688192843106167368967661811805944570,0xae3f5136860b205147f10c343a17e827f4c0a3264d5acca61218c1346dd0cf75,0.859999996,5.046507,4.339995999813972,1751676932,Will the US add between 150k and 200k jobs in July?
0x1a571981bc4f7648930aa6c5d811c3497a4acf42524073ad832b6982afd2421d,0xd218e474776403a330142299f7796e8ba32eb5c9,BUY,No,97731991554168815398711686031656577665295688192843106167368967661811805944570,0xae3f5136860b205147f10c343a17e827f4c0a3264d5acca61218c1346dd0cf75,0.86,49,42.14,1751666493,Will the US add between 150k and 200k jobs in July?
0xe54e083bc26a588908b14e110d7048e29dcee90b52f1e40e7266f0a4266bddc2,0x8771a15ad99566170b4adb1f7271af7ed63f9ed0,BUY,Yes,44970984693446229163777814796761027650616244349974665674793478133682772047061,0xae3f5136860b205147f10c343a17e827f4c0a3264d5acca61218c1346dd0cf75,0.1679929204,119.05263,19.99999899500065,1751662697,Will the US add between 150k and 200k jobs in July?
0xee520c9c3863e19c6d4a0f348d2a896cad37161191d2db1b5e6e8b2892106ef0,0xd218e474776403a330142299f7796e8ba32eb5c9,BUY,No,97731991554168815398711686031656577665295688192843106167368967661811805944570,0xae3f5136860b205147f10c343a17e827f4c0a3264d5acca61218c1346dd0cf75,0.85,50,42.5,1751641573,Will the US add between 150k and 200k jobs in July?
0xc81853996c8eca5451fc33e672f6477b1b4b0378ec848139847f0fdad805dd1f,0x8d6e71d11eb99170f0166fb9b7b4e6dec82ff442,BUY,Yes,44970984693446229163777814796761027650616244349974665674793478133682772047061,0xae3f5136860b205147f10c343a17e827f4c0a3264d5acca61218c1346dd0cf75,0.24,5,1.2,1751634122,Will the US add between 150k and 200k jobs in July?
0xbc6c4c99169c1359ea40b913e36903c742a58c8af1e8fff4c1e12973612ae880,0xe8dd7741ccb12350957ec71e9ee332e0d1e6ec86,BUY,No,97731991554168815398711686031656577665295688192843106167368967661811805944570,0xae3f5136860b205147f10c343a17e827f4c0a3264d5acca61218c1346dd0cf75,0.8,40,32.0,1751631900,Will the US add between 150k and 200k jobs in July?
0x8547b9c0fdfed7efad1bd2678c71d6e5980aec8fe91987de78e92744021b730e,0x490f66ea703fc8fae19fd231c9921e3f4c0c17e5,BUY,No,97731991554168815398711686031656577665295688192843106167368967661811805944570,0xae3f5136860b205147f10c343a17e827f4c0a3264d5acca61218c1346dd0cf75,0.8,1.89,1.512,1751631900,Will the US add between 150k and 200k jobs in July?
0x143a18baafa362abc6b2f7ab3015d24749e9c343b70552068fccfa426d4dd113,0xd218e474776403a330142299f7796e8ba32eb5c9,BUY,No,97731991554168815398711686031656577665295688192843106167368967661811805944570,0xae3f5136860b205147f10c343a17e827f4c0a3264d5acca61218c1346dd0cf75,0.8,8.11,6.4879999999999995,1751616789,Will the US add between 150k and 200k jobs in July?
0x12f87ad3b37b063ad41189b7da2c64b46328cb441d3c5dcabc68e2f243b42bce,0x0ca13b829eef213bc16bf93aca93725653db73f0,BUY,Yes,44970984693446229163777814796761027650616244349974665674793478133682772047061,0xae3f5136860b205147f10c343a17e827f4c0a3264d5acca61218c1346dd0cf75,0.25,20,5.0,1751616297,Will the US add between 150k and 200k jobs in July?
0x64b9c884900f2b3da2ebde2e9e80ca436db6ba09ab729b3fe6c273c04a01f3f0,0xd218e474776403a330142299f7796e8ba32eb5c9,BUY,No,97731991554168815398711686031656577665295688192843106167368967661811805944570,0xae3f5136860b205147f10c343a17e827f4c0a3264d5acca61218c1346dd0cf75,0.79,20,15.8,1751616285,Will the US add between 150k and 200k jobs in July?
0xa730c203e473c4e88c705e547322d3a8c57a997949dc594be779dadd6a936b83,0xd218e474776403a330142299f7796e8ba32eb5c9,BUY,No,97731991554168815398711686031656577665295688192843106167368967661811805944570,0xae3f5136860b205147f10c343a17e827f4c0a3264d5acca61218c1346dd0cf75,0.79,30,23.700000000000003,1751616275,Will the US add between 150k and 200k jobs in July?
0x6c1a3ed0174cb204a3033820725c4c23a0bad6b6a9d01ddd9e5806d08a72cbca,0xd218e474776403a330142299f7796e8ba32eb5c9,BUY,No,97731991554168815398711686031656577665295688192843106167368967661811805944570,0xae3f5136860b205147f10c343a17e827f4c0a3264d5acca61218c1346dd0cf75,0.79,50,39.5,1751613685,Will the US add between 150k and 200k jobs in July?
0x64909210e40ad2ddd748ebfdc36d42e1469ca06b8d3f5a85b0dccbac26336e89,0xe8dd7741ccb12350957ec71e9ee332e0d1e6ec86,BUY,No,97731991554168815398711686031656577665295688192843106167368967661811805944570,0xae3f5136860b205147f10c343a17e827f4c0a3264d5acca61218c1346dd0cf75,0.79,50,39.5,1751613685,Will the US add between 150k and 200k jobs in July?
0x13a2d3ad822cd9b821f3e4b83751f3c4ffa43a5d83ea5a7d1defe80ca8c8b71d,0x9be90ea78bff3f81f3564a11d5e12b2a0783c030,BUY,No,97731991554168815398711686031656577665295688192843106167368967661811805944570,0xae3f5136860b205147f10c343a17e827f4c0a3264d5acca61218c1346dd0cf75,0.78,10,7.800000000000001,1751603673,Will the US add between 150k and 200k jobs in July?
