transaction_hash,wallet,side,outcome,asset_token_id,condition_id,price,size,usdc_size,timestamp,title
0x2271c7a7aafa08a38772fce1dc6c17dfbf483f65489fcc79b0800a2460882b48,0x4f2ba33b080882c0f6b296f48cfd07b6c326f448,BUY,No,103817554879098980143189456527608321905884757182906793330525824422625380941210,0xcaec99debca1fe002f7af5b3ff300edfcf84c7ab7e366b24c12316ba99ed302e,0.999,2182.86,2180.6771400000002,1730889102,Will a Democrat win South Dakota Presidential Election?
0x77d0a9f9ab60f5682dad5a0de5207cc42bcd902c4a3a1c118cdc391f0334ecf6,0x294d5627b8c1b91b75c9d00b801e677011367d08,SELL,Yes,105742278895779392184517567088147476702553818055925607866681628906726505150563,0xcaec99debca1fe002f7af5b3ff300edfcf84c7ab7e366b24c12316ba99ed302e,0.001,166.14,0.16613999999999998,1730888248,Will a Democrat win South Dakota Presidential Election?
0x9ef9b8ea8d07364c16340a97b2fd9ef7327f378c3da56490d4cf18538404efb3,0x5f390e4b7d6f06d6756a6c92afdbf7b3176aa78c,SELL,Yes,105742278895779392184517567088147476702553818055925607866681628906726505150563,0xcaec99debca1fe002f7af5b3ff300edfcf84c7ab7e366b24c12316ba99ed302e,0.002,55.9,0.1118,1730871819,Will a Democrat win South Dakota Presidential Election?
0xa170ae7934d65b925789a79a353e2f30bb63cadabaad945ebf33fe87784a946d,0x1f76546dd00dc4bb7da171cc97ecdd8b27972dc2,BUY,Yes,105742278895779392184517567088147476702553818055925607866681628906726505150563,0xcaec99debca1fe002f7af5b3ff300edfcf84c7ab7e366b24c12316ba99ed302e,0.005,12,0.06,1730841417,Will a Democrat win South Dakota Presidential Election?
0xc113c33e35fe3e798572650799ff9b0e83d19bead986fb58ea292aaca069fdb2,0x8a458670dd167dc112a9ff1241c9a6dd5f424a71,BUY,Yes,105742278895779392184517567088147476702553818055925607866681628906726505150563,0xcaec99debca1fe002f7af5b3ff300edfcf84c7ab7e366b24c12316ba99ed302e,0.0049801532,5823.114,28.9999998210648,1730817349,Will a Democrat win South Dakota Presidential Election?
0x23d072d272abf1127a6ff2cff394d25a1de4321fdb627fddb7f7ac354a6d986d,0x66f083b71939aaa85bb2bd939f503553a7c5c05d,BUY,No,103817554879098980143189456527608321905884757182906793330525824422625380941210,0xcaec99debca1fe002f7af5b3ff300edfcf84c7ab7e366b24c12316ba99ed302e,0.9969999917,0.120333,0.11997200000123609,1730799227,Will a Democrat win South Dakota Presidential Election?
0xd2b20e018ac4d22b86c8682c997fb149e464aa14643ffd25cf6c8919a16e500a,0xbbdf29e0ab5506cf97eeb3a53b4eb1d92ee762b4,BUY,No,103817554879098980143189456527608321905884757182906793330525824422625380941210,0xcaec99debca1fe002f7af5b3ff300edfcf84c7ab7e366b24c12316ba99ed302e,0.9969999933,0.150333,0.14988199999276888,1730797358,Will a Democrat win South Dakota Presidential Election?
0x23c14133c62d864555ace342b89b62ed604109384afe32fa458ba621adac907f,0xaaa82c1fa0e37990d4780d981f884992605a1447,BUY,No,103817554879098980143189456527608321905884757182906793330525824422625380941210,0xcaec99debca1fe002f7af5b3ff300edfcf84c7ab7e366b24c12316ba99ed302e,0.9969999933,0.150333,0.14988199999276888,1730753223,Will a Democrat win South Dakota Presidential Election?
0x03cc84511509890168b005df114710f5caf9318b86c42137b14f991aaa4d0029,0xc130ab67f8cf3766ce120c54806bbc53835511f7,BUY,No,103817554879098980143189456527608321905884757182906793330525824422625380941210,0xcaec99debca1fe002f7af5b3ff300edfcf84c7ab7e366b24c12316ba99ed302e,0.9969999923,0.130333,0.1299419999964359,1730748965,Will a Democrat win South Dakota Presidential Election?
0xc61a80ac96f84620242123e3190d9bcab5faec3398988e74b08c807f58b09af7,0xde7021e25532e77208d8e09d1471e2acc87fe43b,BUY,No,103817554879098980143189456527608321905884757182906793330525824422625380941210,0xcaec99debca1fe002f7af5b3ff300edfcf84c7ab7e366b24c12316ba99ed302e,0.9969999929,0.140333,0.1399120000036357,1730748457,Will a Democrat win South Dakota Presidential Election?
0x8316716128620a701429749de9d2b51ba679a09019298883bbd48a5a06054d4d,0xf65d57907d10311f00ff34c54fe3d7d2ee6fc70c,BUY,No,103817554879098980143189456527608321905884757182906793330525824422625380941210,0xcaec99debca1fe002f7af5b3ff300edfcf84c7ab7e366b24c12316ba99ed302e,0.9969999917,0.120333,0.11997200000123609,1730748193,Will a Democrat win South Dakota Presidential Election?
0x5b7b1721c75a48ae6a4e9e0a4e6d596e8f72fc4f899c1b63bda09381095a560d,0x4fbec63d38f60d5616e4f76d6cfa31dc845e1028,BUY,No,103817554879098980143189456527608321905884757182906793330525824422625380941210,0xcaec99debca1fe002f7af5b3ff300edfcf84c7ab7e366b24c12316ba99ed302e,0.9969999923,0.130333,0.1299419999964359,1730748023,Will a Democrat win South Dakota Presidential Election?
0x2bd66cebe11fd4bf1d32ce451670b935241a4396005025aefd5a288e420857b1,0x1bcf018d19d39d83ae98c9551ee4681a2e21c08b,BUY,No,103817554879098980143189456527608321905884757182906793330525824422625380941210,0xcaec99debca1fe002f7af5b3ff300edfcf84c7ab7e366b24c12316ba99ed302e,0.9969999923,0.130333,0.1299419999964359,1730747829,Will a Democrat win South Dakota Presidential Election?
0x0a069b9fba7a19740cfd9bb9d2018fbe696d297692bcdb9d90c7df60cecdadf6,0x0953a85a7843549ef334e4064d482f3f6f17ff6a,BUY,No,103817554879098980143189456527608321905884757182906793330525824422625380941210,0xcaec99debca1fe002f7af5b3ff300edfcf84c7ab7e366b24c12316ba99ed302e,0.9969999933,0.150333,0.14988199999276888,1730747615,Will a Democrat win South Dakota Presidential Election?
0x02882395de847763860dd1b407c3ffd3fc9105fedb6fc985d15ae32dfb599823,0xd6d4b3a1b3c06599c14e9783c463a769dbd320d6,BUY,No,103817554879098980143189456527608321905884757182906793330525824422625380941210,0xcaec99debca1fe002f7af5b3ff300edfcf84c7ab7e366b24c12316ba99ed302e,0.9969999923,0.130333,0.1299419999964359,1730746983,Will a Democrat win South Dakota Presidential Election?
0xbfe902fa9d707d5bc2a2aabf94af448f88527d5b22bf1af33b97bab05c137f30,0xd8dd06e1b193fb2c332b875e9e45070738fe891a,BUY,No,103817554879098980143189456527608321905884757182906793330525824422625380941210,0xcaec99debca1fe002f7af5b3ff300edfcf84c7ab7e366b24c12316ba99ed302e,0.9969999929,0.140333,0.1399120000036357,1730746931,Will a Democrat win South Dakota Presidential Election?
0xc0fd577f5048ed107db44ad18f57384e21e80cf6c4ee4513cb39353c9c261e39,0x9f10c2534fed3f36ebd0b1453212c977635d4f84,BUY,No,103817554879098980143189456527608321905884757182906793330525824422625380941210,0xcaec99debca1fe002f7af5b3ff300edfcf84c7ab7e366b24c12316ba99ed302e,0.9969999917,0.120333,0.11997200000123609,1730746761,Will a Democrat win South Dakota Presidential Election?
0x516fda8b52c9a76fcee988a07033a77bf13a44cc463d3d37714290924b0d2610,0xf95073e2314fa76ecfb32500ba1c336005641ce8,BUY,No,103817554879098980143189456527608321905884757182906793330525824422625380941210,0xcaec99debca1fe002f7af5b3ff300edfcf84c7ab7e366b24c12316ba99ed302e,0.9969998822,0.110329,0.10999800000324379,1730746442,Will a Democrat win South Dakota Presidential Election?
0xfa1081c28450be9afe51e7e991fdc800c4b606f3194a62e2974f5b210e51fdf2,0x573aa4c793e440e796053fb66296673bb153f250,BUY,No,103817554879098980143189456527608321905884757182906793330525824422625380941210,0xcaec99debca1fe002f7af5b3ff300edfcf84c7ab7e366b24c12316ba99ed302e,0.9969999923,0.130333,0.1299419999964359,1730741747,Will a Democrat win South Dakota Presidential Election?
0xc499f88969415b5dcd1a4f36d6bf382be23d1760922c20641b780fcddac55e99,0x9c21fa54bd6fcfbed588b13928d0bea5007d43c9,BUY,No,103817554879098980143189456527608321905884757182906793330525824422625380941210,0xcaec99debca1fe002f7af5b3ff300edfcf84c7ab7e366b24c12316ba99ed302e,0.9969998822,0.110329,0.10999800000324379,1730741537,Will a Democrat win South Dakota Presidential Election?
0xb283d09ae219fff4696aa2e49bc28641ba8f6a64df0a852972e581161da4b6b1,0x52d74cad656b4c9c50b897673e301bdb8d7c32c2,BUY,No,103817554879098980143189456527608321905884757182906793330525824422625380941210,0xcaec99debca1fe002f7af5b3ff300edfcf84c7ab7e366b24c12316ba99ed302e,0.9969999929,0.140333,0.1399120000036357,1730740729,Will a Democrat win South Dakota Presidential Election?
0x99332f7e5ed302097eafb4935eaf8b709cfedb5774fa7a67700aa02c4c733c72,0x20b58a09c2d3ae26475a8cc33236c647cc20af7c,BUY,No,103817554879098980143189456527608321905884757182906793330525824422625380941210,0xcaec99debca1fe002f7af5b3ff300edfcf84c7ab7e366b24c12316ba99ed302e,0.9969999933,0.150333,0.14988199999276888,1730740425,Will a Democrat win South Dakota Presidential Election?
0x17ffcd9de910340987bfb3446624fa045f30c7521dbd1474b1704e9bf469d80f,0xa949d72853af9e8e5bf2a55fa0dff994fe6c4231,BUY,No,103817554879098980143189456527608321905884757182906793330525824422625380941210,0xcaec99debca1fe002f7af5b3ff300edfcf84c7ab7e366b24c12316ba99ed302e,0.9969989731,0.100299,0.0999980000029569,1730739848,Will a Democrat win South Dakota Presidential Election?
0x8effcad4dd3c819fcf1384b5ccd218e08a9247f38a124cad46d51316cd96184c,0x922405659064c25d18a89446ca205567f55b56ab,BUY,No,103817554879098980143189456527608321905884757182906793330525824422625380941210,0xcaec99debca1fe002f7af5b3ff300edfcf84c7ab7e366b24c12316ba99ed302e,0.9969999923,0.130333,0.1299419999964359,1730739676,Will a Democrat win South Dakota Presidential Election?
0x36b612c669abf4f949bac4215781e2b1625425a184205453b323dc06262ab3c1,0x5146464a116bcd549555a99266a79ba103a9ad04,BUY,No,103817554879098980143189456527608321905884757182906793330525824422625380941210,0xcaec99debca1fe002f7af5b3ff300edfcf84c7ab7e366b24c12316ba99ed302e,0.9969989731,0.100299,0.0999980000029569,1730739240,Will a Democrat win South Dakota Presidential Election?
0x2599d5dc1cfa010d2e114c95b94d3701917d996f4e98a5919c6f858a8ae33fc6,0x2444ce0f26334948ad5d89bbfd1761ab891b38f4,BUY,No,103817554879098980143189456527608321905884757182906793330525824422625380941210,0xcaec99debca1fe002f7af5b3ff300edfcf84c7ab7e366b24c12316ba99ed302e,0.9969999917,0.120333,0.11997200000123609,1730738448,Will a Democrat win South Dakota Presidential Election?
0xdf67805a5ec5af212785b8c7dbc70377ef414f814053ed14f505fc7f5aafda7c,0x1599ff38267585d2415a65477d304229ac1d422e,BUY,No,103817554879098980143189456527608321905884757182906793330525824422625380941210,0xcaec99debca1fe002f7af5b3ff300edfcf84c7ab7e366b24c12316ba99ed302e,0.9969989731,0.100299,0.0999980000029569,1730737312,Will a Democrat win South Dakota Presidential Election?
0x3cae334f9678474028e6e2b92fa8dc29eff3d4171c2c173bdf887222f2538f31,0xa6cd5f737e95b501e7992ed832916f0b4c53be77,BUY,No,103817554879098980143189456527608321905884757182906793330525824422625380941210,0xcaec99debca1fe002f7af5b3ff300edfcf84c7ab7e366b24c12316ba99ed302e,0.9969999917,0.120333,0.11997200000123609,1730737136,Will a Democrat win South Dakota Presidential Election?
0xcc0cfc6d582cefcd66664adc96a1827a77d0903151230c1e0516d8e97b640cb2,0xa41d08f1341eed6dfc8f463bee3f28c44f146f19,BUY,No,103817554879098980143189456527608321905884757182906793330525824422625380941210,0xcaec99debca1fe002f7af5b3ff300edfcf84c7ab7e366b24c12316ba99ed302e,0.9969999917,0.120333,0.11997200000123609,1730735725,Will a Democrat win South Dakota Presidential Election?
0x5d7099a6f5b8dccf52bb66d218ee5cc961946d8c2d9da822106af015a77732fe,0xf3b17621f403ff331a76be5e322264df1027c44b,BUY,No,103817554879098980143189456527608321905884757182906793330525824422625380941210,0xcaec99debca1fe002f7af5b3ff300edfcf84c7ab7e366b24c12316ba99ed302e,0.9969999917,0.120333,0.11997200000123609,1730735247,Will a Democrat win South Dakota Presidential Election?
0x98ed4ad1341c98867c4365c31e8c361f158449b000243bff549cbf2d4d9b1ea3,0x071575f51a5dbf4e5eaae695612204817bc062cc,BUY,No,103817554879098980143189456527608321905884757182906793330525824422625380941210,0xcaec99debca1fe002f7af5b3ff300edfcf84c7ab7e366b24c12316ba99ed302e,0.9969999933,0.150333,0.14988199999276888,1730735105,Will a Democrat win South Dakota Presidential Election?
0x0a2d65cf2c8e2be80d97e87948181921aa4d6414827ba0f4b8446c0136983779,0x60f78610d68e47c1480b6a9f87a932399364fd36,BUY,No,103817554879098980143189456527608321905884757182906793330525824422625380941210,0xcaec99debca1fe002f7af5b3ff300edfcf84c7ab7e366b24c12316ba99ed302e,0.9969998822,0.110329,0.10999800000324379,1730734759,Will a Democrat win South Dakota Presidential Election?
0xe9a1c18f110c92a13af02041c728fac08ed954cf0a02152410863587516e13ef,0x8c3feae4c016baa9e937062bb4dc3451f59f190f,BUY,No,103817554879098980143189456527608321905884757182906793330525824422625380941210,0xcaec99debca1fe002f7af5b3ff300edfcf84c7ab7e366b24c12316ba99ed302e,0.9969999923,0.130333,0.1299419999964359,1730731974,Will a Democrat win South Dakota Presidential Election?
0x3d284daef4eb832add83195f165d6a86cb43207f01058489f46188ef359ca7ae,0x7ac0f916665de8791e1593e98113b32be34791fb,BUY,No,103817554879098980143189456527608321905884757182906793330525824422625380941210,0xcaec99debca1fe002f7af5b3ff300edfcf84c7ab7e366b24c12316ba99ed302e,0.9969999929,0.140333,0.1399120000036357,1730731882,Will a Democrat win South Dakota Presidential Election?
0x2e05b5182f82274ff1c3c97d451e9ff7454ac5197c466c73711df27daedd2fe7,0xbbdf29e0ab5506cf97eeb3a53b4eb1d92ee762b4,BUY,No,103817554879098980143189456527608321905884757182906793330525824422625380941210,0xcaec99debca1fe002f7af5b3ff300edfcf84c7ab7e366b24c12316ba99ed302e,0.9969999917,0.120333,0.11997200000123609,1730731676,Will a Democrat win South Dakota Presidential Election?
0x6d9507c7ae2a08e51b0b3f4725fa0c6b830c5bbcabf3a0693d70ce86a3227a6e,0x7dad9c083937e162231531e674b8171623761d73,BUY,No,103817554879098980143189456527608321905884757182906793330525824422625380941210,0xcaec99debca1fe002f7af5b3ff300edfcf84c7ab7e366b24c12316ba99ed302e,0.9969989731,0.100299,0.0999980000029569,1730731202,Will a Democrat win South Dakota Presidential Election?
0x73bf0336391682ad33340e90f1eb1c89382c10abced8aaaab64d37c017f8f7e5,0x6a7815a96aae08f5043f1588308975b31912f36d,BUY,No,103817554879098980143189456527608321905884757182906793330525824422625380941210,0xcaec99debca1fe002f7af5b3ff300edfcf84c7ab7e366b24c12316ba99ed302e,0.9969999917,0.120333,0.11997200000123609,1730730936,Will a Democrat win South Dakota Presidential Election?
0x5f4795459da1102978897e0c162bcae7856ef6aa1fe17d328794008a673dc146,0xbe3c00e7f5bace6bd97751a983d5b2648b9b32d0,BUY,No,103817554879098980143189456527608321905884757182906793330525824422625380941210,0xcaec99debca1fe002f7af5b3ff300edfcf84c7ab7e366b24c12316ba99ed302e,0.9969989731,0.100299,0.0999980000029569,1730730414,Will a Democrat win South Dakota Presidential Election?
0x34968c595bee46dcb9db53b52bf0d9c380e8637e650d9e27325aed3bda664d57,0x06262e48ef6b069da0da3ab8e587f5dd2c00703a,BUY,No,103817554879098980143189456527608321905884757182906793330525824422625380941210,0xcaec99debca1fe002f7af5b3ff300edfcf84c7ab7e366b24c12316ba99ed302e,0.9969999923,0.130333,0.1299419999964359,1730729842,Will a Democrat win South Dakota Presidential Election?
0xae3140a6cc21d28b65d4ad4f17a80b4a97ab95e68e454df698216dfafb8513f8,0x6099c41017de0f6b6aeac49d1cdd2290133aa152,BUY,No,103817554879098980143189456527608321905884757182906793330525824422625380941210,0xcaec99debca1fe002f7af5b3ff300edfcf84c7ab7e366b24c12316ba99ed302e,0.9969999923,0.130333,0.1299419999964359,1730724120,Will a Democrat win South Dakota Presidential Election?
0x8942b2f9ac55572dccf67f026b570de2c31dae60bdc086f2c18a0dd2b732eff8,0xacf40bdc304271119d2fdcd2afd4246b1ec3ebce,BUY,No,103817554879098980143189456527608321905884757182906793330525824422625380941210,0xcaec99debca1fe002f7af5b3ff300edfcf84c7ab7e366b24c12316ba99ed302e,0.9969999923,0.130333,0.1299419999964359,1730723652,Will a Democrat win South Dakota Presidential Election?
0x0ef47f7b57bc71aa36ba2362045b3b92a05e3a3c0a0b6821163389bf11e0c895,0x3f9584b7139ff363dde146feb17b4c4c34a1ab43,BUY,No,103817554879098980143189456527608321905884757182906793330525824422625380941210,0xcaec99debca1fe002f7af5b3ff300edfcf84c7ab7e366b24c12316ba99ed302e,0.9969999917,0.120333,0.11997200000123609,1730723438,Will a Democrat win South Dakota Presidential Election?
0x5d3a2db686d5ea34032e8a650954a8f3bb0e3de7ab1800c1a1f968dc5d11b5d8,0x401746a3bcd88d2b8f954904c4548024d86a862b,BUY,No,103817554879098980143189456527608321905884757182906793330525824422625380941210,0xcaec99debca1fe002f7af5b3ff300edfcf84c7ab7e366b24c12316ba99ed302e,0.9969999929,0.140333,0.1399120000036357,1730723434,Will a Democrat win South Dakota Presidential Election?
0xf800cba11e3a341fd7adb3d620ddd1e35f0337126e80910c98f5bc991423da6e,0x0fb11d27fd6afa18c6f3fb086ff249ea4b12ec1e,BUY,No,103817554879098980143189456527608321905884757182906793330525824422625380941210,0xcaec99debca1fe002f7af5b3ff300edfcf84c7ab7e366b24c12316ba99ed302e,0.9969999923,0.130333,0.1299419999964359,1730722582,Will a Democrat win South Dakota Presidential Election?
0x61d042db005093eff374f40fc0031618768c0bff95c3bfe74ff2f15106064bdc,0xb40ce1a7f349ffb9328aceff9322a1a089ee61fe,BUY,No,103817554879098980143189456527608321905884757182906793330525824422625380941210,0xcaec99debca1fe002f7af5b3ff300edfcf84c7ab7e366b24c12316ba99ed302e,0.9969999933,0.150333,0.14988199999276888,1730720944,Will a Democrat win South Dakota Presidential Election?
0x5b64e8637a41239f2d0b0ed0b58b0853c22007044bae9d174206b1246f62d8dc,0xf86149ccf34243b619489d4ce5510d7a027ee013,BUY,No,103817554879098980143189456527608321905884757182906793330525824422625380941210,0xcaec99debca1fe002f7af5b3ff300edfcf84c7ab7e366b24c12316ba99ed302e,0.9969998822,0.110329,0.10999800000324379,1730720690,Will a Democrat win South Dakota Presidential Election?
0x4d28bbf0d52fa62862e7a7ebd6f444cfd567d221dd179d3496194e1442463035,0xcd2bca706cbaa083600173c503500085a8aee3b1,BUY,No,103817554879098980143189456527608321905884757182906793330525824422625380941210,0xcaec99debca1fe002f7af5b3ff300edfcf84c7ab7e366b24c12316ba99ed302e,0.997,101.083,100.779751,1730720640,Will a Democrat win South Dakota Presidential Election?
0x907ef85bc4fdb87c9f2a85678e23f344ce094d438200d82dc431bcb7eea2e325,0xcd52da7c4f0885c24ab956807eaab99b0ae61889,BUY,No,103817554879098980143189456527608321905884757182906793330525824422625380941210,0xcaec99debca1fe002f7af5b3ff300edfcf84c7ab7e366b24c12316ba99ed302e,0.9969999929,0.140333,0.1399120000036357,1730720144,Will a Democrat win South Dakota Presidential Election?
0x7ba6bfed111d566975aca826be23a930a03b82aa1ebf95b86decd6edf167f4f3,0x4e112cf401b2b8e7836239f76d17deb59f197e3c,BUY,No,103817554879098980143189456527608321905884757182906793330525824422625380941210,0xcaec99debca1fe002f7af5b3ff300edfcf84c7ab7e366b24c12316ba99ed302e,0.9969999923,0.130333,0.1299419999964359,1730719639,Will a Democrat win South Dakota Presidential Election?
0x79dab77dd7858ffd4b1e7902d38fe89e34a189fe9e09deafca32d1aca43beb35,0x07f0ab9484c9045d8c3692f3d46eba53c260927d,BUY,No,103817554879098980143189456527608321905884757182906793330525824422625380941210,0xcaec99debca1fe002f7af5b3ff300edfcf84c7ab7e366b24c12316ba99ed302e,0.9969999929,0.140333,0.1399120000036357,1730718785,Will a Democrat win South Dakota Presidential Election?
0x909e0c0971a5415b44eed00aad789d6d7245f137722aba34dcfc3f1e67d32c16,0xae761d28bfd6aebc2cfcf1c8d6afd1bfd7abdda9,BUY,No,103817554879098980143189456527608321905884757182906793330525824422625380941210,0xcaec99debca1fe002f7af5b3ff300edfcf84c7ab7e366b24c12316ba99ed302e,0.9969998822,0.110329,0.10999800000324379,1730717811,Will a Democrat win South Dakota Presidential Election?
0x5a20da87576c8e3de58ce7863256d5a51bc4773e21165f2040da24e51b8ff651,0xd25a806f0b2be1742b8ae4b5a059ba668ae877e1,BUY,No,103817554879098980143189456527608321905884757182906793330525824422625380941210,0xcaec99debca1fe002f7af5b3ff300edfcf84c7ab7e366b24c12316ba99ed302e,0.9969999917,0.120333,0.11997200000123609,1730717789,Will a Democrat win South Dakota Presidential Election?
0x0ef489670d1a048763bded8f49879c26209376306e9386284eb006044fa532a6,0x58e64f9c5cbee71006aa2217e1510487199c3d6e,BUY,No,103817554879098980143189456527608321905884757182906793330525824422625380941210,0xcaec99debca1fe002f7af5b3ff300edfcf84c7ab7e366b24c12316ba99ed302e,0.9969998822,0.110329,0.10999800000324379,1730717065,Will a Democrat win South Dakota Presidential Election?
0x1c301f13b7bc430b4e86b8ac5b0f70e7087054eae9bb074e1493e96291c4ad00,0xe43bfdb334d4309071ce640a394ed46797f47b03,BUY,No,103817554879098980143189456527608321905884757182906793330525824422625380941210,0xcaec99debca1fe002f7af5b3ff300edfcf84c7ab7e366b24c12316ba99ed302e,0.9969999923,0.130333,0.1299419999964359,1730716925,Will a Democrat win South Dakota Presidential Election?
0xdc064235e3f841f24431c708cc6ff412739b0cb006a89abbcf621d76034703fa,0xaacd96ea8369304496ef3a77ecbbdfff94c2aa72,BUY,No,103817554879098980143189456527608321905884757182906793330525824422625380941210,0xcaec99debca1fe002f7af5b3ff300edfcf84c7ab7e366b24c12316ba99ed302e,0.9969989731,0.100299,0.0999980000029569,1730716859,Will a Democrat win South Dakota Presidential Election?
0x584411001ae5bc68923863cf491b6103205a261d52a4070d3a5370eaa6dba9c4,0xad48bef3bf64aac5df62a6f61fb5f09792966a3c,BUY,No,103817554879098980143189456527608321905884757182906793330525824422625380941210,0xcaec99debca1fe002f7af5b3ff300edfcf84c7ab7e366b24c12316ba99ed302e,0.9969999917,0.120333,0.11997200000123609,1730716023,Will a Democrat win South Dakota Presidential Election?
0x50a5c9c7283fb3463a5a8f5bab701f553fb7b24238e9c5aa7e2b57ffbba4b655,0xf7f4501c68a1ba3e0076cab20700def47efe9cd4,BUY,No,103817554879098980143189456527608321905884757182906793330525824422625380941210,0xcaec99debca1fe002f7af5b3ff300edfcf84c7ab7e366b24c12316ba99ed302e,0.9969999929,0.140333,0.1399120000036357,1730715565,Will a Democrat win South Dakota Presidential Election?
0xc0888c7f36a9b738e2d3d5425b4f1c68d3a4099761c682435a8d97e717431e6b,0xa0534a431db2a74f55c01a5ccb54e6daf6b8a3a4,BUY,No,103817554879098980143189456527608321905884757182906793330525824422625380941210,0xcaec99debca1fe002f7af5b3ff300edfcf84c7ab7e366b24c12316ba99ed302e,0.9969999917,0.120333,0.11997200000123609,1730715429,Will a Democrat win South Dakota Presidential Election?
0x89af381ec430f769d678b4f098b90b361c78641ab61fcd245a1dc3ce96ff075b,0xf85b6a5dc64f0d9b55b86057f866f4b4e15b891f,BUY,No,103817554879098980143189456527608321905884757182906793330525824422625380941210,0xcaec99debca1fe002f7af5b3ff300edfcf84c7ab7e366b24c12316ba99ed302e,0.9969989731,0.100299,0.0999980000029569,1730715195,Will a Democrat win South Dakota Presidential Election?
0xd14854d36e9c2fd3f969bdfedba253ba46b7620192aae4eddc9bd9f6688a60e4,0x07ed7fa9067fa01c56e2a34772cdb64d4a984648,BUY,No,103817554879098980143189456527608321905884757182906793330525824422625380941210,0xcaec99debca1fe002f7af5b3ff300edfcf84c7ab7e366b24c12316ba99ed302e,0.9969999929,0.140333,0.1399120000036357,1730715033,Will a Democrat win South Dakota Presidential Election?
0x740958cc5fdc2d23597969c4ab03daa1f92c51883f9720c5afc5f5f91cd2e4d1,0xd774f93efcdb7aa620f265c79dbff458fce102dd,BUY,No,103817554879098980143189456527608321905884757182906793330525824422625380941210,0xcaec99debca1fe002f7af5b3ff300edfcf84c7ab7e366b24c12316ba99ed302e,0.9969999933,0.150333,0.14988199999276888,1730714373,Will a Democrat win South Dakota Presidential Election?
0x4f1a5acbf6b46837546888744fd34e5f494f4e862a1b6174a02994596b1fc477,0xf79d1fa6cf2b1d61c213a3ca53d56e1956f6970c,BUY,No,103817554879098980143189456527608321905884757182906793330525824422625380941210,0xcaec99debca1fe002f7af5b3ff300edfcf84c7ab7e366b24c12316ba99ed302e,0.9969998822,0.110329,0.10999800000324379,1730713721,Will a Democrat win South Dakota Presidential Election?
0x35f69d412a2d3ab94cedba826ecbc6d0a8ffb66b45ad9b00ed410071b138a085,0x89cb7dc109c7989be8cd5a53736b6470622757c6,BUY,No,103817554879098980143189456527608321905884757182906793330525824422625380941210,0xcaec99debca1fe002f7af5b3ff300edfcf84c7ab7e366b24c12316ba99ed302e,0.9969989731,0.100299,0.0999980000029569,1730713671,Will a Democrat win South Dakota Presidential Election?
0x133ef29d4f0179e75181cab49e6154c111c6b279480da84f1fccbb2eaf7934ab,0xe51c923a5ffdec1eead14464588b3f2b2959ea66,BUY,No,103817554879098980143189456527608321905884757182906793330525824422625380941210,0xcaec99debca1fe002f7af5b3ff300edfcf84c7ab7e366b24c12316ba99ed302e,0.9969999917,0.120333,0.11997200000123609,1730713411,Will a Democrat win South Dakota Presidential Election?
0x843fba13c1caf512b8b5bd12552c8cd3de4eb9f92402e1ffb05daa3a87f1a0af,0xbd0ca5c977b8314a1d2a76e3d82eb8fd5bc8dbb8,BUY,No,103817554879098980143189456527608321905884757182906793330525824422625380941210,0xcaec99debca1fe002f7af5b3ff300edfcf84c7ab7e366b24c12316ba99ed302e,0.9969999917,0.120333,0.11997200000123609,1730713395,Will a Democrat win South Dakota Presidential Election?
0xd2471d11df597aa448d0ba347f8c18a74382269b920f0015c88bf96fa18cf12f,0xcb76ac20653bc4ff0084403978441b64c322b74e,BUY,No,103817554879098980143189456527608321905884757182906793330525824422625380941210,0xcaec99debca1fe002f7af5b3ff300edfcf84c7ab7e366b24c12316ba99ed302e,0.9969999923,0.130333,0.1299419999964359,1730713269,Will a Democrat win South Dakota Presidential Election?
0x30b2d807f38c5bdcd2781a1a95cf5769830be2a1c49b9a1982232b6daee4117b,0x31c6624313f07a86831e0fc46cc2064ee6386e15,BUY,No,103817554879098980143189456527608321905884757182906793330525824422625380941210,0xcaec99debca1fe002f7af5b3ff300edfcf84c7ab7e366b24c12316ba99ed302e,0.9969999923,0.130333,0.1299419999964359,1730712849,Will a Democrat win South Dakota Presidential Election?
0x692456f3c8237dbe4432826c2d67b711fcf329511faf0da6d02379d5c399811f,0x9f0899775d04b879d714a9f21805cdb4da9e7797,BUY,No,103817554879098980143189456527608321905884757182906793330525824422625380941210,0xcaec99debca1fe002f7af5b3ff300edfcf84c7ab7e366b24c12316ba99ed302e,0.9969999917,0.120333,0.11997200000123609,1730712063,Will a Democrat win South Dakota Presidential Election?
0xdcb364f44db39f1ea9296151a8afdf4afb402df0132921e5d1630fbdce6b30bf,0x02d58f90daf92fd127dd5fbcb58413a6f4558813,BUY,No,103817554879098980143189456527608321905884757182906793330525824422625380941210,0xcaec99debca1fe002f7af5b3ff300edfcf84c7ab7e366b24c12316ba99ed302e,0.9969999917,0.120333,0.11997200000123609,1730711893,Will a Democrat win South Dakota Presidential Election?
0x60f6f532da662596d9aeab38fb90a41176af3cefe88aaaa33aea267d444dc305,0x51a2322846b5030ac00c9869fe54778ec41ee800,BUY,No,103817554879098980143189456527608321905884757182906793330525824422625380941210,0xcaec99debca1fe002f7af5b3ff300edfcf84c7ab7e366b24c12316ba99ed302e,0.9969999923,0.130333,0.1299419999964359,1730711721,Will a Democrat win South Dakota Presidential Election?
0xef1caa0cd86bf929ad49c38a5f5ab0b8b9b4b64e35011e665f8a87c29933034e,0x1ba38dc0d74fe2e92f581d233bc52b40f590597f,BUY,No,103817554879098980143189456527608321905884757182906793330525824422625380941210,0xcaec99debca1fe002f7af5b3ff300edfcf84c7ab7e366b24c12316ba99ed302e,0.9969998822,0.110329,0.10999800000324379,1730711145,Will a Democrat win South Dakota Presidential Election?
0x3b59fcd404c44e73e617999be2ab865b6a608a27afdce23ec9621f74b049e461,0xfc13a7bb84f06b741c6a6079efc883d472f1c044,BUY,No,103817554879098980143189456527608321905884757182906793330525824422625380941210,0xcaec99debca1fe002f7af5b3ff300edfcf84c7ab7e366b24c12316ba99ed302e,0.9969999917,0.120333,0.11997200000123609,1730710925,Will a Democrat win South Dakota Presidential Election?
0x51cea59e066713f336ce89fe1c7eb4346968e8b39bedd415e2ce99f3569de986,0x3a69a078f7f9bdeb5e85695d90531058d03077a4,BUY,No,103817554879098980143189456527608321905884757182906793330525824422625380941210,0xcaec99debca1fe002f7af5b3ff300edfcf84c7ab7e366b24c12316ba99ed302e,0.9969999923,0.130333,0.1299419999964359,1730710815,Will a Democrat win South Dakota Presidential Election?
0xe6d1ad3711f9da36bb796a18e3979ebdbbc815dd35131a49a86891b3a966caa4,0xcc27848c4fe0ce4d71fcfb45741213923c61b66a,BUY,No,103817554879098980143189456527608321905884757182906793330525824422625380941210,0xcaec99debca1fe002f7af5b3ff300edfcf84c7ab7e366b24c12316ba99ed302e,0.9969999917,0.120333,0.11997200000123609,1730710653,Will a Democrat win South Dakota Presidential Election?
0xbaeb21524f8172fa6becee603764f35d708548b22374d1285872db2d55c32f2d,0xe122f691c6c9df31741c071048311d9a078abf00,BUY,No,103817554879098980143189456527608321905884757182906793330525824422625380941210,0xcaec99debca1fe002f7af5b3ff300edfcf84c7ab7e366b24c12316ba99ed302e,0.9969999923,0.130333,0.1299419999964359,1730710011,Will a Democrat win South Dakota Presidential Election?
0x321f772d5963e2e6af3aed76bd23e4d2e89eab81f2bde0c23c62e15ac7be8b2d,0xed900ccfe7a302636c5210fa8332543e6cae800e,BUY,No,103817554879098980143189456527608321905884757182906793330525824422625380941210,0xcaec99debca1fe002f7af5b3ff300edfcf84c7ab7e366b24c12316ba99ed302e,0.9969999917,0.120333,0.11997200000123609,1730709647,Will a Democrat win South Dakota Presidential Election?
0x024769bb0eeffd1fea0b7313ce6307a2a19b525f45168ab881e9e85d48b0dc11,0x386dad48f31caa507aa3105b2bf9263bc132dc79,BUY,No,103817554879098980143189456527608321905884757182906793330525824422625380941210,0xcaec99debca1fe002f7af5b3ff300edfcf84c7ab7e366b24c12316ba99ed302e,0.9969999917,0.120333,0.11997200000123609,1730709487,Will a Democrat win South Dakota Presidential Election?
0x5c3c9d4fd63d6ae08dd59103c5b21cf1c094bb3b1500284e1410b84b601b2fcd,0xaf0d57ad371ffdfc069a4e07f400aa8caeecc5ad,BUY,No,103817554879098980143189456527608321905884757182906793330525824422625380941210,0xcaec99debca1fe002f7af5b3ff300edfcf84c7ab7e366b24c12316ba99ed302e,0.9969999923,0.130333,0.1299419999964359,1730709423,Will a Democrat win South Dakota Presidential Election?
0x2468b3eecc580f398990eb38b74bca43774738cf24e10da7fb03dfcd371af8c2,0xc0a8a731bc616035e39e859a220e17913891181f,BUY,No,103817554879098980143189456527608321905884757182906793330525824422625380941210,0xcaec99debca1fe002f7af5b3ff300edfcf84c7ab7e366b24c12316ba99ed302e,0.9969999917,0.120333,0.11997200000123609,1730708145,Will a Democrat win South Dakota Presidential Election?
0x64cfab07d08ecbb9e5a8fbb9841bc072a5684b39690e2a01a4cbca14f423182f,0x08c764624900d43af0961f01211a210e161eea10,BUY,No,103817554879098980143189456527608321905884757182906793330525824422625380941210,0xcaec99debca1fe002f7af5b3ff300edfcf84c7ab7e366b24c12316ba99ed302e,0.9969998822,0.110329,0.10999800000324379,1730707917,Will a Democrat win South Dakota Presidential Election?
0x7df9637f74c41a9d0738e5b2a66ac9e6ea288f0daae1aeb29a8efb587acec87c,0xe6544878feb65e50fecd6c5830b6a06a817e87a9,BUY,No,103817554879098980143189456527608321905884757182906793330525824422625380941210,0xcaec99debca1fe002f7af5b3ff300edfcf84c7ab7e366b24c12316ba99ed302e,0.9969999917,0.120333,0.11997200000123609,1730707737,Will a Democrat win South Dakota Presidential Election?
0xaa2513774b35f9b96dad4650253393f0b419c7d918c1a390247695d7afdb2344,0xda8e44e333703778e7a1377a88c248cc1d8790f9,BUY,No,103817554879098980143189456527608321905884757182906793330525824422625380941210,0xcaec99debca1fe002f7af5b3ff300edfcf84c7ab7e366b24c12316ba99ed302e,0.9969999917,0.120333,0.11997200000123609,1730707425,Will a Democrat win South Dakota Presidential Election?
0xf2d2f714723e5b0058d6e0d44fb386add6736fd67054501bbb92ad5979fa0224,0xcb41288f57efe391985a0fbfcd687292e7c4d239,BUY,No,103817554879098980143189456527608321905884757182906793330525824422625380941210,0xcaec99debca1fe002f7af5b3ff300edfcf84c7ab7e366b24c12316ba99ed302e,0.9969999929,0.140333,0.1399120000036357,1730707119,Will a Democrat win South Dakota Presidential Election?
0x2faf0a1e6e5a5b05d24ef529f673d8e1584df2ae2e252ae81f50d10bd8d41767,0xe9c1fe0e7f8c2862680ad6c044a168620d45c174,BUY,No,103817554879098980143189456527608321905884757182906793330525824422625380941210,0xcaec99debca1fe002f7af5b3ff300edfcf84c7ab7e366b24c12316ba99ed302e,0.9969999933,0.150333,0.14988199999276888,1730706405,Will a Democrat win South Dakota Presidential Election?
0x7f9e2bf95dfdfe5c1f28a5aa16d40096ddb5ade3ac796160bccbc9c2fc5354df,0x7b48d1adab512eab6f3ad0a6b9b18a41855e5dc9,BUY,No,103817554879098980143189456527608321905884757182906793330525824422625380941210,0xcaec99debca1fe002f7af5b3ff300edfcf84c7ab7e366b24c12316ba99ed302e,0.9969999923,0.130333,0.1299419999964359,1730705483,Will a Democrat win South Dakota Presidential Election?
0xb15a6261fd8569cdaa3097131323417472b37acb0237baffec9fccc9faf46e96,0x94a89dcbd3b1617deaab528fcb92e7209130aaeb,BUY,No,103817554879098980143189456527608321905884757182906793330525824422625380941210,0xcaec99debca1fe002f7af5b3ff300edfcf84c7ab7e366b24c12316ba99ed302e,0.9969998822,0.110329,0.10999800000324379,1730705163,Will a Democrat win South Dakota Presidential Election?
0x7b6e0d3ea9f717b80287c337141ef57e466affb66b1ff77e2c62434dffb05241,0x5d66bdef7d9cc79bd12e3388146a6325d61e77dc,BUY,No,103817554879098980143189456527608321905884757182906793330525824422625380941210,0xcaec99debca1fe002f7af5b3ff300edfcf84c7ab7e366b24c12316ba99ed302e,0.9969999923,0.130333,0.1299419999964359,1730705125,Will a Democrat win South Dakota Presidential Election?
0x62fea315043471f069422a0a097add926473909d5cdfac9b817bbced4cbaf572,0x6cb6f3d42816ccaeda4999b96e516d491b85f74b,BUY,No,103817554879098980143189456527608321905884757182906793330525824422625380941210,0xcaec99debca1fe002f7af5b3ff300edfcf84c7ab7e366b24c12316ba99ed302e,0.9969999929,0.140333,0.1399120000036357,1730704479,Will a Democrat win South Dakota Presidential Election?
0x7c49975afc91e9e1c57b7d62aa84ec7bd6ab4b88a627600d5105b6726c3ec7ed,0xb449bcd5e0fea8e83725740120fb3e9b4c9da00a,BUY,No,103817554879098980143189456527608321905884757182906793330525824422625380941210,0xcaec99debca1fe002f7af5b3ff300edfcf84c7ab7e366b24c12316ba99ed302e,0.9969999929,0.140333,0.1399120000036357,1730704033,Will a Democrat win South Dakota Presidential Election?
0x2b3bee965de0d914f9a077f930c91d0c9cc3e1430959899bad7088c11a818905,0x28967ec55dcd712bc759ed39b676ef06f9ef1301,BUY,No,103817554879098980143189456527608321905884757182906793330525824422625380941210,0xcaec99debca1fe002f7af5b3ff300edfcf84c7ab7e366b24c12316ba99ed302e,0.9969999917,0.120333,0.11997200000123609,1730703779,Will a Democrat win South Dakota Presidential Election?
0x1602ae2584d8cb104dcb3d7b07515993159530bba4c946d49729c8fbc9e6111d,0x7afccf92d0662dfb01904d07c891e7f6ed84c7d2,BUY,No,103817554879098980143189456527608321905884757182906793330525824422625380941210,0xcaec99debca1fe002f7af5b3ff300edfcf84c7ab7e366b24c12316ba99ed302e,0.9969999929,0.140333,0.1399120000036357,1730703773,Will a Democrat win South Dakota Presidential Election?
0xe1d76ce25fb4f560abfbe10ba14b976158d8aa6371c237a632519d9c07bb9d19,0x042c99cd1a58ee9dc89c12bc269a0e22347d6fd3,BUY,No,103817554879098980143189456527608321905884757182906793330525824422625380941210,0xcaec99debca1fe002f7af5b3ff300edfcf84c7ab7e366b24c12316ba99ed302e,0.9969998822,0.110329,0.10999800000324379,1730702934,Will a Democrat win South Dakota Presidential Election?
0xaefb2b6ca05b6afc56524104045d6ea00e9887f53b32e2bb5e5606fd008b4d1a,0x43d9d2024b57d61479d25d4bc802bfa9cc510e82,BUY,No,103817554879098980143189456527608321905884757182906793330525824422625380941210,0xcaec99debca1fe002f7af5b3ff300edfcf84c7ab7e366b24c12316ba99ed302e,0.9969998822,0.110329,0.10999800000324379,1730702604,Will a Democrat win South Dakota Presidential Election?
0xa6da4b42d710f02fbf78d9468460ca8bbfb8470e02bdc29426994df8ed592f1a,0xd38a794a1cfac362a245a9b28aabeb35088b1c97,BUY,No,103817554879098980143189456527608321905884757182906793330525824422625380941210,0xcaec99debca1fe002f7af5b3ff300edfcf84c7ab7e366b24c12316ba99ed302e,0.9969999933,0.150333,0.14988199999276888,1730702150,Will a Democrat win South Dakota Presidential Election?
0xeca2e0679f5b58e68ca014e2adfd1b2bd69593cb176c441c1691e300953c8dd7,0xdc7e48013d3d1a61d37cf4fb36ab949abbede205,BUY,No,103817554879098980143189456527608321905884757182906793330525824422625380941210,0xcaec99debca1fe002f7af5b3ff300edfcf84c7ab7e366b24c12316ba99ed302e,0.998,0.1,0.0998,1730701500,Will a Democrat win South Dakota Presidential Election?
0xf7e4afc85e5605c1248652bf5a50911da263286699cd964a3ebd7e70cbc17902,0x18e58f930a2098c62e396a17d372b8cdac412169,BUY,No,103817554879098980143189456527608321905884757182906793330525824422625380941210,0xcaec99debca1fe002f7af5b3ff300edfcf84c7ab7e366b24c12316ba99ed302e,0.9969999929,0.140333,0.1399120000036357,1730701490,Will a Democrat win South Dakota Presidential Election?
0x2917b67f947b22d45375d531f3dfa772f52fbd4d61f82ff7aa6251feb8a9cde8,0x4421f89d12016e64d39700761327198d8b8d8332,BUY,No,103817554879098980143189456527608321905884757182906793330525824422625380941210,0xcaec99debca1fe002f7af5b3ff300edfcf84c7ab7e366b24c12316ba99ed302e,0.9969999917,0.120333,0.11997200000123609,1730701306,Will a Democrat win South Dakota Presidential Election?
0x5dd3ca99347b454915eebf6240467b195b91d45f453fa85ce40996a6f5b6c08f,0xd9473a2b2c00a55424178b9e3461d72b37d0a039,BUY,No,103817554879098980143189456527608321905884757182906793330525824422625380941210,0xcaec99debca1fe002f7af5b3ff300edfcf84c7ab7e366b24c12316ba99ed302e,0.9969998822,0.110329,0.10999800000324379,1730701050,Will a Democrat win South Dakota Presidential Election?
0x16bc33b158edaaab1917ad92ec727310cab089a559839e6cfefc8b43e116ab39,0x98b2152d87cef7495f787e1435fb57a8fa2bbbc2,BUY,No,103817554879098980143189456527608321905884757182906793330525824422625380941210,0xcaec99debca1fe002f7af5b3ff300edfcf84c7ab7e366b24c12316ba99ed302e,0.9969999923,0.130333,0.1299419999964359,1730700173,Will a Democrat win South Dakota Presidential Election?
0xfa648c291bb865b13fe38d7e21e525b1e4667bbfdc8e4f7bdfaf11ca4befe243,0x6847d69ab49bb3c99b636c469ffa749a7c3dc47b,BUY,No,103817554879098980143189456527608321905884757182906793330525824422625380941210,0xcaec99debca1fe002f7af5b3ff300edfcf84c7ab7e366b24c12316ba99ed302e,0.9969998822,0.110329,0.10999800000324379,1730699555,Will a Democrat win South Dakota Presidential Election?
0x23be2da75c0099a7138614a671543840ed551d9eb8bd9de3b00cec82bba8e8f5,0x2be6f2435cb4ee2d89b03175d94426fd5043e153,BUY,No,103817554879098980143189456527608321905884757182906793330525824422625380941210,0xcaec99debca1fe002f7af5b3ff300edfcf84c7ab7e366b24c12316ba99ed302e,0.9969999923,0.130333,0.1299419999964359,1730699169,Will a Democrat win South Dakota Presidential Election?
0xac6e5295b7921a8c2eb0560ec8bc37b961c8dbe50bb2d34d5a372eefabe757bf,0xf22746e985988fb31b2c42f2fe87a8208043244e,BUY,No,103817554879098980143189456527608321905884757182906793330525824422625380941210,0xcaec99debca1fe002f7af5b3ff300edfcf84c7ab7e366b24c12316ba99ed302e,0.9969999923,0.130333,0.1299419999964359,1730698771,Will a Democrat win South Dakota Presidential Election?
0xa89f62dcf3e99bdf79a1bc5b0d55d7e33a088c887266a6a339c341a49581328a,0x9cf83fdbfc0f6f5c19b7ef16898cb40223659b81,BUY,No,103817554879098980143189456527608321905884757182906793330525824422625380941210,0xcaec99debca1fe002f7af5b3ff300edfcf84c7ab7e366b24c12316ba99ed302e,0.9969999929,0.140333,0.1399120000036357,1730698185,Will a Democrat win South Dakota Presidential Election?
0x20b402a0636805061e7d2db0cfc9a652924b8ae73017c4c2c96e10b101bc43f5,0xfd9ac987ef88b893fd7ad74752466c8dd425a827,BUY,No,103817554879098980143189456527608321905884757182906793330525824422625380941210,0xcaec99debca1fe002f7af5b3ff300edfcf84c7ab7e366b24c12316ba99ed302e,0.9969999933,0.150333,0.14988199999276888,1730698063,Will a Democrat win South Dakota Presidential Election?
0x40e14891ed3a56d222b907533c6e05dfbcf3e6294e04bdeeb348009c9794fbc7,0xf841d61bb7dc5e3301cda3f2f5666237871f6387,BUY,No,103817554879098980143189456527608321905884757182906793330525824422625380941210,0xcaec99debca1fe002f7af5b3ff300edfcf84c7ab7e366b24c12316ba99ed302e,0.9969999917,0.120333,0.11997200000123609,1730697277,Will a Democrat win South Dakota Presidential Election?
0x6a92280476d435293630bfa6e90e4e38445d7043981248dbd01194f7ca855135,0xa76a3652ebcf8ea7cb1af0b043418f68e4dcdeac,BUY,No,103817554879098980143189456527608321905884757182906793330525824422625380941210,0xcaec99debca1fe002f7af5b3ff300edfcf84c7ab7e366b24c12316ba99ed302e,0.9969999929,0.140333,0.1399120000036357,1730697137,Will a Democrat win South Dakota Presidential Election?
0xa44440b69379df0c3d028ccbc9572e15523f597d04b0838992c60663f5d0ff8e,0xc760b18c1b1e4499ffcd07b3c6bc0e1f5b4186b0,BUY,No,103817554879098980143189456527608321905884757182906793330525824422625380941210,0xcaec99debca1fe002f7af5b3ff300edfcf84c7ab7e366b24c12316ba99ed302e,0.9969998822,0.110329,0.10999800000324379,1730696897,Will a Democrat win South Dakota Presidential Election?
0x880bda9a37ec7eb6bd6896f0e29b369e0ecf0dcc836ae473c93b8c7552739640,0xebeba36a66fb8f05f8e06ec55e10a3c875a0bf37,BUY,No,103817554879098980143189456527608321905884757182906793330525824422625380941210,0xcaec99debca1fe002f7af5b3ff300edfcf84c7ab7e366b24c12316ba99ed302e,0.9969999929,0.140333,0.1399120000036357,1730696719,Will a Democrat win South Dakota Presidential Election?
0xcb44666b5ad17684de4bbb0d064d466066bafc0494f64226f30d3a2c3fda9fb5,0xf846d4d1930f7c0f69b8054a6ddc4ecd236a99c7,BUY,No,103817554879098980143189456527608321905884757182906793330525824422625380941210,0xcaec99debca1fe002f7af5b3ff300edfcf84c7ab7e366b24c12316ba99ed302e,0.9969999923,0.130333,0.1299419999964359,1730696709,Will a Democrat win South Dakota Presidential Election?
0xd781ca8a403898dd6a414bcd0d7b2ca3d981eaa5a5673794ef13ed0647ec82f4,0xba37a03f00645c2ae388a5b2cfa453225b3027c0,BUY,No,103817554879098980143189456527608321905884757182906793330525824422625380941210,0xcaec99debca1fe002f7af5b3ff300edfcf84c7ab7e366b24c12316ba99ed302e,0.9969999933,0.150333,0.14988199999276888,1730696364,Will a Democrat win South Dakota Presidential Election?
0x39546e3081ed3ad17a63ae859924a6c35a1928bd94fb31ac14ca7b0159368895,0x80d80caccaca9fa69164cd43a01275e10fa65a3a,BUY,No,103817554879098980143189456527608321905884757182906793330525824422625380941210,0xcaec99debca1fe002f7af5b3ff300edfcf84c7ab7e366b24c12316ba99ed302e,0.9969999923,0.130333,0.1299419999964359,1730695857,Will a Democrat win South Dakota Presidential Election?
0x2a5ecfd7550c2bf448815e9d0d69fdb08f85c9e1206556fe1ad6d877e1154a7a,0xb4bca64b3c47232ffabf18e986d5c63ad5f34659,BUY,No,103817554879098980143189456527608321905884757182906793330525824422625380941210,0xcaec99debca1fe002f7af5b3ff300edfcf84c7ab7e366b24c12316ba99ed302e,0.9969998822,0.110329,0.10999800000324379,1730695331,Will a Democrat win South Dakota Presidential Election?
0xe9c667ef9ec88841f9044a56f7e990e376b126ef63bdfb194104d186c554e7cb,0x04ea2b93e886cc9a98e65632668ef3cfa19f9e60,BUY,No,103817554879098980143189456527608321905884757182906793330525824422625380941210,0xcaec99debca1fe002f7af5b3ff300edfcf84c7ab7e366b24c12316ba99ed302e,0.9969989731,0.100299,0.0999980000029569,1730695144,Will a Democrat win South Dakota Presidential Election?
0x223fa01e5b44db3ff930fdcfa01c5b62da4d477ba2c918591843a2a118f77860,0x46d923dd91c8834ea32ad3f2f64b78c68f038c98,BUY,No,103817554879098980143189456527608321905884757182906793330525824422625380941210,0xcaec99debca1fe002f7af5b3ff300edfcf84c7ab7e366b24c12316ba99ed302e,0.9969999929,0.140333,0.1399120000036357,1730694936,Will a Democrat win South Dakota Presidential Election?
0x31dbf2d091e06f52e6f9f556d640653c537b91e0e8bc1fcd7e2408498f22259f,0xd333b920404d5903120ebf479482562b2c26b6a2,BUY,No,103817554879098980143189456527608321905884757182906793330525824422625380941210,0xcaec99debca1fe002f7af5b3ff300edfcf84c7ab7e366b24c12316ba99ed302e,0.9969998822,0.110329,0.10999800000324379,1730694771,Will a Democrat win South Dakota Presidential Election?
0x9b254b8881feed1d82ea5fb22d8b9b41097dcffb02ac45888c15b7e294064d54,0xb2f17effd144ea8ca47b1d9374d55730b2acb961,BUY,No,103817554879098980143189456527608321905884757182906793330525824422625380941210,0xcaec99debca1fe002f7af5b3ff300edfcf84c7ab7e366b24c12316ba99ed302e,0.9969999929,0.140333,0.1399120000036357,1730693769,Will a Democrat win South Dakota Presidential Election?
0xadf4bb9ece60d7c972db11ed46c38f6a1eda51e0ef781bc6e58e671b811fbef7,0x6f17412b6fed727e9f1da51057b228a4c60ad49a,BUY,No,103817554879098980143189456527608321905884757182906793330525824422625380941210,0xcaec99debca1fe002f7af5b3ff300edfcf84c7ab7e366b24c12316ba99ed302e,0.9969999933,0.150333,0.14988199999276888,1730693661,Will a Democrat win South Dakota Presidential Election?
0x5f837609941a600dec23abc0258ba4a7b8c82df4953d9ab3d812d30bba0f3742,0x12205a95525e7a027ef6ac20086bb56e53703232,BUY,No,103817554879098980143189456527608321905884757182906793330525824422625380941210,0xcaec99debca1fe002f7af5b3ff300edfcf84c7ab7e366b24c12316ba99ed302e,0.9969999929,0.140333,0.1399120000036357,1730693217,Will a Democrat win South Dakota Presidential Election?
0xec3b11c2982b168f985723f72ffcac2acaf7c82965dde3e87b410848222b2fec,0x20d7b5ff2c958237c7e4e50bba183fd7e10a7ab8,BUY,No,103817554879098980143189456527608321905884757182906793330525824422625380941210,0xcaec99debca1fe002f7af5b3ff300edfcf84c7ab7e366b24c12316ba99ed302e,0.9969999917,0.120333,0.11997200000123609,1730693139,Will a Democrat win South Dakota Presidential Election?
0xe68b2cd4db7438cffdc1f4240e0dba206ec8d51753f6635ddd3a7af1f60e39af,0xfd840adaa40d3cabae83fed14af3f5598095c0f0,BUY,No,103817554879098980143189456527608321905884757182906793330525824422625380941210,0xcaec99debca1fe002f7af5b3ff300edfcf84c7ab7e366b24c12316ba99ed302e,0.9969999923,0.130333,0.1299419999964359,1730692883,Will a Democrat win South Dakota Presidential Election?
0x89c752013917ba02d4545a9aeb1c1d767de77cdcce0008d6be63b635a9213c02,0x5e116574121eff0b9d00b538bfcfcadd290f9738,BUY,No,103817554879098980143189456527608321905884757182906793330525824422625380941210,0xcaec99debca1fe002f7af5b3ff300edfcf84c7ab7e366b24c12316ba99ed302e,0.9969998822,0.110329,0.10999800000324379,1730691822,Will a Democrat win South Dakota Presidential Election?
0x74e74a8135b7c4ccb1f0f6ad79d34df0b1b53c09085dd2c7b53d2aa99108dfe2,0xbb5ffa8ee6b2ac3433481030ce3749546b5231df,BUY,No,103817554879098980143189456527608321905884757182906793330525824422625380941210,0xcaec99debca1fe002f7af5b3ff300edfcf84c7ab7e366b24c12316ba99ed302e,0.9969998822,0.110329,0.10999800000324379,1730690780,Will a Democrat win South Dakota Presidential Election?
0xc80c882b9935eb10c4a9d5e96c40dce5bc01539784dd3059784737609996103a,0xa2f1fecf1cc7db65a46588f764b6691533052d22,SELL,No,103817554879098980143189456527608321905884757182906793330525824422625380941210,0xcaec99debca1fe002f7af5b3ff300edfcf84c7ab7e366b24c12316ba99ed302e,0.9861561432,43.87,43.262670002183995,1730689108,Will a Democrat win South Dakota Presidential Election?
0xce7909b54e77065e5dd06864c252e695a165269394fe154d7249d81b6ce544e1,0x3372653c85ac2cbf6f489d18d6a58c761e2679b9,BUY,No,103817554879098980143189456527608321905884757182906793330525824422625380941210,0xcaec99debca1fe002f7af5b3ff300edfcf84c7ab7e366b24c12316ba99ed302e,0.9969999929,0.140333,0.1399120000036357,1730688768,Will a Democrat win South Dakota Presidential Election?
0x1cce8683241bcf0eb9cb255f7187b8a45e271e1b392a1b584a78a6c11b2fc43b,0x56449885b1004716871478b2b4055160f9215ba6,BUY,No,103817554879098980143189456527608321905884757182906793330525824422625380941210,0xcaec99debca1fe002f7af5b3ff300edfcf84c7ab7e366b24c12316ba99ed302e,0.9969989731,0.100299,0.0999980000029569,1730687926,Will a Democrat win South Dakota Presidential Election?
0x93a7f132abd9b77105d08bb9d07cbad0ed7b37bb489c4262f0053320f81d1341,0xda1d4465c301da94efb110a466656ebd8ea948d5,BUY,No,103817554879098980143189456527608321905884757182906793330525824422625380941210,0xcaec99debca1fe002f7af5b3ff300edfcf84c7ab7e366b24c12316ba99ed302e,0.9969999929,0.140333,0.1399120000036357,1730687725,Will a Democrat win South Dakota Presidential Election?
0xc741232b5b09fea8c94c5c99af9c3686c9d1eb9e6aa847ffdf18f5a9b4bc17ba,0xb80cc1e63660830e93526b2aa2d5b04c08e11fca,BUY,No,103817554879098980143189456527608321905884757182906793330525824422625380941210,0xcaec99debca1fe002f7af5b3ff300edfcf84c7ab7e366b24c12316ba99ed302e,0.9969998822,0.110329,0.10999800000324379,1730687565,Will a Democrat win South Dakota Presidential Election?
0xa950ae3181159329af8e253e2e0d27ae554856d46d7637f7808b82300afc388d,0x9680691617370e350a7143362093eef568362a38,BUY,No,103817554879098980143189456527608321905884757182906793330525824422625380941210,0xcaec99debca1fe002f7af5b3ff300edfcf84c7ab7e366b24c12316ba99ed302e,0.9969999923,0.130333,0.1299419999964359,1730687445,Will a Democrat win South Dakota Presidential Election?
0xb1b6c74f9fca6d836c61b140425ae422936dc64f566ef756aee615d8facb664e,0x282b407281ee1db3c51d83af7f0900e26eaea148,BUY,No,103817554879098980143189456527608321905884757182906793330525824422625380941210,0xcaec99debca1fe002f7af5b3ff300edfcf84c7ab7e366b24c12316ba99ed302e,0.996,0.1405,0.139938,1730686561,Will a Democrat win South Dakota Presidential Election?
0x595b697751960a4423f04278f86d0e1e70ccf0267aa1912d21587e2833f52ff9,0x7ecf54ada2401dadf7b5b87a4de9b0f5f94daf24,BUY,No,103817554879098980143189456527608321905884757182906793330525824422625380941210,0xcaec99debca1fe002f7af5b3ff300edfcf84c7ab7e366b24c12316ba99ed302e,0.996,0.10025,0.09984900000000001,1730686038,Will a Democrat win South Dakota Presidential Election?
0xe8435d5ab98da6eb02f14ed2b00470bc07313c019df609b1f87ab0704f757b90,0x51e5dc1425dfefe3909a2feb661a2840b1fa88ce,BUY,No,103817554879098980143189456527608321905884757182906793330525824422625380941210,0xcaec99debca1fe002f7af5b3ff300edfcf84c7ab7e366b24c12316ba99ed302e,0.996,0.10025,0.09984900000000001,1730685690,Will a Democrat win South Dakota Presidential Election?
0x61868446d02f9af379471ef24e026d9e4bc732308c84ad0b6d5e30fa4984f624,0x274320856bd69af645b36a55d9ef4a4588436454,BUY,No,103817554879098980143189456527608321905884757182906793330525824422625380941210,0xcaec99debca1fe002f7af5b3ff300edfcf84c7ab7e366b24c12316ba99ed302e,0.996,0.1405,0.139938,1730684937,Will a Democrat win South Dakota Presidential Election?
0xf3e61485e40b4c82bc8b5c9919b7f4e94fe2db697ecc7152d40975f102455594,0x7da9002cfb7e6889d8881dd6be702c2a7f14319b,BUY,No,103817554879098980143189456527608321905884757182906793330525824422625380941210,0xcaec99debca1fe002f7af5b3ff300edfcf84c7ab7e366b24c12316ba99ed302e,0.996,0.1305,0.129978,1730684626,Will a Democrat win South Dakota Presidential Election?
0x6557a74965d77702cbdfd610a3a3464d9a9b8f4c97c3799f064ebe8c3be58363,0xa9962c2c675f36736010e18af5900a5df42d9ca7,BUY,No,103817554879098980143189456527608321905884757182906793330525824422625380941210,0xcaec99debca1fe002f7af5b3ff300edfcf84c7ab7e366b24c12316ba99ed302e,0.996,0.1405,0.139938,1730682384,Will a Democrat win South Dakota Presidential Election?
0x05dfb8753255213f0dc533a4b8984c722580dac7228dcc985d9be368af48ebe9,0x0c1ac0eaada588e2d1fb87f95d303c29e351f703,BUY,No,103817554879098980143189456527608321905884757182906793330525824422625380941210,0xcaec99debca1fe002f7af5b3ff300edfcf84c7ab7e366b24c12316ba99ed302e,0.996,0.11025,0.109809,1730681791,Will a Democrat win South Dakota Presidential Election?
0x0642718148dfb19565c65c39fd5f28993c8a1c15eb403cb49838103fc4386399,0x4b328939455040aa7a310390a22d1ceadfc260dc,BUY,No,103817554879098980143189456527608321905884757182906793330525824422625380941210,0xcaec99debca1fe002f7af5b3ff300edfcf84c7ab7e366b24c12316ba99ed302e,0.996,0.10025,0.09984900000000001,1730681723,Will a Democrat win South Dakota Presidential Election?
0xf416d270622fb857c0df45b28395b7715d9a881494aaf674d96c64561f65637a,0xc04915343c608403ce5b41e53cdaa6dabd0ea6bf,BUY,No,103817554879098980143189456527608321905884757182906793330525824422625380941210,0xcaec99debca1fe002f7af5b3ff300edfcf84c7ab7e366b24c12316ba99ed302e,0.996,0.1405,0.139938,1730681471,Will a Democrat win South Dakota Presidential Election?
0x8ccb1d873b9980c032b32122bad43d5325259960bb5f3e5e30eea7012260b9c8,0xe3461f5bbc14596f375d097e2bf8bbd87275673f,BUY,No,103817554879098980143189456527608321905884757182906793330525824422625380941210,0xcaec99debca1fe002f7af5b3ff300edfcf84c7ab7e366b24c12316ba99ed302e,0.996,0.1405,0.139938,1730681279,Will a Democrat win South Dakota Presidential Election?
0x9d0664e56e5a4c14fbaf7a0409ee5c719c73fc5d4bcc315f4f72379dcf430fb9,0xe4a81f8799738830ddfcab54042ade7be6a86b44,BUY,No,103817554879098980143189456527608321905884757182906793330525824422625380941210,0xcaec99debca1fe002f7af5b3ff300edfcf84c7ab7e366b24c12316ba99ed302e,0.996,0.11025,0.109809,1730681213,Will a Democrat win South Dakota Presidential Election?
0x0b1b4b224582eea8ef547b2cb867bcc9e1c15df59afed1ac047a090cf0642053,0x4db6a05ea28375dd14dc3b7abf2416839414ad0d,BUY,No,103817554879098980143189456527608321905884757182906793330525824422625380941210,0xcaec99debca1fe002f7af5b3ff300edfcf84c7ab7e366b24c12316ba99ed302e,0.996,0.11025,0.109809,1730680577,Will a Democrat win South Dakota Presidential Election?
0xd158d6f3f87bfbcedc906be374ef13026f80706acf2c73a260df555da08b2c16,0x8cc3f1f2a4acb59f1eb0241065137392916a9f17,BUY,No,103817554879098980143189456527608321905884757182906793330525824422625380941210,0xcaec99debca1fe002f7af5b3ff300edfcf84c7ab7e366b24c12316ba99ed302e,0.996,0.1505,0.149898,1730679639,Will a Democrat win South Dakota Presidential Election?
0x9819fd9d19eead6297eae0c9a65cf3bc88d4464cea4dc1894cea50053594457f,0xed134cce6b6b2b37981dd7243ca65b0a502c5cd5,BUY,No,103817554879098980143189456527608321905884757182906793330525824422625380941210,0xcaec99debca1fe002f7af5b3ff300edfcf84c7ab7e366b24c12316ba99ed302e,0.996,0.11025,0.109809,1730679223,Will a Democrat win South Dakota Presidential Election?
0x030602c669c46061e5f728b16f7011ecb0a8c4256ae5de3327de56801bc1a327,0xe18564c062d023c3a5b0999fabb0fee4124a9e9c,BUY,No,103817554879098980143189456527608321905884757182906793330525824422625380941210,0xcaec99debca1fe002f7af5b3ff300edfcf84c7ab7e366b24c12316ba99ed302e,0.996,0.1505,0.149898,1730679037,Will a Democrat win South Dakota Presidential Election?
0xaeb6dc5705aac26ad171dbae6f53ea6adbbfc7d74e6f932e928628ad939440cd,0x21c539bb283d7086d224551009ed74fcabb23e01,BUY,No,103817554879098980143189456527608321905884757182906793330525824422625380941210,0xcaec99debca1fe002f7af5b3ff300edfcf84c7ab7e366b24c12316ba99ed302e,0.996,0.11025,0.109809,1730678811,Will a Democrat win South Dakota Presidential Election?
0xd38c36bf27e3e55abec7335d41e32ee3ce343ada06a89fade8a56d3891feeb45,0x15fc9d6fccd7196cba2e1b595b1a3ff9a9463f82,BUY,No,103817554879098980143189456527608321905884757182906793330525824422625380941210,0xcaec99debca1fe002f7af5b3ff300edfcf84c7ab7e366b24c12316ba99ed302e,0.996,0.1305,0.129978,1730678494,Will a Democrat win South Dakota Presidential Election?
0xc3d37b6d0eab368974bee344cecc88b32b5fab79bc7768bdfd6ccd35b7ce71d1,0xef01223d535daa0331f9595c9375ffa5896aff1f,BUY,No,103817554879098980143189456527608321905884757182906793330525824422625380941210,0xcaec99debca1fe002f7af5b3ff300edfcf84c7ab7e366b24c12316ba99ed302e,0.996,0.1405,0.139938,1730678470,Will a Democrat win South Dakota Presidential Election?
0x7c37389f432b38f5559bc84bcdb910c389ba46b84c6293c1720ee6b7a653a1e0,0x285d9a80fb1b4f995020f2ccd222dfb29e088c11,BUY,No,103817554879098980143189456527608321905884757182906793330525824422625380941210,0xcaec99debca1fe002f7af5b3ff300edfcf84c7ab7e366b24c12316ba99ed302e,0.996,0.1305,0.129978,1730678199,Will a Democrat win South Dakota Presidential Election?
0x51694191324a0256ae128b5704b227376aa285e1d6c8fb831d69949aa34e5eaf,0x166578d7e5c1ac413f2439455f8568d5719baec8,BUY,No,103817554879098980143189456527608321905884757182906793330525824422625380941210,0xcaec99debca1fe002f7af5b3ff300edfcf84c7ab7e366b24c12316ba99ed302e,0.996,0.11025,0.109809,1730677767,Will a Democrat win South Dakota Presidential Election?
0xead9d99f5cd3a0f155ba199f32014629e0a88f7803528a12de6b2be91c50ed1d,0x84f6111c9c95dee75eaf2768caa8b958ed2b10e7,BUY,No,103817554879098980143189456527608321905884757182906793330525824422625380941210,0xcaec99debca1fe002f7af5b3ff300edfcf84c7ab7e366b24c12316ba99ed302e,0.996,0.11025,0.109809,1730677400,Will a Democrat win South Dakota Presidential Election?
0x19c945251bd7f232796d5c76462c54f5c49854dbcdc295a2f12ee20d738c23ca,0xb555fd95ad37deec59cd34c30d6c4da805aef266,BUY,No,103817554879098980143189456527608321905884757182906793330525824422625380941210,0xcaec99debca1fe002f7af5b3ff300edfcf84c7ab7e366b24c12316ba99ed302e,0.996,0.1405,0.139938,1730676580,Will a Democrat win South Dakota Presidential Election?
0x0add3bb1c7827cd56ae2bb7c7e1723cc5b141d5b3c9e86d5e2a98c657c82f688,0x03fbae89f0a15999759176a1b229b14f2a00275e,BUY,No,103817554879098980143189456527608321905884757182906793330525824422625380941210,0xcaec99debca1fe002f7af5b3ff300edfcf84c7ab7e366b24c12316ba99ed302e,0.996,0.1405,0.139938,1730675614,Will a Democrat win South Dakota Presidential Election?
0xc43ca6f5f866fcc7c8ca6d8f578521f7cd98a585d0f7e4821324320b5a544020,0xace118eba373b0ded98c147f9ea68060ba463405,BUY,No,103817554879098980143189456527608321905884757182906793330525824422625380941210,0xcaec99debca1fe002f7af5b3ff300edfcf84c7ab7e366b24c12316ba99ed302e,0.996,0.1505,0.149898,1730675089,Will a Democrat win South Dakota Presidential Election?
0x1bc802be71412eea1e5d344cdb5aeb6f10efa80623fd1f31d53e26a0aa6ec17e,0x0458c6a8f8a2c55c0619208139396cf6bf9b1cfa,BUY,No,103817554879098980143189456527608321905884757182906793330525824422625380941210,0xcaec99debca1fe002f7af5b3ff300edfcf84c7ab7e366b24c12316ba99ed302e,0.996,0.1505,0.149898,1730674885,Will a Democrat win South Dakota Presidential Election?
0xe75b41d973a1a862b702a9674718f5eb36e52a5fa9d4cc757e8b8fd80fb7bfab,0xf9af8b5d9362ff9b7e4c2af16c0a782cfe2d84fe,BUY,No,103817554879098980143189456527608321905884757182906793330525824422625380941210,0xcaec99debca1fe002f7af5b3ff300edfcf84c7ab7e366b24c12316ba99ed302e,0.996,0.11025,0.109809,1730674768,Will a Democrat win South Dakota Presidential Election?
0x35166249db557413fc00ebceb6c257cde24eb484b1db793842e3dec944c8d5b2,0x3f77489112e669bad9b85d56a5fa99c809f6e91b,BUY,No,103817554879098980143189456527608321905884757182906793330525824422625380941210,0xcaec99debca1fe002f7af5b3ff300edfcf84c7ab7e366b24c12316ba99ed302e,0.996,0.1405,0.139938,1730674380,Will a Democrat win South Dakota Presidential Election?
0x01182281771bd4c6cbb80101596dea6bd28fa618936705041faebb7438e3baa0,0xf21c9273625b6aa2d26a47d56707048320960ec7,BUY,No,103817554879098980143189456527608321905884757182906793330525824422625380941210,0xcaec99debca1fe002f7af5b3ff300edfcf84c7ab7e366b24c12316ba99ed302e,0.996,0.11025,0.109809,1730674192,Will a Democrat win South Dakota Presidential Election?
0xadfbd2e4a22e7dcabbec9e90cae8eb302d0152d76c017706dcca157aeabe7069,0x721642c2ac664600680ee6f3dd8ec6f5deff103d,BUY,No,103817554879098980143189456527608321905884757182906793330525824422625380941210,0xcaec99debca1fe002f7af5b3ff300edfcf84c7ab7e366b24c12316ba99ed302e,0.996,0.1505,0.149898,1730673431,Will a Democrat win South Dakota Presidential Election?
0xc6538896d4f2e8abff6d1bbd93c39854b8164b9900aeb892edc173aea609e8a0,0x73601f5a3dcf77422f13df28a3c29bd92804de14,BUY,No,103817554879098980143189456527608321905884757182906793330525824422625380941210,0xcaec99debca1fe002f7af5b3ff300edfcf84c7ab7e366b24c12316ba99ed302e,0.996,0.10025,0.09984900000000001,1730672893,Will a Democrat win South Dakota Presidential Election?
0x9734f58c6d6cfdd0c09331b917c4d5f0a11f4e9a8d5369017bcbe493f412ae4e,0x79bfd258565887809fb679a4b1c6458bae30f773,BUY,No,103817554879098980143189456527608321905884757182906793330525824422625380941210,0xcaec99debca1fe002f7af5b3ff300edfcf84c7ab7e366b24c12316ba99ed302e,0.996,0.11025,0.109809,1730671990,Will a Democrat win South Dakota Presidential Election?
0xc477f53fcb66fc99f7e8d06ac528af278f9bb1ffe88ab6a9bceb0f5cb021c6ab,0x1f5abac814ec0a2f5cfeb8e197f3e1c783a39e5b,BUY,No,103817554879098980143189456527608321905884757182906793330525824422625380941210,0xcaec99debca1fe002f7af5b3ff300edfcf84c7ab7e366b24c12316ba99ed302e,0.996,0.1405,0.139938,1730671256,Will a Democrat win South Dakota Presidential Election?
0x3a521594c214738a247488c57a45f56609d28e823e547b153368cb07e44d1256,0xdbd23c66589a0dbed2c14ac5f630742547f907db,BUY,No,103817554879098980143189456527608321905884757182906793330525824422625380941210,0xcaec99debca1fe002f7af5b3ff300edfcf84c7ab7e366b24c12316ba99ed302e,0.996,0.10025,0.09984900000000001,1730670544,Will a Democrat win South Dakota Presidential Election?
0xa41a6d4e0595a9b661c6dc4667b0144a07807b71a1750e6bf2753210413561e2,0x3c6472d9e76ae755f3da4cb0f74cba702d6accc4,BUY,No,103817554879098980143189456527608321905884757182906793330525824422625380941210,0xcaec99debca1fe002f7af5b3ff300edfcf84c7ab7e366b24c12316ba99ed302e,0.996,0.11025,0.109809,1730670076,Will a Democrat win South Dakota Presidential Election?
0x72746b3252b72cd17f2bf534bac48c74cc9a9ca92440dafe14386758ca85b74b,0xd63c19bfd242f106282236b32b89e86b68777f66,BUY,No,103817554879098980143189456527608321905884757182906793330525824422625380941210,0xcaec99debca1fe002f7af5b3ff300edfcf84c7ab7e366b24c12316ba99ed302e,0.996,0.11025,0.109809,1730668736,Will a Democrat win South Dakota Presidential Election?
0x06fff58b98009456da267d63ac3299b6b0a8172a4435aefa83abbcc0a8b9f841,0x8a8ea451d2c30eef241ca2c1b496ce5d1fb19f5b,BUY,No,103817554879098980143189456527608321905884757182906793330525824422625380941210,0xcaec99debca1fe002f7af5b3ff300edfcf84c7ab7e366b24c12316ba99ed302e,0.996,0.10025,0.09984900000000001,1730667315,Will a Democrat win South Dakota Presidential Election?
0xe1df9d45bfdb1f357ae2079fa9309fdc2047c8def9bd805d1b69c27a975e8321,0x17233e17cabe36888ac06859842d31c7dca31b01,BUY,No,103817554879098980143189456527608321905884757182906793330525824422625380941210,0xcaec99debca1fe002f7af5b3ff300edfcf84c7ab7e366b24c12316ba99ed302e,0.996,0.1405,0.139938,1730667025,Will a Democrat win South Dakota Presidential Election?
0x8955aa686b793bad2fc2d570f2c8f007bec326129e3b609d7e0890de85742691,0xcecd8babe3722e76feebb42fe980f7a6fc5eb41e,BUY,No,103817554879098980143189456527608321905884757182906793330525824422625380941210,0xcaec99debca1fe002f7af5b3ff300edfcf84c7ab7e366b24c12316ba99ed302e,0.996,0.1405,0.139938,1730664981,Will a Democrat win South Dakota Presidential Election?
0x2cec52947607baa72fa55199b132c397c903e07a0b8f226785245b1592f9c1c0,0x2dc93a7088f51a4c94ab302e43a3d689b0501aad,BUY,No,103817554879098980143189456527608321905884757182906793330525824422625380941210,0xcaec99debca1fe002f7af5b3ff300edfcf84c7ab7e366b24c12316ba99ed302e,0.996,0.11025,0.109809,1730664459,Will a Democrat win South Dakota Presidential Election?
0x2d554f87b23a200e51492bd6b8b19f72948d5d0afcea3368f9589c9a448f3022,0xcef33e2d28a16b758cff6f995ea1276b623d6fe2,BUY,No,103817554879098980143189456527608321905884757182906793330525824422625380941210,0xcaec99debca1fe002f7af5b3ff300edfcf84c7ab7e366b24c12316ba99ed302e,0.996,0.1305,0.129978,1730663897,Will a Democrat win South Dakota Presidential Election?
0xaea284130aa75c73b35e4d01425d239e264af8d476ab813977440b2438f46529,0x1a8d06f935a3fbc29cdc0a565f2623ab58cb00dc,BUY,No,103817554879098980143189456527608321905884757182906793330525824422625380941210,0xcaec99debca1fe002f7af5b3ff300edfcf84c7ab7e366b24c12316ba99ed302e,0.996,0.10025,0.09984900000000001,1730663327,Will a Democrat win South Dakota Presidential Election?
0x14e5824d19ff47ecbc15107bb247852727ab1c768666fc3dd26b514fb5cde442,0x8e165e90b0f4a68f2091ce0f0eeaa000504429d7,BUY,No,103817554879098980143189456527608321905884757182906793330525824422625380941210,0xcaec99debca1fe002f7af5b3ff300edfcf84c7ab7e366b24c12316ba99ed302e,0.996,0.1405,0.139938,1730662873,Will a Democrat win South Dakota Presidential Election?
0x099e774a40973cb85233d0b2c790767f1f92f8abd99dd4231bf78c94e848056e,0x71f13da9039581cb8d50b313792bf567529121a2,BUY,No,103817554879098980143189456527608321905884757182906793330525824422625380941210,0xcaec99debca1fe002f7af5b3ff300edfcf84c7ab7e366b24c12316ba99ed302e,0.996,0.1305,0.129978,1730661282,Will a Democrat win South Dakota Presidential Election?
0x1d09378d36eb4fea096839b41b7bd7cc5698a478854cd38899cfc9a5cc78ae9f,0x9969fd2a5aaf300c7390908324542657167f10e4,BUY,No,103817554879098980143189456527608321905884757182906793330525824422625380941210,0xcaec99debca1fe002f7af5b3ff300edfcf84c7ab7e366b24c12316ba99ed302e,0.996,0.1505,0.149898,1730661145,Will a Democrat win South Dakota Presidential Election?
0x55ab0a2a042c53b95a1beb72216111dafcf2ea372495d1ecb55830f6643195f1,0xe204b286d7352e3e1304404ba8f2965a71c1fdcb,BUY,No,103817554879098980143189456527608321905884757182906793330525824422625380941210,0xcaec99debca1fe002f7af5b3ff300edfcf84c7ab7e366b24c12316ba99ed302e,0.996,0.11025,0.109809,1730658586,Will a Democrat win South Dakota Presidential Election?
0xc91034e4258ec4bb619558395cb1bbe629a3bca5d58884970b4e647eb2bcd7ec,0x9ec906151ec0d494413f253d2f4261b2df7f3ac0,BUY,No,103817554879098980143189456527608321905884757182906793330525824422625380941210,0xcaec99debca1fe002f7af5b3ff300edfcf84c7ab7e366b24c12316ba99ed302e,0.996,0.10025,0.09984900000000001,1730656940,Will a Democrat win South Dakota Presidential Election?
0x2a176c4dd901834ff6d9a035a3d7b0d696f91ade1416c7268dadaf4b805fc5c2,0x7157789017a5a1b064b54be4520205ead5fbccf7,BUY,No,103817554879098980143189456527608321905884757182906793330525824422625380941210,0xcaec99debca1fe002f7af5b3ff300edfcf84c7ab7e366b24c12316ba99ed302e,0.996,0.1305,0.129978,1730656468,Will a Democrat win South Dakota Presidential Election?
0x3cc8b4e400aa04243c1dca9472bfef9789d8294aa0423cd07f123113a0f97143,0x0cdfcb791820bde7834bbe15b2b0890799f12388,BUY,No,103817554879098980143189456527608321905884757182906793330525824422625380941210,0xcaec99debca1fe002f7af5b3ff300edfcf84c7ab7e366b24c12316ba99ed302e,0.996,0.11025,0.109809,1730654229,Will a Democrat win South Dakota Presidential Election?
0x17f2cde146e90ba7532ab5542a071b90f4bc891ee8c7ae360a0b072d8236d85e,0x0f84e8713039171605da0107f7edee0eb0ec658a,BUY,No,103817554879098980143189456527608321905884757182906793330525824422625380941210,0xcaec99debca1fe002f7af5b3ff300edfcf84c7ab7e366b24c12316ba99ed302e,0.996,0.1305,0.129978,1730653720,Will a Democrat win South Dakota Presidential Election?
0x03162d3c980740c34ad11ed3cbd395fa18a6d644a321ff8f22781a7c63043cf3,0xe0df54db5f615cce944e03f2b950755aa2455344,BUY,No,103817554879098980143189456527608321905884757182906793330525824422625380941210,0xcaec99debca1fe002f7af5b3ff300edfcf84c7ab7e366b24c12316ba99ed302e,0.996,0.1305,0.129978,1730653191,Will a Democrat win South Dakota Presidential Election?
0xb01cb3094ec9fbd0e8f3ab352b05240409b709511eb34ee9d53405b52aaccf76,0x427e27a42ec0b696b8c0eb7d8f9eba8251ad03c7,BUY,Yes,105742278895779392184517567088147476702553818055925607866681628906726505150563,0xcaec99debca1fe002f7af5b3ff300edfcf84c7ab7e366b24c12316ba99ed302e,0.0089701911,5574.017271,50.00000011557049,1730652780,Will a Democrat win South Dakota Presidential Election?
0xb9a3ca9886479a218b1fb31477c59459ced90371a2a3a43d227519af68270673,0xb5f713a9c1501beec399fcc80fd85cf70f3e4194,BUY,No,103817554879098980143189456527608321905884757182906793330525824422625380941210,0xcaec99debca1fe002f7af5b3ff300edfcf84c7ab7e366b24c12316ba99ed302e,0.9969999929,0.140333,0.1399120000036357,1730649701,Will a Democrat win South Dakota Presidential Election?
0xd6c377654a6f4ed91f160e859607a316a24221382e75be7a53c6bb372c02dd5e,0xc4da49d3090720728f99eac6fecca50aa79dae65,BUY,No,103817554879098980143189456527608321905884757182906793330525824422625380941210,0xcaec99debca1fe002f7af5b3ff300edfcf84c7ab7e366b24c12316ba99ed302e,0.997,96.188333,95.899768001,1730648883,Will a Democrat win South Dakota Presidential Election?
0x923572fdf84aa98ecb82ec0f5780a3a26a4c33425d72863447a723234d6e2093,0x01a37c082f511d23e9b4ee3a800d3334d7dd3a3e,BUY,No,103817554879098980143189456527608321905884757182906793330525824422625380941210,0xcaec99debca1fe002f7af5b3ff300edfcf84c7ab7e366b24c12316ba99ed302e,0.9969999933,0.150333,0.14988199999276888,1730648629,Will a Democrat win South Dakota Presidential Election?
0xa0c2ba008e7009a250a336e8550bb295b2dff9512bc898e7c8b0e5b7f7162ee1,0x75ddf93e60a9ddc2a515dcf609f35812c3f6bb69,BUY,No,103817554879098980143189456527608321905884757182906793330525824422625380941210,0xcaec99debca1fe002f7af5b3ff300edfcf84c7ab7e366b24c12316ba99ed302e,0.9969999923,0.130333,0.1299419999964359,1730648207,Will a Democrat win South Dakota Presidential Election?
0x0433960cce0ef4d3397c03d830bf7ea6011c37098683023e48a67b75bfc54bf3,0xb1422b3c4c2f8cfb07cc01114dceb279f97f8822,BUY,No,103817554879098980143189456527608321905884757182906793330525824422625380941210,0xcaec99debca1fe002f7af5b3ff300edfcf84c7ab7e366b24c12316ba99ed302e,0.9969999917,0.120333,0.11997200000123609,1730647901,Will a Democrat win South Dakota Presidential Election?
0x2534bb78d2b979d3457a85e51cad91fd1ace6b765461c233617688950413df48,0x45dec8ef66c5b0bf518e052eefd4693d7bbac864,BUY,No,103817554879098980143189456527608321905884757182906793330525824422625380941210,0xcaec99debca1fe002f7af5b3ff300edfcf84c7ab7e366b24c12316ba99ed302e,0.9969999917,0.120333,0.11997200000123609,1730647707,Will a Democrat win South Dakota Presidential Election?
0x48ae8b0a6d5e05e63cc4a210c2b166579a1165b7ccaaf53a7e7d5182bf98c40b,0xf00430e1ba40328fb1c0a9d8cfa29974f5bfa398,BUY,No,103817554879098980143189456527608321905884757182906793330525824422625380941210,0xcaec99debca1fe002f7af5b3ff300edfcf84c7ab7e366b24c12316ba99ed302e,0.9969999917,0.120333,0.11997200000123609,1730647475,Will a Democrat win South Dakota Presidential Election?
0x7d84c8ead2032006dbbd7ebcf751b64344b94f9237bc966fad7759a258a25e0b,0x58ce64be287b0724c918aeb1876c07ff36c8c4de,BUY,No,103817554879098980143189456527608321905884757182906793330525824422625380941210,0xcaec99debca1fe002f7af5b3ff300edfcf84c7ab7e366b24c12316ba99ed302e,0.9969999929,0.140333,0.1399120000036357,1730646613,Will a Democrat win South Dakota Presidential Election?
0x33e2c1257b8436be497d555eafc2ee18cfa0788a9b3e3ee3828edfc1a984fd9f,0xf01e712707fe3dc1efe9b607e0c850819af5700c,BUY,No,103817554879098980143189456527608321905884757182906793330525824422625380941210,0xcaec99debca1fe002f7af5b3ff300edfcf84c7ab7e366b24c12316ba99ed302e,0.9969999917,0.120333,0.11997200000123609,1730646261,Will a Democrat win South Dakota Presidential Election?
0x301ba6bba86a4315a92d522df7d1658f987dbe1bee2c60040b7e278c3201552e,0x1db4d11c488b181d22770863b791dbc26ad99063,BUY,No,103817554879098980143189456527608321905884757182906793330525824422625380941210,0xcaec99debca1fe002f7af5b3ff300edfcf84c7ab7e366b24c12316ba99ed302e,0.9969999917,0.120333,0.11997200000123609,1730646101,Will a Democrat win South Dakota Presidential Election?
0x27df4c417c1f8f417047314c81e3cf0557c4afe71753cc7a558635e43b60de48,0x9c6667fd6fb0edbce6736812e9aed0cf448813a1,BUY,No,103817554879098980143189456527608321905884757182906793330525824422625380941210,0xcaec99debca1fe002f7af5b3ff300edfcf84c7ab7e366b24c12316ba99ed302e,0.9969999917,0.120333,0.11997200000123609,1730645863,Will a Democrat win South Dakota Presidential Election?
0xdb625193d1e3a83ccd618fa5a8836ca0c1f5c53ded1aea79f9c193e8220ec8a3,0x8a88abf05a1fd2be49c856c796425add7500171f,BUY,No,103817554879098980143189456527608321905884757182906793330525824422625380941210,0xcaec99debca1fe002f7af5b3ff300edfcf84c7ab7e366b24c12316ba99ed302e,0.9969999917,0.120333,0.11997200000123609,1730645475,Will a Democrat win South Dakota Presidential Election?
0x9c694aafdb224c5ba325b32e21345bf24225daf7996a50ac2ef1585adc7235ba,0x206302ca9276b17aa2f7fd848515f64c20e618b0,BUY,No,103817554879098980143189456527608321905884757182906793330525824422625380941210,0xcaec99debca1fe002f7af5b3ff300edfcf84c7ab7e366b24c12316ba99ed302e,0.9969999929,0.140333,0.1399120000036357,1730645071,Will a Democrat win South Dakota Presidential Election?
0xb4c2e9d0c675293cc2739c99fa3316a4127b45ba981fdafb01f1a5f2b2fe4672,0x8e7be6ef577c7f3de18dba2d6a6a15c3d1d9d40a,BUY,No,103817554879098980143189456527608321905884757182906793330525824422625380941210,0xcaec99debca1fe002f7af5b3ff300edfcf84c7ab7e366b24c12316ba99ed302e,0.9969999917,0.120333,0.11997200000123609,1730644635,Will a Democrat win South Dakota Presidential Election?
0xb66185c38775ac7df955f7c997aec6c8da47d0f031e76eaacab927d3ca6e4f8c,0x4dcd8d7bdcb711c5f852540c7d6108c45baa0971,BUY,No,103817554879098980143189456527608321905884757182906793330525824422625380941210,0xcaec99debca1fe002f7af5b3ff300edfcf84c7ab7e366b24c12316ba99ed302e,0.9969999923,0.130333,0.1299419999964359,1730644441,Will a Democrat win South Dakota Presidential Election?
0x1472d9a52e29ff0053e37fe2dc62626269525bdee0379f615859008296535149,0xb1f5bb9b1a84996312b108cffe9b3933d5253905,BUY,No,103817554879098980143189456527608321905884757182906793330525824422625380941210,0xcaec99debca1fe002f7af5b3ff300edfcf84c7ab7e366b24c12316ba99ed302e,0.9969999917,0.120333,0.11997200000123609,1730642909,Will a Democrat win South Dakota Presidential Election?
0x084cd3b32b52435dbce2135d16be35def4365630300ca4d8e2825c8091850634,0xfec630edd8c6cdb381e1216abd0455973ece1a32,BUY,No,103817554879098980143189456527608321905884757182906793330525824422625380941210,0xcaec99debca1fe002f7af5b3ff300edfcf84c7ab7e366b24c12316ba99ed302e,0.9969999923,0.130333,0.1299419999964359,1730642443,Will a Democrat win South Dakota Presidential Election?
0x5b85b7699f3a25a5f66bf8a5ba6529a55763494d0604a3c1a1a4f7086fcc2d0b,0x1b824b140b9744c33b5d6cfad5d1e2bdd71eabec,BUY,No,103817554879098980143189456527608321905884757182906793330525824422625380941210,0xcaec99debca1fe002f7af5b3ff300edfcf84c7ab7e366b24c12316ba99ed302e,0.9969999933,0.150333,0.14988199999276888,1730641777,Will a Democrat win South Dakota Presidential Election?
0x8f97adee1dfa769b2a34b934455dab8cd336a734069b6db1ab24248f851e0e8b,0xf01cdb31756786b0baffd80aa471d89d477e3bfa,BUY,No,103817554879098980143189456527608321905884757182906793330525824422625380941210,0xcaec99debca1fe002f7af5b3ff300edfcf84c7ab7e366b24c12316ba99ed302e,0.9969999929,0.140333,0.1399120000036357,1730641171,Will a Democrat win South Dakota Presidential Election?
0xa6c00b6e379a38b178f6494f43eb8ca8dc17f52f2eeee259e66b9d60efa676ac,0x941087a05cb3e72e88fe6ed21d17eddd9ada9ac0,BUY,No,103817554879098980143189456527608321905884757182906793330525824422625380941210,0xcaec99debca1fe002f7af5b3ff300edfcf84c7ab7e366b24c12316ba99ed302e,0.9969999923,0.130333,0.1299419999964359,1730640935,Will a Democrat win South Dakota Presidential Election?
0x3e98222ec80189351806179c8b938b6d856931a1dfca3347382d195cc678dd77,0x46df2ef3404bbf728768b3de971bac498c47268d,BUY,No,103817554879098980143189456527608321905884757182906793330525824422625380941210,0xcaec99debca1fe002f7af5b3ff300edfcf84c7ab7e366b24c12316ba99ed302e,0.9969999929,0.140333,0.1399120000036357,1730640239,Will a Democrat win South Dakota Presidential Election?
0x7458fa8cf533ec91a671e45fc48ac6022cf2b159be9d5c0fd10dfab4233a2cb9,0x15a91cbcd548b09b27b4cc0af3e78786b4980c66,BUY,No,103817554879098980143189456527608321905884757182906793330525824422625380941210,0xcaec99debca1fe002f7af5b3ff300edfcf84c7ab7e366b24c12316ba99ed302e,0.9969999923,0.130333,0.1299419999964359,1730639627,Will a Democrat win South Dakota Presidential Election?
0xcb0671850e443143412e5d3f9e3cf1f53de2783bb1c7d815c6df2426bbd4d198,0xa8b7f8b34185e9cc62c471e1d353595148a3ee3c,SELL,No,103817554879098980143189456527608321905884757182906793330525824422625380941210,0xcaec99debca1fe002f7af5b3ff300edfcf84c7ab7e366b24c12316ba99ed302e,0.996,487.96,486.00816,1730612100,Will a Democrat win South Dakota Presidential Election?
0x8760362edfbfc0c9614ac172f0f9e64f2b40d477996fdc6bb2b3c08c4fce04b9,0x10534e17a1b0d5134df890df2b62b301bfbb74c6,BUY,No,103817554879098980143189456527608321905884757182906793330525824422625380941210,0xcaec99debca1fe002f7af5b3ff300edfcf84c7ab7e366b24c12316ba99ed302e,0.997,16.72,16.669839999999997,1730568203,Will a Democrat win South Dakota Presidential Election?
0xb9429a287a09432984a8790a20e6bc8bf28f794be39e9af43a8bcef74c0d0929,0xf6814c5d5d3de535345cba069fdc0b5737503ad1,BUY,No,103817554879098980143189456527608321905884757182906793330525824422625380941210,0xcaec99debca1fe002f7af5b3ff300edfcf84c7ab7e366b24c12316ba99ed302e,0.997,101.594666,101.289882002,1730563232,Will a Democrat win South Dakota Presidential Election?
0x8479640e061638f07f57e7572062ee5650a8ca138c3dabc0643a9d6fa645d268,0x99a18b3de03fc7bf03bfbfb13f827ef6d018b0c3,SELL,Yes,105742278895779392184517567088147476702553818055925607866681628906726505150563,0xcaec99debca1fe002f7af5b3ff300edfcf84c7ab7e366b24c12316ba99ed302e,0.004,30,0.12,1730555815,Will a Democrat win South Dakota Presidential Election?
0xd6b345349a0bf8caaa4bd8f7fe818730a5cd8245cfbc7ebd087c7099ea3f969c,0x87a1fc57462b2ded8331c8d0b0cb1057df77bdd4,BUY,Yes,105742278895779392184517567088147476702553818055925607866681628906726505150563,0xcaec99debca1fe002f7af5b3ff300edfcf84c7ab7e366b24c12316ba99ed302e,0.007,10,0.07,1730499488,Will a Democrat win South Dakota Presidential Election?
0xe0cc63eeee93c1f2af61fd8dd28a545d4f5e9fd4a0f8a6d798a627ae7836882f,0x87a1fc57462b2ded8331c8d0b0cb1057df77bdd4,BUY,Yes,105742278895779392184517567088147476702553818055925607866681628906726505150563,0xcaec99debca1fe002f7af5b3ff300edfcf84c7ab7e366b24c12316ba99ed302e,0.007,10,0.07,1730478598,Will a Democrat win South Dakota Presidential Election?
0x2dbab00b7b6da85305c75efdb70bc3894fbce609897f28a00d540e26c940498b,0xe94daced393a275f012fa5e09b5eaf014f847041,BUY,No,103817554879098980143189456527608321905884757182906793330525824422625380941210,0xcaec99debca1fe002f7af5b3ff300edfcf84c7ab7e366b24c12316ba99ed302e,0.996,114.45775,113.999919,1730449635,Will a Democrat win South Dakota Presidential Election?
0x622fde357230f75090c13a770e274ca99f93bab19e3a45db5fb9b3c645e22443,0xd320cf5daf9009226387061c400bc054e036fb37,BUY,No,103817554879098980143189456527608321905884757182906793330525824422625380941210,0xcaec99debca1fe002f7af5b3ff300edfcf84c7ab7e366b24c12316ba99ed302e,0.996,6.305,6.27978,1730442937,Will a Democrat win South Dakota Presidential Election?
0xb134645518a7b0dc75c8a5b77db054e9fd8ec891fb3cc25d68cd02c17ff5be8b,0xd937e2d8225de9c1d3c32f606b534d16f3055300,SELL,No,103817554879098980143189456527608321905884757182906793330525824422625380941210,0xcaec99debca1fe002f7af5b3ff300edfcf84c7ab7e366b24c12316ba99ed302e,0.993,0.42,0.41706,1730437174,Will a Democrat win South Dakota Presidential Election?
0xb4a9d1ec74dd7fe84ae7901c4ed98f740cbb4cdd417de59f601d8246a5157765,0xd937e2d8225de9c1d3c32f606b534d16f3055300,BUY,No,103817554879098980143189456527608321905884757182906793330525824422625380941210,0xcaec99debca1fe002f7af5b3ff300edfcf84c7ab7e366b24c12316ba99ed302e,0.996,0.4215,0.41981399999999996,1730437064,Will a Democrat win South Dakota Presidential Election?
0x9c457de925c800455765b4f9c9776dd056d415c156344dee19db6fac76c3035e,0x87a1fc57462b2ded8331c8d0b0cb1057df77bdd4,BUY,Yes,105742278895779392184517567088147476702553818055925607866681628906726505150563,0xcaec99debca1fe002f7af5b3ff300edfcf84c7ab7e366b24c12316ba99ed302e,0.007,10,0.07,1730408929,Will a Democrat win South Dakota Presidential Election?
0x2acc4d635028f7a81d4a27a140006d40f787b779dd200fb9a53c9f0c768ca300,0x87a1fc57462b2ded8331c8d0b0cb1057df77bdd4,BUY,Yes,105742278895779392184517567088147476702553818055925607866681628906726505150563,0xcaec99debca1fe002f7af5b3ff300edfcf84c7ab7e366b24c12316ba99ed302e,0.007,10,0.07,1730394377,Will a Democrat win South Dakota Presidential Election?
0xa3b6f460743e4a4529942e2d21a4803ecc0c8ba2179bb3d403fc323fef535348,0x87a1fc57462b2ded8331c8d0b0cb1057df77bdd4,BUY,Yes,105742278895779392184517567088147476702553818055925607866681628906726505150563,0xcaec99debca1fe002f7af5b3ff300edfcf84c7ab7e366b24c12316ba99ed302e,0.007,10,0.07,1730393635,Will a Democrat win South Dakota Presidential Election?
0x4cf1a0b82fe125a7580c7b40c6f5de302cd29e39ad957c2d31e8868d841f56a2,0x294d5627b8c1b91b75c9d00b801e677011367d08,BUY,Yes,105742278895779392184517567088147476702553818055925607866681628906726505150563,0xcaec99debca1fe002f7af5b3ff300edfcf84c7ab7e366b24c12316ba99ed302e,0.0060189166,166.142857,0.9999999999687262,1730260528,Will a Democrat win South Dakota Presidential Election?
0x0955155ab4303187bce640fd09abbc6bde23345611bbceecb89cadcaa3187379,0x64727ffab57345f6ac5d8d250c39b21adaceee97,SELL,No,103817554879098980143189456527608321905884757182906793330525824422625380941210,0xcaec99debca1fe002f7af5b3ff300edfcf84c7ab7e366b24c12316ba99ed302e,0.994,22,21.868,1730214998,Will a Democrat win South Dakota Presidential Election?
0x2b59b29e6c144dcbf439cbdcb138d6efb032283696b39298447a425e61add352,0x64727ffab57345f6ac5d8d250c39b21adaceee97,BUY,No,103817554879098980143189456527608321905884757182906793330525824422625380941210,0xcaec99debca1fe002f7af5b3ff300edfcf84c7ab7e366b24c12316ba99ed302e,0.997,22,21.934,1730214992,Will a Democrat win South Dakota Presidential Election?
0x47ee98bfe5b83954154e24f0a2f383d15757c070b22905dee5ea81d010c874be,0x87a1fc57462b2ded8331c8d0b0cb1057df77bdd4,BUY,Yes,105742278895779392184517567088147476702553818055925607866681628906726505150563,0xcaec99debca1fe002f7af5b3ff300edfcf84c7ab7e366b24c12316ba99ed302e,0.006,15,0.09,1730210082,Will a Democrat win South Dakota Presidential Election?
0x1fdec72fed35cbdd1c5612b95e156116ed1a6c1dc8b4f7a9708d4a5a3f06d42a,0xd4b105d1e794fb3665d6c570fe4a8f0fe26fb278,BUY,Yes,105742278895779392184517567088147476702553818055925607866681628906726505150563,0xcaec99debca1fe002f7af5b3ff300edfcf84c7ab7e366b24c12316ba99ed302e,0.0052425495,5722.406665,30.000000200392417,1730209548,Will a Democrat win South Dakota Presidential Election?
0x8fc004ef9b5412fc969aee4b622ff79490018fbe9abce4eae2dbef27eeee3de9,0x3192e64d1ae1e1f4ac3894a63a87cc8d79239eeb,SELL,No,103817554879098980143189456527608321905884757182906793330525824422625380941210,0xcaec99debca1fe002f7af5b3ff300edfcf84c7ab7e366b24c12316ba99ed302e,0.995,10,9.95,1730185999,Will a Democrat win South Dakota Presidential Election?
0x8402044d704e405556fa0ec53e852358517c5a1053598c1698705855731b1470,0x3192e64d1ae1e1f4ac3894a63a87cc8d79239eeb,BUY,No,103817554879098980143189456527608321905884757182906793330525824422625380941210,0xcaec99debca1fe002f7af5b3ff300edfcf84c7ab7e366b24c12316ba99ed302e,0.997,10,9.97,1730185993,Will a Democrat win South Dakota Presidential Election?
0xa2c545621b667bd1f99c781ea1c45d4ffa1858972ad3a38e05ba577da0250dcf,0x5f390e4b7d6f06d6756a6c92afdbf7b3176aa78c,BUY,Yes,105742278895779392184517567088147476702553818055925607866681628906726505150563,0xcaec99debca1fe002f7af5b3ff300edfcf84c7ab7e366b24c12316ba99ed302e,0.005,2,0.01,1730185121,Will a Democrat win South Dakota Presidential Election?
0x73b5cfbc0a2cc508e336e336a2fd5af73d7e6a2a9f4a5c94eceb15cdb0b3f692,0xe7bd1b678d0ccad716da25c51249ee09780d90aa,SELL,Yes,105742278895779392184517567088147476702553818055925607866681628906726505150563,0xcaec99debca1fe002f7af5b3ff300edfcf84c7ab7e366b24c12316ba99ed302e,0.003,30,0.09,1730146011,Will a Democrat win South Dakota Presidential Election?
0x947bf9414f3d2a25b1ac0fc03e652864f3416c9fa9486508a1c8bd16ecf15520,0xe7bd1b678d0ccad716da25c51249ee09780d90aa,BUY,Yes,105742278895779392184517567088147476702553818055925607866681628906726505150563,0xcaec99debca1fe002f7af5b3ff300edfcf84c7ab7e366b24c12316ba99ed302e,0.004,30,0.12,1730146003,Will a Democrat win South Dakota Presidential Election?
0x5c7401e3689dc9348d14e154cddd135fd3c01045f2f3ce9f9568e89bd0a7b318,0x5f390e4b7d6f06d6756a6c92afdbf7b3176aa78c,BUY,Yes,105742278895779392184517567088147476702553818055925607866681628906726505150563,0xcaec99debca1fe002f7af5b3ff300edfcf84c7ab7e366b24c12316ba99ed302e,0.004,1.5,0.006,1730110787,Will a Democrat win South Dakota Presidential Election?
0x16c90b613bb8b02ac998bc280c62e772aecc255c6fb1867fb217163c4b3bd913,0xfd1905ab3b7d67444d96c74f96491a19369bb249,SELL,No,103817554879098980143189456527608321905884757182906793330525824422625380941210,0xcaec99debca1fe002f7af5b3ff300edfcf84c7ab7e366b24c12316ba99ed302e,0.996,4.52,4.501919999999999,1730107197,Will a Democrat win South Dakota Presidential Election?
0x87db2b154beb5ee44fbb7601cd868ff9246a861b4b6b0a71007c10e913fa34cd,0x405f2b3f83d115262e5f9a2f25106c48c4d70bf5,SELL,No,103817554879098980143189456527608321905884757182906793330525824422625380941210,0xcaec99debca1fe002f7af5b3ff300edfcf84c7ab7e366b24c12316ba99ed302e,0.996,2.83,2.81868,1730107007,Will a Democrat win South Dakota Presidential Election?
0xe37772ae4cf7b1015503963cac73ed290ae93037b94c91820fb0b67be96a37d9,0xe58c190606e03779fb80cc9a844ad2d63daa5e50,SELL,No,103817554879098980143189456527608321905884757182906793330525824422625380941210,0xcaec99debca1fe002f7af5b3ff300edfcf84c7ab7e366b24c12316ba99ed302e,0.996,3.91,3.8943600000000003,1730105078,Will a Democrat win South Dakota Presidential Election?
0x926b386f10c755d95174b49a590742714781e48323d43246ce45a71b1baeb391,0x8d4d46c59caf8e87ed78994e6cd6dd1a35c80b48,SELL,No,103817554879098980143189456527608321905884757182906793330525824422625380941210,0xcaec99debca1fe002f7af5b3ff300edfcf84c7ab7e366b24c12316ba99ed302e,0.996,7.74,7.70904,1730104028,Will a Democrat win South Dakota Presidential Election?
0x189097aad87374c90f97afd3814c341bace7617a17c71e5d15c5cfdcb74d995c,0x8d4d46c59caf8e87ed78994e6cd6dd1a35c80b48,BUY,No,103817554879098980143189456527608321905884757182906793330525824422625380941210,0xcaec99debca1fe002f7af5b3ff300edfcf84c7ab7e366b24c12316ba99ed302e,0.997,7.74,7.71678,1730104024,Will a Democrat win South Dakota Presidential Election?
0x2404a1ba632735be02b2979149ae01342c162cebac8569e2306d1e25611dad58,0xdade2f61849c7dde3014cf38e3bbe95a287ef1ae,SELL,No,103817554879098980143189456527608321905884757182906793330525824422625380941210,0xcaec99debca1fe002f7af5b3ff300edfcf84c7ab7e366b24c12316ba99ed302e,0.996,43,42.828,1730098218,Will a Democrat win South Dakota Presidential Election?
0x1b264afc285d0f8746cb45b6f5b4639f94540961981baed50c5e9b76ea8a96f3,0xdade2f61849c7dde3014cf38e3bbe95a287ef1ae,BUY,No,103817554879098980143189456527608321905884757182906793330525824422625380941210,0xcaec99debca1fe002f7af5b3ff300edfcf84c7ab7e366b24c12316ba99ed302e,0.997,43,42.871,1730096970,Will a Democrat win South Dakota Presidential Election?
0x1a4c68d909fb73269eede40dd91ab7fb4924d066e8d71ede3283e1ec2b272efc,0xdb6df7aa663cd38ae56be713fbdc4d2e07d56d4e,SELL,No,103817554879098980143189456527608321905884757182906793330525824422625380941210,0xcaec99debca1fe002f7af5b3ff300edfcf84c7ab7e366b24c12316ba99ed302e,0.996,27,26.892,1730091664,Will a Democrat win South Dakota Presidential Election?
0x5828b57af29727e992c3e9b84001f3c20aeec70a0a3979a8136361e5e0c0451c,0x70d50e2fb1901739fb281497d0def97bb40c8f84,SELL,No,103817554879098980143189456527608321905884757182906793330525824422625380941210,0xcaec99debca1fe002f7af5b3ff300edfcf84c7ab7e366b24c12316ba99ed302e,0.996,50,49.8,1730090547,Will a Democrat win South Dakota Presidential Election?
0x2d84c877b0be5e17d115434fd1b2b57a42b36a3c2a90d9b74ed949a62495b045,0xdb6df7aa663cd38ae56be713fbdc4d2e07d56d4e,BUY,No,103817554879098980143189456527608321905884757182906793330525824422625380941210,0xcaec99debca1fe002f7af5b3ff300edfcf84c7ab7e366b24c12316ba99ed302e,0.997,27,26.919,1730090338,Will a Democrat win South Dakota Presidential Election?
0xe6f54d62aeb09db89db660cd690ff073391eb6ffe2d62a13407d2639d948c8c9,0x16d49284131efb32daebcc89a900ed84b732f1d8,SELL,No,103817554879098980143189456527608321905884757182906793330525824422625380941210,0xcaec99debca1fe002f7af5b3ff300edfcf84c7ab7e366b24c12316ba99ed302e,0.996,23,22.908,1730089249,Will a Democrat win South Dakota Presidential Election?
0x43d7767f102a9b8474761bfa5d2acfa765ddacccd55a592fddfb4fd554659cfe,0x70d50e2fb1901739fb281497d0def97bb40c8f84,BUY,No,103817554879098980143189456527608321905884757182906793330525824422625380941210,0xcaec99debca1fe002f7af5b3ff300edfcf84c7ab7e366b24c12316ba99ed302e,0.997,50,49.85,1730088569,Will a Democrat win South Dakota Presidential Election?
0xa417bdc19adee42dced9f93f77e92c436f79c09a0b06102145140c5f5477f03c,0x16d49284131efb32daebcc89a900ed84b732f1d8,BUY,No,103817554879098980143189456527608321905884757182906793330525824422625380941210,0xcaec99debca1fe002f7af5b3ff300edfcf84c7ab7e366b24c12316ba99ed302e,0.997,23,22.931,1730087359,Will a Democrat win South Dakota Presidential Election?
0x65b01facecc5655ecf04327dc2a9ffed973a2456486c0f417e65501ca38a0da1,0x16d49284131efb32daebcc89a900ed84b732f1d8,SELL,No,103817554879098980143189456527608321905884757182906793330525824422625380941210,0xcaec99debca1fe002f7af5b3ff300edfcf84c7ab7e366b24c12316ba99ed302e,0.996,42,41.832,1730085021,Will a Democrat win South Dakota Presidential Election?
0x9029664374cd2782654503653bb45fbafc2c31d23071641e432e3ebfd0e5c915,0xd77bbe77e520c944de6778c339ade854db1fd993,SELL,No,103817554879098980143189456527608321905884757182906793330525824422625380941210,0xcaec99debca1fe002f7af5b3ff300edfcf84c7ab7e366b24c12316ba99ed302e,0.996,74,73.704,1730084569,Will a Democrat win South Dakota Presidential Election?
0xd4b6142fa257385eb7d9f78e3cb17bb57a2b4c02cf16b63e05760bea2e45a4ff,0x16d49284131efb32daebcc89a900ed84b732f1d8,BUY,No,103817554879098980143189456527608321905884757182906793330525824422625380941210,0xcaec99debca1fe002f7af5b3ff300edfcf84c7ab7e366b24c12316ba99ed302e,0.997,42,41.874,1730084359,Will a Democrat win South Dakota Presidential Election?
0xf05bd70f8cae7d1574aab5b683a6602ad20bdd9f0f7479244c8e6aa54cb82cc7,0x400d27ecbf016e08fa67c7577d5080b680ab196f,SELL,No,103817554879098980143189456527608321905884757182906793330525824422625380941210,0xcaec99debca1fe002f7af5b3ff300edfcf84c7ab7e366b24c12316ba99ed302e,0.996,50,49.8,1730083073,Will a Democrat win South Dakota Presidential Election?
0xbbbd219ab4d3f1a1465f1dec2543b88e23b083300b9e4262fdf6798e60de2b59,0xd77bbe77e520c944de6778c339ade854db1fd993,BUY,No,103817554879098980143189456527608321905884757182906793330525824422625380941210,0xcaec99debca1fe002f7af5b3ff300edfcf84c7ab7e366b24c12316ba99ed302e,0.997,74,73.778,1730082667,Will a Democrat win South Dakota Presidential Election?
0x2142e7bb91c18e843937c6f9d8d936bf847307d55f3c97cb629a0e617353455e,0x400d27ecbf016e08fa67c7577d5080b680ab196f,BUY,No,103817554879098980143189456527608321905884757182906793330525824422625380941210,0xcaec99debca1fe002f7af5b3ff300edfcf84c7ab7e366b24c12316ba99ed302e,0.997,50,49.85,1730082045,Will a Democrat win South Dakota Presidential Election?
0x3493fa09fc213a3147ced879a7bebbfbb2ffaa5e110e08aeac9d7ac4f062674f,0xdbca48867189b012a3d00405a93fcfd5bbb9aa52,SELL,No,103817554879098980143189456527608321905884757182906793330525824422625380941210,0xcaec99debca1fe002f7af5b3ff300edfcf84c7ab7e366b24c12316ba99ed302e,0.996,41,40.836,1730079770,Will a Democrat win South Dakota Presidential Election?
0x85d70e60aa6b3fdd7748f31cff28878d47d1c9f81df2db97124a8c7a0b076b6f,0xdbca48867189b012a3d00405a93fcfd5bbb9aa52,BUY,No,103817554879098980143189456527608321905884757182906793330525824422625380941210,0xcaec99debca1fe002f7af5b3ff300edfcf84c7ab7e366b24c12316ba99ed302e,0.997,41,40.877,1730078377,Will a Democrat win South Dakota Presidential Election?
0xe7f5d1dbbf785c330b6f987eb0960fcd179a806eb968ee9232f7371ee92e5fde,0x8be062007fe7af34b55d154ffe265bd5704d063d,SELL,No,103817554879098980143189456527608321905884757182906793330525824422625380941210,0xcaec99debca1fe002f7af5b3ff300edfcf84c7ab7e366b24c12316ba99ed302e,0.996,13,12.948,1730076184,Will a Democrat win South Dakota Presidential Election?
0x163519513d970d9e1253100ba759e7fca5610e4ce621929bdd7dd73e09f24cb0,0x8be062007fe7af34b55d154ffe265bd5704d063d,BUY,No,103817554879098980143189456527608321905884757182906793330525824422625380941210,0xcaec99debca1fe002f7af5b3ff300edfcf84c7ab7e366b24c12316ba99ed302e,0.997,13,12.961,1730074832,Will a Democrat win South Dakota Presidential Election?
0x86ac0b365ea7a2a00e7f8584c8a533e663a6a806279e5e967ba790b463496d6d,0xa33ac0bdc991148ec83331450b6507c6ab959a3c,SELL,No,103817554879098980143189456527608321905884757182906793330525824422625380941210,0xcaec99debca1fe002f7af5b3ff300edfcf84c7ab7e366b24c12316ba99ed302e,0.996,8,7.968,1730074196,Will a Democrat win South Dakota Presidential Election?
0x61d0d0ae3c239e8117d1813fa2f076b8285e620ea0b66331ba53d6130046e737,0xc5c32ad70e1b0795b42fe6c6812ba2a4f3300cac,SELL,No,103817554879098980143189456527608321905884757182906793330525824422625380941210,0xcaec99debca1fe002f7af5b3ff300edfcf84c7ab7e366b24c12316ba99ed302e,0.996,79,78.684,1730074042,Will a Democrat win South Dakota Presidential Election?
0x60c7b426b66fce69ae8c63d36b0ff4feab43082d3a2575c3d1380dbf888875f0,0xc30616a1b17953e305c21a779267e0bebd8ff4b9,SELL,No,103817554879098980143189456527608321905884757182906793330525824422625380941210,0xcaec99debca1fe002f7af5b3ff300edfcf84c7ab7e366b24c12316ba99ed302e,0.996,61,60.756,1730073976,Will a Democrat win South Dakota Presidential Election?
0x4b2c301e02b17f046a6904a8b4e58e0714cbf7fef1d231d20a2d7b352abece63,0xa33ac0bdc991148ec83331450b6507c6ab959a3c,BUY,No,103817554879098980143189456527608321905884757182906793330525824422625380941210,0xcaec99debca1fe002f7af5b3ff300edfcf84c7ab7e366b24c12316ba99ed302e,0.997,8,7.976,1730073602,Will a Democrat win South Dakota Presidential Election?
0xc70eec7fd530b3e3607cea514f409d7670506e471c72fefce050eb17464ef106,0xc5c32ad70e1b0795b42fe6c6812ba2a4f3300cac,BUY,No,103817554879098980143189456527608321905884757182906793330525824422625380941210,0xcaec99debca1fe002f7af5b3ff300edfcf84c7ab7e366b24c12316ba99ed302e,0.997,79,78.763,1730072922,Will a Democrat win South Dakota Presidential Election?
0x225ab8be4f309d941a745276b7fda37e9f775e0eeaf4a0b1c4ff5f802b4566d3,0xc30616a1b17953e305c21a779267e0bebd8ff4b9,BUY,No,103817554879098980143189456527608321905884757182906793330525824422625380941210,0xcaec99debca1fe002f7af5b3ff300edfcf84c7ab7e366b24c12316ba99ed302e,0.997,61,60.817,1730072426,Will a Democrat win South Dakota Presidential Election?
0xf9f504a4a30fb5064c693533668ad6368a309a21d1d4a0d7989ad184bd66cea4,0xdfd09c4a0d485843e2b6ec794566024b0d3b8dcc,SELL,No,103817554879098980143189456527608321905884757182906793330525824422625380941210,0xcaec99debca1fe002f7af5b3ff300edfcf84c7ab7e366b24c12316ba99ed302e,0.996,69,68.724,1730070480,Will a Democrat win South Dakota Presidential Election?
0x408d50ae16bd8df9de53277a77387ebfa8bd28fe44c8d86b196234601590a18c,0xb8c29292d58dbb3460102cb65ce6d1aae620e3b6,SELL,No,103817554879098980143189456527608321905884757182906793330525824422625380941210,0xcaec99debca1fe002f7af5b3ff300edfcf84c7ab7e366b24c12316ba99ed302e,0.996,16,15.936,1730070272,Will a Democrat win South Dakota Presidential Election?
0x262bbc7f770f3a9431e2edd7c8d032061c6ddf6345f645c8f0f813cac2f3b242,0xb8c29292d58dbb3460102cb65ce6d1aae620e3b6,BUY,No,103817554879098980143189456527608321905884757182906793330525824422625380941210,0xcaec99debca1fe002f7af5b3ff300edfcf84c7ab7e366b24c12316ba99ed302e,0.997,16,15.952,1730069896,Will a Democrat win South Dakota Presidential Election?
0x39676e67acbf9dbce7e31ad6b046cd5ab65906efcdd638b5a232523ebba8db12,0x9f406cce6b1b9d6e6e232a7541a9bf3173d80205,SELL,No,103817554879098980143189456527608321905884757182906793330525824422625380941210,0xcaec99debca1fe002f7af5b3ff300edfcf84c7ab7e366b24c12316ba99ed302e,0.996,28,27.887999999999998,1730069684,Will a Democrat win South Dakota Presidential Election?
0xbf83ced62f3b6065e417decc5b9092db422eaa4fa6fd012f69413479010247bf,0xdfd09c4a0d485843e2b6ec794566024b0d3b8dcc,BUY,No,103817554879098980143189456527608321905884757182906793330525824422625380941210,0xcaec99debca1fe002f7af5b3ff300edfcf84c7ab7e366b24c12316ba99ed302e,0.997,69,68.793,1730068622,Will a Democrat win South Dakota Presidential Election?
0x6cc598fa70ef4042267eebdd979d3578d963e26519ce850dfc488ad811278d23,0x06e538a97a83c8c6355245dfcd7911fbbf90aed9,SELL,No,103817554879098980143189456527608321905884757182906793330525824422625380941210,0xcaec99debca1fe002f7af5b3ff300edfcf84c7ab7e366b24c12316ba99ed302e,0.996,67,66.732,1730068448,Will a Democrat win South Dakota Presidential Election?
0xafc82ff0f748608c25468b14fc3b9438f3ca936a50acee815c39b823e1e22059,0x9f406cce6b1b9d6e6e232a7541a9bf3173d80205,BUY,No,103817554879098980143189456527608321905884757182906793330525824422625380941210,0xcaec99debca1fe002f7af5b3ff300edfcf84c7ab7e366b24c12316ba99ed302e,0.997,28,27.916,1730068086,Will a Democrat win South Dakota Presidential Election?
0x81c776374215f24a5020349a0ee7872fa900dec0a69587432c99e77b7466b1d6,0x06e538a97a83c8c6355245dfcd7911fbbf90aed9,BUY,No,103817554879098980143189456527608321905884757182906793330525824422625380941210,0xcaec99debca1fe002f7af5b3ff300edfcf84c7ab7e366b24c12316ba99ed302e,0.997,67,66.799,1730066882,Will a Democrat win South Dakota Presidential Election?
0x42c3ea637304c66d3511a6fe3950d904f69516ca33d651be202cdca0b06af33b,0xec7cce71a8dac61af950bacb6c17d60d6107c549,SELL,No,103817554879098980143189456527608321905884757182906793330525824422625380941210,0xcaec99debca1fe002f7af5b3ff300edfcf84c7ab7e366b24c12316ba99ed302e,0.996,74,73.704,1730066172,Will a Democrat win South Dakota Presidential Election?
0xe4c50cae3b060320454a8df1bcc1999a34a85fa2a72efaa55f394b3fe467b846,0xa213659587c10d40a6bb3886021f4c30006c5021,SELL,No,103817554879098980143189456527608321905884757182906793330525824422625380941210,0xcaec99debca1fe002f7af5b3ff300edfcf84c7ab7e366b24c12316ba99ed302e,0.996,19,18.924,1730066114,Will a Democrat win South Dakota Presidential Election?
0xd8fe5fd90679af670db75f5577e5adf2d6cc3900171e26b4780b1b9316f6f663,0xa213659587c10d40a6bb3886021f4c30006c5021,BUY,No,103817554879098980143189456527608321905884757182906793330525824422625380941210,0xcaec99debca1fe002f7af5b3ff300edfcf84c7ab7e366b24c12316ba99ed302e,0.997,19,18.943,1730064988,Will a Democrat win South Dakota Presidential Election?
0x74a96d87849887f8af8cdacbe28104eaac47970075b57c3ee311c0a97c871214,0xec7cce71a8dac61af950bacb6c17d60d6107c549,BUY,No,103817554879098980143189456527608321905884757182906793330525824422625380941210,0xcaec99debca1fe002f7af5b3ff300edfcf84c7ab7e366b24c12316ba99ed302e,0.997,74,73.778,1730064536,Will a Democrat win South Dakota Presidential Election?
0x16fc7a83ef44088a4ba942c5c959e68fe40be3d045026b6ebcc39770bec9ce55,0x1c4905d067c628e7a405f2dce8783959be9a7135,SELL,No,103817554879098980143189456527608321905884757182906793330525824422625380941210,0xcaec99debca1fe002f7af5b3ff300edfcf84c7ab7e366b24c12316ba99ed302e,0.996,60,59.76,1730063994,Will a Democrat win South Dakota Presidential Election?
0x6da75ae174578600880259978b50cd5bfeabc40ccd7602bebea86b528ded3e99,0x1c4905d067c628e7a405f2dce8783959be9a7135,BUY,No,103817554879098980143189456527608321905884757182906793330525824422625380941210,0xcaec99debca1fe002f7af5b3ff300edfcf84c7ab7e366b24c12316ba99ed302e,0.997,60,59.82,1730063158,Will a Democrat win South Dakota Presidential Election?
0xdc0909c56ce5fec02969a928a8c64986600742b9c1be7a42f943807d44cedcad,0x4450a80af592acd71fb4489013c8f26b25195162,SELL,No,103817554879098980143189456527608321905884757182906793330525824422625380941210,0xcaec99debca1fe002f7af5b3ff300edfcf84c7ab7e366b24c12316ba99ed302e,0.996,56,55.775999999999996,1730062466,Will a Democrat win South Dakota Presidential Election?
0x57b43439fc37f2f34a85cc2b68a3757353355ab9ed2e59773692911b5a25b98e,0xd232344e84c0478b51ddb5b67c548bddb9cc0848,SELL,No,103817554879098980143189456527608321905884757182906793330525824422625380941210,0xcaec99debca1fe002f7af5b3ff300edfcf84c7ab7e366b24c12316ba99ed302e,0.996,7,6.9719999999999995,1730062340,Will a Democrat win South Dakota Presidential Election?
0xa8910369abe95746d49998d0d3f8f7e0310271ea486fc5668aa246e179004204,0x4450a80af592acd71fb4489013c8f26b25195162,BUY,No,103817554879098980143189456527608321905884757182906793330525824422625380941210,0xcaec99debca1fe002f7af5b3ff300edfcf84c7ab7e366b24c12316ba99ed302e,0.997,56,55.832,1730062130,Will a Democrat win South Dakota Presidential Election?
0x3a22d3368429842e4435980a569f44206c8d5689183270b846e61acd339f1100,0xd232344e84c0478b51ddb5b67c548bddb9cc0848,BUY,No,103817554879098980143189456527608321905884757182906793330525824422625380941210,0xcaec99debca1fe002f7af5b3ff300edfcf84c7ab7e366b24c12316ba99ed302e,0.997,7,6.979,1730061551,Will a Democrat win South Dakota Presidential Election?
0x33760946572c33a4804cfd4f7ac96f89d50afab4afffafddb06f7ed0d83eec48,0xfc962c2e164fc748370f49de39dcac146b92e1bc,SELL,No,103817554879098980143189456527608321905884757182906793330525824422625380941210,0xcaec99debca1fe002f7af5b3ff300edfcf84c7ab7e366b24c12316ba99ed302e,0.996,10,9.96,1730060727,Will a Democrat win South Dakota Presidential Election?
0xc6af4d8e2c54ec77e965037c2981a62622dde87cbdfee8142277408919aead2f,0xfc962c2e164fc748370f49de39dcac146b92e1bc,BUY,No,103817554879098980143189456527608321905884757182906793330525824422625380941210,0xcaec99debca1fe002f7af5b3ff300edfcf84c7ab7e366b24c12316ba99ed302e,0.997,10,9.97,1730060224,Will a Democrat win South Dakota Presidential Election?
0x17a51ddfb4023e08529b6d317711c08540a7574bee544f125cc7b2b97815ae91,0x5d38e53a16149baa4fecaaf6351a3582e5043fad,SELL,No,103817554879098980143189456527608321905884757182906793330525824422625380941210,0xcaec99debca1fe002f7af5b3ff300edfcf84c7ab7e366b24c12316ba99ed302e,0.996,1.25,1.245,1730060086,Will a Democrat win South Dakota Presidential Election?
0x062c6f6e722bfcaee82fe8b0af998fa7a7965663f462895ecfec1c05a7c50b39,0x5d38e53a16149baa4fecaaf6351a3582e5043fad,BUY,No,103817554879098980143189456527608321905884757182906793330525824422625380941210,0xcaec99debca1fe002f7af5b3ff300edfcf84c7ab7e366b24c12316ba99ed302e,0.9969999984,1.253666,1.2499049999941343,1730060010,Will a Democrat win South Dakota Presidential Election?
0x0517bc3150c64cd951a0c197ad1add670089df998b82446cf4dc00ed18085ffb,0x87a1fc57462b2ded8331c8d0b0cb1057df77bdd4,BUY,Yes,105742278895779392184517567088147476702553818055925607866681628906726505150563,0xcaec99debca1fe002f7af5b3ff300edfcf84c7ab7e366b24c12316ba99ed302e,0.004,17.5,0.07,1730058088,Will a Democrat win South Dakota Presidential Election?
0xabf14aa9135101a9f7973f0c9dc1a6ccc8f10d7ece5d8a7bf4affe62d4bb32c4,0x50ee71e70e52fe8a8bf37009fadeba98395ef581,SELL,No,103817554879098980143189456527608321905884757182906793330525824422625380941210,0xcaec99debca1fe002f7af5b3ff300edfcf84c7ab7e366b24c12316ba99ed302e,0.996,12.92,12.86832,1730049204,Will a Democrat win South Dakota Presidential Election?
0x2c6ab9841d519001aeaa04c1a4cab65134b5104616b3a52c53c8e1fe79b013ea,0x50ee71e70e52fe8a8bf37009fadeba98395ef581,BUY,No,103817554879098980143189456527608321905884757182906793330525824422625380941210,0xcaec99debca1fe002f7af5b3ff300edfcf84c7ab7e366b24c12316ba99ed302e,0.997,12.92,12.88124,1730049194,Will a Democrat win South Dakota Presidential Election?
0x27e8387f3e9fa320a06c41152b722e9a16104072f5830308d671a6e1a3616c05,0xad3df08ac1c18717b05f5b4461edbccf28737a40,BUY,Yes,105742278895779392184517567088147476702553818055925607866681628906726505150563,0xcaec99debca1fe002f7af5b3ff300edfcf84c7ab7e366b24c12316ba99ed302e,0.004,250,1.0,1730032021,Will a Democrat win South Dakota Presidential Election?
0x906ba7cf9dcc6e49d9e59ef5a8ea740cda27ae53f4d3109c91682dad431c6535,0xe3323bca69401bb1ace7340a21c0546cf2004e09,SELL,Yes,105742278895779392184517567088147476702553818055925607866681628906726505150563,0xcaec99debca1fe002f7af5b3ff300edfcf84c7ab7e366b24c12316ba99ed302e,0.003,350,1.05,1730019978,Will a Democrat win South Dakota Presidential Election?
0x8a93ebbcbce71a5329ecedb68988a4ab648d2125aeaffb108d78ff8176a29267,0xe3323bca69401bb1ace7340a21c0546cf2004e09,BUY,Yes,105742278895779392184517567088147476702553818055925607866681628906726505150563,0xcaec99debca1fe002f7af5b3ff300edfcf84c7ab7e366b24c12316ba99ed302e,0.004,350,1.4000000000000001,1730019940,Will a Democrat win South Dakota Presidential Election?
0x3885c101ea7a05f412597c55f7d7c6505da96ccbb9918e1beedb0d910f8310a5,0xfc962c2e164fc748370f49de39dcac146b92e1bc,SELL,No,103817554879098980143189456527608321905884757182906793330525824422625380941210,0xcaec99debca1fe002f7af5b3ff300edfcf84c7ab7e366b24c12316ba99ed302e,0.996,27,26.892,1730008601,Will a Democrat win South Dakota Presidential Election?
0xa01867abe4a8db638c6e3b50a96efa25b11a5498c90983794816a3a1fc9d5222,0xfc962c2e164fc748370f49de39dcac146b92e1bc,BUY,No,103817554879098980143189456527608321905884757182906793330525824422625380941210,0xcaec99debca1fe002f7af5b3ff300edfcf84c7ab7e366b24c12316ba99ed302e,0.997,27,26.919,1730008125,Will a Democrat win South Dakota Presidential Election?
0xb87d923ab44c0b6f7c5e921629c6a79ec75784cff7f501899fed9f14ad322627,0x16d49284131efb32daebcc89a900ed84b732f1d8,SELL,No,103817554879098980143189456527608321905884757182906793330525824422625380941210,0xcaec99debca1fe002f7af5b3ff300edfcf84c7ab7e366b24c12316ba99ed302e,0.996,84,83.664,1730006315,Will a Democrat win South Dakota Presidential Election?
0xadf99bfd71222986be672bb597fb3788bd67daa7057b7a8e26e7577c483a850d,0x16d49284131efb32daebcc89a900ed84b732f1d8,BUY,No,103817554879098980143189456527608321905884757182906793330525824422625380941210,0xcaec99debca1fe002f7af5b3ff300edfcf84c7ab7e366b24c12316ba99ed302e,0.997,84,83.748,1730005713,Will a Democrat win South Dakota Presidential Election?
0xfbab545e40616a7282e2a509874dc90f972e5d1343e6230fe2c3efe42cc3d38d,0x7b0e9728486aec817a6cd98a5b0264fa036c136d,SELL,No,103817554879098980143189456527608321905884757182906793330525824422625380941210,0xcaec99debca1fe002f7af5b3ff300edfcf84c7ab7e366b24c12316ba99ed302e,0.996,9,8.964,1730003904,Will a Democrat win South Dakota Presidential Election?
0x04b97fe3530da506e2e8afb0ad9d126fe9cd1f7bf6809b3429e912c6c6d40a92,0x7b0e9728486aec817a6cd98a5b0264fa036c136d,BUY,No,103817554879098980143189456527608321905884757182906793330525824422625380941210,0xcaec99debca1fe002f7af5b3ff300edfcf84c7ab7e366b24c12316ba99ed302e,0.997,9,8.973,1730003268,Will a Democrat win South Dakota Presidential Election?
0xcab9c5f143b1227e3773342378b2fb00bc514bff269a03c0e77d2d2b0abc22b0,0x0a3386ecb03e85eb1f16c59785e67df9373de4ab,SELL,No,103817554879098980143189456527608321905884757182906793330525824422625380941210,0xcaec99debca1fe002f7af5b3ff300edfcf84c7ab7e366b24c12316ba99ed302e,0.996,53,52.788,1729998517,Will a Democrat win South Dakota Presidential Election?
0xbc1f61ba036ac17c0a99676a14b8c15895116ebbfa0043f04c874a1aa4ea174a,0x0a3386ecb03e85eb1f16c59785e67df9373de4ab,BUY,No,103817554879098980143189456527608321905884757182906793330525824422625380941210,0xcaec99debca1fe002f7af5b3ff300edfcf84c7ab7e366b24c12316ba99ed302e,0.997,53,52.841,1729996723,Will a Democrat win South Dakota Presidential Election?
0x2a7828fef9ba2c4bba40b8fed2ce24bf29f19ee87feb5304d5f085a3739f07bb,0x717ed8c56702f8e5cadc3d548a64f80c92aae816,SELL,No,103817554879098980143189456527608321905884757182906793330525824422625380941210,0xcaec99debca1fe002f7af5b3ff300edfcf84c7ab7e366b24c12316ba99ed302e,0.996,41,40.836,1729995711,Will a Democrat win South Dakota Presidential Election?
0x0d64814672d3fba70289d85693c015785042c97d89fe2edd0e2feab86510ef7f,0x717ed8c56702f8e5cadc3d548a64f80c92aae816,BUY,No,103817554879098980143189456527608321905884757182906793330525824422625380941210,0xcaec99debca1fe002f7af5b3ff300edfcf84c7ab7e366b24c12316ba99ed302e,0.997,41,40.877,1729994915,Will a Democrat win South Dakota Presidential Election?
0x565d3a47f79b1d900e4ea528dd9c3d411748aef884938eebd3704089025eb902,0x8be062007fe7af34b55d154ffe265bd5704d063d,SELL,No,103817554879098980143189456527608321905884757182906793330525824422625380941210,0xcaec99debca1fe002f7af5b3ff300edfcf84c7ab7e366b24c12316ba99ed302e,0.996,16,15.936,1729994671,Will a Democrat win South Dakota Presidential Election?
0xbcab31d0767bdad72704e020057d7dfec5c59c1f2bbfbcb36d24d060da4bbd50,0x8be062007fe7af34b55d154ffe265bd5704d063d,BUY,No,103817554879098980143189456527608321905884757182906793330525824422625380941210,0xcaec99debca1fe002f7af5b3ff300edfcf84c7ab7e366b24c12316ba99ed302e,0.997,16,15.952,1729994199,Will a Democrat win South Dakota Presidential Election?
0xbf8395813054873b6ffbfe1c79d496069226aaf2b9a72f1005d09d72f8431b48,0x2c29c76a32c9a77a17cfd02687b0df0f1082abe5,SELL,No,103817554879098980143189456527608321905884757182906793330525824422625380941210,0xcaec99debca1fe002f7af5b3ff300edfcf84c7ab7e366b24c12316ba99ed302e,0.996,0.65,0.6474,1729980355,Will a Democrat win South Dakota Presidential Election?
0xcfa82ba46cf4e294bacb1a53293f300d0ab1727a15fb8736aae1a9554bd53116,0x2c29c76a32c9a77a17cfd02687b0df0f1082abe5,BUY,No,103817554879098980143189456527608321905884757182906793330525824422625380941210,0xcaec99debca1fe002f7af5b3ff300edfcf84c7ab7e366b24c12316ba99ed302e,0.9969999969,0.651666,0.6497109999798354,1729980281,Will a Democrat win South Dakota Presidential Election?
0x8eea78075653d3ccb1d42fadb6a10895de52cb8e13f1b6a0da5d0dd0c5a33767,0x5f390e4b7d6f06d6756a6c92afdbf7b3176aa78c,BUY,Yes,105742278895779392184517567088147476702553818055925607866681628906726505150563,0xcaec99debca1fe002f7af5b3ff300edfcf84c7ab7e366b24c12316ba99ed302e,0.004,35.5,0.14200000000000002,1729954507,Will a Democrat win South Dakota Presidential Election?
0xe396f295ef0d74b412eb8e1412ca5f7a0fced60346e0854ede997d3e2eeb1dcf,0x5f390e4b7d6f06d6756a6c92afdbf7b3176aa78c,BUY,Yes,105742278895779392184517567088147476702553818055925607866681628906726505150563,0xcaec99debca1fe002f7af5b3ff300edfcf84c7ab7e366b24c12316ba99ed302e,0.004,2,0.008,1729949479,Will a Democrat win South Dakota Presidential Election?
0x8f12f7454d342697abe8e5a0568fd5f77430c0608da7dd729030d44d1dc9249a,0x5f390e4b7d6f06d6756a6c92afdbf7b3176aa78c,BUY,Yes,105742278895779392184517567088147476702553818055925607866681628906726505150563,0xcaec99debca1fe002f7af5b3ff300edfcf84c7ab7e366b24c12316ba99ed302e,0.004,2,0.008,1729948200,Will a Democrat win South Dakota Presidential Election?
0x6a464d5afc8175cb19ed22b9ad4e8b76670675f6d59448243f7cb12cb6a6b970,0x6356fb47642a028bc09df92023c35a21a0b41885,SELL,Yes,105742278895779392184517567088147476702553818055925607866681628906726505150563,0xcaec99debca1fe002f7af5b3ff300edfcf84c7ab7e366b24c12316ba99ed302e,0.003,0.42,0.00126,1729948024,Will a Democrat win South Dakota Presidential Election?
0xee4f760e03a707bbf7fcfa6f1a1a1223c33ee1906b5fecea255f53e2df35324f,0x5f390e4b7d6f06d6756a6c92afdbf7b3176aa78c,BUY,Yes,105742278895779392184517567088147476702553818055925607866681628906726505150563,0xcaec99debca1fe002f7af5b3ff300edfcf84c7ab7e366b24c12316ba99ed302e,0.004,2,0.008,1729948008,Will a Democrat win South Dakota Presidential Election?
0x0af4f9a1c691143df0df4aecad04dd80e72108a26b418e04f8046f67e342fb45,0x5f390e4b7d6f06d6756a6c92afdbf7b3176aa78c,BUY,Yes,105742278895779392184517567088147476702553818055925607866681628906726505150563,0xcaec99debca1fe002f7af5b3ff300edfcf84c7ab7e366b24c12316ba99ed302e,0.004,2,0.008,1729947722,Will a Democrat win South Dakota Presidential Election?
0x00e0d29415a7a8c28bc45500a671e5600aec584051ec6b0ecdab9a6f5db72a51,0x0acdc4e9c6507a48a6b8cdafc4e054302ca4f6b0,SELL,No,103817554879098980143189456527608321905884757182906793330525824422625380941210,0xcaec99debca1fe002f7af5b3ff300edfcf84c7ab7e366b24c12316ba99ed302e,0.996,2.73,2.71908,1729936790,Will a Democrat win South Dakota Presidential Election?
0xc576bc882cff45f2e484f972d879e18f93bbe711d53b4dc2b8beafc02328a7ad,0x6fe01adfaad4a9b94a2a5c8c4133015ff0038d78,SELL,No,103817554879098980143189456527608321905884757182906793330525824422625380941210,0xcaec99debca1fe002f7af5b3ff300edfcf84c7ab7e366b24c12316ba99ed302e,0.996,30,29.88,1729925674,Will a Democrat win South Dakota Presidential Election?
0xc62a17dd9fe909c8bb6e3917b4098644f6e9a80bec1529fed9fac5d808d99dac,0xec7cce71a8dac61af950bacb6c17d60d6107c549,SELL,No,103817554879098980143189456527608321905884757182906793330525824422625380941210,0xcaec99debca1fe002f7af5b3ff300edfcf84c7ab7e366b24c12316ba99ed302e,0.996,74,73.704,1729924800,Will a Democrat win South Dakota Presidential Election?
0xa86636c1f95e7a6e45a745adf801242274adf054d6803dc8246515cef2f0e1f2,0x6fe01adfaad4a9b94a2a5c8c4133015ff0038d78,BUY,No,103817554879098980143189456527608321905884757182906793330525824422625380941210,0xcaec99debca1fe002f7af5b3ff300edfcf84c7ab7e366b24c12316ba99ed302e,0.997,30,29.91,1729924574,Will a Democrat win South Dakota Presidential Election?
0xd18ca566fe59e6f9cab4f3ce97b68f93c31441207912ff8314802c394ffa7eba,0xec7cce71a8dac61af950bacb6c17d60d6107c549,BUY,No,103817554879098980143189456527608321905884757182906793330525824422625380941210,0xcaec99debca1fe002f7af5b3ff300edfcf84c7ab7e366b24c12316ba99ed302e,0.997,74,73.778,1729923917,Will a Democrat win South Dakota Presidential Election?
0x4096742dddc8e0518917d5736a7ac6352457168d1f5dd534462b0f771575939d,0x0a3386ecb03e85eb1f16c59785e67df9373de4ab,SELL,No,103817554879098980143189456527608321905884757182906793330525824422625380941210,0xcaec99debca1fe002f7af5b3ff300edfcf84c7ab7e366b24c12316ba99ed302e,0.996,27,26.892,1729923199,Will a Democrat win South Dakota Presidential Election?
0x98ae8c37887b2174b9479d527e92fb225ae936bb91cf3593b7b1c65e7286fe70,0x0a3386ecb03e85eb1f16c59785e67df9373de4ab,BUY,No,103817554879098980143189456527608321905884757182906793330525824422625380941210,0xcaec99debca1fe002f7af5b3ff300edfcf84c7ab7e366b24c12316ba99ed302e,0.997,27,26.919,1729921609,Will a Democrat win South Dakota Presidential Election?
0x1dfe327a35b9dbd51b0cd1c336dd6be099144aa8eb5adfe85167dc4fd9238b1f,0x9dbccd8c426394d7fae7ce3a0f09df5743d0f0ba,SELL,No,103817554879098980143189456527608321905884757182906793330525824422625380941210,0xcaec99debca1fe002f7af5b3ff300edfcf84c7ab7e366b24c12316ba99ed302e,0.996,77,76.692,1729921577,Will a Democrat win South Dakota Presidential Election?
0xff3c3abab6751ffd431a16aefeda42aa339568778624bf9eecad80f848816d39,0x126f7301d94056654628f0c4079507932765d703,SELL,No,103817554879098980143189456527608321905884757182906793330525824422625380941210,0xcaec99debca1fe002f7af5b3ff300edfcf84c7ab7e366b24c12316ba99ed302e,0.996,7,6.9719999999999995,1729921287,Will a Democrat win South Dakota Presidential Election?
0x16ef1b432d398e895546afaf80cef590a864393bfc2690f1c1d38221ac9fed91,0x9dbccd8c426394d7fae7ce3a0f09df5743d0f0ba,BUY,No,103817554879098980143189456527608321905884757182906793330525824422625380941210,0xcaec99debca1fe002f7af5b3ff300edfcf84c7ab7e366b24c12316ba99ed302e,0.997,77,76.769,1729921151,Will a Democrat win South Dakota Presidential Election?
0x7f5c84831a19cb278abf9ed611c088c38476e37bff3c7c7c9acbdedb65a96ebd,0x400d27ecbf016e08fa67c7577d5080b680ab196f,SELL,No,103817554879098980143189456527608321905884757182906793330525824422625380941210,0xcaec99debca1fe002f7af5b3ff300edfcf84c7ab7e366b24c12316ba99ed302e,0.996,16,15.936,1729920645,Will a Democrat win South Dakota Presidential Election?
0xe3ee86f4b60b4cfaa56807b0bc98cdab8906976a02bfa0a24f63943e07755888,0xfc962c2e164fc748370f49de39dcac146b92e1bc,SELL,No,103817554879098980143189456527608321905884757182906793330525824422625380941210,0xcaec99debca1fe002f7af5b3ff300edfcf84c7ab7e366b24c12316ba99ed302e,0.996,47,46.812,1729919997,Will a Democrat win South Dakota Presidential Election?
0xa3ffe61f113168110c7781c315268f886de71c15c9b93aa896a09d57fe8d98e4,0x126f7301d94056654628f0c4079507932765d703,BUY,No,103817554879098980143189456527608321905884757182906793330525824422625380941210,0xcaec99debca1fe002f7af5b3ff300edfcf84c7ab7e366b24c12316ba99ed302e,0.997,7,6.979,1729919911,Will a Democrat win South Dakota Presidential Election?
0xd44b2c778e568a4019eb5a9d5b51f5e0012030dc7bd291455b796e542d36ccd4,0x400d27ecbf016e08fa67c7577d5080b680ab196f,BUY,No,103817554879098980143189456527608321905884757182906793330525824422625380941210,0xcaec99debca1fe002f7af5b3ff300edfcf84c7ab7e366b24c12316ba99ed302e,0.997,16,15.952,1729919181,Will a Democrat win South Dakota Presidential Election?
0x469d8db6154b6ec88d817286f69849a037b615d043ea205d17b91abaa941b89c,0xfc962c2e164fc748370f49de39dcac146b92e1bc,BUY,No,103817554879098980143189456527608321905884757182906793330525824422625380941210,0xcaec99debca1fe002f7af5b3ff300edfcf84c7ab7e366b24c12316ba99ed302e,0.997,47,46.859,1729918497,Will a Democrat win South Dakota Presidential Election?
0x4e14aec3e89063694f8eb667d615904b133da68ac87dd958391699550267e4ff,0x1673d9447774537b8b42a3842fe33625de8bac51,SELL,No,103817554879098980143189456527608321905884757182906793330525824422625380941210,0xcaec99debca1fe002f7af5b3ff300edfcf84c7ab7e366b24c12316ba99ed302e,0.996,44,43.824,1729917601,Will a Democrat win South Dakota Presidential Election?
0xd82d3aab8af503b06a4a37b9634bd6736af15154ab32e20257c9d2a4bfce73e5,0x1673d9447774537b8b42a3842fe33625de8bac51,BUY,No,103817554879098980143189456527608321905884757182906793330525824422625380941210,0xcaec99debca1fe002f7af5b3ff300edfcf84c7ab7e366b24c12316ba99ed302e,0.997,44,43.868,1729917247,Will a Democrat win South Dakota Presidential Election?
0xb925ccc129514b7c2e4c49a907f072bdf2ca46a4a8c7313ddf28f6b416f59a28,0xd6cc25abe9e1f2c00686cfef58949160da34eaf1,SELL,No,103817554879098980143189456527608321905884757182906793330525824422625380941210,0xcaec99debca1fe002f7af5b3ff300edfcf84c7ab7e366b24c12316ba99ed302e,0.996,100,99.6,1729916937,Will a Democrat win South Dakota Presidential Election?
0x48c0b1d99c72ea3cd05913e76a73dd742e4208b9d56259ada9fe07b962589494,0xd6cc25abe9e1f2c00686cfef58949160da34eaf1,BUY,No,103817554879098980143189456527608321905884757182906793330525824422625380941210,0xcaec99debca1fe002f7af5b3ff300edfcf84c7ab7e366b24c12316ba99ed302e,0.997,100,99.7,1729915957,Will a Democrat win South Dakota Presidential Election?
0xa15fd1b5123e1ab6310e8c6476fa08d49f49fe3c4e5f14dfb073b79423d7261a,0xf2bde3c4662adbdedb868899936531f6a9688cb7,SELL,No,103817554879098980143189456527608321905884757182906793330525824422625380941210,0xcaec99debca1fe002f7af5b3ff300edfcf84c7ab7e366b24c12316ba99ed302e,0.996,63,62.748,1729912257,Will a Democrat win South Dakota Presidential Election?
0xb79da73c022cea743c98367d3a2f68e122c3c6f32fd195b88ebb2dcb770aef5e,0xf2bde3c4662adbdedb868899936531f6a9688cb7,BUY,No,103817554879098980143189456527608321905884757182906793330525824422625380941210,0xcaec99debca1fe002f7af5b3ff300edfcf84c7ab7e366b24c12316ba99ed302e,0.997,63,62.811,1729911263,Will a Democrat win South Dakota Presidential Election?
0xe83912590df056d91f7cb51a7272fb736ec0404e6c157d2d94f4c31ec0855f41,0x9f406cce6b1b9d6e6e232a7541a9bf3173d80205,SELL,No,103817554879098980143189456527608321905884757182906793330525824422625380941210,0xcaec99debca1fe002f7af5b3ff300edfcf84c7ab7e366b24c12316ba99ed302e,0.996,51,50.796,1729910951,Will a Democrat win South Dakota Presidential Election?
0xed6e01ee2b0124572864f45427ee5fdcb60d075d5d5824a7f9378a22b9071d83,0x9f406cce6b1b9d6e6e232a7541a9bf3173d80205,BUY,No,103817554879098980143189456527608321905884757182906793330525824422625380941210,0xcaec99debca1fe002f7af5b3ff300edfcf84c7ab7e366b24c12316ba99ed302e,0.997,51,50.847,1729909911,Will a Democrat win South Dakota Presidential Election?
0xbc93dd069db07fa770ba3c40fad6163f856ac3d85ffb81050f9980677f3cd1a9,0xc9fe0436cd2283c72df87b67a3683abfdba7d2ac,SELL,No,103817554879098980143189456527608321905884757182906793330525824422625380941210,0xcaec99debca1fe002f7af5b3ff300edfcf84c7ab7e366b24c12316ba99ed302e,0.996,43,42.828,1729909591,Will a Democrat win South Dakota Presidential Election?
0xc49b29e84f1e42093eda8ac53690e8ec56d141cc65b1fb8a11b3c495ef8b72c9,0xc9fe0436cd2283c72df87b67a3683abfdba7d2ac,BUY,No,103817554879098980143189456527608321905884757182906793330525824422625380941210,0xcaec99debca1fe002f7af5b3ff300edfcf84c7ab7e366b24c12316ba99ed302e,0.997,43,42.871,1729908205,Will a Democrat win South Dakota Presidential Election?
0x5ef34fa1b19060363c7f56ae8cc0ac0a13a20ce1b3175892bf0379ecdc356ea3,0x2a71ce3ddbb60bd0e04d45a30c8200c6f596954b,BUY,Yes,105742278895779392184517567088147476702553818055925607866681628906726505150563,0xcaec99debca1fe002f7af5b3ff300edfcf84c7ab7e366b24c12316ba99ed302e,0.004,300,1.2,1729873807,Will a Democrat win South Dakota Presidential Election?
0x1c7c14485d94076d56147f68cc377cd76ea16246dffc9eef1d6fbd116236a082,0x13ae79d4d0b020278ae7a12db0125ffc1af32545,SELL,No,103817554879098980143189456527608321905884757182906793330525824422625380941210,0xcaec99debca1fe002f7af5b3ff300edfcf84c7ab7e366b24c12316ba99ed302e,0.996,3.67,3.65532,1729863632,Will a Democrat win South Dakota Presidential Election?
0x0a815f2025f31abcf6a4987ca9ab94b8e836fe1d678a6df87e5ea68ff970eef4,0xf0b0ef1d6320c6be896b4c9c54dd74407e7f8cab,BUY,Yes,105742278895779392184517567088147476702553818055925607866681628906726505150563,0xcaec99debca1fe002f7af5b3ff300edfcf84c7ab7e366b24c12316ba99ed302e,0.004,250,1.0,1729861311,Will a Democrat win South Dakota Presidential Election?
0x27802f66b04fae8da62f6b679f86a911a536c1c3369e07e33b40e05dcf8110dc,0x04f3ed39f129d7a40426e8c2aea342a560995a10,SELL,No,103817554879098980143189456527608321905884757182906793330525824422625380941210,0xcaec99debca1fe002f7af5b3ff300edfcf84c7ab7e366b24c12316ba99ed302e,0.996,0.63,0.62748,1729861201,Will a Democrat win South Dakota Presidential Election?
0x604a1dacb5fb163083ff5f29d8253338eacb66fc0efd7e7143bdaa59b5a11a8f,0x04f3ed39f129d7a40426e8c2aea342a560995a10,BUY,No,103817554879098980143189456527608321905884757182906793330525824422625380941210,0xcaec99debca1fe002f7af5b3ff300edfcf84c7ab7e366b24c12316ba99ed302e,0.9969999968,0.631666,0.6297709999786687,1729861027,Will a Democrat win South Dakota Presidential Election?
0x365b21eb8cd227f431f4638a40401959b0d4bfdb3d640625eb9a3f6eecfa496a,0x80b5b7b0799c1fc5e79c0a2eee75595f83aa7213,SELL,No,103817554879098980143189456527608321905884757182906793330525824422625380941210,0xcaec99debca1fe002f7af5b3ff300edfcf84c7ab7e366b24c12316ba99ed302e,0.996,0.61,0.60756,1729849911,Will a Democrat win South Dakota Presidential Election?
0x59e7a39ed7b892b2d3ee980b7653d476460a7f27940a8ce86a40cb184f86c3e0,0x80b5b7b0799c1fc5e79c0a2eee75595f83aa7213,BUY,No,103817554879098980143189456527608321905884757182906793330525824422625380941210,0xcaec99debca1fe002f7af5b3ff300edfcf84c7ab7e366b24c12316ba99ed302e,0.9969999967,0.611666,0.6098309999815023,1729849701,Will a Democrat win South Dakota Presidential Election?
0x6d2c969c05210a728623d08c265f2c8e21199ea66e25a4449d8fdbd65362e9f9,0xfeb3a8d4b7b9f56ce4bed00cf2d7fa89a4189a92,SELL,No,103817554879098980143189456527608321905884757182906793330525824422625380941210,0xcaec99debca1fe002f7af5b3ff300edfcf84c7ab7e366b24c12316ba99ed302e,0.996,28,27.887999999999998,1729833865,Will a Democrat win South Dakota Presidential Election?
0x788c92dc9f1ffba60bfcb2ec1b5c34a89e18e0137be78de5a36ad4d257263922,0xee537c71744c7a72e84059ffb5f7d0890ed67fc8,SELL,No,103817554879098980143189456527608321905884757182906793330525824422625380941210,0xcaec99debca1fe002f7af5b3ff300edfcf84c7ab7e366b24c12316ba99ed302e,0.996,22,21.912,1729833357,Will a Democrat win South Dakota Presidential Election?
0x2467baa25628d937529786d33aedf430cf167003540f04ce4576cec4ab8ed4a7,0xfeb3a8d4b7b9f56ce4bed00cf2d7fa89a4189a92,BUY,No,103817554879098980143189456527608321905884757182906793330525824422625380941210,0xcaec99debca1fe002f7af5b3ff300edfcf84c7ab7e366b24c12316ba99ed302e,0.997,28,27.916,1729833085,Will a Democrat win South Dakota Presidential Election?
0xcc9a19231e5c0d54cea3ccfa3037e88f214e0460878a724527b3d04a6419270b,0xfc962c2e164fc748370f49de39dcac146b92e1bc,SELL,No,103817554879098980143189456527608321905884757182906793330525824422625380941210,0xcaec99debca1fe002f7af5b3ff300edfcf84c7ab7e366b24c12316ba99ed302e,0.996,56,55.775999999999996,1729832951,Will a Democrat win South Dakota Presidential Election?
0x1871a3685c585ca020a5c935a7807ec889cfa2f2a9cb993aaa2c33c594592617,0xfc962c2e164fc748370f49de39dcac146b92e1bc,BUY,No,103817554879098980143189456527608321905884757182906793330525824422625380941210,0xcaec99debca1fe002f7af5b3ff300edfcf84c7ab7e366b24c12316ba99ed302e,0.997,56,55.832,1729832517,Will a Democrat win South Dakota Presidential Election?
0x3fa2a3e328e866287253fc87a7d53c4f04cf845cd4a99a5d9e64171e3703c7af,0xee537c71744c7a72e84059ffb5f7d0890ed67fc8,BUY,No,103817554879098980143189456527608321905884757182906793330525824422625380941210,0xcaec99debca1fe002f7af5b3ff300edfcf84c7ab7e366b24c12316ba99ed302e,0.997,22,21.934,1729831925,Will a Democrat win South Dakota Presidential Election?
0x56bcbeb510ac5b45793d3c16a34050fd84e3617fa8438b59bf2194cc5a2581bb,0xff53ac1dbffe0ea2aa4f70a106f8fffb706526ac,SELL,No,103817554879098980143189456527608321905884757182906793330525824422625380941210,0xcaec99debca1fe002f7af5b3ff300edfcf84c7ab7e366b24c12316ba99ed302e,0.996,57,56.772,1729830481,Will a Democrat win South Dakota Presidential Election?
0x6a27a2b4f8800e5a8a8601c1675a5cc9d757ac0469ed05a03940b841b8a7c5e0,0xff53ac1dbffe0ea2aa4f70a106f8fffb706526ac,BUY,No,103817554879098980143189456527608321905884757182906793330525824422625380941210,0xcaec99debca1fe002f7af5b3ff300edfcf84c7ab7e366b24c12316ba99ed302e,0.997,57,56.829,1729829001,Will a Democrat win South Dakota Presidential Election?
0x193feabcb12d6641436f41d99dac8d4744177daffe61915fa43680c890602e0b,0xa8b7f8b34185e9cc62c471e1d353595148a3ee3c,BUY,Yes,105742278895779392184517567088147476702553818055925607866681628906726505150563,0xcaec99debca1fe002f7af5b3ff300edfcf84c7ab7e366b24c12316ba99ed302e,0.004,66,0.264,1729822161,Will a Democrat win South Dakota Presidential Election?
0x3acee06b330c37002fd58b5ec1fd19766e5ec9332b0090ab01380d7d927a72f9,0x5f390e4b7d6f06d6756a6c92afdbf7b3176aa78c,BUY,Yes,105742278895779392184517567088147476702553818055925607866681628906726505150563,0xcaec99debca1fe002f7af5b3ff300edfcf84c7ab7e366b24c12316ba99ed302e,0.004,2,0.008,1729640514,Will a Democrat win South Dakota Presidential Election?
0xf1168c310165855097bd508aa45f3ec0f7214bccb82b5b196dd14a50f9658f33,0x1c76dc2adecac8113a159db5c428e1ab8a47320b,SELL,Yes,105742278895779392184517567088147476702553818055925607866681628906726505150563,0xcaec99debca1fe002f7af5b3ff300edfcf84c7ab7e366b24c12316ba99ed302e,0.003,16.56,0.049679999999999995,1729597158,Will a Democrat win South Dakota Presidential Election?
0x25723b265a7af0640eb9a8c89ebcb5840dfe7f8bb011f5e47b0b793092556ac8,0x1c76dc2adecac8113a159db5c428e1ab8a47320b,BUY,Yes,105742278895779392184517567088147476702553818055925607866681628906726505150563,0xcaec99debca1fe002f7af5b3ff300edfcf84c7ab7e366b24c12316ba99ed302e,0.004,16.56,0.06624,1729597154,Will a Democrat win South Dakota Presidential Election?
0x7154cef5d0212a79a2d05a2060ccf4b777dd1c0c4f580609a17c98ae368c3665,0x67ff2947e3a27e1515bef2098d3eb46645d9e10d,SELL,No,103817554879098980143189456527608321905884757182906793330525824422625380941210,0xcaec99debca1fe002f7af5b3ff300edfcf84c7ab7e366b24c12316ba99ed302e,0.996,1.2,1.1952,1729581707,Will a Democrat win South Dakota Presidential Election?
0x15c42d6f25c50dcce49db8f58de073c902056545b3285f0478c6c212e4192687,0x67ff2947e3a27e1515bef2098d3eb46645d9e10d,BUY,No,103817554879098980143189456527608321905884757182906793330525824422625380941210,0xcaec99debca1fe002f7af5b3ff300edfcf84c7ab7e366b24c12316ba99ed302e,0.9969999992,1.203333,1.1997230000373336,1729581699,Will a Democrat win South Dakota Presidential Election?
0x630d743861d7073acede5e1be838d50b74d612c43ca735bf4e2ecfe1acf69560,0xc048ddfbfc4c7b7b044a30ed9de21f09f5de58ff,SELL,No,103817554879098980143189456527608321905884757182906793330525824422625380941210,0xcaec99debca1fe002f7af5b3ff300edfcf84c7ab7e366b24c12316ba99ed302e,0.996,1.3,1.2948,1729578064,Will a Democrat win South Dakota Presidential Election?
0x85ffdde87eae610d9831c97775bc2ebf08026f347892fc198c52edb03ae137ae,0xc048ddfbfc4c7b7b044a30ed9de21f09f5de58ff,BUY,No,103817554879098980143189456527608321905884757182906793330525824422625380941210,0xcaec99debca1fe002f7af5b3ff300edfcf84c7ab7e366b24c12316ba99ed302e,0.9969999985,1.303666,1.299755000044501,1729578058,Will a Democrat win South Dakota Presidential Election?
0xdd045f8778f6eabfe109d1bafd4d6a3adffef1be7df050489ec9ec127ab775ce,0xaa450866ea6634c1585153a568323eb5bf1d9f67,BUY,No,103817554879098980143189456527608321905884757182906793330525824422625380941210,0xcaec99debca1fe002f7af5b3ff300edfcf84c7ab7e366b24c12316ba99ed302e,0.997,10.03,9.99991,1729565794,Will a Democrat win South Dakota Presidential Election?
0xfc4176e92048d62aece939406e8d86a1a79a1b5609a71a32a1f5379419eecf3c,0xbe10ceb7ee96d55e30e8bd0dcd041854eb1e88ee,SELL,No,103817554879098980143189456527608321905884757182906793330525824422625380941210,0xcaec99debca1fe002f7af5b3ff300edfcf84c7ab7e366b24c12316ba99ed302e,0.996,476.1,474.1956,1729515714,Will a Democrat win South Dakota Presidential Election?
0x569473accb3c9116bf54e94fc4d6133591a394cdb873409e8a50ce1f5ddc478c,0xbe10ceb7ee96d55e30e8bd0dcd041854eb1e88ee,BUY,No,103817554879098980143189456527608321905884757182906793330525824422625380941210,0xcaec99debca1fe002f7af5b3ff300edfcf84c7ab7e366b24c12316ba99ed302e,0.997,476.098,474.669706,1729514344,Will a Democrat win South Dakota Presidential Election?
0xe4bd6b874096fbb89b6edf2fbccd184e22f28d46432323c029953734cc060891,0xbe10ceb7ee96d55e30e8bd0dcd041854eb1e88ee,SELL,No,103817554879098980143189456527608321905884757182906793330525824422625380941210,0xcaec99debca1fe002f7af5b3ff300edfcf84c7ab7e366b24c12316ba99ed302e,0.996,476.58,474.67368,1729514278,Will a Democrat win South Dakota Presidential Election?
0xc9b76b1cba3f52c16e5cd465fbc6c0162204e99a272c8f802f103e58ab0313c2,0xbe10ceb7ee96d55e30e8bd0dcd041854eb1e88ee,BUY,No,103817554879098980143189456527608321905884757182906793330525824422625380941210,0xcaec99debca1fe002f7af5b3ff300edfcf84c7ab7e366b24c12316ba99ed302e,0.997,476.589666,475.15989700200004,1729513554,Will a Democrat win South Dakota Presidential Election?
0x2e783cb264ef3f760a39338ee3c493dfe0a7803e6e6481bddd181ad3acc94d94,0x7be1aee55784511eb8489d2511de91ee25f1200e,BUY,Yes,105742278895779392184517567088147476702553818055925607866681628906726505150563,0xcaec99debca1fe002f7af5b3ff300edfcf84c7ab7e366b24c12316ba99ed302e,0.004,500,2.0,1729485989,Will a Democrat win South Dakota Presidential Election?
0x260ab7dd9bbc94f06b2a65a51f092a475b7af3a20230c7f5bbc1c8ef4f911f9d,0x3f7557a3103dbb0b89c57b7090d85ccacddaff4d,SELL,No,103817554879098980143189456527608321905884757182906793330525824422625380941210,0xcaec99debca1fe002f7af5b3ff300edfcf84c7ab7e366b24c12316ba99ed302e,0.996,3.85,3.8346,1729473494,Will a Democrat win South Dakota Presidential Election?
0xb8182e18d9d39787b73dedec1b22e274b1d3dd6bacd7093845eacdaa529c35fc,0x3f7557a3103dbb0b89c57b7090d85ccacddaff4d,BUY,No,103817554879098980143189456527608321905884757182906793330525824422625380941210,0xcaec99debca1fe002f7af5b3ff300edfcf84c7ab7e366b24c12316ba99ed302e,0.9969999997,3.851333,3.8397789998446,1729472120,Will a Democrat win South Dakota Presidential Election?
0xcd371c4475e6db5dfd9d9408aa344c3a435810216dd641dd3c762d37ebf712ea,0x2f6330dafd349cc8c7e1f2437555702b2de0b338,SELL,No,103817554879098980143189456527608321905884757182906793330525824422625380941210,0xcaec99debca1fe002f7af5b3ff300edfcf84c7ab7e366b24c12316ba99ed302e,0.996,38,37.848,1729469774,Will a Democrat win South Dakota Presidential Election?
0x7ec1cca155d708789fa01dff754013bad3cf8b14db73a9476c0dc5f12b1e37b1,0x2f6330dafd349cc8c7e1f2437555702b2de0b338,BUY,No,103817554879098980143189456527608321905884757182906793330525824422625380941210,0xcaec99debca1fe002f7af5b3ff300edfcf84c7ab7e366b24c12316ba99ed302e,0.997,38,37.886,1729469158,Will a Democrat win South Dakota Presidential Election?
0xbb4667643d85c35d883d6961b8858d7e588be5f07e5b4a9f9f09e75a35aa5453,0x40020be39c1815e020a434203bb6ff0e7d6748c3,SELL,No,103817554879098980143189456527608321905884757182906793330525824422625380941210,0xcaec99debca1fe002f7af5b3ff300edfcf84c7ab7e366b24c12316ba99ed302e,0.996,43,42.828,1729468802,Will a Democrat win South Dakota Presidential Election?
0xc9f75f15913deed0ddc642597e1a9502e445fb8142ba45ff942f38bfba6a1695,0x40020be39c1815e020a434203bb6ff0e7d6748c3,BUY,No,103817554879098980143189456527608321905884757182906793330525824422625380941210,0xcaec99debca1fe002f7af5b3ff300edfcf84c7ab7e366b24c12316ba99ed302e,0.997,43,42.871,1729466804,Will a Democrat win South Dakota Presidential Election?
0x74111992c51caac35eb842517291f98b03273cb42d9840c7a7bbbf01694e3bae,0xea431c4323af3275c7eb73465f6028fb16cde303,SELL,No,103817554879098980143189456527608321905884757182906793330525824422625380941210,0xcaec99debca1fe002f7af5b3ff300edfcf84c7ab7e366b24c12316ba99ed302e,0.996,75,74.7,1729465102,Will a Democrat win South Dakota Presidential Election?
0x316c4237d039c861807417da1a55c213c83755c48c842d544dbda0ace57ee0a6,0x739cb3d85d937dd2e9e45ed1dbd816a44a0b71d7,SELL,No,103817554879098980143189456527608321905884757182906793330525824422625380941210,0xcaec99debca1fe002f7af5b3ff300edfcf84c7ab7e366b24c12316ba99ed302e,0.996,46,45.816,1729464900,Will a Democrat win South Dakota Presidential Election?
0x978e3443e9712ab0efcb0728568340d2c26d184c86821a57f415146f2dde1569,0x739cb3d85d937dd2e9e45ed1dbd816a44a0b71d7,SELL,No,103817554879098980143189456527608321905884757182906793330525824422625380941210,0xcaec99debca1fe002f7af5b3ff300edfcf84c7ab7e366b24c12316ba99ed302e,0.996,16,15.936,1729464770,Will a Democrat win South Dakota Presidential Election?
0xa154b19be1b0b065156534e3f71028013845538664c3c37c5da6241cb994db6d,0xea431c4323af3275c7eb73465f6028fb16cde303,BUY,No,103817554879098980143189456527608321905884757182906793330525824422625380941210,0xcaec99debca1fe002f7af5b3ff300edfcf84c7ab7e366b24c12316ba99ed302e,0.997,75,74.775,1729464356,Will a Democrat win South Dakota Presidential Election?
0xb4b3c99a3fa90a1ef3e4c93fd7bd49caf2fd716863b0a7ea3cbb936b8a407b7b,0x739cb3d85d937dd2e9e45ed1dbd816a44a0b71d7,BUY,No,103817554879098980143189456527608321905884757182906793330525824422625380941210,0xcaec99debca1fe002f7af5b3ff300edfcf84c7ab7e366b24c12316ba99ed302e,0.997,46,45.862,1729463870,Will a Democrat win South Dakota Presidential Election?
0xf644cb447e22951a61f4451fc66efc2090dbc48eae807bf0da09e06f01dca20e,0x65d2b075f1b45bf611d12518e0e749a8f45c4fc6,SELL,No,103817554879098980143189456527608321905884757182906793330525824422625380941210,0xcaec99debca1fe002f7af5b3ff300edfcf84c7ab7e366b24c12316ba99ed302e,0.996,30,29.88,1729463734,Will a Democrat win South Dakota Presidential Election?
0x833437d0c1a8a20abc82ed9153a2b51fd73a1b8a184b7e79a43ccfb624f2781a,0x739cb3d85d937dd2e9e45ed1dbd816a44a0b71d7,BUY,No,103817554879098980143189456527608321905884757182906793330525824422625380941210,0xcaec99debca1fe002f7af5b3ff300edfcf84c7ab7e366b24c12316ba99ed302e,0.997,16,15.952,1729463296,Will a Democrat win South Dakota Presidential Election?
0x42dbb53d5825d4bac962e59149aaa1d5dcacee4f4632d500b265d862b1795fd8,0x65d2b075f1b45bf611d12518e0e749a8f45c4fc6,BUY,No,103817554879098980143189456527608321905884757182906793330525824422625380941210,0xcaec99debca1fe002f7af5b3ff300edfcf84c7ab7e366b24c12316ba99ed302e,0.997,30,29.91,1729462502,Will a Democrat win South Dakota Presidential Election?
0x45473645f55f5e5a38e94b9932ab7bb3729b62aa342296c02df5b9667e8c7b33,0xfd9b788f36f5b5d94d14aa51cb6919e23934dd35,SELL,No,103817554879098980143189456527608321905884757182906793330525824422625380941210,0xcaec99debca1fe002f7af5b3ff300edfcf84c7ab7e366b24c12316ba99ed302e,0.996,46,45.816,1729461980,Will a Democrat win South Dakota Presidential Election?
0x2775953739a435f75af1f77c410e1633ef30a6ac79c0d6111f7d07d3a2d8a05a,0xfd9b788f36f5b5d94d14aa51cb6919e23934dd35,BUY,No,103817554879098980143189456527608321905884757182906793330525824422625380941210,0xcaec99debca1fe002f7af5b3ff300edfcf84c7ab7e366b24c12316ba99ed302e,0.997,46,45.862,1729461436,Will a Democrat win South Dakota Presidential Election?
0xd08bb44e7e6baa107ccac2f2ec2f43d45a632d2b488d6391f559a6ed25da7989,0x06757f57ff326404282b1886d3c42c73a5f4098d,SELL,No,103817554879098980143189456527608321905884757182906793330525824422625380941210,0xcaec99debca1fe002f7af5b3ff300edfcf84c7ab7e366b24c12316ba99ed302e,0.996,83,82.668,1729458688,Will a Democrat win South Dakota Presidential Election?
0x08106aef28ef6903f87838c256a75520c5735bc31c1e89b6b5021a768ca0255f,0x69717f9f8ecb51b69aa31b4f8e73ef8d9033aa67,SELL,No,103817554879098980143189456527608321905884757182906793330525824422625380941210,0xcaec99debca1fe002f7af5b3ff300edfcf84c7ab7e366b24c12316ba99ed302e,0.996,38,37.848,1729457493,Will a Democrat win South Dakota Presidential Election?
0xb159df46df097fd7c9d9d62960ac91b6129bf38287f9b90a03c6caaf336f8123,0x42952598e1f52c0988a19d65d89a0925bc762976,SELL,No,103817554879098980143189456527608321905884757182906793330525824422625380941210,0xcaec99debca1fe002f7af5b3ff300edfcf84c7ab7e366b24c12316ba99ed302e,0.996,25,24.9,1729457313,Will a Democrat win South Dakota Presidential Election?
0xaa155afcda2cbbe923b0b4b992119212a3754f2a985a1af390c0e8b340ba2b8b,0x06757f57ff326404282b1886d3c42c73a5f4098d,BUY,No,103817554879098980143189456527608321905884757182906793330525824422625380941210,0xcaec99debca1fe002f7af5b3ff300edfcf84c7ab7e366b24c12316ba99ed302e,0.997,83,82.751,1729457249,Will a Democrat win South Dakota Presidential Election?
0xe833e287408a4d6d5cbb6e44e29d97cc22250377bbb604e97f2e4663d44f7701,0xa8f96a9d42cf871d64dc687f6598deb5a50c4ff4,SELL,No,103817554879098980143189456527608321905884757182906793330525824422625380941210,0xcaec99debca1fe002f7af5b3ff300edfcf84c7ab7e366b24c12316ba99ed302e,0.996,72,71.712,1729456536,Will a Democrat win South Dakota Presidential Election?
0x4917df4e1e4254c04e62e446576052a977c4dab6378f9f8dfaa7fc66b9cbe3d8,0x42952598e1f52c0988a19d65d89a0925bc762976,BUY,No,103817554879098980143189456527608321905884757182906793330525824422625380941210,0xcaec99debca1fe002f7af5b3ff300edfcf84c7ab7e366b24c12316ba99ed302e,0.997,25,24.925,1729456450,Will a Democrat win South Dakota Presidential Election?
0x0821aa5ec3736f2ffe6cff164eddc71eca9e7620bad0b56f68e1d7d95adda8c8,0x69717f9f8ecb51b69aa31b4f8e73ef8d9033aa67,BUY,No,103817554879098980143189456527608321905884757182906793330525824422625380941210,0xcaec99debca1fe002f7af5b3ff300edfcf84c7ab7e366b24c12316ba99ed302e,0.997,38,37.886,1729456080,Will a Democrat win South Dakota Presidential Election?
0x21352327ce350d293eb897db382ad8ac44bffa7bedc4a64a64a4ba1c83a18af0,0xd8d474693111da879442228764a488ab2b7bca60,SELL,No,103817554879098980143189456527608321905884757182906793330525824422625380941210,0xcaec99debca1fe002f7af5b3ff300edfcf84c7ab7e366b24c12316ba99ed302e,0.996,43,42.828,1729455862,Will a Democrat win South Dakota Presidential Election?
0x957232c30fb17d0b1966d355f60d829948c3e45495c8149228ad0110eae8467a,0xb3ef1f4a7252fe0d17a6b67372e645120a3dc0f2,SELL,No,103817554879098980143189456527608321905884757182906793330525824422625380941210,0xcaec99debca1fe002f7af5b3ff300edfcf84c7ab7e366b24c12316ba99ed302e,0.996,5,4.98,1729455280,Will a Democrat win South Dakota Presidential Election?
0xa48253c130b95790065dec695d288e2bbcf90723357b836f19630be7bd8dffe1,0xa8f96a9d42cf871d64dc687f6598deb5a50c4ff4,BUY,No,103817554879098980143189456527608321905884757182906793330525824422625380941210,0xcaec99debca1fe002f7af5b3ff300edfcf84c7ab7e366b24c12316ba99ed302e,0.997,72,71.784,1729455276,Will a Democrat win South Dakota Presidential Election?
0xf40dfc7041d50ffda7ef769531d95d8c227e37a12c9e8d69d558c30d1577f87f,0xb3ef1f4a7252fe0d17a6b67372e645120a3dc0f2,BUY,No,103817554879098980143189456527608321905884757182906793330525824422625380941210,0xcaec99debca1fe002f7af5b3ff300edfcf84c7ab7e366b24c12316ba99ed302e,0.997,5,4.985,1729454626,Will a Democrat win South Dakota Presidential Election?
0x728a9139d98704e0573a2ffc204651010d1c2e9bf917aabb4cacee98e3bc7b32,0xaf9d0281485765a4652ea7f0383777799ec9ae5b,SELL,No,103817554879098980143189456527608321905884757182906793330525824422625380941210,0xcaec99debca1fe002f7af5b3ff300edfcf84c7ab7e366b24c12316ba99ed302e,0.996,41,40.836,1729454370,Will a Democrat win South Dakota Presidential Election?
0x80c3e558b6e2fcfa6dc8139905e172586e57d978a39529893436fb13ae229d1a,0xf4f39064ef1e57d9d85bbc0107d13be9122dbd16,SELL,No,103817554879098980143189456527608321905884757182906793330525824422625380941210,0xcaec99debca1fe002f7af5b3ff300edfcf84c7ab7e366b24c12316ba99ed302e,0.996,65,64.74,1729454310,Will a Democrat win South Dakota Presidential Election?
0x38e190f60576266a2ae71e364b8d0994bb6e644e711397989ba3699caba02265,0xd8d474693111da879442228764a488ab2b7bca60,BUY,No,103817554879098980143189456527608321905884757182906793330525824422625380941210,0xcaec99debca1fe002f7af5b3ff300edfcf84c7ab7e366b24c12316ba99ed302e,0.997,43,42.871,1729454022,Will a Democrat win South Dakota Presidential Election?
0xff1b595783d297bace04c242ac7fbf94e509aaf922e0ec2dce9798c4463dac1d,0xb3ef1f4a7252fe0d17a6b67372e645120a3dc0f2,SELL,No,103817554879098980143189456527608321905884757182906793330525824422625380941210,0xcaec99debca1fe002f7af5b3ff300edfcf84c7ab7e366b24c12316ba99ed302e,0.996,17,16.932,1729453860,Will a Democrat win South Dakota Presidential Election?
0x8a87cbaa0cd814ecb37036c4927e431b70106f99b0ca6b888076ec2c2b8d3121,0xf4f39064ef1e57d9d85bbc0107d13be9122dbd16,BUY,No,103817554879098980143189456527608321905884757182906793330525824422625380941210,0xcaec99debca1fe002f7af5b3ff300edfcf84c7ab7e366b24c12316ba99ed302e,0.997,65,64.805,1729453542,Will a Democrat win South Dakota Presidential Election?
0x3e1a65f05301805f5141cc92a7ee48c1e4d3f785b4e3d1c9637432325f90bef8,0xb3ef1f4a7252fe0d17a6b67372e645120a3dc0f2,BUY,No,103817554879098980143189456527608321905884757182906793330525824422625380941210,0xcaec99debca1fe002f7af5b3ff300edfcf84c7ab7e366b24c12316ba99ed302e,0.997,17,16.949,1729452908,Will a Democrat win South Dakota Presidential Election?
0x5460589082c70db280e22f729621aa895b38ecf6d7607177e2f80d67bb9ae15f,0x715a6aff853a13a2fc037b212b9eeca6675c4c63,SELL,No,103817554879098980143189456527608321905884757182906793330525824422625380941210,0xcaec99debca1fe002f7af5b3ff300edfcf84c7ab7e366b24c12316ba99ed302e,0.996,12,11.952,1729452744,Will a Democrat win South Dakota Presidential Election?
0xa33e84d40dce3f27d4262ae87e8ae331da35d15e536e11b866d3fe8dfbfa5937,0x801e8c57fe1f1639cde385f10151eac2a10aa1f0,SELL,No,103817554879098980143189456527608321905884757182906793330525824422625380941210,0xcaec99debca1fe002f7af5b3ff300edfcf84c7ab7e366b24c12316ba99ed302e,0.996,26,25.896,1729452498,Will a Democrat win South Dakota Presidential Election?
0x1a0965728d1b9a55d4ced4f13ffa0ac92bb63c6bd8c99b7e95ab7848a9c1d8b8,0xaf9d0281485765a4652ea7f0383777799ec9ae5b,BUY,No,103817554879098980143189456527608321905884757182906793330525824422625380941210,0xcaec99debca1fe002f7af5b3ff300edfcf84c7ab7e366b24c12316ba99ed302e,0.997,41,40.877,1729452450,Will a Democrat win South Dakota Presidential Election?
0x434814109bcc7012633763e0c9387e96070741671c676048e8072dbe6093d482,0x9e600ec8d31556fdfdb074787457d61d085bedfc,SELL,No,103817554879098980143189456527608321905884757182906793330525824422625380941210,0xcaec99debca1fe002f7af5b3ff300edfcf84c7ab7e366b24c12316ba99ed302e,0.996,45,44.82,1729452100,Will a Democrat win South Dakota Presidential Election?
0x2fcaf25b29067908b6ee3dec638e1a6a4acbda0371808733193458e98dfc6add,0x042185d1ea4fdad820b004e16988af5c961e7676,SELL,No,103817554879098980143189456527608321905884757182906793330525824422625380941210,0xcaec99debca1fe002f7af5b3ff300edfcf84c7ab7e366b24c12316ba99ed302e,0.996,46,45.816,1729451776,Will a Democrat win South Dakota Presidential Election?
0x59ac2b164543d4ddd8cb4c0c71e39d37772cff76343f2afefc13b68bf36bda61,0x715a6aff853a13a2fc037b212b9eeca6675c4c63,BUY,No,103817554879098980143189456527608321905884757182906793330525824422625380941210,0xcaec99debca1fe002f7af5b3ff300edfcf84c7ab7e366b24c12316ba99ed302e,0.997,12,11.964,1729451770,Will a Democrat win South Dakota Presidential Election?
0x6878ee4e69d222abcbf7d67d0088e9d2a548021b60935cde9a4ad37bf75731ac,0xebd4522c8c71822cdd0fb1e25eb7740463007c42,SELL,No,103817554879098980143189456527608321905884757182906793330525824422625380941210,0xcaec99debca1fe002f7af5b3ff300edfcf84c7ab7e366b24c12316ba99ed302e,0.996,29,28.884,1729451257,Will a Democrat win South Dakota Presidential Election?
0xdae295c831c4d8df2896d3fa1b905e6a26036b3a1b5d98d32155bc12ec53b39a,0x801e8c57fe1f1639cde385f10151eac2a10aa1f0,BUY,No,103817554879098980143189456527608321905884757182906793330525824422625380941210,0xcaec99debca1fe002f7af5b3ff300edfcf84c7ab7e366b24c12316ba99ed302e,0.997,26,25.922,1729451011,Will a Democrat win South Dakota Presidential Election?
0xfb6d2b88da9db193bcacc557c8994f80e912511b4f0007426a3d2f0eeb598658,0x9e600ec8d31556fdfdb074787457d61d085bedfc,BUY,No,103817554879098980143189456527608321905884757182906793330525824422625380941210,0xcaec99debca1fe002f7af5b3ff300edfcf84c7ab7e366b24c12316ba99ed302e,0.997,45,44.865,1729450635,Will a Democrat win South Dakota Presidential Election?
0x633d82979b623637a5f7d8859b4d155792072a16bef68818f5292e557f80b01c,0xa54cafad0e213ad0724b6b02c8c9c0c61ba3c8c0,SELL,No,103817554879098980143189456527608321905884757182906793330525824422625380941210,0xcaec99debca1fe002f7af5b3ff300edfcf84c7ab7e366b24c12316ba99ed302e,0.996,55,54.78,1729449883,Will a Democrat win South Dakota Presidential Election?
0xddea623a56bb512215d378310f4b7c1035b25036217dfd328203b66195bfc0ed,0x042185d1ea4fdad820b004e16988af5c961e7676,BUY,No,103817554879098980143189456527608321905884757182906793330525824422625380941210,0xcaec99debca1fe002f7af5b3ff300edfcf84c7ab7e366b24c12316ba99ed302e,0.997,46,45.862,1729449857,Will a Democrat win South Dakota Presidential Election?
0x9ce5e34f59499a7dcffa72d28107d7214dd84c0054727ef70878c51838b9f52e,0xa8f96a9d42cf871d64dc687f6598deb5a50c4ff4,SELL,No,103817554879098980143189456527608321905884757182906793330525824422625380941210,0xcaec99debca1fe002f7af5b3ff300edfcf84c7ab7e366b24c12316ba99ed302e,0.996,17,16.932,1729449399,Will a Democrat win South Dakota Presidential Election?
0x905d0d08cc349941037893eb478f51e830cf0172819d68d95d76dd3944e8a137,0xebd4522c8c71822cdd0fb1e25eb7740463007c42,BUY,No,103817554879098980143189456527608321905884757182906793330525824422625380941210,0xcaec99debca1fe002f7af5b3ff300edfcf84c7ab7e366b24c12316ba99ed302e,0.997,29,28.913,1729449349,Will a Democrat win South Dakota Presidential Election?
0x107d9b129ba6d20f4900a05bd75cd950302b527d1f0f95244c8518e1dae25baf,0xa8f96a9d42cf871d64dc687f6598deb5a50c4ff4,BUY,No,103817554879098980143189456527608321905884757182906793330525824422625380941210,0xcaec99debca1fe002f7af5b3ff300edfcf84c7ab7e366b24c12316ba99ed302e,0.997,17,16.949,1729448738,Will a Democrat win South Dakota Presidential Election?
0xe9a06b88e8d42f51a03fcf9a0fcaeb8dabf3f8138ba4b4ab364ee1f6d6949581,0x2b1daa927c240a72255fea54e668ec75be2d7dea,SELL,No,103817554879098980143189456527608321905884757182906793330525824422625380941210,0xcaec99debca1fe002f7af5b3ff300edfcf84c7ab7e366b24c12316ba99ed302e,0.996,48,47.808,1729448476,Will a Democrat win South Dakota Presidential Election?
0x6628d5f65761e6f252656d00e5df33db426795028dea451712d2ae80c923509f,0xa54cafad0e213ad0724b6b02c8c9c0c61ba3c8c0,BUY,No,103817554879098980143189456527608321905884757182906793330525824422625380941210,0xcaec99debca1fe002f7af5b3ff300edfcf84c7ab7e366b24c12316ba99ed302e,0.997,55,54.835,1729448148,Will a Democrat win South Dakota Presidential Election?
0xa6579ac6ab837fee42a63f8d317da82ce0dc59a22c5d3d4b041fdf62d7505013,0xa54cafad0e213ad0724b6b02c8c9c0c61ba3c8c0,SELL,No,103817554879098980143189456527608321905884757182906793330525824422625380941210,0xcaec99debca1fe002f7af5b3ff300edfcf84c7ab7e366b24c12316ba99ed302e,0.996,69,68.724,1729447874,Will a Democrat win South Dakota Presidential Election?
0xa6f480c3f83e31cc4ed25145b236ddb90c450acc67d541ae9ffc0728cda51035,0xe0e2a2c949e18cb3ac86054e557855ac5b094d7b,SELL,No,103817554879098980143189456527608321905884757182906793330525824422625380941210,0xcaec99debca1fe002f7af5b3ff300edfcf84c7ab7e366b24c12316ba99ed302e,0.996,23,22.908,1729447866,Will a Democrat win South Dakota Presidential Election?
0x56759451e2a512eeaa1c04bff77b6407417c209537cb270c264163e8d3ef3fb8,0xe0e2a2c949e18cb3ac86054e557855ac5b094d7b,BUY,No,103817554879098980143189456527608321905884757182906793330525824422625380941210,0xcaec99debca1fe002f7af5b3ff300edfcf84c7ab7e366b24c12316ba99ed302e,0.997,23,22.931,1729447460,Will a Democrat win South Dakota Presidential Election?
0x284073b3aea24a3d34f0769a82e58ec33e083ce387986d94c9091702900bfbc6,0x6110d0047d75eaa7c861f47a62c954aa363bd388,SELL,No,103817554879098980143189456527608321905884757182906793330525824422625380941210,0xcaec99debca1fe002f7af5b3ff300edfcf84c7ab7e366b24c12316ba99ed302e,0.996,4.67,4.65132,1729446859,Will a Democrat win South Dakota Presidential Election?
0x5ac0f16a001a87166311aab26eaf2f47a9fb57348621b64b0a78e04c44807466,0xa54cafad0e213ad0724b6b02c8c9c0c61ba3c8c0,BUY,No,103817554879098980143189456527608321905884757182906793330525824422625380941210,0xcaec99debca1fe002f7af5b3ff300edfcf84c7ab7e366b24c12316ba99ed302e,0.997,69,68.793,1729446857,Will a Democrat win South Dakota Presidential Election?
0x0800679b9237e169b1db278272141c9b4ba80ea64b4465d212c9356c38e85dd1,0x2b1daa927c240a72255fea54e668ec75be2d7dea,BUY,No,103817554879098980143189456527608321905884757182906793330525824422625380941210,0xcaec99debca1fe002f7af5b3ff300edfcf84c7ab7e366b24c12316ba99ed302e,0.997,48,47.856,1729446417,Will a Democrat win South Dakota Presidential Election?
0x4ca3747c58e0e1c4445995391db6ef7dc65de295e2cb2692548f4853be733830,0x0c7f369f37625a802f3925f1e9da4607f224a7a6,SELL,No,103817554879098980143189456527608321905884757182906793330525824422625380941210,0xcaec99debca1fe002f7af5b3ff300edfcf84c7ab7e366b24c12316ba99ed302e,0.996,43,42.828,1729446271,Will a Democrat win South Dakota Presidential Election?
0xae788f082d8043a2c488508afd325f684f7c99fcc9a3f8ce1454efde680f4422,0x6110d0047d75eaa7c861f47a62c954aa363bd388,BUY,No,103817554879098980143189456527608321905884757182906793330525824422625380941210,0xcaec99debca1fe002f7af5b3ff300edfcf84c7ab7e366b24c12316ba99ed302e,0.997,4.674,4.659978000000001,1729445927,Will a Democrat win South Dakota Presidential Election?
0xcf5e53d52014ba96eb52101801d5961a0e69e7a84c3cd361f30df6564ed7161c,0x37523ce99fac452cac327eb679e1dd6e214a9364,SELL,No,103817554879098980143189456527608321905884757182906793330525824422625380941210,0xcaec99debca1fe002f7af5b3ff300edfcf84c7ab7e366b24c12316ba99ed302e,0.996,22,21.912,1729445344,Will a Democrat win South Dakota Presidential Election?
0x28c7e2e0454e3f2f8c3587e2aa25013d9a418003aa95e3abe2281fda3b67a85f,0x0c7f369f37625a802f3925f1e9da4607f224a7a6,BUY,No,103817554879098980143189456527608321905884757182906793330525824422625380941210,0xcaec99debca1fe002f7af5b3ff300edfcf84c7ab7e366b24c12316ba99ed302e,0.997,43,42.871,1729445012,Will a Democrat win South Dakota Presidential Election?
0x09daa194577824a8cf5068d5be3be2447340fac2c6db4c58983cf7c84015ea10,0x5c4f70cc78be471cd9d5a62cb8c62d5ed61cb789,SELL,No,103817554879098980143189456527608321905884757182906793330525824422625380941210,0xcaec99debca1fe002f7af5b3ff300edfcf84c7ab7e366b24c12316ba99ed302e,0.996,17,16.932,1729445006,Will a Democrat win South Dakota Presidential Election?
0xc3df0e4e0248fe2f2d2a0083dcedd3156b4530a0b65d18329d538b376d8c9fa2,0x37523ce99fac452cac327eb679e1dd6e214a9364,BUY,No,103817554879098980143189456527608321905884757182906793330525824422625380941210,0xcaec99debca1fe002f7af5b3ff300edfcf84c7ab7e366b24c12316ba99ed302e,0.997,22,21.934,1729444478,Will a Democrat win South Dakota Presidential Election?
0xa30e9f92f63d8e5cbc415ac613827b3694125aaebe1637b59bfe6a228ab72706,0x3a76d835203484fc477b137b6053820ae56b756f,SELL,No,103817554879098980143189456527608321905884757182906793330525824422625380941210,0xcaec99debca1fe002f7af5b3ff300edfcf84c7ab7e366b24c12316ba99ed302e,0.996,7,6.9719999999999995,1729444162,Will a Democrat win South Dakota Presidential Election?
0xe2c40263d35bff403b49f8982c72c611f58c7100ffcaeb11a0cd4f5548692277,0x3a76d835203484fc477b137b6053820ae56b756f,BUY,No,103817554879098980143189456527608321905884757182906793330525824422625380941210,0xcaec99debca1fe002f7af5b3ff300edfcf84c7ab7e366b24c12316ba99ed302e,0.997,7,6.979,1729443810,Will a Democrat win South Dakota Presidential Election?
0xaf1e27f41fe8e2a97dd7fac96b1aeccbd5b0a171d59eeeba5173b5e5e62707d3,0x5c4f70cc78be471cd9d5a62cb8c62d5ed61cb789,BUY,No,103817554879098980143189456527608321905884757182906793330525824422625380941210,0xcaec99debca1fe002f7af5b3ff300edfcf84c7ab7e366b24c12316ba99ed302e,0.997,17,16.949,1729443356,Will a Democrat win South Dakota Presidential Election?
0x111bda42c36dbf121f991e9b77be832c05e406a5d8f6a2ed52a769a3e4370c43,0x8d4a2b17f61d512170a49fd4f6120a3282c9f5b4,SELL,No,103817554879098980143189456527608321905884757182906793330525824422625380941210,0xcaec99debca1fe002f7af5b3ff300edfcf84c7ab7e366b24c12316ba99ed302e,0.996,76,75.696,1729443260,Will a Democrat win South Dakota Presidential Election?
0x461bde92c6e59fa6023c8c7795bd178528dcd562822f87da19baf7db403f78d3,0xe7120a4acf9e547488905eddf639b3a6abab1441,SELL,No,103817554879098980143189456527608321905884757182906793330525824422625380941210,0xcaec99debca1fe002f7af5b3ff300edfcf84c7ab7e366b24c12316ba99ed302e,0.996,56,55.775999999999996,1729443208,Will a Democrat win South Dakota Presidential Election?
0x87f44442d80a237d49aaa5559d5d98b22de0f4cc6e423d9489bb9cc62de9e75a,0xe7120a4acf9e547488905eddf639b3a6abab1441,BUY,No,103817554879098980143189456527608321905884757182906793330525824422625380941210,0xcaec99debca1fe002f7af5b3ff300edfcf84c7ab7e366b24c12316ba99ed302e,0.997,56,55.832,1729442759,Will a Democrat win South Dakota Presidential Election?
0x1a5b648869d6ae44312bbffeffa036bf3367539f522411a960e2cd0416e0050e,0x65d2b075f1b45bf611d12518e0e749a8f45c4fc6,SELL,No,103817554879098980143189456527608321905884757182906793330525824422625380941210,0xcaec99debca1fe002f7af5b3ff300edfcf84c7ab7e366b24c12316ba99ed302e,0.996,39,38.844,1729442283,Will a Democrat win South Dakota Presidential Election?
0x8db02af493ff9601fd5a155bc0361fa7bf6f508327f571daa89f4cdd2e310cfa,0x5b1c93c929310a972e069c805e7b49d1fcd4377c,SELL,No,103817554879098980143189456527608321905884757182906793330525824422625380941210,0xcaec99debca1fe002f7af5b3ff300edfcf84c7ab7e366b24c12316ba99ed302e,0.996,4.04,4.02384,1729442139,Will a Democrat win South Dakota Presidential Election?
0xd242dc596bd4942f0d12fe1deb6e6c135b5d57d654d5fde35c35ffb972302492,0x8d4a2b17f61d512170a49fd4f6120a3282c9f5b4,BUY,No,103817554879098980143189456527608321905884757182906793330525824422625380941210,0xcaec99debca1fe002f7af5b3ff300edfcf84c7ab7e366b24c12316ba99ed302e,0.997,76,75.772,1729441987,Will a Democrat win South Dakota Presidential Election?
0xb1c7cabaad4ea9a57202b604a69a7b94e20e516867394f69c5c3013790292839,0x144ff84ced5a0825182dfe37285944cb2e111aad,SELL,No,103817554879098980143189456527608321905884757182906793330525824422625380941210,0xcaec99debca1fe002f7af5b3ff300edfcf84c7ab7e366b24c12316ba99ed302e,0.996,80,79.68,1729441501,Will a Democrat win South Dakota Presidential Election?
0xb4e1fbca1fce0c66eb6b8823c95806189d268976fd1b3f035945807abb88ef4d,0x65d2b075f1b45bf611d12518e0e749a8f45c4fc6,BUY,No,103817554879098980143189456527608321905884757182906793330525824422625380941210,0xcaec99debca1fe002f7af5b3ff300edfcf84c7ab7e366b24c12316ba99ed302e,0.997,39,38.883,1729441335,Will a Democrat win South Dakota Presidential Election?
0x3cad9001e024303f0a6f39872ccbbd69e74aa0b76831cb1b6d52807546d31b0e,0x144ff84ced5a0825182dfe37285944cb2e111aad,BUY,No,103817554879098980143189456527608321905884757182906793330525824422625380941210,0xcaec99debca1fe002f7af5b3ff300edfcf84c7ab7e366b24c12316ba99ed302e,0.997,80,79.76,1729440943,Will a Democrat win South Dakota Presidential Election?
0x61eb1f4e2341fbd8dcf020fbb36b05d2887f673a2c51bbe311683bee7b50fb17,0x5b1c93c929310a972e069c805e7b49d1fcd4377c,BUY,No,103817554879098980143189456527608321905884757182906793330525824422625380941210,0xcaec99debca1fe002f7af5b3ff300edfcf84c7ab7e366b24c12316ba99ed302e,0.997,4.042,4.0298739999999995,1729440929,Will a Democrat win South Dakota Presidential Election?
0xb82ae6028619ade6bed8ed35b78a512d379cce4f39259593e0332afbd59bdea2,0x568b0a91a950ec3c9216329b7f5088dfb9467837,SELL,No,103817554879098980143189456527608321905884757182906793330525824422625380941210,0xcaec99debca1fe002f7af5b3ff300edfcf84c7ab7e366b24c12316ba99ed302e,0.996,3.88,3.86448,1729440116,Will a Democrat win South Dakota Presidential Election?
0xc5d1453e7a208b7f3423f52221a1679bac8a619e6614b37d8a7aea870bc822e6,0xcab15320a3d0417bc495f6f81d313cc1b47ee74e,SELL,No,103817554879098980143189456527608321905884757182906793330525824422625380941210,0xcaec99debca1fe002f7af5b3ff300edfcf84c7ab7e366b24c12316ba99ed302e,0.996,4.52,4.501919999999999,1729439970,Will a Democrat win South Dakota Presidential Election?
0x8a4866d8a0140c74aa3f6397eceff1b09e6e5ed62c7fb6d8f971ab32cb9f246e,0x38f46c6d124d0f21b7b2d40383d0177c40a80c15,SELL,No,103817554879098980143189456527608321905884757182906793330525824422625380941210,0xcaec99debca1fe002f7af5b3ff300edfcf84c7ab7e366b24c12316ba99ed302e,0.996,4.75,4.731,1729439322,Will a Democrat win South Dakota Presidential Election?
0x9ddd11292fcf046f5c420ca915e8c5320897ba9919965596e3349ca8a326ea53,0xcab15320a3d0417bc495f6f81d313cc1b47ee74e,BUY,No,103817554879098980143189456527608321905884757182906793330525824422625380941210,0xcaec99debca1fe002f7af5b3ff300edfcf84c7ab7e366b24c12316ba99ed302e,0.9969999998,4.523333,4.509763000095333,1729438880,Will a Democrat win South Dakota Presidential Election?
0xf1d376eb90863763f4259f7b32f031fde4d131a8fc4e82baea7670ad14e6483b,0x568b0a91a950ec3c9216329b7f5088dfb9467837,BUY,No,103817554879098980143189456527608321905884757182906793330525824422625380941210,0xcaec99debca1fe002f7af5b3ff300edfcf84c7ab7e366b24c12316ba99ed302e,0.9969999997,3.871333,3.8597189998386,1729438674,Will a Democrat win South Dakota Presidential Election?
0xda6775aaea75ca26153ba7f076ca1355121b071c1575aa4990675938a419d973,0x96d05669b7aa5670abe3cd1beb0e61b175387a10,SELL,No,103817554879098980143189456527608321905884757182906793330525824422625380941210,0xcaec99debca1fe002f7af5b3ff300edfcf84c7ab7e366b24c12316ba99ed302e,0.996,4.13,4.11348,1729437812,Will a Democrat win South Dakota Presidential Election?
0xeca0eede3863bef91298763a0f1fde3e19ae8e1d47f742dd14791866b11e8fe5,0x38f46c6d124d0f21b7b2d40383d0177c40a80c15,BUY,No,103817554879098980143189456527608321905884757182906793330525824422625380941210,0xcaec99debca1fe002f7af5b3ff300edfcf84c7ab7e366b24c12316ba99ed302e,0.997,4.754,4.739737999999999,1729437788,Will a Democrat win South Dakota Presidential Election?
0x83a834666bcaacc6182ba45848a76d9061db2afd1e41adab220cb5a32b55dfd1,0x96d05669b7aa5670abe3cd1beb0e61b175387a10,BUY,No,103817554879098980143189456527608321905884757182906793330525824422625380941210,0xcaec99debca1fe002f7af5b3ff300edfcf84c7ab7e366b24c12316ba99ed302e,0.9969999998,4.132333,4.119936000173533,1729436622,Will a Democrat win South Dakota Presidential Election?
0x8250e10971cd9cddd55126221fbce9fc4c673595e167a4c2e4532944c3932551,0x5cbf0bf5c90e0ff02d133e05d2eb2cc5b5b444e6,SELL,No,103817554879098980143189456527608321905884757182906793330525824422625380941210,0xcaec99debca1fe002f7af5b3ff300edfcf84c7ab7e366b24c12316ba99ed302e,0.996,3.76,3.74496,1729436586,Will a Democrat win South Dakota Presidential Election?
0x113b027ee1064614c97f1c343357a8e19bbdc542a28047949e4e342765147523,0x7567d4e376e5ccf4c407ec5234fa62b3dcf5e602,SELL,No,103817554879098980143189456527608321905884757182906793330525824422625380941210,0xcaec99debca1fe002f7af5b3ff300edfcf84c7ab7e366b24c12316ba99ed302e,0.996,4.28,4.26288,1729436070,Will a Democrat win South Dakota Presidential Election?
0xb0b41b2da2ac8e0bf77fef16afe7f86657a989ace817216e77c91fabf4edb25f,0x5cbf0bf5c90e0ff02d133e05d2eb2cc5b5b444e6,BUY,No,103817554879098980143189456527608321905884757182906793330525824422625380941210,0xcaec99debca1fe002f7af5b3ff300edfcf84c7ab7e366b24c12316ba99ed302e,0.997,3.761,3.749717,1729435608,Will a Democrat win South Dakota Presidential Election?
0x30d0ed84c9e55b141a49a8128964e7c266793f0cd916cab6012a210e4f12f494,0x7567d4e376e5ccf4c407ec5234fa62b3dcf5e602,BUY,No,103817554879098980143189456527608321905884757182906793330525824422625380941210,0xcaec99debca1fe002f7af5b3ff300edfcf84c7ab7e366b24c12316ba99ed302e,0.9969999995,4.282666,4.269817999858667,1729435110,Will a Democrat win South Dakota Presidential Election?
0xa40ae6b6ccb698b9834f6396c63925b1a33462dda472110c3c43b5ead7bf7f0f,0xc9cbb8c259764a5705adeec2de664e94dd6cd64b,SELL,No,103817554879098980143189456527608321905884757182906793330525824422625380941210,0xcaec99debca1fe002f7af5b3ff300edfcf84c7ab7e366b24c12316ba99ed302e,0.996,4.3,4.2828,1729432392,Will a Democrat win South Dakota Presidential Election?
0x2cb2bc6d6b4980afc323b08cbfef47c210182ae77aa68d5a3a4e3502e08d0505,0x8c93d5621fda4b8cc7a5c7ed906a7feac8b50e50,SELL,No,103817554879098980143189456527608321905884757182906793330525824422625380941210,0xcaec99debca1fe002f7af5b3ff300edfcf84c7ab7e366b24c12316ba99ed302e,0.996,4.82,4.80072,1729432290,Will a Democrat win South Dakota Presidential Election?
0xdee171bb2146023eeb822f98902b743893aa0826f9a56f479a388397a9663d56,0xc9cbb8c259764a5705adeec2de664e94dd6cd64b,BUY,No,103817554879098980143189456527608321905884757182906793330525824422625380941210,0xcaec99debca1fe002f7af5b3ff300edfcf84c7ab7e366b24c12316ba99ed302e,0.9969999995,4.302666,4.289757999848667,1729431450,Will a Democrat win South Dakota Presidential Election?
0x5994686361bb96db6d4e15babf740d5aab0f1b52e5d2abaa154a5eadf67cca16,0x8c93d5621fda4b8cc7a5c7ed906a7feac8b50e50,BUY,No,103817554879098980143189456527608321905884757182906793330525824422625380941210,0xcaec99debca1fe002f7af5b3ff300edfcf84c7ab7e366b24c12316ba99ed302e,0.9969999998,4.824333,4.809860000035133,1729430864,Will a Democrat win South Dakota Presidential Election?
0x8f07fddeaf8c798f4b7f2ba8a74a15663de9af35b9ae8178450dee53c654a137,0xf17c745f32ae86574c6f22df06d29e9be62d6abb,SELL,No,103817554879098980143189456527608321905884757182906793330525824422625380941210,0xcaec99debca1fe002f7af5b3ff300edfcf84c7ab7e366b24c12316ba99ed302e,0.996,4.15,4.1334,1729430672,Will a Democrat win South Dakota Presidential Election?
0xdfbd422c8e89b0337ff6485e1546b86401f2e0b57f4f95588101a2c4a48a985d,0x5f390e4b7d6f06d6756a6c92afdbf7b3176aa78c,BUY,Yes,105742278895779392184517567088147476702553818055925607866681628906726505150563,0xcaec99debca1fe002f7af5b3ff300edfcf84c7ab7e366b24c12316ba99ed302e,0.004,3,0.012,1729429834,Will a Democrat win South Dakota Presidential Election?
0xd4377a141f595ba9aa78742a98330ddb6c2d374c7aaef64abbd088afce130021,0xf17c745f32ae86574c6f22df06d29e9be62d6abb,BUY,No,103817554879098980143189456527608321905884757182906793330525824422625380941210,0xcaec99debca1fe002f7af5b3ff300edfcf84c7ab7e366b24c12316ba99ed302e,0.9969999998,4.152333,4.139876000169533,1729429530,Will a Democrat win South Dakota Presidential Election?
0xae3da25e5e21340699e07422fbf9f3fbf2f0c986beecfd3f9570e347b15c0e82,0x028c1f66914f94843646699e091d8cc65f7dbed1,SELL,No,103817554879098980143189456527608321905884757182906793330525824422625380941210,0xcaec99debca1fe002f7af5b3ff300edfcf84c7ab7e366b24c12316ba99ed302e,0.996,8.83,8.79468,1729428164,Will a Democrat win South Dakota Presidential Election?
0x31637ee3029b5261757c36f918b8080e08f8ee120720f8f21a7c12f4ced48861,0xc2d22809a8907a1de863b84b8e504dae6b1de3df,SELL,No,103817554879098980143189456527608321905884757182906793330525824422625380941210,0xcaec99debca1fe002f7af5b3ff300edfcf84c7ab7e366b24c12316ba99ed302e,0.996,4.98,4.9600800000000005,1729427268,Will a Democrat win South Dakota Presidential Election?
0x6758b4288c20953ffb6038ef3c8bc16658cabb0cfce06c97e1e4e4485a76d918,0x028c1f66914f94843646699e091d8cc65f7dbed1,BUY,No,103817554879098980143189456527608321905884757182906793330525824422625380941210,0xcaec99debca1fe002f7af5b3ff300edfcf84c7ab7e366b24c12316ba99ed302e,0.9969999996,4.583666,4.569915000166533,1729426962,Will a Democrat win South Dakota Presidential Election?
0xdf9996332289854e2228c79f546760aab80618c2f2e5fc8ebb8640fad7fe5751,0x22129fa35479451a57c98c674c2f2eb410c51246,SELL,No,103817554879098980143189456527608321905884757182906793330525824422625380941210,0xcaec99debca1fe002f7af5b3ff300edfcf84c7ab7e366b24c12316ba99ed302e,0.996,3.18,3.1672800000000003,1729426309,Will a Democrat win South Dakota Presidential Election?
0x95a60b323f1f03a69836437e2d21cad4f01ec5bcea2994f41a9eaef81289c5e8,0xfd1905ab3b7d67444d96c74f96491a19369bb249,BUY,No,103817554879098980143189456527608321905884757182906793330525824422625380941210,0xcaec99debca1fe002f7af5b3ff300edfcf84c7ab7e366b24c12316ba99ed302e,0.9969999998,4.523333,4.509763000095333,1729425863,Will a Democrat win South Dakota Presidential Election?
0x16b5c5da7e98b054e0e109f33ef497486363b98c36dc1b8cc66408847db3f714,0xc2d22809a8907a1de863b84b8e504dae6b1de3df,BUY,No,103817554879098980143189456527608321905884757182906793330525824422625380941210,0xcaec99debca1fe002f7af5b3ff300edfcf84c7ab7e366b24c12316ba99ed302e,0.9969999996,4.984666,4.969712000006133,1729425811,Will a Democrat win South Dakota Presidential Election?
0xcdd8026e3e15ba261312c9a13b2217e99399dc8553324d073c9231714bbe9dba,0x22129fa35479451a57c98c674c2f2eb410c51246,BUY,No,103817554879098980143189456527608321905884757182906793330525824422625380941210,0xcaec99debca1fe002f7af5b3ff300edfcf84c7ab7e366b24c12316ba99ed302e,0.9969999997,3.189333,3.1797650000432,1729424985,Will a Democrat win South Dakota Presidential Election?
0x25129ef5ebcb97d2fcef581b3405785d765954be46e4d4e446385fe5538664a9,0x4d558e2e796126da51a08e605755da7fc7821036,SELL,No,103817554879098980143189456527608321905884757182906793330525824422625380941210,0xcaec99debca1fe002f7af5b3ff300edfcf84c7ab7e366b24c12316ba99ed302e,0.996,4.89,4.870439999999999,1729424829,Will a Democrat win South Dakota Presidential Election?
0xd3fc57df9b17f2dcf0d9c4551e6c1babd13cbbbe9868acf0331b16a3768ca491,0x118aff9b6ef92a70607af48d9df09ba9a58be684,SELL,No,103817554879098980143189456527608321905884757182906793330525824422625380941210,0xcaec99debca1fe002f7af5b3ff300edfcf84c7ab7e366b24c12316ba99ed302e,0.996,3.42,3.40632,1729424717,Will a Democrat win South Dakota Presidential Election?
0x920634548161827a771d07b5c13d6a27fd551d500bc5e4dd944653b20eb78b55,0x9b12cc83684d9360913a000d1cea5cc8d2edf48b,SELL,No,103817554879098980143189456527608321905884757182906793330525824422625380941210,0xcaec99debca1fe002f7af5b3ff300edfcf84c7ab7e366b24c12316ba99ed302e,0.996,4.29,4.27284,1729424189,Will a Democrat win South Dakota Presidential Election?
0x3274f29c0c83b042f8f7a465d9b1ef701b8d360686790bf59c2f03c219b6e36b,0xe086dbac914adc37dd9f00bf7ec10f12513f653f,SELL,No,103817554879098980143189456527608321905884757182906793330525824422625380941210,0xcaec99debca1fe002f7af5b3ff300edfcf84c7ab7e366b24c12316ba99ed302e,0.996,4.08,4.06368,1729424007,Will a Democrat win South Dakota Presidential Election?
0x5c5be37a676d7836855b3f9095661d72da49f89db22089fa4990f28bb435041c,0x4d558e2e796126da51a08e605755da7fc7821036,BUY,No,103817554879098980143189456527608321905884757182906793330525824422625380941210,0xcaec99debca1fe002f7af5b3ff300edfcf84c7ab7e366b24c12316ba99ed302e,0.9969999996,4.894666,4.8799820000421334,1729423858,Will a Democrat win South Dakota Presidential Election?
0xebc449a7eb32fd9bf6a74c4c8cd2d499ae975f1c3a09968e2f02cdc5339c4784,0x118aff9b6ef92a70607af48d9df09ba9a58be684,BUY,No,103817554879098980143189456527608321905884757182906793330525824422625380941210,0xcaec99debca1fe002f7af5b3ff300edfcf84c7ab7e366b24c12316ba99ed302e,0.997,3.42,3.4097399999999998,1729423208,Will a Democrat win South Dakota Presidential Election?
0xca899d6457811f09f26ab5cd16df33612bb555f5825e420aed17ac35f0f080dd,0xe086dbac914adc37dd9f00bf7ec10f12513f653f,BUY,No,103817554879098980143189456527608321905884757182906793330525824422625380941210,0xcaec99debca1fe002f7af5b3ff300edfcf84c7ab7e366b24c12316ba99ed302e,0.997,4.082,4.069754,1729423100,Will a Democrat win South Dakota Presidential Election?
0xe8aa4ea5688e133e02499b0d6095bcae92a0ccfd4e92a769f365fc0f7c60846b,0x9b12cc83684d9360913a000d1cea5cc8d2edf48b,BUY,No,103817554879098980143189456527608321905884757182906793330525824422625380941210,0xcaec99debca1fe002f7af5b3ff300edfcf84c7ab7e366b24c12316ba99ed302e,0.9969999995,4.292666,4.279787999853666,1729423038,Will a Democrat win South Dakota Presidential Election?
0x2ed38292a266b378bd8935ae1a8b4b18ad0089ff86446702092bbf1c656f56ea,0xcf74c4e2f70eae38ae2c38929cd47ef51ddf9d2e,SELL,No,103817554879098980143189456527608321905884757182906793330525824422625380941210,0xcaec99debca1fe002f7af5b3ff300edfcf84c7ab7e366b24c12316ba99ed302e,0.996,3.72,3.70512,1729421838,Will a Democrat win South Dakota Presidential Election?
0xdc2a216310599ef600b0fd2057efa18462eaba7cdb404d25a33892d137caa193,0xcf74c4e2f70eae38ae2c38929cd47ef51ddf9d2e,BUY,No,103817554879098980143189456527608321905884757182906793330525824422625380941210,0xcaec99debca1fe002f7af5b3ff300edfcf84c7ab7e366b24c12316ba99ed302e,0.997,3.721,3.7098370000000003,1729420484,Will a Democrat win South Dakota Presidential Election?
0x019992623ee08f01ffec8327b538e5068bcfe9b406c8a3e4749c98c35893dcdc,0xdc678d9ab3b66e66cf9286a3126fe50c283bc87f,SELL,No,103817554879098980143189456527608321905884757182906793330525824422625380941210,0xcaec99debca1fe002f7af5b3ff300edfcf84c7ab7e366b24c12316ba99ed302e,0.996,0.17,0.16932,1729395998,Will a Democrat win South Dakota Presidential Election?
0xbe8b1217d560b006409a112d3b41e9d5c1569d33ff3759d541364494ec08355f,0xdc678d9ab3b66e66cf9286a3126fe50c283bc87f,BUY,No,103817554879098980143189456527608321905884757182906793330525824422625380941210,0xcaec99debca1fe002f7af5b3ff300edfcf84c7ab7e366b24c12316ba99ed302e,0.9969999941,0.170333,0.1698219999950353,1729395926,Will a Democrat win South Dakota Presidential Election?
0x86bb34dc9dfe6e0aa74f3ab5b822bb7aa29fe0d3128f666fefd7d39836fe153b,0x62240717b4a0b7afef9234323699c24ee750698b,SELL,No,103817554879098980143189456527608321905884757182906793330525824422625380941210,0xcaec99debca1fe002f7af5b3ff300edfcf84c7ab7e366b24c12316ba99ed302e,0.996,29,28.884,1729389281,Will a Democrat win South Dakota Presidential Election?
0x352988c13049f60c1074a1ee0d17b5231e5367f6022874f50009d9c84632d920,0x62240717b4a0b7afef9234323699c24ee750698b,BUY,No,103817554879098980143189456527608321905884757182906793330525824422625380941210,0xcaec99debca1fe002f7af5b3ff300edfcf84c7ab7e366b24c12316ba99ed302e,0.997,29,28.913,1729388703,Will a Democrat win South Dakota Presidential Election?
0x040f120b2358a1c76e1b5c7c8cfdb5c39acce458503fc01c3098b145a2f0580e,0x0433310a667461165a813c28488ab4bead180e88,SELL,No,103817554879098980143189456527608321905884757182906793330525824422625380941210,0xcaec99debca1fe002f7af5b3ff300edfcf84c7ab7e366b24c12316ba99ed302e,0.996,67,66.732,1729384017,Will a Democrat win South Dakota Presidential Election?
0xc78b8dc339e374f366fa62112d336b2e8178b0ded62703e1937faafd9f2cbd3e,0x0433310a667461165a813c28488ab4bead180e88,BUY,No,103817554879098980143189456527608321905884757182906793330525824422625380941210,0xcaec99debca1fe002f7af5b3ff300edfcf84c7ab7e366b24c12316ba99ed302e,0.997,67,66.799,1729383437,Will a Democrat win South Dakota Presidential Election?
0x97f062820e21b232888fa41148dd9f1773e424111db7fb5e62d8153778200a4b,0xf4f39064ef1e57d9d85bbc0107d13be9122dbd16,SELL,No,103817554879098980143189456527608321905884757182906793330525824422625380941210,0xcaec99debca1fe002f7af5b3ff300edfcf84c7ab7e366b24c12316ba99ed302e,0.996,40,39.84,1729382363,Will a Democrat win South Dakota Presidential Election?
0x7b2fd07acdfe131b4abb8fe4b2b8471fe6a1e53c11ac59c7e4a481fa80ed6b55,0x1fea11121ad2b34fbf70973998ac8ca71e29dcae,SELL,No,103817554879098980143189456527608321905884757182906793330525824422625380941210,0xcaec99debca1fe002f7af5b3ff300edfcf84c7ab7e366b24c12316ba99ed302e,0.996,48,47.808,1729381441,Will a Democrat win South Dakota Presidential Election?
0x002cbb00cf2d7a7bb40c270e8f0afc2c545e17ee1e675a3f3de8fe865d78057b,0xf4f39064ef1e57d9d85bbc0107d13be9122dbd16,BUY,No,103817554879098980143189456527608321905884757182906793330525824422625380941210,0xcaec99debca1fe002f7af5b3ff300edfcf84c7ab7e366b24c12316ba99ed302e,0.997,40,39.88,1729380969,Will a Democrat win South Dakota Presidential Election?
0x3103b5514208cea415e4c6cc3c2200e100d3d6407dda128dd03271fca74471cf,0x1fea11121ad2b34fbf70973998ac8ca71e29dcae,BUY,No,103817554879098980143189456527608321905884757182906793330525824422625380941210,0xcaec99debca1fe002f7af5b3ff300edfcf84c7ab7e366b24c12316ba99ed302e,0.997,48,47.856,1729380619,Will a Democrat win South Dakota Presidential Election?
0x4270d919d62bfd3ba6c88195301ce0634329c162cf4e0e767da9d7d110c18a15,0xea431c4323af3275c7eb73465f6028fb16cde303,SELL,No,103817554879098980143189456527608321905884757182906793330525824422625380941210,0xcaec99debca1fe002f7af5b3ff300edfcf84c7ab7e366b24c12316ba99ed302e,0.996,80,79.68,1729380611,Will a Democrat win South Dakota Presidential Election?
0x848b33a8337030c86fa833e6c157da6cdaaa67dc83d3406a756b352f9fc14555,0xea431c4323af3275c7eb73465f6028fb16cde303,BUY,No,103817554879098980143189456527608321905884757182906793330525824422625380941210,0xcaec99debca1fe002f7af5b3ff300edfcf84c7ab7e366b24c12316ba99ed302e,0.997,80,79.76,1729378664,Will a Democrat win South Dakota Presidential Election?
0x49965d73c30b231ece008c6fb5f1d3ad5dc18829618a8a5e69e12b0b4b6a8f1e,0xbbb92c8fcbc10b876e2339b381f6741784127937,SELL,No,103817554879098980143189456527608321905884757182906793330525824422625380941210,0xcaec99debca1fe002f7af5b3ff300edfcf84c7ab7e366b24c12316ba99ed302e,0.996,7,6.9719999999999995,1729378330,Will a Democrat win South Dakota Presidential Election?
0xa75dec2224517ed18bf74342def5f13f331e323d8ba213f7b55c86ff4d6b14bd,0xadd9f8edc1d747d91d765c941b87ec35d6dee82a,SELL,No,103817554879098980143189456527608321905884757182906793330525824422625380941210,0xcaec99debca1fe002f7af5b3ff300edfcf84c7ab7e366b24c12316ba99ed302e,0.996,77,76.692,1729378176,Will a Democrat win South Dakota Presidential Election?
0x6abfade963f77b888196b6c1daf41d1ff84bd4f22da17fc35caae36f3536ac86,0xbbb92c8fcbc10b876e2339b381f6741784127937,BUY,No,103817554879098980143189456527608321905884757182906793330525824422625380941210,0xcaec99debca1fe002f7af5b3ff300edfcf84c7ab7e366b24c12316ba99ed302e,0.997,7,6.979,1729377988,Will a Democrat win South Dakota Presidential Election?
0x20f1e87062cbe78eca69933c29cd5d233fb66690b7ccf2152b6920171f749e6c,0xadd9f8edc1d747d91d765c941b87ec35d6dee82a,BUY,No,103817554879098980143189456527608321905884757182906793330525824422625380941210,0xcaec99debca1fe002f7af5b3ff300edfcf84c7ab7e366b24c12316ba99ed302e,0.997,77,76.769,1729376626,Will a Democrat win South Dakota Presidential Election?
0x09b7e3f840624432ef71069ccc3fd7d8bd0b06ee7b37b13acfb9aab8b065ab82,0xe0e2a2c949e18cb3ac86054e557855ac5b094d7b,SELL,No,103817554879098980143189456527608321905884757182906793330525824422625380941210,0xcaec99debca1fe002f7af5b3ff300edfcf84c7ab7e366b24c12316ba99ed302e,0.996,20,19.92,1729376398,Will a Democrat win South Dakota Presidential Election?
0xc6cee6cfad1f4d49698448906278fcf72318f3c255288faef50f6be9258d6eb1,0x219cedbeb79aaf689f3d2baf3876fcdcdbad6f99,SELL,No,103817554879098980143189456527608321905884757182906793330525824422625380941210,0xcaec99debca1fe002f7af5b3ff300edfcf84c7ab7e366b24c12316ba99ed302e,0.996,69,68.724,1729375810,Will a Democrat win South Dakota Presidential Election?
0xcbb58e9975b580666d6b57e8b44987906407e06f23058a98accc253243e6b3a5,0xe0e2a2c949e18cb3ac86054e557855ac5b094d7b,BUY,No,103817554879098980143189456527608321905884757182906793330525824422625380941210,0xcaec99debca1fe002f7af5b3ff300edfcf84c7ab7e366b24c12316ba99ed302e,0.997,20,19.94,1729374921,Will a Democrat win South Dakota Presidential Election?
0x191f9ee81f344dc0110a7c62f416f8e4559cfe5173e110a46d944cb0a19ead5a,0x2f5e20396a596e4ab09746f69b3283dea8bdcd1b,SELL,No,103817554879098980143189456527608321905884757182906793330525824422625380941210,0xcaec99debca1fe002f7af5b3ff300edfcf84c7ab7e366b24c12316ba99ed302e,0.996,50,49.8,1729374881,Will a Democrat win South Dakota Presidential Election?
0x628533786c243264205a2696c3158e825728188071d73349d81de24f097d53b4,0xb3fc8e3ca10e81e250cff728eb28041a8a12896c,SELL,No,103817554879098980143189456527608321905884757182906793330525824422625380941210,0xcaec99debca1fe002f7af5b3ff300edfcf84c7ab7e366b24c12316ba99ed302e,0.996,13,12.948,1729374305,Will a Democrat win South Dakota Presidential Election?
0x061c5a1352076f2a7b2fc36f49be7014d7597559c1cca95fa68f5a8975d3c276,0x2f5e20396a596e4ab09746f69b3283dea8bdcd1b,BUY,No,103817554879098980143189456527608321905884757182906793330525824422625380941210,0xcaec99debca1fe002f7af5b3ff300edfcf84c7ab7e366b24c12316ba99ed302e,0.997,50,49.85,1729374267,Will a Democrat win South Dakota Presidential Election?
0x7091d3ea98ecfb26c7b4dbdef1b0d789324cf6858a2de5eca44e7aa99946d477,0x2750da4bc489238dd2ef427b2b3e8b4a51459192,SELL,No,103817554879098980143189456527608321905884757182906793330525824422625380941210,0xcaec99debca1fe002f7af5b3ff300edfcf84c7ab7e366b24c12316ba99ed302e,0.996,30,29.88,1729374054,Will a Democrat win South Dakota Presidential Election?
0x5ecf0f092b6abe76b5af60b678305b9f980cc4243df319b3971c7718830adcaf,0x219cedbeb79aaf689f3d2baf3876fcdcdbad6f99,BUY,No,103817554879098980143189456527608321905884757182906793330525824422625380941210,0xcaec99debca1fe002f7af5b3ff300edfcf84c7ab7e366b24c12316ba99ed302e,0.997,69,68.793,1729373940,Will a Democrat win South Dakota Presidential Election?
0x534236e41a118b7e33f2976bdd20349e5ce2697176eda766720b6036a6d25a74,0xb3fc8e3ca10e81e250cff728eb28041a8a12896c,BUY,No,103817554879098980143189456527608321905884757182906793330525824422625380941210,0xcaec99debca1fe002f7af5b3ff300edfcf84c7ab7e366b24c12316ba99ed302e,0.997,13,12.961,1729373222,Will a Democrat win South Dakota Presidential Election?
0xfefd54d5f1704e21c8eb2f384969aee32dcb2d7fb3ddf39f2973462869964fac,0x9e600ec8d31556fdfdb074787457d61d085bedfc,SELL,No,103817554879098980143189456527608321905884757182906793330525824422625380941210,0xcaec99debca1fe002f7af5b3ff300edfcf84c7ab7e366b24c12316ba99ed302e,0.996,54,53.784,1729372934,Will a Democrat win South Dakota Presidential Election?
0x69571e82797a39b7e3cc5dc1b55d2b28f27385f8619e5920debb1f1e42ca45a7,0x2750da4bc489238dd2ef427b2b3e8b4a51459192,BUY,No,103817554879098980143189456527608321905884757182906793330525824422625380941210,0xcaec99debca1fe002f7af5b3ff300edfcf84c7ab7e366b24c12316ba99ed302e,0.997,30,29.91,1729372434,Will a Democrat win South Dakota Presidential Election?
0x6ca3b63bf4c9ccfc6df35b3d9534da86845e0f71e278c0ae3c56db55088e42c8,0x9e600ec8d31556fdfdb074787457d61d085bedfc,SELL,No,103817554879098980143189456527608321905884757182906793330525824422625380941210,0xcaec99debca1fe002f7af5b3ff300edfcf84c7ab7e366b24c12316ba99ed302e,0.996,6,5.976,1729372428,Will a Democrat win South Dakota Presidential Election?
0xd5360338f4dfeb5ac26ec79bac2c1877f5e67e79acd537a6af98350b97fc8bc8,0x9e600ec8d31556fdfdb074787457d61d085bedfc,BUY,No,103817554879098980143189456527608321905884757182906793330525824422625380941210,0xcaec99debca1fe002f7af5b3ff300edfcf84c7ab7e366b24c12316ba99ed302e,0.997,54,53.838,1729372274,Will a Democrat win South Dakota Presidential Election?
0x40e6ff9a79a294d17b5601deb7d10f94ffad4a97614748954c5daff99e444575,0x37523ce99fac452cac327eb679e1dd6e214a9364,SELL,No,103817554879098980143189456527608321905884757182906793330525824422625380941210,0xcaec99debca1fe002f7af5b3ff300edfcf84c7ab7e366b24c12316ba99ed302e,0.996,73,72.708,1729371316,Will a Democrat win South Dakota Presidential Election?
0xfe5f23383f7fcb35b8efdcac790dc867d5a99db06f1059f7d3ccff072a6a7770,0x9e600ec8d31556fdfdb074787457d61d085bedfc,BUY,No,103817554879098980143189456527608321905884757182906793330525824422625380941210,0xcaec99debca1fe002f7af5b3ff300edfcf84c7ab7e366b24c12316ba99ed302e,0.997,6,5.982,1729371196,Will a Democrat win South Dakota Presidential Election?
0xba7ef63814f8c217cdbac03f07f79f3e2eeb5be1543a05ace6075952bd46e27c,0xf94e0439af44cb8290bae71749a5495b58cd521a,SELL,No,103817554879098980143189456527608321905884757182906793330525824422625380941210,0xcaec99debca1fe002f7af5b3ff300edfcf84c7ab7e366b24c12316ba99ed302e,0.996,51,50.796,1729371034,Will a Democrat win South Dakota Presidential Election?
0x96b38add8b2b63c109b87df7f9ad51ca54f6a4ddacf5749fc2f7a8b62741e5cb,0xf94e0439af44cb8290bae71749a5495b58cd521a,BUY,No,103817554879098980143189456527608321905884757182906793330525824422625380941210,0xcaec99debca1fe002f7af5b3ff300edfcf84c7ab7e366b24c12316ba99ed302e,0.997,51,50.847,1729370094,Will a Democrat win South Dakota Presidential Election?
0xdf3762dde77b577a726c9bc7e722111e265bc722dab33af54a486fd8b1baa6a0,0x37523ce99fac452cac327eb679e1dd6e214a9364,BUY,No,103817554879098980143189456527608321905884757182906793330525824422625380941210,0xcaec99debca1fe002f7af5b3ff300edfcf84c7ab7e366b24c12316ba99ed302e,0.997,73,72.781,1729369786,Will a Democrat win South Dakota Presidential Election?
0x382ffb86571b522aa3c2736dc0f124dde71c0caab3d17dd007bea6332e1e5a53,0x144ff84ced5a0825182dfe37285944cb2e111aad,SELL,No,103817554879098980143189456527608321905884757182906793330525824422625380941210,0xcaec99debca1fe002f7af5b3ff300edfcf84c7ab7e366b24c12316ba99ed302e,0.996,45,44.82,1729369744,Will a Democrat win South Dakota Presidential Election?
0x50a8d4e6f0baa74c44e618a6e5ca3bac19da35e1019ae996c3e3f34a204190f8,0xd569df83c6d0d8dd483ab693eb7fe708d812efac,SELL,No,103817554879098980143189456527608321905884757182906793330525824422625380941210,0xcaec99debca1fe002f7af5b3ff300edfcf84c7ab7e366b24c12316ba99ed302e,0.996,65,64.74,1729369432,Will a Democrat win South Dakota Presidential Election?
0xfec114964402fd562bc42f2b3d7d8e6c502ebb51d7b2da504de4a86b8eed1626,0x2f5e20396a596e4ab09746f69b3283dea8bdcd1b,SELL,No,103817554879098980143189456527608321905884757182906793330525824422625380941210,0xcaec99debca1fe002f7af5b3ff300edfcf84c7ab7e366b24c12316ba99ed302e,0.996,45,44.82,1729369360,Will a Democrat win South Dakota Presidential Election?
0x66f681320fd9cdff56cff59ad85ba3d62f2c84eba7849f255c98fced6cf681e7,0x2f5e20396a596e4ab09746f69b3283dea8bdcd1b,BUY,No,103817554879098980143189456527608321905884757182906793330525824422625380941210,0xcaec99debca1fe002f7af5b3ff300edfcf84c7ab7e366b24c12316ba99ed302e,0.997,45,44.865,1729368746,Will a Democrat win South Dakota Presidential Election?
0xe3972b8cafd1f6d39fae66c2fde9ed53a4dcfaf3cda7d59e3ea99eb9335c57ee,0x144ff84ced5a0825182dfe37285944cb2e111aad,BUY,No,103817554879098980143189456527608321905884757182906793330525824422625380941210,0xcaec99debca1fe002f7af5b3ff300edfcf84c7ab7e366b24c12316ba99ed302e,0.997,45,44.865,1729368012,Will a Democrat win South Dakota Presidential Election?
0x8212fe8d78f4a37172a49207603a1fcd38eec0fff039d4183e3af4164a80d143,0x69717f9f8ecb51b69aa31b4f8e73ef8d9033aa67,SELL,No,103817554879098980143189456527608321905884757182906793330525824422625380941210,0xcaec99debca1fe002f7af5b3ff300edfcf84c7ab7e366b24c12316ba99ed302e,0.996,19,18.924,1729367462,Will a Democrat win South Dakota Presidential Election?
0xd48fee4ef12333f379cfc148427600989a46acfb382f9854f22486cb2ae87d45,0xd569df83c6d0d8dd483ab693eb7fe708d812efac,BUY,No,103817554879098980143189456527608321905884757182906793330525824422625380941210,0xcaec99debca1fe002f7af5b3ff300edfcf84c7ab7e366b24c12316ba99ed302e,0.997,65,64.805,1729367388,Will a Democrat win South Dakota Presidential Election?
0xdb5cba0adc9e0ded4bcb9830f4342c55f2dc820730c655f2b5cd9bad7b973be1,0x69717f9f8ecb51b69aa31b4f8e73ef8d9033aa67,BUY,No,103817554879098980143189456527608321905884757182906793330525824422625380941210,0xcaec99debca1fe002f7af5b3ff300edfcf84c7ab7e366b24c12316ba99ed302e,0.997,19,18.943,1729367142,Will a Democrat win South Dakota Presidential Election?
0x198dc9422edd01d0805f80dfc2e4f15377a0c6ff0956b3422dc50dbe4cfbf73f,0x2f5e20396a596e4ab09746f69b3283dea8bdcd1b,SELL,No,103817554879098980143189456527608321905884757182906793330525824422625380941210,0xcaec99debca1fe002f7af5b3ff300edfcf84c7ab7e366b24c12316ba99ed302e,0.996,36,35.856,1729366846,Will a Democrat win South Dakota Presidential Election?
0x73c33ce2315c0cbaeb7447cf03e1e6537c60e4d254cb19cc92712817045027a9,0xa54cafad0e213ad0724b6b02c8c9c0c61ba3c8c0,SELL,No,103817554879098980143189456527608321905884757182906793330525824422625380941210,0xcaec99debca1fe002f7af5b3ff300edfcf84c7ab7e366b24c12316ba99ed302e,0.996,50,49.8,1729366598,Will a Democrat win South Dakota Presidential Election?
0x5172f8e0f2f4b4583dbb371687249f7522161188b1af005908e5194f11f90d10,0x2f5e20396a596e4ab09746f69b3283dea8bdcd1b,BUY,No,103817554879098980143189456527608321905884757182906793330525824422625380941210,0xcaec99debca1fe002f7af5b3ff300edfcf84c7ab7e366b24c12316ba99ed302e,0.997,36,35.892,1729366414,Will a Democrat win South Dakota Presidential Election?
0x394854d19856340d30c54c0323a1ddcdb52cbb778265c4916b5b352f67f9c22b,0xa73b2ac0a951db462e29f34313b9bc1ef6a4b7c9,SELL,No,103817554879098980143189456527608321905884757182906793330525824422625380941210,0xcaec99debca1fe002f7af5b3ff300edfcf84c7ab7e366b24c12316ba99ed302e,0.996,55,54.78,1729366150,Will a Democrat win South Dakota Presidential Election?
0x28a7596ba3b7c1e050404e9e6ed8649d4500d2079ee48c66fc1126704525d3ea,0xa54cafad0e213ad0724b6b02c8c9c0c61ba3c8c0,BUY,No,103817554879098980143189456527608321905884757182906793330525824422625380941210,0xcaec99debca1fe002f7af5b3ff300edfcf84c7ab7e366b24c12316ba99ed302e,0.997,50,49.85,1729366046,Will a Democrat win South Dakota Presidential Election?
0xa5e3c1140e17a1d41ddbe83475f596461a6b45f5e075947d6a7c8be5d6aa1a8d,0x857345f07101886f77f1bc2675796a822b3dd115,SELL,No,103817554879098980143189456527608321905884757182906793330525824422625380941210,0xcaec99debca1fe002f7af5b3ff300edfcf84c7ab7e366b24c12316ba99ed302e,0.996,10,9.96,1729365238,Will a Democrat win South Dakota Presidential Election?
0x0d1be902e2907b91601039bcdfdae43a6039c62e33e8b6028b76bf2790d6c6c7,0xa73b2ac0a951db462e29f34313b9bc1ef6a4b7c9,BUY,No,103817554879098980143189456527608321905884757182906793330525824422625380941210,0xcaec99debca1fe002f7af5b3ff300edfcf84c7ab7e366b24c12316ba99ed302e,0.997,55,54.835,1729364744,Will a Democrat win South Dakota Presidential Election?
0x1682e0d1ed82bbe1d3b3fe377b45cdf990378ca91b0b986e875fa282a8d9eac2,0x857345f07101886f77f1bc2675796a822b3dd115,BUY,No,103817554879098980143189456527608321905884757182906793330525824422625380941210,0xcaec99debca1fe002f7af5b3ff300edfcf84c7ab7e366b24c12316ba99ed302e,0.997,10,9.97,1729363537,Will a Democrat win South Dakota Presidential Election?
0x4ae1b16a41cd336a21ac3baf2d078f02ade7047cc0dfed35c31c733781db063f,0x62240717b4a0b7afef9234323699c24ee750698b,SELL,No,103817554879098980143189456527608321905884757182906793330525824422625380941210,0xcaec99debca1fe002f7af5b3ff300edfcf84c7ab7e366b24c12316ba99ed302e,0.996,17,16.932,1729363045,Will a Democrat win South Dakota Presidential Election?
0x313e7d6127532c33245d076d89ed8836958a64af599a8053cccdb6bef6f8f363,0x794197a2fa1d59d8608902e9cba9ff23ae42d98d,SELL,No,103817554879098980143189456527608321905884757182906793330525824422625380941210,0xcaec99debca1fe002f7af5b3ff300edfcf84c7ab7e366b24c12316ba99ed302e,0.996,56,55.775999999999996,1729362565,Will a Democrat win South Dakota Presidential Election?
0xe0dc6f49a41eec8b67083cf00fbd38ecb4a2d2bbd6760cd94cf80fe2c26c5d02,0x62240717b4a0b7afef9234323699c24ee750698b,BUY,No,103817554879098980143189456527608321905884757182906793330525824422625380941210,0xcaec99debca1fe002f7af5b3ff300edfcf84c7ab7e366b24c12316ba99ed302e,0.997,17,16.949,1729362405,Will a Democrat win South Dakota Presidential Election?
0xba18b5250fefcb0ca4d353b3280642d48765ea6eeb2d6a3f8ff633d71d547feb,0x794197a2fa1d59d8608902e9cba9ff23ae42d98d,BUY,No,103817554879098980143189456527608321905884757182906793330525824422625380941210,0xcaec99debca1fe002f7af5b3ff300edfcf84c7ab7e366b24c12316ba99ed302e,0.997,56,55.832,1729361805,Will a Democrat win South Dakota Presidential Election?
0x8c7376a0756b4991290ed2ff0c1142b788acfa1a499576662235e05f11cf5108,0x0433310a667461165a813c28488ab4bead180e88,SELL,No,103817554879098980143189456527608321905884757182906793330525824422625380941210,0xcaec99debca1fe002f7af5b3ff300edfcf84c7ab7e366b24c12316ba99ed302e,0.996,26,25.896,1729361453,Will a Democrat win South Dakota Presidential Election?
0x2e8c55af706b8849bf7f07d19fcd658bb11fa11698b76887d849be438bc87f8b,0xbc4247cfada3a325b0bd41171c6113bcb5fee5d3,SELL,No,103817554879098980143189456527608321905884757182906793330525824422625380941210,0xcaec99debca1fe002f7af5b3ff300edfcf84c7ab7e366b24c12316ba99ed302e,0.996,19,18.924,1729361315,Will a Democrat win South Dakota Presidential Election?
0x7cd3868596a85f830efe3cfed8ddbe43b51e2549294a418518b086bd4777fda9,0xbc4247cfada3a325b0bd41171c6113bcb5fee5d3,BUY,No,103817554879098980143189456527608321905884757182906793330525824422625380941210,0xcaec99debca1fe002f7af5b3ff300edfcf84c7ab7e366b24c12316ba99ed302e,0.997,19,18.943,1729360965,Will a Democrat win South Dakota Presidential Election?
0x6b49e689b4c7e6d7dc23e3544417f923c8756a824a5f16bd71ca52d4361592e8,0x0433310a667461165a813c28488ab4bead180e88,BUY,No,103817554879098980143189456527608321905884757182906793330525824422625380941210,0xcaec99debca1fe002f7af5b3ff300edfcf84c7ab7e366b24c12316ba99ed302e,0.997,26,25.922,1729360157,Will a Democrat win South Dakota Presidential Election?
0xc4d1e973a78b1f83d099e5bb884da4487c24ffb98e60444f1b477add188996d1,0xebd4522c8c71822cdd0fb1e25eb7740463007c42,SELL,No,103817554879098980143189456527608321905884757182906793330525824422625380941210,0xcaec99debca1fe002f7af5b3ff300edfcf84c7ab7e366b24c12316ba99ed302e,0.996,44,43.824,1729360061,Will a Democrat win South Dakota Presidential Election?
0x9b371ab9d9ea5c28dc5895d9c826c329b72063b1c45d9d877cef8c8830096e79,0x008c98935abc22c14efab44a4d2127df314243e7,SELL,No,103817554879098980143189456527608321905884757182906793330525824422625380941210,0xcaec99debca1fe002f7af5b3ff300edfcf84c7ab7e366b24c12316ba99ed302e,0.996,54,53.784,1729360055,Will a Democrat win South Dakota Presidential Election?
0x9b0bf2ad99f4cf671eaf0b18552d1aa293554dcf3accec7aa66fb51c5c11d3a6,0x008c98935abc22c14efab44a4d2127df314243e7,BUY,No,103817554879098980143189456527608321905884757182906793330525824422625380941210,0xcaec99debca1fe002f7af5b3ff300edfcf84c7ab7e366b24c12316ba99ed302e,0.997,54,53.838,1729359587,Will a Democrat win South Dakota Presidential Election?
0xaeef8734aa8bbd2127e85cb518adf90091b6c91528762d64e391b502dc0ca6c5,0xbc46621f4ca2eadad235a49882a3456b390eac37,SELL,No,103817554879098980143189456527608321905884757182906793330525824422625380941210,0xcaec99debca1fe002f7af5b3ff300edfcf84c7ab7e366b24c12316ba99ed302e,0.996,48,47.808,1729359225,Will a Democrat win South Dakota Presidential Election?
0x3c08ca26b5fc4bf6aeb189f318b3ed519dfc4084267c15ad3b7ab03da375497e,0xfd9b788f36f5b5d94d14aa51cb6919e23934dd35,SELL,No,103817554879098980143189456527608321905884757182906793330525824422625380941210,0xcaec99debca1fe002f7af5b3ff300edfcf84c7ab7e366b24c12316ba99ed302e,0.996,28,27.887999999999998,1729359024,Will a Democrat win South Dakota Presidential Election?
0x77cb114d3ed25bb9c9dc097f33a59e10ef3298d570e5886be094ebf141693152,0xebd4522c8c71822cdd0fb1e25eb7740463007c42,BUY,No,103817554879098980143189456527608321905884757182906793330525824422625380941210,0xcaec99debca1fe002f7af5b3ff300edfcf84c7ab7e366b24c12316ba99ed302e,0.997,44,43.868,1729358966,Will a Democrat win South Dakota Presidential Election?
0xbab84dbd596b32a84fe1f4c7448c05861398bce7d60304a85db1af35a0bbb386,0xbc46621f4ca2eadad235a49882a3456b390eac37,BUY,No,103817554879098980143189456527608321905884757182906793330525824422625380941210,0xcaec99debca1fe002f7af5b3ff300edfcf84c7ab7e366b24c12316ba99ed302e,0.997,48,47.856,1729358225,Will a Democrat win South Dakota Presidential Election?
0x0afc80e9171517c527f3ef5d7b8dd5a85597c57f8bad0f600e9910dc83ce187a,0x40020be39c1815e020a434203bb6ff0e7d6748c3,SELL,No,103817554879098980143189456527608321905884757182906793330525824422625380941210,0xcaec99debca1fe002f7af5b3ff300edfcf84c7ab7e366b24c12316ba99ed302e,0.996,48,47.808,1729357455,Will a Democrat win South Dakota Presidential Election?
0x368bfec06fd3eca2772b13bac2008a64836cb5f85b9d2ff2a36532c5aa12113d,0xb0a45f1996fd109beaeec16aa32d2e8d24623037,SELL,No,103817554879098980143189456527608321905884757182906793330525824422625380941210,0xcaec99debca1fe002f7af5b3ff300edfcf84c7ab7e366b24c12316ba99ed302e,0.996,16,15.936,1729357267,Will a Democrat win South Dakota Presidential Election?
0x33d624c3c61d640d9cdb4379b077d40733913de5691517533d0823f460ef757b,0xfd9b788f36f5b5d94d14aa51cb6919e23934dd35,BUY,No,103817554879098980143189456527608321905884757182906793330525824422625380941210,0xcaec99debca1fe002f7af5b3ff300edfcf84c7ab7e366b24c12316ba99ed302e,0.997,28,27.916,1729357175,Will a Democrat win South Dakota Presidential Election?
0x1fb782890cbb25d42595f62696a5818daa699e670cbd1bf2fc23945b4b42b9ce,0x40020be39c1815e020a434203bb6ff0e7d6748c3,BUY,No,103817554879098980143189456527608321905884757182906793330525824422625380941210,0xcaec99debca1fe002f7af5b3ff300edfcf84c7ab7e366b24c12316ba99ed302e,0.997,48,47.856,1729356672,Will a Democrat win South Dakota Presidential Election?
0x784ec66da99df86c550e208b673e8d60918f090c95267a27c933bfe343cbf5eb,0x857345f07101886f77f1bc2675796a822b3dd115,SELL,No,103817554879098980143189456527608321905884757182906793330525824422625380941210,0xcaec99debca1fe002f7af5b3ff300edfcf84c7ab7e366b24c12316ba99ed302e,0.996,16,15.936,1729356354,Will a Democrat win South Dakota Presidential Election?
0x5fa4208feb17f3c4f5eb3bbce05b130ca07d7a2787dfae8e52131e59ccbe33b6,0xba839c6137f9b849cbfe1538e7b3dcd6e15b6410,SELL,No,103817554879098980143189456527608321905884757182906793330525824422625380941210,0xcaec99debca1fe002f7af5b3ff300edfcf84c7ab7e366b24c12316ba99ed302e,0.996,48,47.808,1729355972,Will a Democrat win South Dakota Presidential Election?
0x8c4576834cfbe007c66791b08582715a2aaf6e6aeab42811d1d7b1f5a4bdab56,0x857345f07101886f77f1bc2675796a822b3dd115,BUY,No,103817554879098980143189456527608321905884757182906793330525824422625380941210,0xcaec99debca1fe002f7af5b3ff300edfcf84c7ab7e366b24c12316ba99ed302e,0.997,16,15.952,1729355836,Will a Democrat win South Dakota Presidential Election?
0xffb8b8527b2fb1b0eb604f63c2fb77348416d916a25773cc49f228798338cb8d,0xb0a45f1996fd109beaeec16aa32d2e8d24623037,BUY,No,103817554879098980143189456527608321905884757182906793330525824422625380941210,0xcaec99debca1fe002f7af5b3ff300edfcf84c7ab7e366b24c12316ba99ed302e,0.997,16,15.952,1729355332,Will a Democrat win South Dakota Presidential Election?
0xd2c242a34caa9dd23d0b6f97f19b33c245efadf13c2bf0b163f8c266552b9cd4,0xba839c6137f9b849cbfe1538e7b3dcd6e15b6410,BUY,No,103817554879098980143189456527608321905884757182906793330525824422625380941210,0xcaec99debca1fe002f7af5b3ff300edfcf84c7ab7e366b24c12316ba99ed302e,0.997,48,47.856,1729354758,Will a Democrat win South Dakota Presidential Election?
0x7f166b66b156403bb608437030e60e2b06fd9ade6d5333d7559f3bc9b6467dc3,0x2532584d22589c8b1b68781ccd230992782c539b,BUY,No,103817554879098980143189456527608321905884757182906793330525824422625380941210,0xcaec99debca1fe002f7af5b3ff300edfcf84c7ab7e366b24c12316ba99ed302e,0.997,10.03,9.99991,1729311581,Will a Democrat win South Dakota Presidential Election?
0x47a0718af19a387d7b2099e561c7e7d3e60100a0439cafd510853b410a8042de,0x00ff3e1acb380f55b4b42351ea3cf2d261c77667,BUY,No,103817554879098980143189456527608321905884757182906793330525824422625380941210,0xcaec99debca1fe002f7af5b3ff300edfcf84c7ab7e366b24c12316ba99ed302e,0.997,10.03,9.99991,1729310765,Will a Democrat win South Dakota Presidential Election?
0x62918faef2e1d0096881960840a8952b26bb7931bdbf437b283ca74b356be638,0xbe7d0188a97fb47029e7d93671b84a10a663c269,BUY,No,103817554879098980143189456527608321905884757182906793330525824422625380941210,0xcaec99debca1fe002f7af5b3ff300edfcf84c7ab7e366b24c12316ba99ed302e,0.997,10.03,9.99991,1729309588,Will a Democrat win South Dakota Presidential Election?
0xce90d257f98370fe616cfad3e21c30de4f5b090dd66c2b9cdf8353af58adea81,0x65fa8a9250bed38322ccb9e15f99525cd013bc16,BUY,No,103817554879098980143189456527608321905884757182906793330525824422625380941210,0xcaec99debca1fe002f7af5b3ff300edfcf84c7ab7e366b24c12316ba99ed302e,0.997,10.03,9.99991,1729309290,Will a Democrat win South Dakota Presidential Election?
0xda7af2bd47c5fd771bf92255e6f9651bbd70da0179f34ba9f82684abecbf7d1f,0x04ed49c4c5ffbc1662445372107ce6446e99654b,SELL,No,103817554879098980143189456527608321905884757182906793330525824422625380941210,0xcaec99debca1fe002f7af5b3ff300edfcf84c7ab7e366b24c12316ba99ed302e,0.996,0.34,0.33864,1729288617,Will a Democrat win South Dakota Presidential Election?
0xd90fe92ab6ddd6cd4f9a3a70a24298630a922558e89a79d8ba8592cc2852be2d,0x04ed49c4c5ffbc1662445372107ce6446e99654b,BUY,No,103817554879098980143189456527608321905884757182906793330525824422625380941210,0xcaec99debca1fe002f7af5b3ff300edfcf84c7ab7e366b24c12316ba99ed302e,0.997,0.341,0.33997700000000003,1729288551,Will a Democrat win South Dakota Presidential Election?
0x0385b016c923baeeaf6613032e6c37d9829d61e0f0ca6cb323c399b1200639cf,0xdec5b7cced977d6a26653de7ec37225743d9ac30,SELL,No,103817554879098980143189456527608321905884757182906793330525824422625380941210,0xcaec99debca1fe002f7af5b3ff300edfcf84c7ab7e366b24c12316ba99ed302e,0.996,0.32,0.31872,1729270419,Will a Democrat win South Dakota Presidential Election?
0xd8f68b25bf4ebd4ada8c540f27b08041ed952fc7754da77e36047ff76f32f95e,0xdec5b7cced977d6a26653de7ec37225743d9ac30,BUY,No,103817554879098980143189456527608321905884757182906793330525824422625380941210,0xcaec99debca1fe002f7af5b3ff300edfcf84c7ab7e366b24c12316ba99ed302e,0.9969999938,0.320666,0.3197040000118708,1729270347,Will a Democrat win South Dakota Presidential Election?
0xe161019ed4ce8a39c990f6c1120d9fbf3700ef274fb76302034b7414ec060f02,0xee5600358501b47bccf9694d2acea82c75383546,BUY,No,103817554879098980143189456527608321905884757182906793330525824422625380941210,0xcaec99debca1fe002f7af5b3ff300edfcf84c7ab7e366b24c12316ba99ed302e,0.9969999999,21.564666,21.49997199984353,1729235888,Will a Democrat win South Dakota Presidential Election?
0x18738855caa8aa6d99fa7511841683cc71bd5e29078dc881433882c31f02df9b,0xbc70b7457f551f58324ad78bb15ed35492c6f080,BUY,No,103817554879098980143189456527608321905884757182906793330525824422625380941210,0xcaec99debca1fe002f7af5b3ff300edfcf84c7ab7e366b24c12316ba99ed302e,0.997,10.03,9.99991,1729234786,Will a Democrat win South Dakota Presidential Election?
0x1248f5edccdfbeebd01b12879bae97e429a1189ce54f508c33b51293ec669621,0xbb1a134f1447ee2e9a21ce8ebe53c58be7ff1619,BUY,No,103817554879098980143189456527608321905884757182906793330525824422625380941210,0xcaec99debca1fe002f7af5b3ff300edfcf84c7ab7e366b24c12316ba99ed302e,0.997,10.03,9.99991,1729231561,Will a Democrat win South Dakota Presidential Election?
0x2552c4148ad2c5b2e560ffc8b6eaa89428a0fef42778fd8559498dfcf549bcf6,0x99e2a2e6f087524141841c699e5aec959150a59f,BUY,No,103817554879098980143189456527608321905884757182906793330525824422625380941210,0xcaec99debca1fe002f7af5b3ff300edfcf84c7ab7e366b24c12316ba99ed302e,0.997,10.03,9.99991,1729231269,Will a Democrat win South Dakota Presidential Election?
0x8220dd4dcee8b3a0dfd3353cbdd318d4224c2b666f12454e4c223d83cb24fd2c,0xd8b79476670ac663581598dd52341b0c755be897,BUY,No,103817554879098980143189456527608321905884757182906793330525824422625380941210,0xcaec99debca1fe002f7af5b3ff300edfcf84c7ab7e366b24c12316ba99ed302e,0.997,10.03,9.99991,1729230879,Will a Democrat win South Dakota Presidential Election?
0x4161891261d518109fda74610a59859207959ac8e5de43d81bd2d23bcf409cc9,0xadf4acb09553a38a0954ddb5a0273b11f441a294,BUY,No,103817554879098980143189456527608321905884757182906793330525824422625380941210,0xcaec99debca1fe002f7af5b3ff300edfcf84c7ab7e366b24c12316ba99ed302e,0.997,10.03,9.99991,1729230539,Will a Democrat win South Dakota Presidential Election?
0x4650c4e2712478c29b7a065668a01f61c9eb3a724173c7cfe10204db70a79ca9,0x9439a37f8bda21d5e4aa343e873c4c585e95cecb,SELL,No,103817554879098980143189456527608321905884757182906793330525824422625380941210,0xcaec99debca1fe002f7af5b3ff300edfcf84c7ab7e366b24c12316ba99ed302e,0.996,0.16,0.15936,1729229665,Will a Democrat win South Dakota Presidential Election?
0x988cd92eb88efa6de649755ae290752405e128c47c404095be3761dc7d034926,0x9439a37f8bda21d5e4aa343e873c4c585e95cecb,BUY,No,103817554879098980143189456527608321905884757182906793330525824422625380941210,0xcaec99debca1fe002f7af5b3ff300edfcf84c7ab7e366b24c12316ba99ed302e,0.9969999938,0.160333,0.1598520000059354,1729229605,Will a Democrat win South Dakota Presidential Election?
0x0cd4bb767182f8db2452c714edb693a75debf9ede9a82a78deb3941582ee8bde,0x23381fba94c4c9a00f967a3540df1e9e10b8ae11,BUY,No,103817554879098980143189456527608321905884757182906793330525824422625380941210,0xcaec99debca1fe002f7af5b3ff300edfcf84c7ab7e366b24c12316ba99ed302e,0.997,10.03,9.99991,1729227045,Will a Democrat win South Dakota Presidential Election?
0xf6e508a133511ca22278d3e5f34391861f8b101ecda04e227843cf01e8ad3c13,0x010f63f0cccbfd40e8ebb38f5c3591f2778dcdb8,BUY,No,103817554879098980143189456527608321905884757182906793330525824422625380941210,0xcaec99debca1fe002f7af5b3ff300edfcf84c7ab7e366b24c12316ba99ed302e,0.997,10.03,9.99991,1729226471,Will a Democrat win South Dakota Presidential Election?
0xdb45182b7963c6078ca72222cfb72d1f21b264497f01484c945ed47ef88d0161,0x17e6535a670e50412c7ec75792b3a7e8e0f79641,BUY,No,103817554879098980143189456527608321905884757182906793330525824422625380941210,0xcaec99debca1fe002f7af5b3ff300edfcf84c7ab7e366b24c12316ba99ed302e,0.997,10.03,9.99991,1729223816,Will a Democrat win South Dakota Presidential Election?
0x044f49caabe977dd587724a8f50fde85d160941b9fc6d4d6efd454c9e8c27ddc,0x846feca15fea08f23c60d86a1d3e0cd5ab1856de,BUY,No,103817554879098980143189456527608321905884757182906793330525824422625380941210,0xcaec99debca1fe002f7af5b3ff300edfcf84c7ab7e366b24c12316ba99ed302e,0.997,10.03,9.99991,1729223238,Will a Democrat win South Dakota Presidential Election?
0xad7febf178659d7d04d14fd73cc3623accafb8527544a49e5dcc2f3bb6763691,0x9dfbc92ac109254fad4a0f2defa8ec9e7241a081,SELL,No,103817554879098980143189456527608321905884757182906793330525824422625380941210,0xcaec99debca1fe002f7af5b3ff300edfcf84c7ab7e366b24c12316ba99ed302e,0.996,3,2.988,1729214270,Will a Democrat win South Dakota Presidential Election?
0x5c71f829b99b9ebc7c41d66100ac138d12de1f177c1ff196c4c722f2eaef0021,0x9dfbc92ac109254fad4a0f2defa8ec9e7241a081,BUY,No,103817554879098980143189456527608321905884757182906793330525824422625380941210,0xcaec99debca1fe002f7af5b3ff300edfcf84c7ab7e366b24c12316ba99ed302e,0.997,3.009,2.999973,1729213161,Will a Democrat win South Dakota Presidential Election?
0xe62403ad3b95720a5311c041c2e29764e3b04b9be8746334bd6ca54f507a13aa,0x0b9cde77d8579065587f21651410b56dcf0c6f15,SELL,No,103817554879098980143189456527608321905884757182906793330525824422625380941210,0xcaec99debca1fe002f7af5b3ff300edfcf84c7ab7e366b24c12316ba99ed302e,0.996,4.23,4.213080000000001,1729199617,Will a Democrat win South Dakota Presidential Election?
0x394c1bed9ebb620e994e6aecc564d51d2fd0de32c646c403cbda4b71b612c7d3,0x0b9cde77d8579065587f21651410b56dcf0c6f15,BUY,No,103817554879098980143189456527608321905884757182906793330525824422625380941210,0xcaec99debca1fe002f7af5b3ff300edfcf84c7ab7e366b24c12316ba99ed302e,0.9969999995,4.232666,4.219967999883667,1729198487,Will a Democrat win South Dakota Presidential Election?
0xd6c5075c96d886658a7bf6f304aef0924e24f6b4bac377b7df0ae07d2f8f80e2,0x5b137be0ac318e32c408549d7c9c72bc254110c7,SELL,No,103817554879098980143189456527608321905884757182906793330525824422625380941210,0xcaec99debca1fe002f7af5b3ff300edfcf84c7ab7e366b24c12316ba99ed302e,0.996,3.31,3.29676,1729198451,Will a Democrat win South Dakota Presidential Election?
0x1292468060a4d661c94fab6e45426b9daed088cf142b31688ae7b17147a26b8c,0x5b137be0ac318e32c408549d7c9c72bc254110c7,BUY,No,103817554879098980143189456527608321905884757182906793330525824422625380941210,0xcaec99debca1fe002f7af5b3ff300edfcf84c7ab7e366b24c12316ba99ed302e,0.9969999994,3.319666,3.3097070000082,1729197190,Will a Democrat win South Dakota Presidential Election?
0x194d54e801a36c0ea5fffdcb7d8c3838dde4c2929fac4d4484b1c1a83eae03a8,0x865c100db857c00d78006968f108edb504749bca,SELL,No,103817554879098980143189456527608321905884757182906793330525824422625380941210,0xcaec99debca1fe002f7af5b3ff300edfcf84c7ab7e366b24c12316ba99ed302e,0.996,4.89,4.870439999999999,1729194658,Will a Democrat win South Dakota Presidential Election?
0x98786ca85a982368e7f2a1aafe71cb1fe1b30304737dc72469b4bdd58105c338,0x865c100db857c00d78006968f108edb504749bca,BUY,No,103817554879098980143189456527608321905884757182906793330525824422625380941210,0xcaec99debca1fe002f7af5b3ff300edfcf84c7ab7e366b24c12316ba99ed302e,0.9969999996,4.894666,4.8799820000421334,1729193438,Will a Democrat win South Dakota Presidential Election?
0xb158816f2868399dba1fe19db7c17208cbf3d139a89ec74d417b2d3ef488d25d,0xf06a85d8116171592c35ad7786865ce8afc7ee2f,SELL,No,103817554879098980143189456527608321905884757182906793330525824422625380941210,0xcaec99debca1fe002f7af5b3ff300edfcf84c7ab7e366b24c12316ba99ed302e,0.995,4.61,4.58695,1729193356,Will a Democrat win South Dakota Presidential Election?
0x9dacee9d12e7f629004cf501d0ac20c5f60008e15c0a1d4e32fbdea436fe41db,0x90a5ea426500878d79b96a2524702f4a81dbeb93,SELL,No,103817554879098980143189456527608321905884757182906793330525824422625380941210,0xcaec99debca1fe002f7af5b3ff300edfcf84c7ab7e366b24c12316ba99ed302e,0.995,4.49,4.46755,1729193016,Will a Democrat win South Dakota Presidential Election?
0xf86ffcc7c69b7b0427808654b81d8f539f95f0f782d70106af812ffbce49e62b,0xf06a85d8116171592c35ad7786865ce8afc7ee2f,BUY,No,103817554879098980143189456527608321905884757182906793330525824422625380941210,0xcaec99debca1fe002f7af5b3ff300edfcf84c7ab7e366b24c12316ba99ed302e,0.9969999996,4.613666,4.599825000154533,1729191946,Will a Democrat win South Dakota Presidential Election?
0x35d80e6361dc8791db0dffff8827af90f33530a92dd61eeb58a626e5be5d3b11,0x90a5ea426500878d79b96a2524702f4a81dbeb93,BUY,No,103817554879098980143189456527608321905884757182906793330525824422625380941210,0xcaec99debca1fe002f7af5b3ff300edfcf84c7ab7e366b24c12316ba99ed302e,0.9969999998,4.493333,4.4798530001013335,1729191822,Will a Democrat win South Dakota Presidential Election?
0x1593581c59f8395ff540d38df02232b4e740b7b5e6fb8d22da6de89f74507435,0x405f2b3f83d115262e5f9a2f25106c48c4d70bf5,SELL,No,103817554879098980143189456527608321905884757182906793330525824422625380941210,0xcaec99debca1fe002f7af5b3ff300edfcf84c7ab7e366b24c12316ba99ed302e,0.996,1.28,1.27488,1729191280,Will a Democrat win South Dakota Presidential Election?
0xb23a21a239bfe25037d7d86dfc4221a280d238a040d8b3e2f2b643aed623d255,0x043f40f2d24d5c6bdf88956a895196f5697e998d,SELL,No,103817554879098980143189456527608321905884757182906793330525824422625380941210,0xcaec99debca1fe002f7af5b3ff300edfcf84c7ab7e366b24c12316ba99ed302e,0.996,3.06,3.0477600000000002,1729191186,Will a Democrat win South Dakota Presidential Election?
0x71a49da4f5334034d2a2bb72220aec9140ccd0ae2810b8651d556998f45d3b61,0x8456c20c4b9bc5d9bd6247f86bc78b6c3d19109a,SELL,No,103817554879098980143189456527608321905884757182906793330525824422625380941210,0xcaec99debca1fe002f7af5b3ff300edfcf84c7ab7e366b24c12316ba99ed302e,0.996,4.63,4.61148,1729190730,Will a Democrat win South Dakota Presidential Election?
0xbb751bd4e346349b06f29a09e8fbbda34859c343d5923bd86ed0c1dc3bdc9e52,0x043f40f2d24d5c6bdf88956a895196f5697e998d,BUY,No,103817554879098980143189456527608321905884757182906793330525824422625380941210,0xcaec99debca1fe002f7af5b3ff300edfcf84c7ab7e366b24c12316ba99ed302e,0.997,3.059,3.049823,1729190187,Will a Democrat win South Dakota Presidential Election?
0xdd5010716e0bcb3bf56ecf47f705899c16d2a03ab87f4f71934c74590bbb209c,0x405f2b3f83d115262e5f9a2f25106c48c4d70bf5,BUY,No,103817554879098980143189456527608321905884757182906793330525824422625380941210,0xcaec99debca1fe002f7af5b3ff300edfcf84c7ab7e366b24c12316ba99ed302e,0.9969999998,4.112333,4.099996000177533,1729189981,Will a Democrat win South Dakota Presidential Election?
0xb30125617029352dfd44fdaf4dc62e64ee037ade2de7055bd76f95b5cf998a46,0x0acdc4e9c6507a48a6b8cdafc4e054302ca4f6b0,SELL,No,103817554879098980143189456527608321905884757182906793330525824422625380941210,0xcaec99debca1fe002f7af5b3ff300edfcf84c7ab7e366b24c12316ba99ed302e,0.996,1.61,1.60356,1729189767,Will a Democrat win South Dakota Presidential Election?
0xc6d226d3810e349fa37ea9f48515946479540ba6820406101263badc9500108e,0x8456c20c4b9bc5d9bd6247f86bc78b6c3d19109a,BUY,No,103817554879098980143189456527608321905884757182906793330525824422625380941210,0xcaec99debca1fe002f7af5b3ff300edfcf84c7ab7e366b24c12316ba99ed302e,0.9969999996,4.633666,4.619765000146534,1729189579,Will a Democrat win South Dakota Presidential Election?
0x7440a171d89b41723fdf680e4b247a6d38dc7a9d2a97a17e52d43bb0707a6e4d,0x0acdc4e9c6507a48a6b8cdafc4e054302ca4f6b0,BUY,No,103817554879098980143189456527608321905884757182906793330525824422625380941210,0xcaec99debca1fe002f7af5b3ff300edfcf84c7ab7e366b24c12316ba99ed302e,0.997,4.343,4.329971,1729188425,Will a Democrat win South Dakota Presidential Election?
0x46ff5ce038b1291434e64d86f79846657760bbb55c89b2cbee68d0333c0ebfdb,0x5c1c63ccca6619b779dd143b1a3ec224a3724670,SELL,No,103817554879098980143189456527608321905884757182906793330525824422625380941210,0xcaec99debca1fe002f7af5b3ff300edfcf84c7ab7e366b24c12316ba99ed302e,0.996,4.45,4.4322,1729187209,Will a Democrat win South Dakota Presidential Election?
0xcbec7902d5ec6a90802e64f588ca22ca34d9de5d60da7e90e46030ccb1cb6815,0x5c1c63ccca6619b779dd143b1a3ec224a3724670,BUY,No,103817554879098980143189456527608321905884757182906793330525824422625380941210,0xcaec99debca1fe002f7af5b3ff300edfcf84c7ab7e366b24c12316ba99ed302e,0.9969999998,4.453333,4.439973000109333,1729186257,Will a Democrat win South Dakota Presidential Election?
0x14b463389a087db9a3091090a1c69b77d8ded4dd7ca495112d2d4aa5fcc49019,0x56820e5ce2c5208435b717e2e1aad9e390f5b5c9,SELL,No,103817554879098980143189456527608321905884757182906793330525824422625380941210,0xcaec99debca1fe002f7af5b3ff300edfcf84c7ab7e366b24c12316ba99ed302e,0.995,4.36,4.3382000000000005,1729185783,Will a Democrat win South Dakota Presidential Election?
0xcc8b11ea353c556162b044f2a46845461e886dcc385e1f3352db3e481b631a5b,0x56820e5ce2c5208435b717e2e1aad9e390f5b5c9,BUY,No,103817554879098980143189456527608321905884757182906793330525824422625380941210,0xcaec99debca1fe002f7af5b3ff300edfcf84c7ab7e366b24c12316ba99ed302e,0.997,4.363,4.3499110000000005,1729184661,Will a Democrat win South Dakota Presidential Election?
0xc7603900da9006bcac207da97f7265bd08b0d393ed57e077ab3d010170ea8a93,0xa473eb18515fcd977906b63f31d92f92111fd4a4,SELL,No,103817554879098980143189456527608321905884757182906793330525824422625380941210,0xcaec99debca1fe002f7af5b3ff300edfcf84c7ab7e366b24c12316ba99ed302e,0.995,4.66,4.6367,1729184429,Will a Democrat win South Dakota Presidential Election?
0x41e17bb6d699c4e6fa6c14a6d34843705350f1b3f7d58127dfe3f5be5a733206,0x2c43c706fe19fde3b7bcccf57d0d5d34480f85f8,SELL,No,103817554879098980143189456527608321905884757182906793330525824422625380941210,0xcaec99debca1fe002f7af5b3ff300edfcf84c7ab7e366b24c12316ba99ed302e,0.995,3.71,3.69145,1729184221,Will a Democrat win South Dakota Presidential Election?
0xf68c78abc6e41b73454f1dba429d9c03086548e51b4fa8d0211170ac1c66ac63,0xa473eb18515fcd977906b63f31d92f92111fd4a4,BUY,No,103817554879098980143189456527608321905884757182906793330525824422625380941210,0xcaec99debca1fe002f7af5b3ff300edfcf84c7ab7e366b24c12316ba99ed302e,0.9969999996,4.663666,4.6496750001345335,1729183185,Will a Democrat win South Dakota Presidential Election?
0x0774fd214b318558d233f1c10963412f7ae1e0f3bf14778d447b648b83bba571,0x2c43c706fe19fde3b7bcccf57d0d5d34480f85f8,BUY,No,103817554879098980143189456527608321905884757182906793330525824422625380941210,0xcaec99debca1fe002f7af5b3ff300edfcf84c7ab7e366b24c12316ba99ed302e,0.997,3.711,3.699867,1729182831,Will a Democrat win South Dakota Presidential Election?
0x9ceca5bf9a3e5fe57ea00c7e8ed26fcfb5a28cdefdee7a870947c15ed2a9a94d,0xce3ccecded0bcb2b1d9a3da2442106853be30aca,SELL,No,103817554879098980143189456527608321905884757182906793330525824422625380941210,0xcaec99debca1fe002f7af5b3ff300edfcf84c7ab7e366b24c12316ba99ed302e,0.995,3.17,3.15415,1729179517,Will a Democrat win South Dakota Presidential Election?
0x0fe289006506e09fb6d3af27d6d5f868f8c6d7062fa9b305415ac5c12936b827,0xce3ccecded0bcb2b1d9a3da2442106853be30aca,BUY,No,103817554879098980143189456527608321905884757182906793330525824422625380941210,0xcaec99debca1fe002f7af5b3ff300edfcf84c7ab7e366b24c12316ba99ed302e,0.9969999997,3.169333,3.1598250000492,1729178345,Will a Democrat win South Dakota Presidential Election?
0x03f34c9a1f90771a39c95f0cf465ae7574f1ecba418392fa08494a9d1cda280d,0x4d558e2e796126da51a08e605755da7fc7821036,SELL,No,103817554879098980143189456527608321905884757182906793330525824422625380941210,0xcaec99debca1fe002f7af5b3ff300edfcf84c7ab7e366b24c12316ba99ed302e,0.995,4.5,4.4775,1729175915,Will a Democrat win South Dakota Presidential Election?
0x20bf136650fd4e258ee8c88ba5de5f2c1b496747ba4b85a7cb5b31b9d5313081,0x4d558e2e796126da51a08e605755da7fc7821036,BUY,No,103817554879098980143189456527608321905884757182906793330525824422625380941210,0xcaec99debca1fe002f7af5b3ff300edfcf84c7ab7e366b24c12316ba99ed302e,0.9969999998,4.503333,4.489823000099333,1729174743,Will a Democrat win South Dakota Presidential Election?
0x8f3e850fbaa2cf6fd0e1f96af2636f94684ba79f32d88089073d7066e25038d1,0x572dd5722e4ecf3ae9b59379d63f61045073bb75,SELL,No,103817554879098980143189456527608321905884757182906793330525824422625380941210,0xcaec99debca1fe002f7af5b3ff300edfcf84c7ab7e366b24c12316ba99ed302e,0.995,0.17,0.16915000000000002,1729159813,Will a Democrat win South Dakota Presidential Election?
0x3ea80b0379a741ee903cf421f624a5c0a538cc54312568628d57d69a0d96f706,0x572dd5722e4ecf3ae9b59379d63f61045073bb75,BUY,No,103817554879098980143189456527608321905884757182906793330525824422625380941210,0xcaec99debca1fe002f7af5b3ff300edfcf84c7ab7e366b24c12316ba99ed302e,0.9969999941,0.170333,0.1698219999950353,1729159737,Will a Democrat win South Dakota Presidential Election?
0x71ff655e2f9de9f4cef4c09f0e3e79e3e83c92869dc735df1c41dc2d96b925f5,0x634a4964d1b8e0354a2284eb8ca4f4860597e9d3,BUY,No,103817554879098980143189456527608321905884757182906793330525824422625380941210,0xcaec99debca1fe002f7af5b3ff300edfcf84c7ab7e366b24c12316ba99ed302e,0.9969999989,1.895666,1.8899789999147676,1729147361,Will a Democrat win South Dakota Presidential Election?
0x1c16132494f0a1b680276825ab447577b15e4b2672583f2849cfd52a5227cab5,0x5b3476c52e19f8622af236e39e9e07cc482e7496,BUY,No,103817554879098980143189456527608321905884757182906793330525824422625380941210,0xcaec99debca1fe002f7af5b3ff300edfcf84c7ab7e366b24c12316ba99ed302e,0.997,10.03,9.99991,1729144057,Will a Democrat win South Dakota Presidential Election?
0xd19148f31dd62baad8da0eeae1d0d58f5189b672d6d9f998c99cc8f000ce0359,0x18317e1c5a69372bc02c922b136c26b31cd3f467,BUY,No,103817554879098980143189456527608321905884757182906793330525824422625380941210,0xcaec99debca1fe002f7af5b3ff300edfcf84c7ab7e366b24c12316ba99ed302e,0.997,10.03,9.99991,1729143293,Will a Democrat win South Dakota Presidential Election?
0xaf0468e113fc0ec68a0960de6ea36d47ae60fa44e7dcd7a0b2baa460e1eba2a8,0xd0951bf50317fac43f1669af1272519c58c5e2c0,BUY,No,103817554879098980143189456527608321905884757182906793330525824422625380941210,0xcaec99debca1fe002f7af5b3ff300edfcf84c7ab7e366b24c12316ba99ed302e,0.997,10.03,9.99991,1729142833,Will a Democrat win South Dakota Presidential Election?
0x8828a48fa83eec25d6d467afc6766e3fefbcc1b19f79ce6bca8b365ef25a91a0,0x5f390e4b7d6f06d6756a6c92afdbf7b3176aa78c,BUY,Yes,105742278895779392184517567088147476702553818055925607866681628906726505150563,0xcaec99debca1fe002f7af5b3ff300edfcf84c7ab7e366b24c12316ba99ed302e,0.005,5,0.025,1729107468,Will a Democrat win South Dakota Presidential Election?
0xe49e5b6a652efc215f5d8183c9522dafcdd43de2b159ca0ee2158ac39136713b,0x87589149b6d556511b41073fc6fa97467669bc3c,SELL,No,103817554879098980143189456527608321905884757182906793330525824422625380941210,0xcaec99debca1fe002f7af5b3ff300edfcf84c7ab7e366b24c12316ba99ed302e,0.995,3.04,3.0248,1729077384,Will a Democrat win South Dakota Presidential Election?
0x7197edcf09bc485615571d481bac532a478085a1b3b2babc9a039ee87a3c0d91,0x87589149b6d556511b41073fc6fa97467669bc3c,BUY,No,103817554879098980143189456527608321905884757182906793330525824422625380941210,0xcaec99debca1fe002f7af5b3ff300edfcf84c7ab7e366b24c12316ba99ed302e,0.997,3.049,3.039853,1729076202,Will a Democrat win South Dakota Presidential Election?
0x820753ed91ed5e58afeb6c329c4bfb9d2bd4b71e817e324c72bc8f83469a911d,0x6b98a577ec33f39764bd1dd4d4919f7de74c44f3,SELL,No,103817554879098980143189456527608321905884757182906793330525824422625380941210,0xcaec99debca1fe002f7af5b3ff300edfcf84c7ab7e366b24c12316ba99ed302e,0.995,4.74,4.7163,1729061476,Will a Democrat win South Dakota Presidential Election?
0xe030c7c0a90c7fe701ec408052066831facbbfa1fba3e2063303cc9ea0db869e,0xce62251cc4ef66cfe4a6e7fe595c61b458d1f384,SELL,No,103817554879098980143189456527608321905884757182906793330525824422625380941210,0xcaec99debca1fe002f7af5b3ff300edfcf84c7ab7e366b24c12316ba99ed302e,0.995,4.92,4.8953999999999995,1729060360,Will a Democrat win South Dakota Presidential Election?
0xf892f484c2ca5d484170a79e2bbcebc4b1c592a85eae3c5500534a0a4b8432cd,0x6b98a577ec33f39764bd1dd4d4919f7de74c44f3,BUY,No,103817554879098980143189456527608321905884757182906793330525824422625380941210,0xcaec99debca1fe002f7af5b3ff300edfcf84c7ab7e366b24c12316ba99ed302e,0.997,4.744,4.729768,1729060306,Will a Democrat win South Dakota Presidential Election?
0xd46ffc90786ad2dc93d8e2a23611b0f193e47f2e46b4de8fe90d14b222231fe9,0xce62251cc4ef66cfe4a6e7fe595c61b458d1f384,BUY,No,103817554879098980143189456527608321905884757182906793330525824422625380941210,0xcaec99debca1fe002f7af5b3ff300edfcf84c7ab7e366b24c12316ba99ed302e,0.9969999996,4.924666,4.909892000030133,1729059180,Will a Democrat win South Dakota Presidential Election?
0x1460bdf2e697aa02c3bf6606f8a585e1bfb6570eabd6c019527c62778013cc49,0xc41ddbaa3c7fa20272c05bb96e50152ad042fd19,SELL,No,103817554879098980143189456527608321905884757182906793330525824422625380941210,0xcaec99debca1fe002f7af5b3ff300edfcf84c7ab7e366b24c12316ba99ed302e,0.996,3.85,3.8346,1729053664,Will a Democrat win South Dakota Presidential Election?
0x45124055ce1b05bcdc7f2e0435f471d8b92d33c065fb47f486900041c083f666,0xc41ddbaa3c7fa20272c05bb96e50152ad042fd19,BUY,No,103817554879098980143189456527608321905884757182906793330525824422625380941210,0xcaec99debca1fe002f7af5b3ff300edfcf84c7ab7e366b24c12316ba99ed302e,0.9969999997,3.851333,3.8397789998446,1729052258,Will a Democrat win South Dakota Presidential Election?
0xf28061392b7221c4e726bb5b475103d413d6804159b154c6a1da7b6b153ba0df,0x9b12cc83684d9360913a000d1cea5cc8d2edf48b,SELL,No,103817554879098980143189456527608321905884757182906793330525824422625380941210,0xcaec99debca1fe002f7af5b3ff300edfcf84c7ab7e366b24c12316ba99ed302e,0.996,4.35,4.332599999999999,1729052072,Will a Democrat win South Dakota Presidential Election?
0xbc9220a00e974ace9060f3bf584124a982fc58aea2717f07e4ef20b2485c382e,0x9b12cc83684d9360913a000d1cea5cc8d2edf48b,BUY,No,103817554879098980143189456527608321905884757182906793330525824422625380941210,0xcaec99debca1fe002f7af5b3ff300edfcf84c7ab7e366b24c12316ba99ed302e,0.997,4.353,4.339941,1729050704,Will a Democrat win South Dakota Presidential Election?
0xd2a429f50a7688e7586f9ea7271f31545c7ead122283f82da051651cf528daad,0xbd59b34fe4982534e4befb6205d95fb6e2e2f2f2,SELL,No,103817554879098980143189456527608321905884757182906793330525824422625380941210,0xcaec99debca1fe002f7af5b3ff300edfcf84c7ab7e366b24c12316ba99ed302e,0.996,4.77,4.75092,1729045935,Will a Democrat win South Dakota Presidential Election?
0x97e4049775c6963f69cab49f958a0cbcddda2586f479614431812c5dee68bbed,0xbd59b34fe4982534e4befb6205d95fb6e2e2f2f2,BUY,No,103817554879098980143189456527608321905884757182906793330525824422625380941210,0xcaec99debca1fe002f7af5b3ff300edfcf84c7ab7e366b24c12316ba99ed302e,0.997,4.764,4.749708,1729044825,Will a Democrat win South Dakota Presidential Election?
0x54a0902319c7cc7ae56c97c9e9f7187a3dc688cdf9b6b8db59e83fc84447be79,0x7f7503278e9d175ffae4630852ff0b8cb0b09f67,SELL,No,103817554879098980143189456527608321905884757182906793330525824422625380941210,0xcaec99debca1fe002f7af5b3ff300edfcf84c7ab7e366b24c12316ba99ed302e,0.996,3.8,3.7847999999999997,1729043769,Will a Democrat win South Dakota Presidential Election?
0x745f3f8d44ab1f6d76de63250a40cc769bdc660f8e59bcc9b8a4596216b78d58,0x7f7503278e9d175ffae4630852ff0b8cb0b09f67,BUY,No,103817554879098980143189456527608321905884757182906793330525824422625380941210,0xcaec99debca1fe002f7af5b3ff300edfcf84c7ab7e366b24c12316ba99ed302e,0.9969999997,3.801333,3.7899289998596,1729042765,Will a Democrat win South Dakota Presidential Election?
0xd5ce9bec4c7b56321b9557afd6961bf8f3a0bddd27b3e6e3cc3cfe3569c06dda,0x4e3755387391fbe6ceb898324404fde382be9b93,SELL,No,103817554879098980143189456527608321905884757182906793330525824422625380941210,0xcaec99debca1fe002f7af5b3ff300edfcf84c7ab7e366b24c12316ba99ed302e,0.996,3.26,3.2469599999999996,1729041729,Will a Democrat win South Dakota Presidential Election?
0x5265a74ebb1ab2f420d32d7ab4bdbbf7e9a7550938a6a44997eaa48e10045551,0x4e3755387391fbe6ceb898324404fde382be9b93,BUY,No,103817554879098980143189456527608321905884757182906793330525824422625380941210,0xcaec99debca1fe002f7af5b3ff300edfcf84c7ab7e366b24c12316ba99ed302e,0.9969999994,3.269666,3.2598570000382003,1729040663,Will a Democrat win South Dakota Presidential Election?
0x9c3cd20a74e5edbf2d4330e0d43b5e0ceb0107beb40b77c6cacb5272dadeb7ba,0x043f40f2d24d5c6bdf88956a895196f5697e998d,SELL,No,103817554879098980143189456527608321905884757182906793330525824422625380941210,0xcaec99debca1fe002f7af5b3ff300edfcf84c7ab7e366b24c12316ba99ed302e,0.996,4.95,4.9302,1729039515,Will a Democrat win South Dakota Presidential Election?
0x80afef585fa87d3f8538fef6cecd81b43445ebf18d2ef70a3c9645dfebe5112c,0x043f40f2d24d5c6bdf88956a895196f5697e998d,BUY,No,103817554879098980143189456527608321905884757182906793330525824422625380941210,0xcaec99debca1fe002f7af5b3ff300edfcf84c7ab7e366b24c12316ba99ed302e,0.9969999996,4.954666,4.939802000018133,1729038388,Will a Democrat win South Dakota Presidential Election?
0x50ee0be8ae4efffa46ba0cbe7d59709b4ab1d414897ed9ae73aedfe3bab9938c,0x2c9aef1a13a2744f816cc286d42eceba81e8db62,SELL,No,103817554879098980143189456527608321905884757182906793330525824422625380941210,0xcaec99debca1fe002f7af5b3ff300edfcf84c7ab7e366b24c12316ba99ed302e,0.996,4.54,4.52184,1729038288,Will a Democrat win South Dakota Presidential Election?
0x880aa2cdf0c079a7ec357a4613b3d2c8c91e8e8be9df1b8a5cabcfa1a099c7a1,0xc9cbb8c259764a5705adeec2de664e94dd6cd64b,SELL,No,103817554879098980143189456527608321905884757182906793330525824422625380941210,0xcaec99debca1fe002f7af5b3ff300edfcf84c7ab7e366b24c12316ba99ed302e,0.996,3.44,3.42624,1729037631,Will a Democrat win South Dakota Presidential Election?
0x2f75a1b9949af6c6ec6d080c0791184ec5ad8e68734fbf904191a6664286ad3b,0x2c9aef1a13a2744f816cc286d42eceba81e8db62,BUY,No,103817554879098980143189456527608321905884757182906793330525824422625380941210,0xcaec99debca1fe002f7af5b3ff300edfcf84c7ab7e366b24c12316ba99ed302e,0.9969999998,4.543333,4.529703000091333,1729037175,Will a Democrat win South Dakota Presidential Election?
0xe2d6d27a490b7324061eb31afcbe55db8101448e5486f35d985d693f5495ebec,0xc9cbb8c259764a5705adeec2de664e94dd6cd64b,BUY,No,103817554879098980143189456527608321905884757182906793330525824422625380941210,0xcaec99debca1fe002f7af5b3ff300edfcf84c7ab7e366b24c12316ba99ed302e,0.997,3.44,3.42968,1729036697,Will a Democrat win South Dakota Presidential Election?
0x0e46eec8ca46fd02118b300d2bae9e3181797459345df52a1587963388c819fb,0x6a63166dc16a729bd7c2d2187a407fe61b55d1f2,SELL,No,103817554879098980143189456527608321905884757182906793330525824422625380941210,0xcaec99debca1fe002f7af5b3ff300edfcf84c7ab7e366b24c12316ba99ed302e,0.996,3.39,3.37644,1729034984,Will a Democrat win South Dakota Presidential Election?
0xa13a9815fa157ca5aef8fcf6d08628cc9ad8300ad3403dc7fdf934061ff3fec6,0x1424cb90f1be260592a7ef8d103e8b9174890097,SELL,No,103817554879098980143189456527608321905884757182906793330525824422625380941210,0xcaec99debca1fe002f7af5b3ff300edfcf84c7ab7e366b24c12316ba99ed302e,0.996,4.47,4.45212,1729034084,Will a Democrat win South Dakota Presidential Election?
0xa0c2b514511f54f51e8c3dc6a798deed5d0ce6288fcdb6e18140879b5b4dff1d,0x8456c20c4b9bc5d9bd6247f86bc78b6c3d19109a,SELL,No,103817554879098980143189456527608321905884757182906793330525824422625380941210,0xcaec99debca1fe002f7af5b3ff300edfcf84c7ab7e366b24c12316ba99ed302e,0.996,3.65,3.6353999999999997,1729033812,Will a Democrat win South Dakota Presidential Election?
0x1ff9f2cac2a2e3d183105f01e98b6dab5cfb6f97ab258b88c8fd225a6b2f15d5,0x6a63166dc16a729bd7c2d2187a407fe61b55d1f2,BUY,No,103817554879098980143189456527608321905884757182906793330525824422625380941210,0xcaec99debca1fe002f7af5b3ff300edfcf84c7ab7e366b24c12316ba99ed302e,0.997,3.39,3.37983,1729033738,Will a Democrat win South Dakota Presidential Election?
0x8ddc69942e58dea905be283d2393361f4ec376a17d35db102763abccb0b8b34f,0x13ae79d4d0b020278ae7a12db0125ffc1af32545,BUY,No,103817554879098980143189456527608321905884757182906793330525824422625380941210,0xcaec99debca1fe002f7af5b3ff300edfcf84c7ab7e366b24c12316ba99ed302e,0.997,3.671,3.6599869999999997,1729033140,Will a Democrat win South Dakota Presidential Election?
0x9d0c5f4c54ccd2c399eef1d00dd41e3186dc6923df21feb14e31539638ba8224,0x8456c20c4b9bc5d9bd6247f86bc78b6c3d19109a,BUY,No,103817554879098980143189456527608321905884757182906793330525824422625380941210,0xcaec99debca1fe002f7af5b3ff300edfcf84c7ab7e366b24c12316ba99ed302e,0.9969999995,3.650666,3.639714000174667,1729032678,Will a Democrat win South Dakota Presidential Election?
0x836bebee09aeec7b37d6f187f2e7c0662cd0f7bf2b1b9d9be2ea3d0a04d657ef,0x1424cb90f1be260592a7ef8d103e8b9174890097,BUY,No,103817554879098980143189456527608321905884757182906793330525824422625380941210,0xcaec99debca1fe002f7af5b3ff300edfcf84c7ab7e366b24c12316ba99ed302e,0.9969999998,4.463333,4.449943000107334,1729032622,Will a Democrat win South Dakota Presidential Election?
0x4534f9301a2e8b936ba9bbe8f05773cc557c57da5e07c1fe946607e95b4fdcf1,0xe1396e0a50bbfb22dca90345f3079df2b9588496,SELL,No,103817554879098980143189456527608321905884757182906793330525824422625380941210,0xcaec99debca1fe002f7af5b3ff300edfcf84c7ab7e366b24c12316ba99ed302e,0.996,4.11,4.09356,1729031380,Will a Democrat win South Dakota Presidential Election?
0x3bb3de56374715053596a23bb8525317aae954f66d9f4388a9c02be8a40b9532,0xe1396e0a50bbfb22dca90345f3079df2b9588496,BUY,No,103817554879098980143189456527608321905884757182906793330525824422625380941210,0xcaec99debca1fe002f7af5b3ff300edfcf84c7ab7e366b24c12316ba99ed302e,0.9969999998,4.112333,4.099996000177533,1729030402,Will a Democrat win South Dakota Presidential Election?
0xa4f55616fe100943bd674eb3353f1c598278a384dcccade340169792a3a77896,0xebdf37bad1fb158db3df161cc8d7eecc0597c293,SELL,No,103817554879098980143189456527608321905884757182906793330525824422625380941210,0xcaec99debca1fe002f7af5b3ff300edfcf84c7ab7e366b24c12316ba99ed302e,0.996,4.14,4.1234399999999996,1729027504,Will a Democrat win South Dakota Presidential Election?
0x543a78d38da2989c0652f01be3cba97f956d4d95bb74b6e8890417a421291405,0xebdf37bad1fb158db3df161cc8d7eecc0597c293,BUY,No,103817554879098980143189456527608321905884757182906793330525824422625380941210,0xcaec99debca1fe002f7af5b3ff300edfcf84c7ab7e366b24c12316ba99ed302e,0.9969999998,4.142333,4.129906000171533,1729026196,Will a Democrat win South Dakota Presidential Election?
0x49e1800fac117b5b021c359936a93dabb7eb337abde737c428132a41fae16e71,0x5b1c93c929310a972e069c805e7b49d1fcd4377c,SELL,No,103817554879098980143189456527608321905884757182906793330525824422625380941210,0xcaec99debca1fe002f7af5b3ff300edfcf84c7ab7e366b24c12316ba99ed302e,0.996,4.57,4.55172,1729023182,Will a Democrat win South Dakota Presidential Election?
0x0075ebb65a5648923e1aabc4bf818a2e92b1ba7d5fe610457cd52e6ae95cf469,0xb2d3c381cf51f48d47b93a1e11c9d714920ac04a,SELL,No,103817554879098980143189456527608321905884757182906793330525824422625380941210,0xcaec99debca1fe002f7af5b3ff300edfcf84c7ab7e366b24c12316ba99ed302e,0.996,4.17,4.15332,1729022391,Will a Democrat win South Dakota Presidential Election?
0xd534428522f89e7a0c9c81867aadc9011fd139cebea5dd7bb89cd9112e073531,0x5b1c93c929310a972e069c805e7b49d1fcd4377c,BUY,No,103817554879098980143189456527608321905884757182906793330525824422625380941210,0xcaec99debca1fe002f7af5b3ff300edfcf84c7ab7e366b24c12316ba99ed302e,0.9969999996,4.573666,4.559945000170534,1729021769,Will a Democrat win South Dakota Presidential Election?
0x9937e67a8e0388833a349a892eefadcb89dbdc22e448b61874b254dedabdd60a,0xb2d3c381cf51f48d47b93a1e11c9d714920ac04a,BUY,No,103817554879098980143189456527608321905884757182906793330525824422625380941210,0xcaec99debca1fe002f7af5b3ff300edfcf84c7ab7e366b24c12316ba99ed302e,0.9969999998,4.172333,4.1598160001655335,1729021133,Will a Democrat win South Dakota Presidential Election?
0x3cd9621da874819acf17e393309435451f7da7184453dad22d040c5130f3fa76,0xd93a3973e1a143a45a8e7abedf258bca7aa8640f,SELL,No,103817554879098980143189456527608321905884757182906793330525824422625380941210,0xcaec99debca1fe002f7af5b3ff300edfcf84c7ab7e366b24c12316ba99ed302e,0.996,4.64,4.62144,1729020289,Will a Democrat win South Dakota Presidential Election?
0x9ff2827eb25d3d4255b9932a0f38e0e7872a84decce5f1aa6b49d06e2f000ba0,0xd93a3973e1a143a45a8e7abedf258bca7aa8640f,BUY,No,103817554879098980143189456527608321905884757182906793330525824422625380941210,0xcaec99debca1fe002f7af5b3ff300edfcf84c7ab7e366b24c12316ba99ed302e,0.9969999996,4.643666,4.629735000142533,1729019084,Will a Democrat win South Dakota Presidential Election?
0x927eb59d59710502425cd26b37edad2ac2ac6985b4b8520810229ae7bb0e94d8,0xebd152761162a3e68cf446200289c1e3f8df7110,SELL,No,103817554879098980143189456527608321905884757182906793330525824422625380941210,0xcaec99debca1fe002f7af5b3ff300edfcf84c7ab7e366b24c12316ba99ed302e,0.996,4.56,4.54176,1729018756,Will a Democrat win South Dakota Presidential Election?
0x09f64da8b0749199d365a491f111d7580eaa7163befb18350adcc5c9a4a8eb7b,0x380c7986f57e28d3150437fb1677f54046892d04,SELL,No,103817554879098980143189456527608321905884757182906793330525824422625380941210,0xcaec99debca1fe002f7af5b3ff300edfcf84c7ab7e366b24c12316ba99ed302e,0.996,4.81,4.79076,1729018285,Will a Democrat win South Dakota Presidential Election?
0x5ea07f216c882fee65e5f5b167f909cbf34b154aaaab17793d988e881879a0d3,0xebd152761162a3e68cf446200289c1e3f8df7110,BUY,No,103817554879098980143189456527608321905884757182906793330525824422625380941210,0xcaec99debca1fe002f7af5b3ff300edfcf84c7ab7e366b24c12316ba99ed302e,0.9969999996,4.563666,4.549975000174533,1729017671,Will a Democrat win South Dakota Presidential Election?
0x51b4e8f80faabc5f006475056d5ce93c84b0e4ca68d71ad3408b2b618aa2190a,0x380c7986f57e28d3150437fb1677f54046892d04,BUY,No,103817554879098980143189456527608321905884757182906793330525824422625380941210,0xcaec99debca1fe002f7af5b3ff300edfcf84c7ab7e366b24c12316ba99ed302e,0.9969999998,4.814333,4.799890000037133,1729016758,Will a Democrat win South Dakota Presidential Election?
0x04c5226f3c4d58def2372e286a9c5fcf87ac596c31151285077b50a4a1105619,0x988478a1253e85fae59d378ef6a7f9827a309210,SELL,No,103817554879098980143189456527608321905884757182906793330525824422625380941210,0xcaec99debca1fe002f7af5b3ff300edfcf84c7ab7e366b24c12316ba99ed302e,0.996,4.4,4.3824000000000005,1729014669,Will a Democrat win South Dakota Presidential Election?
0x78a4a391c738fe19d147f57064454655f1d031613dcb411e246a8cff2855a1e9,0x988478a1253e85fae59d378ef6a7f9827a309210,BUY,No,103817554879098980143189456527608321905884757182906793330525824422625380941210,0xcaec99debca1fe002f7af5b3ff300edfcf84c7ab7e366b24c12316ba99ed302e,0.997,4.403,4.389791,1729013401,Will a Democrat win South Dakota Presidential Election?
0x1bfb9d3bda6a4328b8afbcc5b3772cf5b53080cdf06ef144eccec09d366432e8,0x4ec4569b813e0e6e808dd99f1e3134664cf86219,SELL,No,103817554879098980143189456527608321905884757182906793330525824422625380941210,0xcaec99debca1fe002f7af5b3ff300edfcf84c7ab7e366b24c12316ba99ed302e,0.996,1.6,1.5936000000000001,1729011908,Will a Democrat win South Dakota Presidential Election?
0x31e7396f0c2532a46dc15bc7de596b129e1089d5a9b0440f3b15ed05e717f25c,0x56820e5ce2c5208435b717e2e1aad9e390f5b5c9,SELL,No,103817554879098980143189456527608321905884757182906793330525824422625380941210,0xcaec99debca1fe002f7af5b3ff300edfcf84c7ab7e366b24c12316ba99ed302e,0.996,3.7,3.6852,1729006758,Will a Democrat win South Dakota Presidential Election?
0x2db2916443a05d2be124f19c3dd93d20960fdf8db198e50d7e7c1fef033fbc29,0x1dbab0fc54c93df2f8aef54260b14011f187db11,SELL,No,103817554879098980143189456527608321905884757182906793330525824422625380941210,0xcaec99debca1fe002f7af5b3ff300edfcf84c7ab7e366b24c12316ba99ed302e,0.996,4.38,4.36248,1729005560,Will a Democrat win South Dakota Presidential Election?
0xc96760b8a928cf77e3cb52675972f594886dcbec02a961fb0f50ad24ba9b8402,0x56820e5ce2c5208435b717e2e1aad9e390f5b5c9,BUY,No,103817554879098980143189456527608321905884757182906793330525824422625380941210,0xcaec99debca1fe002f7af5b3ff300edfcf84c7ab7e366b24c12316ba99ed302e,0.997,3.701,3.689897,1729005330,Will a Democrat win South Dakota Presidential Election?
0x568b8dd357e4fd6761d2b353f029eaede9db345b0353d356d4aafcb99ff947b7,0x568b0a91a950ec3c9216329b7f5088dfb9467837,SELL,No,103817554879098980143189456527608321905884757182906793330525824422625380941210,0xcaec99debca1fe002f7af5b3ff300edfcf84c7ab7e366b24c12316ba99ed302e,0.996,3.04,3.02784,1729004622,Will a Democrat win South Dakota Presidential Election?
0xea2d7ed359b8549e629dcb7bda1b1cf046898b6546c31fd388250744a16e6bc1,0x1dbab0fc54c93df2f8aef54260b14011f187db11,BUY,No,103817554879098980143189456527608321905884757182906793330525824422625380941210,0xcaec99debca1fe002f7af5b3ff300edfcf84c7ab7e366b24c12316ba99ed302e,0.997,4.383,4.369851,1729004230,Will a Democrat win South Dakota Presidential Election?
0x98e7657c0b36b716dad2b6ee384b949084e1992364017c84b296ad641208a7eb,0x568b0a91a950ec3c9216329b7f5088dfb9467837,BUY,No,103817554879098980143189456527608321905884757182906793330525824422625380941210,0xcaec99debca1fe002f7af5b3ff300edfcf84c7ab7e366b24c12316ba99ed302e,0.997,3.049,3.039853,1729003506,Will a Democrat win South Dakota Presidential Election?
0x13b24badb594890a1c9d978780ea6917c49dd35a0610a1f37398bcf7d1f32149,0xe1396e0a50bbfb22dca90345f3079df2b9588496,SELL,No,103817554879098980143189456527608321905884757182906793330525824422625380941210,0xcaec99debca1fe002f7af5b3ff300edfcf84c7ab7e366b24c12316ba99ed302e,0.996,4.25,4.233,1729002750,Will a Democrat win South Dakota Presidential Election?
0x5d2075bb01ad648bbb21594975a6c225cb1fa80ea4a07ac5e35f93feb824f7a9,0xcf71f73e3a976f6853bd55406b25a7f787f298b2,SELL,No,103817554879098980143189456527608321905884757182906793330525824422625380941210,0xcaec99debca1fe002f7af5b3ff300edfcf84c7ab7e366b24c12316ba99ed302e,0.996,3.98,3.96408,1729002318,Will a Democrat win South Dakota Presidential Election?
0x9b53b9300e2d490ecf120b955a75cf71ba821f641ac29a613a39247e0d7a7b12,0xe1396e0a50bbfb22dca90345f3079df2b9588496,BUY,No,103817554879098980143189456527608321905884757182906793330525824422625380941210,0xcaec99debca1fe002f7af5b3ff300edfcf84c7ab7e366b24c12316ba99ed302e,0.9969999995,4.252666,4.239907999873666,1729001350,Will a Democrat win South Dakota Presidential Election?
0x17d2f6124fb3310c3e219396a1ec36edc1b52d3af54dbe46b225f9bb3400a475,0xcf71f73e3a976f6853bd55406b25a7f787f298b2,BUY,No,103817554879098980143189456527608321905884757182906793330525824422625380941210,0xcaec99debca1fe002f7af5b3ff300edfcf84c7ab7e366b24c12316ba99ed302e,0.9969999995,3.981666,3.969721000009167,1729000874,Will a Democrat win South Dakota Presidential Election?
0xfffb715149d39b02f96ac3be9e0666e436e0f0e0a79bd5b44b6c2fef23a16359,0xd1eedd8227c231a5e3952f63f4d44531e4988be3,SELL,No,103817554879098980143189456527608321905884757182906793330525824422625380941210,0xcaec99debca1fe002f7af5b3ff300edfcf84c7ab7e366b24c12316ba99ed302e,0.996,4.24,4.22304,1729000666,Will a Democrat win South Dakota Presidential Election?
0xbddc87603d3a87a48e25850999986d36b3ab61f2831797b9ce71165803ec7ba3,0xca79730c88149014696f40a18b27d7ecfec76a18,SELL,No,103817554879098980143189456527608321905884757182906793330525824422625380941210,0xcaec99debca1fe002f7af5b3ff300edfcf84c7ab7e366b24c12316ba99ed302e,0.996,5,4.98,1728999922,Will a Democrat win South Dakota Presidential Election?
0x021446b8aa083036275c20f90f1c9d87a01a2fff0ea7bc81c60974f901b7b176,0xd1eedd8227c231a5e3952f63f4d44531e4988be3,BUY,No,103817554879098980143189456527608321905884757182906793330525824422625380941210,0xcaec99debca1fe002f7af5b3ff300edfcf84c7ab7e366b24c12316ba99ed302e,0.9969999995,4.232666,4.219967999883667,1728999300,Will a Democrat win South Dakota Presidential Election?
0x5db09dcfcac6918e22aad30659ccc0ba5532071ed4c64f25c7cc796ae4969f67,0xca79730c88149014696f40a18b27d7ecfec76a18,BUY,No,103817554879098980143189456527608321905884757182906793330525824422625380941210,0xcaec99debca1fe002f7af5b3ff300edfcf84c7ab7e366b24c12316ba99ed302e,0.997,5.005,4.989985,1728998968,Will a Democrat win South Dakota Presidential Election?
0x487edfe72f197e8590dd637e1315a7623300f7df953401a1c6e45216f8fcca96,0xd0adb5c483b49f6bbe1b5c89c6be097a309f7e24,SELL,No,103817554879098980143189456527608321905884757182906793330525824422625380941210,0xcaec99debca1fe002f7af5b3ff300edfcf84c7ab7e366b24c12316ba99ed302e,0.996,3.8,3.7847999999999997,1728998008,Will a Democrat win South Dakota Presidential Election?
0xc915fe7d1932d4e654c975918680f91f75064febea4aa455d4793371ce7bd1b2,0x61921505c0009f14f342bac1142abfb722b19476,SELL,No,103817554879098980143189456527608321905884757182906793330525824422625380941210,0xcaec99debca1fe002f7af5b3ff300edfcf84c7ab7e366b24c12316ba99ed302e,0.996,4.89,4.870439999999999,1728997954,Will a Democrat win South Dakota Presidential Election?
0x8be3f0b9a4793906e6532a7bffcaf60ec4471cea6191a12bedb25d2983cbbc01,0xd0adb5c483b49f6bbe1b5c89c6be097a309f7e24,BUY,No,103817554879098980143189456527608321905884757182906793330525824422625380941210,0xcaec99debca1fe002f7af5b3ff300edfcf84c7ab7e366b24c12316ba99ed302e,0.9969999997,3.791333,3.7799589998626,1728996872,Will a Democrat win South Dakota Presidential Election?
0x59598e984410055230fca52a738b3bd60dc401dd492d01d79742c5c15a6516f5,0x98351f1e0cfd56dfbec21b657082d5f62c749995,SELL,No,103817554879098980143189456527608321905884757182906793330525824422625380941210,0xcaec99debca1fe002f7af5b3ff300edfcf84c7ab7e366b24c12316ba99ed302e,0.996,3.87,3.85452,1728996852,Will a Democrat win South Dakota Presidential Election?
0xc98b16a70b80143a697dcfa1a97e9ca5ee65fda64fc05c5f65eaa5721346240b,0x61921505c0009f14f342bac1142abfb722b19476,BUY,No,103817554879098980143189456527608321905884757182906793330525824422625380941210,0xcaec99debca1fe002f7af5b3ff300edfcf84c7ab7e366b24c12316ba99ed302e,0.9969999996,4.894666,4.8799820000421334,1728996502,Will a Democrat win South Dakota Presidential Election?
0x7fde6ed21f817ba02d78e6cd48443c190f1588531c65507a151ab4f53cccce20,0xce62251cc4ef66cfe4a6e7fe595c61b458d1f384,SELL,No,103817554879098980143189456527608321905884757182906793330525824422625380941210,0xcaec99debca1fe002f7af5b3ff300edfcf84c7ab7e366b24c12316ba99ed302e,0.996,3.87,3.85452,1728996348,Will a Democrat win South Dakota Presidential Election?
0x720265b5d75f024359b4fbdf6a66a9a66d1a177e4c284518786de79c5df0003b,0x98351f1e0cfd56dfbec21b657082d5f62c749995,BUY,No,103817554879098980143189456527608321905884757182906793330525824422625380941210,0xcaec99debca1fe002f7af5b3ff300edfcf84c7ab7e366b24c12316ba99ed302e,0.9969999997,3.871333,3.8597189998386,1728995492,Will a Democrat win South Dakota Presidential Election?
0xc57d0893224394403a39ba8bda1c3d06065aed868fecf7b9f198ce2b966b4db7,0xce62251cc4ef66cfe4a6e7fe595c61b458d1f384,BUY,No,103817554879098980143189456527608321905884757182906793330525824422625380941210,0xcaec99debca1fe002f7af5b3ff300edfcf84c7ab7e366b24c12316ba99ed302e,0.9969999997,3.871333,3.8597189998386,1728994934,Will a Democrat win South Dakota Presidential Election?
0xccd1d8d8bac04adfa123ca92cfdca1b741c9a3223c8c2eb0147213d0abdb7cc8,0x9cd1f33920b4cd00d41c03affbad4f557b3d7a4d,SELL,No,103817554879098980143189456527608321905884757182906793330525824422625380941210,0xcaec99debca1fe002f7af5b3ff300edfcf84c7ab7e366b24c12316ba99ed302e,0.996,4.57,4.55172,1728992334,Will a Democrat win South Dakota Presidential Election?
0x986b11248190b1891df5ee81058a9635f6bcbd7a9016ef304f82842461d57794,0x9cd1f33920b4cd00d41c03affbad4f557b3d7a4d,BUY,No,103817554879098980143189456527608321905884757182906793330525824422625380941210,0xcaec99debca1fe002f7af5b3ff300edfcf84c7ab7e366b24c12316ba99ed302e,0.9969999996,4.573666,4.559945000170534,1728990936,Will a Democrat win South Dakota Presidential Election?
0xd1826147831e39e2d939cf8a53b01347fb4114688eb0cfb5347f36e6f7a2686c,0x8e26743f430cbc9f7109edbbc957f1e1c2c53ea4,SELL,No,103817554879098980143189456527608321905884757182906793330525824422625380941210,0xcaec99debca1fe002f7af5b3ff300edfcf84c7ab7e366b24c12316ba99ed302e,0.996,7.56,7.52976,1728988528,Will a Democrat win South Dakota Presidential Election?
0x7d39174cdc4f6c13c395ba526e08f866e2363862736fd641d65a2e3fe17d9eb0,0x8e26743f430cbc9f7109edbbc957f1e1c2c53ea4,BUY,No,103817554879098980143189456527608321905884757182906793330525824422625380941210,0xcaec99debca1fe002f7af5b3ff300edfcf84c7ab7e366b24c12316ba99ed302e,0.9969999998,4.162333,4.149846000167534,1728987060,Will a Democrat win South Dakota Presidential Election?
0x751cc02e3538fbad9087cafd5ae266b6b18d1134970abcba007f0bf9c31508ef,0x287e4606b0acd475d5e1dfe6b6760aa73cce5777,SELL,No,103817554879098980143189456527608321905884757182906793330525824422625380941210,0xcaec99debca1fe002f7af5b3ff300edfcf84c7ab7e366b24c12316ba99ed302e,0.996,3.46,3.44616,1728986190,Will a Democrat win South Dakota Presidential Election?
0xf6177899b868284eaf8bead4fd2cee2ef632c6af076f893dce1e37fba8e4c63e,0x287e4606b0acd475d5e1dfe6b6760aa73cce5777,BUY,No,103817554879098980143189456527608321905884757182906793330525824422625380941210,0xcaec99debca1fe002f7af5b3ff300edfcf84c7ab7e366b24c12316ba99ed302e,0.9969999997,3.460333,3.4499519999619,1728984940,Will a Democrat win South Dakota Presidential Election?
0x8b1a47989cea0377ef6fa1ad633b167cd31686f42c47c13a9106ca325eccd70f,0x15614f25ea8d03ee52d6283a7f653c07fa42fb9f,SELL,No,103817554879098980143189456527608321905884757182906793330525824422625380941210,0xcaec99debca1fe002f7af5b3ff300edfcf84c7ab7e366b24c12316ba99ed302e,0.996,3.56,3.54576,1728980679,Will a Democrat win South Dakota Presidential Election?
0xa63f1f643a9fbbfd9c2a3f6b2d496375ad394b9a957a0d3d8de995954654ef56,0x15614f25ea8d03ee52d6283a7f653c07fa42fb9f,BUY,No,103817554879098980143189456527608321905884757182906793330525824422625380941210,0xcaec99debca1fe002f7af5b3ff300edfcf84c7ab7e366b24c12316ba99ed302e,0.9969999994,3.560666,3.5499839998636,1728979617,Will a Democrat win South Dakota Presidential Election?
0x0bfef46b392b703f7d859727a4d67b92a8749158fca3a31d229189098ab3070e,0x209b41428b8268c2d9aaef94719dc1ae76ad6974,SELL,No,103817554879098980143189456527608321905884757182906793330525824422625380941210,0xcaec99debca1fe002f7af5b3ff300edfcf84c7ab7e366b24c12316ba99ed302e,0.996,4.57,4.55172,1728978399,Will a Democrat win South Dakota Presidential Election?
0xdf1b2c7c16043deecff23385e9e221ae1a79278569acb7b2bd1c83d604b651c3,0x486306f2846078679b711b83c438722909bc77a3,SELL,No,103817554879098980143189456527608321905884757182906793330525824422625380941210,0xcaec99debca1fe002f7af5b3ff300edfcf84c7ab7e366b24c12316ba99ed302e,0.995,3.86,3.8407,1728892069,Will a Democrat win South Dakota Presidential Election?
0xbd1a59586df9d700a73c2d9d724de6fd5ebd738d62b1de25221bd1e7afde4b82,0x486306f2846078679b711b83c438722909bc77a3,BUY,No,103817554879098980143189456527608321905884757182906793330525824422625380941210,0xcaec99debca1fe002f7af5b3ff300edfcf84c7ab7e366b24c12316ba99ed302e,0.9969999997,3.861333,3.8497489998416,1728890779,Will a Democrat win South Dakota Presidential Election?
0x6db9d13cbd265d5a9c894692bc1255caccde6c1d63e74c7b4bde96b35e24d4fd,0xce62251cc4ef66cfe4a6e7fe595c61b458d1f384,SELL,No,103817554879098980143189456527608321905884757182906793330525824422625380941210,0xcaec99debca1fe002f7af5b3ff300edfcf84c7ab7e366b24c12316ba99ed302e,0.995,3.39,3.37305,1728884123,Will a Democrat win South Dakota Presidential Election?
0x75f8fec5dae5b901b1e699f1d62598b91163a1f8a1a2d90c1bcec3c13e74d974,0xce62251cc4ef66cfe4a6e7fe595c61b458d1f384,BUY,No,103817554879098980143189456527608321905884757182906793330525824422625380941210,0xcaec99debca1fe002f7af5b3ff300edfcf84c7ab7e366b24c12316ba99ed302e,0.997,3.39,3.37983,1728883017,Will a Democrat win South Dakota Presidential Election?
0xd67284577162d00422bb385d069a8f860b24106dda89c3aa0bc2fa980f6b4d1f,0x987baea6efdb371232e200af07d331eb4fca58fa,SELL,No,103817554879098980143189456527608321905884757182906793330525824422625380941210,0xcaec99debca1fe002f7af5b3ff300edfcf84c7ab7e366b24c12316ba99ed302e,0.995,4.65,4.62675,1728878388,Will a Democrat win South Dakota Presidential Election?
0x57db5bb43e8979f5406c6fe87431438824addaff6d31f5d309e787a7bf66ab80,0x987baea6efdb371232e200af07d331eb4fca58fa,BUY,No,103817554879098980143189456527608321905884757182906793330525824422625380941210,0xcaec99debca1fe002f7af5b3ff300edfcf84c7ab7e366b24c12316ba99ed302e,0.9969999996,4.653666,4.639705000138534,1728876962,Will a Democrat win South Dakota Presidential Election?
0x8b8d61dc75724fcca59bbf65358a65efce9853a04c00dff9af874979340e067d,0x2fe395ad6fb56daad9ac2a73ec479021796f2e26,SELL,No,103817554879098980143189456527608321905884757182906793330525824422625380941210,0xcaec99debca1fe002f7af5b3ff300edfcf84c7ab7e366b24c12316ba99ed302e,0.995,3.61,3.5919499999999998,1728876342,Will a Democrat win South Dakota Presidential Election?
0xfae886020960a92f0dcd30009f8898cc1d965a06e985c56cb88c03fc65a777bc,0x2fe395ad6fb56daad9ac2a73ec479021796f2e26,BUY,No,103817554879098980143189456527608321905884757182906793330525824422625380941210,0xcaec99debca1fe002f7af5b3ff300edfcf84c7ab7e366b24c12316ba99ed302e,0.9969999994,3.610666,3.5998339998336,1728875164,Will a Democrat win South Dakota Presidential Election?
0xc556fdb619ba2eac20f1ea6f7ef70c960e91baf23a9e42287a51c6574d13f5de,0xca79730c88149014696f40a18b27d7ecfec76a18,SELL,No,103817554879098980143189456527608321905884757182906793330525824422625380941210,0xcaec99debca1fe002f7af5b3ff300edfcf84c7ab7e366b24c12316ba99ed302e,0.995,4.89,4.86555,1728869312,Will a Democrat win South Dakota Presidential Election?
0xcb255a1889b04efb79f4e2260e91a874ed327038005bc3c6ce75c0ebade7099d,0x020104f16efe7a156fda10c7e132849f9b42325e,SELL,No,103817554879098980143189456527608321905884757182906793330525824422625380941210,0xcaec99debca1fe002f7af5b3ff300edfcf84c7ab7e366b24c12316ba99ed302e,0.995,4.13,4.10935,1728869248,Will a Democrat win South Dakota Presidential Election?
0x2275d3d03aca4ae829107bd2a22e90bc4505b9d93a7649e1ad25beb5ebe9a29d,0x01e092ad344e8cb299e78f464a7a5b924320f0a0,SELL,No,103817554879098980143189456527608321905884757182906793330525824422625380941210,0xcaec99debca1fe002f7af5b3ff300edfcf84c7ab7e366b24c12316ba99ed302e,0.995,3.23,3.21385,1728868722,Will a Democrat win South Dakota Presidential Election?
0x3f23ab5ae903281668350ad82eb6962536b4fe3cf9f281ac3249b2938f33419c,0x020104f16efe7a156fda10c7e132849f9b42325e,BUY,No,103817554879098980143189456527608321905884757182906793330525824422625380941210,0xcaec99debca1fe002f7af5b3ff300edfcf84c7ab7e366b24c12316ba99ed302e,0.9969999998,4.132333,4.119936000173533,1728868299,Will a Democrat win South Dakota Presidential Election?
0xad4478e2b733776338a5e79e324de16169bed1604f875cd5680070641254bcbe,0xca79730c88149014696f40a18b27d7ecfec76a18,BUY,No,103817554879098980143189456527608321905884757182906793330525824422625380941210,0xcaec99debca1fe002f7af5b3ff300edfcf84c7ab7e366b24c12316ba99ed302e,0.9969999996,4.894666,4.8799820000421334,1728868155,Will a Democrat win South Dakota Presidential Election?
0x77a58b72770f739a9d308b329628c864dd16d44d5edad010ea53740c16a56995,0xb8ce3a489e00dc98fedd85724558b4896b01ca03,SELL,No,103817554879098980143189456527608321905884757182906793330525824422625380941210,0xcaec99debca1fe002f7af5b3ff300edfcf84c7ab7e366b24c12316ba99ed302e,0.995,4.89,4.86555,1728867977,Will a Democrat win South Dakota Presidential Election?
0x2534b4a4927d27d6b98235c4fd409adf4e063c1c5d3a91213439869fab1c23b9,0x01e092ad344e8cb299e78f464a7a5b924320f0a0,BUY,No,103817554879098980143189456527608321905884757182906793330525824422625380941210,0xcaec99debca1fe002f7af5b3ff300edfcf84c7ab7e366b24c12316ba99ed302e,0.9969999994,3.239666,3.2299470000562005,1728867783,Will a Democrat win South Dakota Presidential Election?
0xcb575982159f8401d481f34b335800c6a498c89e3df7ea2c11b91879bc90f865,0xb8ce3a489e00dc98fedd85724558b4896b01ca03,BUY,No,103817554879098980143189456527608321905884757182906793330525824422625380941210,0xcaec99debca1fe002f7af5b3ff300edfcf84c7ab7e366b24c12316ba99ed302e,0.9969999996,4.894666,4.8799820000421334,1728866571,Will a Democrat win South Dakota Presidential Election?
0xe2a39fa51c87bafa5cf67e2c6ca5f0787d80accd9397ec54ef255778e5a2e76a,0x514211bcfae97353554b6f838ccbbeb9b514d234,SELL,No,103817554879098980143189456527608321905884757182906793330525824422625380941210,0xcaec99debca1fe002f7af5b3ff300edfcf84c7ab7e366b24c12316ba99ed302e,0.995,3.69,3.67155,1728861619,Will a Democrat win South Dakota Presidential Election?
0x49c6a9f9123055005b08f84e3d33fd86a502aaf41fbf71c630334acaaa552782,0x5b1c93c929310a972e069c805e7b49d1fcd4377c,SELL,No,103817554879098980143189456527608321905884757182906793330525824422625380941210,0xcaec99debca1fe002f7af5b3ff300edfcf84c7ab7e366b24c12316ba99ed302e,0.995,4.42,4.3979,1728860549,Will a Democrat win South Dakota Presidential Election?
0x1aec4b2d7cbc2a9a7e8c31faf29839343456cc41c3fce1f7b184fe2fd41b1995,0x514211bcfae97353554b6f838ccbbeb9b514d234,BUY,No,103817554879098980143189456527608321905884757182906793330525824422625380941210,0xcaec99debca1fe002f7af5b3ff300edfcf84c7ab7e366b24c12316ba99ed302e,0.997,3.691,3.6799269999999997,1728860109,Will a Democrat win South Dakota Presidential Election?
0x3508c42561b31005f6c9fbeeae1501d4f9ecd3d2f6114a37f89a0ef355c8d5ca,0x5b1c93c929310a972e069c805e7b49d1fcd4377c,BUY,No,103817554879098980143189456527608321905884757182906793330525824422625380941210,0xcaec99debca1fe002f7af5b3ff300edfcf84c7ab7e366b24c12316ba99ed302e,0.997,4.423,4.409731,1728859477,Will a Democrat win South Dakota Presidential Election?
0x811efda937094d0c4367e4225a6c91a43d6c23f44695021e285d5d1c2484ae4a,0xe1396e0a50bbfb22dca90345f3079df2b9588496,SELL,No,103817554879098980143189456527608321905884757182906793330525824422625380941210,0xcaec99debca1fe002f7af5b3ff300edfcf84c7ab7e366b24c12316ba99ed302e,0.995,4.42,4.3979,1728856922,Will a Democrat win South Dakota Presidential Election?
0x3fc4b438f75c1f1943ed87984c25edebd534e10e234aade06ee00420eba54ca5,0xf1cde72a3a3bb8d58ed08e00ef46eb5cf4289f59,SELL,No,103817554879098980143189456527608321905884757182906793330525824422625380941210,0xcaec99debca1fe002f7af5b3ff300edfcf84c7ab7e366b24c12316ba99ed302e,0.995,3.69,3.67155,1728856120,Will a Democrat win South Dakota Presidential Election?
0x22623610e50d8c94cbd486dbbf81affd44ad4892f1a9769d7ec36284961fcbf0,0xe1396e0a50bbfb22dca90345f3079df2b9588496,BUY,No,103817554879098980143189456527608321905884757182906793330525824422625380941210,0xcaec99debca1fe002f7af5b3ff300edfcf84c7ab7e366b24c12316ba99ed302e,0.997,4.423,4.409731,1728855384,Will a Democrat win South Dakota Presidential Election?
0x2c2fa67542b1f23eed4c7d34497a8a8d57171cfe0044f8ef14feb50afb5c0225,0x15614f25ea8d03ee52d6283a7f653c07fa42fb9f,SELL,No,103817554879098980143189456527608321905884757182906793330525824422625380941210,0xcaec99debca1fe002f7af5b3ff300edfcf84c7ab7e366b24c12316ba99ed302e,0.995,4.42,4.3979,1728855224,Will a Democrat win South Dakota Presidential Election?
0x179fab56a73162787a8e52243ce1a790ba3f30f21c54860561b0621de248ff62,0xf1cde72a3a3bb8d58ed08e00ef46eb5cf4289f59,BUY,No,103817554879098980143189456527608321905884757182906793330525824422625380941210,0xcaec99debca1fe002f7af5b3ff300edfcf84c7ab7e366b24c12316ba99ed302e,0.997,3.691,3.6799269999999997,1728854892,Will a Democrat win South Dakota Presidential Election?
0x3884286180a8356b2fc3365465211809fb15ca9bbb34fc9074ef0da34cab3048,0x8e26743f430cbc9f7109edbbc957f1e1c2c53ea4,BUY,No,103817554879098980143189456527608321905884757182906793330525824422625380941210,0xcaec99debca1fe002f7af5b3ff300edfcf84c7ab7e366b24c12316ba99ed302e,0.997,3.4,3.3897999999999997,1728854748,Will a Democrat win South Dakota Presidential Election?
0xadd1e6dc7235e721743b58f3b1e1b7acbeced4cc24daada30fa180f72e5cd850,0xe58c190606e03779fb80cc9a844ad2d63daa5e50,BUY,No,103817554879098980143189456527608321905884757182906793330525824422625380941210,0xcaec99debca1fe002f7af5b3ff300edfcf84c7ab7e366b24c12316ba99ed302e,0.9969999995,3.911666,3.8999310000441665,1728854340,Will a Democrat win South Dakota Presidential Election?
0x03bb964d503442c40170da0b5d2fc89e05f0959f8793d965fadf2549b8fc6cbe,0x15614f25ea8d03ee52d6283a7f653c07fa42fb9f,BUY,No,103817554879098980143189456527608321905884757182906793330525824422625380941210,0xcaec99debca1fe002f7af5b3ff300edfcf84c7ab7e366b24c12316ba99ed302e,0.997,4.423,4.409731,1728854104,Will a Democrat win South Dakota Presidential Election?
0x538254d287695c2d58e5b78cb7df318306967ce6959ed3c392a74455ac773d1f,0xb2d3c381cf51f48d47b93a1e11c9d714920ac04a,SELL,No,103817554879098980143189456527608321905884757182906793330525824422625380941210,0xcaec99debca1fe002f7af5b3ff300edfcf84c7ab7e366b24c12316ba99ed302e,0.995,4.2,4.179,1728853784,Will a Democrat win South Dakota Presidential Election?
0x7da865b6eb6be1be4e157c58da68190a6d8fdce78dc53eaf23470c65ae8b9418,0xb2d3c381cf51f48d47b93a1e11c9d714920ac04a,BUY,No,103817554879098980143189456527608321905884757182906793330525824422625380941210,0xcaec99debca1fe002f7af5b3ff300edfcf84c7ab7e366b24c12316ba99ed302e,0.9969999998,4.202333,4.189726000159534,1728852564,Will a Democrat win South Dakota Presidential Election?
0x7242aa0cfc34d155e10d0976a8ef7f6b3332fb1985303e3c0af5254f4786d57c,0xd6ee80149902e5d3db41818137e2c8421f79a032,SELL,No,103817554879098980143189456527608321905884757182906793330525824422625380941210,0xcaec99debca1fe002f7af5b3ff300edfcf84c7ab7e366b24c12316ba99ed302e,0.995,3.85,3.83075,1728852192,Will a Democrat win South Dakota Presidential Election?
0x5e67b6e5cd189eb96aacea93d9f4ce5ad612fc3b700b8d1e15ed9cda9795305e,0xbd59b34fe4982534e4befb6205d95fb6e2e2f2f2,SELL,No,103817554879098980143189456527608321905884757182906793330525824422625380941210,0xcaec99debca1fe002f7af5b3ff300edfcf84c7ab7e366b24c12316ba99ed302e,0.995,3.07,3.0546499999999996,1728851862,Will a Democrat win South Dakota Presidential Election?
0xf4f69cf2ae743a288426418b3c3ff6f63e52b6a703865a5d7c51eaef5ef57981,0xd6ee80149902e5d3db41818137e2c8421f79a032,BUY,No,103817554879098980143189456527608321905884757182906793330525824422625380941210,0xcaec99debca1fe002f7af5b3ff300edfcf84c7ab7e366b24c12316ba99ed302e,0.9969999997,3.851333,3.8397789998446,1728851254,Will a Democrat win South Dakota Presidential Election?
0xa3b00e04d8b588255f3da5ce370eba960dde763f551082ca4b04b33a0539d379,0xbd59b34fe4982534e4befb6205d95fb6e2e2f2f2,BUY,No,103817554879098980143189456527608321905884757182906793330525824422625380941210,0xcaec99debca1fe002f7af5b3ff300edfcf84c7ab7e366b24c12316ba99ed302e,0.997,3.079,3.069763,1728850618,Will a Democrat win South Dakota Presidential Election?
0xb237cb91e6a9c52dfb24a9198107cc6f2fe677762ccd7eedfbd30087aa2e6c8f,0xcf74c4e2f70eae38ae2c38929cd47ef51ddf9d2e,SELL,No,103817554879098980143189456527608321905884757182906793330525824422625380941210,0xcaec99debca1fe002f7af5b3ff300edfcf84c7ab7e366b24c12316ba99ed302e,0.995,4.24,4.2188,1728849874,Will a Democrat win South Dakota Presidential Election?
0xfb78e59169630c3d80043b98137cfbd5a1fdcc3df048190ac7376f9ba0d85424,0xcf74c4e2f70eae38ae2c38929cd47ef51ddf9d2e,BUY,No,103817554879098980143189456527608321905884757182906793330525824422625380941210,0xcaec99debca1fe002f7af5b3ff300edfcf84c7ab7e366b24c12316ba99ed302e,0.9969999995,4.242666,4.229937999878667,1728848792,Will a Democrat win South Dakota Presidential Election?
0xa9f68d27f94f8b1ce9db69b2da7e315ec3540ff9aea3cafaae9027a0f3fa5745,0x98351f1e0cfd56dfbec21b657082d5f62c749995,SELL,No,103817554879098980143189456527608321905884757182906793330525824422625380941210,0xcaec99debca1fe002f7af5b3ff300edfcf84c7ab7e366b24c12316ba99ed302e,0.995,4.12,4.0994,1728847936,Will a Democrat win South Dakota Presidential Election?
0x7523fb165ed4d9ce75aa5f5cbe9e493b9294a2df80faa7b8e33f1fb4d4d282ff,0x98351f1e0cfd56dfbec21b657082d5f62c749995,BUY,No,103817554879098980143189456527608321905884757182906793330525824422625380941210,0xcaec99debca1fe002f7af5b3ff300edfcf84c7ab7e366b24c12316ba99ed302e,0.9969999998,4.122333,4.109966000175533,1728846440,Will a Democrat win South Dakota Presidential Election?
0x06d001c1d27950818c4ec6f0af641b3b45949d31e5a68ae67d07d99f5ed1222a,0x2ecf8fbf954fd16022dced5cec491a6a057060f0,SELL,No,103817554879098980143189456527608321905884757182906793330525824422625380941210,0xcaec99debca1fe002f7af5b3ff300edfcf84c7ab7e366b24c12316ba99ed302e,0.995,3.54,3.5223,1728797369,Will a Democrat win South Dakota Presidential Election?
0xc5dff1a0e214815f01170c57ae8cbbfdb1830510e6ea6f894a9325126108bfcb,0x2ecf8fbf954fd16022dced5cec491a6a057060f0,BUY,No,103817554879098980143189456527608321905884757182906793330525824422625380941210,0xcaec99debca1fe002f7af5b3ff300edfcf84c7ab7e366b24c12316ba99ed302e,0.9969999997,3.540333,3.5297119999379,1728796415,Will a Democrat win South Dakota Presidential Election?
0xaa2fd59623209b68c192fd7335464b8072030b925ceba409938e6bb7f36c1b5d,0x75bbd3eb4b5c9d9ad1d72cbb19df7702e7752f94,SELL,No,103817554879098980143189456527608321905884757182906793330525824422625380941210,0xcaec99debca1fe002f7af5b3ff300edfcf84c7ab7e366b24c12316ba99ed302e,0.995,3.43,3.41285,1728783487,Will a Democrat win South Dakota Presidential Election?
0x42c321698a7aa9b27c0f0f81458b2bb1a27c4c1fddff99b9f4c6cfbd304d00bf,0x75bbd3eb4b5c9d9ad1d72cbb19df7702e7752f94,BUY,No,103817554879098980143189456527608321905884757182906793330525824422625380941210,0xcaec99debca1fe002f7af5b3ff300edfcf84c7ab7e366b24c12316ba99ed302e,0.997,3.43,3.4197100000000002,1728782435,Will a Democrat win South Dakota Presidential Election?
0x4fbc21a084a682cac9f6e219afed8d8f30d6510ea7ab9a8aa5ac6cbf5e0c527e,0x9f8c6467564028cb6e034b14c2d0eb58ad5b3737,SELL,No,103817554879098980143189456527608321905884757182906793330525824422625380941210,0xcaec99debca1fe002f7af5b3ff300edfcf84c7ab7e366b24c12316ba99ed302e,0.996,3.56,3.54576,1728775331,Will a Democrat win South Dakota Presidential Election?
0xefd666d7225c7c484b2e4160276f8baf75bd295ae992698687ea624f4b8f5e71,0x9f8c6467564028cb6e034b14c2d0eb58ad5b3737,BUY,No,103817554879098980143189456527608321905884757182906793330525824422625380941210,0xcaec99debca1fe002f7af5b3ff300edfcf84c7ab7e366b24c12316ba99ed302e,0.9969999994,3.560666,3.5499839998636,1728774125,Will a Democrat win South Dakota Presidential Election?
0x4886a551b7e26b0cdc90982debf7f9cb4049cb1be9f394eb50c1df26b52d9b3e,0xc2a0dfa214eac9dcf0c201ba4bdc60b8d401ea33,SELL,No,103817554879098980143189456527608321905884757182906793330525824422625380941210,0xcaec99debca1fe002f7af5b3ff300edfcf84c7ab7e366b24c12316ba99ed302e,0.995,4.92,4.8953999999999995,1728772009,Will a Democrat win South Dakota Presidential Election?
0x27dd90c18ad3410ead741b5a8c97617a0720d71db802998e1a9c1537512be016,0xc2a0dfa214eac9dcf0c201ba4bdc60b8d401ea33,BUY,No,103817554879098980143189456527608321905884757182906793330525824422625380941210,0xcaec99debca1fe002f7af5b3ff300edfcf84c7ab7e366b24c12316ba99ed302e,0.9969999996,4.924666,4.909892000030133,1728770953,Will a Democrat win South Dakota Presidential Election?
0x9f181ec6755b661247f0a565777814bf7fa3d3fbfb987349e1de1658f76ad762,0x318992610e91a44270c8ad3a5f756b57b69c9a45,SELL,No,103817554879098980143189456527608321905884757182906793330525824422625380941210,0xcaec99debca1fe002f7af5b3ff300edfcf84c7ab7e366b24c12316ba99ed302e,0.995,3.61,3.5919499999999998,1728770593,Will a Democrat win South Dakota Presidential Election?
0xe61596d785b9fa65861e0ffabd13a142e1ebc6203b54e26390f7277955a47ed4,0xedad789c1660bbb9ae48e29180fc1f3ebaf42a68,SELL,No,103817554879098980143189456527608321905884757182906793330525824422625380941210,0xcaec99debca1fe002f7af5b3ff300edfcf84c7ab7e366b24c12316ba99ed302e,0.995,3.41,3.39295,1728769481,Will a Democrat win South Dakota Presidential Election?
0xa67b09598d786877362e8551ef358506272c7cdb2bc60e1b8549f989f92568a5,0x318992610e91a44270c8ad3a5f756b57b69c9a45,BUY,No,103817554879098980143189456527608321905884757182906793330525824422625380941210,0xcaec99debca1fe002f7af5b3ff300edfcf84c7ab7e366b24c12316ba99ed302e,0.9969999994,3.610666,3.5998339998336,1728769169,Will a Democrat win South Dakota Presidential Election?
0xfd69ed94859130850fde9b197b644d106db182dbe951be4c3f887cbf3819901f,0xedad789c1660bbb9ae48e29180fc1f3ebaf42a68,BUY,No,103817554879098980143189456527608321905884757182906793330525824422625380941210,0xcaec99debca1fe002f7af5b3ff300edfcf84c7ab7e366b24c12316ba99ed302e,0.997,3.41,3.39977,1728768169,Will a Democrat win South Dakota Presidential Election?
0x1faa219f657ac5596527b5cd05b0951261fee46a135ac2aeb5272406a7b3c2ae,0x90a5ea426500878d79b96a2524702f4a81dbeb93,SELL,No,103817554879098980143189456527608321905884757182906793330525824422625380941210,0xcaec99debca1fe002f7af5b3ff300edfcf84c7ab7e366b24c12316ba99ed302e,0.995,4.96,4.9352,1728767873,Will a Democrat win South Dakota Presidential Election?
0xcb1af86cac58004d9de1191964312da2ed9b95cdc3ac00ecdb2f5fd61fd42177,0x028c1f66914f94843646699e091d8cc65f7dbed1,BUY,No,103817554879098980143189456527608321905884757182906793330525824422625380941210,0xcaec99debca1fe002f7af5b3ff300edfcf84c7ab7e366b24c12316ba99ed302e,0.9969999995,4.252666,4.239907999873666,1728766863,Will a Democrat win South Dakota Presidential Election?
0xbe7aca65efe76cc4bd65bf3e42d9f14bd6e7a2b698ec90e1155818721b78f335,0x90a5ea426500878d79b96a2524702f4a81dbeb93,BUY,No,103817554879098980143189456527608321905884757182906793330525824422625380941210,0xcaec99debca1fe002f7af5b3ff300edfcf84c7ab7e366b24c12316ba99ed302e,0.9969999996,4.964666,4.949772000014134,1728766607,Will a Democrat win South Dakota Presidential Election?
0x49090d44bb42e405379e06c24c541a8ce06f3efb857f54f87fbf00986f920692,0x4848de8f4e079ee59b05d39614ef69acb725107e,SELL,No,103817554879098980143189456527608321905884757182906793330525824422625380941210,0xcaec99debca1fe002f7af5b3ff300edfcf84c7ab7e366b24c12316ba99ed302e,0.995,3.02,3.0049,1728762045,Will a Democrat win South Dakota Presidential Election?
0x05588ea6eb0abe6db5c536e2cdb1972df59e4201f76de70616aea7aba78f57e5,0x4848de8f4e079ee59b05d39614ef69acb725107e,BUY,No,103817554879098980143189456527608321905884757182906793330525824422625380941210,0xcaec99debca1fe002f7af5b3ff300edfcf84c7ab7e366b24c12316ba99ed302e,0.997,3.029,3.019913,1728760547,Will a Democrat win South Dakota Presidential Election?
0x260b53f23070715dbb772583a503076dde952f9646914d556323fa153f1c1933,0xce3ccecded0bcb2b1d9a3da2442106853be30aca,SELL,No,103817554879098980143189456527608321905884757182906793330525824422625380941210,0xcaec99debca1fe002f7af5b3ff300edfcf84c7ab7e366b24c12316ba99ed302e,0.995,4.74,4.7163,1728760433,Will a Democrat win South Dakota Presidential Election?
0xd40a6c3aac3d58e9a9ac7a5786327d3b30a1836ca1fa393478e879f2a06acb2a,0x87895c99c6aad5f2bfcb4466d96268c7db90304e,SELL,No,103817554879098980143189456527608321905884757182906793330525824422625380941210,0xcaec99debca1fe002f7af5b3ff300edfcf84c7ab7e366b24c12316ba99ed302e,0.995,3.74,3.7213000000000003,1728759905,Will a Democrat win South Dakota Presidential Election?
0xce2708002a66746c7fd417ff26e15415ebe30aaacc237ace642ca7128321b1e8,0x3f2f456b5847e8707625fb6cdda71b2182955d88,SELL,No,103817554879098980143189456527608321905884757182906793330525824422625380941210,0xcaec99debca1fe002f7af5b3ff300edfcf84c7ab7e366b24c12316ba99ed302e,0.995,3.5,3.4825,1728759761,Will a Democrat win South Dakota Presidential Election?
0xda6bed2bb0846b139a72486078d0d861c33c27e396fcd1f5da70feedee6595d2,0xce3ccecded0bcb2b1d9a3da2442106853be30aca,BUY,No,103817554879098980143189456527608321905884757182906793330525824422625380941210,0xcaec99debca1fe002f7af5b3ff300edfcf84c7ab7e366b24c12316ba99ed302e,0.997,4.744,4.729768,1728759399,Will a Democrat win South Dakota Presidential Election?
0x86eae711f253086faf0f614b186205b8127bc0af79493df6fb50358a71cea276,0x87895c99c6aad5f2bfcb4466d96268c7db90304e,BUY,No,103817554879098980143189456527608321905884757182906793330525824422625380941210,0xcaec99debca1fe002f7af5b3ff300edfcf84c7ab7e366b24c12316ba99ed302e,0.997,3.741,3.729777,1728758825,Will a Democrat win South Dakota Presidential Election?
0x3357ea7eb5ef2b5324be8480ed64b6c3bb76032780946fccd8668b9854b23fce,0xebd152761162a3e68cf446200289c1e3f8df7110,SELL,No,103817554879098980143189456527608321905884757182906793330525824422625380941210,0xcaec99debca1fe002f7af5b3ff300edfcf84c7ab7e366b24c12316ba99ed302e,0.995,4.57,4.54715,1728758737,Will a Democrat win South Dakota Presidential Election?
0x5c9850d1d4a132c6d0c8c0526cdc3db8b237004686ee65a38d1ead6c79c24166,0x3f2f456b5847e8707625fb6cdda71b2182955d88,BUY,No,103817554879098980143189456527608321905884757182906793330525824422625380941210,0xcaec99debca1fe002f7af5b3ff300edfcf84c7ab7e366b24c12316ba99ed302e,0.9969999997,3.500333,3.4898319999499,1728758657,Will a Democrat win South Dakota Presidential Election?
0x903bf489ec8bc230fa4a152e07c08a44d48fb989ceb4fe242013abec5ff91fea,0x367a36f59cfc1b942107b476fc25a1d2f886299a,SELL,No,103817554879098980143189456527608321905884757182906793330525824422625380941210,0xcaec99debca1fe002f7af5b3ff300edfcf84c7ab7e366b24c12316ba99ed302e,0.995,3.6,3.582,1728758145,Will a Democrat win South Dakota Presidential Election?
0x5f90a2dee5ab576370ae3285915871254001704805eb0bc25ab04d04fb1f4917,0xebd152761162a3e68cf446200289c1e3f8df7110,BUY,No,103817554879098980143189456527608321905884757182906793330525824422625380941210,0xcaec99debca1fe002f7af5b3ff300edfcf84c7ab7e366b24c12316ba99ed302e,0.9969999996,4.573666,4.559945000170534,1728757389,Will a Democrat win South Dakota Presidential Election?
0x512d0881b8da84dc6b61544d8cda237c461be1160c92cfef1468b72a26e120c9,0x367a36f59cfc1b942107b476fc25a1d2f886299a,BUY,No,103817554879098980143189456527608321905884757182906793330525824422625380941210,0xcaec99debca1fe002f7af5b3ff300edfcf84c7ab7e366b24c12316ba99ed302e,0.9969999994,3.600666,3.5898639998396003,1728756989,Will a Democrat win South Dakota Presidential Election?
0x2af14c81ec2630fabde291d317ce387dedb889a41b8547c43c291822ef2f66ca,0x8d760a3379da354003048060c50d239a6c8e23d3,SELL,No,103817554879098980143189456527608321905884757182906793330525824422625380941210,0xcaec99debca1fe002f7af5b3ff300edfcf84c7ab7e366b24c12316ba99ed302e,0.995,4.92,4.8953999999999995,1728752243,Will a Democrat win South Dakota Presidential Election?
0x3ca2798dc586b4142ac81aab4c3a41e28677e00f5498ea1addd0ed678d89e239,0x44237506b69bf573a2bf8254d9e0992a5efe909d,SELL,No,103817554879098980143189456527608321905884757182906793330525824422625380941210,0xcaec99debca1fe002f7af5b3ff300edfcf84c7ab7e366b24c12316ba99ed302e,0.995,3.13,3.11435,1728751909,Will a Democrat win South Dakota Presidential Election?
0xf90ea3fb95a299682708e9226bf47bc6cd4ec8cd6303109902e73ef4caae9078,0x8d760a3379da354003048060c50d239a6c8e23d3,BUY,No,103817554879098980143189456527608321905884757182906793330525824422625380941210,0xcaec99debca1fe002f7af5b3ff300edfcf84c7ab7e366b24c12316ba99ed302e,0.9969999996,4.924666,4.909892000030133,1728751109,Will a Democrat win South Dakota Presidential Election?
0xcee36fc640bee04f4e0a868b47b47d2d897f08753b4ce6420b4e0fe3167a1893,0xce62251cc4ef66cfe4a6e7fe595c61b458d1f384,SELL,No,103817554879098980143189456527608321905884757182906793330525824422625380941210,0xcaec99debca1fe002f7af5b3ff300edfcf84c7ab7e366b24c12316ba99ed302e,0.995,3.89,3.87055,1728750817,Will a Democrat win South Dakota Presidential Election?
0xc1e55d00a557cb98d781d350897acce9f1425106bd12cd3348acbb8b97cb3a35,0x598ece076da8d946138f529efd35a5b11ed8ecb5,SELL,No,103817554879098980143189456527608321905884757182906793330525824422625380941210,0xcaec99debca1fe002f7af5b3ff300edfcf84c7ab7e366b24c12316ba99ed302e,0.995,3.18,3.1641000000000004,1728750673,Will a Democrat win South Dakota Presidential Election?
0x8e82bedabedecb9eaca2314d4717a9dd1b29bf4c76cc2a2cf69131d55ba3e410,0x44237506b69bf573a2bf8254d9e0992a5efe909d,BUY,No,103817554879098980143189456527608321905884757182906793330525824422625380941210,0xcaec99debca1fe002f7af5b3ff300edfcf84c7ab7e366b24c12316ba99ed302e,0.9969999997,3.139333,3.1299150000582,1728750605,Will a Democrat win South Dakota Presidential Election?
0x5ff0dd08623f5cd1892551ee83bdf7ee0e899c30cc89bb4f46ebb1b73c6b9e16,0xd1eedd8227c231a5e3952f63f4d44531e4988be3,SELL,No,103817554879098980143189456527608321905884757182906793330525824422625380941210,0xcaec99debca1fe002f7af5b3ff300edfcf84c7ab7e366b24c12316ba99ed302e,0.995,3.17,3.15415,1728750579,Will a Democrat win South Dakota Presidential Election?
0x34d2aa0e16893cae9c0d694bcaec06e5967282a6935678d3e8e6b785b2368c32,0x598ece076da8d946138f529efd35a5b11ed8ecb5,BUY,No,103817554879098980143189456527608321905884757182906793330525824422625380941210,0xcaec99debca1fe002f7af5b3ff300edfcf84c7ab7e366b24c12316ba99ed302e,0.9969999997,3.189333,3.1797650000432,1728749667,Will a Democrat win South Dakota Presidential Election?
0x2d8230703f7f60fa40acd07d7e2830c733b1f894fb701964f235cb80fe6e93d2,0xce62251cc4ef66cfe4a6e7fe595c61b458d1f384,BUY,No,103817554879098980143189456527608321905884757182906793330525824422625380941210,0xcaec99debca1fe002f7af5b3ff300edfcf84c7ab7e366b24c12316ba99ed302e,0.9969999995,3.891666,3.879991000054167,1728749649,Will a Democrat win South Dakota Presidential Election?
0x92485392035273264e02d22d8fdbcd1152e61d085167de1168bad5c2585d0877,0xd1eedd8227c231a5e3952f63f4d44531e4988be3,BUY,No,103817554879098980143189456527608321905884757182906793330525824422625380941210,0xcaec99debca1fe002f7af5b3ff300edfcf84c7ab7e366b24c12316ba99ed302e,0.9969999997,3.179333,3.1697950000462,1728749497,Will a Democrat win South Dakota Presidential Election?
0x87ec84937a1faf3c31058c76b2eccc4977023c5a3011dac5aec1ea202f833368,0x014a6bebd68b752608a0fed3c15d0a2a086e6b9e,SELL,No,103817554879098980143189456527608321905884757182906793330525824422625380941210,0xcaec99debca1fe002f7af5b3ff300edfcf84c7ab7e366b24c12316ba99ed302e,0.995,3.79,3.7710500000000002,1728746722,Will a Democrat win South Dakota Presidential Election?
0x7359e998f6fa36da9256c9b00781c85fd0c0b574ae1144564f12fb0d9ccaacb5,0x014a6bebd68b752608a0fed3c15d0a2a086e6b9e,BUY,No,103817554879098980143189456527608321905884757182906793330525824422625380941210,0xcaec99debca1fe002f7af5b3ff300edfcf84c7ab7e366b24c12316ba99ed302e,0.9969999997,3.791333,3.7799589998626,1728745764,Will a Democrat win South Dakota Presidential Election?
0x29d95417a4d52fc725a637b89610b1c191338e2dfc8ccb80a1f84f202acc38fb,0x6cf6ab0e99a6f1947eaa3ffd093ed1afc7aaba19,SELL,No,103817554879098980143189456527608321905884757182906793330525824422625380941210,0xcaec99debca1fe002f7af5b3ff300edfcf84c7ab7e366b24c12316ba99ed302e,0.995,3.05,3.03475,1728744198,Will a Democrat win South Dakota Presidential Election?
0x950cf0bf1c1e5793de61b766e7dc4d95394fc58652f3be46b887598dc8b6d11c,0xd0adb5c483b49f6bbe1b5c89c6be097a309f7e24,SELL,No,103817554879098980143189456527608321905884757182906793330525824422625380941210,0xcaec99debca1fe002f7af5b3ff300edfcf84c7ab7e366b24c12316ba99ed302e,0.995,3.02,3.0049,1728743090,Will a Democrat win South Dakota Presidential Election?
0xa0ab0e9888f677decb1059b4a73509ac91de3b1ab4246d2b19c5eeeb4cb7104d,0x1424cb90f1be260592a7ef8d103e8b9174890097,SELL,No,103817554879098980143189456527608321905884757182906793330525824422625380941210,0xcaec99debca1fe002f7af5b3ff300edfcf84c7ab7e366b24c12316ba99ed302e,0.995,3.14,3.1243000000000003,1728743068,Will a Democrat win South Dakota Presidential Election?
0x64457a5957b44b56571ade8c9a3da55de5bf90194b7f4de3b28450e7165d0800,0x6cf6ab0e99a6f1947eaa3ffd093ed1afc7aaba19,BUY,No,103817554879098980143189456527608321905884757182906793330525824422625380941210,0xcaec99debca1fe002f7af5b3ff300edfcf84c7ab7e366b24c12316ba99ed302e,0.997,3.059,3.049823,1728743026,Will a Democrat win South Dakota Presidential Election?
0xf4881dec6f334250374a77c4d04c949ad94eef579c2073933fd0101d9fd5a9b6,0x1424cb90f1be260592a7ef8d103e8b9174890097,BUY,No,103817554879098980143189456527608321905884757182906793330525824422625380941210,0xcaec99debca1fe002f7af5b3ff300edfcf84c7ab7e366b24c12316ba99ed302e,0.9969999997,3.149333,3.1398850000552,1728742157,Will a Democrat win South Dakota Presidential Election?
0x8e185f22bb254eab6ffbf1b0769ca87950497ce6d19c2e1209e2a32f638229bb,0xd0adb5c483b49f6bbe1b5c89c6be097a309f7e24,BUY,No,103817554879098980143189456527608321905884757182906793330525824422625380941210,0xcaec99debca1fe002f7af5b3ff300edfcf84c7ab7e366b24c12316ba99ed302e,0.997,3.029,3.019913,1728741989,Will a Democrat win South Dakota Presidential Election?
0x15d588a2cbd712d53b87516d887367635c4709144ec9102be62b9d5f6fea359c,0x684aebcbc16bd6574301e9c73a9821b0f6fb3e58,SELL,No,103817554879098980143189456527608321905884757182906793330525824422625380941210,0xcaec99debca1fe002f7af5b3ff300edfcf84c7ab7e366b24c12316ba99ed302e,0.995,3.83,3.81085,1728739259,Will a Democrat win South Dakota Presidential Election?
0x01262c0bf4bb0d4116d0103ae3a1869a5681a92ffb47ae4e44453c4ba30f539c,0x684aebcbc16bd6574301e9c73a9821b0f6fb3e58,BUY,No,103817554879098980143189456527608321905884757182906793330525824422625380941210,0xcaec99debca1fe002f7af5b3ff300edfcf84c7ab7e366b24c12316ba99ed302e,0.9969999997,3.831333,3.8198389998506,1728737807,Will a Democrat win South Dakota Presidential Election?
0x933cb1d357646011b9766af165dd2f3dfd9f02e4ad0f098f5c0c7b4348c0532a,0xc6a1708fb3527aca4a67c1622c26d58b82f775dd,SELL,No,103817554879098980143189456527608321905884757182906793330525824422625380941210,0xcaec99debca1fe002f7af5b3ff300edfcf84c7ab7e366b24c12316ba99ed302e,0.995,13.59,13.52205,1728665848,Will a Democrat win South Dakota Presidential Election?
0x7e7f05031948432fd7bde0df68c824738b379ae7dd6153a59bf713eb73d03452,0xc6a1708fb3527aca4a67c1622c26d58b82f775dd,BUY,No,103817554879098980143189456527608321905884757182906793330525824422625380941210,0xcaec99debca1fe002f7af5b3ff300edfcf84c7ab7e366b24c12316ba99ed302e,0.996,13.59425,13.539873,1728665283,Will a Democrat win South Dakota Presidential Election?
0x9a97da5e0e44c6bcb18b9f00f3dd6fdb989650ae5b5ad32b573dda9181c33da7,0x6858300360ce72f745672d8260c4dc778289a4e8,SELL,No,103817554879098980143189456527608321905884757182906793330525824422625380941210,0xcaec99debca1fe002f7af5b3ff300edfcf84c7ab7e366b24c12316ba99ed302e,0.995,13.42,13.3529,1728664894,Will a Democrat win South Dakota Presidential Election?
0x1bca3397e3d2cf2c04bfcc81a77f2696096c57c4bf7a951d93932b8ede350530,0x6858300360ce72f745672d8260c4dc778289a4e8,BUY,No,103817554879098980143189456527608321905884757182906793330525824422625380941210,0xcaec99debca1fe002f7af5b3ff300edfcf84c7ab7e366b24c12316ba99ed302e,0.996,13.4235,13.369806,1728664667,Will a Democrat win South Dakota Presidential Election?
0x7a69e571bbbdf869936cf1defd0482c025ebdb33c0376eef2188b26eb727b1d1,0xc0ad3063f543ce9341421db190925d398d266efe,SELL,No,103817554879098980143189456527608321905884757182906793330525824422625380941210,0xcaec99debca1fe002f7af5b3ff300edfcf84c7ab7e366b24c12316ba99ed302e,0.995,201.89,200.88055,1728664625,Will a Democrat win South Dakota Presidential Election?
0xa404617bd1d72fe766d2484852bf8c0063b671b56db0208a2e9730f086ca420e,0xc0ad3063f543ce9341421db190925d398d266efe,BUY,No,103817554879098980143189456527608321905884757182906793330525824422625380941210,0xcaec99debca1fe002f7af5b3ff300edfcf84c7ab7e366b24c12316ba99ed302e,0.996,201.8975,201.08991,1728664541,Will a Democrat win South Dakota Presidential Election?
0xedb9e02a224efedb0b5b630e3310e96ec86611c17898b78d995059e9034ddd29,0x907d4a81b07230101896f90da193338929849139,SELL,No,103817554879098980143189456527608321905884757182906793330525824422625380941210,0xcaec99debca1fe002f7af5b3ff300edfcf84c7ab7e366b24c12316ba99ed302e,0.995,13.59,13.52205,1728656989,Will a Democrat win South Dakota Presidential Election?
0xcaa5b24d8e934c9726ddc1d4d865748e8d1fe63658a0be8a1fd5bb1111abf7c8,0x36ca025c6dbe28c7eb0e8b00e2860c9dbd639975,SELL,No,103817554879098980143189456527608321905884757182906793330525824422625380941210,0xcaec99debca1fe002f7af5b3ff300edfcf84c7ab7e366b24c12316ba99ed302e,0.995,40.39,40.18805,1728656679,Will a Democrat win South Dakota Presidential Election?
0xda2245f0a833eff315ab2f5b2dd6ec918d1e161c7023f0b90433816aaec91913,0x907d4a81b07230101896f90da193338929849139,BUY,No,103817554879098980143189456527608321905884757182906793330525824422625380941210,0xcaec99debca1fe002f7af5b3ff300edfcf84c7ab7e366b24c12316ba99ed302e,0.996,13.59425,13.539873,1728656241,Will a Democrat win South Dakota Presidential Election?
0x93904611ce41a2f151c8700d7b5f764942200992dd522963eccf6018e569b9d3,0x36ca025c6dbe28c7eb0e8b00e2860c9dbd639975,BUY,No,103817554879098980143189456527608321905884757182906793330525824422625380941210,0xcaec99debca1fe002f7af5b3ff300edfcf84c7ab7e366b24c12316ba99ed302e,0.996,40.3915,40.229934,1728656137,Will a Democrat win South Dakota Presidential Election?
0x6e8c40ee494bfe793776be30251c7042fbc766bea98f76cb7441f64ecd05e0f7,0xab73d85e093df88f865adec09583d1d3a448f5e5,SELL,No,103817554879098980143189456527608321905884757182906793330525824422625380941210,0xcaec99debca1fe002f7af5b3ff300edfcf84c7ab7e366b24c12316ba99ed302e,0.995,26.97,26.83515,1728655777,Will a Democrat win South Dakota Presidential Election?
0x7b0c100b5b8cba06f7521da08ac486a75ee6473d3c956eb626c91209191f18f1,0xab73d85e093df88f865adec09583d1d3a448f5e5,BUY,No,103817554879098980143189456527608321905884757182906793330525824422625380941210,0xcaec99debca1fe002f7af5b3ff300edfcf84c7ab7e366b24c12316ba99ed302e,0.996,26.97775,26.869839,1728655211,Will a Democrat win South Dakota Presidential Election?
0x4ed2208a3365c460969ad518a9fc8eff3cea50c6f68d9db7f497a3f11a56660a,0xfd563cae4d7e85bb682780fb59d66b5decde157c,SELL,No,103817554879098980143189456527608321905884757182906793330525824422625380941210,0xcaec99debca1fe002f7af5b3ff300edfcf84c7ab7e366b24c12316ba99ed302e,0.995,12.06,11.9997,1728655121,Will a Democrat win South Dakota Presidential Election?
0x7f282d2aa63e79bc95d24f249d2d9d93d07169cc5b5675cedf31698eaf8b3fc6,0xc2931ca904c90d08a4ac97d7d5fdfa0749550212,SELL,No,103817554879098980143189456527608321905884757182906793330525824422625380941210,0xcaec99debca1fe002f7af5b3ff300edfcf84c7ab7e366b24c12316ba99ed302e,0.995,15.85,15.77075,1728654733,Will a Democrat win South Dakota Presidential Election?
0x1fa6a1fe75f98955fe8c34de96c95da98460c7fdc66f6feb9c0dceca449bca1b,0xfd563cae4d7e85bb682780fb59d66b5decde157c,BUY,No,103817554879098980143189456527608321905884757182906793330525824422625380941210,0xcaec99debca1fe002f7af5b3ff300edfcf84c7ab7e366b24c12316ba99ed302e,0.996,12.06825,12.019977,1728654595,Will a Democrat win South Dakota Presidential Election?
0xcd197db2de836402010c43fe3281ec5ff3bd7a3266b1f1dcbd0aa742e594830d,0xc2931ca904c90d08a4ac97d7d5fdfa0749550212,BUY,No,103817554879098980143189456527608321905884757182906793330525824422625380941210,0xcaec99debca1fe002f7af5b3ff300edfcf84c7ab7e366b24c12316ba99ed302e,0.996,15.85325,15.789836999999999,1728654315,Will a Democrat win South Dakota Presidential Election?
0xd2805306b7c1375987b7b171170acbe96034180ec83bca75f5b032d390050689,0x0b2971b3a42e6bc348b23c7ec85312f830ab5a99,SELL,No,103817554879098980143189456527608321905884757182906793330525824422625380941210,0xcaec99debca1fe002f7af5b3ff300edfcf84c7ab7e366b24c12316ba99ed302e,0.995,10,9.95,1728647105,Will a Democrat win South Dakota Presidential Election?
0x4379cbb8222767bb81834a3609dc4ab0a29b6fb02a7a78b565293de8bedb07d6,0x3329b2f38e29e2ec8ebbc27ff92ccc5d299d462d,SELL,No,103817554879098980143189456527608321905884757182906793330525824422625380941210,0xcaec99debca1fe002f7af5b3ff300edfcf84c7ab7e366b24c12316ba99ed302e,0.995,13,12.935,1728646911,Will a Democrat win South Dakota Presidential Election?
0xb7647e2e9cb01842a06565e28798ffcc492a51486fa9d9d7694d60ab5201419d,0x1ee2f5bb509c02fec7ca04ba591d0ef4e04df3a3,SELL,No,103817554879098980143189456527608321905884757182906793330525824422625380941210,0xcaec99debca1fe002f7af5b3ff300edfcf84c7ab7e366b24c12316ba99ed302e,0.995,68,67.66,1728646129,Will a Democrat win South Dakota Presidential Election?
0xebd9d0684d14f3625a46ec2066ff1a4b6242cdcb087be82ecaa16491cc37c03c,0x0b2971b3a42e6bc348b23c7ec85312f830ab5a99,BUY,No,103817554879098980143189456527608321905884757182906793330525824422625380941210,0xcaec99debca1fe002f7af5b3ff300edfcf84c7ab7e366b24c12316ba99ed302e,0.996,10,9.96,1728646099,Will a Democrat win South Dakota Presidential Election?
0xdcff542012b06964339d82a4fd6bc0e616fe5e242fea602436633be7d40c6535,0x3329b2f38e29e2ec8ebbc27ff92ccc5d299d462d,BUY,No,103817554879098980143189456527608321905884757182906793330525824422625380941210,0xcaec99debca1fe002f7af5b3ff300edfcf84c7ab7e366b24c12316ba99ed302e,0.996,13,12.948,1728645471,Will a Democrat win South Dakota Presidential Election?
0xadc78c1e843a08ebe7c7db965e4ee60c33eabb827ba2ad1356bb468520e34374,0xbebda85a32118fbea67540cc04c016a03fa46e4c,SELL,No,103817554879098980143189456527608321905884757182906793330525824422625380941210,0xcaec99debca1fe002f7af5b3ff300edfcf84c7ab7e366b24c12316ba99ed302e,0.995,60,59.7,1728644965,Will a Democrat win South Dakota Presidential Election?
0xb1abf96579726aff8712f78c0f5a24da1a8a2bdafbb03d8a4de5dce784e1b75d,0x1ee2f5bb509c02fec7ca04ba591d0ef4e04df3a3,BUY,No,103817554879098980143189456527608321905884757182906793330525824422625380941210,0xcaec99debca1fe002f7af5b3ff300edfcf84c7ab7e366b24c12316ba99ed302e,0.996,68,67.728,1728644321,Will a Democrat win South Dakota Presidential Election?
0xeda860342bebecba1e978c2c4452d993c561e64d4166ad1752d285265af07cda,0xbebda85a32118fbea67540cc04c016a03fa46e4c,BUY,No,103817554879098980143189456527608321905884757182906793330525824422625380941210,0xcaec99debca1fe002f7af5b3ff300edfcf84c7ab7e366b24c12316ba99ed302e,0.996,60,59.76,1728643687,Will a Democrat win South Dakota Presidential Election?
0xf884bc8b39a27468aa0d0ce26cbf4b5cb4f2e851f20f6916f85913334f19a561,0xeeca8eb4c2f232afd69027a6d76a3b61cee541ac,SELL,No,103817554879098980143189456527608321905884757182906793330525824422625380941210,0xcaec99debca1fe002f7af5b3ff300edfcf84c7ab7e366b24c12316ba99ed302e,0.995,19,18.905,1728641585,Will a Democrat win South Dakota Presidential Election?
0x65a759ad98eb68bb23f78643680b3e2a402a87a7a692645619df9936030274de,0xeeca8eb4c2f232afd69027a6d76a3b61cee541ac,BUY,No,103817554879098980143189456527608321905884757182906793330525824422625380941210,0xcaec99debca1fe002f7af5b3ff300edfcf84c7ab7e366b24c12316ba99ed302e,0.996,19,18.924,1728641231,Will a Democrat win South Dakota Presidential Election?
0x4ac1326056ad395113f4cb44360d74a3aa5e75fbf059fd5c63a59fb003740f6b,0x4432aab8f532a26585cd33601383470c8eec39e0,SELL,No,103817554879098980143189456527608321905884757182906793330525824422625380941210,0xcaec99debca1fe002f7af5b3ff300edfcf84c7ab7e366b24c12316ba99ed302e,0.995,71,70.645,1728641071,Will a Democrat win South Dakota Presidential Election?
0x172590a7a2f5ef415b915f38bdd25302a404d40f302c90b0f5ae76edff9fdb4b,0x4432aab8f532a26585cd33601383470c8eec39e0,BUY,No,103817554879098980143189456527608321905884757182906793330525824422625380941210,0xcaec99debca1fe002f7af5b3ff300edfcf84c7ab7e366b24c12316ba99ed302e,0.996,71,70.716,1728640103,Will a Democrat win South Dakota Presidential Election?
0x70ec9e2000a0b9d73f146c7af00402fd6e282fc9cf8efd5f9083b1ea2e28b21e,0xa9b1eb1a783f1e46face79119dc7f62042fdd13b,SELL,No,103817554879098980143189456527608321905884757182906793330525824422625380941210,0xcaec99debca1fe002f7af5b3ff300edfcf84c7ab7e366b24c12316ba99ed302e,0.995,63,62.685,1728639369,Will a Democrat win South Dakota Presidential Election?
0xb1414c46b7305492a0593a86914f8c5a054398f45694c570d178973d061c7afc,0x1a73cb37b59f17eb0741abf484fe43ad55b9240b,SELL,No,103817554879098980143189456527608321905884757182906793330525824422625380941210,0xcaec99debca1fe002f7af5b3ff300edfcf84c7ab7e366b24c12316ba99ed302e,0.995,72,71.64,1728639111,Will a Democrat win South Dakota Presidential Election?
0x2606092a4fceb2cce031add52cb7a0fd3001332d1d67edc1432be13293396d86,0x1a73cb37b59f17eb0741abf484fe43ad55b9240b,BUY,No,103817554879098980143189456527608321905884757182906793330525824422625380941210,0xcaec99debca1fe002f7af5b3ff300edfcf84c7ab7e366b24c12316ba99ed302e,0.996,72,71.712,1728638263,Will a Democrat win South Dakota Presidential Election?
0x5fd6963b437dac55c14fc98bef5dfd97b5ebcf531fee0852c5c4e946c0e32a91,0x1ee2f5bb509c02fec7ca04ba591d0ef4e04df3a3,SELL,No,103817554879098980143189456527608321905884757182906793330525824422625380941210,0xcaec99debca1fe002f7af5b3ff300edfcf84c7ab7e366b24c12316ba99ed302e,0.995,100,99.5,1728637811,Will a Democrat win South Dakota Presidential Election?
0xf4b5c7e837a5930b7aa1c1a4d8d4fd2b49b12ab687fbf4e7a377048aa6cf90c2,0xa9b1eb1a783f1e46face79119dc7f62042fdd13b,BUY,No,103817554879098980143189456527608321905884757182906793330525824422625380941210,0xcaec99debca1fe002f7af5b3ff300edfcf84c7ab7e366b24c12316ba99ed302e,0.996,63,62.748,1728637615,Will a Democrat win South Dakota Presidential Election?
0xe206c2342109a07bb34e7a910168bb659dc2c232416f847e5ea8cba62d5754c5,0x236296012585c847812e485deaa4044795ae637a,SELL,No,103817554879098980143189456527608321905884757182906793330525824422625380941210,0xcaec99debca1fe002f7af5b3ff300edfcf84c7ab7e366b24c12316ba99ed302e,0.995,53,52.735,1728637355,Will a Democrat win South Dakota Presidential Election?
0x7172aa833e33952e4c024e9c5575175c4de2d5013b1d948aac59760cb2ad9a0f,0x1ee2f5bb509c02fec7ca04ba591d0ef4e04df3a3,BUY,No,103817554879098980143189456527608321905884757182906793330525824422625380941210,0xcaec99debca1fe002f7af5b3ff300edfcf84c7ab7e366b24c12316ba99ed302e,0.996,100,99.6,1728637077,Will a Democrat win South Dakota Presidential Election?
0x2d7f289a470e04b41d31e7b5e2458ab7b9d1b4dd22b7f90070950440033e7afd,0x236296012585c847812e485deaa4044795ae637a,BUY,No,103817554879098980143189456527608321905884757182906793330525824422625380941210,0xcaec99debca1fe002f7af5b3ff300edfcf84c7ab7e366b24c12316ba99ed302e,0.996,53,52.788,1728635895,Will a Democrat win South Dakota Presidential Election?
0x2cb841793d12cc57740ec836be321e31ecc1890d867e3d4547d96ec9512a9e85,0xd42f6a1634a3707e27cbae14ca966068e5d1047d,BUY,Yes,105742278895779392184517567088147476702553818055925607866681628906726505150563,0xcaec99debca1fe002f7af5b3ff300edfcf84c7ab7e366b24c12316ba99ed302e,0.004,609.42,2.43768,1728635353,Will a Democrat win South Dakota Presidential Election?
0xa3274e0ee76d93cb23138f23de1736e6a0b5fef4e767b8b8dca3c61842786111,0x35fb111b21a852b45d7ee6e65dc8790d2d2252ca,SELL,No,103817554879098980143189456527608321905884757182906793330525824422625380941210,0xcaec99debca1fe002f7af5b3ff300edfcf84c7ab7e366b24c12316ba99ed302e,0.996,192.44,191.67024,1728600000,Will a Democrat win South Dakota Presidential Election?
0xd739244a9a0c5039cca62461e662660987d8449d3b410ce463adec752d5dd591,0x35fb111b21a852b45d7ee6e65dc8790d2d2252ca,BUY,No,103817554879098980143189456527608321905884757182906793330525824422625380941210,0xcaec99debca1fe002f7af5b3ff300edfcf84c7ab7e366b24c12316ba99ed302e,0.997,192.447333,191.869991001,1728599960,Will a Democrat win South Dakota Presidential Election?
0x0053f814a6ec582a1929914edf792cfaec87e293beabc345de1561382ab6c712,0x4e1d61d1519e1e37a62fd43ebf088313e7d9da24,SELL,No,103817554879098980143189456527608321905884757182906793330525824422625380941210,0xcaec99debca1fe002f7af5b3ff300edfcf84c7ab7e366b24c12316ba99ed302e,0.996,4.58,4.56168,1728597280,Will a Democrat win South Dakota Presidential Election?
0xff5a3fc66700400e61aada32181c67c53cb05b2af605a131daf94f8a5f7817b2,0x4e1d61d1519e1e37a62fd43ebf088313e7d9da24,BUY,No,103817554879098980143189456527608321905884757182906793330525824422625380941210,0xcaec99debca1fe002f7af5b3ff300edfcf84c7ab7e366b24c12316ba99ed302e,0.9969999996,4.573666,4.559945000170534,1728595990,Will a Democrat win South Dakota Presidential Election?
0x079a02f8e00034769a4f0a1dfcf7da57baccaaad142644640e4abd150d91ae39,0x02d614acabdaa6e76e5f40542d68697dedaa9004,SELL,No,103817554879098980143189456527608321905884757182906793330525824422625380941210,0xcaec99debca1fe002f7af5b3ff300edfcf84c7ab7e366b24c12316ba99ed302e,0.996,4.69,4.67124,1728589564,Will a Democrat win South Dakota Presidential Election?
0x030cd1c10877ee23a6f382dd62655de2eec5dfdc653299fdcb149b3c5a029916,0x02d614acabdaa6e76e5f40542d68697dedaa9004,BUY,No,103817554879098980143189456527608321905884757182906793330525824422625380941210,0xcaec99debca1fe002f7af5b3ff300edfcf84c7ab7e366b24c12316ba99ed302e,0.997,4.694,4.679918,1728588618,Will a Democrat win South Dakota Presidential Election?
0x30c21c34cc530347bebbc5ab31a0d850add767d391008024316a86d69d8c54cb,0xec08a1d3f92cf5dadc8151a86bbe83220bc2e77e,SELL,No,103817554879098980143189456527608321905884757182906793330525824422625380941210,0xcaec99debca1fe002f7af5b3ff300edfcf84c7ab7e366b24c12316ba99ed302e,0.996,4.77,4.75092,1728585700,Will a Democrat win South Dakota Presidential Election?
0x68fd7e12fd704270c3545eceb318610acd9b561680f0ebc3375cbaf042856c45,0xec08a1d3f92cf5dadc8151a86bbe83220bc2e77e,BUY,No,103817554879098980143189456527608321905884757182906793330525824422625380941210,0xcaec99debca1fe002f7af5b3ff300edfcf84c7ab7e366b24c12316ba99ed302e,0.997,4.774,4.759678,1728584534,Will a Democrat win South Dakota Presidential Election?
0x0bf4315b05fd59c36c91b56e9b58fca809b2bf76efb77370916d11eb971c2480,0x87277b130faf8c03fd0deba7a175a9aa737f2cac,SELL,No,103817554879098980143189456527608321905884757182906793330525824422625380941210,0xcaec99debca1fe002f7af5b3ff300edfcf84c7ab7e366b24c12316ba99ed302e,0.996,3.12,3.10752,1728571056,Will a Democrat win South Dakota Presidential Election?
0x23485dc4282c728112ff40783487a85bea11f884cd6501aa6c8679daf613080d,0x87277b130faf8c03fd0deba7a175a9aa737f2cac,BUY,No,103817554879098980143189456527608321905884757182906793330525824422625380941210,0xcaec99debca1fe002f7af5b3ff300edfcf84c7ab7e366b24c12316ba99ed302e,0.9969999997,3.119333,3.1099750000642,1728569793,Will a Democrat win South Dakota Presidential Election?
0xc72f7f98a4f7f01149fc485c98f044d328e1e1e75ffb0a5ee7dbde919a5bb6ec,0x6bf5eec4fbec6d580b856c6332b1cb2eaf4e91af,SELL,No,103817554879098980143189456527608321905884757182906793330525824422625380941210,0xcaec99debca1fe002f7af5b3ff300edfcf84c7ab7e366b24c12316ba99ed302e,0.996,4.85,4.8306,1728558806,Will a Democrat win South Dakota Presidential Election?
0x5826eba656b05a281750632beaeea80e3b01c468b99747c799bf2e2ab3b44258,0x6bf5eec4fbec6d580b856c6332b1cb2eaf4e91af,BUY,No,103817554879098980143189456527608321905884757182906793330525824422625380941210,0xcaec99debca1fe002f7af5b3ff300edfcf84c7ab7e366b24c12316ba99ed302e,0.9969999998,4.854333,4.839770000029133,1728557388,Will a Democrat win South Dakota Presidential Election?
0xa1ded601f1a151165e40b6afcee95e64ac8f656cccf7c9ce294baafe64eac142,0x0aef40f1e7b282a2a10f9f6bf7ee24907de59540,SELL,No,103817554879098980143189456527608321905884757182906793330525824422625380941210,0xcaec99debca1fe002f7af5b3ff300edfcf84c7ab7e366b24c12316ba99ed302e,0.996,3.54,3.52584,1728554524,Will a Democrat win South Dakota Presidential Election?
0x9e17800f0b374030fff384bef58f5b0b9bb8853dca47ff48ca1903690bcf2bf5,0x0a0cfa54bd6814a9a2d7fd9b34d68ea9578ccdc0,SELL,No,103817554879098980143189456527608321905884757182906793330525824422625380941210,0xcaec99debca1fe002f7af5b3ff300edfcf84c7ab7e366b24c12316ba99ed302e,0.996,3.95,3.9342,1728553600,Will a Democrat win South Dakota Presidential Election?
0xf33fb7390f2d078768d67bd73e8d67b5b2b6b0ed34e2448f3f256c7490f57a09,0x0aef40f1e7b282a2a10f9f6bf7ee24907de59540,BUY,No,103817554879098980143189456527608321905884757182906793330525824422625380941210,0xcaec99debca1fe002f7af5b3ff300edfcf84c7ab7e366b24c12316ba99ed302e,0.9969999997,3.540333,3.5297119999379,1728553024,Will a Democrat win South Dakota Presidential Election?
0x10e3b81e2c6b1d1e8b8e7f161c02116471c509a902b7f5e643b2220692f08793,0x0a0cfa54bd6814a9a2d7fd9b34d68ea9578ccdc0,BUY,No,103817554879098980143189456527608321905884757182906793330525824422625380941210,0xcaec99debca1fe002f7af5b3ff300edfcf84c7ab7e366b24c12316ba99ed302e,0.9969999995,3.941666,3.929841000029167,1728552494,Will a Democrat win South Dakota Presidential Election?
0x28f4fac4e59a076059207ea352f3b15a1cddbae9dff878bd70597c879378c04c,0x8edc1c46c345e6f31b1effcf14a43c9ddad30455,SELL,No,103817554879098980143189456527608321905884757182906793330525824422625380941210,0xcaec99debca1fe002f7af5b3ff300edfcf84c7ab7e366b24c12316ba99ed302e,0.996,4.21,4.19316,1728543205,Will a Democrat win South Dakota Presidential Election?
0x5d76cc696789164fa258940fdaf21b7ce93681682680bca702eedf0c3caa025b,0x8edc1c46c345e6f31b1effcf14a43c9ddad30455,BUY,No,103817554879098980143189456527608321905884757182906793330525824422625380941210,0xcaec99debca1fe002f7af5b3ff300edfcf84c7ab7e366b24c12316ba99ed302e,0.9969999998,4.212333,4.199696000157534,1728542091,Will a Democrat win South Dakota Presidential Election?
0xe5bbe70a2e5795ad8c5020897991f6c331f2c0d8acc4cecfe7d8a09a59dbe0e9,0xf5f6ddb7d8775c10657cb7a3746bc3a2781bf951,SELL,No,103817554879098980143189456527608321905884757182906793330525824422625380941210,0xcaec99debca1fe002f7af5b3ff300edfcf84c7ab7e366b24c12316ba99ed302e,0.996,3.47,3.4561200000000003,1728541777,Will a Democrat win South Dakota Presidential Election?
0x4386ce3afc11c32e06047b6b08cf9d021b5b827b9e2cccd96e3bd3e12ab46b54,0xf5f6ddb7d8775c10657cb7a3746bc3a2781bf951,BUY,No,103817554879098980143189456527608321905884757182906793330525824422625380941210,0xcaec99debca1fe002f7af5b3ff300edfcf84c7ab7e366b24c12316ba99ed302e,0.9969999997,3.470333,3.4599219999589,1728540607,Will a Democrat win South Dakota Presidential Election?
0x71f3b80fe4b9fc2fc4112717e912a55822ed0ebf5d2f295bb3b0d94db5f14df4,0x04aad11e0b13f08b49ada55d04d6bc158e40ffea,SELL,No,103817554879098980143189456527608321905884757182906793330525824422625380941210,0xcaec99debca1fe002f7af5b3ff300edfcf84c7ab7e366b24c12316ba99ed302e,0.996,43,42.828,1728538376,Will a Democrat win South Dakota Presidential Election?
0x2a08fa23814544169b4cfe183457f4d6a7d2a236a06243e8c5734d40e02a4cc2,0x578f5daed496a57067f0af16fc4503614e078c05,SELL,No,103817554879098980143189456527608321905884757182906793330525824422625380941210,0xcaec99debca1fe002f7af5b3ff300edfcf84c7ab7e366b24c12316ba99ed302e,0.996,62,61.752,1728538048,Will a Democrat win South Dakota Presidential Election?
0x296b24c81471f23506b567b1ae189a8861fe2f8744761f1b32143c389c81cee6,0xd3069b62f23afc3173fa403e802103d0bfe64229,SELL,No,103817554879098980143189456527608321905884757182906793330525824422625380941210,0xcaec99debca1fe002f7af5b3ff300edfcf84c7ab7e366b24c12316ba99ed302e,0.996,17,16.932,1728537826,Will a Democrat win South Dakota Presidential Election?
0xa114f3c57d0af7060b4aab897ea969fcc6b511ae5f202dbe47270b29c9e47a36,0x111a8646f12caec8178b4f0ed83ff242aa3ea18f,SELL,No,103817554879098980143189456527608321905884757182906793330525824422625380941210,0xcaec99debca1fe002f7af5b3ff300edfcf84c7ab7e366b24c12316ba99ed302e,0.996,47,46.812,1728537318,Will a Democrat win South Dakota Presidential Election?
0x0a2139e97f6617f4458d48cb523504f237f6cbc004234fe581a306c34ead4125,0xd3069b62f23afc3173fa403e802103d0bfe64229,BUY,No,103817554879098980143189456527608321905884757182906793330525824422625380941210,0xcaec99debca1fe002f7af5b3ff300edfcf84c7ab7e366b24c12316ba99ed302e,0.997,17,16.949,1728537302,Will a Democrat win South Dakota Presidential Election?
0xa8cb7d068149697d9a9d95a71f06c2fc5d5b3e893636d68b1ed3408c51076243,0x578f5daed496a57067f0af16fc4503614e078c05,BUY,No,103817554879098980143189456527608321905884757182906793330525824422625380941210,0xcaec99debca1fe002f7af5b3ff300edfcf84c7ab7e366b24c12316ba99ed302e,0.997,62,61.814,1728537200,Will a Democrat win South Dakota Presidential Election?
0x696fd91296c1b64ce3d9422ab3ed690e6c351288846991a3ef9974968020e9d3,0x04aad11e0b13f08b49ada55d04d6bc158e40ffea,BUY,No,103817554879098980143189456527608321905884757182906793330525824422625380941210,0xcaec99debca1fe002f7af5b3ff300edfcf84c7ab7e366b24c12316ba99ed302e,0.997,43,42.871,1728537192,Will a Democrat win South Dakota Presidential Election?
0x9283059ee9439aaf623f2351cdb3fc9345077c73c1ad0791666d59ccf3c3d4eb,0x08ebfbf3daa297cbcfa0553a6ff1c64768814bb6,SELL,No,103817554879098980143189456527608321905884757182906793330525824422625380941210,0xcaec99debca1fe002f7af5b3ff300edfcf84c7ab7e366b24c12316ba99ed302e,0.996,20,19.92,1728536772,Will a Democrat win South Dakota Presidential Election?
0x96ee0d8e980ea1f28c90ec0c799aaa68b40ce67ee8de6cf1acea29e2a015e70d,0x111a8646f12caec8178b4f0ed83ff242aa3ea18f,BUY,No,103817554879098980143189456527608321905884757182906793330525824422625380941210,0xcaec99debca1fe002f7af5b3ff300edfcf84c7ab7e366b24c12316ba99ed302e,0.997,47,46.859,1728536738,Will a Democrat win South Dakota Presidential Election?
0x7bc7499e5905e5f1dcdea14695df234de97331e00b51430db98460c2366d3ed4,0x08ebfbf3daa297cbcfa0553a6ff1c64768814bb6,BUY,No,103817554879098980143189456527608321905884757182906793330525824422625380941210,0xcaec99debca1fe002f7af5b3ff300edfcf84c7ab7e366b24c12316ba99ed302e,0.997,20,19.94,1728534878,Will a Democrat win South Dakota Presidential Election?
0x7a96fc77aaf3a469a1e193657ff79881565688414ac0a60b1dcf53d1a673bd40,0x6dc8184c6f0de4387a49392d687c94efe0c7d70c,SELL,No,103817554879098980143189456527608321905884757182906793330525824422625380941210,0xcaec99debca1fe002f7af5b3ff300edfcf84c7ab7e366b24c12316ba99ed302e,0.996,8,7.968,1728534026,Will a Democrat win South Dakota Presidential Election?
0xc9d5d10db3b02703cbfa24ff32933ba5644055a8f0ba0f07965bda275d0813f7,0x2aa5e31d360a928d5d56546bbee4825f6cef991f,SELL,No,103817554879098980143189456527608321905884757182906793330525824422625380941210,0xcaec99debca1fe002f7af5b3ff300edfcf84c7ab7e366b24c12316ba99ed302e,0.996,44,43.824,1728533744,Will a Democrat win South Dakota Presidential Election?
0xdcddb02f4501190c38a7f733c513f9a8364bba910fb942ff4194e0caca9481e3,0x6dc8184c6f0de4387a49392d687c94efe0c7d70c,BUY,No,103817554879098980143189456527608321905884757182906793330525824422625380941210,0xcaec99debca1fe002f7af5b3ff300edfcf84c7ab7e366b24c12316ba99ed302e,0.997,8,7.976,1728533094,Will a Democrat win South Dakota Presidential Election?
0x7518fd2b05ee208ee3fcdf5ffdca843395dc97f01e78673d2e91a0f39471fe0e,0xb4666ef78762f271ce331dac3f4592da5557ee6f,SELL,No,103817554879098980143189456527608321905884757182906793330525824422625380941210,0xcaec99debca1fe002f7af5b3ff300edfcf84c7ab7e366b24c12316ba99ed302e,0.996,6,5.976,1728532768,Will a Democrat win South Dakota Presidential Election?
0x3ffbc21e9ae7d4eb32d92855b2f681f68cca25ac9ef57ca57e5929d7bc993819,0x4433cff1d6554d2d1a1b2e391703dbf84a2fcd7b,SELL,No,103817554879098980143189456527608321905884757182906793330525824422625380941210,0xcaec99debca1fe002f7af5b3ff300edfcf84c7ab7e366b24c12316ba99ed302e,0.996,28,27.887999999999998,1728532562,Will a Democrat win South Dakota Presidential Election?
0x346bf41cb47d4c6c72f143f718f5a5d010990eee865ad66f5bb47fe3f4369ee3,0x2aa5e31d360a928d5d56546bbee4825f6cef991f,BUY,No,103817554879098980143189456527608321905884757182906793330525824422625380941210,0xcaec99debca1fe002f7af5b3ff300edfcf84c7ab7e366b24c12316ba99ed302e,0.997,44,43.868,1728532476,Will a Democrat win South Dakota Presidential Election?
0xf492987bf6e22990ed8536066c165053186921e426355e48807234226ffe9c17,0xbd37d758128aacb78cb031dc975330523a7f1c6f,SELL,No,103817554879098980143189456527608321905884757182906793330525824422625380941210,0xcaec99debca1fe002f7af5b3ff300edfcf84c7ab7e366b24c12316ba99ed302e,0.996,49,48.804,1728532312,Will a Democrat win South Dakota Presidential Election?
0x0a402f33e01693e0ef1f7c7c0ad87c4a587072c10758c10192b537d659d49d8d,0xb4666ef78762f271ce331dac3f4592da5557ee6f,BUY,No,103817554879098980143189456527608321905884757182906793330525824422625380941210,0xcaec99debca1fe002f7af5b3ff300edfcf84c7ab7e366b24c12316ba99ed302e,0.997,6,5.982,1728531743,Will a Democrat win South Dakota Presidential Election?
0xb1eca16e2dbe66482ecd6d667c62e5ef7334a135f6050f17001295b2239fb28a,0x4433cff1d6554d2d1a1b2e391703dbf84a2fcd7b,BUY,No,103817554879098980143189456527608321905884757182906793330525824422625380941210,0xcaec99debca1fe002f7af5b3ff300edfcf84c7ab7e366b24c12316ba99ed302e,0.997,28,27.916,1728531129,Will a Democrat win South Dakota Presidential Election?
0x40c374d9ab609a29ff884bf074e3f47a20dbb0291592cef13ac44b8554acdb2f,0xbd37d758128aacb78cb031dc975330523a7f1c6f,BUY,No,103817554879098980143189456527608321905884757182906793330525824422625380941210,0xcaec99debca1fe002f7af5b3ff300edfcf84c7ab7e366b24c12316ba99ed302e,0.997,49,48.853,1728531123,Will a Democrat win South Dakota Presidential Election?
0xffc662229d065a76d8ee7667ca137ea92674ac10171828d69b869ab75ec5db17,0x79e953a7be36d71016769f201cc345b883c7ca1e,SELL,No,103817554879098980143189456527608321905884757182906793330525824422625380941210,0xcaec99debca1fe002f7af5b3ff300edfcf84c7ab7e366b24c12316ba99ed302e,0.996,17,16.932,1728529433,Will a Democrat win South Dakota Presidential Election?
0x3aee3f32f8f1997532b1f5f23a9ef03648ea7127e7b0cb8c42a8d67f2ea3a750,0x79e953a7be36d71016769f201cc345b883c7ca1e,BUY,No,103817554879098980143189456527608321905884757182906793330525824422625380941210,0xcaec99debca1fe002f7af5b3ff300edfcf84c7ab7e366b24c12316ba99ed302e,0.997,17,16.949,1728528757,Will a Democrat win South Dakota Presidential Election?
0xacdf98064835070ade710b3781c74321beaa0bb7b3fa36fdc39d03ea60e78772,0xf6129c47f5ef4cab25f3aa67b5e3aaac77b15700,SELL,Yes,105742278895779392184517567088147476702553818055925607866681628906726505150563,0xcaec99debca1fe002f7af5b3ff300edfcf84c7ab7e366b24c12316ba99ed302e,0.003,700,2.1,1728526849,Will a Democrat win South Dakota Presidential Election?
0x0f72a496294106fdd822569a253e0f9d2cbe73c98ad583b81e8cf5b113982322,0x209b41428b8268c2d9aaef94719dc1ae76ad6974,BUY,No,103817554879098980143189456527608321905884757182906793330525824422625380941210,0xcaec99debca1fe002f7af5b3ff300edfcf84c7ab7e366b24c12316ba99ed302e,0.9969999996,4.573666,4.559945000170534,1728505302,Will a Democrat win South Dakota Presidential Election?
0xa71be1390be9a954b36d00fd7200dbbd508cc8f37e63a9adf35b30de5add1cf4,0x56a5c7005c3c883c9df3e5cb7e95815ff2f295cf,SELL,No,103817554879098980143189456527608321905884757182906793330525824422625380941210,0xcaec99debca1fe002f7af5b3ff300edfcf84c7ab7e366b24c12316ba99ed302e,0.996,4.97,4.95012,1728502292,Will a Democrat win South Dakota Presidential Election?
0x6877cb52aa495e58b386ad45ebe78117c82e74bf4689ac3636efd4572528f542,0x9d8ff4892151464e1f1dec846d68f18e784d2a6b,SELL,No,103817554879098980143189456527608321905884757182906793330525824422625380941210,0xcaec99debca1fe002f7af5b3ff300edfcf84c7ab7e366b24c12316ba99ed302e,0.996,3.88,3.86448,1728501286,Will a Democrat win South Dakota Presidential Election?
0x5a5ca8568fc5774104d4edc39acf428e8e194df29329345934402a7f355b501b,0x56a5c7005c3c883c9df3e5cb7e95815ff2f295cf,BUY,No,103817554879098980143189456527608321905884757182906793330525824422625380941210,0xcaec99debca1fe002f7af5b3ff300edfcf84c7ab7e366b24c12316ba99ed302e,0.9969999996,4.974666,4.9597420000101335,1728500986,Will a Democrat win South Dakota Presidential Election?
0xe9af5e5e3f924f6e13002dc46854a2045f19cb5b94ae709db1e893e19b5dd478,0x33467b93e536366049e823d630a912f5d298cd52,SELL,No,103817554879098980143189456527608321905884757182906793330525824422625380941210,0xcaec99debca1fe002f7af5b3ff300edfcf84c7ab7e366b24c12316ba99ed302e,0.996,0.84,0.8366399999999999,1728500082,Will a Democrat win South Dakota Presidential Election?
0x58f51f0215080b30eb5f99cdbafd211e2491188e1e7bc2afea29231f6aa8ac8d,0x33467b93e536366049e823d630a912f5d298cd52,BUY,No,103817554879098980143189456527608321905884757182906793330525824422625380941210,0xcaec99debca1fe002f7af5b3ff300edfcf84c7ab7e366b24c12316ba99ed302e,0.9969999988,0.842333,0.8398059999892004,1728500022,Will a Democrat win South Dakota Presidential Election?
0x97876d919db24f7f226cdc32e2cd00fda867d361816c44f686a5f7c2a6d64e64,0x9d8ff4892151464e1f1dec846d68f18e784d2a6b,BUY,No,103817554879098980143189456527608321905884757182906793330525824422625380941210,0xcaec99debca1fe002f7af5b3ff300edfcf84c7ab7e366b24c12316ba99ed302e,0.9969999997,3.881333,3.8696889998356,1728500014,Will a Democrat win South Dakota Presidential Election?
0x812ce5a93f7004909151e8282a87a174782b2fa67fe6231cb3e388bb693b7150,0xad91227c877dc6877bd46b27d35c478c1bf3e51f,SELL,No,103817554879098980143189456527608321905884757182906793330525824422625380941210,0xcaec99debca1fe002f7af5b3ff300edfcf84c7ab7e366b24c12316ba99ed302e,0.996,3.31,3.29676,1728498122,Will a Democrat win South Dakota Presidential Election?
0xfb9029e6e03f66c16b3f1c2a17192c2db6791a5f4f41774252fdfaec452ee930,0xad91227c877dc6877bd46b27d35c478c1bf3e51f,BUY,No,103817554879098980143189456527608321905884757182906793330525824422625380941210,0xcaec99debca1fe002f7af5b3ff300edfcf84c7ab7e366b24c12316ba99ed302e,0.9969999994,3.319666,3.3097070000082,1728496936,Will a Democrat win South Dakota Presidential Election?
0x8d745a3b5ba31646dfacaa000c8ed60d6b4bc933651ea3c71b4f5286168742eb,0x7d43e3a47e05df7ff2dffa8454ad77bf562c0d14,SELL,No,103817554879098980143189456527608321905884757182906793330525824422625380941210,0xcaec99debca1fe002f7af5b3ff300edfcf84c7ab7e366b24c12316ba99ed302e,0.996,0.24,0.23904,1728496696,Will a Democrat win South Dakota Presidential Election?
0x2442737882f2742c11fd877255af67732fc9dc7b073565e55148af838ecb65f3,0x7d43e3a47e05df7ff2dffa8454ad77bf562c0d14,BUY,No,103817554879098980143189456527608321905884757182906793330525824422625380941210,0xcaec99debca1fe002f7af5b3ff300edfcf84c7ab7e366b24c12316ba99ed302e,0.9969999917,0.240666,0.23994400000247218,1728496644,Will a Democrat win South Dakota Presidential Election?
0x297e9186fe21e383ba73f35d8ba25aa65e811997ef801af84e4d9dc9a07e9ac1,0x31ffbbc11070092f9b1a2a977fa88b4ad9827608,SELL,No,103817554879098980143189456527608321905884757182906793330525824422625380941210,0xcaec99debca1fe002f7af5b3ff300edfcf84c7ab7e366b24c12316ba99ed302e,0.996,3.57,3.55572,1728491252,Will a Democrat win South Dakota Presidential Election?
0xc2fd7a10d281841b12e15054700e44a3a82fc3a3030bdbadf35aa840ba137d47,0x31ffbbc11070092f9b1a2a977fa88b4ad9827608,BUY,No,103817554879098980143189456527608321905884757182906793330525824422625380941210,0xcaec99debca1fe002f7af5b3ff300edfcf84c7ab7e366b24c12316ba99ed302e,0.9969999994,3.570666,3.5599539998576004,1728490300,Will a Democrat win South Dakota Presidential Election?
0x29d963e2c2eb7c4bff33c64b065a9b86163f8afd99756af71b079d272bfa0794,0x859402be31c7390c2be0a5b2efd0da75e57275b9,SELL,No,103817554879098980143189456527608321905884757182906793330525824422625380941210,0xcaec99debca1fe002f7af5b3ff300edfcf84c7ab7e366b24c12316ba99ed302e,0.996,0.49,0.48804,1728488890,Will a Democrat win South Dakota Presidential Election?
0x2390257ff9408e7a20f658bda9f01cba223d2cfe3162556e00b6967c30cc76e7,0x859402be31c7390c2be0a5b2efd0da75e57275b9,BUY,No,103817554879098980143189456527608321905884757182906793330525824422625380941210,0xcaec99debca1fe002f7af5b3ff300edfcf84c7ab7e366b24c12316ba99ed302e,0.996999998,0.491333,0.48985900001733407,1728488834,Will a Democrat win South Dakota Presidential Election?
0x68388ba5b37576afaa658c2242d77a5d0d29428b668f1919aa9788f0ecff3745,0x4e1d61d1519e1e37a62fd43ebf088313e7d9da24,SELL,No,103817554879098980143189456527608321905884757182906793330525824422625380941210,0xcaec99debca1fe002f7af5b3ff300edfcf84c7ab7e366b24c12316ba99ed302e,0.996,3.29,3.27684,1728485219,Will a Democrat win South Dakota Presidential Election?
0xc249a7c21392a971409eac77a4d9e631f596f46e4ceae4156cc16da765619e3f,0x4e1d61d1519e1e37a62fd43ebf088313e7d9da24,BUY,No,103817554879098980143189456527608321905884757182906793330525824422625380941210,0xcaec99debca1fe002f7af5b3ff300edfcf84c7ab7e366b24c12316ba99ed302e,0.9969999994,3.299666,3.2897670000202006,1728483715,Will a Democrat win South Dakota Presidential Election?
0xc655b53a2bce886bc0b4457a95ca87ea2b2a8b9f31a412af13e01b0186043f95,0xf60db43b2292b8888aa61d98ac469fd1d5d729a3,SELL,No,103817554879098980143189456527608321905884757182906793330525824422625380941210,0xcaec99debca1fe002f7af5b3ff300edfcf84c7ab7e366b24c12316ba99ed302e,0.996,3.35,3.3366000000000002,1728482783,Will a Democrat win South Dakota Presidential Election?
0x2e140eb6dd3d02742f432dfda8603ebe1582cf587df6c6dcf4823cf05c2cfebf,0xf60db43b2292b8888aa61d98ac469fd1d5d729a3,BUY,No,103817554879098980143189456527608321905884757182906793330525824422625380941210,0xcaec99debca1fe002f7af5b3ff300edfcf84c7ab7e366b24c12316ba99ed302e,0.997,3.35,3.33995,1728481773,Will a Democrat win South Dakota Presidential Election?
0xee16c345d36590dadc11b63c050a164588f979ef14d5f224d27bb4cd875c9b9a,0x0c8e6c24afcbb8c43c3b27a4464cb4eddedd577c,SELL,No,103817554879098980143189456527608321905884757182906793330525824422625380941210,0xcaec99debca1fe002f7af5b3ff300edfcf84c7ab7e366b24c12316ba99ed302e,0.996,3.35,3.3366000000000002,1728480277,Will a Democrat win South Dakota Presidential Election?
0xa94053dc7ac6e2f4a3b4b4be2fb887b7bdc8a9055d9ada73542c072006ab7cc2,0x0c8e6c24afcbb8c43c3b27a4464cb4eddedd577c,BUY,No,103817554879098980143189456527608321905884757182906793330525824422625380941210,0xcaec99debca1fe002f7af5b3ff300edfcf84c7ab7e366b24c12316ba99ed302e,0.997,3.35,3.33995,1728479259,Will a Democrat win South Dakota Presidential Election?
0x72d534a1c0d9d862f2a023909dfc30a1e5470a878d39610573d34af6625344c0,0x664ee4ec7f70a74933242cb45cca252b1f6abe12,SELL,No,103817554879098980143189456527608321905884757182906793330525824422625380941210,0xcaec99debca1fe002f7af5b3ff300edfcf84c7ab7e366b24c12316ba99ed302e,0.996,4.72,4.7011199999999995,1728467363,Will a Democrat win South Dakota Presidential Election?
0xa1ecfa5dbd9cc4725c48a02a47657fc40b334acfd9b62e5fa591abc765de2bf3,0x8f95142623148ab4c40c970d0cf34f632b90fef3,SELL,No,103817554879098980143189456527608321905884757182906793330525824422625380941210,0xcaec99debca1fe002f7af5b3ff300edfcf84c7ab7e366b24c12316ba99ed302e,0.996,3.99,3.97404,1728466831,Will a Democrat win South Dakota Presidential Election?
0x8d1bee3d84327da2649c46970f54ffe56a1e3c2e46ff01f5d505577e68511b60,0x664ee4ec7f70a74933242cb45cca252b1f6abe12,BUY,No,103817554879098980143189456527608321905884757182906793330525824422625380941210,0xcaec99debca1fe002f7af5b3ff300edfcf84c7ab7e366b24c12316ba99ed302e,0.997,4.724,4.709828,1728465907,Will a Democrat win South Dakota Presidential Election?
0x746fb88524f7763d692872bb0c698bd9f5ce5859084fb4f4200c7a1d224f24c1,0x8f95142623148ab4c40c970d0cf34f632b90fef3,BUY,No,103817554879098980143189456527608321905884757182906793330525824422625380941210,0xcaec99debca1fe002f7af5b3ff300edfcf84c7ab7e366b24c12316ba99ed302e,0.9969999995,3.991666,3.9796910000041668,1728465665,Will a Democrat win South Dakota Presidential Election?
0x13bfb63d50d59544b9dfcadddd1f371d8e81b0db12c2931c81a56cf99fe3caff,0xd3f4b79c41b42500f336750726cf3080a1294ab5,SELL,No,103817554879098980143189456527608321905884757182906793330525824422625380941210,0xcaec99debca1fe002f7af5b3ff300edfcf84c7ab7e366b24c12316ba99ed302e,0.996,0.64,0.63744,1728463223,Will a Democrat win South Dakota Presidential Election?
0xef94da89a7b31147702b97224be54ea0173522f787ca4a7888703d5dc67640db,0xd3f4b79c41b42500f336750726cf3080a1294ab5,BUY,No,103817554879098980143189456527608321905884757182906793330525824422625380941210,0xcaec99debca1fe002f7af5b3ff300edfcf84c7ab7e366b24c12316ba99ed302e,0.9969999969,0.641666,0.6397410000108353,1728463169,Will a Democrat win South Dakota Presidential Election?
0x8f239ce9d980c75933bc869fddbae7c466567a67afd2a0ecdfd409d7a820f943,0x29e9fc513a0650a77c3ba8b3043797a6c41a3790,SELL,No,103817554879098980143189456527608321905884757182906793330525824422625380941210,0xcaec99debca1fe002f7af5b3ff300edfcf84c7ab7e366b24c12316ba99ed302e,0.996,3.26,3.2469599999999996,1728462147,Will a Democrat win South Dakota Presidential Election?
0x2512bd83165e1741332672157f2f3de312a9d224b8c618771d8409b2efb8733b,0x3a4e1fdc83ed1ad5b9e263bf363d38b78cf5bcf9,SELL,No,103817554879098980143189456527608321905884757182906793330525824422625380941210,0xcaec99debca1fe002f7af5b3ff300edfcf84c7ab7e366b24c12316ba99ed302e,0.996,3.22,3.20712,1728461833,Will a Democrat win South Dakota Presidential Election?
0x2ba6b43a5092c3ac8a7b45ad8b7568d76e2f3d6556287c9bdf21b3f792402b62,0x29e9fc513a0650a77c3ba8b3043797a6c41a3790,BUY,No,103817554879098980143189456527608321905884757182906793330525824422625380941210,0xcaec99debca1fe002f7af5b3ff300edfcf84c7ab7e366b24c12316ba99ed302e,0.9969999994,3.259666,3.2498870000442004,1728461191,Will a Democrat win South Dakota Presidential Election?
0x0eb1928c909cccd1263d03e35c7ad58068f1e8fd2efac1b79cf2ab0d5ed2e337,0x6110d0047d75eaa7c861f47a62c954aa363bd388,SELL,No,103817554879098980143189456527608321905884757182906793330525824422625380941210,0xcaec99debca1fe002f7af5b3ff300edfcf84c7ab7e366b24c12316ba99ed302e,0.996,4.71,4.69116,1728460993,Will a Democrat win South Dakota Presidential Election?
0xf5678b7da204d8f4735cf9952aeb6d428121c0a5839680d0c4732f50772640b0,0x3a4e1fdc83ed1ad5b9e263bf363d38b78cf5bcf9,BUY,No,103817554879098980143189456527608321905884757182906793330525824422625380941210,0xcaec99debca1fe002f7af5b3ff300edfcf84c7ab7e366b24c12316ba99ed302e,0.9969999994,3.229666,3.2199770000622,1728460899,Will a Democrat win South Dakota Presidential Election?
0x1ea3e39d4086238ee225fb6272224ea9249bdc803427f3eda21d9518915136fe,0x6110d0047d75eaa7c861f47a62c954aa363bd388,BUY,No,103817554879098980143189456527608321905884757182906793330525824422625380941210,0xcaec99debca1fe002f7af5b3ff300edfcf84c7ab7e366b24c12316ba99ed302e,0.997,4.714,4.699858000000001,1728459823,Will a Democrat win South Dakota Presidential Election?
0x91fe8a6e9cbfc7d14ea03b750fb72e3d53011fb50ec6009b5282c434fc7f3702,0x5703566509217bf7c62fa8e9884959b8da12ce9b,SELL,No,103817554879098980143189456527608321905884757182906793330525824422625380941210,0xcaec99debca1fe002f7af5b3ff300edfcf84c7ab7e366b24c12316ba99ed302e,0.996,3.97,3.95412,1728457337,Will a Democrat win South Dakota Presidential Election?
0xbdb524c67186ddf78ad06ffba3555a527c7be37924d5afdd03deeffc72ce2319,0x5703566509217bf7c62fa8e9884959b8da12ce9b,BUY,No,103817554879098980143189456527608321905884757182906793330525824422625380941210,0xcaec99debca1fe002f7af5b3ff300edfcf84c7ab7e366b24c12316ba99ed302e,0.9969999995,3.971666,3.9597510000141667,1728456237,Will a Democrat win South Dakota Presidential Election?
0x7c000512c7f3d5b6865a923e366853c3ce29af7fc4a4d7a9f8165a29b90633ea,0x54950e65eee52fa88e9f8c359d8dfcef8d9e2e25,SELL,No,103817554879098980143189456527608321905884757182906793330525824422625380941210,0xcaec99debca1fe002f7af5b3ff300edfcf84c7ab7e366b24c12316ba99ed302e,0.996,3.88,3.86448,1728456001,Will a Democrat win South Dakota Presidential Election?
0x4eddbc5501d2f95db111d8cdc782ddc8a8406971060ee77182308e8c587f2fae,0xe28123be2d10461504e5ffb36ea789d4d793c5f9,SELL,No,103817554879098980143189456527608321905884757182906793330525824422625380941210,0xcaec99debca1fe002f7af5b3ff300edfcf84c7ab7e366b24c12316ba99ed302e,0.996,14.22,14.163120000000001,1728455633,Will a Democrat win South Dakota Presidential Election?
0x3a91b9cd69a39340ff41b213b67e96f6fd82650d933345fba870bd6d94d60e68,0x582d794fc97bbc7fdc6241dd92d8f6d3f1fc20f7,SELL,No,103817554879098980143189456527608321905884757182906793330525824422625380941210,0xcaec99debca1fe002f7af5b3ff300edfcf84c7ab7e366b24c12316ba99ed302e,0.996,3.62,3.6055200000000003,1728455107,Will a Democrat win South Dakota Presidential Election?
0x899bea0884d49d0c37bccb00b4e5630da634ba0172948a6f197254ebbdd24b52,0xe28123be2d10461504e5ffb36ea789d4d793c5f9,BUY,No,103817554879098980143189456527608321905884757182906793330525824422625380941210,0xcaec99debca1fe002f7af5b3ff300edfcf84c7ab7e366b24c12316ba99ed302e,0.9969999999,14.212333,14.169695999578765,1728454985,Will a Democrat win South Dakota Presidential Election?
0xcb47fccce9b52b98d4ff7d449341b0da2e22748fb24ca9287fa8e9c70102fbe3,0x54950e65eee52fa88e9f8c359d8dfcef8d9e2e25,BUY,No,103817554879098980143189456527608321905884757182906793330525824422625380941210,0xcaec99debca1fe002f7af5b3ff300edfcf84c7ab7e366b24c12316ba99ed302e,0.9969999997,3.881333,3.8696889998356,1728454723,Will a Democrat win South Dakota Presidential Election?
0xd6043eb7930555129eb31fdc00763ca7ff134b87013dacddf8525d1e78645764,0xc8f16c707edcfd60745e1a7b5860332a1f636488,SELL,No,103817554879098980143189456527608321905884757182906793330525824422625380941210,0xcaec99debca1fe002f7af5b3ff300edfcf84c7ab7e366b24c12316ba99ed302e,0.996,12.57,12.51972,1728454353,Will a Democrat win South Dakota Presidential Election?
0x84f898decc3eed0bd7f14dfc438272b5cb73d523540f9c26bbab07a0336f950a,0x582d794fc97bbc7fdc6241dd92d8f6d3f1fc20f7,BUY,No,103817554879098980143189456527608321905884757182906793330525824422625380941210,0xcaec99debca1fe002f7af5b3ff300edfcf84c7ab7e366b24c12316ba99ed302e,0.9969999994,3.620666,3.6098039998276,1728454057,Will a Democrat win South Dakota Presidential Election?
0x1dddf025076f338612b067ad32ae124e74121045944a1e7b5201c26ce37a535d,0xc8f16c707edcfd60745e1a7b5860332a1f636488,BUY,No,103817554879098980143189456527608321905884757182906793330525824422625380941210,0xcaec99debca1fe002f7af5b3ff300edfcf84c7ab7e366b24c12316ba99ed302e,0.9969999998,12.567666,12.529962999486466,1728453521,Will a Democrat win South Dakota Presidential Election?
0x6dcae673a561a3ee22ed52ac2ffe7f506a9948e904f20b9fdce3cff07e91907d,0xc45b665e9fa1d9cc69f61cc6c0140e9756b918a0,SELL,No,103817554879098980143189456527608321905884757182906793330525824422625380941210,0xcaec99debca1fe002f7af5b3ff300edfcf84c7ab7e366b24c12316ba99ed302e,0.996,12.67,12.61932,1728446760,Will a Democrat win South Dakota Presidential Election?
0xbbbe55efb5d207964e2fadd8a8e29e101ef0d6c56a016d29022ca0eb31dfd4a5,0xc45b665e9fa1d9cc69f61cc6c0140e9756b918a0,BUY,No,103817554879098980143189456527608321905884757182906793330525824422625380941210,0xcaec99debca1fe002f7af5b3ff300edfcf84c7ab7e366b24c12316ba99ed302e,0.997,12.668,12.629995999999998,1728446340,Will a Democrat win South Dakota Presidential Election?
0x7ecd81f02a6e17c99c68f046e31d2dbc63bd9b8a8012d6ab018f54c997638eb3,0xd960e5b56e7e9a012c021cb11d15150f7eed7087,SELL,No,103817554879098980143189456527608321905884757182906793330525824422625380941210,0xcaec99debca1fe002f7af5b3ff300edfcf84c7ab7e366b24c12316ba99ed302e,0.996,12.21,12.16116,1728444108,Will a Democrat win South Dakota Presidential Election?
0x2d9662e837fed34349559a4488951c9425e374fbbadb10878aa2570b25a6a996,0xd960e5b56e7e9a012c021cb11d15150f7eed7087,BUY,No,103817554879098980143189456527608321905884757182906793330525824422625380941210,0xcaec99debca1fe002f7af5b3ff300edfcf84c7ab7e366b24c12316ba99ed302e,0.9969999999,12.206333,12.169713999779367,1728443750,Will a Democrat win South Dakota Presidential Election?
0xf46820f09e59e2568c8ef5fa80e4d23b3aec405dbb0e1b31d37b11221a754ccd,0x002a8ee4f5e063c62fad5ed7929404ed72a78b7b,SELL,No,103817554879098980143189456527608321905884757182906793330525824422625380941210,0xcaec99debca1fe002f7af5b3ff300edfcf84c7ab7e366b24c12316ba99ed302e,0.996,12.57,12.51972,1728443718,Will a Democrat win South Dakota Presidential Election?
0x5f32b4f0af1a46c4054bb08babce4ad7540e79b8a233cdd378ae0b49506dc7d3,0x002a8ee4f5e063c62fad5ed7929404ed72a78b7b,BUY,No,103817554879098980143189456527608321905884757182906793330525824422625380941210,0xcaec99debca1fe002f7af5b3ff300edfcf84c7ab7e366b24c12316ba99ed302e,0.9969999998,12.567666,12.529962999486466,1728443300,Will a Democrat win South Dakota Presidential Election?
0xde47978beea2caad0e88f77612ca0b157d5831b74e3cc07bc593f4d4eaee7de8,0x6859badf6223aef2bd6f04fc246ac4dfbd1eb345,SELL,No,103817554879098980143189456527608321905884757182906793330525824422625380941210,0xcaec99debca1fe002f7af5b3ff300edfcf84c7ab7e366b24c12316ba99ed302e,0.996,13.16,13.10736,1728442509,Will a Democrat win South Dakota Presidential Election?
0x4dbc00f7bf9022eb273f485843faba5bac61551c041354501c849e4d3d846f4a,0x6859badf6223aef2bd6f04fc246ac4dfbd1eb345,BUY,No,103817554879098980143189456527608321905884757182906793330525824422625380941210,0xcaec99debca1fe002f7af5b3ff300edfcf84c7ab7e366b24c12316ba99ed302e,0.9969999999,13.169333,13.129824999683066,1728441831,Will a Democrat win South Dakota Presidential Election?
0x6b0535a40d3f7add4a5e0891d99ca73a756a07c1e5062494793c4ef438690f8e,0x596f205755427956644d5e736052b1d7286d44da,SELL,No,103817554879098980143189456527608321905884757182906793330525824422625380941210,0xcaec99debca1fe002f7af5b3ff300edfcf84c7ab7e366b24c12316ba99ed302e,0.996,10.16,10.11936,1728439793,Will a Democrat win South Dakota Presidential Election?
0x230b3c0553136288d65717e5b41caa3aaca35dd8fdd920b0b03b528435932669,0x596f205755427956644d5e736052b1d7286d44da,BUY,No,103817554879098980143189456527608321905884757182906793330525824422625380941210,0xcaec99debca1fe002f7af5b3ff300edfcf84c7ab7e366b24c12316ba99ed302e,0.9969999999,10.160333,10.129851999983966,1728439459,Will a Democrat win South Dakota Presidential Election?
0x9d09bb8a15f76a82b30d332446328b9244b81ea8c6f0f430cc8bba98eae252e9,0x49aad6b57063cedb21810b3126817231eda15b8a,SELL,No,103817554879098980143189456527608321905884757182906793330525824422625380941210,0xcaec99debca1fe002f7af5b3ff300edfcf84c7ab7e366b24c12316ba99ed302e,0.995,13.09,13.02455,1728434954,Will a Democrat win South Dakota Presidential Election?
0x882ce10334d41ba0729ab8b705c78347da6aa7f37f96f3ae072b86001d6a227d,0x49aad6b57063cedb21810b3126817231eda15b8a,BUY,No,103817554879098980143189456527608321905884757182906793330525824422625380941210,0xcaec99debca1fe002f7af5b3ff300edfcf84c7ab7e366b24c12316ba99ed302e,0.996,13.09225,13.039881,1728434512,Will a Democrat win South Dakota Presidential Election?
0xb62c862667d0d4e4c3b70711d3da1d97c742986dfa85f54d09d1a214fb7f7306,0x4f11ba9e8b46a9387587ffbeccb6136a9b6a7061,SELL,No,103817554879098980143189456527608321905884757182906793330525824422625380941210,0xcaec99debca1fe002f7af5b3ff300edfcf84c7ab7e366b24c12316ba99ed302e,0.995,11.07,11.01465,1728434102,Will a Democrat win South Dakota Presidential Election?
0x10a7dd73d6aa8897e6a1b11e4200eaebebd7c144047af3a946b2e1994817bd7c,0x4f11ba9e8b46a9387587ffbeccb6136a9b6a7061,BUY,No,103817554879098980143189456527608321905884757182906793330525824422625380941210,0xcaec99debca1fe002f7af5b3ff300edfcf84c7ab7e366b24c12316ba99ed302e,0.996,11.06425,11.019993,1728433404,Will a Democrat win South Dakota Presidential Election?
0x631bd9e43fc1f3d37287c7958deb5909e7b31ee0aba9fc633b62d85ee01a7175,0x6e5c528141efdcfba977de4cb2d39a6cadb0d95a,SELL,No,103817554879098980143189456527608321905884757182906793330525824422625380941210,0xcaec99debca1fe002f7af5b3ff300edfcf84c7ab7e366b24c12316ba99ed302e,0.995,11.02,10.9649,1728433338,Will a Democrat win South Dakota Presidential Election?
0x2cc0588727df36d9dfb07cab021fdee08959e9df5baee75b4104335bf53faf6f,0x6e5c528141efdcfba977de4cb2d39a6cadb0d95a,BUY,No,103817554879098980143189456527608321905884757182906793330525824422625380941210,0xcaec99debca1fe002f7af5b3ff300edfcf84c7ab7e366b24c12316ba99ed302e,0.996,11.024,10.979904,1728433062,Will a Democrat win South Dakota Presidential Election?
0xb1b5db6df1a3194f54031b5aacefbec244967bec0939fa81a91cd4d0f3176829,0x262b6a3206188c061bfa8d2cdbc9a5488c2cee4a,SELL,No,103817554879098980143189456527608321905884757182906793330525824422625380941210,0xcaec99debca1fe002f7af5b3ff300edfcf84c7ab7e366b24c12316ba99ed302e,0.995,13.99,13.92005,1728431294,Will a Democrat win South Dakota Presidential Election?
0x706e2ba279629aecd2816447296406175cd1ed620249aacb12b467ac50d1e2d5,0x262b6a3206188c061bfa8d2cdbc9a5488c2cee4a,BUY,No,103817554879098980143189456527608321905884757182906793330525824422625380941210,0xcaec99debca1fe002f7af5b3ff300edfcf84c7ab7e366b24c12316ba99ed302e,0.996,13.98575,13.929807,1728431032,Will a Democrat win South Dakota Presidential Election?
0x9f650726addec2a647f497f357643dc60b3b391ffbd038faa99e865c15ed4345,0xa7642cd5ffa3298efdc16e8bfdae23110c730986,SELL,No,103817554879098980143189456527608321905884757182906793330525824422625380941210,0xcaec99debca1fe002f7af5b3ff300edfcf84c7ab7e366b24c12316ba99ed302e,0.995,4.74,4.7163,1728429643,Will a Democrat win South Dakota Presidential Election?
0x3806a875905421552013025e7ccd2b0b173e4112fb2305e01ca06747dd830607,0xa7642cd5ffa3298efdc16e8bfdae23110c730986,BUY,No,103817554879098980143189456527608321905884757182906793330525824422625380941210,0xcaec99debca1fe002f7af5b3ff300edfcf84c7ab7e366b24c12316ba99ed302e,0.996,4.74875,4.729755,1728428609,Will a Democrat win South Dakota Presidential Election?
0xa70b0cc6e2b9d2213c5cf4fd9b3bf796b02e80c963129aca725af772648c28de,0xe22f498f491d9734935337934dacf848f235b46a,SELL,No,103817554879098980143189456527608321905884757182906793330525824422625380941210,0xcaec99debca1fe002f7af5b3ff300edfcf84c7ab7e366b24c12316ba99ed302e,0.995,3.13,3.11435,1728427662,Will a Democrat win South Dakota Presidential Election?
0x9ac49d98576753c9eecce83812556a11216ce5341b12baa352f01322c2c25df9,0xe22f498f491d9734935337934dacf848f235b46a,BUY,No,103817554879098980143189456527608321905884757182906793330525824422625380941210,0xcaec99debca1fe002f7af5b3ff300edfcf84c7ab7e366b24c12316ba99ed302e,0.996,3.1325,3.11997,1728426490,Will a Democrat win South Dakota Presidential Election?
0xbfb76b25d6bc5b42e2378c1352b2056c6dd4b8f6cac5da1e158b45249016aa1b,0x188d24d09b00a040040062f64161ad68e59384ff,SELL,No,103817554879098980143189456527608321905884757182906793330525824422625380941210,0xcaec99debca1fe002f7af5b3ff300edfcf84c7ab7e366b24c12316ba99ed302e,0.995,4.06,4.0397,1728425350,Will a Democrat win South Dakota Presidential Election?
0x691f11f605a248420978b4e52ddd65cbc4f14a661923f38836f8693e71a5525a,0x46ca831ac8633817aa2eebf8de7843b3ae549e89,SELL,No,103817554879098980143189456527608321905884757182906793330525824422625380941210,0xcaec99debca1fe002f7af5b3ff300edfcf84c7ab7e366b24c12316ba99ed302e,0.995,13.51,13.44245,1728425190,Will a Democrat win South Dakota Presidential Election?
0x2ef2cbdfbc26f5fb7b445c2d01f0e272d300745156615f966fb60c8f468949a9,0x46ca831ac8633817aa2eebf8de7843b3ae549e89,BUY,No,103817554879098980143189456527608321905884757182906793330525824422625380941210,0xcaec99debca1fe002f7af5b3ff300edfcf84c7ab7e366b24c12316ba99ed302e,0.996,13.514,13.459944,1728424932,Will a Democrat win South Dakota Presidential Election?
0xe7b4beadde4690fe30a040e21ea9e78edd40fbb8c0a2b7f80687829f1a136328,0x31ffbbc11070092f9b1a2a977fa88b4ad9827608,SELL,No,103817554879098980143189456527608321905884757182906793330525824422625380941210,0xcaec99debca1fe002f7af5b3ff300edfcf84c7ab7e366b24c12316ba99ed302e,0.995,4.76,4.7362,1728424718,Will a Democrat win South Dakota Presidential Election?
0xe6edf2e7fcd84375ef09921d10b9757aec92d7e9e263a53663ce64692f4f71d7,0x188d24d09b00a040040062f64161ad68e59384ff,BUY,No,103817554879098980143189456527608321905884757182906793330525824422625380941210,0xcaec99debca1fe002f7af5b3ff300edfcf84c7ab7e366b24c12316ba99ed302e,0.996,4.06625,4.049985,1728423826,Will a Democrat win South Dakota Presidential Election?
0x74888aff83d41fc2e41c79de333a1f70d3df5de55753888a0dc6fce4b10ee328,0x31ffbbc11070092f9b1a2a977fa88b4ad9827608,BUY,No,103817554879098980143189456527608321905884757182906793330525824422625380941210,0xcaec99debca1fe002f7af5b3ff300edfcf84c7ab7e366b24c12316ba99ed302e,0.996,4.769,4.749924,1728423508,Will a Democrat win South Dakota Presidential Election?
0xc512a6101d991d5a6ee6c84bda21c5a493b6b04d79090103534f2c1138d67197,0x0c8e6c24afcbb8c43c3b27a4464cb4eddedd577c,SELL,No,103817554879098980143189456527608321905884757182906793330525824422625380941210,0xcaec99debca1fe002f7af5b3ff300edfcf84c7ab7e366b24c12316ba99ed302e,0.995,4.98,4.955100000000001,1728423330,Will a Democrat win South Dakota Presidential Election?
0x0e06577098ebc9b47465a1e69e881b221a958d945424b921595dff160872f1ac,0x94e5185c7a2dd249e4e74d7abf6abcf7905ff46c,SELL,No,103817554879098980143189456527608321905884757182906793330525824422625380941210,0xcaec99debca1fe002f7af5b3ff300edfcf84c7ab7e366b24c12316ba99ed302e,0.995,7.74,7.7013,1728422488,Will a Democrat win South Dakota Presidential Election?
0xd279a4a60afd8e822107c9dd24141e405fa720b5c84778cab3dcfa4d50267c62,0x29e9fc513a0650a77c3ba8b3043797a6c41a3790,SELL,No,103817554879098980143189456527608321905884757182906793330525824422625380941210,0xcaec99debca1fe002f7af5b3ff300edfcf84c7ab7e366b24c12316ba99ed302e,0.995,4.49,4.46755,1728422200,Will a Democrat win South Dakota Presidential Election?
0x3ca62427e1bc8c24099ce74a93648088c08733506a40de33f367783e28379ecf,0x0c8e6c24afcbb8c43c3b27a4464cb4eddedd577c,BUY,No,103817554879098980143189456527608321905884757182906793330525824422625380941210,0xcaec99debca1fe002f7af5b3ff300edfcf84c7ab7e366b24c12316ba99ed302e,0.996,4.98975,4.969791,1728422098,Will a Democrat win South Dakota Presidential Election?
0xfce1dd183aab58e491643215b739017e6ba541d94b281adf666fe80794ada637,0x94e5185c7a2dd249e4e74d7abf6abcf7905ff46c,BUY,No,103817554879098980143189456527608321905884757182906793330525824422625380941210,0xcaec99debca1fe002f7af5b3ff300edfcf84c7ab7e366b24c12316ba99ed302e,0.996,7.74075,7.709787,1728422060,Will a Democrat win South Dakota Presidential Election?
0x378aaaca627ca9b302a6ccf658482bcb01179b3e1290347c96ead79ed3af4a1a,0x29e9fc513a0650a77c3ba8b3043797a6c41a3790,BUY,No,103817554879098980143189456527608321905884757182906793330525824422625380941210,0xcaec99debca1fe002f7af5b3ff300edfcf84c7ab7e366b24c12316ba99ed302e,0.996,4.48775,4.469799,1728420954,Will a Democrat win South Dakota Presidential Election?
0xd33a1d32eaa7df0881b9746e02efc427295d238bf45443d780de2ffa680d0206,0x87277b130faf8c03fd0deba7a175a9aa737f2cac,SELL,No,103817554879098980143189456527608321905884757182906793330525824422625380941210,0xcaec99debca1fe002f7af5b3ff300edfcf84c7ab7e366b24c12316ba99ed302e,0.995,3.15,3.1342499999999998,1728418052,Will a Democrat win South Dakota Presidential Election?
0xe95be407412b96b041abbe9e2c02aab1c13c70c5a2841bdc21145311400702fa,0x87277b130faf8c03fd0deba7a175a9aa737f2cac,BUY,No,103817554879098980143189456527608321905884757182906793330525824422625380941210,0xcaec99debca1fe002f7af5b3ff300edfcf84c7ab7e366b24c12316ba99ed302e,0.996,3.1525,3.13989,1728416976,Will a Democrat win South Dakota Presidential Election?
0x929f2cb689c079c972b50ce69dcf64be705aaab707015aac9fda9e9fa29a5f04,0x5703566509217bf7c62fa8e9884959b8da12ce9b,SELL,No,103817554879098980143189456527608321905884757182906793330525824422625380941210,0xcaec99debca1fe002f7af5b3ff300edfcf84c7ab7e366b24c12316ba99ed302e,0.995,4.02,3.9998999999999993,1728415292,Will a Democrat win South Dakota Presidential Election?
0x0c5e9721c3732561eb160b3978a106b7286960184a22ea589a7f6533b537bcb7,0x5703566509217bf7c62fa8e9884959b8da12ce9b,BUY,No,103817554879098980143189456527608321905884757182906793330525824422625380941210,0xcaec99debca1fe002f7af5b3ff300edfcf84c7ab7e366b24c12316ba99ed302e,0.996,4.026,4.0098959999999995,1728414128,Will a Democrat win South Dakota Presidential Election?
0x13b0977a3832980aad81011acf6cd43bf2dbe9c8e1354d938301de54f32b4af7,0x87c6f8dc5fadf919a731355aa252cf04f58819bb,SELL,No,103817554879098980143189456527608321905884757182906793330525824422625380941210,0xcaec99debca1fe002f7af5b3ff300edfcf84c7ab7e366b24c12316ba99ed302e,0.995,14.69,14.61655,1728411392,Will a Democrat win South Dakota Presidential Election?
0x66082e6d514132e37db08dd79f90a73caaa48207d8088a33ad1ea1177363ec9b,0x0f9f969b6787fca1bedd39a5e2acc7b8e0159939,SELL,No,103817554879098980143189456527608321905884757182906793330525824422625380941210,0xcaec99debca1fe002f7af5b3ff300edfcf84c7ab7e366b24c12316ba99ed302e,0.995,10.41,10.35795,1728410928,Will a Democrat win South Dakota Presidential Election?
0x5d9b6d06dead44d182b2cfa0740125eb312d5e7345eb87fd3f52ae4e6551bda8,0x87c6f8dc5fadf919a731355aa252cf04f58819bb,BUY,No,103817554879098980143189456527608321905884757182906793330525824422625380941210,0xcaec99debca1fe002f7af5b3ff300edfcf84c7ab7e366b24c12316ba99ed302e,0.996,14.68875,14.629995000000001,1728410754,Will a Democrat win South Dakota Presidential Election?
0xdaed7cdec9e99187c7520807aeef555557012c64d9cd26c006c44df474b52564,0x0f9f969b6787fca1bedd39a5e2acc7b8e0159939,BUY,No,103817554879098980143189456527608321905884757182906793330525824422625380941210,0xcaec99debca1fe002f7af5b3ff300edfcf84c7ab7e366b24c12316ba99ed302e,0.996,10.4115,10.369854,1728410502,Will a Democrat win South Dakota Presidential Election?
0xdb6d06eab094e4e2f84b419d1edb0fa7013be1befb0a7327626b71bf4b8b362a,0x6830d1347c1a7065f4de7ca2a10d1271a6415651,SELL,No,103817554879098980143189456527608321905884757182906793330525824422625380941210,0xcaec99debca1fe002f7af5b3ff300edfcf84c7ab7e366b24c12316ba99ed302e,0.995,13.26,13.1937,1728406931,Will a Democrat win South Dakota Presidential Election?
0xccf3c5533d608f56faa933bc56cf001524014bfff61e89b5b9dd67059b6858dd,0x6830d1347c1a7065f4de7ca2a10d1271a6415651,BUY,No,103817554879098980143189456527608321905884757182906793330525824422625380941210,0xcaec99debca1fe002f7af5b3ff300edfcf84c7ab7e366b24c12316ba99ed302e,0.996,13.263,13.209948,1728406119,Will a Democrat win South Dakota Presidential Election?
0x15addcd4402a711dd61908d0cf5dd4c0b3fe29ed258a0c1c41fee3af304448b9,0x2f8f8ae701ef87a149a30f2107d4fab4aee33a09,SELL,No,103817554879098980143189456527608321905884757182906793330525824422625380941210,0xcaec99debca1fe002f7af5b3ff300edfcf84c7ab7e366b24c12316ba99ed302e,0.995,10.87,10.81565,1728404041,Will a Democrat win South Dakota Presidential Election?
0x5bef475560b3cfe31e6558cd315b314034a41fb34688dfe9e6e183ecf3309b79,0x2f8f8ae701ef87a149a30f2107d4fab4aee33a09,BUY,No,103817554879098980143189456527608321905884757182906793330525824422625380941210,0xcaec99debca1fe002f7af5b3ff300edfcf84c7ab7e366b24c12316ba99ed302e,0.996,10.87325,10.829757,1728403740,Will a Democrat win South Dakota Presidential Election?
0x16542dc0afb75c0bfb616f3f54960e547d96216ecbaf3509bfe7308d83b70b01,0x2012e6c4257817b2e82a866e20993616d334e55b,SELL,No,103817554879098980143189456527608321905884757182906793330525824422625380941210,0xcaec99debca1fe002f7af5b3ff300edfcf84c7ab7e366b24c12316ba99ed302e,0.995,13.59,13.52205,1728397860,Will a Democrat win South Dakota Presidential Election?
0x09931520d1c3940936251868af16dd9342874c9a57cef141faf23bdd2df55bff,0x2012e6c4257817b2e82a866e20993616d334e55b,BUY,No,103817554879098980143189456527608321905884757182906793330525824422625380941210,0xcaec99debca1fe002f7af5b3ff300edfcf84c7ab7e366b24c12316ba99ed302e,0.996,13.59425,13.539873,1728397576,Will a Democrat win South Dakota Presidential Election?
0x84e72e2132a9c7e147a9b5778a24b9a60d0da582517837dd6618ab2dd2ffac4a,0x5366474f3a4ca57d0340102456eea405dd1f86e9,SELL,No,103817554879098980143189456527608321905884757182906793330525824422625380941210,0xcaec99debca1fe002f7af5b3ff300edfcf84c7ab7e366b24c12316ba99ed302e,0.995,6.85,6.8157499999999995,1728394586,Will a Democrat win South Dakota Presidential Election?
0x8502d1a9a8715515474e89c368b65d942481111318094ca9d87dbd2f8762272f,0x5366474f3a4ca57d0340102456eea405dd1f86e9,BUY,No,103817554879098980143189456527608321905884757182906793330525824422625380941210,0xcaec99debca1fe002f7af5b3ff300edfcf84c7ab7e366b24c12316ba99ed302e,0.996,6.85725,6.829821,1728394318,Will a Democrat win South Dakota Presidential Election?
0xfbcc5c299c0b57b90a29c0b0497f639210270017e3f7452fa933429d9a4b2d20,0x570f247f485bd2a9ddb79caf4dad79e3e1507ac8,SELL,No,103817554879098980143189456527608321905884757182906793330525824422625380941210,0xcaec99debca1fe002f7af5b3ff300edfcf84c7ab7e366b24c12316ba99ed302e,0.995,0.89,0.8855500000000001,1728386631,Will a Democrat win South Dakota Presidential Election?
0x9c2227bf5b05aae51653429ccc71c3e7bdb65ff385cc6118e1be1c307d2d23e0,0x570f247f485bd2a9ddb79caf4dad79e3e1507ac8,BUY,No,103817554879098980143189456527608321905884757182906793330525824422625380941210,0xcaec99debca1fe002f7af5b3ff300edfcf84c7ab7e366b24c12316ba99ed302e,0.996,0.8935,0.889926,1728386573,Will a Democrat win South Dakota Presidential Election?
0x11cb1f62354a035116809e20c98c7fd40a393a63763de089bdd1d0a8b18c3b7a,0x0f9f969b6787fca1bedd39a5e2acc7b8e0159939,SELL,No,103817554879098980143189456527608321905884757182906793330525824422625380941210,0xcaec99debca1fe002f7af5b3ff300edfcf84c7ab7e366b24c12316ba99ed302e,0.995,11.27,11.21365,1728365264,Will a Democrat win South Dakota Presidential Election?
0x65fe1df0176a60e05a3aa491b472e66d0fc254ccb79320fa479ddf7ac8013505,0x0f9f969b6787fca1bedd39a5e2acc7b8e0159939,BUY,No,103817554879098980143189456527608321905884757182906793330525824422625380941210,0xcaec99debca1fe002f7af5b3ff300edfcf84c7ab7e366b24c12316ba99ed302e,0.996,11.275,11.2299,1728364622,Will a Democrat win South Dakota Presidential Election?
0xfe3a548d949387d8bac802616349b6bd5128f79be29ba3e554c7fd7811391048,0xbb0f3a1fbdd4a993b8dedffc0a7eda9acbe506c4,SELL,No,103817554879098980143189456527608321905884757182906793330525824422625380941210,0xcaec99debca1fe002f7af5b3ff300edfcf84c7ab7e366b24c12316ba99ed302e,0.995,12.88,12.8156,1728363128,Will a Democrat win South Dakota Presidential Election?
0x24a97848dcf61905fe8b4f6e32c3f875ed81bdff445b0f0a497a944201279537,0xbb0f3a1fbdd4a993b8dedffc0a7eda9acbe506c4,BUY,No,103817554879098980143189456527608321905884757182906793330525824422625380941210,0xcaec99debca1fe002f7af5b3ff300edfcf84c7ab7e366b24c12316ba99ed302e,0.996,12.8815,12.829974,1728362406,Will a Democrat win South Dakota Presidential Election?
0x9a6ceb0d17c23262b4bd85bd4745892143b66dd0e504a46f4cfe8e348f782bfb,0xa8b7f8b34185e9cc62c471e1d353595148a3ee3c,BUY,Yes,105742278895779392184517567088147476702553818055925607866681628906726505150563,0xcaec99debca1fe002f7af5b3ff300edfcf84c7ab7e366b24c12316ba99ed302e,0.005,3833,19.165,1728359022,Will a Democrat win South Dakota Presidential Election?
0x51cf77d764992eb1dac81d8e9f68d12ce6d1108a5dcac48b0419104816d480c2,0xce54dc9910e64dda117bfc59da2562383657ae8d,SELL,No,103817554879098980143189456527608321905884757182906793330525824422625380941210,0xcaec99debca1fe002f7af5b3ff300edfcf84c7ab7e366b24c12316ba99ed302e,0.995,14,13.93,1728358806,Will a Democrat win South Dakota Presidential Election?
0xd1a37c4994deb19b5115badda931b280935baf3ceb22b840d610552dc507cbd5,0xce54dc9910e64dda117bfc59da2562383657ae8d,BUY,No,103817554879098980143189456527608321905884757182906793330525824422625380941210,0xcaec99debca1fe002f7af5b3ff300edfcf84c7ab7e366b24c12316ba99ed302e,0.997,14.002,13.959994,1728358382,Will a Democrat win South Dakota Presidential Election?
0x998dc26e1bac3b4e7e6ac65ae074a629ec3660684239ae8b8d5541d66e41d78b,0x87c6f8dc5fadf919a731355aa252cf04f58819bb,SELL,No,103817554879098980143189456527608321905884757182906793330525824422625380941210,0xcaec99debca1fe002f7af5b3ff300edfcf84c7ab7e366b24c12316ba99ed302e,0.995,15.68,15.6016,1728355172,Will a Democrat win South Dakota Presidential Election?
0xaa7e16225fec5d21436899586a5e1f60870e1489d5798970b16431ad2adf0566,0x87c6f8dc5fadf919a731355aa252cf04f58819bb,BUY,No,103817554879098980143189456527608321905884757182906793330525824422625380941210,0xcaec99debca1fe002f7af5b3ff300edfcf84c7ab7e366b24c12316ba99ed302e,0.997,15.687,15.639939,1728354750,Will a Democrat win South Dakota Presidential Election?
0x4f345459972028f65e90c41a96f307457cc83a9c7ebec9339dd89a8f8d08dfbc,0x6830d1347c1a7065f4de7ca2a10d1271a6415651,SELL,No,103817554879098980143189456527608321905884757182906793330525824422625380941210,0xcaec99debca1fe002f7af5b3ff300edfcf84c7ab7e366b24c12316ba99ed302e,0.995,13.31,13.243450000000001,1728352356,Will a Democrat win South Dakota Presidential Election?
0x87c318e0b7462bb9a3af56335feef7596db11c7baafe2f88614bc83fe9ba9b45,0x7789806c754eb0af4c3abeb026c218b4ba78f823,SELL,Yes,105742278895779392184517567088147476702553818055925607866681628906726505150563,0xcaec99debca1fe002f7af5b3ff300edfcf84c7ab7e366b24c12316ba99ed302e,0.003,1409.92,4.229760000000001,1728352224,Will a Democrat win South Dakota Presidential Election?
0x742981d16d0165af97d6c0d600771cd41b03925e58945e6f52d96e110c0beba6,0x6830d1347c1a7065f4de7ca2a10d1271a6415651,BUY,No,103817554879098980143189456527608321905884757182906793330525824422625380941210,0xcaec99debca1fe002f7af5b3ff300edfcf84c7ab7e366b24c12316ba99ed302e,0.996,13.31325,13.259997,1728352148,Will a Democrat win South Dakota Presidential Election?
0x81bd3bfdf0e20d0582af4177a6536e95a5b74b446c9335aaff55081787675c48,0xad77c218e5e0e3034527630070fac068f2fc2c47,SELL,No,103817554879098980143189456527608321905884757182906793330525824422625380941210,0xcaec99debca1fe002f7af5b3ff300edfcf84c7ab7e366b24c12316ba99ed302e,0.995,0.05,0.04975,1728348256,Will a Democrat win South Dakota Presidential Election?
0xca42fd306abae3f3b66a1a5eb1b9943af036bdcc69fae371cd7ebc89c282f0b9,0xad77c218e5e0e3034527630070fac068f2fc2c47,BUY,No,103817554879098980143189456527608321905884757182906793330525824422625380941210,0xcaec99debca1fe002f7af5b3ff300edfcf84c7ab7e366b24c12316ba99ed302e,0.996,0.05,0.049800000000000004,1728348046,Will a Democrat win South Dakota Presidential Election?
0xb945911114540871ee4586f1437d1f2e109fcd57be4f6b69cb3dfe1e358f71ca,0x20787ab1054ecc6a8574f1a09cd39b3f1c877011,SELL,No,103817554879098980143189456527608321905884757182906793330525824422625380941210,0xcaec99debca1fe002f7af5b3ff300edfcf84c7ab7e366b24c12316ba99ed302e,0.994,16.43,16.33142,1728345846,Will a Democrat win South Dakota Presidential Election?
0xd4a3b6d918efa298304f2caee376ed86c8632e452100176cd8538d9d78776efe,0x20787ab1054ecc6a8574f1a09cd39b3f1c877011,BUY,No,103817554879098980143189456527608321905884757182906793330525824422625380941210,0xcaec99debca1fe002f7af5b3ff300edfcf84c7ab7e366b24c12316ba99ed302e,0.996,16.4355,16.369758,1728345422,Will a Democrat win South Dakota Presidential Election?
0x86cb641185d6ae6fd4b3c08c84f8a52b1f3c1dfd085a656f75eee494b380c757,0x2f8f8ae701ef87a149a30f2107d4fab4aee33a09,SELL,No,103817554879098980143189456527608321905884757182906793330525824422625380941210,0xcaec99debca1fe002f7af5b3ff300edfcf84c7ab7e366b24c12316ba99ed302e,0.994,11.45,11.3813,1728343790,Will a Democrat win South Dakota Presidential Election?
0x284da654d8a1cbeb6e9102f6a612a89a9157127f8539151a86f5be2414be596a,0x2f8f8ae701ef87a149a30f2107d4fab4aee33a09,BUY,No,103817554879098980143189456527608321905884757182906793330525824422625380941210,0xcaec99debca1fe002f7af5b3ff300edfcf84c7ab7e366b24c12316ba99ed302e,0.996,11.45575,11.409927,1728342934,Will a Democrat win South Dakota Presidential Election?
0x366748481486a1abd8822ec17b75e60a410d26adf6424295f8006a37afe2086f,0x2012e6c4257817b2e82a866e20993616d334e55b,SELL,No,103817554879098980143189456527608321905884757182906793330525824422625380941210,0xcaec99debca1fe002f7af5b3ff300edfcf84c7ab7e366b24c12316ba99ed302e,0.994,15.27,15.178379999999999,1728342644,Will a Democrat win South Dakota Presidential Election?
0xe20164641b4d98f6e1339ae2b9dc59c4af7a056f2df4b19e70256d27a7340ee0,0x2012e6c4257817b2e82a866e20993616d334e55b,BUY,No,103817554879098980143189456527608321905884757182906793330525824422625380941210,0xcaec99debca1fe002f7af5b3ff300edfcf84c7ab7e366b24c12316ba99ed302e,0.996,15.271,15.209916000000002,1728342240,Will a Democrat win South Dakota Presidential Election?
0xad61adf2a1100491c23fb61c78175a543f346a2bf50bf58a8dcb58a23f471105,0x29e9fc513a0650a77c3ba8b3043797a6c41a3790,SELL,No,103817554879098980143189456527608321905884757182906793330525824422625380941210,0xcaec99debca1fe002f7af5b3ff300edfcf84c7ab7e366b24c12316ba99ed302e,0.994,3.03,3.0118199999999997,1728329708,Will a Democrat win South Dakota Presidential Election?
0xcc08446b96e83681e193ad0ead4d385bc0fa8e01940b9fb99877f0444557a873,0x29e9fc513a0650a77c3ba8b3043797a6c41a3790,BUY,No,103817554879098980143189456527608321905884757182906793330525824422625380941210,0xcaec99debca1fe002f7af5b3ff300edfcf84c7ab7e366b24c12316ba99ed302e,0.995,3.035,3.019825,1728329618,Will a Democrat win South Dakota Presidential Election?
0x44afd4260d85c25f29b26a5e2f02647b97a7054657b079cb1f84bfaac09b07dd,0x54950e65eee52fa88e9f8c359d8dfcef8d9e2e25,SELL,No,103817554879098980143189456527608321905884757182906793330525824422625380941210,0xcaec99debca1fe002f7af5b3ff300edfcf84c7ab7e366b24c12316ba99ed302e,0.994,4.46,4.43324,1728310255,Will a Democrat win South Dakota Presidential Election?
0x5ae75595d39645e0482eb4ea073e40807233fc384ca1df3c15d2d51187626902,0x54950e65eee52fa88e9f8c359d8dfcef8d9e2e25,BUY,No,103817554879098980143189456527608321905884757182906793330525824422625380941210,0xcaec99debca1fe002f7af5b3ff300edfcf84c7ab7e366b24c12316ba99ed302e,0.995,4.4622,4.439889,1728309219,Will a Democrat win South Dakota Presidential Election?
0x8c94b94a3944e61795016972c8615f9df5e15d5bd9121a76d61f92b7c9f64864,0xa15e9c2c413df9f01697379c773c83bb55b0199d,SELL,No,103817554879098980143189456527608321905884757182906793330525824422625380941210,0xcaec99debca1fe002f7af5b3ff300edfcf84c7ab7e366b24c12316ba99ed302e,0.994,0.69,0.6858599999999999,1728264225,Will a Democrat win South Dakota Presidential Election?
0xef3a4de59326567e4afe6e057b0bbb4e136480717eb36347c3c8f2fea1b73334,0xa15e9c2c413df9f01697379c773c83bb55b0199d,BUY,No,103817554879098980143189456527608321905884757182906793330525824422625380941210,0xcaec99debca1fe002f7af5b3ff300edfcf84c7ab7e366b24c12316ba99ed302e,0.995,0.1708,0.169946,1728264145,Will a Democrat win South Dakota Presidential Election?
0xe83e6c42deb34e98e264f8c3000badb4501956159ee448486d7599c5916b1e24,0xa15e9c2c413df9f01697379c773c83bb55b0199d,BUY,No,103817554879098980143189456527608321905884757182906793330525824422625380941210,0xcaec99debca1fe002f7af5b3ff300edfcf84c7ab7e366b24c12316ba99ed302e,0.995,0.5226,0.519987,1728264073,Will a Democrat win South Dakota Presidential Election?
0xccd891e84a1653026a67cd1f0b829b5535526f9d61e5afc053f738f099636692,0xe27afabb990f8431199ee97d82bf81df2e96df6f,SELL,No,103817554879098980143189456527608321905884757182906793330525824422625380941210,0xcaec99debca1fe002f7af5b3ff300edfcf84c7ab7e366b24c12316ba99ed302e,0.994,13.16,13.08104,1728240388,Will a Democrat win South Dakota Presidential Election?
0xca92ed8c9cba2feb5d0f6d6d5bf519174e77d4c26411be406de6951f08953dda,0xe27afabb990f8431199ee97d82bf81df2e96df6f,BUY,No,103817554879098980143189456527608321905884757182906793330525824422625380941210,0xcaec99debca1fe002f7af5b3ff300edfcf84c7ab7e366b24c12316ba99ed302e,0.995,13.1658,13.099971,1728239958,Will a Democrat win South Dakota Presidential Election?
0xb7cc32e2e0c0aafd9e1632065b137b069f895a63d9508f62bd4d5fca8d24c76a,0xec9f8fab62c6d9e85837fe6280e03d3bff4bb460,SELL,No,103817554879098980143189456527608321905884757182906793330525824422625380941210,0xcaec99debca1fe002f7af5b3ff300edfcf84c7ab7e366b24c12316ba99ed302e,0.994,13.24,13.16056,1728229255,Will a Democrat win South Dakota Presidential Election?
0xfde2ec126ddb0dd897667c08a9303fd8e6b903c437d9201dcc2e3287b7c36cc7,0xec9f8fab62c6d9e85837fe6280e03d3bff4bb460,BUY,No,103817554879098980143189456527608321905884757182906793330525824422625380941210,0xcaec99debca1fe002f7af5b3ff300edfcf84c7ab7e366b24c12316ba99ed302e,0.995,13.2462,13.179969,1728228598,Will a Democrat win South Dakota Presidential Election?
0x58f8add8c7588c7649b95bd34549faeb61cda75fd01c8c57db72566b0070305b,0x0a0cfa54bd6814a9a2d7fd9b34d68ea9578ccdc0,SELL,No,103817554879098980143189456527608321905884757182906793330525824422625380941210,0xcaec99debca1fe002f7af5b3ff300edfcf84c7ab7e366b24c12316ba99ed302e,0.994,3.32,3.30008,1728205614,Will a Democrat win South Dakota Presidential Election?
0xcc703feb44d472eaa3af808c87f1cdb248ea18f2cc56adc55797044e8fc28cf5,0x0a0cfa54bd6814a9a2d7fd9b34d68ea9578ccdc0,BUY,No,103817554879098980143189456527608321905884757182906793330525824422625380941210,0xcaec99debca1fe002f7af5b3ff300edfcf84c7ab7e366b24c12316ba99ed302e,0.995,3.3266,3.309967,1728205564,Will a Democrat win South Dakota Presidential Election?
0xb201b355be5a0c2870412135d0f7b63cff540cb7ab2b859360155c71ad86bb0e,0x0a0cfa54bd6814a9a2d7fd9b34d68ea9578ccdc0,SELL,No,103817554879098980143189456527608321905884757182906793330525824422625380941210,0xcaec99debca1fe002f7af5b3ff300edfcf84c7ab7e366b24c12316ba99ed302e,0.994,4.42,4.39348,1728203752,Will a Democrat win South Dakota Presidential Election?
0x85edec805438cf8d56fc33cc4aba46fa8f0d8d2b3e3d028d7f5e5a7193115b7e,0x0a0cfa54bd6814a9a2d7fd9b34d68ea9578ccdc0,BUY,No,103817554879098980143189456527608321905884757182906793330525824422625380941210,0xcaec99debca1fe002f7af5b3ff300edfcf84c7ab7e366b24c12316ba99ed302e,0.995,4.422,4.39989,1728203682,Will a Democrat win South Dakota Presidential Election?
0x9009c571945fc7d500aaa670efde9d2a42ede209e5a72445f85f499ddd3b6673,0xcf346307cf4a96e7c00ffd99678a0c101dace641,SELL,No,103817554879098980143189456527608321905884757182906793330525824422625380941210,0xcaec99debca1fe002f7af5b3ff300edfcf84c7ab7e366b24c12316ba99ed302e,0.994,0.87,0.86478,1728182606,Will a Democrat win South Dakota Presidential Election?
0x69ec921ff9c84af2ddabd90cae761de502db97cdd68e45e4fcf55b4f9de29be2,0xcf346307cf4a96e7c00ffd99678a0c101dace641,BUY,No,103817554879098980143189456527608321905884757182906793330525824422625380941210,0xcaec99debca1fe002f7af5b3ff300edfcf84c7ab7e366b24c12316ba99ed302e,0.995,0.8742,0.869829,1728182527,Will a Democrat win South Dakota Presidential Election?
0x4fb46c8ebb68206a9271dd6cfaaf596f8b06bf9e9412e9cee9be277ff1a8f255,0x055cc6d31884715ea880ffcab5187ac2442758e8,SELL,No,103817554879098980143189456527608321905884757182906793330525824422625380941210,0xcaec99debca1fe002f7af5b3ff300edfcf84c7ab7e366b24c12316ba99ed302e,0.994,37,36.778,1728162687,Will a Democrat win South Dakota Presidential Election?
0x755259fda2ecee0345060a656f59217acc9b4bff3d9730ce02766f10a16285c4,0x055cc6d31884715ea880ffcab5187ac2442758e8,BUY,No,103817554879098980143189456527608321905884757182906793330525824422625380941210,0xcaec99debca1fe002f7af5b3ff300edfcf84c7ab7e366b24c12316ba99ed302e,0.995,37,36.815,1728162019,Will a Democrat win South Dakota Presidential Election?
0xd43e06c429bbca024f03d656a432f39918b9e29c6971ccdbd6ba8ff5b53014ac,0xc58f3159f1d8fbd515fac1c62f3307a12a0511ba,SELL,No,103817554879098980143189456527608321905884757182906793330525824422625380941210,0xcaec99debca1fe002f7af5b3ff300edfcf84c7ab7e366b24c12316ba99ed302e,0.994,35,34.79,1728161745,Will a Democrat win South Dakota Presidential Election?
0xd689856e28c2c67ff9f02a95321e737eee4e256419f4ea1885eba8096c5f8a91,0xc58f3159f1d8fbd515fac1c62f3307a12a0511ba,BUY,No,103817554879098980143189456527608321905884757182906793330525824422625380941210,0xcaec99debca1fe002f7af5b3ff300edfcf84c7ab7e366b24c12316ba99ed302e,0.995,35,34.825,1728161405,Will a Democrat win South Dakota Presidential Election?
0x0c7a78702b74c1246fa253911efe807cdf6e103186dfadeb271864662cc590dc,0x01841c26f890deb29df438d7041a68328b6b461e,SELL,No,103817554879098980143189456527608321905884757182906793330525824422625380941210,0xcaec99debca1fe002f7af5b3ff300edfcf84c7ab7e366b24c12316ba99ed302e,0.994,85,84.49,1728161295,Will a Democrat win South Dakota Presidential Election?
0x9bf6ec373171001861c34aea95e41ca7214bb3d61773a4ae02efc5fde3c4dc65,0x01841c26f890deb29df438d7041a68328b6b461e,BUY,No,103817554879098980143189456527608321905884757182906793330525824422625380941210,0xcaec99debca1fe002f7af5b3ff300edfcf84c7ab7e366b24c12316ba99ed302e,0.995,85,84.575,1728160825,Will a Democrat win South Dakota Presidential Election?
0xc01fd8f278c4eaee07a094801def10a60a0db8a3a05a853ff03c152c72f97b33,0xf186ee50c6f680367e9d09e104a7663748a61c49,SELL,No,103817554879098980143189456527608321905884757182906793330525824422625380941210,0xcaec99debca1fe002f7af5b3ff300edfcf84c7ab7e366b24c12316ba99ed302e,0.994,57,56.658,1728160580,Will a Democrat win South Dakota Presidential Election?
0xb3b4f34fd95f2feff060e1da5abbad8d1144d86e39ed5d9947374c251f1dde9b,0xf186ee50c6f680367e9d09e104a7663748a61c49,BUY,No,103817554879098980143189456527608321905884757182906793330525824422625380941210,0xcaec99debca1fe002f7af5b3ff300edfcf84c7ab7e366b24c12316ba99ed302e,0.995,57,56.714999999999996,1728160206,Will a Democrat win South Dakota Presidential Election?
0x17eea8779b88d2f1e8f4c9a810c32eae37a10fe932b0078f7c257185b430eb0b,0xc58f3159f1d8fbd515fac1c62f3307a12a0511ba,SELL,No,103817554879098980143189456527608321905884757182906793330525824422625380941210,0xcaec99debca1fe002f7af5b3ff300edfcf84c7ab7e366b24c12316ba99ed302e,0.994,54,53.676,1728160122,Will a Democrat win South Dakota Presidential Election?
0x943ea9464299f17eceb919b989bc05fc312a7a6da68f7760c8d36658dff927ef,0xc58f3159f1d8fbd515fac1c62f3307a12a0511ba,BUY,No,103817554879098980143189456527608321905884757182906793330525824422625380941210,0xcaec99debca1fe002f7af5b3ff300edfcf84c7ab7e366b24c12316ba99ed302e,0.995,54,53.73,1728158952,Will a Democrat win South Dakota Presidential Election?
0xc5a5662f65222e0fc2de1a0df9033326389b243f34fecc067eacaa29b2428081,0xc8c15fa51771a91ec1f75b066c2cbdb4ad1e6b8d,SELL,No,103817554879098980143189456527608321905884757182906793330525824422625380941210,0xcaec99debca1fe002f7af5b3ff300edfcf84c7ab7e366b24c12316ba99ed302e,0.994,56,55.664,1728158832,Will a Democrat win South Dakota Presidential Election?
0xdc3b952762c3d4473fe43235823fbf695b73075318ab0cbaf72c42816bda9a78,0xc8c15fa51771a91ec1f75b066c2cbdb4ad1e6b8d,BUY,No,103817554879098980143189456527608321905884757182906793330525824422625380941210,0xcaec99debca1fe002f7af5b3ff300edfcf84c7ab7e366b24c12316ba99ed302e,0.995,56,55.72,1728158332,Will a Democrat win South Dakota Presidential Election?
0xfda952fdcb873d8eff462390fc735c8eca6a0f89930a4b1eafb3c66eee93848e,0x9bfcf7b2e22f5659e7c6ebf9c04f4954e085cec8,SELL,No,103817554879098980143189456527608321905884757182906793330525824422625380941210,0xcaec99debca1fe002f7af5b3ff300edfcf84c7ab7e366b24c12316ba99ed302e,0.994,46,45.724,1728158308,Will a Democrat win South Dakota Presidential Election?
0xc8dbf9ae525729e8f2e725d2fea176fa96ce4cb6ed61ace6a67f621cf7c93707,0x8ad32c8b73bb8b2c892c94ba03f63f70911b12f3,SELL,No,103817554879098980143189456527608321905884757182906793330525824422625380941210,0xcaec99debca1fe002f7af5b3ff300edfcf84c7ab7e366b24c12316ba99ed302e,0.994,84,83.496,1728158240,Will a Democrat win South Dakota Presidential Election?
0xd2a17ac8792309f392ae5c69d8f2282d959bb0dff17ff8e153ae29d8fa6e3e96,0x8ad32c8b73bb8b2c892c94ba03f63f70911b12f3,BUY,No,103817554879098980143189456527608321905884757182906793330525824422625380941210,0xcaec99debca1fe002f7af5b3ff300edfcf84c7ab7e366b24c12316ba99ed302e,0.995,84,83.58,1728157722,Will a Democrat win South Dakota Presidential Election?
0xd97739571fa7101790fb222013e526fdc8c58a4e6963d2a14c6e2fbe3f2bceb4,0x9bfcf7b2e22f5659e7c6ebf9c04f4954e085cec8,BUY,No,103817554879098980143189456527608321905884757182906793330525824422625380941210,0xcaec99debca1fe002f7af5b3ff300edfcf84c7ab7e366b24c12316ba99ed302e,0.995,46,45.77,1728157236,Will a Democrat win South Dakota Presidential Election?
0x1d371bd09d566f7c801f895f5d52858e78781e59bf7fb9e51f367c041108521f,0xaed26de8af32d32b1922c46e81b8620cd4d80dfd,SELL,No,103817554879098980143189456527608321905884757182906793330525824422625380941210,0xcaec99debca1fe002f7af5b3ff300edfcf84c7ab7e366b24c12316ba99ed302e,0.994,65,64.61,1728156674,Will a Democrat win South Dakota Presidential Election?
0x344c7aad38650afe59c0ac21e68822c04f6217ff5b3b45b166c634c70de6c719,0x372afaaebe34a0c1fdd837b71ed5db2a7c9c4055,SELL,No,103817554879098980143189456527608321905884757182906793330525824422625380941210,0xcaec99debca1fe002f7af5b3ff300edfcf84c7ab7e366b24c12316ba99ed302e,0.994,7,6.958,1728156291,Will a Democrat win South Dakota Presidential Election?
0xfa9a20683e01205670cf45bc3982b1c57313b63aa0717ca8e354d3577151a1ec,0xaed26de8af32d32b1922c46e81b8620cd4d80dfd,BUY,No,103817554879098980143189456527608321905884757182906793330525824422625380941210,0xcaec99debca1fe002f7af5b3ff300edfcf84c7ab7e366b24c12316ba99ed302e,0.995,65,64.675,1728155913,Will a Democrat win South Dakota Presidential Election?
0xf4cdb4c770837558bb60d866cdf41c719e331ac252cfeb69fba1b4a398a26856,0x372afaaebe34a0c1fdd837b71ed5db2a7c9c4055,SELL,No,103817554879098980143189456527608321905884757182906793330525824422625380941210,0xcaec99debca1fe002f7af5b3ff300edfcf84c7ab7e366b24c12316ba99ed302e,0.994,18,17.892,1728155829,Will a Democrat win South Dakota Presidential Election?
0x17147c9a2938d51677560a374532f1098026033e1610cdf929babd51a7b1e17b,0xd8ee0dea48c7872ca2156da21fc146463139affe,SELL,No,103817554879098980143189456527608321905884757182906793330525824422625380941210,0xcaec99debca1fe002f7af5b3ff300edfcf84c7ab7e366b24c12316ba99ed302e,0.994,75,74.55,1728155509,Will a Democrat win South Dakota Presidential Election?
0x55126663657ac95f8fbae972fa5f6909b3cd47af6575a227f36e09a058c15114,0x372afaaebe34a0c1fdd837b71ed5db2a7c9c4055,BUY,No,103817554879098980143189456527608321905884757182906793330525824422625380941210,0xcaec99debca1fe002f7af5b3ff300edfcf84c7ab7e366b24c12316ba99ed302e,0.995,7,6.965,1728155287,Will a Democrat win South Dakota Presidential Election?
0x154a7c445ece073ab4af993f88d4d0aae670e484b347b286183cd5f3f2ca31a6,0x372afaaebe34a0c1fdd837b71ed5db2a7c9c4055,BUY,No,103817554879098980143189456527608321905884757182906793330525824422625380941210,0xcaec99debca1fe002f7af5b3ff300edfcf84c7ab7e366b24c12316ba99ed302e,0.995,18,17.91,1728154681,Will a Democrat win South Dakota Presidential Election?
0xf050df3cb88c673925aad3612499581c02254c4a0456e001cd60a131aa343125,0x01841c26f890deb29df438d7041a68328b6b461e,SELL,No,103817554879098980143189456527608321905884757182906793330525824422625380941210,0xcaec99debca1fe002f7af5b3ff300edfcf84c7ab7e366b24c12316ba99ed302e,0.994,19,18.886,1728154533,Will a Democrat win South Dakota Presidential Election?
0xe4d0f91e773a8c294701173822e772ca81835c953f0a327a5c2c30b69ec7d24f,0xd8ee0dea48c7872ca2156da21fc146463139affe,BUY,No,103817554879098980143189456527608321905884757182906793330525824422625380941210,0xcaec99debca1fe002f7af5b3ff300edfcf84c7ab7e366b24c12316ba99ed302e,0.995,75,74.625,1728154123,Will a Democrat win South Dakota Presidential Election?
0xa1e9f1e43f10569f2f1caba0f367a4cc47a9ff7a71737fac5fe358940a179415,0x01841c26f890deb29df438d7041a68328b6b461e,BUY,No,103817554879098980143189456527608321905884757182906793330525824422625380941210,0xcaec99debca1fe002f7af5b3ff300edfcf84c7ab7e366b24c12316ba99ed302e,0.995,19,18.905,1728152873,Will a Democrat win South Dakota Presidential Election?
0x3102f86baf7cb022c282e6c83360154f7908514407a30f07c885822d7affd1ef,0x41c53df75d6c07d7673e17d10ee5c14b90c8b313,SELL,No,103817554879098980143189456527608321905884757182906793330525824422625380941210,0xcaec99debca1fe002f7af5b3ff300edfcf84c7ab7e366b24c12316ba99ed302e,0.994,36,35.784,1728152125,Will a Democrat win South Dakota Presidential Election?
0x9601b6b7c1e2d2678d8c46ccb4214c93475c316d1e9f262629116f6a174e4814,0x41c53df75d6c07d7673e17d10ee5c14b90c8b313,BUY,No,103817554879098980143189456527608321905884757182906793330525824422625380941210,0xcaec99debca1fe002f7af5b3ff300edfcf84c7ab7e366b24c12316ba99ed302e,0.995,36,35.82,1728151779,Will a Democrat win South Dakota Presidential Election?
0x9078d52285e8afcc95b3ff98c3cb287a37876a76bdc9980ff0b57e3c36ad6b28,0x8ad32c8b73bb8b2c892c94ba03f63f70911b12f3,SELL,No,103817554879098980143189456527608321905884757182906793330525824422625380941210,0xcaec99debca1fe002f7af5b3ff300edfcf84c7ab7e366b24c12316ba99ed302e,0.994,77,76.538,1728149337,Will a Democrat win South Dakota Presidential Election?
0xb4e2dbc75624400cfe3a5fef94a16e8c69e96bf57274c2c19459fd81effe7675,0x8ad32c8b73bb8b2c892c94ba03f63f70911b12f3,BUY,No,103817554879098980143189456527608321905884757182906793330525824422625380941210,0xcaec99debca1fe002f7af5b3ff300edfcf84c7ab7e366b24c12316ba99ed302e,0.995,77,76.615,1728148627,Will a Democrat win South Dakota Presidential Election?
0xb0cbc7f22624366b23d35845a8ab50925f3e009174f0bfc167e98b6f4c628dd7,0x6c9ae3ee6bb30d7df4fdc89491af8157e256a78b,SELL,No,103817554879098980143189456527608321905884757182906793330525824422625380941210,0xcaec99debca1fe002f7af5b3ff300edfcf84c7ab7e366b24c12316ba99ed302e,0.994,0.67,0.66598,1728113366,Will a Democrat win South Dakota Presidential Election?
0xfa723a0b6fd1c2e179a83f6867fcb61f53852083e6c9160a0620ba3e92766367,0x6c9ae3ee6bb30d7df4fdc89491af8157e256a78b,BUY,No,103817554879098980143189456527608321905884757182906793330525824422625380941210,0xcaec99debca1fe002f7af5b3ff300edfcf84c7ab7e366b24c12316ba99ed302e,0.995,0.6732,0.669834,1728113300,Will a Democrat win South Dakota Presidential Election?
0xab54eca68cc30c57f1ce327e05736275af2637726c7a2a0d998e2fb97fda8375,0x1556108e95c6b309ed8c0e6df16ff4558e272cbd,SELL,No,103817554879098980143189456527608321905884757182906793330525824422625380941210,0xcaec99debca1fe002f7af5b3ff300edfcf84c7ab7e366b24c12316ba99ed302e,0.994,0.61,0.60634,1728095352,Will a Democrat win South Dakota Presidential Election?
0xc61bf488d155c1935c4e601002056461d6be79b376853117cafa0a8ffefab128,0x1556108e95c6b309ed8c0e6df16ff4558e272cbd,BUY,No,103817554879098980143189456527608321905884757182906793330525824422625380941210,0xcaec99debca1fe002f7af5b3ff300edfcf84c7ab7e366b24c12316ba99ed302e,0.995,0.613,0.609935,1728095282,Will a Democrat win South Dakota Presidential Election?
0xa74a80aa4a4fa166640a58a5e8a9f1bea5dcbe074fd6f1fa2b8cef12626c54df,0x12e5bb512155fefb95a4ea87e8657025f696c04a,SELL,No,103817554879098980143189456527608321905884757182906793330525824422625380941210,0xcaec99debca1fe002f7af5b3ff300edfcf84c7ab7e366b24c12316ba99ed302e,0.994,0.63,0.62622,1728080558,Will a Democrat win South Dakota Presidential Election?
0x3dbd350d168b5cc828c5567620fd11352ee1d2f9380a19da3a87ddd2aac16777,0x12e5bb512155fefb95a4ea87e8657025f696c04a,BUY,No,103817554879098980143189456527608321905884757182906793330525824422625380941210,0xcaec99debca1fe002f7af5b3ff300edfcf84c7ab7e366b24c12316ba99ed302e,0.995,0.633,0.629835,1728080486,Will a Democrat win South Dakota Presidential Election?
0xbd3ff7826e343fbf1474123945bb66ac48c4ed97a193790ced17500063e30f94,0xff982fdee59f1f5aba97e7d7244b7ac2cebafcbb,SELL,No,103817554879098980143189456527608321905884757182906793330525824422625380941210,0xcaec99debca1fe002f7af5b3ff300edfcf84c7ab7e366b24c12316ba99ed302e,0.994,5,4.97,1728068859,Will a Democrat win South Dakota Presidential Election?
0x92ddaab6c88f01adf50a321d128d5b28124d675705de62a71ba66511cf0828de,0x800d6751ab846462664be72082e5e11e0c990f79,SELL,No,103817554879098980143189456527608321905884757182906793330525824422625380941210,0xcaec99debca1fe002f7af5b3ff300edfcf84c7ab7e366b24c12316ba99ed302e,0.994,69,68.586,1728068819,Will a Democrat win South Dakota Presidential Election?
0x16570d05122ab462de50165e27e61cf1afa154738ad94f8ae71ba5d003d33c77,0xff982fdee59f1f5aba97e7d7244b7ac2cebafcbb,BUY,No,103817554879098980143189456527608321905884757182906793330525824422625380941210,0xcaec99debca1fe002f7af5b3ff300edfcf84c7ab7e366b24c12316ba99ed302e,0.995,5,4.975,1728068190,Will a Democrat win South Dakota Presidential Election?
0xa850f9f695aed4f27a9d00ce7c11bad15e04d3f00bd69879d63ca99b487491fa,0x8845eac2133102d8bd493684639280928de9322c,SELL,No,103817554879098980143189456527608321905884757182906793330525824422625380941210,0xcaec99debca1fe002f7af5b3ff300edfcf84c7ab7e366b24c12316ba99ed302e,0.994,74,73.556,1728068080,Will a Democrat win South Dakota Presidential Election?
0x5872d407832fcde166b25a68f63106a40bf4e398cf377fd3b60084239af5f67e,0x8ad32c8b73bb8b2c892c94ba03f63f70911b12f3,SELL,No,103817554879098980143189456527608321905884757182906793330525824422625380941210,0xcaec99debca1fe002f7af5b3ff300edfcf84c7ab7e366b24c12316ba99ed302e,0.994,71,70.574,1728067700,Will a Democrat win South Dakota Presidential Election?
0xbfabb19f889e6eba45d325b6b3cb52ca3f549009abcfbc807c6a8a2bdf3b1ce7,0x800d6751ab846462664be72082e5e11e0c990f79,BUY,No,103817554879098980143189456527608321905884757182906793330525824422625380941210,0xcaec99debca1fe002f7af5b3ff300edfcf84c7ab7e366b24c12316ba99ed302e,0.995,69,68.655,1728067596,Will a Democrat win South Dakota Presidential Election?
0x4a325fa1123ec8632eb5428bc838225c04acc69bee2aead4f2d8b119adef3bcc,0x67a9b1aaa2791c577806428d0cccec0267f85dde,SELL,No,103817554879098980143189456527608321905884757182906793330525824422625380941210,0xcaec99debca1fe002f7af5b3ff300edfcf84c7ab7e366b24c12316ba99ed302e,0.994,60,59.64,1728067181,Will a Democrat win South Dakota Presidential Election?
0x47d8c48d602c77f92febe0c0697ffcf914a41ff37a2e4f33e1f9ac341cf880cf,0x8ad32c8b73bb8b2c892c94ba03f63f70911b12f3,BUY,No,103817554879098980143189456527608321905884757182906793330525824422625380941210,0xcaec99debca1fe002f7af5b3ff300edfcf84c7ab7e366b24c12316ba99ed302e,0.995,71,70.645,1728067035,Will a Democrat win South Dakota Presidential Election?
0x6d8cfa4376ad1050635e67fe800f0c969d7c61748424208fab213b41a5893dc2,0x8845eac2133102d8bd493684639280928de9322c,BUY,No,103817554879098980143189456527608321905884757182906793330525824422625380941210,0xcaec99debca1fe002f7af5b3ff300edfcf84c7ab7e366b24c12316ba99ed302e,0.995,74,73.63,1728066406,Will a Democrat win South Dakota Presidential Election?
0x8af1f31727bea5c0b6e80084849d81bf7f5cb28d400225390bb482965d8b69fa,0x67a9b1aaa2791c577806428d0cccec0267f85dde,BUY,No,103817554879098980143189456527608321905884757182906793330525824422625380941210,0xcaec99debca1fe002f7af5b3ff300edfcf84c7ab7e366b24c12316ba99ed302e,0.995,60,59.7,1728065836,Will a Democrat win South Dakota Presidential Election?
0x713d33f46f9dadcab7c28790e7f6824b0b8ab47f428aa01b02cc3c538bcad748,0xaae365f894839e8d39ae8ef5264bc3175df8e8a6,SELL,No,103817554879098980143189456527608321905884757182906793330525824422625380941210,0xcaec99debca1fe002f7af5b3ff300edfcf84c7ab7e366b24c12316ba99ed302e,0.994,39,38.766,1728064837,Will a Democrat win South Dakota Presidential Election?
0x9bf5cfba349cb7d2b913c2224cec2226e38383b9d5f70b8877e32beac065b391,0xaae365f894839e8d39ae8ef5264bc3175df8e8a6,BUY,No,103817554879098980143189456527608321905884757182906793330525824422625380941210,0xcaec99debca1fe002f7af5b3ff300edfcf84c7ab7e366b24c12316ba99ed302e,0.995,39,38.805,1728064570,Will a Democrat win South Dakota Presidential Election?
0xebc22ae7698486df679474cc4fe320d60d14aa1d3198ca0f7dfb70d6fb036314,0x9ae6ee85fd25f569e9642c98d6e1b8c8f0ed1c10,SELL,No,103817554879098980143189456527608321905884757182906793330525824422625380941210,0xcaec99debca1fe002f7af5b3ff300edfcf84c7ab7e366b24c12316ba99ed302e,0.994,48,47.712,1728063930,Will a Democrat win South Dakota Presidential Election?
0x37e73bdcec42f7093937b74cd509548532f3e19e52b42f8797bd72a19f223697,0x387eeae63ff5416db2622751083d8d6df92aa6a8,SELL,No,103817554879098980143189456527608321905884757182906793330525824422625380941210,0xcaec99debca1fe002f7af5b3ff300edfcf84c7ab7e366b24c12316ba99ed302e,0.994,71,70.574,1728063926,Will a Democrat win South Dakota Presidential Election?
0x39b321ea5f4f8ff3cc3c131ee3eee0ec098b44aa43fffbd6c8b3c4b6723e6daf,0x186d094e2c9f4bb81161f3260115357fac8df1cd,SELL,No,103817554879098980143189456527608321905884757182906793330525824422625380941210,0xcaec99debca1fe002f7af5b3ff300edfcf84c7ab7e366b24c12316ba99ed302e,0.994,12,11.928,1728063920,Will a Democrat win South Dakota Presidential Election?
0xfc5e2bcfd070f2efd93151b2afd28914bdd2a62f0e4fa69c1602001e5ac8a877,0x9ae6ee85fd25f569e9642c98d6e1b8c8f0ed1c10,BUY,No,103817554879098980143189456527608321905884757182906793330525824422625380941210,0xcaec99debca1fe002f7af5b3ff300edfcf84c7ab7e366b24c12316ba99ed302e,0.995,48,47.76,1728063384,Will a Democrat win South Dakota Presidential Election?
0x4db805742fa82682149bfe71dd252dc7d2d374719cfb844f4fc5cde756f8df3f,0x387eeae63ff5416db2622751083d8d6df92aa6a8,BUY,No,103817554879098980143189456527608321905884757182906793330525824422625380941210,0xcaec99debca1fe002f7af5b3ff300edfcf84c7ab7e366b24c12316ba99ed302e,0.995,71,70.645,1728062796,Will a Democrat win South Dakota Presidential Election?
0xa0b512b9e84f4d9872cb38c7147c2f7ed826e85f3dee1151b504c080782b4f5d,0xfe8f53f3763e8dcec12bd0400aaa1555540f748a,SELL,No,103817554879098980143189456527608321905884757182906793330525824422625380941210,0xcaec99debca1fe002f7af5b3ff300edfcf84c7ab7e366b24c12316ba99ed302e,0.994,27,26.838,1728062766,Will a Democrat win South Dakota Presidential Election?
0x0d8d31c9cf3c33227dfef6c68b9703381abf6c940f005cbf9d090d3d53a6f987,0x186d094e2c9f4bb81161f3260115357fac8df1cd,BUY,No,103817554879098980143189456527608321905884757182906793330525824422625380941210,0xcaec99debca1fe002f7af5b3ff300edfcf84c7ab7e366b24c12316ba99ed302e,0.995,12,11.94,1728062224,Will a Democrat win South Dakota Presidential Election?
0x0d5e46add0c2927538be868ac7b37ba4243a5da3cc34e1f7b9b0f7f380584705,0xfe8f53f3763e8dcec12bd0400aaa1555540f748a,BUY,No,103817554879098980143189456527608321905884757182906793330525824422625380941210,0xcaec99debca1fe002f7af5b3ff300edfcf84c7ab7e366b24c12316ba99ed302e,0.995,27,26.865,1728061652,Will a Democrat win South Dakota Presidential Election?
0xae03ea92ffa6930104bc2bc473f2647c9015dcbf32c5c0a326c0de2169c76405,0xc58f3159f1d8fbd515fac1c62f3307a12a0511ba,SELL,No,103817554879098980143189456527608321905884757182906793330525824422625380941210,0xcaec99debca1fe002f7af5b3ff300edfcf84c7ab7e366b24c12316ba99ed302e,0.994,47,46.717999999999996,1728061060,Will a Democrat win South Dakota Presidential Election?
0x5f87993bc6be30ebab5e77f1d0dc7228ad0bfea35c6ae4f719b0b71f85a6cf60,0xc58f3159f1d8fbd515fac1c62f3307a12a0511ba,BUY,No,103817554879098980143189456527608321905884757182906793330525824422625380941210,0xcaec99debca1fe002f7af5b3ff300edfcf84c7ab7e366b24c12316ba99ed302e,0.995,47,46.765,1728060296,Will a Democrat win South Dakota Presidential Election?
0xa02047ba68c892846d1d4e1309142c843b9fe4bf8e2b27049ce2e77eda709a6b,0x33e7eed8c370f40285b33211190443e616c694fd,SELL,No,103817554879098980143189456527608321905884757182906793330525824422625380941210,0xcaec99debca1fe002f7af5b3ff300edfcf84c7ab7e366b24c12316ba99ed302e,0.994,82,81.508,1728056380,Will a Democrat win South Dakota Presidential Election?
0xdf3a6953ac696b0756f9ac25fe1259f49eea76ee25d5faea99f99cd3671dd52c,0x67a9b1aaa2791c577806428d0cccec0267f85dde,SELL,No,103817554879098980143189456527608321905884757182906793330525824422625380941210,0xcaec99debca1fe002f7af5b3ff300edfcf84c7ab7e366b24c12316ba99ed302e,0.994,65,64.61,1728055866,Will a Democrat win South Dakota Presidential Election?
0x51cc61d370cb02eb5fd2a56d5bdf0f1921d62f8f515dfd221d1c4a4436cf2fda,0x33e7eed8c370f40285b33211190443e616c694fd,BUY,No,103817554879098980143189456527608321905884757182906793330525824422625380941210,0xcaec99debca1fe002f7af5b3ff300edfcf84c7ab7e366b24c12316ba99ed302e,0.995,82,81.59,1728055520,Will a Democrat win South Dakota Presidential Election?
0xceb3c4b8b137f09b914d7002baeb09d3d139f254df6fb7c5d7ce189f33e38635,0x67a9b1aaa2791c577806428d0cccec0267f85dde,BUY,No,103817554879098980143189456527608321905884757182906793330525824422625380941210,0xcaec99debca1fe002f7af5b3ff300edfcf84c7ab7e366b24c12316ba99ed302e,0.995,65,64.675,1728054916,Will a Democrat win South Dakota Presidential Election?
0x5226fe349ce0570dfec87d5295057ef56c838dbda0354a2176a274de2c5ea09a,0x4a02cfd70d99dd18d6eaf49d8b3aefdc2d44d08c,SELL,No,103817554879098980143189456527608321905884757182906793330525824422625380941210,0xcaec99debca1fe002f7af5b3ff300edfcf84c7ab7e366b24c12316ba99ed302e,0.994,53,52.682,1728054378,Will a Democrat win South Dakota Presidential Election?
0x166b7bb9269d44f1e3528fef33d64cb1977619d4900696c8cceaf0856e74fa28,0x67a9b1aaa2791c577806428d0cccec0267f85dde,SELL,No,103817554879098980143189456527608321905884757182906793330525824422625380941210,0xcaec99debca1fe002f7af5b3ff300edfcf84c7ab7e366b24c12316ba99ed302e,0.994,34,33.796,1728054046,Will a Democrat win South Dakota Presidential Election?
0x1255455ec4ecbeb425281f61eaae588aee522f6e1c41c170cbba665eefc303f2,0x4a02cfd70d99dd18d6eaf49d8b3aefdc2d44d08c,BUY,No,103817554879098980143189456527608321905884757182906793330525824422625380941210,0xcaec99debca1fe002f7af5b3ff300edfcf84c7ab7e366b24c12316ba99ed302e,0.995,53,52.735,1728053712,Will a Democrat win South Dakota Presidential Election?
0x2aa96ea3091d719f6bf55eeeb707f3b9087b45f71a27c20ca6f584ef3a5e9bdf,0x800d6751ab846462664be72082e5e11e0c990f79,SELL,No,103817554879098980143189456527608321905884757182906793330525824422625380941210,0xcaec99debca1fe002f7af5b3ff300edfcf84c7ab7e366b24c12316ba99ed302e,0.994,68,67.592,1728052614,Will a Democrat win South Dakota Presidential Election?
0xcb238dcf143c08c166b07396e47cd61fe98def4f710e99ef36263aed12326ce6,0x53225eedc4f3da73ace4e1a6ca223bcfdcfaeae2,SELL,No,103817554879098980143189456527608321905884757182906793330525824422625380941210,0xcaec99debca1fe002f7af5b3ff300edfcf84c7ab7e366b24c12316ba99ed302e,0.994,14,13.916,1728052610,Will a Democrat win South Dakota Presidential Election?
0xed81cc8f685409fc3d666aec8d1d024796c29b2cda30424ea041ad12c731d891,0x67a9b1aaa2791c577806428d0cccec0267f85dde,BUY,No,103817554879098980143189456527608321905884757182906793330525824422625380941210,0xcaec99debca1fe002f7af5b3ff300edfcf84c7ab7e366b24c12316ba99ed302e,0.995,34,33.83,1728052554,Will a Democrat win South Dakota Presidential Election?
0x902125a8642f130c7b6cff978029e68d5e827b57bb276cfbdd46826ac83db7dc,0xff982fdee59f1f5aba97e7d7244b7ac2cebafcbb,SELL,No,103817554879098980143189456527608321905884757182906793330525824422625380941210,0xcaec99debca1fe002f7af5b3ff300edfcf84c7ab7e366b24c12316ba99ed302e,0.994,56,55.664,1728051462,Will a Democrat win South Dakota Presidential Election?
0x8a870b828da178282e8751beedd34bd5e84f8ac5a5fa3abe3e7e2cec6112a2c4,0x800d6751ab846462664be72082e5e11e0c990f79,BUY,No,103817554879098980143189456527608321905884757182906793330525824422625380941210,0xcaec99debca1fe002f7af5b3ff300edfcf84c7ab7e366b24c12316ba99ed302e,0.995,68,67.66,1728051288,Will a Democrat win South Dakota Presidential Election?
0x37f98dab4ba76825279507b0e0353097cc7049109897473cd76e20915fa40e76,0x186d094e2c9f4bb81161f3260115357fac8df1cd,SELL,No,103817554879098980143189456527608321905884757182906793330525824422625380941210,0xcaec99debca1fe002f7af5b3ff300edfcf84c7ab7e366b24c12316ba99ed302e,0.994,78,77.532,1728051060,Will a Democrat win South Dakota Presidential Election?
0x2a899544848a743b1d6af4952c0b410e0602913eafb1cddfb9f02fddb7e703e4,0x53225eedc4f3da73ace4e1a6ca223bcfdcfaeae2,BUY,No,103817554879098980143189456527608321905884757182906793330525824422625380941210,0xcaec99debca1fe002f7af5b3ff300edfcf84c7ab7e366b24c12316ba99ed302e,0.995,14,13.93,1728050710,Will a Democrat win South Dakota Presidential Election?
0x8b3ce7ca33f3f23a488a5f5128f0a8fdf238fd5045ef1b64eac2d884a52bf10c,0x186d094e2c9f4bb81161f3260115357fac8df1cd,BUY,No,103817554879098980143189456527608321905884757182906793330525824422625380941210,0xcaec99debca1fe002f7af5b3ff300edfcf84c7ab7e366b24c12316ba99ed302e,0.995,78,77.61,1728050138,Will a Democrat win South Dakota Presidential Election?
0xa142d626e904773bd1d9e11b7405eeee4436b068c4c0c755f488f5e2c9fc57e6,0xff982fdee59f1f5aba97e7d7244b7ac2cebafcbb,BUY,No,103817554879098980143189456527608321905884757182906793330525824422625380941210,0xcaec99debca1fe002f7af5b3ff300edfcf84c7ab7e366b24c12316ba99ed302e,0.995,56,55.72,1728049456,Will a Democrat win South Dakota Presidential Election?
0xc9eaa5a1309e7d57933a0a6bfa7f4b2b9122d2c468415736d2b63673f14fa937,0xa46a0e21492eb893970c065de5d2f2f9f5670e68,SELL,No,103817554879098980143189456527608321905884757182906793330525824422625380941210,0xcaec99debca1fe002f7af5b3ff300edfcf84c7ab7e366b24c12316ba99ed302e,0.994,39,38.766,1728049302,Will a Democrat win South Dakota Presidential Election?
0x493a28a3a0cd322512c54b0c35ed24f7920445d68cb628f6f3a6046e7db6b94f,0x186d094e2c9f4bb81161f3260115357fac8df1cd,SELL,No,103817554879098980143189456527608321905884757182906793330525824422625380941210,0xcaec99debca1fe002f7af5b3ff300edfcf84c7ab7e366b24c12316ba99ed302e,0.994,36,35.784,1728048516,Will a Democrat win South Dakota Presidential Election?
0xc1bb5dc8ffd9aed9844d1c661108171955b8df0eac4d5cad0fb876695c162893,0xa46a0e21492eb893970c065de5d2f2f9f5670e68,BUY,No,103817554879098980143189456527608321905884757182906793330525824422625380941210,0xcaec99debca1fe002f7af5b3ff300edfcf84c7ab7e366b24c12316ba99ed302e,0.995,39,38.805,1728047614,Will a Democrat win South Dakota Presidential Election?
0x9575be9eeb836343722640721eb1e6b452f430caf728b0148ed52d8261e19976,0xd1b9abe6a95e625ea973cffa7a59fefea53c073a,SELL,No,103817554879098980143189456527608321905884757182906793330525824422625380941210,0xcaec99debca1fe002f7af5b3ff300edfcf84c7ab7e366b24c12316ba99ed302e,0.994,57,56.658,1728047478,Will a Democrat win South Dakota Presidential Election?
0x98a765dc11fcf16ae91fcece4401bdf9d2efe56b849f2faefde7686fa51b9f26,0xcf24f3e61ec87371b29c64737830778201d0b6a7,SELL,No,103817554879098980143189456527608321905884757182906793330525824422625380941210,0xcaec99debca1fe002f7af5b3ff300edfcf84c7ab7e366b24c12316ba99ed302e,0.994,57,56.658,1728047420,Will a Democrat win South Dakota Presidential Election?
0x5bf0cf848a5527792303c8ab903a5c0ee90f1fc17b48ddac19421a6e70be7e71,0xd1b9abe6a95e625ea973cffa7a59fefea53c073a,BUY,No,103817554879098980143189456527608321905884757182906793330525824422625380941210,0xcaec99debca1fe002f7af5b3ff300edfcf84c7ab7e366b24c12316ba99ed302e,0.995,57,56.714999999999996,1728047050,Will a Democrat win South Dakota Presidential Election?
0x53875d4979dd9fe1e1c81c9d65077cbaba8ef215c19f8fc1441191aedea8f867,0x186d094e2c9f4bb81161f3260115357fac8df1cd,BUY,No,103817554879098980143189456527608321905884757182906793330525824422625380941210,0xcaec99debca1fe002f7af5b3ff300edfcf84c7ab7e366b24c12316ba99ed302e,0.995,36,35.82,1728046542,Will a Democrat win South Dakota Presidential Election?
0x77777bbc63dbdcb5fcb8aafcbf84fc7242cd8eb20107b9c0c4284bb17a50909a,0xd8ee0dea48c7872ca2156da21fc146463139affe,SELL,No,103817554879098980143189456527608321905884757182906793330525824422625380941210,0xcaec99debca1fe002f7af5b3ff300edfcf84c7ab7e366b24c12316ba99ed302e,0.994,60,59.64,1728045922,Will a Democrat win South Dakota Presidential Election?
0x0c4dabbc2eeb449abc7cf6ff5abafc5791551429105fab06f204d765122bc539,0xcf24f3e61ec87371b29c64737830778201d0b6a7,BUY,No,103817554879098980143189456527608321905884757182906793330525824422625380941210,0xcaec99debca1fe002f7af5b3ff300edfcf84c7ab7e366b24c12316ba99ed302e,0.995,57,56.714999999999996,1728045896,Will a Democrat win South Dakota Presidential Election?
0xe82bd220bcf4c734f5c94191d28ad5be7b0a71127349f20d5f5b978e9fd47945,0x8557c030dfbf5595dcd8bfe4753be4c8bb743741,SELL,No,103817554879098980143189456527608321905884757182906793330525824422625380941210,0xcaec99debca1fe002f7af5b3ff300edfcf84c7ab7e366b24c12316ba99ed302e,0.994,15,14.91,1728045720,Will a Democrat win South Dakota Presidential Election?
0xc8ce82887b7ad41b87bce06f6c7e5c052f676ce56adbb1c547b1a9c60ba3cbcd,0x8557c030dfbf5595dcd8bfe4753be4c8bb743741,BUY,No,103817554879098980143189456527608321905884757182906793330525824422625380941210,0xcaec99debca1fe002f7af5b3ff300edfcf84c7ab7e366b24c12316ba99ed302e,0.995,15,14.925,1728045192,Will a Democrat win South Dakota Presidential Election?
0x572e4001b021908f586e02b493c52d9c297e6d54653ec3d66ebbf042876c41af,0xd8ee0dea48c7872ca2156da21fc146463139affe,BUY,No,103817554879098980143189456527608321905884757182906793330525824422625380941210,0xcaec99debca1fe002f7af5b3ff300edfcf84c7ab7e366b24c12316ba99ed302e,0.995,60,59.7,1728044730,Will a Democrat win South Dakota Presidential Election?
0xd9c157024dd0e9ec7d01e4af099ce949822d76ad23a5fe67559ec6d0ad64b933,0x45f8719eec9914eaec5bdca8a869d47a3b2b6ea2,SELL,Yes,105742278895779392184517567088147476702553818055925607866681628906726505150563,0xcaec99debca1fe002f7af5b3ff300edfcf84c7ab7e366b24c12316ba99ed302e,0.005,116,0.58,1728040519,Will a Democrat win South Dakota Presidential Election?
0xf1943d9f5e95a15bc7cd12b3ab998bee72e2894ee6da52198264fea7fe8e4e2d,0xd960e5b56e7e9a012c021cb11d15150f7eed7087,SELL,No,103817554879098980143189456527608321905884757182906793330525824422625380941210,0xcaec99debca1fe002f7af5b3ff300edfcf84c7ab7e366b24c12316ba99ed302e,0.994,12.53,12.45482,1728037569,Will a Democrat win South Dakota Presidential Election?
0x12f409fb4cc5de1e31968249543c64b32772f7e904b29079981eed6dc5538323,0xd960e5b56e7e9a012c021cb11d15150f7eed7087,BUY,No,103817554879098980143189456527608321905884757182906793330525824422625380941210,0xcaec99debca1fe002f7af5b3ff300edfcf84c7ab7e366b24c12316ba99ed302e,0.995,12.5326,12.469937,1728037003,Will a Democrat win South Dakota Presidential Election?
0xb8fc3e9f3a06174dff8a11098c409889b56fcfb17dc9927650828b74c9d6fe5f,0x688bc877adc1288d311923a71173ca38f1de646b,SELL,No,103817554879098980143189456527608321905884757182906793330525824422625380941210,0xcaec99debca1fe002f7af5b3ff300edfcf84c7ab7e366b24c12316ba99ed302e,0.994,13.74,13.65756,1728031761,Will a Democrat win South Dakota Presidential Election?
0x983b5e528474e4ecfaafae5232b40fb3a8175b947bc42f35f638d79b5d4278f5,0x66f1c6145cf63d45a5a225449a919dc5a00367ba,SELL,No,103817554879098980143189456527608321905884757182906793330525824422625380941210,0xcaec99debca1fe002f7af5b3ff300edfcf84c7ab7e366b24c12316ba99ed302e,0.994,13.56,13.47864,1728031455,Will a Democrat win South Dakota Presidential Election?
0x543ea22cb415901b811407287a20d9c6807ec29d9a81dac1947a7e57f7a37cec,0x688bc877adc1288d311923a71173ca38f1de646b,BUY,No,103817554879098980143189456527608321905884757182906793330525824422625380941210,0xcaec99debca1fe002f7af5b3ff300edfcf84c7ab7e366b24c12316ba99ed302e,0.995,13.7386,13.669907,1728031357,Will a Democrat win South Dakota Presidential Election?
0x1754f7ae177dd1adfc398054dc7d6dd53c1ed58c1ca09c5ddd5008d17cade8eb,0x66f1c6145cf63d45a5a225449a919dc5a00367ba,BUY,No,103817554879098980143189456527608321905884757182906793330525824422625380941210,0xcaec99debca1fe002f7af5b3ff300edfcf84c7ab7e366b24c12316ba99ed302e,0.995,13.5678,13.499961,1728031031,Will a Democrat win South Dakota Presidential Election?
0x9dac2fcf9ab59537b532b92613f6595e1814e99ada7d06dfa6b62e53277ea49e,0xaa7226fea2ffbab5053facb3f5f1657d3cb074b1,SELL,No,103817554879098980143189456527608321905884757182906793330525824422625380941210,0xcaec99debca1fe002f7af5b3ff300edfcf84c7ab7e366b24c12316ba99ed302e,0.994,12.02,11.94788,1728029597,Will a Democrat win South Dakota Presidential Election?
0x4bff094c1dc4fe721c9a75b7e9139f363bc470586caf595c15f4e8b6be77d917,0xaa7226fea2ffbab5053facb3f5f1657d3cb074b1,BUY,No,103817554879098980143189456527608321905884757182906793330525824422625380941210,0xcaec99debca1fe002f7af5b3ff300edfcf84c7ab7e366b24c12316ba99ed302e,0.995,12.02,11.9599,1728028959,Will a Democrat win South Dakota Presidential Election?
0x6c3cd352885c433fd428a21dd642e894c6751b24bd7c813a5717d0fe4f28119f,0x11761002588ac8fe0eeb32d92e8dca3c0477f85f,SELL,No,103817554879098980143189456527608321905884757182906793330525824422625380941210,0xcaec99debca1fe002f7af5b3ff300edfcf84c7ab7e366b24c12316ba99ed302e,0.994,27,26.838,1728024483,Will a Democrat win South Dakota Presidential Election?
0xc2f69a84be6ad4d608d605b7ef048821b23c2ffd73fdcec97a6fe663fbaf9a22,0x2c488cf3ad75300aedc3a135aae498dcbad0a0dc,SELL,No,103817554879098980143189456527608321905884757182906793330525824422625380941210,0xcaec99debca1fe002f7af5b3ff300edfcf84c7ab7e366b24c12316ba99ed302e,0.994,15,14.91,1728024379,Will a Democrat win South Dakota Presidential Election?
0x7a10f9d48d63c41eb05f446036fec1a79a2f741fe9a910f25e856eb2ad2202b7,0x2c488cf3ad75300aedc3a135aae498dcbad0a0dc,BUY,No,103817554879098980143189456527608321905884757182906793330525824422625380941210,0xcaec99debca1fe002f7af5b3ff300edfcf84c7ab7e366b24c12316ba99ed302e,0.995,14.9948,14.919826,1728023857,Will a Democrat win South Dakota Presidential Election?
0x89395b9b43aafbdc58297f596722669db18803ed116095e5b144341fc7bb202f,0x65d358ab3fc8800dd9b8d30ae7637e4d9d59faa7,SELL,No,103817554879098980143189456527608321905884757182906793330525824422625380941210,0xcaec99debca1fe002f7af5b3ff300edfcf84c7ab7e366b24c12316ba99ed302e,0.994,13.83,13.74702,1728019548,Will a Democrat win South Dakota Presidential Election?
0x9041ce64d8c3574df0a02fdf1b98a2ab0d4a3677e2ac26179d1fa6ca47f9b8cf,0x65d358ab3fc8800dd9b8d30ae7637e4d9d59faa7,BUY,No,103817554879098980143189456527608321905884757182906793330525824422625380941210,0xcaec99debca1fe002f7af5b3ff300edfcf84c7ab7e366b24c12316ba99ed302e,0.995,13.839,13.769805,1728018820,Will a Democrat win South Dakota Presidential Election?
0x8d197b6ea3b4de71ebed4577505db121baf7fded2219c4137db7e7d09c476129,0x51bb83b4d87bb8e076cc316a16fa26703aced6bc,SELL,No,103817554879098980143189456527608321905884757182906793330525824422625380941210,0xcaec99debca1fe002f7af5b3ff300edfcf84c7ab7e366b24c12316ba99ed302e,0.994,16.1,16.003400000000003,1728018486,Will a Democrat win South Dakota Presidential Election?
0xb5322d00879ecca1d9749003118e67e44cbad5443642db379a8d5ffb32b05f03,0x51bb83b4d87bb8e076cc316a16fa26703aced6bc,BUY,No,103817554879098980143189456527608321905884757182906793330525824422625380941210,0xcaec99debca1fe002f7af5b3ff300edfcf84c7ab7e366b24c12316ba99ed302e,0.995,16.1004,16.019898,1728017784,Will a Democrat win South Dakota Presidential Election?
0x84ec7361279fe60f04326910792acc9eaf4ca3e0578a2d46d7c8455f75ffaaaf,0x4f11ba9e8b46a9387587ffbeccb6136a9b6a7061,SELL,No,103817554879098980143189456527608321905884757182906793330525824422625380941210,0xcaec99debca1fe002f7af5b3ff300edfcf84c7ab7e366b24c12316ba99ed302e,0.994,11.48,11.41112,1728014343,Will a Democrat win South Dakota Presidential Election?
0x6ee3bcf74e221e983d47c21aa9f366bdae928e7c94b60bc35127f9ba96f63347,0x4f11ba9e8b46a9387587ffbeccb6136a9b6a7061,BUY,No,103817554879098980143189456527608321905884757182906793330525824422625380941210,0xcaec99debca1fe002f7af5b3ff300edfcf84c7ab7e366b24c12316ba99ed302e,0.995,11.4772,11.419814,1728014063,Will a Democrat win South Dakota Presidential Election?
0x86845b155b0376b6d140495a5fc9271fa56731ce970525db55705ce4750e786c,0xdebd306cb8083f49435bcd67d760185e4c7d8613,SELL,No,103817554879098980143189456527608321905884757182906793330525824422625380941210,0xcaec99debca1fe002f7af5b3ff300edfcf84c7ab7e366b24c12316ba99ed302e,0.994,14.11,14.02534,1728012679,Will a Democrat win South Dakota Presidential Election?
0x8f10ac8f655f93642a8eccf754baa6af20696a1abde60f4ed2ba77c40da3ecad,0xdebd306cb8083f49435bcd67d760185e4c7d8613,BUY,No,103817554879098980143189456527608321905884757182906793330525824422625380941210,0xcaec99debca1fe002f7af5b3ff300edfcf84c7ab7e366b24c12316ba99ed302e,0.995,14.1104,14.039848000000001,1728012171,Will a Democrat win South Dakota Presidential Election?
0xbad1b278ab35ba5511303edcd5f7d74bd794e12f004dac20a72f5be04697a8a2,0x537ef212166ba7a1e2e040e48cd084d3224eb03e,SELL,No,103817554879098980143189456527608321905884757182906793330525824422625380941210,0xcaec99debca1fe002f7af5b3ff300edfcf84c7ab7e366b24c12316ba99ed302e,0.994,12.51,12.43494,1728010387,Will a Democrat win South Dakota Presidential Election?
0xa03bf836f3a3351b7204cd698e240a7ee9a177a5172ccd445d18401a19630962,0x537ef212166ba7a1e2e040e48cd084d3224eb03e,BUY,No,103817554879098980143189456527608321905884757182906793330525824422625380941210,0xcaec99debca1fe002f7af5b3ff300edfcf84c7ab7e366b24c12316ba99ed302e,0.995,12.5124,12.449838,1728009655,Will a Democrat win South Dakota Presidential Election?
0x52c736d97ab572b7da169c787da9ca17578064c74df697bfa3438bf6caa13dde,0x42cfdbb9c688f322507d849750c807a0678f6002,SELL,No,103817554879098980143189456527608321905884757182906793330525824422625380941210,0xcaec99debca1fe002f7af5b3ff300edfcf84c7ab7e366b24c12316ba99ed302e,0.994,14.47,14.383180000000001,1728006484,Will a Democrat win South Dakota Presidential Election?
0x54b083c1afb4733998226408d7d2f20e2d96650ef6ae2bf5423c33b67f12041e,0x42cfdbb9c688f322507d849750c807a0678f6002,BUY,No,103817554879098980143189456527608321905884757182906793330525824422625380941210,0xcaec99debca1fe002f7af5b3ff300edfcf84c7ab7e366b24c12316ba99ed302e,0.995,14.4722,14.399839,1728006250,Will a Democrat win South Dakota Presidential Election?
0x479a1413463cc3f9a09264269df574b7138ac885414f46984142684b015f106b,0x6859badf6223aef2bd6f04fc246ac4dfbd1eb345,SELL,No,103817554879098980143189456527608321905884757182906793330525824422625380941210,0xcaec99debca1fe002f7af5b3ff300edfcf84c7ab7e366b24c12316ba99ed302e,0.994,0.05,0.0497,1728004864,Will a Democrat win South Dakota Presidential Election?
0xb638e99855e1c70cd7993e652476f16d6c0608b6cdece3cea8e0fee9bbfd4e4b,0x6859badf6223aef2bd6f04fc246ac4dfbd1eb345,BUY,No,103817554879098980143189456527608321905884757182906793330525824422625380941210,0xcaec99debca1fe002f7af5b3ff300edfcf84c7ab7e366b24c12316ba99ed302e,0.995,0.0502,0.049949,1728004236,Will a Democrat win South Dakota Presidential Election?
0x207ff7118a71898c4a3dd63d99671920ba40383876ff74e200b1488eb9481cf6,0x7ac096803c384a69dee31c5b41e28a44d0c00436,SELL,No,103817554879098980143189456527608321905884757182906793330525824422625380941210,0xcaec99debca1fe002f7af5b3ff300edfcf84c7ab7e366b24c12316ba99ed302e,0.994,15.63,15.53622,1728003388,Will a Democrat win South Dakota Presidential Election?
0xa4a0cc7a9c1a81512f9add03d5650b126d6d5d789fe4a1920183c917c241eb81,0x7ac096803c384a69dee31c5b41e28a44d0c00436,BUY,No,103817554879098980143189456527608321905884757182906793330525824422625380941210,0xcaec99debca1fe002f7af5b3ff300edfcf84c7ab7e366b24c12316ba99ed302e,0.995,15.638,15.55981,1728003132,Will a Democrat win South Dakota Presidential Election?
0xe488df1b5575ec6eeac1fe5a81111d5f7f044ae12906627e9804fd0b239f63ae,0xc875e8f951b5a4ace3ead402a6b53ed236ca1fd7,SELL,No,103817554879098980143189456527608321905884757182906793330525824422625380941210,0xcaec99debca1fe002f7af5b3ff300edfcf84c7ab7e366b24c12316ba99ed302e,0.994,12.86,12.78284,1728000286,Will a Democrat win South Dakota Presidential Election?
0x9c4d01c42d1764ff39119bdba8a27de91cffd6e1da3460b4b16d6ef6dd14497b,0xc875e8f951b5a4ace3ead402a6b53ed236ca1fd7,BUY,No,103817554879098980143189456527608321905884757182906793330525824422625380941210,0xcaec99debca1fe002f7af5b3ff300edfcf84c7ab7e366b24c12316ba99ed302e,0.995,12.8542,12.789929,1727999796,Will a Democrat win South Dakota Presidential Election?
0x9e586dc168378ae11fd32c81c8c8cdee8c33f51d2236154230102bca0ac404bc,0x64ac44c196236f137b0f93b939c0975fff3ac4e1,SELL,No,103817554879098980143189456527608321905884757182906793330525824422625380941210,0xcaec99debca1fe002f7af5b3ff300edfcf84c7ab7e366b24c12316ba99ed302e,0.994,12.53,12.45482,1727998974,Will a Democrat win South Dakota Presidential Election?
0x067b3b895610fe6a80962aacee933ed102bd1acbe496e7dbf76da8332b424424,0x64ac44c196236f137b0f93b939c0975fff3ac4e1,BUY,No,103817554879098980143189456527608321905884757182906793330525824422625380941210,0xcaec99debca1fe002f7af5b3ff300edfcf84c7ab7e366b24c12316ba99ed302e,0.995,12.5326,12.469937,1727998256,Will a Democrat win South Dakota Presidential Election?
0x707561cbcf86f94468ff66adc8358243b84921ca88fcee8877e62c8ba3584d93,0x262b6a3206188c061bfa8d2cdbc9a5488c2cee4a,SELL,No,103817554879098980143189456527608321905884757182906793330525824422625380941210,0xcaec99debca1fe002f7af5b3ff300edfcf84c7ab7e366b24c12316ba99ed302e,0.994,14.36,14.27384,1727994992,Will a Democrat win South Dakota Presidential Election?
0xbbefa95b7c828c2ef3968d6b5d00b2c6a9328b050e1560562af69710a7a4c24e,0x262b6a3206188c061bfa8d2cdbc9a5488c2cee4a,BUY,No,103817554879098980143189456527608321905884757182906793330525824422625380941210,0xcaec99debca1fe002f7af5b3ff300edfcf84c7ab7e366b24c12316ba99ed302e,0.995,14.3618,14.289991,1727994404,Will a Democrat win South Dakota Presidential Election?
0x19a636b75fed642970e238a2303d6193e39f66bbc3ba0c6bcc40a58053d69baf,0x81e84e73ac0eaf5c48fae16bf4a40842f7cd76e6,SELL,No,103817554879098980143189456527608321905884757182906793330525824422625380941210,0xcaec99debca1fe002f7af5b3ff300edfcf84c7ab7e366b24c12316ba99ed302e,0.994,14.27,14.184379999999999,1727994224,Will a Democrat win South Dakota Presidential Election?
0x8c72309e388c8d038b7a4b6cd2be5a73d29b44a8269a5c229565f2063621eee7,0x81e84e73ac0eaf5c48fae16bf4a40842f7cd76e6,BUY,No,103817554879098980143189456527608321905884757182906793330525824422625380941210,0xcaec99debca1fe002f7af5b3ff300edfcf84c7ab7e366b24c12316ba99ed302e,0.995,14.2712,14.199844,1727993828,Will a Democrat win South Dakota Presidential Election?
0x2c47c60a4b144f8904f7304926cbf645977a13b86bab623b93d8db284f330224,0x65a8600d9e5b7585c602820242e4882ca2c2b29b,SELL,No,103817554879098980143189456527608321905884757182906793330525824422625380941210,0xcaec99debca1fe002f7af5b3ff300edfcf84c7ab7e366b24c12316ba99ed302e,0.994,15.29,15.19826,1727990400,Will a Democrat win South Dakota Presidential Election?
0xb744d545215f0ef184405550feadac423c5616d4cd78fd52b116b4b8d0fc8d70,0x65a8600d9e5b7585c602820242e4882ca2c2b29b,BUY,No,103817554879098980143189456527608321905884757182906793330525824422625380941210,0xcaec99debca1fe002f7af5b3ff300edfcf84c7ab7e366b24c12316ba99ed302e,0.995,15.2864,15.209968,1727989942,Will a Democrat win South Dakota Presidential Election?
0x2f507d885b171083385eb30c6344ac052c6f73e01f86aff75495c740f8a124ca,0x22863c7e4990208e495aec25326e408ceb6e53a2,SELL,No,103817554879098980143189456527608321905884757182906793330525824422625380941210,0xcaec99debca1fe002f7af5b3ff300edfcf84c7ab7e366b24c12316ba99ed302e,0.994,6,5.964,1727988162,Will a Democrat win South Dakota Presidential Election?
0xb439a513125559caf48a9a7144034402b326e83d2b79703fd2e00a950f301f16,0x2b900b45213cc387895221788da3e55bd5507117,SELL,No,103817554879098980143189456527608321905884757182906793330525824422625380941210,0xcaec99debca1fe002f7af5b3ff300edfcf84c7ab7e366b24c12316ba99ed302e,0.994,6,5.964,1727987973,Will a Democrat win South Dakota Presidential Election?
0x2bc5a6d1c7694848eae3a18a6ca8ca19f48d34100403929485393d4aa4333862,0x22863c7e4990208e495aec25326e408ceb6e53a2,BUY,No,103817554879098980143189456527608321905884757182906793330525824422625380941210,0xcaec99debca1fe002f7af5b3ff300edfcf84c7ab7e366b24c12316ba99ed302e,0.995,6,5.97,1727986560,Will a Democrat win South Dakota Presidential Election?
0x3b093ead61677ff4a2ace4c1eaf8247b060186fd1aa3ad254b82e94cfff7a063,0x278da7729f7f767165b45281c067e7980391c380,SELL,No,103817554879098980143189456527608321905884757182906793330525824422625380941210,0xcaec99debca1fe002f7af5b3ff300edfcf84c7ab7e366b24c12316ba99ed302e,0.994,15,14.91,1727986484,Will a Democrat win South Dakota Presidential Election?
0xc71b934b8f0e559f5f3f296a5c7170c62c2c41b5b68df16c35a0eaf999a5a88f,0xe49218dbab5d604a81220e9eec79b68afa07e193,SELL,No,103817554879098980143189456527608321905884757182906793330525824422625380941210,0xcaec99debca1fe002f7af5b3ff300edfcf84c7ab7e366b24c12316ba99ed302e,0.994,42,41.748,1727986212,Will a Democrat win South Dakota Presidential Election?
0x880f440d624598241cf428054e87f98295bf7996b7ad20539ff566c0a8c4705e,0x2b900b45213cc387895221788da3e55bd5507117,BUY,No,103817554879098980143189456527608321905884757182906793330525824422625380941210,0xcaec99debca1fe002f7af5b3ff300edfcf84c7ab7e366b24c12316ba99ed302e,0.995,6,5.97,1727986008,Will a Democrat win South Dakota Presidential Election?
0x278d4691a7398890c47add73722e19bec917d3f8d7fd2eb60563814c9dd86733,0xe8ac27792a2373017d9f2837468c843ed6e44930,SELL,No,103817554879098980143189456527608321905884757182906793330525824422625380941210,0xcaec99debca1fe002f7af5b3ff300edfcf84c7ab7e366b24c12316ba99ed302e,0.994,42,41.748,1727985642,Will a Democrat win South Dakota Presidential Election?
0x400e4c25dd21db227d76719d514e95d7ad1138f8d459c295cddfc82e66c0988d,0x278da7729f7f767165b45281c067e7980391c380,BUY,No,103817554879098980143189456527608321905884757182906793330525824422625380941210,0xcaec99debca1fe002f7af5b3ff300edfcf84c7ab7e366b24c12316ba99ed302e,0.995,15,14.925,1727985426,Will a Democrat win South Dakota Presidential Election?
0x57dbb0425c0ff84a4b1f2ec28e99c794c755d2b8d8779e619093199271446e8d,0xf06a85d8116171592c35ad7786865ce8afc7ee2f,SELL,No,103817554879098980143189456527608321905884757182906793330525824422625380941210,0xcaec99debca1fe002f7af5b3ff300edfcf84c7ab7e366b24c12316ba99ed302e,0.994,3.22,3.20068,1727985098,Will a Democrat win South Dakota Presidential Election?
0x6e39da9eb1b33b62c4de40ade9b6c0f47714f3ccbec5b6b559232adfe080da18,0xe49218dbab5d604a81220e9eec79b68afa07e193,BUY,No,103817554879098980143189456527608321905884757182906793330525824422625380941210,0xcaec99debca1fe002f7af5b3ff300edfcf84c7ab7e366b24c12316ba99ed302e,0.995,42,41.79,1727984778,Will a Democrat win South Dakota Presidential Election?
0xab67e63faa3de198a55667fedcec84081aa5dd0ec7435cb4a059b6aedd8455a7,0xccca5e264be219ff627270f1239d0ff014b6de8e,SELL,No,103817554879098980143189456527608321905884757182906793330525824422625380941210,0xcaec99debca1fe002f7af5b3ff300edfcf84c7ab7e366b24c12316ba99ed302e,0.994,7,6.958,1727984335,Will a Democrat win South Dakota Presidential Election?
0x4bc7e5f600935508a13b040612129421a22ab345961f8db819f48e63bbd483c2,0xe8ac27792a2373017d9f2837468c843ed6e44930,BUY,No,103817554879098980143189456527608321905884757182906793330525824422625380941210,0xcaec99debca1fe002f7af5b3ff300edfcf84c7ab7e366b24c12316ba99ed302e,0.995,42,41.79,1727984223,Will a Democrat win South Dakota Presidential Election?
0x766375994ded36d8fa61f1d153f7fa23df8bebb19e1666e6622b67f565f7900c,0x865c100db857c00d78006968f108edb504749bca,SELL,No,103817554879098980143189456527608321905884757182906793330525824422625380941210,0xcaec99debca1fe002f7af5b3ff300edfcf84c7ab7e366b24c12316ba99ed302e,0.994,4.91,4.88054,1727983607,Will a Democrat win South Dakota Presidential Election?
0xbe5deac8d16e32cbfc37c0ff3d8d509e2428dcad4438522ff882c090a9978ac7,0xccca5e264be219ff627270f1239d0ff014b6de8e,BUY,No,103817554879098980143189456527608321905884757182906793330525824422625380941210,0xcaec99debca1fe002f7af5b3ff300edfcf84c7ab7e366b24c12316ba99ed302e,0.995,7,6.965,1727983587,Will a Democrat win South Dakota Presidential Election?
0x5234ed99369116a876bf0b5dca80dce196f6e7eff252f5c42f4e511364895ef3,0x0fc7a26988919be34a6d7ab0928f4d8388d52eff,SELL,No,103817554879098980143189456527608321905884757182906793330525824422625380941210,0xcaec99debca1fe002f7af5b3ff300edfcf84c7ab7e366b24c12316ba99ed302e,0.994,7,6.958,1727982121,Will a Democrat win South Dakota Presidential Election?
0x7c5585d5d1b90f842e555e7964fcbf71e81ba4dcbfb37560ae20e17bfa904150,0x9f45028871365833b78943a397e37ad8a556d508,SELL,No,103817554879098980143189456527608321905884757182906793330525824422625380941210,0xcaec99debca1fe002f7af5b3ff300edfcf84c7ab7e366b24c12316ba99ed302e,0.994,67,66.598,1727981197,Will a Democrat win South Dakota Presidential Election?
0x39117fbfa8345ebb13d6513811978894502c0af559df10de65e018d530759287,0x0fc7a26988919be34a6d7ab0928f4d8388d52eff,BUY,No,103817554879098980143189456527608321905884757182906793330525824422625380941210,0xcaec99debca1fe002f7af5b3ff300edfcf84c7ab7e366b24c12316ba99ed302e,0.995,7,6.965,1727981193,Will a Democrat win South Dakota Presidential Election?
0x3272d584ca71dd6eb29e3caa06f7678e8855f9389727edcda456770ddcf8a1ec,0x9f45028871365833b78943a397e37ad8a556d508,BUY,No,103817554879098980143189456527608321905884757182906793330525824422625380941210,0xcaec99debca1fe002f7af5b3ff300edfcf84c7ab7e366b24c12316ba99ed302e,0.995,67,66.665,1727980577,Will a Democrat win South Dakota Presidential Election?
0xdf4ffa1a4873ead0ad7e18116a781896dd606c9d026768313eb60eb1510be16e,0x9f45028871365833b78943a397e37ad8a556d508,SELL,No,103817554879098980143189456527608321905884757182906793330525824422625380941210,0xcaec99debca1fe002f7af5b3ff300edfcf84c7ab7e366b24c12316ba99ed302e,0.994,65,64.61,1727979407,Will a Democrat win South Dakota Presidential Election?
0xd15c7e1097bc8759a5f22400db116f471a98da9de9204b0b97fc36cf75f0b1ac,0xfac9707ebc725ed1d41a36d265ac431d98201b64,SELL,No,103817554879098980143189456527608321905884757182906793330525824422625380941210,0xcaec99debca1fe002f7af5b3ff300edfcf84c7ab7e366b24c12316ba99ed302e,0.994,33,32.802,1727978941,Will a Democrat win South Dakota Presidential Election?
0x04f36ee2aabc7218f6411acee3954fc87295d34e1e492f428fbafeeed3190964,0x9f45028871365833b78943a397e37ad8a556d508,BUY,No,103817554879098980143189456527608321905884757182906793330525824422625380941210,0xcaec99debca1fe002f7af5b3ff300edfcf84c7ab7e366b24c12316ba99ed302e,0.995,65,64.675,1727978714,Will a Democrat win South Dakota Presidential Election?
0x72ff6fe0473ee2a1374b595d27727e946601563ed2d898648cd219420c0075fe,0x278da7729f7f767165b45281c067e7980391c380,SELL,No,103817554879098980143189456527608321905884757182906793330525824422625380941210,0xcaec99debca1fe002f7af5b3ff300edfcf84c7ab7e366b24c12316ba99ed302e,0.994,15,14.91,1727978484,Will a Democrat win South Dakota Presidential Election?
0x2f7e878724d1a5276f6640b65434b92b7fde28615aab40b25f0df3fef938144f,0x278da7729f7f767165b45281c067e7980391c380,BUY,No,103817554879098980143189456527608321905884757182906793330525824422625380941210,0xcaec99debca1fe002f7af5b3ff300edfcf84c7ab7e366b24c12316ba99ed302e,0.995,15,14.925,1727978118,Will a Democrat win South Dakota Presidential Election?
0x5e9523546debe2a549d77ada83cdd3db88cdb41bb39f8ef49cbf79520491e209,0xfac9707ebc725ed1d41a36d265ac431d98201b64,BUY,No,103817554879098980143189456527608321905884757182906793330525824422625380941210,0xcaec99debca1fe002f7af5b3ff300edfcf84c7ab7e366b24c12316ba99ed302e,0.995,33,32.835,1727977562,Will a Democrat win South Dakota Presidential Election?
0x81664bd0f88b39ecf14f6d04411acbfa88a2927e9266e94636517aa08d8d69a1,0x5d6a4906fd68b1d2bc515b5fb18c37df3b37a5ee,SELL,No,103817554879098980143189456527608321905884757182906793330525824422625380941210,0xcaec99debca1fe002f7af5b3ff300edfcf84c7ab7e366b24c12316ba99ed302e,0.994,53,52.682,1727977320,Will a Democrat win South Dakota Presidential Election?
0xc70559dc1ef186fea57ffb5aad2edf1269e4b60380d4a9d527e9256de4496cd4,0x20586d28908ffd7ea7532d9fd5bd29d6cb2c5ef4,SELL,No,103817554879098980143189456527608321905884757182906793330525824422625380941210,0xcaec99debca1fe002f7af5b3ff300edfcf84c7ab7e366b24c12316ba99ed302e,0.994,6,5.964,1727976430,Will a Democrat win South Dakota Presidential Election?
0x8d32778da3345e37c016874771caf1d8319e4066923be737d38b8a8224ffe92c,0x5d6a4906fd68b1d2bc515b5fb18c37df3b37a5ee,BUY,No,103817554879098980143189456527608321905884757182906793330525824422625380941210,0xcaec99debca1fe002f7af5b3ff300edfcf84c7ab7e366b24c12316ba99ed302e,0.995,53,52.735,1727976280,Will a Democrat win South Dakota Presidential Election?
0xf7125089957b000609f0ead7f60190c0c11bb77c409a056015a07d13f57e253f,0x20586d28908ffd7ea7532d9fd5bd29d6cb2c5ef4,BUY,No,103817554879098980143189456527608321905884757182906793330525824422625380941210,0xcaec99debca1fe002f7af5b3ff300edfcf84c7ab7e366b24c12316ba99ed302e,0.995,6,5.97,1727975756,Will a Democrat win South Dakota Presidential Election?
0x91b10971d1692ba332c1f3f46792f8e15c6bb0d37caefdb5632f307ea47aeb51,0x278da7729f7f767165b45281c067e7980391c380,SELL,No,103817554879098980143189456527608321905884757182906793330525824422625380941210,0xcaec99debca1fe002f7af5b3ff300edfcf84c7ab7e366b24c12316ba99ed302e,0.994,16,15.904,1727971668,Will a Democrat win South Dakota Presidential Election?
0xb14b90993170d76fa289c101372ca5b232e72bf210799c95b44bd3d20cc06f09,0xa984e8fcd80d689fd3ce752c2c47a2b85a1ec195,SELL,No,103817554879098980143189456527608321905884757182906793330525824422625380941210,0xcaec99debca1fe002f7af5b3ff300edfcf84c7ab7e366b24c12316ba99ed302e,0.994,57,56.658,1727971536,Will a Democrat win South Dakota Presidential Election?
0x0dd1777245470b5683d7da27af333b3eb4bf60ae4570270ceec87e2014c4c097,0x687995376af0ca508f592c6b407a929c04559eb8,SELL,No,103817554879098980143189456527608321905884757182906793330525824422625380941210,0xcaec99debca1fe002f7af5b3ff300edfcf84c7ab7e366b24c12316ba99ed302e,0.994,78,77.532,1727971341,Will a Democrat win South Dakota Presidential Election?
0x97feaac765905dce24b15c99e29812d748ffc08089b1d9f6950931ba3eb7016e,0x278da7729f7f767165b45281c067e7980391c380,BUY,No,103817554879098980143189456527608321905884757182906793330525824422625380941210,0xcaec99debca1fe002f7af5b3ff300edfcf84c7ab7e366b24c12316ba99ed302e,0.995,16,15.92,1727970891,Will a Democrat win South Dakota Presidential Election?
0x3e7e1468a5c97cad09b06512b2ccb4867e8b35e3a679106f45644b01934697f8,0x687995376af0ca508f592c6b407a929c04559eb8,BUY,No,103817554879098980143189456527608321905884757182906793330525824422625380941210,0xcaec99debca1fe002f7af5b3ff300edfcf84c7ab7e366b24c12316ba99ed302e,0.995,78,77.61,1727970323,Will a Democrat win South Dakota Presidential Election?
0x9a82efbeccdc3de466f194d3406d57632dd7a05b14776b0b65291911a944747a,0xa984e8fcd80d689fd3ce752c2c47a2b85a1ec195,BUY,No,103817554879098980143189456527608321905884757182906793330525824422625380941210,0xcaec99debca1fe002f7af5b3ff300edfcf84c7ab7e366b24c12316ba99ed302e,0.995,57,56.714999999999996,1727969733,Will a Democrat win South Dakota Presidential Election?
0x5b7e53a57b512ecd3e24e0e44df237766d9e8c65e138b647671166fc17db7b2c,0xa984e8fcd80d689fd3ce752c2c47a2b85a1ec195,SELL,No,103817554879098980143189456527608321905884757182906793330525824422625380941210,0xcaec99debca1fe002f7af5b3ff300edfcf84c7ab7e366b24c12316ba99ed302e,0.994,5,4.97,1727968599,Will a Democrat win South Dakota Presidential Election?
0x5da19ef3b68cae4d2b4a6a7adde6a6ad3053c0847b2ade389ed613817d84d1ab,0x11761002588ac8fe0eeb32d92e8dca3c0477f85f,BUY,No,103817554879098980143189456527608321905884757182906793330525824422625380941210,0xcaec99debca1fe002f7af5b3ff300edfcf84c7ab7e366b24c12316ba99ed302e,0.995,27,26.865,1727968495,Will a Democrat win South Dakota Presidential Election?
0xc8815c8d08bc14cf8ca473af3e8d905126127efb08ccb6a52369c1407ddb3af5,0xa984e8fcd80d689fd3ce752c2c47a2b85a1ec195,BUY,No,103817554879098980143189456527608321905884757182906793330525824422625380941210,0xcaec99debca1fe002f7af5b3ff300edfcf84c7ab7e366b24c12316ba99ed302e,0.995,5,4.975,1727966675,Will a Democrat win South Dakota Presidential Election?
0xe19c7b3a7739be669951aa62171455b732d50f91ccc27f0d653362b8e3d6ffab,0x3f7557a3103dbb0b89c57b7090d85ccacddaff4d,SELL,No,103817554879098980143189456527608321905884757182906793330525824422625380941210,0xcaec99debca1fe002f7af5b3ff300edfcf84c7ab7e366b24c12316ba99ed302e,0.994,4.62,4.59228,1727954867,Will a Democrat win South Dakota Presidential Election?
0x218390119bd56ecc50fd69893f276f3b1b688a9c1c05a41f2201d4a59611a56f,0x93b7e00d5879af4594dce2a7add8947739a516da,SELL,No,103817554879098980143189456527608321905884757182906793330525824422625380941210,0xcaec99debca1fe002f7af5b3ff300edfcf84c7ab7e366b24c12316ba99ed302e,0.994,4.91,4.88054,1727944575,Will a Democrat win South Dakota Presidential Election?
0x1ad138e67490f69b95270ab8168fa9c4ec924d1723a6578b2b670fb8729b5935,0x65d358ab3fc8800dd9b8d30ae7637e4d9d59faa7,SELL,No,103817554879098980143189456527608321905884757182906793330525824422625380941210,0xcaec99debca1fe002f7af5b3ff300edfcf84c7ab7e366b24c12316ba99ed302e,0.994,14.19,14.104859999999999,1727921742,Will a Democrat win South Dakota Presidential Election?
0x74e61ad04d46c3c124d591bf481f625817c1285bf6c6361f576756d55f248d27,0x65d358ab3fc8800dd9b8d30ae7637e4d9d59faa7,BUY,No,103817554879098980143189456527608321905884757182906793330525824422625380941210,0xcaec99debca1fe002f7af5b3ff300edfcf84c7ab7e366b24c12316ba99ed302e,0.995,14.1908,14.119845999999999,1727921484,Will a Democrat win South Dakota Presidential Election?
0x3dbcd5cbb1e184bd5f0acc5881e186fd7e80d7f4fe2a00ae835e3e6b7daf0370,0x2c488cf3ad75300aedc3a135aae498dcbad0a0dc,SELL,No,103817554879098980143189456527608321905884757182906793330525824422625380941210,0xcaec99debca1fe002f7af5b3ff300edfcf84c7ab7e366b24c12316ba99ed302e,0.994,15.54,15.44676,1727918178,Will a Democrat win South Dakota Presidential Election?
0x0137bb28310e4a43b39f613147ec9317a1de0223db3603aa42bd27161f5915f4,0x2c488cf3ad75300aedc3a135aae498dcbad0a0dc,BUY,No,103817554879098980143189456527608321905884757182906793330525824422625380941210,0xcaec99debca1fe002f7af5b3ff300edfcf84c7ab7e366b24c12316ba99ed302e,0.995,15.5476,15.469862,1727917886,Will a Democrat win South Dakota Presidential Election?
0x08fb38d23a9053f0295ac5ffb865271dbbc3c26817370b1a3250a606c0dc456e,0xc613e6707bd115e5c04d303d944568232697662b,SELL,Yes,105742278895779392184517567088147476702553818055925607866681628906726505150563,0xcaec99debca1fe002f7af5b3ff300edfcf84c7ab7e366b24c12316ba99ed302e,0.005,8.07,0.040350000000000004,1727916896,Will a Democrat win South Dakota Presidential Election?
0x865900cf3c5f6313d4fd80df22a8cc2ac40aaf41a2dfc1141bc186aac7ea9a8a,0x8d60976ec441891a8dbbd5a06dc4d1970a6af402,SELL,No,103817554879098980143189456527608321905884757182906793330525824422625380941210,0xcaec99debca1fe002f7af5b3ff300edfcf84c7ab7e366b24c12316ba99ed302e,0.994,199.9,198.7006,1727915774,Will a Democrat win South Dakota Presidential Election?
0x9da140276b999905078468dadc41c565a58f433fd7061a550ef8537d3c385383,0x8d60976ec441891a8dbbd5a06dc4d1970a6af402,BUY,No,103817554879098980143189456527608321905884757182906793330525824422625380941210,0xcaec99debca1fe002f7af5b3ff300edfcf84c7ab7e366b24c12316ba99ed302e,0.995,199.8994,198.89990300000002,1727915736,Will a Democrat win South Dakota Presidential Election?
0x58a14a64bb224726cba5c54bc1a73719fe94b33427427374fd0b4aeafb1a8a29,0xdebd306cb8083f49435bcd67d760185e4c7d8613,SELL,No,103817554879098980143189456527608321905884757182906793330525824422625380941210,0xcaec99debca1fe002f7af5b3ff300edfcf84c7ab7e366b24c12316ba99ed302e,0.994,14.54,14.45276,1727914921,Will a Democrat win South Dakota Presidential Election?
0xb8e82ee37c5e3be5f18be46717c971a760fd70c6ffb71de93ee973100aaece94,0x8d60976ec441891a8dbbd5a06dc4d1970a6af402,SELL,No,103817554879098980143189456527608321905884757182906793330525824422625380941210,0xcaec99debca1fe002f7af5b3ff300edfcf84c7ab7e366b24c12316ba99ed302e,0.994,201.16,199.95304,1727914811,Will a Democrat win South Dakota Presidential Election?
0xbf67eaed644d9a5da6c8ce0475405eb2afc3638aa862fdb75f316ef53c0fdca5,0x8d60976ec441891a8dbbd5a06dc4d1970a6af402,BUY,No,103817554879098980143189456527608321905884757182906793330525824422625380941210,0xcaec99debca1fe002f7af5b3ff300edfcf84c7ab7e366b24c12316ba99ed302e,0.995,201.1658,200.15997099999998,1727914679,Will a Democrat win South Dakota Presidential Election?
0x422703f922e35bbcc9a5b164328859ad9b9a51eebe90f13371e6a32fd19c210f,0xdebd306cb8083f49435bcd67d760185e4c7d8613,BUY,No,103817554879098980143189456527608321905884757182906793330525824422625380941210,0xcaec99debca1fe002f7af5b3ff300edfcf84c7ab7e366b24c12316ba99ed302e,0.995,14.5426,14.469887,1727914347,Will a Democrat win South Dakota Presidential Election?
0x07e302688954731b73e4adabec321944e73cd12d742ad597b3b6e1b5c285b52b,0x65a8600d9e5b7585c602820242e4882ca2c2b29b,SELL,No,103817554879098980143189456527608321905884757182906793330525824422625380941210,0xcaec99debca1fe002f7af5b3ff300edfcf84c7ab7e366b24c12316ba99ed302e,0.994,15.52,15.426879999999999,1727914253,Will a Democrat win South Dakota Presidential Election?
0xbc0aa3a99a91dd541659cb66483d47df3aa8db15c0ae8523f7d3654562b04099,0xc8f16c707edcfd60745e1a7b5860332a1f636488,SELL,No,103817554879098980143189456527608321905884757182906793330525824422625380941210,0xcaec99debca1fe002f7af5b3ff300edfcf84c7ab7e366b24c12316ba99ed302e,0.994,13.45,13.369299999999999,1727914245,Will a Democrat win South Dakota Presidential Election?
0xb9f9c9c9cc4f802abe732614bb0c32c74ca1b1b6d1ca0c1ab80abf2e0b4a6f81,0x65a8600d9e5b7585c602820242e4882ca2c2b29b,BUY,No,103817554879098980143189456527608321905884757182906793330525824422625380941210,0xcaec99debca1fe002f7af5b3ff300edfcf84c7ab7e366b24c12316ba99ed302e,0.995,15.5276,15.449962,1727914021,Will a Democrat win South Dakota Presidential Election?
0x0274991864c5aecad0f787320a200af4515df309a361cd4687767144e86014f8,0xc8f16c707edcfd60745e1a7b5860332a1f636488,BUY,No,103817554879098980143189456527608321905884757182906793330525824422625380941210,0xcaec99debca1fe002f7af5b3ff300edfcf84c7ab7e366b24c12316ba99ed302e,0.995,13.4572,13.389914000000001,1727913873,Will a Democrat win South Dakota Presidential Election?
0xbfea6d578f1a91746b86f8dd65452d59abfa1a4529bd8f2630ef9059b9fa8367,0xd960e5b56e7e9a012c021cb11d15150f7eed7087,SELL,No,103817554879098980143189456527608321905884757182906793330525824422625380941210,0xcaec99debca1fe002f7af5b3ff300edfcf84c7ab7e366b24c12316ba99ed302e,0.994,12.97,12.89218,1727911865,Will a Democrat win South Dakota Presidential Election?
0x6b4e673f06dc89cc7990b5e5d829f48b831f2f5aadafdb0ebcbd2b36fb813a01,0xd960e5b56e7e9a012c021cb11d15150f7eed7087,BUY,No,103817554879098980143189456527608321905884757182906793330525824422625380941210,0xcaec99debca1fe002f7af5b3ff300edfcf84c7ab7e366b24c12316ba99ed302e,0.995,12.9748,12.909926,1727911239,Will a Democrat win South Dakota Presidential Election?
0xe777dbe6ad0bd1b35942bef33be38fe3eef7841c92a70b36b4bc58f23d7495f2,0x262b6a3206188c061bfa8d2cdbc9a5488c2cee4a,SELL,No,103817554879098980143189456527608321905884757182906793330525824422625380941210,0xcaec99debca1fe002f7af5b3ff300edfcf84c7ab7e366b24c12316ba99ed302e,0.993,14.97,14.865210000000001,1727904771,Will a Democrat win South Dakota Presidential Election?
0xee056473cb7a4a7752e07d5835810f4956c7cc46ee58a7ec11748835cfe97c66,0x262b6a3206188c061bfa8d2cdbc9a5488c2cee4a,BUY,No,103817554879098980143189456527608321905884757182906793330525824422625380941210,0xcaec99debca1fe002f7af5b3ff300edfcf84c7ab7e366b24c12316ba99ed302e,0.995,14.9748,14.899926,1727904485,Will a Democrat win South Dakota Presidential Election?
0xc7eefdce26779986fe65bca9d9ac06b618944cf8fc5eada057ac88204c44044e,0x66f1c6145cf63d45a5a225449a919dc5a00367ba,SELL,No,103817554879098980143189456527608321905884757182906793330525824422625380941210,0xcaec99debca1fe002f7af5b3ff300edfcf84c7ab7e366b24c12316ba99ed302e,0.993,14.08,13.98144,1727903603,Will a Democrat win South Dakota Presidential Election?
0x6c0485dcfb61ff5427fa871134d6e7091523de7aa45effaaeaf809e38114f5fa,0x66f1c6145cf63d45a5a225449a919dc5a00367ba,BUY,No,103817554879098980143189456527608321905884757182906793330525824422625380941210,0xcaec99debca1fe002f7af5b3ff300edfcf84c7ab7e366b24c12316ba99ed302e,0.995,14.0804,14.009998,1727902933,Will a Democrat win South Dakota Presidential Election?
0xa99b388fabe08e474217c92cb92deff47c57e342eddcb9ac3fbaa363b2ec0e18,0x71b23fdb80871a8557412db3af91d84f76338be3,SELL,No,103817554879098980143189456527608321905884757182906793330525824422625380941210,0xcaec99debca1fe002f7af5b3ff300edfcf84c7ab7e366b24c12316ba99ed302e,0.993,0.19,0.18867,1727901862,Will a Democrat win South Dakota Presidential Election?
0x73007f20700fa5dad4e0a766ae9188043c35bacb9161331b53fa1c165d283567,0x71b23fdb80871a8557412db3af91d84f76338be3,BUY,No,103817554879098980143189456527608321905884757182906793330525824422625380941210,0xcaec99debca1fe002f7af5b3ff300edfcf84c7ab7e366b24c12316ba99ed302e,0.995,0.1908,0.189846,1727901772,Will a Democrat win South Dakota Presidential Election?
0x46c54130eb0e05380cff595fe9cfa003b30e5f2556589d0b069376ae8a0f9976,0xc875e8f951b5a4ace3ead402a6b53ed236ca1fd7,SELL,No,103817554879098980143189456527608321905884757182906793330525824422625380941210,0xcaec99debca1fe002f7af5b3ff300edfcf84c7ab7e366b24c12316ba99ed302e,0.993,13.22,13.127460000000001,1727901228,Will a Democrat win South Dakota Presidential Election?
0xedfb357e845296c31d97d443ceed209eb81889cd8cfa93b78e8c2c7e77ca35dd,0x81e84e73ac0eaf5c48fae16bf4a40842f7cd76e6,SELL,No,103817554879098980143189456527608321905884757182906793330525824422625380941210,0xcaec99debca1fe002f7af5b3ff300edfcf84c7ab7e366b24c12316ba99ed302e,0.993,14.59,14.48787,1727900884,Will a Democrat win South Dakota Presidential Election?
0xfcc89095079e647f9ddac417a17ce773613c6f6acb588c73da8df33bec52fa44,0xc875e8f951b5a4ace3ead402a6b53ed236ca1fd7,BUY,No,103817554879098980143189456527608321905884757182906793330525824422625380941210,0xcaec99debca1fe002f7af5b3ff300edfcf84c7ab7e366b24c12316ba99ed302e,0.995,13.226,13.159870000000002,1727900666,Will a Democrat win South Dakota Presidential Election?
0x984537103ff8a4a9573c7b64b4bdebfcebb66636b8151504a900c5639555af15,0x81e84e73ac0eaf5c48fae16bf4a40842f7cd76e6,BUY,No,103817554879098980143189456527608321905884757182906793330525824422625380941210,0xcaec99debca1fe002f7af5b3ff300edfcf84c7ab7e366b24c12316ba99ed302e,0.995,14.5928,14.519836,1727900422,Will a Democrat win South Dakota Presidential Election?
0x3028874c4de45956e81f1a6c2aa8c39c61a0de38fd54a01bbacbed3090aac9b6,0x7ac096803c384a69dee31c5b41e28a44d0c00436,SELL,No,103817554879098980143189456527608321905884757182906793330525824422625380941210,0xcaec99debca1fe002f7af5b3ff300edfcf84c7ab7e366b24c12316ba99ed302e,0.993,16.1,15.987300000000001,1727897016,Will a Democrat win South Dakota Presidential Election?
0x3b9668b0af92315a93678c3b1a769a4807abbbe058ae9cbd88e4a4934f8972b6,0x7ac096803c384a69dee31c5b41e28a44d0c00436,BUY,No,103817554879098980143189456527608321905884757182906793330525824422625380941210,0xcaec99debca1fe002f7af5b3ff300edfcf84c7ab7e366b24c12316ba99ed302e,0.995,16.1004,16.019898,1727896524,Will a Democrat win South Dakota Presidential Election?
0xd42a041c75527746472c369846bb00b1c6465849754d67a4c8464a5aad29b5a9,0x09d504354310eae2963c2b928d6bf08813bdfc6f,SELL,No,103817554879098980143189456527608321905884757182906793330525824422625380941210,0xcaec99debca1fe002f7af5b3ff300edfcf84c7ab7e366b24c12316ba99ed302e,0.993,3.32,3.29676,1727893737,Will a Democrat win South Dakota Presidential Election?
0x28ca1e5e06d8dd20f74942f40a06420adf8089b2de3d6a2acdc26385fe4fdad8,0x64ac44c196236f137b0f93b939c0975fff3ac4e1,SELL,No,103817554879098980143189456527608321905884757182906793330525824422625380941210,0xcaec99debca1fe002f7af5b3ff300edfcf84c7ab7e366b24c12316ba99ed302e,0.993,13.1,13.0083,1727893413,Will a Democrat win South Dakota Presidential Election?
0x1968dd6941d87a1a936d49a684e8fa76d9845ded5b364c97e90cf0378eeeec5b,0x537ef212166ba7a1e2e040e48cd084d3224eb03e,SELL,No,103817554879098980143189456527608321905884757182906793330525824422625380941210,0xcaec99debca1fe002f7af5b3ff300edfcf84c7ab7e366b24c12316ba99ed302e,0.993,12.99,12.89907,1727892747,Will a Democrat win South Dakota Presidential Election?
0x35a3a94179babef207a70d9be48bc32f53f05bb81a0f3e482e37734e8686b34d,0x64ac44c196236f137b0f93b939c0975fff3ac4e1,BUY,No,103817554879098980143189456527608321905884757182906793330525824422625380941210,0xcaec99debca1fe002f7af5b3ff300edfcf84c7ab7e366b24c12316ba99ed302e,0.995,13.1054,13.039873,1727892623,Will a Democrat win South Dakota Presidential Election?
0x1e21a521005b1f20e299b8e3eb23f7ef05d1001f942989c3482534c8d672034d,0x537ef212166ba7a1e2e040e48cd084d3224eb03e,BUY,No,103817554879098980143189456527608321905884757182906793330525824422625380941210,0xcaec99debca1fe002f7af5b3ff300edfcf84c7ab7e366b24c12316ba99ed302e,0.995,12.9948,12.929826,1727892391,Will a Democrat win South Dakota Presidential Election?
0xa736f0ce2eb118bdd84eb8d972b93f5c6b165b4b2252582b3924ed215ef0942b,0x0c3fb659d3e8603989f42ad50e449e163f4363b0,SELL,No,103817554879098980143189456527608321905884757182906793330525824422625380941210,0xcaec99debca1fe002f7af5b3ff300edfcf84c7ab7e366b24c12316ba99ed302e,0.993,3.93,3.9024900000000002,1727891849,Will a Democrat win South Dakota Presidential Election?
0x74f8fce48bcb05ce80f9568a7195157a34a1f9d84cbcd1362569a7cb710a1fd5,0x4db156e47b4382a2318f4aa8c6516561402e20df,SELL,No,103817554879098980143189456527608321905884757182906793330525824422625380941210,0xcaec99debca1fe002f7af5b3ff300edfcf84c7ab7e366b24c12316ba99ed302e,0.993,13.94,13.842419999999999,1727890845,Will a Democrat win South Dakota Presidential Election?
0x827a0f74010c957a900d6cca5e55c7efe08d10271a8b233273b875af7697b0f1,0x4db156e47b4382a2318f4aa8c6516561402e20df,BUY,No,103817554879098980143189456527608321905884757182906793330525824422625380941210,0xcaec99debca1fe002f7af5b3ff300edfcf84c7ab7e366b24c12316ba99ed302e,0.995,13.9496,13.879852,1727890369,Will a Democrat win South Dakota Presidential Election?
0x38979b170577f645fa84aeb375c9c7c969b195408a24660b0f77d4d4969c9402,0x60271ab8e6cfd08e20cd52cf0f206cb6d33d78a0,SELL,No,103817554879098980143189456527608321905884757182906793330525824422625380941210,0xcaec99debca1fe002f7af5b3ff300edfcf84c7ab7e366b24c12316ba99ed302e,0.993,4.06,4.03158,1727890000,Will a Democrat win South Dakota Presidential Election?
0x31a8ea402d1a6bbf4e77c3d8aacde7ab68e82a30699f4db88bdcc762c36072dc,0x51bb83b4d87bb8e076cc316a16fa26703aced6bc,SELL,No,103817554879098980143189456527608321905884757182906793330525824422625380941210,0xcaec99debca1fe002f7af5b3ff300edfcf84c7ab7e366b24c12316ba99ed302e,0.993,16.24,16.12632,1727889516,Will a Democrat win South Dakota Presidential Election?
0x392379f552b67ca430f8fcb1dddc5529fe9c385e36b4ad5637ddcc3e925efb03,0x51bb83b4d87bb8e076cc316a16fa26703aced6bc,BUY,No,103817554879098980143189456527608321905884757182906793330525824422625380941210,0xcaec99debca1fe002f7af5b3ff300edfcf84c7ab7e366b24c12316ba99ed302e,0.995,16.2412,16.159993999999998,1727888810,Will a Democrat win South Dakota Presidential Election?
0xd8ae844564901e77877d6dc5d2c5617f33ef502eac2ce44d6136b4ced92a44ee,0x4f11ba9e8b46a9387587ffbeccb6136a9b6a7061,SELL,No,103817554879098980143189456527608321905884757182906793330525824422625380941210,0xcaec99debca1fe002f7af5b3ff300edfcf84c7ab7e366b24c12316ba99ed302e,0.993,11.98,11.89614,1727888412,Will a Democrat win South Dakota Presidential Election?
0xe806f37b8618938957cb50cacbe3e98ff552d584e1d1d2e9f707c59eb61772ab,0x4f11ba9e8b46a9387587ffbeccb6136a9b6a7061,BUY,No,103817554879098980143189456527608321905884757182906793330525824422625380941210,0xcaec99debca1fe002f7af5b3ff300edfcf84c7ab7e366b24c12316ba99ed302e,0.995,11.9898,11.929851000000001,1727887890,Will a Democrat win South Dakota Presidential Election?
0xc7f21eba0eda2f7afb087309e09ec1a0d1c5277624a2193966cbd3ce88685b5e,0x42cfdbb9c688f322507d849750c807a0678f6002,SELL,No,103817554879098980143189456527608321905884757182906793330525824422625380941210,0xcaec99debca1fe002f7af5b3ff300edfcf84c7ab7e366b24c12316ba99ed302e,0.993,14.73,14.62689,1727886886,Will a Democrat win South Dakota Presidential Election?
0xc2e7a0805956760920a181b36bcd935ededdc3ed712381e6408e40e4d516f343,0x42cfdbb9c688f322507d849750c807a0678f6002,BUY,No,103817554879098980143189456527608321905884757182906793330525824422625380941210,0xcaec99debca1fe002f7af5b3ff300edfcf84c7ab7e366b24c12316ba99ed302e,0.995,14.7336,14.659932,1727886448,Will a Democrat win South Dakota Presidential Election?
0x402f0d7c649bccb2bf3cea71d3fdd53261b703bd432a1dcfd011c8dcd285181b,0x688bc877adc1288d311923a71173ca38f1de646b,SELL,No,103817554879098980143189456527608321905884757182906793330525824422625380941210,0xcaec99debca1fe002f7af5b3ff300edfcf84c7ab7e366b24c12316ba99ed302e,0.993,14.73,14.62689,1727885894,Will a Democrat win South Dakota Presidential Election?
0x8e3471a08133dc8a1f210d46b84c5e1365412ca9892d13bb583f30bd2e8b7923,0x688bc877adc1288d311923a71173ca38f1de646b,BUY,No,103817554879098980143189456527608321905884757182906793330525824422625380941210,0xcaec99debca1fe002f7af5b3ff300edfcf84c7ab7e366b24c12316ba99ed302e,0.995,14.7336,14.659932,1727885586,Will a Democrat win South Dakota Presidential Election?
0x1c7f012f70ecbf1120caa42d07c0a657b79cdc460f75a32aefdf95075efb5416,0xaa7226fea2ffbab5053facb3f5f1657d3cb074b1,SELL,No,103817554879098980143189456527608321905884757182906793330525824422625380941210,0xcaec99debca1fe002f7af5b3ff300edfcf84c7ab7e366b24c12316ba99ed302e,0.993,12.29,12.203969999999998,1727883861,Will a Democrat win South Dakota Presidential Election?
0xf810c520e18565245207e3002eebc698d3fbc8d95cc1c90f8bc7b4b4808f2f21,0xaa7226fea2ffbab5053facb3f5f1657d3cb074b1,BUY,No,103817554879098980143189456527608321905884757182906793330525824422625380941210,0xcaec99debca1fe002f7af5b3ff300edfcf84c7ab7e366b24c12316ba99ed302e,0.995,12.2914,12.229942999999999,1727883449,Will a Democrat win South Dakota Presidential Election?
0x5a0fca99fb838ee9753f27fe40422674e10b46edd2b2d6ffe561a5c545536ad5,0xede7c4c035eb71482d439363e1f8e415c2d2e423,SELL,No,103817554879098980143189456527608321905884757182906793330525824422625380941210,0xcaec99debca1fe002f7af5b3ff300edfcf84c7ab7e366b24c12316ba99ed302e,0.993,3.61,3.58473,1727881412,Will a Democrat win South Dakota Presidential Election?
0x5b95fd513fe0d3328198d0c057c20344c9fda01074bed94efe894f73fa9c9128,0x7b87be0d9b2553eee5df40a2982f53168589891c,SELL,No,103817554879098980143189456527608321905884757182906793330525824422625380941210,0xcaec99debca1fe002f7af5b3ff300edfcf84c7ab7e366b24c12316ba99ed302e,0.993,4,3.972,1727878674,Will a Democrat win South Dakota Presidential Election?
0x690b1936c676942147716e8332aa813bf5583ba2134efce2cf1eed920a306118,0xede7c4c035eb71482d439363e1f8e415c2d2e423,BUY,No,103817554879098980143189456527608321905884757182906793330525824422625380941210,0xcaec99debca1fe002f7af5b3ff300edfcf84c7ab7e366b24c12316ba99ed302e,0.995,3.618,3.59991,1727872758,Will a Democrat win South Dakota Presidential Election?
0x2407f7ddf67a8f3235f08ba9c5f11b4c9c5d2f648212df870de39dd1f6c7e907,0x93b7e00d5879af4594dce2a7add8947739a516da,BUY,No,103817554879098980143189456527608321905884757182906793330525824422625380941210,0xcaec99debca1fe002f7af5b3ff300edfcf84c7ab7e366b24c12316ba99ed302e,0.995,4.9044,4.879878,1727871886,Will a Democrat win South Dakota Presidential Election?
0x4226dd0969912dc36028d6f0f41696753f1489819594c6d02c6e26c8c8f085e0,0x3f7557a3103dbb0b89c57b7090d85ccacddaff4d,BUY,No,103817554879098980143189456527608321905884757182906793330525824422625380941210,0xcaec99debca1fe002f7af5b3ff300edfcf84c7ab7e366b24c12316ba99ed302e,0.995,4.613,4.5899350000000005,1727870568,Will a Democrat win South Dakota Presidential Election?
0x0db489338ebc2050543bb3b68905199ea186dd6e8ba62f8b8672cfea3248bc3f,0x7b87be0d9b2553eee5df40a2982f53168589891c,BUY,No,103817554879098980143189456527608321905884757182906793330525824422625380941210,0xcaec99debca1fe002f7af5b3ff300edfcf84c7ab7e366b24c12316ba99ed302e,0.995,4,3.98,1727870258,Will a Democrat win South Dakota Presidential Election?
0xe1ec0b784bcc6481224273416036f89885d688065d21b4549790eae1240ad629,0x0c3fb659d3e8603989f42ad50e449e163f4363b0,BUY,No,103817554879098980143189456527608321905884757182906793330525824422625380941210,0xcaec99debca1fe002f7af5b3ff300edfcf84c7ab7e366b24c12316ba99ed302e,0.995,3.9296,3.909952,1727868058,Will a Democrat win South Dakota Presidential Election?
0xbaed81c12889b2f25a0e7b903f9588a1509e409a085da0e1e3c5570842bc99ad,0x865c100db857c00d78006968f108edb504749bca,BUY,No,103817554879098980143189456527608321905884757182906793330525824422625380941210,0xcaec99debca1fe002f7af5b3ff300edfcf84c7ab7e366b24c12316ba99ed302e,0.995,4.9144,4.889828,1727864534,Will a Democrat win South Dakota Presidential Election?
0x90b0f6bf27c2685fa53ec7933c04792b25efaccc427ebde40822e2b75189cdb0,0x09d504354310eae2963c2b928d6bf08813bdfc6f,BUY,No,103817554879098980143189456527608321905884757182906793330525824422625380941210,0xcaec99debca1fe002f7af5b3ff300edfcf84c7ab7e366b24c12316ba99ed302e,0.995,3.3164,3.2998179999999997,1727862542,Will a Democrat win South Dakota Presidential Election?
0x95c71df6986ac30b7c266239cf6720e005c7878fd88d76283335d540ef9df659,0x60271ab8e6cfd08e20cd52cf0f206cb6d33d78a0,BUY,No,103817554879098980143189456527608321905884757182906793330525824422625380941210,0xcaec99debca1fe002f7af5b3ff300edfcf84c7ab7e366b24c12316ba99ed302e,0.995,4.0602,4.039899,1727861420,Will a Democrat win South Dakota Presidential Election?
0x7595c8b9e5fdf7228e61eda9a03061667157cbdc9de75cb83323b15141821ccc,0xf06a85d8116171592c35ad7786865ce8afc7ee2f,BUY,No,103817554879098980143189456527608321905884757182906793330525824422625380941210,0xcaec99debca1fe002f7af5b3ff300edfcf84c7ab7e366b24c12316ba99ed302e,0.995,3.226,3.20987,1727858650,Will a Democrat win South Dakota Presidential Election?
0xe6179ed53d649fc6572f9efe536a94160a7c0f2b711e13708905a3d0ae9026ee,0xd20bcb60f863c8aa4ec05ad353ab70a37e99a91e,SELL,No,103817554879098980143189456527608321905884757182906793330525824422625380941210,0xcaec99debca1fe002f7af5b3ff300edfcf84c7ab7e366b24c12316ba99ed302e,0.993,15.7,15.5901,1727806854,Will a Democrat win South Dakota Presidential Election?
0xa515a644e90c1d04dfd82a5cf291cb699ad6de8abe9a61fbe72d55bc9fb1bd6e,0xd20bcb60f863c8aa4ec05ad353ab70a37e99a91e,BUY,No,103817554879098980143189456527608321905884757182906793330525824422625380941210,0xcaec99debca1fe002f7af5b3ff300edfcf84c7ab7e366b24c12316ba99ed302e,0.995,15.7084,15.629857999999999,1727806088,Will a Democrat win South Dakota Presidential Election?
0xec077aacb5bfab29eaa57700ba911eaf8909f5645356f3f75cf1e8a9cd339046,0x5467a8057a17fd1cfde8aa3945335e9b7f3c9140,SELL,No,103817554879098980143189456527608321905884757182906793330525824422625380941210,0xcaec99debca1fe002f7af5b3ff300edfcf84c7ab7e366b24c12316ba99ed302e,0.993,12.71,12.621030000000001,1727802358,Will a Democrat win South Dakota Presidential Election?
0x61e331cb309a8e08a1500cbad33e04e969680d90ed6438044fee322d316d52ac,0x5467a8057a17fd1cfde8aa3945335e9b7f3c9140,BUY,No,103817554879098980143189456527608321905884757182906793330525824422625380941210,0xcaec99debca1fe002f7af5b3ff300edfcf84c7ab7e366b24c12316ba99ed302e,0.995,12.7134,12.649833,1727802044,Will a Democrat win South Dakota Presidential Election?
0x77b766967435e416ae11659ca7e60cbe76771cafc027d9f2fe0a234ec0e00e37,0x79399c3e7911bc4280fe17f54a76f05172846004,SELL,No,103817554879098980143189456527608321905884757182906793330525824422625380941210,0xcaec99debca1fe002f7af5b3ff300edfcf84c7ab7e366b24c12316ba99ed302e,0.993,16.17,16.056810000000002,1727799814,Will a Democrat win South Dakota Presidential Election?
0xf7aa60cea60954ac7188d611027e5764405b01e81fefa54524d4e60ba67841b7,0x79399c3e7911bc4280fe17f54a76f05172846004,BUY,No,103817554879098980143189456527608321905884757182906793330525824422625380941210,0xcaec99debca1fe002f7af5b3ff300edfcf84c7ab7e366b24c12316ba99ed302e,0.995,16.1708,16.089946,1727799352,Will a Democrat win South Dakota Presidential Election?
0x5f5acb2f0056bae7358e29dff6768dc964d01bacc6a8e01e3ad893daaa789e8e,0x94e5185c7a2dd249e4e74d7abf6abcf7905ff46c,SELL,No,103817554879098980143189456527608321905884757182906793330525824422625380941210,0xcaec99debca1fe002f7af5b3ff300edfcf84c7ab7e366b24c12316ba99ed302e,0.993,9.81,9.74133,1727796170,Will a Democrat win South Dakota Presidential Election?
0x455cade7ec2e91cab27748fc6fa5f6070e9f91ab2f304dda9f74972fd91b824c,0x94e5185c7a2dd249e4e74d7abf6abcf7905ff46c,BUY,No,103817554879098980143189456527608321905884757182906793330525824422625380941210,0xcaec99debca1fe002f7af5b3ff300edfcf84c7ab7e366b24c12316ba99ed302e,0.995,9.809,9.759955,1727795778,Will a Democrat win South Dakota Presidential Election?
0xcc7d66bbfbbb22f59238337f56449a8006b68e773fb814daccf54de5ebeb337d,0xb0114e5109faab9c90a30a5b19f4411b2d20ed2e,SELL,No,103817554879098980143189456527608321905884757182906793330525824422625380941210,0xcaec99debca1fe002f7af5b3ff300edfcf84c7ab7e366b24c12316ba99ed302e,0.993,11.11,11.03223,1727795562,Will a Democrat win South Dakota Presidential Election?
0xd53244157e308ccfd2432ca46f8b4f54de7e25d571488752233fbdad711581c5,0xb0114e5109faab9c90a30a5b19f4411b2d20ed2e,BUY,No,103817554879098980143189456527608321905884757182906793330525824422625380941210,0xcaec99debca1fe002f7af5b3ff300edfcf84c7ab7e366b24c12316ba99ed302e,0.995,11.1054,11.049873,1727795252,Will a Democrat win South Dakota Presidential Election?
0x00568b299ce0bea51d16b81f0723bce57ca4863c7d467817637c3521b5c2beef,0xc45b665e9fa1d9cc69f61cc6c0140e9756b918a0,SELL,No,103817554879098980143189456527608321905884757182906793330525824422625380941210,0xcaec99debca1fe002f7af5b3ff300edfcf84c7ab7e366b24c12316ba99ed302e,0.993,13.33,13.23669,1727794032,Will a Democrat win South Dakota Presidential Election?
0x01459328c80bad4890c694c657e06f029ec09f71c8d703f91ce809d48eb37492,0xc45b665e9fa1d9cc69f61cc6c0140e9756b918a0,BUY,No,103817554879098980143189456527608321905884757182906793330525824422625380941210,0xcaec99debca1fe002f7af5b3ff300edfcf84c7ab7e366b24c12316ba99ed302e,0.995,13.3266,13.259967,1727793340,Will a Democrat win South Dakota Presidential Election?
0x1476370c50d65e69eecf978a64944f129004153d6205aef8c0f9eec285583092,0xe28123be2d10461504e5ffb36ea789d4d793c5f9,SELL,No,103817554879098980143189456527608321905884757182906793330525824422625380941210,0xcaec99debca1fe002f7af5b3ff300edfcf84c7ab7e366b24c12316ba99ed302e,0.993,14.64,14.53752,1727788434,Will a Democrat win South Dakota Presidential Election?
0xea0f1459a394f30b5feeed301fd9261c3717db03d4eb766fc31262ad358a5767,0xe28123be2d10461504e5ffb36ea789d4d793c5f9,BUY,No,103817554879098980143189456527608321905884757182906793330525824422625380941210,0xcaec99debca1fe002f7af5b3ff300edfcf84c7ab7e366b24c12316ba99ed302e,0.995,14.6432,14.569984,1727787832,Will a Democrat win South Dakota Presidential Election?
0x3775eb9a77a98ce6c807dffa564604ecbbe22986e0856b3ab16b2719a02cb9be,0x05dc618b91b90b00da9f4d7e091ce71c266ea938,SELL,No,103817554879098980143189456527608321905884757182906793330525824422625380941210,0xcaec99debca1fe002f7af5b3ff300edfcf84c7ab7e366b24c12316ba99ed302e,0.993,12.89,12.79977,1727785644,Will a Democrat win South Dakota Presidential Election?
0xd4d4e3fda64bd3017f5858755842fe45279ff6742cc9911d76ce0535dd1bda05,0x05dc618b91b90b00da9f4d7e091ce71c266ea938,BUY,No,103817554879098980143189456527608321905884757182906793330525824422625380941210,0xcaec99debca1fe002f7af5b3ff300edfcf84c7ab7e366b24c12316ba99ed302e,0.995,12.8944,12.829927999999999,1727785072,Will a Democrat win South Dakota Presidential Election?
0x717f4a06c58c861ef6cdd8c77008f997c4fd4e3e6d2e415c669da22d6368f1a4,0x46ca831ac8633817aa2eebf8de7843b3ae549e89,SELL,No,103817554879098980143189456527608321905884757182906793330525824422625380941210,0xcaec99debca1fe002f7af5b3ff300edfcf84c7ab7e366b24c12316ba99ed302e,0.993,15.72,15.609960000000001,1727784878,Will a Democrat win South Dakota Presidential Election?
0x582c5572ce8a84def8df97d87fb310e374b64225fd61ac4232a7afd630024700,0x46ca831ac8633817aa2eebf8de7843b3ae549e89,BUY,No,103817554879098980143189456527608321905884757182906793330525824422625380941210,0xcaec99debca1fe002f7af5b3ff300edfcf84c7ab7e366b24c12316ba99ed302e,0.995,15.7184,15.639808,1727784286,Will a Democrat win South Dakota Presidential Election?
0xd6eaaef0f85ea6ecb877e053d9e7de0fe676ab9b874aae35acaeb2d46e26faa7,0x002a8ee4f5e063c62fad5ed7929404ed72a78b7b,SELL,No,103817554879098980143189456527608321905884757182906793330525824422625380941210,0xcaec99debca1fe002f7af5b3ff300edfcf84c7ab7e366b24c12316ba99ed302e,0.993,13.04,12.94872,1727782142,Will a Democrat win South Dakota Presidential Election?
0xe8d6593e041b82db78f5e34ea20788079ffd95f72e24dbaf44b7a644ce3c5a34,0x002a8ee4f5e063c62fad5ed7929404ed72a78b7b,BUY,No,103817554879098980143189456527608321905884757182906793330525824422625380941210,0xcaec99debca1fe002f7af5b3ff300edfcf84c7ab7e366b24c12316ba99ed302e,0.995,13.0452,12.979973999999999,1727781878,Will a Democrat win South Dakota Presidential Election?
0x417211442a261c6238b237d0a5eeeba585dbf8051af7182ccd90dac07fa163e0,0x069e238ce73d4c340aa82df259c86cc155615166,SELL,No,103817554879098980143189456527608321905884757182906793330525824422625380941210,0xcaec99debca1fe002f7af5b3ff300edfcf84c7ab7e366b24c12316ba99ed302e,0.993,15.86,15.74898,1727778998,Will a Democrat win South Dakota Presidential Election?
0x78e291ff1b2536f5c1df957f5e91f9676e000b5b16ea736fbd8ecd244b56dc2b,0x069e238ce73d4c340aa82df259c86cc155615166,BUY,No,103817554879098980143189456527608321905884757182906793330525824422625380941210,0xcaec99debca1fe002f7af5b3ff300edfcf84c7ab7e366b24c12316ba99ed302e,0.995,15.8592,15.779904,1727778672,Will a Democrat win South Dakota Presidential Election?
0x56751d05d43d92d0ebb1c08a8b3cc1cc7ad5ab248bfacccdfd8df70a3496a9d8,0x2b51c3cbe6dc66fad08a9cf64b36b51bdc240fc7,SELL,No,103817554879098980143189456527608321905884757182906793330525824422625380941210,0xcaec99debca1fe002f7af5b3ff300edfcf84c7ab7e366b24c12316ba99ed302e,0.993,7.88,7.82484,1727778146,Will a Democrat win South Dakota Presidential Election?
0x511ef5cfb7296d01986407dbb4bb0d13dee4803ff506af7c76975b9b9ec95a54,0x2b51c3cbe6dc66fad08a9cf64b36b51bdc240fc7,BUY,No,103817554879098980143189456527608321905884757182906793330525824422625380941210,0xcaec99debca1fe002f7af5b3ff300edfcf84c7ab7e366b24c12316ba99ed302e,0.995,7.8792,7.839804,1727777920,Will a Democrat win South Dakota Presidential Election?
0xd9f89b73406fcd5598fcb22cea386861eff6d8a92ea93c721ff6534036e454e6,0x093a18f3c50d6b383b2b2c5101e06ae9b48b9f25,SELL,No,103817554879098980143189456527608321905884757182906793330525824422625380941210,0xcaec99debca1fe002f7af5b3ff300edfcf84c7ab7e366b24c12316ba99ed302e,0.993,13.73,13.633890000000001,1727776088,Will a Democrat win South Dakota Presidential Election?
0x533938d0e9e70eb19c4f1f919d64c007ca691e331bdcfbf2ee558710d4fed878,0x093a18f3c50d6b383b2b2c5101e06ae9b48b9f25,BUY,No,103817554879098980143189456527608321905884757182906793330525824422625380941210,0xcaec99debca1fe002f7af5b3ff300edfcf84c7ab7e366b24c12316ba99ed302e,0.995,13.7286,13.659957,1727775796,Will a Democrat win South Dakota Presidential Election?
0xaacaf8f27977c8fa2649b540180f6915f540b45b905ee9badefaee135ea3ff8d,0x0783ba70b68cfa0b1d2a6f90df7f85ab6b7c69d7,SELL,No,103817554879098980143189456527608321905884757182906793330525824422625380941210,0xcaec99debca1fe002f7af5b3ff300edfcf84c7ab7e366b24c12316ba99ed302e,0.993,12.2,12.1146,1727774992,Will a Democrat win South Dakota Presidential Election?
0x87675471888fb0ffccb354c6822c6746b0875cd0fc5378d792668618fffb10e8,0x0783ba70b68cfa0b1d2a6f90df7f85ab6b7c69d7,BUY,No,103817554879098980143189456527608321905884757182906793330525824422625380941210,0xcaec99debca1fe002f7af5b3ff300edfcf84c7ab7e366b24c12316ba99ed302e,0.995,12.201,12.139995,1727774652,Will a Democrat win South Dakota Presidential Election?
0x06a69b69c9bd6d55464316e2192386b7b803780f5bb40a8a09201132774455a5,0xecb2483b9ca32787756df26a36332cdc1733b2fc,SELL,No,103817554879098980143189456527608321905884757182906793330525824422625380941210,0xcaec99debca1fe002f7af5b3ff300edfcf84c7ab7e366b24c12316ba99ed302e,0.993,14.6,14.4978,1727770360,Will a Democrat win South Dakota Presidential Election?
0x6f353703801a55dc88f6c338e397dd2e9063e3527a6817e3af4c2c3f635edc3f,0xecb2483b9ca32787756df26a36332cdc1733b2fc,BUY,No,103817554879098980143189456527608321905884757182906793330525824422625380941210,0xcaec99debca1fe002f7af5b3ff300edfcf84c7ab7e366b24c12316ba99ed302e,0.995,14.603,14.529985,1727769586,Will a Democrat win South Dakota Presidential Election?
0x97aec62e7c343d52bacd30af1e8b7d728c289f6ac1cf1dd37ca417109b956497,0x6ba474f9766a2b05c99f2479a92a16ce50ce2528,SELL,No,103817554879098980143189456527608321905884757182906793330525824422625380941210,0xcaec99debca1fe002f7af5b3ff300edfcf84c7ab7e366b24c12316ba99ed302e,0.993,15.17,15.06381,1727769100,Will a Democrat win South Dakota Presidential Election?
0x96f8ab1c927b4baaf3dd64d7c7e7c406241a5dab8a4cc79a142f6ec36ce1c0ee,0x29d83392bd639be8fe15433504a959a1a69d4160,SELL,No,103817554879098980143189456527608321905884757182906793330525824422625380941210,0xcaec99debca1fe002f7af5b3ff300edfcf84c7ab7e366b24c12316ba99ed302e,0.993,14.95,14.84535,1727768808,Will a Democrat win South Dakota Presidential Election?
0xee4569b6e682ee91b6b60841099353eb3f64abf7bcec07facc92e2f9444fdf22,0x6ba474f9766a2b05c99f2479a92a16ce50ce2528,BUY,No,103817554879098980143189456527608321905884757182906793330525824422625380941210,0xcaec99debca1fe002f7af5b3ff300edfcf84c7ab7e366b24c12316ba99ed302e,0.995,15.1658,15.089971,1727768448,Will a Democrat win South Dakota Presidential Election?
0x84e68de7f6f94327eb287bb9ec758d8881a064b8d654111ec3e20b1c76764c3a,0x29d83392bd639be8fe15433504a959a1a69d4160,BUY,No,103817554879098980143189456527608321905884757182906793330525824422625380941210,0xcaec99debca1fe002f7af5b3ff300edfcf84c7ab7e366b24c12316ba99ed302e,0.995,14.9446,14.869876999999999,1727768438,Will a Democrat win South Dakota Presidential Election?
0x23e2d76ccb71bda36575aa1ef71d9657dd9f390fcd5e8863950eb01389082202,0xc7d2bbc355f2a3a09bec0625532e3331f69c6f9c,SELL,No,103817554879098980143189456527608321905884757182906793330525824422625380941210,0xcaec99debca1fe002f7af5b3ff300edfcf84c7ab7e366b24c12316ba99ed302e,0.993,15.79,15.679469999999998,1727763878,Will a Democrat win South Dakota Presidential Election?
0x206030079830609e13546b6445de63c308938c753a1e7a74670b7a08e4a43cb6,0xc7d2bbc355f2a3a09bec0625532e3331f69c6f9c,BUY,No,103817554879098980143189456527608321905884757182906793330525824422625380941210,0xcaec99debca1fe002f7af5b3ff300edfcf84c7ab7e366b24c12316ba99ed302e,0.995,15.7988,15.719806,1727763242,Will a Democrat win South Dakota Presidential Election?
0x74c1d898f44624c60e0f34c33de4ecd22460f80b8580781eb3ccb187d7e0e60c,0x6e5c528141efdcfba977de4cb2d39a6cadb0d95a,SELL,No,103817554879098980143189456527608321905884757182906793330525824422625380941210,0xcaec99debca1fe002f7af5b3ff300edfcf84c7ab7e366b24c12316ba99ed302e,0.993,12.6,12.5118,1727762920,Will a Democrat win South Dakota Presidential Election?
0x292f2792f016e507c2d5cea75bf06dc086d8f7d8760d8dc3c245b8dce465edc3,0x6e5c528141efdcfba977de4cb2d39a6cadb0d95a,BUY,No,103817554879098980143189456527608321905884757182906793330525824422625380941210,0xcaec99debca1fe002f7af5b3ff300edfcf84c7ab7e366b24c12316ba99ed302e,0.995,12.603,12.539985,1727762638,Will a Democrat win South Dakota Presidential Election?
0xec21d66119e92e15ae5de1f413a5dca19d73ef6012e8c1dfe765c1d912f9a260,0x79e9b0bc935f01e12382bc826643118f99ae9409,SELL,No,103817554879098980143189456527608321905884757182906793330525824422625380941210,0xcaec99debca1fe002f7af5b3ff300edfcf84c7ab7e366b24c12316ba99ed302e,0.993,11.44,11.359919999999999,1727761824,Will a Democrat win South Dakota Presidential Election?
0x924d50e6f5ff1783c276d961623ca7bcd528f600c5811fc5ce3c9c0d71b2e2c9,0x79e9b0bc935f01e12382bc826643118f99ae9409,BUY,No,103817554879098980143189456527608321905884757182906793330525824422625380941210,0xcaec99debca1fe002f7af5b3ff300edfcf84c7ab7e366b24c12316ba99ed302e,0.995,11.4472,11.389964,1727761164,Will a Democrat win South Dakota Presidential Election?
0x95a82aa24165f8ce6858ae681f92c28fa9eaf7024544022740b41ff0c74be900,0x93bc6b3c39ff197a8ef7b66485086406db77794c,SELL,No,103817554879098980143189456527608321905884757182906793330525824422625380941210,0xcaec99debca1fe002f7af5b3ff300edfcf84c7ab7e366b24c12316ba99ed302e,0.993,14.94,14.83542,1727757142,Will a Democrat win South Dakota Presidential Election?
0xdcb320e9b7f829bc05fcc3e7745a41271dca6bfb1657a3d9aaacdc3987c92d8f,0x93bc6b3c39ff197a8ef7b66485086406db77794c,BUY,No,103817554879098980143189456527608321905884757182906793330525824422625380941210,0xcaec99debca1fe002f7af5b3ff300edfcf84c7ab7e366b24c12316ba99ed302e,0.995,14.9346,14.859926999999999,1727756650,Will a Democrat win South Dakota Presidential Election?
0x5b2b64c21e746c4cc7ff650b7c43bf325ef314a0ea42a8d2d461f27753a12715,0x86b0da5133819755c43fac645b1f7bac31badb3e,SELL,No,103817554879098980143189456527608321905884757182906793330525824422625380941210,0xcaec99debca1fe002f7af5b3ff300edfcf84c7ab7e366b24c12316ba99ed302e,0.993,14.98,14.87514,1727754048,Will a Democrat win South Dakota Presidential Election?
0xa1144a53b35cd4c3c85febfa9d534d9caa67748fe48add51aecfb59fedd94d3a,0x86b0da5133819755c43fac645b1f7bac31badb3e,BUY,No,103817554879098980143189456527608321905884757182906793330525824422625380941210,0xcaec99debca1fe002f7af5b3ff300edfcf84c7ab7e366b24c12316ba99ed302e,0.995,14.9848,14.909876,1727753594,Will a Democrat win South Dakota Presidential Election?
0x5e79e0579428caa0970031cb6f5733c24b696f93abd58831ec1bc64b38aa29f1,0xb846c45b939e6a30158551932081e5a720bdcb6f,SELL,No,103817554879098980143189456527608321905884757182906793330525824422625380941210,0xcaec99debca1fe002f7af5b3ff300edfcf84c7ab7e366b24c12316ba99ed302e,0.993,12.8,12.7104,1727748910,Will a Democrat win South Dakota Presidential Election?
0x6e0e0f73d9b98ea3664e301ffb550c99daaf6c107cc5732de7191176fae1bdb9,0xb846c45b939e6a30158551932081e5a720bdcb6f,BUY,No,103817554879098980143189456527608321905884757182906793330525824422625380941210,0xcaec99debca1fe002f7af5b3ff300edfcf84c7ab7e366b24c12316ba99ed302e,0.995,12.804,12.739980000000001,1727748586,Will a Democrat win South Dakota Presidential Election?
0x23db8e80e3709081d999a71efa6dda98d6e8670c9d18e7be672c3ef2a2a37c65,0xd28de89add15f3e77e1a65107d0559845bc9acba,SELL,No,103817554879098980143189456527608321905884757182906793330525824422625380941210,0xcaec99debca1fe002f7af5b3ff300edfcf84c7ab7e366b24c12316ba99ed302e,0.993,11.49,11.40957,1727747423,Will a Democrat win South Dakota Presidential Election?
0x586780963250568a1450da22fd7f45f107dd87b5e806b9e73f06d5fd04afd99a,0xd28de89add15f3e77e1a65107d0559845bc9acba,BUY,No,103817554879098980143189456527608321905884757182906793330525824422625380941210,0xcaec99debca1fe002f7af5b3ff300edfcf84c7ab7e366b24c12316ba99ed302e,0.995,11.4874,11.429962999999999,1727747085,Will a Democrat win South Dakota Presidential Election?
0x03588ed3f0c343b8b662f1d8e5da4022ce2e0359c21899f3c50677d222d6eda4,0x3d86f518e4dceef7fa6a3fb653ce63a4f2ab0005,SELL,No,103817554879098980143189456527608321905884757182906793330525824422625380941210,0xcaec99debca1fe002f7af5b3ff300edfcf84c7ab7e366b24c12316ba99ed302e,0.993,13.88,13.78284,1727746751,Will a Democrat win South Dakota Presidential Election?
0x4c73311e26e3f99b89af3e641f6ddad913ef1260c2e7a06c5f822436217bc4cb,0x3d86f518e4dceef7fa6a3fb653ce63a4f2ab0005,BUY,No,103817554879098980143189456527608321905884757182906793330525824422625380941210,0xcaec99debca1fe002f7af5b3ff300edfcf84c7ab7e366b24c12316ba99ed302e,0.995,13.8792,13.809804000000002,1727746205,Will a Democrat win South Dakota Presidential Election?
0x56efe4466298743e31f0f3d3980a2c16916eea60f99f59c92d5eaa92b3edd2d3,0x27d48f92c1974f50fa4c5733d490e9b41ff7c3bf,SELL,No,103817554879098980143189456527608321905884757182906793330525824422625380941210,0xcaec99debca1fe002f7af5b3ff300edfcf84c7ab7e366b24c12316ba99ed302e,0.993,14.48,14.37864,1727745687,Will a Democrat win South Dakota Presidential Election?
0x878c1cb4ce056b84c1837608db582c78c8f908890bd9c40b37111324b664dac6,0x27d48f92c1974f50fa4c5733d490e9b41ff7c3bf,BUY,No,103817554879098980143189456527608321905884757182906793330525824422625380941210,0xcaec99debca1fe002f7af5b3ff300edfcf84c7ab7e366b24c12316ba99ed302e,0.995,14.4824,14.409988,1727745025,Will a Democrat win South Dakota Presidential Election?
0xa7e4e2fc7c9507c566a3d677774a553eb1a2cf8eb1b93e6a83fcc8467320dbc0,0x49aad6b57063cedb21810b3126817231eda15b8a,SELL,No,103817554879098980143189456527608321905884757182906793330525824422625380941210,0xcaec99debca1fe002f7af5b3ff300edfcf84c7ab7e366b24c12316ba99ed302e,0.993,13.47,13.37571,1727744623,Will a Democrat win South Dakota Presidential Election?
0x485e2d4960d993efd2f2de3e3c472a418e6d8e26cd45634a04040e1498621719,0x60725951461044942755314fb97e18f7ee21fd82,SELL,No,103817554879098980143189456527608321905884757182906793330525824422625380941210,0xcaec99debca1fe002f7af5b3ff300edfcf84c7ab7e366b24c12316ba99ed302e,0.993,15.61,15.500729999999999,1727744293,Will a Democrat win South Dakota Presidential Election?
0xa84306b3ae9528754ec93e9578ae041fdadbaa52a7ea70695812777b557b4cb2,0x49aad6b57063cedb21810b3126817231eda15b8a,BUY,No,103817554879098980143189456527608321905884757182906793330525824422625380941210,0xcaec99debca1fe002f7af5b3ff300edfcf84c7ab7e366b24c12316ba99ed302e,0.995,13.4672,13.399864,1727744009,Will a Democrat win South Dakota Presidential Election?
0x1aeb1f2da1e564cd3e77736471cbf9e31d11721483a74de14c407be833103528,0x60725951461044942755314fb97e18f7ee21fd82,BUY,No,103817554879098980143189456527608321905884757182906793330525824422625380941210,0xcaec99debca1fe002f7af5b3ff300edfcf84c7ab7e366b24c12316ba99ed302e,0.995,15.618,15.53991,1727743555,Will a Democrat win South Dakota Presidential Election?
0x0be4c0d837a06ecb6a7ee0f9bd39c99b0f432d3069a59ea38678055b381c847d,0x8eb2e807d3679a68c97d146b1b4cb533f9bb36c2,SELL,No,103817554879098980143189456527608321905884757182906793330525824422625380941210,0xcaec99debca1fe002f7af5b3ff300edfcf84c7ab7e366b24c12316ba99ed302e,0.993,11.81,11.72733,1727742737,Will a Democrat win South Dakota Presidential Election?
0xe43d84cb4b557a7436bbe27f565aaac04a88ae7e78a6b3035b5c1688d52db3e7,0x8eb2e807d3679a68c97d146b1b4cb533f9bb36c2,BUY,No,103817554879098980143189456527608321905884757182906793330525824422625380941210,0xcaec99debca1fe002f7af5b3ff300edfcf84c7ab7e366b24c12316ba99ed302e,0.995,11.809,11.749955,1727742028,Will a Democrat win South Dakota Presidential Election?
0x46a463dcef005afc7518dcb22c61c851e67a2d76d74896583a92dd6c2737c9e8,0x45f8719eec9914eaec5bdca8a869d47a3b2b6ea2,BUY,Yes,105742278895779392184517567088147476702553818055925607866681628906726505150563,0xcaec99debca1fe002f7af5b3ff300edfcf84c7ab7e366b24c12316ba99ed302e,0.007,6,0.042,1727739529,Will a Democrat win South Dakota Presidential Election?
0x2cf0e6332221ab60315c62fbc83f09e87a8ecd87141715ce0603646c4fd2ca19,0x596f205755427956644d5e736052b1d7286d44da,SELL,No,103817554879098980143189456527608321905884757182906793330525824422625380941210,0xcaec99debca1fe002f7af5b3ff300edfcf84c7ab7e366b24c12316ba99ed302e,0.993,13.49,13.39557,1727734980,Will a Democrat win South Dakota Presidential Election?
0x83af5141722ab20d0b14e8df6aafb080b59af66c9e710cce90359dfe746e2685,0x596f205755427956644d5e736052b1d7286d44da,BUY,No,103817554879098980143189456527608321905884757182906793330525824422625380941210,0xcaec99debca1fe002f7af5b3ff300edfcf84c7ab7e366b24c12316ba99ed302e,0.995,13.4974,13.429913,1727734294,Will a Democrat win South Dakota Presidential Election?
0x80a7aa5c5819da39a3f237c999672dc44650c6fab98e18cb1ebfa5284c20da04,0xaff29878ec1b57c7a754fa22ce03e6aab5ad5cd5,SELL,No,103817554879098980143189456527608321905884757182906793330525824422625380941210,0xcaec99debca1fe002f7af5b3ff300edfcf84c7ab7e366b24c12316ba99ed302e,0.993,12.49,12.40257,1727732416,Will a Democrat win South Dakota Presidential Election?
0x0ff0678ee569f7d219fc997e43e85f1e57fe136a0c54e756d84a76b590390825,0xaff29878ec1b57c7a754fa22ce03e6aab5ad5cd5,BUY,No,103817554879098980143189456527608321905884757182906793330525824422625380941210,0xcaec99debca1fe002f7af5b3ff300edfcf84c7ab7e366b24c12316ba99ed302e,0.995,12.4924,12.429938,1727731652,Will a Democrat win South Dakota Presidential Election?
0x37c27cdf8b68b19d21ef287fa605c567ed9c00910aa27b8ca5a43290473bc033,0x45f8719eec9914eaec5bdca8a869d47a3b2b6ea2,BUY,Yes,105742278895779392184517567088147476702553818055925607866681628906726505150563,0xcaec99debca1fe002f7af5b3ff300edfcf84c7ab7e366b24c12316ba99ed302e,0.007,10,0.07,1727730656,Will a Democrat win South Dakota Presidential Election?
0xea1970e4f535ee18cc4da01154721272287ea75c1c202eefb74c3fda812e3e2d,0x268b5dd72c80e14dc6a226e40ee08eeea0b78754,SELL,No,103817554879098980143189456527608321905884757182906793330525824422625380941210,0xcaec99debca1fe002f7af5b3ff300edfcf84c7ab7e366b24c12316ba99ed302e,0.993,14.29,14.189969999999999,1727729996,Will a Democrat win South Dakota Presidential Election?
0xb0e2810e5db3faaa4bf480f075400466ab55ae41d29a712b961fe5b25997a4c0,0x4f4f3ccb4bee840b7fb945bdb9e171a75f8efeb7,SELL,No,103817554879098980143189456527608321905884757182906793330525824422625380941210,0xcaec99debca1fe002f7af5b3ff300edfcf84c7ab7e366b24c12316ba99ed302e,0.993,11.88,11.796840000000001,1727729848,Will a Democrat win South Dakota Presidential Election?
0xb00b3bc8c8b2c8fad2f805c58dd49b70a759af041cd49a3f5834affd8d8e9069,0x268b5dd72c80e14dc6a226e40ee08eeea0b78754,BUY,No,103817554879098980143189456527608321905884757182906793330525824422625380941210,0xcaec99debca1fe002f7af5b3ff300edfcf84c7ab7e366b24c12316ba99ed302e,0.995,14.2914,14.219942999999999,1727729482,Will a Democrat win South Dakota Presidential Election?
0x027dbab6c0227d63703b60dcc71b14df0b4c73d5c89d96df7ce137c24bcf4586,0x4f4f3ccb4bee840b7fb945bdb9e171a75f8efeb7,BUY,No,103817554879098980143189456527608321905884757182906793330525824422625380941210,0xcaec99debca1fe002f7af5b3ff300edfcf84c7ab7e366b24c12316ba99ed302e,0.995,11.8792,11.819804000000001,1727729264,Will a Democrat win South Dakota Presidential Election?
0x7e055418a29c8e5e83e6b9236304b85faf627771f68d6f321b475b36eac03e22,0x1a47cd81148fc126b80d3adb1695e121be301370,SELL,No,103817554879098980143189456527608321905884757182906793330525824422625380941210,0xcaec99debca1fe002f7af5b3ff300edfcf84c7ab7e366b24c12316ba99ed302e,0.993,24.49,24.318569999999998,1727727089,Will a Democrat win South Dakota Presidential Election?
0xab5f9d834e4d3f7c96a691d2dc9641062602033b3acd91ddbc958a3958f714cc,0x1a47cd81148fc126b80d3adb1695e121be301370,BUY,No,103817554879098980143189456527608321905884757182906793330525824422625380941210,0xcaec99debca1fe002f7af5b3ff300edfcf84c7ab7e366b24c12316ba99ed302e,0.995,24.4924,24.369938,1727726373,Will a Democrat win South Dakota Presidential Election?
0xd6c7537a087a590321e15e90800c661db995681fe4372e5200458ead4d3b695b,0xe856b4269df88bd2c82a4555f71846edbbf767f7,SELL,No,103817554879098980143189456527608321905884757182906793330525824422625380941210,0xcaec99debca1fe002f7af5b3ff300edfcf84c7ab7e366b24c12316ba99ed302e,0.993,12.25,12.16425,1727725811,Will a Democrat win South Dakota Presidential Election?
0x7abb910a317c27dc6b253d671146c5c75ffdb2abc8af0ee6755b890c4e4a0071,0xe856b4269df88bd2c82a4555f71846edbbf767f7,BUY,No,103817554879098980143189456527608321905884757182906793330525824422625380941210,0xcaec99debca1fe002f7af5b3ff300edfcf84c7ab7e366b24c12316ba99ed302e,0.995,12.2512,12.189944,1727725531,Will a Democrat win South Dakota Presidential Election?
0x40873a8c1de2204959317fd0cbe0486e912e7effa1da2004210d1709721fd4cf,0xdd8236879c744a8d13ccd6226f4a1d153588cd87,SELL,No,103817554879098980143189456527608321905884757182906793330525824422625380941210,0xcaec99debca1fe002f7af5b3ff300edfcf84c7ab7e366b24c12316ba99ed302e,0.993,13.36,13.26648,1727724127,Will a Democrat win South Dakota Presidential Election?
0xcaa5196c6900f08dbdc73265a3443b55d393c117dfd15ebe641a5ccad55e844c,0xdd8236879c744a8d13ccd6226f4a1d153588cd87,BUY,No,103817554879098980143189456527608321905884757182906793330525824422625380941210,0xcaec99debca1fe002f7af5b3ff300edfcf84c7ab7e366b24c12316ba99ed302e,0.995,13.3668,13.299966,1727723561,Will a Democrat win South Dakota Presidential Election?
0x16ba243dfdb75da8a37f0a1ab4f6a4730b4ae16c94e55d2cde66d7c491f0c988,0xaafac77d0a9ae495ef606e5d6655c916de1bd0bd,SELL,No,103817554879098980143189456527608321905884757182906793330525824422625380941210,0xcaec99debca1fe002f7af5b3ff300edfcf84c7ab7e366b24c12316ba99ed302e,0.993,15.48,15.371640000000001,1727723387,Will a Democrat win South Dakota Presidential Election?
0x6c67b679ef0ab84b84e2e9fa430b466c93e3c472084f724691634726ca5260cc,0xaafac77d0a9ae495ef606e5d6655c916de1bd0bd,BUY,No,103817554879098980143189456527608321905884757182906793330525824422625380941210,0xcaec99debca1fe002f7af5b3ff300edfcf84c7ab7e366b24c12316ba99ed302e,0.995,15.4772,15.399814,1727722685,Will a Democrat win South Dakota Presidential Election?
0x60a00cf42cf31e96e6d897234a377f97ef09033b5f146bf6f3e5a7d4c5ffce90,0x7778ecfa68ade71b6b4f05e9ca3d0c38f740ac87,SELL,No,103817554879098980143189456527608321905884757182906793330525824422625380941210,0xcaec99debca1fe002f7af5b3ff300edfcf84c7ab7e366b24c12316ba99ed302e,0.993,0.06,0.059579999999999994,1727717183,Will a Democrat win South Dakota Presidential Election?
0xfcfcf21cfe7960be196e1c716c98a79e77e86ee78569b46ec25dc640f0023619,0xe3310c390dc89b5ce86a64f1cc381cc708c9a9d6,SELL,No,103817554879098980143189456527608321905884757182906793330525824422625380941210,0xcaec99debca1fe002f7af5b3ff300edfcf84c7ab7e366b24c12316ba99ed302e,0.993,14.08,13.98144,1727717161,Will a Democrat win South Dakota Presidential Election?
0x6f6b78b9c4bb65d35bd46bf54e2b4feaeb380f09385786be959464ac3b28ab14,0xe3310c390dc89b5ce86a64f1cc381cc708c9a9d6,BUY,No,103817554879098980143189456527608321905884757182906793330525824422625380941210,0xcaec99debca1fe002f7af5b3ff300edfcf84c7ab7e366b24c12316ba99ed302e,0.995,14.0804,14.009998,1727716547,Will a Democrat win South Dakota Presidential Election?
0x989bcd88258691af7e54a28fae597b324e736b31e12985749711df68b9cdd7f0,0x7778ecfa68ade71b6b4f05e9ca3d0c38f740ac87,BUY,No,103817554879098980143189456527608321905884757182906793330525824422625380941210,0xcaec99debca1fe002f7af5b3ff300edfcf84c7ab7e366b24c12316ba99ed302e,0.995,0.0602,0.059898999999999994,1727716455,Will a Democrat win South Dakota Presidential Election?
0x809f8184a84f8362c4f5280fe84e8fc912192cf267f53b88140322d348ded8ca,0x8a56ac8c90370ebd67da39d071ff6f75954162b9,SELL,No,103817554879098980143189456527608321905884757182906793330525824422625380941210,0xcaec99debca1fe002f7af5b3ff300edfcf84c7ab7e366b24c12316ba99ed302e,0.993,12.81,12.72033,1727714871,Will a Democrat win South Dakota Presidential Election?
0x6b8d0dbefc58aec02d477745c1a60d90246cda6efa936ad01ef36bed3c9a9e1e,0x8a56ac8c90370ebd67da39d071ff6f75954162b9,BUY,No,103817554879098980143189456527608321905884757182906793330525824422625380941210,0xcaec99debca1fe002f7af5b3ff300edfcf84c7ab7e366b24c12316ba99ed302e,0.995,12.804,12.739980000000001,1727714369,Will a Democrat win South Dakota Presidential Election?
0x964e2eb170f5915deaa669b5231cb39c7926888752a073bf30ac93abcde0277f,0xdec9d9f14b094867691ebb18e36f0392789507df,SELL,No,103817554879098980143189456527608321905884757182906793330525824422625380941210,0xcaec99debca1fe002f7af5b3ff300edfcf84c7ab7e366b24c12316ba99ed302e,0.993,15.95,15.838349999999998,1727712453,Will a Democrat win South Dakota Presidential Election?
0x59cabd623cc9dcf8ae527acebee05bc0881ade9f151fa0f47106294f31b6c9e2,0xdec9d9f14b094867691ebb18e36f0392789507df,BUY,No,103817554879098980143189456527608321905884757182906793330525824422625380941210,0xcaec99debca1fe002f7af5b3ff300edfcf84c7ab7e366b24c12316ba99ed302e,0.995,15.9496,15.869852,1727711809,Will a Democrat win South Dakota Presidential Election?
0x622cbe43a78cd560b57d9ebc3ba83685c90a1ebf1749d008c0e07a35e90b3dbb,0xcc6de0ef7e7b52748b3ac134223fc77c3ca0f358,SELL,No,103817554879098980143189456527608321905884757182906793330525824422625380941210,0xcaec99debca1fe002f7af5b3ff300edfcf84c7ab7e366b24c12316ba99ed302e,0.993,12.05,11.96565,1727709629,Will a Democrat win South Dakota Presidential Election?
0x527b5159c491517693d3fecba4bbfb4d059b5c276790c2e1c2f5c6365dec174d,0xcc6de0ef7e7b52748b3ac134223fc77c3ca0f358,BUY,No,103817554879098980143189456527608321905884757182906793330525824422625380941210,0xcaec99debca1fe002f7af5b3ff300edfcf84c7ab7e366b24c12316ba99ed302e,0.995,12.0502,11.989949,1727709029,Will a Democrat win South Dakota Presidential Election?
0x79cb54c21f0c89acce40c0781f5b8f0cfb4848a76a0c2d6829fd2aaf45c6a492,0xe1495f942ccbe09cc0797091a0d2d1ad102e91cc,SELL,No,103817554879098980143189456527608321905884757182906793330525824422625380941210,0xcaec99debca1fe002f7af5b3ff300edfcf84c7ab7e366b24c12316ba99ed302e,0.993,14.27,14.17011,1727705815,Will a Democrat win South Dakota Presidential Election?
0x1bd0db5f2b258993ec5474815a107d6c1be36b1b126e0f4e6e61ffa455841d3e,0xe1495f942ccbe09cc0797091a0d2d1ad102e91cc,BUY,No,103817554879098980143189456527608321905884757182906793330525824422625380941210,0xcaec99debca1fe002f7af5b3ff300edfcf84c7ab7e366b24c12316ba99ed302e,0.995,14.2712,14.199844,1727705103,Will a Democrat win South Dakota Presidential Election?
0x36837ac599d13f7eb15f69a802d33189a2383bd813995d4235da1f1d52c6f0e5,0x45f8719eec9914eaec5bdca8a869d47a3b2b6ea2,SELL,Yes,105742278895779392184517567088147476702553818055925607866681628906726505150563,0xcaec99debca1fe002f7af5b3ff300edfcf84c7ab7e366b24c12316ba99ed302e,0.005,20,0.1,1727700229,Will a Democrat win South Dakota Presidential Election?
0xadb6447c32fa77fe2386d4094d0aa309b1335f7df7a13ce19f5eaf4398f50a32,0xe7ee6aaf6e21d6a0b61a01686b5027fb14fecbb3,SELL,No,103817554879098980143189456527608321905884757182906793330525824422625380941210,0xcaec99debca1fe002f7af5b3ff300edfcf84c7ab7e366b24c12316ba99ed302e,0.993,15.45,15.341849999999999,1727699831,Will a Democrat win South Dakota Presidential Election?
0x9ae11e1cbaf840f6680be059a65c7f251b72cb4fd3924907cacb2ab63d51deb7,0xe7ee6aaf6e21d6a0b61a01686b5027fb14fecbb3,BUY,No,103817554879098980143189456527608321905884757182906793330525824422625380941210,0xcaec99debca1fe002f7af5b3ff300edfcf84c7ab7e366b24c12316ba99ed302e,0.995,15.4572,15.379914,1727699409,Will a Democrat win South Dakota Presidential Election?
0x5eb692cb96649af0a4181fc8393e7391112edaf833c7d5570b7fd6c5889111da,0xfd2e8726011c28921f91dc0d26f0122c7a75dc54,SELL,No,103817554879098980143189456527608321905884757182906793330525824422625380941210,0xcaec99debca1fe002f7af5b3ff300edfcf84c7ab7e366b24c12316ba99ed302e,0.993,13.72,13.62396,1727699301,Will a Democrat win South Dakota Presidential Election?
0x6c1c0e2f99fa1e9a1d839181e12f6ae60202b6870e4b79307d54cfbdd7277ef0,0xfd2e8726011c28921f91dc0d26f0122c7a75dc54,BUY,No,103817554879098980143189456527608321905884757182906793330525824422625380941210,0xcaec99debca1fe002f7af5b3ff300edfcf84c7ab7e366b24c12316ba99ed302e,0.995,13.7286,13.659957,1727698563,Will a Democrat win South Dakota Presidential Election?
0xd75214d32df2d93e6d9429d675ff488a7369b43374fe9c6d374d917e9e33c1fe,0x10fe390aed279296ee4e5c0c9d6a3c698765f515,SELL,No,103817554879098980143189456527608321905884757182906793330525824422625380941210,0xcaec99debca1fe002f7af5b3ff300edfcf84c7ab7e366b24c12316ba99ed302e,0.993,0.28,0.27804,1727698409,Will a Democrat win South Dakota Presidential Election?
0x4288d6dd876d2bf6a1533c0a1cb4b0886f3f811249b97cd03baf274212db8cc3,0x10fe390aed279296ee4e5c0c9d6a3c698765f515,BUY,No,103817554879098980143189456527608321905884757182906793330525824422625380941210,0xcaec99debca1fe002f7af5b3ff300edfcf84c7ab7e366b24c12316ba99ed302e,0.995,0.2814,0.279993,1727698225,Will a Democrat win South Dakota Presidential Election?
0xc3636f23c611a6743079cb30810d1d07e2c1463e7889f33af7d0fcf63bff540b,0x64f81167851a43909b54d1d01fd7a5e09a12581a,SELL,No,103817554879098980143189456527608321905884757182906793330525824422625380941210,0xcaec99debca1fe002f7af5b3ff300edfcf84c7ab7e366b24c12316ba99ed302e,0.993,13.16,13.06788,1727695539,Will a Democrat win South Dakota Presidential Election?
0x2486b12ed9a7eadc7ff789e5a801f133ba6bd546c630b792661ec1376f2f297c,0x64f81167851a43909b54d1d01fd7a5e09a12581a,BUY,No,103817554879098980143189456527608321905884757182906793330525824422625380941210,0xcaec99debca1fe002f7af5b3ff300edfcf84c7ab7e366b24c12316ba99ed302e,0.995,13.1556,13.089822,1727694909,Will a Democrat win South Dakota Presidential Election?
0x0307e293e4240097add8db46832842915b7a4f2cc63019998e312205a794f085,0x178f57226ad6ba71e4f5c82ca916c0e49cc78c2e,SELL,No,103817554879098980143189456527608321905884757182906793330525824422625380941210,0xcaec99debca1fe002f7af5b3ff300edfcf84c7ab7e366b24c12316ba99ed302e,0.993,0.11,0.10923,1727692699,Will a Democrat win South Dakota Presidential Election?
0x0e43adb231bf1468991c9b5f751c34b000524ec105cbd0575057f63a616398a2,0x178f57226ad6ba71e4f5c82ca916c0e49cc78c2e,BUY,No,103817554879098980143189456527608321905884757182906793330525824422625380941210,0xcaec99debca1fe002f7af5b3ff300edfcf84c7ab7e366b24c12316ba99ed302e,0.995,0.1104,0.109848,1727692517,Will a Democrat win South Dakota Presidential Election?
0xceafddd04889376208a3a40509b567c1b6be5fba73c817dc547bd1aed1e2b191,0x4ff623a4a687f51623559d24dabff0d2105aadb8,SELL,No,103817554879098980143189456527608321905884757182906793330525824422625380941210,0xcaec99debca1fe002f7af5b3ff300edfcf84c7ab7e366b24c12316ba99ed302e,0.993,0.8,0.7944,1727686147,Will a Democrat win South Dakota Presidential Election?
0xb2b7c0549eca9115221265aa165088c179dad7e2937c60221e94b7e423ae8674,0x4ff623a4a687f51623559d24dabff0d2105aadb8,BUY,No,103817554879098980143189456527608321905884757182906793330525824422625380941210,0xcaec99debca1fe002f7af5b3ff300edfcf84c7ab7e366b24c12316ba99ed302e,0.995,0.804,0.79998,1727685941,Will a Democrat win South Dakota Presidential Election?
0x03c99c8cce5c2dce4e5d3b222f7d49d9a724fa1d72f92408b792efbaf86d246f,0xd5697c41a370e139389428a8fa8039b409c13f6e,SELL,No,103817554879098980143189456527608321905884757182906793330525824422625380941210,0xcaec99debca1fe002f7af5b3ff300edfcf84c7ab7e366b24c12316ba99ed302e,0.993,0.36,0.35747999999999996,1727677508,Will a Democrat win South Dakota Presidential Election?
0x7e55303f57470b6b6284fc61025638bd382888966fbe7d1f7747c12a4f8ef134,0xd5697c41a370e139389428a8fa8039b409c13f6e,BUY,No,103817554879098980143189456527608321905884757182906793330525824422625380941210,0xcaec99debca1fe002f7af5b3ff300edfcf84c7ab7e366b24c12316ba99ed302e,0.995,0.3618,0.359991,1727677328,Will a Democrat win South Dakota Presidential Election?
0x65107a6260302bbc5efe11e8c217e7f6533c6535c2114ef4f7e4864dc2fdbc14,0x7f1f99ec32d4e12a1307184e1068a60f85a7c363,SELL,No,103817554879098980143189456527608321905884757182906793330525824422625380941210,0xcaec99debca1fe002f7af5b3ff300edfcf84c7ab7e366b24c12316ba99ed302e,0.993,4.12,4.09116,1727673106,Will a Democrat win South Dakota Presidential Election?
0x1ea4ba4f65633f8c0f41b87afae3450c2b38457d5e7fd4dde3aef0db23dd1137,0x0783ba70b68cfa0b1d2a6f90df7f85ab6b7c69d7,SELL,No,103817554879098980143189456527608321905884757182906793330525824422625380941210,0xcaec99debca1fe002f7af5b3ff300edfcf84c7ab7e366b24c12316ba99ed302e,0.993,12.4,12.3132,1727635702,Will a Democrat win South Dakota Presidential Election?
0x7606bbb4cca314252da614e430b77b79b7b08585959a8ab214bc3821010ee963,0x2e2547bde5c4ad666dfdbb7cb98f73e307ba811d,BUY,Yes,105742278895779392184517567088147476702553818055925607866681628906726505150563,0xcaec99debca1fe002f7af5b3ff300edfcf84c7ab7e366b24c12316ba99ed302e,0.006,1896.78,11.38068,1727635418,Will a Democrat win South Dakota Presidential Election?
0x77f92d7cfec689e1678c53d4a80b4e2b666c3c6ba78239b4cc46b3f8c972fe45,0x0783ba70b68cfa0b1d2a6f90df7f85ab6b7c69d7,BUY,No,103817554879098980143189456527608321905884757182906793330525824422625380941210,0xcaec99debca1fe002f7af5b3ff300edfcf84c7ab7e366b24c12316ba99ed302e,0.995,12.402,12.339989999999998,1727635308,Will a Democrat win South Dakota Presidential Election?
0x89a0c1cb2b00c7b1d83a540247ce0a4150dbac684495790c776f02c82cd32b62,0x64f81167851a43909b54d1d01fd7a5e09a12581a,SELL,No,103817554879098980143189456527608321905884757182906793330525824422625380941210,0xcaec99debca1fe002f7af5b3ff300edfcf84c7ab7e366b24c12316ba99ed302e,0.994,13.3,13.2202,1727635174,Will a Democrat win South Dakota Presidential Election?
0xae6a4b10b777f0ebc786c4aa899d4ae87095a3b85c0342d2cbcb1d0ea32cba03,0x069e238ce73d4c340aa82df259c86cc155615166,SELL,No,103817554879098980143189456527608321905884757182906793330525824422625380941210,0xcaec99debca1fe002f7af5b3ff300edfcf84c7ab7e366b24c12316ba99ed302e,0.994,16.25,16.1525,1727635098,Will a Democrat win South Dakota Presidential Election?
0x30f0e2ac12662081506cb7718c961d0f339a8f9701bff2efec1fcf428a0e6d0c,0x069e238ce73d4c340aa82df259c86cc155615166,BUY,No,103817554879098980143189456527608321905884757182906793330525824422625380941210,0xcaec99debca1fe002f7af5b3ff300edfcf84c7ab7e366b24c12316ba99ed302e,0.995,16.2512,16.169944,1727634802,Will a Democrat win South Dakota Presidential Election?
0x6dbccc6fc8d221fde2f4374273eb73dbf6f4258434d739393eba5346594ac451,0x64f81167851a43909b54d1d01fd7a5e09a12581a,BUY,No,103817554879098980143189456527608321905884757182906793330525824422625380941210,0xcaec99debca1fe002f7af5b3ff300edfcf84c7ab7e366b24c12316ba99ed302e,0.995,13.3064,13.239868,1727634784,Will a Democrat win South Dakota Presidential Election?
0xca1174fef3304e8fe43385edfaf573ce443c96deca6351683f6852b3aa034e35,0xe3310c390dc89b5ce86a64f1cc381cc708c9a9d6,SELL,No,103817554879098980143189456527608321905884757182906793330525824422625380941210,0xcaec99debca1fe002f7af5b3ff300edfcf84c7ab7e366b24c12316ba99ed302e,0.994,14.47,14.383180000000001,1727631550,Will a Democrat win South Dakota Presidential Election?
0x18dd8d272104f8314d792dafb0047f2b1bf28d45003f4c8e1bb39f60b70994c0,0xe3310c390dc89b5ce86a64f1cc381cc708c9a9d6,BUY,No,103817554879098980143189456527608321905884757182906793330525824422625380941210,0xcaec99debca1fe002f7af5b3ff300edfcf84c7ab7e366b24c12316ba99ed302e,0.995,14.4722,14.399839,1727631152,Will a Democrat win South Dakota Presidential Election?
0x7785d77fa27921c3559056f3c81fdfaae729feee2ccaee7f57bbf91c0df01620,0x29d83392bd639be8fe15433504a959a1a69d4160,SELL,No,103817554879098980143189456527608321905884757182906793330525824422625380941210,0xcaec99debca1fe002f7af5b3ff300edfcf84c7ab7e366b24c12316ba99ed302e,0.994,15.48,15.38712,1727629764,Will a Democrat win South Dakota Presidential Election?
0xa2d2706fdfacc20b791e6cc4cb3890278ded63ac7212bff04afa0a4001a6715e,0x29d83392bd639be8fe15433504a959a1a69d4160,BUY,No,103817554879098980143189456527608321905884757182906793330525824422625380941210,0xcaec99debca1fe002f7af5b3ff300edfcf84c7ab7e366b24c12316ba99ed302e,0.995,15.4874,15.409963,1727629296,Will a Democrat win South Dakota Presidential Election?
0xb85218886c7e7b2320c279ecbda5f4ba7c93294bb7ce16fdea1df2861934af15,0xe28123be2d10461504e5ffb36ea789d4d793c5f9,SELL,No,103817554879098980143189456527608321905884757182906793330525824422625380941210,0xcaec99debca1fe002f7af5b3ff300edfcf84c7ab7e366b24c12316ba99ed302e,0.994,15.25,15.1585,1727623662,Will a Democrat win South Dakota Presidential Election?
0x4fc9fa75b15663c199285f7494391d4b528f9c25006be86b01c623d33bb11fc5,0xe28123be2d10461504e5ffb36ea789d4d793c5f9,BUY,No,103817554879098980143189456527608321905884757182906793330525824422625380941210,0xcaec99debca1fe002f7af5b3ff300edfcf84c7ab7e366b24c12316ba99ed302e,0.995,15.2562,15.179919,1727623292,Will a Democrat win South Dakota Presidential Election?
0x30d46e21f4dd0c188bebad2e415f9c448bba95adbc14a0fed099defdab6dcea9,0x93bc6b3c39ff197a8ef7b66485086406db77794c,SELL,No,103817554879098980143189456527608321905884757182906793330525824422625380941210,0xcaec99debca1fe002f7af5b3ff300edfcf84c7ab7e366b24c12316ba99ed302e,0.994,15.23,15.13862,1727621064,Will a Democrat win South Dakota Presidential Election?
0x53c7dcd59b59db3d72fd5bb6809ac78387c270797922a19bde1f75add55ad88c,0x27d48f92c1974f50fa4c5733d490e9b41ff7c3bf,SELL,No,103817554879098980143189456527608321905884757182906793330525824422625380941210,0xcaec99debca1fe002f7af5b3ff300edfcf84c7ab7e366b24c12316ba99ed302e,0.994,14.88,14.79072,1727620946,Will a Democrat win South Dakota Presidential Election?
0x5ed6e06d66df2df2ff748cd937cfee1ba1f0f4bdb6614af7d89eeeff294a6e21,0x93bc6b3c39ff197a8ef7b66485086406db77794c,BUY,No,103817554879098980143189456527608321905884757182906793330525824422625380941210,0xcaec99debca1fe002f7af5b3ff300edfcf84c7ab7e366b24c12316ba99ed302e,0.995,15.236,15.15982,1727620708,Will a Democrat win South Dakota Presidential Election?
0x7ed2fa3fabe7bee500c4edd4fe9989905ee251f05994fbb442d8f5f3ba2c61cb,0x27d48f92c1974f50fa4c5733d490e9b41ff7c3bf,BUY,No,103817554879098980143189456527608321905884757182906793330525824422625380941210,0xcaec99debca1fe002f7af5b3ff300edfcf84c7ab7e366b24c12316ba99ed302e,0.995,14.8844,14.809978,1727620166,Will a Democrat win South Dakota Presidential Election?
0xd883fd2fb3476f1807fe8afda1e8913932af437c884b560d41a24a6c02ec8d74,0xc45b665e9fa1d9cc69f61cc6c0140e9756b918a0,SELL,No,103817554879098980143189456527608321905884757182906793330525824422625380941210,0xcaec99debca1fe002f7af5b3ff300edfcf84c7ab7e366b24c12316ba99ed302e,0.994,13.57,13.48858,1727619970,Will a Democrat win South Dakota Presidential Election?
0x0d5e0d5bb82de62ce4cebc9981379826411e6262b8d23eed9d1ff3b4341e42df,0xc45b665e9fa1d9cc69f61cc6c0140e9756b918a0,BUY,No,103817554879098980143189456527608321905884757182906793330525824422625380941210,0xcaec99debca1fe002f7af5b3ff300edfcf84c7ab7e366b24c12316ba99ed302e,0.995,13.5778,13.509911,1727619506,Will a Democrat win South Dakota Presidential Election?
0x9fd78cf83b11c5073982ee4d8292b17595ebcfc5f571ae8d9320096353a5d856,0xcc6de0ef7e7b52748b3ac134223fc77c3ca0f358,SELL,No,103817554879098980143189456527608321905884757182906793330525824422625380941210,0xcaec99debca1fe002f7af5b3ff300edfcf84c7ab7e366b24c12316ba99ed302e,0.994,12.48,12.40512,1727618628,Will a Democrat win South Dakota Presidential Election?
0x9e5d8d69e91d72ec8f9b777f299673b4f125fccdf9bc6ebd37d5840529dc0272,0xcc6de0ef7e7b52748b3ac134223fc77c3ca0f358,BUY,No,103817554879098980143189456527608321905884757182906793330525824422625380941210,0xcaec99debca1fe002f7af5b3ff300edfcf84c7ab7e366b24c12316ba99ed302e,0.995,12.4824,12.419988,1727617870,Will a Democrat win South Dakota Presidential Election?
0x1cf31bf0b53915ac9d660a63cfa4b910eb0b069487c8e44b09ff7b345adaa5c9,0x298c68b944bef0d3167bc23a10ef8569698d80a0,SELL,No,103817554879098980143189456527608321905884757182906793330525824422625380941210,0xcaec99debca1fe002f7af5b3ff300edfcf84c7ab7e366b24c12316ba99ed302e,0.994,7.36,7.315840000000001,1727617516,Will a Democrat win South Dakota Presidential Election?
0x202d2e97aea73d295487d7948857bbefdb40ea47b00479fdf1aac9bcfed1d62f,0x2b51c3cbe6dc66fad08a9cf64b36b51bdc240fc7,SELL,No,103817554879098980143189456527608321905884757182906793330525824422625380941210,0xcaec99debca1fe002f7af5b3ff300edfcf84c7ab7e366b24c12316ba99ed302e,0.994,15.96,15.86424,1727614578,Will a Democrat win South Dakota Presidential Election?
0x6516f6909d35fdcaa1435591ba481b3aa9d395ae6a36f67d7a4228eae6d390d4,0x2b51c3cbe6dc66fad08a9cf64b36b51bdc240fc7,BUY,No,103817554879098980143189456527608321905884757182906793330525824422625380941210,0xcaec99debca1fe002f7af5b3ff300edfcf84c7ab7e366b24c12316ba99ed302e,0.995,15.9698,15.889951,1727614064,Will a Democrat win South Dakota Presidential Election?
0x97d9bc9a1a11866683623eadffada514325a9af7ead3ffe9f88193bdaa5e5b22,0x79399c3e7911bc4280fe17f54a76f05172846004,SELL,No,103817554879098980143189456527608321905884757182906793330525824422625380941210,0xcaec99debca1fe002f7af5b3ff300edfcf84c7ab7e366b24c12316ba99ed302e,0.994,16.47,16.37118,1727612040,Will a Democrat win South Dakota Presidential Election?
0x1b2a36e906ef99ef33e18b4079612cfd7705731715e142b4d550523672bcfaeb,0xc7d2bbc355f2a3a09bec0625532e3331f69c6f9c,SELL,No,103817554879098980143189456527608321905884757182906793330525824422625380941210,0xcaec99debca1fe002f7af5b3ff300edfcf84c7ab7e366b24c12316ba99ed302e,0.994,16,15.904,1727611918,Will a Democrat win South Dakota Presidential Election?
0x3000f783d78e78d297380425a3e878ad4c34e400acd39330b24c9f4fdc35f6f4,0x79399c3e7911bc4280fe17f54a76f05172846004,BUY,No,103817554879098980143189456527608321905884757182906793330525824422625380941210,0xcaec99debca1fe002f7af5b3ff300edfcf84c7ab7e366b24c12316ba99ed302e,0.995,16.4722,16.389839000000002,1727611804,Will a Democrat win South Dakota Presidential Election?
0xe09e963c4c8fef6c8e7ae5b3abe6cc4817670497a94b310d56dae749c7704f4d,0xc7d2bbc355f2a3a09bec0625532e3331f69c6f9c,BUY,No,103817554879098980143189456527608321905884757182906793330525824422625380941210,0xcaec99debca1fe002f7af5b3ff300edfcf84c7ab7e366b24c12316ba99ed302e,0.995,16,15.92,1727611482,Will a Democrat win South Dakota Presidential Election?
0x63358a093be0577097b804298798680d0a49b07291fee728736994723989aa24,0xfd2e8726011c28921f91dc0d26f0122c7a75dc54,SELL,No,103817554879098980143189456527608321905884757182906793330525824422625380941210,0xcaec99debca1fe002f7af5b3ff300edfcf84c7ab7e366b24c12316ba99ed302e,0.994,14.01,13.925939999999999,1727608302,Will a Democrat win South Dakota Presidential Election?
0xd596cbe7a8be984012da6706684b1685cb9714d798d68deeb7336ac015af2b15,0xfd2e8726011c28921f91dc0d26f0122c7a75dc54,BUY,No,103817554879098980143189456527608321905884757182906793330525824422625380941210,0xcaec99debca1fe002f7af5b3ff300edfcf84c7ab7e366b24c12316ba99ed302e,0.995,14.01,13.93995,1727608008,Will a Democrat win South Dakota Presidential Election?
0x0cbce41bb190ea16643b57042b32b7afed92ae99bd9641a390f85ca7d4d8bbee,0x7778ecfa68ade71b6b4f05e9ca3d0c38f740ac87,SELL,No,103817554879098980143189456527608321905884757182906793330525824422625380941210,0xcaec99debca1fe002f7af5b3ff300edfcf84c7ab7e366b24c12316ba99ed302e,0.994,12.18,12.106919999999999,1727607782,Will a Democrat win South Dakota Presidential Election?
0x1ef0bc0633a5d0676fed95770030e41d29637d6edec55c72d50dea178f0c3bae,0x7778ecfa68ade71b6b4f05e9ca3d0c38f740ac87,BUY,No,103817554879098980143189456527608321905884757182906793330525824422625380941210,0xcaec99debca1fe002f7af5b3ff300edfcf84c7ab7e366b24c12316ba99ed302e,0.995,12.1808,12.119895999999999,1727607464,Will a Democrat win South Dakota Presidential Election?
0x75531b094fd5c795628353a930a02ecc2256dea27d5ce72ef888e30e8c69a822,0xe1495f942ccbe09cc0797091a0d2d1ad102e91cc,SELL,No,103817554879098980143189456527608321905884757182906793330525824422625380941210,0xcaec99debca1fe002f7af5b3ff300edfcf84c7ab7e366b24c12316ba99ed302e,0.994,14.57,14.48258,1727600282,Will a Democrat win South Dakota Presidential Election?
0xec8ee111176adb7db695825b5e6b567d0b36e903379a13d3182cbcb79020d655,0xe1495f942ccbe09cc0797091a0d2d1ad102e91cc,BUY,No,103817554879098980143189456527608321905884757182906793330525824422625380941210,0xcaec99debca1fe002f7af5b3ff300edfcf84c7ab7e366b24c12316ba99ed302e,0.995,14.5728,14.499936,1727599990,Will a Democrat win South Dakota Presidential Election?
0x303b33e2d0ed7868353f389167fe07f8ea68dc2b7e8b8368e3e1bd663f9f5521,0x002a8ee4f5e063c62fad5ed7929404ed72a78b7b,SELL,No,103817554879098980143189456527608321905884757182906793330525824422625380941210,0xcaec99debca1fe002f7af5b3ff300edfcf84c7ab7e366b24c12316ba99ed302e,0.994,13.09,13.01146,1727583916,Will a Democrat win South Dakota Presidential Election?
0x16a530eaa479a7321ad89118d3caa755fe76e47a66a41ed9f0b788befb26381b,0x002a8ee4f5e063c62fad5ed7929404ed72a78b7b,BUY,No,103817554879098980143189456527608321905884757182906793330525824422625380941210,0xcaec99debca1fe002f7af5b3ff300edfcf84c7ab7e366b24c12316ba99ed302e,0.995,13.0854,13.019973,1727583556,Will a Democrat win South Dakota Presidential Election?
0x23e37ea61bf62eb15cb047f96240595190361116e1e6b0a486185a45ccc3babe,0x46ca831ac8633817aa2eebf8de7843b3ae549e89,SELL,No,103817554879098980143189456527608321905884757182906793330525824422625380941210,0xcaec99debca1fe002f7af5b3ff300edfcf84c7ab7e366b24c12316ba99ed302e,0.994,16.07,15.97358,1727582315,Will a Democrat win South Dakota Presidential Election?
0xc2f321d4751a099761ef8c527081a5fc747802b6d946d80af30e997de49625fb,0x46ca831ac8633817aa2eebf8de7843b3ae549e89,BUY,No,103817554879098980143189456527608321905884757182906793330525824422625380941210,0xcaec99debca1fe002f7af5b3ff300edfcf84c7ab7e366b24c12316ba99ed302e,0.995,16.0702,15.989849,1727581785,Will a Democrat win South Dakota Presidential Election?
0x620e8c88e45d69eda2322d5daa79e99f45d8b41aa1aaee79c8f536f19d78b25a,0x6ba474f9766a2b05c99f2479a92a16ce50ce2528,SELL,No,103817554879098980143189456527608321905884757182906793330525824422625380941210,0xcaec99debca1fe002f7af5b3ff300edfcf84c7ab7e366b24c12316ba99ed302e,0.994,15.38,15.28772,1727577633,Will a Democrat win South Dakota Presidential Election?
0xcef2af95f42efa130112ceaddd8e941cc5db401e12312cd3d4630a28b15bbc13,0x6ba474f9766a2b05c99f2479a92a16ce50ce2528,BUY,No,103817554879098980143189456527608321905884757182906793330525824422625380941210,0xcaec99debca1fe002f7af5b3ff300edfcf84c7ab7e366b24c12316ba99ed302e,0.995,15.3768,15.299916,1727577033,Will a Democrat win South Dakota Presidential Election?
0xc7cbe4fb72822d6df22b6df152f6655165de28e8d9481f4b2a006b63bf35d403,0x4f4f3ccb4bee840b7fb945bdb9e171a75f8efeb7,SELL,No,103817554879098980143189456527608321905884757182906793330525824422625380941210,0xcaec99debca1fe002f7af5b3ff300edfcf84c7ab7e366b24c12316ba99ed302e,0.994,12.01,11.93794,1727574034,Will a Democrat win South Dakota Presidential Election?
0x28bcc507d5860baf69db08272aec51407ed87aa86a0c38095dbe909c751e0f3f,0x4f4f3ccb4bee840b7fb945bdb9e171a75f8efeb7,BUY,No,103817554879098980143189456527608321905884757182906793330525824422625380941210,0xcaec99debca1fe002f7af5b3ff300edfcf84c7ab7e366b24c12316ba99ed302e,0.995,12.01,11.94995,1727573753,Will a Democrat win South Dakota Presidential Election?
0xfa255f467b77f861e46518e9cf19c6e79abd66892cc0c23ac9a03aa3c8d751cc,0x3d86f518e4dceef7fa6a3fb653ce63a4f2ab0005,SELL,No,103817554879098980143189456527608321905884757182906793330525824422625380941210,0xcaec99debca1fe002f7af5b3ff300edfcf84c7ab7e366b24c12316ba99ed302e,0.994,13.94,13.856359999999999,1727573370,Will a Democrat win South Dakota Presidential Election?
0x75ef049bf0240f48e0bae22a9341d369c9621118c82e8ba757609b887347214f,0x3d86f518e4dceef7fa6a3fb653ce63a4f2ab0005,BUY,No,103817554879098980143189456527608321905884757182906793330525824422625380941210,0xcaec99debca1fe002f7af5b3ff300edfcf84c7ab7e366b24c12316ba99ed302e,0.995,13.9396,13.869902,1727573008,Will a Democrat win South Dakota Presidential Election?
0x219fae5301d0a84b0eaa4629b877e61bc8f39d0e5f6a2856c3516c45f4872890,0xecb2483b9ca32787756df26a36332cdc1733b2fc,SELL,No,103817554879098980143189456527608321905884757182906793330525824422625380941210,0xcaec99debca1fe002f7af5b3ff300edfcf84c7ab7e366b24c12316ba99ed302e,0.994,14.85,14.7609,1727572234,Will a Democrat win South Dakota Presidential Election?
0x3df5afdbc4c80534190b45b039a4f776338bcf0675c8fa7e0374bc5eeb75c145,0xecb2483b9ca32787756df26a36332cdc1733b2fc,BUY,No,103817554879098980143189456527608321905884757182906793330525824422625380941210,0xcaec99debca1fe002f7af5b3ff300edfcf84c7ab7e366b24c12316ba99ed302e,0.995,14.8542,14.779929000000001,1727571608,Will a Democrat win South Dakota Presidential Election?
0x85917a42e475364a9aa9fe6ea2fa71f6eec7529a28066325f62235dbadb66612,0x05dc618b91b90b00da9f4d7e091ce71c266ea938,SELL,No,103817554879098980143189456527608321905884757182906793330525824422625380941210,0xcaec99debca1fe002f7af5b3ff300edfcf84c7ab7e366b24c12316ba99ed302e,0.994,13.03,12.95182,1727570844,Will a Democrat win South Dakota Presidential Election?
0xe13ffaa118192e7616094cc23ac643f5c63e22ec19649deb24dbff4fdb6fe1bf,0x05dc618b91b90b00da9f4d7e091ce71c266ea938,BUY,No,103817554879098980143189456527608321905884757182906793330525824422625380941210,0xcaec99debca1fe002f7af5b3ff300edfcf84c7ab7e366b24c12316ba99ed302e,0.995,13.025,12.959875,1727570304,Will a Democrat win South Dakota Presidential Election?
0xa27ff65357f687c1efa2ec4b6cc86ba53b5f0690b2c1b5a0895d887af7647fb0,0x6e5c528141efdcfba977de4cb2d39a6cadb0d95a,SELL,No,103817554879098980143189456527608321905884757182906793330525824422625380941210,0xcaec99debca1fe002f7af5b3ff300edfcf84c7ab7e366b24c12316ba99ed302e,0.994,12.8,12.7232,1727567814,Will a Democrat win South Dakota Presidential Election?
0xc95f73ebc3eac00e8131af9527916db1471892f152627dea2e67c6a21bad4bd2,0x6e5c528141efdcfba977de4cb2d39a6cadb0d95a,BUY,No,103817554879098980143189456527608321905884757182906793330525824422625380941210,0xcaec99debca1fe002f7af5b3ff300edfcf84c7ab7e366b24c12316ba99ed302e,0.995,12.7938,12.729830999999999,1727567558,Will a Democrat win South Dakota Presidential Election?
0xe49c9467bfc38754f6c355a1cb103f4ae8748ceef5e4a32129f202559f8346b7,0x8eb2e807d3679a68c97d146b1b4cb533f9bb36c2,SELL,No,103817554879098980143189456527608321905884757182906793330525824422625380941210,0xcaec99debca1fe002f7af5b3ff300edfcf84c7ab7e366b24c12316ba99ed302e,0.994,12.21,12.136740000000001,1727567470,Will a Democrat win South Dakota Presidential Election?
0xbba670a0b58061829c56b35b1dd42539294d4d7469d5a3b1a6a5c5aa53b15326,0x8eb2e807d3679a68c97d146b1b4cb533f9bb36c2,BUY,No,103817554879098980143189456527608321905884757182906793330525824422625380941210,0xcaec99debca1fe002f7af5b3ff300edfcf84c7ab7e366b24c12316ba99ed302e,0.995,12.211,12.149945,1727566820,Will a Democrat win South Dakota Presidential Election?
0xd5a514efd4d626e35227da7f288138f9e871f8208c219a9aec5a7ae527f5089e,0x0584d891713411ed4373b41aa8c2396afcea74cb,SELL,No,103817554879098980143189456527608321905884757182906793330525824422625380941210,0xcaec99debca1fe002f7af5b3ff300edfcf84c7ab7e366b24c12316ba99ed302e,0.994,17.04,16.93776,1727564450,Will a Democrat win South Dakota Presidential Election?
0xe0ac0ee0af566b9c734a4a501c70edf089ffccb2f676737bd1584108a0928ce5,0xcb0366a70661bf5afe598f97b78590dad29cd8b7,SELL,No,103817554879098980143189456527608321905884757182906793330525824422625380941210,0xcaec99debca1fe002f7af5b3ff300edfcf84c7ab7e366b24c12316ba99ed302e,0.994,16.13,16.03322,1727564408,Will a Democrat win South Dakota Presidential Election?
0xc1031b1c62ce6b1cfa34afccdaaed120bf876d7a2b2fe880b3d46af42e688530,0xaff29878ec1b57c7a754fa22ce03e6aab5ad5cd5,SELL,No,103817554879098980143189456527608321905884757182906793330525824422625380941210,0xcaec99debca1fe002f7af5b3ff300edfcf84c7ab7e366b24c12316ba99ed302e,0.994,12.79,12.713259999999998,1727564104,Will a Democrat win South Dakota Presidential Election?
0x9b450bb7982f9fb9fc0216cb1df8c67415e8658e0ff6cb1002f5396553f459d5,0x0584d891713411ed4373b41aa8c2396afcea74cb,BUY,No,103817554879098980143189456527608321905884757182906793330525824422625380941210,0xcaec99debca1fe002f7af5b3ff300edfcf84c7ab7e366b24c12316ba99ed302e,0.995,17.0452,16.959974000000003,1727563972,Will a Democrat win South Dakota Presidential Election?
0xf111905264500e25007d1a8a41263a41b0a22e9782182afe3fc0d5c57fc33832,0xcb0366a70661bf5afe598f97b78590dad29cd8b7,BUY,No,103817554879098980143189456527608321905884757182906793330525824422625380941210,0xcaec99debca1fe002f7af5b3ff300edfcf84c7ab7e366b24c12316ba99ed302e,0.995,16.1306,16.049947,1727563952,Will a Democrat win South Dakota Presidential Election?
0xdfd64177fa262181e7293c946d56867592f6fc572de81d2d6acb67d085ee4bb8,0xaff29878ec1b57c7a754fa22ce03e6aab5ad5cd5,BUY,No,103817554879098980143189456527608321905884757182906793330525824422625380941210,0xcaec99debca1fe002f7af5b3ff300edfcf84c7ab7e366b24c12316ba99ed302e,0.995,12.7938,12.729830999999999,1727563431,Will a Democrat win South Dakota Presidential Election?
0x02888b68023883bd27ff97abfc6a81b918f800a8a27f21e1487e1b295beaf7f0,0xdec9d9f14b094867691ebb18e36f0392789507df,SELL,No,103817554879098980143189456527608321905884757182906793330525824422625380941210,0xcaec99debca1fe002f7af5b3ff300edfcf84c7ab7e366b24c12316ba99ed302e,0.994,16.24,16.14256,1727558502,Will a Democrat win South Dakota Presidential Election?
0xd77327ea316998eec50f4a2baab9966ce32a867592f8b2fdf9b013b80faf2079,0xdec9d9f14b094867691ebb18e36f0392789507df,BUY,No,103817554879098980143189456527608321905884757182906793330525824422625380941210,0xcaec99debca1fe002f7af5b3ff300edfcf84c7ab7e366b24c12316ba99ed302e,0.995,16.2412,16.159993999999998,1727558094,Will a Democrat win South Dakota Presidential Election?
0x9bca2d968b82a269754f379d0904ce17cdbd1f1a5af8e2870a410d60c22bb8cc,0x49aad6b57063cedb21810b3126817231eda15b8a,SELL,No,103817554879098980143189456527608321905884757182906793330525824422625380941210,0xcaec99debca1fe002f7af5b3ff300edfcf84c7ab7e366b24c12316ba99ed302e,0.994,13.73,13.64762,1727557592,Will a Democrat win South Dakota Presidential Election?
0xdac86bc730646634c9d104493052cbc69e23285951eb48667f4044af0c364648,0x49aad6b57063cedb21810b3126817231eda15b8a,BUY,No,103817554879098980143189456527608321905884757182906793330525824422625380941210,0xcaec99debca1fe002f7af5b3ff300edfcf84c7ab7e366b24c12316ba99ed302e,0.995,13.7386,13.669907,1727557016,Will a Democrat win South Dakota Presidential Election?
0xd0157b6f7fd67d3c808380122cd4640eb8f6cc8d8e084f66cef0354a805d05c5,0xc3cc49f2bf8b5f5400f84e01df804cc695f5548d,SELL,No,103817554879098980143189456527608321905884757182906793330525824422625380941210,0xcaec99debca1fe002f7af5b3ff300edfcf84c7ab7e366b24c12316ba99ed302e,0.994,16.29,16.192259999999997,1727547024,Will a Democrat win South Dakota Presidential Election?
0xa5c00000cb50f4d7559035764a6d90921419442ae25886d7a47c60dff8cfc0e3,0xc3cc49f2bf8b5f5400f84e01df804cc695f5548d,BUY,No,103817554879098980143189456527608321905884757182906793330525824422625380941210,0xcaec99debca1fe002f7af5b3ff300edfcf84c7ab7e366b24c12316ba99ed302e,0.995,16.2914,16.209943,1727546596,Will a Democrat win South Dakota Presidential Election?
0xaadf57d93ef3a618cd06971ddcf110c6a12836796c99bcb167e2eba3f34571bc,0x0136a9515eb79ca8bd872a4c914d5dcf9f710062,SELL,No,103817554879098980143189456527608321905884757182906793330525824422625380941210,0xcaec99debca1fe002f7af5b3ff300edfcf84c7ab7e366b24c12316ba99ed302e,0.994,15.27,15.178379999999999,1727544788,Will a Democrat win South Dakota Presidential Election?
0xd7709e63f9dc900a9ff7f8879bbf39b675ad9316f2bb8d0f261e006bd4c550f6,0x0136a9515eb79ca8bd872a4c914d5dcf9f710062,BUY,No,103817554879098980143189456527608321905884757182906793330525824422625380941210,0xcaec99debca1fe002f7af5b3ff300edfcf84c7ab7e366b24c12316ba99ed302e,0.995,15.2762,15.199819,1727544408,Will a Democrat win South Dakota Presidential Election?
0xbbd226338ab4228addf1abb76371815cd3f27149ec725eed4d3c80596add44cc,0x6e5c528141efdcfba977de4cb2d39a6cadb0d95a,SELL,No,103817554879098980143189456527608321905884757182906793330525824422625380941210,0xcaec99debca1fe002f7af5b3ff300edfcf84c7ab7e366b24c12316ba99ed302e,0.994,13.09,13.01146,1727541004,Will a Democrat win South Dakota Presidential Election?
0xcac5ad85e3ed8303738bf164e30e99f4e99c237c1e28cda5c2b476adc05a17f0,0x6e5c528141efdcfba977de4cb2d39a6cadb0d95a,BUY,No,103817554879098980143189456527608321905884757182906793330525824422625380941210,0xcaec99debca1fe002f7af5b3ff300edfcf84c7ab7e366b24c12316ba99ed302e,0.995,13.0954,13.029923,1727540794,Will a Democrat win South Dakota Presidential Election?
0x73a23085afd54c95912e631a977fe44904709160e5b80b2d2d800360777f030d,0x6ba474f9766a2b05c99f2479a92a16ce50ce2528,SELL,No,103817554879098980143189456527608321905884757182906793330525824422625380941210,0xcaec99debca1fe002f7af5b3ff300edfcf84c7ab7e366b24c12316ba99ed302e,0.994,15.71,15.61574,1727536470,Will a Democrat win South Dakota Presidential Election?
0xa319624b9c00fcd22f851e64f9e579b38bb46bddefbff5ddb845e9dde6c41553,0x6ba474f9766a2b05c99f2479a92a16ce50ce2528,BUY,No,103817554879098980143189456527608321905884757182906793330525824422625380941210,0xcaec99debca1fe002f7af5b3ff300edfcf84c7ab7e366b24c12316ba99ed302e,0.995,15.7184,15.639808,1727535928,Will a Democrat win South Dakota Presidential Election?
0x98112f7e9cc915be8b32ec5b9f81971e135e150fb91ba70fd060ae10d5f515ce,0x8eb2e807d3679a68c97d146b1b4cb533f9bb36c2,SELL,No,103817554879098980143189456527608321905884757182906793330525824422625380941210,0xcaec99debca1fe002f7af5b3ff300edfcf84c7ab7e366b24c12316ba99ed302e,0.994,12.3,12.2262,1727535004,Will a Democrat win South Dakota Presidential Election?
0xbd4c521363b4603e28385b35bfdc1ae93f35dc94748a6a0cf46de22f7ca9e951,0x45f8719eec9914eaec5bdca8a869d47a3b2b6ea2,BUY,Yes,105742278895779392184517567088147476702553818055925607866681628906726505150563,0xcaec99debca1fe002f7af5b3ff300edfcf84c7ab7e366b24c12316ba99ed302e,0.006,10,0.06,1727534936,Will a Democrat win South Dakota Presidential Election?
0xca76b24eb682f18678339c314c849efdfe6cdc1d2fde330b9cfe65148ab32f13,0x8eb2e807d3679a68c97d146b1b4cb533f9bb36c2,BUY,No,103817554879098980143189456527608321905884757182906793330525824422625380941210,0xcaec99debca1fe002f7af5b3ff300edfcf84c7ab7e366b24c12316ba99ed302e,0.995,12.3014,12.239892999999999,1727534198,Will a Democrat win South Dakota Presidential Election?
0x127982bc06bcea5add874747cfec6bf39cb6b19defdf93a9b0cad782ebcb69e0,0x45f8719eec9914eaec5bdca8a869d47a3b2b6ea2,BUY,Yes,105742278895779392184517567088147476702553818055925607866681628906726505150563,0xcaec99debca1fe002f7af5b3ff300edfcf84c7ab7e366b24c12316ba99ed302e,0.006,10,0.06,1727532902,Will a Democrat win South Dakota Presidential Election?
0x1fb0133c44f2d8f5c678460a2b553df29ddb5158df3c873d6157cc71cc38ac76,0xdec9d9f14b094867691ebb18e36f0392789507df,SELL,No,103817554879098980143189456527608321905884757182906793330525824422625380941210,0xcaec99debca1fe002f7af5b3ff300edfcf84c7ab7e366b24c12316ba99ed302e,0.994,16.51,16.41094,1727529640,Will a Democrat win South Dakota Presidential Election?
0xfb434a5aaffa720bb9b890a4dc0f66e6ad2d1fc996ff7202a088cc8476054fec,0xdec9d9f14b094867691ebb18e36f0392789507df,BUY,No,103817554879098980143189456527608321905884757182906793330525824422625380941210,0xcaec99debca1fe002f7af5b3ff300edfcf84c7ab7e366b24c12316ba99ed302e,0.995,16.5124,16.429838,1727529133,Will a Democrat win South Dakota Presidential Election?
0xecff036fc0c0759ddb46a50fb58edc9d22e99e22e8f8da0eccc37a1196157811,0x49aad6b57063cedb21810b3126817231eda15b8a,SELL,No,103817554879098980143189456527608321905884757182906793330525824422625380941210,0xcaec99debca1fe002f7af5b3ff300edfcf84c7ab7e366b24c12316ba99ed302e,0.994,14.02,13.93588,1727527687,Will a Democrat win South Dakota Presidential Election?
0x1047fc15bf5dd720b4ed0498ac3f21011b10bceb731f8d82bed1d30bef293f3b,0x49aad6b57063cedb21810b3126817231eda15b8a,BUY,No,103817554879098980143189456527608321905884757182906793330525824422625380941210,0xcaec99debca1fe002f7af5b3ff300edfcf84c7ab7e366b24c12316ba99ed302e,0.995,14.02,13.9499,1727527083,Will a Democrat win South Dakota Presidential Election?
0x6863624acc2fdc4d126b000e41abd3bfae00250dc8b97b6b286b7a166f0846c3,0xecb2483b9ca32787756df26a36332cdc1733b2fc,SELL,No,103817554879098980143189456527608321905884757182906793330525824422625380941210,0xcaec99debca1fe002f7af5b3ff300edfcf84c7ab7e366b24c12316ba99ed302e,0.994,15.08,14.98952,1727525575,Will a Democrat win South Dakota Presidential Election?
0x68c33fd170ba15a6302547678acefd1720469012976fb802c5708f5a8b505a2e,0xecb2483b9ca32787756df26a36332cdc1733b2fc,BUY,No,103817554879098980143189456527608321905884757182906793330525824422625380941210,0xcaec99debca1fe002f7af5b3ff300edfcf84c7ab7e366b24c12316ba99ed302e,0.995,15.0752,14.999824,1727525223,Will a Democrat win South Dakota Presidential Election?
0xbdd871fd417f248d09d0e0a5ac31bc3f37995df4b63311ac0cb624ed8197cbbb,0x002a8ee4f5e063c62fad5ed7929404ed72a78b7b,SELL,No,103817554879098980143189456527608321905884757182906793330525824422625380941210,0xcaec99debca1fe002f7af5b3ff300edfcf84c7ab7e366b24c12316ba99ed302e,0.994,13.4,13.3196,1727523659,Will a Democrat win South Dakota Presidential Election?
0x2633356ea62020f91bc8ea69e4af8868d44e0b058b861d72e559eaa34f4861a9,0xaff29878ec1b57c7a754fa22ce03e6aab5ad5cd5,SELL,No,103817554879098980143189456527608321905884757182906793330525824422625380941210,0xcaec99debca1fe002f7af5b3ff300edfcf84c7ab7e366b24c12316ba99ed302e,0.994,12.94,12.862359999999999,1727523413,Will a Democrat win South Dakota Presidential Election?
0x1b87bdcfc3b54ad1bfb06f16a58b34e3c65f2881c61f51c2d617e01fca8a531b,0x002a8ee4f5e063c62fad5ed7929404ed72a78b7b,BUY,No,103817554879098980143189456527608321905884757182906793330525824422625380941210,0xcaec99debca1fe002f7af5b3ff300edfcf84c7ab7e366b24c12316ba99ed302e,0.995,13.3968,13.329816000000001,1727523109,Will a Democrat win South Dakota Presidential Election?
0xf2510583222c37a5ac13e6cd8d6c5b74f76df65aba17e6d065ce12569007e137,0xaff29878ec1b57c7a754fa22ce03e6aab5ad5cd5,BUY,No,103817554879098980143189456527608321905884757182906793330525824422625380941210,0xcaec99debca1fe002f7af5b3ff300edfcf84c7ab7e366b24c12316ba99ed302e,0.995,12.9346,12.869926999999999,1727523007,Will a Democrat win South Dakota Presidential Election?
0x66836cfb14ef3263cabdc093d3b67cb157fe81694b8b3c72d17b3306893994da,0x3d86f518e4dceef7fa6a3fb653ce63a4f2ab0005,SELL,No,103817554879098980143189456527608321905884757182906793330525824422625380941210,0xcaec99debca1fe002f7af5b3ff300edfcf84c7ab7e366b24c12316ba99ed302e,0.994,14.27,14.184379999999999,1727520905,Will a Democrat win South Dakota Presidential Election?
0xb3678ecc23bdf94f8685e677c81f0d9fb386f0dbc8bfb960c56cef88f26a0bf1,0x3d86f518e4dceef7fa6a3fb653ce63a4f2ab0005,BUY,No,103817554879098980143189456527608321905884757182906793330525824422625380941210,0xcaec99debca1fe002f7af5b3ff300edfcf84c7ab7e366b24c12316ba99ed302e,0.995,14.2712,14.199844,1727520233,Will a Democrat win South Dakota Presidential Election?
0x7cbd4c21f3a26e17d8fa2b393a7eb63ad8481fffe428407c4f70f381dfa8af73,0x05dc618b91b90b00da9f4d7e091ce71c266ea938,SELL,No,103817554879098980143189456527608321905884757182906793330525824422625380941210,0xcaec99debca1fe002f7af5b3ff300edfcf84c7ab7e366b24c12316ba99ed302e,0.994,13.47,13.389180000000001,1727518364,Will a Democrat win South Dakota Presidential Election?
0x6957f74590302cca70e235175c6bd297598eaca13b213d04f493683f2d8a7e05,0x05dc618b91b90b00da9f4d7e091ce71c266ea938,BUY,No,103817554879098980143189456527608321905884757182906793330525824422625380941210,0xcaec99debca1fe002f7af5b3ff300edfcf84c7ab7e366b24c12316ba99ed302e,0.995,13.4772,13.409813999999999,1727517738,Will a Democrat win South Dakota Presidential Election?
0x32e79bb0f71839cc7ee0da7702e359ad4b99ebeb85a6b82253ffae3830825f30,0x4f4f3ccb4bee840b7fb945bdb9e171a75f8efeb7,SELL,No,103817554879098980143189456527608321905884757182906793330525824422625380941210,0xcaec99debca1fe002f7af5b3ff300edfcf84c7ab7e366b24c12316ba99ed302e,0.994,12.23,12.15662,1727517254,Will a Democrat win South Dakota Presidential Election?
0x4afabf9913dd1ecc13f531f70bebedbc12cecfba48feef9d2a423b2d32a0f65e,0x4f4f3ccb4bee840b7fb945bdb9e171a75f8efeb7,BUY,No,103817554879098980143189456527608321905884757182906793330525824422625380941210,0xcaec99debca1fe002f7af5b3ff300edfcf84c7ab7e366b24c12316ba99ed302e,0.995,12.231,12.169845,1727517028,Will a Democrat win South Dakota Presidential Election?
0x52b1c8bb3c4225928074b82ab3713fb18157019113d9a92869f29eac47165a46,0x46ca831ac8633817aa2eebf8de7843b3ae549e89,SELL,No,103817554879098980143189456527608321905884757182906793330525824422625380941210,0xcaec99debca1fe002f7af5b3ff300edfcf84c7ab7e366b24c12316ba99ed302e,0.994,16.54,16.440759999999997,1727512257,Will a Democrat win South Dakota Presidential Election?
0x9c7b57b6a881baed703fadd2519b0f53f209e1f169dc4f2846a6e9109b889503,0x46ca831ac8633817aa2eebf8de7843b3ae549e89,BUY,No,103817554879098980143189456527608321905884757182906793330525824422625380941210,0xcaec99debca1fe002f7af5b3ff300edfcf84c7ab7e366b24c12316ba99ed302e,0.995,16.5426,16.459887,1727511945,Will a Democrat win South Dakota Presidential Election?
0x594fa576e10cedaccbdae94a7fd175cbb2a99e2fd6172d365e5dee5bf64da8cc,0x45f8719eec9914eaec5bdca8a869d47a3b2b6ea2,BUY,Yes,105742278895779392184517567088147476702553818055925607866681628906726505150563,0xcaec99debca1fe002f7af5b3ff300edfcf84c7ab7e366b24c12316ba99ed302e,0.007,10,0.07,1727494828,Will a Democrat win South Dakota Presidential Election?
0x2c0a04374a2643ee80497696e8516ead86f965eb24e4cfe723e89917ace5ce5b,0x45f8719eec9914eaec5bdca8a869d47a3b2b6ea2,BUY,Yes,105742278895779392184517567088147476702553818055925607866681628906726505150563,0xcaec99debca1fe002f7af5b3ff300edfcf84c7ab7e366b24c12316ba99ed302e,0.007,10,0.07,1727493686,Will a Democrat win South Dakota Presidential Election?
0x0deb40c3fe1aa6b6f5e2026cdcf15729037cd0dfaa66b6601f486dbb59957f1f,0x45f8719eec9914eaec5bdca8a869d47a3b2b6ea2,BUY,Yes,105742278895779392184517567088147476702553818055925607866681628906726505150563,0xcaec99debca1fe002f7af5b3ff300edfcf84c7ab7e366b24c12316ba99ed302e,0.007,10,0.07,1727493660,Will a Democrat win South Dakota Presidential Election?
0xd815e5193b7320c10841d8994c9b26877b64c58f20ed2bcaf3081ac469cb5b7c,0x45f8719eec9914eaec5bdca8a869d47a3b2b6ea2,BUY,Yes,105742278895779392184517567088147476702553818055925607866681628906726505150563,0xcaec99debca1fe002f7af5b3ff300edfcf84c7ab7e366b24c12316ba99ed302e,0.007,30,0.21,1727492475,Will a Democrat win South Dakota Presidential Election?
0xd4045e32e67a8a3e0e3d41a89924b3c67ea8dd1772fb9b46c874c31da6ddcd59,0x4f4f3ccb4bee840b7fb945bdb9e171a75f8efeb7,SELL,No,103817554879098980143189456527608321905884757182906793330525824422625380941210,0xcaec99debca1fe002f7af5b3ff300edfcf84c7ab7e366b24c12316ba99ed302e,0.992,12.64,12.53888,1727475498,Will a Democrat win South Dakota Presidential Election?
0x09b1f58443cca7441a1d26aa9f04fd650b6b60afad69581bd03c1bce1f26df32,0x4f4f3ccb4bee840b7fb945bdb9e171a75f8efeb7,BUY,No,103817554879098980143189456527608321905884757182906793330525824422625380941210,0xcaec99debca1fe002f7af5b3ff300edfcf84c7ab7e366b24c12316ba99ed302e,0.995,12.6432,12.579984,1727474780,Will a Democrat win South Dakota Presidential Election?
0xfeaded41f647a01064e63dd4d16a4128eeba7f6c14e08d08ca85f277867678bb,0x49aad6b57063cedb21810b3126817231eda15b8a,SELL,No,103817554879098980143189456527608321905884757182906793330525824422625380941210,0xcaec99debca1fe002f7af5b3ff300edfcf84c7ab7e366b24c12316ba99ed302e,0.992,14.17,14.05664,1727471776,Will a Democrat win South Dakota Presidential Election?
0x42c597048be1828372ec6184d10e6df9344973e63251a96bf395a87f79bf33ba,0x49aad6b57063cedb21810b3126817231eda15b8a,BUY,No,103817554879098980143189456527608321905884757182906793330525824422625380941210,0xcaec99debca1fe002f7af5b3ff300edfcf84c7ab7e366b24c12316ba99ed302e,0.995,14.1708,14.099946,1727471094,Will a Democrat win South Dakota Presidential Election?
0x5e51adfe929e91a4bd0a8399c150a7657c7dc981bdbd89a99fa0b05637f53c96,0x8eb2e807d3679a68c97d146b1b4cb533f9bb36c2,SELL,No,103817554879098980143189456527608321905884757182906793330525824422625380941210,0xcaec99debca1fe002f7af5b3ff300edfcf84c7ab7e366b24c12316ba99ed302e,0.992,8.82,8.74944,1727470384,Will a Democrat win South Dakota Presidential Election?
0xfd40d96874ee37be3814dc4f9dee88cbc82ceeb6d42ce68046b7a13c35f3052a,0x8eb2e807d3679a68c97d146b1b4cb533f9bb36c2,BUY,No,103817554879098980143189456527608321905884757182906793330525824422625380941210,0xcaec99debca1fe002f7af5b3ff300edfcf84c7ab7e366b24c12316ba99ed302e,0.995,8.824,8.77988,1727469776,Will a Democrat win South Dakota Presidential Election?
0x9168f56c73566da019a50218a69d61712b5850253bbae6a5500d26007464d40a,0xecb2483b9ca32787756df26a36332cdc1733b2fc,SELL,No,103817554879098980143189456527608321905884757182906793330525824422625380941210,0xcaec99debca1fe002f7af5b3ff300edfcf84c7ab7e366b24c12316ba99ed302e,0.992,15.16,15.03872,1727468726,Will a Democrat win South Dakota Presidential Election?
0xd1636aa8409a215e4a3129e691f4a31d24b15cbc53fb7eb71a69c15ea5fe451d,0xecb2483b9ca32787756df26a36332cdc1733b2fc,BUY,No,103817554879098980143189456527608321905884757182906793330525824422625380941210,0xcaec99debca1fe002f7af5b3ff300edfcf84c7ab7e366b24c12316ba99ed302e,0.995,15.1658,15.089971,1727468058,Will a Democrat win South Dakota Presidential Election?
0x7c54471079ac579b27d716e5a6eea4c40d6c515677914ec137f08a1d6ad3822f,0x6ba474f9766a2b05c99f2479a92a16ce50ce2528,SELL,No,103817554879098980143189456527608321905884757182906793330525824422625380941210,0xcaec99debca1fe002f7af5b3ff300edfcf84c7ab7e366b24c12316ba99ed302e,0.992,16.14,16.01088,1727464398,Will a Democrat win South Dakota Presidential Election?
0x2b995a412b2d1a43a5987e7d3b5e71e5ee7f35d19ead2c1f5ce122ca89a98c7d,0x6ba474f9766a2b05c99f2479a92a16ce50ce2528,BUY,No,103817554879098980143189456527608321905884757182906793330525824422625380941210,0xcaec99debca1fe002f7af5b3ff300edfcf84c7ab7e366b24c12316ba99ed302e,0.995,16.1406,16.059897,1727463745,Will a Democrat win South Dakota Presidential Election?
0xe27506a2fad5532bcc59c647dbdcbb6b442226b1fca5dfa495ee06bb52c02656,0xaff29878ec1b57c7a754fa22ce03e6aab5ad5cd5,SELL,No,103817554879098980143189456527608321905884757182906793330525824422625380941210,0xcaec99debca1fe002f7af5b3ff300edfcf84c7ab7e366b24c12316ba99ed302e,0.992,13.28,13.17376,1727461503,Will a Democrat win South Dakota Presidential Election?
0xca4f5ca0964457587a2291cca08c6c3188bbdf5e112d56968b3e5ccb0f05a32a,0xaff29878ec1b57c7a754fa22ce03e6aab5ad5cd5,BUY,No,103817554879098980143189456527608321905884757182906793330525824422625380941210,0xcaec99debca1fe002f7af5b3ff300edfcf84c7ab7e366b24c12316ba99ed302e,0.995,13.2864,13.219968,1727460807,Will a Democrat win South Dakota Presidential Election?
0xaeaf517868987f9e1274571fcb992cd67db1063a8587342eed158a503954ad9b,0xdec9d9f14b094867691ebb18e36f0392789507df,SELL,No,103817554879098980143189456527608321905884757182906793330525824422625380941210,0xcaec99debca1fe002f7af5b3ff300edfcf84c7ab7e366b24c12316ba99ed302e,0.992,16.57,16.43744,1727456481,Will a Democrat win South Dakota Presidential Election?
0x1f0a6a030f8d2c92abf37f3fa02fd3e4c63f52d1135a2eab964e005f41f8bd66,0xdec9d9f14b094867691ebb18e36f0392789507df,BUY,No,103817554879098980143189456527608321905884757182906793330525824422625380941210,0xcaec99debca1fe002f7af5b3ff300edfcf84c7ab7e366b24c12316ba99ed302e,0.995,16.5728,16.489936,1727455825,Will a Democrat win South Dakota Presidential Election?
0x1e82598d9e3bbc65cb0999120d7b680fa311f5c25741427566e0e3a3d449c60e,0x002a8ee4f5e063c62fad5ed7929404ed72a78b7b,SELL,No,103817554879098980143189456527608321905884757182906793330525824422625380941210,0xcaec99debca1fe002f7af5b3ff300edfcf84c7ab7e366b24c12316ba99ed302e,0.992,13.68,13.57056,1727451836,Will a Democrat win South Dakota Presidential Election?
0x818aa683cf08207c17d45b88e66e1d6932041faac30f9a8105c3b422c486afd1,0x002a8ee4f5e063c62fad5ed7929404ed72a78b7b,BUY,No,103817554879098980143189456527608321905884757182906793330525824422625380941210,0xcaec99debca1fe002f7af5b3ff300edfcf84c7ab7e366b24c12316ba99ed302e,0.995,13.6884,13.619958,1727451195,Will a Democrat win South Dakota Presidential Election?
0x0df99e11d2a4a614f5afd9766fe28ed35781136c596cd04d6faa84be3cf441bb,0x46ca831ac8633817aa2eebf8de7843b3ae549e89,SELL,No,103817554879098980143189456527608321905884757182906793330525824422625380941210,0xcaec99debca1fe002f7af5b3ff300edfcf84c7ab7e366b24c12316ba99ed302e,0.992,16.85,16.715200000000003,1727450411,Will a Democrat win South Dakota Presidential Election?
0xeeaf2a2abba9533f26eb70e53c46257619af789d63515d8148b899a16a60e417,0x3258bb5f1e29bdf905fb088c24b62de391469e52,SELL,Yes,105742278895779392184517567088147476702553818055925607866681628906726505150563,0xcaec99debca1fe002f7af5b3ff300edfcf84c7ab7e366b24c12316ba99ed302e,0.0052446349,4999,26.217929865099997,1727450351,Will a Democrat win South Dakota Presidential Election?
0xd4a7327dc273d50bb95cd2f07873e88e98263404a44763f7b241891a8cb396c2,0x46ca831ac8633817aa2eebf8de7843b3ae549e89,BUY,No,103817554879098980143189456527608321905884757182906793330525824422625380941210,0xcaec99debca1fe002f7af5b3ff300edfcf84c7ab7e366b24c12316ba99ed302e,0.994,16.851,16.749893999999998,1727449751,Will a Democrat win South Dakota Presidential Election?
0x51f90507f5f3c09c1cb275033f8a1f160195d5473330e4705b354f3c8a20d72a,0x6e5c528141efdcfba977de4cb2d39a6cadb0d95a,SELL,No,103817554879098980143189456527608321905884757182906793330525824422625380941210,0xcaec99debca1fe002f7af5b3ff300edfcf84c7ab7e366b24c12316ba99ed302e,0.992,13.49,13.38208,1727449153,Will a Democrat win South Dakota Presidential Election?
0xf31cc462dc0467d28ffe49c6ab3b9a28e4fdcbc83ffa2b7680bd710b8e08e4a6,0x6e5c528141efdcfba977de4cb2d39a6cadb0d95a,BUY,No,103817554879098980143189456527608321905884757182906793330525824422625380941210,0xcaec99debca1fe002f7af5b3ff300edfcf84c7ab7e366b24c12316ba99ed302e,0.9939999999,13.490833,13.409888000650916,1727448481,Will a Democrat win South Dakota Presidential Election?
0xc50e8caf4a6180ef4cc6f9bb61677327ebc3250f8ddb2872bf46f7f9ed24af6d,0x3d86f518e4dceef7fa6a3fb653ce63a4f2ab0005,SELL,No,103817554879098980143189456527608321905884757182906793330525824422625380941210,0xcaec99debca1fe002f7af5b3ff300edfcf84c7ab7e366b24c12316ba99ed302e,0.992,14.73,14.612160000000001,1727445873,Will a Democrat win South Dakota Presidential Election?
0x9e9d76072ddd57c1e28d3c00c805343d09c0b947088e1e287577db6e973fdae0,0x3d86f518e4dceef7fa6a3fb653ce63a4f2ab0005,BUY,No,103817554879098980143189456527608321905884757182906793330525824422625380941210,0xcaec99debca1fe002f7af5b3ff300edfcf84c7ab7e366b24c12316ba99ed302e,0.9939999999,14.738333,14.649903000526168,1727445233,Will a Democrat win South Dakota Presidential Election?
0x77f2d8207031bf21611941e784f6240c8933b117462ca8d682bd9f118cc7ca1c,0x45f8719eec9914eaec5bdca8a869d47a3b2b6ea2,BUY,Yes,105742278895779392184517567088147476702553818055925607866681628906726505150563,0xcaec99debca1fe002f7af5b3ff300edfcf84c7ab7e366b24c12316ba99ed302e,0.008,10,0.08,1727443763,Will a Democrat win South Dakota Presidential Election?
0xa9977b2b35c41e1bdb278b4f5c62663e4e969f1aa98036dc75b608e1c4a36465,0x45f8719eec9914eaec5bdca8a869d47a3b2b6ea2,BUY,Yes,105742278895779392184517567088147476702553818055925607866681628906726505150563,0xcaec99debca1fe002f7af5b3ff300edfcf84c7ab7e366b24c12316ba99ed302e,0.008,10,0.08,1727441121,Will a Democrat win South Dakota Presidential Election?
0x1718fffa79f32ff9f0086498239229aa85e1061022f4b9c4f057fd572ab25eca,0x45f8719eec9914eaec5bdca8a869d47a3b2b6ea2,BUY,Yes,105742278895779392184517567088147476702553818055925607866681628906726505150563,0xcaec99debca1fe002f7af5b3ff300edfcf84c7ab7e366b24c12316ba99ed302e,0.008,10,0.08,1727441025,Will a Democrat win South Dakota Presidential Election?
0x4198d83b0bfd26634f1f7c296120aec6d58c0231c4e3b4df7210cd3c0b3f9647,0x45f8719eec9914eaec5bdca8a869d47a3b2b6ea2,BUY,Yes,105742278895779392184517567088147476702553818055925607866681628906726505150563,0xcaec99debca1fe002f7af5b3ff300edfcf84c7ab7e366b24c12316ba99ed302e,0.008,10,0.08,1727440975,Will a Democrat win South Dakota Presidential Election?
0xf74056db2dacfe5810d82be91302a26fb2b2d90c474dc2e56107ac23977b8321,0x8a56ac8c90370ebd67da39d071ff6f75954162b9,SELL,No,103817554879098980143189456527608321905884757182906793330525824422625380941210,0xcaec99debca1fe002f7af5b3ff300edfcf84c7ab7e366b24c12316ba99ed302e,0.992,13.06,12.95552,1727438647,Will a Democrat win South Dakota Presidential Election?
0xafad514bf0a79f8a72ad1fcda873a0431aae4a28ac558834ecf0645cc22824a5,0x8a56ac8c90370ebd67da39d071ff6f75954162b9,BUY,No,103817554879098980143189456527608321905884757182906793330525824422625380941210,0xcaec99debca1fe002f7af5b3ff300edfcf84c7ab7e366b24c12316ba99ed302e,0.9939999998,13.068333,12.989922999386334,1727438577,Will a Democrat win South Dakota Presidential Election?
0xe70b34489dba9120c752c87be9190a762fcb82acf0add857f10f1230139aecde,0x93b7e00d5879af4594dce2a7add8947739a516da,SELL,No,103817554879098980143189456527608321905884757182906793330525824422625380941210,0xcaec99debca1fe002f7af5b3ff300edfcf84c7ab7e366b24c12316ba99ed302e,0.992,19.8,19.6416,1727425387,Will a Democrat win South Dakota Presidential Election?
0xa6dced2b3b717c086512c9fa444b9991db7dd0fc6f8deab05958ae3411c5655d,0xa437d2db72a4c10e0d27a9ee4cfe8b3c0b77dd0f,SELL,No,103817554879098980143189456527608321905884757182906793330525824422625380941210,0xcaec99debca1fe002f7af5b3ff300edfcf84c7ab7e366b24c12316ba99ed302e,0.992,22.22,22.04224,1727399482,Will a Democrat win South Dakota Presidential Election?
0xa51101a8b113e7ed725ce49c740576d8694958206361cad559eac53a9950dcbc,0xa437d2db72a4c10e0d27a9ee4cfe8b3c0b77dd0f,BUY,No,103817554879098980143189456527608321905884757182906793330525824422625380941210,0xcaec99debca1fe002f7af5b3ff300edfcf84c7ab7e366b24c12316ba99ed302e,0.9939999999,22.223333,22.089992999777667,1727398863,Will a Democrat win South Dakota Presidential Election?
0x1ed6ee7520e6557cbf7819eb6cdc1e44384e33b92e97099f35fc72229a0cc24e,0xb846c45b939e6a30158551932081e5a720bdcb6f,SELL,No,103817554879098980143189456527608321905884757182906793330525824422625380941210,0xcaec99debca1fe002f7af5b3ff300edfcf84c7ab7e366b24c12316ba99ed302e,0.992,6.74,6.6860800000000005,1727393885,Will a Democrat win South Dakota Presidential Election?
0x9f0f9c7798cd7d14bc53681e62e330d22516ff356c6e0de33349cea3f32b284c,0xb846c45b939e6a30158551932081e5a720bdcb6f,BUY,No,103817554879098980143189456527608321905884757182906793330525824422625380941210,0xcaec99debca1fe002f7af5b3ff300edfcf84c7ab7e366b24c12316ba99ed302e,0.9939999997,6.740333,6.6998909999778995,1727393237,Will a Democrat win South Dakota Presidential Election?
0x472151a4449f98cc003077b43d352b86a499d5d27c30a6cd7b52de54c7f29a5f,0xdd8236879c744a8d13ccd6226f4a1d153588cd87,SELL,No,103817554879098980143189456527608321905884757182906793330525824422625380941210,0xcaec99debca1fe002f7af5b3ff300edfcf84c7ab7e366b24c12316ba99ed302e,0.992,13.8,13.6896,1727388293,Will a Democrat win South Dakota Presidential Election?
0x32a9d1ac132d2c2413665716c8df5331463e4a4eb2a1f1aacc8d91860caca979,0xdd8236879c744a8d13ccd6226f4a1d153588cd87,BUY,No,103817554879098980143189456527608321905884757182906793330525824422625380941210,0xcaec99debca1fe002f7af5b3ff300edfcf84c7ab7e366b24c12316ba99ed302e,0.9939999997,13.802666,13.7198499998592,1727387609,Will a Democrat win South Dakota Presidential Election?
0xd82784b8170c0ea07e4952afd8841638f3c19347a38bfd359a451ca1058ef21d,0x1bf6bcb71eee46695466f90e7a7b97af33eba2f5,SELL,No,103817554879098980143189456527608321905884757182906793330525824422625380941210,0xcaec99debca1fe002f7af5b3ff300edfcf84c7ab7e366b24c12316ba99ed302e,0.992,21.62,21.44704,1727386719,Will a Democrat win South Dakota Presidential Election?
0x998dd87ad6b07ae10b7426844143cbb183744fc82ee4b7610ef0f5151e56da21,0x1bf6bcb71eee46695466f90e7a7b97af33eba2f5,BUY,No,103817554879098980143189456527608321905884757182906793330525824422625380941210,0xcaec99debca1fe002f7af5b3ff300edfcf84c7ab7e366b24c12316ba99ed302e,0.9939999998,21.629666,21.499887999674065,1727385975,Will a Democrat win South Dakota Presidential Election?
0xcbb1779a28568f6a1a79b044f8dd2e6784e044241c1a6146d4fef82856930378,0xbe43b011ebf49b13868cb2a7a50e55eded8575cc,SELL,No,103817554879098980143189456527608321905884757182906793330525824422625380941210,0xcaec99debca1fe002f7af5b3ff300edfcf84c7ab7e366b24c12316ba99ed302e,0.992,23.6,23.4112,1727384289,Will a Democrat win South Dakota Presidential Election?
0xec63f2138fed39c2f39f041e12fad0a19cdd23aab0e9f73d9943df856ba4c957,0xbe43b011ebf49b13868cb2a7a50e55eded8575cc,BUY,No,103817554879098980143189456527608321905884757182906793330525824422625380941210,0xcaec99debca1fe002f7af5b3ff300edfcf84c7ab7e366b24c12316ba99ed302e,0.994,23.6015,23.459891000000002,1727383593,Will a Democrat win South Dakota Presidential Election?
0x16488a7f72c8648c971e7e520d63963df90b980daa9b564c3a550fa129716583,0xd6dc22c9df3444ca8449a2aac7248999da9b28da,SELL,No,103817554879098980143189456527608321905884757182906793330525824422625380941210,0xcaec99debca1fe002f7af5b3ff300edfcf84c7ab7e366b24c12316ba99ed302e,0.992,24.54,24.34368,1727382693,Will a Democrat win South Dakota Presidential Election?
0x5003394147fccdfff3c88d41e82ca1cf09234dec5e977cb87c3949c3fecb1892,0xd6dc22c9df3444ca8449a2aac7248999da9b28da,BUY,No,103817554879098980143189456527608321905884757182906793330525824422625380941210,0xcaec99debca1fe002f7af5b3ff300edfcf84c7ab7e366b24c12316ba99ed302e,0.9939999998,24.547166,24.39988299909057,1727381649,Will a Democrat win South Dakota Presidential Election?
0xd4f08c5937e5f4cc469ff34ebd8d56d27927bc7faf8dd7b28b2760cf5ef34273,0x1b8283ec26be04289387fc47ea95d8693a4f257a,SELL,No,103817554879098980143189456527608321905884757182906793330525824422625380941210,0xcaec99debca1fe002f7af5b3ff300edfcf84c7ab7e366b24c12316ba99ed302e,0.992,22.08,21.90336,1727380455,Will a Democrat win South Dakota Presidential Election?
0x1901575e889f161a6d944de9aec487db5626b829ab1ee04b4349572ab9c26388,0x596f205755427956644d5e736052b1d7286d44da,SELL,No,103817554879098980143189456527608321905884757182906793330525824422625380941210,0xcaec99debca1fe002f7af5b3ff300edfcf84c7ab7e366b24c12316ba99ed302e,0.992,13.57,13.46144,1727380347,Will a Democrat win South Dakota Presidential Election?
0x3214d5253019766020899128262203d219fbc809b5212bfe2cf9b049b2db5f58,0x1b8283ec26be04289387fc47ea95d8693a4f257a,BUY,No,103817554879098980143189456527608321905884757182906793330525824422625380941210,0xcaec99debca1fe002f7af5b3ff300edfcf84c7ab7e366b24c12316ba99ed302e,0.9939999999,22.082333,21.949838999791766,1727379793,Will a Democrat win South Dakota Presidential Election?
0xb909dbf391f6895531fb3c8a351e24ff1aa6a3787d9cd4af5956069a93d3a23c,0x596f205755427956644d5e736052b1d7286d44da,BUY,No,103817554879098980143189456527608321905884757182906793330525824422625380941210,0xcaec99debca1fe002f7af5b3ff300edfcf84c7ab7e366b24c12316ba99ed302e,0.9939999999,13.571333,13.489905000642866,1727379699,Will a Democrat win South Dakota Presidential Election?
0x2de5aaf06b8efe05c95bf1977949b317a75acce09744ed3cf9c255360b02304e,0xaafac77d0a9ae495ef606e5d6655c916de1bd0bd,SELL,No,103817554879098980143189456527608321905884757182906793330525824422625380941210,0xcaec99debca1fe002f7af5b3ff300edfcf84c7ab7e366b24c12316ba99ed302e,0.992,15.77,15.643839999999999,1727379035,Will a Democrat win South Dakota Presidential Election?
0x3747684124694b4f6e58fe039235b03177207a28f044b7e604fdaf33027cfce7,0xaafac77d0a9ae495ef606e5d6655c916de1bd0bd,BUY,No,103817554879098980143189456527608321905884757182906793330525824422625380941210,0xcaec99debca1fe002f7af5b3ff300edfcf84c7ab7e366b24c12316ba99ed302e,0.994,15.7745,15.679853,1727378403,Will a Democrat win South Dakota Presidential Election?
0x36d895fe1d6ce236ea61c6c42fd9ee9230c72dbc9c2ceafe1bc70dd1b555961d,0xf7c6e356a61e23d5b8b5fc841a0355eb4dc62295,SELL,No,103817554879098980143189456527608321905884757182906793330525824422625380941210,0xcaec99debca1fe002f7af5b3ff300edfcf84c7ab7e366b24c12316ba99ed302e,0.992,38.04,37.73568,1727377319,Will a Democrat win South Dakota Presidential Election?
0x9578505df5d6c1b85a758cd31f9af4f9824f232f3a8244745c4eaad47deffbbf,0xf7c6e356a61e23d5b8b5fc841a0355eb4dc62295,BUY,No,103817554879098980143189456527608321905884757182906793330525824422625380941210,0xcaec99debca1fe002f7af5b3ff300edfcf84c7ab7e366b24c12316ba99ed302e,0.9939999999,38.048166,37.819877000195184,1727376703,Will a Democrat win South Dakota Presidential Election?
0x446edbeb9345aa8cc0488d36edea1283336c4b8390aba3e4e75903f8783014dc,0xede7c4c035eb71482d439363e1f8e415c2d2e423,SELL,No,103817554879098980143189456527608321905884757182906793330525824422625380941210,0xcaec99debca1fe002f7af5b3ff300edfcf84c7ab7e366b24c12316ba99ed302e,0.992,6.96,6.90432,1727370619,Will a Democrat win South Dakota Presidential Election?
0x1ffb04d47dfd2ac31681f5c010f58115e13f0c8881458c4368764bd3037d5da2,0xb580837c5c08225a6843d6fc20ac23d4f7936164,SELL,No,103817554879098980143189456527608321905884757182906793330525824422625380941210,0xcaec99debca1fe002f7af5b3ff300edfcf84c7ab7e366b24c12316ba99ed302e,0.992,0.4,0.39680000000000004,1727369697,Will a Democrat win South Dakota Presidential Election?
0xb1fffcc0a881e720abcb8aac0bd455f3dca2b7ecaca286105f7060d0b0ab2ed2,0xb580837c5c08225a6843d6fc20ac23d4f7936164,BUY,No,103817554879098980143189456527608321905884757182906793330525824422625380941210,0xcaec99debca1fe002f7af5b3ff300edfcf84c7ab7e366b24c12316ba99ed302e,0.993999995,0.402333,0.399918999988335,1727369525,Will a Democrat win South Dakota Presidential Election?
0x100925f0d47d013e0615ae34532c05be78e4481c8781958869886353e3c76a8f,0xede7c4c035eb71482d439363e1f8e415c2d2e423,BUY,No,103817554879098980143189456527608321905884757182906793330525824422625380941210,0xcaec99debca1fe002f7af5b3ff300edfcf84c7ab7e366b24c12316ba99ed302e,0.9939999994,6.961666,6.919895999823,1727369187,Will a Democrat win South Dakota Presidential Election?
0x60c45dbeda5f7253f42c95feefe8f4a784ec9a4dbe6b576904d788c1434418da,0xe856b4269df88bd2c82a4555f71846edbbf767f7,SELL,No,103817554879098980143189456527608321905884757182906793330525824422625380941210,0xcaec99debca1fe002f7af5b3ff300edfcf84c7ab7e366b24c12316ba99ed302e,0.992,12.42,12.32064,1727361523,Will a Democrat win South Dakota Presidential Election?
0x68511b9b480d94dfa01c8e1e039430ef6c24a040074f4f0ce7d260738b8dc5d4,0xe856b4269df88bd2c82a4555f71846edbbf767f7,BUY,No,103817554879098980143189456527608321905884757182906793330525824422625380941210,0xcaec99debca1fe002f7af5b3ff300edfcf84c7ab7e366b24c12316ba99ed302e,0.9939999998,12.414333,12.339846999517132,1727360850,Will a Democrat win South Dakota Presidential Election?
0x2a3571a1eaa2444ebd5453d73c35aa2473dca7fd5ebe5e045b373b46f93b74e5,0xb0114e5109faab9c90a30a5b19f4411b2d20ed2e,SELL,No,103817554879098980143189456527608321905884757182906793330525824422625380941210,0xcaec99debca1fe002f7af5b3ff300edfcf84c7ab7e366b24c12316ba99ed302e,0.992,11.24,11.15008,1727352821,Will a Democrat win South Dakota Presidential Election?
0xfdd8dcca69ec4067da5774efbb581127603e8bc746b2457a2643c0b0f6b1ae02,0x760fa95857a29f036fd9956aea4d723d8b843e2e,SELL,No,103817554879098980143189456527608321905884757182906793330525824422625380941210,0xcaec99debca1fe002f7af5b3ff300edfcf84c7ab7e366b24c12316ba99ed302e,0.992,12.04,11.943679999999999,1727352501,Will a Democrat win South Dakota Presidential Election?
0x6eabcb845cd519d672d60301f297190187b265d6717ea84698fd87679e874b28,0xb0114e5109faab9c90a30a5b19f4411b2d20ed2e,BUY,No,103817554879098980143189456527608321905884757182906793330525824422625380941210,0xcaec99debca1fe002f7af5b3ff300edfcf84c7ab7e366b24c12316ba99ed302e,0.9939999998,11.237333,11.169908999752533,1727352111,Will a Democrat win South Dakota Presidential Election?
0x334600a4896416c781acd5b9de6a518bb1d0631049a58fb699cafd30ab447352,0x760fa95857a29f036fd9956aea4d723d8b843e2e,BUY,No,103817554879098980143189456527608321905884757182906793330525824422625380941210,0xcaec99debca1fe002f7af5b3ff300edfcf84c7ab7e366b24c12316ba99ed302e,0.9939999997,12.042166,11.96991300038735,1727351579,Will a Democrat win South Dakota Presidential Election?
0xab166d50acf9a88d276e1cf22d007868725f722db15685012abef8efa80f4d9c,0x093a18f3c50d6b383b2b2c5101e06ae9b48b9f25,SELL,No,103817554879098980143189456527608321905884757182906793330525824422625380941210,0xcaec99debca1fe002f7af5b3ff300edfcf84c7ab7e366b24c12316ba99ed302e,0.992,13.96,13.848320000000001,1727348001,Will a Democrat win South Dakota Presidential Election?
0x1486b7f1d59dbb72c1e42552c3a692ba4d474a58c3f000a0087cab3efc624c25,0x093a18f3c50d6b383b2b2c5101e06ae9b48b9f25,BUY,No,103817554879098980143189456527608321905884757182906793330525824422625380941210,0xcaec99debca1fe002f7af5b3ff300edfcf84c7ab7e366b24c12316ba99ed302e,0.9939999997,13.963666,13.8798839998109,1727347345,Will a Democrat win South Dakota Presidential Election?
0xffdf480e12fa11f1d0102231886ce0a2e3b29096abc39cf822727bb812aa1477,0xd28de89add15f3e77e1a65107d0559845bc9acba,SELL,No,103817554879098980143189456527608321905884757182906793330525824422625380941210,0xcaec99debca1fe002f7af5b3ff300edfcf84c7ab7e366b24c12316ba99ed302e,0.992,11.69,11.59648,1727347241,Will a Democrat win South Dakota Presidential Election?
0x14ca2f6de370e759e4ae5d64798eee8e3d996c773e9b7cb03e66fb0587ca0a64,0xd28de89add15f3e77e1a65107d0559845bc9acba,BUY,No,103817554879098980143189456527608321905884757182906793330525824422625380941210,0xcaec99debca1fe002f7af5b3ff300edfcf84c7ab7e366b24c12316ba99ed302e,0.994,11.69,11.61986,1727346593,Will a Democrat win South Dakota Presidential Election?
0xb148d28e7a291c866e428b5f26bc698ca4205044f1e66c35ae1138e52c728446,0x93b7e00d5879af4594dce2a7add8947739a516da,BUY,No,103817554879098980143189456527608321905884757182906793330525824422625380941210,0xcaec99debca1fe002f7af5b3ff300edfcf84c7ab7e366b24c12316ba99ed302e,0.9939999998,19.798666,19.679874000040268,1727345441,Will a Democrat win South Dakota Presidential Election?
0x1135cf741f5e14da40724c146fdd6a96198f907c502e0a538f1c063b14638e76,0x94e5185c7a2dd249e4e74d7abf6abcf7905ff46c,SELL,No,103817554879098980143189456527608321905884757182906793330525824422625380941210,0xcaec99debca1fe002f7af5b3ff300edfcf84c7ab7e366b24c12316ba99ed302e,0.992,9.98,9.90016,1727344533,Will a Democrat win South Dakota Presidential Election?
0xdde141e776f62437e9be0e84fcf8562244cbbb604d18ea073dc4b74c5ac3012a,0x1a47cd81148fc126b80d3adb1695e121be301370,SELL,No,103817554879098980143189456527608321905884757182906793330525824422625380941210,0xcaec99debca1fe002f7af5b3ff300edfcf84c7ab7e366b24c12316ba99ed302e,0.992,25.13,24.92896,1727344339,Will a Democrat win South Dakota Presidential Election?
0x5d5507261e540e4df7cb1df7222c2b24916617ea9a251080ec6caf6b39982142,0x94e5185c7a2dd249e4e74d7abf6abcf7905ff46c,BUY,No,103817554879098980143189456527608321905884757182906793330525824422625380941210,0xcaec99debca1fe002f7af5b3ff300edfcf84c7ab7e366b24c12316ba99ed302e,0.9939999998,9.989833,9.929894000002035,1727343864,Will a Democrat win South Dakota Presidential Election?
0xbf4a9845c868ea628981cf280359fff252156b8ea3aa0d5abae17d2918fa6921,0x1a47cd81148fc126b80d3adb1695e121be301370,BUY,No,103817554879098980143189456527608321905884757182906793330525824422625380941210,0xcaec99debca1fe002f7af5b3ff300edfcf84c7ab7e366b24c12316ba99ed302e,0.9939999998,25.130666,24.979881998973866,1727343656,Will a Democrat win South Dakota Presidential Election?
0x00694cf7c2e6031cda068b0e1d1f6b729d2a96f0acaf0f0789aec489bc87d687,0x79e9b0bc935f01e12382bc826643118f99ae9409,SELL,No,103817554879098980143189456527608321905884757182906793330525824422625380941210,0xcaec99debca1fe002f7af5b3ff300edfcf84c7ab7e366b24c12316ba99ed302e,0.992,0.06,0.059519999999999997,1727343092,Will a Democrat win South Dakota Presidential Election?
0x321ba9d209a69cb4f216e678c00b99487e6ebba3ce8cd7336a86a6f2f1384e6c,0x79e9b0bc935f01e12382bc826643118f99ae9409,BUY,No,103817554879098980143189456527608321905884757182906793330525824422625380941210,0xcaec99debca1fe002f7af5b3ff300edfcf84c7ab7e366b24c12316ba99ed302e,0.9939999669,0.060333,0.0599710000029777,1727342404,Will a Democrat win South Dakota Presidential Election?
0x8da8e04b41a9a81ba86bbf1f05acb1140dcfb8d9ebee41c0d528028e7447d6b1,0x476757aab6db56b05e7392e8cde4a28c180cbc69,SELL,No,103817554879098980143189456527608321905884757182906793330525824422625380941210,0xcaec99debca1fe002f7af5b3ff300edfcf84c7ab7e366b24c12316ba99ed302e,0.991,32.68,32.38588,1727335248,Will a Democrat win South Dakota Presidential Election?
0x094162311005bd90618a46cbfe05d3195daa6908b86b17ad57081bfc9ed295af,0x476757aab6db56b05e7392e8cde4a28c180cbc69,BUY,No,103817554879098980143189456527608321905884757182906793330525824422625380941210,0xcaec99debca1fe002f7af5b3ff300edfcf84c7ab7e366b24c12316ba99ed302e,0.994,32.686,32.489883999999996,1727334510,Will a Democrat win South Dakota Presidential Election?
0xbd76d4d3340eb5983d0d367c509aba77ce393db310d78e7ea418f652f7c3efe7,0x524a546d95161cd6db1835132e2abbdff1e39ab3,SELL,No,103817554879098980143189456527608321905884757182906793330525824422625380941210,0xcaec99debca1fe002f7af5b3ff300edfcf84c7ab7e366b24c12316ba99ed302e,0.991,17.2,17.045199999999998,1727333012,Will a Democrat win South Dakota Presidential Election?
0x516152181b1590c00731df920a6d1e8a1d0ee141991f7a5b4c93de8f4442205c,0x524a546d95161cd6db1835132e2abbdff1e39ab3,BUY,No,103817554879098980143189456527608321905884757182906793330525824422625380941210,0xcaec99debca1fe002f7af5b3ff300edfcf84c7ab7e366b24c12316ba99ed302e,0.9939999998,17.203166,17.099947000559364,1727332376,Will a Democrat win South Dakota Presidential Election?
0x9be9e50863d3a898327160c1ee7ebad33c10e09a9055f4b3148587747b3f88e2,0x946702e6b53b05567782c50ec106dc1e4e2b6a62,SELL,No,103817554879098980143189456527608321905884757182906793330525824422625380941210,0xcaec99debca1fe002f7af5b3ff300edfcf84c7ab7e366b24c12316ba99ed302e,0.991,12.08,11.97128,1727331884,Will a Democrat win South Dakota Presidential Election?
0x2eb5f1143b352eaf742bbe91bb16910e42022e10a21fe40feffd4d18675a0f66,0x946702e6b53b05567782c50ec106dc1e4e2b6a62,BUY,No,103817554879098980143189456527608321905884757182906793330525824422625380941210,0xcaec99debca1fe002f7af5b3ff300edfcf84c7ab7e366b24c12316ba99ed302e,0.9939999998,12.082333,12.009838999583533,1727331170,Will a Democrat win South Dakota Presidential Election?
0x7c056eaef3c9d9b913d39ffe5dcffecf119863c1303edcca36d28ebbfd722a1f,0x60271ab8e6cfd08e20cd52cf0f206cb6d33d78a0,SELL,No,103817554879098980143189456527608321905884757182906793330525824422625380941210,0xcaec99debca1fe002f7af5b3ff300edfcf84c7ab7e366b24c12316ba99ed302e,0.991,30.75,30.47325,1727329982,Will a Democrat win South Dakota Presidential Election?
0x05435d2735ac54b9a0a6d900759cec0456084f7dd4257b7c42444d8468cb07a3,0x60271ab8e6cfd08e20cd52cf0f206cb6d33d78a0,BUY,No,103817554879098980143189456527608321905884757182906793330525824422625380941210,0xcaec99debca1fe002f7af5b3ff300edfcf84c7ab7e366b24c12316ba99ed302e,0.994,30.7545,30.569973,1727329016,Will a Democrat win South Dakota Presidential Election?
0x013c876a33c7f38b197c37d718595b0b4b54f55e3a580c9271bfd210801704b9,0xb6f10713f8be7f004d1d6fce7aa76ec7068e0363,SELL,No,103817554879098980143189456527608321905884757182906793330525824422625380941210,0xcaec99debca1fe002f7af5b3ff300edfcf84c7ab7e366b24c12316ba99ed302e,0.991,15.39,15.25149,1727328518,Will a Democrat win South Dakota Presidential Election?
0x25131426a3e51d2ab36b46374a661c2c7b880c046685979230c57a9da240d004,0x36e8365f86d502aa86c38383565da6d694552d5e,SELL,No,103817554879098980143189456527608321905884757182906793330525824422625380941210,0xcaec99debca1fe002f7af5b3ff300edfcf84c7ab7e366b24c12316ba99ed302e,0.991,13.6,13.477599999999999,1727327826,Will a Democrat win South Dakota Presidential Election?
0x078ad34c223a6ece93314792e9fb23762e83dddc00f2b1538a82b537a72f64a0,0xb6f10713f8be7f004d1d6fce7aa76ec7068e0363,BUY,No,103817554879098980143189456527608321905884757182906793330525824422625380941210,0xcaec99debca1fe002f7af5b3ff300edfcf84c7ab7e366b24c12316ba99ed302e,0.9939999999,15.392333,15.299979000460768,1727327726,Will a Democrat win South Dakota Presidential Election?
0x96eaf3aea50e4aaf44363d081e1d02d2d2d05d216c8ca7117bdc1eaa4a1dcb3f,0x7b87be0d9b2553eee5df40a2982f53168589891c,SELL,No,103817554879098980143189456527608321905884757182906793330525824422625380941210,0xcaec99debca1fe002f7af5b3ff300edfcf84c7ab7e366b24c12316ba99ed302e,0.991,12.39,12.27849,1727327304,Will a Democrat win South Dakota Presidential Election?
0x7abbfe32dd57547b32b129e42949011b89374687ac391ea2a4e40c659e425939,0x36e8365f86d502aa86c38383565da6d694552d5e,BUY,No,103817554879098980143189456527608321905884757182906793330525824422625380941210,0xcaec99debca1fe002f7af5b3ff300edfcf84c7ab7e366b24c12316ba99ed302e,0.994,13.6015,13.519891,1727327138,Will a Democrat win South Dakota Presidential Election?
0xef1ff023b967e39be0c4185d123491c162ea53d8894effa67689dd2c044c4491,0x7b87be0d9b2553eee5df40a2982f53168589891c,BUY,No,103817554879098980143189456527608321905884757182906793330525824422625380941210,0xcaec99debca1fe002f7af5b3ff300edfcf84c7ab7e366b24c12316ba99ed302e,0.9939999998,12.394333,12.319966999521133,1727326378,Will a Democrat win South Dakota Presidential Election?
0xf8c44918dd2aa73656226d7ec07fa348b38710b7361ba4baae7e725a1f7c4008,0x84d64aad48c2ea7c296269ccba794b4a14fb9664,SELL,No,103817554879098980143189456527608321905884757182906793330525824422625380941210,0xcaec99debca1fe002f7af5b3ff300edfcf84c7ab7e366b24c12316ba99ed302e,0.991,12.59,12.47669,1727323316,Will a Democrat win South Dakota Presidential Election?
0x2e3511061369949b00c78e36f98312c555b062a2d81a394eecf337a6fa98dd7e,0x4b46ef0aad680598953171e538440fccb2de3319,SELL,No,103817554879098980143189456527608321905884757182906793330525824422625380941210,0xcaec99debca1fe002f7af5b3ff300edfcf84c7ab7e366b24c12316ba99ed302e,0.991,13.87,13.74517,1727322966,Will a Democrat win South Dakota Presidential Election?
0x0d25718727da67dd14021608e0c03532bfdcdcbef66047d1fca9f1ceee8e0cda,0x84d64aad48c2ea7c296269ccba794b4a14fb9664,BUY,No,103817554879098980143189456527608321905884757182906793330525824422625380941210,0xcaec99debca1fe002f7af5b3ff300edfcf84c7ab7e366b24c12316ba99ed302e,0.994,12.5955,12.519927,1727322578,Will a Democrat win South Dakota Presidential Election?
0x7132351bec083ff1d50fdef9285ad06d945390bb625b27fd7bdc2f775ac0fc6e,0x4b46ef0aad680598953171e538440fccb2de3319,BUY,No,103817554879098980143189456527608321905884757182906793330525824422625380941210,0xcaec99debca1fe002f7af5b3ff300edfcf84c7ab7e366b24c12316ba99ed302e,0.9939999997,13.873166,13.78992699983805,1727321434,Will a Democrat win South Dakota Presidential Election?
0x32d661fb4bc81d212ee70644228af5561f268cd1a127530fa960790e96bd43c0,0xb3156c390fb4002b0bacf06d5c6e2c8fd22b23a3,SELL,No,103817554879098980143189456527608321905884757182906793330525824422625380941210,0xcaec99debca1fe002f7af5b3ff300edfcf84c7ab7e366b24c12316ba99ed302e,0.991,30.61,30.334509999999998,1727320761,Will a Democrat win South Dakota Presidential Election?
0x552c11547551a02a8b59012905b7cbc7df83ceeea60de141a897c2b7702c47a1,0xb3156c390fb4002b0bacf06d5c6e2c8fd22b23a3,BUY,No,103817554879098980143189456527608321905884757182906793330525824422625380941210,0xcaec99debca1fe002f7af5b3ff300edfcf84c7ab7e366b24c12316ba99ed302e,0.9939999999,30.613666,30.42998400093863,1727320039,Will a Democrat win South Dakota Presidential Election?
0x830c05021c0c394fa4cd1afb5b6870d79d5e006656ed7e0e90aeb600a6fe9414,0x16ae72948db922757a841e754eaa10cb23a09342,SELL,No,103817554879098980143189456527608321905884757182906793330525824422625380941210,0xcaec99debca1fe002f7af5b3ff300edfcf84c7ab7e366b24c12316ba99ed302e,0.991,25.83,25.59753,1727317593,Will a Democrat win South Dakota Presidential Election?
0x927e4db3f43e3d27f5dc7630374b28df0f4f05c31ba728856467cb58d46a5675,0x16ae72948db922757a841e754eaa10cb23a09342,BUY,No,103817554879098980143189456527608321905884757182906793330525824422625380941210,0xcaec99debca1fe002f7af5b3ff300edfcf84c7ab7e366b24c12316ba99ed302e,0.994,25.835,25.67999,1727316850,Will a Democrat win South Dakota Presidential Election?
0x58d4f841892b768d87fa56f22249e703863abba9e2db83dff02de80661aa93fa,0x031fc3deb7891ab41a5134aad816b63bdd2e6e1b,SELL,No,103817554879098980143189456527608321905884757182906793330525824422625380941210,0xcaec99debca1fe002f7af5b3ff300edfcf84c7ab7e366b24c12316ba99ed302e,0.991,16.62,16.47042,1727311585,Will a Democrat win South Dakota Presidential Election?
0xe06c64c541c5d8eaf3983f0402be49219fd1754ecff187a0343fa49560a71686,0x031fc3deb7891ab41a5134aad816b63bdd2e6e1b,BUY,No,103817554879098980143189456527608321905884757182906793330525824422625380941210,0xcaec99debca1fe002f7af5b3ff300edfcf84c7ab7e366b24c12316ba99ed302e,0.9939999998,16.629666,16.529888000674067,1727310803,Will a Democrat win South Dakota Presidential Election?
0x54b11308bb52779b3c648a2562f1aa3be9445b7f05b3a6b114d4c2a51f9ca3dd,0x711ae3745b061d247f5aac3db1b92bd5a922b27a,SELL,No,103817554879098980143189456527608321905884757182906793330525824422625380941210,0xcaec99debca1fe002f7af5b3ff300edfcf84c7ab7e366b24c12316ba99ed302e,0.991,14.83,14.69653,1727309243,Will a Democrat win South Dakota Presidential Election?
0x58d7e004303179ac87d2e58e56e9bb6330bf1a52441535e508ecd7e6ccc8affa,0x711ae3745b061d247f5aac3db1b92bd5a922b27a,BUY,No,103817554879098980143189456527608321905884757182906793330525824422625380941210,0xcaec99debca1fe002f7af5b3ff300edfcf84c7ab7e366b24c12316ba99ed302e,0.994,14.839,14.749966,1727308611,Will a Democrat win South Dakota Presidential Election?
0xc2c14b309c89c0937cc8b308cf3bbb766a3494cfe9b918a2113328959a5a203c,0x50f4b1f4de63f4484172a4ddb732599ea7e7ae81,SELL,No,103817554879098980143189456527608321905884757182906793330525824422625380941210,0xcaec99debca1fe002f7af5b3ff300edfcf84c7ab7e366b24c12316ba99ed302e,0.991,14.16,14.03256,1727308421,Will a Democrat win South Dakota Presidential Election?
0xe255b8c96dbf7d6a85e4a9f097707c3ef79580f78b35253435c1c25c58d71e9f,0x50f4b1f4de63f4484172a4ddb732599ea7e7ae81,BUY,No,103817554879098980143189456527608321905884757182906793330525824422625380941210,0xcaec99debca1fe002f7af5b3ff300edfcf84c7ab7e366b24c12316ba99ed302e,0.9939999999,14.164833,14.079844000583517,1727307108,Will a Democrat win South Dakota Presidential Election?
0xdc173a708b657b3d7532a1d9508bf6b0a52c3b34f183d66341c7bc6b59adf97a,0x94e5185c7a2dd249e4e74d7abf6abcf7905ff46c,SELL,No,103817554879098980143189456527608321905884757182906793330525824422625380941210,0xcaec99debca1fe002f7af5b3ff300edfcf84c7ab7e366b24c12316ba99ed302e,0.991,10.03,9.939729999999999,1727306788,Will a Democrat win South Dakota Presidential Election?
0xcf5c87926d4573c9e2da907f2c5fa589eab1ae10d27ecd29ff990311c296ae7d,0x94e5185c7a2dd249e4e74d7abf6abcf7905ff46c,BUY,No,103817554879098980143189456527608321905884757182906793330525824422625380941210,0xcaec99debca1fe002f7af5b3ff300edfcf84c7ab7e366b24c12316ba99ed302e,0.9939999996,10.030166,9.969984999987933,1727306076,Will a Democrat win South Dakota Presidential Election?
0xa7b9e68862ae67f4418a4f2463bdbbd40f6c9c28ff2c779a89337d87f356110f,0x1a47cd81148fc126b80d3adb1695e121be301370,SELL,No,103817554879098980143189456527608321905884757182906793330525824422625380941210,0xcaec99debca1fe002f7af5b3ff300edfcf84c7ab7e366b24c12316ba99ed302e,0.991,0.11,0.10901,1727301450,Will a Democrat win South Dakota Presidential Election?
0xd1fe2b500a890376ba2dd0bdda0dd7810db18a4040af2e2a9a3c2a3dc27173db,0x0c3fb659d3e8603989f42ad50e449e163f4363b0,SELL,No,103817554879098980143189456527608321905884757182906793330525824422625380941210,0xcaec99debca1fe002f7af5b3ff300edfcf84c7ab7e366b24c12316ba99ed302e,0.991,4.69,4.6477900000000005,1727301134,Will a Democrat win South Dakota Presidential Election?
0xf1916421c4bfbf250b8a0c9b7ceaa85c1bfbaf5a1f6baf9c2858d04667bbd79d,0x1a47cd81148fc126b80d3adb1695e121be301370,BUY,No,103817554879098980143189456527608321905884757182906793330525824422625380941210,0xcaec99debca1fe002f7af5b3ff300edfcf84c7ab7e366b24c12316ba99ed302e,0.994,0.1105,0.109837,1727300796,Will a Democrat win South Dakota Presidential Election?
0xbebe077c5433db14224b65f67e109abcbcdeef0d8d26498ee00f4c77882d0f54,0x08b97713c82d972deeab5978428925277bf158c4,SELL,No,103817554879098980143189456527608321905884757182906793330525824422625380941210,0xcaec99debca1fe002f7af5b3ff300edfcf84c7ab7e366b24c12316ba99ed302e,0.991,46.15,45.734649999999995,1727300332,Will a Democrat win South Dakota Presidential Election?
0x8b682280ae8a4a0775d376d277e47fe32603deeffb4d1da386ccc9c44af2eda2,0x08b97713c82d972deeab5978428925277bf158c4,BUY,No,103817554879098980143189456527608321905884757182906793330525824422625380941210,0xcaec99debca1fe002f7af5b3ff300edfcf84c7ab7e366b24c12316ba99ed302e,0.994,46.156833,45.879892002,1727299600,Will a Democrat win South Dakota Presidential Election?
0x872f7701c7b07d0604441542581cff3d90e9fa1fc5768527c650e04a4eed95b4,0x0c3fb659d3e8603989f42ad50e449e163f4363b0,BUY,No,103817554879098980143189456527608321905884757182906793330525824422625380941210,0xcaec99debca1fe002f7af5b3ff300edfcf84c7ab7e366b24c12316ba99ed302e,0.994,4.688,4.659872,1727299548,Will a Democrat win South Dakota Presidential Election?
0x72456ed512d1ac998b71a4ff60ab29949806d4c27a52288dd3167f05f5a68aaa,0xb0114e5109faab9c90a30a5b19f4411b2d20ed2e,SELL,No,103817554879098980143189456527608321905884757182906793330525824422625380941210,0xcaec99debca1fe002f7af5b3ff300edfcf84c7ab7e366b24c12316ba99ed302e,0.991,7.02,6.95682,1727298358,Will a Democrat win South Dakota Presidential Election?
0xa27a1d445152205f666d8ecddcffba349e9dfb7fc760e13722bf641b94bfcdea,0xb0114e5109faab9c90a30a5b19f4411b2d20ed2e,SELL,No,103817554879098980143189456527608321905884757182906793330525824422625380941210,0xcaec99debca1fe002f7af5b3ff300edfcf84c7ab7e366b24c12316ba99ed302e,0.992,4.29,4.25568,1727296288,Will a Democrat win South Dakota Presidential Election?
0x1e796b89a3fff9243e0573c117c0764875dac42bf81b86bdca512120b72ad4d3,0xb0114e5109faab9c90a30a5b19f4411b2d20ed2e,BUY,No,103817554879098980143189456527608321905884757182906793330525824422625380941210,0xcaec99debca1fe002f7af5b3ff300edfcf84c7ab7e366b24c12316ba99ed302e,0.9939999998,11.317833,11.249925999736433,1727295608,Will a Democrat win South Dakota Presidential Election?
0xb5ef3ea419739130e0bcb392d451f66aa3a59feee2529e3f09b4e019dda7ae4c,0x46875894ab2b61023a641130ac4064ff1c05cbe7,SELL,No,103817554879098980143189456527608321905884757182906793330525824422625380941210,0xcaec99debca1fe002f7af5b3ff300edfcf84c7ab7e366b24c12316ba99ed302e,0.992,13.49,13.38208,1727292622,Will a Democrat win South Dakota Presidential Election?
0x3d7acd3573ab45204ff2776974957bfe1707f1cb28961d0c2e90cfd469773254,0xe856b4269df88bd2c82a4555f71846edbbf767f7,SELL,No,103817554879098980143189456527608321905884757182906793330525824422625380941210,0xcaec99debca1fe002f7af5b3ff300edfcf84c7ab7e366b24c12316ba99ed302e,0.992,12.67,12.56864,1727292540,Will a Democrat win South Dakota Presidential Election?
0x7031bf923340dd8c013610f7f1185c27cae9585d0a802f24273f80cdaa6dcecc,0xe856b4269df88bd2c82a4555f71846edbbf767f7,BUY,No,103817554879098980143189456527608321905884757182906793330525824422625380941210,0xcaec99debca1fe002f7af5b3ff300edfcf84c7ab7e366b24c12316ba99ed302e,0.994,12.676,12.599944,1727291884,Will a Democrat win South Dakota Presidential Election?
0x424ac223f95650e31503469e20e50fda43250666fbe6ebc757354fe7cb48c73b,0x46875894ab2b61023a641130ac4064ff1c05cbe7,BUY,No,103817554879098980143189456527608321905884757182906793330525824422625380941210,0xcaec99debca1fe002f7af5b3ff300edfcf84c7ab7e366b24c12316ba99ed302e,0.9939999999,13.490833,13.409888000650916,1727291604,Will a Democrat win South Dakota Presidential Election?
0x95c5c5eae530dcd1ee2e24db5cdf64a02064b0a9dff59152439eb65ff02f021a,0x093a18f3c50d6b383b2b2c5101e06ae9b48b9f25,SELL,No,103817554879098980143189456527608321905884757182906793330525824422625380941210,0xcaec99debca1fe002f7af5b3ff300edfcf84c7ab7e366b24c12316ba99ed302e,0.992,15.37,15.247039999999998,1727290767,Will a Democrat win South Dakota Presidential Election?
0x6234df314c1656ff977842cb119f158fd1e264a3c62179ba1f07f0fec9565e42,0x093a18f3c50d6b383b2b2c5101e06ae9b48b9f25,BUY,No,103817554879098980143189456527608321905884757182906793330525824422625380941210,0xcaec99debca1fe002f7af5b3ff300edfcf84c7ab7e366b24c12316ba99ed302e,0.9939999997,15.362166,15.26999299939135,1727290125,Will a Democrat win South Dakota Presidential Election?
0x68a1f15c4c1c18ca4ec251cb7f58fe96e4e865e09cbeb0a8b7830dd136adedf6,0x3f7557a3103dbb0b89c57b7090d85ccacddaff4d,SELL,No,103817554879098980143189456527608321905884757182906793330525824422625380941210,0xcaec99debca1fe002f7af5b3ff300edfcf84c7ab7e366b24c12316ba99ed302e,0.992,21.26,21.089920000000003,1727289959,Will a Democrat win South Dakota Presidential Election?
0x7134657e307408fce0d8377bd6efa11e8af87900fe181f157d3a1a489d2fbf26,0x3f7557a3103dbb0b89c57b7090d85ccacddaff4d,BUY,No,103817554879098980143189456527608321905884757182906793330525824422625380941210,0xcaec99debca1fe002f7af5b3ff300edfcf84c7ab7e366b24c12316ba99ed302e,0.993,21.268857,21.119975001,1727288663,Will a Democrat win South Dakota Presidential Election?
0x387e36470e15238285601eb3f3222a9448c6ac5037c000d9a95f33c33862d72c,0x12d664013711ce63e256b84d9dc0039cd50f5e39,SELL,No,103817554879098980143189456527608321905884757182906793330525824422625380941210,0xcaec99debca1fe002f7af5b3ff300edfcf84c7ab7e366b24c12316ba99ed302e,0.992,14.82,14.70144,1727281513,Will a Democrat win South Dakota Presidential Election?
0xad9c9667919e4e6eb0343129a61540a11c01bb161e910ba2df45d58cc58369c7,0x12d664013711ce63e256b84d9dc0039cd50f5e39,BUY,No,103817554879098980143189456527608321905884757182906793330525824422625380941210,0xcaec99debca1fe002f7af5b3ff300edfcf84c7ab7e366b24c12316ba99ed302e,0.9929999999,14.823714,14.719948000517629,1727280860,Will a Democrat win South Dakota Presidential Election?
0x195c2b97707054593d0a8d6be6c042746ae3b1e03bd3ab79064822a5b9c65314,0xd28de89add15f3e77e1a65107d0559845bc9acba,SELL,No,103817554879098980143189456527608321905884757182906793330525824422625380941210,0xcaec99debca1fe002f7af5b3ff300edfcf84c7ab7e366b24c12316ba99ed302e,0.992,12.04,11.943679999999999,1727279968,Will a Democrat win South Dakota Presidential Election?
0x1a1b94b78be2c77dec9e212c9d53a929c3d225bc26d9ba06387a6884fa101bf0,0xd28de89add15f3e77e1a65107d0559845bc9acba,BUY,No,103817554879098980143189456527608321905884757182906793330525824422625380941210,0xcaec99debca1fe002f7af5b3ff300edfcf84c7ab7e366b24c12316ba99ed302e,0.9929999996,12.044285,11.959975000182286,1727279322,Will a Democrat win South Dakota Presidential Election?
0xc26b5ad3534cfc645a25160c3b9a932982b46504ef2b72ff9c60c54865cd4f98,0x093a18f3c50d6b383b2b2c5101e06ae9b48b9f25,SELL,No,103817554879098980143189456527608321905884757182906793330525824422625380941210,0xcaec99debca1fe002f7af5b3ff300edfcf84c7ab7e366b24c12316ba99ed302e,0.991,15.67,15.52897,1727274472,Will a Democrat win South Dakota Presidential Election?
0xf02cc53a152c9ed3bba457b1bfcf68a6618dfde9acff786eef287e750ebfe40e,0x093a18f3c50d6b383b2b2c5101e06ae9b48b9f25,BUY,No,103817554879098980143189456527608321905884757182906793330525824422625380941210,0xcaec99debca1fe002f7af5b3ff300edfcf84c7ab7e366b24c12316ba99ed302e,0.9929999999,15.679714,15.569956000432029,1727274398,Will a Democrat win South Dakota Presidential Election?
0x8a9c5654bd2b4a20d38f9ffcde599a5853bfa46d2247d8d61e2267b426dd7584,0x4c8740cbae18147e0c3e55c181ae9d2539200ef1,SELL,No,103817554879098980143189456527608321905884757182906793330525824422625380941210,0xcaec99debca1fe002f7af5b3ff300edfcf84c7ab7e366b24c12316ba99ed302e,0.991,14.01,13.88391,1727266107,Will a Democrat win South Dakota Presidential Election?
0x787245691c28831b82ab7fdee769b92e2a59a1915ae48454d2121c70d9feb6f8,0x4c8740cbae18147e0c3e55c181ae9d2539200ef1,BUY,No,103817554879098980143189456527608321905884757182906793330525824422625380941210,0xcaec99debca1fe002f7af5b3ff300edfcf84c7ab7e366b24c12316ba99ed302e,0.993,14.018,13.919874,1727264657,Will a Democrat win South Dakota Presidential Election?
0x6073a40898f03000ec709bc8ec1ad4b166b423e58e651d8f804ef09f8304c2ec,0x2c4627527efb134915f698f0d354343232660ee1,SELL,No,103817554879098980143189456527608321905884757182906793330525824422625380941210,0xcaec99debca1fe002f7af5b3ff300edfcf84c7ab7e366b24c12316ba99ed302e,0.991,16.4,16.252399999999998,1727259533,Will a Democrat win South Dakota Presidential Election?
0x05172f02fff0d55dd23c838a6e9f8f0ec1bb7eae82830319601251ddf15fdaec,0x2c4627527efb134915f698f0d354343232660ee1,BUY,No,103817554879098980143189456527608321905884757182906793330525824422625380941210,0xcaec99debca1fe002f7af5b3ff300edfcf84c7ab7e366b24c12316ba99ed302e,0.9929999999,16.404714,16.289881000359525,1727258917,Will a Democrat win South Dakota Presidential Election?
0xd5ef200e28f58e00d6f9a371408dd69f4646c5e5b19266def602f81e126cb50f,0x2a608f8efe1814e7db7e6c5a393a06ce4efb5b7a,SELL,No,103817554879098980143189456527608321905884757182906793330525824422625380941210,0xcaec99debca1fe002f7af5b3ff300edfcf84c7ab7e366b24c12316ba99ed302e,0.991,6.31,6.253209999999999,1727258139,Will a Democrat win South Dakota Presidential Election?
0x25f1317c4bb44a701e56cc8d12336125bd985ba2c5eb21481add533df5063761,0xa3326e5881b17218b6d8e8498fc93852e3889fc3,SELL,No,103817554879098980143189456527608321905884757182906793330525824422625380941210,0xcaec99debca1fe002f7af5b3ff300edfcf84c7ab7e366b24c12316ba99ed302e,0.991,10.32,10.22712,1727257049,Will a Democrat win South Dakota Presidential Election?
0xbc5f4d7453086826dd2d4a1791f24b7631b130c5704f3b74ad5ac8720a15ebfd,0xb13dbb7371058488d30812da8d8934eeabbc6c4f,SELL,No,103817554879098980143189456527608321905884757182906793330525824422625380941210,0xcaec99debca1fe002f7af5b3ff300edfcf84c7ab7e366b24c12316ba99ed302e,0.991,14.86,14.72626,1727256507,Will a Democrat win South Dakota Presidential Election?
0x0deed81c7bbd2cf6266c511352a4d42ed6199287b468df32f550f7b7474b26d2,0xa3326e5881b17218b6d8e8498fc93852e3889fc3,BUY,No,103817554879098980143189456527608321905884757182906793330525824422625380941210,0xcaec99debca1fe002f7af5b3ff300edfcf84c7ab7e366b24c12316ba99ed302e,0.9929999994,10.322142,10.249886999806716,1727256123,Will a Democrat win South Dakota Presidential Election?
0x048e98b88b99e57c55d43c72076e72f7df152523bab9a843c104d4c7a62d286a,0xb13dbb7371058488d30812da8d8934eeabbc6c4f,BUY,No,103817554879098980143189456527608321905884757182906793330525824422625380941210,0xcaec99debca1fe002f7af5b3ff300edfcf84c7ab7e366b24c12316ba99ed302e,0.993,14.864,14.759952,1727255871,Will a Democrat win South Dakota Presidential Election?
0x5b08bf2906979b2a0beb2c44eb7b45e566135f8bd4adbc015e52397f5974ebfb,0xc82300758c7d20f0ce46a680b4999d41875bd6e1,SELL,No,103817554879098980143189456527608321905884757182906793330525824422625380941210,0xcaec99debca1fe002f7af5b3ff300edfcf84c7ab7e366b24c12316ba99ed302e,0.991,0.05,0.049550000000000004,1727240461,Will a Democrat win South Dakota Presidential Election?
0x299f71a5e752e5bf6906a614a8ef07d2d7e71977330be6c1c74a853d4b199c2f,0xc82300758c7d20f0ce46a680b4999d41875bd6e1,BUY,No,103817554879098980143189456527608321905884757182906793330525824422625380941210,0xcaec99debca1fe002f7af5b3ff300edfcf84c7ab7e366b24c12316ba99ed302e,0.9929999006,0.050285,0.049933000001671,1727239493,Will a Democrat win South Dakota Presidential Election?
0x4504d7f3b7ae59c648265d7574c736e5d88f293cf293062c91e56fc7b2bf74f2,0xe50f1dd36be0d7f352520904f8c0497e58dc33f6,SELL,No,103817554879098980143189456527608321905884757182906793330525824422625380941210,0xcaec99debca1fe002f7af5b3ff300edfcf84c7ab7e366b24c12316ba99ed302e,0.991,15.67,15.52897,1727237629,Will a Democrat win South Dakota Presidential Election?
0xf1ccddbe67b1f62719df30aef13208d0f072222f77b37aeb798a3ee9c1c95b99,0xe50f1dd36be0d7f352520904f8c0497e58dc33f6,BUY,No,103817554879098980143189456527608321905884757182906793330525824422625380941210,0xcaec99debca1fe002f7af5b3ff300edfcf84c7ab7e366b24c12316ba99ed302e,0.9929999999,15.679714,15.569956000432029,1727237013,Will a Democrat win South Dakota Presidential Election?
0xf7b64b62c77f3219bd9323b9fb65ce0e91db7d544f3f2fbbb81303c211c9726a,0xeac8bc19e5797deaa995a54ccc454ef7b4894406,SELL,No,103817554879098980143189456527608321905884757182906793330525824422625380941210,0xcaec99debca1fe002f7af5b3ff300edfcf84c7ab7e366b24c12316ba99ed302e,0.991,14.21,14.08211,1727235593,Will a Democrat win South Dakota Presidential Election?
0xe83e980c7a49bbd98fdac9ccab11d704e79938186fd6fd188bff38242844a857,0xeac8bc19e5797deaa995a54ccc454ef7b4894406,BUY,No,103817554879098980143189456527608321905884757182906793330525824422625380941210,0xcaec99debca1fe002f7af5b3ff300edfcf84c7ab7e366b24c12316ba99ed302e,0.9929999997,14.219428,14.119891999734172,1727234929,Will a Democrat win South Dakota Presidential Election?
0xdb98448a69a34794be52212b4db10cfa863debe032384f92fa94943c7d0a34f9,0xc6c06e21d573085604aa0c50680aff22c4bfb0bf,SELL,No,103817554879098980143189456527608321905884757182906793330525824422625380941210,0xcaec99debca1fe002f7af5b3ff300edfcf84c7ab7e366b24c12316ba99ed302e,0.991,14.27,14.14157,1727234903,Will a Democrat win South Dakota Presidential Election?
0xbc54c0510a44b97a7a35fe0415b3747fd17d634d6a28ded243f0938faa571ac7,0xc6c06e21d573085604aa0c50680aff22c4bfb0bf,BUY,No,103817554879098980143189456527608321905884757182906793330525824422625380941210,0xcaec99debca1fe002f7af5b3ff300edfcf84c7ab7e366b24c12316ba99ed302e,0.9929999999,14.279857,14.179897999572013,1727234215,Will a Democrat win South Dakota Presidential Election?
0xd473ca826e54abd9303857cf18918c6501a2e2bf20a37259f5d379ded932003f,0xf986c75cc673d5f6a2200e7873a66c9650790233,SELL,No,103817554879098980143189456527608321905884757182906793330525824422625380941210,0xcaec99debca1fe002f7af5b3ff300edfcf84c7ab7e366b24c12316ba99ed302e,0.991,13.87,13.74517,1727229409,Will a Democrat win South Dakota Presidential Election?
0xe886de5e8df298ba868abc34f787cb706bdd712f8bd772bb0a5d24cc2ded6455,0xf986c75cc673d5f6a2200e7873a66c9650790233,BUY,No,103817554879098980143189456527608321905884757182906793330525824422625380941210,0xcaec99debca1fe002f7af5b3ff300edfcf84c7ab7e366b24c12316ba99ed302e,0.993,13.877,13.779861,1727228801,Will a Democrat win South Dakota Presidential Election?
0x865b23faba22cdc4212cbb0b43fd438e9e90ad7ade83987804c739ce752c748c,0xabfb763fa647c957420c44195788f8826f670bc3,SELL,No,103817554879098980143189456527608321905884757182906793330525824422625380941210,0xcaec99debca1fe002f7af5b3ff300edfcf84c7ab7e366b24c12316ba99ed302e,0.991,9.61,9.52351,1727225061,Will a Democrat win South Dakota Presidential Election?
0xe9e129517e0265188137d8d14e25e19240f82f8d6c19c4b823607c3e4052870f,0xcca1891562220f7ae5ceb54d24dd1f5d412111c7,SELL,No,103817554879098980143189456527608321905884757182906793330525824422625380941210,0xcaec99debca1fe002f7af5b3ff300edfcf84c7ab7e366b24c12316ba99ed302e,0.991,16.32,16.17312,1727225007,Will a Democrat win South Dakota Presidential Election?
0x40fd0720af62fab42401ffaca964897d0cae5f935e8d998be72327fe8c3d396f,0xabfb763fa647c957420c44195788f8826f670bc3,BUY,No,103817554879098980143189456527608321905884757182906793330525824422625380941210,0xcaec99debca1fe002f7af5b3ff300edfcf84c7ab7e366b24c12316ba99ed302e,0.9929999995,9.617285,9.549964000191357,1727224437,Will a Democrat win South Dakota Presidential Election?
0xb291ffd023e79fa6e81530dea56d89b809b3f783fe0fed4c538b54f0558578b7,0xcca1891562220f7ae5ceb54d24dd1f5d412111c7,BUY,No,103817554879098980143189456527608321905884757182906793330525824422625380941210,0xcaec99debca1fe002f7af5b3ff300edfcf84c7ab7e366b24c12316ba99ed302e,0.9929999996,16.324142,16.209872999470342,1727224383,Will a Democrat win South Dakota Presidential Election?
0xf04bfae5fa2fd97c4a0513cead57ead105f8ccd1a2a358e4a655b784f4a037bc,0xdd438ee3f72e7998b416341b18eed443ee44dc82,SELL,No,103817554879098980143189456527608321905884757182906793330525824422625380941210,0xcaec99debca1fe002f7af5b3ff300edfcf84c7ab7e366b24c12316ba99ed302e,0.991,10.14,10.04874,1727222907,Will a Democrat win South Dakota Presidential Election?
0xd0dc4a324938ccc84b0bcedd96b64aebbf461f86b59f9f8396317058e1204331,0x35ce4a505d21af33ecd7e6d5f09e3fd464084795,SELL,No,103817554879098980143189456527608321905884757182906793330525824422625380941210,0xcaec99debca1fe002f7af5b3ff300edfcf84c7ab7e366b24c12316ba99ed302e,0.991,29.8,29.5318,1727222477,Will a Democrat win South Dakota Presidential Election?
0xa759b9d9f6271ee946c453343b46ae3e7a8b30e23eb066dcc7935499170abb8b,0x35ce4a505d21af33ecd7e6d5f09e3fd464084795,BUY,No,103817554879098980143189456527608321905884757182906793330525824422625380941210,0xcaec99debca1fe002f7af5b3ff300edfcf84c7ab7e366b24c12316ba99ed302e,0.9929999999,29.808571,29.599911000019144,1727221853,Will a Democrat win South Dakota Presidential Election?
0x290cf73dae249a4f289734b192ae64ebaa3029b6a585dfeb53dbcdb4913f05f8,0xdd438ee3f72e7998b416341b18eed443ee44dc82,BUY,No,103817554879098980143189456527608321905884757182906793330525824422625380941210,0xcaec99debca1fe002f7af5b3ff300edfcf84c7ab7e366b24c12316ba99ed302e,0.9929999999,10.140857,10.069870999985914,1727221735,Will a Democrat win South Dakota Presidential Election?
0x5f460c230c6d66f2df979986661e98e88b4a9c2baa000c30dafa5a2ca0ba2ce8,0xd1d1a5c30446389e3a5a138f2aeb25b8bfe68505,SELL,No,103817554879098980143189456527608321905884757182906793330525824422625380941210,0xcaec99debca1fe002f7af5b3ff300edfcf84c7ab7e366b24c12316ba99ed302e,0.991,12.06,11.95146,1727212084,Will a Democrat win South Dakota Presidential Election?
0xffbcc5cf1e836aeff8bca9b64355c99b535dc97c701d0dd7b315b201a47cacd3,0xb082eee1c254a745bf88e7af490cc47ccd04e051,SELL,No,103817554879098980143189456527608321905884757182906793330525824422625380941210,0xcaec99debca1fe002f7af5b3ff300edfcf84c7ab7e366b24c12316ba99ed302e,0.991,10.25,10.15775,1727212026,Will a Democrat win South Dakota Presidential Election?
0x8c4e70e5134810fb5d5fcb283e0e2278715e0e42d03240437f285835763b8a86,0xd1d1a5c30446389e3a5a138f2aeb25b8bfe68505,BUY,No,103817554879098980143189456527608321905884757182906793330525824422625380941210,0xcaec99debca1fe002f7af5b3ff300edfcf84c7ab7e366b24c12316ba99ed302e,0.9929999997,12.064428,11.979977000380671,1727211422,Will a Democrat win South Dakota Presidential Election?
0xdcd13f1142a59c954a6939c9a0ea8479ef1ec9e5cf8ef1089c9061f4e1dbf670,0xb082eee1c254a745bf88e7af490cc47ccd04e051,BUY,No,103817554879098980143189456527608321905884757182906793330525824422625380941210,0xcaec99debca1fe002f7af5b3ff300edfcf84c7ab7e366b24c12316ba99ed302e,0.9929999998,10.251714,10.179951999949656,1727211078,Will a Democrat win South Dakota Presidential Election?
0x122aebf7c2f132f71dbb65a6f5f830a1af60a70097965f516bb4f11a52903bb3,0x3f7b03ed1f56bf149b418e3fae58d5a613ae7ab2,SELL,No,103817554879098980143189456527608321905884757182906793330525824422625380941210,0xcaec99debca1fe002f7af5b3ff300edfcf84c7ab7e366b24c12316ba99ed302e,0.991,14.84,14.70644,1727209676,Will a Democrat win South Dakota Presidential Election?
0x509f0f0c5b3413bde7df1a3c746b0b358384c034a499863a41d7c3ef0ef7127c,0xe126350a7ac49b6e908b3c0fc8770c7d6d28c5d8,SELL,No,103817554879098980143189456527608321905884757182906793330525824422625380941210,0xcaec99debca1fe002f7af5b3ff300edfcf84c7ab7e366b24c12316ba99ed302e,0.991,10.34,10.24694,1727209632,Will a Democrat win South Dakota Presidential Election?
0x84186ca5aa5d52819b768cf09b2cd7a68e0f5ac689be6f8b461cf412082fcd3c,0x09d504354310eae2963c2b928d6bf08813bdfc6f,SELL,No,103817554879098980143189456527608321905884757182906793330525824422625380941210,0xcaec99debca1fe002f7af5b3ff300edfcf84c7ab7e366b24c12316ba99ed302e,0.991,27.99,27.73809,1727209358,Will a Democrat win South Dakota Presidential Election?
0x67bb7426f27ef48d3ebbc38eb202035d974630bf46778d02b74dbace4a9364e9,0x3f7b03ed1f56bf149b418e3fae58d5a613ae7ab2,BUY,No,103817554879098980143189456527608321905884757182906793330525824422625380941210,0xcaec99debca1fe002f7af5b3ff300edfcf84c7ab7e366b24c12316ba99ed302e,0.9929999999,14.843857,14.739949999515614,1727208988,Will a Democrat win South Dakota Presidential Election?
0x31b4aa0eedfa3a7af3f6b81914829955e778006c697374ea742bb854323f3798,0xe126350a7ac49b6e908b3c0fc8770c7d6d28c5d8,BUY,No,103817554879098980143189456527608321905884757182906793330525824422625380941210,0xcaec99debca1fe002f7af5b3ff300edfcf84c7ab7e366b24c12316ba99ed302e,0.9929999995,10.342285,10.269888999828858,1727208196,Will a Democrat win South Dakota Presidential Election?
0xf7955701830f86aa85cd54aca6ef2df6193512309a8e7921628795f6e8abd0ec,0x09d504354310eae2963c2b928d6bf08813bdfc6f,BUY,No,103817554879098980143189456527608321905884757182906793330525824422625380941210,0xcaec99debca1fe002f7af5b3ff300edfcf84c7ab7e366b24c12316ba99ed302e,0.993,27.995857,27.799886001,1727208190,Will a Democrat win South Dakota Presidential Election?
0xaeb1309ac54ba87ff458f5593d6ae6720a7fce1dae24248642c8fffbe3a2143c,0xc0c28a2137ddb32b816764d1a323cf804c0598f9,SELL,No,103817554879098980143189456527608321905884757182906793330525824422625380941210,0xcaec99debca1fe002f7af5b3ff300edfcf84c7ab7e366b24c12316ba99ed302e,0.991,12.72,12.60552,1727204596,Will a Democrat win South Dakota Presidential Election?
0x8b7aff34e31c50aa4ec9ff0798bf1e3aa8679cabd1865b80a632362ba4bbacec,0xc0c28a2137ddb32b816764d1a323cf804c0598f9,BUY,No,103817554879098980143189456527608321905884757182906793330525824422625380941210,0xcaec99debca1fe002f7af5b3ff300edfcf84c7ab7e366b24c12316ba99ed302e,0.993,12.729,12.639897,1727204526,Will a Democrat win South Dakota Presidential Election?
0x3d35839cc0e1a7bd4c5dcf8280b5a781fb946dc047a738d73a816e2ee1ee7893,0x2d7cc0d8bbc0b2b700eefb736b09f19aa4600b2e,SELL,No,103817554879098980143189456527608321905884757182906793330525824422625380941210,0xcaec99debca1fe002f7af5b3ff300edfcf84c7ab7e366b24c12316ba99ed302e,0.991,10.21,10.118110000000001,1727199687,Will a Democrat win South Dakota Presidential Election?
0x3548f4cf92c2be8fb6e89c0789594df39d7b54f4dd50b4b5618dc701ffcb7b46,0x2d7cc0d8bbc0b2b700eefb736b09f19aa4600b2e,BUY,No,103817554879098980143189456527608321905884757182906793330525824422625380941210,0xcaec99debca1fe002f7af5b3ff300edfcf84c7ab7e366b24c12316ba99ed302e,0.9929999996,10.211428,10.139947999915428,1727199665,Will a Democrat win South Dakota Presidential Election?
0x8c44bfc5420ac29ed3fd04fdc061384c42be8248d7b68a1ab864795920f20038,0xee7a475053459c6b4b728da08f3f858df8b3e669,SELL,No,103817554879098980143189456527608321905884757182906793330525824422625380941210,0xcaec99debca1fe002f7af5b3ff300edfcf84c7ab7e366b24c12316ba99ed302e,0.991,14.9,14.7659,1727199475,Will a Democrat win South Dakota Presidential Election?
0x1878d6be6d7df19ff02028314916b3242963311a060d27618e759bb0cd0c84e5,0xee7a475053459c6b4b728da08f3f858df8b3e669,BUY,No,103817554879098980143189456527608321905884757182906793330525824422625380941210,0xcaec99debca1fe002f7af5b3ff300edfcf84c7ab7e366b24c12316ba99ed302e,0.9929999997,14.904285,14.799955000528714,1727199385,Will a Democrat win South Dakota Presidential Election?
0xa9e7aa28bcde04b7ec5491a6f7482494b167ef89507b265b402b87aa40381913,0xee7a475053459c6b4b728da08f3f858df8b3e669,SELL,No,103817554879098980143189456527608321905884757182906793330525824422625380941210,0xcaec99debca1fe002f7af5b3ff300edfcf84c7ab7e366b24c12316ba99ed302e,0.991,15.02,14.88482,1727199053,Will a Democrat win South Dakota Presidential Election?
0x04dcefe0b1442409aa10ef2a4188d34347e8090c88e6c3027488b11fec9954a2,0xa43a79d434b1fc360a29521ffe201cb79751d43e,SELL,No,103817554879098980143189456527608321905884757182906793330525824422625380941210,0xcaec99debca1fe002f7af5b3ff300edfcf84c7ab7e366b24c12316ba99ed302e,0.991,13.98,13.85418,1727196239,Will a Democrat win South Dakota Presidential Election?
0x09f3b42d24a3109276144b31f427e3e596c3a43171c2e70e2565699b7ce9bfa6,0xa43a79d434b1fc360a29521ffe201cb79751d43e,BUY,No,103817554879098980143189456527608321905884757182906793330525824422625380941210,0xcaec99debca1fe002f7af5b3ff300edfcf84c7ab7e366b24c12316ba99ed302e,0.9929999999,13.987857,13.889941999601215,1727196215,Will a Democrat win South Dakota Presidential Election?
0xa76d565e62dd3e28ac44bd4e5f5c9d3ab904e9f2f22f2b985cf3e7288d8442b1,0xee7a475053459c6b4b728da08f3f858df8b3e669,BUY,No,103817554879098980143189456527608321905884757182906793330525824422625380941210,0xcaec99debca1fe002f7af5b3ff300edfcf84c7ab7e366b24c12316ba99ed302e,0.9929999996,15.025142,14.919965999989943,1727191259,Will a Democrat win South Dakota Presidential Election?
0xb33b68e82a2ebd788477d37edbf8064e884f85979e6c3780ee27c1e808e921ea,0xc96f24b2f971660c81d5b3a31f50b69e7e8d252c,SELL,No,103817554879098980143189456527608321905884757182906793330525824422625380941210,0xcaec99debca1fe002f7af5b3ff300edfcf84c7ab7e366b24c12316ba99ed302e,0.991,4.91,4.86581,1727189519,Will a Democrat win South Dakota Presidential Election?
0x236c364c4533e089f2ab45a0daaddf8c4d1cfdde3fadaf47a002ca7a5198ba4e,0xc96f24b2f971660c81d5b3a31f50b69e7e8d252c,BUY,No,103817554879098980143189456527608321905884757182906793330525824422625380941210,0xcaec99debca1fe002f7af5b3ff300edfcf84c7ab7e366b24c12316ba99ed302e,0.992999999,4.914285,4.879885000085714,1727189485,Will a Democrat win South Dakota Presidential Election?
0x9b2ed33d8153bafd21f04150aee14cae46b3a313f6b1298c369e52d7a7d957ed,0x865c100db857c00d78006968f108edb504749bca,SELL,No,103817554879098980143189456527608321905884757182906793330525824422625380941210,0xcaec99debca1fe002f7af5b3ff300edfcf84c7ab7e366b24c12316ba99ed302e,0.991,0.06,0.05946,1727187041,Will a Democrat win South Dakota Presidential Election?
0x96e6a83d80be850e01999b89df6876aef1f054bca99ae3d37cf8042db445dbf0,0x865c100db857c00d78006968f108edb504749bca,BUY,No,103817554879098980143189456527608321905884757182906793330525824422625380941210,0xcaec99debca1fe002f7af5b3ff300edfcf84c7ab7e366b24c12316ba99ed302e,0.9929999171,0.060285,0.0598630000023735,1727187009,Will a Democrat win South Dakota Presidential Election?
0xa79cb868e6c5e4cf2a117f776212836697bd998f97297fb3ecf1d9f7ef5c0189,0x2cfbf8e74a70d626bea218fc98dac59c2f4af96a,SELL,No,103817554879098980143189456527608321905884757182906793330525824422625380941210,0xcaec99debca1fe002f7af5b3ff300edfcf84c7ab7e366b24c12316ba99ed302e,0.991,10,9.91,1727186351,Will a Democrat win South Dakota Presidential Election?
0x9e79f957e00850a8a5e3b4936e9b8f44eb0d0f4957eeebd330e9003d9321829d,0x93b7e00d5879af4594dce2a7add8947739a516da,SELL,No,103817554879098980143189456527608321905884757182906793330525824422625380941210,0xcaec99debca1fe002f7af5b3ff300edfcf84c7ab7e366b24c12316ba99ed302e,0.991,19.84,19.66144,1727181910,Will a Democrat win South Dakota Presidential Election?
0xc211d06b05ffdd3ef1f081e444b9027fa2e8bee55ac70cd22ae642676788f828,0x93b7e00d5879af4594dce2a7add8947739a516da,BUY,No,103817554879098980143189456527608321905884757182906793330525824422625380941210,0xcaec99debca1fe002f7af5b3ff300edfcf84c7ab7e366b24c12316ba99ed302e,0.9929999999,19.848857,19.709914999015112,1727181876,Will a Democrat win South Dakota Presidential Election?
0x8ffbe042feca13f3f2041500b3ce6a3d51d297e6af7d90feeb68f288e84bff0d,0xfed6d1e243fa49e303589108d70ce55028516ae4,SELL,No,103817554879098980143189456527608321905884757182906793330525824422625380941210,0xcaec99debca1fe002f7af5b3ff300edfcf84c7ab7e366b24c12316ba99ed302e,0.991,7.27,7.2045699999999995,1727175071,Will a Democrat win South Dakota Presidential Election?
0xb91da9a47dd6f094c0fc9dccbd2b92fae8bf14cbd4711017e209608b23144ea1,0xfed6d1e243fa49e303589108d70ce55028516ae4,BUY,No,103817554879098980143189456527608321905884757182906793330525824422625380941210,0xcaec99debca1fe002f7af5b3ff300edfcf84c7ab7e366b24c12316ba99ed302e,0.9929999999,7.270857,7.219961000272915,1727175039,Will a Democrat win South Dakota Presidential Election?
0xe4c7b9a3d6123defba7315d9f393e5877aa046cc46144e43462e5aeda57537b6,0xe126350a7ac49b6e908b3c0fc8770c7d6d28c5d8,SELL,No,103817554879098980143189456527608321905884757182906793330525824422625380941210,0xcaec99debca1fe002f7af5b3ff300edfcf84c7ab7e366b24c12316ba99ed302e,0.991,10.39,10.29649,1727173757,Will a Democrat win South Dakota Presidential Election?
0xcda495837c475ec199e27aeb1d1dfdabee7efd68ddefdc2b438e68f5ab9ed866,0xe126350a7ac49b6e908b3c0fc8770c7d6d28c5d8,BUY,No,103817554879098980143189456527608321905884757182906793330525824422625380941210,0xcaec99debca1fe002f7af5b3ff300edfcf84c7ab7e366b24c12316ba99ed302e,0.9929999998,10.392714,10.319964999921456,1727173733,Will a Democrat win South Dakota Presidential Election?
0x0d98bdda56b6228502234828a496da4e489e359402d5305830a2fe12d3a8547c,0x2cfbf8e74a70d626bea218fc98dac59c2f4af96a,BUY,No,103817554879098980143189456527608321905884757182906793330525824422625380941210,0xcaec99debca1fe002f7af5b3ff300edfcf84c7ab7e366b24c12316ba99ed302e,0.993,10,9.93,1727173673,Will a Democrat win South Dakota Presidential Election?
0x747dccd82f2071b4ac068f9627bc882e5b2902ecef9a475c9fb63cf16ad7f28d,0x5b797d00a944d50e37289df5fdcc35695874f456,SELL,No,103817554879098980143189456527608321905884757182906793330525824422625380941210,0xcaec99debca1fe002f7af5b3ff300edfcf84c7ab7e366b24c12316ba99ed302e,0.991,22.75,22.54525,1727171273,Will a Democrat win South Dakota Presidential Election?
0x2844b8b0707bc24d9a462650bdda1c442b6a299259a01fffcf5826a774a3ba2b,0x5b797d00a944d50e37289df5fdcc35695874f456,BUY,No,103817554879098980143189456527608321905884757182906793330525824422625380941210,0xcaec99debca1fe002f7af5b3ff300edfcf84c7ab7e366b24c12316ba99ed302e,0.9929999998,22.759285,22.599970000448142,1727171245,Will a Democrat win South Dakota Presidential Election?
0x8455109506339c4e96b5ac7d6d69a6888fbde6065b1b0b2661c5e9a2f546eb2b,0x0c3fb659d3e8603989f42ad50e449e163f4363b0,SELL,No,103817554879098980143189456527608321905884757182906793330525824422625380941210,0xcaec99debca1fe002f7af5b3ff300edfcf84c7ab7e366b24c12316ba99ed302e,0.991,11.11,11.01001,1727168067,Will a Democrat win South Dakota Presidential Election?
0x9a58afdac2b87f70e29a0e855ea8f4c8b66e06baf57ee83d905731af200f31ff,0x0c3fb659d3e8603989f42ad50e449e163f4363b0,BUY,No,103817554879098980143189456527608321905884757182906793330525824422625380941210,0xcaec99debca1fe002f7af5b3ff300edfcf84c7ab7e366b24c12316ba99ed302e,0.9929999998,11.117714,11.039889999776456,1727168031,Will a Democrat win South Dakota Presidential Election?
0xf4c9859d543d9b63b9c5a4e7dd6a3fbea9386760a2eb9c9d7908e37ef50e8a68,0x25ab64d303b3402f211c16296b9c1938b9e1b18c,SELL,No,103817554879098980143189456527608321905884757182906793330525824422625380941210,0xcaec99debca1fe002f7af5b3ff300edfcf84c7ab7e366b24c12316ba99ed302e,0.991,10.08,9.98928,1727165387,Will a Democrat win South Dakota Presidential Election?
0x2f6ca541191626a8ef9c699af8aa1ea27712290be64d9c73e797a36d98dc087d,0x25ab64d303b3402f211c16296b9c1938b9e1b18c,BUY,No,103817554879098980143189456527608321905884757182906793330525824422625380941210,0xcaec99debca1fe002f7af5b3ff300edfcf84c7ab7e366b24c12316ba99ed302e,0.9929999996,10.080428,10.009864999967828,1727165357,Will a Democrat win South Dakota Presidential Election?
0x5f8297ca5419c512c18e3f29d0ef6d9294b2c4d9bc64be9c38b729edb84ed66e,0x2d7cc0d8bbc0b2b700eefb736b09f19aa4600b2e,SELL,No,103817554879098980143189456527608321905884757182906793330525824422625380941210,0xcaec99debca1fe002f7af5b3ff300edfcf84c7ab7e366b24c12316ba99ed302e,0.991,11.78,11.673979999999998,1727163449,Will a Democrat win South Dakota Presidential Election?
0xdffc56f3637d1a641d5870487a5d3b129aaa05ee5ab45493fd469098517e18c2,0x2d7cc0d8bbc0b2b700eefb736b09f19aa4600b2e,BUY,No,103817554879098980143189456527608321905884757182906793330525824422625380941210,0xcaec99debca1fe002f7af5b3ff300edfcf84c7ab7e366b24c12316ba99ed302e,0.9929999997,11.782428,11.699951000465271,1727163421,Will a Democrat win South Dakota Presidential Election?
0x9aabdf26bc9abf3272d1a7e506834699a283dc759ad84134776c2c17e171bd55,0x7b35a90968c70cb6d38fec9af24d3c6eab7531e0,SELL,No,103817554879098980143189456527608321905884757182906793330525824422625380941210,0xcaec99debca1fe002f7af5b3ff300edfcf84c7ab7e366b24c12316ba99ed302e,0.99,0.79,0.7821,1726792032,Will a Democrat win South Dakota Presidential Election?
0x00c3a895bb26526c06bedb843162898b4b257aed8fc52ea9d9470b61581d1e23,0x7b35a90968c70cb6d38fec9af24d3c6eab7531e0,BUY,No,103817554879098980143189456527608321905884757182906793330525824422625380941210,0xcaec99debca1fe002f7af5b3ff300edfcf84c7ab7e366b24c12316ba99ed302e,0.992,0.79625,0.78988,1726791852,Will a Democrat win South Dakota Presidential Election?
0xaa2b07529e592fa9367d83cac6f529043b87461eb1e8754bf8f78d79fbce2504,0x06ebd0312891a5fd4fe1dd91c1e70fdc861243f3,BUY,No,103817554879098980143189456527608321905884757182906793330525824422625380941210,0xcaec99debca1fe002f7af5b3ff300edfcf84c7ab7e366b24c12316ba99ed302e,0.992,8.0645,7.999984,1726691882,Will a Democrat win South Dakota Presidential Election?
0x2f5078d134333eab93ad94ef9d6787f02c8f1f265a8a88c74fd3dd3205201b5e,0x9d84ce0306f8551e02efef1680475fc0f1dc1344,BUY,Yes,105742278895779392184517567088147476702553818055925607866681628906726505150563,0xcaec99debca1fe002f7af5b3ff300edfcf84c7ab7e366b24c12316ba99ed302e,0.008,2905.59,23.24472,1726661692,Will a Democrat win South Dakota Presidential Election?
0x5e89dafb1b9115a699c57000cab972800beb1ea8d89f0c9695454ae13b022427,0x0b83641ba344601437a037f6265781bd6023d887,SELL,No,103817554879098980143189456527608321905884757182906793330525824422625380941210,0xcaec99debca1fe002f7af5b3ff300edfcf84c7ab7e366b24c12316ba99ed302e,0.992,91.5,90.768,1726656629,Will a Democrat win South Dakota Presidential Election?
0xe569a4ad626db0245613cffcf15943b67a93e3b5e018fbbe9e541e6fae8573c0,0x0b83641ba344601437a037f6265781bd6023d887,BUY,No,103817554879098980143189456527608321905884757182906793330525824422625380941210,0xcaec99debca1fe002f7af5b3ff300edfcf84c7ab7e366b24c12316ba99ed302e,0.993,91.500428,90.859925004,1726654723,Will a Democrat win South Dakota Presidential Election?
0xfe10d4758be89b1581409092629a5d4e8dfa4ccc240649009068e2cb4dbff411,0xec1cb0739b7a9b245b20d36bdb54477f7e51e42d,SELL,No,103817554879098980143189456527608321905884757182906793330525824422625380941210,0xcaec99debca1fe002f7af5b3ff300edfcf84c7ab7e366b24c12316ba99ed302e,0.992,88.83,88.11936,1726605152,Will a Democrat win South Dakota Presidential Election?
0xabbf0ad464faa4653cde6af2e8643ef3649d6d73b9ee225a25ef8a1cadb81a51,0xec1cb0739b7a9b245b20d36bdb54477f7e51e42d,BUY,No,103817554879098980143189456527608321905884757182906793330525824422625380941210,0xcaec99debca1fe002f7af5b3ff300edfcf84c7ab7e366b24c12316ba99ed302e,0.993,88.831714,88.209892002,1726605056,Will a Democrat win South Dakota Presidential Election?
0x5bbde558c367c7f8078e90096dbc9c05d7d93912b651069aedcc00dfbf32b6ee,0xf7647af6715c271cd4b86071abb01362b0555031,SELL,No,103817554879098980143189456527608321905884757182906793330525824422625380941210,0xcaec99debca1fe002f7af5b3ff300edfcf84c7ab7e366b24c12316ba99ed302e,0.992,0.15,0.1488,1726604972,Will a Democrat win South Dakota Presidential Election?
0xa17fb0c6f1568be8f63829d8c1ef3a0988b4e4e19ebeed9646d05d41b3a26b9f,0xf7647af6715c271cd4b86071abb01362b0555031,BUY,No,103817554879098980143189456527608321905884757182906793330525824422625380941210,0xcaec99debca1fe002f7af5b3ff300edfcf84c7ab7e366b24c12316ba99ed302e,0.993,0.151,0.149943,1726604776,Will a Democrat win South Dakota Presidential Election?
0xa8673bf9aa8433a08c496141bc1d60e9ffe8a3ee41cbf4cecc2efd1ee49eaac7,0x92688b64ba7ad6eefb3782af88e5f5f75fe94b2a,SELL,No,103817554879098980143189456527608321905884757182906793330525824422625380941210,0xcaec99debca1fe002f7af5b3ff300edfcf84c7ab7e366b24c12316ba99ed302e,0.992,370.05,367.0896,1726487354,Will a Democrat win South Dakota Presidential Election?
0x658267455c890b7cbbfec8a02861588620f1bbff641f2fc1bf0604aebd269cf4,0x92688b64ba7ad6eefb3782af88e5f5f75fe94b2a,SELL,No,103817554879098980143189456527608321905884757182906793330525824422625380941210,0xcaec99debca1fe002f7af5b3ff300edfcf84c7ab7e366b24c12316ba99ed302e,0.992,43,42.656,1726487274,Will a Democrat win South Dakota Presidential Election?
0xccec09f7a5ee2377d87cd4c4c37b7fe33f0048e65e54ab9bfc4bfe5ee0698df9,0x92688b64ba7ad6eefb3782af88e5f5f75fe94b2a,BUY,No,103817554879098980143189456527608321905884757182906793330525824422625380941210,0xcaec99debca1fe002f7af5b3ff300edfcf84c7ab7e366b24c12316ba99ed302e,0.993,413.051285,410.159926005,1726487260,Will a Democrat win South Dakota Presidential Election?
0x81947298feef656112ec110f1267df85aa77d780a41f2394a7282a5ec0c5389b,0x08bce76398edb76e0bbc8ae4e301baafd13827ae,SELL,No,103817554879098980143189456527608321905884757182906793330525824422625380941210,0xcaec99debca1fe002f7af5b3ff300edfcf84c7ab7e366b24c12316ba99ed302e,0.992,0.9,0.8928,1726463313,Will a Democrat win South Dakota Presidential Election?
0x7ddb248aa3a0a29e4632cd31d8e02d3e8f8ce3831ab5c65c84f003f8b91341b7,0x08bce76398edb76e0bbc8ae4e301baafd13827ae,BUY,No,103817554879098980143189456527608321905884757182906793330525824422625380941210,0xcaec99debca1fe002f7af5b3ff300edfcf84c7ab7e366b24c12316ba99ed302e,0.9929999945,0.906285,0.8999410000154325,1726463151,Will a Democrat win South Dakota Presidential Election?
0x979415af369d6a1f0bbfd4f2582103c2ca3295ce24f57426ec84320886b517dd,0xc613e6707bd115e5c04d303d944568232697662b,SELL,Yes,105742278895779392184517567088147476702553818055925607866681628906726505150563,0xcaec99debca1fe002f7af5b3ff300edfcf84c7ab7e366b24c12316ba99ed302e,0.007,100,0.7000000000000001,1726182502,Will a Democrat win South Dakota Presidential Election?
0x92348d4e8354adb83f88c4e4da4d91c1b2c36425f3dd39149cf7be3cda669349,0x1f7b3d459ba42ab1f6390758212438124948f8ec,SELL,No,103817554879098980143189456527608321905884757182906793330525824422625380941210,0xcaec99debca1fe002f7af5b3ff300edfcf84c7ab7e366b24c12316ba99ed302e,0.989,0.93,0.9197700000000001,1725994433,Will a Democrat win South Dakota Presidential Election?
0x9731abb7836e56d9f3c50e9348ae6a668bca7eb923ad17d07ab190be85c9610c,0x1f7b3d459ba42ab1f6390758212438124948f8ec,BUY,No,103817554879098980143189456527608321905884757182906793330525824422625380941210,0xcaec99debca1fe002f7af5b3ff300edfcf84c7ab7e366b24c12316ba99ed302e,0.9929999957,0.936428,0.9298729999733596,1725994199,Will a Democrat win South Dakota Presidential Election?
0x25dc9473d6085d6e712c4a8e325cf169449e7276bf8d2f235c52ae98d9d62f96,0xec346926e813054958d5eca03e3bb5529a5b6bef,SELL,Yes,105742278895779392184517567088147476702553818055925607866681628906726505150563,0xcaec99debca1fe002f7af5b3ff300edfcf84c7ab7e366b24c12316ba99ed302e,0.0096666993,818.18,7.909100033273999,1725605984,Will a Democrat win South Dakota Presidential Election?
0x53659075edca0a6ed2efb5fed7d9eb749e0166abb612b2358a1b8ec7d72b0f0a,0xec346926e813054958d5eca03e3bb5529a5b6bef,BUY,Yes,105742278895779392184517567088147476702553818055925607866681628906726505150563,0xcaec99debca1fe002f7af5b3ff300edfcf84c7ab7e366b24c12316ba99ed302e,0.011,818.181818,8.999999998,1725605976,Will a Democrat win South Dakota Presidential Election?
0x8ea18967d6b398aa25de50c11e46322aa7c106298f5e2e9d0f3aea21e2f3e871,0x69012dde4ce834a2f12e0981ea8f50825d5bb8c1,SELL,Yes,105742278895779392184517567088147476702553818055925607866681628906726505150563,0xcaec99debca1fe002f7af5b3ff300edfcf84c7ab7e366b24c12316ba99ed302e,0.01,545.45,5.4545,1725527580,Will a Democrat win South Dakota Presidential Election?
0x318bbcc20c282acfed02e244cadb36c48dd1d3a8a1023cb50115314b68873681,0x69012dde4ce834a2f12e0981ea8f50825d5bb8c1,BUY,Yes,105742278895779392184517567088147476702553818055925607866681628906726505150563,0xcaec99debca1fe002f7af5b3ff300edfcf84c7ab7e366b24c12316ba99ed302e,0.011,545.454545,5.9999999950000005,1725527574,Will a Democrat win South Dakota Presidential Election?
0x36d270fb3fcc0ea46aa74856f2d6bfbcda229da9a92366504429f584c6667241,0x897342bdad37b2446c49999fe022322537500518,SELL,Yes,105742278895779392184517567088147476702553818055925607866681628906726505150563,0xcaec99debca1fe002f7af5b3ff300edfcf84c7ab7e366b24c12316ba99ed302e,0.01,818.18,8.181799999999999,1725525242,Will a Democrat win South Dakota Presidential Election?
0x7f1b904ff5ca10bf78f2c0ab168dd9e756da014fc576b4a1040e8a2c8a1b65c4,0x897342bdad37b2446c49999fe022322537500518,BUY,Yes,105742278895779392184517567088147476702553818055925607866681628906726505150563,0xcaec99debca1fe002f7af5b3ff300edfcf84c7ab7e366b24c12316ba99ed302e,0.011,818.181818,8.999999998,1725525238,Will a Democrat win South Dakota Presidential Election?
0xee3117717bdaf46b33a5eb5105229ab88e98fc24818bda246030e741c8e169fc,0x22e684d767c974b9711089e80ea4663e19894b47,SELL,Yes,105742278895779392184517567088147476702553818055925607866681628906726505150563,0xcaec99debca1fe002f7af5b3ff300edfcf84c7ab7e366b24c12316ba99ed302e,0.01,545.45,5.4545,1725517801,Will a Democrat win South Dakota Presidential Election?
0x623e50a9e6a1b61fbfaf9387f176eb21ab35784d2803e92c3a75cdd561a6989e,0x22e684d767c974b9711089e80ea4663e19894b47,BUY,Yes,105742278895779392184517567088147476702553818055925607866681628906726505150563,0xcaec99debca1fe002f7af5b3ff300edfcf84c7ab7e366b24c12316ba99ed302e,0.011,545.454545,5.9999999950000005,1725517761,Will a Democrat win South Dakota Presidential Election?
0x0e205710248ab2fcb9b3de5c5ab473d74c0edac73a2423bd79998bfb29944358,0xa2f8303c186e71dc7afa354dde0defb3e0432752,SELL,No,103817554879098980143189456527608321905884757182906793330525824422625380941210,0xcaec99debca1fe002f7af5b3ff300edfcf84c7ab7e366b24c12316ba99ed302e,0.989,4.04,3.99556,1725437266,Will a Democrat win South Dakota Presidential Election?
0x768bef798491e93ca82ce8779618d6d12250c6d05c0f89400bf6a84ee00ef16f,0x1a448656a7cc526ec12236dc43670d2ca97aa5d8,SELL,Yes,105742278895779392184517567088147476702553818055925607866681628906726505150563,0xcaec99debca1fe002f7af5b3ff300edfcf84c7ab7e366b24c12316ba99ed302e,0.01,909.09,9.090900000000001,1725418814,Will a Democrat win South Dakota Presidential Election?
0xcb25b33593f8731375f5904681cb69ffc71fae2cb38eeff8453fcd3f0095c3a5,0x1a448656a7cc526ec12236dc43670d2ca97aa5d8,BUY,Yes,105742278895779392184517567088147476702553818055925607866681628906726505150563,0xcaec99debca1fe002f7af5b3ff300edfcf84c7ab7e366b24c12316ba99ed302e,0.011,909.090909,9.999999999,1725418810,Will a Democrat win South Dakota Presidential Election?
0x7c555ae181a107c2ecdf1bf8c9d3358f7f673adf6751b2fc3c05de4f42925918,0xa2f8303c186e71dc7afa354dde0defb3e0432752,BUY,No,103817554879098980143189456527608321905884757182906793330525824422625380941210,0xcaec99debca1fe002f7af5b3ff300edfcf84c7ab7e366b24c12316ba99ed302e,0.99,4.0404,3.999996,1725194257,Will a Democrat win South Dakota Presidential Election?
0x252424e92edad54756fc43e887c0111cdbde6ec776b424351328800579d07605,0xe30d8d4d48e39a289ebd99c34d313ce95897e056,SELL,No,103817554879098980143189456527608321905884757182906793330525824422625380941210,0xcaec99debca1fe002f7af5b3ff300edfcf84c7ab7e366b24c12316ba99ed302e,0.988,0.53,0.52364,1725185374,Will a Democrat win South Dakota Presidential Election?
0x56ac7e19e03d9a78d21b5534dfca84fc52e842ed3581e5e9ebd22ec7357f3a52,0xe30d8d4d48e39a289ebd99c34d313ce95897e056,BUY,No,103817554879098980143189456527608321905884757182906793330525824422625380941210,0xcaec99debca1fe002f7af5b3ff300edfcf84c7ab7e366b24c12316ba99ed302e,0.99,0.5353,0.529947,1725184996,Will a Democrat win South Dakota Presidential Election?
0x8d3b2807f0fd65c927c76076f6fbfbaf182bfbe73269204dbb0a24bfd6980e6e,0xeb52f2ca211f4dc2c0d54232ac1cc7ebd426cca7,SELL,No,103817554879098980143189456527608321905884757182906793330525824422625380941210,0xcaec99debca1fe002f7af5b3ff300edfcf84c7ab7e366b24c12316ba99ed302e,0.987,0.19,0.18753,1725131008,Will a Democrat win South Dakota Presidential Election?
0xbe82d6fbc47a9afc241e46d1d5e35243f021cd43d40af9d32401811d4eebd191,0xeb52f2ca211f4dc2c0d54232ac1cc7ebd426cca7,BUY,No,103817554879098980143189456527608321905884757182906793330525824422625380941210,0xcaec99debca1fe002f7af5b3ff300edfcf84c7ab7e366b24c12316ba99ed302e,0.99,0.1919,0.18998099999999998,1725130538,Will a Democrat win South Dakota Presidential Election?
0x30ab7a2104aaa5029ae88ec3c5c4eda58996375ad41eaf229348e83d7ce468f6,0x571080e37b2d37f65830e8795e38e3ca9a28ce1d,BUY,No,103817554879098980143189456527608321905884757182906793330525824422625380941210,0xcaec99debca1fe002f7af5b3ff300edfcf84c7ab7e366b24c12316ba99ed302e,0.989,100,98.9,1725059062,Will a Democrat win South Dakota Presidential Election?
0x2d202637236126040fd7c4592fc4d368ad6bdaddd7e0b6dd256e42c9a42153fe,0xb49f468c15c49783f2664c7198a4949ade1b12e6,BUY,No,103817554879098980143189456527608321905884757182906793330525824422625380941210,0xcaec99debca1fe002f7af5b3ff300edfcf84c7ab7e366b24c12316ba99ed302e,0.981,200,196.2,1725059060,Will a Democrat win South Dakota Presidential Election?
0xf75166b063cc48eb69aeca01ed8747597891b39cfa9cf327915ec7df2b2af6ab,0xd364b555e02b61f19c6673e2f0efde2f7daeb9ae,SELL,No,103817554879098980143189456527608321905884757182906793330525824422625380941210,0xcaec99debca1fe002f7af5b3ff300edfcf84c7ab7e366b24c12316ba99ed302e,0.98,0.19,0.1862,1725041056,Will a Democrat win South Dakota Presidential Election?
0xcf6f374061d32976645d4bd7b1df129018831087459276feab85fc1b6b799f94,0xd364b555e02b61f19c6673e2f0efde2f7daeb9ae,BUY,No,103817554879098980143189456527608321905884757182906793330525824422625380941210,0xcaec99debca1fe002f7af5b3ff300edfcf84c7ab7e366b24c12316ba99ed302e,0.9889999479,0.19209,0.189976999992111,1725040862,Will a Democrat win South Dakota Presidential Election?
0x229b2cd30a5917863bad5791a0305b91aba789ac52a1b6452c6ec40b92919f5b,0x571080e37b2d37f65830e8795e38e3ca9a28ce1d,BUY,No,103817554879098980143189456527608321905884757182906793330525824422625380941210,0xcaec99debca1fe002f7af5b3ff300edfcf84c7ab7e366b24c12316ba99ed302e,0.99,200,198.0,1724982929,Will a Democrat win South Dakota Presidential Election?
0xb727b99062a08fa49e21f932c82b987bd273919c043753440dc7eb1ce5270b9c,0xb46ef1a548751c6b7398af601f5a555505668a4e,SELL,Yes,105742278895779392184517567088147476702553818055925607866681628906726505150563,0xcaec99debca1fe002f7af5b3ff300edfcf84c7ab7e366b24c12316ba99ed302e,0.0135795033,19611,266.3076392163,1724982717,Will a Democrat win South Dakota Presidential Election?
0x1331f7642794e4a0ea79d2659b3b21fb04b3029de00d4c84e35da3909a1b0081,0x3258bb5f1e29bdf905fb088c24b62de391469e52,SELL,Yes,105742278895779392184517567088147476702553818055925607866681628906726505150563,0xcaec99debca1fe002f7af5b3ff300edfcf84c7ab7e366b24c12316ba99ed302e,0.017,97.66,1.66022,1724841587,Will a Democrat win South Dakota Presidential Election?
0x1278f3e141f1e7c701863b11e05f98a84a8667b0c1c544401ca00b35e0cbdf37,0xd42f6a1634a3707e27cbae14ca966068e5d1047d,BUY,Yes,105742278895779392184517567088147476702553818055925607866681628906726505150563,0xcaec99debca1fe002f7af5b3ff300edfcf84c7ab7e366b24c12316ba99ed302e,0.019,200,3.8,1724703093,Will a Democrat win South Dakota Presidential Election?
0xdf877eba95b24d384259463805f5989f81349d353b24de6ab339c8354cc555cc,0xc97674298609725bb0b1367e177bb1d924d55444,SELL,No,103817554879098980143189456527608321905884757182906793330525824422625380941210,0xcaec99debca1fe002f7af5b3ff300edfcf84c7ab7e366b24c12316ba99ed302e,0.979,101.36,99.23143999999999,1724688563,Will a Democrat win South Dakota Presidential Election?
0x589d7bbc38d835876e5c51db7306aa244a76e428ee1e8ffaf47eaa5a9ed1f498,0xfbdc3ac659f7cf300c66bf17818b71255aea38d0,SELL,No,103817554879098980143189456527608321905884757182906793330525824422625380941210,0xcaec99debca1fe002f7af5b3ff300edfcf84c7ab7e366b24c12316ba99ed302e,0.979,97.65,95.59935,1724678623,Will a Democrat win South Dakota Presidential Election?
0x6dd279b94e0e120198bc8e7c1c5be9cddee58ddcd2f415a02bb88d46c8383671,0xd664444771a7777e49ba3c472e3d7b7f88a79a7c,SELL,No,103817554879098980143189456527608321905884757182906793330525824422625380941210,0xcaec99debca1fe002f7af5b3ff300edfcf84c7ab7e366b24c12316ba99ed302e,0.979,80.28,78.59412,1724675465,Will a Democrat win South Dakota Presidential Election?
0x32f0c82529651a2240eed3220ecc26e163c43ab2e59b0f2da284da32f05c7259,0xa1d1660a1b9d8ea234731f1c376ba3ec5558f685,SELL,No,103817554879098980143189456527608321905884757182906793330525824422625380941210,0xcaec99debca1fe002f7af5b3ff300edfcf84c7ab7e366b24c12316ba99ed302e,0.9794863665,78.85,77.23249999852499,1724675223,Will a Democrat win South Dakota Presidential Election?
0xd4d4208fc58ffee5822df6c9f29f1ce851d0855d254ff6b2d37a58dadada950c,0x3c6af28193328c9dc677cfd23e4e80008fca1552,SELL,No,103817554879098980143189456527608321905884757182906793330525824422625380941210,0xcaec99debca1fe002f7af5b3ff300edfcf84c7ab7e366b24c12316ba99ed302e,0.98,98.37,96.4026,1724653211,Will a Democrat win South Dakota Presidential Election?
0x5bc912e1557636ba4722d23768ce119515ccfa857b78846c56676948a8e1703f,0xc97674298609725bb0b1367e177bb1d924d55444,BUY,No,103817554879098980143189456527608321905884757182906793330525824422625380941210,0xcaec99debca1fe002f7af5b3ff300edfcf84c7ab7e366b24c12316ba99ed302e,0.9829999993,101.363172,99.63999800504578,1724598043,Will a Democrat win South Dakota Presidential Election?
0x94e0d1b3cf35291206194c73b46a522a451c45f21db564fedab3d1682eaecabb,0xfbdc3ac659f7cf300c66bf17818b71255aea38d0,BUY,No,103817554879098980143189456527608321905884757182906793330525824422625380941210,0xcaec99debca1fe002f7af5b3ff300edfcf84c7ab7e366b24c12316ba99ed302e,0.9819999999,97.657833,95.8999919962342,1724592926,Will a Democrat win South Dakota Presidential Election?
0x2ec458de79b6fab0c1ef413207c7e367ad5137d149f8d1953fa377263c828773,0xa1d1660a1b9d8ea234731f1c376ba3ec5558f685,BUY,No,103817554879098980143189456527608321905884757182906793330525824422625380941210,0xcaec99debca1fe002f7af5b3ff300edfcf84c7ab7e366b24c12316ba99ed302e,0.9829999969,78.850456,77.50999800356358,1724591090,Will a Democrat win South Dakota Presidential Election?
0x10f9cb84aabc3b9976170c2132445fd8f9a2d4eb95d921ff927291c2a4c9d8cc,0xd664444771a7777e49ba3c472e3d7b7f88a79a7c,BUY,No,103817554879098980143189456527608321905884757182906793330525824422625380941210,0xcaec99debca1fe002f7af5b3ff300edfcf84c7ab7e366b24c12316ba99ed302e,0.9829999912,80.284841,78.91999799649341,1724590024,Will a Democrat win South Dakota Presidential Election?
0x76bcd24437733662298266c0e72781f5efa1a619995af0aa7db0980da436b318,0x3258bb5f1e29bdf905fb088c24b62de391469e52,BUY,Yes,105742278895779392184517567088147476702553818055925607866681628906726505150563,0xcaec99debca1fe002f7af5b3ff300edfcf84c7ab7e366b24c12316ba99ed302e,0.022677196,5000,113.38598,1724576992,Will a Democrat win South Dakota Presidential Election?
0xd4337d81b44dceabccc90fe6548b211707a8b14558f3be4c9745f3be4fc4846c,0x721f509318fbb11cb7286f5e25ca7885225f2dde,SELL,No,103817554879098980143189456527608321905884757182906793330525824422625380941210,0xcaec99debca1fe002f7af5b3ff300edfcf84c7ab7e366b24c12316ba99ed302e,0.982,1.57,1.54174,1724571009,Will a Democrat win South Dakota Presidential Election?
0xa951eb516d40bb8793bdb482abc0fda41218387b48287a1d613d5a4060f18b59,0x721f509318fbb11cb7286f5e25ca7885225f2dde,BUY,No,103817554879098980143189456527608321905884757182906793330525824422625380941210,0xcaec99debca1fe002f7af5b3ff300edfcf84c7ab7e366b24c12316ba99ed302e,0.985,1.5736,1.5499960000000002,1724570723,Will a Democrat win South Dakota Presidential Election?
0x409ef05ec01973ba4d234a859b9398605f14644e113fbbb49acb49d49ba12f34,0x3c6af28193328c9dc677cfd23e4e80008fca1552,BUY,No,103817554879098980143189456527608321905884757182906793330525824422625380941210,0xcaec99debca1fe002f7af5b3ff300edfcf84c7ab7e366b24c12316ba99ed302e,0.985,98.3756,96.899966,1724564726,Will a Democrat win South Dakota Presidential Election?
0xb38b5df514da22c693f201d56d06d3b6d152b9338ff2c8ef47d087a35ef7f792,0x6356fb47642a028bc09df92023c35a21a0b41885,SELL,No,103817554879098980143189456527608321905884757182906793330525824422625380941210,0xcaec99debca1fe002f7af5b3ff300edfcf84c7ab7e366b24c12316ba99ed302e,0.982,500,491.0,1724536780,Will a Democrat win South Dakota Presidential Election?
0x18443ea510164443b6bc8c285325c6219f4f2abd22ac2c73ecfb73dd6ec2352b,0x18afb1c28b98d0209fe2f6ec3b1538ff68cbfdc7,SELL,No,103817554879098980143189456527608321905884757182906793330525824422625380941210,0xcaec99debca1fe002f7af5b3ff300edfcf84c7ab7e366b24c12316ba99ed302e,0.982,91.49,89.84317999999999,1724474491,Will a Democrat win South Dakota Presidential Election?
0xa4052e89b2585a2797c66ee2086bd9a8df4ba3974940b431b682c7454ea53b35,0xb4454d4c14b886066ed186bca58a5a7b0bc16b39,SELL,No,103817554879098980143189456527608321905884757182906793330525824422625380941210,0xcaec99debca1fe002f7af5b3ff300edfcf84c7ab7e366b24c12316ba99ed302e,0.982,96.11,94.38002,1724470205,Will a Democrat win South Dakota Presidential Election?
0xe383bc7e1bf8c9fd4e4950ed40080a38b11871786927570bacaea024274d4905,0x18afb1c28b98d0209fe2f6ec3b1538ff68cbfdc7,BUY,No,103817554879098980143189456527608321905884757182906793330525824422625380941210,0xcaec99debca1fe002f7af5b3ff300edfcf84c7ab7e366b24c12316ba99ed302e,0.9849999999,91.492333,90.11994799585077,1724397757,Will a Democrat win South Dakota Presidential Election?
0x84a3974e8d6a4134954ae13e7b54d4756925403167d2e3a8393f514a697a8e92,0x9d84ce0306f8551e02efef1680475fc0f1dc1344,SELL,No,103817554879098980143189456527608321905884757182906793330525824422625380941210,0xcaec99debca1fe002f7af5b3ff300edfcf84c7ab7e366b24c12316ba99ed302e,0.9825740643,2820.59,2771.4385800239374,1724381782,Will a Democrat win South Dakota Presidential Election?
0x88005f9d1ec486ec7842f1798fedd90d23b7aecc4f320f8251c1bd8d6f9de476,0xb4454d4c14b886066ed186bca58a5a7b0bc16b39,BUY,No,103817554879098980143189456527608321905884757182906793330525824422625380941210,0xcaec99debca1fe002f7af5b3ff300edfcf84c7ab7e366b24c12316ba99ed302e,0.9849999999,96.111666,94.66999100038883,1724326710,Will a Democrat win South Dakota Presidential Election?
0xdf7931938c32da4f903f11b3dbf5f872a4d3435be42abadb76fb56a5d2d29ab9,0xf6129c47f5ef4cab25f3aa67b5e3aaac77b15700,BUY,No,103817554879098980143189456527608321905884757182906793330525824422625380941210,0xcaec99debca1fe002f7af5b3ff300edfcf84c7ab7e366b24c12316ba99ed302e,0.984,168.47,165.77447999999998,1723957492,Will a Democrat win South Dakota Presidential Election?
0x3641405f0eeb61b5fd2f30fbd1a299f79be15b16537bcada74cf5fbe764ac298,0x9fe02d7c07e877e4a7ad75703aa3ef558bf0f2a8,SELL,Yes,105742278895779392184517567088147476702553818055925607866681628906726505150563,0xcaec99debca1fe002f7af5b3ff300edfcf84c7ab7e366b24c12316ba99ed302e,0.017,490,8.33,1723783415,Will a Democrat win South Dakota Presidential Election?
0x609e6cca6d82c321517765d1f8302e95737665ba27f25f8ad3a3132be303237b,0x6356fb47642a028bc09df92023c35a21a0b41885,SELL,Yes,105742278895779392184517567088147476702553818055925607866681628906726505150563,0xcaec99debca1fe002f7af5b3ff300edfcf84c7ab7e366b24c12316ba99ed302e,0.017,13.56,0.23052000000000003,1723539197,Will a Democrat win South Dakota Presidential Election?
0x55c9841c80d018cc9bcc58722701af32ae74e2eaab914e0996b2f645333077f9,0xace69dd1f85b49fceb801fbc6902e5c43a0f7274,SELL,No,103817554879098980143189456527608321905884757182906793330525824422625380941210,0xcaec99debca1fe002f7af5b3ff300edfcf84c7ab7e366b24c12316ba99ed302e,0.9780811998,198.03,193.689419996394,1723460726,Will a Democrat win South Dakota Presidential Election?
0x71f5720da6ce718aebe733eaa68e855d428bc4a058bd4be34c673eced63ddb9f,0xace69dd1f85b49fceb801fbc6902e5c43a0f7274,BUY,No,103817554879098980143189456527608321905884757182906793330525824422625380941210,0xcaec99debca1fe002f7af5b3ff300edfcf84c7ab7e366b24c12316ba99ed302e,0.983,198.036588,194.669966004,1723460480,Will a Democrat win South Dakota Presidential Election?
0x65ab673e5586c042b842abe8a7721e7d51bfdad03b0b3bbbb545133a5f77a586,0x9e5119acf4493a6d33ec4034bbf3f37dcc637538,BUY,No,103817554879098980143189456527608321905884757182906793330525824422625380941210,0xcaec99debca1fe002f7af5b3ff300edfcf84c7ab7e366b24c12316ba99ed302e,0.9829999951,1.017235,0.9999420000155484,1723440771,Will a Democrat win South Dakota Presidential Election?
0x1205d377771cccb76ccd41ac8207170d18abeb72b8a8d474be53b56441022dfe,0x5da27e8b996709c8128ee2ac6a865a68af0fb7bd,SELL,No,103817554879098980143189456527608321905884757182906793330525824422625380941210,0xcaec99debca1fe002f7af5b3ff300edfcf84c7ab7e366b24c12316ba99ed302e,0.9743374723,225.5,219.71310000365,1723359353,Will a Democrat win South Dakota Presidential Election?
0xaf2cfb3b32f0cde62c22d0a29f44c72cb6ca1b5263595f165655cf9f497b2344,0x5da27e8b996709c8128ee2ac6a865a68af0fb7bd,BUY,No,103817554879098980143189456527608321905884757182906793330525824422625380941210,0xcaec99debca1fe002f7af5b3ff300edfcf84c7ab7e366b24c12316ba99ed302e,0.9835832409,225.502,221.79998798943183,1723359153,Will a Democrat win South Dakota Presidential Election?
0x2c86e9ebe4c7cf20ec1ba62bd7704cf9a8d80b6bdb37c18013449345be4f33f3,0x1ccc7a0b2aaf86ef0d75d8420bc199a8803c3292,SELL,No,103817554879098980143189456527608321905884757182906793330525824422625380941210,0xcaec99debca1fe002f7af5b3ff300edfcf84c7ab7e366b24c12316ba99ed302e,0.979,0.86,0.84194,1723313756,Will a Democrat win South Dakota Presidential Election?
0x9a8f9dddaad57c7dafd5642504e047f233ff107e2a8981c819c66004ee2c5100,0x1ccc7a0b2aaf86ef0d75d8420bc199a8803c3292,BUY,No,103817554879098980143189456527608321905884757182906793330525824422625380941210,0xcaec99debca1fe002f7af5b3ff300edfcf84c7ab7e366b24c12316ba99ed302e,0.982999845,0.864698,0.84999799997181,1723313386,Will a Democrat win South Dakota Presidential Election?
0x4dc28e30d34a043fcb4b1e4dde19f4ff75419f74f17ee4aa2c51b776a2822455,0x9e5119acf4493a6d33ec4034bbf3f37dcc637538,BUY,No,103817554879098980143189456527608321905884757182906793330525824422625380941210,0xcaec99debca1fe002f7af5b3ff300edfcf84c7ab7e366b24c12316ba99ed302e,0.9829999913,5.086468,4.999997999747729,1723312486,Will a Democrat win South Dakota Presidential Election?
0xa7b32cee86827bba97f62364490a0803773d656bb7fe967178290f0a91415402,0x4ec4569b813e0e6e808dd99f1e3134664cf86219,BUY,No,103817554879098980143189456527608321905884757182906793330525824422625380941210,0xcaec99debca1fe002f7af5b3ff300edfcf84c7ab7e366b24c12316ba99ed302e,0.984,200,196.8,1723285158,Will a Democrat win South Dakota Presidential Election?
0x8b75dc7a2ec78030534bdc1bf53686dd32278dafce07b52b06b04a5f0d79c368,0x2b51064ce2e5625ff855d1032bdf355744165113,BUY,No,103817554879098980143189456527608321905884757182906793330525824422625380941210,0xcaec99debca1fe002f7af5b3ff300edfcf84c7ab7e366b24c12316ba99ed302e,0.9849998357,0.060866,0.059952999999716206,1723281610,Will a Democrat win South Dakota Presidential Election?
0xc4492b794f9668930bb73a0f05eedbfefc69a5b0a86eb3873c266db1aa847974,0xe8a2e8cc3746ab1a84f3452a7798236524d8ff65,SELL,No,103817554879098980143189456527608321905884757182906793330525824422625380941210,0xcaec99debca1fe002f7af5b3ff300edfcf84c7ab7e366b24c12316ba99ed302e,0.975,0.07,0.06825,1723281492,Will a Democrat win South Dakota Presidential Election?
0x3a3803d072088df3c50a1b94e47ba729fb8cf4e8ef71cc41ca1ecb6ff7f752e6,0xe8a2e8cc3746ab1a84f3452a7798236524d8ff65,BUY,No,103817554879098980143189456527608321905884757182906793330525824422625380941210,0xcaec99debca1fe002f7af5b3ff300edfcf84c7ab7e366b24c12316ba99ed302e,0.985,0.071,0.069935,1723281448,Will a Democrat win South Dakota Presidential Election?
0x45fd926f925bd77bf735ed3c73a385e5551b4953dab79c53093a8409560dee8f,0x2b51064ce2e5625ff855d1032bdf355744165113,BUY,No,103817554879098980143189456527608321905884757182906793330525824422625380941210,0xcaec99debca1fe002f7af5b3ff300edfcf84c7ab7e366b24c12316ba99ed302e,0.985,0.071,0.069935,1723280564,Will a Democrat win South Dakota Presidential Election?
0x6f2b785b4d68b521749adea79cfa49825b7e419caf56bc47c998707496d76e64,0x182b2bd1f035abe76eeb2244b32d9ebac27ef022,SELL,No,103817554879098980143189456527608321905884757182906793330525824422625380941210,0xcaec99debca1fe002f7af5b3ff300edfcf84c7ab7e366b24c12316ba99ed302e,0.98,110.06,107.8588,1723274179,Will a Democrat win South Dakota Presidential Election?
0x5c0b0343b90dcacc3e1e16f9cb68ec29dc8715a0740c6768b10c5bc93f8614b2,0x2f1f967c51d8223ff1a9209acf7a90230da4085b,BUY,Yes,105742278895779392184517567088147476702553818055925607866681628906726505150563,0xcaec99debca1fe002f7af5b3ff300edfcf84c7ab7e366b24c12316ba99ed302e,0.02,410,8.2,1723269082,Will a Democrat win South Dakota Presidential Election?
0x2e88dcee78fe35da11ada968f52525fb938028a8529cf300f3faa4dc88256dfb,0x6b7ec4ba079c0a258435ea36025f6190cd424562,SELL,Yes,105742278895779392184517567088147476702553818055925607866681628906726505150563,0xcaec99debca1fe002f7af5b3ff300edfcf84c7ab7e366b24c12316ba99ed302e,0.015,208,3.12,1723171001,Will a Democrat win South Dakota Presidential Election?
0xe08ccb9d21cee78f6b6854c62ad458ec97810356f447471ddd00645ee82f93f7,0x9e41715a30ce73ce00ecaf9bd99be03d8615cf4d,SELL,Yes,105742278895779392184517567088147476702553818055925607866681628906726505150563,0xcaec99debca1fe002f7af5b3ff300edfcf84c7ab7e366b24c12316ba99ed302e,0.015,1555.07,23.32605,1723136336,Will a Democrat win South Dakota Presidential Election?
0xd381ac5a8d70dd07f0125c5fdc0e184c3a82f5ff7d81b7811d32c98b643a5cd3,0x9e41715a30ce73ce00ecaf9bd99be03d8615cf4d,SELL,Yes,105742278895779392184517567088147476702553818055925607866681628906726505150563,0xcaec99debca1fe002f7af5b3ff300edfcf84c7ab7e366b24c12316ba99ed302e,0.015,2000,30.0,1723134552,Will a Democrat win South Dakota Presidential Election?
0xd5b1aed74c2cad206eb810a135ac9d8778a6aba69d94603caba602770ebdfbf9,0x4ce73141dbfce41e65db3723e31059a730f0abad,BUY,No,103817554879098980143189456527608321905884757182906793330525824422625380941210,0xcaec99debca1fe002f7af5b3ff300edfcf84c7ab7e366b24c12316ba99ed302e,0.98,2747,2692.06,1723133478,Will a Democrat win South Dakota Presidential Election?
0x75cee0b4485fddb58c75e81a044f913a0cce899baa0addf208d39bbe5347cdef,0x6356fb47642a028bc09df92023c35a21a0b41885,SELL,Yes,105742278895779392184517567088147476702553818055925607866681628906726505150563,0xcaec99debca1fe002f7af5b3ff300edfcf84c7ab7e366b24c12316ba99ed302e,0.02,2653,53.06,1723133452,Will a Democrat win South Dakota Presidential Election?
0xed4ed079791fd3066df664666bf7b54bacaa18463fdaf3ca69b4341df5f570cf,0x4cc3522b689a6bf1fb4a2444c523e7776db47552,SELL,Yes,105742278895779392184517567088147476702553818055925607866681628906726505150563,0xcaec99debca1fe002f7af5b3ff300edfcf84c7ab7e366b24c12316ba99ed302e,0.0221156667,3000,66.3470001,1723126681,Will a Democrat win South Dakota Presidential Election?
0x4df7d03d873433287666463477abecf0c31ae9d8f9ef71bc33efcf6daa236750,0xb49f468c15c49783f2664c7198a4949ade1b12e6,BUY,No,103817554879098980143189456527608321905884757182906793330525824422625380941210,0xcaec99debca1fe002f7af5b3ff300edfcf84c7ab7e366b24c12316ba99ed302e,0.977,10,9.77,1723112475,Will a Democrat win South Dakota Presidential Election?
0x381b1a8f8290a6112a30f94f397d2d3764858fc68025ff984a1705eba4aeabd1,0xb49f468c15c49783f2664c7198a4949ade1b12e6,BUY,No,103817554879098980143189456527608321905884757182906793330525824422625380941210,0xcaec99debca1fe002f7af5b3ff300edfcf84c7ab7e366b24c12316ba99ed302e,0.977,170,166.09,1723112429,Will a Democrat win South Dakota Presidential Election?
0x5706975e1a3d127938036ce6f2753be1732c9829ef39994580bf50f81b05512c,0xb49f468c15c49783f2664c7198a4949ade1b12e6,BUY,No,103817554879098980143189456527608321905884757182906793330525824422625380941210,0xcaec99debca1fe002f7af5b3ff300edfcf84c7ab7e366b24c12316ba99ed302e,0.977,170,166.09,1723112429,Will a Democrat win South Dakota Presidential Election?
0xc5847ecbf129aabe705d9dc4d30f65df77ba4d75af953944fd0b491dcf3701f7,0xb49f468c15c49783f2664c7198a4949ade1b12e6,BUY,No,103817554879098980143189456527608321905884757182906793330525824422625380941210,0xcaec99debca1fe002f7af5b3ff300edfcf84c7ab7e366b24c12316ba99ed302e,0.977,170,166.09,1723112427,Will a Democrat win South Dakota Presidential Election?
0xb18e128a946dfeec83487a6bbb7affb8fde9a381ae7878625ebb8e75fde121d2,0xb49f468c15c49783f2664c7198a4949ade1b12e6,BUY,No,103817554879098980143189456527608321905884757182906793330525824422625380941210,0xcaec99debca1fe002f7af5b3ff300edfcf84c7ab7e366b24c12316ba99ed302e,0.976,40,39.04,1723111613,Will a Democrat win South Dakota Presidential Election?
0x484662a8a49a779ba4169ec0b55d4d47fee6bedb6a9918cefa54ad8f1f30119a,0xb49f468c15c49783f2664c7198a4949ade1b12e6,BUY,No,103817554879098980143189456527608321905884757182906793330525824422625380941210,0xcaec99debca1fe002f7af5b3ff300edfcf84c7ab7e366b24c12316ba99ed302e,0.976,170,165.92,1723111605,Will a Democrat win South Dakota Presidential Election?
0xf8e87d2e11fe00a98151761c5e0d3f5b594a70e99a96e9c3d2086bfbfa446991,0xb49f468c15c49783f2664c7198a4949ade1b12e6,BUY,No,103817554879098980143189456527608321905884757182906793330525824422625380941210,0xcaec99debca1fe002f7af5b3ff300edfcf84c7ab7e366b24c12316ba99ed302e,0.976,40,39.04,1723111561,Will a Democrat win South Dakota Presidential Election?
0x83bb12c7f00b3523613fd881a0d8513d4bda3621b3bcddbdc6aac6ff86b3105d,0xb49f468c15c49783f2664c7198a4949ade1b12e6,BUY,No,103817554879098980143189456527608321905884757182906793330525824422625380941210,0xcaec99debca1fe002f7af5b3ff300edfcf84c7ab7e366b24c12316ba99ed302e,0.975,30,29.25,1723111539,Will a Democrat win South Dakota Presidential Election?
0x79c9a637a404420f93fb78afff36fe5a92f72022fd996d0fbc9cf8ec3e36a40d,0xb49f468c15c49783f2664c7198a4949ade1b12e6,BUY,No,103817554879098980143189456527608321905884757182906793330525824422625380941210,0xcaec99debca1fe002f7af5b3ff300edfcf84c7ab7e366b24c12316ba99ed302e,0.975,170,165.75,1723111531,Will a Democrat win South Dakota Presidential Election?
0x449574f13937320e395c4b17aae4550ab9c8149873fd79cc9ed2312c22c21c7e,0xb49f468c15c49783f2664c7198a4949ade1b12e6,BUY,No,103817554879098980143189456527608321905884757182906793330525824422625380941210,0xcaec99debca1fe002f7af5b3ff300edfcf84c7ab7e366b24c12316ba99ed302e,0.975,170,165.75,1723111529,Will a Democrat win South Dakota Presidential Election?
0x460f34b0c77907cdfa7b8fdd1193d021227215aa81c1571d6613c44bff02d8f4,0xb49f468c15c49783f2664c7198a4949ade1b12e6,BUY,No,103817554879098980143189456527608321905884757182906793330525824422625380941210,0xcaec99debca1fe002f7af5b3ff300edfcf84c7ab7e366b24c12316ba99ed302e,0.975,170,165.75,1723111527,Will a Democrat win South Dakota Presidential Election?
0x85fc0aded7478149e93b4deef4863b1ad0436ee30fd53b8a31e2c5459f569646,0x9d84ce0306f8551e02efef1680475fc0f1dc1344,BUY,No,103817554879098980143189456527608321905884757182906793330525824422625380941210,0xcaec99debca1fe002f7af5b3ff300edfcf84c7ab7e366b24c12316ba99ed302e,0.9693542724,9656.41,9360.482289546084,1723108995,Will a Democrat win South Dakota Presidential Election?
0x935b89026b0d8e02eb8283184b8d8a28e0b7fc6cfda8ada95e3fa6db976477e9,0xcede767d09c4ddd186b7457983ad02cc6876f2f6,SELL,Yes,105742278895779392184517567088147476702553818055925607866681628906726505150563,0xcaec99debca1fe002f7af5b3ff300edfcf84c7ab7e366b24c12316ba99ed302e,0.032,100,3.2,1723103475,Will a Democrat win South Dakota Presidential Election?
0x9dca5a73ae68f0ac3281a0261c43a22faa6e12b9fd0b9321770af168b6fc91bf,0x2f1f967c51d8223ff1a9209acf7a90230da4085b,BUY,Yes,105742278895779392184517567088147476702553818055925607866681628906726505150563,0xcaec99debca1fe002f7af5b3ff300edfcf84c7ab7e366b24c12316ba99ed302e,0.035,290,10.15,1723074172,Will a Democrat win South Dakota Presidential Election?
0x5bababc94fc0fed6a8e1ca0c0b212b84ddbc874c78b65cbf1d22b57235156eac,0x2ee99f35c799ebe752eecdbdba4fcd74a115281f,SELL,Yes,105742278895779392184517567088147476702553818055925607866681628906726505150563,0xcaec99debca1fe002f7af5b3ff300edfcf84c7ab7e366b24c12316ba99ed302e,0.033,50,1.6500000000000001,1723034330,Will a Democrat win South Dakota Presidential Election?
0x575178484d139594c70fa799d85410cae9fa3f11494fab1d268848db637e7194,0x2ee99f35c799ebe752eecdbdba4fcd74a115281f,BUY,Yes,105742278895779392184517567088147476702553818055925607866681628906726505150563,0xcaec99debca1fe002f7af5b3ff300edfcf84c7ab7e366b24c12316ba99ed302e,0.034,50,1.7000000000000002,1723012621,Will a Democrat win South Dakota Presidential Election?
0x99d1afbf2aab7200cc491789e52c0a82cb404890754c9d88c56d1eb131494b27,0x3cf3e8d5427aed066a7a5926980600f6c3cf87b3,BUY,No,103817554879098980143189456527608321905884757182906793330525824422625380941210,0xcaec99debca1fe002f7af5b3ff300edfcf84c7ab7e366b24c12316ba99ed302e,0.969,1000,969.0,1723004245,Will a Democrat win South Dakota Presidential Election?
0xf36e8e4c59ce67ec93272cbdf700cdf618381615b5c0370b0610fae507f39e33,0x6356fb47642a028bc09df92023c35a21a0b41885,SELL,Yes,105742278895779392184517567088147476702553818055925607866681628906726505150563,0xcaec99debca1fe002f7af5b3ff300edfcf84c7ab7e366b24c12316ba99ed302e,0.031,466,14.446,1722956732,Will a Democrat win South Dakota Presidential Election?
0xcb426dbd568c2f725d1a2320a032cc7017b71ba1025f9e81d932b3f160f713a2,0xcede767d09c4ddd186b7457983ad02cc6876f2f6,BUY,Yes,105742278895779392184517567088147476702553818055925607866681628906726505150563,0xcaec99debca1fe002f7af5b3ff300edfcf84c7ab7e366b24c12316ba99ed302e,0.037,100,3.6999999999999997,1722915085,Will a Democrat win South Dakota Presidential Election?
0xe9b63d133f46f9cf700ce309eeb7951fa8f7c171612c3590f9619fa6029ebd75,0xa7fedb862909c02cdbad3a1652ab67cc2d2206e8,SELL,Yes,105742278895779392184517567088147476702553818055925607866681628906726505150563,0xcaec99debca1fe002f7af5b3ff300edfcf84c7ab7e366b24c12316ba99ed302e,0.031,5,0.155,1722843570,Will a Democrat win South Dakota Presidential Election?
0xd7f26d204e6f6e7ac36594f9946c9d9234cd3c6f32193ce5722b808eb6e8c7a6,0x2370d48501dbbe1974b6cf228e77d459f4870e10,SELL,Yes,105742278895779392184517567088147476702553818055925607866681628906726505150563,0xcaec99debca1fe002f7af5b3ff300edfcf84c7ab7e366b24c12316ba99ed302e,0.031,1483.12,45.97671999999999,1722842786,Will a Democrat win South Dakota Presidential Election?
0x45345f9939fcbe1accd800a66a52befa9338c00a85dcadf416493716e9c4502d,0xa7fedb862909c02cdbad3a1652ab67cc2d2206e8,BUY,Yes,105742278895779392184517567088147476702553818055925607866681628906726505150563,0xcaec99debca1fe002f7af5b3ff300edfcf84c7ab7e366b24c12316ba99ed302e,0.036,5,0.18,1722837790,Will a Democrat win South Dakota Presidential Election?
0x873d4bd03d7fc8e1541c00db708bbdd1cd83572790ad28b3942409606f830093,0xb49f468c15c49783f2664c7198a4949ade1b12e6,BUY,No,103817554879098980143189456527608321905884757182906793330525824422625380941210,0xcaec99debca1fe002f7af5b3ff300edfcf84c7ab7e366b24c12316ba99ed302e,0.968,90,87.12,1722769020,Will a Democrat win South Dakota Presidential Election?
0xd0be5860941fa93a17f19bf8335549cb2dfbf9d014b9e56e6fe9818e24205bf5,0xb49f468c15c49783f2664c7198a4949ade1b12e6,BUY,No,103817554879098980143189456527608321905884757182906793330525824422625380941210,0xcaec99debca1fe002f7af5b3ff300edfcf84c7ab7e366b24c12316ba99ed302e,0.968,140,135.51999999999998,1722769016,Will a Democrat win South Dakota Presidential Election?
0x9b0a864044f1a7f7d3e31a81f50ca593fad608221901f59c2b1cf2312e95c36f,0xb49f468c15c49783f2664c7198a4949ade1b12e6,BUY,No,103817554879098980143189456527608321905884757182906793330525824422625380941210,0xcaec99debca1fe002f7af5b3ff300edfcf84c7ab7e366b24c12316ba99ed302e,0.968,13,12.584,1722769000,Will a Democrat win South Dakota Presidential Election?
0x2478ebcc5f821a962635ddbee0f8b68f22478e3c0115b08e6885c199cb8b5db4,0xb49f468c15c49783f2664c7198a4949ade1b12e6,BUY,No,103817554879098980143189456527608321905884757182906793330525824422625380941210,0xcaec99debca1fe002f7af5b3ff300edfcf84c7ab7e366b24c12316ba99ed302e,0.968,147,142.296,1722768626,Will a Democrat win South Dakota Presidential Election?
0xa81ef71aac9dd3c4c5f88adff0a69f9af666b10e622b132f7074f8fd077d2f3f,0xb49f468c15c49783f2664c7198a4949ade1b12e6,BUY,No,103817554879098980143189456527608321905884757182906793330525824422625380941210,0xcaec99debca1fe002f7af5b3ff300edfcf84c7ab7e366b24c12316ba99ed302e,0.968,36,34.848,1722768564,Will a Democrat win South Dakota Presidential Election?
0xeaf37e979443e62b5b3a7603e780e55ed053a86a40e43ea0e69bedaee9a2a3b1,0xb49f468c15c49783f2664c7198a4949ade1b12e6,BUY,No,103817554879098980143189456527608321905884757182906793330525824422625380941210,0xcaec99debca1fe002f7af5b3ff300edfcf84c7ab7e366b24c12316ba99ed302e,0.968,62,60.016,1722765795,Will a Democrat win South Dakota Presidential Election?
0xba9f52b974800f70e3c127d97a4b958a585989895bb8a72577ed1712aad8cfe5,0x6356fb47642a028bc09df92023c35a21a0b41885,SELL,Yes,105742278895779392184517567088147476702553818055925607866681628906726505150563,0xcaec99debca1fe002f7af5b3ff300edfcf84c7ab7e366b24c12316ba99ed302e,0.032992,1000,32.992,1722609610,Will a Democrat win South Dakota Presidential Election?
0x4796a03575869e4c38042115581979ef6557f5e10cc5a1090753df17f09f1c8a,0x7f1f99ec32d4e12a1307184e1068a60f85a7c363,BUY,No,103817554879098980143189456527608321905884757182906793330525824422625380941210,0xcaec99debca1fe002f7af5b3ff300edfcf84c7ab7e366b24c12316ba99ed302e,0.9689999964,4.127935,3.999969000139434,1722074556,Will a Democrat win South Dakota Presidential Election?
0x796728ea6abd13829feb304174e4c95e7032937673b81063fa1a41cea26b3160,0x553975acb8d6a846e617789dd038bffa440b1112,SELL,No,103817554879098980143189456527608321905884757182906793330525824422625380941210,0xcaec99debca1fe002f7af5b3ff300edfcf84c7ab7e366b24c12316ba99ed302e,0.96,231.25,222.0,1721162575,Will a Democrat win South Dakota Presidential Election?
0xdd685c8ba3a35488691dc18983e7f3a11f48be3b4ec4925fa36593d1fed9f847,0x182b2bd1f035abe76eeb2244b32d9ebac27ef022,SELL,Yes,105742278895779392184517567088147476702553818055925607866681628906726505150563,0xcaec99debca1fe002f7af5b3ff300edfcf84c7ab7e366b24c12316ba99ed302e,0.03,600,18.0,1721133044,Will a Democrat win South Dakota Presidential Election?
0x0507805d4ad888a589d1c30b59311f7595bf02196a72645d99c9a1ae491fd5b5,0x6356fb47642a028bc09df92023c35a21a0b41885,SELL,Yes,105742278895779392184517567088147476702553818055925607866681628906726505150563,0xcaec99debca1fe002f7af5b3ff300edfcf84c7ab7e366b24c12316ba99ed302e,0.04,600,24.0,1721133032,Will a Democrat win South Dakota Presidential Election?
0x724ac2e4a9c788de2d1fe3c10ff3aa17c2a173fd165a25b2876a9b56d741d0db,0xd42f6a1634a3707e27cbae14ca966068e5d1047d,BUY,No,103817554879098980143189456527608321905884757182906793330525824422625380941210,0xcaec99debca1fe002f7af5b3ff300edfcf84c7ab7e366b24c12316ba99ed302e,0.96,750,720.0,1721118656,Will a Democrat win South Dakota Presidential Election?
0xdff915bb139b8c7e829355f0ffde0c0e3f066753b9d20edb24c83e0238640620,0x7789806c754eb0af4c3abeb026c218b4ba78f823,SELL,Yes,105742278895779392184517567088147476702553818055925607866681628906726505150563,0xcaec99debca1fe002f7af5b3ff300edfcf84c7ab7e366b24c12316ba99ed302e,0.04,451.25,18.05,1721118308,Will a Democrat win South Dakota Presidential Election?
0x0fd27b168f7ba6e510ea299da60050a8953007c2a4b27ff3d577514e84bcfb05,0xe46e0eb1318309d155d87392915e626788a3fb06,BUY,Yes,105742278895779392184517567088147476702553818055925607866681628906726505150563,0xcaec99debca1fe002f7af5b3ff300edfcf84c7ab7e366b24c12316ba99ed302e,0.05,100,5.0,1721056412,Will a Democrat win South Dakota Presidential Election?
0x713537a2ddb83429c7df94c3346ee7a9bf7a79576c5be45b4ba92f9955d3664e,0x553975acb8d6a846e617789dd038bffa440b1112,BUY,No,103817554879098980143189456527608321905884757182906793330525824422625380941210,0xcaec99debca1fe002f7af5b3ff300edfcf84c7ab7e366b24c12316ba99ed302e,0.96,231.25,222.0,1720547021,Will a Democrat win South Dakota Presidential Election?
0x73762abdf69b968305155609c6a110aab994f0e7080e1efae1da50b02764ce91,0x11710a9d2402300021783e75543d1afa4cf14636,SELL,No,103817554879098980143189456527608321905884757182906793330525824422625380941210,0xcaec99debca1fe002f7af5b3ff300edfcf84c7ab7e366b24c12316ba99ed302e,0.95,15,14.25,1720489024,Will a Democrat win South Dakota Presidential Election?
0x5c9b20f1036e452b078a91fdbd29cc889c017ccda75a3bed0e63d5ad5131883b,0x0c91fd32ddb87178ae51a741e28421b3fc101971,SELL,Yes,105742278895779392184517567088147476702553818055925607866681628906726505150563,0xcaec99debca1fe002f7af5b3ff300edfcf84c7ab7e366b24c12316ba99ed302e,0.04,220,8.8,1720433975,Will a Democrat win South Dakota Presidential Election?
0xe06452477b66491fa5fa58954a9812f354ea500f6d65e2a5b7eedad8eb49e141,0x11710a9d2402300021783e75543d1afa4cf14636,BUY,No,103817554879098980143189456527608321905884757182906793330525824422625380941210,0xcaec99debca1fe002f7af5b3ff300edfcf84c7ab7e366b24c12316ba99ed302e,0.96,15,14.399999999999999,1720422354,Will a Democrat win South Dakota Presidential Election?
0x1eef68002340be1757b7339090f1802d8906b5df336cc0ba8ec3cd21996928b2,0x182b2bd1f035abe76eeb2244b32d9ebac27ef022,SELL,Yes,105742278895779392184517567088147476702553818055925607866681628906726505150563,0xcaec99debca1fe002f7af5b3ff300edfcf84c7ab7e366b24c12316ba99ed302e,0.04,200,8.0,1720171895,Will a Democrat win South Dakota Presidential Election?
0xfc551668ed3714808b384197964178f383dc6b38f78b648254896ed4527ffb54,0x25cb36eb222fdbcd56a2c583a9ea59e2d6265e97,SELL,Yes,105742278895779392184517567088147476702553818055925607866681628906726505150563,0xcaec99debca1fe002f7af5b3ff300edfcf84c7ab7e366b24c12316ba99ed302e,0.04,5,0.2,1720075720,Will a Democrat win South Dakota Presidential Election?
0xf46e59b9bfb2ed526dd28475055644176da4afae74390a3a9a7d616cbfa2f81b,0x25cb36eb222fdbcd56a2c583a9ea59e2d6265e97,BUY,Yes,105742278895779392184517567088147476702553818055925607866681628906726505150563,0xcaec99debca1fe002f7af5b3ff300edfcf84c7ab7e366b24c12316ba99ed302e,0.05,5,0.25,1720067311,Will a Democrat win South Dakota Presidential Election?
0x5646c4517c8b901a5d2833f16ba427725b5bcaf0a2d2da5caa91a1ddc6fcb99e,0xf6129c47f5ef4cab25f3aa67b5e3aaac77b15700,SELL,Yes,105742278895779392184517567088147476702553818055925607866681628906726505150563,0xcaec99debca1fe002f7af5b3ff300edfcf84c7ab7e366b24c12316ba99ed302e,0.05,238.98,11.949,1720007563,Will a Democrat win South Dakota Presidential Election?
0x883a83426852953646db089585afa27d54d33d06de2a78715cb2b1e66c15b95e,0xd42f6a1634a3707e27cbae14ca966068e5d1047d,SELL,Yes,105742278895779392184517567088147476702553818055925607866681628906726505150563,0xcaec99debca1fe002f7af5b3ff300edfcf84c7ab7e366b24c12316ba99ed302e,0.05,975,48.75,1719995366,Will a Democrat win South Dakota Presidential Election?
0xa0242a5041c10f73db9b6a367132ff5b704f9965e21b43c9afefd7899b58dc0d,0xd42f6a1634a3707e27cbae14ca966068e5d1047d,SELL,Yes,105742278895779392184517567088147476702553818055925607866681628906726505150563,0xcaec99debca1fe002f7af5b3ff300edfcf84c7ab7e366b24c12316ba99ed302e,0.05,750,37.5,1719995324,Will a Democrat win South Dakota Presidential Election?
0x364c44314a4567f16719e543f2a8d27434421ebe49b489b0fd1be4ed5654e523,0x32a91f2b386711e41cde49323cac32441f7ca90a,SELL,Yes,105742278895779392184517567088147476702553818055925607866681628906726505150563,0xcaec99debca1fe002f7af5b3ff300edfcf84c7ab7e366b24c12316ba99ed302e,0.05,333.33,16.6665,1719984700,Will a Democrat win South Dakota Presidential Election?
0xf98f79a0906c6654ed3aec20bb0b6a5159516e2b91e9e2aad0e6731ef1c96240,0x2b1f9464ddcb201ce97c184f8d93ef08108f9062,BUY,Yes,105742278895779392184517567088147476702553818055925607866681628906726505150563,0xcaec99debca1fe002f7af5b3ff300edfcf84c7ab7e366b24c12316ba99ed302e,0.06,0.5,0.03,1719967080,Will a Democrat win South Dakota Presidential Election?
0x40fcae6aab61b20d701d1e104953b5038c816d96e0d40e5ac0df12c5b2c58e2a,0x2b1f9464ddcb201ce97c184f8d93ef08108f9062,BUY,Yes,105742278895779392184517567088147476702553818055925607866681628906726505150563,0xcaec99debca1fe002f7af5b3ff300edfcf84c7ab7e366b24c12316ba99ed302e,0.05999724,0.333332,0.01999900000368,1719966900,Will a Democrat win South Dakota Presidential Election?
0xac8b1e394fdc98d03af270b285be9d00eaf015dda43026a5c859c2f010821bba,0x082fd558f38a4903d41e58b35ff884b540b0a5bd,BUY,Yes,105742278895779392184517567088147476702553818055925607866681628906726505150563,0xcaec99debca1fe002f7af5b3ff300edfcf84c7ab7e366b24c12316ba99ed302e,0.05999724,0.333332,0.01999900000368,1719953175,Will a Democrat win South Dakota Presidential Election?
0xdcd11a38a1519d1dcdfe465e63b91425582fb980ca0402dc6db1f4c0eddd4c7b,0x298c68b944bef0d3167bc23a10ef8569698d80a0,BUY,No,103817554879098980143189456527608321905884757182906793330525824422625380941210,0xcaec99debca1fe002f7af5b3ff300edfcf84c7ab7e366b24c12316ba99ed302e,0.95,7.36842,6.999999,1719931342,Will a Democrat win South Dakota Presidential Election?
0xb2073989b33d05cfe06e1232394569dd66acae498e1a243b84a23130e13cc3d5,0x32a91f2b386711e41cde49323cac32441f7ca90a,BUY,Yes,105742278895779392184517567088147476702553818055925607866681628906726505150563,0xcaec99debca1fe002f7af5b3ff300edfcf84c7ab7e366b24c12316ba99ed302e,0.0599999972,333.333332,19.99999898666667,1719922967,Will a Democrat win South Dakota Presidential Election?
0x2c055369c80099827d5705478ca33caf6a8b238e3c65cb25f4ea652d28f19d90,0x2a608f8efe1814e7db7e6c5a393a06ce4efb5b7a,BUY,No,103817554879098980143189456527608321905884757182906793330525824422625380941210,0xcaec99debca1fe002f7af5b3ff300edfcf84c7ab7e366b24c12316ba99ed302e,0.95,6.31578,5.999991,1719912368,Will a Democrat win South Dakota Presidential Election?
0x7ea170636c1175301c43d3f807b14136fabbea34888d91918d31d88cd9d882a0,0xe3dd69945e74e3f113d4d59717184a5cdf80f2c7,BUY,Yes,105742278895779392184517567088147476702553818055925607866681628906726505150563,0xcaec99debca1fe002f7af5b3ff300edfcf84c7ab7e366b24c12316ba99ed302e,0.0599945999,0.166665,0.0099989999923335,1719909868,Will a Democrat win South Dakota Presidential Election?
0x022899474767d6daa52edc163f00fc9b75842dbbf7064eedc790eb9807ea0693,0x548a7468e4241dbda3f9367a8ce779d30026ada6,BUY,Yes,105742278895779392184517567088147476702553818055925607866681628906726505150563,0xcaec99debca1fe002f7af5b3ff300edfcf84c7ab7e366b24c12316ba99ed302e,0.0599945999,0.166665,0.0099989999923335,1719904646,Will a Democrat win South Dakota Presidential Election?
0x42a087559c95f36856d2791884833f15eb3f92371b19a93160777783965fce36,0x4cc3522b689a6bf1fb4a2444c523e7776db47552,SELL,Yes,105742278895779392184517567088147476702553818055925607866681628906726505150563,0xcaec99debca1fe002f7af5b3ff300edfcf84c7ab7e366b24c12316ba99ed302e,0.05,2500,125.0,1719897293,Will a Democrat win South Dakota Presidential Election?
0xb1093c07d24d42a72ebbc6cd38566a207b95240fd100ae2dad14eae3c1ad036e,0x59ee6c6a56d7b00223f0c30f8002c4df762b684d,BUY,No,103817554879098980143189456527608321905884757182906793330525824422625380941210,0xcaec99debca1fe002f7af5b3ff300edfcf84c7ab7e366b24c12316ba99ed302e,0.95,1240.69,1178.6555,1719897063,Will a Democrat win South Dakota Presidential Election?
0x35ad80fbfc03d2c219220a1bde7f6fae4a9339a297388fa3e774b1cd930e9757,0xc9e31c6c3d1e425bd8bc07c16c412d3856cbc282,BUY,Yes,105742278895779392184517567088147476702553818055925607866681628906726505150563,0xcaec99debca1fe002f7af5b3ff300edfcf84c7ab7e366b24c12316ba99ed302e,0.0699999363,14.285713,0.9999990000000818,1719611988,Will a Democrat win South Dakota Presidential Election?
0xd2ad0b609915b9334209184d7595b8951e0dd256d1f07b8dfc8a0e48b318b36a,0xfe175c90c4152392978fa402ed871657881298e9,SELL,Yes,105742278895779392184517567088147476702553818055925607866681628906726505150563,0xcaec99debca1fe002f7af5b3ff300edfcf84c7ab7e366b24c12316ba99ed302e,0.06,5,0.3,1719371816,Will a Democrat win South Dakota Presidential Election?
0xf75c966bb4a43d687ee1d77d2c0309c767336ec6fb247f068bb6c294d5c047da,0xd42f6a1634a3707e27cbae14ca966068e5d1047d,SELL,Yes,105742278895779392184517567088147476702553818055925607866681628906726505150563,0xcaec99debca1fe002f7af5b3ff300edfcf84c7ab7e366b24c12316ba99ed302e,0.06,1076.98,64.6188,1719363547,Will a Democrat win South Dakota Presidential Election?
0x590bbbb374e68878b23caa3ce462e97b50a9a6dc50047ad8cdbe0abebc70f349,0x62d2bcd198bb6eab8b7eeb9d2061815dc02b9eb7,SELL,No,103817554879098980143189456527608321905884757182906793330525824422625380941210,0xcaec99debca1fe002f7af5b3ff300edfcf84c7ab7e366b24c12316ba99ed302e,0.93,2500,2325.0,1716933666,Will a Democrat win South Dakota Presidential Election?
0x3b1397832e3f35b850f7c08598ec0f61a117128cd94e6817a09c5662371f453d,0xf6129c47f5ef4cab25f3aa67b5e3aaac77b15700,SELL,Yes,105742278895779392184517567088147476702553818055925607866681628906726505150563,0xcaec99debca1fe002f7af5b3ff300edfcf84c7ab7e366b24c12316ba99ed302e,0.06,500,30.0,1716215920,Will a Democrat win South Dakota Presidential Election?
0x1f8dac2a9d42fb514561036da738631512cf76b981d02af83b4eb7e34b16a6a2,0x9d84ce0306f8551e02efef1680475fc0f1dc1344,SELL,No,103817554879098980143189456527608321905884757182906793330525824422625380941210,0xcaec99debca1fe002f7af5b3ff300edfcf84c7ab7e366b24c12316ba99ed302e,0.93,3000,2790.0,1716056713,Will a Democrat win South Dakota Presidential Election?
0x44ed439c1fc5583a4eab1c3fd9b6d14a87104e884af0eb5b1b3e91a266bc6902,0xecdbd79566a25693b9971c48d7de84bc05f7da79,SELL,Yes,105742278895779392184517567088147476702553818055925607866681628906726505150563,0xcaec99debca1fe002f7af5b3ff300edfcf84c7ab7e366b24c12316ba99ed302e,0.06,1667,100.02,1715247181,Will a Democrat win South Dakota Presidential Election?
0x72afa5b34c6bf219ae516f50f169566c63b2fd41d704b03e591e6d5039f1f0a3,0x24c8cf69a0e0a17eee21f69d29752bfa32e823e1,SELL,No,103817554879098980143189456527608321905884757182906793330525824422625380941210,0xcaec99debca1fe002f7af5b3ff300edfcf84c7ab7e366b24c12316ba99ed302e,0.93,700,651.0,1714018558,Will a Democrat win South Dakota Presidential Election?
0xd207fa813d86b50dda9991802ba20064ba2d8162898eb24836a8f13f03d1b689,0x7789806c754eb0af4c3abeb026c218b4ba78f823,SELL,No,103817554879098980143189456527608321905884757182906793330525824422625380941210,0xcaec99debca1fe002f7af5b3ff300edfcf84c7ab7e366b24c12316ba99ed302e,0.93,3000,2790.0,1714013272,Will a Democrat win South Dakota Presidential Election?
0xc0073d35f571b7f62bca7456e45321e202ccb50eb787316d81f1f37e949f9e14,0xb46ef1a548751c6b7398af601f5a555505668a4e,BUY,Yes,105742278895779392184517567088147476702553818055925607866681628906726505150563,0xcaec99debca1fe002f7af5b3ff300edfcf84c7ab7e366b24c12316ba99ed302e,0.0609129988,24625.285713,1499.9999990856263,1714012908,Will a Democrat win South Dakota Presidential Election?
0x5a516fe2af515a7dc551b8237f60956ebdc2300486f5c5f131befb91009f6f00,0xecdbd79566a25693b9971c48d7de84bc05f7da79,SELL,Yes,105742278895779392184517567088147476702553818055925607866681628906726505150563,0xcaec99debca1fe002f7af5b3ff300edfcf84c7ab7e366b24c12316ba99ed302e,0.05,1200,60.0,1713969062,Will a Democrat win South Dakota Presidential Election?
0xf2db8b72cc80bc8d3f68a95a5a0437a2eab462a41e2db1119391ba4458351875,0x9d84ce0306f8551e02efef1680475fc0f1dc1344,SELL,Yes,105742278895779392184517567088147476702553818055925607866681628906726505150563,0xcaec99debca1fe002f7af5b3ff300edfcf84c7ab7e366b24c12316ba99ed302e,0.05,1000,50.0,1713968642,Will a Democrat win South Dakota Presidential Election?
0x05e47ba4cf526672da0091c98b97680270414f9816fb5ed949257fc62d0719cc,0x24c8cf69a0e0a17eee21f69d29752bfa32e823e1,SELL,Yes,105742278895779392184517567088147476702553818055925607866681628906726505150563,0xcaec99debca1fe002f7af5b3ff300edfcf84c7ab7e366b24c12316ba99ed302e,0.05,1000,50.0,1713968606,Will a Democrat win South Dakota Presidential Election?
0x4246e44d3aa5d58ec4f52825677e5f34dbbc2010b3ccb8da1d6cccd7f5c3ce13,0x9d84ce0306f8551e02efef1680475fc0f1dc1344,SELL,Yes,105742278895779392184517567088147476702553818055925607866681628906726505150563,0xcaec99debca1fe002f7af5b3ff300edfcf84c7ab7e366b24c12316ba99ed302e,0.05,2278,113.9,1713968602,Will a Democrat win South Dakota Presidential Election?
0xca2ebb1b3031164e31bed52a2705ae63e917cf423d2a668628a28abc8f383bb0,0x4cc3522b689a6bf1fb4a2444c523e7776db47552,SELL,Yes,105742278895779392184517567088147476702553818055925607866681628906726505150563,0xcaec99debca1fe002f7af5b3ff300edfcf84c7ab7e366b24c12316ba99ed302e,0.05,3500,175.0,1713968304,Will a Democrat win South Dakota Presidential Election?
0x34d56467006a5f7bdc623face5ed2a9aa2d376f4136444eb4cc28c42a942cd2f,0xecdbd79566a25693b9971c48d7de84bc05f7da79,SELL,Yes,105742278895779392184517567088147476702553818055925607866681628906726505150563,0xcaec99debca1fe002f7af5b3ff300edfcf84c7ab7e366b24c12316ba99ed302e,0.06,500,30.0,1713381122,Will a Democrat win South Dakota Presidential Election?
0xd3112892ea665726fd24cb8be537b9f07108137b93b4d871dcbd5dd75f8e6bcc,0xecdbd79566a25693b9971c48d7de84bc05f7da79,SELL,Yes,105742278895779392184517567088147476702553818055925607866681628906726505150563,0xcaec99debca1fe002f7af5b3ff300edfcf84c7ab7e366b24c12316ba99ed302e,0.06,500,30.0,1712848082,Will a Democrat win South Dakota Presidential Election?
0xdf3f329e67e0f6aa2dc3f166d7c1c622bc8336ea056e772e5c58f06a0050fb48,0x43372356634781eea88d61bbdd7824cdce958882,SELL,Yes,105742278895779392184517567088147476702553818055925607866681628906726505150563,0xcaec99debca1fe002f7af5b3ff300edfcf84c7ab7e366b24c12316ba99ed302e,0.06,1111,66.66,1712788021,Will a Democrat win South Dakota Presidential Election?
0x10ddece36026f5fc99f07cfe6ca3647ae540e4bf98ad4feb5c2c7714dfb5483c,0x9d84ce0306f8551e02efef1680475fc0f1dc1344,SELL,Yes,105742278895779392184517567088147476702553818055925607866681628906726505150563,0xcaec99debca1fe002f7af5b3ff300edfcf84c7ab7e366b24c12316ba99ed302e,0.06,3000,180.0,1712788005,Will a Democrat win South Dakota Presidential Election?
0x2ff6b52ee4a048382bf4d4ecb1366fae44e0857ad179e47be8b6baca6a8a361f,0x24c8cf69a0e0a17eee21f69d29752bfa32e823e1,SELL,Yes,105742278895779392184517567088147476702553818055925607866681628906726505150563,0xcaec99debca1fe002f7af5b3ff300edfcf84c7ab7e366b24c12316ba99ed302e,0.06,500,30.0,1712491481,Will a Democrat win South Dakota Presidential Election?
0x2197d12137b917581f9918a7ebb1a4137f0346f7396ae0afd9d009f6521bc9df,0x6356fb47642a028bc09df92023c35a21a0b41885,SELL,Yes,105742278895779392184517567088147476702553818055925607866681628906726505150563,0xcaec99debca1fe002f7af5b3ff300edfcf84c7ab7e366b24c12316ba99ed302e,0.06,3000,180.0,1712491228,Will a Democrat win South Dakota Presidential Election?
0xea805b7d1124d5b37ffbdd2251c273d6527048d0421a23588eb14b951eda73fc,0xecdbd79566a25693b9971c48d7de84bc05f7da79,SELL,Yes,105742278895779392184517567088147476702553818055925607866681628906726505150563,0xcaec99debca1fe002f7af5b3ff300edfcf84c7ab7e366b24c12316ba99ed302e,0.06,3000,180.0,1712484792,Will a Democrat win South Dakota Presidential Election?
0xea4355ddcbba9dd06e80f2c0745da967f8f4a614aba4c626b42de74ee728f45f,0x7789806c754eb0af4c3abeb026c218b4ba78f823,BUY,No,103817554879098980143189456527608321905884757182906793330525824422625380941210,0xcaec99debca1fe002f7af5b3ff300edfcf84c7ab7e366b24c12316ba99ed302e,0.93,8811,8194.23,1712440410,Will a Democrat win South Dakota Presidential Election?
