transaction_hash,wallet,side,outcome,asset_token_id,condition_id,price,size,usdc_size,timestamp,title
0x346e45d7d326279f160cb4da77d886e80ecb07dc11a6d5d4599f35060f1ab64e,0x173a1da136e359f050adef15a1a917b249fdeb85,SELL,No,2456175065792455318996317372857348230979335242127626583449628159614625295895,0xe52215f8df326726c52d903926e4939e7ee7e23a2f68b9c814c2fb084c824615,0.999,83.18,83.09682000000001,1765892271,Will the November 2025 unemployment rate be 4.4%?
0xa14d9ded4ae25359adc15011fbee2f5bc734e4006a0f190fd489383a189fcf56,0xd250b04ad16b042f54dfe9ca6df30c0fe31fe9a6,SELL,No,2456175065792455318996317372857348230979335242127626583449628159614625295895,0xe52215f8df326726c52d903926e4939e7ee7e23a2f68b9c814c2fb084c824615,0.99,1.44,1.4256,1765892223,Will the November 2025 unemployment rate be 4.4%?
0x2c7fdba0ee4060cd82bfa6a574aaf9f453eb0b2515bc93c27b276432dadc151f,0x72aba86b25242d0f641deb0083ddf0e95bff1a3e,SELL,No,2456175065792455318996317372857348230979335242127626583449628159614625295895,0xe52215f8df326726c52d903926e4939e7ee7e23a2f68b9c814c2fb084c824615,0.99,26.65,26.383499999999998,1765891893,Will the November 2025 unemployment rate be 4.4%?
0x716502114d52b2cdc2a9c1a739b265ec34543796da568a9d4c26e97ead4be7cf,0xbf935ba3c9add3c744a7e7ecca070a7e34c96e4f,BUY,No,2456175065792455318996317372857348230979335242127626583449628159614625295895,0xe52215f8df326726c52d903926e4939e7ee7e23a2f68b9c814c2fb084c824615,0.9640178811,167.164947,161.1499980011338,1765891841,Will the November 2025 unemployment rate be 4.4%?
0x435fa7898a456725eb8797855bb4dcfa5dd527df131408904549698990c9caf0,0x4ad6cadefae3c28f5b2caa32a99ebba3a614464c,BUY,No,2456175065792455318996317372857348230979335242127626583449628159614625295895,0xe52215f8df326726c52d903926e4939e7ee7e23a2f68b9c814c2fb084c824615,0.97,98.53,95.5741,1765891841,Will the November 2025 unemployment rate be 4.4%?
0xd95abae8df320769cfba7eab59adb116ce1a7479b00c560a726d309e468c382e,0x63d43bbb87f85af03b8f2f9e2fad7b54334fa2f1,BUY,No,2456175065792455318996317372857348230979335242127626583449628159614625295895,0xe52215f8df326726c52d903926e4939e7ee7e23a2f68b9c814c2fb084c824615,0.99,17.44,17.265600000000003,1765891821,Will the November 2025 unemployment rate be 4.4%?
0xaa43d5b932f73eb54d18d0610c9292ae052003ac8c568e11e5a89307364513fd,0x63d43bbb87f85af03b8f2f9e2fad7b54334fa2f1,BUY,No,2456175065792455318996317372857348230979335242127626583449628159614625295895,0xe52215f8df326726c52d903926e4939e7ee7e23a2f68b9c814c2fb084c824615,0.95,1.18,1.121,1765891821,Will the November 2025 unemployment rate be 4.4%?
0xa5c7aba9cb42713312ad6537216a6360f9b42353b95136652bfe1d0a6c2c87df,0x63d43bbb87f85af03b8f2f9e2fad7b54334fa2f1,BUY,No,2456175065792455318996317372857348230979335242127626583449628159614625295895,0xe52215f8df326726c52d903926e4939e7ee7e23a2f68b9c814c2fb084c824615,0.98,9.25,9.065,1765891821,Will the November 2025 unemployment rate be 4.4%?
0xc5a970a9c557e9e00ce40b9bdee8ca96dce7fe009c1915d857d4053687b9df78,0x9be90ea78bff3f81f3564a11d5e12b2a0783c030,BUY,No,2456175065792455318996317372857348230979335242127626583449628159614625295895,0xe52215f8df326726c52d903926e4939e7ee7e23a2f68b9c814c2fb084c824615,0.95,10,9.5,1765891819,Will the November 2025 unemployment rate be 4.4%?
0x9c2492d7c6fb643a6810456e9f340c352552abbd793ea20285d110fa24a235fa,0x9be90ea78bff3f81f3564a11d5e12b2a0783c030,BUY,No,2456175065792455318996317372857348230979335242127626583449628159614625295895,0xe52215f8df326726c52d903926e4939e7ee7e23a2f68b9c814c2fb084c824615,0.95,20,19.0,1765891819,Will the November 2025 unemployment rate be 4.4%?
0x9a69a30f99d456bfb43adfd0c0f9a852b627ab888dff0d844c15308d61f2aec8,0x701614a2fb738637a2bb51d162f6df3a8e193ad0,BUY,No,2456175065792455318996317372857348230979335242127626583449628159614625295895,0xe52215f8df326726c52d903926e4939e7ee7e23a2f68b9c814c2fb084c824615,0.8953766008,221.136,197.9999999945088,1765891817,Will the November 2025 unemployment rate be 4.4%?
0x9d25f6d8363a107089e116d2ae82de3f669595eb5bd2cdde9fc189b6527138d7,0x2f633efb75256a2f2445110c8978684ab8936643,BUY,No,2456175065792455318996317372857348230979335242127626583449628159614625295895,0xe52215f8df326726c52d903926e4939e7ee7e23a2f68b9c814c2fb084c824615,0.7975379226,1024.803927,817.319995011902,1765891817,Will the November 2025 unemployment rate be 4.4%?
0x3e80d692931aecaa4483769e64bcb9aed4ae296f172713ee595689601bf26866,0x63d43bbb87f85af03b8f2f9e2fad7b54334fa2f1,BUY,No,2456175065792455318996317372857348230979335242127626583449628159614625295895,0xe52215f8df326726c52d903926e4939e7ee7e23a2f68b9c814c2fb084c824615,0.89,8.21,7.306900000000001,1765891815,Will the November 2025 unemployment rate be 4.4%?
0xab1c0bb0627c6b6a9c5df2684e8e63f2db57e57d3a40b25fa33f5e6491723bc0,0xd218e474776403a330142299f7796e8ba32eb5c9,BUY,No,2456175065792455318996317372857348230979335242127626583449628159614625295895,0xe52215f8df326726c52d903926e4939e7ee7e23a2f68b9c814c2fb084c824615,0.75,20,15.0,1765891757,Will the November 2025 unemployment rate be 4.4%?
0x72cc037f306bc8d43fe536675da0e0053c5f164af90ed2b4bb6efaf5079c626f,0xe8dd7741ccb12350957ec71e9ee332e0d1e6ec86,BUY,No,2456175065792455318996317372857348230979335242127626583449628159614625295895,0xe52215f8df326726c52d903926e4939e7ee7e23a2f68b9c814c2fb084c824615,0.75,6.666664,4.999998,1765891757,Will the November 2025 unemployment rate be 4.4%?
0x007db973d24f88b729481bea4fff872b219f86ab01cca47188bfd9a0053cb0ea,0x63d43bbb87f85af03b8f2f9e2fad7b54334fa2f1,BUY,No,2456175065792455318996317372857348230979335242127626583449628159614625295895,0xe52215f8df326726c52d903926e4939e7ee7e23a2f68b9c814c2fb084c824615,0.75,5,3.75,1765891535,Will the November 2025 unemployment rate be 4.4%?
0x37d879209b3918f303fb5c0c91329e34d6fa03ce8bb733ed0cd455fc77de9d84,0xd218e474776403a330142299f7796e8ba32eb5c9,BUY,No,2456175065792455318996317372857348230979335242127626583449628159614625295895,0xe52215f8df326726c52d903926e4939e7ee7e23a2f68b9c814c2fb084c824615,0.72,40,28.799999999999997,1765891459,Will the November 2025 unemployment rate be 4.4%?
0x068a467bfee3e453680114480fed33554ce33aacd57bbf8901ac6f755b835182,0xde556c4e144c23ac7d7c16474b4d67652ab6dc14,BUY,Yes,105881706191328976190525008903800515002858769177947829921340659866000531965012,0xe52215f8df326726c52d903926e4939e7ee7e23a2f68b9c814c2fb084c824615,0.29,50,14.499999999999998,1765891447,Will the November 2025 unemployment rate be 4.4%?
0xc7f6fb0526d028484428cabd46925ad1a9505ff4039f6aad1a78a0f007e47fa9,0xd218e474776403a330142299f7796e8ba32eb5c9,BUY,No,2456175065792455318996317372857348230979335242127626583449628159614625295895,0xe52215f8df326726c52d903926e4939e7ee7e23a2f68b9c814c2fb084c824615,0.73,40,29.2,1765891425,Will the November 2025 unemployment rate be 4.4%?
0x175b381521653d210a947667f71d4da810295b799536bb7ddf04201771800818,0xe8dd7741ccb12350957ec71e9ee332e0d1e6ec86,BUY,No,2456175065792455318996317372857348230979335242127626583449628159614625295895,0xe52215f8df326726c52d903926e4939e7ee7e23a2f68b9c814c2fb084c824615,0.75,40,30.0,1765891411,Will the November 2025 unemployment rate be 4.4%?
0xf4e11c471284a1a559f1f41783b626dd6310a96250cf951cb584b7fc807c5c01,0xe8dd7741ccb12350957ec71e9ee332e0d1e6ec86,BUY,No,2456175065792455318996317372857348230979335242127626583449628159614625295895,0xe52215f8df326726c52d903926e4939e7ee7e23a2f68b9c814c2fb084c824615,0.75,10,7.5,1765891405,Will the November 2025 unemployment rate be 4.4%?
0x25a9f49d3a4b785af959502c7b30ec795dfcad9900ee693a5869a0d5a5222c31,0xd218e474776403a330142299f7796e8ba32eb5c9,BUY,No,2456175065792455318996317372857348230979335242127626583449628159614625295895,0xe52215f8df326726c52d903926e4939e7ee7e23a2f68b9c814c2fb084c824615,0.75,40,30.0,1765891405,Will the November 2025 unemployment rate be 4.4%?
0xda265b8a49f4ddef8644d6432bb82279b02e0ed111869b5d6d17e886ff2b3a2b,0xce3f6b3576caccbc7005787d09b519a0997b67c9,BUY,Yes,105881706191328976190525008903800515002858769177947829921340659866000531965012,0xe52215f8df326726c52d903926e4939e7ee7e23a2f68b9c814c2fb084c824615,0.28,50,14.000000000000002,1765891403,Will the November 2025 unemployment rate be 4.4%?
0xafa1e2a83bfb287b5b7b1a9c43744f96de71d65497169b68d6ea4cb35c2dcdfd,0x63d43bbb87f85af03b8f2f9e2fad7b54334fa2f1,BUY,No,2456175065792455318996317372857348230979335242127626583449628159614625295895,0xe52215f8df326726c52d903926e4939e7ee7e23a2f68b9c814c2fb084c824615,0.75,10,7.5,1765891375,Will the November 2025 unemployment rate be 4.4%?
0x4ce7bfa86b3276e42b55f0014d0ddc860e54a833a057084aca4b43a82513266b,0xe8dd7741ccb12350957ec71e9ee332e0d1e6ec86,BUY,No,2456175065792455318996317372857348230979335242127626583449628159614625295895,0xe52215f8df326726c52d903926e4939e7ee7e23a2f68b9c814c2fb084c824615,0.75,40,30.0,1765891375,Will the November 2025 unemployment rate be 4.4%?
0x85a3722467c66bd205cb2688574812d90d6edf0e5cae4b9d1f323ab551b0d2ff,0x173a1da136e359f050adef15a1a917b249fdeb85,BUY,No,2456175065792455318996317372857348230979335242127626583449628159614625295895,0xe52215f8df326726c52d903926e4939e7ee7e23a2f68b9c814c2fb084c824615,0.7539892428,83.184208,62.719998002837706,1765891265,Will the November 2025 unemployment rate be 4.4%?
0x9cb2eb8b54b112503cad910e1164e940218b6467a7bceb0d07b151b2c67ff8cd,0x0ffcad4963e25dc150774363f4061ebe840c8236,BUY,Yes,105881706191328976190525008903800515002858769177947829921340659866000531965012,0xe52215f8df326726c52d903926e4939e7ee7e23a2f68b9c814c2fb084c824615,0.28,33,9.24,1765890669,Will the November 2025 unemployment rate be 4.4%?
0x55bb77881328d43e3b72c04417a31737525fcfd597e378aee609488d99131c13,0x0ffcad4963e25dc150774363f4061ebe840c8236,BUY,Yes,105881706191328976190525008903800515002858769177947829921340659866000531965012,0xe52215f8df326726c52d903926e4939e7ee7e23a2f68b9c814c2fb084c824615,0.28,45,12.600000000000001,1765890643,Will the November 2025 unemployment rate be 4.4%?
0x7a439a6457f21f73f3379ebd863500428a6cc141dfe613a23ca52ee8b5245478,0xe8dd7741ccb12350957ec71e9ee332e0d1e6ec86,BUY,No,2456175065792455318996317372857348230979335242127626583449628159614625295895,0xe52215f8df326726c52d903926e4939e7ee7e23a2f68b9c814c2fb084c824615,0.75,40.826664,30.619998000000002,1765890437,Will the November 2025 unemployment rate be 4.4%?
0xed95a809442d5906fd2d7347fdc20aeba3e00d834e5f8806dfe1b6b8d962b9ef,0xe8dd7741ccb12350957ec71e9ee332e0d1e6ec86,BUY,No,2456175065792455318996317372857348230979335242127626583449628159614625295895,0xe52215f8df326726c52d903926e4939e7ee7e23a2f68b9c814c2fb084c824615,0.75,10,7.5,1765890429,Will the November 2025 unemployment rate be 4.4%?
0x6f59f8ee2e44d94a72fd2f7b65719d7007710e1f9515e1d448d0e91417c93481,0xd218e474776403a330142299f7796e8ba32eb5c9,BUY,No,2456175065792455318996317372857348230979335242127626583449628159614625295895,0xe52215f8df326726c52d903926e4939e7ee7e23a2f68b9c814c2fb084c824615,0.75,40,30.0,1765890429,Will the November 2025 unemployment rate be 4.4%?
0x47811e96c2ec526c260803031e05ba79c46fa663ee37f27a12dc925af6d3a106,0xde556c4e144c23ac7d7c16474b4d67652ab6dc14,BUY,Yes,105881706191328976190525008903800515002858769177947829921340659866000531965012,0xe52215f8df326726c52d903926e4939e7ee7e23a2f68b9c814c2fb084c824615,0.28,50,14.000000000000002,1765889057,Will the November 2025 unemployment rate be 4.4%?
0xf51864e716c9636ccb31ae24ccb22379c0cd21e412e049e5f915ec9f4e9107cd,0xd218e474776403a330142299f7796e8ba32eb5c9,BUY,No,2456175065792455318996317372857348230979335242127626583449628159614625295895,0xe52215f8df326726c52d903926e4939e7ee7e23a2f68b9c814c2fb084c824615,0.73,40,29.2,1765889057,Will the November 2025 unemployment rate be 4.4%?
0x25d17d12b44f75ed56b48eea7c19a6ed07f0205800da1a1e3e5906402d8e4a58,0xe3726a1b9c6ba2f06585d1c9e01d00afaedaeb38,SELL,Yes,105881706191328976190525008903800515002858769177947829921340659866000531965012,0xe52215f8df326726c52d903926e4939e7ee7e23a2f68b9c814c2fb084c824615,0.27,9.09,2.4543,1765889055,Will the November 2025 unemployment rate be 4.4%?
0xeb8d4534de4b654d97ccf511697149e6025dea55402717df200cd660bad8e8c7,0x67899db00e25cb7195a9dc8f8d8fc55ec551cf8c,BUY,No,2456175065792455318996317372857348230979335242127626583449628159614625295895,0xe52215f8df326726c52d903926e4939e7ee7e23a2f68b9c814c2fb084c824615,0.75,1.333332,0.999999,1765886673,Will the November 2025 unemployment rate be 4.4%?
0x1f6d3697a34eb69886c1aeba7878bb4e886a20a35b8fa133c2e43c688452fbae,0x1854ba73a170cd62c2cdb66f19ec7e6ef8201a80,BUY,No,2456175065792455318996317372857348230979335242127626583449628159614625295895,0xe52215f8df326726c52d903926e4939e7ee7e23a2f68b9c814c2fb084c824615,0.75,6.05,4.5375,1765885173,Will the November 2025 unemployment rate be 4.4%?
0x69d39c2d03484d6c843f7803d8afc4bb0239eb6fdde51aa6a7a54518658bf38a,0xe8dd7741ccb12350957ec71e9ee332e0d1e6ec86,BUY,No,2456175065792455318996317372857348230979335242127626583449628159614625295895,0xe52215f8df326726c52d903926e4939e7ee7e23a2f68b9c814c2fb084c824615,0.75,37.9,28.424999999999997,1765885163,Will the November 2025 unemployment rate be 4.4%?
0x349b868bc17f128ac947a7bb599e8d7ed98480633f0def817722c940a6b91a23,0x1854ba73a170cd62c2cdb66f19ec7e6ef8201a80,BUY,No,2456175065792455318996317372857348230979335242127626583449628159614625295895,0xe52215f8df326726c52d903926e4939e7ee7e23a2f68b9c814c2fb084c824615,0.75,6.05,4.5375,1765885109,Will the November 2025 unemployment rate be 4.4%?
0x32592025f8179e885b542ce41016381e806c31bcd756431691b16ba08036543a,0x1854ba73a170cd62c2cdb66f19ec7e6ef8201a80,BUY,No,2456175065792455318996317372857348230979335242127626583449628159614625295895,0xe52215f8df326726c52d903926e4939e7ee7e23a2f68b9c814c2fb084c824615,0.75,6.05,4.5375,1765885109,Will the November 2025 unemployment rate be 4.4%?
0xbfb54d13a7e110d94aecdd41a2fed2e3183e7d83efa25e51a06a527637ff79b3,0xe8dd7741ccb12350957ec71e9ee332e0d1e6ec86,BUY,No,2456175065792455318996317372857348230979335242127626583449628159614625295895,0xe52215f8df326726c52d903926e4939e7ee7e23a2f68b9c814c2fb084c824615,0.75,54,40.5,1765885099,Will the November 2025 unemployment rate be 4.4%?
0x5297629d46399d4796e0d92398567b8b91939ec93f88dae4f2ad645567636680,0xe8dd7741ccb12350957ec71e9ee332e0d1e6ec86,BUY,No,2456175065792455318996317372857348230979335242127626583449628159614625295895,0xe52215f8df326726c52d903926e4939e7ee7e23a2f68b9c814c2fb084c824615,0.75,50,37.5,1765885099,Will the November 2025 unemployment rate be 4.4%?
0x0c83ceb40a54fa74d2ba6617d7ea192a1c53263ff95843e0122e7a003cb69d1f,0x8ecb42871758582a96031dd334499e03d5376c64,BUY,No,2456175065792455318996317372857348230979335242127626583449628159614625295895,0xe52215f8df326726c52d903926e4939e7ee7e23a2f68b9c814c2fb084c824615,0.68,5,3.4000000000000004,1765880359,Will the November 2025 unemployment rate be 4.4%?
0x7498820a02f251516fa4f1003c3c0b13813905d8f07a39f5b5e0ef639e52a650,0xe3726a1b9c6ba2f06585d1c9e01d00afaedaeb38,SELL,Yes,105881706191328976190525008903800515002858769177947829921340659866000531965012,0xe52215f8df326726c52d903926e4939e7ee7e23a2f68b9c814c2fb084c824615,0.34,5,1.7000000000000002,1765880351,Will the November 2025 unemployment rate be 4.4%?
0x987d0e8179587304cbaa13d798652e42ed6cc728508d348a08e980085bd07e1f,0x8ecb42871758582a96031dd334499e03d5376c64,BUY,No,2456175065792455318996317372857348230979335242127626583449628159614625295895,0xe52215f8df326726c52d903926e4939e7ee7e23a2f68b9c814c2fb084c824615,0.76,50,38.0,1765878975,Will the November 2025 unemployment rate be 4.4%?
0x4eb13c16293f0955d2b7899d1420bf418aae463ad0af71a61d97781255863f76,0xe3726a1b9c6ba2f06585d1c9e01d00afaedaeb38,SELL,Yes,105881706191328976190525008903800515002858769177947829921340659866000531965012,0xe52215f8df326726c52d903926e4939e7ee7e23a2f68b9c814c2fb084c824615,0.35,50,17.5,1765878967,Will the November 2025 unemployment rate be 4.4%?
0xd4864948f6271118adc9b6620fab627a2cc53b1ed559a2de9e563a61f8f7be3a,0xe8dd7741ccb12350957ec71e9ee332e0d1e6ec86,BUY,No,2456175065792455318996317372857348230979335242127626583449628159614625295895,0xe52215f8df326726c52d903926e4939e7ee7e23a2f68b9c814c2fb084c824615,0.7099999781,5.478872,3.8899990000127036,1765874509,Will the November 2025 unemployment rate be 4.4%?
0xb9b5ead26bb2fcb081f649f8a626c2f515da34bcf53eaa1b09120466c581481a,0x5b8d2dc97625e7c51954bc36371c30a902b5a1ae,BUY,No,2456175065792455318996317372857348230979335242127626583449628159614625295895,0xe52215f8df326726c52d903926e4939e7ee7e23a2f68b9c814c2fb084c824615,0.77,1.02,0.7854,1765867393,Will the November 2025 unemployment rate be 4.4%?
0x652ea3919627b7962b88492616eecfef8079233b6e48672dd2626c01ad9eb269,0x5b8d2dc97625e7c51954bc36371c30a902b5a1ae,BUY,No,2456175065792455318996317372857348230979335242127626583449628159614625295895,0xe52215f8df326726c52d903926e4939e7ee7e23a2f68b9c814c2fb084c824615,0.77,1.02,0.7854,1765866859,Will the November 2025 unemployment rate be 4.4%?
0x1c04a356d32cf73e176c3a7462011f2592a55cfe7c3dcb8d89aba59563d42d2e,0x5b8d2dc97625e7c51954bc36371c30a902b5a1ae,BUY,No,2456175065792455318996317372857348230979335242127626583449628159614625295895,0xe52215f8df326726c52d903926e4939e7ee7e23a2f68b9c814c2fb084c824615,0.77,1.02,0.7854,1765866519,Will the November 2025 unemployment rate be 4.4%?
0xab8c313a7008ddd456db63a8c6906b90a0ea441d8f7d6e4ec8f4023bc9bfe1a1,0x5b8d2dc97625e7c51954bc36371c30a902b5a1ae,BUY,No,2456175065792455318996317372857348230979335242127626583449628159614625295895,0xe52215f8df326726c52d903926e4939e7ee7e23a2f68b9c814c2fb084c824615,0.77,1.02,0.7854,1765865211,Will the November 2025 unemployment rate be 4.4%?
0x3eeae6a6cf881dad1e806a7317265f87d37943a0ba0669d6e0081098e9328434,0x5b8d2dc97625e7c51954bc36371c30a902b5a1ae,BUY,No,2456175065792455318996317372857348230979335242127626583449628159614625295895,0xe52215f8df326726c52d903926e4939e7ee7e23a2f68b9c814c2fb084c824615,0.77,1.02,0.7854,1765853101,Will the November 2025 unemployment rate be 4.4%?
0x81fa85670f0a61db6e049e67afc23e2aa1d6b59f7c12e2a111107369b27c562e,0x5b8d2dc97625e7c51954bc36371c30a902b5a1ae,BUY,No,2456175065792455318996317372857348230979335242127626583449628159614625295895,0xe52215f8df326726c52d903926e4939e7ee7e23a2f68b9c814c2fb084c824615,0.77,5.05,3.8885,1765850119,Will the November 2025 unemployment rate be 4.4%?
0x113bbd0956cbd16bb458fafb3e5f4f1a3edd17c6e2e5afc3af29e2d29784ef71,0x5b8d2dc97625e7c51954bc36371c30a902b5a1ae,BUY,No,2456175065792455318996317372857348230979335242127626583449628159614625295895,0xe52215f8df326726c52d903926e4939e7ee7e23a2f68b9c814c2fb084c824615,0.77,5.05,3.8885,1765849803,Will the November 2025 unemployment rate be 4.4%?
0x97ef1f525187b15ba8941bc59934b96ebbfec815fcf5503a457ad9fda68feea5,0x5b8d2dc97625e7c51954bc36371c30a902b5a1ae,BUY,No,2456175065792455318996317372857348230979335242127626583449628159614625295895,0xe52215f8df326726c52d903926e4939e7ee7e23a2f68b9c814c2fb084c824615,0.77,5.05,3.8885,1765845737,Will the November 2025 unemployment rate be 4.4%?
0xf5c0e5ed43ff7f5956fbd4e456f9bf9f68abe9c4425f77893113e7556fb4989d,0xe8dd7741ccb12350957ec71e9ee332e0d1e6ec86,BUY,No,2456175065792455318996317372857348230979335242127626583449628159614625295895,0xe52215f8df326726c52d903926e4939e7ee7e23a2f68b9c814c2fb084c824615,0.77,50,38.5,1765844087,Will the November 2025 unemployment rate be 4.4%?
0xf5c7a5b4d745d7940a299380a9b6e6a5af839a2af0da673dc30648925ac6f199,0xe3726a1b9c6ba2f06585d1c9e01d00afaedaeb38,SELL,Yes,105881706191328976190525008903800515002858769177947829921340659866000531965012,0xe52215f8df326726c52d903926e4939e7ee7e23a2f68b9c814c2fb084c824615,0.25,38.11,9.5275,1765844081,Will the November 2025 unemployment rate be 4.4%?
0x3d5061910020564820573d13f3aa004650ee7e519915748ecdfba38b44dbc469,0xe3726a1b9c6ba2f06585d1c9e01d00afaedaeb38,SELL,Yes,105881706191328976190525008903800515002858769177947829921340659866000531965012,0xe52215f8df326726c52d903926e4939e7ee7e23a2f68b9c814c2fb084c824615,0.2418594,87.34,21.123999996000002,1765844081,Will the November 2025 unemployment rate be 4.4%?
0x05a15f5c1f7be679f89b6fcc2365a9be1b359dc3fc0f54e26092a755368acb59,0x5b8d2dc97625e7c51954bc36371c30a902b5a1ae,BUY,No,2456175065792455318996317372857348230979335242127626583449628159614625295895,0xe52215f8df326726c52d903926e4939e7ee7e23a2f68b9c814c2fb084c824615,0.75,5.05,3.7874999999999996,1765843293,Will the November 2025 unemployment rate be 4.4%?
0x3eab9f01328c7f886395fd6558116866d7c68340858146043a60683b47b4aa5b,0x5b8d2dc97625e7c51954bc36371c30a902b5a1ae,BUY,No,2456175065792455318996317372857348230979335242127626583449628159614625295895,0xe52215f8df326726c52d903926e4939e7ee7e23a2f68b9c814c2fb084c824615,0.75,5.05,3.7874999999999996,1765842949,Will the November 2025 unemployment rate be 4.4%?
0x581413061177adeb04cddc0da1a3a204e973e58d0c2c8a25ca11f07409386750,0xbfd8463ef064029a573bc6f3fb5a35500dd00fe9,BUY,Yes,105881706191328976190525008903800515002858769177947829921340659866000531965012,0xe52215f8df326726c52d903926e4939e7ee7e23a2f68b9c814c2fb084c824615,0.3,105,31.5,1765841629,Will the November 2025 unemployment rate be 4.4%?
0x04d89903ad04d58df5960fd6de5e15972f830a32242f9493499404b21cc51de1,0xbfd8463ef064029a573bc6f3fb5a35500dd00fe9,BUY,Yes,105881706191328976190525008903800515002858769177947829921340659866000531965012,0xe52215f8df326726c52d903926e4939e7ee7e23a2f68b9c814c2fb084c824615,0.25,63,15.75,1765808619,Will the November 2025 unemployment rate be 4.4%?
0x0c724b8063bd336b2111b0fe06eab2b3233614a52f8b03bdbd71b21f6d535bc9,0x92a117ea004e343aaba8f380fbb8d885614b745a,SELL,Yes,105881706191328976190525008903800515002858769177947829921340659866000531965012,0xe52215f8df326726c52d903926e4939e7ee7e23a2f68b9c814c2fb084c824615,0.25,100,25.0,1765806725,Will the November 2025 unemployment rate be 4.4%?
0xf4c47fafee21b5eaabfd2e379eaf9a012e889a3587b2231a8dd684dbb47719ac,0x92a117ea004e343aaba8f380fbb8d885614b745a,SELL,Yes,105881706191328976190525008903800515002858769177947829921340659866000531965012,0xe52215f8df326726c52d903926e4939e7ee7e23a2f68b9c814c2fb084c824615,0.25,250,62.5,1765806699,Will the November 2025 unemployment rate be 4.4%?
0xcc7c8568dece7d7931ca4ab3e181fdc4a492361c806c64c58031e16ad6249271,0x06fc74353ef609412f94043b8c9f739d34bf4fb6,BUY,Yes,105881706191328976190525008903800515002858769177947829921340659866000531965012,0xe52215f8df326726c52d903926e4939e7ee7e23a2f68b9c814c2fb084c824615,0.2999999966,146.666665,43.999999001333336,1765800153,Will the November 2025 unemployment rate be 4.4%?
0x0e8cd14b5848874b418b065bb40a8e0ac5c4e4a7e29cc7083192455a25fbfd2e,0x92a117ea004e343aaba8f380fbb8d885614b745a,BUY,Yes,105881706191328976190525008903800515002858769177947829921340659866000531965012,0xe52215f8df326726c52d903926e4939e7ee7e23a2f68b9c814c2fb084c824615,0.34,15,5.1000000000000005,1765764281,Will the November 2025 unemployment rate be 4.4%?
0x057716217a68d0b0c4990ae9341a2493529c499ab3980b016b1f8d3339a04136,0x92a117ea004e343aaba8f380fbb8d885614b745a,BUY,Yes,105881706191328976190525008903800515002858769177947829921340659866000531965012,0xe52215f8df326726c52d903926e4939e7ee7e23a2f68b9c814c2fb084c824615,0.42,15,6.3,1765764279,Will the November 2025 unemployment rate be 4.4%?
0x9682f7f7f2f67ab310828dac68710ac40433b773a2ad7699d2f6219645a4c1cd,0x92a117ea004e343aaba8f380fbb8d885614b745a,BUY,Yes,105881706191328976190525008903800515002858769177947829921340659866000531965012,0xe52215f8df326726c52d903926e4939e7ee7e23a2f68b9c814c2fb084c824615,0.41,15,6.1499999999999995,1765764277,Will the November 2025 unemployment rate be 4.4%?
0x21c8381198519c96841054f74141c6520d670b0e2a6cce0a366c28d31edc5469,0x92a117ea004e343aaba8f380fbb8d885614b745a,BUY,Yes,105881706191328976190525008903800515002858769177947829921340659866000531965012,0xe52215f8df326726c52d903926e4939e7ee7e23a2f68b9c814c2fb084c824615,0.438464,200,87.6928,1765764277,Will the November 2025 unemployment rate be 4.4%?
0xbfd7f9f49068594c5d58c2681bf6e26eb0763474ad9cf6e3d03679903af2e5f9,0x92a117ea004e343aaba8f380fbb8d885614b745a,BUY,Yes,105881706191328976190525008903800515002858769177947829921340659866000531965012,0xe52215f8df326726c52d903926e4939e7ee7e23a2f68b9c814c2fb084c824615,0.41,15,6.1499999999999995,1765764277,Will the November 2025 unemployment rate be 4.4%?
0x6c6842b8357cfdc427935fb96bbbdb7983c6a0fae3cd1d56b59d8bbc0cd47ee6,0x92a117ea004e343aaba8f380fbb8d885614b745a,BUY,Yes,105881706191328976190525008903800515002858769177947829921340659866000531965012,0xe52215f8df326726c52d903926e4939e7ee7e23a2f68b9c814c2fb084c824615,0.412399,200,82.4798,1765764277,Will the November 2025 unemployment rate be 4.4%?
0x0be4708a5f8ee187000e7d55f4e481ea4f6bbbb621073a24bf7577b490ecdc39,0x92a117ea004e343aaba8f380fbb8d885614b745a,BUY,Yes,105881706191328976190525008903800515002858769177947829921340659866000531965012,0xe52215f8df326726c52d903926e4939e7ee7e23a2f68b9c814c2fb084c824615,0.29,15,4.35,1765764275,Will the November 2025 unemployment rate be 4.4%?
0x2129aa9a432ec01c85e35951ef3488558649a48bb10a11750a37369e8f5a06c9,0xfa831cb094a7f959c029cac81bada98b825ab49c,BUY,Yes,105881706191328976190525008903800515002858769177947829921340659866000531965012,0xe52215f8df326726c52d903926e4939e7ee7e23a2f68b9c814c2fb084c824615,0.28975,200,57.95,1765764275,Will the November 2025 unemployment rate be 4.4%?
0xed950671f52c0a3b6a0587345f85acf8c14b898d3d86a53e323e2fad9bfd1249,0xe8dd7741ccb12350957ec71e9ee332e0d1e6ec86,BUY,No,2456175065792455318996317372857348230979335242127626583449628159614625295895,0xe52215f8df326726c52d903926e4939e7ee7e23a2f68b9c814c2fb084c824615,0.7699997639,2.753245,2.119997999958856,1765702215,Will the November 2025 unemployment rate be 4.4%?
0xa00f6402d6250d4f90ee0bd9803c837807ddc75bab2ff9f9a6fbe3cda0c2a611,0xf4165309a3b551ebb1a12edb0a0510bf62be6ec9,SELL,No,2456175065792455318996317372857348230979335242127626583449628159614625295895,0xe52215f8df326726c52d903926e4939e7ee7e23a2f68b9c814c2fb084c824615,0.77,0.88,0.6776,1765686801,Will the November 2025 unemployment rate be 4.4%?
0x458eeb902e499b6af6761171f5b7e313b2c9892514db75002fd79522d785146a,0x9dd9e18b9dcc393705e73966bc79eccbbd9108bd,SELL,No,2456175065792455318996317372857348230979335242127626583449628159614625295895,0xe52215f8df326726c52d903926e4939e7ee7e23a2f68b9c814c2fb084c824615,0.77,33,25.41,1765652797,Will the November 2025 unemployment rate be 4.4%?
0x49643c9bb5597005414ad83b3ee1558e51f1c409f65ae8ac7a0830289d5651ff,0x9dd9e18b9dcc393705e73966bc79eccbbd9108bd,SELL,No,2456175065792455318996317372857348230979335242127626583449628159614625295895,0xe52215f8df326726c52d903926e4939e7ee7e23a2f68b9c814c2fb084c824615,0.77,40,30.8,1765652789,Will the November 2025 unemployment rate be 4.4%?
0xb66a8869a23282383f41cdc78fdc6c97c1639ee1e1a6d7a1e1a12ed08734a904,0x9dd9e18b9dcc393705e73966bc79eccbbd9108bd,SELL,No,2456175065792455318996317372857348230979335242127626583449628159614625295895,0xe52215f8df326726c52d903926e4939e7ee7e23a2f68b9c814c2fb084c824615,0.77,40,30.8,1765652781,Will the November 2025 unemployment rate be 4.4%?
0x5d87538ad88446edfcf155c86b2b30f19607231ff6976f5f95b79fe951cba808,0x9dd9e18b9dcc393705e73966bc79eccbbd9108bd,SELL,No,2456175065792455318996317372857348230979335242127626583449628159614625295895,0xe52215f8df326726c52d903926e4939e7ee7e23a2f68b9c814c2fb084c824615,0.77,40,30.8,1765652775,Will the November 2025 unemployment rate be 4.4%?
0x5f927fb929ee92465472dd8aaf49710b056a5e407393aeb3de1130557b151e01,0x9dd9e18b9dcc393705e73966bc79eccbbd9108bd,SELL,No,2456175065792455318996317372857348230979335242127626583449628159614625295895,0xe52215f8df326726c52d903926e4939e7ee7e23a2f68b9c814c2fb084c824615,0.77,40,30.8,1765646275,Will the November 2025 unemployment rate be 4.4%?
0xa66d169b68b7f6f489916ed03ccd2f5ba0dbacd1028713a9c5858314c12a24b2,0x9dd9e18b9dcc393705e73966bc79eccbbd9108bd,SELL,No,2456175065792455318996317372857348230979335242127626583449628159614625295895,0xe52215f8df326726c52d903926e4939e7ee7e23a2f68b9c814c2fb084c824615,0.77,24,18.48,1765646253,Will the November 2025 unemployment rate be 4.4%?
0x554e5dc1b26c9d35ec0ed2f44adcebeef7eaa52e7180f3826c2228fd849edaa4,0x9b5dc8793a43f26295a0c8eec3e58b041989fbb6,SELL,Yes,105881706191328976190525008903800515002858769177947829921340659866000531965012,0xe52215f8df326726c52d903926e4939e7ee7e23a2f68b9c814c2fb084c824615,0.22,6.62,1.4564000000000001,1765638185,Will the November 2025 unemployment rate be 4.4%?
0x9a2dcbe92678dd4ae497020d8bcec148ab91573de36cc108080f5c48d573470c,0x6f679c4a78330853ac7762a1cda0a469333f102c,SELL,Yes,105881706191328976190525008903800515002858769177947829921340659866000531965012,0xe52215f8df326726c52d903926e4939e7ee7e23a2f68b9c814c2fb084c824615,0.22,74.51,16.392200000000003,1765637997,Will the November 2025 unemployment rate be 4.4%?
0x1f5a8a0b84b9b730f43c689814f5c258218a69d6e04a13c35e8fafca8e2cf709,0x0ffcad4963e25dc150774363f4061ebe840c8236,SELL,Yes,105881706191328976190525008903800515002858769177947829921340659866000531965012,0xe52215f8df326726c52d903926e4939e7ee7e23a2f68b9c814c2fb084c824615,0.2306599484,81.37,18.768800001308,1765637997,Will the November 2025 unemployment rate be 4.4%?
0xd3b0f1bb7c33e42d0e0dcec80eeea79402b14519ed1fcea5f7ce6849ae3f609d,0x84ab480d1f83a8f7ad1eb2b7330b71fe858c3258,BUY,Yes,105881706191328976190525008903800515002858769177947829921340659866000531965012,0xe52215f8df326726c52d903926e4939e7ee7e23a2f68b9c814c2fb084c824615,0.2802893309,5.53,1.5499999998770002,1765637935,Will the November 2025 unemployment rate be 4.4%?
0xc11d1b9a7c4ff92455b4176565475d1195ba43bb5a5f8274b8fd9488613e83c5,0xe8dd7741ccb12350957ec71e9ee332e0d1e6ec86,BUY,No,2456175065792455318996317372857348230979335242127626583449628159614625295895,0xe52215f8df326726c52d903926e4939e7ee7e23a2f68b9c814c2fb084c824615,0.7684575276,32.415582,24.909997999435063,1765637927,Will the November 2025 unemployment rate be 4.4%?
0x0a4061a97a9e3a84eaef82d6b1bfe4c4ba3ab1476969fbbb5cbe04445ba5c5de,0xe8dd7741ccb12350957ec71e9ee332e0d1e6ec86,BUY,No,2456175065792455318996317372857348230979335242127626583449628159614625295895,0xe52215f8df326726c52d903926e4939e7ee7e23a2f68b9c814c2fb084c824615,0.7699999993,267.662334,206.09999699263633,1765637927,Will the November 2025 unemployment rate be 4.4%?
0xdb7cfd75ffa90870813f4c0c6c586fa37485cf2f53bd7bae65a12b8e6ca4e373,0x9dd9e18b9dcc393705e73966bc79eccbbd9108bd,BUY,No,2456175065792455318996317372857348230979335242127626583449628159614625295895,0xe52215f8df326726c52d903926e4939e7ee7e23a2f68b9c814c2fb084c824615,0.76,10,7.6,1765544322,Will the November 2025 unemployment rate be 4.4%?
0x7c0806e0f322dbd2dd56f3261406f8e4aa294b622a441554887f9424fa7ef3b8,0x9dd9e18b9dcc393705e73966bc79eccbbd9108bd,BUY,No,2456175065792455318996317372857348230979335242127626583449628159614625295895,0xe52215f8df326726c52d903926e4939e7ee7e23a2f68b9c814c2fb084c824615,0.74,6,4.4399999999999995,1765544320,Will the November 2025 unemployment rate be 4.4%?
0x575cadeec3bd630001cef8cdf461627350d2af7ac18a6c14adae7d00acaf044e,0xc468b3b8564017fcf2bf9ede2608a0ea24b1009d,SELL,No,2456175065792455318996317372857348230979335242127626583449628159614625295895,0xe52215f8df326726c52d903926e4939e7ee7e23a2f68b9c814c2fb084c824615,0.71,50,35.5,1765478135,Will the November 2025 unemployment rate be 4.4%?
0x60de37ff74dfe4baa2e96915569b8df58f55a5555a20305873e0d8a138ab36cd,0xf0b0ef1d6320c6be896b4c9c54dd74407e7f8cab,SELL,No,2456175065792455318996317372857348230979335242127626583449628159614625295895,0xe52215f8df326726c52d903926e4939e7ee7e23a2f68b9c814c2fb084c824615,0.71,3.08,2.1868,1765445583,Will the November 2025 unemployment rate be 4.4%?
0x0047ef069a7a59eccb4d02d77e81f70c12498bce9b9a02290813f1ac8101b78f,0x1a68258dfbcdada47b069099ded59b6e7b0833bf,SELL,No,2456175065792455318996317372857348230979335242127626583449628159614625295895,0xe52215f8df326726c52d903926e4939e7ee7e23a2f68b9c814c2fb084c824615,0.72,3.08,2.2176,1765443659,Will the November 2025 unemployment rate be 4.4%?
0xc002d8742d8027c2a7d20140129f89fa34798f8592fba0d70c31abb9499cec1a,0x9dd9e18b9dcc393705e73966bc79eccbbd9108bd,SELL,No,2456175065792455318996317372857348230979335242127626583449628159614625295895,0xe52215f8df326726c52d903926e4939e7ee7e23a2f68b9c814c2fb084c824615,0.73,17,12.41,1765435855,Will the November 2025 unemployment rate be 4.4%?
0xceeda8503862589afc58b03765ec14c00360c6bc0ce5a41519e60310c45ba686,0x9dd9e18b9dcc393705e73966bc79eccbbd9108bd,SELL,No,2456175065792455318996317372857348230979335242127626583449628159614625295895,0xe52215f8df326726c52d903926e4939e7ee7e23a2f68b9c814c2fb084c824615,0.74,10,7.4,1765432735,Will the November 2025 unemployment rate be 4.4%?
0x8b471b46fdbeeb3868f7ae63a7c8f043c7d1b1e601427ca6fb6d4f4c167ca814,0x9dd9e18b9dcc393705e73966bc79eccbbd9108bd,SELL,No,2456175065792455318996317372857348230979335242127626583449628159614625295895,0xe52215f8df326726c52d903926e4939e7ee7e23a2f68b9c814c2fb084c824615,0.73,6,4.38,1765426683,Will the November 2025 unemployment rate be 4.4%?
0xa91bfa1cac5ee3be0dec64484dbd6c77f4111765fce37474abc8cbfd885c11f7,0x9dd9e18b9dcc393705e73966bc79eccbbd9108bd,SELL,No,2456175065792455318996317372857348230979335242127626583449628159614625295895,0xe52215f8df326726c52d903926e4939e7ee7e23a2f68b9c814c2fb084c824615,0.73,39,28.47,1765416311,Will the November 2025 unemployment rate be 4.4%?
0xf7608c08b11a3ffcf316a4a2e1e3dd6aa26fc66c3e40f566b111e3b86db156a5,0x9dd9e18b9dcc393705e73966bc79eccbbd9108bd,SELL,No,2456175065792455318996317372857348230979335242127626583449628159614625295895,0xe52215f8df326726c52d903926e4939e7ee7e23a2f68b9c814c2fb084c824615,0.73,40,29.2,1765416255,Will the November 2025 unemployment rate be 4.4%?
0x78bf1e91334b1d67af65c9de61701055948c2620ff08552264f051162e1bf5bb,0x9dd9e18b9dcc393705e73966bc79eccbbd9108bd,SELL,No,2456175065792455318996317372857348230979335242127626583449628159614625295895,0xe52215f8df326726c52d903926e4939e7ee7e23a2f68b9c814c2fb084c824615,0.73,40,29.2,1765415745,Will the November 2025 unemployment rate be 4.4%?
0x8389cabc773d1a77e3c7a4aa9733b40ec553aff202fcde9bc12f97076dfe2abf,0x9dd9e18b9dcc393705e73966bc79eccbbd9108bd,SELL,No,2456175065792455318996317372857348230979335242127626583449628159614625295895,0xe52215f8df326726c52d903926e4939e7ee7e23a2f68b9c814c2fb084c824615,0.76,40,30.4,1765401578,Will the November 2025 unemployment rate be 4.4%?
0x05417e5d113734d7889933a56a3f7642f1a90b748e658be9bf6334cffec48c06,0x9dd9e18b9dcc393705e73966bc79eccbbd9108bd,SELL,No,2456175065792455318996317372857348230979335242127626583449628159614625295895,0xe52215f8df326726c52d903926e4939e7ee7e23a2f68b9c814c2fb084c824615,0.76,40,30.4,1765401570,Will the November 2025 unemployment rate be 4.4%?
0x25521f7ab331c1ec1b28ff16cd8428193dac081f3570477504f9832b3d1a1d32,0x4e8597641412546fd0a4059ad2bd36c74cdd61ea,BUY,Yes,105881706191328976190525008903800515002858769177947829921340659866000531965012,0xe52215f8df326726c52d903926e4939e7ee7e23a2f68b9c814c2fb084c824615,0.2899999907,68.965516,19.999998998620697,1765391566,Will the November 2025 unemployment rate be 4.4%?
0x0afeb17161643d972afb538a23847c16eb2678ae6f66e2465ee5bfa096cf8470,0x9dd9e18b9dcc393705e73966bc79eccbbd9108bd,BUY,No,2456175065792455318996317372857348230979335242127626583449628159614625295895,0xe52215f8df326726c52d903926e4939e7ee7e23a2f68b9c814c2fb084c824615,0.77,85,65.45,1765383470,Will the November 2025 unemployment rate be 4.4%?
0xc003e984d6d98a6794f26f6665e59599b2f65600a75f312156f0abd5303e1c16,0x9dd9e18b9dcc393705e73966bc79eccbbd9108bd,BUY,No,2456175065792455318996317372857348230979335242127626583449628159614625295895,0xe52215f8df326726c52d903926e4939e7ee7e23a2f68b9c814c2fb084c824615,0.77,100,77.0,1765383364,Will the November 2025 unemployment rate be 4.4%?
0x322bf971a9a0de127e6d2d79184f53028b170f379f9f908b8ce2be60d7581986,0x9dd9e18b9dcc393705e73966bc79eccbbd9108bd,BUY,No,2456175065792455318996317372857348230979335242127626583449628159614625295895,0xe52215f8df326726c52d903926e4939e7ee7e23a2f68b9c814c2fb084c824615,0.77,100,77.0,1765383362,Will the November 2025 unemployment rate be 4.4%?
0x209f24269b689e7d72e2a77761f6be96e7d0eedca131f14b37e4b21275391c31,0x9dd9e18b9dcc393705e73966bc79eccbbd9108bd,BUY,No,2456175065792455318996317372857348230979335242127626583449628159614625295895,0xe52215f8df326726c52d903926e4939e7ee7e23a2f68b9c814c2fb084c824615,0.77,15,11.55,1765383358,Will the November 2025 unemployment rate be 4.4%?
0xf0a3b26112b27a29c40c260874cc7e54210e6a72e2ccd6a752b39bda70327fe7,0x9dd9e18b9dcc393705e73966bc79eccbbd9108bd,BUY,No,2456175065792455318996317372857348230979335242127626583449628159614625295895,0xe52215f8df326726c52d903926e4939e7ee7e23a2f68b9c814c2fb084c824615,0.76,54,41.04,1765383356,Will the November 2025 unemployment rate be 4.4%?
0x92092d1664f3f31e63cfc69842a11eee14899db1bed4994c61eb75a0630d27c5,0xf0b0ef1d6320c6be896b4c9c54dd74407e7f8cab,SELL,No,2456175065792455318996317372857348230979335242127626583449628159614625295895,0xe52215f8df326726c52d903926e4939e7ee7e23a2f68b9c814c2fb084c824615,0.73,3.57,2.6060999999999996,1765382126,Will the November 2025 unemployment rate be 4.4%?
0x4d535c6c3e5bcca64e4064dd5e308d81153cb1edb2f0824370b39882d4009416,0x7e66798ccddc37e09346692f93c172a1b8db0d3a,BUY,Yes,105881706191328976190525008903800515002858769177947829921340659866000531965012,0xe52215f8df326726c52d903926e4939e7ee7e23a2f68b9c814c2fb084c824615,0.2799998432,3.571427,0.9999990000002463,1765357298,Will the November 2025 unemployment rate be 4.4%?
0xb4d2fbf2d1b996287fdb776c16c11ecf67241edb00010326438638bef3471bd8,0xafe2d777bf1d2f462933e737b07da2447e1de839,SELL,Yes,105881706191328976190525008903800515002858769177947829921340659866000531965012,0xe52215f8df326726c52d903926e4939e7ee7e23a2f68b9c814c2fb084c824615,0.2684821382,384.62,103.263599994484,1765325434,Will the November 2025 unemployment rate be 4.4%?
0xd62f61b56f76b15de7bbe2159c3d272b0059b15654f74887ffe9480bc60c240e,0x0ffcad4963e25dc150774363f4061ebe840c8236,BUY,Yes,105881706191328976190525008903800515002858769177947829921340659866000531965012,0xe52215f8df326726c52d903926e4939e7ee7e23a2f68b9c814c2fb084c824615,0.29,55,15.95,1765324076,Will the November 2025 unemployment rate be 4.4%?
0xd3a988ef0d76167065232a79221e7c073d688ce68543679371a58d6a722c3af0,0xd218e474776403a330142299f7796e8ba32eb5c9,BUY,No,2456175065792455318996317372857348230979335242127626583449628159614625295895,0xe52215f8df326726c52d903926e4939e7ee7e23a2f68b9c814c2fb084c824615,0.72,140,100.8,1765319756,Will the November 2025 unemployment rate be 4.4%?
0xf1dd412bef21022b9d59041f4d75eeb8025974ea5b12a96cdcfaaa2b1606980d,0xd218e474776403a330142299f7796e8ba32eb5c9,BUY,No,2456175065792455318996317372857348230979335242127626583449628159614625295895,0xe52215f8df326726c52d903926e4939e7ee7e23a2f68b9c814c2fb084c824615,0.72,10,7.199999999999999,1765317502,Will the November 2025 unemployment rate be 4.4%?
0x4e42dc64e0a612364ce9f6440af006f7bfb05d20c593dbcecb95350e6d6bdd26,0xd218e474776403a330142299f7796e8ba32eb5c9,BUY,No,2456175065792455318996317372857348230979335242127626583449628159614625295895,0xe52215f8df326726c52d903926e4939e7ee7e23a2f68b9c814c2fb084c824615,0.72,10,7.199999999999999,1765317500,Will the November 2025 unemployment rate be 4.4%?
0x0252e5b9b9e3f5861ce21937d8a2820b426fdda288b94cf89534c20fabd5dab2,0xe8dd7741ccb12350957ec71e9ee332e0d1e6ec86,BUY,No,2456175065792455318996317372857348230979335242127626583449628159614625295895,0xe52215f8df326726c52d903926e4939e7ee7e23a2f68b9c814c2fb084c824615,0.73,10,7.3,1765317472,Will the November 2025 unemployment rate be 4.4%?
0x13b074f9a30ce101e91c5754be29b419604add9f1305e0493cbcbc0869f46443,0xe8dd7741ccb12350957ec71e9ee332e0d1e6ec86,BUY,No,2456175065792455318996317372857348230979335242127626583449628159614625295895,0xe52215f8df326726c52d903926e4939e7ee7e23a2f68b9c814c2fb084c824615,0.73,10,7.3,1765317472,Will the November 2025 unemployment rate be 4.4%?
0xf3e8ae393838f4acfa2c1e7c88917a592dc7ba32f521df21c7f38640bb83d000,0x3376af22d333213cc84be18e9687d421ef5d3c7f,BUY,No,2456175065792455318996317372857348230979335242127626583449628159614625295895,0xe52215f8df326726c52d903926e4939e7ee7e23a2f68b9c814c2fb084c824615,0.73,20,14.6,1765317466,Will the November 2025 unemployment rate be 4.4%?
0x181c1ac77d1751a43ba085f5b5b065e2b6ac47b90e51c0b8a292ae9d144cd1f9,0x0ffcad4963e25dc150774363f4061ebe840c8236,BUY,Yes,105881706191328976190525008903800515002858769177947829921340659866000531965012,0xe52215f8df326726c52d903926e4939e7ee7e23a2f68b9c814c2fb084c824615,0.2687592395,252.99,67.993400001105,1765317466,Will the November 2025 unemployment rate be 4.4%?
0xf2068cf9423930ea32a26cc27fb56749b0477d62d6a8c062a7870ec506d99fee,0x767e731c9a40dc49bc705a572fcc6cbe89565d2d,BUY,No,2456175065792455318996317372857348230979335242127626583449628159614625295895,0xe52215f8df326726c52d903926e4939e7ee7e23a2f68b9c814c2fb084c824615,0.76,2.631575,1.9999970000000002,1765299236,Will the November 2025 unemployment rate be 4.4%?
0xca0cf72f39300b956d2d25f8ea80c192418432f2d280889bcbcea40ac2eba9fb,0x2818c3bbaf02cdeac7c2cd992b49e15ebf42793e,SELL,Yes,105881706191328976190525008903800515002858769177947829921340659866000531965012,0xe52215f8df326726c52d903926e4939e7ee7e23a2f68b9c814c2fb084c824615,0.24,5,1.2,1765287364,Will the November 2025 unemployment rate be 4.4%?
0x935d7aa6affc1a9894c1f65e425f5fd533af1f81c3204d3fa7af84302eff59d5,0x1a68258dfbcdada47b069099ded59b6e7b0833bf,SELL,No,2456175065792455318996317372857348230979335242127626583449628159614625295895,0xe52215f8df326726c52d903926e4939e7ee7e23a2f68b9c814c2fb084c824615,0.76,10.61,8.0636,1765230915,Will the November 2025 unemployment rate be 4.4%?
0x0ca226abff9e160df9e64312d808f3fc63cfeb1ba5425f6e4ee62316d0bd0cb0,0x1aba3c40acde42ce051c998abd1a9f064311c083,SELL,Yes,105881706191328976190525008903800515002858769177947829921340659866000531965012,0xe52215f8df326726c52d903926e4939e7ee7e23a2f68b9c814c2fb084c824615,0.21,7.24,1.5204,1765192573,Will the November 2025 unemployment rate be 4.4%?
0x712c49f28db33fafd7a02ec216cf731386e5d58998156e0882e4f4acdf81f137,0x9dd9e18b9dcc393705e73966bc79eccbbd9108bd,BUY,No,2456175065792455318996317372857348230979335242127626583449628159614625295895,0xe52215f8df326726c52d903926e4939e7ee7e23a2f68b9c814c2fb084c824615,0.77,72,55.44,1765174135,Will the November 2025 unemployment rate be 4.4%?
0x14c3ab61a85a3ec497dea51118dc03ee9e46683b5e2a44b61c636d9206f90319,0x794ee00b25562168a7cd57153fde97eec0d1b978,BUY,Yes,105881706191328976190525008903800515002858769177947829921340659866000531965012,0xe52215f8df326726c52d903926e4939e7ee7e23a2f68b9c814c2fb084c824615,0.25,8,2.0,1765146653,Will the November 2025 unemployment rate be 4.4%?
0xf94128b31820ed77269f7cbbc3beb9e0b627319d73fc734eeb075c0a4a16bd1b,0x9dd9e18b9dcc393705e73966bc79eccbbd9108bd,BUY,No,2456175065792455318996317372857348230979335242127626583449628159614625295895,0xe52215f8df326726c52d903926e4939e7ee7e23a2f68b9c814c2fb084c824615,0.78,27,21.060000000000002,1765145671,Will the November 2025 unemployment rate be 4.4%?
0x68be0db498424f39f5fb84e74dfb8d36518476e3d5e9e6989aff009c69b7e881,0x9dd9e18b9dcc393705e73966bc79eccbbd9108bd,BUY,No,2456175065792455318996317372857348230979335242127626583449628159614625295895,0xe52215f8df326726c52d903926e4939e7ee7e23a2f68b9c814c2fb084c824615,0.79,12,9.48,1765137299,Will the November 2025 unemployment rate be 4.4%?
0x0f84e1727078006a5d5e5de0c6527e8cf9c258d3206868fa42bf5c251d5c0d24,0xe3726a1b9c6ba2f06585d1c9e01d00afaedaeb38,SELL,Yes,105881706191328976190525008903800515002858769177947829921340659866000531965012,0xe52215f8df326726c52d903926e4939e7ee7e23a2f68b9c814c2fb084c824615,0.2,7.24,1.4480000000000002,1765029913,Will the November 2025 unemployment rate be 4.4%?
0x77d0df3f9f87d6931c20db7b5ce76e10a4b86e1330dea95f586dc83bd4965c0d,0xe3726a1b9c6ba2f06585d1c9e01d00afaedaeb38,SELL,Yes,105881706191328976190525008903800515002858769177947829921340659866000531965012,0xe52215f8df326726c52d903926e4939e7ee7e23a2f68b9c814c2fb084c824615,0.21,6.76,1.4196,1765029913,Will the November 2025 unemployment rate be 4.4%?
0x960a84ae85652242dee6cac0a37d40b5e12d53539108ebabf3b2c1ead617fc77,0xe3726a1b9c6ba2f06585d1c9e01d00afaedaeb38,SELL,Yes,105881706191328976190525008903800515002858769177947829921340659866000531965012,0xe52215f8df326726c52d903926e4939e7ee7e23a2f68b9c814c2fb084c824615,0.21,3.01,0.6320999999999999,1765029913,Will the November 2025 unemployment rate be 4.4%?
0xc3e6e78a4cdb34203153bb9c2cca2ebdf3bdcbe1d948c94f2ef4a8735f22f7c4,0x63d43bbb87f85af03b8f2f9e2fad7b54334fa2f1,BUY,No,2456175065792455318996317372857348230979335242127626583449628159614625295895,0xe52215f8df326726c52d903926e4939e7ee7e23a2f68b9c814c2fb084c824615,0.79,4.17,3.2943000000000002,1765029913,Will the November 2025 unemployment rate be 4.4%?
0x2accd243ca5c6e3eaf65b3d9cf27aadcb0563820912281dee5cb886405ffe5ca,0xe8dd7741ccb12350957ec71e9ee332e0d1e6ec86,BUY,No,2456175065792455318996317372857348230979335242127626583449628159614625295895,0xe52215f8df326726c52d903926e4939e7ee7e23a2f68b9c814c2fb084c824615,0.79,5,3.95,1765029859,Will the November 2025 unemployment rate be 4.4%?
0xff63c03347f21b9d40eed85a9139056939f804e1998091bfcc74b11f4261939e,0x9dd9e18b9dcc393705e73966bc79eccbbd9108bd,BUY,No,2456175065792455318996317372857348230979335242127626583449628159614625295895,0xe52215f8df326726c52d903926e4939e7ee7e23a2f68b9c814c2fb084c824615,0.79,6,4.74,1765027243,Will the November 2025 unemployment rate be 4.4%?
0xc80b87a3f64e55cf2ebb68dfd8dd9a7bfa729d73f0f2cc5ae01bb8f94f013610,0xc4d5a24a240ec9f52669e3251e0473fd0c5687cf,BUY,No,2456175065792455318996317372857348230979335242127626583449628159614625295895,0xe52215f8df326726c52d903926e4939e7ee7e23a2f68b9c814c2fb084c824615,0.775,10,7.75,1765019963,Will the November 2025 unemployment rate be 4.4%?
0x56528f2fd5ce2eb9398f3b9b7d6d9a5c4a811254a0238dd38adc52c1076b80b0,0x12a9d2e21165be7fda4f5a9bb6d222960c224aad,BUY,Yes,105881706191328976190525008903800515002858769177947829921340659866000531965012,0xe52215f8df326726c52d903926e4939e7ee7e23a2f68b9c814c2fb084c824615,0.269999937,11.11111,2.9999990000000705,1764951751,Will the November 2025 unemployment rate be 4.4%?
0x9802864d661bf7c26101fadc8cb33d2213929ca36864437b490f6285464d1ce6,0x7e80bce046111664667a7d6ee2a0c8cf2e19e160,BUY,Yes,105881706191328976190525008903800515002858769177947829921340659866000531965012,0xe52215f8df326726c52d903926e4939e7ee7e23a2f68b9c814c2fb084c824615,0.2599999272,7.692306,1.999999000000123,1764947327,Will the November 2025 unemployment rate be 4.4%?
0x89c12c0d841d330150eb61184d4637a729dec6fcddb758547814ac86a6e2dd7d,0x2818c3bbaf02cdeac7c2cd992b49e15ebf42793e,BUY,Yes,105881706191328976190525008903800515002858769177947829921340659866000531965012,0xe52215f8df326726c52d903926e4939e7ee7e23a2f68b9c814c2fb084c824615,0.26,5,1.3,1764940679,Will the November 2025 unemployment rate be 4.4%?
0x3faa9257ebde533cb8a7e533ddebebe0eaebadff19ea4e9d972467b8ec9b4a91,0xafe2d777bf1d2f462933e737b07da2447e1de839,BUY,Yes,105881706191328976190525008903800515002858769177947829921340659866000531965012,0xe52215f8df326726c52d903926e4939e7ee7e23a2f68b9c814c2fb084c824615,0.2599906018,384.629284,99.9999990170631,1764915471,Will the November 2025 unemployment rate be 4.4%?
0x100f1ec4ef5cea96e3d46d69c12e14a1c783fa5b06378df18452c96619122bcc,0xe3726a1b9c6ba2f06585d1c9e01d00afaedaeb38,SELL,Yes,105881706191328976190525008903800515002858769177947829921340659866000531965012,0xe52215f8df326726c52d903926e4939e7ee7e23a2f68b9c814c2fb084c824615,0.12,47.58,5.7096,1764915425,Will the November 2025 unemployment rate be 4.4%?
0xc4ea43582e88739239925c22b3c2b409c53168ca8ac193879eef25d5b7b56bef,0xd218e474776403a330142299f7796e8ba32eb5c9,BUY,No,2456175065792455318996317372857348230979335242127626583449628159614625295895,0xe52215f8df326726c52d903926e4939e7ee7e23a2f68b9c814c2fb084c824615,0.88,10,8.8,1764915425,Will the November 2025 unemployment rate be 4.4%?
0x2e0df766c9d5b0110c6bf217fa89c3c04383c9a4366d9e7fd74473c208005130,0x1d8c256b15d3cd1f5db221e70c77f552eb8d757a,BUY,No,2456175065792455318996317372857348230979335242127626583449628159614625295895,0xe52215f8df326726c52d903926e4939e7ee7e23a2f68b9c814c2fb084c824615,0.88,20,17.6,1764915425,Will the November 2025 unemployment rate be 4.4%?
0xe6dfe4128e2447c9145f57edc01a728620bb57a25c02580dfdfe4ffea6aa5835,0xe4cfbb89c05d3429280c69969aee2cfb7a4678c4,BUY,No,2456175065792455318996317372857348230979335242127626583449628159614625295895,0xe52215f8df326726c52d903926e4939e7ee7e23a2f68b9c814c2fb084c824615,0.83,5.57,4.6231,1764915359,Will the November 2025 unemployment rate be 4.4%?
0x199df10b887ed9cb8d4e5010f606182d5dac5ed757c44522bcd380a733503145,0xe4cfbb89c05d3429280c69969aee2cfb7a4678c4,BUY,No,2456175065792455318996317372857348230979335242127626583449628159614625295895,0xe52215f8df326726c52d903926e4939e7ee7e23a2f68b9c814c2fb084c824615,0.8799999458,1.477266,1.2999939999321828,1764915359,Will the November 2025 unemployment rate be 4.4%?
0x62b52f590ce431bb150c815f39bbc6259fe6065003fa104cb42f93a94f585b19,0x67899db00e25cb7195a9dc8f8d8fc55ec551cf8c,BUY,Yes,105881706191328976190525008903800515002858769177947829921340659866000531965012,0xe52215f8df326726c52d903926e4939e7ee7e23a2f68b9c814c2fb084c824615,0.21,2,0.42,1764875615,Will the November 2025 unemployment rate be 4.4%?
0x5f0ce2a48a29e88a67b774004557b68a05485bf2b19b8eab3a5909144647dccb,0xe8dd7741ccb12350957ec71e9ee332e0d1e6ec86,BUY,No,2456175065792455318996317372857348230979335242127626583449628159614625295895,0xe52215f8df326726c52d903926e4939e7ee7e23a2f68b9c814c2fb084c824615,0.8299996181,1.361444,1.1299980000645364,1764874517,Will the November 2025 unemployment rate be 4.4%?
0x57f6e6766cd5775a0b044eccf4d0d8f36c9f5c8a5bd23006b6159c77ac0f242f,0x67899db00e25cb7195a9dc8f8d8fc55ec551cf8c,SELL,Yes,105881706191328976190525008903800515002858769177947829921340659866000531965012,0xe52215f8df326726c52d903926e4939e7ee7e23a2f68b9c814c2fb084c824615,0.21,200,42.0,1764873575,Will the November 2025 unemployment rate be 4.4%?
0x994ff52072e525f1f5f05972909fe5d2baa5c1dd35ef01208992b7014a579829,0x67899db00e25cb7195a9dc8f8d8fc55ec551cf8c,SELL,Yes,105881706191328976190525008903800515002858769177947829921340659866000531965012,0xe52215f8df326726c52d903926e4939e7ee7e23a2f68b9c814c2fb084c824615,0.22,1000,220.0,1764873489,Will the November 2025 unemployment rate be 4.4%?
0xdba03901a682c1780b3a75a9790f3da4224e6645369d097bd86f38cb8071ff37,0x67899db00e25cb7195a9dc8f8d8fc55ec551cf8c,SELL,Yes,105881706191328976190525008903800515002858769177947829921340659866000531965012,0xe52215f8df326726c52d903926e4939e7ee7e23a2f68b9c814c2fb084c824615,0.26,334.98,87.0948,1764873473,Will the November 2025 unemployment rate be 4.4%?
0x50b01a713f007789efd365b8b1b9b37eed7af5f1f0715ce464ae3eafce0b82c6,0x67899db00e25cb7195a9dc8f8d8fc55ec551cf8c,SELL,Yes,105881706191328976190525008903800515002858769177947829921340659866000531965012,0xe52215f8df326726c52d903926e4939e7ee7e23a2f68b9c814c2fb084c824615,0.27,47.69,12.8763,1764873469,Will the November 2025 unemployment rate be 4.4%?
0xd223a104ed233aa6702985d85b06d7610ccba83470b105e9ed6981767e5eac8d,0x1a68258dfbcdada47b069099ded59b6e7b0833bf,BUY,No,2456175065792455318996317372857348230979335242127626583449628159614625295895,0xe52215f8df326726c52d903926e4939e7ee7e23a2f68b9c814c2fb084c824615,0.7299999876,13.698629,9.999999000137,1764862285,Will the November 2025 unemployment rate be 4.4%?
0x642b9ef822e38334c7562a793e32fca6dba37e68f5c690fa11c1c0d69bea87c5,0xd085c89633c877d4f004f48af00aaea1c755e963,BUY,No,2456175065792455318996317372857348230979335242127626583449628159614625295895,0xe52215f8df326726c52d903926e4939e7ee7e23a2f68b9c814c2fb084c824615,0.7199999654,6.944442,4.999997999722306,1764857251,Will the November 2025 unemployment rate be 4.4%?
0x0ca4a1570e0d51ba9969b94b4ac9b001fab2ca788277538b27150d10f1352776,0x0ca13b829eef213bc16bf93aca93725653db73f0,SELL,Yes,105881706191328976190525008903800515002858769177947829921340659866000531965012,0xe52215f8df326726c52d903926e4939e7ee7e23a2f68b9c814c2fb084c824615,0.28,8.1,2.2680000000000002,1764853233,Will the November 2025 unemployment rate be 4.4%?
0xe743f9c9d9aae0dc363d3f676f6731ade42960d9f969c9c539f47cfa56f1062d,0x91be244b7655246cf19063ba46f73589bec71da9,BUY,Yes,105881706191328976190525008903800515002858769177947829921340659866000531965012,0xe52215f8df326726c52d903926e4939e7ee7e23a2f68b9c814c2fb084c824615,0.3099999851,27.451611,8.509999000970996,1764846383,Will the November 2025 unemployment rate be 4.4%?
0x96891b87470e90814fd812e8acf2c56d154f0d87a40a847e79b46b5c82ce705e,0xfcb3872300bd1b44cae0430f00fbb8443ce2a66a,BUY,Yes,105881706191328976190525008903800515002858769177947829921340659866000531965012,0xe52215f8df326726c52d903926e4939e7ee7e23a2f68b9c814c2fb084c824615,0.299999981,26.366665,7.909998999033366,1764845897,Will the November 2025 unemployment rate be 4.4%?
0x0e4243467f7cf13b85a5e4130a9f965b08e6d4a28a6680522337394005bd5477,0x44d9c0dbd36fc43ed6d448d073c3d74b610f99ba,BUY,No,2456175065792455318996317372857348230979335242127626583449628159614625295895,0xe52215f8df326726c52d903926e4939e7ee7e23a2f68b9c814c2fb084c824615,0.7299999711,32.835615,23.969998001050726,1764845831,Will the November 2025 unemployment rate be 4.4%?
0x60b7965bccfc15700ba5b5a520ce44a16c67fdbb17fea5948cf2f0b018392f67,0xea76ec6f8f7c8c9a27b82f7383a572a75f8f4397,BUY,No,2456175065792455318996317372857348230979335242127626583449628159614625295895,0xe52215f8df326726c52d903926e4939e7ee7e23a2f68b9c814c2fb084c824615,0.7299999886,21.109588,15.409998999350696,1764845821,Will the November 2025 unemployment rate be 4.4%?
0x27c7399723e4f84a2375fd4621bbd95702f5de24eb8be787b0f0364da1d3f15f,0xf0b0ef1d6320c6be896b4c9c54dd74407e7f8cab,SELL,Yes,105881706191328976190525008903800515002858769177947829921340659866000531965012,0xe52215f8df326726c52d903926e4939e7ee7e23a2f68b9c814c2fb084c824615,0.26,52.21,13.5746,1764842221,Will the November 2025 unemployment rate be 4.4%?
0x181f7f7a451c033a362576fc916ea6079cb23fbdbf164e2067b41c0f3c6c945e,0x2bcd792138a4e184f791b05d9c5c70e3c8f7cbfb,BUY,No,2456175065792455318996317372857348230979335242127626583449628159614625295895,0xe52215f8df326726c52d903926e4939e7ee7e23a2f68b9c814c2fb084c824615,0.7299999974,82.191777,59.99999699630138,1764837565,Will the November 2025 unemployment rate be 4.4%?
0x0d0a13ea59ceda6282949a2353ad99ed92d45889159688def712df8bf900de3a,0x483aef1d76482ef6b0a705226987e7210ab85efd,BUY,No,2456175065792455318996317372857348230979335242127626583449628159614625295895,0xe52215f8df326726c52d903926e4939e7ee7e23a2f68b9c814c2fb084c824615,0.7209543629,27.449725,19.789998999155205,1764835305,Will the November 2025 unemployment rate be 4.4%?
0x0e54d59cf20535051c4d979468844c9e702390c934edf538de99eaa604770ac6,0xf9f5711476fb99decfe6350ed7096fb1b05a1832,BUY,Yes,105881706191328976190525008903800515002858769177947829921340659866000531965012,0xe52215f8df326726c52d903926e4939e7ee7e23a2f68b9c814c2fb084c824615,0.2987187526,28.488332,8.509998998694664,1764834883,Will the November 2025 unemployment rate be 4.4%?
0xbffacbfe8837611124c18ebfb0580b152f93fe978ec730a321395e68f16c2992,0x28c00d3cca8199e7b478b2a7ae76fa5104c1b079,BUY,No,2456175065792455318996317372857348230979335242127626583449628159614625295895,0xe52215f8df326726c52d903926e4939e7ee7e23a2f68b9c814c2fb084c824615,0.729999991,27.739725,20.249999000342477,1764834407,Will the November 2025 unemployment rate be 4.4%?
0xce5a0210edc2f4d69a7b2520f26194cfe025e5c1b21d8a2c07304ced9b1d3916,0xb3945466dc9fba66ffd860538fdf9a75bccfa753,BUY,Yes,105881706191328976190525008903800515002858769177947829921340659866000531965012,0xe52215f8df326726c52d903926e4939e7ee7e23a2f68b9c814c2fb084c824615,0.2899999795,26.344826,7.639998999931067,1764834397,Will the November 2025 unemployment rate be 4.4%?
0x012b181cf3c6b99d7374b815ca17bf3c0884a63acf5a180121a5958eb9d34b00,0xe9dac7c21729e283d948f78e5fe74f79e4a7ed70,BUY,No,2456175065792455318996317372857348230979335242127626583449628159614625295895,0xe52215f8df326726c52d903926e4939e7ee7e23a2f68b9c814c2fb084c824615,0.74,12.05,8.917,1764806813,Will the November 2025 unemployment rate be 4.4%?
0xe2e314d7a3279e6e3d8f30251ca22f76d3263e4eec61ce971ffd18a1e567c855,0x17e61b1f9556c0f885a4b022b9a1e9f654c06fcb,SELL,Yes,105881706191328976190525008903800515002858769177947829921340659866000531965012,0xe52215f8df326726c52d903926e4939e7ee7e23a2f68b9c814c2fb084c824615,0.3,100,30.0,1764794929,Will the November 2025 unemployment rate be 4.4%?
0xd292c1f811bb7a3b7acbac1f2ebf12d7b4696a36d962c8be8df4f2f70dd885ec,0x67899db00e25cb7195a9dc8f8d8fc55ec551cf8c,BUY,Yes,105881706191328976190525008903800515002858769177947829921340659866000531965012,0xe52215f8df326726c52d903926e4939e7ee7e23a2f68b9c814c2fb084c824615,0.3499998775,2.857141,0.9999990000002275,1764794157,Will the November 2025 unemployment rate be 4.4%?
0x8ec651c7c4b9b8b6d70196f92450deca52cf534656dd970c7779587c91725aa5,0x17e61b1f9556c0f885a4b022b9a1e9f654c06fcb,SELL,Yes,105881706191328976190525008903800515002858769177947829921340659866000531965012,0xe52215f8df326726c52d903926e4939e7ee7e23a2f68b9c814c2fb084c824615,0.3243859649,1.14,0.36979999998599994,1764791841,Will the November 2025 unemployment rate be 4.4%?
0xf13a9aa305dd45c035570fd2b8a388c1a72d4a2ffe52f80c697700a238db4f6b,0x17e61b1f9556c0f885a4b022b9a1e9f654c06fcb,SELL,Yes,105881706191328976190525008903800515002858769177947829921340659866000531965012,0xe52215f8df326726c52d903926e4939e7ee7e23a2f68b9c814c2fb084c824615,0.35,18.75,6.5625,1764791817,Will the November 2025 unemployment rate be 4.4%?
0x66c8a6be5dc71426556463eb31d6452439442e15e161d4ac125060515c5a02cf,0x3f4f9145904c7b3261c3bbe05fcea64d9d91b4b3,SELL,No,2456175065792455318996317372857348230979335242127626583449628159614625295895,0xe52215f8df326726c52d903926e4939e7ee7e23a2f68b9c814c2fb084c824615,0.64,16.94,10.841600000000001,1764791721,Will the November 2025 unemployment rate be 4.4%?
0x46e03c18ab45fd3f729a7a1832acb368a277a50b41fdebe9c57c98d2eed61331,0x9dd9e18b9dcc393705e73966bc79eccbbd9108bd,BUY,No,2456175065792455318996317372857348230979335242127626583449628159614625295895,0xe52215f8df326726c52d903926e4939e7ee7e23a2f68b9c814c2fb084c824615,0.66,8,5.28,1764790723,Will the November 2025 unemployment rate be 4.4%?
0x0d2d2786054ec299cc1df3b4d1e2495fdfb69a53c0c357b7277c99ec04a39d30,0x9dd9e18b9dcc393705e73966bc79eccbbd9108bd,BUY,No,2456175065792455318996317372857348230979335242127626583449628159614625295895,0xe52215f8df326726c52d903926e4939e7ee7e23a2f68b9c814c2fb084c824615,0.67,63,42.21,1764790625,Will the November 2025 unemployment rate be 4.4%?
0x148e6fb1291d704713d3ab0a5bad74a48028c58c92850f28c20f6ad248b8cc48,0x9dd9e18b9dcc393705e73966bc79eccbbd9108bd,BUY,No,2456175065792455318996317372857348230979335242127626583449628159614625295895,0xe52215f8df326726c52d903926e4939e7ee7e23a2f68b9c814c2fb084c824615,0.68,18,12.24,1764790545,Will the November 2025 unemployment rate be 4.4%?
0x4aff68d47cc60fd8ee7e30bbdf9f80df2254f2c68899f9323830e088fe8fad9e,0x67899db00e25cb7195a9dc8f8d8fc55ec551cf8c,BUY,Yes,105881706191328976190525008903800515002858769177947829921340659866000531965012,0xe52215f8df326726c52d903926e4939e7ee7e23a2f68b9c814c2fb084c824615,0.3941800347,2029.52947,799.9999969092726,1764790539,Will the November 2025 unemployment rate be 4.4%?
0x83a6643ab0806b26fa4fbd40478e1b729270adb048d028582f0a0e2579852fc4,0x63d43bbb87f85af03b8f2f9e2fad7b54334fa2f1,BUY,No,2456175065792455318996317372857348230979335242127626583449628159614625295895,0xe52215f8df326726c52d903926e4939e7ee7e23a2f68b9c814c2fb084c824615,0.68,6.36,4.324800000000001,1764790537,Will the November 2025 unemployment rate be 4.4%?
0xf3b794c90a7cd4314ac344b1df2de6d7ec82f7539bdd0ceb5f959676542d82eb,0x67899db00e25cb7195a9dc8f8d8fc55ec551cf8c,BUY,Yes,105881706191328976190525008903800515002858769177947829921340659866000531965012,0xe52215f8df326726c52d903926e4939e7ee7e23a2f68b9c814c2fb084c824615,0.3099998295,3.225805,0.9999990000002474,1764785591,Will the November 2025 unemployment rate be 4.4%?
0x4543d91fde7adc37828e6ee136f8140abcbf2087d066ac201a408e04fcb70ec6,0x67899db00e25cb7195a9dc8f8d8fc55ec551cf8c,BUY,Yes,105881706191328976190525008903800515002858769177947829921340659866000531965012,0xe52215f8df326726c52d903926e4939e7ee7e23a2f68b9c814c2fb084c824615,0.3099998295,3.225805,0.9999990000002474,1764785115,Will the November 2025 unemployment rate be 4.4%?
0xba5aa6d1ae8a6b96da6b04a11c392514d780df6409bfea6fd54f405dde4bcad2,0x30cecdf29f069563ea21b8ae94492e41e53a6b2b,BUY,No,2456175065792455318996317372857348230979335242127626583449628159614625295895,0xe52215f8df326726c52d903926e4939e7ee7e23a2f68b9c814c2fb084c824615,0.7307272727,1.1,0.8037999999700001,1764781631,Will the November 2025 unemployment rate be 4.4%?
0xf5b06b1ba67f8d5cea327e5d1224340031e7c7d491728eae94497c34dcaeeaae,0x9dd9e18b9dcc393705e73966bc79eccbbd9108bd,BUY,No,2456175065792455318996317372857348230979335242127626583449628159614625295895,0xe52215f8df326726c52d903926e4939e7ee7e23a2f68b9c814c2fb084c824615,0.71,75,53.25,1764770111,Will the November 2025 unemployment rate be 4.4%?
0x59f16d587dcb720e27d1562775422c98bffe751929d4d1eb35c23d24eb044dc6,0x9dd9e18b9dcc393705e73966bc79eccbbd9108bd,BUY,No,2456175065792455318996317372857348230979335242127626583449628159614625295895,0xe52215f8df326726c52d903926e4939e7ee7e23a2f68b9c814c2fb084c824615,0.71,100,71.0,1764770109,Will the November 2025 unemployment rate be 4.4%?
0x1c31a7510e1f6fe8ef577ffe24e159eb59747171b4aa028fda0909eabf9a3bdf,0x9dd9e18b9dcc393705e73966bc79eccbbd9108bd,BUY,No,2456175065792455318996317372857348230979335242127626583449628159614625295895,0xe52215f8df326726c52d903926e4939e7ee7e23a2f68b9c814c2fb084c824615,0.71,54,38.339999999999996,1764768659,Will the November 2025 unemployment rate be 4.4%?
0x56d0e48e6f3cafca2d206a88971287e086427533f59f9c2b4f8544c88d9085ee,0x9dd9e18b9dcc393705e73966bc79eccbbd9108bd,BUY,No,2456175065792455318996317372857348230979335242127626583449628159614625295895,0xe52215f8df326726c52d903926e4939e7ee7e23a2f68b9c814c2fb084c824615,0.71,28,19.88,1764739591,Will the November 2025 unemployment rate be 4.4%?
0x9d887d6241188bb0e30acfafe57ac2e635dc902123f18495d06c8ed5758de3ab,0x9dd9e18b9dcc393705e73966bc79eccbbd9108bd,BUY,No,2456175065792455318996317372857348230979335242127626583449628159614625295895,0xe52215f8df326726c52d903926e4939e7ee7e23a2f68b9c814c2fb084c824615,0.71,100,71.0,1764739587,Will the November 2025 unemployment rate be 4.4%?
0xbdd7173f04059cecc11a83fb448fcb3beb7ef8e1005620c15e0ec36f59307bda,0x9dd9e18b9dcc393705e73966bc79eccbbd9108bd,BUY,No,2456175065792455318996317372857348230979335242127626583449628159614625295895,0xe52215f8df326726c52d903926e4939e7ee7e23a2f68b9c814c2fb084c824615,0.71,100,71.0,1764739581,Will the November 2025 unemployment rate be 4.4%?
0xc041f953f135be12be732cd502698161864d376dfa9059de7f9006ade230b4d2,0x9dd9e18b9dcc393705e73966bc79eccbbd9108bd,BUY,No,2456175065792455318996317372857348230979335242127626583449628159614625295895,0xe52215f8df326726c52d903926e4939e7ee7e23a2f68b9c814c2fb084c824615,0.71,11,7.81,1764735751,Will the November 2025 unemployment rate be 4.4%?
0x80ab76fb4095b7e17da851306795f57bf74474653134452fbe9fd2d801179ac4,0x9dd9e18b9dcc393705e73966bc79eccbbd9108bd,BUY,No,2456175065792455318996317372857348230979335242127626583449628159614625295895,0xe52215f8df326726c52d903926e4939e7ee7e23a2f68b9c814c2fb084c824615,0.7,10,7.0,1764732695,Will the November 2025 unemployment rate be 4.4%?
0x7c011e65f1132802a5d6ead4bd9bf29380c05a61665a79854dd4c0c44e915efe,0x9dd9e18b9dcc393705e73966bc79eccbbd9108bd,BUY,No,2456175065792455318996317372857348230979335242127626583449628159614625295895,0xe52215f8df326726c52d903926e4939e7ee7e23a2f68b9c814c2fb084c824615,0.71,16,11.36,1764729635,Will the November 2025 unemployment rate be 4.4%?
0xa2ad4c7ee12cb392c63d9c4ed517cc86b4e74c57a6c6120f78dfaba45e770324,0x26ea7de5a14d84989a910a326fa522321cc667ad,SELL,Yes,105881706191328976190525008903800515002858769177947829921340659866000531965012,0xe52215f8df326726c52d903926e4939e7ee7e23a2f68b9c814c2fb084c824615,0.29,16.66,4.8313999999999995,1764709149,Will the November 2025 unemployment rate be 4.4%?
0x91b85a6a7fbd226074ad77b228d1532306ff092e29b24c7318af9bae3ce73ff4,0x2ed8f7a10686dbb0fb15f5c3335f30e0043793d4,BUY,Yes,105881706191328976190525008903800515002858769177947829921340659866000531965012,0xe52215f8df326726c52d903926e4939e7ee7e23a2f68b9c814c2fb084c824615,0.33,31.36,10.3488,1764686526,Will the November 2025 unemployment rate be 4.4%?
0xb18904dfd10601ceb7fdec1cd273165a91119982e39c0ccece2f8db0284962a6,0x9dd9e18b9dcc393705e73966bc79eccbbd9108bd,BUY,No,2456175065792455318996317372857348230979335242127626583449628159614625295895,0xe52215f8df326726c52d903926e4939e7ee7e23a2f68b9c814c2fb084c824615,0.69,100,69.0,1764680332,Will the November 2025 unemployment rate be 4.4%?
0x3c17717c11277670771613828f6e9a175284207bf9325d55fda24ee60704bc96,0x9dd9e18b9dcc393705e73966bc79eccbbd9108bd,BUY,No,2456175065792455318996317372857348230979335242127626583449628159614625295895,0xe52215f8df326726c52d903926e4939e7ee7e23a2f68b9c814c2fb084c824615,0.69,100,69.0,1764680330,Will the November 2025 unemployment rate be 4.4%?
0x461c1ed647391836839a5fbeb7538211f14b6a07670ba695cbc00f988618d0ce,0x9dd9e18b9dcc393705e73966bc79eccbbd9108bd,BUY,No,2456175065792455318996317372857348230979335242127626583449628159614625295895,0xe52215f8df326726c52d903926e4939e7ee7e23a2f68b9c814c2fb084c824615,0.69,100,69.0,1764680330,Will the November 2025 unemployment rate be 4.4%?
0xa2a36175e39083ef346d34f46ddb4cc1b42a539bbff6dc7086e545cc936dc08e,0x9dd9e18b9dcc393705e73966bc79eccbbd9108bd,BUY,No,2456175065792455318996317372857348230979335242127626583449628159614625295895,0xe52215f8df326726c52d903926e4939e7ee7e23a2f68b9c814c2fb084c824615,0.69,100,69.0,1764680316,Will the November 2025 unemployment rate be 4.4%?
0x004b49bd3ec131758a691895cbc891c24a9efccea87687b03d90a81a88a55442,0x9dd9e18b9dcc393705e73966bc79eccbbd9108bd,BUY,No,2456175065792455318996317372857348230979335242127626583449628159614625295895,0xe52215f8df326726c52d903926e4939e7ee7e23a2f68b9c814c2fb084c824615,0.69,100,69.0,1764680312,Will the November 2025 unemployment rate be 4.4%?
0x4e14db0d477481fd2560209347973c4035f62b580e03919fcdb9337bb30257c5,0x9dd9e18b9dcc393705e73966bc79eccbbd9108bd,BUY,No,2456175065792455318996317372857348230979335242127626583449628159614625295895,0xe52215f8df326726c52d903926e4939e7ee7e23a2f68b9c814c2fb084c824615,0.69,100,69.0,1764680312,Will the November 2025 unemployment rate be 4.4%?
0x810b0c91e224966719d2f42f2e2a0a37f7d97250741b7e10c1e99f8ce94629e7,0x9dd9e18b9dcc393705e73966bc79eccbbd9108bd,BUY,No,2456175065792455318996317372857348230979335242127626583449628159614625295895,0xe52215f8df326726c52d903926e4939e7ee7e23a2f68b9c814c2fb084c824615,0.69,100,69.0,1764680310,Will the November 2025 unemployment rate be 4.4%?
0x9fa86143d3d6053c8cb479bf82169eb4aa126e43bad3075608ce6e39bd61b204,0x9dd9e18b9dcc393705e73966bc79eccbbd9108bd,BUY,No,2456175065792455318996317372857348230979335242127626583449628159614625295895,0xe52215f8df326726c52d903926e4939e7ee7e23a2f68b9c814c2fb084c824615,0.69,100,69.0,1764680308,Will the November 2025 unemployment rate be 4.4%?
0x49c20d5d210e16caa3f85fd90309f8bcc4c4c9588028162ec9981735cc2e7355,0x9dd9e18b9dcc393705e73966bc79eccbbd9108bd,BUY,No,2456175065792455318996317372857348230979335242127626583449628159614625295895,0xe52215f8df326726c52d903926e4939e7ee7e23a2f68b9c814c2fb084c824615,0.69,100,69.0,1764680304,Will the November 2025 unemployment rate be 4.4%?
0xd5ca26d5493b4fdba6f4d79f08f4e03ebc3333ecae06b07106a0b96120dad674,0x9dd9e18b9dcc393705e73966bc79eccbbd9108bd,BUY,No,2456175065792455318996317372857348230979335242127626583449628159614625295895,0xe52215f8df326726c52d903926e4939e7ee7e23a2f68b9c814c2fb084c824615,0.69,100,69.0,1764680304,Will the November 2025 unemployment rate be 4.4%?
0x51647d26bfbbde7beb6ff167eef8e6697ecf41f8f5816c7d7aa08fe7aaaa6483,0x9dd9e18b9dcc393705e73966bc79eccbbd9108bd,BUY,No,2456175065792455318996317372857348230979335242127626583449628159614625295895,0xe52215f8df326726c52d903926e4939e7ee7e23a2f68b9c814c2fb084c824615,0.69,6,4.14,1764677902,Will the November 2025 unemployment rate be 4.4%?
0x116f2ab2a42b9f3a6200e688f73ac760741d2d608a5c19041199ff4959007669,0x9dd9e18b9dcc393705e73966bc79eccbbd9108bd,BUY,No,2456175065792455318996317372857348230979335242127626583449628159614625295895,0xe52215f8df326726c52d903926e4939e7ee7e23a2f68b9c814c2fb084c824615,0.69,10,6.8999999999999995,1764667660,Will the November 2025 unemployment rate be 4.4%?
0xd9bce42f361f6e73c6c795a6e62431926c5793ee54c2f087349d3341796131e7,0x9dd9e18b9dcc393705e73966bc79eccbbd9108bd,BUY,No,2456175065792455318996317372857348230979335242127626583449628159614625295895,0xe52215f8df326726c52d903926e4939e7ee7e23a2f68b9c814c2fb084c824615,0.69,20,13.799999999999999,1764650458,Will the November 2025 unemployment rate be 4.4%?
0x057c5d15d324c6968c0318d18b67727bafd94825dc4fc8ea27db511b6fb548a8,0x9dd9e18b9dcc393705e73966bc79eccbbd9108bd,BUY,No,2456175065792455318996317372857348230979335242127626583449628159614625295895,0xe52215f8df326726c52d903926e4939e7ee7e23a2f68b9c814c2fb084c824615,0.69,20,13.799999999999999,1764650002,Will the November 2025 unemployment rate be 4.4%?
0xdb0d657d2cafbec2e788524cd7e9e6f594aeb4f30b98ed1b79aedcded91a5f03,0x9dd9e18b9dcc393705e73966bc79eccbbd9108bd,BUY,No,2456175065792455318996317372857348230979335242127626583449628159614625295895,0xe52215f8df326726c52d903926e4939e7ee7e23a2f68b9c814c2fb084c824615,0.69,12,8.28,1764649110,Will the November 2025 unemployment rate be 4.4%?
0xf81bd70406e91ee4a8d6ef5e694e2c4169205364e5c458bfd0b38d8607952236,0x9dd9e18b9dcc393705e73966bc79eccbbd9108bd,BUY,No,2456175065792455318996317372857348230979335242127626583449628159614625295895,0xe52215f8df326726c52d903926e4939e7ee7e23a2f68b9c814c2fb084c824615,0.69,98,67.61999999999999,1764648170,Will the November 2025 unemployment rate be 4.4%?
0x99867265a881c54b2e98600bf55bf39dd70e9ddc06d92f480bcf0c8f5d2c7b7d,0x9dd9e18b9dcc393705e73966bc79eccbbd9108bd,BUY,No,2456175065792455318996317372857348230979335242127626583449628159614625295895,0xe52215f8df326726c52d903926e4939e7ee7e23a2f68b9c814c2fb084c824615,0.69,100,69.0,1764648170,Will the November 2025 unemployment rate be 4.4%?
0x79718bbcfa17d0afeb36e44ca17cdb83bdc3959ae760afb2ab92a35b4fa79197,0x9dd9e18b9dcc393705e73966bc79eccbbd9108bd,BUY,No,2456175065792455318996317372857348230979335242127626583449628159614625295895,0xe52215f8df326726c52d903926e4939e7ee7e23a2f68b9c814c2fb084c824615,0.69,100,69.0,1764647824,Will the November 2025 unemployment rate be 4.4%?
0x07d5c467af77e66d4a3dea686a3626737ba922d78ba4fc89184ec874281876c1,0x9dd9e18b9dcc393705e73966bc79eccbbd9108bd,BUY,No,2456175065792455318996317372857348230979335242127626583449628159614625295895,0xe52215f8df326726c52d903926e4939e7ee7e23a2f68b9c814c2fb084c824615,0.69,100,69.0,1764647822,Will the November 2025 unemployment rate be 4.4%?
0xaa80e025cbba2d0d8ebc9e74f45f5fab5fdaf2d5571a75438cc9511c86265a64,0x9dd9e18b9dcc393705e73966bc79eccbbd9108bd,BUY,No,2456175065792455318996317372857348230979335242127626583449628159614625295895,0xe52215f8df326726c52d903926e4939e7ee7e23a2f68b9c814c2fb084c824615,0.69,9,6.209999999999999,1764647820,Will the November 2025 unemployment rate be 4.4%?
0x24fbe1d3dbc05a60e42980b1e92a5b322186ae05dd8019c8fa021c035e1d43d0,0x9dd9e18b9dcc393705e73966bc79eccbbd9108bd,BUY,No,2456175065792455318996317372857348230979335242127626583449628159614625295895,0xe52215f8df326726c52d903926e4939e7ee7e23a2f68b9c814c2fb084c824615,0.69,100,69.0,1764647818,Will the November 2025 unemployment rate be 4.4%?
0x7d3aa45e0421128009b76f4874fe9c213f5213620a5fa098293b858f087c49f0,0x9dd9e18b9dcc393705e73966bc79eccbbd9108bd,BUY,No,2456175065792455318996317372857348230979335242127626583449628159614625295895,0xe52215f8df326726c52d903926e4939e7ee7e23a2f68b9c814c2fb084c824615,0.69,50,34.5,1764647790,Will the November 2025 unemployment rate be 4.4%?
0xfe138e29ae9ce9b2ff06f90f45fd2573b60b2b0f97ab573e701bc86b604c69e8,0x9dd9e18b9dcc393705e73966bc79eccbbd9108bd,BUY,No,2456175065792455318996317372857348230979335242127626583449628159614625295895,0xe52215f8df326726c52d903926e4939e7ee7e23a2f68b9c814c2fb084c824615,0.69,100,69.0,1764647788,Will the November 2025 unemployment rate be 4.4%?
0x7fc73f3978ef7c0457ca04c8d9e7b53a884f9715f46af089f7a1269495c3f581,0x9dd9e18b9dcc393705e73966bc79eccbbd9108bd,BUY,No,2456175065792455318996317372857348230979335242127626583449628159614625295895,0xe52215f8df326726c52d903926e4939e7ee7e23a2f68b9c814c2fb084c824615,0.69,100,69.0,1764647786,Will the November 2025 unemployment rate be 4.4%?
0xf8c2d70a8e2848abdaf345e699bbfc9f66030b5596c4fde98587949536d47cf2,0xd250b04ad16b042f54dfe9ca6df30c0fe31fe9a6,BUY,No,2456175065792455318996317372857348230979335242127626583449628159614625295895,0xe52215f8df326726c52d903926e4939e7ee7e23a2f68b9c814c2fb084c824615,0.6899999586,1.449274,0.9999990000000563,1764647754,Will the November 2025 unemployment rate be 4.4%?
0xcb0c9a5a4233e2df3182883377ed04a3675395cb5432348604c10af7dac5ce00,0x63d43bbb87f85af03b8f2f9e2fad7b54334fa2f1,BUY,No,2456175065792455318996317372857348230979335242127626583449628159614625295895,0xe52215f8df326726c52d903926e4939e7ee7e23a2f68b9c814c2fb084c824615,0.69,76.92,53.074799999999996,1764647748,Will the November 2025 unemployment rate be 4.4%?
0x39c493ff7bb4c30f4ed8bf2672af5f5bf8c8122d604b5074ba44b15eed4a4d83,0xd218e474776403a330142299f7796e8ba32eb5c9,BUY,No,2456175065792455318996317372857348230979335242127626583449628159614625295895,0xe52215f8df326726c52d903926e4939e7ee7e23a2f68b9c814c2fb084c824615,0.69,70,48.3,1764647748,Will the November 2025 unemployment rate be 4.4%?
0x769780a90e958357a1588fa8cfbc381f853a00fe36ffeccdb32a7f89382abc6b,0xe8dd7741ccb12350957ec71e9ee332e0d1e6ec86,BUY,No,2456175065792455318996317372857348230979335242127626583449628159614625295895,0xe52215f8df326726c52d903926e4939e7ee7e23a2f68b9c814c2fb084c824615,0.6899999783,6.927535,4.7799989996724905,1764647748,Will the November 2025 unemployment rate be 4.4%?
0x1ca2808e6eba9dd7442e09e33582a1c20b599a3bd353a18995d96e9ba7b2a645,0xa469fecbc8a7fdddd166f8ecffde9fb52afbe73f,BUY,Yes,105881706191328976190525008903800515002858769177947829921340659866000531965012,0xe52215f8df326726c52d903926e4939e7ee7e23a2f68b9c814c2fb084c824615,0.2899999907,68.965516,19.999998998620697,1764633666,Will the November 2025 unemployment rate be 4.4%?
0xbdbcf6c4373232ce2483abe61a3d697b14762b4db9351b2fdcb0f3b75c1a183c,0x17e61b1f9556c0f885a4b022b9a1e9f654c06fcb,SELL,Yes,105881706191328976190525008903800515002858769177947829921340659866000531965012,0xe52215f8df326726c52d903926e4939e7ee7e23a2f68b9c814c2fb084c824615,0.27,159.97,43.191900000000004,1764591816,Will the November 2025 unemployment rate be 4.4%?
0xc43596ad33892485ef552a15e758462995b0558390cf77966c362660081e3f0a,0x9dd9e18b9dcc393705e73966bc79eccbbd9108bd,BUY,No,2456175065792455318996317372857348230979335242127626583449628159614625295895,0xe52215f8df326726c52d903926e4939e7ee7e23a2f68b9c814c2fb084c824615,0.72,58,41.76,1764533272,Will the November 2025 unemployment rate be 4.4%?
0x8fc086416c0fd23448288bf9d1d68026b010f9212b2dca60ea2baa9050dc4c4f,0x9dd9e18b9dcc393705e73966bc79eccbbd9108bd,BUY,No,2456175065792455318996317372857348230979335242127626583449628159614625295895,0xe52215f8df326726c52d903926e4939e7ee7e23a2f68b9c814c2fb084c824615,0.72,42,30.24,1764533208,Will the November 2025 unemployment rate be 4.4%?
0x321593a8c169a5f1ce4346e6a683bb5a2c8b9996f0450fd97418e208b53ddc18,0x9dd9e18b9dcc393705e73966bc79eccbbd9108bd,BUY,No,2456175065792455318996317372857348230979335242127626583449628159614625295895,0xe52215f8df326726c52d903926e4939e7ee7e23a2f68b9c814c2fb084c824615,0.72,100,72.0,1764533206,Will the November 2025 unemployment rate be 4.4%?
0xd7c9f30e0aa174d5420a29e4e54947d38ea9f9082a544225f3b6648573f722f8,0x30cecdf29f069563ea21b8ae94492e41e53a6b2b,BUY,No,2456175065792455318996317372857348230979335242127626583449628159614625295895,0xe52215f8df326726c52d903926e4939e7ee7e23a2f68b9c814c2fb084c824615,0.72,12,8.64,1764527330,Will the November 2025 unemployment rate be 4.4%?
0x4c1693f59193fb1d25c697622642bc90378b83b6e7ad9b2d9f404378ac9b5540,0x0e7fa09bf44514693b5ecc2420c50abc39b62015,SELL,Yes,105881706191328976190525008903800515002858769177947829921340659866000531965012,0xe52215f8df326726c52d903926e4939e7ee7e23a2f68b9c814c2fb084c824615,0.28,3.98,1.1144,1764510934,Will the November 2025 unemployment rate be 4.4%?
0xbaad30c3de1a83eecf8ca38971149cc2e8aebf321799045b4583d467d67b5ba2,0x9dd9e18b9dcc393705e73966bc79eccbbd9108bd,BUY,No,2456175065792455318996317372857348230979335242127626583449628159614625295895,0xe52215f8df326726c52d903926e4939e7ee7e23a2f68b9c814c2fb084c824615,0.72,32,23.04,1764493900,Will the November 2025 unemployment rate be 4.4%?
0xa468ce646a802d05e32c4c5268019a15e34d031bc374cca00e7cf6e56292749b,0x9dd9e18b9dcc393705e73966bc79eccbbd9108bd,BUY,No,2456175065792455318996317372857348230979335242127626583449628159614625295895,0xe52215f8df326726c52d903926e4939e7ee7e23a2f68b9c814c2fb084c824615,0.72,12,8.64,1764485677,Will the November 2025 unemployment rate be 4.4%?
0x52864f0679dd4d255b83faf5f43a221e9fcb0267d97de1d1c29e91a96a215b73,0x269e841bab8ae7d480ae8ca680992118f40d3c98,BUY,Yes,105881706191328976190525008903800515002858769177947829921340659866000531965012,0xe52215f8df326726c52d903926e4939e7ee7e23a2f68b9c814c2fb084c824615,0.3,100,30.0,1764257107,Will the November 2025 unemployment rate be 4.4%?
0xe12a80a5627ed9aa8a7f16917219f942f9428696db8cfce5a546e1040a8e221c,0xe3726a1b9c6ba2f06585d1c9e01d00afaedaeb38,SELL,Yes,105881706191328976190525008903800515002858769177947829921340659866000531965012,0xe52215f8df326726c52d903926e4939e7ee7e23a2f68b9c814c2fb084c824615,0.27,5.26,1.4202000000000001,1764214341,Will the November 2025 unemployment rate be 4.4%?
0x82c672776c6498db0db14fc20d7df23483c6062520a15b7783f3c3d3ea998790,0xe8dd7741ccb12350957ec71e9ee332e0d1e6ec86,BUY,No,2456175065792455318996317372857348230979335242127626583449628159614625295895,0xe52215f8df326726c52d903926e4939e7ee7e23a2f68b9c814c2fb084c824615,0.729999997,60.328766,44.0399989990137,1764214341,Will the November 2025 unemployment rate be 4.4%?
0x0b95c3c117e5eb5e2e171cce1512aceee9a43304505290ff0b36e39097b11b70,0x7bbb9e8ba640e57029f101787a5388b3283f4a56,SELL,Yes,105881706191328976190525008903800515002858769177947829921340659866000531965012,0xe52215f8df326726c52d903926e4939e7ee7e23a2f68b9c814c2fb084c824615,0.27,100,27.0,1764198553,Will the November 2025 unemployment rate be 4.4%?
0x1659f3654827a14e0e00ccf48a6fea19ad6e0de02c9a7aa9d3aa7b1090721be4,0x7bbb9e8ba640e57029f101787a5388b3283f4a56,BUY,Yes,105881706191328976190525008903800515002858769177947829921340659866000531965012,0xe52215f8df326726c52d903926e4939e7ee7e23a2f68b9c814c2fb084c824615,0.3,100,30.0,1764051645,Will the November 2025 unemployment rate be 4.4%?
0x5977bcc5340a495f0d9b6b261d9156deb915e59c545dde83fba6790e33c0baeb,0x26ea7de5a14d84989a910a326fa522321cc667ad,BUY,Yes,105881706191328976190525008903800515002858769177947829921340659866000531965012,0xe52215f8df326726c52d903926e4939e7ee7e23a2f68b9c814c2fb084c824615,0.29999997,16.666665,4.99999900000005,1763996029,Will the November 2025 unemployment rate be 4.4%?
0x06f11b2da8157d466440dd668e85a28d027aafe578b97c6ac1da2181e9d89361,0xd9a57b5ea9fce120157baa803745c835e4ca7409,SELL,Yes,105881706191328976190525008903800515002858769177947829921340659866000531965012,0xe52215f8df326726c52d903926e4939e7ee7e23a2f68b9c814c2fb084c824615,0.27,2.7,0.7290000000000001,1763993373,Will the November 2025 unemployment rate be 4.4%?
0xcc4940a054a2a7dc7ee810c864de9405d8bea81327d260a9e3ec506759447037,0x04dcbd9b805b220a9b2d27e4d9e649ed07902387,BUY,No,2456175065792455318996317372857348230979335242127626583449628159614625295895,0xe52215f8df326726c52d903926e4939e7ee7e23a2f68b9c814c2fb084c824615,0.73,100,73.0,1763955217,Will the November 2025 unemployment rate be 4.4%?
0x3a5cac6ed46f0b23b5b1b647dfb5c8766d7583ba860e01d2c10debf40675a09e,0x04dcbd9b805b220a9b2d27e4d9e649ed07902387,BUY,No,2456175065792455318996317372857348230979335242127626583449628159614625295895,0xe52215f8df326726c52d903926e4939e7ee7e23a2f68b9c814c2fb084c824615,0.73,158,115.34,1763949505,Will the November 2025 unemployment rate be 4.4%?
0xe038e1d8cd710935287453ee47c896e196f321b2dfed32201821e5fed9cdbb94,0xe8dd7741ccb12350957ec71e9ee332e0d1e6ec86,BUY,No,2456175065792455318996317372857348230979335242127626583449628159614625295895,0xe52215f8df326726c52d903926e4939e7ee7e23a2f68b9c814c2fb084c824615,0.72,108.16,77.87519999999999,1763933399,Will the November 2025 unemployment rate be 4.4%?
0x505b9d15b2313428d224c8bf5e816c64131dd32ec0d6357162f71c6c505bd4ce,0xd218e474776403a330142299f7796e8ba32eb5c9,BUY,No,2456175065792455318996317372857348230979335242127626583449628159614625295895,0xe52215f8df326726c52d903926e4939e7ee7e23a2f68b9c814c2fb084c824615,0.72,20,14.399999999999999,1763933399,Will the November 2025 unemployment rate be 4.4%?
0xaf6f474ecdec0ba718e97de16feccea5b1b32f02468e58f3815831c4f92587e7,0x0c36bdedfbe0282ad9583bb30e4d2f0683d074df,BUY,No,2456175065792455318996317372857348230979335242127626583449628159614625295895,0xe52215f8df326726c52d903926e4939e7ee7e23a2f68b9c814c2fb084c824615,0.71,19,13.489999999999998,1763908809,Will the November 2025 unemployment rate be 4.4%?
0x63cc75471a7b86a71940351168ef9d330af13b3ad71f246b897dd0e07338c864,0xd218e474776403a330142299f7796e8ba32eb5c9,BUY,No,2456175065792455318996317372857348230979335242127626583449628159614625295895,0xe52215f8df326726c52d903926e4939e7ee7e23a2f68b9c814c2fb084c824615,0.71,79.49,56.43789999999999,1763908809,Will the November 2025 unemployment rate be 4.4%?
0xf7b3133522efd2c113ca97e5dab0d5a629271e7d48496b143bc4a5a89a6ec0ef,0xd218e474776403a330142299f7796e8ba32eb5c9,BUY,No,2456175065792455318996317372857348230979335242127626583449628159614625295895,0xe52215f8df326726c52d903926e4939e7ee7e23a2f68b9c814c2fb084c824615,0.71,12.5,8.875,1763908579,Will the November 2025 unemployment rate be 4.4%?
0x4a735226de7e887e46ee88220ff67dd6365dbb412ceace1fce734c9cf12836f6,0xd218e474776403a330142299f7796e8ba32eb5c9,BUY,No,2456175065792455318996317372857348230979335242127626583449628159614625295895,0xe52215f8df326726c52d903926e4939e7ee7e23a2f68b9c814c2fb084c824615,0.71,12.5,8.875,1763908537,Will the November 2025 unemployment rate be 4.4%?
0x4c1022b820a6cd2bed460f7f1ee643bd248c367f29584000403903996cfa6420,0x9b5dc8793a43f26295a0c8eec3e58b041989fbb6,SELL,Yes,105881706191328976190525008903800515002858769177947829921340659866000531965012,0xe52215f8df326726c52d903926e4939e7ee7e23a2f68b9c814c2fb084c824615,0.29,26.51,7.6879,1763908403,Will the November 2025 unemployment rate be 4.4%?
0x3ca765e1ed17a2da7db99af205befe16897316b3839d97384ebee5007fcf8495,0xd218e474776403a330142299f7796e8ba32eb5c9,BUY,No,2456175065792455318996317372857348230979335242127626583449628159614625295895,0xe52215f8df326726c52d903926e4939e7ee7e23a2f68b9c814c2fb084c824615,0.72,20,14.399999999999999,1763907117,Will the November 2025 unemployment rate be 4.4%?
0xef4918ce53d26d1071cae297896fc43fa6bc00c8ecc927911f0cab666fbe3299,0x63d43bbb87f85af03b8f2f9e2fad7b54334fa2f1,BUY,No,2456175065792455318996317372857348230979335242127626583449628159614625295895,0xe52215f8df326726c52d903926e4939e7ee7e23a2f68b9c814c2fb084c824615,0.72,30,21.599999999999998,1763907117,Will the November 2025 unemployment rate be 4.4%?
0x53ebaaa03d0e6d5e809d6a9e21f34af19daf71e597fb55be67615cb96d267e61,0xe8dd7741ccb12350957ec71e9ee332e0d1e6ec86,BUY,No,2456175065792455318996317372857348230979335242127626583449628159614625295895,0xe52215f8df326726c52d903926e4939e7ee7e23a2f68b9c814c2fb084c824615,0.72,60,43.199999999999996,1763907115,Will the November 2025 unemployment rate be 4.4%?
0xe0617c4cb648fe3933dc8723bb2ed414d4a61c0398e32cb1340a9ee16aadfe35,0xe8dd7741ccb12350957ec71e9ee332e0d1e6ec86,BUY,No,2456175065792455318996317372857348230979335242127626583449628159614625295895,0xe52215f8df326726c52d903926e4939e7ee7e23a2f68b9c814c2fb084c824615,0.71999983,3.763887,2.70999800013921,1763875089,Will the November 2025 unemployment rate be 4.4%?
0x9dc09222bcabcaba0002cd78e491f40c37072f7bba98918667506d84157e1cd0,0xe8dd7741ccb12350957ec71e9ee332e0d1e6ec86,BUY,No,2456175065792455318996317372857348230979335242127626583449628159614625295895,0xe52215f8df326726c52d903926e4939e7ee7e23a2f68b9c814c2fb084c824615,0.7199997575,2.638887,1.8999980000699026,1763860857,Will the November 2025 unemployment rate be 4.4%?
0x7dbcbfb106843a63459c57c0d3d910b0cb2bd488752882980517c9ca83a592c9,0x0cd1cdc4259a8f88fdf179ce45696d6b50840b70,BUY,Yes,105881706191328976190525008903800515002858769177947829921340659866000531965012,0xe52215f8df326726c52d903926e4939e7ee7e23a2f68b9c814c2fb084c824615,0.29999982,3.333332,0.9999990000002399,1763860829,Will the November 2025 unemployment rate be 4.4%?
0x521e12d4458df0b3224bb000baedff5c0c5b6fa8deeaba891020f3444072af0d,0xe8dd7741ccb12350957ec71e9ee332e0d1e6ec86,BUY,No,2456175065792455318996317372857348230979335242127626583449628159614625295895,0xe52215f8df326726c52d903926e4939e7ee7e23a2f68b9c814c2fb084c824615,0.7199996595,2.819443,2.0299979999796585,1763858289,Will the November 2025 unemployment rate be 4.4%?
0x285fa9e467122dac23d5c2b97b37abaaa4ffc838e21ee54af1eb96d54f79c88d,0xa6bacfaa21bef1fc93e0dbfd487807f6d243a55e,BUY,Yes,105881706191328976190525008903800515002858769177947829921340659866000531965012,0xe52215f8df326726c52d903926e4939e7ee7e23a2f68b9c814c2fb084c824615,0.299999925,6.666665,1.999999000000125,1763823079,Will the November 2025 unemployment rate be 4.4%?
0xfc524e5707a037bfafd3ec6328a850352e583ffbd277d8a63fb93b2a2eb7059e,0xe3726a1b9c6ba2f06585d1c9e01d00afaedaeb38,SELL,Yes,105881706191328976190525008903800515002858769177947829921340659866000531965012,0xe52215f8df326726c52d903926e4939e7ee7e23a2f68b9c814c2fb084c824615,0.28352,20,5.6704,1763800633,Will the November 2025 unemployment rate be 4.4%?
0x97561c21a50f8bb69b9438eb903a944e25057f566b9c214485c37336c33c732e,0xe8dd7741ccb12350957ec71e9ee332e0d1e6ec86,BUY,No,2456175065792455318996317372857348230979335242127626583449628159614625295895,0xe52215f8df326726c52d903926e4939e7ee7e23a2f68b9c814c2fb084c824615,0.709999993,32.802813,23.28999700038031,1763739463,Will the November 2025 unemployment rate be 4.4%?
0x203643b662dcc04fd361bcf0618775c8d53d138f5b7fcaca7674bb62f35f4f59,0xe4cfbb89c05d3429280c69969aee2cfb7a4678c4,BUY,No,2456175065792455318996317372857348230979335242127626583449628159614625295895,0xe52215f8df326726c52d903926e4939e7ee7e23a2f68b9c814c2fb084c824615,0.71,25,17.75,1763738557,Will the November 2025 unemployment rate be 4.4%?
0x3071d423a24ecbfcb2ea84beb6cb2d83ff8d468d390c3ee8577655d42c43d5a8,0xebc0df15e665da95bf819105b723ae90042ffa41,BUY,No,2456175065792455318996317372857348230979335242127626583449628159614625295895,0xe52215f8df326726c52d903926e4939e7ee7e23a2f68b9c814c2fb084c824615,0.71,25,17.75,1763738557,Will the November 2025 unemployment rate be 4.4%?
0x95291d4e948e2fd34115d6512bff054a0cf8ada120bb1413bef50bf0a571be6d,0xe3726a1b9c6ba2f06585d1c9e01d00afaedaeb38,SELL,Yes,105881706191328976190525008903800515002858769177947829921340659866000531965012,0xe52215f8df326726c52d903926e4939e7ee7e23a2f68b9c814c2fb084c824615,0.29,10.15,2.9435,1763738557,Will the November 2025 unemployment rate be 4.4%?
0x6238dc3a77b2c4b8693e4baf2878980c328c016939965deac615a0312f7df5b9,0xe3726a1b9c6ba2f06585d1c9e01d00afaedaeb38,SELL,Yes,105881706191328976190525008903800515002858769177947829921340659866000531965012,0xe52215f8df326726c52d903926e4939e7ee7e23a2f68b9c814c2fb084c824615,0.28,6.45,1.8060000000000003,1763731733,Will the November 2025 unemployment rate be 4.4%?
0xd92958e97d6c427107166a8a5c955c756afb08eafd53065855a7732dcac6e821,0xe3726a1b9c6ba2f06585d1c9e01d00afaedaeb38,SELL,Yes,105881706191328976190525008903800515002858769177947829921340659866000531965012,0xe52215f8df326726c52d903926e4939e7ee7e23a2f68b9c814c2fb084c824615,0.28,6.04,1.6912000000000003,1763731731,Will the November 2025 unemployment rate be 4.4%?
0x575602cb978b05780cb2b49771bbae447f0aeabe390ee3c91ce480b57a9a386f,0x5fe50c22621779e031322c5becb110d1fa0d8b99,SELL,Yes,105881706191328976190525008903800515002858769177947829921340659866000531965012,0xe52215f8df326726c52d903926e4939e7ee7e23a2f68b9c814c2fb084c824615,0.28,1.67,0.4676,1763705351,Will the November 2025 unemployment rate be 4.4%?
0x65a47089dd11ddac212f18ab5584fc23e360c0a3ece79091047c4a8638c310e6,0x63ace3ced97378dde21c73a62ea2bac167b21494,SELL,No,2456175065792455318996317372857348230979335242127626583449628159614625295895,0xe52215f8df326726c52d903926e4939e7ee7e23a2f68b9c814c2fb084c824615,0.69,8.33,5.7477,1763705337,Will the November 2025 unemployment rate be 4.4%?
0x8b34aa28754ce35f4a71d8f647c8b635cfa2a3658f1fcac7497a5ad8bdfda6b0,0xe8dd7741ccb12350957ec71e9ee332e0d1e6ec86,BUY,No,2456175065792455318996317372857348230979335242127626583449628159614625295895,0xe52215f8df326726c52d903926e4939e7ee7e23a2f68b9c814c2fb084c824615,0.7199999871,15.48611,11.149999000229181,1763705337,Will the November 2025 unemployment rate be 4.4%?
0x5646131046f44a2243991b2d4d633910db1ef404ff1ebb90b91a87923d78ecbd,0x9b5dc8793a43f26295a0c8eec3e58b041989fbb6,BUY,Yes,105881706191328976190525008903800515002858769177947829921340659866000531965012,0xe52215f8df326726c52d903926e4939e7ee7e23a2f68b9c814c2fb084c824615,0.3299997822,3.030302,0.9999990000002242,1763692257,Will the November 2025 unemployment rate be 4.4%?
0x1430ddd896b4f13c57fac13b18dd746b30bc4ac94f57caa5386fae5b6ffc5402,0x0e7fa09bf44514693b5ecc2420c50abc39b62015,BUY,No,2456175065792455318996317372857348230979335242127626583449628159614625295895,0xe52215f8df326726c52d903926e4939e7ee7e23a2f68b9c814c2fb084c824615,0.68,6.02,4.0936,1763686071,Will the November 2025 unemployment rate be 4.4%?
0xab7cfe8bc2170d3601de1a6791c4640c9eed85fc94b971a9c7fb2b4c8afdf682,0xd218e474776403a330142299f7796e8ba32eb5c9,BUY,No,2456175065792455318996317372857348230979335242127626583449628159614625295895,0xe52215f8df326726c52d903926e4939e7ee7e23a2f68b9c814c2fb084c824615,0.68,20,13.600000000000001,1763686009,Will the November 2025 unemployment rate be 4.4%?
0xc9c37a376792079a9e7ede84fbb86ea7f5ce010858ff1471672768ec112902f1,0xe8dd7741ccb12350957ec71e9ee332e0d1e6ec86,BUY,No,2456175065792455318996317372857348230979335242127626583449628159614625295895,0xe52215f8df326726c52d903926e4939e7ee7e23a2f68b9c814c2fb084c824615,0.6799999352,2.470587,1.6799989999059626,1763686009,Will the November 2025 unemployment rate be 4.4%?
0xdd4f0e4ecd17c39acb65f3223680dfa4121bb811ead035f93da2e73f3171400f,0x63d43bbb87f85af03b8f2f9e2fad7b54334fa2f1,BUY,No,2456175065792455318996317372857348230979335242127626583449628159614625295895,0xe52215f8df326726c52d903926e4939e7ee7e23a2f68b9c814c2fb084c824615,0.68,23.75,16.150000000000002,1763686009,Will the November 2025 unemployment rate be 4.4%?
0x6eb630e2786ed2be7324db5c17147119c3c7b81119a984cc3c7d9c1e3df07438,0x9acc1a23e06d13192b3ee8aeadd8f5b1ff953e42,SELL,Yes,105881706191328976190525008903800515002858769177947829921340659866000531965012,0xe52215f8df326726c52d903926e4939e7ee7e23a2f68b9c814c2fb084c824615,0.32,17.75,5.68,1763673561,Will the November 2025 unemployment rate be 4.4%?
0x168b37d874d22736aa3d85df9c011e4c1f360e53024690dbf0b980f8e3e80d18,0xd218e474776403a330142299f7796e8ba32eb5c9,BUY,No,2456175065792455318996317372857348230979335242127626583449628159614625295895,0xe52215f8df326726c52d903926e4939e7ee7e23a2f68b9c814c2fb084c824615,0.68,20,13.600000000000001,1763656297,Will the November 2025 unemployment rate be 4.4%?
0x9dfb2272456fb118e2609c95874776afbe873661044a2491ff41523f74ac6f12,0x9dd9e18b9dcc393705e73966bc79eccbbd9108bd,BUY,No,2456175065792455318996317372857348230979335242127626583449628159614625295895,0xe52215f8df326726c52d903926e4939e7ee7e23a2f68b9c814c2fb084c824615,0.67,27,18.09,1763650453,Will the November 2025 unemployment rate be 4.4%?
0x1b25cba3a05306df1efed7ee7f4416647a1a27117ceb6e85660b23a24222f16b,0x9dd9e18b9dcc393705e73966bc79eccbbd9108bd,BUY,No,2456175065792455318996317372857348230979335242127626583449628159614625295895,0xe52215f8df326726c52d903926e4939e7ee7e23a2f68b9c814c2fb084c824615,0.66,66,43.56,1763650387,Will the November 2025 unemployment rate be 4.4%?
0xf303c8703de512a9ea53ba720010f8589f9f48b05b699da8ed70da01d2a3fccf,0x9dd9e18b9dcc393705e73966bc79eccbbd9108bd,BUY,No,2456175065792455318996317372857348230979335242127626583449628159614625295895,0xe52215f8df326726c52d903926e4939e7ee7e23a2f68b9c814c2fb084c824615,0.67,90,60.300000000000004,1763650375,Will the November 2025 unemployment rate be 4.4%?
0xfc7c264393d6a9472e5777c3ab184bb4edb34fa3d237a91e9d754fffb76278bb,0x9dd9e18b9dcc393705e73966bc79eccbbd9108bd,BUY,No,2456175065792455318996317372857348230979335242127626583449628159614625295895,0xe52215f8df326726c52d903926e4939e7ee7e23a2f68b9c814c2fb084c824615,0.67,100,67.0,1763650375,Will the November 2025 unemployment rate be 4.4%?
0x734a36f6702de574faf684b30a4aacb019c291dbd6ff7677d29bcefbfd6f6901,0x9dd9e18b9dcc393705e73966bc79eccbbd9108bd,BUY,No,2456175065792455318996317372857348230979335242127626583449628159614625295895,0xe52215f8df326726c52d903926e4939e7ee7e23a2f68b9c814c2fb084c824615,0.66,100,66.0,1763650371,Will the November 2025 unemployment rate be 4.4%?
0x8c545a7d5e6152c105a8d0e2de902b6badb788675c1ac1718f739a477dbd7a34,0x9dd9e18b9dcc393705e73966bc79eccbbd9108bd,BUY,No,2456175065792455318996317372857348230979335242127626583449628159614625295895,0xe52215f8df326726c52d903926e4939e7ee7e23a2f68b9c814c2fb084c824615,0.66,13,8.58,1763650369,Will the November 2025 unemployment rate be 4.4%?
0x72f77d1d7b1a32c9a2539ae40cf0bd2962b5c5d29fa1b39eedc45c62508b5022,0x9dd9e18b9dcc393705e73966bc79eccbbd9108bd,BUY,No,2456175065792455318996317372857348230979335242127626583449628159614625295895,0xe52215f8df326726c52d903926e4939e7ee7e23a2f68b9c814c2fb084c824615,0.65,100,65.0,1763650367,Will the November 2025 unemployment rate be 4.4%?
0xfcebb73c4afcbd004cd2f07f52a71edc52ea92c8add35efe324d23fb9fd97e50,0x9dd9e18b9dcc393705e73966bc79eccbbd9108bd,BUY,No,2456175065792455318996317372857348230979335242127626583449628159614625295895,0xe52215f8df326726c52d903926e4939e7ee7e23a2f68b9c814c2fb084c824615,0.64,59,37.76,1763650365,Will the November 2025 unemployment rate be 4.4%?
0xb4898f73eb3e93e7c49c7047d240f58f21fd699d06cc5ee8810b49c642ac7321,0x2a315a8d15cfde768bcd47ba5cacf3ef5894f2f0,BUY,No,2456175065792455318996317372857348230979335242127626583449628159614625295895,0xe52215f8df326726c52d903926e4939e7ee7e23a2f68b9c814c2fb084c824615,0.67,20,13.4,1763647563,Will the November 2025 unemployment rate be 4.4%?
0x5b51eadeebe5d3ea734048066217f33d21ee3442c94837d33eeef2b6181377b8,0x0c36bdedfbe0282ad9583bb30e4d2f0683d074df,BUY,No,2456175065792455318996317372857348230979335242127626583449628159614625295895,0xe52215f8df326726c52d903926e4939e7ee7e23a2f68b9c814c2fb084c824615,0.66,25.97,17.1402,1763647541,Will the November 2025 unemployment rate be 4.4%?
0xbafe66eeb763d8e96e48b3cd2987fdb98a367fed5f282776b1f3751232d2296e,0x0c36bdedfbe0282ad9583bb30e4d2f0683d074df,BUY,No,2456175065792455318996317372857348230979335242127626583449628159614625295895,0xe52215f8df326726c52d903926e4939e7ee7e23a2f68b9c814c2fb084c824615,0.66,24,15.84,1763647525,Will the November 2025 unemployment rate be 4.4%?
0x1ab4dea7f5c8b9ac1ad103a39f1c3a0af034f2b9aeae9b3ec3d090a9d5046369,0x0c36bdedfbe0282ad9583bb30e4d2f0683d074df,BUY,No,2456175065792455318996317372857348230979335242127626583449628159614625295895,0xe52215f8df326726c52d903926e4939e7ee7e23a2f68b9c814c2fb084c824615,0.66,15,9.9,1763646941,Will the November 2025 unemployment rate be 4.4%?
0x705f018a039232c0593ee8aff8ff2a8499b92c254bc5fa45d4d39bcf16e8f159,0xd5e0ffa7eada6a5b793e560bc3f92200fa82bd10,BUY,Yes,105881706191328976190525008903800515002858769177947829921340659866000531965012,0xe52215f8df326726c52d903926e4939e7ee7e23a2f68b9c814c2fb084c824615,0.4017331903,248.921427,99.99999900273855,1763645697,Will the November 2025 unemployment rate be 4.4%?
0x5a972725123af939ef5e9fb9b62c24ff1cc04e64994761521def53f5c4db9733,0xbe89905ca9a689f5129621b62fcf715b5a45b88c,BUY,Yes,105881706191328976190525008903800515002858769177947829921340659866000531965012,0xe52215f8df326726c52d903926e4939e7ee7e23a2f68b9c814c2fb084c824615,0.3760034592,265.955,99.999999991536,1763645445,Will the November 2025 unemployment rate be 4.4%?
0xa9521f6dbc341902654f39c6c67eef98f5a69cee2bb3fb94a80bb46304f49ec5,0x63ace3ced97378dde21c73a62ea2bac167b21494,BUY,No,2456175065792455318996317372857348230979335242127626583449628159614625295895,0xe52215f8df326726c52d903926e4939e7ee7e23a2f68b9c814c2fb084c824615,0.66,8.33,5.497800000000001,1763645391,Will the November 2025 unemployment rate be 4.4%?
0x0d0bda44efbed0f06e6e5bbda406710a47e068caa09c5c4bc0922979056d8575,0xd218e474776403a330142299f7796e8ba32eb5c9,BUY,No,2456175065792455318996317372857348230979335242127626583449628159614625295895,0xe52215f8df326726c52d903926e4939e7ee7e23a2f68b9c814c2fb084c824615,0.66,56.06,36.9996,1763645381,Will the November 2025 unemployment rate be 4.4%?
0xb6b643067631d69825182dbfbe9074922bce3ae0033f80c3316e0fb907336e8e,0xe8dd7741ccb12350957ec71e9ee332e0d1e6ec86,BUY,No,2456175065792455318996317372857348230979335242127626583449628159614625295895,0xe52215f8df326726c52d903926e4939e7ee7e23a2f68b9c814c2fb084c824615,0.6599999987,94.833332,62.58999899671667,1763645381,Will the November 2025 unemployment rate be 4.4%?
0xea77648ff7d59d2361cfa2e4a8c6c01402ca2c71fde2e1e5e8731a2873a9f74a,0xe8dd7741ccb12350957ec71e9ee332e0d1e6ec86,BUY,No,2456175065792455318996317372857348230979335242127626583449628159614625295895,0xe52215f8df326726c52d903926e4939e7ee7e23a2f68b9c814c2fb084c824615,0.66,101,66.66,1763645381,Will the November 2025 unemployment rate be 4.4%?
0xe069b8520cb64da6a46cce5f36e4fff8eea0570bef07ef09d36e6be052f61640,0xd9a57b5ea9fce120157baa803745c835e4ca7409,BUY,Yes,105881706191328976190525008903800515002858769177947829921340659866000531965012,0xe52215f8df326726c52d903926e4939e7ee7e23a2f68b9c814c2fb084c824615,0.3699998631,2.702701,0.999999000000233,1763645373,Will the November 2025 unemployment rate be 4.4%?
0xf18f5931b42c299746883c00c216c770ef065faff991b4d932dc9733aa2cfe96,0x5f390e4b7d6f06d6756a6c92afdbf7b3176aa78c,BUY,No,2456175065792455318996317372857348230979335242127626583449628159614625295895,0xe52215f8df326726c52d903926e4939e7ee7e23a2f68b9c814c2fb084c824615,0.65,17.75,11.5375,1763641075,Will the November 2025 unemployment rate be 4.4%?
0x8b5c80da5c11832997bbc5f53c813512e9492afb5e116382c6561186f0950822,0xe8dd7741ccb12350957ec71e9ee332e0d1e6ec86,BUY,No,2456175065792455318996317372857348230979335242127626583449628159614625295895,0xe52215f8df326726c52d903926e4939e7ee7e23a2f68b9c814c2fb084c824615,0.6599999818,13.151514,8.679999000642445,1763632889,Will the November 2025 unemployment rate be 4.4%?
0x20bf528d21a654782688116984f20c033c1ab73681367e4000bbec939b4e5a0c,0xe8dd7741ccb12350957ec71e9ee332e0d1e6ec86,BUY,No,2456175065792455318996317372857348230979335242127626583449628159614625295895,0xe52215f8df326726c52d903926e4939e7ee7e23a2f68b9c814c2fb084c824615,0.6599999794,7.772726,5.1299989998818445,1763632889,Will the November 2025 unemployment rate be 4.4%?
0x96f2a95457ea5cbbba85e08e5d8b1a47f468f56fc835e5059b797d022dcc2f23,0x0ca13b829eef213bc16bf93aca93725653db73f0,BUY,Yes,105881706191328976190525008903800515002858769177947829921340659866000531965012,0xe52215f8df326726c52d903926e4939e7ee7e23a2f68b9c814c2fb084c824615,0.3699999272,8.108107,2.9999989997298107,1763624753,Will the November 2025 unemployment rate be 4.4%?
0x401242a8cf31cde6ec49af7ebdcdfa7313da0009d6dee69b10b1f6f6b960e661,0x2e869adc00706c3922e90fe568bd5b09c76e6bc9,BUY,Yes,105881706191328976190525008903800515002858769177947829921340659866000531965012,0xe52215f8df326726c52d903926e4939e7ee7e23a2f68b9c814c2fb084c824615,0.3799999012,2.631577,0.9999990000001924,1763601955,Will the November 2025 unemployment rate be 4.4%?
0x7532b3e8411be26c97d21d5ab58b4d8674598100493c7675196fe335ca4ecb2d,0xc602e34792d9a5e129f3404daef2df43d1d37fc1,SELL,Yes,105881706191328976190525008903800515002858769177947829921340659866000531965012,0xe52215f8df326726c52d903926e4939e7ee7e23a2f68b9c814c2fb084c824615,0.34,20,6.800000000000001,1763597691,Will the November 2025 unemployment rate be 4.4%?
0x71fc7b28fadb879d030fe21c96ad4e19a6aa6a4edc3f10b3de37ad6a335a6c05,0x7c3db723f1d4d8cb9c550095203b686cb11e5c6b,BUY,No,2456175065792455318996317372857348230979335242127626583449628159614625295895,0xe52215f8df326726c52d903926e4939e7ee7e23a2f68b9c814c2fb084c824615,0.665862069,290,193.10000001,1763572909,Will the November 2025 unemployment rate be 4.4%?
0xc4b635b2d1ac2bda062e77c8f6a5b6f483434b57a5a4b86951e6600314e203fc,0xebc0df15e665da95bf819105b723ae90042ffa41,BUY,No,2456175065792455318996317372857348230979335242127626583449628159614625295895,0xe52215f8df326726c52d903926e4939e7ee7e23a2f68b9c814c2fb084c824615,0.61,9,5.49,1763563669,Will the November 2025 unemployment rate be 4.4%?
0xbaabe6677131b1c9d793b4df3c760c3c88d604e7e8247d558020e736121c6cc0,0xe4cfbb89c05d3429280c69969aee2cfb7a4678c4,BUY,No,2456175065792455318996317372857348230979335242127626583449628159614625295895,0xe52215f8df326726c52d903926e4939e7ee7e23a2f68b9c814c2fb084c824615,0.61,25,15.25,1763563669,Will the November 2025 unemployment rate be 4.4%?
0xe60fa969b288a3775081f9ce9c363ca60c9913a1750060e41965c476f6d67928,0xe8dd7741ccb12350957ec71e9ee332e0d1e6ec86,BUY,No,2456175065792455318996317372857348230979335242127626583449628159614625295895,0xe52215f8df326726c52d903926e4939e7ee7e23a2f68b9c814c2fb084c824615,0.6,18.08,10.847999999999999,1763563605,Will the November 2025 unemployment rate be 4.4%?
0x4ac47a69730e3113fe25207352f0999cd7bc5cab7bff0c18d8e875ce9f0a3b01,0xd218e474776403a330142299f7796e8ba32eb5c9,BUY,No,2456175065792455318996317372857348230979335242127626583449628159614625295895,0xe52215f8df326726c52d903926e4939e7ee7e23a2f68b9c814c2fb084c824615,0.6,20,12.0,1763563605,Will the November 2025 unemployment rate be 4.4%?
0x31b8a982509ad4f30d50d769f0aebc2afa8eead263647c9e0c1b57e0f53a26d3,0x00270ebfc2d5487e1c6ee922c5dd0ea826ce020b,BUY,No,2456175065792455318996317372857348230979335242127626583449628159614625295895,0xe52215f8df326726c52d903926e4939e7ee7e23a2f68b9c814c2fb084c824615,0.6,5,3.0,1763563561,Will the November 2025 unemployment rate be 4.4%?
0x4f6cad59b1fb33c2325e36a01f6a608a3f8dd47b80c62c9882a4ca6f9cb4c586,0xe8dd7741ccb12350957ec71e9ee332e0d1e6ec86,BUY,No,2456175065792455318996317372857348230979335242127626583449628159614625295895,0xe52215f8df326726c52d903926e4939e7ee7e23a2f68b9c814c2fb084c824615,0.6,15.2,9.12,1763563555,Will the November 2025 unemployment rate be 4.4%?
0x9c44c14290d608a62ce66b4c7157efbd5074d04fc3c5299d1d83557ab3bda9b9,0x5f390e4b7d6f06d6756a6c92afdbf7b3176aa78c,BUY,No,2456175065792455318996317372857348230979335242127626583449628159614625295895,0xe52215f8df326726c52d903926e4939e7ee7e23a2f68b9c814c2fb084c824615,0.6,5.64,3.384,1763563477,Will the November 2025 unemployment rate be 4.4%?
0x0d3493bed7bcade13d10abdf51836b2fadbca1609c142e98cdfcf4a0154a9937,0x00270ebfc2d5487e1c6ee922c5dd0ea826ce020b,BUY,No,2456175065792455318996317372857348230979335242127626583449628159614625295895,0xe52215f8df326726c52d903926e4939e7ee7e23a2f68b9c814c2fb084c824615,0.6,5,3.0,1763563463,Will the November 2025 unemployment rate be 4.4%?
0x1931f41ac347944611633d86afc373592a314ae778bc1bd62f9602b44d880dc1,0x30cecdf29f069563ea21b8ae94492e41e53a6b2b,BUY,No,2456175065792455318996317372857348230979335242127626583449628159614625295895,0xe52215f8df326726c52d903926e4939e7ee7e23a2f68b9c814c2fb084c824615,0.6,4.36,2.616,1763563425,Will the November 2025 unemployment rate be 4.4%?
0xfee9321fab4c1c2293dd3cfaa0666ab87ca7c1bbbe51e9271f814d10b3f9f073,0x00270ebfc2d5487e1c6ee922c5dd0ea826ce020b,BUY,No,2456175065792455318996317372857348230979335242127626583449628159614625295895,0xe52215f8df326726c52d903926e4939e7ee7e23a2f68b9c814c2fb084c824615,0.6,5,3.0,1763563407,Will the November 2025 unemployment rate be 4.4%?
0xca507f3d2c4487e425f7175177891191d982c98f171ef2ee5abc47d96cb4fb85,0x09fe78c8b9f10fb9c7c0a584bfab4205c76876ee,BUY,No,2456175065792455318996317372857348230979335242127626583449628159614625295895,0xe52215f8df326726c52d903926e4939e7ee7e23a2f68b9c814c2fb084c824615,0.6,5.27,3.1619999999999995,1763546721,Will the November 2025 unemployment rate be 4.4%?
0xc00ac6096ee7567107769f63d1bca5f0dd6eeecb69fcbc7675b5903ef79bddba,0x63d43bbb87f85af03b8f2f9e2fad7b54334fa2f1,BUY,No,2456175065792455318996317372857348230979335242127626583449628159614625295895,0xe52215f8df326726c52d903926e4939e7ee7e23a2f68b9c814c2fb084c824615,0.6,21.11,12.665999999999999,1763546721,Will the November 2025 unemployment rate be 4.4%?
0x8a6b885e07bb1ee4eeda1d66860f5d326f895dafc7cbf37e616148093b5a879b,0xe8dd7741ccb12350957ec71e9ee332e0d1e6ec86,BUY,No,2456175065792455318996317372857348230979335242127626583449628159614625295895,0xe52215f8df326726c52d903926e4939e7ee7e23a2f68b9c814c2fb084c824615,0.6,21.116665,12.669999,1763546719,Will the November 2025 unemployment rate be 4.4%?
0x12e2b3a3d8b72fbe1b8b3bce8d8497f565bf8f0186c53bffddeca539e329d42a,0xe8dd7741ccb12350957ec71e9ee332e0d1e6ec86,BUY,No,2456175065792455318996317372857348230979335242127626583449628159614625295895,0xe52215f8df326726c52d903926e4939e7ee7e23a2f68b9c814c2fb084c824615,0.6,18.9,11.339999999999998,1763546719,Will the November 2025 unemployment rate be 4.4%?
0xe30e4a9ef70673331990d1eed7cd9a0d47fb1f567ba39504c606cd8fbec16c02,0x30cecdf29f069563ea21b8ae94492e41e53a6b2b,BUY,No,2456175065792455318996317372857348230979335242127626583449628159614625295895,0xe52215f8df326726c52d903926e4939e7ee7e23a2f68b9c814c2fb084c824615,0.6,40,24.0,1763536735,Will the November 2025 unemployment rate be 4.4%?
0xb9985e179a20dc1d20a909ff1a5b280f82c9b909f9f1420036ff0ef9eaf28d5d,0x5a4e9210d344062da9a589501a011068966f8ae5,SELL,Yes,105881706191328976190525008903800515002858769177947829921340659866000531965012,0xe52215f8df326726c52d903926e4939e7ee7e23a2f68b9c814c2fb084c824615,0.4,2.11,0.844,1763527569,Will the November 2025 unemployment rate be 4.4%?
0x38f5627601e2f87711f1469083a2e939022973ecf61686b88ac0aa645eb6bcee,0xef60225de591ee68a4c0a0cfff2ea3c3e478d6c2,BUY,Yes,105881706191328976190525008903800515002858769177947829921340659866000531965012,0xe52215f8df326726c52d903926e4939e7ee7e23a2f68b9c814c2fb084c824615,0.42,10,4.2,1763527541,Will the November 2025 unemployment rate be 4.4%?
0x3cf07d07c79b5b7adb913e95dae09887d3bb62d421b1702e7dc5c68e37230dc7,0x30cecdf29f069563ea21b8ae94492e41e53a6b2b,SELL,Yes,105881706191328976190525008903800515002858769177947829921340659866000531965012,0xe52215f8df326726c52d903926e4939e7ee7e23a2f68b9c814c2fb084c824615,0.41,40,16.4,1763522585,Will the November 2025 unemployment rate be 4.4%?
0x04c538f4eab6a886d1507b50e1a770acb9f89314b48b2567be75f7125033c8d9,0x30cecdf29f069563ea21b8ae94492e41e53a6b2b,BUY,No,2456175065792455318996317372857348230979335242127626583449628159614625295895,0xe52215f8df326726c52d903926e4939e7ee7e23a2f68b9c814c2fb084c824615,0.59,2.11,1.2449,1763514305,Will the November 2025 unemployment rate be 4.4%?
0xcc0991c5838747f7dd012451c1dd48249926c9b1fa488c2f4ea90b4275009c1a,0x30cecdf29f069563ea21b8ae94492e41e53a6b2b,BUY,No,2456175065792455318996317372857348230979335242127626583449628159614625295895,0xe52215f8df326726c52d903926e4939e7ee7e23a2f68b9c814c2fb084c824615,0.58,33.89,19.6562,1763512971,Will the November 2025 unemployment rate be 4.4%?
0x4bf3da1817114a9f6ed2988361ccef2d55cd2d935c751de11faea7a945bed985,0x30cecdf29f069563ea21b8ae94492e41e53a6b2b,BUY,No,2456175065792455318996317372857348230979335242127626583449628159614625295895,0xe52215f8df326726c52d903926e4939e7ee7e23a2f68b9c814c2fb084c824615,0.6,5,3.0,1763507253,Will the November 2025 unemployment rate be 4.4%?
0x17cb043bf6d8123d2e9a12bc69ef60ecd33f8256d8956663c4b98c2d3f15afe9,0x1bd7e2edc5d1c8bf5113cc980e4105e0ecc28d72,BUY,Yes,105881706191328976190525008903800515002858769177947829921340659866000531965012,0xe52215f8df326726c52d903926e4939e7ee7e23a2f68b9c814c2fb084c824615,0.4861769602,205.686415,99.99999599913569,1763498777,Will the November 2025 unemployment rate be 4.4%?
0x8ce1fdb6d44be132b453464775ba6110f1b13bdd623ad648ec6ac5fd63383210,0x30cecdf29f069563ea21b8ae94492e41e53a6b2b,BUY,No,2456175065792455318996317372857348230979335242127626583449628159614625295895,0xe52215f8df326726c52d903926e4939e7ee7e23a2f68b9c814c2fb084c824615,0.86,5,4.3,1763493747,Will the November 2025 unemployment rate be 4.4%?
