transaction_hash,wallet,side,outcome,asset_token_id,condition_id,price,size,usdc_size,timestamp,title
0x717b5c2128ad8c2930fb9dd8f3c510c75529441278becab8c504f3d04c3b3033,0x4f2ba33b080882c0f6b296f48cfd07b6c326f448,BUY,No,13789495019897325972132141891116611308334961501786542464870706199730148161946,0x7b00fb0579971faf62a2bba9a6411c5004e5ee6d7cce4f0528315334dbffbfd5,0.9980008214,6087.43,6075.260140215002,1730902028,Will a Republican win Rhode Island Presidential Election?
0xc5e30b7e776ea538e0ef7b3c716be667ebb0cd23af32f1d15ce89369f3752fca,0xc4fbfd8c2bf090568f8eb207123364a3f0352bfd,BUY,No,13789495019897325972132141891116611308334961501786542464870706199730148161946,0x7b00fb0579971faf62a2bba9a6411c5004e5ee6d7cce4f0528315334dbffbfd5,0.9979999995,215.721441,215.28999801013927,1730901638,Will a Republican win Rhode Island Presidential Election?
0x3cc402efb715245426f95db9eaa51b90ce3bb265c1c8aa74ed39c37fc332f68c,0xf3ed78141e010cbbe165649746f82be40374ce35,SELL,Yes,99672409625841492897188894344846022664896122293787929829963546146137071761147,0x7b00fb0579971faf62a2bba9a6411c5004e5ee6d7cce4f0528315334dbffbfd5,0.002,1000,2.0,1730895330,Will a Republican win Rhode Island Presidential Election?
0x2d2c7e4856c3741f78e7b2e7b93bb74938bcb74ea38eadd274246c9b2d41eb62,0xab1370eb8dee09d5c68194e922d2cc7e8a199ff3,SELL,Yes,99672409625841492897188894344846022664896122293787929829963546146137071761147,0x7b00fb0579971faf62a2bba9a6411c5004e5ee6d7cce4f0528315334dbffbfd5,0.002,10.1,0.0202,1730895134,Will a Republican win Rhode Island Presidential Election?
0xd2ec2f39a1963349aa7625475e6af17282034d6c08c26c2dc5e3a0bae00f336f,0x5cbbeb42878348ceb25539dfca514e83d804ac7c,SELL,Yes,99672409625841492897188894344846022664896122293787929829963546146137071761147,0x7b00fb0579971faf62a2bba9a6411c5004e5ee6d7cce4f0528315334dbffbfd5,0.002,100,0.2,1730875381,Will a Republican win Rhode Island Presidential Election?
0x733aaebe480c7608b91477bfdb9e4f3b51b7680558fb4096803dcedcac6da8b5,0xc2f7fc272dcc94a4e6803c18fed88a8aac210979,SELL,Yes,99672409625841492897188894344846022664896122293787929829963546146137071761147,0x7b00fb0579971faf62a2bba9a6411c5004e5ee6d7cce4f0528315334dbffbfd5,0.0024691894,499.99,1.2345700081059998,1730874733,Will a Republican win Rhode Island Presidential Election?
0x8277b12dd7aafbe3cc47ed85db9460a4f96c4431722f0ff9236007b512dc80af,0x5b9adbadef6f41422af185e9b39fdd6c1a347da3,SELL,Yes,99672409625841492897188894344846022664896122293787929829963546146137071761147,0x7b00fb0579971faf62a2bba9a6411c5004e5ee6d7cce4f0528315334dbffbfd5,0.002,1000,2.0,1730868147,Will a Republican win Rhode Island Presidential Election?
0x2348cc34439c706f4e679343bd6e5953f4eacb4cb9ddb13d161b932411572bd5,0xe208a7719ab4323d5f5240fec012b72ad16c11a3,BUY,No,13789495019897325972132141891116611308334961501786542464870706199730148161946,0x7b00fb0579971faf62a2bba9a6411c5004e5ee6d7cce4f0528315334dbffbfd5,0.997,1.003,0.9999909999999999,1730861335,Will a Republican win Rhode Island Presidential Election?
0xcfec69cfc430e60eb83c35b771d901892f9be6be1a2ab1135af9a94895b0ea05,0x2052ca2d2979af620c6c73b8764d164842edfa86,BUY,No,13789495019897325972132141891116611308334961501786542464870706199730148161946,0x7b00fb0579971faf62a2bba9a6411c5004e5ee6d7cce4f0528315334dbffbfd5,0.997,1.003,0.9999909999999999,1730860253,Will a Republican win Rhode Island Presidential Election?
0x4bdcd0961a29c515e9e51856884a9558cf0d94e9233bd1f6b2c3060a576619d9,0x7e5be5c1faf9476516ef9f62d3c460741ada7b54,BUY,No,13789495019897325972132141891116611308334961501786542464870706199730148161946,0x7b00fb0579971faf62a2bba9a6411c5004e5ee6d7cce4f0528315334dbffbfd5,0.997,1.003,0.9999909999999999,1730859589,Will a Republican win Rhode Island Presidential Election?
0x6ec8e682fbbc35bae3c28ef44bfe75fff222bdea454b97e36b6e6c72cb134381,0xfb2e441b24854ee68bbdd74ed018775707ac8bdb,BUY,No,13789495019897325972132141891116611308334961501786542464870706199730148161946,0x7b00fb0579971faf62a2bba9a6411c5004e5ee6d7cce4f0528315334dbffbfd5,0.997,1.003,0.9999909999999999,1730858829,Will a Republican win Rhode Island Presidential Election?
0x80ea0c275eec88ce8df95edea0f392582d0dd4053fdd7881c31433994717a8fc,0xdb6d338a1e8e4953b33cb3ad6db6ab5a6ad1f343,BUY,Yes,99672409625841492897188894344846022664896122293787929829963546146137071761147,0x7b00fb0579971faf62a2bba9a6411c5004e5ee6d7cce4f0528315334dbffbfd5,0.028,17.5,0.49,1730856679,Will a Republican win Rhode Island Presidential Election?
0x4ebab80af7cc19baf5861592c1f57f4cd12c49091b684ac0014a818f34e16f6f,0xe3726a1b9c6ba2f06585d1c9e01d00afaedaeb38,SELL,Yes,99672409625841492897188894344846022664896122293787929829963546146137071761147,0x7b00fb0579971faf62a2bba9a6411c5004e5ee6d7cce4f0528315334dbffbfd5,0.003,28.89,0.08667,1730853360,Will a Republican win Rhode Island Presidential Election?
0xea98e67398080696dd355c3bcd5ef8678ed101bc7ec212c59c559785283bfcb3,0xe3726a1b9c6ba2f06585d1c9e01d00afaedaeb38,SELL,Yes,99672409625841492897188894344846022664896122293787929829963546146137071761147,0x7b00fb0579971faf62a2bba9a6411c5004e5ee6d7cce4f0528315334dbffbfd5,0.026,5,0.13,1730853274,Will a Republican win Rhode Island Presidential Election?
0xa29280bc29b89a92ae2da22fdf55e1ccda85ee66ae93b41aca3dee815bf408e8,0xe50c3c4b3989e4e2dc0a12d2326366dfe79dfb07,SELL,No,13789495019897325972132141891116611308334961501786542464870706199730148161946,0x7b00fb0579971faf62a2bba9a6411c5004e5ee6d7cce4f0528315334dbffbfd5,0.971,2.4,2.3304,1730848675,Will a Republican win Rhode Island Presidential Election?
0x8cdafca3295bc117794cce81ba7e26236f3d5b3f8106994afe082b29174b31aa,0x6756cfff706001dd023e845c5a9c98f7822a54c7,SELL,No,13789495019897325972132141891116611308334961501786542464870706199730148161946,0x7b00fb0579971faf62a2bba9a6411c5004e5ee6d7cce4f0528315334dbffbfd5,0.901,6,5.406000000000001,1730846207,Will a Republican win Rhode Island Presidential Election?
0xf0e9049f13c0efd9b8dd2a9ecf3f5700987c3b9df16ca29226f95d1534e364d6,0xb135ebf5bf8d94b7327614b1bc639027a6052fc6,BUY,Yes,99672409625841492897188894344846022664896122293787929829963546146137071761147,0x7b00fb0579971faf62a2bba9a6411c5004e5ee6d7cce4f0528315334dbffbfd5,0.209,5,1.045,1730845668,Will a Republican win Rhode Island Presidential Election?
0x54ad3394d193b30c8cae33fc1050cca46a1e89b8eb34c678376a8097006309e7,0xab1370eb8dee09d5c68194e922d2cc7e8a199ff3,BUY,Yes,99672409625841492897188894344846022664896122293787929829963546146137071761147,0x7b00fb0579971faf62a2bba9a6411c5004e5ee6d7cce4f0528315334dbffbfd5,0.0989999118,10.101009,0.9999990000910062,1730843706,Will a Republican win Rhode Island Presidential Election?
0x025192188bbf1d884ff2bf75d2aa3cfc80c6bb3005b8a8087abe64d2b1a29c7b,0x63d43bbb87f85af03b8f2f9e2fad7b54334fa2f1,BUY,No,13789495019897325972132141891116611308334961501786542464870706199730148161946,0x7b00fb0579971faf62a2bba9a6411c5004e5ee6d7cce4f0528315334dbffbfd5,0.971,526.29,511.02759,1730841729,Will a Republican win Rhode Island Presidential Election?
0x6fee9c8d9bd4e13b41e11a326c3e011405f60bc70ff7c5410145c3608788c602,0x153f6606048d770f96368e5b5f7a0ba754796719,BUY,Yes,99672409625841492897188894344846022664896122293787929829963546146137071761147,0x7b00fb0579971faf62a2bba9a6411c5004e5ee6d7cce4f0528315334dbffbfd5,0.029,9473.71,274.73759,1730841729,Will a Republican win Rhode Island Presidential Election?
0xd0cfe5ca87d66d4129176b0ce142b1b8f87373973b881223fb149323c89e0019,0xf0b0ef1d6320c6be896b4c9c54dd74407e7f8cab,SELL,No,13789495019897325972132141891116611308334961501786542464870706199730148161946,0x7b00fb0579971faf62a2bba9a6411c5004e5ee6d7cce4f0528315334dbffbfd5,0.971,4.55,4.41805,1730841523,Will a Republican win Rhode Island Presidential Election?
0x2674fa5828a00e412c224cf15a30218c26ff782a7e46dc7e62ae8f3848af2a4e,0x153f6606048d770f96368e5b5f7a0ba754796719,BUY,Yes,99672409625841492897188894344846022664896122293787929829963546146137071761147,0x7b00fb0579971faf62a2bba9a6411c5004e5ee6d7cce4f0528315334dbffbfd5,0.0287153829,17412.27,500.000000208183,1730841519,Will a Republican win Rhode Island Presidential Election?
0x9b31e9c1d49eee4823af2699a371e554686d5a85975504d816945de24881f63c,0x1516d572196ef1e060f2c8408ab2564eacfd1514,SELL,No,13789495019897325972132141891116611308334961501786542464870706199730148161946,0x7b00fb0579971faf62a2bba9a6411c5004e5ee6d7cce4f0528315334dbffbfd5,0.982,23.37,22.94934,1730840092,Will a Republican win Rhode Island Presidential Election?
0xe668fcef1117683219a23436d5ec3ccfcb2c126ab754ab14f50312e6b8a2b034,0xd995ea60f63a47485e3371559d2e7316324991d2,SELL,No,13789495019897325972132141891116611308334961501786542464870706199730148161946,0x7b00fb0579971faf62a2bba9a6411c5004e5ee6d7cce4f0528315334dbffbfd5,0.982,14.06,13.80692,1730836849,Will a Republican win Rhode Island Presidential Election?
0xa16504300166772650f98e59713d154bd24746af8fd5bc0a85de6a655caa2346,0x99231a92691082ea93065c5c8569ceb30665e925,BUY,No,13789495019897325972132141891116611308334961501786542464870706199730148161946,0x7b00fb0579971faf62a2bba9a6411c5004e5ee6d7cce4f0528315334dbffbfd5,0.991000999,10.01,9.91991999999,1730829327,Will a Republican win Rhode Island Presidential Election?
0x768b9765413454997651d62967246080f5982e6b5bc3f8e098775a343ba2a4eb,0x35b92af1ec334cf6205b8fdfe130c68b6916fb75,SELL,No,13789495019897325972132141891116611308334961501786542464870706199730148161946,0x7b00fb0579971faf62a2bba9a6411c5004e5ee6d7cce4f0528315334dbffbfd5,0.9827615842,50.5,49.629460002100004,1730824499,Will a Republican win Rhode Island Presidential Election?
0x103205482afd0f8ac19389dfb4b840e8caf972249a995ac315d2131c831bffad,0x35b92af1ec334cf6205b8fdfe130c68b6916fb75,BUY,No,13789495019897325972132141891116611308334961501786542464870706199730148161946,0x7b00fb0579971faf62a2bba9a6411c5004e5ee6d7cce4f0528315334dbffbfd5,0.9980000001,50.501002,50.4000000010501,1730824389,Will a Republican win Rhode Island Presidential Election?
0x91da5a017e87afef40591755121f52ebd181f8206026b6552fc5fa1f125f2184,0x35b92af1ec334cf6205b8fdfe130c68b6916fb75,SELL,No,13789495019897325972132141891116611308334961501786542464870706199730148161946,0x7b00fb0579971faf62a2bba9a6411c5004e5ee6d7cce4f0528315334dbffbfd5,0.983,52.14,51.25362,1730823365,Will a Republican win Rhode Island Presidential Election?
0xafeab3633e66d677e3316d41a6635a4e5bf2e5dbda11fe1aebb192c5181a2a2f,0x0975fa8df3daa887ce0008a69cc825b2f29e0815,BUY,No,13789495019897325972132141891116611308334961501786542464870706199730148161946,0x7b00fb0579971faf62a2bba9a6411c5004e5ee6d7cce4f0528315334dbffbfd5,0.9929999999,90.604142,89.96991299693958,1730810352,Will a Republican win Rhode Island Presidential Election?
0x28b0e4b2697318decff23691ee6130a2d565c6e3a0494fb63c01001e071fb9f7,0x0fde65eba9cbeec1ca8128db8ff94bda4ea81ea6,BUY,No,13789495019897325972132141891116611308334961501786542464870706199730148161946,0x7b00fb0579971faf62a2bba9a6411c5004e5ee6d7cce4f0528315334dbffbfd5,0.9929999848,46.455185,46.12999799888119,1730807011,Will a Republican win Rhode Island Presidential Election?
0xffdd63392df636f5ce132e04e9fcdc23ee00481bb760409e1a0545e4844efaaf,0xb7d54bf1d0a362beb916d9cb58a04c41d67e0789,BUY,No,13789495019897325972132141891116611308334961501786542464870706199730148161946,0x7b00fb0579971faf62a2bba9a6411c5004e5ee6d7cce4f0528315334dbffbfd5,0.9846666667,0.18,0.177240000006,1730776292,Will a Republican win Rhode Island Presidential Election?
0xc169f84ea323edf86f05f8d46e4a70cb2f1460d56abc98d5a328a843130a0c2c,0xb7d54bf1d0a362beb916d9cb58a04c41d67e0789,BUY,No,13789495019897325972132141891116611308334961501786542464870706199730148161946,0x7b00fb0579971faf62a2bba9a6411c5004e5ee6d7cce4f0528315334dbffbfd5,0.982,0.01,0.00982,1730776224,Will a Republican win Rhode Island Presidential Election?
0x69ae3eeaebbf38cec0008700a3f5224cd9420baba683f09b5b9c7d334ec46dea,0xb7d54bf1d0a362beb916d9cb58a04c41d67e0789,BUY,No,13789495019897325972132141891116611308334961501786542464870706199730148161946,0x7b00fb0579971faf62a2bba9a6411c5004e5ee6d7cce4f0528315334dbffbfd5,0.982,0.01,0.00982,1730776070,Will a Republican win Rhode Island Presidential Election?
0x9d361c389e1ecd7bd3e15e8ae53c4e751a3b6be23b560625fa1f2c1315609e80,0xb7d54bf1d0a362beb916d9cb58a04c41d67e0789,BUY,No,13789495019897325972132141891116611308334961501786542464870706199730148161946,0x7b00fb0579971faf62a2bba9a6411c5004e5ee6d7cce4f0528315334dbffbfd5,0.982,0.25,0.2455,1730775850,Will a Republican win Rhode Island Presidential Election?
0xa2de324da4111f71352229bbb47389ec6a36b681308f4edfb9fc243499355064,0xb7d54bf1d0a362beb916d9cb58a04c41d67e0789,BUY,No,13789495019897325972132141891116611308334961501786542464870706199730148161946,0x7b00fb0579971faf62a2bba9a6411c5004e5ee6d7cce4f0528315334dbffbfd5,0.982,0.01,0.00982,1730775746,Will a Republican win Rhode Island Presidential Election?
0x5b81a2ad85fdd7f688000013b2a08b19d82674e0455e32ba4f21572747989c0e,0xb7d54bf1d0a362beb916d9cb58a04c41d67e0789,BUY,No,13789495019897325972132141891116611308334961501786542464870706199730148161946,0x7b00fb0579971faf62a2bba9a6411c5004e5ee6d7cce4f0528315334dbffbfd5,0.982,0.01,0.00982,1730774898,Will a Republican win Rhode Island Presidential Election?
0xe46667d856692a32b03ea0d9b77a1bb5978c280980d10b805b1f65d3ab1058b0,0xb7d54bf1d0a362beb916d9cb58a04c41d67e0789,BUY,No,13789495019897325972132141891116611308334961501786542464870706199730148161946,0x7b00fb0579971faf62a2bba9a6411c5004e5ee6d7cce4f0528315334dbffbfd5,0.982,0.01,0.00982,1730774706,Will a Republican win Rhode Island Presidential Election?
0xa84a8656c750e8df9c625577a7a4d29c188ac88dbaf62062c7fd5d7f6e8b60a4,0xb7d54bf1d0a362beb916d9cb58a04c41d67e0789,SELL,Yes,99672409625841492897188894344846022664896122293787929829963546146137071761147,0x7b00fb0579971faf62a2bba9a6411c5004e5ee6d7cce4f0528315334dbffbfd5,0.018,0.7,0.012599999999999998,1730774546,Will a Republican win Rhode Island Presidential Election?
0x696d8b4837cbb66479afd7c86ab19996db030b6bfa8ca04cf7684de83aa9e7a7,0xb7d54bf1d0a362beb916d9cb58a04c41d67e0789,BUY,No,13789495019897325972132141891116611308334961501786542464870706199730148161946,0x7b00fb0579971faf62a2bba9a6411c5004e5ee6d7cce4f0528315334dbffbfd5,0.982,0.28,0.27496000000000004,1730774476,Will a Republican win Rhode Island Presidential Election?
0x816cd49103d2546a5f01cd4ee003afed455ef52f679de751e74fc1cbcf1d165c,0xb7d54bf1d0a362beb916d9cb58a04c41d67e0789,BUY,No,13789495019897325972132141891116611308334961501786542464870706199730148161946,0x7b00fb0579971faf62a2bba9a6411c5004e5ee6d7cce4f0528315334dbffbfd5,0.982,0.01,0.00982,1730774020,Will a Republican win Rhode Island Presidential Election?
0xa70bcbbac527fba6d51be6a1b792ec168f5677b754254da94bfc65315b402431,0xb7d54bf1d0a362beb916d9cb58a04c41d67e0789,BUY,No,13789495019897325972132141891116611308334961501786542464870706199730148161946,0x7b00fb0579971faf62a2bba9a6411c5004e5ee6d7cce4f0528315334dbffbfd5,0.982,1.01,0.99182,1730773880,Will a Republican win Rhode Island Presidential Election?
0x6e57bd25c0b19fe28ee6611207acec132f79428f33217d7a754d68e1be303e31,0xb7d54bf1d0a362beb916d9cb58a04c41d67e0789,BUY,No,13789495019897325972132141891116611308334961501786542464870706199730148161946,0x7b00fb0579971faf62a2bba9a6411c5004e5ee6d7cce4f0528315334dbffbfd5,0.982,0.01,0.00982,1730773550,Will a Republican win Rhode Island Presidential Election?
0xa12f6b6f0e45308b8adbd3c6facf02d4483403b78564b172bf8aff18b3f93ec6,0xb7d54bf1d0a362beb916d9cb58a04c41d67e0789,BUY,No,13789495019897325972132141891116611308334961501786542464870706199730148161946,0x7b00fb0579971faf62a2bba9a6411c5004e5ee6d7cce4f0528315334dbffbfd5,0.982,0.14,0.13748000000000002,1730773460,Will a Republican win Rhode Island Presidential Election?
0x16d87115d473c22275caa0e658c830971ddc1d0727b77f4b00f42928a1a1dfe9,0xb7d54bf1d0a362beb916d9cb58a04c41d67e0789,BUY,No,13789495019897325972132141891116611308334961501786542464870706199730148161946,0x7b00fb0579971faf62a2bba9a6411c5004e5ee6d7cce4f0528315334dbffbfd5,0.982,0.01,0.00982,1730773310,Will a Republican win Rhode Island Presidential Election?
0xd3b63abd7970662a6a4248fde98cbdafd527d066865a075f275d5d3253bff599,0x20b2722c4db418cb18a60fbab3f7b9f510f11867,BUY,No,13789495019897325972132141891116611308334961501786542464870706199730148161946,0x7b00fb0579971faf62a2bba9a6411c5004e5ee6d7cce4f0528315334dbffbfd5,0.9819999863,1.018277,0.9999480000496052,1730773136,Will a Republican win Rhode Island Presidential Election?
0xb21f389428d55670dae31cb15d055d928d49532530eafa680b05ae2a1f39a7cf,0xb7d54bf1d0a362beb916d9cb58a04c41d67e0789,BUY,No,13789495019897325972132141891116611308334961501786542464870706199730148161946,0x7b00fb0579971faf62a2bba9a6411c5004e5ee6d7cce4f0528315334dbffbfd5,0.982,0.01,0.00982,1730773028,Will a Republican win Rhode Island Presidential Election?
0x3762a9ee82ae2227b680761e5ea8809a57f6f78b41e811b3a21533c37656583c,0xb7d54bf1d0a362beb916d9cb58a04c41d67e0789,BUY,No,13789495019897325972132141891116611308334961501786542464870706199730148161946,0x7b00fb0579971faf62a2bba9a6411c5004e5ee6d7cce4f0528315334dbffbfd5,0.982,0.01,0.00982,1730772858,Will a Republican win Rhode Island Presidential Election?
0xaedd50dfaf92c86e32430631e80d17d84d17f7abf4b5d8574bab8fdefbb6e461,0xb7d54bf1d0a362beb916d9cb58a04c41d67e0789,BUY,No,13789495019897325972132141891116611308334961501786542464870706199730148161946,0x7b00fb0579971faf62a2bba9a6411c5004e5ee6d7cce4f0528315334dbffbfd5,0.982,0.22,0.21604,1730772658,Will a Republican win Rhode Island Presidential Election?
0x8aafda638ba7e1e1acf43aba83d4dfb072fe1644b769caa73cc9e0c328b1a72c,0xb7d54bf1d0a362beb916d9cb58a04c41d67e0789,BUY,No,13789495019897325972132141891116611308334961501786542464870706199730148161946,0x7b00fb0579971faf62a2bba9a6411c5004e5ee6d7cce4f0528315334dbffbfd5,0.982,0.01,0.00982,1730772630,Will a Republican win Rhode Island Presidential Election?
0x9f1590e1f20a86db7b89fadd553559cc9ce6ad1d18fd9143c54215b94a5a3f9d,0xb7d54bf1d0a362beb916d9cb58a04c41d67e0789,SELL,Yes,99672409625841492897188894344846022664896122293787929829963546146137071761147,0x7b00fb0579971faf62a2bba9a6411c5004e5ee6d7cce4f0528315334dbffbfd5,0.018,0.7,0.012599999999999998,1730772328,Will a Republican win Rhode Island Presidential Election?
0xcf79658fd2007324035b8e54b4ecb0f275c845843f2cf5ef7ff521d30a196458,0xb7d54bf1d0a362beb916d9cb58a04c41d67e0789,BUY,No,13789495019897325972132141891116611308334961501786542464870706199730148161946,0x7b00fb0579971faf62a2bba9a6411c5004e5ee6d7cce4f0528315334dbffbfd5,0.982,0.01,0.00982,1730772020,Will a Republican win Rhode Island Presidential Election?
0x574710f828865f7cd7a1c8408572ced63aaabe3793549446458757aa9323e195,0x141583463170cc2f39c6bcfc077273891bb26b00,BUY,No,13789495019897325972132141891116611308334961501786542464870706199730148161946,0x7b00fb0579971faf62a2bba9a6411c5004e5ee6d7cce4f0528315334dbffbfd5,0.9819999863,1.018277,0.9999480000496052,1730771976,Will a Republican win Rhode Island Presidential Election?
0xb92d75d5fd81e39d98dd43398182994f131fa91bed2a4756569012d5934428ae,0xb7d54bf1d0a362beb916d9cb58a04c41d67e0789,BUY,No,13789495019897325972132141891116611308334961501786542464870706199730148161946,0x7b00fb0579971faf62a2bba9a6411c5004e5ee6d7cce4f0528315334dbffbfd5,0.982,0.01,0.00982,1730771718,Will a Republican win Rhode Island Presidential Election?
0xa8717be3731a21f8d0f519d9dcc18f35494c64c0b9c481d212af84417b01c765,0xb7d54bf1d0a362beb916d9cb58a04c41d67e0789,BUY,No,13789495019897325972132141891116611308334961501786542464870706199730148161946,0x7b00fb0579971faf62a2bba9a6411c5004e5ee6d7cce4f0528315334dbffbfd5,0.982,0.28,0.27496000000000004,1730770380,Will a Republican win Rhode Island Presidential Election?
0xf1dada288a908056c90654646cf0885df3a619106120b09247dadd0ef237a5bd,0xb7d54bf1d0a362beb916d9cb58a04c41d67e0789,BUY,No,13789495019897325972132141891116611308334961501786542464870706199730148161946,0x7b00fb0579971faf62a2bba9a6411c5004e5ee6d7cce4f0528315334dbffbfd5,0.982,0.01,0.00982,1730770250,Will a Republican win Rhode Island Presidential Election?
0x3ba94e763e5e83b024969aa3a42cbd774c2bb84718015d0e57915b61dd5bc865,0xb7d54bf1d0a362beb916d9cb58a04c41d67e0789,BUY,No,13789495019897325972132141891116611308334961501786542464870706199730148161946,0x7b00fb0579971faf62a2bba9a6411c5004e5ee6d7cce4f0528315334dbffbfd5,0.982,1,0.982,1730770080,Will a Republican win Rhode Island Presidential Election?
0x356869dcbeeda71d48f72fbcad60718cee60ce0c5664a0630bcfbc370024aa32,0xb7d54bf1d0a362beb916d9cb58a04c41d67e0789,BUY,No,13789495019897325972132141891116611308334961501786542464870706199730148161946,0x7b00fb0579971faf62a2bba9a6411c5004e5ee6d7cce4f0528315334dbffbfd5,0.982,0.01,0.00982,1730770050,Will a Republican win Rhode Island Presidential Election?
0x5d0cfd1511ab01b35f3b4c1cea411c7b2f49fb398563a53066fd4e792f570b9c,0xb7d54bf1d0a362beb916d9cb58a04c41d67e0789,BUY,No,13789495019897325972132141891116611308334961501786542464870706199730148161946,0x7b00fb0579971faf62a2bba9a6411c5004e5ee6d7cce4f0528315334dbffbfd5,0.982,0.01,0.00982,1730769819,Will a Republican win Rhode Island Presidential Election?
0xe06d3d64ae58ae8e7037d1b2077aa38a5f76968a09bf24e21f656cf7163c4c01,0xb7d54bf1d0a362beb916d9cb58a04c41d67e0789,BUY,No,13789495019897325972132141891116611308334961501786542464870706199730148161946,0x7b00fb0579971faf62a2bba9a6411c5004e5ee6d7cce4f0528315334dbffbfd5,0.982,0.01,0.00982,1730768931,Will a Republican win Rhode Island Presidential Election?
0xc6ba4962c6c74d14a7c6a0dbf75dd1a4cf958854432e3cae1b31be118c4aeb1f,0xb7d54bf1d0a362beb916d9cb58a04c41d67e0789,BUY,No,13789495019897325972132141891116611308334961501786542464870706199730148161946,0x7b00fb0579971faf62a2bba9a6411c5004e5ee6d7cce4f0528315334dbffbfd5,0.982,0.27,0.26514,1730768719,Will a Republican win Rhode Island Presidential Election?
0x566dbf9eec53ed186e49379ed4831122dae2da78f58028d3d51d92933f516d57,0xb7d54bf1d0a362beb916d9cb58a04c41d67e0789,BUY,No,13789495019897325972132141891116611308334961501786542464870706199730148161946,0x7b00fb0579971faf62a2bba9a6411c5004e5ee6d7cce4f0528315334dbffbfd5,0.982,0.01,0.00982,1730768561,Will a Republican win Rhode Island Presidential Election?
0x1517a1caf1431fb9c3bf2ca7ed0acdc5242c86c09044b9dfa31129eaa6ea8779,0xb7d54bf1d0a362beb916d9cb58a04c41d67e0789,BUY,No,13789495019897325972132141891116611308334961501786542464870706199730148161946,0x7b00fb0579971faf62a2bba9a6411c5004e5ee6d7cce4f0528315334dbffbfd5,0.982,0.01,0.00982,1730768491,Will a Republican win Rhode Island Presidential Election?
0x1262e717b38b955bc6a9da90a66a965cfb512aabd9e812a86aae9012062cd187,0xb7d54bf1d0a362beb916d9cb58a04c41d67e0789,BUY,No,13789495019897325972132141891116611308334961501786542464870706199730148161946,0x7b00fb0579971faf62a2bba9a6411c5004e5ee6d7cce4f0528315334dbffbfd5,0.982,0.01,0.00982,1730768249,Will a Republican win Rhode Island Presidential Election?
0xbc7b5baa6e4eda55e848eae4021092e4ea1c91b8fbea595ebf6c25ad842b2724,0xb7d54bf1d0a362beb916d9cb58a04c41d67e0789,BUY,No,13789495019897325972132141891116611308334961501786542464870706199730148161946,0x7b00fb0579971faf62a2bba9a6411c5004e5ee6d7cce4f0528315334dbffbfd5,0.982,0.01,0.00982,1730767974,Will a Republican win Rhode Island Presidential Election?
0x5f75d2de7bcc823426441b1c7c1a3aeaf1285c42912abee15cac489596f8ff8d,0xb7d54bf1d0a362beb916d9cb58a04c41d67e0789,BUY,No,13789495019897325972132141891116611308334961501786542464870706199730148161946,0x7b00fb0579971faf62a2bba9a6411c5004e5ee6d7cce4f0528315334dbffbfd5,0.982,0.01,0.00982,1730767836,Will a Republican win Rhode Island Presidential Election?
0x76648b4be7974bcc704782a9edfd5b9ec4f9fb0fb8b48443d95a18e18e2e1d99,0xb7d54bf1d0a362beb916d9cb58a04c41d67e0789,BUY,No,13789495019897325972132141891116611308334961501786542464870706199730148161946,0x7b00fb0579971faf62a2bba9a6411c5004e5ee6d7cce4f0528315334dbffbfd5,0.982,0.26,0.25532,1730767750,Will a Republican win Rhode Island Presidential Election?
0xf3f3ffa40bcb09c9b92d56812018879c8f432f576902fab4433872f873c72d8c,0xb7d54bf1d0a362beb916d9cb58a04c41d67e0789,BUY,No,13789495019897325972132141891116611308334961501786542464870706199730148161946,0x7b00fb0579971faf62a2bba9a6411c5004e5ee6d7cce4f0528315334dbffbfd5,0.982,0.01,0.00982,1730767598,Will a Republican win Rhode Island Presidential Election?
0x01b9a976f50961f3244deb2606071580050152357b68b91e77d70a4ae1d9b7f7,0xb7d54bf1d0a362beb916d9cb58a04c41d67e0789,BUY,No,13789495019897325972132141891116611308334961501786542464870706199730148161946,0x7b00fb0579971faf62a2bba9a6411c5004e5ee6d7cce4f0528315334dbffbfd5,0.982,0.01,0.00982,1730767318,Will a Republican win Rhode Island Presidential Election?
0xf859b3802b91d0551df21448556a8119b73fd5b0d13b1819348180568a54f6ae,0xb7d54bf1d0a362beb916d9cb58a04c41d67e0789,BUY,No,13789495019897325972132141891116611308334961501786542464870706199730148161946,0x7b00fb0579971faf62a2bba9a6411c5004e5ee6d7cce4f0528315334dbffbfd5,0.982,0.01,0.00982,1730767114,Will a Republican win Rhode Island Presidential Election?
0x85baefaba785aefaddf522cbe1cd39dd6ab98e9e2b918d1aff54579c0d4ab28d,0xb7d54bf1d0a362beb916d9cb58a04c41d67e0789,BUY,No,13789495019897325972132141891116611308334961501786542464870706199730148161946,0x7b00fb0579971faf62a2bba9a6411c5004e5ee6d7cce4f0528315334dbffbfd5,0.982,0.01,0.00982,1730766630,Will a Republican win Rhode Island Presidential Election?
0x20fb7817649596152c463e9797e2dfc68bba6b4f7f1ba833952f0b410358bd47,0xb7d54bf1d0a362beb916d9cb58a04c41d67e0789,BUY,No,13789495019897325972132141891116611308334961501786542464870706199730148161946,0x7b00fb0579971faf62a2bba9a6411c5004e5ee6d7cce4f0528315334dbffbfd5,0.982,0.18,0.17676,1730766179,Will a Republican win Rhode Island Presidential Election?
0x3dcdb6ed93f767f4e288d9baf53a627f3f4f128089d859902074bf4ee1ee913b,0xb7d54bf1d0a362beb916d9cb58a04c41d67e0789,BUY,No,13789495019897325972132141891116611308334961501786542464870706199730148161946,0x7b00fb0579971faf62a2bba9a6411c5004e5ee6d7cce4f0528315334dbffbfd5,0.982,0.01,0.00982,1730765949,Will a Republican win Rhode Island Presidential Election?
0xec62d1678fe2283cae7b151a88c1a1ddaaf93925dab3b8346ad7860dcb12b864,0xb7d54bf1d0a362beb916d9cb58a04c41d67e0789,BUY,No,13789495019897325972132141891116611308334961501786542464870706199730148161946,0x7b00fb0579971faf62a2bba9a6411c5004e5ee6d7cce4f0528315334dbffbfd5,0.982,0.01,0.00982,1730765835,Will a Republican win Rhode Island Presidential Election?
0xa0a67ce1567ca2308ec00a6b704b73cf1aa1242667c977e1d02747213461dfb7,0xb7d54bf1d0a362beb916d9cb58a04c41d67e0789,BUY,No,13789495019897325972132141891116611308334961501786542464870706199730148161946,0x7b00fb0579971faf62a2bba9a6411c5004e5ee6d7cce4f0528315334dbffbfd5,0.982,0.01,0.00982,1730765447,Will a Republican win Rhode Island Presidential Election?
0x82a83d9087c8cae4e44f208ed11114304997a949c6306214c3fc6810fc51b5bc,0xb7d54bf1d0a362beb916d9cb58a04c41d67e0789,BUY,No,13789495019897325972132141891116611308334961501786542464870706199730148161946,0x7b00fb0579971faf62a2bba9a6411c5004e5ee6d7cce4f0528315334dbffbfd5,0.982,0.01,0.00982,1730765241,Will a Republican win Rhode Island Presidential Election?
0xed2eb21a3a8e32d6c58874a316e2a8c2f90fbd457529dd99121edb5f1f0b01cc,0xb7d54bf1d0a362beb916d9cb58a04c41d67e0789,BUY,No,13789495019897325972132141891116611308334961501786542464870706199730148161946,0x7b00fb0579971faf62a2bba9a6411c5004e5ee6d7cce4f0528315334dbffbfd5,0.982,0.22,0.21604,1730764985,Will a Republican win Rhode Island Presidential Election?
0x992f8e70f237c1515111f004ce1bdebc464718b0783e7a935f70f4017ce36564,0xb7d54bf1d0a362beb916d9cb58a04c41d67e0789,BUY,No,13789495019897325972132141891116611308334961501786542464870706199730148161946,0x7b00fb0579971faf62a2bba9a6411c5004e5ee6d7cce4f0528315334dbffbfd5,0.982,0.01,0.00982,1730764933,Will a Republican win Rhode Island Presidential Election?
0x74948d563eec03c7d798aa826e0aee386ac72574787d9c5423c6f96356963e39,0xb7d54bf1d0a362beb916d9cb58a04c41d67e0789,BUY,No,13789495019897325972132141891116611308334961501786542464870706199730148161946,0x7b00fb0579971faf62a2bba9a6411c5004e5ee6d7cce4f0528315334dbffbfd5,0.982,0.01,0.00982,1730764799,Will a Republican win Rhode Island Presidential Election?
0xcf0fcc928f565123f6dfe62441f4c4e4c49dfce895e90b2afc6aa85ae092e35b,0xb7d54bf1d0a362beb916d9cb58a04c41d67e0789,BUY,No,13789495019897325972132141891116611308334961501786542464870706199730148161946,0x7b00fb0579971faf62a2bba9a6411c5004e5ee6d7cce4f0528315334dbffbfd5,0.982,0.01,0.00982,1730764620,Will a Republican win Rhode Island Presidential Election?
0xe53e40aa337cf4d356af2e06a485e5636782ab74facd9df0d812b221a46beb2d,0xb7d54bf1d0a362beb916d9cb58a04c41d67e0789,BUY,No,13789495019897325972132141891116611308334961501786542464870706199730148161946,0x7b00fb0579971faf62a2bba9a6411c5004e5ee6d7cce4f0528315334dbffbfd5,0.981,0.23,0.22563,1730764334,Will a Republican win Rhode Island Presidential Election?
0x3460a4de45dd0d16d14bcb85a3b91050c693e0aad4dcd42be7aa2bc1787d349c,0xb7d54bf1d0a362beb916d9cb58a04c41d67e0789,BUY,No,13789495019897325972132141891116611308334961501786542464870706199730148161946,0x7b00fb0579971faf62a2bba9a6411c5004e5ee6d7cce4f0528315334dbffbfd5,0.981,0.01,0.00981,1730764204,Will a Republican win Rhode Island Presidential Election?
0x881d08bdf18f29877c17ca9a3b2b3fb44ad41795a0f2f621b1b721c98ac5f3fc,0xb7d54bf1d0a362beb916d9cb58a04c41d67e0789,BUY,No,13789495019897325972132141891116611308334961501786542464870706199730148161946,0x7b00fb0579971faf62a2bba9a6411c5004e5ee6d7cce4f0528315334dbffbfd5,0.981,0.01,0.00981,1730763922,Will a Republican win Rhode Island Presidential Election?
0x934ce3322d5adfb61a9fb564ca340d3dd9b346975eac676bced488ff5450837b,0xb7d54bf1d0a362beb916d9cb58a04c41d67e0789,BUY,No,13789495019897325972132141891116611308334961501786542464870706199730148161946,0x7b00fb0579971faf62a2bba9a6411c5004e5ee6d7cce4f0528315334dbffbfd5,0.981,0.01,0.00981,1730763348,Will a Republican win Rhode Island Presidential Election?
0xe7b3fb1810d02bf968dfb75be5ba9179fb782149d3ffb81db6524ceb65bf19ce,0xb7d54bf1d0a362beb916d9cb58a04c41d67e0789,SELL,Yes,99672409625841492897188894344846022664896122293787929829963546146137071761147,0x7b00fb0579971faf62a2bba9a6411c5004e5ee6d7cce4f0528315334dbffbfd5,0.019,0.1,0.0019,1730763204,Will a Republican win Rhode Island Presidential Election?
0xfc89e35e480c7de99881bb4a47608da8ca6b644aaca966313d84189201532a69,0xb7d54bf1d0a362beb916d9cb58a04c41d67e0789,BUY,No,13789495019897325972132141891116611308334961501786542464870706199730148161946,0x7b00fb0579971faf62a2bba9a6411c5004e5ee6d7cce4f0528315334dbffbfd5,0.981,0.01,0.00981,1730763140,Will a Republican win Rhode Island Presidential Election?
0x87214a3ab357a3f8659803c2dfc4d2019af03eb69b475d025f9036299367ce34,0xb7d54bf1d0a362beb916d9cb58a04c41d67e0789,BUY,No,13789495019897325972132141891116611308334961501786542464870706199730148161946,0x7b00fb0579971faf62a2bba9a6411c5004e5ee6d7cce4f0528315334dbffbfd5,0.981,0.01,0.00981,1730762824,Will a Republican win Rhode Island Presidential Election?
0x3f400ba4a6c77a39d02959c931ef3a8d34e0473f13dc8b0e4da4f3ab87bb223d,0xb7d54bf1d0a362beb916d9cb58a04c41d67e0789,BUY,No,13789495019897325972132141891116611308334961501786542464870706199730148161946,0x7b00fb0579971faf62a2bba9a6411c5004e5ee6d7cce4f0528315334dbffbfd5,0.981,0.01,0.00981,1730762562,Will a Republican win Rhode Island Presidential Election?
0x8ca1b9cff312bf02672e2b545146205162482d3377fd7c75233ec90f54c46ca7,0xb7d54bf1d0a362beb916d9cb58a04c41d67e0789,BUY,No,13789495019897325972132141891116611308334961501786542464870706199730148161946,0x7b00fb0579971faf62a2bba9a6411c5004e5ee6d7cce4f0528315334dbffbfd5,0.981,0.01,0.00981,1730761500,Will a Republican win Rhode Island Presidential Election?
0x0f235e42688dcf64c910298e1013ccd487202a7d6b622fa941a51de779a25f5f,0xb7d54bf1d0a362beb916d9cb58a04c41d67e0789,BUY,No,13789495019897325972132141891116611308334961501786542464870706199730148161946,0x7b00fb0579971faf62a2bba9a6411c5004e5ee6d7cce4f0528315334dbffbfd5,0.981,0.01,0.00981,1730760270,Will a Republican win Rhode Island Presidential Election?
0x776c6888cc4cafc7bb98a00b5fef689636a5c0e0ddd7b094fe99f27d211dc697,0xb7d54bf1d0a362beb916d9cb58a04c41d67e0789,BUY,No,13789495019897325972132141891116611308334961501786542464870706199730148161946,0x7b00fb0579971faf62a2bba9a6411c5004e5ee6d7cce4f0528315334dbffbfd5,0.981,0.01,0.00981,1730759936,Will a Republican win Rhode Island Presidential Election?
0xd3d961aa9b41b617344743847cb2569f52e3fa6d3e1e700468f0f48048331a5a,0xb7d54bf1d0a362beb916d9cb58a04c41d67e0789,BUY,No,13789495019897325972132141891116611308334961501786542464870706199730148161946,0x7b00fb0579971faf62a2bba9a6411c5004e5ee6d7cce4f0528315334dbffbfd5,0.981,0.01,0.00981,1730759746,Will a Republican win Rhode Island Presidential Election?
0x0d01286367b0c790abb9669e77c16887c77902fb5eae05459882a19b19328eb9,0xb7d54bf1d0a362beb916d9cb58a04c41d67e0789,BUY,No,13789495019897325972132141891116611308334961501786542464870706199730148161946,0x7b00fb0579971faf62a2bba9a6411c5004e5ee6d7cce4f0528315334dbffbfd5,0.981,0.01,0.00981,1730759200,Will a Republican win Rhode Island Presidential Election?
0x076fcae64366e77b347566845604520293a3299ad6b469fb31377995ccd4a05c,0xb7d54bf1d0a362beb916d9cb58a04c41d67e0789,BUY,No,13789495019897325972132141891116611308334961501786542464870706199730148161946,0x7b00fb0579971faf62a2bba9a6411c5004e5ee6d7cce4f0528315334dbffbfd5,0.981,0.01,0.00981,1730758737,Will a Republican win Rhode Island Presidential Election?
0x02c99da3ca9b44ba1ef6961f959acd54b7fc66534771a318796090856872b7e5,0xb7d54bf1d0a362beb916d9cb58a04c41d67e0789,BUY,No,13789495019897325972132141891116611308334961501786542464870706199730148161946,0x7b00fb0579971faf62a2bba9a6411c5004e5ee6d7cce4f0528315334dbffbfd5,0.981,0.18,0.17658,1730758675,Will a Republican win Rhode Island Presidential Election?
0x295eaa10c0331293503e14fb72485741ad9dbbf3cec6ef8c04053caf3eae0473,0xb7d54bf1d0a362beb916d9cb58a04c41d67e0789,BUY,No,13789495019897325972132141891116611308334961501786542464870706199730148161946,0x7b00fb0579971faf62a2bba9a6411c5004e5ee6d7cce4f0528315334dbffbfd5,0.981,0.01,0.00981,1730758597,Will a Republican win Rhode Island Presidential Election?
0xb62aa149620de73aca830d680e5c55111b79c3315d682656d2cfe20cae26c683,0xb135ebf5bf8d94b7327614b1bc639027a6052fc6,BUY,Yes,99672409625841492897188894344846022664896122293787929829963546146137071761147,0x7b00fb0579971faf62a2bba9a6411c5004e5ee6d7cce4f0528315334dbffbfd5,0.02,5,0.1,1730758220,Will a Republican win Rhode Island Presidential Election?
0xeb20c3d64262c4a5dfea64cbeb16cdcf38cc295395f92cae1eab2be5e6d351e2,0xb135ebf5bf8d94b7327614b1bc639027a6052fc6,BUY,Yes,99672409625841492897188894344846022664896122293787929829963546146137071761147,0x7b00fb0579971faf62a2bba9a6411c5004e5ee6d7cce4f0528315334dbffbfd5,0.018,310,5.579999999999999,1730758036,Will a Republican win Rhode Island Presidential Election?
0x68d04d7221de9f83f3125633d722a0b0c266802209dfd601b27be4c1f9529057,0xb135ebf5bf8d94b7327614b1bc639027a6052fc6,BUY,Yes,99672409625841492897188894344846022664896122293787929829963546146137071761147,0x7b00fb0579971faf62a2bba9a6411c5004e5ee6d7cce4f0528315334dbffbfd5,0.017,49.58,0.84286,1730758028,Will a Republican win Rhode Island Presidential Election?
0xe15763f91f538e4d69a03c8fae17789e3ad23d567c2d00531381ff0729e1ef67,0xb135ebf5bf8d94b7327614b1bc639027a6052fc6,BUY,Yes,99672409625841492897188894344846022664896122293787929829963546146137071761147,0x7b00fb0579971faf62a2bba9a6411c5004e5ee6d7cce4f0528315334dbffbfd5,0.013,1169.51,15.203629999999999,1730758010,Will a Republican win Rhode Island Presidential Election?
0x009f20eee8c5b2c8791fc0208e26290adc6cb23ae871dd405ad9c3fe0d9f25e6,0xb7d54bf1d0a362beb916d9cb58a04c41d67e0789,BUY,No,13789495019897325972132141891116611308334961501786542464870706199730148161946,0x7b00fb0579971faf62a2bba9a6411c5004e5ee6d7cce4f0528315334dbffbfd5,0.99,0.18,0.1782,1730756876,Will a Republican win Rhode Island Presidential Election?
0x3f8722c7b956e0a9496ec942e36babc60723ea0d47bd2b193be0d71361cd18c4,0xb7d54bf1d0a362beb916d9cb58a04c41d67e0789,BUY,No,13789495019897325972132141891116611308334961501786542464870706199730148161946,0x7b00fb0579971faf62a2bba9a6411c5004e5ee6d7cce4f0528315334dbffbfd5,0.99,0.01,0.0099,1730756224,Will a Republican win Rhode Island Presidential Election?
0xbe90ef52232bc559b09bf4dfb1d5aecb5eeab467e02c948950e799e972f39f8b,0xb7d54bf1d0a362beb916d9cb58a04c41d67e0789,BUY,No,13789495019897325972132141891116611308334961501786542464870706199730148161946,0x7b00fb0579971faf62a2bba9a6411c5004e5ee6d7cce4f0528315334dbffbfd5,0.99,0.01,0.0099,1730755628,Will a Republican win Rhode Island Presidential Election?
0x024f291085cbf1d14660e5ccca9d67fc1bcd8babf94bbe9ebe2dc07fa72ee54e,0xb7d54bf1d0a362beb916d9cb58a04c41d67e0789,BUY,No,13789495019897325972132141891116611308334961501786542464870706199730148161946,0x7b00fb0579971faf62a2bba9a6411c5004e5ee6d7cce4f0528315334dbffbfd5,0.99,0.01,0.0099,1730755350,Will a Republican win Rhode Island Presidential Election?
0x7543d2334cf50c86be81cf22a39983e5919f8588c1005756cbf1a900881cdcda,0xb7d54bf1d0a362beb916d9cb58a04c41d67e0789,BUY,No,13789495019897325972132141891116611308334961501786542464870706199730148161946,0x7b00fb0579971faf62a2bba9a6411c5004e5ee6d7cce4f0528315334dbffbfd5,0.99,0.01,0.0099,1730755254,Will a Republican win Rhode Island Presidential Election?
0x11850226a4deacfcc74f671ce78cfb321c2883b1d81b8c6dca84570016771a84,0xb135ebf5bf8d94b7327614b1bc639027a6052fc6,BUY,Yes,99672409625841492897188894344846022664896122293787929829963546146137071761147,0x7b00fb0579971faf62a2bba9a6411c5004e5ee6d7cce4f0528315334dbffbfd5,0.012,40.45,0.48540000000000005,1730754882,Will a Republican win Rhode Island Presidential Election?
0x0e3b78f9edf79f3d7d9da81160538aa939849fa8c434cc9b40b86baa42827060,0xb7d54bf1d0a362beb916d9cb58a04c41d67e0789,BUY,No,13789495019897325972132141891116611308334961501786542464870706199730148161946,0x7b00fb0579971faf62a2bba9a6411c5004e5ee6d7cce4f0528315334dbffbfd5,0.991,0.01,0.00991,1730754804,Will a Republican win Rhode Island Presidential Election?
0x04a553df6a39b0841585eff2499737e2ead1042d7941631b7c4e88eb85b436c9,0xb7d54bf1d0a362beb916d9cb58a04c41d67e0789,BUY,No,13789495019897325972132141891116611308334961501786542464870706199730148161946,0x7b00fb0579971faf62a2bba9a6411c5004e5ee6d7cce4f0528315334dbffbfd5,0.993,0.01,0.00993,1730754582,Will a Republican win Rhode Island Presidential Election?
0xc0c33a2147d47c3416a8c3c1a93437d48d1e0bfda0e7d26a57b4858e4e771bfe,0xb7d54bf1d0a362beb916d9cb58a04c41d67e0789,BUY,No,13789495019897325972132141891116611308334961501786542464870706199730148161946,0x7b00fb0579971faf62a2bba9a6411c5004e5ee6d7cce4f0528315334dbffbfd5,0.993,0.01,0.00993,1730752405,Will a Republican win Rhode Island Presidential Election?
0x4f0d873d7c8b70e3bc8a808423e4eeb56860e160979ac177e3fe83151c194c79,0xb7d54bf1d0a362beb916d9cb58a04c41d67e0789,BUY,No,13789495019897325972132141891116611308334961501786542464870706199730148161946,0x7b00fb0579971faf62a2bba9a6411c5004e5ee6d7cce4f0528315334dbffbfd5,0.993,0.01,0.00993,1730751634,Will a Republican win Rhode Island Presidential Election?
0x0d2d62a0359002d1c26e31ddd93b68ee4f9457086371cd7790f20ab29f86e610,0xb7d54bf1d0a362beb916d9cb58a04c41d67e0789,BUY,No,13789495019897325972132141891116611308334961501786542464870706199730148161946,0x7b00fb0579971faf62a2bba9a6411c5004e5ee6d7cce4f0528315334dbffbfd5,0.993,0.01,0.00993,1730751353,Will a Republican win Rhode Island Presidential Election?
0x149768a1b6a21437abccefbf6921327bf4c2507d08ac4d191024eb530b643cdf,0xb7d54bf1d0a362beb916d9cb58a04c41d67e0789,BUY,No,13789495019897325972132141891116611308334961501786542464870706199730148161946,0x7b00fb0579971faf62a2bba9a6411c5004e5ee6d7cce4f0528315334dbffbfd5,0.993,0.01,0.00993,1730751213,Will a Republican win Rhode Island Presidential Election?
0x524e5671edf11f94a4b0c7420f97e044c62fa09d86d768283963eddc7ec0bcd1,0x153f207b39dca7692f571985778b1c005fbdb658,BUY,No,13789495019897325972132141891116611308334961501786542464870706199730148161946,0x7b00fb0579971faf62a2bba9a6411c5004e5ee6d7cce4f0528315334dbffbfd5,0.9929999999,40.181142,39.899874001981885,1730750266,Will a Republican win Rhode Island Presidential Election?
0xddc844317cfb81e6669c3e55807443b31a0ab68ef9f1ffd3cf8eb7c83da9c40d,0xb7d54bf1d0a362beb916d9cb58a04c41d67e0789,BUY,No,13789495019897325972132141891116611308334961501786542464870706199730148161946,0x7b00fb0579971faf62a2bba9a6411c5004e5ee6d7cce4f0528315334dbffbfd5,0.993,0.01,0.00993,1730749852,Will a Republican win Rhode Island Presidential Election?
0x92b058af1f4ef53cd0496d9756e8b5e0e0963711697499ac0bec4f35daf8a402,0xb7d54bf1d0a362beb916d9cb58a04c41d67e0789,BUY,No,13789495019897325972132141891116611308334961501786542464870706199730148161946,0x7b00fb0579971faf62a2bba9a6411c5004e5ee6d7cce4f0528315334dbffbfd5,0.993,0.01,0.00993,1730749368,Will a Republican win Rhode Island Presidential Election?
0xd2d7c5c371318ffe20d52d2973752160c8af22c54fdaa434b5771593f2601b4f,0xb7d54bf1d0a362beb916d9cb58a04c41d67e0789,BUY,No,13789495019897325972132141891116611308334961501786542464870706199730148161946,0x7b00fb0579971faf62a2bba9a6411c5004e5ee6d7cce4f0528315334dbffbfd5,0.993,0.2,0.1986,1730749328,Will a Republican win Rhode Island Presidential Election?
0x305d5b881ae6dd3615c342588ba800b6c2fffe4c26adf5fae83c5fb6a36804e8,0x0f70e012b500adc953e43e81b1d0978b02ec009e,BUY,No,13789495019897325972132141891116611308334961501786542464870706199730148161946,0x7b00fb0579971faf62a2bba9a6411c5004e5ee6d7cce4f0528315334dbffbfd5,0.9912540803,10.925552,10.829997999529825,1730747731,Will a Republican win Rhode Island Presidential Election?
0x58bb88d3f2ac7951404107ebc779cc528646f2c0de77649c74cdd5fdaea74c4f,0x98f157830a38b93c58f62cefee438ef50ece78b6,SELL,No,13789495019897325972132141891116611308334961501786542464870706199730148161946,0x7b00fb0579971faf62a2bba9a6411c5004e5ee6d7cce4f0528315334dbffbfd5,0.987,13,12.831,1730747047,Will a Republican win Rhode Island Presidential Election?
0x5000a0fd7ea885d4d31eaeca753c155733b723f6bd305f31f6cb817f0d33fb9f,0x5defea69f837e5daa9aee27812821fce6bb1fd63,BUY,No,13789495019897325972132141891116611308334961501786542464870706199730148161946,0x7b00fb0579971faf62a2bba9a6411c5004e5ee6d7cce4f0528315334dbffbfd5,0.9928610947,64.570964,64.10999800287429,1730717063,Will a Republican win Rhode Island Presidential Election?
0x1a8645c47bae971e8f608f55fe652beeb39117fdabcd95148ea97d13119a7b3e,0xb7d54bf1d0a362beb916d9cb58a04c41d67e0789,BUY,No,13789495019897325972132141891116611308334961501786542464870706199730148161946,0x7b00fb0579971faf62a2bba9a6411c5004e5ee6d7cce4f0528315334dbffbfd5,0.988,1,0.988,1730704753,Will a Republican win Rhode Island Presidential Election?
0x5389b5a254597aef6714d15b207b68b761d301a42fb8294199ddb3e9ff34d239,0xb7d54bf1d0a362beb916d9cb58a04c41d67e0789,BUY,No,13789495019897325972132141891116611308334961501786542464870706199730148161946,0x7b00fb0579971faf62a2bba9a6411c5004e5ee6d7cce4f0528315334dbffbfd5,0.988,3.02,2.98376,1730704213,Will a Republican win Rhode Island Presidential Election?
0xb7c9388b257a41a504dca9f27984f14e767b83edc57ba293b8cb5bb858a70fb8,0xb7d54bf1d0a362beb916d9cb58a04c41d67e0789,BUY,No,13789495019897325972132141891116611308334961501786542464870706199730148161946,0x7b00fb0579971faf62a2bba9a6411c5004e5ee6d7cce4f0528315334dbffbfd5,0.988,1,0.988,1730703144,Will a Republican win Rhode Island Presidential Election?
0x6fb94bf57d12ee17178ce9651af6ad65bf21c471b82b3340158537f8c817f56c,0xb7d54bf1d0a362beb916d9cb58a04c41d67e0789,BUY,No,13789495019897325972132141891116611308334961501786542464870706199730148161946,0x7b00fb0579971faf62a2bba9a6411c5004e5ee6d7cce4f0528315334dbffbfd5,0.988,2.01,1.9858799999999999,1730694303,Will a Republican win Rhode Island Presidential Election?
0xc7db99bd303a98d2d42be12a9e0caef5c4ceed387e69073d70f402dc84553b3d,0x9bf51df242f3ea21707ce6699ec02c8ee793b565,SELL,No,13789495019897325972132141891116611308334961501786542464870706199730148161946,0x7b00fb0579971faf62a2bba9a6411c5004e5ee6d7cce4f0528315334dbffbfd5,0.987,11,10.857,1730662311,Will a Republican win Rhode Island Presidential Election?
0x1d43f18db4e8e59329f3a4285803dd9230202bfa1104a9f6e1d8ebbae8808ee7,0xb135ebf5bf8d94b7327614b1bc639027a6052fc6,BUY,Yes,99672409625841492897188894344846022664896122293787929829963546146137071761147,0x7b00fb0579971faf62a2bba9a6411c5004e5ee6d7cce4f0528315334dbffbfd5,0.013,5,0.065,1730657032,Will a Republican win Rhode Island Presidential Election?
0x6c485ddfd756537d1d207ce3259725062f3a2824556f53cff9924eccd8c8d530,0xb135ebf5bf8d94b7327614b1bc639027a6052fc6,BUY,Yes,99672409625841492897188894344846022664896122293787929829963546146137071761147,0x7b00fb0579971faf62a2bba9a6411c5004e5ee6d7cce4f0528315334dbffbfd5,0.012,17.38,0.20856,1730657006,Will a Republican win Rhode Island Presidential Election?
0x8f52e22b8d57628c84706ae959bc0c6fe8cf95480cff0ae1e49a831f7a374699,0xb135ebf5bf8d94b7327614b1bc639027a6052fc6,BUY,Yes,99672409625841492897188894344846022664896122293787929829963546146137071761147,0x7b00fb0579971faf62a2bba9a6411c5004e5ee6d7cce4f0528315334dbffbfd5,0.012,40,0.48,1730655559,Will a Republican win Rhode Island Presidential Election?
0x03ee7f3fad64b8ab58d3bc092447980758e5ea4b71ebe31d6e2f08b3d0972ec1,0xba038b75c10d2ac50af73187eb52c9e3027c9338,SELL,No,13789495019897325972132141891116611308334961501786542464870706199730148161946,0x7b00fb0579971faf62a2bba9a6411c5004e5ee6d7cce4f0528315334dbffbfd5,0.988,5.05,4.9894,1730644779,Will a Republican win Rhode Island Presidential Election?
0x7d95896200969854194a2e708b62325eab0f5ce338fac720b8ad8acf8f04854c,0xf4eda03b68ab38d173f566ddb332a889f07d0f2d,BUY,No,13789495019897325972132141891116611308334961501786542464870706199730148161946,0x7b00fb0579971faf62a2bba9a6411c5004e5ee6d7cce4f0528315334dbffbfd5,0.993,5,4.965,1730641723,Will a Republican win Rhode Island Presidential Election?
0xc39932feaa55aa0b282b2fb578e8d89e11ecec86202814a5794b5eb5d2f8acfd,0xba038b75c10d2ac50af73187eb52c9e3027c9338,BUY,No,13789495019897325972132141891116611308334961501786542464870706199730148161946,0x7b00fb0579971faf62a2bba9a6411c5004e5ee6d7cce4f0528315334dbffbfd5,0.9900397996,5.0503,4.99999799991988,1730641007,Will a Republican win Rhode Island Presidential Election?
0xf920ed8dd5c1bf30cd7c4d96c8f34a4c6b9782e7bf2eda5cf040a2137dffb5bd,0xc9b5eff64e311a6efc2e8d58c90730a41656b8ad,BUY,No,13789495019897325972132141891116611308334961501786542464870706199730148161946,0x7b00fb0579971faf62a2bba9a6411c5004e5ee6d7cce4f0528315334dbffbfd5,0.988,5,4.9399999999999995,1730633234,Will a Republican win Rhode Island Presidential Election?
0x17fef02e5fdb433e5d0914731783b3903b1efad5b24057a63104af85e024cc02,0x6b7ec4ba079c0a258435ea36025f6190cd424562,SELL,Yes,99672409625841492897188894344846022664896122293787929829963546146137071761147,0x7b00fb0579971faf62a2bba9a6411c5004e5ee6d7cce4f0528315334dbffbfd5,0.015,1000,15.0,1730629830,Will a Republican win Rhode Island Presidential Election?
0x984ed862ed524ceb34b0fd6d63767e2185173f850a07c410ab0a62165d1f6336,0x63d43bbb87f85af03b8f2f9e2fad7b54334fa2f1,BUY,No,13789495019897325972132141891116611308334961501786542464870706199730148161946,0x7b00fb0579971faf62a2bba9a6411c5004e5ee6d7cce4f0528315334dbffbfd5,0.982,494,485.108,1730621151,Will a Republican win Rhode Island Presidential Election?
0x6f1fdf0541696e419af84d3a213b3eb253c3469d4fe59c460b7b90532f592a85,0xb7d54bf1d0a362beb916d9cb58a04c41d67e0789,BUY,No,13789495019897325972132141891116611308334961501786542464870706199730148161946,0x7b00fb0579971faf62a2bba9a6411c5004e5ee6d7cce4f0528315334dbffbfd5,0.9815454545,11,10.796999999499999,1730575051,Will a Republican win Rhode Island Presidential Election?
0x3c885cf8b29982d9fd16709a87e57bdd979ed21e8752d2805765a8c066f187cb,0xb135ebf5bf8d94b7327614b1bc639027a6052fc6,BUY,Yes,99672409625841492897188894344846022664896122293787929829963546146137071761147,0x7b00fb0579971faf62a2bba9a6411c5004e5ee6d7cce4f0528315334dbffbfd5,0.02,50,1.0,1730570695,Will a Republican win Rhode Island Presidential Election?
0xc4f653eef9789c5643024c768cbca99cecdc3da5959141054ec68bb8e5fc3624,0x2303eec01f613b4bb6f8f9f2be03a33d54a3d566,BUY,No,13789495019897325972132141891116611308334961501786542464870706199730148161946,0x7b00fb0579971faf62a2bba9a6411c5004e5ee6d7cce4f0528315334dbffbfd5,0.994,57.4245,57.079953,1730555071,Will a Republican win Rhode Island Presidential Election?
0x24517473d238a9ebe0ca676993c07ed875d9414d36cf500ba51635d4ffb47b3d,0xb135ebf5bf8d94b7327614b1bc639027a6052fc6,BUY,Yes,99672409625841492897188894344846022664896122293787929829963546146137071761147,0x7b00fb0579971faf62a2bba9a6411c5004e5ee6d7cce4f0528315334dbffbfd5,0.02,200,4.0,1730497234,Will a Republican win Rhode Island Presidential Election?
0xf294b1d3a28c89b85224f8610004d826ebfbdfbfa23a4a475b4c091e5bfadcca,0x9e41715a30ce73ce00ecaf9bd99be03d8615cf4d,SELL,Yes,99672409625841492897188894344846022664896122293787929829963546146137071761147,0x7b00fb0579971faf62a2bba9a6411c5004e5ee6d7cce4f0528315334dbffbfd5,0.0137624,2000,27.5248,1730478614,Will a Republican win Rhode Island Presidential Election?
0x4633d6aa1ae3dc5042366179e4c6bcc1e84d67207bc6ac14f609fd0ba029515e,0x95a7e7c84ef79815f6c65e224d50285d95a4ecdf,BUY,No,13789495019897325972132141891116611308334961501786542464870706199730148161946,0x7b00fb0579971faf62a2bba9a6411c5004e5ee6d7cce4f0528315334dbffbfd5,0.985,93.401,91.999985,1730461944,Will a Republican win Rhode Island Presidential Election?
0x2b32782bf3bfe12d01d3e37dd0ba8c58c3ed094687251b0999233c1d384a21f3,0xbe8848685d81daf0925f4a86b2d7d9fe086cff13,SELL,No,13789495019897325972132141891116611308334961501786542464870706199730148161946,0x7b00fb0579971faf62a2bba9a6411c5004e5ee6d7cce4f0528315334dbffbfd5,0.98,1.4,1.3719999999999999,1730370006,Will a Republican win Rhode Island Presidential Election?
0x641e378bfcc1df94d57777f1fe98b32b52c955c9cadf7641774b2d7c515150b3,0xbe8848685d81daf0925f4a86b2d7d9fe086cff13,BUY,No,13789495019897325972132141891116611308334961501786542464870706199730148161946,0x7b00fb0579971faf62a2bba9a6411c5004e5ee6d7cce4f0528315334dbffbfd5,0.9859994964,1.409735,1.3899980000574539,1730369936,Will a Republican win Rhode Island Presidential Election?
0xe9321b7d01a66d4d9d06b9aa7c065a5faa629ec1d8d0ae6783657fb725fcfbd2,0x6756cfff706001dd023e845c5a9c98f7822a54c7,BUY,No,13789495019897325972132141891116611308334961501786542464870706199730148161946,0x7b00fb0579971faf62a2bba9a6411c5004e5ee6d7cce4f0528315334dbffbfd5,0.9857855237,16.646621,16.409998000320417,1730368480,Will a Republican win Rhode Island Presidential Election?
0x007ab88a8e7577004bd0e91b671d473af9b5c9897a9665c564f8a6c56bdf98b7,0xd995ea60f63a47485e3371559d2e7316324991d2,BUY,No,13789495019897325972132141891116611308334961501786542464870706199730148161946,0x7b00fb0579971faf62a2bba9a6411c5004e5ee6d7cce4f0528315334dbffbfd5,0.9849999772,14.060912,13.849997999411206,1730310390,Will a Republican win Rhode Island Presidential Election?
0xf34f3281efddcb3fa3efa76021f534deabc46809d3c52eb6015aa1858a8c9058,0xe50c3c4b3989e4e2dc0a12d2326366dfe79dfb07,BUY,No,13789495019897325972132141891116611308334961501786542464870706199730148161946,0x7b00fb0579971faf62a2bba9a6411c5004e5ee6d7cce4f0528315334dbffbfd5,0.9849999447,12.832486,12.639998000363523,1730309236,Will a Republican win Rhode Island Presidential Election?
0xe4dee79f4f8eda1af60b269e3f18c1c1080c2cf2e6001beca366ad2669789c66,0x06cf85606865e56f38c09d20469694c60be039be,BUY,No,13789495019897325972132141891116611308334961501786542464870706199730148161946,0x7b00fb0579971faf62a2bba9a6411c5004e5ee6d7cce4f0528315334dbffbfd5,0.9859999688,20.51724,20.22999799986211,1730226693,Will a Republican win Rhode Island Presidential Election?
0xa989c081feb1f419d878efb32165dcf0f4590cecf439035060121ce8d9ad6bcf,0x903793863c59df190f63eefa42b6f3d1be10459c,BUY,No,13789495019897325972132141891116611308334961501786542464870706199730148161946,0x7b00fb0579971faf62a2bba9a6411c5004e5ee6d7cce4f0528315334dbffbfd5,0.978,698.67,683.2992599999999,1730198594,Will a Republican win Rhode Island Presidential Election?
0x16eba2df342be11b28474a51b0099a484df9d9a5320709f67e317de12f6dde34,0x41807fe84dfa02a87956bcee3624f53a34854a7a,SELL,No,13789495019897325972132141891116611308334961501786542464870706199730148161946,0x7b00fb0579971faf62a2bba9a6411c5004e5ee6d7cce4f0528315334dbffbfd5,0.977,0.33,0.32241000000000003,1730182831,Will a Republican win Rhode Island Presidential Election?
0xa5ebeaaebe1c3c1307039fc9da5b7c32d5afcb007805cfd7b3e7a43981540cad,0x41807fe84dfa02a87956bcee3624f53a34854a7a,BUY,No,13789495019897325972132141891116611308334961501786542464870706199730148161946,0x7b00fb0579971faf62a2bba9a6411c5004e5ee6d7cce4f0528315334dbffbfd5,0.9779999941,0.337409,0.3299860000092869,1730182755,Will a Republican win Rhode Island Presidential Election?
0x5404e6e1b6e742819a80fbca3b1d37f66681ae4efe71b4f4d359626fbc08cd76,0xc2f7fc272dcc94a4e6803c18fed88a8aac210979,BUY,Yes,99672409625841492897188894344846022664896122293787929829963546146137071761147,0x7b00fb0579971faf62a2bba9a6411c5004e5ee6d7cce4f0528315334dbffbfd5,0.022,300.99,6.62178,1730173606,Will a Republican win Rhode Island Presidential Election?
0xa9526560c30a92d02877fb9311315e021e8f102dfb0e586768cdd462eee716ae,0x1516d572196ef1e060f2c8408ab2564eacfd1514,BUY,No,13789495019897325972132141891116611308334961501786542464870706199730148161946,0x7b00fb0579971faf62a2bba9a6411c5004e5ee6d7cce4f0528315334dbffbfd5,0.9839999877,23.373982,22.99999800050002,1730146141,Will a Republican win Rhode Island Presidential Election?
0x3731e4b530b1e74f506f3714af42cf2089a364faec915f863b747e3f1cb14bb8,0x3f2fdab51b6ba0fb9bc4b7a38647901c90cc1e17,SELL,Yes,99672409625841492897188894344846022664896122293787929829963546146137071761147,0x7b00fb0579971faf62a2bba9a6411c5004e5ee6d7cce4f0528315334dbffbfd5,0.0162495621,1113.35,18.091449964035,1730145548,Will a Republican win Rhode Island Presidential Election?
0x7711e4c8c158e7d0f2d5d481f92ae89cab87a35ea6dadf31747479f45723afcb,0x98f157830a38b93c58f62cefee438ef50ece78b6,BUY,No,13789495019897325972132141891116611308334961501786542464870706199730148161946,0x7b00fb0579971faf62a2bba9a6411c5004e5ee6d7cce4f0528315334dbffbfd5,0.9829999994,23.143411,22.749972999113954,1730144554,Will a Republican win Rhode Island Presidential Election?
0x896b9ed429aa49100170f17e9fbfb7280b64f38d2aab476c5a14ad58bdb8f1cc,0x3f2fdab51b6ba0fb9bc4b7a38647901c90cc1e17,BUY,Yes,99672409625841492897188894344846022664896122293787929829963546146137071761147,0x7b00fb0579971faf62a2bba9a6411c5004e5ee6d7cce4f0528315334dbffbfd5,0.0247707713,201.8508,5.00000000352204,1730143410,Will a Republican win Rhode Island Presidential Election?
0x1ab2afd6983b9234e9d8ebd1c89e8a94a49bd920d3d09b304d4e365603c58dc9,0x3f2fdab51b6ba0fb9bc4b7a38647901c90cc1e17,BUY,Yes,99672409625841492897188894344846022664896122293787929829963546146137071761147,0x7b00fb0579971faf62a2bba9a6411c5004e5ee6d7cce4f0528315334dbffbfd5,0.024,171.35,4.1124,1730136589,Will a Republican win Rhode Island Presidential Election?
0xa0f53aae060668aad18a9d1d702737380920a95048341e8e15a6c141d86c73a9,0x3f2fdab51b6ba0fb9bc4b7a38647901c90cc1e17,BUY,Yes,99672409625841492897188894344846022664896122293787929829963546146137071761147,0x7b00fb0579971faf62a2bba9a6411c5004e5ee6d7cce4f0528315334dbffbfd5,0.024,83.38,2.00112,1730128902,Will a Republican win Rhode Island Presidential Election?
0x8c5d27ebd636b968caff0e6460765b97f4f2cb2cd3d357e2c60a3f7bb7249371,0x3f2fdab51b6ba0fb9bc4b7a38647901c90cc1e17,SELL,Yes,99672409625841492897188894344846022664896122293787929829963546146137071761147,0x7b00fb0579971faf62a2bba9a6411c5004e5ee6d7cce4f0528315334dbffbfd5,0.016602,500,8.301,1730128292,Will a Republican win Rhode Island Presidential Election?
0x6ca27c5b48be4da247f7b1bb17001aed6fce0f4278aae4aca9e38a29f9fbaf34,0x96b59f71f635da5da031e3e93448c54fe226f5e7,SELL,No,13789495019897325972132141891116611308334961501786542464870706199730148161946,0x7b00fb0579971faf62a2bba9a6411c5004e5ee6d7cce4f0528315334dbffbfd5,0.9756603751,1163.46,1135.141820013846,1730127496,Will a Republican win Rhode Island Presidential Election?
0xfdce261c21eefd5acc3445afcadcbb651f755afb85a5101bb2b69e9ae6b7f1e3,0x3f2fdab51b6ba0fb9bc4b7a38647901c90cc1e17,SELL,Yes,99672409625841492897188894344846022664896122293787929829963546146137071761147,0x7b00fb0579971faf62a2bba9a6411c5004e5ee6d7cce4f0528315334dbffbfd5,0.017,297.33,5.05461,1730126422,Will a Republican win Rhode Island Presidential Election?
0x76da8004b1b40943744f9c063710e5960557f56df5f61ff6a08effe339365580,0x5c025516dd1be0e75b842565393de71e593740fe,SELL,No,13789495019897325972132141891116611308334961501786542464870706199730148161946,0x7b00fb0579971faf62a2bba9a6411c5004e5ee6d7cce4f0528315334dbffbfd5,0.976,0.34,0.33184,1730105183,Will a Republican win Rhode Island Presidential Election?
0x4c4fac0c549666b0391b27d5fae67bd7a368719b474de1e30f958c818bf93fa3,0x5c025516dd1be0e75b842565393de71e593740fe,BUY,No,13789495019897325972132141891116611308334961501786542464870706199730148161946,0x7b00fb0579971faf62a2bba9a6411c5004e5ee6d7cce4f0528315334dbffbfd5,0.984,0.3455,0.339972,1730105102,Will a Republican win Rhode Island Presidential Election?
0x6efada8cedf41923b546a6debc0fa36f3efd3f70813e6c7de8f75cc874d3ca43,0x5cbbeb42878348ceb25539dfca514e83d804ac7c,BUY,Yes,99672409625841492897188894344846022664896122293787929829963546146137071761147,0x7b00fb0579971faf62a2bba9a6411c5004e5ee6d7cce4f0528315334dbffbfd5,0.024,100,2.4,1730072898,Will a Republican win Rhode Island Presidential Election?
0x1b8e1a21bf0c9fbb9d7ce566e9d553c5cfe7c5c859cfcd8b9e7c7788a2123081,0x3f2fdab51b6ba0fb9bc4b7a38647901c90cc1e17,BUY,Yes,99672409625841492897188894344846022664896122293787929829963546146137071761147,0x7b00fb0579971faf62a2bba9a6411c5004e5ee6d7cce4f0528315334dbffbfd5,0.0240000001,243.333332,5.8399999923333334,1730071382,Will a Republican win Rhode Island Presidential Election?
0xc03e177004f0bdaa8d050429106dd0cd0b79d6f39506caa1deb1fced27c03678,0x3f2fdab51b6ba0fb9bc4b7a38647901c90cc1e17,BUY,Yes,99672409625841492897188894344846022664896122293787929829963546146137071761147,0x7b00fb0579971faf62a2bba9a6411c5004e5ee6d7cce4f0528315334dbffbfd5,0.025,280,7.0,1730070078,Will a Republican win Rhode Island Presidential Election?
0x397877a222e0faf4318f906b442d25b0f4ec53be1da9df4d806bfaa3af3d9be9,0x4cdadfcfe3121a7227d816db9ecd165997d97ab9,BUY,Yes,99672409625841492897188894344846022664896122293787929829963546146137071761147,0x7b00fb0579971faf62a2bba9a6411c5004e5ee6d7cce4f0528315334dbffbfd5,0.0246483664,405.7064,9.99999999802496,1730064802,Will a Republican win Rhode Island Presidential Election?
0x58598a8693b2e3e7d4e360e28fbdc0c12df569dbc9df30d67d50f8c75d7d1405,0x3f2fdab51b6ba0fb9bc4b7a38647901c90cc1e17,BUY,Yes,99672409625841492897188894344846022664896122293787929829963546146137071761147,0x7b00fb0579971faf62a2bba9a6411c5004e5ee6d7cce4f0528315334dbffbfd5,0.0238835038,930.767915,22.22999903482058,1730064632,Will a Republican win Rhode Island Presidential Election?
0x11904e946c36cbb3148c2040c7ace3d38a2fbeacb2252aed215cb364f9075464,0xd13591cc15b70e2f015babb383b39e2992b2b420,SELL,No,13789495019897325972132141891116611308334961501786542464870706199730148161946,0x7b00fb0579971faf62a2bba9a6411c5004e5ee6d7cce4f0528315334dbffbfd5,0.977,0.63,0.61551,1730057070,Will a Republican win Rhode Island Presidential Election?
0x445be3ad23a7c485d44d5a23a60b0ea26ccf4b82f7a5f3e646031d0a3e2495e9,0xd13591cc15b70e2f015babb383b39e2992b2b420,BUY,No,13789495019897325972132141891116611308334961501786542464870706199730148161946,0x7b00fb0579971faf62a2bba9a6411c5004e5ee6d7cce4f0528315334dbffbfd5,0.9839999873,0.630062,0.6199809999982127,1730056992,Will a Republican win Rhode Island Presidential Election?
0xe0379ca270a709ef05607dfecb58b431052f21215e1c3036c8fc84d716eff141,0x2e666b042cf47651af505130abfe5fc98abd8e43,SELL,No,13789495019897325972132141891116611308334961501786542464870706199730148161946,0x7b00fb0579971faf62a2bba9a6411c5004e5ee6d7cce4f0528315334dbffbfd5,0.977,1.29,1.26033,1730007851,Will a Republican win Rhode Island Presidential Election?
0xb794e2af69ddc82d000a92fe0ccf02d7248317d07a4b14e8bb509f04c4d5563b,0x2e666b042cf47651af505130abfe5fc98abd8e43,BUY,No,13789495019897325972132141891116611308334961501786542464870706199730148161946,0x7b00fb0579971faf62a2bba9a6411c5004e5ee6d7cce4f0528315334dbffbfd5,0.984,1.290625,1.2699749999999999,1730007715,Will a Republican win Rhode Island Presidential Election?
0x8863a3712b90b7985f5b70dbb5edda6b63d0332e57d7fad7b9b2e29fab128fe5,0x07b4e7c705ea8dc17df8593e278e374675e5caf5,SELL,No,13789495019897325972132141891116611308334961501786542464870706199730148161946,0x7b00fb0579971faf62a2bba9a6411c5004e5ee6d7cce4f0528315334dbffbfd5,0.977,0.72,0.70344,1730002924,Will a Republican win Rhode Island Presidential Election?
0x4591f4ee979a6556d6514f864becf958219f381f85342981a5901b2ec87df1e0,0x07b4e7c705ea8dc17df8593e278e374675e5caf5,BUY,No,13789495019897325972132141891116611308334961501786542464870706199730148161946,0x7b00fb0579971faf62a2bba9a6411c5004e5ee6d7cce4f0528315334dbffbfd5,0.984,0.7215,0.709956,1730002844,Will a Republican win Rhode Island Presidential Election?
0xe77d8147dbfb29d87ed0453453466166ebae993b98881b46d020490f17dabc47,0xf8ba34bf0e95d952d05b578bfbc0833f9242a286,BUY,Yes,99672409625841492897188894344846022664896122293787929829963546146137071761147,0x7b00fb0579971faf62a2bba9a6411c5004e5ee6d7cce4f0528315334dbffbfd5,0.023,100,2.3,1729984299,Will a Republican win Rhode Island Presidential Election?
0x9da00de66591d7c10118ecfa4045ed6868461aa8f52dda8456dbd6887ed761a4,0xf8ba34bf0e95d952d05b578bfbc0833f9242a286,BUY,Yes,99672409625841492897188894344846022664896122293787929829963546146137071761147,0x7b00fb0579971faf62a2bba9a6411c5004e5ee6d7cce4f0528315334dbffbfd5,0.023,40,0.9199999999999999,1729982753,Will a Republican win Rhode Island Presidential Election?
0xa7e13f4d0080ccba2af76771b34c6ea8a09172921a6741784dbadea51558688e,0xe3d4fd7db02fe2dd3572b00612d676a99c7484d9,SELL,No,13789495019897325972132141891116611308334961501786542464870706199730148161946,0x7b00fb0579971faf62a2bba9a6411c5004e5ee6d7cce4f0528315334dbffbfd5,0.977,0.68,0.6643600000000001,1729975325,Will a Republican win Rhode Island Presidential Election?
0xe2b356d5675fb1f4c78efc68bec3490c668db27a876787ad0a5c7545e5d922b1,0xe3d4fd7db02fe2dd3572b00612d676a99c7484d9,BUY,No,13789495019897325972132141891116611308334961501786542464870706199730148161946,0x7b00fb0579971faf62a2bba9a6411c5004e5ee6d7cce4f0528315334dbffbfd5,0.984,0.680875,0.669981,1729975249,Will a Republican win Rhode Island Presidential Election?
0xfbfa06fee7cbc616f135b2ac73c88e9a2678b83e68978f592639a9a135510ca3,0x7cde7c0c7bc256a21bed01e5aa2acb8b2af97b87,BUY,Yes,99672409625841492897188894344846022664896122293787929829963546146137071761147,0x7b00fb0579971faf62a2bba9a6411c5004e5ee6d7cce4f0528315334dbffbfd5,0.025,1240,31.0,1729924327,Will a Republican win Rhode Island Presidential Election?
0x6ba6b6ac45855d394113189037b69aef230fa4cfedd04a1a838158e1f43595f2,0xf8ba34bf0e95d952d05b578bfbc0833f9242a286,BUY,Yes,99672409625841492897188894344846022664896122293787929829963546146137071761147,0x7b00fb0579971faf62a2bba9a6411c5004e5ee6d7cce4f0528315334dbffbfd5,0.025,100,2.5,1729882185,Will a Republican win Rhode Island Presidential Election?
0x958c04b772426adb75bce8ebcfc08f9646c0785ad823d3c543e1d0f81c577f85,0xf8ba34bf0e95d952d05b578bfbc0833f9242a286,BUY,Yes,99672409625841492897188894344846022664896122293787929829963546146137071761147,0x7b00fb0579971faf62a2bba9a6411c5004e5ee6d7cce4f0528315334dbffbfd5,0.025,100,2.5,1729881993,Will a Republican win Rhode Island Presidential Election?
0x1f132738d0736cb7fd1348fcf65ee8d32cc39bb6840f8e6d57e329bc31779412,0xf8ba34bf0e95d952d05b578bfbc0833f9242a286,BUY,Yes,99672409625841492897188894344846022664896122293787929829963546146137071761147,0x7b00fb0579971faf62a2bba9a6411c5004e5ee6d7cce4f0528315334dbffbfd5,0.025,100,2.5,1729881651,Will a Republican win Rhode Island Presidential Election?
0x389c4bc7a4ffed752b392ac62a7ee69eadd82dd5490f6e85ccd090442872a382,0xf8ba34bf0e95d952d05b578bfbc0833f9242a286,BUY,Yes,99672409625841492897188894344846022664896122293787929829963546146137071761147,0x7b00fb0579971faf62a2bba9a6411c5004e5ee6d7cce4f0528315334dbffbfd5,0.025,100,2.5,1729881445,Will a Republican win Rhode Island Presidential Election?
0x99d2cfdeec7257921df54877055df860eab3e937434dcab0549b28b6a76d1a01,0xf8ba34bf0e95d952d05b578bfbc0833f9242a286,BUY,Yes,99672409625841492897188894344846022664896122293787929829963546146137071761147,0x7b00fb0579971faf62a2bba9a6411c5004e5ee6d7cce4f0528315334dbffbfd5,0.025,100,2.5,1729881275,Will a Republican win Rhode Island Presidential Election?
0xca7741e08f67eb86d7d52b6d8f1ce33b45fd7f6c5163e0024c136956f13c8c4d,0xf8ba34bf0e95d952d05b578bfbc0833f9242a286,BUY,Yes,99672409625841492897188894344846022664896122293787929829963546146137071761147,0x7b00fb0579971faf62a2bba9a6411c5004e5ee6d7cce4f0528315334dbffbfd5,0.025,104,2.6,1729881101,Will a Republican win Rhode Island Presidential Election?
0xcae680d517de3ec483c3584f794be04d7565881b0c0169440cd65ad63b42a135,0xf8ba34bf0e95d952d05b578bfbc0833f9242a286,BUY,Yes,99672409625841492897188894344846022664896122293787929829963546146137071761147,0x7b00fb0579971faf62a2bba9a6411c5004e5ee6d7cce4f0528315334dbffbfd5,0.025,108,2.7,1729880847,Will a Republican win Rhode Island Presidential Election?
0x451a743bdec20b36f9c0685926f4eae93f405345d72efb768ffb7a21f9dae920,0x9bf51df242f3ea21707ce6699ec02c8ee793b565,BUY,No,13789495019897325972132141891116611308334961501786542464870706199730148161946,0x7b00fb0579971faf62a2bba9a6411c5004e5ee6d7cce4f0528315334dbffbfd5,0.9779999816,41.748465,40.829998001828244,1729874479,Will a Republican win Rhode Island Presidential Election?
0x65100a851beb0c0edaacd4f1ee57496f7031cc58a188fd8b07e2374dc3547826,0x9b55faed782930ae12b0ccefbdfc6115e5556624,BUY,Yes,99672409625841492897188894344846022664896122293787929829963546146137071761147,0x7b00fb0579971faf62a2bba9a6411c5004e5ee6d7cce4f0528315334dbffbfd5,0.025,2500,62.5,1729872705,Will a Republican win Rhode Island Presidential Election?
0x6b5fb0ccb9d32e63aeb2858375f80be5924d32e71d4e1150004ac827a5559617,0xb135ebf5bf8d94b7327614b1bc639027a6052fc6,BUY,Yes,99672409625841492897188894344846022664896122293787929829963546146137071761147,0x7b00fb0579971faf62a2bba9a6411c5004e5ee6d7cce4f0528315334dbffbfd5,0.025,200,5.0,1729860983,Will a Republican win Rhode Island Presidential Election?
0x103269537632ae56ccec2ac0fe53ede7b899d65ccf3a5cab845d1a2bca8a052a,0x903793863c59df190f63eefa42b6f3d1be10459c,BUY,No,13789495019897325972132141891116611308334961501786542464870706199730148161946,0x7b00fb0579971faf62a2bba9a6411c5004e5ee6d7cce4f0528315334dbffbfd5,0.977,5,4.885,1729808167,Will a Republican win Rhode Island Presidential Election?
0x17974e6c0300344468472ebaafb2a0503765d1cbe6de81f935e8928b79b18dbc,0x903793863c59df190f63eefa42b6f3d1be10459c,BUY,No,13789495019897325972132141891116611308334961501786542464870706199730148161946,0x7b00fb0579971faf62a2bba9a6411c5004e5ee6d7cce4f0528315334dbffbfd5,0.976,5,4.88,1729808161,Will a Republican win Rhode Island Presidential Election?
0x5237a8ad36eca6f81c864acf7e54d7d1231702aa769df498761804a141fff41d,0x5b9adbadef6f41422af185e9b39fdd6c1a347da3,BUY,Yes,99672409625841492897188894344846022664896122293787929829963546146137071761147,0x7b00fb0579971faf62a2bba9a6411c5004e5ee6d7cce4f0528315334dbffbfd5,0.025,1000,25.0,1729800986,Will a Republican win Rhode Island Presidential Election?
0x250585b61d00a4d85161e724a7ea877537577b0f3c007dfbba170a0ad0169543,0x6c4034e4b0a6904556c31c347ad311b2cfb4d50a,BUY,Yes,99672409625841492897188894344846022664896122293787929829963546146137071761147,0x7b00fb0579971faf62a2bba9a6411c5004e5ee6d7cce4f0528315334dbffbfd5,0.0244840237,1429.5036,35.00000002163532,1729784615,Will a Republican win Rhode Island Presidential Election?
0x40eeac8328db430e4c0c16a90e9675dba728a7f20047f69f73272790e96e324b,0x35b92af1ec334cf6205b8fdfe130c68b6916fb75,BUY,No,13789495019897325972132141891116611308334961501786542464870706199730148161946,0x7b00fb0579971faf62a2bba9a6411c5004e5ee6d7cce4f0528315334dbffbfd5,0.987,52.147846,51.469924002,1729783433,Will a Republican win Rhode Island Presidential Election?
0xe20216c3850bb7abf578aa3d4282cbdfe9fa48948e1eebeacd7dfb1e74a70daf,0x903793863c59df190f63eefa42b6f3d1be10459c,BUY,No,13789495019897325972132141891116611308334961501786542464870706199730148161946,0x7b00fb0579971faf62a2bba9a6411c5004e5ee6d7cce4f0528315334dbffbfd5,0.977,5,4.885,1729745852,Will a Republican win Rhode Island Presidential Election?
0xc6271969f938913c8164fd6b3c0e8e99bb9348a4ddcaf44a4f759fd3bfd78586,0xb135ebf5bf8d94b7327614b1bc639027a6052fc6,BUY,Yes,99672409625841492897188894344846022664896122293787929829963546146137071761147,0x7b00fb0579971faf62a2bba9a6411c5004e5ee6d7cce4f0528315334dbffbfd5,0.024,100,2.4,1729744772,Will a Republican win Rhode Island Presidential Election?
0xd69a01351e46d8755c9a275eb57ffe884747751bf4cbc01710cd7a4edd353edd,0xf8ba34bf0e95d952d05b578bfbc0833f9242a286,BUY,Yes,99672409625841492897188894344846022664896122293787929829963546146137071761147,0x7b00fb0579971faf62a2bba9a6411c5004e5ee6d7cce4f0528315334dbffbfd5,0.024,100,2.4,1729742268,Will a Republican win Rhode Island Presidential Election?
0x20e1440922786e7c96b607fe8f3130d44cd4cc7b0b58974301504a4dd14ab2f4,0xf8ba34bf0e95d952d05b578bfbc0833f9242a286,BUY,Yes,99672409625841492897188894344846022664896122293787929829963546146137071761147,0x7b00fb0579971faf62a2bba9a6411c5004e5ee6d7cce4f0528315334dbffbfd5,0.024,100,2.4,1729742084,Will a Republican win Rhode Island Presidential Election?
0x5843c287c2f4416c9edbd062e6cdb8ca476231e32ac1394a4847a4abf67cb4e5,0xf8ba34bf0e95d952d05b578bfbc0833f9242a286,BUY,Yes,99672409625841492897188894344846022664896122293787929829963546146137071761147,0x7b00fb0579971faf62a2bba9a6411c5004e5ee6d7cce4f0528315334dbffbfd5,0.024,100,2.4,1729741896,Will a Republican win Rhode Island Presidential Election?
0x80ad289ed2a90135a4bcbc424744bc2edb503335de0a37b8ab7bfd65545982a2,0xf8ba34bf0e95d952d05b578bfbc0833f9242a286,BUY,Yes,99672409625841492897188894344846022664896122293787929829963546146137071761147,0x7b00fb0579971faf62a2bba9a6411c5004e5ee6d7cce4f0528315334dbffbfd5,0.024,100,2.4,1729741710,Will a Republican win Rhode Island Presidential Election?
0x3f7b9163c6f5710399ebd93e8911b735db781863014f4c20696524257b20c18b,0xf8ba34bf0e95d952d05b578bfbc0833f9242a286,BUY,Yes,99672409625841492897188894344846022664896122293787929829963546146137071761147,0x7b00fb0579971faf62a2bba9a6411c5004e5ee6d7cce4f0528315334dbffbfd5,0.023,108.695652,2.4999999959999997,1729741526,Will a Republican win Rhode Island Presidential Election?
0xbdd195765037342f92bf2a538eadb682017e39ec35498e5922e2965e29b13d7b,0x6356fb47642a028bc09df92023c35a21a0b41885,SELL,Yes,99672409625841492897188894344846022664896122293787929829963546146137071761147,0x7b00fb0579971faf62a2bba9a6411c5004e5ee6d7cce4f0528315334dbffbfd5,0.012,0.67,0.00804,1729722544,Will a Republican win Rhode Island Presidential Election?
0x42aa6361023d1d1c0841c33d4810608b6bce44f17e6c9057490b5cf882d36817,0xf0b0ef1d6320c6be896b4c9c54dd74407e7f8cab,SELL,No,13789495019897325972132141891116611308334961501786542464870706199730148161946,0x7b00fb0579971faf62a2bba9a6411c5004e5ee6d7cce4f0528315334dbffbfd5,0.976,50.77,49.551520000000004,1729688180,Will a Republican win Rhode Island Presidential Election?
0x4a85134af470e338d87ae072201b93f7b7a8c8f882607ccfb5b5f9e29b882de2,0xd38dbdf6fc0650b95cbd628e95593ac756bce35d,SELL,No,13789495019897325972132141891116611308334961501786542464870706199730148161946,0x7b00fb0579971faf62a2bba9a6411c5004e5ee6d7cce4f0528315334dbffbfd5,0.977,0.22,0.21494,1729519921,Will a Republican win Rhode Island Presidential Election?
0x1580550eafea4d08e4d8decdea1ef19f4b2e0475934adc8c4c2aaf1773268577,0xd38dbdf6fc0650b95cbd628e95593ac756bce35d,BUY,No,13789495019897325972132141891116611308334961501786542464870706199730148161946,0x7b00fb0579971faf62a2bba9a6411c5004e5ee6d7cce4f0528315334dbffbfd5,0.9819980271,0.224031,0.2199980000092401,1729519865,Will a Republican win Rhode Island Presidential Election?
0xce3a054e60c093cb247a56a9ce55c05d295bc2461a2d0bbece0963bc3f3fa688,0xf8ba34bf0e95d952d05b578bfbc0833f9242a286,SELL,No,13789495019897325972132141891116611308334961501786542464870706199730148161946,0x7b00fb0579971faf62a2bba9a6411c5004e5ee6d7cce4f0528315334dbffbfd5,0.97651,100,97.651,1729517521,Will a Republican win Rhode Island Presidential Election?
0x57d609b70c0ffbf6599b29ef28959e31779f757ca681fb9eadda5fe81f7afc71,0x7be1aee55784511eb8489d2511de91ee25f1200e,BUY,Yes,99672409625841492897188894344846022664896122293787929829963546146137071761147,0x7b00fb0579971faf62a2bba9a6411c5004e5ee6d7cce4f0528315334dbffbfd5,0.0240000002,208.333332,5.000000009666667,1729485896,Will a Republican win Rhode Island Presidential Election?
0x24aa0f0f7e3f423f0b8ac3111742a455f3ce7d3adc90c1332cf5700d52eed736,0x7024c41f0af4c323af008a0e6e0e747e2a9d6fb0,BUY,Yes,99672409625841492897188894344846022664896122293787929829963546146137071761147,0x7b00fb0579971faf62a2bba9a6411c5004e5ee6d7cce4f0528315334dbffbfd5,0.0193214642,5175.5912,100.00000008463503,1729459612,Will a Republican win Rhode Island Presidential Election?
0xfd86818c6d8c80b1db9d14c70b165843e7b048154a3504a87e4fb9625fb20ef9,0xd4a284b6f7843b7e45d311b7c4bd02a01b45f4c7,SELL,No,13789495019897325972132141891116611308334961501786542464870706199730148161946,0x7b00fb0579971faf62a2bba9a6411c5004e5ee6d7cce4f0528315334dbffbfd5,0.989,0.1,0.0989,1729442873,Will a Republican win Rhode Island Presidential Election?
0x499958b5eeb6313411aaf6c06b2dcdcebbc20f819e3db96623380ed22da5b85b,0xd4a284b6f7843b7e45d311b7c4bd02a01b45f4c7,BUY,No,13789495019897325972132141891116611308334961501786542464870706199730148161946,0x7b00fb0579971faf62a2bba9a6411c5004e5ee6d7cce4f0528315334dbffbfd5,0.992,0.10075,0.099944,1729442819,Will a Republican win Rhode Island Presidential Election?
0x76c2718e26d2465441ddc8dc4c6c52a620a21cf960deae91a0b4364c66ec8813,0x0d21cceca85f128781e84522a6fb8b15f71555ba,SELL,No,13789495019897325972132141891116611308334961501786542464870706199730148161946,0x7b00fb0579971faf62a2bba9a6411c5004e5ee6d7cce4f0528315334dbffbfd5,0.989,0.44,0.43516,1729418955,Will a Republican win Rhode Island Presidential Election?
0xbae95545b6ec3f04aa0c1ef717b38277005b72b40148075a85bdf1bfd2619e37,0x0d21cceca85f128781e84522a6fb8b15f71555ba,BUY,No,13789495019897325972132141891116611308334961501786542464870706199730148161946,0x7b00fb0579971faf62a2bba9a6411c5004e5ee6d7cce4f0528315334dbffbfd5,0.992,0.4435,0.439952,1729418887,Will a Republican win Rhode Island Presidential Election?
0xc003dbc73cf9c97f8aa70d20e240eddbf1c45568684d993473ca1d186a937e77,0x1d807675f4f5ab299a2d9a2ac39f9856fd6d5124,SELL,No,13789495019897325972132141891116611308334961501786542464870706199730148161946,0x7b00fb0579971faf62a2bba9a6411c5004e5ee6d7cce4f0528315334dbffbfd5,0.989,15,14.834999999999999,1729372626,Will a Republican win Rhode Island Presidential Election?
0xb9ecb926433667ff0a6bfb7aafe9ef02bf35d68812aa1f3296d0be3d51417413,0x37fe387c2dbc1251f41d3d61769a849cfe663ed5,SELL,No,13789495019897325972132141891116611308334961501786542464870706199730148161946,0x7b00fb0579971faf62a2bba9a6411c5004e5ee6d7cce4f0528315334dbffbfd5,0.989,23,22.747,1729372040,Will a Republican win Rhode Island Presidential Election?
0xd4fbfea2cfaaf0995637a1e9e87362da3c0a247ef0eda87c6e3582bc43a13c5f,0x1d807675f4f5ab299a2d9a2ac39f9856fd6d5124,BUY,No,13789495019897325972132141891116611308334961501786542464870706199730148161946,0x7b00fb0579971faf62a2bba9a6411c5004e5ee6d7cce4f0528315334dbffbfd5,0.99,15,14.85,1729371546,Will a Republican win Rhode Island Presidential Election?
0xe73b543615511f896cfdf5ec906093ca3f29e8a62099b089eaa260df37f6bb68,0x715a6aff853a13a2fc037b212b9eeca6675c4c63,SELL,No,13789495019897325972132141891116611308334961501786542464870706199730148161946,0x7b00fb0579971faf62a2bba9a6411c5004e5ee6d7cce4f0528315334dbffbfd5,0.989,37,36.592999999999996,1729370944,Will a Republican win Rhode Island Presidential Election?
0xc4a447a67bd7e5a296d67e591938ad468e54b8dfecf58daeadd616a72118aab5,0x37fe387c2dbc1251f41d3d61769a849cfe663ed5,BUY,No,13789495019897325972132141891116611308334961501786542464870706199730148161946,0x7b00fb0579971faf62a2bba9a6411c5004e5ee6d7cce4f0528315334dbffbfd5,0.99,23,22.77,1729370624,Will a Republican win Rhode Island Presidential Election?
0xa6aee032b15ddd0350f4e684fde56ff3f6c963ed8fc17ebcd53722f60bb78db7,0xf94e0439af44cb8290bae71749a5495b58cd521a,SELL,No,13789495019897325972132141891116611308334961501786542464870706199730148161946,0x7b00fb0579971faf62a2bba9a6411c5004e5ee6d7cce4f0528315334dbffbfd5,0.989,69,68.241,1729369540,Will a Republican win Rhode Island Presidential Election?
0x4d45f87298c17235fe00ad04f359b79e30bad73e8316d43a1eb0db999ef152e9,0x715a6aff853a13a2fc037b212b9eeca6675c4c63,BUY,No,13789495019897325972132141891116611308334961501786542464870706199730148161946,0x7b00fb0579971faf62a2bba9a6411c5004e5ee6d7cce4f0528315334dbffbfd5,0.99,37,36.63,1729369338,Will a Republican win Rhode Island Presidential Election?
0xdbc8576d50cb2035412e4f0ea8f9fdc0b5a07a7288b40f7bf16e250db9c82a4e,0xf94e0439af44cb8290bae71749a5495b58cd521a,BUY,No,13789495019897325972132141891116611308334961501786542464870706199730148161946,0x7b00fb0579971faf62a2bba9a6411c5004e5ee6d7cce4f0528315334dbffbfd5,0.99,69,68.31,1729368366,Will a Republican win Rhode Island Presidential Election?
0xb246f585bfbdeaa1d3931015e711222c359c35531a3cb73c1a4821ec76d9d6ac,0xa8f96a9d42cf871d64dc687f6598deb5a50c4ff4,SELL,No,13789495019897325972132141891116611308334961501786542464870706199730148161946,0x7b00fb0579971faf62a2bba9a6411c5004e5ee6d7cce4f0528315334dbffbfd5,0.989,67,66.263,1729368344,Will a Republican win Rhode Island Presidential Election?
0xee52889c3561e9f202f1efca5dcee7c8ef32f195645fb110f52aa5bb28771e78,0xa8f96a9d42cf871d64dc687f6598deb5a50c4ff4,BUY,No,13789495019897325972132141891116611308334961501786542464870706199730148161946,0x7b00fb0579971faf62a2bba9a6411c5004e5ee6d7cce4f0528315334dbffbfd5,0.99,67,66.33,1729367560,Will a Republican win Rhode Island Presidential Election?
0xfbeea8bb413b846a4030e4a3689789c6aef90a4349f6c8094a91185460dfa0c1,0xbbb92c8fcbc10b876e2339b381f6741784127937,SELL,No,13789495019897325972132141891116611308334961501786542464870706199730148161946,0x7b00fb0579971faf62a2bba9a6411c5004e5ee6d7cce4f0528315334dbffbfd5,0.989,56,55.384,1729365318,Will a Republican win Rhode Island Presidential Election?
0x21a7bd4314d3959561c9b74e3a1c4301994a655e2a976277dc47fbc4cb3d4733,0xbbb92c8fcbc10b876e2339b381f6741784127937,BUY,No,13789495019897325972132141891116611308334961501786542464870706199730148161946,0x7b00fb0579971faf62a2bba9a6411c5004e5ee6d7cce4f0528315334dbffbfd5,0.99,56,55.44,1729363625,Will a Republican win Rhode Island Presidential Election?
0xa49d9057a877e80b85678408e613bac734aa65e275981067d90ac63bbc6ca87a,0xb8b7677c10d2e500a9f2bc21a622d47f2bcccb6a,SELL,No,13789495019897325972132141891116611308334961501786542464870706199730148161946,0x7b00fb0579971faf62a2bba9a6411c5004e5ee6d7cce4f0528315334dbffbfd5,0.989,68,67.252,1729363617,Will a Republican win Rhode Island Presidential Election?
0x57e9e13727227f5df5c3dda808c794f2cbffb24c3d8b986ea8884a49894e2363,0xb8b7677c10d2e500a9f2bc21a622d47f2bcccb6a,BUY,No,13789495019897325972132141891116611308334961501786542464870706199730148161946,0x7b00fb0579971faf62a2bba9a6411c5004e5ee6d7cce4f0528315334dbffbfd5,0.99,68,67.32,1729362731,Will a Republican win Rhode Island Presidential Election?
0x230c91924bceda7c1edd388e2d118ebf14e9d9747ebfe784be528ad51308e46a,0xba839c6137f9b849cbfe1538e7b3dcd6e15b6410,SELL,No,13789495019897325972132141891116611308334961501786542464870706199730148161946,0x7b00fb0579971faf62a2bba9a6411c5004e5ee6d7cce4f0528315334dbffbfd5,0.989,9,8.901,1729362711,Will a Republican win Rhode Island Presidential Election?
0x2d694659acf9eaf1631b271bb17762835052bc199b03b0b0ac427c8e623ba309,0x645efa1fa40d314dd70264b6f6d76cf4ec698fc4,SELL,No,13789495019897325972132141891116611308334961501786542464870706199730148161946,0x7b00fb0579971faf62a2bba9a6411c5004e5ee6d7cce4f0528315334dbffbfd5,0.989,56,55.384,1729362169,Will a Republican win Rhode Island Presidential Election?
0x5159b821170fff94fbfe7eb346219b8ed514779390fcb6ff725b7dfcb8785260,0xba839c6137f9b849cbfe1538e7b3dcd6e15b6410,BUY,No,13789495019897325972132141891116611308334961501786542464870706199730148161946,0x7b00fb0579971faf62a2bba9a6411c5004e5ee6d7cce4f0528315334dbffbfd5,0.99,9,8.91,1729361749,Will a Republican win Rhode Island Presidential Election?
0x4be50ad977671179f9c5a206e187bb2fdc033c64bd450d829e93a9452438d2d0,0x645efa1fa40d314dd70264b6f6d76cf4ec698fc4,BUY,No,13789495019897325972132141891116611308334961501786542464870706199730148161946,0x7b00fb0579971faf62a2bba9a6411c5004e5ee6d7cce4f0528315334dbffbfd5,0.99,56,55.44,1729361079,Will a Republican win Rhode Island Presidential Election?
0x9b68908b5a5f2aad9d2ae921af4a8312f1987c5d4f4e309364dd4a583ac1e420,0x2370d48501dbbe1974b6cf228e77d459f4870e10,SELL,Yes,99672409625841492897188894344846022664896122293787929829963546146137071761147,0x7b00fb0579971faf62a2bba9a6411c5004e5ee6d7cce4f0528315334dbffbfd5,0.01,305.7,3.057,1729357509,Will a Republican win Rhode Island Presidential Election?
0x6a83fadfa6167da6e52798d84ae4c7c8472766e812d3f22a5e421923d6bb50a7,0x05978803f35a75ec30029acd77556228f1ae1b7d,SELL,No,13789495019897325972132141891116611308334961501786542464870706199730148161946,0x7b00fb0579971faf62a2bba9a6411c5004e5ee6d7cce4f0528315334dbffbfd5,0.988,0.31,0.30628,1729257716,Will a Republican win Rhode Island Presidential Election?
0xf716da9cbe4713e58fa91cdda079af0f3786c53465c47d6f49dc6d533692ef34,0x05978803f35a75ec30029acd77556228f1ae1b7d,BUY,No,13789495019897325972132141891116611308334961501786542464870706199730148161946,0x7b00fb0579971faf62a2bba9a6411c5004e5ee6d7cce4f0528315334dbffbfd5,0.9909999776,0.312777,0.30996199999379526,1729257644,Will a Republican win Rhode Island Presidential Election?
0xeeb6ae6f83af2ef0467088bf5ee999155a4ef764bb8795bb2373bf6e9f8e3b1e,0x7c606331f7c3e937a866a80404a344adea6743e8,SELL,No,13789495019897325972132141891116611308334961501786542464870706199730148161946,0x7b00fb0579971faf62a2bba9a6411c5004e5ee6d7cce4f0528315334dbffbfd5,0.987,0.16,0.15792,1729156054,Will a Republican win Rhode Island Presidential Election?
0xd261eb6436d18dc647049ee58ab1c9bc01c9c695889beedb833d9e2a772549b2,0x7c606331f7c3e937a866a80404a344adea6743e8,BUY,No,13789495019897325972132141891116611308334961501786542464870706199730148161946,0x7b00fb0579971faf62a2bba9a6411c5004e5ee6d7cce4f0528315334dbffbfd5,0.99,0.1616,0.159984,1729155978,Will a Republican win Rhode Island Presidential Election?
0xf433f57ea95f7c2bd14727de48521322a18f0e9c39ad88876dc80b14316d6f5d,0x43372356634781eea88d61bbdd7824cdce958882,SELL,Yes,99672409625841492897188894344846022664896122293787929829963546146137071761147,0x7b00fb0579971faf62a2bba9a6411c5004e5ee6d7cce4f0528315334dbffbfd5,0.0085495495,555,4.7449999725,1729113048,Will a Republican win Rhode Island Presidential Election?
0x230f8e2a099b1566ae1a588b9d2008f9a02e76dd07e80be091df680e1dd1401c,0xf3ed78141e010cbbe165649746f82be40374ce35,BUY,Yes,99672409625841492897188894344846022664896122293787929829963546146137071761147,0x7b00fb0579971faf62a2bba9a6411c5004e5ee6d7cce4f0528315334dbffbfd5,0.013,1000,13.0,1729030954,Will a Republican win Rhode Island Presidential Election?
0xc13fdaf4557c4b9728beb91f633ff2cee8470fd6d8d484023b04935a94e1a731,0xe4deb9a815fc26d82730aa3a7d9296265911aaff,SELL,No,13789495019897325972132141891116611308334961501786542464870706199730148161946,0x7b00fb0579971faf62a2bba9a6411c5004e5ee6d7cce4f0528315334dbffbfd5,0.986,0.11,0.10846,1728453165,Will a Republican win Rhode Island Presidential Election?
0xbf12a86df80a5f37d64d568027a2919a258efe971d6be8f9bb5fb68884c29bb5,0xe4deb9a815fc26d82730aa3a7d9296265911aaff,BUY,No,13789495019897325972132141891116611308334961501786542464870706199730148161946,0x7b00fb0579971faf62a2bba9a6411c5004e5ee6d7cce4f0528315334dbffbfd5,0.99,0.1111,0.109989,1728453109,Will a Republican win Rhode Island Presidential Election?
0x595ec57ebb30ac7c4676b0f029da3dcf73c4bbb9130f9bc3f9d57539c238d295,0x52d9228f031d7e5bd69947b05dc88ece1ae1ecb4,SELL,No,13789495019897325972132141891116611308334961501786542464870706199730148161946,0x7b00fb0579971faf62a2bba9a6411c5004e5ee6d7cce4f0528315334dbffbfd5,0.986,0.79,0.7789400000000001,1728441321,Will a Republican win Rhode Island Presidential Election?
0x96dd7f5bb8acfcc60c81d4d460b085d267a99a25fc363729831ab4b1c004c6c8,0x52d9228f031d7e5bd69947b05dc88ece1ae1ecb4,BUY,No,13789495019897325972132141891116611308334961501786542464870706199730148161946,0x7b00fb0579971faf62a2bba9a6411c5004e5ee6d7cce4f0528315334dbffbfd5,0.99,0.7979,0.7899210000000001,1728441263,Will a Republican win Rhode Island Presidential Election?
0xf0604ae6fdfb068bea445e3f4eaa1121238d4cc0d1a02f338bb8d158716b0445,0x571080e37b2d37f65830e8795e38e3ca9a28ce1d,BUY,No,13789495019897325972132141891116611308334961501786542464870706199730148161946,0x7b00fb0579971faf62a2bba9a6411c5004e5ee6d7cce4f0528315334dbffbfd5,0.989,0.87,0.86043,1728342218,Will a Republican win Rhode Island Presidential Election?
0xaeba2a5d05ab8d66e2f6d92f509bea83625402f5ef3255d15b3967598d4b5447,0xb55152b5b0eb59ca57a72e1ec7a8cd3bfb1f6cca,SELL,No,13789495019897325972132141891116611308334961501786542464870706199730148161946,0x7b00fb0579971faf62a2bba9a6411c5004e5ee6d7cce4f0528315334dbffbfd5,0.981,0.14,0.13734000000000002,1728315235,Will a Republican win Rhode Island Presidential Election?
0xc4196d859336271e86f57cc1843657e337a5f856e907dbe5f2a24aa32062c4f5,0xb55152b5b0eb59ca57a72e1ec7a8cd3bfb1f6cca,BUY,No,13789495019897325972132141891116611308334961501786542464870706199730148161946,0x7b00fb0579971faf62a2bba9a6411c5004e5ee6d7cce4f0528315334dbffbfd5,0.9849999296,0.142066,0.1399349999985536,1728315169,Will a Republican win Rhode Island Presidential Election?
0x89209081bf691a10366b94a8307f2de87440fb5cecc86558c88c6d0d79803959,0x1ed0290c3ee9baae1ec27b86b6468e78156cec99,BUY,No,13789495019897325972132141891116611308334961501786542464870706199730148161946,0x7b00fb0579971faf62a2bba9a6411c5004e5ee6d7cce4f0528315334dbffbfd5,0.985,0.071,0.069935,1728250200,Will a Republican win Rhode Island Presidential Election?
0xbeb24da7860c8e6cdcfb0f351710f741af2d9372be9c75e7ff8574c55767cec0,0xb56cb589e4a7ae931b98f1b21134cd2345cab47c,SELL,No,13789495019897325972132141891116611308334961501786542464870706199730148161946,0x7b00fb0579971faf62a2bba9a6411c5004e5ee6d7cce4f0528315334dbffbfd5,0.981,0.31,0.30411,1728230057,Will a Republican win Rhode Island Presidential Election?
0x722b9ee33717a9ca14932e0ab5f20eacba7301f70482b56c2b3b412e2ce95857,0xb56cb589e4a7ae931b98f1b21134cd2345cab47c,BUY,No,13789495019897325972132141891116611308334961501786542464870706199730148161946,0x7b00fb0579971faf62a2bba9a6411c5004e5ee6d7cce4f0528315334dbffbfd5,0.9849999682,0.314666,0.3099459999936212,1728229991,Will a Republican win Rhode Island Presidential Election?
0x75bffd594e57ea187a4f8c7df2616b01fdfe12aba2732749584ee59918d3ff01,0x2fa883184ab55692d9496e302bff1c205ff39f06,SELL,No,13789495019897325972132141891116611308334961501786542464870706199730148161946,0x7b00fb0579971faf62a2bba9a6411c5004e5ee6d7cce4f0528315334dbffbfd5,0.981,0.48,0.47087999999999997,1728152069,Will a Republican win Rhode Island Presidential Election?
0x92fe789bf86e8e6abd01f7016ee3b8087f2238ead95a0842e9a185c2f7f38a61,0x2fa883184ab55692d9496e302bff1c205ff39f06,BUY,No,13789495019897325972132141891116611308334961501786542464870706199730148161946,0x7b00fb0579971faf62a2bba9a6411c5004e5ee6d7cce4f0528315334dbffbfd5,0.9849999795,0.487266,0.47995700001104696,1728152001,Will a Republican win Rhode Island Presidential Election?
0xd761408fe9aac5e227ec0a72503e0a059fc67c0d8d2b240bf4bf592e6b4341b7,0x6ba7e8bc5482c741cf6f18dc80f27a6b744ca18b,BUY,No,13789495019897325972132141891116611308334961501786542464870706199730148161946,0x7b00fb0579971faf62a2bba9a6411c5004e5ee6d7cce4f0528315334dbffbfd5,0.9849999343,0.152266,0.1499819999961238,1727754502,Will a Republican win Rhode Island Presidential Election?
0x95b52eb05eccdaed574f6d50dbd7d6ac0dedfad35b82019131494f1ecad739d7,0xad471cf7de765123cf20e4b74a2d312ee5f6c661,BUY,No,13789495019897325972132141891116611308334961501786542464870706199730148161946,0x7b00fb0579971faf62a2bba9a6411c5004e5ee6d7cce4f0528315334dbffbfd5,0.985,0.0406,0.039991,1727699013,Will a Republican win Rhode Island Presidential Election?
0x4acbdd91d8fc793553352dacadd06104adf1b4b760f5eed4b116d5d3a6c6d3cc,0x31eafc783db4e7b487f0057e79d59c3422628aa0,SELL,No,13789495019897325972132141891116611308334961501786542464870706199730148161946,0x7b00fb0579971faf62a2bba9a6411c5004e5ee6d7cce4f0528315334dbffbfd5,0.981,0.31,0.30411,1727692933,Will a Republican win Rhode Island Presidential Election?
0xc41c5545b19efbbc1da755a9c3935b5e0032a2199d861dcbdce9cd9ccfeb6e8b,0x31eafc783db4e7b487f0057e79d59c3422628aa0,BUY,No,13789495019897325972132141891116611308334961501786542464870706199730148161946,0x7b00fb0579971faf62a2bba9a6411c5004e5ee6d7cce4f0528315334dbffbfd5,0.9849999682,0.314666,0.3099459999936212,1727692733,Will a Republican win Rhode Island Presidential Election?
0x41b924a57befbad66ec0a8d0ec818eed7aa0267b946cbf04070bff58b3c00862,0x894a317203e334f86549e41ec6f4ac4ce3172aec,SELL,No,13789495019897325972132141891116611308334961501786542464870706199730148161946,0x7b00fb0579971faf62a2bba9a6411c5004e5ee6d7cce4f0528315334dbffbfd5,0.981,0.82,0.8044199999999999,1727678826,Will a Republican win Rhode Island Presidential Election?
0x4379973fe6f93eb2fca172b7e8de5d0fff7ce39a951dde33f94a317842243185,0x894a317203e334f86549e41ec6f4ac4ce3172aec,BUY,No,13789495019897325972132141891116611308334961501786542464870706199730148161946,0x7b00fb0579971faf62a2bba9a6411c5004e5ee6d7cce4f0528315334dbffbfd5,0.9849999939,0.822333,0.8099979999837688,1727678636,Will a Republican win Rhode Island Presidential Election?
0x106e89ee04f2aed3dc6050119d860a0900542fbc16beeb0e6c3af8b7ef2c9a39,0xb290cefdc49d0ac106b781627a77cb30d1a45c44,BUY,No,13789495019897325972132141891116611308334961501786542464870706199730148161946,0x7b00fb0579971faf62a2bba9a6411c5004e5ee6d7cce4f0528315334dbffbfd5,0.985,0.0812,0.079982,1727660288,Will a Republican win Rhode Island Presidential Election?
0x21cee7bdc8f5e4025ce84f7eceb712dd13372eee5641d18ad5e3b4967ce4fbec,0x70576b3ee0e480376c32cfc2d04d9115d3dce258,SELL,No,13789495019897325972132141891116611308334961501786542464870706199730148161946,0x7b00fb0579971faf62a2bba9a6411c5004e5ee6d7cce4f0528315334dbffbfd5,0.981,0.21,0.20601,1727649244,Will a Republican win Rhode Island Presidential Election?
0x648250bdf93693a1dd381823c89c5242d1cef63e43fa7e548f811d4ef19e2f85,0x70576b3ee0e480376c32cfc2d04d9115d3dce258,BUY,No,13789495019897325972132141891116611308334961501786542464870706199730148161946,0x7b00fb0579971faf62a2bba9a6411c5004e5ee6d7cce4f0528315334dbffbfd5,0.9849999765,0.213133,0.2099359999913745,1727649070,Will a Republican win Rhode Island Presidential Election?
0xbd633daaee155657cde6bed2d3c6ece28145d2910707a0201b518967dc65fe0a,0x484145279026ab8a33cdfb296ffb3cee4b4412eb,SELL,No,13789495019897325972132141891116611308334961501786542464870706199730148161946,0x7b00fb0579971faf62a2bba9a6411c5004e5ee6d7cce4f0528315334dbffbfd5,0.981,0.96,0.9417599999999999,1727645842,Will a Republican win Rhode Island Presidential Election?
0x425688e644d1202a492cf01edf8c600f4b4e44dea9d24d3a0673bee77916a187,0x484145279026ab8a33cdfb296ffb3cee4b4412eb,BUY,No,13789495019897325972132141891116611308334961501786542464870706199730148161946,0x7b00fb0579971faf62a2bba9a6411c5004e5ee6d7cce4f0528315334dbffbfd5,0.9849999896,0.964466,0.9499989999695536,1727645652,Will a Republican win Rhode Island Presidential Election?
0x5c99d053b3a8faabb831e3616bc2d03df3ff3e15d53a7d90b7be53f40f27ad9e,0x6ba7e8bc5482c741cf6f18dc80f27a6b744ca18b,BUY,No,13789495019897325972132141891116611308334961501786542464870706199730148161946,0x7b00fb0579971faf62a2bba9a6411c5004e5ee6d7cce4f0528315334dbffbfd5,0.9849995066,0.020266,0.0199620000007556,1727556166,Will a Republican win Rhode Island Presidential Election?
0x6ff638c1eb16eeeba1905fc39f89894790aac8f061bdda0fed82f825d2018c34,0x6430bd8ab97120bfcbe40be958d7d6d434fb4f90,SELL,No,13789495019897325972132141891116611308334961501786542464870706199730148161946,0x7b00fb0579971faf62a2bba9a6411c5004e5ee6d7cce4f0528315334dbffbfd5,0.98,0.97,0.9506,1727488257,Will a Republican win Rhode Island Presidential Election?
0x439050204d706f96c1d57970fe01bdef555401e4ceebd36696c3fca0ac6c8fe9,0x6430bd8ab97120bfcbe40be958d7d6d434fb4f90,BUY,No,13789495019897325972132141891116611308334961501786542464870706199730148161946,0x7b00fb0579971faf62a2bba9a6411c5004e5ee6d7cce4f0528315334dbffbfd5,0.985,0.9746,0.959981,1727488055,Will a Republican win Rhode Island Presidential Election?
0xc531195ae96e11fec060e53d7abd4b9e9053e8c24e14d8ede8bb67ba40785b2e,0x7789806c754eb0af4c3abeb026c218b4ba78f823,SELL,Yes,99672409625841492897188894344846022664896122293787929829963546146137071761147,0x7b00fb0579971faf62a2bba9a6411c5004e5ee6d7cce4f0528315334dbffbfd5,0.0151796364,2778,42.1690299192,1727485649,Will a Republican win Rhode Island Presidential Election?
0x42124f318333786695b2a8d1c54d718d02fa3f7d05799a6f175d7f32ed5c44c5,0xf8ba34bf0e95d952d05b578bfbc0833f9242a286,BUY,Yes,99672409625841492897188894344846022664896122293787929829963546146137071761147,0x7b00fb0579971faf62a2bba9a6411c5004e5ee6d7cce4f0528315334dbffbfd5,0.02,300,6.0,1727482919,Will a Republican win Rhode Island Presidential Election?
0xcff4b7d3ffebfa26247cddde7fad0dec71a3926a7578e99b0c08f10d70ff35c2,0x3935a7bf945672471fb607a1fa03923543c0edc7,SELL,No,13789495019897325972132141891116611308334961501786542464870706199730148161946,0x7b00fb0579971faf62a2bba9a6411c5004e5ee6d7cce4f0528315334dbffbfd5,0.977,0.96,0.93792,1727160989,Will a Republican win Rhode Island Presidential Election?
0x46fafef1c5f34869d36cdbb2f64a0cddaa63287026a075bd3fea461f5df0f784,0x3935a7bf945672471fb607a1fa03923543c0edc7,BUY,No,13789495019897325972132141891116611308334961501786542464870706199730148161946,0x7b00fb0579971faf62a2bba9a6411c5004e5ee6d7cce4f0528315334dbffbfd5,0.9839999917,0.965437,0.9499899999868728,1727160813,Will a Republican win Rhode Island Presidential Election?
0x698c1464b376198382161b27fa435eca6c91796572524a2be79cb1c16e11e9c6,0xe6ae83c7bf71423af734ec4d634d28a3573c056b,SELL,No,13789495019897325972132141891116611308334961501786542464870706199730148161946,0x7b00fb0579971faf62a2bba9a6411c5004e5ee6d7cce4f0528315334dbffbfd5,0.977,0.61,0.59597,1726763442,Will a Republican win Rhode Island Presidential Election?
0x8199d22a8892fbd661459b353984725bf3705a32d0d5042b7fb4c250750da3fc,0xe6ae83c7bf71423af734ec4d634d28a3573c056b,BUY,No,13789495019897325972132141891116611308334961501786542464870706199730148161946,0x7b00fb0579971faf62a2bba9a6411c5004e5ee6d7cce4f0528315334dbffbfd5,0.9809999706,0.611578,0.5999580000196068,1726763272,Will a Republican win Rhode Island Presidential Election?
0x702f22604271d9316885568d16a3bfd9516760a02a9621cdf4e082fd472ff282,0x294c27401630a9130287aede35f88ae1ac1afbf2,SELL,No,13789495019897325972132141891116611308334961501786542464870706199730148161946,0x7b00fb0579971faf62a2bba9a6411c5004e5ee6d7cce4f0528315334dbffbfd5,0.977,0.76,0.74252,1726728183,Will a Republican win Rhode Island Presidential Election?
0x7de2d3a00962a513c94a98a0158aabcfdd97d430a91abb05fa1a318b702bc7fe,0x294c27401630a9130287aede35f88ae1ac1afbf2,BUY,No,13789495019897325972132141891116611308334961501786542464870706199730148161946,0x7b00fb0579971faf62a2bba9a6411c5004e5ee6d7cce4f0528315334dbffbfd5,0.980999983,0.764473,0.749948000003959,1726728013,Will a Republican win Rhode Island Presidential Election?
0xe9d5937ccca4f01253e34c230dfcfa60cb926b827ba9f3dba25eace0553b7e62,0xdfbc385c02eba0c19eb10c3f21a83e596544b22f,SELL,No,13789495019897325972132141891116611308334961501786542464870706199730148161946,0x7b00fb0579971faf62a2bba9a6411c5004e5ee6d7cce4f0528315334dbffbfd5,0.977,0.58,0.5666599999999999,1726680832,Will a Republican win Rhode Island Presidential Election?
0x6b058930f0ec342ced2d2a852370b16c51b488e9dd0a036ef53bae8051ce8aab,0xdfbc385c02eba0c19eb10c3f21a83e596544b22f,BUY,No,13789495019897325972132141891116611308334961501786542464870706199730148161946,0x7b00fb0579971faf62a2bba9a6411c5004e5ee6d7cce4f0528315334dbffbfd5,0.981,0.581,0.5699609999999999,1726680664,Will a Republican win Rhode Island Presidential Election?
0xff9f6e4c5451c27acf94cfdaafa59dc60bf478d5c16b543d47e85441109b763c,0xaa1eb270827711e84899fe26214a04e27b8952e2,BUY,No,13789495019897325972132141891116611308334961501786542464870706199730148161946,0x7b00fb0579971faf62a2bba9a6411c5004e5ee6d7cce4f0528315334dbffbfd5,0.980999722,0.061157,0.059994999998354004,1726674275,Will a Republican win Rhode Island Presidential Election?
0xf02d656fe3b554504fc20e88ceb97454ab2b81688adcb08bc448a145247ea3c9,0x6b7ec4ba079c0a258435ea36025f6190cd424562,BUY,No,13789495019897325972132141891116611308334961501786542464870706199730148161946,0x7b00fb0579971faf62a2bba9a6411c5004e5ee6d7cce4f0528315334dbffbfd5,0.98,233.49,228.8202,1726627029,Will a Republican win Rhode Island Presidential Election?
0xea0b9f465b15303538679db8dba7bd47ca403e638d78f60a572d354589f57e0e,0xb9709dde169dfb043b6011ea0ac6a92bbbf65866,BUY,Yes,99672409625841492897188894344846022664896122293787929829963546146137071761147,0x7b00fb0579971faf62a2bba9a6411c5004e5ee6d7cce4f0528315334dbffbfd5,0.022999978,43.478259,0.999999000478302,1726574131,Will a Republican win Rhode Island Presidential Election?
0xa43395cf29a9029f98cf63e9f1e3d51b1f098116e4be4cb34c570581a320597e,0x952a3cc44003c326b72974181fa108862b9dc423,SELL,No,13789495019897325972132141891116611308334961501786542464870706199730148161946,0x7b00fb0579971faf62a2bba9a6411c5004e5ee6d7cce4f0528315334dbffbfd5,0.977,0.21,0.20517,1726562005,Will a Republican win Rhode Island Presidential Election?
0x0d4b5c5b8bcaa186e6d9d93a4cddc545935c388cf3b0f9d886b7fed535fe875b,0x952a3cc44003c326b72974181fa108862b9dc423,BUY,No,13789495019897325972132141891116611308334961501786542464870706199730148161946,0x7b00fb0579971faf62a2bba9a6411c5004e5ee6d7cce4f0528315334dbffbfd5,0.98,0.21425,0.20996499999999998,1726561823,Will a Republican win Rhode Island Presidential Election?
0xea37d3b01d00e02eea4c0335569a5006ad72a6dff8da8d18f112094a262555d4,0x7cebb71b5ae6a0ae4a01464fd19649e3c5582f63,SELL,No,13789495019897325972132141891116611308334961501786542464870706199730148161946,0x7b00fb0579971faf62a2bba9a6411c5004e5ee6d7cce4f0528315334dbffbfd5,0.977,0.63,0.61551,1726487009,Will a Republican win Rhode Island Presidential Election?
0xaa23589d997664b9af53c9c3197769ea8f5338526397b6c44fd1e589af226098,0x7cebb71b5ae6a0ae4a01464fd19649e3c5582f63,BUY,No,13789495019897325972132141891116611308334961501786542464870706199730148161946,0x7b00fb0579971faf62a2bba9a6411c5004e5ee6d7cce4f0528315334dbffbfd5,0.98,0.63265,0.619997,1726486818,Will a Republican win Rhode Island Presidential Election?
0x4eeba7c384af5efa37880089fef47cd8a8743dd1418decad049184a028c2bebb,0x571080e37b2d37f65830e8795e38e3ca9a28ce1d,BUY,No,13789495019897325972132141891116611308334961501786542464870706199730148161946,0x7b00fb0579971faf62a2bba9a6411c5004e5ee6d7cce4f0528315334dbffbfd5,0.98,2.04,1.9992,1726025314,Will a Republican win Rhode Island Presidential Election?
0x2be29374aa53c6971aa80edee0c837874e065ad112398ada6f56830a6232be01,0x151a66843fa6d0f6c171181e695e3afb8adc424c,SELL,No,13789495019897325972132141891116611308334961501786542464870706199730148161946,0x7b00fb0579971faf62a2bba9a6411c5004e5ee6d7cce4f0528315334dbffbfd5,0.977,0.13,0.12701,1725984915,Will a Republican win Rhode Island Presidential Election?
0x4f5441b28f8dfead4e8483fda17d3afbf269f275b4f0910d4bb9afa24e9071fb,0x151a66843fa6d0f6c171181e695e3afb8adc424c,BUY,No,13789495019897325972132141891116611308334961501786542464870706199730148161946,0x7b00fb0579971faf62a2bba9a6411c5004e5ee6d7cce4f0528315334dbffbfd5,0.98,0.13265,0.129997,1725984685,Will a Republican win Rhode Island Presidential Election?
0x0dbc72341371ed69980827865b0ed5cd16a9610bbda7e59e47e34289b628a938,0x571080e37b2d37f65830e8795e38e3ca9a28ce1d,BUY,No,13789495019897325972132141891116611308334961501786542464870706199730148161946,0x7b00fb0579971faf62a2bba9a6411c5004e5ee6d7cce4f0528315334dbffbfd5,0.98,0.63,0.6174,1725903147,Will a Republican win Rhode Island Presidential Election?
0x5e1b7a0f87d258f715dc26a6a48a36c35da615fe5a92fc642e79c5eec09c1b58,0x2855eeff701562e21558d36d3dd28cbd739bafff,SELL,Yes,99672409625841492897188894344846022664896122293787929829963546146137071761147,0x7b00fb0579971faf62a2bba9a6411c5004e5ee6d7cce4f0528315334dbffbfd5,0.02,222,4.44,1725563741,Will a Republican win Rhode Island Presidential Election?
0x609d53ec336e29f968fe038c6d97b140846881b0637d8cff0add6489defb2e5b,0x571080e37b2d37f65830e8795e38e3ca9a28ce1d,BUY,No,13789495019897325972132141891116611308334961501786542464870706199730148161946,0x7b00fb0579971faf62a2bba9a6411c5004e5ee6d7cce4f0528315334dbffbfd5,0.98,10.21,10.0058,1725438240,Will a Republican win Rhode Island Presidential Election?
0x1ce43928a1e432ff01726acc088a505fb2728c79f37a56ca3b940c01ee52d9ef,0x571080e37b2d37f65830e8795e38e3ca9a28ce1d,BUY,No,13789495019897325972132141891116611308334961501786542464870706199730148161946,0x7b00fb0579971faf62a2bba9a6411c5004e5ee6d7cce4f0528315334dbffbfd5,0.98,10.21,10.0058,1725437164,Will a Republican win Rhode Island Presidential Election?
0xd65920a3640bbd9430172679cb21e9d90ef5904cb1fac3b9c4802c1b4199a11f,0x571080e37b2d37f65830e8795e38e3ca9a28ce1d,BUY,No,13789495019897325972132141891116611308334961501786542464870706199730148161946,0x7b00fb0579971faf62a2bba9a6411c5004e5ee6d7cce4f0528315334dbffbfd5,0.98,10.21,10.0058,1725435426,Will a Republican win Rhode Island Presidential Election?
0x3f60d1bfca182308ebb2785ab26f30c03ef594ccb01fe9367d38a838efd6add7,0x571080e37b2d37f65830e8795e38e3ca9a28ce1d,BUY,No,13789495019897325972132141891116611308334961501786542464870706199730148161946,0x7b00fb0579971faf62a2bba9a6411c5004e5ee6d7cce4f0528315334dbffbfd5,0.98,10.21,10.0058,1725432284,Will a Republican win Rhode Island Presidential Election?
0x306771d1a8bfa94789ef763a51070bb97811088f996473506903dd79ea28468b,0x6356fb47642a028bc09df92023c35a21a0b41885,SELL,Yes,99672409625841492897188894344846022664896122293787929829963546146137071761147,0x7b00fb0579971faf62a2bba9a6411c5004e5ee6d7cce4f0528315334dbffbfd5,0.03,500,15.0,1723539309,Will a Republican win Rhode Island Presidential Election?
0x8d57513a36ba2e7e5e388f62ae8abf7eb2473579eb9d6b7e533a158bd9d4e4c5,0xd42f6a1634a3707e27cbae14ca966068e5d1047d,BUY,No,13789495019897325972132141891116611308334961501786542464870706199730148161946,0x7b00fb0579971faf62a2bba9a6411c5004e5ee6d7cce4f0528315334dbffbfd5,0.96,4744.89,4555.0944,1723181859,Will a Republican win Rhode Island Presidential Election?
0xb270b4191042bb7eae9be5b4fb6fa0a3d63db1b559d09ad8ab6758359b482a58,0xdcc9d68a4bad9fc8becd27a03ee5b2b4feda4534,BUY,No,13789495019897325972132141891116611308334961501786542464870706199730148161946,0x7b00fb0579971faf62a2bba9a6411c5004e5ee6d7cce4f0528315334dbffbfd5,0.95,4744.89,4507.6455000000005,1723141686,Will a Republican win Rhode Island Presidential Election?
0x0b737fc6323b9851d8224e73f448597268eae9057910f38541a3f1b6849fc77a,0xb49f468c15c49783f2664c7198a4949ade1b12e6,BUY,No,13789495019897325972132141891116611308334961501786542464870706199730148161946,0x7b00fb0579971faf62a2bba9a6411c5004e5ee6d7cce4f0528315334dbffbfd5,0.95,60,57.0,1723141668,Will a Republican win Rhode Island Presidential Election?
0x0d0bb23e1f742ede839000e052cdc97e98e28091eb5ac27f31c6d4e2b5b6073f,0xb49f468c15c49783f2664c7198a4949ade1b12e6,BUY,No,13789495019897325972132141891116611308334961501786542464870706199730148161946,0x7b00fb0579971faf62a2bba9a6411c5004e5ee6d7cce4f0528315334dbffbfd5,0.95,170,161.5,1723141666,Will a Republican win Rhode Island Presidential Election?
0x96631e4c996b73964f33953b3b180dcb12d9536610113032470615ac4bf6d599,0xb49f468c15c49783f2664c7198a4949ade1b12e6,BUY,No,13789495019897325972132141891116611308334961501786542464870706199730148161946,0x7b00fb0579971faf62a2bba9a6411c5004e5ee6d7cce4f0528315334dbffbfd5,0.95,100,95.0,1723141654,Will a Republican win Rhode Island Presidential Election?
0xcd1fce100e13678da0143a39d0990e65c6eb8cc5031e423ad5e3dbe383b23e88,0xb49f468c15c49783f2664c7198a4949ade1b12e6,BUY,No,13789495019897325972132141891116611308334961501786542464870706199730148161946,0x7b00fb0579971faf62a2bba9a6411c5004e5ee6d7cce4f0528315334dbffbfd5,0.95,80,76.0,1723141638,Will a Republican win Rhode Island Presidential Election?
0x64b6fa9f4442eba47be532ecbd7fb0a86a63886eb44e605f90116c835603610f,0xb49f468c15c49783f2664c7198a4949ade1b12e6,BUY,No,13789495019897325972132141891116611308334961501786542464870706199730148161946,0x7b00fb0579971faf62a2bba9a6411c5004e5ee6d7cce4f0528315334dbffbfd5,0.95,170,161.5,1723141630,Will a Republican win Rhode Island Presidential Election?
0x22d88d7583c198e577a747146686e17acfb54c8831b914a9a7ef142170aec0bd,0xb49f468c15c49783f2664c7198a4949ade1b12e6,BUY,No,13789495019897325972132141891116611308334961501786542464870706199730148161946,0x7b00fb0579971faf62a2bba9a6411c5004e5ee6d7cce4f0528315334dbffbfd5,0.95,170,161.5,1723141630,Will a Republican win Rhode Island Presidential Election?
0xbae77f58f2d44ceafef9d04834807c93548ee2ace6fe5feebd1a31753db0f007,0xb49f468c15c49783f2664c7198a4949ade1b12e6,BUY,No,13789495019897325972132141891116611308334961501786542464870706199730148161946,0x7b00fb0579971faf62a2bba9a6411c5004e5ee6d7cce4f0528315334dbffbfd5,0.95,80,76.0,1723141628,Will a Republican win Rhode Island Presidential Election?
0x4fb6577daadac4054ea61a882bafeac820162433cee614658f07920c35aeaa5b,0xd42f6a1634a3707e27cbae14ca966068e5d1047d,SELL,Yes,99672409625841492897188894344846022664896122293787929829963546146137071761147,0x7b00fb0579971faf62a2bba9a6411c5004e5ee6d7cce4f0528315334dbffbfd5,0.05,200,10.0,1722992978,Will a Republican win Rhode Island Presidential Election?
0x2754dbacde68c16a9b4a28cd231e8a0cf6835fee7eb31a5c7aee4850d74009d5,0xf6129c47f5ef4cab25f3aa67b5e3aaac77b15700,SELL,Yes,99672409625841492897188894344846022664896122293787929829963546146137071761147,0x7b00fb0579971faf62a2bba9a6411c5004e5ee6d7cce4f0528315334dbffbfd5,0.05,1111,55.550000000000004,1722992802,Will a Republican win Rhode Island Presidential Election?
0xa10090ef0b00fce142035673c4944a9326b658913e239032cd1e907974bdebdb,0x4cc3522b689a6bf1fb4a2444c523e7776db47552,BUY,No,13789495019897325972132141891116611308334961501786542464870706199730148161946,0x7b00fb0579971faf62a2bba9a6411c5004e5ee6d7cce4f0528315334dbffbfd5,0.94,1963.89,1846.0566,1722003864,Will a Republican win Rhode Island Presidential Election?
0xfea70243ed436f026423d5bfb19869c99a93fbde741265c741633179fa051814,0x4cc3522b689a6bf1fb4a2444c523e7776db47552,SELL,Yes,99672409625841492897188894344846022664896122293787929829963546146137071761147,0x7b00fb0579971faf62a2bba9a6411c5004e5ee6d7cce4f0528315334dbffbfd5,0.06,472.11,28.3266,1722003850,Will a Republican win Rhode Island Presidential Election?
0x496995ac0e5990ad4af8cfa14b805563859c1d25acab0580044f365f58c566ce,0x4769f42ddc613d91092cdba624f3c7d4382c95fd,SELL,Yes,99672409625841492897188894344846022664896122293787929829963546146137071761147,0x7b00fb0579971faf62a2bba9a6411c5004e5ee6d7cce4f0528315334dbffbfd5,0.06,1111.11,66.66659999999999,1722003746,Will a Republican win Rhode Island Presidential Election?
0x84e15090780d6681d52d7adea45eafa610205b3674c2b17c79c2693e7e359350,0x7c3db723f1d4d8cb9c550095203b686cb11e5c6b,SELL,Yes,99672409625841492897188894344846022664896122293787929829963546146137071761147,0x7b00fb0579971faf62a2bba9a6411c5004e5ee6d7cce4f0528315334dbffbfd5,0.06,111,6.66,1721768329,Will a Republican win Rhode Island Presidential Election?
0xf14b88582767bfe228d72522b9d34059d9b51e688f8d7f6d0f8ff83f9f7f6183,0x6356fb47642a028bc09df92023c35a21a0b41885,BUY,No,13789495019897325972132141891116611308334961501786542464870706199730148161946,0x7b00fb0579971faf62a2bba9a6411c5004e5ee6d7cce4f0528315334dbffbfd5,0.93,2436,2265.48,1721273235,Will a Republican win Rhode Island Presidential Election?
0xc3e0b1d506cdec1b51240d47cb6460b3954e488b7552ffe368c7cb3cf1023730,0x6356fb47642a028bc09df92023c35a21a0b41885,SELL,Yes,99672409625841492897188894344846022664896122293787929829963546146137071761147,0x7b00fb0579971faf62a2bba9a6411c5004e5ee6d7cce4f0528315334dbffbfd5,0.07,1000,70.0,1721273107,Will a Republican win Rhode Island Presidential Election?
0xf58da3489e17d91306987b136f3fb1c5fe13f19c60a98c46a96ad1bd0a6bb8cb,0xbfee5698af60058662c0d9b2874023420fa77272,BUY,Yes,99672409625841492897188894344846022664896122293787929829963546146137071761147,0x7b00fb0579971faf62a2bba9a6411c5004e5ee6d7cce4f0528315334dbffbfd5,0.08,2825,226.0,1721243743,Will a Republican win Rhode Island Presidential Election?
0xa3dc651cdbd4d585294855e5372b28068487b7941ce2e96d1e41cc04e58a28f5,0x4769f42ddc613d91092cdba624f3c7d4382c95fd,BUY,Yes,99672409625841492897188894344846022664896122293787929829963546146137071761147,0x7b00fb0579971faf62a2bba9a6411c5004e5ee6d7cce4f0528315334dbffbfd5,0.0899999985,555.555554,49.99999902666667,1721072543,Will a Republican win Rhode Island Presidential Election?
0x51d8019e45aa1606c3b2d3c50508661f6e20a27bd42eebc18b7f24d4a2136ecc,0x4769f42ddc613d91092cdba624f3c7d4382c95fd,BUY,Yes,99672409625841492897188894344846022664896122293787929829963546146137071761147,0x7b00fb0579971faf62a2bba9a6411c5004e5ee6d7cce4f0528315334dbffbfd5,0.0899999985,555.555554,49.99999902666667,1720998680,Will a Republican win Rhode Island Presidential Election?
0xffc90e6145724a5e0060b2d151766c02a406150524d574e2d498473659d75a6d,0x4cc3522b689a6bf1fb4a2444c523e7776db47552,BUY,Yes,99672409625841492897188894344846022664896122293787929829963546146137071761147,0x7b00fb0579971faf62a2bba9a6411c5004e5ee6d7cce4f0528315334dbffbfd5,0.08,1300,104.0,1720206970,Will a Republican win Rhode Island Presidential Election?
0x1d19534fc695e1934b70a7b95f3e1f733513d8d70fa4b43056bff35f16a242e6,0x0b644e443a404159a7b5ca4650cf2444b13549bd,SELL,No,13789495019897325972132141891116611308334961501786542464870706199730148161946,0x7b00fb0579971faf62a2bba9a6411c5004e5ee6d7cce4f0528315334dbffbfd5,0.92,1955,1798.6000000000001,1720206790,Will a Republican win Rhode Island Presidential Election?
0x1e6b8557d3d0380ce80feb67284f8d4ac1b60cc86aedda89c0064443fbe3ac81,0x7c3db723f1d4d8cb9c550095203b686cb11e5c6b,BUY,Yes,99672409625841492897188894344846022664896122293787929829963546146137071761147,0x7b00fb0579971faf62a2bba9a6411c5004e5ee6d7cce4f0528315334dbffbfd5,0.08,111,8.88,1720085828,Will a Republican win Rhode Island Presidential Election?
0x418a8cabf653022c0c11c5aa55d1ba1fd933e0bb08212df323db79630b859f20,0x0c91fd32ddb87178ae51a741e28421b3fc101971,SELL,Yes,99672409625841492897188894344846022664896122293787929829963546146137071761147,0x7b00fb0579971faf62a2bba9a6411c5004e5ee6d7cce4f0528315334dbffbfd5,0.07,778,54.46000000000001,1720026353,Will a Republican win Rhode Island Presidential Election?
0xfe5121ae196daa27740907650aadc441b5f9520108061485552a12c62d543922,0x30e443872ddf63b2908a49f92cd690c304a55102,SELL,Yes,99672409625841492897188894344846022664896122293787929829963546146137071761147,0x7b00fb0579971faf62a2bba9a6411c5004e5ee6d7cce4f0528315334dbffbfd5,0.07,1000,70.0,1720024983,Will a Republican win Rhode Island Presidential Election?
0x148b2edf666c01e0a231052efac1055099a6dad89e0f7c30867ea5bb2d91e721,0xc9e31c6c3d1e425bd8bc07c16c412d3856cbc282,BUY,Yes,99672409625841492897188894344846022664896122293787929829963546146137071761147,0x7b00fb0579971faf62a2bba9a6411c5004e5ee6d7cce4f0528315334dbffbfd5,0.08,12.5,1.0,1719611970,Will a Republican win Rhode Island Presidential Election?
0x02d308b0f2f4c2db3764ef287611c7419d9bae027a0c893bfea81deeb4e1ff21,0xd42f6a1634a3707e27cbae14ca966068e5d1047d,BUY,No,13789495019897325972132141891116611308334961501786542464870706199730148161946,0x7b00fb0579971faf62a2bba9a6411c5004e5ee6d7cce4f0528315334dbffbfd5,0.92,555,510.6,1714586845,Will a Republican win Rhode Island Presidential Election?
0x46638910cdacb6f95f27f7ff2535d066378a2429fa4fae0deea89390bab47fc6,0x4cc3522b689a6bf1fb4a2444c523e7776db47552,SELL,No,13789495019897325972132141891116611308334961501786542464870706199730148161946,0x7b00fb0579971faf62a2bba9a6411c5004e5ee6d7cce4f0528315334dbffbfd5,0.91,2405,2188.55,1712012989,Will a Republican win Rhode Island Presidential Election?
0x38fd8115062155f5d5146f4c25bc5ffb9db6e919d8c1941997ef7fb6eab48e26,0x4cc3522b689a6bf1fb4a2444c523e7776db47552,BUY,No,13789495019897325972132141891116611308334961501786542464870706199730148161946,0x7b00fb0579971faf62a2bba9a6411c5004e5ee6d7cce4f0528315334dbffbfd5,0.92,1500,1380.0,1711696281,Will a Republican win Rhode Island Presidential Election?
0xb9a3671e8036a05790a61f6a4fcc60764686e722f04029211c37b36f764164e3,0x4cc3522b689a6bf1fb4a2444c523e7776db47552,BUY,No,13789495019897325972132141891116611308334961501786542464870706199730148161946,0x7b00fb0579971faf62a2bba9a6411c5004e5ee6d7cce4f0528315334dbffbfd5,0.92,905,832.6,1711696255,Will a Republican win Rhode Island Presidential Election?
